#
# A fatal error has been detected by the Java Runtime Environment:
#
#  SIGSEGV (0xb) at pc=0x00007f9259e1a986, pid=16225, tid=16255
#
# JRE version: OpenJDK Runtime Environment (26.0.2) (build 26.0.2)
# Java VM: OpenJDK 64-Bit Server VM (26.0.2, mixed mode, sharing, tiered, compressed oops, compressed class ptrs, g1 gc, linux-amd64)
# Problematic frame:
# C  [libgallium-26.1.6-arch3.1.so+0x41a986]
#
# Core dump will be written. Default location: Determined by the following: "/usr/lib/systemd/systemd-coredump %P %u %g %s %t %c %h %d %F %I" (alternatively, falling back to /home/mirtemir/AOC2/AoC II MEGAMOD v6.0/core.16225)
#
# If you would like to submit a bug report, please visit:
#   https://bugreport.java.com/bugreport/crash.jsp
# The crash happened outside the Java Virtual Machine in native code.
# See problematic frame for where to report the bug.
#

---------------  S U M M A R Y ------------

Command Line: /home/mirtemir/AOC2/AoC II MEGAMOD v6.0/BE2.jar

Host: 13th Gen Intel(R) Core(TM) i5-13420H, 12 cores, 15G, CentOS Linux release 7.9.2009 (Core)
Time: Sun Aug 16 16:54:41 2026 +06 elapsed time: 2133.933277 seconds (0d 0h 35m 33s)

---------------  T H R E A D  ---------------

Current thread (0x00007f92ac3f3a50):  JavaThread "LWJGL Application"        [_thread_in_native, id=16255, stack(0x00007f925d4fc000,0x00007f925d5fc000) (1024K)]

Stack: [0x00007f925d4fc000,0x00007f925d5fc000],  sp=0x00007f925d5fa1a0,  free space=1016k
Native frames: (J=compiled Java code, j=interpreted, Vv=VM code, C=native code)
C  [libgallium-26.1.6-arch3.1.so+0x41a986]
Java frames: (J=compiled Java code, j=interpreted, Vv=VM code)
J 2033  org.lwjgl.opengl.GL11.nglDrawElements(IIIJJ)V (0 bytes) @ 0x00007f929b9a7456 [0x00007f929b9a7400+0x0000000000000056]
J 2703 c2 com.badlogic.gdx.graphics.g2d.SpriteBatch.flush()V (185 bytes) @ 0x00007f929ba53fe8 [0x00007f929ba53480+0x0000000000000b68]
j  com.badlogic.gdx.graphics.g2d.SpriteBatch.setProjectionMatrix(Lcom/badlogic/gdx/math/Matrix4;)V+8
j  age.of.civilizations2.jakowski.lukasz.AoCGame.render()V+229
J 12416% c2 com.badlogic.gdx.backends.lwjgl.LwjglApplication.mainLoop()V (886 bytes) @ 0x00007f929ce839ac [0x00007f929ce83520+0x000000000000048c]
j  com.badlogic.gdx.backends.lwjgl.LwjglApplication$1.run()V+27
v  ~StubRoutines::Stub Generator call_stub_stub 0x00007f929b3375a2

siginfo: si_signo: 11 (SIGSEGV), si_code: 1 (SEGV_MAPERR), si_addr: 0x0000000000000018

Registers:
RAX=0x0000000000000000, RBX=0x0000000000000001, RCX=0x0000000000000000, RDX=0x00007f9268342e00
RSP=0x00007f925d5fa1a0, RBP=0x00007f925d5fa350, RSI=0x0000000000000000, RDI=0x0000000000000000
R8 =0x00007f9268342e78, R9 =0x0000000000000001, R10=0x0000000000000001, R11=0x00007f9268342c20
R12=0x0000000000000040, R13=0x00007f925d5fa1c4, R14=0x0000000000000000, R15=0x0000000000000000
RIP=0x00007f9259e1a986, EFLAGS=0x0000000000010206, CSGSFS=0x002b000000000033, ERR=0x0000000000000004
  TRAPNO=0x000000000000000e

XMM[0]=0x0000000000000000 0x000000100002bb80
XMM[1]=0x0000000000000000 0x0000000000000010
XMM[2]=0x9393565293935450 0x9393545093935652
XMM[3]=0x0000000000000000 0x00000000b0b0b0b0
XMM[4]=0x0000000000000000 0x0000000044070000
XMM[5]=0x0000000000000000 0x0000000044700000
XMM[6]=0xffffffffffffffff 0xffffffffffffffff
XMM[7]=0xffffffffffffffff 0xffffffffffffffff
XMM[8]=0xffffffffffffffff 0xffffffffffffffff
XMM[9]=0x8080808080808080 0x8080808080808080
XMM[10]=0x8080808080808080 0x8080808080808080
XMM[11]=0x0b800b800a800a80 0x0980098008800880
XMM[12]=0x0f800f800e800e80 0x0d800d800c800c80
XMM[13]=0x0380038002800280 0x0180018000800080
XMM[14]=0x0780078006800680 0x0580058004800480
XMM[15]=0x0000000154442bd4 0x00000001c6e41596
  MXCSR=0x00001fa3


Register to memory mapping:

RAX=0x0 is null
RBX=0x0000000000000001 is an unknown value
RCX=0x0 is null
RDX=0x00007f9268342e00 points into unknown readable memory: 0x0100140600000000 | 00 00 00 00 06 14 00 01
RSP=0x00007f925d5fa1a0 is pointing into the stack for thread: 0x00007f92ac3f3a50
RBP=0x00007f925d5fa350 is pointing into the stack for thread: 0x00007f92ac3f3a50
RSI=0x0 is null
RDI=0x0 is null
R8 =0x00007f9268342e78 points into unknown readable memory: 0x0000000000000000 | 00 00 00 00 00 00 00 00
R9 =0x0000000000000001 is an unknown value
R10=0x0000000000000001 is an unknown value
R11=0x00007f9268342c20 points into unknown readable memory: 0x0000000300000000 | 00 00 00 00 03 00 00 00
R12=0x0000000000000040 is an unknown value
R13=0x00007f925d5fa1c4 is pointing into the stack for thread: 0x00007f92ac3f3a50
R14=0x0 is null
R15=0x0 is null

Top of Stack: (sp=0x00007f925d5fa1a0)
0x00007f925d5fa1a0:   00007f9229b26470 00007f9280e07cc0   pd.).....|......
0x00007f925d5fa1b0:   00007f92681e9ce0 00007f926835f7a0   ...h......5h....
0x00007f925d5fa1c0:   0000000000000000 00007f920c83e8f0   ................
0x00007f925d5fa1d0:   0000000000000000 00000000000004a0   ................
0x00007f925d5fa1e0:   0000000000000000 0000000000001000   ................
0x00007f925d5fa1f0:   00000000000004a0 00007f9268350000   ..........5h....
0x00007f925d5fa200:   0000000000000000 0000000000000100   ................
0x00007f925d5fa210:   0000000000000000 0000000000000000   ................
0x00007f925d5fa220:   000000000000000c 0000000000000000   ................
0x00007f925d5fa230:   0000000000000000 0000000000000003   ................
0x00007f925d5fa240:   0000000000000000 0000000000000000   ................
0x00007f925d5fa250:   00007f92681e9ce0 36bedc4e2a351300   ...h......5*N..6
0x00007f925d5fa260:   00007f9280e130d0 00007f9259e0bb55   .0......U..Y....
0x00007f925d5fa270:   0000000000000024 00007f92681e9ce0   $..........h....
0x00007f925d5fa280:   00007f926835f7a0 00007f920c83e8f0   ..5h............
0x00007f925d5fa290:   00007f925d5fa530 00007f92681e9ce0   0._].......h....
0x00007f925d5fa2a0:   0000000000000000 00007f925d5fa3f0   .........._]....
0x00007f925d5fa2b0:   00007f9229b26470 00007f9259d3e3bf   pd.).......Y....
0x00007f925d5fa2c0:   00007f928057f3f0 0000000468087ae0   ..W......z.h....
0x00007f925d5fa2d0:   00007f9229a641c8 36bedc4e00080000   .A.)........N..6
0x00007f925d5fa2e0:   00007f9268096bc0 0000000000000002   .k.h............
0x00007f925d5fa2f0:   00007f92680f06f8 00007f9259ac5439   ...h....9T.Y....
0x00007f925d5fa300:   00007f92680f0700 0000000000000000   ...h............
0x00007f925d5fa310:   00007f92ac3f3a50 01017f9200000002   P:?.............
0x00007f925d5fa320:   0000000000000003 00007f922ab4d278   ........x..*....
0x00007f925d5fa330:   0000000000000000 00007f922a146f00   .........o.*....
0x00007f925d5fa340:   00007f920c83e8f0 0000000000000000   ................
0x00007f925d5fa350:   0000000000000000 00007f9229b26470   ........pd.)....
0x00007f925d5fa360:   00007f925d5fa3f0 00007f9280e130d0   .._].....0......
0x00007f925d5fa370:   0000000000000001 00007f920c83ebe0   ................
0x00007f925d5fa380:   0000000000000000 00007f920c83e8f0   ................
0x00007f925d5fa390:   00007f922aa55650 00007f9259b077a1   PV.*.....w.Y....

Instructions: (pc=0x00007f9259e1a986)
  0x00007f9259e1a886:   ec f8 03 00 00 48 89 9c 24 c8 03 00 00 48 89 fb
  0x00007f9259e1a896:   4c 89 b4 24 e8 03 00 00 4c 89 bc 24 f0 03 00 00
  0x00007f9259e1a8a6:   4c 8b 3f 48 89 ac 24 d0 03 00 00 49 8b 97 58 20
  0x00007f9259e1a8b6:   0a 00 64 48 8b 04 25 28 00 00 00 48 89 84 24 b8
  0x00007f9259e1a8c6:   03 00 00 89 f0 48 8b b7 a8 13 00 00 4c 8b b2 e0
  0x00007f9259e1a8d6:   01 00 00 8b 7e 38 c6 83 0a 03 00 00 00 21 c7 0f
  0x00007f9259e1a8e6:   84 95 01 00 00 4d 8b 9f b0 f3 09 00 4c 89 a4 24
  0x00007f9259e1a8f6:   d8 03 00 00 45 31 d2 48 8d ac 24 b0 01 00 00 48
  0x00007f9259e1a906:   89 14 24 4d 63 a3 2c 09 00 00 48 89 74 24 08 4c
  0x00007f9259e1a916:   89 7c 24 10 48 89 5c 24 18 49 c1 e4 05 4c 89 ac
  0x00007f9259e1a926:   24 e0 03 00 00 4c 8d 6c 24 24 31 c0 48 8d 15 67
  0x00007f9259e1a936:   dd d6 01 44 89 d6 89 fb f3 0f bc c7 41 b9 01 00
  0x00007f9259e1a946:   00 00 41 83 c2 01 48 89 c1 4c 01 e0 0f b6 14 10
  0x00007f9259e1a956:   48 89 f0 48 c1 e6 04 41 d3 e1 49 89 d0 48 c1 e2
  0x00007f9259e1a966:   05 44 31 cf 49 c1 e0 05 4c 01 da 47 0f b6 44 03
  0x00007f9259e1a976:   2e 4f 8d 04 80 4f 8d 04 c3 4d 8b b8 28 04 00 00
=>0x00007f9259e1a986:   4d 8b 7f 18 c6 44 35 00 00 4c 89 7c 35 08 44 8b
  0x00007f9259e1a996:   7a 20 45 03 b8 18 04 00 00 0f b7 52 28 44 89 7c
  0x00007f9259e1a9a6:   35 04 48 63 f0 45 31 ff 41 0f a3 ce 48 8d 34 76
  0x00007f9259e1a9b6:   4d 8b 80 20 04 00 00 41 88 54 b5 03 0f 92 c2 83
  0x00007f9259e1a9c6:   e0 7f c1 e2 07 66 45 89 7c b5 00 09 d0 4d 89 44
  0x00007f9259e1a9d6:   b5 04 41 88 44 b5 02 41 39 d9 0f 85 4a ff ff ff
  0x00007f9259e1a9e6:   48 8b 14 24 48 8b 74 24 08 4c 8b 7c 24 10 48 8b
  0x00007f9259e1a9f6:   5c 24 18 4c 8b a4 24 d8 03 00 00 4c 8b ac 24 e0
  0x00007f9259e1aa06:   03 00 00 0f b6 82 d4 07 00 00 0f b6 56 20 49 89
  0x00007f9259e1aa16:   e8 31 c9 48 8b 7b 18 48 8d 74 24 20 01 d0 44 89
  0x00007f9259e1aa26:   d2 89 44 24 20 67 e8 4f 90 3f 00 41 c6 87 ba f3
  0x00007f9259e1aa36:   09 00 00 c6 83 00 bc 00 00 00 48 8b 84 24 b8 03
  0x00007f9259e1aa46:   00 00 64 48 2b 04 25 28 00 00 00 75 3d 48 8b 9c
  0x00007f9259e1aa56:   24 c8 03 00 00 48 8b ac 24 d0 03 00 00 4c 8b b4
  0x00007f9259e1aa66:   24 e8 03 00 00 4c 8b bc 24 f0 03 00 00 48 81 c4
  0x00007f9259e1aa76:   f8 03 00 00 c3 0f 1f 44 00 00 45 31 d2 48 8d ac


Stack slot to memory mapping:

stack at sp + 0 slots: 0x00007f9229b26470 points into unknown readable memory: 0x00007f92801cdc90 | 90 dc 1c 80 92 7f 00 00
stack at sp + 1 slots: 0x00007f9280e07cc0 points into unknown readable memory: 0x0000000000000000 | 00 00 00 00 00 00 00 00
stack at sp + 2 slots: 0x00007f92681e9ce0 points into unknown readable memory: 0x00007f92682b7bb0 | b0 7b 2b 68 92 7f 00 00
stack at sp + 3 slots: 0x00007f926835f7a0 points into unknown readable memory: 0x00007f92681e9ce0 | e0 9c 1e 68 92 7f 00 00
stack at sp + 4 slots: 0x0 is null
stack at sp + 5 slots: 0x00007f920c83e8f0 points into unknown readable memory: 0x00007f922ba64ee0 | e0 4e a6 2b 92 7f 00 00
stack at sp + 6 slots: 0x0 is null
stack at sp + 7 slots: 0x00000000000004a0 is an unknown value

Lock stack of current Java thread (top to bottom):


Compiled method (n/a) 2133937 2033     n 0       org.lwjgl.opengl.GL11::nglDrawElements (native)
 total in heap  [0x00007f929b9a7308,0x00007f929b9a7568] = 608
 main code      [0x00007f929b9a7400,0x00007f929b9a755d] = 349
 stub code      [0x00007f929b9a755d,0x00007f929b9a7560] = 3
 oops           [0x00007f929b9a7560,0x00007f929b9a7568] = 8
 mutable data [0x00007f926a2bfc30,0x00007f926a2bfc50] = 32
 relocation     [0x00007f926a2bfc30,0x00007f926a2bfc50] = 32

[Constant Pool (empty)]


Loading hsdis library failed, undisassembled code is shown in MachCode section
[MachCode]
[Entry Point]
  # {method} {0x00007f9260577640} 'nglDrawElements' '(IIIJJ)V' in 'org/lwjgl/opengl/GL11'
  # parm0:    rsi       = int
  # parm1:    rdx       = int
  # parm2:    rcx       = int
  # parm3:    r8:r8     = long
  # parm4:    r9:r9     = long
  #           [sp+0x60]  (sp of caller)
  0x00007f929b9a7400: 6690 448b | 5608 443b 

  0x00007f929b9a7408: ;   {runtime_call Shared Runtime ic_miss_blob}
  0x00007f929b9a7408: 5008 0f85 | d0d2 9dff 
[Verified Entry Point]
  0x00007f929b9a7410: 8984 2400 | c0fe ff55 | 488b ec48 | 83ec 5090 | 4181 7f20 | 2a00 0000 

  0x00007f929b9a7428: ;   {runtime_call Stub::Stub Generator method_entry_barrier_stub}
  0x00007f929b9a7428: 7405 e8d1 | 499c ff4c | 890c 244d | 8bc8 4c8b | c148 8bca 

  0x00007f929b9a743c: ;   {oop(a 'java/lang/Class'{0x000000070c32ebe8} = 'org/lwjgl/opengl/GL11')}
  0x00007f929b9a743c: 488b d649 | bee8 eb32 | 0c07 0000 | 004c 8974 | 2438 4c8d | 7424 3849 | 8bf6 c5f8 

  0x00007f929b9a7458: ;   {internal_word}
  0x00007f929b9a7458: 7749 ba56 | 749a 9b92 | 7f00 004d | 8997 7004 | 0000 4989 | a768 0400 | 0049 8dbf | 8804 0000 
  0x00007f929b9a7478: 41c7 8704 | 0500 0004 

  0x00007f929b9a7480: ;   {runtime_call Java_org_lwjgl_opengl_GL11_nglDrawElements}
  0x00007f929b9a7480: 0000 00e8 | 9887 cac3 | c5f8 7741 | c787 0405 | 0000 0500 | 0000 f083 | 4424 c000 | 493b 6f28 
  0x00007f929b9a74a0: 0f87 0e00 | 0000 4183 | bf00 0500 | 0000 0f84 | 1c00 0000 | c5f8 7749 | 8bff 4c8b | e448 83ec 
  0x00007f929b9a74c0: 0048 83e4 

  0x00007f929b9a74c4: ;   {runtime_call}
  0x00007f929b9a74c4: f0e8 1685 | 2318 498b | e44d 33e4 | 41c7 8704 | 0500 0008 | 0000 0041 | 83bf 8805 | 0000 020f 
  0x00007f929b9a74e4: 8459 0000 | 0049 c787 | 6804 0000 | 0000 0000 | 49c7 8770 | 0400 0000 | 0000 00c5 | f877 498b 
  0x00007f929b9a7504: 8fe8 0400 | 00c7 8100 | 0100 0000 | 0000 00c9 

  0x00007f929b9a7514: ;   {poll_return}
  0x00007f929b9a7514: 41f6 4728 

  0x00007f929b9a7518: ;   {internal_word}
  0x00007f929b9a7518: 0174 1649 | ba14 759a | 9b92 7f00 | 004d 8997 | 1005 0000 

  0x00007f929b9a752c: ;   {runtime_call SafepointBlob}
  0x00007f929b9a752c: e92f f69d | ff49 837f | 0800 0f85 | 0100 0000 

  0x00007f929b9a753c: ;   {runtime_call Stub::Stub Generator forward_exception_stub}
  0x00007f929b9a753c: c3e9 9eff | 98ff c5f8 | 774c 8be4 | 4883 ec00 | 4883 e4f0 

  0x00007f929b9a7550: ;   {runtime_call}
  0x00007f929b9a7550: e87b 0f73 | 1849 8be4 | 4d33 e4eb | 8cf4 f4f4 
[/MachCode]


Compiled method (c2) 2133939 2703       4       com.badlogic.gdx.graphics.g2d.SpriteBatch::flush (185 bytes)
 total in heap  [0x00007f929ba53388,0x00007f929ba56470] = 12520
 main code      [0x00007f929ba53480,0x00007f929ba563d8] = 12120
 stub code      [0x00007f929ba563d8,0x00007f929ba56468] = 144
 oops           [0x00007f929ba56468,0x00007f929ba56470] = 8
 mutable data [0x00007f92705e8990,0x00007f92705e9058] = 1736
 relocation     [0x00007f92705e8990,0x00007f92705e8d38] = 936
 metadata       [0x00007f92705e8d38,0x00007f92705e9058] = 800
 immutable data [0x00007f92712e8970,0x00007f92712eaf94] = 9764
 dependencies   [0x00007f92712e8970,0x00007f92712e8a80] = 272
 nul chk table  [0x00007f92712e8a80,0x00007f92712e8c30] = 432
 handler table  [0x00007f92712e8c30,0x00007f92712e8d20] = 240
 scopes pcs     [0x00007f92712e8d20,0x00007f92712e9720] = 2560
 scopes data    [0x00007f92712e9720,0x00007f92712eaf90] = 6256

[Constant Pool (empty)]


Loading hsdis library failed, undisassembled code is shown in MachCode section
[MachCode]
[Instructions begin]
  0x00007f929ba53480: 6690 448b | 5608 443b 

  0x00007f929ba53488: ;   {runtime_call Shared Runtime ic_miss_blob}
  0x00007f929ba53488: 5008 0f85 | 5012 93ff 
[Verified Entry Point]
  0x00007f929ba53490: 8984 2400 | c0fe ff55 | 4881 ec90 | 0000 0090 | 4181 7f20 | 2a00 0000 | 0f85 1e2f | 0000 4c8b 
  0x00007f929ba534b0: c644 8b56 | 0c45 85d2 | 0f84 5e0f | 0000 448b | 5e2c 458b | ca41 c1f9 | 1f4d 63d2 | 4d69 d267 
  0x00007f929ba534d0: 6666 6649 | c1fa 2341 | 8bca 412b | c941 3bcb | 0f8f 7812 | 0000 ff46 | 2844 8b5e | 3cff 4624 
  0x00007f929ba534f0: ; implicit exception: dispatches to 0x00007f929ba5605c
  0x00007f929ba534f0: 478b 54dc | 0c47 8b4c 

  0x00007f929ba534f8: ;   {oop(a 'java/lang/Class'{0x000000070c2edc48} = 'com/badlogic/gdx/Gdx')}
  0x00007f929ba534f8: dc10 49bb | 48dc 2e0c | 0700 0000 | 418b 9390 | 0000 0045 | 8b5c d408 | 8d1c 8d00 | 0000 008d 
  0x00007f929ba53518: ;   {metadata('com/badlogic/gdx/backends/lwjgl/LwjglGL20')}
  0x00007f929ba53518: 1c4b 4181 | fb00 8008 | 010f 85dd 

  0x00007f929ba53524: ;   {oop(a 'java/lang/Class'{0x000000070c32e908} = 'org/lwjgl/opengl/GLContext')}
  0x00007f929ba53524: 1b00 0049 | bb08 e932 | 0c07 0000 | 0041 8b4b | 7c41 8b7c | cc0c 4c8b | df49 c1e3 | 0349 8b97 
  0x00007f929ba53544: 5004 0000 | 488b 124c | 3bda 0f85 | b81d 0000 | 418b 6ccc | 1085 ed0f | 84eb 1e00 | 0049 8b8c 
  0x00007f929ba53564: ec30 1900 | 0048 85c9 | 0f84 021f | 0000 4889 | 5424 1089 | 5c24 0848 | 8bee 418b | f241 8bd1 
  0x00007f929ba53584: ;   {static_call}
  0x00007f929ba53584: c5f8 77e8 

  0x00007f929ba53588: ; ImmutableOopMap {rbp=Oop [16]=Oop }
                      ;*invokestatic nglBindTexture {reexecute=0 rethrow=0 return_oop=0}
                      ; - org.lwjgl.opengl.GL11::glBindTexture@16 (line 654)
                      ; - com.badlogic.gdx.backends.lwjgl.LwjglGL20::glBindTexture@2 (line 93)
                      ; - com.badlogic.gdx.graphics.GLTexture::bind@11 (line 66)
                      ; - com.badlogic.gdx.graphics.g2d.SpriteBatch::flush@58 (line 962)
  0x00007f929ba53588: 04c4 eaff 

  0x00007f929ba5358c: ;   {post_call_nop}
  0x00007f929ba5358c: 0f1f 8400 | 0402 0000 | 488b cd44 | 8b49 3444 | 8b41 3844 | 8b59 0c43 | 8b6c cc10 

  0x00007f929ba535a8: ; implicit exception: dispatches to 0x00007f929ba560cc
  0x00007f929ba535a8: 458b 54ec 

  0x00007f929ba535ac: ;   {metadata('com/badlogic/gdx/graphics/glutils/VertexArray')}
  0x00007f929ba535ac: 0841 81fa | c878 0901 | 0f85 761b | 0000 498d | 1cec 8b7b | 1841 8b74 | fc08 468d | 149d 0000 
  0x00007f929ba535cc: ;   {metadata('java/nio/DirectByteBuffer')}
  0x00007f929ba535cc: 0000 81fe | 982a 2e00 | 0f85 821b | 0000 48c1 | e703 8b6f | 2044 3bd5 | 0f8f ce1e | 0000 4585 
  0x00007f929ba535ec: d20f 8c05 | 1f00 0044 | 8957 1c8b | 6f18 413b | ea0f 8f31 | 1f00 008b | 6f0c 413b | ea0f 8f65 
  0x00007f929ba5360c: 1f00 0048 | 8bef 4889 | 5c24 2844 | 895c 2420 | 4889 4c24 | 184f 8d14 | cc4c 8954 | 2430 4489 
  0x00007f929ba5362c: 4c24 0c49 | 8bf0 48c1 | e603 4533 | c048 8bd7 | 418b cb90 

  0x00007f929ba53640: ;   {static_call}
  0x00007f929ba53640: c5f8 77e8 

  0x00007f929ba53644: ; ImmutableOopMap {rbp=Oop [12]=NarrowOop [16]=Oop [24]=Oop [40]=Oop [48]=Oop }
                      ;*invokestatic copyJni {reexecute=0 rethrow=0 return_oop=0}
                      ; - com.badlogic.gdx.utils.BufferUtils::copy@35 (line 54)
                      ; - com.badlogic.gdx.graphics.glutils.VertexArray::setVertices@7 (line 84)
                      ; - com.badlogic.gdx.graphics.Mesh::setVertices@7 (line 197)
                      ; - com.badlogic.gdx.graphics.g2d.SpriteBatch::flush@76 (line 964)
  0x00007f929ba53644: c8f3 f3ff 

  0x00007f929ba53648: ;   {post_call_nop}
  0x00007f929ba53648: 0f1f 8400 | c002 0001 | 4c8b d541 | 8b6a 1c85 | ed0f 8c55 | 1f00 0041 | 8b6a 0c85 | ed0f 8f85 
  0x00007f929ba53668: 1f00 0045 | 8962 184c | 8b54 2428 | 458b 5a14 

  0x00007f929ba53678: ; implicit exception: dispatches to 0x00007f929ba56118
  0x00007f929ba53678: 438b 6cdc | 1c85 ed0f | 8ca7 1f00 | 0047 8b4c | dc0c 4585 | c90f 8fd1 | 1f00 0047 | 8964 dc18 
  0x00007f929ba53698: 438b 6cdc | 2044 8b54 | 2420 443b | d50f 8ff5 | 1f00 0045 | 85d2 0f8c | 1820 0000 | 4789 54dc 
  0x00007f929ba536b8: 1c45 3bca | 0f8f 2a20 | 0000 448b | 5424 0c43 | 8b6c d414 

  0x00007f929ba536cc: ; implicit exception: dispatches to 0x00007f929ba56130
  0x00007f929ba536cc: 458b 5cec 

  0x00007f929ba536d0: ;   {metadata('com/badlogic/gdx/graphics/glutils/IndexArray')}
  0x00007f929ba536d0: 0841 81fb | 1052 0901 | 0f85 b61a | 0000 4d8d | 1cec 458b | 4310 438b | 6cc4 1c85 | ed0f 8c1d 
  0x00007f929ba536f0: 2000 0043 | 8b4c c40c | 85c9 0f8f | 3420 0000 | 4789 64c4 | 1843 8b6c | c420 448b | 5c24 0844 
  0x00007f929ba53710: 3bdd 0f8f | 4020 0000 | 4585 db0f | 8c6b 2000 | 0047 895c | c41c 413b | cb0f 8f7d | 2000 0048 
  0x00007f929ba53730: 8b4c 2418 | 0fb6 6931 | 85ed 0f85 | 9020 0000 

  0x00007f929ba53740: ;   {oop(a 'java/lang/Class'{0x000000070c2edc48} = 'com/badlogic/gdx/Gdx')}
  0x00007f929ba53740: 49b8 48dc | 2e0c 0700 | 0000 418b | a890 0000 | 0045 8b44 

  0x00007f929ba53754: ;   {metadata('com/badlogic/gdx/backends/lwjgl/LwjglGL20')}
  0x00007f929ba53754: ec08 4181 | f800 8008 | 010f 8549 

  0x00007f929ba53760: ;   {oop(a 'java/lang/Class'{0x000000070c32e908} = 'org/lwjgl/opengl/GLContext')}
  0x00007f929ba53760: 1a00 0049 | b808 e932 | 0c07 0000 | 0045 8b48 | 7c43 8b6c | cc0c 4c8b | c549 c1e0 | 0348 8b5c 
  0x00007f929ba53780: 2410 4c3b | c30f 85b1 | 1b00 0043 | 8b6c cc10 | 85ed 0f84 | 5820 0000 | 498b 94ec | 601a 0000 
  0x00007f929ba537a0: 4885 d20f | 8467 2000 | 0048 8be9 | bee2 0b00 | 0066 6690 

  0x00007f929ba537b4: ;   {static_call}
  0x00007f929ba537b4: c5f8 77e8 

  0x00007f929ba537b8: ; ImmutableOopMap {rbp=Oop [12]=NarrowOop [16]=Oop [48]=Oop }
                      ;*invokestatic nglEnable {reexecute=0 rethrow=0 return_oop=0}
                      ; - org.lwjgl.opengl.GL11::glEnable@15 (line 1015)
                      ; - com.badlogic.gdx.backends.lwjgl.LwjglGL20::glEnable@1 (line 292)
                      ; - com.badlogic.gdx.graphics.g2d.SpriteBatch::flush@125 (line 971)
  0x00007f929ba537b8: d40b f4ff 

  0x00007f929ba537bc: ;   {post_call_nop}
  0x00007f929ba537bc: 0f1f 8400 | 3404 0002 | 4c8b cd45 | 8b59 1841 | 83fb ff0f | 847b 2000 | 0045 8b51 

  0x00007f929ba537d8: ;   {oop(a 'java/lang/Class'{0x000000070c2edc48} = 'com/badlogic/gdx/Gdx')}
  0x00007f929ba537d8: 1c49 b848 | dc2e 0c07 | 0000 0041 | 8ba8 9000 | 0000 418b 

  0x00007f929ba537ec: ;   {metadata('com/badlogic/gdx/backends/lwjgl/LwjglGL20')}
  0x00007f929ba537ec: 4cec 0881 | f900 8008 | 010f 85d1 

  0x00007f929ba537f8: ;   {oop(a 'java/lang/Class'{0x000000070c32e908} = 'org/lwjgl/opengl/GLContext')}
  0x00007f929ba537f8: 1900 0049 | b808 e932 | 0c07 0000 | 0041 8b48 | 7c41 8b6c | cc0c 4c8b | c549 c1e0 | 0348 8b5c 
  0x00007f929ba53818: 2410 4c3b | c30f 8545 | 1b00 0041 | 8b6c cc10 | 85ed 0f84 | 3c20 0000 | 498b 8cec | 2019 0000 
  0x00007f929ba53838: 4885 c90f | 844f 2000 | 0045 8bc2 | 4889 5c24 | 1849 8be9 | 418b f341 | 8bd0 6690 

  0x00007f929ba53854: ;   {static_call}
  0x00007f929ba53854: c5f8 77e8 

  0x00007f929ba53858: ; ImmutableOopMap {rbp=Oop [12]=NarrowOop [24]=Oop [48]=Oop }
                      ;*invokestatic nglBlendFunc {reexecute=0 rethrow=0 return_oop=0}
                      ; - org.lwjgl.opengl.GL11::glBlendFunc@16 (line 627)
                      ; - com.badlogic.gdx.backends.lwjgl.LwjglGL20::glBlendFunc@2 (line 109)
                      ; - com.badlogic.gdx.graphics.g2d.SpriteBatch::flush@149 (line 972)
  0x00007f929ba53858: b438 f5ff 

  0x00007f929ba5385c: ;   {post_call_nop}
  0x00007f929ba5385c: 0f1f 8400 | d404 0003 | 4c8b c545 | 8b50 5045 | 85d2 0f84 | 5c20 0000 | 8b4c 2408 | 85c9 0f84 
  0x00007f929ba5387c: 6c20 0000 | 448b 4c24 | 0c43 0fb6 | 7ccc 0c85 | ff0f 8471 | 2000 0043 | 8b6c cc10 

  0x00007f929ba53898: ; implicit exception: dispatches to 0x00007f929ba561c8
  0x00007f929ba53898: 458b 5cec 

  0x00007f929ba5389c: ;   {metadata('com/badlogic/gdx/graphics/glutils/VertexArray')}
  0x00007f929ba5389c: 0841 81fb | c878 0901 | 0f85 4619 | 0000 498d | 14ec 448b | 5a10 438b | 5cdc 1841 | 8b44 dc0c 
  0x00007f929ba538bc: 448b 5a14 

  0x00007f929ba538c0: ; implicit exception: dispatches to 0x00007f929ba56210
  0x00007f929ba538c0: 438b 5cdc | 1c44 8bd8 | 897c 242c | 4489 4c24 | 2889 4c24 | 144c 8944 | 2420 448b | 4218 4889 
  0x00007f929ba538e0: 5424 08c1 | e302 478b 

  0x00007f929ba538e8: ;   {metadata('java/nio/DirectByteBuffer')}
  0x00007f929ba538e8: 4cc4 0841 | 81f9 982a | 2e00 0f85 | 2419 0000 | 4f8d 0cc4 | 418b 6920 | 3bdd 0f8f | 2420 0000 
  0x00007f929ba53908: 85db 0f8c | 5820 0000 | 4189 591c | 418b 6918 | 3beb 0f8f | 9820 0000 | 418b 690c | 3beb 0f8f 
  0x00007f929ba53928: c820 0000 | 418b ca4f | 8d0c d485 | c00f 86fe | 0400 0033 | ffe9 5807 | 0000 33db | 83fa 200f 
  0x00007f929ba53948: 8c75 0100 | 0045 33d2 | c5d5 efed | c5cd eff6 | c5c5 efff | c441 35ef 

  0x00007f929ba53960: ;   {external_word}
  0x00007f929ba53960: c949 bb20 | 664b b492 | 7f00 0045 | 8b03 c4c1 | 796e c0c4 | e27d 58c0 | 448b da41 | 83e3 e041 
  0x00007f929ba53980: 0faf d8c4 | 217a 7e04 | 17c4 217a | 7e54 1708 | c421 7a7e | 5c17 10c4 | 217a 7e64 | 1718 c4e2 
  0x00007f929ba539a0: 5540 e8c4 | 427d 31c0 | c4c1 55fe | e8c4 e24d | 40f0 c442 | 7d31 d2c4 | c14d fef2 | c4e2 4540 
  0x00007f929ba539c0: f8c4 427d | 31db c4c1 | 45fe fbc4 | 6235 40c8 | c442 7d31 | e4c4 4135 | fecc 4183 | c220 453b 
  0x00007f929ba539e0: d37c 9c4a | 8d3c 1f41 

  0x00007f929ba539e8: ;   {external_word}
  0x00007f929ba539e8: 2bd3 49bb | 2466 4bb4 | 927f 0000 | c4c1 7e6f | 0bc4 e255 

  0x00007f929ba539fc: ;   {external_word}
  0x00007f929ba539fc: 40e9 49bb | 4466 4bb4 | 927f 0000 | c4c1 7e6f | 13c4 e24d 

  0x00007f929ba53a10: ;   {external_word}
  0x00007f929ba53a10: 40f2 49bb | 6466 4bb4 | 927f 0000 | c4c1 7e6f | 1bc4 e245 

  0x00007f929ba53a24: ;   {external_word}
  0x00007f929ba53a24: 40fb 49bb | 8466 4bb4 | 927f 0000 | c4c1 7e6f | 23c4 6235 | 40cc c462 | 5502 c5c4 | 437d 39c2 
  0x00007f929ba53a44: 01c4 4139 | fec2 c442 | 3902 c0c5 | 796e d3c4 | 4139 fec2 | c579 7ec3 | c462 4d02 | dec4 437d 
  0x00007f929ba53a64: 39dc 01c4 | 4121 fedc | c442 2102 | dbc5 796e | e3c4 4121 | fedc c579 | 7edb c462 | 4502 c7c4 
  0x00007f929ba53a84: 437d 39c2 | 01c4 4139 | fec2 c442 | 3902 c0c5 | 796e d3c4 | 4139 fec2 | c579 7ec3 | c442 3502 
  0x00007f929ba53aa4: d9c4 437d | 39dc 01c4 | 4121 fedc | c442 2102 | dbc5 796e | e3c4 4121 | fedc c579 | 7edb 41ba 
  0x00007f929ba53ac4: 0100 0000 | 443b d20f | 8d2e 0000 | 0041 b8c1 | 0300 0041 | 0faf d846 | 0fb6 5c17 | ff45 8bc3 
  0x00007f929ba53ae4: 41c1 e005 | 452b c341 | 03d8 460f | b604 1741 | 03d8 4183 | c202 443b | d27c d27f | 1244 8bdb 
  0x00007f929ba53b04: c1e3 0541 | 2bdb 460f | b644 17ff | 4103 d885 | db0f 8462 | 0c00 0044 | 8b5c 244c | 4389 5cdc 
  0x00007f929ba53b24: ;   {other}
  0x00007f929ba53b24: 0c44 8bdb | 0f1f 8400 | 0000 0000 | 458b d344 | 8b44 2450 | 4723 54c4 | 2043 8b6c | c430 458b 
  0x00007f929ba53b44: 44ec 0c45 | 3bd0 0f83 | a40c 0000 | 4d8d 04ec | 438b 6c90 | 1044 8b4c | 244c 443b | cd0f 8455 
  0x00007f929ba53b64: 0100 0045 | 8b4c ec08 

  0x00007f929ba53b6c: ;   {metadata('java/lang/String')}
  0x00007f929ba53b6c: 4181 f968 | 8917 000f | 853b 2200 | 0044 8b44 | 244c 470f | be4c c410 | 4d8d 04ec | 410f be58 
  0x00007f929ba53b8c: 1044 3bcb | 0f85 420f | 0000 458b | 4814 8b4c | 244c 458b | 44cc 1443 | 8b7c cc0c | 438b 4cc4 
  0x00007f929ba53bac: 0c3b cf0f | 8523 0f00 | 004b 8d74 | cc10 4b8d | 7cc4 1085 | c90f 84dc | 0000 008b | c183 e01f 
  0x00007f929ba53bcc: 83e1 e00f | 8452 0000 | 0048 8d3c | 0f48 8d34 | 0e48 f7d9 | c5fe 6f04 | 0fc5 fe6f | 0c0e c5fd 
  0x00007f929ba53bec: efc1 c4e2 | 7d17 c00f | 85b1 0000 | 0048 83c1 | 2075 e185 | c00f 849c | 0000 00c5 | fe6f 4407 
  0x00007f929ba53c0c: e0c5 fe6f | 4c06 e0c5 | fdef c1c4 | e27d 17c0 | 0f85 8800 | 0000 e97c | 0000 008b | c883 e00f 
  0x00007f929ba53c2c: 83e1 f00f | 842a 0000 | 0048 8d3c | 0f48 8d34 | 0e48 f7d9 | c5fa 6f04 | 0fc5 fa6f | 0c0e c5f9 
  0x00007f929ba53c4c: efc1 c4e2 | 7917 c00f | 8551 0000 | 0048 83c1 | 1075 e18b | c883 e1fc | 7419 488d 

  0x00007f929ba53c68: ;   {other}
  0x00007f929ba53c68: 3c0f 488d | 340e 48f7 | d98b 1c0f | 3b1c 0e75 | 3148 83c1 | 0475 f2a8 | 0274 120f | b71f 0fb7 
  0x00007f929ba53c88: 0e3b d975 | 1d48 8d7f | 0248 8d76 | 02a8 0174 | 0a0f b61f | 0fb6 0e3b | d975 07b8 | 0100 0000 
  0x00007f929ba53ca8: eb02 33c0 | c5fd efc0 | c5f5 efc9 | 85c0 0f84 | 1c0e 0000 | 448b 5c24 | 5043 8b6c | dc34 458b 
  0x00007f929ba53cc8: 44ec 0c45 | 3bd0 0f83 | 940b 0000 | 4d8d 1cec | 478b 5493 | 1044 8954 | 244c 4585 | d20f 8c31 
  0x00007f929ba53ce8: ;   {oop(a 'java/lang/Class'{0x000000070c2edc48} = 'com/badlogic/gdx/Gdx')}
  0x00007f929ba53ce8: 0f00 0049 | ba48 dc2e | 0c07 0000 | 0045 8b9a | 9400 0000 | 448b 4424 | 3843 0fb6 | 6cc4 1d85 
  0x00007f929ba53d08: ed0f 8579 | 0f00 0047 | 8b54 dc08 

  0x00007f929ba53d14: ;   {metadata('com/badlogic/gdx/backends/lwjgl/LwjglGL20')}
  0x00007f929ba53d14: 4181 fa00 | 8008 010f | 8587 0c00 

  0x00007f929ba53d20: ;   {oop(a 'java/lang/Class'{0x000000070c32e908} = 'org/lwjgl/opengl/GLContext')}
  0x00007f929ba53d20: 0049 ba08 | e932 0c07 | 0000 0045 | 8b52 7c43 | 8b6c d40c | 4c8b dd49 | c1e3 034c | 8b44 2418 
  0x00007f929ba53d40: 4d3b d80f | 855b 0e00 | 0043 8b6c | d410 85ed | 0f84 920f | 0000 498b | 94ec e823 | 0000 4885 
  0x00007f929ba53d60: d20f 84d9 | 0f00 008b | 7424 4c48 | 8b6c 2430 

  0x00007f929ba53d70: ;   {static_call}
  0x00007f929ba53d70: c5f8 77e8 

  0x00007f929ba53d74: ; ImmutableOopMap {rbp=Oop [8]=Oop [24]=Oop [32]=Oop [40]=NarrowOop [48]=Oop [56]=NarrowOop [64]=Oop [72]=NarrowOop [88]=Oop }
                      ;*invokestatic nglEnableVertexAttribArray {reexecute=0 rethrow=0 return_oop=0}
                      ; - org.lwjgl.opengl.GL20::glEnableVertexAttribArray@15 (line 912)
                      ; - com.badlogic.gdx.backends.lwjgl.LwjglGL20::glEnableVertexAttribArray@1 (line 296)
                      ; - com.badlogic.gdx.graphics.glutils.ShaderProgram::enableVertexAttribute@10 (line 742)
                      ; - com.badlogic.gdx.graphics.glutils.VertexArray::bind@71 (line 111)
                      ; - com.badlogic.gdx.graphics.Mesh::bind@6 (line 380)
                      ; - com.badlogic.gdx.graphics.Mesh::bind@3 (line 371)
                      ; - com.badlogic.gdx.graphics.Mesh::render@13 (line 479)
                      ; - com.badlogic.gdx.graphics.Mesh::render@10 (line 449)
                      ; - com.badlogic.gdx.graphics.g2d.SpriteBatch::flush@176 (line 975)
  0x00007f929ba53d74: 1842 f3ff 

  0x00007f929ba53d78: ;   {post_call_nop}
  0x00007f929ba53d78: 0f1f 8400 | f009 0004 | 4c8b 5424 | 0845 8b52 | 1844 8b44 | 2448 478b | 5cc4 1847 | 8b44 d408 
  0x00007f929ba53d98: ;   {metadata('java/nio/DirectByteBuffer')}
  0x00007f929ba53d98: 4181 f898 | 2a2e 000f | 858b 0c00 | 004f 8d04 | d441 8b68 | 1c44 3bdd | 0f8f 0e10 | 0000 4585 
  0x00007f929ba53db8: db0f 8c7d | 1000 0041 | 8b68 0c41 | 3beb 0f8f | 2411 0000 | 4589 5818 | 4c8b 5c24 | 0845 8b43 
  0x00007f929ba53dd8: 1043 8b7c | c40c 448b | 4424 4843 | 8b4c c410 | 49c1 e203 | 478b 44c4 | 1444 8b4c | 2448 470f 
  0x00007f929ba53df8: b64c cc24 | 488b 7424 | 408b 5424 | 4c4c 8914 | 2448 8b6c | 2430 6690 

  0x00007f929ba53e10: ;   {optimized virtual_call}
  0x00007f929ba53e10: c5f8 77e8 

  0x00007f929ba53e14: ; ImmutableOopMap {rbp=Oop [8]=Oop [24]=Oop [32]=Oop [40]=NarrowOop [48]=Oop [56]=NarrowOop [64]=Oop }
                      ;*invokevirtual setVertexAttribute {reexecute=0 rethrow=0 return_oop=0}
                      ; - com.badlogic.gdx.graphics.glutils.VertexArray::bind@116 (line 114)
                      ; - com.badlogic.gdx.graphics.Mesh::bind@6 (line 380)
                      ; - com.badlogic.gdx.graphics.Mesh::bind@3 (line 371)
                      ; - com.badlogic.gdx.graphics.Mesh::render@13 (line 479)
                      ; - com.badlogic.gdx.graphics.Mesh::render@10 (line 449)
                      ; - com.badlogic.gdx.graphics.g2d.SpriteBatch::flush@176 (line 975)
  0x00007f929ba53e14: f81e fdff 

  0x00007f929ba53e18: ;   {post_call_nop}
  0x00007f929ba53e18: 0f1f 8400 | 900a 0005 | 8b7c 2410 | ffc7 3b7c | 243c 0f8c | 5c02 0000 | 8b4c 2438 | 4c8b 4c24 
  0x00007f929ba53e38: 404c 8b54 | 2408 41c6 | 420c 0144 | 8b54 2428 | 438b 6cd4 | 1445 8b44 

  0x00007f929ba53e50: ;   {metadata('com/badlogic/gdx/graphics/glutils/IndexArray')}
  0x00007f929ba53e50: ec08 4181 | f810 5209 | 010f 8509 | 1400 004d | 8d1c ec41 | 0fb6 6b0c | 85ed 0f85 | c01b 0000 
  0x00007f929ba53e70: 418b 5b10 

  0x00007f929ba53e74: ; implicit exception: dispatches to 0x00007f929ba56258
  0x00007f929ba53e74: 418b 54dc | 1c85 d20f | 8e13 1500 | 0043 0fb6 | 6cd4 0d85 | ed0f 84c9 | 1b00 0045 | 8b5c dc18 
  0x00007f929ba53e94: 85d2 0f8c | d81b 0000 | 458b 44dc | 0c45 85c0 | 0f8f 221c | 0000 4489 | 5c24 2889 | 5424 104c 
  0x00007f929ba53eb4: 894c 2438 | 894c 240c | 4489 5424 | 0845 8964 | dc18 418b | 6cdc 2044 | 8b5c 2414 | 443b dd0f 
  0x00007f929ba53ed4: 8f53 1c00 | 0044 8b54 | 2414 4589 | 54dc 1c45 | 3bc2 0f8f | 7c1c 0000 | 895c 2414 

  0x00007f929ba53ef0: ;   {oop(a 'java/lang/Class'{0x000000070c2edc48} = 'com/badlogic/gdx/Gdx')}
  0x00007f929ba53ef0: 49bb 48dc | 2e0c 0700 | 0000 418b | ab94 0000 | 0045 8b44 

  0x00007f929ba53f04: ;   {metadata('com/badlogic/gdx/backends/lwjgl/LwjglGL20')}
  0x00007f929ba53f04: ec08 4181 | f800 8008 | 010f 857d 

  0x00007f929ba53f10: ;   {oop(a 'java/lang/Class'{0x000000070c32e908} = 'org/lwjgl/opengl/GLContext')}
  0x00007f929ba53f10: 1300 0049 | bb08 e932 | 0c07 0000 | 0045 8b43 | 7c43 8b6c | c40c 4c8b | dd49 c1e3 | 034c 8b4c 
  0x00007f929ba53f30: 2418 4d3b | d90f 858d | 1400 0047 | 8b5c c410 | 4585 db0f | 846b 1c00 | 004f 8b8c | dc88 1a00 
  0x00007f929ba53f50: 004d 85c9 | 0f84 8e1c | 0000 478b | 84dc ac3f | 0000 438b | 4cc4 1041 | 8b5c cc10 | 418b 6ccc 
  0x00007f929ba53f70: 0c45 8b44 | dc0c 413b | e80f 8311 | 1100 004d | 8d04 dc41 | 8b4c a810 

  0x00007f929ba53f88: ; implicit exception: dispatches to 0x00007f929ba562e8
  0x00007f929ba53f88: 418b 6ccc | 1885 ed0f | 854b 1400 | 0041 8b6c | cc0c 85ed | 0f85 aa1c | 0000 4585 | d20f 8e33 
  0x00007f929ba53fa8: 0700 0041 

  0x00007f929ba53fac: ;   {oop(a 'org/lwjgl/MemoryUtilSun$AccessorUnsafe'{0x000000070c2edc30})}
  0x00007f929ba53fac: 8bd2 49ba | 30dc 2e0c | 0700 0000 | 4d8b 5a10 | 453b 620c | 0f84 1e11 | 0000 448b | 4424 144b 
  0x00007f929ba53fcc: 8d2c c44e | 8b44 1d00 | be04 0000 | 00b9 0314 | 0000 6690 

  0x00007f929ba53fe0: ;   {static_call}
  0x00007f929ba53fe0: c5f8 77e8 

  0x00007f929ba53fe4: ; ImmutableOopMap {rbp=Oop [8]=NarrowOop [12]=NarrowOop [20]=NarrowOop [24]=Oop [32]=Oop [48]=Oop [56]=Oop }
                      ;*invokestatic nglDrawElements {reexecute=0 rethrow=0 return_oop=0}
                      ; - org.lwjgl.opengl.GL11::glDrawElements@34 (line 1110)
                      ; - com.badlogic.gdx.backends.lwjgl.LwjglGL20::glDrawElements@21 (line 281)
                      ; - com.badlogic.gdx.graphics.Mesh::render@88 (line 488)
                      ; - com.badlogic.gdx.graphics.Mesh::render@10 (line 449)
                      ; - com.badlogic.gdx.graphics.g2d.SpriteBatch::flush@176 (line 975)
  0x00007f929ba53fe4: 2834 f5ff 

  0x00007f929ba53fe8: ;   {post_call_nop}
  0x00007f929ba53fe8: 0f1f 8400 | 600c 0006 | 448b 4424 | 1443 8b6c | c41c 448b | 5c24 2844 | 3bdd 0f8f | 7c1c 0000 
  0x00007f929ba54008: 4585 db0f | 8cb3 1c00 | 0047 8b4c | c40c 453b | cb0f 8fc9 | 1c00 0047 | 895c c418 | 438b 6cc4 
  0x00007f929ba54028: 2044 8b54 | 2410 443b | d50f 8ff1 | 1c00 0047 | 8954 c41c | 453b da0f | 8f0f 1d00 | 0045 3bca 
  0x00007f929ba54048: 0f8f 261d | 0000 448b | 4424 0843 | 8b6c c410 

  0x00007f929ba54058: ; implicit exception: dispatches to 0x00007f929ba56300
  0x00007f929ba54058: 458b 54ec 

  0x00007f929ba5405c: ;   {metadata('com/badlogic/gdx/graphics/glutils/VertexArray')}
  0x00007f929ba5405c: 0841 81fa | c878 0901 | 0f85 6e12 | 0000 498d | 1cec 448b | 5b10 478b | 54dc 1847 | 8b54 d40c 
  0x00007f929ba5407c: 4585 d20f | 8651 0300 | 0033 c9e9 | b503 0000 | 8b4c 2438 | 448b 5c24 | 3c4c 8b4c | 2440 4c8b 
  0x00007f929ba5409c: 4424 0845 | 8b50 1043 | 8b5c d418 | 897c 2410 | 4c89 4c24 | 4044 895c | 243c 894c | 2438 458b 
  0x00007f929ba540bc: 5cdc 0c41 | 3bfb 0f83 | e206 0000 | 4d8d 14dc | 458b 54ba | 1044 8954 | 2448 478b | 5cd4 2844 
  0x00007f929ba540dc: 895c 244c | 458b 54cc | 3444 8954 | 2450 4585 | d20f 84e5 | 0600 0044 | 8b5c 244c 

  0x00007f929ba540f8: ; implicit exception: dispatches to 0x00007f929ba55ec0
  0x00007f929ba540f8: 478b 5cdc | 0c44 8b54 | 2448 49c1 | e203 4c89 | 5424 5845 | 85db 0f85 | 1cfa ffff | 448b 5c24 
  0x00007f929ba54118: 4c47 0fb6 | 5cdc 1145 | 85db 0f85 | 2306 0000 | 448b 5424 | 4c47 8b5c | d414 4380 | 7cd4 1000 
  0x00007f929ba54138: 0f85 a705 | 0000 438b | 54dc 0c4b | 8d7c dc10 | 83fa 020f | 8df1 f7ff | ff85 d277 | 0b45 33d2 
  0x00007f929ba54158: 418b dae9 

  0x00007f929ba5415c: ;   {other}
  0x00007f929ba5415c: b3f9 ffff | 440f b61f | 418b dbe9 | a7f9 ffff | 0f1f 4000 | 4489 4424 | 0848 895c | 2410 4489 
  0x00007f929ba5417c: 5424 2889 | 4c24 2c89 | 7c24 4044 | 895c 2444 | 448b c844 | 8bd6 458b | 44f4 3045 | 8bd9 4523 
  0x00007f929ba5419c: 5cf4 2043 | 8b4c c40c | 443b d90f | 834f 0700 | 0049 c1e0 | 0343 8b6c | 9810 448b | 4424 4044 
  0x00007f929ba541bc: 3bc5 0f84 | 5301 0000 

  0x00007f929ba541c4: ; implicit exception: dispatches to 0x00007f929ba54b5c
  0x00007f929ba541c4: 458b 44ec 

  0x00007f929ba541c8: ;   {metadata('java/lang/String')}
  0x00007f929ba541c8: 0841 81f8 | 6889 1700 | 0f85 3e1c | 0000 8b4c | 2440 450f | be44 cc10 | 498d 0cec | 0fbe 5910 
  0x00007f929ba541e8: 443b c30f | 856b 0900 | 0044 8b41 | 148b 4c24 | 4041 8b7c | cc14 438b | 5cc4 0c41 | 8b4c fc0c 
  0x00007f929ba54208: 3bcb 0f85 | 4c09 0000 | 4b8d 74c4 | 1049 8d7c | fc10 85c9 | 0f84 dc00 | 0000 8bc1 | 83e0 1f83 
  0x00007f929ba54228: e1e0 0f84 | 5200 0000 | 488d 3c0f | 488d 340e | 48f7 d9c5 | fe6f 0c0f | c5fe 6f04 | 0ec5 f5ef 
  0x00007f929ba54248: c8c4 e27d | 17c9 0f85 | b100 0000 | 4883 c120 | 75e1 85c0 | 0f84 9c00 | 0000 c5fe | 6f4c 07e0 
  0x00007f929ba54268: c5fe 6f44 | 06e0 c5f5 | efc8 c4e2 | 7d17 c90f | 8588 0000 | 00e9 7c00 | 0000 8bc8 | 83e0 0f83 
  0x00007f929ba54288: e1f0 0f84 | 2a00 0000 | 488d 3c0f | 488d 340e | 48f7 d9c5 | fa6f 0c0f | c5fa 6f04 | 0ec5 f1ef 
  0x00007f929ba542a8: c8c4 e279 | 17c9 0f85 | 5100 0000 | 4883 c110 | 75e1 8bc8 | 83e1 fc74 | 1948 8d3c | 0f48 8d34 
  0x00007f929ba542c8: ;   {other}
  0x00007f929ba542c8: 0e48 f7d9 | 8b1c 0f3b | 1c0e 7531 | 4883 c104 | 75f2 a802 | 7412 0fb7 | 1f0f b70e | 3bd9 751d 
  0x00007f929ba542e8: 488d 7f02 | 488d 7602 | a801 740a | 0fb6 1f0f | b60e 3bd9 | 7507 b801 | 0000 00eb | 0233 c0c5 
  0x00007f929ba54308: f5ef c9c5 | fdef c085 | c00f 8445 | 0800 0043 | 8b6c d434 

  0x00007f929ba5431c: ; implicit exception: dispatches to 0x00007f929ba55fe4
  0x00007f929ba5431c: 458b 54ec | 0c45 3bda | 0f83 3606 | 0000 4d8d | 14ec 478b | 549a 1041 | 83fa fe0f | 8467 0c00 
  0x00007f929ba5433c: 0045 8bc2 | 4183 faff | 0f84 9e0c | 0000 448b | 5424 4447 | 8b5c d408 

  0x00007f929ba54354: ;   {metadata('com/badlogic/gdx/backends/lwjgl/LwjglGL20')}
  0x00007f929ba54354: 4181 fb00 | 8008 010f | 8557 0700 

  0x00007f929ba54360: ;   {oop(a 'java/lang/Class'{0x000000070c32e908} = 'org/lwjgl/opengl/GLContext')}
  0x00007f929ba54360: 0049 ba08 | e932 0c07 | 0000 0045 | 8b5a 7c43 | 8b6c dc0c | 4c8b d549 | c1e2 034c | 8b4c 2418 
  0x00007f929ba54380: 4d3b d10f | 8557 0800 | 0043 8b6c | dc10 85ed | 0f84 720c | 0000 498b | 94ec f023 | 0000 4885 
  0x00007f929ba543a0: d20f 8499 | 0c00 0045 | 8bd0 418b | f266 6690 

  0x00007f929ba543b0: ;   {static_call}
  0x00007f929ba543b0: c5f8 77e8 

  0x00007f929ba543b4: ; ImmutableOopMap {[8]=NarrowOop [12]=NarrowOop [16]=Oop [24]=Oop [32]=Oop [48]=Oop [56]=Oop }
                      ;*invokestatic nglDisableVertexAttribArray {reexecute=0 rethrow=0 return_oop=0}
                      ; - org.lwjgl.opengl.GL20::glDisableVertexAttribArray@15 (line 920)
                      ; - com.badlogic.gdx.backends.lwjgl.LwjglGL20::glDisableVertexAttribArray@1 (line 272)
                      ; - com.badlogic.gdx.graphics.glutils.ShaderProgram::disableVertexAttribute@22 (line 719)
                      ; - com.badlogic.gdx.graphics.glutils.VertexArray::unbind@34 (line 145)
                      ; - com.badlogic.gdx.graphics.Mesh::unbind@6 (line 398)
                      ; - com.badlogic.gdx.graphics.Mesh::unbind@3 (line 389)
                      ; - com.badlogic.gdx.graphics.Mesh::render@178 (line 501)
                      ; - com.badlogic.gdx.graphics.Mesh::render@10 (line 449)
                      ; - com.badlogic.gdx.graphics.g2d.SpriteBatch::flush@176 (line 975)
  0x00007f929ba543b4: d841 f3ff 

  0x00007f929ba543b8: ;   {post_call_nop}
  0x00007f929ba543b8: 0f1f 8400 | 3010 0007 | 8b4c 242c | ffc1 3b4c | 2428 7c66 | 448b 4424 | 0848 8b5c | 2410 4488 
  0x00007f929ba543d8: 630c 438b | 6cc4 1445 | 8b5c ec08 

  0x00007f929ba543e4: ;   {metadata('com/badlogic/gdx/graphics/glutils/IndexArray')}
  0x00007f929ba543e4: 4181 fb10 | 5209 010f | 85ff 0e00 | 004d 8d14 | ec41 0fb6 | 6a0c 85ed | 0f85 9619 | 0000 458b 
  0x00007f929ba54404: 5a10 438b | 6cdc 1c85 | ed0f 8e21 | 1000 004c | 8b54 2420 | 4589 620c | c5f8 7748 | 81c4 9000 
  0x00007f929ba54424: ;   {poll_return}
  0x00007f929ba54424: 0000 5d49 | 3b67 280f | 8785 1f00 | 00c3 448b | 4424 0848 | 8b5c 2410 | 448b 5424 | 2844 8b5b 
  0x00007f929ba54444: 1043 8b6c | dc18 458b | 4cec 0c41 | 3bc9 0f83 | 5804 0000 | 4d8d 1cec | 458b 5c8b | 1043 8b7c 
  0x00007f929ba54464: dc28 448b | 4c24 0c43 | 0fb6 54cc 

  0x00007f929ba54470: ;   {oop(a 'java/lang/Class'{0x000000070c2edc48} = 'com/badlogic/gdx/Gdx')}
  0x00007f929ba54470: 1d49 bb48 | dc2e 0c07 | 0000 0045 | 8b9b 9400 | 0000 85d2 | 0f85 de0a | 0000 438b | 74cc 3485 
  0x00007f929ba54490: f60f 844d | 0400 0041 | 8b44 fc0c | 85c0 0f85 | ccfc ffff | 8974 2448 | 4489 5c24 | 4489 7c24 
  0x00007f929ba544b0: 4089 4c24 | 2c44 8954 | 2428 4889 | 5c24 1044 | 8944 2408 | 450f b654 | fc11 4585 | d20f 8580 
  0x00007f929ba544d0: 0200 0045 | 8b54 fc14 | 4180 7cfc | 1000 0f85 | 3702 0000 

  0x00007f929ba544e4: ; implicit exception: dispatches to 0x00007f929ba56044
  0x00007f929ba544e4: 438b 54d4 | 0c4b 8d7c | d410 83fa | 020f 8c6f | 0200 0033 | db83 fa20 | 0f8c 6d01 | 0000 4533 
  0x00007f929ba54504: c9c4 4135 | efc9 c441 | 3def c0c4 | 411d efe4 | c441 25ef 

  0x00007f929ba54518: ;   {external_word}
  0x00007f929ba54518: db49 ba20 | 664b b492 | 7f00 0045 | 8b1a c4c1 | 796e e3c4 | e27d 58e4 | 448b d241 | 83e2 e041 
  0x00007f929ba54538: 0faf dbc4 | 217a 7e14 | 0fc4 a17a | 7e44 0f08 | c4a1 7a7e | 540f 10c4 | a17a 7e4c | 0f18 c462 
  0x00007f929ba54558: 3540 ccc4 | 427d 31d2 | c441 35fe | cac4 623d | 40c4 c4e2 | 7d31 c0c5 | 3dfe c0c4 | 621d 40e4 
  0x00007f929ba54578: c4e2 7d31 | d2c5 1dfe | e2c4 6225 | 40dc c4e2 | 7d31 c9c5 | 25fe d941 | 83c1 2045 | 3bca 7c9f 
  0x00007f929ba54598: 4a8d 3c17 

  0x00007f929ba5459c: ;   {external_word}
  0x00007f929ba5459c: 412b d249 | ba24 664b | b492 7f00 | 00c4 c17e | 6f1a c462 

  0x00007f929ba545b0: ;   {external_word}
  0x00007f929ba545b0: 3540 cb49 | ba44 664b | b492 7f00 | 00c4 c17e | 6f32 c462 

  0x00007f929ba545c4: ;   {external_word}
  0x00007f929ba545c4: 3d40 c649 | ba64 664b | b492 7f00 | 00c4 c17e | 6f2a c462 

  0x00007f929ba545d8: ;   {external_word}
  0x00007f929ba545d8: 1d40 e549 | ba84 664b | b492 7f00 | 00c4 c17e | 6f3a c462 | 2540 dfc4 | 4235 02d1 | c463 7d39 
  0x00007f929ba545f8: d001 c529 | fed0 c442 | 2902 d2c5 | f96e c3c5 | 29fe d0c5 | 797e d3c4 | c23d 02d0 | c4e3 7d39 
  0x00007f929ba54618: d101 c5e9 | fed1 c4e2 | 6902 d2c5 | f96e cbc5 | e9fe d1c5 | f97e d3c4 | 421d 02d4 | c463 7d39 
  0x00007f929ba54638: d001 c529 | fed0 c442 | 2902 d2c5 | f96e c3c5 | 29fe d0c5 | 797e d3c4 | c225 02d3 | c4e3 7d39 
  0x00007f929ba54658: d101 c5e9 | fed1 c4e2 | 6902 d2c5 | f96e cbc5 | e9fe d1c5 | f97e d341 | b901 0000 | 0044 3bca 
  0x00007f929ba54678: 0f8d 2e00 | 0000 41bb | c103 0000 | 410f afdb | 460f b654 | 0fff 458b | da41 c1e3 | 0545 2bda 
  0x00007f929ba54698: 4103 db46 | 0fb6 1c0f | 4103 db41 | 83c1 0244 | 3bca 7cd2 | 7f12 448b | d3c1 e305 | 412b da46 
  0x00007f929ba546b8: 0fb6 5c0f | ff41 03db | 85db 0f84 | c800 0000 | 448b 5424 | 4043 895c | d40c 8b74 | 2448 448b 
  0x00007f929ba546d8: ;   {other}
  0x00007f929ba546d8: cbe9 b1fa | ffff 33d2 | e9c9 f8ff | ff49 8bf3 | 48c1 e603 | 458b da4f | 8d14 dc44 | 8b5c 2450 
  0x00007f929ba546f8: 4b8d 2cdc | 4c89 5424 | 7066 6690 

  0x00007f929ba54704: ;   {static_call}
  0x00007f929ba54704: c5f8 77e8 

  0x00007f929ba54708: ; ImmutableOopMap {rbp=Oop [8]=Oop [24]=Oop [32]=Oop [40]=NarrowOop [48]=Oop [56]=NarrowOop [64]=Oop [72]=NarrowOop [76]=NarrowOop [80]=NarrowOop [88]=Oop [112]=Oop }
                      ;*invokestatic hashCode {reexecute=0 rethrow=0 return_oop=0}
                      ; - java.lang.String::hashCode@37 (line 2720)
                      ; - com.badlogic.gdx.utils.ObjectIntMap::get@1 (line 279)
                      ; - com.badlogic.gdx.graphics.glutils.ShaderProgram::getAttributeLocation@6 (line 865)
                      ; - com.badlogic.gdx.graphics.glutils.VertexArray::bind@55 (line 109)
                      ; - com.badlogic.gdx.graphics.Mesh::bind@6 (line 380)
                      ; - com.badlogic.gdx.graphics.Mesh::bind@3 (line 371)
                      ; - com.badlogic.gdx.graphics.Mesh::render@13 (line 479)
                      ; - com.badlogic.gdx.graphics.Mesh::render@10 (line 449)
                      ; - com.badlogic.gdx.graphics.g2d.SpriteBatch::flush@176 (line 975)
  0x00007f929ba54708: d408 93ff 

  0x00007f929ba5470c: ;   {post_call_nop}
  0x00007f929ba5470c: 0f1f 8400 | 8413 0008 | 8bd8 e9f8 | f3ff ff49 | 8bf2 48c1 | e603 448b | 5424 4849 | c1e2 0349 
  0x00007f929ba5472c: 8d2c fc4c | 8954 2458 

  0x00007f929ba54734: ;   {static_call}
  0x00007f929ba54734: c5f8 77e8 

  0x00007f929ba54738: ; ImmutableOopMap {rbp=Oop [8]=NarrowOop [12]=NarrowOop [16]=Oop [24]=Oop [32]=Oop [48]=Oop [56]=Oop [64]=NarrowOop [68]=NarrowOop [72]=NarrowOop [88]=Oop }
                      ;*invokestatic hashCode {reexecute=0 rethrow=0 return_oop=0}
                      ; - java.lang.String::hashCode@37 (line 2720)
                      ; - com.badlogic.gdx.utils.ObjectIntMap::get@1 (line 279)
                      ; - com.badlogic.gdx.graphics.glutils.ShaderProgram::fetchAttributeLocation@11 (line 290)
                      ; - com.badlogic.gdx.graphics.glutils.ShaderProgram::disableVertexAttribute@10 (line 717)
                      ; - com.badlogic.gdx.graphics.glutils.VertexArray::unbind@34 (line 145)
                      ; - com.badlogic.gdx.graphics.Mesh::unbind@6 (line 398)
                      ; - com.badlogic.gdx.graphics.Mesh::unbind@3 (line 389)
                      ; - com.badlogic.gdx.graphics.Mesh::render@178 (line 501)
                      ; - com.badlogic.gdx.graphics.Mesh::render@10 (line 449)
                      ; - com.badlogic.gdx.graphics.g2d.SpriteBatch::flush@176 (line 975)
  0x00007f929ba54738: a408 93ff 

  0x00007f929ba5473c: ;   {post_call_nop}
  0x00007f929ba5473c: 0f1f 8400 | b413 0009 | 8bd8 e975 | ffff ff45 | 33db e9dd | f3ff ff45 | 33d2 458b | cae9 31fa 
  0x00007f929ba5475c: ffff 894e | 2ce9 80ed | ffff 85d2 | 7707 33db | e94f ffff | ff44 0fb6 | 1741 8bda | e943 ffff 
  0x00007f929ba5477c: ff44 8b54 | 244c 43c6 | 44d4 1101 | 4533 dbe9 | a0f3 ffff | 448b 5c24 | 4043 c644 | dc11 0145 
  0x00007f929ba5479c: 33d2 8b74 | 2448 458b | cae9 e5f9 | ffff bee4 | ffff ff48 | 8b6c 2408 | 895c 240c | 48ff 7424 
  0x00007f929ba547bc: 2048 8f44 | 2418 894c | 2430 6690 

  0x00007f929ba547c8: ;   {runtime_call UncommonTrapBlob}
  0x00007f929ba547c8: c5f8 77e8 

  0x00007f929ba547cc: ; ImmutableOopMap {rbp=Oop [12]=NarrowOop [24]=Oop [40]=NarrowOop [48]=NarrowOop [56]=NarrowOop }
                      ;*aaload {reexecute=0 rethrow=0 return_oop=0}
                      ; - com.badlogic.gdx.graphics.VertexAttributes::get@5 (line 109)
                      ; - com.badlogic.gdx.graphics.glutils.VertexArray::bind@44 (line 108)
                      ; - com.badlogic.gdx.graphics.Mesh::bind@6 (line 380)
                      ; - com.badlogic.gdx.graphics.Mesh::bind@3 (line 371)
                      ; - com.badlogic.gdx.graphics.Mesh::render@13 (line 479)
                      ; - com.badlogic.gdx.graphics.Mesh::render@10 (line 449)
                      ; - com.badlogic.gdx.graphics.g2d.SpriteBatch::flush@176 (line 975)
  0x00007f929ba547cc: 9062 a0ff 

  0x00007f929ba547d0: ;   {post_call_nop}
  0x00007f929ba547d0: 0f1f 8400 | 4814 000a | bef6 ffff | ff8b 6c24 | 4c66 6690 

  0x00007f929ba547e4: ;   {runtime_call UncommonTrapBlob}
  0x00007f929ba547e4: c5f8 77e8 

  0x00007f929ba547e8: ; ImmutableOopMap {rbp=NarrowOop }
                      ;*invokevirtual get {reexecute=0 rethrow=0 return_oop=0}
                      ; - com.badlogic.gdx.graphics.glutils.ShaderProgram::getAttributeLocation@6 (line 865)
                      ; - com.badlogic.gdx.graphics.glutils.VertexArray::bind@55 (line 109)
                      ; - com.badlogic.gdx.graphics.Mesh::bind@6 (line 380)
                      ; - com.badlogic.gdx.graphics.Mesh::bind@3 (line 371)
                      ; - com.badlogic.gdx.graphics.Mesh::render@13 (line 479)
                      ; - com.badlogic.gdx.graphics.Mesh::render@10 (line 449)
                      ; - com.badlogic.gdx.graphics.g2d.SpriteBatch::flush@176 (line 975)
  0x00007f929ba547e8: 7462 a0ff 

  0x00007f929ba547ec: ;   {post_call_nop}
  0x00007f929ba547ec: 0f1f 8400 | 6414 000b | bee4 ffff | ff48 ff74 | 2420 488f | 4424 1848 | 8944 24f8 | 8b44 2438 
  0x00007f929ba5480c: 8944 2424 | 488b 4424 | f848 8944 | 24f8 8b44 | 243c 8944 | 2434 488b | 4424 f848 | 8944 24f8 
  0x00007f929ba5482c: 8b44 2448 | 8944 2438 | 488b 4424 | f848 8944 | 24f8 8b44 | 2450 8944 | 243c 488b | 4424 f844 
  0x00007f929ba5484c: 895c 2444 | 4489 5424 | 5066 6690 

  0x00007f929ba54858: ;   {runtime_call UncommonTrapBlob}
  0x00007f929ba54858: c5f8 77e8 

  0x00007f929ba5485c: ; ImmutableOopMap {rbp=NarrowOop [8]=Oop [24]=Oop [36]=NarrowOop [40]=NarrowOop [56]=NarrowOop [60]=NarrowOop [76]=NarrowOop }
                      ;*aaload {reexecute=0 rethrow=0 return_oop=0}
                      ; - com.badlogic.gdx.utils.ObjectIntMap::get@20 (line 281)
                      ; - com.badlogic.gdx.graphics.glutils.ShaderProgram::getAttributeLocation@6 (line 865)
                      ; - com.badlogic.gdx.graphics.glutils.VertexArray::bind@55 (line 109)
                      ; - com.badlogic.gdx.graphics.Mesh::bind@6 (line 380)
                      ; - com.badlogic.gdx.graphics.Mesh::bind@3 (line 371)
                      ; - com.badlogic.gdx.graphics.Mesh::render@13 (line 479)
                      ; - com.badlogic.gdx.graphics.Mesh::render@10 (line 449)
                      ; - com.badlogic.gdx.graphics.g2d.SpriteBatch::flush@176 (line 975)
  0x00007f929ba5485c: 0062 a0ff 

  0x00007f929ba54860: ;   {post_call_nop}
  0x00007f929ba54860: 0f1f 8400 | d814 000c | bee4 ffff | ff48 ff74 | 2420 488f | 4424 1848 | 8944 24f8 | 8b44 2438 
  0x00007f929ba54880: 8944 2424 | 488b 4424 | f848 8944 | 24f8 8b44 | 243c 8944 | 2434 488b | 4424 f844 | 8954 243c 
  0x00007f929ba548a0: ;   {runtime_call UncommonTrapBlob}
  0x00007f929ba548a0: c5f8 77e8 

  0x00007f929ba548a4: ; ImmutableOopMap {rbp=NarrowOop [8]=Oop [24]=Oop [36]=NarrowOop [40]=NarrowOop [72]=NarrowOop }
                      ;*iaload {reexecute=0 rethrow=0 return_oop=0}
                      ; - com.badlogic.gdx.utils.ObjectIntMap::get@82 (line 288)
                      ; - com.badlogic.gdx.graphics.glutils.ShaderProgram::getAttributeLocation@6 (line 865)
                      ; - com.badlogic.gdx.graphics.glutils.VertexArray::bind@55 (line 109)
                      ; - com.badlogic.gdx.graphics.Mesh::bind@6 (line 380)
                      ; - com.badlogic.gdx.graphics.Mesh::bind@3 (line 371)
                      ; - com.badlogic.gdx.graphics.Mesh::render@13 (line 479)
                      ; - com.badlogic.gdx.graphics.Mesh::render@10 (line 449)
                      ; - com.badlogic.gdx.graphics.g2d.SpriteBatch::flush@176 (line 975)
  0x00007f929ba548a4: b861 a0ff 

  0x00007f929ba548a8: ;   {post_call_nop}
  0x00007f929ba548a8: 0f1f 8400 | 2015 000d | bee4 ffff | ff48 ff74 | 2420 488f | 4424 1044 | 8944 2408 | 4889 5c24 
  0x00007f929ba548c8: 1844 8954 | 2420 894c | 242c 6690 

  0x00007f929ba548d4: ;   {runtime_call UncommonTrapBlob}
  0x00007f929ba548d4: c5f8 77e8 

  0x00007f929ba548d8: ; ImmutableOopMap {rbp=NarrowOop [8]=NarrowOop [12]=NarrowOop [16]=Oop [24]=Oop }
                      ;*aaload {reexecute=0 rethrow=0 return_oop=0}
                      ; - com.badlogic.gdx.graphics.VertexAttributes::get@5 (line 109)
                      ; - com.badlogic.gdx.graphics.glutils.VertexArray::unbind@28 (line 145)
                      ; - com.badlogic.gdx.graphics.Mesh::unbind@6 (line 398)
                      ; - com.badlogic.gdx.graphics.Mesh::unbind@3 (line 389)
                      ; - com.badlogic.gdx.graphics.Mesh::render@178 (line 501)
                      ; - com.badlogic.gdx.graphics.Mesh::render@10 (line 449)
                      ; - com.badlogic.gdx.graphics.g2d.SpriteBatch::flush@176 (line 975)
  0x00007f929ba548d8: 8461 a0ff 

  0x00007f929ba548dc: ;   {post_call_nop}
  0x00007f929ba548dc: 0f1f 8400 | 5415 000e | bef6 ffff | ff8b ef90 

  0x00007f929ba548ec: ;   {runtime_call UncommonTrapBlob}
  0x00007f929ba548ec: c5f8 77e8 

  0x00007f929ba548f0: ; ImmutableOopMap {rbp=NarrowOop }
                      ;*invokevirtual get {reexecute=0 rethrow=0 return_oop=0}
                      ; - com.badlogic.gdx.graphics.glutils.ShaderProgram::fetchAttributeLocation@11 (line 290)
                      ; - com.badlogic.gdx.graphics.glutils.ShaderProgram::disableVertexAttribute@10 (line 717)
                      ; - com.badlogic.gdx.graphics.glutils.VertexArray::unbind@34 (line 145)
                      ; - com.badlogic.gdx.graphics.Mesh::unbind@6 (line 398)
                      ; - com.badlogic.gdx.graphics.Mesh::unbind@3 (line 389)
                      ; - com.badlogic.gdx.graphics.Mesh::render@178 (line 501)
                      ; - com.badlogic.gdx.graphics.Mesh::render@10 (line 449)
                      ; - com.badlogic.gdx.graphics.g2d.SpriteBatch::flush@176 (line 975)
  0x00007f929ba548f0: 6c61 a0ff 

  0x00007f929ba548f4: ;   {post_call_nop}
  0x00007f929ba548f4: 0f1f 8400 | 6c15 000f | bee4 ffff | ff48 8b6c | 2420 4889 | 4424 f88b | 4424 2889 | 4424 1848 
  0x00007f929ba54914: 8b44 24f8 | 4889 4424 | f88b 4424 | 2c89 4424 | 1c48 8b44 | 24f8 4889 | 4424 f88b | 4424 4489 
  0x00007f929ba54934: 4424 2c48 | 8b44 24f8 | 4489 5424 | 3044 894c | 2438 4489 | 4424 4444 | 895c 2448 

  0x00007f929ba54950: ;   {runtime_call UncommonTrapBlob}
  0x00007f929ba54950: c5f8 77e8 

  0x00007f929ba54954: ; ImmutableOopMap {rbp=Oop [8]=NarrowOop [12]=NarrowOop [16]=Oop [44]=NarrowOop [48]=NarrowOop [64]=NarrowOop [68]=NarrowOop }
                      ;*aaload {reexecute=0 rethrow=0 return_oop=0}
                      ; - com.badlogic.gdx.utils.ObjectIntMap::get@20 (line 281)
                      ; - com.badlogic.gdx.graphics.glutils.ShaderProgram::fetchAttributeLocation@11 (line 290)
                      ; - com.badlogic.gdx.graphics.glutils.ShaderProgram::disableVertexAttribute@10 (line 717)
                      ; - com.badlogic.gdx.graphics.glutils.VertexArray::unbind@34 (line 145)
                      ; - com.badlogic.gdx.graphics.Mesh::unbind@6 (line 398)
                      ; - com.badlogic.gdx.graphics.Mesh::unbind@3 (line 389)
                      ; - com.badlogic.gdx.graphics.Mesh::render@178 (line 501)
                      ; - com.badlogic.gdx.graphics.Mesh::render@10 (line 449)
                      ; - com.badlogic.gdx.graphics.g2d.SpriteBatch::flush@176 (line 975)
  0x00007f929ba54954: 0861 a0ff 

  0x00007f929ba54958: ;   {post_call_nop}
  0x00007f929ba54958: 0f1f 8400 | d015 0010 | bee4 ffff | ff48 ff74 | 2420 488f | 4424 1848 | 8944 24f8 | 8b44 2428 
  0x00007f929ba54978: 8944 2420 | 488b 4424 | f848 8944 | 24f8 8b44 | 242c 8944 | 2424 488b | 4424 f844 | 895c 2438 
  0x00007f929ba54998: ;   {runtime_call UncommonTrapBlob}
  0x00007f929ba54998: c5f8 77e8 

  0x00007f929ba5499c: ; ImmutableOopMap {rbp=NarrowOop [8]=NarrowOop [12]=NarrowOop [16]=Oop [24]=Oop [64]=NarrowOop [68]=NarrowOop }
                      ;*iaload {reexecute=0 rethrow=0 return_oop=0}
                      ; - com.badlogic.gdx.utils.ObjectIntMap::get@82 (line 288)
                      ; - com.badlogic.gdx.graphics.glutils.ShaderProgram::fetchAttributeLocation@11 (line 290)
                      ; - com.badlogic.gdx.graphics.glutils.ShaderProgram::disableVertexAttribute@10 (line 717)
                      ; - com.badlogic.gdx.graphics.glutils.VertexArray::unbind@34 (line 145)
                      ; - com.badlogic.gdx.graphics.Mesh::unbind@6 (line 398)
                      ; - com.badlogic.gdx.graphics.Mesh::unbind@3 (line 389)
                      ; - com.badlogic.gdx.graphics.Mesh::render@178 (line 501)
                      ; - com.badlogic.gdx.graphics.Mesh::render@10 (line 449)
                      ; - com.badlogic.gdx.graphics.g2d.SpriteBatch::flush@176 (line 975)
  0x00007f929ba5499c: c060 a0ff 

  0x00007f929ba549a0: ;   {post_call_nop}
  0x00007f929ba549a0: 0f1f 8400 | 1816 0011 | bede ffff | ff48 8b6c | 2408 4889 | 4424 f88b | 4424 1089 | 4424 0848 
  0x00007f929ba549c0: 8b44 24f8 | 48ff 7424 | 2048 8f44 | 2418 4889 | 4424 f88b | 4424 2889 | 4424 0c48 | 8b44 24f8 
  0x00007f929ba549e0: 4889 4424 | f88b 4424 | 2c89 4424 | 2048 8b44 | 24f8 4489 | 4424 2848 | 8944 24f8 | 8b44 243c 
  0x00007f929ba54a00: 8944 242c | 488b 4424 | f848 8944 | 24f8 8b44 | 244c 8944 | 2434 488b | 4424 f844 | 895c 2438 
  0x00007f929ba54a20: ;   {runtime_call UncommonTrapBlob}
  0x00007f929ba54a20: c5f8 77e8 

  0x00007f929ba54a24: ; ImmutableOopMap {rbp=Oop [12]=NarrowOop [24]=Oop [40]=NarrowOop [56]=NarrowOop [72]=NarrowOop }
                      ;*invokeinterface glEnableVertexAttribArray {reexecute=0 rethrow=0 return_oop=0}
                      ; - com.badlogic.gdx.graphics.glutils.ShaderProgram::enableVertexAttribute@10 (line 742)
                      ; - com.badlogic.gdx.graphics.glutils.VertexArray::bind@71 (line 111)
                      ; - com.badlogic.gdx.graphics.Mesh::bind@6 (line 380)
                      ; - com.badlogic.gdx.graphics.Mesh::bind@3 (line 371)
                      ; - com.badlogic.gdx.graphics.Mesh::render@13 (line 479)
                      ; - com.badlogic.gdx.graphics.Mesh::render@10 (line 449)
                      ; - com.badlogic.gdx.graphics.g2d.SpriteBatch::flush@176 (line 975)
  0x00007f929ba54a24: 3860 a0ff 

  0x00007f929ba54a28: ;   {post_call_nop}
  0x00007f929ba54a28: 0f1f 8400 | a016 0012 | bede ffff | ff48 8b6c | 2408 4889 | 4424 f88b | 4424 1089 | 4424 0848 
  0x00007f929ba54a48: 8b44 24f8 | 48ff 7424 | 2048 8f44 | 2418 4889 | 4424 f88b | 4424 2889 | 4424 0c48 | 8b44 24f8 
  0x00007f929ba54a68: 4889 4424 | f88b 4424 | 3889 4424 | 1048 8b44 | 24f8 4889 | 4424 f88b | 4424 2c89 | 4424 2048 
  0x00007f929ba54a88: 8b44 24f8 | 4889 4424 | f88b 4424 | 3c89 4424 | 2c48 8b44 | 24f8 4489 | 5424 3844 | 895c 243c 
  0x00007f929ba54aa8: ;   {runtime_call UncommonTrapBlob}
  0x00007f929ba54aa8: c5f8 77e8 

  0x00007f929ba54aac: ; ImmutableOopMap {rbp=Oop [12]=NarrowOop [16]=NarrowOop [24]=Oop [56]=NarrowOop [72]=NarrowOop }
                      ;*invokevirtual position {reexecute=0 rethrow=0 return_oop=0}
                      ; - com.badlogic.gdx.graphics.glutils.VertexArray::bind@83 (line 113)
                      ; - com.badlogic.gdx.graphics.Mesh::bind@6 (line 380)
                      ; - com.badlogic.gdx.graphics.Mesh::bind@3 (line 371)
                      ; - com.badlogic.gdx.graphics.Mesh::render@13 (line 479)
                      ; - com.badlogic.gdx.graphics.Mesh::render@10 (line 449)
                      ; - com.badlogic.gdx.graphics.g2d.SpriteBatch::flush@176 (line 975)
  0x00007f929ba54aac: b05f a0ff 

  0x00007f929ba54ab0: ;   {post_call_nop}
  0x00007f929ba54ab0: 0f1f 8400 | 2817 0013 | bede ffff | ff48 8b6c | 2420 4489 | 4424 2490 

  0x00007f929ba54ac8: ;   {runtime_call UncommonTrapBlob}
  0x00007f929ba54ac8: c5f8 77e8 

  0x00007f929ba54acc: ; ImmutableOopMap {rbp=Oop [8]=NarrowOop [12]=NarrowOop [16]=Oop [68]=NarrowOop }
                      ;*invokeinterface glDisableVertexAttribArray {reexecute=0 rethrow=0 return_oop=0}
                      ; - com.badlogic.gdx.graphics.glutils.ShaderProgram::disableVertexAttribute@22 (line 719)
                      ; - com.badlogic.gdx.graphics.glutils.VertexArray::unbind@34 (line 145)
                      ; - com.badlogic.gdx.graphics.Mesh::unbind@6 (line 398)
                      ; - com.badlogic.gdx.graphics.Mesh::unbind@3 (line 389)
                      ; - com.badlogic.gdx.graphics.Mesh::render@178 (line 501)
                      ; - com.badlogic.gdx.graphics.Mesh::render@10 (line 449)
                      ; - com.badlogic.gdx.graphics.g2d.SpriteBatch::flush@176 (line 975)
  0x00007f929ba54acc: 905f a0ff 

  0x00007f929ba54ad0: ;   {post_call_nop}
  0x00007f929ba54ad0: 0f1f 8400 | 4817 0014 | be45 ffff | ff48 8b6c | 2408 4889 | 4424 f88b | 4424 1089 | 4424 0848 
  0x00007f929ba54af0: 8b44 24f8 | 48ff 7424 | 2048 8f44 | 2418 4889 | 4424 f88b | 4424 2889 | 4424 0c48 | 8b44 24f8 
  0x00007f929ba54b10: 4889 4424 | f88b 4424 | 3889 4424 | 1048 8b44 | 24f8 4889 | 4424 f88b | 4424 2c89 | 4424 2048 
  0x00007f929ba54b30: 8b44 24f8 | 4889 4424 | f88b 4424 | 3c89 4424 | 2c48 8b44 | 24f8 4489 | 5c24 3c90 

  0x00007f929ba54b4c: ;   {runtime_call UncommonTrapBlob}
  0x00007f929ba54b4c: c5f8 77e8 

  0x00007f929ba54b50: ; ImmutableOopMap {rbp=Oop [12]=NarrowOop [16]=NarrowOop [24]=Oop [72]=NarrowOop [76]=NarrowOop [80]=NarrowOop }
                      ;*ifne {reexecute=1 rethrow=0 return_oop=0}
                      ; - (reexecute) com.badlogic.gdx.utils.ObjectIntMap::get@24 (line 281)
                      ; - com.badlogic.gdx.graphics.glutils.ShaderProgram::getAttributeLocation@6 (line 865)
                      ; - com.badlogic.gdx.graphics.glutils.VertexArray::bind@55 (line 109)
                      ; - com.badlogic.gdx.graphics.Mesh::bind@6 (line 380)
                      ; - com.badlogic.gdx.graphics.Mesh::bind@3 (line 371)
                      ; - com.badlogic.gdx.graphics.Mesh::render@13 (line 479)
                      ; - com.badlogic.gdx.graphics.Mesh::render@10 (line 449)
                      ; - com.badlogic.gdx.graphics.g2d.SpriteBatch::flush@176 (line 975)
  0x00007f929ba54b50: 0c5f a0ff 

  0x00007f929ba54b54: ;   {post_call_nop}
  0x00007f929ba54b54: 0f1f 8400 | cc17 0015 | be45 ffff | ff48 8b6c | 2420 4889 | 4424 f88b | 4424 2889 | 4424 1848 
  0x00007f929ba54b74: 8b44 24f8 | 4889 4424 | f88b 4424 | 2c89 4424 | 1c48 8b44 | 24f8 4489 | 5424 3044 | 894c 2438 
  0x00007f929ba54b94: ;   {runtime_call UncommonTrapBlob}
  0x00007f929ba54b94: c5f8 77e8 

  0x00007f929ba54b98: ; ImmutableOopMap {rbp=Oop [8]=NarrowOop [12]=NarrowOop [16]=Oop [48]=NarrowOop [64]=NarrowOop [68]=NarrowOop }
                      ;*ifne {reexecute=1 rethrow=0 return_oop=0}
                      ; - (reexecute) com.badlogic.gdx.utils.ObjectIntMap::get@24 (line 281)
                      ; - com.badlogic.gdx.graphics.glutils.ShaderProgram::fetchAttributeLocation@11 (line 290)
                      ; - com.badlogic.gdx.graphics.glutils.ShaderProgram::disableVertexAttribute@10 (line 717)
                      ; - com.badlogic.gdx.graphics.glutils.VertexArray::unbind@34 (line 145)
                      ; - com.badlogic.gdx.graphics.Mesh::unbind@6 (line 398)
                      ; - com.badlogic.gdx.graphics.Mesh::unbind@3 (line 389)
                      ; - com.badlogic.gdx.graphics.Mesh::render@178 (line 501)
                      ; - com.badlogic.gdx.graphics.Mesh::render@10 (line 449)
                      ; - com.badlogic.gdx.graphics.g2d.SpriteBatch::flush@176 (line 975)
  0x00007f929ba54b98: c45e a0ff 

  0x00007f929ba54b9c: ;   {post_call_nop}
  0x00007f929ba54b9c: 0f1f 8400 | 1418 0016 | be45 ffff | ff48 8944 | 24f8 8b44 | 2448 8944 | 2440 488b | 4424 f848 
  0x00007f929ba54bbc: 8944 24f8 | 8b44 244c | 8944 2444 | 488b 4424 | f866 6690 

  0x00007f929ba54bd0: ;   {runtime_call UncommonTrapBlob}
  0x00007f929ba54bd0: c5f8 77e8 

  0x00007f929ba54bd4: ; ImmutableOopMap {rbp=NarrowOop [8]=Oop [24]=Oop [32]=Oop [40]=NarrowOop [56]=NarrowOop [64]=NarrowOop }
                      ;*if_acmpne {reexecute=1 rethrow=0 return_oop=0}
                      ; - (reexecute) org.lwjgl.opengl.GLContext::getCapabilitiesImpl@11 (line 132)
                      ; - org.lwjgl.opengl.GLContext::getCapabilities@0 (line 122)
                      ; - org.lwjgl.opengl.GL20::glEnableVertexAttribArray@0 (line 909)
                      ; - com.badlogic.gdx.backends.lwjgl.LwjglGL20::glEnableVertexAttribArray@1 (line 296)
                      ; - com.badlogic.gdx.graphics.glutils.ShaderProgram::enableVertexAttribute@10 (line 742)
                      ; - com.badlogic.gdx.graphics.glutils.VertexArray::bind@71 (line 111)
                      ; - com.badlogic.gdx.graphics.Mesh::bind@6 (line 380)
                      ; - com.badlogic.gdx.graphics.Mesh::bind@3 (line 371)
                      ; - com.badlogic.gdx.graphics.Mesh::render@13 (line 479)
                      ; - com.badlogic.gdx.graphics.Mesh::render@10 (line 449)
                      ; - com.badlogic.gdx.graphics.g2d.SpriteBatch::flush@176 (line 975)
  0x00007f929ba54bd4: 885e a0ff 

  0x00007f929ba54bd8: ;   {post_call_nop}
  0x00007f929ba54bd8: 0f1f 8400 | 5018 0017 | be45 ffff | ff48 ff74 | 2420 488f | 4424 1848 | 8944 24f8 | 8b44 2428 
  0x00007f929ba54bf8: 8944 2420 | 488b 4424 | f844 8944 | 2428 4c89 | 4c24 3090 

  0x00007f929ba54c0c: ;   {runtime_call UncommonTrapBlob}
  0x00007f929ba54c0c: c5f8 77e8 

  0x00007f929ba54c10: ; ImmutableOopMap {rbp=NarrowOop [8]=NarrowOop [12]=NarrowOop [16]=Oop [24]=Oop [48]=Oop }
                      ;*if_acmpne {reexecute=1 rethrow=0 return_oop=0}
                      ; - (reexecute) org.lwjgl.opengl.GLContext::getCapabilitiesImpl@11 (line 132)
                      ; - org.lwjgl.opengl.GLContext::getCapabilities@0 (line 122)
                      ; - org.lwjgl.opengl.GL20::glDisableVertexAttribArray@0 (line 917)
                      ; - com.badlogic.gdx.backends.lwjgl.LwjglGL20::glDisableVertexAttribArray@1 (line 272)
                      ; - com.badlogic.gdx.graphics.glutils.ShaderProgram::disableVertexAttribute@22 (line 719)
                      ; - com.badlogic.gdx.graphics.glutils.VertexArray::unbind@34 (line 145)
                      ; - com.badlogic.gdx.graphics.Mesh::unbind@6 (line 398)
                      ; - com.badlogic.gdx.graphics.Mesh::unbind@3 (line 389)
                      ; - com.badlogic.gdx.graphics.Mesh::render@178 (line 501)
                      ; - com.badlogic.gdx.graphics.Mesh::render@10 (line 449)
                      ; - com.badlogic.gdx.graphics.g2d.SpriteBatch::flush@176 (line 975)
  0x00007f929ba54c10: 4c5e a0ff 

  0x00007f929ba54c14: ;   {post_call_nop}
  0x00007f929ba54c14: 0f1f 8400 | 8c18 0018 | be45 ffff | ff48 8b6c | 2408 4889 | 4424 f88b | 4424 1089 | 4424 0848 
  0x00007f929ba54c34: 8b44 24f8 | 48ff 7424 | 2048 8f44 | 2418 4889 | 4424 f88b | 4424 2889 | 4424 0c48 | 8b44 24f8 
  0x00007f929ba54c54: 4889 4424 | f88b 4424 | 3889 4424 | 1048 8b44 | 24f8 4889 | 4424 f88b | 4424 2c89 | 4424 2048 
  0x00007f929ba54c74: 8b44 24f8 

  0x00007f929ba54c78: ;   {runtime_call UncommonTrapBlob}
  0x00007f929ba54c78: c5f8 77e8 

  0x00007f929ba54c7c: ; ImmutableOopMap {rbp=Oop [12]=NarrowOop [16]=NarrowOop [24]=Oop }
                      ;*ifge {reexecute=1 rethrow=0 return_oop=0}
                      ; - (reexecute) com.badlogic.gdx.graphics.glutils.VertexArray::bind@62 (line 110)
                      ; - com.badlogic.gdx.graphics.Mesh::bind@6 (line 380)
                      ; - com.badlogic.gdx.graphics.Mesh::bind@3 (line 371)
                      ; - com.badlogic.gdx.graphics.Mesh::render@13 (line 479)
                      ; - com.badlogic.gdx.graphics.Mesh::render@10 (line 449)
                      ; - com.badlogic.gdx.graphics.g2d.SpriteBatch::flush@176 (line 975)
  0x00007f929ba54c7c: e05d a0ff 

  0x00007f929ba54c80: ;   {post_call_nop}
  0x00007f929ba54c80: 0f1f 8400 | f818 0019 | be45 ffff | ff48 ff74 | 2420 488f | 4424 1844 | 8944 2430 | 4889 4424 
  0x00007f929ba54ca0: f88b 4424 | 3c89 4424 | 3448 8b44 | 24f8 4889 | 4424 f88b | 4424 4889 | 4424 3c48 | 8b44 24f8 
  0x00007f929ba54cc0: 4889 4424 | f88b 4424 | 4c89 4424 | 4048 8b44 | 24f8 4489 | 5c24 4890 

  0x00007f929ba54cd8: ;   {runtime_call UncommonTrapBlob}
  0x00007f929ba54cd8: c5f8 77e8 

  0x00007f929ba54cdc: ; ImmutableOopMap {[8]=Oop [24]=Oop [40]=NarrowOop [48]=NarrowOop [56]=NarrowOop [60]=NarrowOop [72]=NarrowOop }
                      ;*ifeq {reexecute=1 rethrow=0 return_oop=0}
                      ; - (reexecute) com.badlogic.gdx.graphics.glutils.ShaderProgram::checkManaged@4 (line 746)
                      ; - com.badlogic.gdx.graphics.glutils.ShaderProgram::enableVertexAttribute@5 (line 741)
                      ; - com.badlogic.gdx.graphics.glutils.VertexArray::bind@71 (line 111)
                      ; - com.badlogic.gdx.graphics.Mesh::bind@6 (line 380)
                      ; - com.badlogic.gdx.graphics.Mesh::bind@3 (line 371)
                      ; - com.badlogic.gdx.graphics.Mesh::render@13 (line 479)
                      ; - com.badlogic.gdx.graphics.Mesh::render@10 (line 449)
                      ; - com.badlogic.gdx.graphics.g2d.SpriteBatch::flush@176 (line 975)
  0x00007f929ba54cdc: 805d a0ff 

  0x00007f929ba54ce0: ;   {post_call_nop}
  0x00007f929ba54ce0: 0f1f 8400 | 5819 001a | be45 ffff | ff48 ff74 | 2420 488f | 4424 1848 | 8944 24f8 | 8b44 2438 
  0x00007f929ba54d00: 8944 2424 | 488b 4424 | f848 8944 | 24f8 8b44 | 243c 8944 | 2434 488b | 4424 f848 | 8944 24f8 
  0x00007f929ba54d20: 8b44 244c | 8944 243c | 488b 4424 | f866 6690 

  0x00007f929ba54d30: ;   {runtime_call UncommonTrapBlob}
  0x00007f929ba54d30: c5f8 77e8 

  0x00007f929ba54d34: ; ImmutableOopMap {rbp=NarrowOop [8]=Oop [24]=Oop [36]=NarrowOop [40]=NarrowOop [72]=NarrowOop }
                      ;*ifnonnull {reexecute=1 rethrow=0 return_oop=0}
                      ; - (reexecute) org.lwjgl.opengl.GLContext::getCapabilities@5 (line 123)
                      ; - org.lwjgl.opengl.GL20::glEnableVertexAttribArray@0 (line 909)
                      ; - com.badlogic.gdx.backends.lwjgl.LwjglGL20::glEnableVertexAttribArray@1 (line 296)
                      ; - com.badlogic.gdx.graphics.glutils.ShaderProgram::enableVertexAttribute@10 (line 742)
                      ; - com.badlogic.gdx.graphics.glutils.VertexArray::bind@71 (line 111)
                      ; - com.badlogic.gdx.graphics.Mesh::bind@6 (line 380)
                      ; - com.badlogic.gdx.graphics.Mesh::bind@3 (line 371)
                      ; - com.badlogic.gdx.graphics.Mesh::render@13 (line 479)
                      ; - com.badlogic.gdx.graphics.Mesh::render@10 (line 449)
                      ; - com.badlogic.gdx.graphics.g2d.SpriteBatch::flush@176 (line 975)
  0x00007f929ba54d34: 285d a0ff 

  0x00007f929ba54d38: ;   {post_call_nop}
  0x00007f929ba54d38: 0f1f 8400 | b019 001b | 4533 db49 | 3bd3 bdff | ffff ff7c | 0840 0f95 | c540 0fb6 | edbe 45ff 
  0x00007f929ba54d58: ffff 48ff | 7424 2048 | 8f44 2418 | 4889 4424 | f88b 4424 | 3889 4424 | 2448 8b44 | 24f8 4889 
  0x00007f929ba54d78: 4424 f88b | 4424 3c89 | 4424 3448 | 8b44 24f8 | 4889 4424 | f88b 4424 | 4889 4424 | 3848 8b44 
  0x00007f929ba54d98: 24f8 4889 | 4424 f88b | 4424 4c89 | 4424 3c48 | 8b44 24f8 | 4889 5424 | 4866 6690 

  0x00007f929ba54db4: ;   {runtime_call UncommonTrapBlob}
  0x00007f929ba54db4: c5f8 77e8 

  0x00007f929ba54db8: ; ImmutableOopMap {[8]=Oop [24]=Oop [36]=NarrowOop [40]=NarrowOop [56]=NarrowOop }
                      ;*ifne {reexecute=1 rethrow=0 return_oop=0}
                      ; - (reexecute) org.lwjgl.BufferChecks::checkFunctionAddress@9 (line 57)
                      ; - org.lwjgl.opengl.GL20::glEnableVertexAttribArray@10 (line 911)
                      ; - com.badlogic.gdx.backends.lwjgl.LwjglGL20::glEnableVertexAttribArray@1 (line 296)
                      ; - com.badlogic.gdx.graphics.glutils.ShaderProgram::enableVertexAttribute@10 (line 742)
                      ; - com.badlogic.gdx.graphics.glutils.VertexArray::bind@71 (line 111)
                      ; - com.badlogic.gdx.graphics.Mesh::bind@6 (line 380)
                      ; - com.badlogic.gdx.graphics.Mesh::bind@3 (line 371)
                      ; - com.badlogic.gdx.graphics.Mesh::render@13 (line 479)
                      ; - com.badlogic.gdx.graphics.Mesh::render@10 (line 449)
                      ; - com.badlogic.gdx.graphics.g2d.SpriteBatch::flush@176 (line 975)
  0x00007f929ba54db8: a45c a0ff 

  0x00007f929ba54dbc: ;   {post_call_nop}
  0x00007f929ba54dbc: 0f1f 8400 | 341a 001c | be45 ffff | ff48 ff74 | 2420 488f | 4424 1848 | 8944 24f8 | 8b44 2438 
  0x00007f929ba54ddc: 8944 2424 | 488b 4424 | f848 8944 | 24f8 8b44 | 243c 8944 | 2434 488b | 4424 f848 | 8944 24f8 
  0x00007f929ba54dfc: 8b44 2448 | 8944 2438 | 488b 4424 | f848 8944 | 24f8 8b44 | 244c 8944 | 243c 488b | 4424 f84c 
  0x00007f929ba54e1c: 8944 2448 | 4c89 4424 | 5044 895c | 245c 6690 

  0x00007f929ba54e2c: ;   {runtime_call UncommonTrapBlob}
  0x00007f929ba54e2c: c5f8 77e8 

  0x00007f929ba54e30: ; ImmutableOopMap {[8]=Oop [24]=Oop [36]=NarrowOop [40]=NarrowOop [56]=NarrowOop [72]=Oop [80]=Oop }
                      ;*if_icmple {reexecute=1 rethrow=0 return_oop=0}
                      ; - (reexecute) java.nio.Buffer::position@5 (line 325)
                      ; - java.nio.ByteBuffer::position@2 (line 1576)
                      ; - java.nio.MappedByteBuffer::position@2 (line 329)
                      ; - java.nio.MappedByteBuffer::position@2 (line 74)
                      ; - com.badlogic.gdx.graphics.glutils.VertexArray::bind@83 (line 113)
                      ; - com.badlogic.gdx.graphics.Mesh::bind@6 (line 380)
                      ; - com.badlogic.gdx.graphics.Mesh::bind@3 (line 371)
                      ; - com.badlogic.gdx.graphics.Mesh::render@13 (line 479)
                      ; - com.badlogic.gdx.graphics.Mesh::render@10 (line 449)
                      ; - com.badlogic.gdx.graphics.g2d.SpriteBatch::flush@176 (line 975)
  0x00007f929ba54e30: 2c5c a0ff 

  0x00007f929ba54e34: ;   {post_call_nop}
  0x00007f929ba54e34: 0f1f 8400 | ac1a 001d | be45 ffff | ff48 8b6c | 2408 4889 | 4424 f88b | 4424 1089 | 4424 0848 
  0x00007f929ba54e54: 8b44 24f8 | 48ff 7424 | 2048 8f44 | 2418 4889 | 4424 f88b | 4424 2889 | 4424 0c48 | 8b44 24f8 
  0x00007f929ba54e74: 4889 4424 | f88b 4424 | 3889 4424 | 1048 8b44 | 24f8 4889 | 4424 f88b | 4424 2c89 | 4424 2048 
  0x00007f929ba54e94: 8b44 24f8 | 4889 4424 | f88b 4424 | 3c89 4424 | 2c48 8b44 | 24f8 4889 | 4424 f88b | 4424 4889 
  0x00007f929ba54eb4: 4424 3048 | 8b44 24f8 | 4889 4424 | f88b 4424 | 4c89 4424 | 3448 8b44 | 24f8 4c89 | 4424 404c 
  0x00007f929ba54ed4: 8944 2448 | 4489 5c24 | 5466 6690 

  0x00007f929ba54ee0: ;   {runtime_call UncommonTrapBlob}
  0x00007f929ba54ee0: c5f8 77e8 

  0x00007f929ba54ee4: ; ImmutableOopMap {rbp=Oop [12]=NarrowOop [16]=NarrowOop [24]=Oop [48]=NarrowOop [64]=Oop [72]=Oop }
                      ;*ifge {reexecute=1 rethrow=0 return_oop=0}
                      ; - (reexecute) java.nio.Buffer::position@14 (line 325)
                      ; - java.nio.ByteBuffer::position@2 (line 1576)
                      ; - java.nio.MappedByteBuffer::position@2 (line 329)
                      ; - java.nio.MappedByteBuffer::position@2 (line 74)
                      ; - com.badlogic.gdx.graphics.glutils.VertexArray::bind@83 (line 113)
                      ; - com.badlogic.gdx.graphics.Mesh::bind@6 (line 380)
                      ; - com.badlogic.gdx.graphics.Mesh::bind@3 (line 371)
                      ; - com.badlogic.gdx.graphics.Mesh::render@13 (line 479)
                      ; - com.badlogic.gdx.graphics.Mesh::render@10 (line 449)
                      ; - com.badlogic.gdx.graphics.g2d.SpriteBatch::flush@176 (line 975)
  0x00007f929ba54ee4: 785b a0ff 

  0x00007f929ba54ee8: ;   {post_call_nop}
  0x00007f929ba54ee8: 0f1f 8400 | 601b 001e | be45 ffff | ff48 ff74 | 2420 488f | 4424 1848 | 8944 24f8 | 8b44 2438 
  0x00007f929ba54f08: 8944 2424 | 488b 4424 | f848 8944 | 24f8 8b44 | 243c 8944 | 2434 488b | 4424 f848 | 8944 24f8 
  0x00007f929ba54f28: 8b44 2448 | 8944 2438 | 488b 4424 | f848 8944 | 24f8 8b44 | 244c 8944 | 243c 488b | 4424 f84c 
  0x00007f929ba54f48: 8944 2448 | 4c89 4424 | 5044 895c | 245c 6690 

  0x00007f929ba54f58: ;   {runtime_call UncommonTrapBlob}
  0x00007f929ba54f58: c5f8 77e8 

  0x00007f929ba54f5c: ; ImmutableOopMap {[8]=Oop [24]=Oop [36]=NarrowOop [40]=NarrowOop [56]=NarrowOop [72]=Oop [80]=Oop }
                      ;*if_icmple {reexecute=1 rethrow=0 return_oop=0}
                      ; - (reexecute) java.nio.Buffer::position@37 (line 327)
                      ; - java.nio.ByteBuffer::position@2 (line 1576)
                      ; - java.nio.MappedByteBuffer::position@2 (line 329)
                      ; - java.nio.MappedByteBuffer::position@2 (line 74)
                      ; - com.badlogic.gdx.graphics.glutils.VertexArray::bind@83 (line 113)
                      ; - com.badlogic.gdx.graphics.Mesh::bind@6 (line 380)
                      ; - com.badlogic.gdx.graphics.Mesh::bind@3 (line 371)
                      ; - com.badlogic.gdx.graphics.Mesh::render@13 (line 479)
                      ; - com.badlogic.gdx.graphics.Mesh::render@10 (line 449)
                      ; - com.badlogic.gdx.graphics.g2d.SpriteBatch::flush@176 (line 975)
  0x00007f929ba54f5c: 005b a0ff 

  0x00007f929ba54f60: ;   {post_call_nop}
  0x00007f929ba54f60: 0f1f 8400 | d81b 001f | be45 ffff | ff48 8b6c | 2420 4489 | 4424 0848 | 895c 2410 | 4489 5424 
  0x00007f929ba54f80: 1889 4c24 | 1c89 7c24 | 2444 895c | 2428 8954 | 2430 6690 

  0x00007f929ba54f94: ;   {runtime_call UncommonTrapBlob}
  0x00007f929ba54f94: c5f8 77e8 

  0x00007f929ba54f98: ; ImmutableOopMap {rbp=Oop [8]=NarrowOop [12]=NarrowOop [16]=Oop [36]=NarrowOop [40]=NarrowOop }
                      ;*ifeq {reexecute=1 rethrow=0 return_oop=0}
                      ; - (reexecute) com.badlogic.gdx.graphics.glutils.ShaderProgram::checkManaged@4 (line 746)
                      ; - com.badlogic.gdx.graphics.glutils.ShaderProgram::disableVertexAttribute@5 (line 716)
                      ; - com.badlogic.gdx.graphics.glutils.VertexArray::unbind@34 (line 145)
                      ; - com.badlogic.gdx.graphics.Mesh::unbind@6 (line 398)
                      ; - com.badlogic.gdx.graphics.Mesh::unbind@3 (line 389)
                      ; - com.badlogic.gdx.graphics.Mesh::render@178 (line 501)
                      ; - com.badlogic.gdx.graphics.Mesh::render@10 (line 449)
                      ; - com.badlogic.gdx.graphics.g2d.SpriteBatch::flush@176 (line 975)
  0x00007f929ba54f98: c45a a0ff 

  0x00007f929ba54f9c: ;   {post_call_nop}
  0x00007f929ba54f9c: 0f1f 8400 | 141c 0020 | be45 ffff | ff48 8b6c | 2420 4889 | 4424 f88b | 4424 2889 | 4424 1848 
  0x00007f929ba54fbc: 8b44 24f8 | 4889 4424 | f88b 4424 | 2c89 4424 | 1c48 8b44 | 24f8 4489 | 5424 3090 

  0x00007f929ba54fd8: ;   {runtime_call UncommonTrapBlob}
  0x00007f929ba54fd8: c5f8 77e8 

  0x00007f929ba54fdc: ; ImmutableOopMap {rbp=Oop [8]=NarrowOop [12]=NarrowOop [16]=Oop [64]=NarrowOop [68]=NarrowOop }
                      ;*if_icmpne {reexecute=1 rethrow=0 return_oop=0}
                      ; - (reexecute) com.badlogic.gdx.graphics.glutils.ShaderProgram::fetchAttributeLocation@18 (line 290)
                      ; - com.badlogic.gdx.graphics.glutils.ShaderProgram::disableVertexAttribute@10 (line 717)
                      ; - com.badlogic.gdx.graphics.glutils.VertexArray::unbind@34 (line 145)
                      ; - com.badlogic.gdx.graphics.Mesh::unbind@6 (line 398)
                      ; - com.badlogic.gdx.graphics.Mesh::unbind@3 (line 389)
                      ; - com.badlogic.gdx.graphics.Mesh::render@178 (line 501)
                      ; - com.badlogic.gdx.graphics.Mesh::render@10 (line 449)
                      ; - com.badlogic.gdx.graphics.g2d.SpriteBatch::flush@176 (line 975)
  0x00007f929ba54fdc: 805a a0ff 

  0x00007f929ba54fe0: ;   {post_call_nop}
  0x00007f929ba54fe0: 0f1f 8400 | 581c 0021 | be45 ffff | ff48 8b6c | 2420 4489 | 5424 2090 

  0x00007f929ba54ff8: ;   {runtime_call UncommonTrapBlob}
  0x00007f929ba54ff8: c5f8 77e8 

  0x00007f929ba54ffc: ; ImmutableOopMap {rbp=Oop [8]=NarrowOop [12]=NarrowOop [16]=Oop }
                      ;*if_icmpne {reexecute=1 rethrow=0 return_oop=0}
                      ; - (reexecute) com.badlogic.gdx.graphics.glutils.ShaderProgram::disableVertexAttribute@16 (line 718)
                      ; - com.badlogic.gdx.graphics.glutils.VertexArray::unbind@34 (line 145)
                      ; - com.badlogic.gdx.graphics.Mesh::unbind@6 (line 398)
                      ; - com.badlogic.gdx.graphics.Mesh::unbind@3 (line 389)
                      ; - com.badlogic.gdx.graphics.Mesh::render@178 (line 501)
                      ; - com.badlogic.gdx.graphics.Mesh::render@10 (line 449)
                      ; - com.badlogic.gdx.graphics.g2d.SpriteBatch::flush@176 (line 975)
  0x00007f929ba54ffc: 605a a0ff 

  0x00007f929ba55000: ;   {post_call_nop}
  0x00007f929ba55000: 0f1f 8400 | 781c 0022 | be45 ffff | ff48 ff74 | 2420 488f | 4424 1848 | 8944 24f8 | 8b44 2428 
  0x00007f929ba55020: 8944 2420 | 488b 4424 | f844 8944 | 2428 6690 

  0x00007f929ba55030: ;   {runtime_call UncommonTrapBlob}
  0x00007f929ba55030: c5f8 77e8 

  0x00007f929ba55034: ; ImmutableOopMap {rbp=NarrowOop [8]=NarrowOop [12]=NarrowOop [16]=Oop [24]=Oop }
                      ;*ifnonnull {reexecute=1 rethrow=0 return_oop=0}
                      ; - (reexecute) org.lwjgl.opengl.GLContext::getCapabilities@5 (line 123)
                      ; - org.lwjgl.opengl.GL20::glDisableVertexAttribArray@0 (line 917)
                      ; - com.badlogic.gdx.backends.lwjgl.LwjglGL20::glDisableVertexAttribArray@1 (line 272)
                      ; - com.badlogic.gdx.graphics.glutils.ShaderProgram::disableVertexAttribute@22 (line 719)
                      ; - com.badlogic.gdx.graphics.glutils.VertexArray::unbind@34 (line 145)
                      ; - com.badlogic.gdx.graphics.Mesh::unbind@6 (line 398)
                      ; - com.badlogic.gdx.graphics.Mesh::unbind@3 (line 389)
                      ; - com.badlogic.gdx.graphics.Mesh::render@178 (line 501)
                      ; - com.badlogic.gdx.graphics.Mesh::render@10 (line 449)
                      ; - com.badlogic.gdx.graphics.g2d.SpriteBatch::flush@176 (line 975)
  0x00007f929ba55034: 285a a0ff 

  0x00007f929ba55038: ;   {post_call_nop}
  0x00007f929ba55038: 0f1f 8400 | b01c 0023 | 4533 d249 | 3bd2 bdff | ffff ff7c | 0840 0f95 | c540 0fb6 | edbe 45ff 
  0x00007f929ba55058: ffff 48ff | 7424 2048 | 8f44 2418 | 4889 4424 | f88b 4424 | 2889 4424 | 2048 8b44 | 24f8 4489 
  0x00007f929ba55078: 4424 2848 | 8954 2430 

  0x00007f929ba55080: ;   {runtime_call UncommonTrapBlob}
  0x00007f929ba55080: c5f8 77e8 

  0x00007f929ba55084: ; ImmutableOopMap {[8]=NarrowOop [12]=NarrowOop [16]=Oop [24]=Oop }
                      ;*ifne {reexecute=1 rethrow=0 return_oop=0}
                      ; - (reexecute) org.lwjgl.BufferChecks::checkFunctionAddress@9 (line 57)
                      ; - org.lwjgl.opengl.GL20::glDisableVertexAttribArray@10 (line 919)
                      ; - com.badlogic.gdx.backends.lwjgl.LwjglGL20::glDisableVertexAttribArray@1 (line 272)
                      ; - com.badlogic.gdx.graphics.glutils.ShaderProgram::disableVertexAttribute@22 (line 719)
                      ; - com.badlogic.gdx.graphics.glutils.VertexArray::unbind@34 (line 145)
                      ; - com.badlogic.gdx.graphics.Mesh::unbind@6 (line 398)
                      ; - com.badlogic.gdx.graphics.Mesh::unbind@3 (line 389)
                      ; - com.badlogic.gdx.graphics.Mesh::render@178 (line 501)
                      ; - com.badlogic.gdx.graphics.Mesh::render@10 (line 449)
                      ; - com.badlogic.gdx.graphics.g2d.SpriteBatch::flush@176 (line 975)
  0x00007f929ba55084: d859 a0ff 

  0x00007f929ba55088: ;   {post_call_nop}
  0x00007f929ba55088: 0f1f 8400 | 001d 0024 | bee4 ffff | ff48 ff74 | 2420 488f | 4424 1848 | 8944 24f8 | 8b44 242c 
  0x00007f929ba550a8: 8944 2420 | 488b 4424 | f848 8944 | 24f8 8b44 | 2428 8944 | 2424 488b | 4424 f84c | 894c 2430 
  0x00007f929ba550c8: 4489 5c24 | 2c89 5c24 | 3866 6690 

  0x00007f929ba550d4: ;   {runtime_call UncommonTrapBlob}
  0x00007f929ba550d4: c5f8 77e8 

  0x00007f929ba550d8: ; ImmutableOopMap {[8]=NarrowOop [12]=NarrowOop [20]=NarrowOop [24]=Oop [44]=NarrowOop [56]=NarrowOop }
                      ;*aaload {reexecute=0 rethrow=0 return_oop=0}
                      ; - org.lwjgl.opengl.ReferencesStack::getReferences@8 (line 41)
                      ; - org.lwjgl.opengl.StateTracker::getReferences@7 (line 85)
                      ; - org.lwjgl.opengl.StateTracker::getElementArrayBufferBound@1 (line 143)
                      ; - org.lwjgl.opengl.GLChecks::ensureElementVBOdisabled@7 (line 82)
                      ; - org.lwjgl.opengl.GL11::glDrawElements@14 (line 1108)
                      ; - com.badlogic.gdx.backends.lwjgl.LwjglGL20::glDrawElements@21 (line 281)
                      ; - com.badlogic.gdx.graphics.Mesh::render@88 (line 488)
                      ; - com.badlogic.gdx.graphics.Mesh::render@10 (line 449)
                      ; - com.badlogic.gdx.graphics.g2d.SpriteBatch::flush@176 (line 975)
  0x00007f929ba550d8: 8459 a0ff 

  0x00007f929ba550dc: ;   {post_call_nop}
  0x00007f929ba550dc: 0f1f 8400 | 541d 0025 | bef6 ffff | ff8b 6c24 | 144c 895c | 2408 6690 

  0x00007f929ba550f4: ;   {runtime_call UncommonTrapBlob}
  0x00007f929ba550f4: c5f8 77e8 

  0x00007f929ba550f8: ; ImmutableOopMap {rbp=NarrowOop }
                      ;*invokevirtual getLong {reexecute=0 rethrow=0 return_oop=0}
                      ; - org.lwjgl.MemoryUtilSun$AccessorUnsafe::getAddress@9 (line 70)
                      ; - org.lwjgl.MemoryUtil::getAddress0@4 (line 113)
                      ; - org.lwjgl.MemoryUtil::getAddress@1 (line 129)
                      ; - org.lwjgl.MemoryUtil::getAddress@5 (line 127)
                      ; - org.lwjgl.opengl.GL11::glDrawElements@30 (line 1110)
                      ; - com.badlogic.gdx.backends.lwjgl.LwjglGL20::glDrawElements@21 (line 281)
                      ; - com.badlogic.gdx.graphics.Mesh::render@88 (line 488)
                      ; - com.badlogic.gdx.graphics.Mesh::render@10 (line 449)
                      ; - com.badlogic.gdx.graphics.g2d.SpriteBatch::flush@176 (line 975)
  0x00007f929ba550f8: 6459 a0ff 

  0x00007f929ba550fc: ;   {post_call_nop}
  0x00007f929ba550fc: 0f1f 8400 | 741d 0026 | bede ffff | ff49 8be8 | 895c 2408 | 8954 240c | 4489 5424 | 1044 894c 
  0x00007f929ba5511c: 2414 6690 

  0x00007f929ba55120: ;   {runtime_call UncommonTrapBlob}
  0x00007f929ba55120: c5f8 77e8 

  0x00007f929ba55124: ; ImmutableOopMap {rbp=Oop [12]=NarrowOop }
                      ;*invokeinterface glBindTexture {reexecute=0 rethrow=0 return_oop=0}
                      ; - com.badlogic.gdx.graphics.GLTexture::bind@11 (line 66)
                      ; - com.badlogic.gdx.graphics.g2d.SpriteBatch::flush@58 (line 962)
  0x00007f929ba55124: 3859 a0ff 

  0x00007f929ba55128: ;   {post_call_nop}
  0x00007f929ba55128: 0f1f 8400 | a01d 0027 | bede ffff | ff48 894c | 2410 4489 | 4c24 1844 | 8944 241c | 4489 5c24 
  0x00007f929ba55148: 2066 6690 

  0x00007f929ba5514c: ;   {runtime_call UncommonTrapBlob}
  0x00007f929ba5514c: c5f8 77e8 

  0x00007f929ba55150: ; ImmutableOopMap {rbp=NarrowOop [16]=Oop [24]=NarrowOop [28]=NarrowOop }
                      ;*invokeinterface setVertices {reexecute=0 rethrow=0 return_oop=0}
                      ; - com.badlogic.gdx.graphics.Mesh::setVertices@7 (line 197)
                      ; - com.badlogic.gdx.graphics.g2d.SpriteBatch::flush@76 (line 964)
  0x00007f929ba55150: 0c59 a0ff 

  0x00007f929ba55154: ;   {post_call_nop}
  0x00007f929ba55154: 0f1f 8400 | cc1d 0028 | bede ffff | ff48 8be9 | 4489 4c24 | 1048 895c | 2418 4489 | 4424 2044 
  0x00007f929ba55174: 895c 2428 | 897c 242c | 4489 5424 | 3066 6690 

  0x00007f929ba55184: ;   {runtime_call UncommonTrapBlob}
  0x00007f929ba55184: c5f8 77e8 

  0x00007f929ba55188: ; ImmutableOopMap {rbp=Oop [16]=NarrowOop [24]=Oop [32]=NarrowOop [44]=NarrowOop }
                      ;*invokevirtual limit {reexecute=0 rethrow=0 return_oop=0}
                      ; - com.badlogic.gdx.utils.BufferUtils::copy@11 (line 51)
                      ; - com.badlogic.gdx.graphics.glutils.VertexArray::setVertices@7 (line 84)
                      ; - com.badlogic.gdx.graphics.Mesh::setVertices@7 (line 197)
                      ; - com.badlogic.gdx.graphics.g2d.SpriteBatch::flush@76 (line 964)
  0x00007f929ba55188: d458 a0ff 

  0x00007f929ba5518c: ;   {post_call_nop}
  0x00007f929ba5518c: 0f1f 8400 | 041e 0029 | bede ffff | ff66 6690 

  0x00007f929ba5519c: ;   {runtime_call UncommonTrapBlob}
  0x00007f929ba5519c: c5f8 77e8 

  0x00007f929ba551a0: ; ImmutableOopMap {rbp=NarrowOop [12]=NarrowOop [24]=Oop }
                      ;*invokeinterface getBuffer {reexecute=0 rethrow=0 return_oop=0}
                      ; - com.badlogic.gdx.graphics.Mesh::getIndicesBuffer@4 (line 797)
                      ; - com.badlogic.gdx.graphics.g2d.SpriteBatch::flush@81 (line 965)
  0x00007f929ba551a0: bc58 a0ff 

  0x00007f929ba551a4: ;   {post_call_nop}
  0x00007f929ba551a4: 0f1f 8400 | 1c1e 002a | bede ffff | ff44 895c | 2410 4489 | 5424 1490 

  0x00007f929ba551bc: ;   {runtime_call UncommonTrapBlob}
  0x00007f929ba551bc: c5f8 77e8 

  0x00007f929ba551c0: ; ImmutableOopMap {rbp=NarrowOop [20]=NarrowOop [24]=Oop }
                      ;*invokeinterface glEnable {reexecute=0 rethrow=0 return_oop=0}
                      ; - com.badlogic.gdx.graphics.g2d.SpriteBatch::flush@125 (line 971)
  0x00007f929ba551c0: 9c58 a0ff 

  0x00007f929ba551c4: ;   {post_call_nop}
  0x00007f929ba551c4: 0f1f 8400 | 3c1e 002b | bede ffff | ff4c 894c | 2410 4489 | 5c24 1844 | 8954 241c 

  0x00007f929ba551e0: ;   {runtime_call UncommonTrapBlob}
  0x00007f929ba551e0: c5f8 77e8 

  0x00007f929ba551e4: ; ImmutableOopMap {rbp=NarrowOop [12]=NarrowOop [16]=Oop }
                      ;*invokeinterface glBlendFunc {reexecute=0 rethrow=0 return_oop=0}
                      ; - com.badlogic.gdx.graphics.g2d.SpriteBatch::flush@149 (line 972)
  0x00007f929ba551e4: 7858 a0ff 

  0x00007f929ba551e8: ;   {post_call_nop}
  0x00007f929ba551e8: 0f1f 8400 | 601e 002c | bede ffff | ff4c 8944 | 2408 894c | 2418 897c | 241c 4489 | 4c24 2044 
  0x00007f929ba55208: 8954 2424 

  0x00007f929ba5520c: ;   {runtime_call UncommonTrapBlob}
  0x00007f929ba5520c: c5f8 77e8 

  0x00007f929ba55210: ; ImmutableOopMap {rbp=NarrowOop [8]=Oop [32]=NarrowOop [36]=NarrowOop }
                      ;*invokeinterface bind {reexecute=0 rethrow=0 return_oop=0}
                      ; - com.badlogic.gdx.graphics.Mesh::bind@6 (line 380)
                      ; - com.badlogic.gdx.graphics.Mesh::bind@3 (line 371)
                      ; - com.badlogic.gdx.graphics.Mesh::render@13 (line 479)
                      ; - com.badlogic.gdx.graphics.Mesh::render@10 (line 449)
                      ; - com.badlogic.gdx.graphics.g2d.SpriteBatch::flush@176 (line 975)
  0x00007f929ba55210: 4c58 a0ff 

  0x00007f929ba55214: ;   {post_call_nop}
  0x00007f929ba55214: 0f1f 8400 | 8c1e 002d | bede ffff | ff48 8bea | 48ff 7424 | 2048 8f44 | 2408 4889 | 4424 f88b 
  0x00007f929ba55234: 4424 2889 | 4424 1048 | 8b44 24f8 | 897c 241c | 4489 5424 | 2489 4424 | 2844 8944 | 242c 895c 
  0x00007f929ba55254: 2430 6690 

  0x00007f929ba55258: ;   {runtime_call UncommonTrapBlob}
  0x00007f929ba55258: c5f8 77e8 

  0x00007f929ba5525c: ; ImmutableOopMap {rbp=Oop [8]=Oop [16]=NarrowOop [36]=NarrowOop [44]=NarrowOop }
                      ;*invokevirtual limit {reexecute=0 rethrow=0 return_oop=0}
                      ; - com.badlogic.gdx.graphics.glutils.VertexArray::bind@21 (line 105)
                      ; - com.badlogic.gdx.graphics.Mesh::bind@6 (line 380)
                      ; - com.badlogic.gdx.graphics.Mesh::bind@3 (line 371)
                      ; - com.badlogic.gdx.graphics.Mesh::render@13 (line 479)
                      ; - com.badlogic.gdx.graphics.Mesh::render@10 (line 449)
                      ; - com.badlogic.gdx.graphics.g2d.SpriteBatch::flush@176 (line 975)
  0x00007f929ba5525c: 0058 a0ff 

  0x00007f929ba55260: ;   {post_call_nop}
  0x00007f929ba55260: 0f1f 8400 | d81e 002e | bede ffff | ff48 ff74 | 2420 488f | 4424 0889 | 4c24 1844 | 8954 2420 
  0x00007f929ba55280: ;   {runtime_call UncommonTrapBlob}
  0x00007f929ba55280: c5f8 77e8 

  0x00007f929ba55284: ; ImmutableOopMap {rbp=NarrowOop [8]=Oop [24]=NarrowOop [32]=NarrowOop [40]=NarrowOop }
                      ;*invokeinterface getNumIndices {reexecute=0 rethrow=0 return_oop=0}
                      ; - com.badlogic.gdx.graphics.Mesh::bind@15 (line 381)
                      ; - com.badlogic.gdx.graphics.Mesh::bind@3 (line 371)
                      ; - com.badlogic.gdx.graphics.Mesh::render@13 (line 479)
                      ; - com.badlogic.gdx.graphics.Mesh::render@10 (line 449)
                      ; - com.badlogic.gdx.graphics.g2d.SpriteBatch::flush@176 (line 975)
  0x00007f929ba55284: d857 a0ff 

  0x00007f929ba55288: ;   {post_call_nop}
  0x00007f929ba55288: 0f1f 8400 | 001f 002f | bede ffff | ff48 ff74 | 2420 488f | 4424 1848 | 8944 24f8 | 8b44 242c 
  0x00007f929ba552a8: 8944 2420 | 488b 4424 | f848 8944 | 24f8 8b44 | 2428 8944 | 2424 488b | 4424 f844 | 8954 2428 
  0x00007f929ba552c8: ;   {runtime_call UncommonTrapBlob}
  0x00007f929ba552c8: c5f8 77e8 

  0x00007f929ba552cc: ; ImmutableOopMap {rbp=NarrowOop [8]=NarrowOop [12]=NarrowOop [20]=NarrowOop [24]=Oop }
                      ;*invokeinterface glDrawElements {reexecute=0 rethrow=0 return_oop=0}
                      ; - com.badlogic.gdx.graphics.Mesh::render@88 (line 488)
                      ; - com.badlogic.gdx.graphics.Mesh::render@10 (line 449)
                      ; - com.badlogic.gdx.graphics.g2d.SpriteBatch::flush@176 (line 975)
  0x00007f929ba552cc: 9057 a0ff 

  0x00007f929ba552d0: ;   {post_call_nop}
  0x00007f929ba552d0: 0f1f 8400 | 481f 0030 | bede ffff | ff66 6690 

  0x00007f929ba552e0: ;   {runtime_call UncommonTrapBlob}
  0x00007f929ba552e0: c5f8 77e8 

  0x00007f929ba552e4: ; ImmutableOopMap {rbp=NarrowOop [8]=NarrowOop [12]=NarrowOop [32]=Oop }
                      ;*invokeinterface unbind {reexecute=0 rethrow=0 return_oop=0}
                      ; - com.badlogic.gdx.graphics.Mesh::unbind@6 (line 398)
                      ; - com.badlogic.gdx.graphics.Mesh::unbind@3 (line 389)
                      ; - com.badlogic.gdx.graphics.Mesh::render@178 (line 501)
                      ; - com.badlogic.gdx.graphics.Mesh::render@10 (line 449)
                      ; - com.badlogic.gdx.graphics.g2d.SpriteBatch::flush@176 (line 975)
  0x00007f929ba552e4: 7857 a0ff 

  0x00007f929ba552e8: ;   {post_call_nop}
  0x00007f929ba552e8: 0f1f 8400 | 601f 0031 | bede ffff | ff44 8944 | 2410 6690 

  0x00007f929ba552fc: ;   {runtime_call UncommonTrapBlob}
  0x00007f929ba552fc: c5f8 77e8 

  0x00007f929ba55300: ; ImmutableOopMap {rbp=NarrowOop [16]=NarrowOop [32]=Oop }
                      ;*invokeinterface getNumIndices {reexecute=0 rethrow=0 return_oop=0}
                      ; - com.badlogic.gdx.graphics.Mesh::unbind@15 (line 399)
                      ; - com.badlogic.gdx.graphics.Mesh::unbind@3 (line 389)
                      ; - com.badlogic.gdx.graphics.Mesh::render@178 (line 501)
                      ; - com.badlogic.gdx.graphics.Mesh::render@10 (line 449)
                      ; - com.badlogic.gdx.graphics.g2d.SpriteBatch::flush@176 (line 975)
  0x00007f929ba55300: 5c57 a0ff 

  0x00007f929ba55304: ;   {post_call_nop}
  0x00007f929ba55304: 0f1f 8400 | 7c1f 0032 | be45 ffff | ff49 8be8 | 895c 2408 | 4489 5424 | 0c44 894c | 2410 897c 
  0x00007f929ba55324: 2414 4889 | 5424 1890 

  0x00007f929ba5532c: ;   {runtime_call UncommonTrapBlob}
  0x00007f929ba5532c: c5f8 77e8 

  0x00007f929ba55330: ; ImmutableOopMap {rbp=Oop [20]=NarrowOop [24]=Oop }
                      ;*if_acmpne {reexecute=1 rethrow=0 return_oop=0}
                      ; - (reexecute) org.lwjgl.opengl.GLContext::getCapabilitiesImpl@11 (line 132)
                      ; - org.lwjgl.opengl.GLContext::getCapabilities@0 (line 122)
                      ; - org.lwjgl.opengl.GL11::glBindTexture@0 (line 651)
                      ; - com.badlogic.gdx.backends.lwjgl.LwjglGL20::glBindTexture@2 (line 93)
                      ; - com.badlogic.gdx.graphics.GLTexture::bind@11 (line 66)
                      ; - com.badlogic.gdx.graphics.g2d.SpriteBatch::flush@58 (line 962)
  0x00007f929ba55330: 2c57 a0ff 

  0x00007f929ba55334: ;   {post_call_nop}
  0x00007f929ba55334: 0f1f 8400 | ac1f 0033 | be45 ffff | ff48 894c | 2408 4489 | 5c24 1044 | 8954 2414 | 4889 5c24 
  0x00007f929ba55354: 1866 6690 

  0x00007f929ba55358: ;   {runtime_call UncommonTrapBlob}
  0x00007f929ba55358: c5f8 77e8 

  0x00007f929ba5535c: ; ImmutableOopMap {rbp=NarrowOop [8]=Oop [20]=NarrowOop [24]=Oop }
                      ;*if_acmpne {reexecute=1 rethrow=0 return_oop=0}
                      ; - (reexecute) org.lwjgl.opengl.GLContext::getCapabilitiesImpl@11 (line 132)
                      ; - org.lwjgl.opengl.GLContext::getCapabilities@0 (line 122)
                      ; - org.lwjgl.opengl.GL11::glEnable@0 (line 1012)
                      ; - com.badlogic.gdx.backends.lwjgl.LwjglGL20::glEnable@1 (line 292)
                      ; - com.badlogic.gdx.graphics.g2d.SpriteBatch::flush@125 (line 971)
  0x00007f929ba5535c: 0057 a0ff 

  0x00007f929ba55360: ;   {post_call_nop}
  0x00007f929ba55360: 0f1f 8400 | d81f 0034 | be45 ffff | ff4c 894c | 2410 4489 | 5c24 1844 | 8954 241c | 4889 5c24 
  0x00007f929ba55380: 2066 6690 

  0x00007f929ba55384: ;   {runtime_call UncommonTrapBlob}
  0x00007f929ba55384: c5f8 77e8 

  0x00007f929ba55388: ; ImmutableOopMap {rbp=NarrowOop [12]=NarrowOop [16]=Oop [32]=Oop }
                      ;*if_acmpne {reexecute=1 rethrow=0 return_oop=0}
                      ; - (reexecute) org.lwjgl.opengl.GLContext::getCapabilitiesImpl@11 (line 132)
                      ; - org.lwjgl.opengl.GLContext::getCapabilities@0 (line 122)
                      ; - org.lwjgl.opengl.GL11::glBlendFunc@0 (line 624)
                      ; - com.badlogic.gdx.backends.lwjgl.LwjglGL20::glBlendFunc@2 (line 109)
                      ; - com.badlogic.gdx.graphics.g2d.SpriteBatch::flush@149 (line 972)
  0x00007f929ba55388: d456 a0ff 

  0x00007f929ba5538c: ;   {post_call_nop}
  0x00007f929ba5538c: 0f1f 8400 | 0420 0035 | be45 ffff | ff48 8b6c | 2420 894c | 240c 4889 | 4424 f88b | 4424 1489 
  0x00007f929ba553ac: 4424 1048 | 8b44 24f8 | 8954 2418 

  0x00007f929ba553b8: ;   {runtime_call UncommonTrapBlob}
  0x00007f929ba553b8: c5f8 77e8 

  0x00007f929ba553bc: ; ImmutableOopMap {rbp=Oop [12]=NarrowOop [40]=NarrowOop }
                      ;*ifle {reexecute=1 rethrow=0 return_oop=0}
                      ; - (reexecute) com.badlogic.gdx.graphics.Mesh::bind@20 (line 381)
                      ; - com.badlogic.gdx.graphics.Mesh::bind@3 (line 371)
                      ; - com.badlogic.gdx.graphics.Mesh::render@13 (line 479)
                      ; - com.badlogic.gdx.graphics.Mesh::render@10 (line 449)
                      ; - com.badlogic.gdx.graphics.g2d.SpriteBatch::flush@176 (line 975)
  0x00007f929ba553bc: a056 a0ff 

  0x00007f929ba553c0: ;   {post_call_nop}
  0x00007f929ba553c0: 0f1f 8400 | 3820 0036 | be45 ffff | ff66 6690 

  0x00007f929ba553d0: ;   {runtime_call UncommonTrapBlob}
  0x00007f929ba553d0: c5f8 77e8 

  0x00007f929ba553d4: ; ImmutableOopMap {rbp=NarrowOop [8]=NarrowOop [12]=NarrowOop [20]=NarrowOop [24]=Oop [32]=Oop }
                      ;*if_acmpne {reexecute=1 rethrow=0 return_oop=0}
                      ; - (reexecute) org.lwjgl.opengl.GLContext::getCapabilitiesImpl@11 (line 132)
                      ; - org.lwjgl.opengl.GLContext::getCapabilities@0 (line 122)
                      ; - org.lwjgl.opengl.GL11::glDrawElements@0 (line 1105)
                      ; - com.badlogic.gdx.backends.lwjgl.LwjglGL20::glDrawElements@21 (line 281)
                      ; - com.badlogic.gdx.graphics.Mesh::render@88 (line 488)
                      ; - com.badlogic.gdx.graphics.Mesh::render@10 (line 449)
                      ; - com.badlogic.gdx.graphics.g2d.SpriteBatch::flush@176 (line 975)
  0x00007f929ba553d4: 8856 a0ff 

  0x00007f929ba553d8: ;   {post_call_nop}
  0x00007f929ba553d8: 0f1f 8400 | 5020 0037 | be45 ffff | ff48 ff74 | 2420 488f | 4424 1848 | 8944 24f8 | 8b44 242c 
  0x00007f929ba553f8: 8944 2420 | 488b 4424 | f848 8944 | 24f8 8b44 | 2428 8944 | 2424 488b | 4424 f84c | 894c 2430 
  0x00007f929ba55418: 4489 5c24 | 2c89 4c24 | 3866 6690 

  0x00007f929ba55424: ;   {runtime_call UncommonTrapBlob}
  0x00007f929ba55424: c5f8 77e8 

  0x00007f929ba55428: ; ImmutableOopMap {[8]=NarrowOop [12]=NarrowOop [20]=NarrowOop [24]=Oop [44]=NarrowOop [56]=NarrowOop }
                      ;*ifne {reexecute=1 rethrow=0 return_oop=0}
                      ; - (reexecute) org.lwjgl.opengl.StateTracker::getElementArrayBufferBound@9 (line 145)
                      ; - org.lwjgl.opengl.GLChecks::ensureElementVBOdisabled@7 (line 82)
                      ; - org.lwjgl.opengl.GL11::glDrawElements@14 (line 1108)
                      ; - com.badlogic.gdx.backends.lwjgl.LwjglGL20::glDrawElements@21 (line 281)
                      ; - com.badlogic.gdx.graphics.Mesh::render@88 (line 488)
                      ; - com.badlogic.gdx.graphics.Mesh::render@10 (line 449)
                      ; - com.badlogic.gdx.graphics.g2d.SpriteBatch::flush@176 (line 975)
  0x00007f929ba55428: 3456 a0ff 

  0x00007f929ba5542c: ;   {post_call_nop}
  0x00007f929ba5542c: 0f1f 8400 | a420 0038 | be45 ffff | ff66 6690 

  0x00007f929ba5543c: ;   {runtime_call UncommonTrapBlob}
  0x00007f929ba5543c: c5f8 77e8 

  0x00007f929ba55440: ; ImmutableOopMap {[32]=Oop }
                      ;*ifle {reexecute=1 rethrow=0 return_oop=0}
                      ; - (reexecute) com.badlogic.gdx.graphics.Mesh::unbind@20 (line 399)
                      ; - com.badlogic.gdx.graphics.Mesh::unbind@3 (line 389)
                      ; - com.badlogic.gdx.graphics.Mesh::render@178 (line 501)
                      ; - com.badlogic.gdx.graphics.Mesh::render@10 (line 449)
                      ; - com.badlogic.gdx.graphics.g2d.SpriteBatch::flush@176 (line 975)
  0x00007f929ba55440: 1c56 a0ff 

  0x00007f929ba55444: ;   {post_call_nop}
  0x00007f929ba55444: 0f1f 8400 | bc20 0039 | be45 ffff | ff4c 8944 | 2408 895c | 2410 4489 | 5424 1444 | 894c 2418 
  0x00007f929ba55464: ;   {runtime_call UncommonTrapBlob}
  0x00007f929ba55464: c5f8 77e8 

  0x00007f929ba55468: ; ImmutableOopMap {rbp=NarrowOop [8]=Oop }
                      ;*ifnonnull {reexecute=1 rethrow=0 return_oop=0}
                      ; - (reexecute) org.lwjgl.opengl.GLContext::getCapabilities@5 (line 123)
                      ; - org.lwjgl.opengl.GL11::glBindTexture@0 (line 651)
                      ; - com.badlogic.gdx.backends.lwjgl.LwjglGL20::glBindTexture@2 (line 93)
                      ; - com.badlogic.gdx.graphics.GLTexture::bind@11 (line 66)
                      ; - com.badlogic.gdx.graphics.g2d.SpriteBatch::flush@58 (line 962)
  0x00007f929ba55468: f455 a0ff 

  0x00007f929ba5546c: ;   {post_call_nop}
  0x00007f929ba5546c: 0f1f 8400 | e420 003a | 4533 db49 | 3bcb bdff | ffff ff7c | 0840 0f95 | c540 0fb6 | edbe 45ff 
  0x00007f929ba5548c: ffff 4c89 | 4424 0889 | 5c24 1044 | 8954 2414 | 4489 4c24 | 1848 894c | 2420 6690 

  0x00007f929ba554a8: ;   {runtime_call UncommonTrapBlob}
  0x00007f929ba554a8: c5f8 77e8 

  0x00007f929ba554ac: ; ImmutableOopMap {[8]=Oop }
                      ;*ifne {reexecute=1 rethrow=0 return_oop=0}
                      ; - (reexecute) org.lwjgl.BufferChecks::checkFunctionAddress@9 (line 57)
                      ; - org.lwjgl.opengl.GL11::glBindTexture@10 (line 653)
                      ; - com.badlogic.gdx.backends.lwjgl.LwjglGL20::glBindTexture@2 (line 93)
                      ; - com.badlogic.gdx.graphics.GLTexture::bind@11 (line 66)
                      ; - com.badlogic.gdx.graphics.g2d.SpriteBatch::flush@58 (line 962)
  0x00007f929ba554ac: b055 a0ff 

  0x00007f929ba554b0: ;   {post_call_nop}
  0x00007f929ba554b0: 0f1f 8400 | 2821 003b | be45 ffff | ff48 894c | 2410 4489 | 4c24 1848 | 895c 2420 | 4489 4424 
  0x00007f929ba554d0: 2844 895c | 242c 4889 | 7c24 3848 | 897c 2440 | 4489 5424 | 5466 6690 

  0x00007f929ba554e8: ;   {runtime_call UncommonTrapBlob}
  0x00007f929ba554e8: c5f8 77e8 

  0x00007f929ba554ec: ; ImmutableOopMap {[16]=Oop [24]=NarrowOop [32]=Oop [40]=NarrowOop [56]=Oop [64]=Oop }
                      ;*if_icmple {reexecute=1 rethrow=0 return_oop=0}
                      ; - (reexecute) java.nio.Buffer::limit@5 (line 378)
                      ; - java.nio.ByteBuffer::limit@2 (line 1590)
                      ; - java.nio.MappedByteBuffer::limit@2 (line 339)
                      ; - java.nio.MappedByteBuffer::limit@2 (line 74)
                      ; - com.badlogic.gdx.utils.BufferUtils::copy@11 (line 51)
                      ; - com.badlogic.gdx.graphics.glutils.VertexArray::setVertices@7 (line 84)
                      ; - com.badlogic.gdx.graphics.Mesh::setVertices@7 (line 197)
                      ; - com.badlogic.gdx.graphics.g2d.SpriteBatch::flush@76 (line 964)
  0x00007f929ba554ec: 7055 a0ff 

  0x00007f929ba554f0: ;   {post_call_nop}
  0x00007f929ba554f0: 0f1f 8400 | 6821 003c | be45 ffff | ff48 8be9 | 4489 4c24 | 1048 895c | 2418 4489 | 4424 2044 
  0x00007f929ba55510: 895c 2424 | 4889 7c24 | 3048 897c | 2438 4489 | 5424 4c90 

  0x00007f929ba55524: ;   {runtime_call UncommonTrapBlob}
  0x00007f929ba55524: c5f8 77e8 

  0x00007f929ba55528: ; ImmutableOopMap {rbp=Oop [16]=NarrowOop [24]=Oop [32]=NarrowOop [48]=Oop [56]=Oop }
                      ;*ifge {reexecute=1 rethrow=0 return_oop=0}
                      ; - (reexecute) java.nio.Buffer::limit@14 (line 378)
                      ; - java.nio.ByteBuffer::limit@2 (line 1590)
                      ; - java.nio.MappedByteBuffer::limit@2 (line 339)
                      ; - java.nio.MappedByteBuffer::limit@2 (line 74)
                      ; - com.badlogic.gdx.utils.BufferUtils::copy@11 (line 51)
                      ; - com.badlogic.gdx.graphics.glutils.VertexArray::setVertices@7 (line 84)
                      ; - com.badlogic.gdx.graphics.Mesh::setVertices@7 (line 197)
                      ; - com.badlogic.gdx.graphics.g2d.SpriteBatch::flush@76 (line 964)
  0x00007f929ba55528: 3455 a0ff 

  0x00007f929ba5552c: ;   {post_call_nop}
  0x00007f929ba5552c: 0f1f 8400 | a421 003d | be45 ffff | ff48 894c | 2410 4489 | 4c24 1848 | 895c 2420 | 4489 4424 
  0x00007f929ba5554c: 2844 895c | 242c 4889 | 7c24 3848 | 897c 2440 | 4489 5424 | 5466 6690 

  0x00007f929ba55564: ;   {runtime_call UncommonTrapBlob}
  0x00007f929ba55564: c5f8 77e8 

  0x00007f929ba55568: ; ImmutableOopMap {[16]=Oop [24]=NarrowOop [32]=Oop [40]=NarrowOop [56]=Oop [64]=Oop }
                      ;*if_icmple {reexecute=1 rethrow=0 return_oop=0}
                      ; - (reexecute) java.nio.Buffer::limit@42 (line 381)
                      ; - java.nio.ByteBuffer::limit@2 (line 1590)
                      ; - java.nio.MappedByteBuffer::limit@2 (line 339)
                      ; - java.nio.MappedByteBuffer::limit@2 (line 74)
                      ; - com.badlogic.gdx.utils.BufferUtils::copy@11 (line 51)
                      ; - com.badlogic.gdx.graphics.glutils.VertexArray::setVertices@7 (line 84)
                      ; - com.badlogic.gdx.graphics.Mesh::setVertices@7 (line 197)
                      ; - com.badlogic.gdx.graphics.g2d.SpriteBatch::flush@76 (line 964)
  0x00007f929ba55568: f454 a0ff 

  0x00007f929ba5556c: ;   {post_call_nop}
  0x00007f929ba5556c: 0f1f 8400 | e421 003e | be45 ffff | ff48 894c | 2410 4489 | 4c24 1848 | 895c 2420 | 4489 4424 
  0x00007f929ba5558c: 2844 895c | 242c 4889 | 7c24 3848 | 897c 2440 | 4489 5424 | 5066 6690 

  0x00007f929ba555a4: ;   {runtime_call UncommonTrapBlob}
  0x00007f929ba555a4: c5f8 77e8 

  0x00007f929ba555a8: ; ImmutableOopMap {[16]=Oop [24]=NarrowOop [32]=Oop [40]=NarrowOop [56]=Oop [64]=Oop }
                      ;*if_icmple {reexecute=1 rethrow=0 return_oop=0}
                      ; - (reexecute) java.nio.Buffer::limit@55 (line 382)
                      ; - java.nio.ByteBuffer::limit@2 (line 1590)
                      ; - java.nio.MappedByteBuffer::limit@2 (line 339)
                      ; - java.nio.MappedByteBuffer::limit@2 (line 74)
                      ; - com.badlogic.gdx.utils.BufferUtils::copy@11 (line 51)
                      ; - com.badlogic.gdx.graphics.glutils.VertexArray::setVertices@7 (line 84)
                      ; - com.badlogic.gdx.graphics.Mesh::setVertices@7 (line 197)
                      ; - com.badlogic.gdx.graphics.g2d.SpriteBatch::flush@76 (line 964)
  0x00007f929ba555a8: b454 a0ff 

  0x00007f929ba555ac: ;   {post_call_nop}
  0x00007f929ba555ac: 0f1f 8400 | 2422 003f | be45 ffff | ff48 ff74 | 2418 488f | 4424 1048 | 8944 24f8 | 8b44 2420 
  0x00007f929ba555cc: 8944 241c | 488b 4424 | f84c 8954 | 2430 4c89 | 5424 3890 

  0x00007f929ba555e0: ;   {runtime_call UncommonTrapBlob}
  0x00007f929ba555e0: c5f8 77e8 

  0x00007f929ba555e4: ; ImmutableOopMap {[12]=NarrowOop [16]=Oop [40]=Oop [48]=Oop [56]=Oop }
                      ;*if_icmple {reexecute=1 rethrow=0 return_oop=0}
                      ; - (reexecute) java.nio.Buffer::position@5 (line 325)
                      ; - java.nio.ByteBuffer::position@2 (line 1576)
                      ; - java.nio.MappedByteBuffer::position@2 (line 329)
                      ; - java.nio.MappedByteBuffer::position@2 (line 74)
                      ; - com.badlogic.gdx.utils.BufferUtils::copy@40 (line 55)
                      ; - com.badlogic.gdx.graphics.glutils.VertexArray::setVertices@7 (line 84)
                      ; - com.badlogic.gdx.graphics.Mesh::setVertices@7 (line 197)
                      ; - com.badlogic.gdx.graphics.g2d.SpriteBatch::flush@76 (line 964)
  0x00007f929ba555e4: 7854 a0ff 

  0x00007f929ba555e8: ;   {post_call_nop}
  0x00007f929ba555e8: 0f1f 8400 | 6022 0040 | be45 ffff | ff48 ff74 | 2418 488f | 4424 1048 | 8944 24f8 | 8b44 2420 
  0x00007f929ba55608: 8944 241c | 488b 4424 | f84c 8954 | 2430 4c89 | 5424 3890 

  0x00007f929ba5561c: ;   {runtime_call UncommonTrapBlob}
  0x00007f929ba5561c: c5f8 77e8 

  0x00007f929ba55620: ; ImmutableOopMap {[12]=NarrowOop [16]=Oop [40]=Oop [48]=Oop [56]=Oop }
                      ;*if_icmple {reexecute=1 rethrow=0 return_oop=0}
                      ; - (reexecute) java.nio.Buffer::position@37 (line 327)
                      ; - java.nio.ByteBuffer::position@2 (line 1576)
                      ; - java.nio.MappedByteBuffer::position@2 (line 329)
                      ; - java.nio.MappedByteBuffer::position@2 (line 74)
                      ; - com.badlogic.gdx.utils.BufferUtils::copy@40 (line 55)
                      ; - com.badlogic.gdx.graphics.glutils.VertexArray::setVertices@7 (line 84)
                      ; - com.badlogic.gdx.graphics.Mesh::setVertices@7 (line 197)
                      ; - com.badlogic.gdx.graphics.g2d.SpriteBatch::flush@76 (line 964)
  0x00007f929ba55620: 3c54 a0ff 

  0x00007f929ba55624: ;   {post_call_nop}
  0x00007f929ba55624: 0f1f 8400 | 9c22 0041 | be45 ffff | ff48 ff74 | 2418 488f | 4424 1048 | 8944 24f8 | 8b44 2420 
  0x00007f929ba55644: 8944 241c | 488b 4424 | f844 895c | 2424 6690 

  0x00007f929ba55654: ;   {runtime_call UncommonTrapBlob}
  0x00007f929ba55654: c5f8 77e8 

  0x00007f929ba55658: ; ImmutableOopMap {[12]=NarrowOop [16]=Oop [36]=NarrowOop [40]=Oop }
                      ;*if_icmple {reexecute=1 rethrow=0 return_oop=0}
                      ; - (reexecute) java.nio.Buffer::position@5 (line 325)
                      ; - java.nio.FloatBuffer::position@2 (line 1576)
                      ; - java.nio.FloatBuffer::position@2 (line 292)
                      ; - com.badlogic.gdx.graphics.glutils.VertexArray::setVertices@15 (line 85)
                      ; - com.badlogic.gdx.graphics.Mesh::setVertices@7 (line 197)
                      ; - com.badlogic.gdx.graphics.g2d.SpriteBatch::flush@76 (line 964)
  0x00007f929ba55658: 0454 a0ff 

  0x00007f929ba5565c: ;   {post_call_nop}
  0x00007f929ba5565c: 0f1f 8400 | d422 0042 | be45 ffff | ff48 8b6c | 2418 4c89 | 5424 1848 | 8944 24f8 | 8b44 2420 
  0x00007f929ba5567c: 8944 2414 | 488b 4424 | f844 895c | 2424 4489 | 4c24 2890 

  0x00007f929ba55690: ;   {runtime_call UncommonTrapBlob}
  0x00007f929ba55690: c5f8 77e8 

  0x00007f929ba55694: ; ImmutableOopMap {rbp=Oop [12]=NarrowOop [24]=Oop [36]=NarrowOop }
                      ;*if_icmple {reexecute=1 rethrow=0 return_oop=0}
                      ; - (reexecute) java.nio.Buffer::position@37 (line 327)
                      ; - java.nio.FloatBuffer::position@2 (line 1576)
                      ; - java.nio.FloatBuffer::position@2 (line 292)
                      ; - com.badlogic.gdx.graphics.glutils.VertexArray::setVertices@15 (line 85)
                      ; - com.badlogic.gdx.graphics.Mesh::setVertices@7 (line 197)
                      ; - com.badlogic.gdx.graphics.g2d.SpriteBatch::flush@76 (line 964)
  0x00007f929ba55694: c853 a0ff 

  0x00007f929ba55698: ;   {post_call_nop}
  0x00007f929ba55698: 0f1f 8400 | 1023 0043 | be45 ffff | ff48 ff74 | 2418 488f | 4424 1044 | 895c 2420 | 4489 5424 
  0x00007f929ba556b8: 2866 6690 

  0x00007f929ba556bc: ;   {runtime_call UncommonTrapBlob}
  0x00007f929ba556bc: c5f8 77e8 

  0x00007f929ba556c0: ; ImmutableOopMap {[12]=NarrowOop [16]=Oop [32]=NarrowOop }
                      ;*if_icmple {reexecute=1 rethrow=0 return_oop=0}
                      ; - (reexecute) java.nio.Buffer::limit@5 (line 378)
                      ; - java.nio.FloatBuffer::limit@2 (line 1590)
                      ; - java.nio.FloatBuffer::limit@2 (line 292)
                      ; - com.badlogic.gdx.graphics.glutils.VertexArray::setVertices@24 (line 86)
                      ; - com.badlogic.gdx.graphics.Mesh::setVertices@7 (line 197)
                      ; - com.badlogic.gdx.graphics.g2d.SpriteBatch::flush@76 (line 964)
  0x00007f929ba556c0: 9c53 a0ff 

  0x00007f929ba556c4: ;   {post_call_nop}
  0x00007f929ba556c4: 0f1f 8400 | 3c23 0044 | be45 ffff | ff48 8b6c | 2418 4489 | 5c24 1890 

  0x00007f929ba556dc: ;   {runtime_call UncommonTrapBlob}
  0x00007f929ba556dc: c5f8 77e8 

  0x00007f929ba556e0: ; ImmutableOopMap {rbp=Oop [12]=NarrowOop [24]=NarrowOop }
                      ;*ifge {reexecute=1 rethrow=0 return_oop=0}
                      ; - (reexecute) java.nio.Buffer::limit@14 (line 378)
                      ; - java.nio.FloatBuffer::limit@2 (line 1590)
                      ; - java.nio.FloatBuffer::limit@2 (line 292)
                      ; - com.badlogic.gdx.graphics.glutils.VertexArray::setVertices@24 (line 86)
                      ; - com.badlogic.gdx.graphics.Mesh::setVertices@7 (line 197)
                      ; - com.badlogic.gdx.graphics.g2d.SpriteBatch::flush@76 (line 964)
  0x00007f929ba556e0: 7c53 a0ff 

  0x00007f929ba556e4: ;   {post_call_nop}
  0x00007f929ba556e4: 0f1f 8400 | 5c23 0045 | be45 ffff | ff48 8b6c | 2418 4489 | 5c24 1844 | 894c 241c 

  0x00007f929ba55700: ;   {runtime_call UncommonTrapBlob}
  0x00007f929ba55700: c5f8 77e8 

  0x00007f929ba55704: ; ImmutableOopMap {rbp=Oop [12]=NarrowOop [24]=NarrowOop }
                      ;*if_icmple {reexecute=1 rethrow=0 return_oop=0}
                      ; - (reexecute) java.nio.Buffer::limit@55 (line 382)
                      ; - java.nio.FloatBuffer::limit@2 (line 1590)
                      ; - java.nio.FloatBuffer::limit@2 (line 292)
                      ; - com.badlogic.gdx.graphics.glutils.VertexArray::setVertices@24 (line 86)
                      ; - com.badlogic.gdx.graphics.Mesh::setVertices@7 (line 197)
                      ; - com.badlogic.gdx.graphics.g2d.SpriteBatch::flush@76 (line 964)
  0x00007f929ba55704: 5853 a0ff 

  0x00007f929ba55708: ;   {post_call_nop}
  0x00007f929ba55708: 0f1f 8400 | 8023 0046 | be45 ffff | ff48 ff74 | 2418 488f | 4424 1044 | 8944 241c 

  0x00007f929ba55724: ;   {runtime_call UncommonTrapBlob}
  0x00007f929ba55724: c5f8 77e8 

  0x00007f929ba55728: ; ImmutableOopMap {[12]=NarrowOop [16]=Oop [28]=NarrowOop }
                      ;*if_icmple {reexecute=1 rethrow=0 return_oop=0}
                      ; - (reexecute) java.nio.Buffer::position@5 (line 325)
                      ; - java.nio.ShortBuffer::position@2 (line 1576)
                      ; - java.nio.ShortBuffer::position@2 (line 292)
                      ; - com.badlogic.gdx.graphics.g2d.SpriteBatch::flush@85 (line 965)
  0x00007f929ba55728: 3453 a0ff 

  0x00007f929ba5572c: ;   {post_call_nop}
  0x00007f929ba5572c: 0f1f 8400 | a423 0047 | be45 ffff | ff48 8b6c | 2418 4489 | 4424 1489 | 4c24 1890 

  0x00007f929ba55748: ;   {runtime_call UncommonTrapBlob}
  0x00007f929ba55748: c5f8 77e8 

  0x00007f929ba5574c: ; ImmutableOopMap {rbp=Oop [12]=NarrowOop [20]=NarrowOop }
                      ;*if_icmple {reexecute=1 rethrow=0 return_oop=0}
                      ; - (reexecute) java.nio.Buffer::position@37 (line 327)
                      ; - java.nio.ShortBuffer::position@2 (line 1576)
                      ; - java.nio.ShortBuffer::position@2 (line 292)
                      ; - com.badlogic.gdx.graphics.g2d.SpriteBatch::flush@85 (line 965)
  0x00007f929ba5574c: 1053 a0ff 

  0x00007f929ba55750: ;   {post_call_nop}
  0x00007f929ba55750: 0f1f 8400 | c823 0048 | be45 ffff | ff48 ff74 | 2418 488f | 4424 0844 | 8954 2414 | 4489 4424 
  0x00007f929ba55770: 1c44 895c | 2420 4489 | 5c24 2490 

  0x00007f929ba5577c: ;   {runtime_call UncommonTrapBlob}
  0x00007f929ba5577c: c5f8 77e8 

  0x00007f929ba55780: ; ImmutableOopMap {[8]=Oop [20]=NarrowOop [28]=NarrowOop }
                      ;*if_icmple {reexecute=1 rethrow=0 return_oop=0}
                      ; - (reexecute) java.nio.Buffer::limit@5 (line 378)
                      ; - java.nio.ShortBuffer::limit@2 (line 1590)
                      ; - java.nio.ShortBuffer::limit@2 (line 292)
                      ; - com.badlogic.gdx.graphics.g2d.SpriteBatch::flush@94 (line 966)
  0x00007f929ba55780: dc52 a0ff 

  0x00007f929ba55784: ;   {post_call_nop}
  0x00007f929ba55784: 0f1f 8400 | fc23 0049 | be45 ffff | ff48 8b6c | 2418 4489 | 4424 1490 

  0x00007f929ba5579c: ;   {runtime_call UncommonTrapBlob}
  0x00007f929ba5579c: c5f8 77e8 

  0x00007f929ba557a0: ; ImmutableOopMap {rbp=Oop [12]=NarrowOop [20]=NarrowOop }
                      ;*ifge {reexecute=1 rethrow=0 return_oop=0}
                      ; - (reexecute) java.nio.Buffer::limit@14 (line 378)
                      ; - java.nio.ShortBuffer::limit@2 (line 1590)
                      ; - java.nio.ShortBuffer::limit@2 (line 292)
                      ; - com.badlogic.gdx.graphics.g2d.SpriteBatch::flush@94 (line 966)
  0x00007f929ba557a0: bc52 a0ff 

  0x00007f929ba557a4: ;   {post_call_nop}
  0x00007f929ba557a4: 0f1f 8400 | 1c24 004a | be45 ffff | ff48 8b6c | 2418 4489 | 4424 1489 | 4c24 1890 

  0x00007f929ba557c0: ;   {runtime_call UncommonTrapBlob}
  0x00007f929ba557c0: c5f8 77e8 

  0x00007f929ba557c4: ; ImmutableOopMap {rbp=Oop [12]=NarrowOop [20]=NarrowOop }
                      ;*if_icmple {reexecute=1 rethrow=0 return_oop=0}
                      ; - (reexecute) java.nio.Buffer::limit@55 (line 382)
                      ; - java.nio.ShortBuffer::limit@2 (line 1590)
                      ; - java.nio.ShortBuffer::limit@2 (line 292)
                      ; - com.badlogic.gdx.graphics.g2d.SpriteBatch::flush@94 (line 966)
  0x00007f929ba557c4: 9852 a0ff 

  0x00007f929ba557c8: ;   {post_call_nop}
  0x00007f929ba557c8: 0f1f 8400 | 4024 004b | be45 ffff | ff44 895c | 2410 4489 | 5424 1490 

  0x00007f929ba557e0: ;   {runtime_call UncommonTrapBlob}
  0x00007f929ba557e0: c5f8 77e8 

  0x00007f929ba557e4: ; ImmutableOopMap {[20]=NarrowOop [24]=Oop }
                      ;*ifeq {reexecute=1 rethrow=0 return_oop=0}
                      ; - (reexecute) com.badlogic.gdx.graphics.g2d.SpriteBatch::flush@102 (line 968)
  0x00007f929ba557e4: 7852 a0ff 

  0x00007f929ba557e8: ;   {post_call_nop}
  0x00007f929ba557e8: 0f1f 8400 | 6024 004c | be45 ffff | ff44 895c | 2410 4489 | 5424 1490 

  0x00007f929ba55800: ;   {runtime_call UncommonTrapBlob}
  0x00007f929ba55800: c5f8 77e8 

  0x00007f929ba55804: ; ImmutableOopMap {rbp=NarrowOop [20]=NarrowOop [24]=Oop }
                      ;*ifnonnull {reexecute=1 rethrow=0 return_oop=0}
                      ; - (reexecute) org.lwjgl.opengl.GLContext::getCapabilities@5 (line 123)
                      ; - org.lwjgl.opengl.GL11::glEnable@0 (line 1012)
                      ; - com.badlogic.gdx.backends.lwjgl.LwjglGL20::glEnable@1 (line 292)
                      ; - com.badlogic.gdx.graphics.g2d.SpriteBatch::flush@125 (line 971)
  0x00007f929ba55804: 5852 a0ff 

  0x00007f929ba55808: ;   {post_call_nop}
  0x00007f929ba55808: 0f1f 8400 | 8024 004d | 4533 c049 | 3bd0 bdff | ffff ff7c | 0840 0f95 | c540 0fb6 | edbe 45ff 
  0x00007f929ba55828: ffff 4889 | 4c24 0844 | 895c 2410 | 4489 5424 | 1448 8954 | 2418 6690 

  0x00007f929ba55840: ;   {runtime_call UncommonTrapBlob}
  0x00007f929ba55840: c5f8 77e8 

  0x00007f929ba55844: ; ImmutableOopMap {[8]=Oop [20]=NarrowOop }
                      ;*ifne {reexecute=1 rethrow=0 return_oop=0}
                      ; - (reexecute) org.lwjgl.BufferChecks::checkFunctionAddress@9 (line 57)
                      ; - org.lwjgl.opengl.GL11::glEnable@10 (line 1014)
                      ; - com.badlogic.gdx.backends.lwjgl.LwjglGL20::glEnable@1 (line 292)
                      ; - com.badlogic.gdx.graphics.g2d.SpriteBatch::flush@125 (line 971)
  0x00007f929ba55844: 1852 a0ff 

  0x00007f929ba55848: ;   {post_call_nop}
  0x00007f929ba55848: 0f1f 8400 | c024 004e | be45 ffff | ff44 895c | 2410 6690 

  0x00007f929ba5585c: ;   {runtime_call UncommonTrapBlob}
  0x00007f929ba5585c: c5f8 77e8 

  0x00007f929ba55860: ; ImmutableOopMap {rbp=Oop [12]=NarrowOop }
                      ;*if_icmpeq {reexecute=1 rethrow=0 return_oop=0}
                      ; - (reexecute) com.badlogic.gdx.graphics.g2d.SpriteBatch::flush@135 (line 972)
  0x00007f929ba55860: fc51 a0ff 

  0x00007f929ba55864: ;   {post_call_nop}
  0x00007f929ba55864: 0f1f 8400 | dc24 004f | be45 ffff | ff4c 894c | 2410 4489 | 5c24 1844 | 8954 241c 

  0x00007f929ba55880: ;   {runtime_call UncommonTrapBlob}
  0x00007f929ba55880: c5f8 77e8 

  0x00007f929ba55884: ; ImmutableOopMap {rbp=NarrowOop [12]=NarrowOop [16]=Oop }
                      ;*ifnonnull {reexecute=1 rethrow=0 return_oop=0}
                      ; - (reexecute) org.lwjgl.opengl.GLContext::getCapabilities@5 (line 123)
                      ; - org.lwjgl.opengl.GL11::glBlendFunc@0 (line 624)
                      ; - com.badlogic.gdx.backends.lwjgl.LwjglGL20::glBlendFunc@2 (line 109)
                      ; - com.badlogic.gdx.graphics.g2d.SpriteBatch::flush@149 (line 972)
  0x00007f929ba55884: d851 a0ff 

  0x00007f929ba55888: ;   {post_call_nop}
  0x00007f929ba55888: 0f1f 8400 | 0025 0050 | 4533 c049 | 3bc8 bdff | ffff ff7c | 0840 0f95 | c540 0fb6 | edbe 45ff 
  0x00007f929ba558a8: ffff 4c89 | 4c24 1044 | 895c 2418 | 4489 5424 | 1c48 894c | 2420 6690 

  0x00007f929ba558c0: ;   {runtime_call UncommonTrapBlob}
  0x00007f929ba558c0: c5f8 77e8 

  0x00007f929ba558c4: ; ImmutableOopMap {[12]=NarrowOop [16]=Oop }
                      ;*ifne {reexecute=1 rethrow=0 return_oop=0}
                      ; - (reexecute) org.lwjgl.BufferChecks::checkFunctionAddress@9 (line 57)
                      ; - org.lwjgl.opengl.GL11::glBlendFunc@10 (line 626)
                      ; - com.badlogic.gdx.backends.lwjgl.LwjglGL20::glBlendFunc@2 (line 109)
                      ; - com.badlogic.gdx.graphics.g2d.SpriteBatch::flush@149 (line 972)
  0x00007f929ba558c4: 9851 a0ff 

  0x00007f929ba558c8: ;   {post_call_nop}
  0x00007f929ba558c8: 0f1f 8400 | 4025 0051 | be45 ffff | ff44 8954 | 2410 6690 

  0x00007f929ba558dc: ;   {runtime_call UncommonTrapBlob}
  0x00007f929ba558dc: c5f8 77e8 

  0x00007f929ba558e0: ; ImmutableOopMap {rbp=Oop [12]=NarrowOop [16]=NarrowOop }
                      ;*ifnull {reexecute=1 rethrow=0 return_oop=0}
                      ; - (reexecute) com.badlogic.gdx.graphics.g2d.SpriteBatch::flush@159 (line 975)
  0x00007f929ba558e0: 7c51 a0ff 

  0x00007f929ba558e4: ;   {post_call_nop}
  0x00007f929ba558e4: 0f1f 8400 | 5c25 0052 | be45 ffff | ff66 6690 

  0x00007f929ba558f4: ;   {runtime_call UncommonTrapBlob}
  0x00007f929ba558f4: c5f8 77e8 

  0x00007f929ba558f8: ; ImmutableOopMap {rbp=Oop }
                      ;*ifne {reexecute=1 rethrow=0 return_oop=0}
                      ; - (reexecute) com.badlogic.gdx.graphics.Mesh::render@2 (line 477)
                      ; - com.badlogic.gdx.graphics.Mesh::render@10 (line 449)
                      ; - com.badlogic.gdx.graphics.g2d.SpriteBatch::flush@176 (line 975)
  0x00007f929ba558f8: 6451 a0ff 

  0x00007f929ba558fc: ;   {post_call_nop}
  0x00007f929ba558fc: 0f1f 8400 | 7425 0053 | be45 ffff | ff44 894c | 2408 4489 | 5424 0c89 | 4c24 1089 | 7c24 1890 
  0x00007f929ba5591c: ;   {runtime_call UncommonTrapBlob}
  0x00007f929ba5591c: c5f8 77e8 

  0x00007f929ba55920: ; ImmutableOopMap {rbp=Oop [8]=NarrowOop [12]=NarrowOop }
                      ;*ifeq {reexecute=1 rethrow=0 return_oop=0}
                      ; - (reexecute) com.badlogic.gdx.graphics.Mesh::render@8 (line 479)
                      ; - com.badlogic.gdx.graphics.Mesh::render@10 (line 449)
                      ; - com.badlogic.gdx.graphics.g2d.SpriteBatch::flush@176 (line 975)
  0x00007f929ba55920: 3c51 a0ff 

  0x00007f929ba55924: ;   {post_call_nop}
  0x00007f929ba55924: 0f1f 8400 | 9c25 0054 | be45 ffff | ff48 ff74 | 2420 488f | 4424 1889 | 7c24 2444 | 8954 242c 
  0x00007f929ba55944: 8944 2430 | 4c89 4c24 | 404c 894c | 2448 895c | 2450 6690 

  0x00007f929ba55958: ;   {runtime_call UncommonTrapBlob}
  0x00007f929ba55958: c5f8 77e8 

  0x00007f929ba5595c: ; ImmutableOopMap {[8]=Oop [24]=Oop [40]=NarrowOop [44]=NarrowOop [64]=Oop [72]=Oop }
                      ;*if_icmple {reexecute=1 rethrow=0 return_oop=0}
                      ; - (reexecute) java.nio.Buffer::limit@5 (line 378)
                      ; - java.nio.ByteBuffer::limit@2 (line 1590)
                      ; - java.nio.MappedByteBuffer::limit@2 (line 339)
                      ; - java.nio.MappedByteBuffer::limit@2 (line 74)
                      ; - com.badlogic.gdx.graphics.glutils.VertexArray::bind@21 (line 105)
                      ; - com.badlogic.gdx.graphics.Mesh::bind@6 (line 380)
                      ; - com.badlogic.gdx.graphics.Mesh::bind@3 (line 371)
                      ; - com.badlogic.gdx.graphics.Mesh::render@13 (line 479)
                      ; - com.badlogic.gdx.graphics.Mesh::render@10 (line 449)
                      ; - com.badlogic.gdx.graphics.g2d.SpriteBatch::flush@176 (line 975)
  0x00007f929ba5595c: 0051 a0ff 

  0x00007f929ba55960: ;   {post_call_nop}
  0x00007f929ba55960: 0f1f 8400 | d825 0055 | be45 ffff | ff48 8bea | 48ff 7424 | 2048 8f44 | 2408 4889 | 4424 f88b 
  0x00007f929ba55980: 4424 2889 | 4424 1048 | 8b44 24f8 | 897c 241c | 4489 5424 | 2489 4424 | 284c 894c | 2438 4c89 
  0x00007f929ba559a0: 4c24 4089 | 5c24 4890 

  0x00007f929ba559a8: ;   {runtime_call UncommonTrapBlob}
  0x00007f929ba559a8: c5f8 77e8 

  0x00007f929ba559ac: ; ImmutableOopMap {rbp=Oop [8]=Oop [16]=NarrowOop [36]=NarrowOop [56]=Oop [64]=Oop }
                      ;*ifge {reexecute=1 rethrow=0 return_oop=0}
                      ; - (reexecute) java.nio.Buffer::limit@14 (line 378)
                      ; - java.nio.ByteBuffer::limit@2 (line 1590)
                      ; - java.nio.MappedByteBuffer::limit@2 (line 339)
                      ; - java.nio.MappedByteBuffer::limit@2 (line 74)
                      ; - com.badlogic.gdx.graphics.glutils.VertexArray::bind@21 (line 105)
                      ; - com.badlogic.gdx.graphics.Mesh::bind@6 (line 380)
                      ; - com.badlogic.gdx.graphics.Mesh::bind@3 (line 371)
                      ; - com.badlogic.gdx.graphics.Mesh::render@13 (line 479)
                      ; - com.badlogic.gdx.graphics.Mesh::render@10 (line 449)
                      ; - com.badlogic.gdx.graphics.g2d.SpriteBatch::flush@176 (line 975)
  0x00007f929ba559ac: b050 a0ff 

  0x00007f929ba559b0: ;   {post_call_nop}
  0x00007f929ba559b0: 0f1f 8400 | 2826 0056 | be45 ffff | ff48 ff74 | 2420 488f | 4424 1889 | 7c24 2444 | 8954 242c 
  0x00007f929ba559d0: 8944 2430 | 4c89 4c24 | 404c 894c | 2448 895c | 2450 6690 

  0x00007f929ba559e4: ;   {runtime_call UncommonTrapBlob}
  0x00007f929ba559e4: c5f8 77e8 

  0x00007f929ba559e8: ; ImmutableOopMap {[8]=Oop [24]=Oop [40]=NarrowOop [44]=NarrowOop [64]=Oop [72]=Oop }
                      ;*if_icmple {reexecute=1 rethrow=0 return_oop=0}
                      ; - (reexecute) java.nio.Buffer::limit@42 (line 381)
                      ; - java.nio.ByteBuffer::limit@2 (line 1590)
                      ; - java.nio.MappedByteBuffer::limit@2 (line 339)
                      ; - java.nio.MappedByteBuffer::limit@2 (line 74)
                      ; - com.badlogic.gdx.graphics.glutils.VertexArray::bind@21 (line 105)
                      ; - com.badlogic.gdx.graphics.Mesh::bind@6 (line 380)
                      ; - com.badlogic.gdx.graphics.Mesh::bind@3 (line 371)
                      ; - com.badlogic.gdx.graphics.Mesh::render@13 (line 479)
                      ; - com.badlogic.gdx.graphics.Mesh::render@10 (line 449)
                      ; - com.badlogic.gdx.graphics.g2d.SpriteBatch::flush@176 (line 975)
  0x00007f929ba559e8: 7450 a0ff 

  0x00007f929ba559ec: ;   {post_call_nop}
  0x00007f929ba559ec: 0f1f 8400 | 6426 0057 | be45 ffff | ff48 ff74 | 2420 488f | 4424 1889 | 7c24 2444 | 8954 242c 
  0x00007f929ba55a0c: 8944 2430 | 4c89 4c24 | 404c 894c | 2448 895c | 2434 6690 

  0x00007f929ba55a20: ;   {runtime_call UncommonTrapBlob}
  0x00007f929ba55a20: c5f8 77e8 

  0x00007f929ba55a24: ; ImmutableOopMap {[8]=Oop [24]=Oop [40]=NarrowOop [44]=NarrowOop [64]=Oop [72]=Oop }
                      ;*if_icmple {reexecute=1 rethrow=0 return_oop=0}
                      ; - (reexecute) java.nio.Buffer::limit@55 (line 382)
                      ; - java.nio.ByteBuffer::limit@2 (line 1590)
                      ; - java.nio.MappedByteBuffer::limit@2 (line 339)
                      ; - java.nio.MappedByteBuffer::limit@2 (line 74)
                      ; - com.badlogic.gdx.graphics.glutils.VertexArray::bind@21 (line 105)
                      ; - com.badlogic.gdx.graphics.Mesh::bind@6 (line 380)
                      ; - com.badlogic.gdx.graphics.Mesh::bind@3 (line 371)
                      ; - com.badlogic.gdx.graphics.Mesh::render@13 (line 479)
                      ; - com.badlogic.gdx.graphics.Mesh::render@10 (line 449)
                      ; - com.badlogic.gdx.graphics.g2d.SpriteBatch::flush@176 (line 975)
  0x00007f929ba55a24: 3850 a0ff 

  0x00007f929ba55a28: ;   {post_call_nop}
  0x00007f929ba55a28: 0f1f 8400 | a026 0058 | be45 ffff | ff48 ff74 | 2420 488f | 4424 0889 | 4c24 1844 | 8954 2420 
  0x00007f929ba55a48: ;   {runtime_call UncommonTrapBlob}
  0x00007f929ba55a48: c5f8 77e8 

  0x00007f929ba55a4c: ; ImmutableOopMap {[8]=Oop [24]=NarrowOop [32]=NarrowOop [40]=NarrowOop }
                      ;*ifeq {reexecute=1 rethrow=0 return_oop=0}
                      ; - (reexecute) com.badlogic.gdx.graphics.glutils.IndexArray::getNumIndices@4 (line 49)
                      ; - com.badlogic.gdx.graphics.Mesh::bind@15 (line 381)
                      ; - com.badlogic.gdx.graphics.Mesh::bind@3 (line 371)
                      ; - com.badlogic.gdx.graphics.Mesh::render@13 (line 479)
                      ; - com.badlogic.gdx.graphics.Mesh::render@10 (line 449)
                      ; - com.badlogic.gdx.graphics.g2d.SpriteBatch::flush@176 (line 975)
  0x00007f929ba55a4c: 1050 a0ff 

  0x00007f929ba55a50: ;   {post_call_nop}
  0x00007f929ba55a50: 0f1f 8400 | c826 0059 | be45 ffff | ff89 4c24 | 1866 6690 

  0x00007f929ba55a64: ;   {runtime_call UncommonTrapBlob}
  0x00007f929ba55a64: c5f8 77e8 

  0x00007f929ba55a68: ; ImmutableOopMap {[24]=NarrowOop [32]=Oop [40]=NarrowOop }
                      ;*ifeq {reexecute=1 rethrow=0 return_oop=0}
                      ; - (reexecute) com.badlogic.gdx.graphics.Mesh::render@20 (line 481)
                      ; - com.badlogic.gdx.graphics.Mesh::render@10 (line 449)
                      ; - com.badlogic.gdx.graphics.g2d.SpriteBatch::flush@176 (line 975)
  0x00007f929ba55a68: f44f a0ff 

  0x00007f929ba55a6c: ;   {post_call_nop}
  0x00007f929ba55a6c: 0f1f 8400 | e426 005a | be45 ffff | ff48 8b6c | 2420 4489 | 5424 0889 | 4c24 0c48 | 8944 24f8 
  0x00007f929ba55a8c: 8b44 2414 | 8944 2410 | 488b 4424 | f848 8944 | 24f8 8b44 | 242c 8944 | 2414 488b | 4424 f844 
  0x00007f929ba55aac: 895c 241c | 895c 2424 | 895c 2428 | 8954 242c 

  0x00007f929ba55abc: ;   {runtime_call UncommonTrapBlob}
  0x00007f929ba55abc: c5f8 77e8 

  0x00007f929ba55ac0: ; ImmutableOopMap {rbp=Oop [8]=NarrowOop [12]=NarrowOop [36]=NarrowOop [40]=NarrowOop }
                      ;*if_icmple {reexecute=1 rethrow=0 return_oop=0}
                      ; - (reexecute) java.nio.Buffer::position@5 (line 325)
                      ; - java.nio.ShortBuffer::position@2 (line 1576)
                      ; - java.nio.ShortBuffer::position@2 (line 292)
                      ; - com.badlogic.gdx.graphics.Mesh::render@63 (line 486)
                      ; - com.badlogic.gdx.graphics.Mesh::render@10 (line 449)
                      ; - com.badlogic.gdx.graphics.g2d.SpriteBatch::flush@176 (line 975)
  0x00007f929ba55ac0: 9c4f a0ff 

  0x00007f929ba55ac4: ;   {post_call_nop}
  0x00007f929ba55ac4: 0f1f 8400 | 3c27 005b | be45 ffff | ff48 8b6c | 2420 4489 | 5424 0889 | 4c24 0c48 | 8944 24f8 
  0x00007f929ba55ae4: 8b44 2414 | 8944 2410 | 488b 4424 | f848 8944 | 24f8 8b44 | 242c 8944 | 2414 488b | 4424 f844 
  0x00007f929ba55b04: 895c 241c | 8954 2420 | 895c 2424 | 895c 2428 | 4489 4424 | 2c66 6690 

  0x00007f929ba55b1c: ;   {runtime_call UncommonTrapBlob}
  0x00007f929ba55b1c: c5f8 77e8 

  0x00007f929ba55b20: ; ImmutableOopMap {rbp=Oop [8]=NarrowOop [12]=NarrowOop [36]=NarrowOop [40]=NarrowOop }
                      ;*if_icmple {reexecute=1 rethrow=0 return_oop=0}
                      ; - (reexecute) java.nio.Buffer::position@37 (line 327)
                      ; - java.nio.ShortBuffer::position@2 (line 1576)
                      ; - java.nio.ShortBuffer::position@2 (line 292)
                      ; - com.badlogic.gdx.graphics.Mesh::render@63 (line 486)
                      ; - com.badlogic.gdx.graphics.Mesh::render@10 (line 449)
                      ; - com.badlogic.gdx.graphics.g2d.SpriteBatch::flush@176 (line 975)
  0x00007f929ba55b20: 3c4f a0ff 

  0x00007f929ba55b24: ;   {post_call_nop}
  0x00007f929ba55b24: 0f1f 8400 | 9c27 005c | be45 ffff | ff48 ff74 | 2420 488f | 4424 1848 | 8944 24f8 | 8b44 242c 
  0x00007f929ba55b44: 8944 2420 | 488b 4424 | f889 5c24 | 2c89 5c24 | 3066 6690 

  0x00007f929ba55b58: ;   {runtime_call UncommonTrapBlob}
  0x00007f929ba55b58: c5f8 77e8 

  0x00007f929ba55b5c: ; ImmutableOopMap {[8]=NarrowOop [12]=NarrowOop [24]=Oop [44]=NarrowOop [48]=NarrowOop }
                      ;*if_icmple {reexecute=1 rethrow=0 return_oop=0}
                      ; - (reexecute) java.nio.Buffer::limit@5 (line 378)
                      ; - java.nio.ShortBuffer::limit@2 (line 1590)
                      ; - java.nio.ShortBuffer::limit@2 (line 292)
                      ; - com.badlogic.gdx.graphics.Mesh::render@73 (line 487)
                      ; - com.badlogic.gdx.graphics.Mesh::render@10 (line 449)
                      ; - com.badlogic.gdx.graphics.g2d.SpriteBatch::flush@176 (line 975)
  0x00007f929ba55b5c: 004f a0ff 

  0x00007f929ba55b60: ;   {post_call_nop}
  0x00007f929ba55b60: 0f1f 8400 | d827 005d | be45 ffff | ff48 8b6c | 2420 4889 | 4424 f88b | 4424 2c89 | 4424 1848 
  0x00007f929ba55b80: 8b44 24f8 | 4889 4424 | f88b 4424 | 2889 4424 | 2048 8b44 | 24f8 895c | 2424 895c | 2428 4489 
  0x00007f929ba55ba0: 4424 2c90 

  0x00007f929ba55ba4: ;   {runtime_call UncommonTrapBlob}
  0x00007f929ba55ba4: c5f8 77e8 

  0x00007f929ba55ba8: ; ImmutableOopMap {rbp=Oop [8]=NarrowOop [12]=NarrowOop [36]=NarrowOop [40]=NarrowOop }
                      ;*if_icmple {reexecute=1 rethrow=0 return_oop=0}
                      ; - (reexecute) java.nio.Buffer::limit@55 (line 382)
                      ; - java.nio.ShortBuffer::limit@2 (line 1590)
                      ; - java.nio.ShortBuffer::limit@2 (line 292)
                      ; - com.badlogic.gdx.graphics.Mesh::render@73 (line 487)
                      ; - com.badlogic.gdx.graphics.Mesh::render@10 (line 449)
                      ; - com.badlogic.gdx.graphics.g2d.SpriteBatch::flush@176 (line 975)
  0x00007f929ba55ba8: b44e a0ff 

  0x00007f929ba55bac: ;   {post_call_nop}
  0x00007f929ba55bac: 0f1f 8400 | 2428 005e | be45 ffff | ff48 8b6c | 2420 4889 | 4424 f88b | 4424 2889 | 4424 1c48 
  0x00007f929ba55bcc: 8b44 24f8 | 4489 5c24 | 2866 6690 

  0x00007f929ba55bd8: ;   {runtime_call UncommonTrapBlob}
  0x00007f929ba55bd8: c5f8 77e8 

  0x00007f929ba55bdc: ; ImmutableOopMap {rbp=Oop [8]=NarrowOop [12]=NarrowOop [20]=NarrowOop [40]=NarrowOop }
                      ;*ifnonnull {reexecute=1 rethrow=0 return_oop=0}
                      ; - (reexecute) org.lwjgl.opengl.GLContext::getCapabilities@5 (line 123)
                      ; - org.lwjgl.opengl.GL11::glDrawElements@0 (line 1105)
                      ; - com.badlogic.gdx.backends.lwjgl.LwjglGL20::glDrawElements@21 (line 281)
                      ; - com.badlogic.gdx.graphics.Mesh::render@88 (line 488)
                      ; - com.badlogic.gdx.graphics.Mesh::render@10 (line 449)
                      ; - com.badlogic.gdx.graphics.g2d.SpriteBatch::flush@176 (line 975)
  0x00007f929ba55bdc: 804e a0ff 

  0x00007f929ba55be0: ;   {post_call_nop}
  0x00007f929ba55be0: 0f1f 8400 | 5828 005f | 4533 d24d | 3bca bdff | ffff ff7c | 0840 0f95 | c540 0fb6 | edbe 45ff 
  0x00007f929ba55c00: ffff 48ff | 7424 2048 | 8f44 2418 | 4889 4424 | f88b 4424 | 2c89 4424 | 2048 8b44 | 24f8 4889 
  0x00007f929ba55c20: 4424 f88b | 4424 2889 | 4424 2448 | 8b44 24f8 | 4489 5c24 | 2c4c 894c | 2430 6690 

  0x00007f929ba55c3c: ;   {runtime_call UncommonTrapBlob}
  0x00007f929ba55c3c: c5f8 77e8 

  0x00007f929ba55c40: ; ImmutableOopMap {[8]=NarrowOop [12]=NarrowOop [20]=NarrowOop [24]=Oop [44]=NarrowOop }
                      ;*ifne {reexecute=1 rethrow=0 return_oop=0}
                      ; - (reexecute) org.lwjgl.BufferChecks::checkFunctionAddress@9 (line 57)
                      ; - org.lwjgl.opengl.GL11::glDrawElements@10 (line 1107)
                      ; - com.badlogic.gdx.backends.lwjgl.LwjglGL20::glDrawElements@21 (line 281)
                      ; - com.badlogic.gdx.graphics.Mesh::render@88 (line 488)
                      ; - com.badlogic.gdx.graphics.Mesh::render@10 (line 449)
                      ; - com.badlogic.gdx.graphics.g2d.SpriteBatch::flush@176 (line 975)
  0x00007f929ba55c40: 1c4e a0ff 

  0x00007f929ba55c44: ;   {post_call_nop}
  0x00007f929ba55c44: 0f1f 8400 | bc28 0060 | be45 ffff | ff48 ff74 | 2420 488f | 4424 1848 | 8944 24f8 | 8b44 2428 
  0x00007f929ba55c64: 8944 2424 | 488b 4424 | f84c 894c | 2430 6690 

  0x00007f929ba55c74: ;   {runtime_call UncommonTrapBlob}
  0x00007f929ba55c74: c5f8 77e8 

  0x00007f929ba55c78: ; ImmutableOopMap {[8]=NarrowOop [12]=NarrowOop [20]=NarrowOop [24]=Oop }
                      ;*ifeq {reexecute=1 rethrow=0 return_oop=0}
                      ; - (reexecute) org.lwjgl.opengl.GLChecks::ensureElementVBOdisabled@10 (line 82)
                      ; - org.lwjgl.opengl.GL11::glDrawElements@14 (line 1108)
                      ; - com.badlogic.gdx.backends.lwjgl.LwjglGL20::glDrawElements@21 (line 281)
                      ; - com.badlogic.gdx.graphics.Mesh::render@88 (line 488)
                      ; - com.badlogic.gdx.graphics.Mesh::render@10 (line 449)
                      ; - com.badlogic.gdx.graphics.g2d.SpriteBatch::flush@176 (line 975)
  0x00007f929ba55c78: e44d a0ff 

  0x00007f929ba55c7c: ;   {post_call_nop}
  0x00007f929ba55c7c: 0f1f 8400 | f428 0061 | be45 ffff | ff48 ff74 | 2420 488f | 4424 1848 | 8944 24f8 | 8b44 242c 
  0x00007f929ba55c9c: 8944 2414 | 488b 4424 | f844 8944 | 2424 4489 | 4424 2844 | 895c 2430 

  0x00007f929ba55cb4: ;   {runtime_call UncommonTrapBlob}
  0x00007f929ba55cb4: c5f8 77e8 

  0x00007f929ba55cb8: ; ImmutableOopMap {[8]=NarrowOop [12]=NarrowOop [24]=Oop [36]=NarrowOop [40]=NarrowOop }
                      ;*if_icmple {reexecute=1 rethrow=0 return_oop=0}
                      ; - (reexecute) java.nio.Buffer::position@5 (line 325)
                      ; - java.nio.ShortBuffer::position@2 (line 1576)
                      ; - java.nio.ShortBuffer::position@2 (line 292)
                      ; - com.badlogic.gdx.graphics.Mesh::render@97 (line 489)
                      ; - com.badlogic.gdx.graphics.Mesh::render@10 (line 449)
                      ; - com.badlogic.gdx.graphics.g2d.SpriteBatch::flush@176 (line 975)
  0x00007f929ba55cb8: a44d a0ff 

  0x00007f929ba55cbc: ;   {post_call_nop}
  0x00007f929ba55cbc: 0f1f 8400 | 3429 0062 | be45 ffff | ff48 8b6c | 2420 4489 | 4424 1c44 | 8944 2420 

  0x00007f929ba55cd8: ;   {runtime_call UncommonTrapBlob}
  0x00007f929ba55cd8: c5f8 77e8 

  0x00007f929ba55cdc: ; ImmutableOopMap {rbp=Oop [8]=NarrowOop [12]=NarrowOop [28]=NarrowOop [32]=NarrowOop }
                      ;*ifge {reexecute=1 rethrow=0 return_oop=0}
                      ; - (reexecute) java.nio.Buffer::position@14 (line 325)
                      ; - java.nio.ShortBuffer::position@2 (line 1576)
                      ; - java.nio.ShortBuffer::position@2 (line 292)
                      ; - com.badlogic.gdx.graphics.Mesh::render@97 (line 489)
                      ; - com.badlogic.gdx.graphics.Mesh::render@10 (line 449)
                      ; - com.badlogic.gdx.graphics.g2d.SpriteBatch::flush@176 (line 975)
  0x00007f929ba55cdc: 804d a0ff 

  0x00007f929ba55ce0: ;   {post_call_nop}
  0x00007f929ba55ce0: 0f1f 8400 | 5829 0063 | be45 ffff | ff48 8b6c | 2420 4889 | 4424 f88b | 4424 2c89 | 4424 1448 
  0x00007f929ba55d00: 8b44 24f8 | 4489 4424 | 1c44 8944 | 2420 4489 | 4c24 2844 | 895c 242c 

  0x00007f929ba55d18: ;   {runtime_call UncommonTrapBlob}
  0x00007f929ba55d18: c5f8 77e8 

  0x00007f929ba55d1c: ; ImmutableOopMap {rbp=Oop [8]=NarrowOop [12]=NarrowOop [28]=NarrowOop [32]=NarrowOop }
                      ;*if_icmple {reexecute=1 rethrow=0 return_oop=0}
                      ; - (reexecute) java.nio.Buffer::position@37 (line 327)
                      ; - java.nio.ShortBuffer::position@2 (line 1576)
                      ; - java.nio.ShortBuffer::position@2 (line 292)
                      ; - com.badlogic.gdx.graphics.Mesh::render@97 (line 489)
                      ; - com.badlogic.gdx.graphics.Mesh::render@10 (line 449)
                      ; - com.badlogic.gdx.graphics.g2d.SpriteBatch::flush@176 (line 975)
  0x00007f929ba55d1c: 404d a0ff 

  0x00007f929ba55d20: ;   {post_call_nop}
  0x00007f929ba55d20: 0f1f 8400 | 9829 0064 | be45 ffff | ff48 ff74 | 2420 488f | 4424 1044 | 8944 2420 | 4489 5424 
  0x00007f929ba55d40: 2866 6690 

  0x00007f929ba55d44: ;   {runtime_call UncommonTrapBlob}
  0x00007f929ba55d44: c5f8 77e8 

  0x00007f929ba55d48: ; ImmutableOopMap {[8]=NarrowOop [12]=NarrowOop [16]=Oop [32]=NarrowOop }
                      ;*if_icmple {reexecute=1 rethrow=0 return_oop=0}
                      ; - (reexecute) java.nio.Buffer::limit@5 (line 378)
                      ; - java.nio.ShortBuffer::limit@2 (line 1590)
                      ; - java.nio.ShortBuffer::limit@2 (line 292)
                      ; - com.badlogic.gdx.graphics.Mesh::render@105 (line 490)
                      ; - com.badlogic.gdx.graphics.Mesh::render@10 (line 449)
                      ; - com.badlogic.gdx.graphics.g2d.SpriteBatch::flush@176 (line 975)
  0x00007f929ba55d48: 144d a0ff 

  0x00007f929ba55d4c: ;   {post_call_nop}
  0x00007f929ba55d4c: 0f1f 8400 | c429 0065 | be45 ffff | ff48 8b6c | 2420 4489 | 5424 2490 

  0x00007f929ba55d64: ;   {runtime_call UncommonTrapBlob}
  0x00007f929ba55d64: c5f8 77e8 

  0x00007f929ba55d68: ; ImmutableOopMap {rbp=Oop [8]=NarrowOop [12]=NarrowOop [20]=NarrowOop }
                      ;*if_icmple {reexecute=1 rethrow=0 return_oop=0}
                      ; - (reexecute) java.nio.Buffer::limit@42 (line 381)
                      ; - java.nio.ShortBuffer::limit@2 (line 1590)
                      ; - java.nio.ShortBuffer::limit@2 (line 292)
                      ; - com.badlogic.gdx.graphics.Mesh::render@105 (line 490)
                      ; - com.badlogic.gdx.graphics.Mesh::render@10 (line 449)
                      ; - com.badlogic.gdx.graphics.g2d.SpriteBatch::flush@176 (line 975)
  0x00007f929ba55d68: f44c a0ff 

  0x00007f929ba55d6c: ;   {post_call_nop}
  0x00007f929ba55d6c: 0f1f 8400 | e429 0066 | be45 ffff | ff48 8b6c | 2420 4489 | 4c24 1c44 | 8954 2420 

  0x00007f929ba55d88: ;   {runtime_call UncommonTrapBlob}
  0x00007f929ba55d88: c5f8 77e8 

  0x00007f929ba55d8c: ; ImmutableOopMap {rbp=Oop [8]=NarrowOop [12]=NarrowOop [20]=NarrowOop }
                      ;*if_icmple {reexecute=1 rethrow=0 return_oop=0}
                      ; - (reexecute) java.nio.Buffer::limit@55 (line 382)
                      ; - java.nio.ShortBuffer::limit@2 (line 1590)
                      ; - java.nio.ShortBuffer::limit@2 (line 292)
                      ; - com.badlogic.gdx.graphics.Mesh::render@105 (line 490)
                      ; - com.badlogic.gdx.graphics.Mesh::render@10 (line 449)
                      ; - com.badlogic.gdx.graphics.g2d.SpriteBatch::flush@176 (line 975)
  0x00007f929ba55d8c: d04c a0ff 

  0x00007f929ba55d90: ;   {post_call_nop}
  0x00007f929ba55d90: 0f1f 8400 | 082a 0067 | be45 ffff | ff44 8944 | 2410 6690 

  0x00007f929ba55da4: ;   {runtime_call UncommonTrapBlob}
  0x00007f929ba55da4: c5f8 77e8 

  0x00007f929ba55da8: ; ImmutableOopMap {[16]=NarrowOop [32]=Oop }
                      ;*ifeq {reexecute=1 rethrow=0 return_oop=0}
                      ; - (reexecute) com.badlogic.gdx.graphics.glutils.IndexArray::getNumIndices@4 (line 49)
                      ; - com.badlogic.gdx.graphics.Mesh::unbind@15 (line 399)
                      ; - com.badlogic.gdx.graphics.Mesh::unbind@3 (line 389)
                      ; - com.badlogic.gdx.graphics.Mesh::render@178 (line 501)
                      ; - com.badlogic.gdx.graphics.Mesh::render@10 (line 449)
                      ; - com.badlogic.gdx.graphics.g2d.SpriteBatch::flush@176 (line 975)
  0x00007f929ba55da8: b44c a0ff 

  0x00007f929ba55dac: ;   {post_call_nop}
  0x00007f929ba55dac: 0f1f 8400 | 242a 0068 | bede ffff | ff48 ff74 | 2420 488f | 4424 1848 | 8944 24f8 | 8b44 2438 
  0x00007f929ba55dcc: 8944 2424 | 488b 4424 | f848 8944 | 24f8 8b44 | 243c 8944 | 2434 488b | 4424 f848 | 8944 24f8 
  0x00007f929ba55dec: 8b44 2448 | 8944 2438 | 488b 4424 | f844 895c | 2444 4489 | 5424 4890 

  0x00007f929ba55e04: ;   {runtime_call UncommonTrapBlob}
  0x00007f929ba55e04: c5f8 77e8 

  0x00007f929ba55e08: ; ImmutableOopMap {rbp=NarrowOop [8]=Oop [24]=Oop [36]=NarrowOop [40]=NarrowOop [56]=NarrowOop [76]=NarrowOop [80]=NarrowOop }
                      ;*instanceof {reexecute=0 rethrow=0 return_oop=0}
                      ; - java.lang.String::equals@8 (line 2087)
                      ; - com.badlogic.gdx.utils.ObjectIntMap::get@21 (line 281)
                      ; - com.badlogic.gdx.graphics.glutils.ShaderProgram::getAttributeLocation@6 (line 865)
                      ; - com.badlogic.gdx.graphics.glutils.VertexArray::bind@55 (line 109)
                      ; - com.badlogic.gdx.graphics.Mesh::bind@6 (line 380)
                      ; - com.badlogic.gdx.graphics.Mesh::bind@3 (line 371)
                      ; - com.badlogic.gdx.graphics.Mesh::render@13 (line 479)
                      ; - com.badlogic.gdx.graphics.Mesh::render@10 (line 449)
                      ; - com.badlogic.gdx.graphics.g2d.SpriteBatch::flush@176 (line 975)
  0x00007f929ba55e08: 544c a0ff 

  0x00007f929ba55e0c: ;   {post_call_nop}
  0x00007f929ba55e0c: 0f1f 8400 | 842a 0069 | bede ffff | ff48 ff74 | 2420 488f | 4424 1848 | 8944 24f8 | 8b44 2428 
  0x00007f929ba55e2c: 8944 2420 | 488b 4424 | f848 8944 | 24f8 8b44 | 242c 8944 | 2424 488b | 4424 f848 | 8944 24f8 
  0x00007f929ba55e4c: 8b44 2444 | 8944 2434 | 488b 4424 | f844 8954 | 2438 4489 | 4c24 4444 | 895c 2448 

  0x00007f929ba55e68: ;   {runtime_call UncommonTrapBlob}
  0x00007f929ba55e68: c5f8 77e8 

  0x00007f929ba55e6c: ; ImmutableOopMap {rbp=NarrowOop [8]=NarrowOop [12]=NarrowOop [16]=Oop [24]=Oop [52]=NarrowOop [56]=NarrowOop [64]=NarrowOop }
                      ;*instanceof {reexecute=0 rethrow=0 return_oop=0}
                      ; - java.lang.String::equals@8 (line 2087)
                      ; - com.badlogic.gdx.utils.ObjectIntMap::get@21 (line 281)
                      ; - com.badlogic.gdx.graphics.glutils.ShaderProgram::fetchAttributeLocation@11 (line 290)
                      ; - com.badlogic.gdx.graphics.glutils.ShaderProgram::disableVertexAttribute@10 (line 717)
                      ; - com.badlogic.gdx.graphics.glutils.VertexArray::unbind@34 (line 145)
                      ; - com.badlogic.gdx.graphics.Mesh::unbind@6 (line 398)
                      ; - com.badlogic.gdx.graphics.Mesh::unbind@3 (line 389)
                      ; - com.badlogic.gdx.graphics.Mesh::render@178 (line 501)
                      ; - com.badlogic.gdx.graphics.Mesh::render@10 (line 449)
                      ; - com.badlogic.gdx.graphics.g2d.SpriteBatch::flush@176 (line 975)
  0x00007f929ba55e6c: f04b a0ff 

  0x00007f929ba55e70: ;   {post_call_nop}
  0x00007f929ba55e70: 0f1f 8400 | e82a 006a | bef6 ffff | ff8b ef90 

  0x00007f929ba55e80: ;   {runtime_call UncommonTrapBlob}
  0x00007f929ba55e80: c5f8 77e8 

  0x00007f929ba55e84: ; ImmutableOopMap {}
                      ;*invokevirtual get {reexecute=0 rethrow=0 return_oop=0}
                      ; - com.badlogic.gdx.graphics.glutils.VertexArray::bind@44 (line 108)
                      ; - com.badlogic.gdx.graphics.Mesh::bind@6 (line 380)
                      ; - com.badlogic.gdx.graphics.Mesh::bind@3 (line 371)
                      ; - com.badlogic.gdx.graphics.Mesh::render@13 (line 479)
                      ; - com.badlogic.gdx.graphics.Mesh::render@10 (line 449)
                      ; - com.badlogic.gdx.graphics.g2d.SpriteBatch::flush@176 (line 975)
  0x00007f929ba55e84: d84b a0ff 

  0x00007f929ba55e88: ;   {post_call_nop}
  0x00007f929ba55e88: 0f1f 8400 | 002b 006b | bef6 ffff | ff8b ef90 

  0x00007f929ba55e98: ;   {runtime_call UncommonTrapBlob}
  0x00007f929ba55e98: c5f8 77e8 

  0x00007f929ba55e9c: ; ImmutableOopMap {}
                      ;*aaload {reexecute=0 rethrow=0 return_oop=0}
                      ; - com.badlogic.gdx.graphics.VertexAttributes::get@5 (line 109)
                      ; - com.badlogic.gdx.graphics.glutils.VertexArray::bind@44 (line 108)
                      ; - com.badlogic.gdx.graphics.Mesh::bind@6 (line 380)
                      ; - com.badlogic.gdx.graphics.Mesh::bind@3 (line 371)
                      ; - com.badlogic.gdx.graphics.Mesh::render@13 (line 479)
                      ; - com.badlogic.gdx.graphics.Mesh::render@10 (line 449)
                      ; - com.badlogic.gdx.graphics.g2d.SpriteBatch::flush@176 (line 975)
  0x00007f929ba55e9c: c04b a0ff 

  0x00007f929ba55ea0: ;   {post_call_nop}
  0x00007f929ba55ea0: 0f1f 8400 | 182b 006c | bef6 ffff | ff66 6690 

  0x00007f929ba55eb0: ;   {runtime_call UncommonTrapBlob}
  0x00007f929ba55eb0: c5f8 77e8 

  0x00007f929ba55eb4: ; ImmutableOopMap {}
                      ;*getfield alias {reexecute=1 rethrow=0 return_oop=0}
                      ; - (reexecute) com.badlogic.gdx.graphics.glutils.VertexArray::bind@52 (line 109)
                      ; - com.badlogic.gdx.graphics.Mesh::bind@6 (line 380)
                      ; - com.badlogic.gdx.graphics.Mesh::bind@3 (line 371)
                      ; - com.badlogic.gdx.graphics.Mesh::render@13 (line 479)
                      ; - com.badlogic.gdx.graphics.Mesh::render@10 (line 449)
                      ; - com.badlogic.gdx.graphics.g2d.SpriteBatch::flush@176 (line 975)
  0x00007f929ba55eb4: a84b a0ff 

  0x00007f929ba55eb8: ;   {post_call_nop}
  0x00007f929ba55eb8: 0f1f 8400 | 302b 006d | bef6 ffff | ff66 6690 

  0x00007f929ba55ec8: ;   {runtime_call UncommonTrapBlob}
  0x00007f929ba55ec8: c5f8 77e8 

  0x00007f929ba55ecc: ; ImmutableOopMap {}
                      ;*invokevirtual hashCode {reexecute=0 rethrow=0 return_oop=0}
                      ; - com.badlogic.gdx.utils.ObjectIntMap::get@1 (line 279)
                      ; - com.badlogic.gdx.graphics.glutils.ShaderProgram::getAttributeLocation@6 (line 865)
                      ; - com.badlogic.gdx.graphics.glutils.VertexArray::bind@55 (line 109)
                      ; - com.badlogic.gdx.graphics.Mesh::bind@6 (line 380)
                      ; - com.badlogic.gdx.graphics.Mesh::bind@3 (line 371)
                      ; - com.badlogic.gdx.graphics.Mesh::render@13 (line 479)
                      ; - com.badlogic.gdx.graphics.Mesh::render@10 (line 449)
                      ; - com.badlogic.gdx.graphics.g2d.SpriteBatch::flush@176 (line 975)
  0x00007f929ba55ecc: 904b a0ff 

  0x00007f929ba55ed0: ;   {post_call_nop}
  0x00007f929ba55ed0: 0f1f 8400 | 482b 006e | bef6 ffff | ff41 8bea 

  0x00007f929ba55ee0: ;   {runtime_call UncommonTrapBlob}
  0x00007f929ba55ee0: c5f8 77e8 

  0x00007f929ba55ee4: ; ImmutableOopMap {}
                      ;*aaload {reexecute=0 rethrow=0 return_oop=0}
                      ; - com.badlogic.gdx.utils.ObjectIntMap::get@20 (line 281)
                      ; - com.badlogic.gdx.graphics.glutils.ShaderProgram::getAttributeLocation@6 (line 865)
                      ; - com.badlogic.gdx.graphics.glutils.VertexArray::bind@55 (line 109)
                      ; - com.badlogic.gdx.graphics.Mesh::bind@6 (line 380)
                      ; - com.badlogic.gdx.graphics.Mesh::bind@3 (line 371)
                      ; - com.badlogic.gdx.graphics.Mesh::render@13 (line 479)
                      ; - com.badlogic.gdx.graphics.Mesh::render@10 (line 449)
                      ; - com.badlogic.gdx.graphics.g2d.SpriteBatch::flush@176 (line 975)
  0x00007f929ba55ee4: 784b a0ff 

  0x00007f929ba55ee8: ;   {post_call_nop}
  0x00007f929ba55ee8: 0f1f 8400 | 602b 006f | bef6 ffff | ff41 8bea 

  0x00007f929ba55ef8: ;   {runtime_call UncommonTrapBlob}
  0x00007f929ba55ef8: c5f8 77e8 

  0x00007f929ba55efc: ; ImmutableOopMap {}
                      ;*iaload {reexecute=0 rethrow=0 return_oop=0}
                      ; - com.badlogic.gdx.utils.ObjectIntMap::get@82 (line 288)
                      ; - com.badlogic.gdx.graphics.glutils.ShaderProgram::getAttributeLocation@6 (line 865)
                      ; - com.badlogic.gdx.graphics.glutils.VertexArray::bind@55 (line 109)
                      ; - com.badlogic.gdx.graphics.Mesh::bind@6 (line 380)
                      ; - com.badlogic.gdx.graphics.Mesh::bind@3 (line 371)
                      ; - com.badlogic.gdx.graphics.Mesh::render@13 (line 479)
                      ; - com.badlogic.gdx.graphics.Mesh::render@10 (line 449)
                      ; - com.badlogic.gdx.graphics.g2d.SpriteBatch::flush@176 (line 975)
  0x00007f929ba55efc: 604b a0ff 

  0x00007f929ba55f00: ;   {post_call_nop}
  0x00007f929ba55f00: 0f1f 8400 | 782b 0070 | bef6 ffff | ff8b 6c24 | 4c66 6690 

  0x00007f929ba55f14: ;   {runtime_call UncommonTrapBlob}
  0x00007f929ba55f14: c5f8 77e8 

  0x00007f929ba55f18: ; ImmutableOopMap {}
                      ;*invokeinterface glEnableVertexAttribArray {reexecute=0 rethrow=0 return_oop=0}
                      ; - com.badlogic.gdx.graphics.glutils.ShaderProgram::enableVertexAttribute@10 (line 742)
                      ; - com.badlogic.gdx.graphics.glutils.VertexArray::bind@71 (line 111)
                      ; - com.badlogic.gdx.graphics.Mesh::bind@6 (line 380)
                      ; - com.badlogic.gdx.graphics.Mesh::bind@3 (line 371)
                      ; - com.badlogic.gdx.graphics.Mesh::render@13 (line 479)
                      ; - com.badlogic.gdx.graphics.Mesh::render@10 (line 449)
                      ; - com.badlogic.gdx.graphics.g2d.SpriteBatch::flush@176 (line 975)
  0x00007f929ba55f18: 444b a0ff 

  0x00007f929ba55f1c: ;   {post_call_nop}
  0x00007f929ba55f1c: 0f1f 8400 | 942b 0071 | bef6 ffff | ff66 6690 

  0x00007f929ba55f2c: ;   {runtime_call UncommonTrapBlob}
  0x00007f929ba55f2c: c5f8 77e8 

  0x00007f929ba55f30: ; ImmutableOopMap {}
                      ;*getfield owner {reexecute=1 rethrow=0 return_oop=0}
                      ; - (reexecute) org.lwjgl.opengl.GLContext::getCapabilitiesImpl@5 (line 132)
                      ; - org.lwjgl.opengl.GLContext::getCapabilities@0 (line 122)
                      ; - org.lwjgl.opengl.GL20::glEnableVertexAttribArray@0 (line 909)
                      ; - com.badlogic.gdx.backends.lwjgl.LwjglGL20::glEnableVertexAttribArray@1 (line 296)
                      ; - com.badlogic.gdx.graphics.glutils.ShaderProgram::enableVertexAttribute@10 (line 742)
                      ; - com.badlogic.gdx.graphics.glutils.VertexArray::bind@71 (line 111)
                      ; - com.badlogic.gdx.graphics.Mesh::bind@6 (line 380)
                      ; - com.badlogic.gdx.graphics.Mesh::bind@3 (line 371)
                      ; - com.badlogic.gdx.graphics.Mesh::render@13 (line 479)
                      ; - com.badlogic.gdx.graphics.Mesh::render@10 (line 449)
                      ; - com.badlogic.gdx.graphics.g2d.SpriteBatch::flush@176 (line 975)
  0x00007f929ba55f30: 2c4b a0ff 

  0x00007f929ba55f34: ;   {post_call_nop}
  0x00007f929ba55f34: 0f1f 8400 | ac2b 0072 | bef6 ffff | ff41 8beb 

  0x00007f929ba55f44: ;   {runtime_call UncommonTrapBlob}
  0x00007f929ba55f44: c5f8 77e8 

  0x00007f929ba55f48: ; ImmutableOopMap {}
                      ;*invokevirtual position {reexecute=0 rethrow=0 return_oop=0}
                      ; - com.badlogic.gdx.graphics.glutils.VertexArray::bind@83 (line 113)
                      ; - com.badlogic.gdx.graphics.Mesh::bind@6 (line 380)
                      ; - com.badlogic.gdx.graphics.Mesh::bind@3 (line 371)
                      ; - com.badlogic.gdx.graphics.Mesh::render@13 (line 479)
                      ; - com.badlogic.gdx.graphics.Mesh::render@10 (line 449)
                      ; - com.badlogic.gdx.graphics.g2d.SpriteBatch::flush@176 (line 975)
  0x00007f929ba55f48: 144b a0ff 

  0x00007f929ba55f4c: ;   {post_call_nop}
  0x00007f929ba55f4c: 0f1f 8400 | c42b 0073 | bef6 ffff | ff66 6690 

  0x00007f929ba55f5c: ;   {runtime_call UncommonTrapBlob}
  0x00007f929ba55f5c: c5f8 77e8 

  0x00007f929ba55f60: ; ImmutableOopMap {}
                      ;*getfield vertexSize {reexecute=1 rethrow=0 return_oop=0}
                      ; - (reexecute) com.badlogic.gdx.graphics.glutils.VertexArray::bind@109 (line 114)
                      ; - com.badlogic.gdx.graphics.Mesh::bind@6 (line 380)
                      ; - com.badlogic.gdx.graphics.Mesh::bind@3 (line 371)
                      ; - com.badlogic.gdx.graphics.Mesh::render@13 (line 479)
                      ; - com.badlogic.gdx.graphics.Mesh::render@10 (line 449)
                      ; - com.badlogic.gdx.graphics.g2d.SpriteBatch::flush@176 (line 975)
  0x00007f929ba55f60: fc4a a0ff 

  0x00007f929ba55f64: ;   {post_call_nop}
  0x00007f929ba55f64: 0f1f 8400 | dc2b 0074 | bef6 ffff | ff8b e990 

  0x00007f929ba55f74: ;   {runtime_call UncommonTrapBlob}
  0x00007f929ba55f74: c5f8 77e8 

  0x00007f929ba55f78: ; ImmutableOopMap {}
                      ;*invokevirtual get {reexecute=0 rethrow=0 return_oop=0}
                      ; - com.badlogic.gdx.graphics.glutils.VertexArray::unbind@28 (line 145)
                      ; - com.badlogic.gdx.graphics.Mesh::unbind@6 (line 398)
                      ; - com.badlogic.gdx.graphics.Mesh::unbind@3 (line 389)
                      ; - com.badlogic.gdx.graphics.Mesh::render@178 (line 501)
                      ; - com.badlogic.gdx.graphics.Mesh::render@10 (line 449)
                      ; - com.badlogic.gdx.graphics.g2d.SpriteBatch::flush@176 (line 975)
  0x00007f929ba55f78: e44a a0ff 

  0x00007f929ba55f7c: ;   {post_call_nop}
  0x00007f929ba55f7c: 0f1f 8400 | f42b 0075 | bef6 ffff | ff8b e990 

  0x00007f929ba55f8c: ;   {runtime_call UncommonTrapBlob}
  0x00007f929ba55f8c: c5f8 77e8 

  0x00007f929ba55f90: ; ImmutableOopMap {}
                      ;*aaload {reexecute=0 rethrow=0 return_oop=0}
                      ; - com.badlogic.gdx.graphics.VertexAttributes::get@5 (line 109)
                      ; - com.badlogic.gdx.graphics.glutils.VertexArray::unbind@28 (line 145)
                      ; - com.badlogic.gdx.graphics.Mesh::unbind@6 (line 398)
                      ; - com.badlogic.gdx.graphics.Mesh::unbind@3 (line 389)
                      ; - com.badlogic.gdx.graphics.Mesh::render@178 (line 501)
                      ; - com.badlogic.gdx.graphics.Mesh::render@10 (line 449)
                      ; - com.badlogic.gdx.graphics.g2d.SpriteBatch::flush@176 (line 975)
  0x00007f929ba55f90: cc4a a0ff 

  0x00007f929ba55f94: ;   {post_call_nop}
  0x00007f929ba55f94: 0f1f 8400 | 0c2c 0076 | bef6 ffff | ff66 6690 

  0x00007f929ba55fa4: ;   {runtime_call UncommonTrapBlob}
  0x00007f929ba55fa4: c5f8 77e8 

  0x00007f929ba55fa8: ; ImmutableOopMap {}
                      ;*getfield alias {reexecute=1 rethrow=0 return_oop=0}
                      ; - (reexecute) com.badlogic.gdx.graphics.glutils.VertexArray::unbind@31 (line 145)
                      ; - com.badlogic.gdx.graphics.Mesh::unbind@6 (line 398)
                      ; - com.badlogic.gdx.graphics.Mesh::unbind@3 (line 389)
                      ; - com.badlogic.gdx.graphics.Mesh::render@178 (line 501)
                      ; - com.badlogic.gdx.graphics.Mesh::render@10 (line 449)
                      ; - com.badlogic.gdx.graphics.g2d.SpriteBatch::flush@176 (line 975)
  0x00007f929ba55fa8: b44a a0ff 

  0x00007f929ba55fac: ;   {post_call_nop}
  0x00007f929ba55fac: 0f1f 8400 | 242c 0077 | bef6 ffff | ff66 6690 

  0x00007f929ba55fbc: ;   {runtime_call UncommonTrapBlob}
  0x00007f929ba55fbc: c5f8 77e8 

  0x00007f929ba55fc0: ; ImmutableOopMap {}
                      ;*invokevirtual hashCode {reexecute=0 rethrow=0 return_oop=0}
                      ; - com.badlogic.gdx.utils.ObjectIntMap::get@1 (line 279)
                      ; - com.badlogic.gdx.graphics.glutils.ShaderProgram::fetchAttributeLocation@11 (line 290)
                      ; - com.badlogic.gdx.graphics.glutils.ShaderProgram::disableVertexAttribute@10 (line 717)
                      ; - com.badlogic.gdx.graphics.glutils.VertexArray::unbind@34 (line 145)
                      ; - com.badlogic.gdx.graphics.Mesh::unbind@6 (line 398)
                      ; - com.badlogic.gdx.graphics.Mesh::unbind@3 (line 389)
                      ; - com.badlogic.gdx.graphics.Mesh::render@178 (line 501)
                      ; - com.badlogic.gdx.graphics.Mesh::render@10 (line 449)
                      ; - com.badlogic.gdx.graphics.g2d.SpriteBatch::flush@176 (line 975)
  0x00007f929ba55fc0: 9c4a a0ff 

  0x00007f929ba55fc4: ;   {post_call_nop}
  0x00007f929ba55fc4: 0f1f 8400 | 3c2c 0078 | bef6 ffff | ff41 8beb 

  0x00007f929ba55fd4: ;   {runtime_call UncommonTrapBlob}
  0x00007f929ba55fd4: c5f8 77e8 

  0x00007f929ba55fd8: ; ImmutableOopMap {}
                      ;*aaload {reexecute=0 rethrow=0 return_oop=0}
                      ; - com.badlogic.gdx.utils.ObjectIntMap::get@20 (line 281)
                      ; - com.badlogic.gdx.graphics.glutils.ShaderProgram::fetchAttributeLocation@11 (line 290)
                      ; - com.badlogic.gdx.graphics.glutils.ShaderProgram::disableVertexAttribute@10 (line 717)
                      ; - com.badlogic.gdx.graphics.glutils.VertexArray::unbind@34 (line 145)
                      ; - com.badlogic.gdx.graphics.Mesh::unbind@6 (line 398)
                      ; - com.badlogic.gdx.graphics.Mesh::unbind@3 (line 389)
                      ; - com.badlogic.gdx.graphics.Mesh::render@178 (line 501)
                      ; - com.badlogic.gdx.graphics.Mesh::render@10 (line 449)
                      ; - com.badlogic.gdx.graphics.g2d.SpriteBatch::flush@176 (line 975)
  0x00007f929ba55fd8: 844a a0ff 

  0x00007f929ba55fdc: ;   {post_call_nop}
  0x00007f929ba55fdc: 0f1f 8400 | 542c 0079 | bef6 ffff | ff41 8beb 

  0x00007f929ba55fec: ;   {runtime_call UncommonTrapBlob}
  0x00007f929ba55fec: c5f8 77e8 

  0x00007f929ba55ff0: ; ImmutableOopMap {}
                      ;*iaload {reexecute=0 rethrow=0 return_oop=0}
                      ; - com.badlogic.gdx.utils.ObjectIntMap::get@82 (line 288)
                      ; - com.badlogic.gdx.graphics.glutils.ShaderProgram::fetchAttributeLocation@11 (line 290)
                      ; - com.badlogic.gdx.graphics.glutils.ShaderProgram::disableVertexAttribute@10 (line 717)
                      ; - com.badlogic.gdx.graphics.glutils.VertexArray::unbind@34 (line 145)
                      ; - com.badlogic.gdx.graphics.Mesh::unbind@6 (line 398)
                      ; - com.badlogic.gdx.graphics.Mesh::unbind@3 (line 389)
                      ; - com.badlogic.gdx.graphics.Mesh::render@178 (line 501)
                      ; - com.badlogic.gdx.graphics.Mesh::render@10 (line 449)
                      ; - com.badlogic.gdx.graphics.g2d.SpriteBatch::flush@176 (line 975)
  0x00007f929ba55ff0: 6c4a a0ff 

  0x00007f929ba55ff4: ;   {post_call_nop}
  0x00007f929ba55ff4: 0f1f 8400 | 6c2c 007a | bef6 ffff | ff41 8be8 

  0x00007f929ba56004: ;   {runtime_call UncommonTrapBlob}
  0x00007f929ba56004: c5f8 77e8 

  0x00007f929ba56008: ; ImmutableOopMap {}
                      ;*invokeinterface glDisableVertexAttribArray {reexecute=0 rethrow=0 return_oop=0}
                      ; - com.badlogic.gdx.graphics.glutils.ShaderProgram::disableVertexAttribute@22 (line 719)
                      ; - com.badlogic.gdx.graphics.glutils.VertexArray::unbind@34 (line 145)
                      ; - com.badlogic.gdx.graphics.Mesh::unbind@6 (line 398)
                      ; - com.badlogic.gdx.graphics.Mesh::unbind@3 (line 389)
                      ; - com.badlogic.gdx.graphics.Mesh::render@178 (line 501)
                      ; - com.badlogic.gdx.graphics.Mesh::render@10 (line 449)
                      ; - com.badlogic.gdx.graphics.g2d.SpriteBatch::flush@176 (line 975)
  0x00007f929ba56008: 544a a0ff 

  0x00007f929ba5600c: ;   {post_call_nop}
  0x00007f929ba5600c: 0f1f 8400 | 842c 007b | bef6 ffff | ff66 6690 

  0x00007f929ba5601c: ;   {runtime_call UncommonTrapBlob}
  0x00007f929ba5601c: c5f8 77e8 

  0x00007f929ba56020: ; ImmutableOopMap {}
                      ;*getfield owner {reexecute=1 rethrow=0 return_oop=0}
                      ; - (reexecute) org.lwjgl.opengl.GLContext::getCapabilitiesImpl@5 (line 132)
                      ; - org.lwjgl.opengl.GLContext::getCapabilities@0 (line 122)
                      ; - org.lwjgl.opengl.GL20::glDisableVertexAttribArray@0 (line 917)
                      ; - com.badlogic.gdx.backends.lwjgl.LwjglGL20::glDisableVertexAttribArray@1 (line 272)
                      ; - com.badlogic.gdx.graphics.glutils.ShaderProgram::disableVertexAttribute@22 (line 719)
                      ; - com.badlogic.gdx.graphics.glutils.VertexArray::unbind@34 (line 145)
                      ; - com.badlogic.gdx.graphics.Mesh::unbind@6 (line 398)
                      ; - com.badlogic.gdx.graphics.Mesh::unbind@3 (line 389)
                      ; - com.badlogic.gdx.graphics.Mesh::render@178 (line 501)
                      ; - com.badlogic.gdx.graphics.Mesh::render@10 (line 449)
                      ; - com.badlogic.gdx.graphics.g2d.SpriteBatch::flush@176 (line 975)
  0x00007f929ba56020: 3c4a a0ff 

  0x00007f929ba56024: ;   {post_call_nop}
  0x00007f929ba56024: 0f1f 8400 | 9c2c 007c | bef6 ffff | ff66 6690 

  0x00007f929ba56034: ;   {runtime_call UncommonTrapBlob}
  0x00007f929ba56034: c5f8 77e8 

  0x00007f929ba56038: ; ImmutableOopMap {}
                      ;*arraylength {reexecute=0 rethrow=0 return_oop=0}
                      ; - java.lang.StringLatin1::hashCode@3 (line 307)
                      ; - java.lang.String::hashCode@27 (line 2719)
                      ; - com.badlogic.gdx.utils.ObjectIntMap::get@1 (line 279)
                      ; - com.badlogic.gdx.graphics.glutils.ShaderProgram::getAttributeLocation@6 (line 865)
                      ; - com.badlogic.gdx.graphics.glutils.VertexArray::bind@55 (line 109)
                      ; - com.badlogic.gdx.graphics.Mesh::bind@6 (line 380)
                      ; - com.badlogic.gdx.graphics.Mesh::bind@3 (line 371)
                      ; - com.badlogic.gdx.graphics.Mesh::render@13 (line 479)
                      ; - com.badlogic.gdx.graphics.Mesh::render@10 (line 449)
                      ; - com.badlogic.gdx.graphics.g2d.SpriteBatch::flush@176 (line 975)
  0x00007f929ba56038: 244a a0ff 

  0x00007f929ba5603c: ;   {post_call_nop}
  0x00007f929ba5603c: 0f1f 8400 | b42c 007d | bef6 ffff | ff66 6690 

  0x00007f929ba5604c: ;   {runtime_call UncommonTrapBlob}
  0x00007f929ba5604c: c5f8 77e8 

  0x00007f929ba56050: ; ImmutableOopMap {}
                      ;*arraylength {reexecute=0 rethrow=0 return_oop=0}
                      ; - java.lang.StringLatin1::hashCode@3 (line 307)
                      ; - java.lang.String::hashCode@27 (line 2719)
                      ; - com.badlogic.gdx.utils.ObjectIntMap::get@1 (line 279)
                      ; - com.badlogic.gdx.graphics.glutils.ShaderProgram::fetchAttributeLocation@11 (line 290)
                      ; - com.badlogic.gdx.graphics.glutils.ShaderProgram::disableVertexAttribute@10 (line 717)
                      ; - com.badlogic.gdx.graphics.glutils.VertexArray::unbind@34 (line 145)
                      ; - com.badlogic.gdx.graphics.Mesh::unbind@6 (line 398)
                      ; - com.badlogic.gdx.graphics.Mesh::unbind@3 (line 389)
                      ; - com.badlogic.gdx.graphics.Mesh::render@178 (line 501)
                      ; - com.badlogic.gdx.graphics.Mesh::render@10 (line 449)
                      ; - com.badlogic.gdx.graphics.g2d.SpriteBatch::flush@176 (line 975)
  0x00007f929ba56050: 0c4a a0ff 

  0x00007f929ba56054: ;   {post_call_nop}
  0x00007f929ba56054: 0f1f 8400 | cc2c 007e | bef6 ffff | ff66 6690 

  0x00007f929ba56064: ;   {runtime_call UncommonTrapBlob}
  0x00007f929ba56064: c5f8 77e8 

  0x00007f929ba56068: ; ImmutableOopMap {}
                      ;*invokevirtual bind {reexecute=0 rethrow=0 return_oop=0}
                      ; - com.badlogic.gdx.graphics.g2d.SpriteBatch::flush@58 (line 962)
  0x00007f929ba56068: f449 a0ff 

  0x00007f929ba5606c: ;   {post_call_nop}
  0x00007f929ba5606c: 0f1f 8400 | e42c 007f | bef6 ffff | ff41 8bea | 4489 4c24 | 0866 6690 

  0x00007f929ba56084: ;   {runtime_call UncommonTrapBlob}
  0x00007f929ba56084: c5f8 77e8 

  0x00007f929ba56088: ; ImmutableOopMap {}
                      ;*invokeinterface glBindTexture {reexecute=0 rethrow=0 return_oop=0}
                      ; - com.badlogic.gdx.graphics.GLTexture::bind@11 (line 66)
                      ; - com.badlogic.gdx.graphics.g2d.SpriteBatch::flush@58 (line 962)
  0x00007f929ba56088: d449 a0ff 

  0x00007f929ba5608c: ;   {post_call_nop}
  0x00007f929ba5608c: 0f1f 8400 | 042d 0080 | bef6 ffff | ff66 6690 

  0x00007f929ba5609c: ;   {runtime_call UncommonTrapBlob}
  0x00007f929ba5609c: c5f8 77e8 

  0x00007f929ba560a0: ; ImmutableOopMap {}
                      ;*getfield owner {reexecute=1 rethrow=0 return_oop=0}
                      ; - (reexecute) org.lwjgl.opengl.GLContext::getCapabilitiesImpl@5 (line 132)
                      ; - org.lwjgl.opengl.GLContext::getCapabilities@0 (line 122)
                      ; - org.lwjgl.opengl.GL11::glBindTexture@0 (line 651)
                      ; - com.badlogic.gdx.backends.lwjgl.LwjglGL20::glBindTexture@2 (line 93)
                      ; - com.badlogic.gdx.graphics.GLTexture::bind@11 (line 66)
                      ; - com.badlogic.gdx.graphics.g2d.SpriteBatch::flush@58 (line 962)
  0x00007f929ba560a0: bc49 a0ff 

  0x00007f929ba560a4: ;   {post_call_nop}
  0x00007f929ba560a4: 0f1f 8400 | 1c2d 0081 | bef6 ffff | ff41 8be8 | 4489 5c24 | 0866 6690 

  0x00007f929ba560bc: ;   {runtime_call UncommonTrapBlob}
  0x00007f929ba560bc: c5f8 77e8 

  0x00007f929ba560c0: ; ImmutableOopMap {rbp=NarrowOop }
                      ;*invokevirtual setVertices {reexecute=0 rethrow=0 return_oop=0}
                      ; - com.badlogic.gdx.graphics.g2d.SpriteBatch::flush@76 (line 964)
  0x00007f929ba560c0: 9c49 a0ff 

  0x00007f929ba560c4: ;   {post_call_nop}
  0x00007f929ba560c4: 0f1f 8400 | 3c2d 0082 | bef6 ffff | ff41 8be8 | 4489 5c24 | 0866 6690 

  0x00007f929ba560dc: ;   {runtime_call UncommonTrapBlob}
  0x00007f929ba560dc: c5f8 77e8 

  0x00007f929ba560e0: ; ImmutableOopMap {rbp=NarrowOop }
                      ;*invokeinterface setVertices {reexecute=0 rethrow=0 return_oop=0}
                      ; - com.badlogic.gdx.graphics.Mesh::setVertices@7 (line 197)
                      ; - com.badlogic.gdx.graphics.g2d.SpriteBatch::flush@76 (line 964)
  0x00007f929ba560e0: 7c49 a0ff 

  0x00007f929ba560e4: ;   {post_call_nop}
  0x00007f929ba560e4: 0f1f 8400 | 5c2d 0083 | bef4 ffff | ff48 8be9 | 4489 4c24 | 1048 895c | 2418 4489 | 4424 2044 
  0x00007f929ba56104: 895c 2424 

  0x00007f929ba56108: ;   {runtime_call UncommonTrapBlob}
  0x00007f929ba56108: c5f8 77e8 

  0x00007f929ba5610c: ; ImmutableOopMap {rbp=Oop [16]=NarrowOop [24]=Oop [32]=NarrowOop }
                      ;*instanceof {reexecute=0 rethrow=0 return_oop=0}
                      ; - com.badlogic.gdx.utils.BufferUtils::copy@1 (line 50)
                      ; - com.badlogic.gdx.graphics.glutils.VertexArray::setVertices@7 (line 84)
                      ; - com.badlogic.gdx.graphics.Mesh::setVertices@7 (line 197)
                      ; - com.badlogic.gdx.graphics.g2d.SpriteBatch::flush@76 (line 964)
  0x00007f929ba5610c: 5049 a0ff 

  0x00007f929ba56110: ;   {post_call_nop}
  0x00007f929ba56110: 0f1f 8400 | 882d 0084 | bef6 ffff | ff66 6690 

  0x00007f929ba56120: ;   {runtime_call UncommonTrapBlob}
  0x00007f929ba56120: c5f8 77e8 

  0x00007f929ba56124: ; ImmutableOopMap {}
                      ;*invokevirtual position {reexecute=0 rethrow=0 return_oop=0}
                      ; - com.badlogic.gdx.graphics.glutils.VertexArray::setVertices@15 (line 85)
                      ; - com.badlogic.gdx.graphics.Mesh::setVertices@7 (line 197)
                      ; - com.badlogic.gdx.graphics.g2d.SpriteBatch::flush@76 (line 964)
  0x00007f929ba56124: 3849 a0ff 

  0x00007f929ba56128: ;   {post_call_nop}
  0x00007f929ba56128: 0f1f 8400 | a02d 0085 | bef6 ffff | ff66 6690 

  0x00007f929ba56138: ;   {runtime_call UncommonTrapBlob}
  0x00007f929ba56138: c5f8 77e8 

  0x00007f929ba5613c: ; ImmutableOopMap {}
                      ;*invokeinterface getBuffer {reexecute=0 rethrow=0 return_oop=0}
                      ; - com.badlogic.gdx.graphics.Mesh::getIndicesBuffer@4 (line 797)
                      ; - com.badlogic.gdx.graphics.g2d.SpriteBatch::flush@81 (line 965)
  0x00007f929ba5613c: 2049 a0ff 

  0x00007f929ba56140: ;   {post_call_nop}
  0x00007f929ba56140: 0f1f 8400 | b82d 0086 | bef6 ffff | ff66 6690 

  0x00007f929ba56150: ;   {runtime_call UncommonTrapBlob}
  0x00007f929ba56150: c5f8 77e8 

  0x00007f929ba56154: ; ImmutableOopMap {}
                      ;*invokevirtual position {reexecute=0 rethrow=0 return_oop=0}
                      ; - com.badlogic.gdx.graphics.g2d.SpriteBatch::flush@85 (line 965)
  0x00007f929ba56154: 0849 a0ff 

  0x00007f929ba56158: ;   {post_call_nop}
  0x00007f929ba56158: 0f1f 8400 | d02d 0087 | bef6 ffff | ff66 6690 

  0x00007f929ba56168: ;   {runtime_call UncommonTrapBlob}
  0x00007f929ba56168: c5f8 77e8 

  0x00007f929ba5616c: ; ImmutableOopMap {}
                      ;*invokeinterface glEnable {reexecute=0 rethrow=0 return_oop=0}
                      ; - com.badlogic.gdx.graphics.g2d.SpriteBatch::flush@125 (line 971)
  0x00007f929ba5616c: f048 a0ff 

  0x00007f929ba56170: ;   {post_call_nop}
  0x00007f929ba56170: 0f1f 8400 | e82d 0088 | bef6 ffff | ff66 6690 

  0x00007f929ba56180: ;   {runtime_call UncommonTrapBlob}
  0x00007f929ba56180: c5f8 77e8 

  0x00007f929ba56184: ; ImmutableOopMap {}
                      ;*getfield owner {reexecute=1 rethrow=0 return_oop=0}
                      ; - (reexecute) org.lwjgl.opengl.GLContext::getCapabilitiesImpl@5 (line 132)
                      ; - org.lwjgl.opengl.GLContext::getCapabilities@0 (line 122)
                      ; - org.lwjgl.opengl.GL11::glEnable@0 (line 1012)
                      ; - com.badlogic.gdx.backends.lwjgl.LwjglGL20::glEnable@1 (line 292)
                      ; - com.badlogic.gdx.graphics.g2d.SpriteBatch::flush@125 (line 971)
  0x00007f929ba56184: d848 a0ff 

  0x00007f929ba56188: ;   {post_call_nop}
  0x00007f929ba56188: 0f1f 8400 | 002e 0089 | bef6 ffff | ff41 8beb | 4489 5424 | 0866 6690 

  0x00007f929ba561a0: ;   {runtime_call UncommonTrapBlob}
  0x00007f929ba561a0: c5f8 77e8 

  0x00007f929ba561a4: ; ImmutableOopMap {}
                      ;*invokeinterface glBlendFunc {reexecute=0 rethrow=0 return_oop=0}
                      ; - com.badlogic.gdx.graphics.g2d.SpriteBatch::flush@149 (line 972)
  0x00007f929ba561a4: b848 a0ff 

  0x00007f929ba561a8: ;   {post_call_nop}
  0x00007f929ba561a8: 0f1f 8400 | 202e 008a | bef6 ffff | ff66 6690 

  0x00007f929ba561b8: ;   {runtime_call UncommonTrapBlob}
  0x00007f929ba561b8: c5f8 77e8 

  0x00007f929ba561bc: ; ImmutableOopMap {}
                      ;*getfield owner {reexecute=1 rethrow=0 return_oop=0}
                      ; - (reexecute) org.lwjgl.opengl.GLContext::getCapabilitiesImpl@5 (line 132)
                      ; - org.lwjgl.opengl.GLContext::getCapabilities@0 (line 122)
                      ; - org.lwjgl.opengl.GL11::glBlendFunc@0 (line 624)
                      ; - com.badlogic.gdx.backends.lwjgl.LwjglGL20::glBlendFunc@2 (line 109)
                      ; - com.badlogic.gdx.graphics.g2d.SpriteBatch::flush@149 (line 972)
  0x00007f929ba561bc: a048 a0ff 

  0x00007f929ba561c0: ;   {post_call_nop}
  0x00007f929ba561c0: 0f1f 8400 | 382e 008b | bef6 ffff | ff41 8bea 

  0x00007f929ba561d0: ;   {runtime_call UncommonTrapBlob}
  0x00007f929ba561d0: c5f8 77e8 

  0x00007f929ba561d4: ; ImmutableOopMap {rbp=NarrowOop }
                      ;*invokeinterface bind {reexecute=0 rethrow=0 return_oop=0}
                      ; - com.badlogic.gdx.graphics.Mesh::bind@6 (line 380)
                      ; - com.badlogic.gdx.graphics.Mesh::bind@3 (line 371)
                      ; - com.badlogic.gdx.graphics.Mesh::render@13 (line 479)
                      ; - com.badlogic.gdx.graphics.Mesh::render@10 (line 449)
                      ; - com.badlogic.gdx.graphics.g2d.SpriteBatch::flush@176 (line 975)
  0x00007f929ba561d4: 8848 a0ff 

  0x00007f929ba561d8: ;   {post_call_nop}
  0x00007f929ba561d8: 0f1f 8400 | 502e 008c | bef6 ffff | ff66 6690 

  0x00007f929ba561e8: ;   {runtime_call UncommonTrapBlob}
  0x00007f929ba561e8: c5f8 77e8 

  0x00007f929ba561ec: ; ImmutableOopMap {}
                      ;*invokevirtual size {reexecute=0 rethrow=0 return_oop=0}
                      ; - com.badlogic.gdx.graphics.glutils.VertexArray::bind@4 (line 104)
                      ; - com.badlogic.gdx.graphics.Mesh::bind@6 (line 380)
                      ; - com.badlogic.gdx.graphics.Mesh::bind@3 (line 371)
                      ; - com.badlogic.gdx.graphics.Mesh::render@13 (line 479)
                      ; - com.badlogic.gdx.graphics.Mesh::render@10 (line 449)
                      ; - com.badlogic.gdx.graphics.g2d.SpriteBatch::flush@176 (line 975)
  0x00007f929ba561ec: 7048 a0ff 

  0x00007f929ba561f0: ;   {post_call_nop}
  0x00007f929ba561f0: 0f1f 8400 | 682e 008d | bef6 ffff | ff66 6690 

  0x00007f929ba56200: ;   {runtime_call UncommonTrapBlob}
  0x00007f929ba56200: c5f8 77e8 

  0x00007f929ba56204: ; ImmutableOopMap {}
                      ;*arraylength {reexecute=0 rethrow=0 return_oop=0}
                      ; - com.badlogic.gdx.graphics.VertexAttributes::size@4 (line 103)
                      ; - com.badlogic.gdx.graphics.glutils.VertexArray::bind@4 (line 104)
                      ; - com.badlogic.gdx.graphics.Mesh::bind@6 (line 380)
                      ; - com.badlogic.gdx.graphics.Mesh::bind@3 (line 371)
                      ; - com.badlogic.gdx.graphics.Mesh::render@13 (line 479)
                      ; - com.badlogic.gdx.graphics.Mesh::render@10 (line 449)
                      ; - com.badlogic.gdx.graphics.g2d.SpriteBatch::flush@176 (line 975)
  0x00007f929ba56204: 5848 a0ff 

  0x00007f929ba56208: ;   {post_call_nop}
  0x00007f929ba56208: 0f1f 8400 | 802e 008e | bef6 ffff | ff66 6690 

  0x00007f929ba56218: ;   {runtime_call UncommonTrapBlob}
  0x00007f929ba56218: c5f8 77e8 

  0x00007f929ba5621c: ; ImmutableOopMap {}
                      ;*invokevirtual limit {reexecute=0 rethrow=0 return_oop=0}
                      ; - com.badlogic.gdx.graphics.glutils.VertexArray::bind@16 (line 105)
                      ; - com.badlogic.gdx.graphics.Mesh::bind@6 (line 380)
                      ; - com.badlogic.gdx.graphics.Mesh::bind@3 (line 371)
                      ; - com.badlogic.gdx.graphics.Mesh::render@13 (line 479)
                      ; - com.badlogic.gdx.graphics.Mesh::render@10 (line 449)
                      ; - com.badlogic.gdx.graphics.g2d.SpriteBatch::flush@176 (line 975)
  0x00007f929ba5621c: 4048 a0ff 

  0x00007f929ba56220: ;   {post_call_nop}
  0x00007f929ba56220: 0f1f 8400 | 982e 008f | bef6 ffff | ff8b eb90 

  0x00007f929ba56230: ;   {runtime_call UncommonTrapBlob}
  0x00007f929ba56230: c5f8 77e8 

  0x00007f929ba56234: ; ImmutableOopMap {}
                      ;*invokevirtual limit {reexecute=0 rethrow=0 return_oop=0}
                      ; - com.badlogic.gdx.graphics.glutils.VertexArray::bind@21 (line 105)
                      ; - com.badlogic.gdx.graphics.Mesh::bind@6 (line 380)
                      ; - com.badlogic.gdx.graphics.Mesh::bind@3 (line 371)
                      ; - com.badlogic.gdx.graphics.Mesh::render@13 (line 479)
                      ; - com.badlogic.gdx.graphics.Mesh::render@10 (line 449)
                      ; - com.badlogic.gdx.graphics.g2d.SpriteBatch::flush@176 (line 975)
  0x00007f929ba56234: 2848 a0ff 

  0x00007f929ba56238: ;   {post_call_nop}
  0x00007f929ba56238: 0f1f 8400 | b02e 0090 | bef6 ffff | ff66 6690 

  0x00007f929ba56248: ;   {runtime_call UncommonTrapBlob}
  0x00007f929ba56248: c5f8 77e8 

  0x00007f929ba5624c: ; ImmutableOopMap {}
                      ;*invokeinterface getNumIndices {reexecute=0 rethrow=0 return_oop=0}
                      ; - com.badlogic.gdx.graphics.Mesh::bind@15 (line 381)
                      ; - com.badlogic.gdx.graphics.Mesh::bind@3 (line 371)
                      ; - com.badlogic.gdx.graphics.Mesh::render@13 (line 479)
                      ; - com.badlogic.gdx.graphics.Mesh::render@10 (line 449)
                      ; - com.badlogic.gdx.graphics.g2d.SpriteBatch::flush@176 (line 975)
  0x00007f929ba5624c: 1048 a0ff 

  0x00007f929ba56250: ;   {post_call_nop}
  0x00007f929ba56250: 0f1f 8400 | c82e 0091 | bef6 ffff | ff66 6690 

  0x00007f929ba56260: ;   {runtime_call UncommonTrapBlob}
  0x00007f929ba56260: c5f8 77e8 

  0x00007f929ba56264: ; ImmutableOopMap {}
                      ;*invokevirtual limit {reexecute=0 rethrow=0 return_oop=0}
                      ; - com.badlogic.gdx.graphics.glutils.IndexArray::getNumIndices@15 (line 49)
                      ; - com.badlogic.gdx.graphics.Mesh::bind@15 (line 381)
                      ; - com.badlogic.gdx.graphics.Mesh::bind@3 (line 371)
                      ; - com.badlogic.gdx.graphics.Mesh::render@13 (line 479)
                      ; - com.badlogic.gdx.graphics.Mesh::render@10 (line 449)
                      ; - com.badlogic.gdx.graphics.g2d.SpriteBatch::flush@176 (line 975)
  0x00007f929ba56264: f847 a0ff 

  0x00007f929ba56268: ;   {post_call_nop}
  0x00007f929ba56268: 0f1f 8400 | e02e 0092 | bef6 ffff | ff41 8bea 

  0x00007f929ba56278: ;   {runtime_call UncommonTrapBlob}
  0x00007f929ba56278: c5f8 77e8 

  0x00007f929ba5627c: ; ImmutableOopMap {[20]=NarrowOop }
                      ;*invokeinterface glDrawElements {reexecute=0 rethrow=0 return_oop=0}
                      ; - com.badlogic.gdx.graphics.Mesh::render@88 (line 488)
                      ; - com.badlogic.gdx.graphics.Mesh::render@10 (line 449)
                      ; - com.badlogic.gdx.graphics.g2d.SpriteBatch::flush@176 (line 975)
  0x00007f929ba5627c: e047 a0ff 

  0x00007f929ba56280: ;   {post_call_nop}
  0x00007f929ba56280: 0f1f 8400 | f82e 0093 | bef6 ffff | ff66 6690 

  0x00007f929ba56290: ;   {runtime_call UncommonTrapBlob}
  0x00007f929ba56290: c5f8 77e8 

  0x00007f929ba56294: ; ImmutableOopMap {}
                      ;*getfield owner {reexecute=1 rethrow=0 return_oop=0}
                      ; - (reexecute) org.lwjgl.opengl.GLContext::getCapabilitiesImpl@5 (line 132)
                      ; - org.lwjgl.opengl.GLContext::getCapabilities@0 (line 122)
                      ; - org.lwjgl.opengl.GL11::glDrawElements@0 (line 1105)
                      ; - com.badlogic.gdx.backends.lwjgl.LwjglGL20::glDrawElements@21 (line 281)
                      ; - com.badlogic.gdx.graphics.Mesh::render@88 (line 488)
                      ; - com.badlogic.gdx.graphics.Mesh::render@10 (line 449)
                      ; - com.badlogic.gdx.graphics.g2d.SpriteBatch::flush@176 (line 975)
  0x00007f929ba56294: c847 a0ff 

  0x00007f929ba56298: ;   {post_call_nop}
  0x00007f929ba56298: 0f1f 8400 | 102f 0094 | bef6 ffff | ff66 6690 

  0x00007f929ba562a8: ;   {runtime_call UncommonTrapBlob}
  0x00007f929ba562a8: c5f8 77e8 

  0x00007f929ba562ac: ; ImmutableOopMap {}
                      ;*getfield references_stack {reexecute=1 rethrow=0 return_oop=0}
                      ; - (reexecute) org.lwjgl.opengl.StateTracker::getReferences@4 (line 85)
                      ; - org.lwjgl.opengl.StateTracker::getElementArrayBufferBound@1 (line 143)
                      ; - org.lwjgl.opengl.GLChecks::ensureElementVBOdisabled@7 (line 82)
                      ; - org.lwjgl.opengl.GL11::glDrawElements@14 (line 1108)
                      ; - com.badlogic.gdx.backends.lwjgl.LwjglGL20::glDrawElements@21 (line 281)
                      ; - com.badlogic.gdx.graphics.Mesh::render@88 (line 488)
                      ; - com.badlogic.gdx.graphics.Mesh::render@10 (line 449)
                      ; - com.badlogic.gdx.graphics.g2d.SpriteBatch::flush@176 (line 975)
  0x00007f929ba562ac: b047 a0ff 

  0x00007f929ba562b0: ;   {post_call_nop}
  0x00007f929ba562b0: 0f1f 8400 | 282f 0095 | bef6 ffff | ff66 6690 

  0x00007f929ba562c0: ;   {runtime_call UncommonTrapBlob}
  0x00007f929ba562c0: c5f8 77e8 

  0x00007f929ba562c4: ; ImmutableOopMap {}
                      ;*invokevirtual getReferences {reexecute=0 rethrow=0 return_oop=0}
                      ; - org.lwjgl.opengl.StateTracker::getReferences@7 (line 85)
                      ; - org.lwjgl.opengl.StateTracker::getElementArrayBufferBound@1 (line 143)
                      ; - org.lwjgl.opengl.GLChecks::ensureElementVBOdisabled@7 (line 82)
                      ; - org.lwjgl.opengl.GL11::glDrawElements@14 (line 1108)
                      ; - com.badlogic.gdx.backends.lwjgl.LwjglGL20::glDrawElements@21 (line 281)
                      ; - com.badlogic.gdx.graphics.Mesh::render@88 (line 488)
                      ; - com.badlogic.gdx.graphics.Mesh::render@10 (line 449)
                      ; - com.badlogic.gdx.graphics.g2d.SpriteBatch::flush@176 (line 975)
  0x00007f929ba562c4: 9847 a0ff 

  0x00007f929ba562c8: ;   {post_call_nop}
  0x00007f929ba562c8: 0f1f 8400 | 402f 0096 | bef6 ffff | ff66 6690 

  0x00007f929ba562d8: ;   {runtime_call UncommonTrapBlob}
  0x00007f929ba562d8: c5f8 77e8 

  0x00007f929ba562dc: ; ImmutableOopMap {}
                      ;*aaload {reexecute=0 rethrow=0 return_oop=0}
                      ; - org.lwjgl.opengl.ReferencesStack::getReferences@8 (line 41)
                      ; - org.lwjgl.opengl.StateTracker::getReferences@7 (line 85)
                      ; - org.lwjgl.opengl.StateTracker::getElementArrayBufferBound@1 (line 143)
                      ; - org.lwjgl.opengl.GLChecks::ensureElementVBOdisabled@7 (line 82)
                      ; - org.lwjgl.opengl.GL11::glDrawElements@14 (line 1108)
                      ; - com.badlogic.gdx.backends.lwjgl.LwjglGL20::glDrawElements@21 (line 281)
                      ; - com.badlogic.gdx.graphics.Mesh::render@88 (line 488)
                      ; - com.badlogic.gdx.graphics.Mesh::render@10 (line 449)
                      ; - com.badlogic.gdx.graphics.g2d.SpriteBatch::flush@176 (line 975)
  0x00007f929ba562dc: 8047 a0ff 

  0x00007f929ba562e0: ;   {post_call_nop}
  0x00007f929ba562e0: 0f1f 8400 | 582f 0097 | bef6 ffff | ff66 6690 

  0x00007f929ba562f0: ;   {runtime_call UncommonTrapBlob}
  0x00007f929ba562f0: c5f8 77e8 

  0x00007f929ba562f4: ; ImmutableOopMap {}
                      ;*getfield vertexArrayObject {reexecute=1 rethrow=0 return_oop=0}
                      ; - (reexecute) org.lwjgl.opengl.StateTracker::getElementArrayBufferBound@6 (line 145)
                      ; - org.lwjgl.opengl.GLChecks::ensureElementVBOdisabled@7 (line 82)
                      ; - org.lwjgl.opengl.GL11::glDrawElements@14 (line 1108)
                      ; - com.badlogic.gdx.backends.lwjgl.LwjglGL20::glDrawElements@21 (line 281)
                      ; - com.badlogic.gdx.graphics.Mesh::render@88 (line 488)
                      ; - com.badlogic.gdx.graphics.Mesh::render@10 (line 449)
                      ; - com.badlogic.gdx.graphics.g2d.SpriteBatch::flush@176 (line 975)
  0x00007f929ba562f4: 6847 a0ff 

  0x00007f929ba562f8: ;   {post_call_nop}
  0x00007f929ba562f8: 0f1f 8400 | 702f 0098 | bef6 ffff | ff8b 6c24 | 0c66 6690 

  0x00007f929ba5630c: ;   {runtime_call UncommonTrapBlob}
  0x00007f929ba5630c: c5f8 77e8 

  0x00007f929ba56310: ; ImmutableOopMap {rbp=NarrowOop }
                      ;*invokeinterface unbind {reexecute=0 rethrow=0 return_oop=0}
                      ; - com.badlogic.gdx.graphics.Mesh::unbind@6 (line 398)
                      ; - com.badlogic.gdx.graphics.Mesh::unbind@3 (line 389)
                      ; - com.badlogic.gdx.graphics.Mesh::render@178 (line 501)
                      ; - com.badlogic.gdx.graphics.Mesh::render@10 (line 449)
                      ; - com.badlogic.gdx.graphics.g2d.SpriteBatch::flush@176 (line 975)
  0x00007f929ba56310: 4c47 a0ff 

  0x00007f929ba56314: ;   {post_call_nop}
  0x00007f929ba56314: 0f1f 8400 | 8c2f 0099 | bef6 ffff | ff66 6690 

  0x00007f929ba56324: ;   {runtime_call UncommonTrapBlob}
  0x00007f929ba56324: c5f8 77e8 

  0x00007f929ba56328: ; ImmutableOopMap {}
                      ;*invokevirtual size {reexecute=0 rethrow=0 return_oop=0}
                      ; - com.badlogic.gdx.graphics.glutils.VertexArray::unbind@4 (line 142)
                      ; - com.badlogic.gdx.graphics.Mesh::unbind@6 (line 398)
                      ; - com.badlogic.gdx.graphics.Mesh::unbind@3 (line 389)
                      ; - com.badlogic.gdx.graphics.Mesh::render@178 (line 501)
                      ; - com.badlogic.gdx.graphics.Mesh::render@10 (line 449)
                      ; - com.badlogic.gdx.graphics.g2d.SpriteBatch::flush@176 (line 975)
  0x00007f929ba56328: 3447 a0ff 

  0x00007f929ba5632c: ;   {post_call_nop}
  0x00007f929ba5632c: 0f1f 8400 | a42f 009a | bef6 ffff | ff66 6690 

  0x00007f929ba5633c: ;   {runtime_call UncommonTrapBlob}
  0x00007f929ba5633c: c5f8 77e8 

  0x00007f929ba56340: ; ImmutableOopMap {}
                      ;*arraylength {reexecute=0 rethrow=0 return_oop=0}
                      ; - com.badlogic.gdx.graphics.VertexAttributes::size@4 (line 103)
                      ; - com.badlogic.gdx.graphics.glutils.VertexArray::unbind@4 (line 142)
                      ; - com.badlogic.gdx.graphics.Mesh::unbind@6 (line 398)
                      ; - com.badlogic.gdx.graphics.Mesh::unbind@3 (line 389)
                      ; - com.badlogic.gdx.graphics.Mesh::render@178 (line 501)
                      ; - com.badlogic.gdx.graphics.Mesh::render@10 (line 449)
                      ; - com.badlogic.gdx.graphics.g2d.SpriteBatch::flush@176 (line 975)
  0x00007f929ba56340: 1c47 a0ff 

  0x00007f929ba56344: ;   {post_call_nop}
  0x00007f929ba56344: 0f1f 8400 | bc2f 009b | bef6 ffff | ff66 6690 

  0x00007f929ba56354: ;   {runtime_call UncommonTrapBlob}
  0x00007f929ba56354: c5f8 77e8 

  0x00007f929ba56358: ; ImmutableOopMap {}
                      ;*invokeinterface getNumIndices {reexecute=0 rethrow=0 return_oop=0}
                      ; - com.badlogic.gdx.graphics.Mesh::unbind@15 (line 399)
                      ; - com.badlogic.gdx.graphics.Mesh::unbind@3 (line 389)
                      ; - com.badlogic.gdx.graphics.Mesh::render@178 (line 501)
                      ; - com.badlogic.gdx.graphics.Mesh::render@10 (line 449)
                      ; - com.badlogic.gdx.graphics.g2d.SpriteBatch::flush@176 (line 975)
  0x00007f929ba56358: 0447 a0ff 

  0x00007f929ba5635c: ;   {post_call_nop}
  0x00007f929ba5635c: 0f1f 8400 | d42f 009c | bef6 ffff | ff66 6690 

  0x00007f929ba5636c: ;   {runtime_call UncommonTrapBlob}
  0x00007f929ba5636c: c5f8 77e8 

  0x00007f929ba56370: ; ImmutableOopMap {}
                      ;*invokevirtual limit {reexecute=0 rethrow=0 return_oop=0}
                      ; - com.badlogic.gdx.graphics.glutils.IndexArray::getNumIndices@15 (line 49)
                      ; - com.badlogic.gdx.graphics.Mesh::unbind@15 (line 399)
                      ; - com.badlogic.gdx.graphics.Mesh::unbind@3 (line 389)
                      ; - com.badlogic.gdx.graphics.Mesh::render@178 (line 501)
                      ; - com.badlogic.gdx.graphics.Mesh::render@10 (line 449)
                      ; - com.badlogic.gdx.graphics.g2d.SpriteBatch::flush@176 (line 975)
  0x00007f929ba56370: ec46 a0ff 

  0x00007f929ba56374: ;   {post_call_nop}
  0x00007f929ba56374: 0f1f 8400 | ec2f 009d | 488b f0eb | 25eb 1b48 | 8bf0 eb1e | 488b f0eb | 1948 8bf0 | eb14 488b 
  0x00007f929ba56394: f0eb 0f48 | 8bf0 eb0a | eb00 488b | f0eb 0348 | 8bf0 c5f8 | 7748 81c4 | 9000 0000 

  0x00007f929ba563b0: ;   {runtime_call C2 Runtime rethrow_blob}
  0x00007f929ba563b0: 5de9 aa00 

  0x00007f929ba563b4: ;   {internal_word}
  0x00007f929ba563b4: a1ff 49ba | 2744 a59b | 927f 0000 | 4d89 9710 

  0x00007f929ba563c4: ;   {runtime_call SafepointBlob}
  0x00007f929ba563c4: 0500 00e9 | 9407 93ff 

  0x00007f929ba563cc: ;   {runtime_call Stub::Stub Generator method_entry_barrier_stub}
  0x00007f929ba563cc: e82f 5a91 | ffe9 d8d0 | ffff f4f4 
[Stub Code]
  0x00007f929ba563d8: ;   {static_stub}
  0x00007f929ba563d8: 48bb 0000 | 0000 0000 

  0x00007f929ba563e0: ;   {runtime_call nmethod}
  0x00007f929ba563e0: 0000 e9fb 

  0x00007f929ba563e4: ;   {static_stub}
  0x00007f929ba563e4: ffff ff48 | bb00 0000 | 0000 0000 

  0x00007f929ba563f0: ;   {runtime_call nmethod}
  0x00007f929ba563f0: 00e9 fbff 

  0x00007f929ba563f4: ;   {static_stub}
  0x00007f929ba563f4: ffff 48bb | 0000 0000 | 0000 0000 

  0x00007f929ba56400: ;   {runtime_call nmethod}
  0x00007f929ba56400: e9fb ffff 

  0x00007f929ba56404: ;   {static_stub}
  0x00007f929ba56404: ff48 bb00 | 0000 0000 

  0x00007f929ba5640c: ;   {runtime_call nmethod}
  0x00007f929ba5640c: 0000 00e9 | fbff ffff 

  0x00007f929ba56414: ;   {static_stub}
  0x00007f929ba56414: 48bb 0000 | 0000 0000 

  0x00007f929ba5641c: ;   {runtime_call nmethod}
  0x00007f929ba5641c: 0000 e9fb 

  0x00007f929ba56420: ;   {static_stub}
  0x00007f929ba56420: ffff ff48 | bb00 0000 | 0000 0000 

  0x00007f929ba5642c: ;   {runtime_call nmethod}
  0x00007f929ba5642c: 00e9 fbff 

  0x00007f929ba56430: ;   {static_stub}
  0x00007f929ba56430: ffff 48bb | 0000 0000 | 0000 0000 

  0x00007f929ba5643c: ;   {runtime_call nmethod}
  0x00007f929ba5643c: e9fb ffff 

  0x00007f929ba56440: ;   {static_stub}
  0x00007f929ba56440: ff48 bb00 | 0000 0000 

  0x00007f929ba56448: ;   {runtime_call nmethod}
  0x00007f929ba56448: 0000 00e9 | fbff ffff 

  0x00007f929ba56450: ;   {static_stub}
  0x00007f929ba56450: 48bb 0000 | 0000 0000 

  0x00007f929ba56458: ;   {runtime_call nmethod}
  0x00007f929ba56458: 0000 e9fb 

  0x00007f929ba5645c: ;   {runtime_call DeoptimizationBlob}
  0x00007f929ba5645c: ffff ffe8 | fc09 93ff 
[Deopt Handler Entry Point]
  0x00007f929ba56464: ebf9 f4f4 
[/MachCode]


Compiled method (c2) 2133996 12416 % !   4       com.badlogic.gdx.backends.lwjgl.LwjglApplication::mainLoop @ 71 (886 bytes)
 total in heap  [0x00007f929ce83408,0x00007f929ce85208] = 7680
 constants      [0x00007f929ce83500,0x00007f929ce83520] = 32
 main code      [0x00007f929ce83520,0x00007f929ce85188] = 7272
 stub code      [0x00007f929ce85188,0x00007f929ce851f8] = 112
 oops           [0x00007f929ce851f8,0x00007f929ce85208] = 16
 mutable data [0x00007f9270649240,0x00007f9270649540] = 768
 relocation     [0x00007f9270649240,0x00007f9270649440] = 512
 metadata       [0x00007f9270649440,0x00007f9270649540] = 256
 immutable data [0x00007f927223c2d0,0x00007f927223cfe4] = 3348
 dependencies   [0x00007f927223c2d0,0x00007f927223c320] = 80
 nul chk table  [0x00007f927223c320,0x00007f927223c3d0] = 176
 handler table  [0x00007f927223c3d0,0x00007f927223c478] = 168
 scopes pcs     [0x00007f927223c478,0x00007f927223c918] = 1184
 scopes data    [0x00007f927223c918,0x00007f927223cfe0] = 1736


[Constant Pool]
             Address          hex4                    hex8      
  0x00007f929ce83500:   0x4e6e6b28      0xf4f4f4f44e6e6b28      
  0x00007f929ce83504:   0xf4f4f4f4                              
  0x00007f929ce83508:   0xf4f4f4f4      0xf4f4f4f4f4f4f4f4      
  0x00007f929ce8350c:   0xf4f4f4f4                              
  0x00007f929ce83510:   0xf4f4f4f4      0xf4f4f4f4f4f4f4f4      
  0x00007f929ce83514:   0xf4f4f4f4                              
  0x00007f929ce83518:   0xf4f4f4f4      0xf4f4f4f4f4f4f4f4      
  0x00007f929ce8351c:   0xf4f4f4f4                              


Loading hsdis library failed, undisassembled code is shown in MachCode section
[MachCode]
[Verified Entry Point]
  # {method} {0x00007f9260417f38} 'mainLoop' '()V' in 'com/badlogic/gdx/backends/lwjgl/LwjglApplication'
  0x00007f929ce83520: ;   {runtime_call}
  0x00007f929ce83520: e8cb bf61 | 1666 6666 | 0f1f 8400 | 0000 0000 | 8984 2400 | c0fe ff55 | 4883 ec60 | 4181 7f20 
  0x00007f929ce83540: 2900 0000 | 0f85 321c | 0000 488b | 5e60 488b | 6e58 448b | 6e40 448b | 5e50 4489 | 5c24 1044 
  0x00007f929ce83560: 8b56 4844 | 8954 2414 

  0x00007f929ce83568: ;   {runtime_call}
  0x00007f929ce83568: 488b fe49 | bac0 0eb2 | b392 7f00 | 0041 ffd2 

  0x00007f929ce83578: ;   {post_call_nop}
  0x00007f929ce83578: 0f1f 8400 | 0000 0000 | 4885 db0f | 8403 1700 | 0044 8b5b 

  0x00007f929ce8358c: ;   {metadata('com/badlogic/gdx/backends/lwjgl/LwjglApplication')}
  0x00007f929ce8358c: 0841 81fb | 0040 0401 | 0f85 2e17 | 0000 4c8b | c34c 8bd5 | 4885 ed0f | 84eb 1600 | 0044 8b5d 
  0x00007f929ce835ac: ;   {metadata('com/badlogic/gdx/utils/SnapshotArray')}
  0x00007f929ce835ac: 0841 81fb | 6895 0401 | 0f85 1117 | 0000 4d85 | c00f 84d9 | 1600 0041 | 8bdd 4585 | ed0f 84d0 
  0x00007f929ce835cc: 1600 00e9 | 1c04 0000 | 4b8d 34dc | 4533 db41 | 8bda 412b | db33 c945 | 3bd3 0f4c | d981 fbe8 
  0x00007f929ce835ec: 0300 00b9 | e803 0000 | 0f47 d941 | 03db 660f | 1f44 0000 | 4d33 c94a | 8d4c 9e10 | 4180 7f48 
  0x00007f929ce8360c: 000f 8559 | 1a00 0044 | 8909 41ff | c344 3bdb | 7ce2 4d8b 

  0x00007f929ce83620: ; ImmutableOopMap {r8=Oop rsi=Oop [0]=Oop [8]=Oop [32]=Oop }
                      ;*goto {reexecute=1 rethrow=0 return_oop=0}
                      ; - (reexecute) com.badlogic.gdx.utils.Array::clear@24 (line 317)
                      ; - com.badlogic.gdx.backends.lwjgl.LwjglApplication::executeRunnables@46 (line 255)
                      ; - com.badlogic.gdx.backends.lwjgl.LwjglApplication::mainLoop@558 (line 210)
                      ;   {poll}
  0x00007f929ce83620: 4f30 4185 | 0145 3bda | 7cb1 4589 | 600c 4c8b | 5c24 2048 | 8d44 2440 | 418b 87c0 | 0700 004d 
  0x00007f929ce83640: 8b13 4d3b | 5c07 f80f | 852e 0000 | 0041 83af | c007 0000 | 084d 3b5c | 07f0 0f84 | 5f00 0000 
  0x00007f929ce83660: 498b c248 | 83e0 fc49 | 83ca 01f0 | 4d0f b113 | 0f85 f91a | 0000 e944 | 0000 0049 | 83ba 8600 
  0x00007f929ce83680: 0000 0075 | 3349 c742 | 3e00 0000 | 00f0 8344 | 24c0 0049 | 83ba 8e00 | 0000 0074 | 2249 83ba 
  0x00007f929ce836a0: 9e00 0000 | 0075 1849 | 83e2 fd4d | 8997 1006 | 0000 4183 | ca01 eb0a | 49ff 8a86 | 0000 0045 
  0x00007f929ce836c0: 33d2 0f85 | 9c10 0000 | 4c8b 1424 | 458b 4234 

  0x00007f929ce836d0: ; implicit exception: dispatches to 0x00007f929ce84f5c
  0x00007f929ce836d0: 478b 5cc4 | 0c45 85db | 0f85 ea11 | 0000 450f | b642 1045 | 85c0 0f84 | 0415 0000 | 418b 6a20 
  0x00007f929ce836f0: 85ed 0f84 | c80d 0000 

  0x00007f929ce836f8: ;   {runtime_call}
  0x00007f929ce836f8: 49ba 30f0 | ffb3 927f | 0000 41ff 

  0x00007f929ce83704: ;   {post_call_nop}
  0x00007f929ce83704: d20f 1f84 | 0000 0000 | 004c 8bd0 | 4d2b 54ec | 1849 8944 | ec18 4d8d | 1cec 4c89 | 5c24 20c5 
  0x00007f929ce83724: f9ef c0c4 | c1fa 2ac2 

  0x00007f929ce8372c: ;   {section_word}
  0x00007f929ce8372c: c5fa 5e0d | ccfd ffff | c4c1 7a11 | 4cec 3449 

  0x00007f929ce8373c: ;   {optimized virtual_call}
  0x00007f929ce8373c: 8bf3 90e8 

  0x00007f929ce83740: ; ImmutableOopMap {[0]=Oop [8]=Oop [32]=Oop }
                      ;*invokevirtual updateMouse {reexecute=0 rethrow=0 return_oop=0}
                      ; - com.badlogic.gdx.backends.lwjgl.LwjglInput::update@5 (line 776)
                      ; - com.badlogic.gdx.backends.lwjgl.LwjglApplication::mainLoop@581 (line 215)
  0x00007f929ce83740: ec4e 24ff 

  0x00007f929ce83744: ;   {post_call_nop}
  0x00007f929ce83744: 0f1f 8400 | 3c03 0001 | 488b 7424 

  0x00007f929ce83750: ;   {optimized virtual_call}
  0x00007f929ce83750: 2066 90e8 

  0x00007f929ce83754: ; ImmutableOopMap {[0]=Oop [8]=Oop }
                      ;*invokevirtual updateKeyboard {reexecute=0 rethrow=0 return_oop=0}
                      ; - com.badlogic.gdx.backends.lwjgl.LwjglInput::update@9 (line 777)
                      ; - com.badlogic.gdx.backends.lwjgl.LwjglApplication::mainLoop@581 (line 215)
  0x00007f929ce83754: 3825 47ff 

  0x00007f929ce83758: ;   {post_call_nop}
  0x00007f929ce83758: 0f1f 8400 | 5003 0002 | 4c8b 1424 | 418b 6a14 | 85ed 0f84 | 780d 0000 | 4d8d 14ec | 4c89 5424 
  0x00007f929ce83778: 204c 8b5c | 2420 488d | 5c24 404d | 8b13 418b | 9fc0 0700 | 0041 f6c2 | 020f 8537 | 0000 0081 
  0x00007f929ce83798: fb0f 0800 | 000f 8f4b | 0000 004d | 3b5c 1ff8 | 7416 498b | c248 83c8 | 0149 83e2 | fef0 4d0f 
  0x00007f929ce837b8: b113 0f85 | 2e00 0000 | 4d89 1c1f | 4183 87c0 | 0700 0008 | eb1e 4833 | c049 8b9f | f804 0000 
  0x00007f929ce837d8: f049 0fb1 | 5a3e 740c | 483b d875 | 0949 ff82 | 8600 0000 | 33c0 0f85 | 980f 0000 | 450f b65c 
  0x00007f929ce837f8: ec33 4588 | 64ec 33f0 | 8344 24c0 | 0045 85db | 7522 450f | b654 ec32 | 4585 d275 | 17be 45ff 
  0x00007f929ce83818: ffff 4489 

  0x00007f929ce8381c: ;   {runtime_call UncommonTrapBlob}
  0x00007f929ce8381c: 5424 1ce8 

  0x00007f929ce83820: ; ImmutableOopMap {rbp=NarrowOop [0]=Oop [8]=Oop }
                      ;*ifne {reexecute=1 rethrow=0 return_oop=0}
                      ; - (reexecute) com.badlogic.gdx.backends.lwjgl.LwjglGraphics::shouldRender@22 (line 587)
                      ; - com.badlogic.gdx.backends.lwjgl.LwjglApplication::mainLoop@590 (line 216)
  0x00007f929ce83820: 3c72 5dfe 

  0x00007f929ce83824: ;   {post_call_nop}
  0x00007f929ce83824: 0f1f 8400 | 1c04 0003 | 4c8b 5c24 | 2048 8d44 | 2440 418b | 87c0 0700 | 004d 8b13 | 4d3b 5c07 
  0x00007f929ce83844: f80f 852e | 0000 0041 | 83af c007 | 0000 084d | 3b5c 07f0 | 0f84 5f00 | 0000 498b | c248 83e0 
  0x00007f929ce83864: fc49 83ca | 01f0 4d0f | b113 0f85 | ee18 0000 | e944 0000 | 0049 83ba | 8600 0000 | 0075 3349 
  0x00007f929ce83884: c742 3e00 | 0000 00f0 | 8344 24c0 | 0049 83ba | 8e00 0000 | 0074 2249 | 83ba 9e00 | 0000 0075 
  0x00007f929ce838a4: 1849 83e2 | fd4d 8997 | 1006 0000 | 4183 ca01 | eb0a 49ff | 8a86 0000 | 0045 33d2 | 0f85 e30e 
  0x00007f929ce838c4: 0000 4c8b | 1c24 458b | 5320 4585 | d20f 8439 | 0c00 0049 | 8beb 4b8d 

  0x00007f929ce838dc: ;   {optimized virtual_call}
  0x00007f929ce838dc: 34d4 90e8 

  0x00007f929ce838e0: ; ImmutableOopMap {rbp=Oop [8]=Oop }
                      ;*invokevirtual processEvents {reexecute=0 rethrow=0 return_oop=0}
                      ; - com.badlogic.gdx.backends.lwjgl.LwjglApplication::mainLoop@600 (line 217)
  0x00007f929ce838e0: 4c60 e0fe 

  0x00007f929ce838e4: ;   {post_call_nop}
  0x00007f929ce838e4: 0f1f 8400 | dc04 0004 | 448b 4518 

  0x00007f929ce838f0: ; implicit exception: dispatches to 0x00007f929ce85038
  0x00007f929ce838f0: 470f b65c | c420 4585 | db0f 8515 | 1300 0047 | 8b54 c440 

  0x00007f929ce83904: ; implicit exception: dispatches to 0x00007f929ce84f90
  0x00007f929ce83904: 478b 54d4 | 0c45 85d2 | 0f8f 3613 | 0000 8b5d | 1445 8b54 | dc44 478b | 54d4 5044 | 8954 241c 
  0x00007f929ce83924: ;   {runtime_call}
  0x00007f929ce83924: 49ba 30f0 | ffb3 927f | 0000 41ff 

  0x00007f929ce83930: ;   {post_call_nop}
  0x00007f929ce83930: d20f 1f84 | 0000 0000 | 004c 8bd0 | 4d2b 54dc | 1845 8b5c | dc28 4981 | fa00 ca9a | 3b0f 8dc9 
  0x00007f929ce83950: 0a00 0041 | ffc3 4589 | 5cdc 2844 | 8b5d 284d | 8b54 dc10 | 49ff c24d | 8954 dc10 | 4c8b d04d 
  0x00007f929ce83970: 2b54 dc20 | c5f1 efc9 | c4c1 f22a | ca49 8944 

  0x00007f929ce83980: ;   {section_word}
  0x00007f929ce83980: dc20 c5f2 | 5e05 76fb | ffff c4c1 | 7a11 44dc | 0c47 8b44 

  0x00007f929ce83994: ;   {metadata('age/of/civilizations2/jakowski/lukasz/AoCGame')}
  0x00007f929ce83994: dc08 4181 | f860 6504 | 010f 852e | 0e00 004b 

  0x00007f929ce839a4: ;   {optimized virtual_call}
  0x00007f929ce839a4: 8d34 dce8 

  0x00007f929ce839a8: ; ImmutableOopMap {rbp=Oop [8]=Oop }
                      ;*invokeinterface render {reexecute=0 rethrow=0 return_oop=0}
                      ; - com.badlogic.gdx.backends.lwjgl.LwjglApplication::mainLoop@698 (line 225)
  0x00007f929ce839a8: 3410 50fe 

  0x00007f929ce839ac: ;   {post_call_nop}
  0x00007f929ce839ac: 0f1f 8400 | a405 0005 

  0x00007f929ce839b4: ;   {static_call}
  0x00007f929ce839b4: 33f6 90e8 

  0x00007f929ce839b8: ; ImmutableOopMap {rbp=Oop [8]=Oop }
                      ;*invokestatic update {reexecute=0 rethrow=0 return_oop=0}
                      ; - com.badlogic.gdx.backends.lwjgl.LwjglApplication::mainLoop@704 (line 226)
  0x00007f929ce839b8: c412 3eff 

  0x00007f929ce839bc: ;   {post_call_nop}
  0x00007f929ce839bc: 0f1f 8400 | b405 0006 | 448b 4424 | 1c45 85c0 | 0f8e 3a0f | 0000 418b 

  0x00007f929ce839d4: ;   {static_call}
  0x00007f929ce839d4: f066 90e8 

  0x00007f929ce839d8: ; ImmutableOopMap {rbp=Oop [8]=Oop }
                      ;*invokestatic sync {reexecute=0 rethrow=0 return_oop=0}
                      ; - org.lwjgl.opengl.Display::sync@1 (line 411)
                      ; - com.badlogic.gdx.backends.lwjgl.LwjglApplication::mainLoop@753 (line 233)
  0x00007f929ce839d8: 4458 cbfe 

  0x00007f929ce839dc: ;   {post_call_nop}
  0x00007f929ce839dc: 0f1f 8400 | d405 0007 | 4c8b 5424 | 088b 5c24 | 184c 8bc5 | 450f b658 | 1045 85db | 0f84 3e0f 
  0x00007f929ce839fc: 0000 4c89 | 0424 895c | 2418 4c89 

  0x00007f929ce83a08: ;   {static_call}
  0x00007f929ce83a08: 5424 08e8 

  0x00007f929ce83a0c: ; ImmutableOopMap {[0]=Oop [8]=Oop }
                      ;*invokestatic processMessages {reexecute=0 rethrow=0 return_oop=0}
                      ; - com.badlogic.gdx.backends.lwjgl.LwjglApplication::mainLoop@78 (line 158)
  0x00007f929ce83a0c: 70e7 3aff 

  0x00007f929ce83a10: ;   {post_call_nop}
  0x00007f929ce83a10: 0f1f 8400 | 0806 0008 

  0x00007f929ce83a18: ;   {oop(a 'java/lang/Object'{0x000000070c2ef198})}
  0x00007f929ce83a18: 49bb 98f1 | 2e0c 0700 | 0000 488d | 5c24 404d | 8b13 418b | 9fc0 0700 | 0041 f6c2 | 020f 8537 
  0x00007f929ce83a38: 0000 0081 | fb0f 0800 | 000f 8f4b | 0000 004d | 3b5c 1ff8 | 7416 498b | c248 83c8 | 0149 83e2 
  0x00007f929ce83a58: fef0 4d0f | b113 0f85 | 2e00 0000 | 4d89 1c1f | 4183 87c0 | 0700 0008 | eb1e 4833 | c049 8b9f 
  0x00007f929ce83a78: f804 0000 | f049 0fb1 | 5a3e 740c | 483b d875 | 0949 ff82 | 8600 0000 | 33c0 0f85 | a00a 0000 
  0x00007f929ce83a98: ;   {oop(a 'java/lang/Class'{0x000000070c3031b0} = 'org/lwjgl/opengl/Display')}
  0x00007f929ce83a98: 49ba b031 | 300c 0700 | 0000 450f | b692 bd00 | 0000 4585 | d20f 84a9 

  0x00007f929ce83ab0: ;   {oop(a 'org/lwjgl/opengl/LinuxDisplay'{0x000000070c2ef790})}
  0x00007f929ce83ab0: 0e00 0049 | ba90 f72e | 0c07 0000 | 0041 0fb6 | 6a57 4588 

  0x00007f929ce83ac4: ;   {oop(a 'java/lang/Object'{0x000000070c2ef198})}
  0x00007f929ce83ac4: 6257 49bb | 98f1 2e0c | 0700 0000 | 488d 4424 | 4041 8b87 | c007 0000 | 4d8b 134d | 3b5c 07f8 
  0x00007f929ce83ae4: 0f85 2e00 | 0000 4183 | afc0 0700 | 0008 4d3b | 5c07 f00f | 845f 0000 | 0049 8bc2 | 4883 e0fc 
  0x00007f929ce83b04: 4983 ca01 | f04d 0fb1 | 130f 8542 | 1600 00e9 | 4400 0000 | 4983 ba86 | 0000 0000 | 7533 49c7 
  0x00007f929ce83b24: 423e 0000 | 0000 f083 | 4424 c000 | 4983 ba8e | 0000 0000 | 7422 4983 | ba9e 0000 | 0000 7518 
  0x00007f929ce83b44: 4983 e2fd | 4d89 9710 | 0600 0041 | 83ca 01eb | 0a49 ff8a | 8600 0000 | 4533 d20f | 85f8 0900 
  0x00007f929ce83b64: 0085 ed0f | 8527 0e00 

  0x00007f929ce83b6c: ;   {oop(a 'java/lang/Object'{0x000000070c2ef198})}
  0x00007f929ce83b6c: 0049 bb98 | f12e 0c07 | 0000 0048 | 8d5c 2440 | 4d8b 1341 | 8b9f c007 | 0000 41f6 | c202 0f85 
  0x00007f929ce83b8c: 3700 0000 | 81fb 0f08 | 0000 0f8f | 4b00 0000 | 4d3b 5c1f | f874 1649 | 8bc2 4883 | c801 4983 
  0x00007f929ce83bac: e2fe f04d | 0fb1 130f | 852e 0000 | 004d 891c | 1f41 8387 | c007 0000 | 08eb 1e48 | 33c0 498b 
  0x00007f929ce83bcc: 9ff8 0400 | 00f0 490f | b15a 3e74 | 0c48 3bd8 | 7509 49ff | 8286 0000 | 0033 c00f | 859c 0900 
  0x00007f929ce83bec: ;   {oop(a 'java/lang/Class'{0x000000070c3031b0} = 'org/lwjgl/opengl/Display')}
  0x00007f929ce83bec: 0049 bab0 | 3130 0c07 | 0000 0045 | 0fb6 92bd | 0000 0045 | 85d2 0f84 | a00d 0000 

  0x00007f929ce83c08: ;   {oop(a 'org/lwjgl/opengl/LinuxDisplay'{0x000000070c2ef790})}
  0x00007f929ce83c08: 49ba 90f7 | 2e0c 0700 | 0000 450f | b652 5445 | 85d2 0f84 | c00d 0000 

  0x00007f929ce83c20: ;   {oop(a 'java/lang/Object'{0x000000070c2ef198})}
  0x00007f929ce83c20: 49bb 98f1 | 2e0c 0700 | 0000 488d | 4424 4041 | 8b87 c007 | 0000 4d8b | 134d 3b5c | 07f8 0f85 
  0x00007f929ce83c40: 2e00 0000 | 4183 afc0 | 0700 0008 | 4d3b 5c07 | f00f 845f | 0000 0049 | 8bc2 4883 | e0fc 4983 
  0x00007f929ce83c60: ca01 f04d | 0fb1 130f | 85db 1400 | 00e9 4400 | 0000 4983 | ba86 0000 | 0000 7533 | 49c7 423e 
  0x00007f929ce83c80: 0000 0000 | f083 4424 | c000 4983 | ba8e 0000 | 0000 7422 | 4983 ba9e | 0000 0000 | 7518 4983 
  0x00007f929ce83ca0: e2fd 4d89 | 9710 0600 | 0041 83ca | 01eb 0a49 | ff8a 8600 | 0000 4533 | d20f 85f2 | 0800 004c 
  0x00007f929ce83cc0: 8b04 2445 | 8b58 1447 | 8b54 dc40 | 4585 d20f | 8543 0d00 | 0043 8b6c 

  0x00007f929ce83cd8: ;   {oop(a 'java/lang/Object'{0x000000070c2ef198})}
  0x00007f929ce83cd8: dc44 49bb | 98f1 2e0c | 0700 0000 | 488d 5c24 | 404d 8b13 | 418b 9fc0 | 0700 0041 | f6c2 020f 
  0x00007f929ce83cf8: 8537 0000 | 0081 fb0f | 0800 000f | 8f4b 0000 | 004d 3b5c | 1ff8 7416 | 498b c248 | 83c8 0149 
  0x00007f929ce83d18: 83e2 fef0 | 4d0f b113 | 0f85 2e00 | 0000 4d89 | 1c1f 4183 | 87c0 0700 | 0008 eb1e | 4833 c049 
  0x00007f929ce83d38: 8b9f f804 | 0000 f049 | 0fb1 5a3e | 740c 483b | d875 0949 | ff82 8600 | 0000 33c0 | 0f85 8308 
  0x00007f929ce83d58: ;   {oop(a 'java/lang/Class'{0x000000070c3031b0} = 'org/lwjgl/opengl/Display')}
  0x00007f929ce83d58: 0000 49ba | b031 300c | 0700 0000 | 450f b692 | bc00 0000 | 4585 d20f | 84db 0c00 

  0x00007f929ce83d74: ;   {oop(a 'java/lang/Class'{0x000000070c3031b0} = 'org/lwjgl/opengl/Display')}
  0x00007f929ce83d74: 0049 bab0 | 3130 0c07 | 0000 0045 | 8b92 8800 | 0000 470f | b654 d41c | 4585 d20f | 84d3 0c00 
  0x00007f929ce83d94: ;   {oop(a 'java/lang/Object'{0x000000070c2ef198})}
  0x00007f929ce83d94: 0049 bb98 | f12e 0c07 | 0000 0048 | 8d44 2440 | 418b 87c0 | 0700 004d | 8b13 4d3b | 5c07 f80f 
  0x00007f929ce83db4: 852e 0000 | 0041 83af | c007 0000 | 084d 3b5c | 07f0 0f84 | 5f00 0000 | 498b c248 | 83e0 fc49 
  0x00007f929ce83dd4: 83ca 01f0 | 4d0f b113 | 0f85 5913 | 0000 e944 | 0000 0049 | 83ba 8600 | 0000 0075 | 3349 c742 
  0x00007f929ce83df4: 3e00 0000 | 00f0 8344 | 24c0 0049 | 83ba 8e00 | 0000 0074 | 2249 83ba | 9e00 0000 | 0075 1849 
  0x00007f929ce83e14: 83e2 fd4d | 8997 1006 | 0000 4183 | ca01 eb0a | 49ff 8a86 | 0000 0045 | 33d2 0f85 | cd07 0000 
  0x00007f929ce83e34: 85ed 0f84 | fa05 0000 | 4589 64ec | 384c 8b1c | 2445 8b53 | 1443 8b6c 

  0x00007f929ce83e4c: ;   {oop(a 'java/lang/Object'{0x000000070c2ef198})}
  0x00007f929ce83e4c: d444 49bb | 98f1 2e0c | 0700 0000 | 488d 5c24 | 404d 8b13 | 418b 9fc0 | 0700 0041 | f6c2 020f 
  0x00007f929ce83e6c: 8537 0000 | 0081 fb0f | 0800 000f | 8f4b 0000 | 004d 3b5c | 1ff8 7416 | 498b c248 | 83c8 0149 
  0x00007f929ce83e8c: 83e2 fef0 | 4d0f b113 | 0f85 2e00 | 0000 4d89 | 1c1f 4183 | 87c0 0700 | 0008 eb1e | 4833 c049 
  0x00007f929ce83eac: 8b9f f804 | 0000 f049 | 0fb1 5a3e | 740c 483b | d875 0949 | ff82 8600 | 0000 33c0 | 0f85 5f07 
  0x00007f929ce83ecc: ;   {oop(a 'java/lang/Class'{0x000000070c3031b0} = 'org/lwjgl/opengl/Display')}
  0x00007f929ce83ecc: 0000 49ba | b031 300c | 0700 0000 | 450f b69a | bc00 0000 | 4585 db0f | 8497 0b00 | 0045 8b9a 
  0x00007f929ce83eec: 8800 0000 

  0x00007f929ce83ef0: ; implicit exception: dispatches to 0x00007f929ce84d8c
  0x00007f929ce83ef0: 470f b65c | dc1c 4585 | db0f 8499 

  0x00007f929ce83efc: ;   {oop(a 'java/lang/Object'{0x000000070c2ef198})}
  0x00007f929ce83efc: 0b00 0049 | bb98 f12e | 0c07 0000 | 0048 8d44 | 2440 418b | 87c0 0700 | 004d 8b13 | 4d3b 5c07 
  0x00007f929ce83f1c: f80f 852e | 0000 0041 | 83af c007 | 0000 084d | 3b5c 07f0 | 0f84 5f00 | 0000 498b | c248 83e0 
  0x00007f929ce83f3c: fc49 83ca | 01f0 4d0f | b113 0f85 | e211 0000 | e944 0000 | 0049 83ba | 8600 0000 | 0075 3349 
  0x00007f929ce83f5c: c742 3e00 | 0000 00f0 | 8344 24c0 | 0049 83ba | 8e00 0000 | 0074 2249 | 83ba 9e00 | 0000 0075 
  0x00007f929ce83f7c: 1849 83e2 | fd4d 8997 | 1006 0000 | 4183 ca01 | eb0a 49ff | 8a86 0000 | 0045 33d2 | 0f85 b306 
  0x00007f929ce83f9c: 0000 85ed | 0f84 ba04 | 0000 4589 | 64ec 3c4c | 8b14 2445 | 8b42 1447 | 0fb6 44c4 | 3145 85c0 
  0x00007f929ce83fbc: 0f85 4e08 

  0x00007f929ce83fc0: ;   {oop(a 'java/lang/Class'{0x000000070c3031b0} = 'org/lwjgl/opengl/Display')}
  0x00007f929ce83fc0: 0000 49bb | b031 300c | 0700 0000 | 450f b683 | bf00 0000 | 4585 c00f | 856b 0800 

  0x00007f929ce83fdc: ;   {oop(a 'java/lang/Object'{0x000000070c2ef198})}
  0x00007f929ce83fdc: 0049 b898 | f12e 0c07 | 0000 0048 | 8d5c 2440 | 4d8b 1841 | 8b9f c007 | 0000 41f6 | c302 0f85 
  0x00007f929ce83ffc: 3700 0000 | 81fb 0f08 | 0000 0f8f | 4b00 0000 | 4d3b 441f | f874 1649 | 8bc3 4883 | c801 4983 
  0x00007f929ce8401c: e3fe f04d | 0fb1 180f | 852e 0000 | 004d 8904 | 1f41 8387 | c007 0000 | 08eb 1e48 | 33c0 498b 
  0x00007f929ce8403c: 9ff8 0400 | 00f0 490f | b15b 3e74 | 0c48 3bd8 | 7509 49ff | 8386 0000 | 0033 c00f | 8520 0600 
  0x00007f929ce8405c: ;   {oop(a 'java/lang/Class'{0x000000070c3031b0} = 'org/lwjgl/opengl/Display')}
  0x00007f929ce8405c: 0049 bbb0 | 3130 0c07 | 0000 0045 | 0fb6 83bc | 0000 0045 | 85c0 0f84 | 380a 0000 | 458b 9b88 
  0x00007f929ce8407c: 0000 0047 | 0fb6 5cdc | 1c45 85db | 0f84 5a0a 

  0x00007f929ce8408c: ;   {oop(a 'java/lang/Object'{0x000000070c2ef198})}
  0x00007f929ce8408c: 0000 49b8 | 98f1 2e0c | 0700 0000 | 488d 4424 | 4041 8b87 | c007 0000 | 4d8b 184d | 3b44 07f8 
  0x00007f929ce840ac: 0f85 2e00 | 0000 4183 | afc0 0700 | 0008 4d3b | 4407 f00f | 845f 0000 | 0049 8bc3 | 4883 e0fc 
  0x00007f929ce840cc: 4983 cb01 | f04d 0fb1 | 180f 8546 | 1000 00e9 | 4400 0000 | 4983 bb86 | 0000 0000 | 7533 49c7 
  0x00007f929ce840ec: 433e 0000 | 0000 f083 | 4424 c000 | 4983 bb8e | 0000 0000 | 7422 4983 | bb9e 0000 | 0000 7518 
  0x00007f929ce8410c: 4983 e3fd | 4d89 9f10 | 0600 0041 | 83cb 01eb | 0a49 ff8b | 8600 0000 | 4533 db0f | 8577 0500 
  0x00007f929ce8412c: ;   {oop(a 'java/lang/Class'{0x000000070c3031b0} = 'org/lwjgl/opengl/Display')}
  0x00007f929ce8412c: 0049 bbb0 | 3130 0c07 | 0000 0045 | 8b83 8800 | 0000 478b | 5cc4 0c41 | 8b4a 14c5 | f9ef c0c4 
  0x00007f929ce8414c: c17a 2ac3 | c57a 2cc0 | 4181 f800 | 0000 800f | 84ab 0f00 | 0045 8b5c | cc44 478b | 4cdc 3045 
  0x00007f929ce8416c: 3bc1 0f85 | 0c07 0000 

  0x00007f929ce84174: ;   {oop(a 'java/lang/Object'{0x000000070c2ef198})}
  0x00007f929ce84174: 49b8 98f1 | 2e0c 0700 | 0000 488d | 5c24 404d | 8b18 418b | 9fc0 0700 | 0041 f6c3 | 020f 8537 
  0x00007f929ce84194: 0000 0081 | fb0f 0800 | 000f 8f4b | 0000 004d | 3b44 1ff8 | 7416 498b | c348 83c8 | 0149 83e3 
  0x00007f929ce841b4: fef0 4d0f | b118 0f85 | 2e00 0000 | 4d89 041f | 4183 87c0 | 0700 0008 | eb1e 4833 | c049 8b9f 
  0x00007f929ce841d4: f804 0000 | f049 0fb1 | 5b3e 740c | 483b d875 | 0949 ff83 | 8600 0000 | 33c0 0f85 | e204 0000 
  0x00007f929ce841f4: ;   {oop(a 'java/lang/Class'{0x000000070c3031b0} = 'org/lwjgl/opengl/Display')}
  0x00007f929ce841f4: 49bb b031 | 300c 0700 | 0000 450f | b683 bc00 | 0000 4585 | c00f 8411 | 0900 0045 | 8b83 8800 
  0x00007f929ce84214: 0000 470f | b65c c41c | 4585 db0f | 8433 0900 

  0x00007f929ce84224: ;   {oop(a 'java/lang/Object'{0x000000070c2ef198})}
  0x00007f929ce84224: 0049 b898 | f12e 0c07 | 0000 0048 | 8d44 2440 | 418b 87c0 | 0700 004d | 8b18 4d3b | 4407 f80f 
  0x00007f929ce84244: 852e 0000 | 0041 83af | c007 0000 | 084d 3b44 | 07f0 0f84 | 5f00 0000 | 498b c348 | 83e0 fc49 
  0x00007f929ce84264: 83cb 01f0 | 4d0f b118 | 0f85 8d0e | 0000 e944 | 0000 0049 | 83bb 8600 | 0000 0075 | 3349 c743 
  0x00007f929ce84284: 3e00 0000 | 00f0 8344 | 24c0 0049 | 83bb 8e00 | 0000 0074 | 2249 83bb | 9e00 0000 | 0075 1849 
  0x00007f929ce842a4: 83e3 fd4d | 899f 1006 | 0000 4183 | cb01 eb0a | 49ff 8b86 | 0000 0045 | 33db 0f85 | 3c04 0000 
  0x00007f929ce842c4: ;   {oop(a 'java/lang/Class'{0x000000070c3031b0} = 'org/lwjgl/opengl/Display')}
  0x00007f929ce842c4: 49bb b031 | 300c 0700 | 0000 458b | 9b88 0000 | 0047 8b44 | dc10 458b | 5a14 c5f1 | efc9 c4c1 
  0x00007f929ce842e4: 722a c8c5 | 7a2c c141 | 81f8 0000 | 0080 0f84 | f20d 0000 

  0x00007f929ce842f8: ; implicit exception: dispatches to 0x00007f929ce84ed8
  0x00007f929ce842f8: 478b 4cdc | 4447 8b4c | cc34 453b | c10f 8585 | 0800 0041 | 8b6a 3085 | ed0f 8475 | 0100 004c 
  0x00007f929ce84318: 8914 244d | 8d14 ec4c | 8954 2420 | 4c8b 5c24 | 2048 8d5c | 2440 4d8b | 1341 8b9f | c007 0000 
  0x00007f929ce84338: 41f6 c202 | 0f85 3700 | 0000 81fb | 0f08 0000 | 0f8f 4b00 | 0000 4d3b | 5c1f f874 | 1649 8bc2 
  0x00007f929ce84358: 4883 c801 | 4983 e2fe | f04d 0fb1 | 130f 852e | 0000 004d | 891c 1f41 | 8387 c007 | 0000 08eb 
  0x00007f929ce84378: 1e48 33c0 | 498b 9ff8 | 0400 00f0 | 490f b15a | 3e74 0c48 | 3bd8 7509 | 49ff 8286 | 0000 0033 
  0x00007f929ce84398: c00f 8593 | 0300 004c | 8b14 2445 | 8b5a 3047 | 8b44 dc0c | 41ff c845 | 85c0 0f8d | 2008 0000 
  0x00007f929ce843b8: 478b 54dc 

  0x00007f929ce843bc: ;   {metadata('com/badlogic/gdx/utils/Array')}
  0x00007f929ce843bc: 0841 81fa | e816 0401 | 0f85 8303 | 0000 4f8d | 04dc 458b | 500c 4585 | d20f 8e4f | f2ff ff45 
  0x00007f929ce843dc: 8b58 1447 | 8b4c dc0c | 4585 c976 | 1249 63ca | 4d63 c948 | ffc9 493b | c90f 82d9 | f1ff ffbe 
  0x00007f929ce843fc: 6eff ffff | 4c89 4424 | 2844 895c | 2430 4489 

  0x00007f929ce8440c: ;   {runtime_call UncommonTrapBlob}
  0x00007f929ce8440c: 5424 38e8 

  0x00007f929ce84410: ; ImmutableOopMap {rbp=NarrowOop [0]=Oop [8]=Oop [40]=Oop [48]=NarrowOop }
                      ;*if_icmpge {reexecute=1 rethrow=0 return_oop=0}
                      ; - (reexecute) com.badlogic.gdx.utils.Array::clear@14 (line 317)
                      ; - com.badlogic.gdx.backends.lwjgl.LwjglApplication::executeRunnables@46 (line 255)
                      ; - com.badlogic.gdx.backends.lwjgl.LwjglApplication::mainLoop@558 (line 210)
  0x00007f929ce84410: 4c66 5dfe 

  0x00007f929ce84414: ;   {post_call_nop}
  0x00007f929ce84414: 0f1f 8400 | 0c10 0009 | 4989 44dc | 1845 895c | dc2c 4589 | 64dc 2841 | bb01 0000 | 00e9 20f5 
  0x00007f929ce84434: ffff bef6 | ffff ff48 | 8b2c 244c | 8b54 2408 | 4c89 1424 | 448b 5424 | 1044 8954 

  0x00007f929ce84450: ;   {runtime_call UncommonTrapBlob}
  0x00007f929ce84450: 2408 90e8 

  0x00007f929ce84454: ; ImmutableOopMap {rbp=Oop [0]=Oop }
                      ;*putfield x {reexecute=1 rethrow=0 return_oop=0}
                      ; - (reexecute) com.badlogic.gdx.backends.lwjgl.LwjglApplication::mainLoop@362 (line 196)
  0x00007f929ce84454: 0866 5dfe 

  0x00007f929ce84458: ;   {post_call_nop}
  0x00007f929ce84458: 0f1f 8400 | 5010 000a | bef6 ffff | ff48 8b2c | 244c 8b54 | 2408 4c89 | 1424 448b | 5c24 1044 
  0x00007f929ce84478: 895c 2408 

  0x00007f929ce8447c: ;   {runtime_call UncommonTrapBlob}
  0x00007f929ce8447c: 6666 90e8 

  0x00007f929ce84480: ; ImmutableOopMap {rbp=Oop [0]=Oop }
                      ;*putfield y {reexecute=1 rethrow=0 return_oop=0}
                      ; - (reexecute) com.badlogic.gdx.backends.lwjgl.LwjglApplication::mainLoop@375 (line 197)
  0x00007f929ce84480: dc65 5dfe 

  0x00007f929ce84484: ;   {post_call_nop}
  0x00007f929ce84484: 0f1f 8400 | 7c10 000b | bef6 ffff | ff4c 8b5c | 2408 4c89 | 1c24 448b | 5c24 1044 | 895c 2408 
  0x00007f929ce844a4: 448b 5c24 | 1844 895c | 2410 4c89 

  0x00007f929ce844b0: ;   {runtime_call UncommonTrapBlob}
  0x00007f929ce844b0: 5424 18e8 

  0x00007f929ce844b4: ; ImmutableOopMap {[0]=Oop [24]=Oop }
                      ;*monitorenter {reexecute=0 rethrow=0 return_oop=0}
                      ; - com.badlogic.gdx.backends.lwjgl.LwjglApplication::executeRunnables@6 (line 252)
                      ; - com.badlogic.gdx.backends.lwjgl.LwjglApplication::mainLoop@558 (line 210)
  0x00007f929ce844b4: a865 5dfe 

  0x00007f929ce844b8: ;   {post_call_nop}
  0x00007f929ce844b8: 0f1f 8400 | b010 000c | bef6 ffff | ff49 8bea | 4c8b 5424 | 084c 8914 | 2444 8b5c | 2410 4489 
  0x00007f929ce844d8: ;   {runtime_call UncommonTrapBlob}
  0x00007f929ce844d8: 5c24 08e8 

  0x00007f929ce844dc: ; ImmutableOopMap {rbp=Oop [0]=Oop }
                      ;*invokevirtual update {reexecute=0 rethrow=0 return_oop=0}
                      ; - com.badlogic.gdx.backends.lwjgl.LwjglApplication::mainLoop@581 (line 215)
  0x00007f929ce844dc: 8065 5dfe 

  0x00007f929ce844e0: ;   {post_call_nop}
  0x00007f929ce844e0: 0f1f 8400 | d810 000d | bef6 ffff | ff49 8bea | 4c8b 5424 | 084c 8914 | 2444 8b54 | 2410 4489 
  0x00007f929ce84500: ;   {runtime_call UncommonTrapBlob}
  0x00007f929ce84500: 5424 08e8 

  0x00007f929ce84504: ; ImmutableOopMap {rbp=Oop [0]=Oop }
                      ;*invokevirtual shouldRender {reexecute=0 rethrow=0 return_oop=0}
                      ; - com.badlogic.gdx.backends.lwjgl.LwjglApplication::mainLoop@590 (line 216)
  0x00007f929ce84504: 5865 5dfe 

  0x00007f929ce84508: ;   {post_call_nop}
  0x00007f929ce84508: 0f1f 8400 | 0011 000e | bef6 ffff | ff49 8beb | 4c8b 5424 | 084c 8914 | 2444 8b5c | 2410 4489 
  0x00007f929ce84528: ;   {runtime_call UncommonTrapBlob}
  0x00007f929ce84528: 5c24 08e8 

  0x00007f929ce8452c: ; ImmutableOopMap {rbp=Oop [0]=Oop }
                      ;*invokevirtual processEvents {reexecute=0 rethrow=0 return_oop=0}
                      ; - com.badlogic.gdx.backends.lwjgl.LwjglApplication::mainLoop@600 (line 217)
  0x00007f929ce8452c: 3065 5dfe 

  0x00007f929ce84530: ;   {post_call_nop}
  0x00007f929ce84530: 0f1f 8400 | 2811 000f 

  0x00007f929ce84538: ;   {oop(a 'java/lang/Object'{0x000000070c2ef198})}
  0x00007f929ce84538: 48be 98f1 | 2e0c 0700 | 0000 488d | 5424 4048 

  0x00007f929ce84548: ;   {runtime_call C2 Runtime complete_monitor_locking_blob}
  0x00007f929ce84548: 8b2c 24e8 

  0x00007f929ce8454c: ; ImmutableOopMap {rbp=Oop [0]=Oop [8]=Oop }
                      ;*monitorenter {reexecute=0 rethrow=0 return_oop=0}
                      ; - org.lwjgl.opengl.Display::isCloseRequested@5 (line 547)
                      ; - com.badlogic.gdx.backends.lwjgl.LwjglApplication::mainLoop@81 (line 159)
  0x00007f929ce8454c: 90db 5dfe 

  0x00007f929ce84550: ;   {post_call_nop}
  0x00007f929ce84550: 0f1f 8400 | 4811 0010 | e93b f5ff 

  0x00007f929ce8455c: ;   {oop(a 'java/lang/Object'{0x000000070c2ef198})}
  0x00007f929ce8455c: ff48 bf98 | f12e 0c07 | 0000 0048 | 8d74 2440 

  0x00007f929ce8456c: ;   {runtime_call}
  0x00007f929ce8456c: 498b d749 | bae0 0f0e | b492 7f00 | 0041 ffd2 

  0x00007f929ce8457c: ;   {post_call_nop}
  0x00007f929ce8457c: 0f1f 8400 | 0000 0000 | e9dc f5ff 

  0x00007f929ce84588: ;   {oop(a 'java/lang/Object'{0x000000070c2ef198})}
  0x00007f929ce84588: ff48 be98 | f12e 0c07 | 0000 0048 | 8d54 2440 | 488b 2c24 

  0x00007f929ce8459c: ;   {runtime_call C2 Runtime complete_monitor_locking_blob}
  0x00007f929ce8459c: 6666 90e8 

  0x00007f929ce845a0: ; ImmutableOopMap {rbp=Oop [0]=Oop [8]=Oop }
                      ;*monitorenter {reexecute=0 rethrow=0 return_oop=0}
                      ; - org.lwjgl.opengl.Display::isActive@5 (line 565)
                      ; - com.badlogic.gdx.backends.lwjgl.LwjglApplication::mainLoop@91 (line 161)
  0x00007f929ce845a0: 3cdb 5dfe 

  0x00007f929ce845a4: ;   {post_call_nop}
  0x00007f929ce845a4: 0f1f 8400 | 9c11 0011 | e93c f6ff 

  0x00007f929ce845b0: ;   {oop(a 'java/lang/Object'{0x000000070c2ef198})}
  0x00007f929ce845b0: ff48 bf98 | f12e 0c07 | 0000 0048 | 8d74 2440 

  0x00007f929ce845c0: ;   {runtime_call}
  0x00007f929ce845c0: 498b d749 | bae0 0f0e | b492 7f00 | 0041 ffd2 

  0x00007f929ce845d0: ;   {post_call_nop}
  0x00007f929ce845d0: 0f1f 8400 | 0000 0000 | e9e2 f6ff 

  0x00007f929ce845dc: ;   {oop(a 'java/lang/Object'{0x000000070c2ef198})}
  0x00007f929ce845dc: ff48 be98 | f12e 0c07 | 0000 0048 | 8d54 2440 

  0x00007f929ce845ec: ;   {runtime_call C2 Runtime complete_monitor_locking_blob}
  0x00007f929ce845ec: 6666 90e8 

  0x00007f929ce845f0: ; ImmutableOopMap {rbp=NarrowOop [0]=Oop [8]=Oop }
                      ;*monitorenter {reexecute=0 rethrow=0 return_oop=0}
                      ; - org.lwjgl.opengl.Display::isFullscreen@5 (line 524)
                      ; - org.lwjgl.opengl.Display::getX@0 (line 1277)
                      ; - com.badlogic.gdx.backends.lwjgl.LwjglApplication::mainLoop@359 (line 196)
  0x00007f929ce845f0: ecda 5dfe 

  0x00007f929ce845f4: ;   {post_call_nop}
  0x00007f929ce845f4: 0f1f 8400 | ec11 0012 | e959 f7ff 

  0x00007f929ce84600: ;   {oop(a 'java/lang/Object'{0x000000070c2ef198})}
  0x00007f929ce84600: ff48 bf98 | f12e 0c07 | 0000 0048 | 8d74 2440 

  0x00007f929ce84610: ;   {runtime_call}
  0x00007f929ce84610: 498b d749 | bae0 0f0e | b492 7f00 | 0041 ffd2 

  0x00007f929ce84620: ;   {post_call_nop}
  0x00007f929ce84620: 0f1f 8400 | 0000 0000 | e907 f8ff 

  0x00007f929ce8462c: ;   {oop(a 'java/lang/Object'{0x000000070c2ef198})}
  0x00007f929ce8462c: ff48 be98 | f12e 0c07 | 0000 0048 | 8d54 2440 

  0x00007f929ce8463c: ;   {runtime_call C2 Runtime complete_monitor_locking_blob}
  0x00007f929ce8463c: 6666 90e8 

  0x00007f929ce84640: ; ImmutableOopMap {rbp=NarrowOop [0]=Oop [8]=Oop }
                      ;*monitorenter {reexecute=0 rethrow=0 return_oop=0}
                      ; - org.lwjgl.opengl.Display::isFullscreen@5 (line 524)
                      ; - org.lwjgl.opengl.Display::getY@0 (line 1297)
                      ; - com.badlogic.gdx.backends.lwjgl.LwjglApplication::mainLoop@372 (line 197)
  0x00007f929ce84640: 9cda 5dfe 

  0x00007f929ce84644: ;   {post_call_nop}
  0x00007f929ce84644: 0f1f 8400 | 3c12 0013 | e97d f8ff 

  0x00007f929ce84650: ;   {oop(a 'java/lang/Object'{0x000000070c2ef198})}
  0x00007f929ce84650: ff48 bf98 | f12e 0c07 | 0000 0048 | 8d74 2440 

  0x00007f929ce84660: ;   {runtime_call}
  0x00007f929ce84660: 498b d749 | bae0 0f0e | b492 7f00 | 0041 ffd2 

  0x00007f929ce84670: ;   {post_call_nop}
  0x00007f929ce84670: 0f1f 8400 | 0000 0000 | e921 f9ff | ff49 8bea 

  0x00007f929ce84680: ;   {oop(a 'java/lang/Object'{0x000000070c2ef198})}
  0x00007f929ce84680: 48be 98f1 | 2e0c 0700 | 0000 488d 

  0x00007f929ce8468c: ;   {runtime_call C2 Runtime complete_monitor_locking_blob}
  0x00007f929ce8468c: 5424 40e8 

  0x00007f929ce84690: ; ImmutableOopMap {rbp=Oop [8]=Oop }
                      ;*monitorenter {reexecute=0 rethrow=0 return_oop=0}
                      ; - org.lwjgl.opengl.Display::isFullscreen@5 (line 524)
                      ; - org.lwjgl.opengl.Display::getWidth@0 (line 1319)
                      ; - com.badlogic.gdx.backends.lwjgl.LwjglApplication::mainLoop@394 (line 199)
  0x00007f929ce84690: 4cda 5dfe 

  0x00007f929ce84694: ;   {post_call_nop}
  0x00007f929ce84694: 0f1f 8400 | 8c12 0014 | 4c8b d5e9 | b9f9 ffff 

  0x00007f929ce846a4: ;   {oop(a 'java/lang/Object'{0x000000070c2ef198})}
  0x00007f929ce846a4: 498b da48 | bf98 f12e | 0c07 0000 | 0048 8d74 | 2440 498b 

  0x00007f929ce846b8: ;   {runtime_call}
  0x00007f929ce846b8: d749 bae0 | 0f0e b492 | 7f00 0041 

  0x00007f929ce846c4: ;   {post_call_nop}
  0x00007f929ce846c4: ffd2 0f1f | 8400 0000 | 0000 4c8b | d3e9 57fa | ffff 498b 

  0x00007f929ce846d8: ;   {oop(a 'java/lang/Object'{0x000000070c2ef198})}
  0x00007f929ce846d8: ea48 be98 | f12e 0c07 | 0000 0048 | 8d54 2440 

  0x00007f929ce846e8: ;   {runtime_call C2 Runtime complete_monitor_locking_blob}
  0x00007f929ce846e8: 6666 90e8 

  0x00007f929ce846ec: ; ImmutableOopMap {rbp=Oop [8]=Oop }
                      ;*monitorenter {reexecute=0 rethrow=0 return_oop=0}
                      ; - org.lwjgl.opengl.Display::isFullscreen@5 (line 524)
                      ; - org.lwjgl.opengl.Display::getHeight@0 (line 1341)
                      ; - com.badlogic.gdx.backends.lwjgl.LwjglApplication::mainLoop@416 (line 200)
  0x00007f929ce846ec: f0d9 5dfe 

  0x00007f929ce846f0: ;   {post_call_nop}
  0x00007f929ce846f0: 0f1f 8400 | e812 0015 | 4c8b d5e9 | f4fa ffff 

  0x00007f929ce84700: ;   {oop(a 'java/lang/Object'{0x000000070c2ef198})}
  0x00007f929ce84700: 498b da48 | bf98 f12e | 0c07 0000 | 0048 8d74 | 2440 498b 

  0x00007f929ce84714: ;   {runtime_call}
  0x00007f929ce84714: d749 bae0 | 0f0e b492 | 7f00 0041 

  0x00007f929ce84720: ;   {post_call_nop}
  0x00007f929ce84720: ffd2 0f1f | 8400 0000 | 0000 4c8b | d3e9 92fb | ffff 498b | f348 8d54 

  0x00007f929ce84738: ;   {runtime_call C2 Runtime complete_monitor_locking_blob}
  0x00007f929ce84738: 2440 90e8 

  0x00007f929ce8473c: ; ImmutableOopMap {rbp=NarrowOop [0]=Oop [8]=Oop [32]=Oop }
                      ;*monitorenter {reexecute=0 rethrow=0 return_oop=0}
                      ; - com.badlogic.gdx.backends.lwjgl.LwjglApplication::executeRunnables@6 (line 252)
                      ; - com.badlogic.gdx.backends.lwjgl.LwjglApplication::mainLoop@558 (line 210)
  0x00007f929ce8473c: a0d9 5dfe 

  0x00007f929ce84740: ;   {post_call_nop}
  0x00007f929ce84740: 0f1f 8400 | 3813 0016 | e952 fcff | ffbe deff | ffff 4489 

  0x00007f929ce84754: ;   {runtime_call UncommonTrapBlob}
  0x00007f929ce84754: 5c24 1ce8 

  0x00007f929ce84758: ; ImmutableOopMap {rbp=NarrowOop [0]=Oop [8]=Oop [28]=NarrowOop }
                      ;*invokevirtual clear {reexecute=0 rethrow=0 return_oop=0}
                      ; - com.badlogic.gdx.backends.lwjgl.LwjglApplication::executeRunnables@46 (line 255)
                      ; - com.badlogic.gdx.backends.lwjgl.LwjglApplication::mainLoop@558 (line 210)
  0x00007f929ce84758: 0463 5dfe 

  0x00007f929ce8475c: ;   {post_call_nop}
  0x00007f929ce8475c: 0f1f 8400 | 5413 0017 | 4d8b d349 | 8bfa 488d | 7424 4049 

  0x00007f929ce84770: ;   {runtime_call}
  0x00007f929ce84770: 8bd7 49ba | e00f 0eb4 | 927f 0000 

  0x00007f929ce8477c: ;   {post_call_nop}
  0x00007f929ce8477c: 41ff d20f | 1f84 0000 | 0000 00e9 | 3cef ffff | 498b f348 | 8d54 2440 

  0x00007f929ce84794: ;   {runtime_call C2 Runtime complete_monitor_locking_blob}
  0x00007f929ce84794: 6666 90e8 

  0x00007f929ce84798: ; ImmutableOopMap {rbp=NarrowOop [0]=Oop [8]=Oop [32]=Oop }
                      ;*monitorenter {reexecute=0 rethrow=0 return_oop=0}
                      ; - com.badlogic.gdx.backends.lwjgl.LwjglGraphics::shouldRender@3 (line 584)
                      ; - com.badlogic.gdx.backends.lwjgl.LwjglApplication::mainLoop@590 (line 216)
  0x00007f929ce84798: 44d9 5dfe 

  0x00007f929ce8479c: ;   {post_call_nop}
  0x00007f929ce8479c: 0f1f 8400 | 9413 0018 | e94b f0ff | ff4d 8bd3 | 498b fa48 | 8d74 2440 

  0x00007f929ce847b4: ;   {runtime_call}
  0x00007f929ce847b4: 498b d749 | bae0 0f0e | b492 7f00 | 0041 ffd2 

  0x00007f929ce847c4: ;   {post_call_nop}
  0x00007f929ce847c4: 0f1f 8400 | 0000 0000 | e9f5 f0ff | ffbe deff | ffff 4c8b | 5424 084c | 8914 2444 | 8b44 2410 
  0x00007f929ce847e4: 4489 4424 | 0844 8b54 | 2414 4489 | 5424 0c44 | 8b44 2418 | 4489 4424 | 1044 895c 

  0x00007f929ce84800: ;   {runtime_call UncommonTrapBlob}
  0x00007f929ce84800: 2418 90e8 

  0x00007f929ce84804: ; ImmutableOopMap {rbp=Oop [0]=Oop [24]=NarrowOop }
                      ;*invokeinterface render {reexecute=0 rethrow=0 return_oop=0}
                      ; - com.badlogic.gdx.backends.lwjgl.LwjglApplication::mainLoop@698 (line 225)
  0x00007f929ce84804: 5862 5dfe 

  0x00007f929ce84808: ;   {post_call_nop}
  0x00007f929ce84808: 0f1f 8400 | 0014 0019 | be45 ffff | ff49 8bea | 4c8b 5424 | 084c 8914 | 2444 8b54 | 2410 4489 
  0x00007f929ce84828: 5424 0844 | 8b5c 2414 | 4489 5c24 | 0c44 8944 

  0x00007f929ce84838: ;   {runtime_call UncommonTrapBlob}
  0x00007f929ce84838: 2414 90e8 

  0x00007f929ce8483c: ; ImmutableOopMap {rbp=Oop [0]=Oop }
                      ;*ifne {reexecute=1 rethrow=0 return_oop=0}
                      ; - (reexecute) com.badlogic.gdx.backends.lwjgl.LwjglApplication::mainLoop@385 (line 198)
  0x00007f929ce8483c: 2062 5dfe 

  0x00007f929ce84840: ;   {post_call_nop}
  0x00007f929ce84840: 0f1f 8400 | 3814 001a | be45 ffff | ff49 8bea | 4c8b 5424 | 084c 8914 | 2444 8b54 | 2410 4489 
  0x00007f929ce84860: 5424 0844 | 8b5c 2414 | 4489 5c24 | 0c44 8944 

  0x00007f929ce84870: ;   {runtime_call UncommonTrapBlob}
  0x00007f929ce84870: 2414 90e8 

  0x00007f929ce84874: ; ImmutableOopMap {rbp=Oop [0]=Oop }
                      ;*ifne {reexecute=1 rethrow=0 return_oop=0}
                      ; - (reexecute) com.badlogic.gdx.backends.lwjgl.LwjglApplication::mainLoop@391 (line 198)
  0x00007f929ce84874: e861 5dfe 

  0x00007f929ce84878: ;   {post_call_nop}
  0x00007f929ce84878: 0f1f 8400 | 7014 001b | be45 ffff | ff49 8bea | 4c8b 5424 | 084c 8914 | 2444 8b54 | 2410 4489 
  0x00007f929ce84898: 5424 0844 | 8b5c 2414 | 4489 5c24 | 0c44 8b54 | 2418 4489 | 5424 1044 | 8944 2414 | 4489 4c24 
  0x00007f929ce848b8: ;   {runtime_call UncommonTrapBlob}
  0x00007f929ce848b8: 1866 90e8 

  0x00007f929ce848bc: ; ImmutableOopMap {rbp=Oop [0]=Oop }
                      ;*if_icmpne {reexecute=1 rethrow=0 return_oop=0}
                      ; - (reexecute) com.badlogic.gdx.backends.lwjgl.LwjglApplication::mainLoop@413 (line 199)
  0x00007f929ce848bc: a061 5dfe 

  0x00007f929ce848c0: ;   {post_call_nop}
  0x00007f929ce848c0: 0f1f 8400 | b814 001c | be45 ffff | ff4c 8b44 | 2408 4c89 | 0424 448b | 4c24 1044 | 894c 2408 
  0x00007f929ce848e0: 448b 4424 | 1444 8944 | 240c 448b | 4c24 1844 | 894c 2410 | 4c89 5424 | 1844 895c 

  0x00007f929ce848fc: ;   {runtime_call UncommonTrapBlob}
  0x00007f929ce848fc: 2414 90e8 

  0x00007f929ce84900: ; ImmutableOopMap {[0]=Oop [24]=Oop }
                      ;*ifne {reexecute=1 rethrow=0 return_oop=0}
                      ; - (reexecute) com.badlogic.gdx.backends.lwjgl.LwjglApplication::executeRunnables@66 (line 257)
                      ; - com.badlogic.gdx.backends.lwjgl.LwjglApplication::mainLoop@558 (line 210)
  0x00007f929ce84900: 5c61 5dfe 

  0x00007f929ce84904: ;   {post_call_nop}
  0x00007f929ce84904: 0f1f 8400 | fc14 001d | be45 ffff | ff4c 8b54 | 2408 4c89 | 1424 448b | 5424 1044 | 8954 2408 
  0x00007f929ce84924: 448b 5c24 | 1444 895c 

  0x00007f929ce8492c: ;   {runtime_call UncommonTrapBlob}
  0x00007f929ce8492c: 240c 90e8 

  0x00007f929ce84930: ; ImmutableOopMap {rbp=Oop [0]=Oop }
                      ;*ifle {reexecute=1 rethrow=0 return_oop=0}
                      ; - (reexecute) com.badlogic.gdx.backends.lwjgl.LwjglApplication::mainLoop@748 (line 233)
  0x00007f929ce84930: 2c61 5dfe 

  0x00007f929ce84934: ;   {post_call_nop}
  0x00007f929ce84934: 0f1f 8400 | 2c15 001e | be45 ffff | ff49 8be8 | 4c89 1424 | 4489 5c24 

  0x00007f929ce8494c: ;   {runtime_call UncommonTrapBlob}
  0x00007f929ce8494c: 0866 90e8 

  0x00007f929ce84950: ; ImmutableOopMap {rbp=Oop [0]=Oop }
                      ;*ifeq {reexecute=1 rethrow=0 return_oop=0}
                      ; - (reexecute) com.badlogic.gdx.backends.lwjgl.LwjglApplication::mainLoop@75 (line 157)
  0x00007f929ce84950: 0c61 5dfe 

  0x00007f929ce84954: ;   {post_call_nop}
  0x00007f929ce84954: 0f1f 8400 | 4c15 001f | be45 ffff | ff48 8b2c | 244c 8b5c | 2408 4c89 | 1c24 448b | 4424 1044 
  0x00007f929ce84974: 8944 2408 | 448b 5c24 | 1444 895c | 240c 4489 

  0x00007f929ce84984: ;   {runtime_call UncommonTrapBlob}
  0x00007f929ce84984: 5424 14e8 

  0x00007f929ce84988: ; ImmutableOopMap {rbp=Oop [0]=Oop }
                      ;*ifne {reexecute=1 rethrow=0 return_oop=0}
                      ; - (reexecute) org.lwjgl.opengl.Display::isCloseRequested@9 (line 548)
                      ; - com.badlogic.gdx.backends.lwjgl.LwjglApplication::mainLoop@81 (line 159)
  0x00007f929ce84988: d460 5dfe 

  0x00007f929ce8498c: ;   {post_call_nop}
  0x00007f929ce8498c: 0f1f 8400 | 8415 0020 | be45 ffff 

  0x00007f929ce84998: ;   {runtime_call UncommonTrapBlob}
  0x00007f929ce84998: ff66 90e8 

  0x00007f929ce8499c: ; ImmutableOopMap {[0]=Oop [8]=Oop }
                      ;*ifeq {reexecute=1 rethrow=0 return_oop=0}
                      ; - (reexecute) com.badlogic.gdx.backends.lwjgl.LwjglApplication::mainLoop@84 (line 159)
  0x00007f929ce8499c: c060 5dfe 

  0x00007f929ce849a0: ;   {post_call_nop}
  0x00007f929ce849a0: 0f1f 8400 | 9815 0021 | be45 ffff | ff48 8b2c | 244c 8b5c | 2408 4c89 | 1c24 448b | 5c24 1044 
  0x00007f929ce849c0: 895c 2408 | 448b 4424 | 1444 8944 | 240c 4489 

  0x00007f929ce849d0: ;   {runtime_call UncommonTrapBlob}
  0x00007f929ce849d0: 5424 14e8 

  0x00007f929ce849d4: ; ImmutableOopMap {rbp=Oop [0]=Oop }
                      ;*ifne {reexecute=1 rethrow=0 return_oop=0}
                      ; - (reexecute) org.lwjgl.opengl.Display::isActive@9 (line 566)
                      ; - com.badlogic.gdx.backends.lwjgl.LwjglApplication::mainLoop@91 (line 161)
  0x00007f929ce849d4: 8860 5dfe 

  0x00007f929ce849d8: ;   {post_call_nop}
  0x00007f929ce849d8: 0f1f 8400 | d015 0022 | be45 ffff | ff48 8b2c | 244c 8b5c | 2408 4c89 | 1c24 448b | 4424 1044 
  0x00007f929ce849f8: 8944 2408 | 448b 5c24 | 1444 895c | 240c 4489 

  0x00007f929ce84a08: ;   {runtime_call UncommonTrapBlob}
  0x00007f929ce84a08: 5424 14e8 

  0x00007f929ce84a0c: ; ImmutableOopMap {rbp=Oop [0]=Oop }
                      ;*ifne {reexecute=1 rethrow=0 return_oop=0}
                      ; - (reexecute) org.lwjgl.opengl.LinuxDisplay::isActive@4 (line 821)
                      ; - org.lwjgl.opengl.Display::isActive@25 (line 568)
                      ; - com.badlogic.gdx.backends.lwjgl.LwjglApplication::mainLoop@91 (line 161)
  0x00007f929ce84a0c: 5060 5dfe 

  0x00007f929ce84a10: ;   {post_call_nop}
  0x00007f929ce84a10: 0f1f 8400 | 0816 0023 | be45 ffff | ff49 8be8 | 4c8b 5c24 | 084c 891c | 2444 8b44 | 2410 4489 
  0x00007f929ce84a30: 4424 0844 | 8b5c 2414 | 4489 5c24 | 0c44 8954 

  0x00007f929ce84a40: ;   {runtime_call UncommonTrapBlob}
  0x00007f929ce84a40: 2414 90e8 

  0x00007f929ce84a44: ; ImmutableOopMap {rbp=Oop [0]=Oop [20]=NarrowOop }
                      ;*ifnull {reexecute=1 rethrow=0 return_oop=0}
                      ; - (reexecute) com.badlogic.gdx.backends.lwjgl.LwjglApplication::mainLoop@278 (line 185)
  0x00007f929ce84a44: 1860 5dfe 

  0x00007f929ce84a48: ;   {post_call_nop}
  0x00007f929ce84a48: 0f1f 8400 | 4016 0024 | be45 ffff | ff44 8954 

  0x00007f929ce84a58: ;   {runtime_call UncommonTrapBlob}
  0x00007f929ce84a58: 241c 90e8 

  0x00007f929ce84a5c: ; ImmutableOopMap {rbp=NarrowOop [0]=Oop [8]=Oop }
                      ;*ifeq {reexecute=1 rethrow=0 return_oop=0}
                      ; - (reexecute) org.lwjgl.opengl.Display::isFullscreen@9 (line 525)
                      ; - org.lwjgl.opengl.Display::getX@0 (line 1277)
                      ; - com.badlogic.gdx.backends.lwjgl.LwjglApplication::mainLoop@359 (line 196)
  0x00007f929ce84a5c: 0060 5dfe 

  0x00007f929ce84a60: ;   {post_call_nop}
  0x00007f929ce84a60: 0f1f 8400 | 5816 0025 | be45 ffff | ff44 8954 

  0x00007f929ce84a70: ;   {runtime_call UncommonTrapBlob}
  0x00007f929ce84a70: 241c 90e8 

  0x00007f929ce84a74: ; ImmutableOopMap {rbp=NarrowOop [0]=Oop [8]=Oop }
                      ;*ifeq {reexecute=1 rethrow=0 return_oop=0}
                      ; - (reexecute) org.lwjgl.opengl.Display::isFullscreen@18 (line 525)
                      ; - org.lwjgl.opengl.Display::getX@0 (line 1277)
                      ; - com.badlogic.gdx.backends.lwjgl.LwjglApplication::mainLoop@359 (line 196)
  0x00007f929ce84a74: e85f 5dfe 

  0x00007f929ce84a78: ;   {post_call_nop}
  0x00007f929ce84a78: 0f1f 8400 | 7016 0026 | be45 ffff | ff44 895c 

  0x00007f929ce84a88: ;   {runtime_call UncommonTrapBlob}
  0x00007f929ce84a88: 241c 90e8 

  0x00007f929ce84a8c: ; ImmutableOopMap {rbp=NarrowOop [0]=Oop [8]=Oop }
                      ;*ifeq {reexecute=1 rethrow=0 return_oop=0}
                      ; - (reexecute) org.lwjgl.opengl.Display::isFullscreen@9 (line 525)
                      ; - org.lwjgl.opengl.Display::getY@0 (line 1297)
                      ; - com.badlogic.gdx.backends.lwjgl.LwjglApplication::mainLoop@372 (line 197)
  0x00007f929ce84a8c: d05f 5dfe 

  0x00007f929ce84a90: ;   {post_call_nop}
  0x00007f929ce84a90: 0f1f 8400 | 8816 0027 | be45 ffff | ff44 895c 

  0x00007f929ce84aa0: ;   {runtime_call UncommonTrapBlob}
  0x00007f929ce84aa0: 241c 90e8 

  0x00007f929ce84aa4: ; ImmutableOopMap {rbp=NarrowOop [0]=Oop [8]=Oop }
                      ;*ifeq {reexecute=1 rethrow=0 return_oop=0}
                      ; - (reexecute) org.lwjgl.opengl.Display::isFullscreen@18 (line 525)
                      ; - org.lwjgl.opengl.Display::getY@0 (line 1297)
                      ; - com.badlogic.gdx.backends.lwjgl.LwjglApplication::mainLoop@372 (line 197)
  0x00007f929ce84aa4: b85f 5dfe 

  0x00007f929ce84aa8: ;   {post_call_nop}
  0x00007f929ce84aa8: 0f1f 8400 | a016 0028 | be45 ffff | ff49 8bea | 4c8b 5424 | 084c 8914 | 2444 8b54 | 2410 4489 
  0x00007f929ce84ac8: 5424 0844 | 8b5c 2414 | 4489 5c24 | 0c44 8944 

  0x00007f929ce84ad8: ;   {runtime_call UncommonTrapBlob}
  0x00007f929ce84ad8: 2414 90e8 

  0x00007f929ce84adc: ; ImmutableOopMap {rbp=Oop [0]=Oop }
                      ;*ifeq {reexecute=1 rethrow=0 return_oop=0}
                      ; - (reexecute) org.lwjgl.opengl.Display::isFullscreen@9 (line 525)
                      ; - org.lwjgl.opengl.Display::getWidth@0 (line 1319)
                      ; - com.badlogic.gdx.backends.lwjgl.LwjglApplication::mainLoop@394 (line 199)
  0x00007f929ce84adc: 805f 5dfe 

  0x00007f929ce84ae0: ;   {post_call_nop}
  0x00007f929ce84ae0: 0f1f 8400 | d816 0029 | be45 ffff | ff49 8bea | 4c8b 5424 | 084c 8914 | 2444 8b44 | 2410 4489 
  0x00007f929ce84b00: 4424 0844 | 8b54 2414 | 4489 5424 | 0c44 895c 

  0x00007f929ce84b10: ;   {runtime_call UncommonTrapBlob}
  0x00007f929ce84b10: 2414 90e8 

  0x00007f929ce84b14: ; ImmutableOopMap {rbp=Oop [0]=Oop }
                      ;*ifeq {reexecute=1 rethrow=0 return_oop=0}
                      ; - (reexecute) org.lwjgl.opengl.Display::isFullscreen@18 (line 525)
                      ; - org.lwjgl.opengl.Display::getWidth@0 (line 1319)
                      ; - com.badlogic.gdx.backends.lwjgl.LwjglApplication::mainLoop@394 (line 199)
  0x00007f929ce84b14: 485f 5dfe 

  0x00007f929ce84b18: ;   {post_call_nop}
  0x00007f929ce84b18: 0f1f 8400 | 1017 002a | be45 ffff | ff49 8bea | 4c8b 5424 | 084c 8914 | 2444 8b54 | 2410 4489 
  0x00007f929ce84b38: 5424 0844 | 8b5c 2414 | 4489 5c24 | 0c44 8944 

  0x00007f929ce84b48: ;   {runtime_call UncommonTrapBlob}
  0x00007f929ce84b48: 2414 90e8 

  0x00007f929ce84b4c: ; ImmutableOopMap {rbp=Oop [0]=Oop }
                      ;*ifeq {reexecute=1 rethrow=0 return_oop=0}
                      ; - (reexecute) org.lwjgl.opengl.Display::isFullscreen@9 (line 525)
                      ; - org.lwjgl.opengl.Display::getHeight@0 (line 1341)
                      ; - com.badlogic.gdx.backends.lwjgl.LwjglApplication::mainLoop@416 (line 200)
  0x00007f929ce84b4c: 105f 5dfe 

  0x00007f929ce84b50: ;   {post_call_nop}
  0x00007f929ce84b50: 0f1f 8400 | 4817 002b | be45 ffff | ff49 8bea | 4c8b 5424 | 084c 8914 | 2444 8b44 | 2410 4489 
  0x00007f929ce84b70: 4424 0844 | 8b54 2414 | 4489 5424 | 0c44 895c 

  0x00007f929ce84b80: ;   {runtime_call UncommonTrapBlob}
  0x00007f929ce84b80: 2414 90e8 

  0x00007f929ce84b84: ; ImmutableOopMap {rbp=Oop [0]=Oop }
                      ;*ifeq {reexecute=1 rethrow=0 return_oop=0}
                      ; - (reexecute) org.lwjgl.opengl.Display::isFullscreen@18 (line 525)
                      ; - org.lwjgl.opengl.Display::getHeight@0 (line 1341)
                      ; - com.badlogic.gdx.backends.lwjgl.LwjglApplication::mainLoop@416 (line 200)
  0x00007f929ce84b84: d85e 5dfe 

  0x00007f929ce84b88: ;   {post_call_nop}
  0x00007f929ce84b88: 0f1f 8400 | 8017 002c | be45 ffff | ff49 8bea | 4c8b 5424 | 084c 8914 | 2444 8b54 | 2410 4489 
  0x00007f929ce84ba8: 5424 0844 | 8b5c 2414 | 4489 5c24 | 0c44 8b54 | 2418 4489 | 5424 1044 | 8944 2414 | 4489 4c24 
  0x00007f929ce84bc8: ;   {runtime_call UncommonTrapBlob}
  0x00007f929ce84bc8: 1866 90e8 

  0x00007f929ce84bcc: ; ImmutableOopMap {rbp=Oop [0]=Oop }
                      ;*if_icmpeq {reexecute=1 rethrow=0 return_oop=0}
                      ; - (reexecute) com.badlogic.gdx.backends.lwjgl.LwjglApplication::mainLoop@435 (line 200)
  0x00007f929ce84bcc: 905e 5dfe 

  0x00007f929ce84bd0: ;   {post_call_nop}
  0x00007f929ce84bd0: 0f1f 8400 | c817 002d | be45 ffff | ff44 8944 

  0x00007f929ce84be0: ;   {runtime_call UncommonTrapBlob}
  0x00007f929ce84be0: 2428 90e8 

  0x00007f929ce84be4: ; ImmutableOopMap {rbp=NarrowOop [0]=Oop [8]=Oop }
                      ;*iflt {reexecute=1 rethrow=0 return_oop=0}
                      ; - (reexecute) com.badlogic.gdx.backends.lwjgl.LwjglApplication::executeRunnables@18 (line 253)
                      ; - com.badlogic.gdx.backends.lwjgl.LwjglApplication::mainLoop@558 (line 210)
  0x00007f929ce84be4: 785e 5dfe 

  0x00007f929ce84be8: ;   {post_call_nop}
  0x00007f929ce84be8: 0f1f 8400 | e017 002e | be45 ffff | ff49 8bea | 4c8b 5424 | 084c 8914 | 2444 8944 

  0x00007f929ce84c04: ;   {runtime_call UncommonTrapBlob}
  0x00007f929ce84c04: 2408 90e8 

  0x00007f929ce84c08: ; ImmutableOopMap {rbp=Oop [0]=Oop }
                      ;*ifne {reexecute=1 rethrow=0 return_oop=0}
                      ; - (reexecute) com.badlogic.gdx.backends.lwjgl.LwjglApplication::mainLoop@571 (line 213)
  0x00007f929ce84c08: 545e 5dfe 

  0x00007f929ce84c0c: ;   {post_call_nop}
  0x00007f929ce84c0c: 0f1f 8400 | 0418 002f | be45 ffff | ff4c 8b54 | 2408 4c89 | 1424 448b | 4424 1044 | 8944 2408 
  0x00007f929ce84c2c: 448b 5424 | 1444 8954 | 240c 4489 

  0x00007f929ce84c38: ;   {runtime_call UncommonTrapBlob}
  0x00007f929ce84c38: 5c24 14e8 

  0x00007f929ce84c3c: ; ImmutableOopMap {rbp=Oop [0]=Oop }
                      ;*ifeq {reexecute=1 rethrow=0 return_oop=0}
                      ; - (reexecute) com.badlogic.gdx.backends.lwjgl.audio.OpenALAudio::update@4 (line 225)
                      ; - com.badlogic.gdx.backends.lwjgl.LwjglApplication::mainLoop@614 (line 218)
  0x00007f929ce84c3c: 205e 5dfe 

  0x00007f929ce84c40: ;   {post_call_nop}
  0x00007f929ce84c40: 0f1f 8400 | 3818 0030 | be45 ffff | ff4c 8b5c | 2408 4c89 | 1c24 448b | 4c24 1044 | 894c 2408 
  0x00007f929ce84c60: 448b 5c24 | 1444 895c | 240c 448b | 4c24 1844 | 894c 2410 | 4489 4424 | 1444 8954 

  0x00007f929ce84c7c: ;   {runtime_call UncommonTrapBlob}
  0x00007f929ce84c7c: 2418 90e8 

  0x00007f929ce84c80: ; ImmutableOopMap {rbp=Oop [0]=Oop [20]=NarrowOop }
                      ;*if_icmpge {reexecute=1 rethrow=0 return_oop=0}
                      ; - (reexecute) com.badlogic.gdx.backends.lwjgl.audio.OpenALAudio::update@18 (line 226)
                      ; - com.badlogic.gdx.backends.lwjgl.LwjglApplication::mainLoop@614 (line 218)
  0x00007f929ce84c80: dc5d 5dfe 

  0x00007f929ce84c84: ;   {post_call_nop}
  0x00007f929ce84c84: 0f1f 8400 | 7c18 0031 | 4533 c0e9 | 09e9 ffff | 4533 d2e9 | 1ee9 ffff | 418b ddbe | 6eff ffff 
  0x00007f929ce84ca4: 498b e84c | 8914 2444 | 8b54 2410 | 4489 5424 | 0889 5c24 

  0x00007f929ce84cb8: ;   {runtime_call UncommonTrapBlob}
  0x00007f929ce84cb8: 1066 90e8 

  0x00007f929ce84cbc: ; ImmutableOopMap {rbp=Oop [0]=Oop }
                      ;*aload_0 {reexecute=0 rethrow=0 return_oop=0}
                      ; - com.badlogic.gdx.backends.lwjgl.LwjglApplication::mainLoop@71 (line 157)
  0x00007f929ce84cbc: a05d 5dfe 

  0x00007f929ce84cc0: ;   {post_call_nop}
  0x00007f929ce84cc0: 0f1f 8400 | b818 0032 | 4c8b d5be | 85ff ffff | 498b ea44 | 8b5c 2410 | 4489 1c24 | 448b 5424 
  0x00007f929ce84ce0: 1444 8954 | 2404 4489 | 6c24 0848 | 895c 2410 

  0x00007f929ce84cf0: ;   {runtime_call UncommonTrapBlob}
  0x00007f929ce84cf0: 6666 90e8 

  0x00007f929ce84cf4: ; ImmutableOopMap {rbp=Oop [16]=Oop }
                      ;*aload_0 {reexecute=0 rethrow=0 return_oop=0}
                      ; - com.badlogic.gdx.backends.lwjgl.LwjglApplication::mainLoop@71 (line 157)
  0x00007f929ce84cf4: 685d 5dfe 

  0x00007f929ce84cf8: ;   {post_call_nop}
  0x00007f929ce84cf8: 0f1f 8400 | f018 0033 | 488b f0eb | 1948 8bf0 | eb14 488b | f0eb 0f48 | 8bf0 eb0a | 488b f0eb 
  0x00007f929ce84d18: 05eb 0048 | 8bf0 4883 

  0x00007f929ce84d20: ;   {runtime_call C2 Runtime rethrow_blob}
  0x00007f929ce84d20: c460 5de9 | 3817 5efe | bef6 ffff | ff49 8be8 | 4c8b 5424 | 084c 8914 | 2444 8b54 | 2410 4489 
  0x00007f929ce84d40: ;   {runtime_call UncommonTrapBlob}
  0x00007f929ce84d40: 5424 08e8 

  0x00007f929ce84d44: ; ImmutableOopMap {rbp=Oop [0]=Oop }
                      ;*getfield canvas {reexecute=1 rethrow=0 return_oop=0}
                      ; - (reexecute) com.badlogic.gdx.backends.lwjgl.LwjglApplication::mainLoop@275 (line 185)
  0x00007f929ce84d44: 185d 5dfe 

  0x00007f929ce84d48: ;   {post_call_nop}
  0x00007f929ce84d48: 0f1f 8400 | 4019 0034 | bef6 ffff 

  0x00007f929ce84d54: ;   {runtime_call UncommonTrapBlob}
  0x00007f929ce84d54: ff66 90e8 

  0x00007f929ce84d58: ; ImmutableOopMap {rbp=NarrowOop [0]=Oop [8]=Oop }
                      ;*invokevirtual isFullscreenCapable {reexecute=0 rethrow=0 return_oop=0}
                      ; - org.lwjgl.opengl.Display::isFullscreen@15 (line 525)
                      ; - org.lwjgl.opengl.Display::getX@0 (line 1277)
                      ; - com.badlogic.gdx.backends.lwjgl.LwjglApplication::mainLoop@359 (line 196)
  0x00007f929ce84d58: 045d 5dfe 

  0x00007f929ce84d5c: ;   {post_call_nop}
  0x00007f929ce84d5c: 0f1f 8400 | 5419 0035 | bef6 ffff | ff49 8beb | 4c8b 5424 | 084c 8914 | 2444 8b54 | 2410 4489 
  0x00007f929ce84d7c: ;   {runtime_call UncommonTrapBlob}
  0x00007f929ce84d7c: 5424 08e8 

  0x00007f929ce84d80: ; ImmutableOopMap {rbp=Oop [0]=Oop }
                      ;*getfield config {reexecute=1 rethrow=0 return_oop=0}
                      ; - (reexecute) com.badlogic.gdx.backends.lwjgl.LwjglApplication::mainLoop@369 (line 197)
  0x00007f929ce84d80: dc5c 5dfe 

  0x00007f929ce84d84: ;   {post_call_nop}
  0x00007f929ce84d84: 0f1f 8400 | 7c19 0036 | bef6 ffff 

  0x00007f929ce84d90: ;   {runtime_call UncommonTrapBlob}
  0x00007f929ce84d90: ff66 90e8 

  0x00007f929ce84d94: ; ImmutableOopMap {rbp=NarrowOop [0]=Oop [8]=Oop }
                      ;*invokevirtual isFullscreenCapable {reexecute=0 rethrow=0 return_oop=0}
                      ; - org.lwjgl.opengl.Display::isFullscreen@15 (line 525)
                      ; - org.lwjgl.opengl.Display::getY@0 (line 1297)
                      ; - com.badlogic.gdx.backends.lwjgl.LwjglApplication::mainLoop@372 (line 197)
  0x00007f929ce84d94: c85c 5dfe 

  0x00007f929ce84d98: ;   {post_call_nop}
  0x00007f929ce84d98: 0f1f 8400 | 9019 0037 | bef6 ffff | ff49 8bea | 4c8b 5424 | 084c 8914 | 2444 8b5c | 2410 4489 
  0x00007f929ce84db8: ;   {runtime_call UncommonTrapBlob}
  0x00007f929ce84db8: 5c24 08e8 

  0x00007f929ce84dbc: ; ImmutableOopMap {rbp=Oop [0]=Oop }
                      ;*getfield resize {reexecute=1 rethrow=0 return_oop=0}
                      ; - (reexecute) com.badlogic.gdx.backends.lwjgl.LwjglApplication::mainLoop@382 (line 198)
  0x00007f929ce84dbc: a05c 5dfe 

  0x00007f929ce84dc0: ;   {post_call_nop}
  0x00007f929ce84dc0: 0f1f 8400 | b819 0038 | bef6 ffff | ff49 8bea | 4c8b 5424 | 084c 8914 | 2444 8b54 | 2410 4489 
  0x00007f929ce84de0: ;   {runtime_call UncommonTrapBlob}
  0x00007f929ce84de0: 5424 08e8 

  0x00007f929ce84de4: ; ImmutableOopMap {rbp=Oop [0]=Oop }
                      ;*invokevirtual isFullscreenCapable {reexecute=0 rethrow=0 return_oop=0}
                      ; - org.lwjgl.opengl.Display::isFullscreen@15 (line 525)
                      ; - org.lwjgl.opengl.Display::getWidth@0 (line 1319)
                      ; - com.badlogic.gdx.backends.lwjgl.LwjglApplication::mainLoop@394 (line 199)
  0x00007f929ce84de4: 785c 5dfe 

  0x00007f929ce84de8: ;   {post_call_nop}
  0x00007f929ce84de8: 0f1f 8400 | e019 0039 | bef6 ffff | ff49 8bea | 4c8b 5424 | 084c 8914 | 2444 8b5c | 2410 4489 
  0x00007f929ce84e08: ;   {runtime_call UncommonTrapBlob}
  0x00007f929ce84e08: 5c24 08e8 

  0x00007f929ce84e0c: ; ImmutableOopMap {rbp=Oop [0]=Oop }
                      ;*invokevirtual getWidth {reexecute=0 rethrow=0 return_oop=0}
                      ; - org.lwjgl.opengl.Display::getWidth@9 (line 1320)
                      ; - com.badlogic.gdx.backends.lwjgl.LwjglApplication::mainLoop@394 (line 199)
  0x00007f929ce84e0c: 505c 5dfe 

  0x00007f929ce84e10: ;   {post_call_nop}
  0x00007f929ce84e10: 0f1f 8400 | 081a 003a | bef6 ffff | ff49 8bea | 4c8b 5424 | 084c 8914 | 2444 8b54 | 2410 4489 
  0x00007f929ce84e30: 5424 0844 | 8b5c 2414 | 4489 5c24 | 0c44 8944 

  0x00007f929ce84e40: ;   {runtime_call UncommonTrapBlob}
  0x00007f929ce84e40: 2414 90e8 

  0x00007f929ce84e44: ; ImmutableOopMap {rbp=Oop [0]=Oop }
                      ;*getfield config {reexecute=1 rethrow=0 return_oop=0}
                      ; - (reexecute) com.badlogic.gdx.backends.lwjgl.LwjglApplication::mainLoop@407 (line 199)
  0x00007f929ce84e44: 185c 5dfe 

  0x00007f929ce84e48: ;   {post_call_nop}
  0x00007f929ce84e48: 0f1f 8400 | 401a 003b | bef6 ffff | ff49 8bea | 4c8b 5424 | 084c 8914 | 2444 8b5c | 2410 4489 
  0x00007f929ce84e68: 5c24 0844 | 8b54 2414 | 4489 5424 | 0c44 8944 

  0x00007f929ce84e78: ;   {runtime_call UncommonTrapBlob}
  0x00007f929ce84e78: 2414 90e8 

  0x00007f929ce84e7c: ; ImmutableOopMap {rbp=Oop [0]=Oop }
                      ;*getfield width {reexecute=1 rethrow=0 return_oop=0}
                      ; - (reexecute) com.badlogic.gdx.backends.lwjgl.LwjglApplication::mainLoop@410 (line 199)
  0x00007f929ce84e7c: e05b 5dfe 

  0x00007f929ce84e80: ;   {post_call_nop}
  0x00007f929ce84e80: 0f1f 8400 | 781a 003c | bef6 ffff | ff49 8bea | 4c8b 5424 | 084c 8914 | 2444 8b54 | 2410 4489 
  0x00007f929ce84ea0: ;   {runtime_call UncommonTrapBlob}
  0x00007f929ce84ea0: 5424 08e8 

  0x00007f929ce84ea4: ; ImmutableOopMap {rbp=Oop [0]=Oop }
                      ;*invokevirtual isFullscreenCapable {reexecute=0 rethrow=0 return_oop=0}
                      ; - org.lwjgl.opengl.Display::isFullscreen@15 (line 525)
                      ; - org.lwjgl.opengl.Display::getHeight@0 (line 1341)
                      ; - com.badlogic.gdx.backends.lwjgl.LwjglApplication::mainLoop@416 (line 200)
  0x00007f929ce84ea4: b85b 5dfe 

  0x00007f929ce84ea8: ;   {post_call_nop}
  0x00007f929ce84ea8: 0f1f 8400 | a01a 003d | bef6 ffff | ff49 8bea | 4c8b 5424 | 084c 8914 | 2444 8b5c | 2410 4489 
  0x00007f929ce84ec8: ;   {runtime_call UncommonTrapBlob}
  0x00007f929ce84ec8: 5c24 08e8 

  0x00007f929ce84ecc: ; ImmutableOopMap {rbp=Oop [0]=Oop }
                      ;*invokevirtual getHeight {reexecute=0 rethrow=0 return_oop=0}
                      ; - org.lwjgl.opengl.Display::getHeight@9 (line 1342)
                      ; - com.badlogic.gdx.backends.lwjgl.LwjglApplication::mainLoop@416 (line 200)
  0x00007f929ce84ecc: 905b 5dfe 

  0x00007f929ce84ed0: ;   {post_call_nop}
  0x00007f929ce84ed0: 0f1f 8400 | c81a 003e | bef6 ffff | ff49 8bea | 4c8b 5424 | 084c 8914 | 2444 8b54 | 2410 4489 
  0x00007f929ce84ef0: 5424 0844 | 8b5c 2414 | 4489 5c24 | 0c44 8944 

  0x00007f929ce84f00: ;   {runtime_call UncommonTrapBlob}
  0x00007f929ce84f00: 2414 90e8 

  0x00007f929ce84f04: ; ImmutableOopMap {rbp=Oop [0]=Oop }
                      ;*getfield config {reexecute=1 rethrow=0 return_oop=0}
                      ; - (reexecute) com.badlogic.gdx.backends.lwjgl.LwjglApplication::mainLoop@429 (line 200)
  0x00007f929ce84f04: 585b 5dfe 

  0x00007f929ce84f08: ;   {post_call_nop}
  0x00007f929ce84f08: 0f1f 8400 | 001b 003f | bef6 ffff | ff49 8bea | 4c8b 5424 | 084c 8914 | 2444 8b5c | 2410 4489 
  0x00007f929ce84f28: 5c24 0844 | 8b54 2414 | 4489 5424 | 0c44 8944 

  0x00007f929ce84f38: ;   {runtime_call UncommonTrapBlob}
  0x00007f929ce84f38: 2414 90e8 

  0x00007f929ce84f3c: ; ImmutableOopMap {rbp=Oop [0]=Oop }
                      ;*getfield height {reexecute=1 rethrow=0 return_oop=0}
                      ; - (reexecute) com.badlogic.gdx.backends.lwjgl.LwjglApplication::mainLoop@432 (line 200)
  0x00007f929ce84f3c: 205b 5dfe 

  0x00007f929ce84f40: ;   {post_call_nop}
  0x00007f929ce84f40: 0f1f 8400 | 381b 0040 | bef6 ffff 

  0x00007f929ce84f4c: ;   {runtime_call UncommonTrapBlob}
  0x00007f929ce84f4c: ff66 90e8 

  0x00007f929ce84f50: ; ImmutableOopMap {rbp=NarrowOop [0]=Oop [8]=Oop }
                      ;*getfield size {reexecute=1 rethrow=0 return_oop=0}
                      ; - (reexecute) com.badlogic.gdx.backends.lwjgl.LwjglApplication::executeRunnables@11 (line 253)
                      ; - com.badlogic.gdx.backends.lwjgl.LwjglApplication::mainLoop@558 (line 210)
  0x00007f929ce84f50: 0c5b 5dfe 

  0x00007f929ce84f54: ;   {post_call_nop}
  0x00007f929ce84f54: 0f1f 8400 | 4c1b 0041 | bef6 ffff | ff4c 8b5c | 2408 4c89 | 1c24 448b | 5c24 1044 | 895c 2408 
  0x00007f929ce84f74: 448b 5c24 | 1844 895c | 2410 4c89 

  0x00007f929ce84f80: ;   {runtime_call UncommonTrapBlob}
  0x00007f929ce84f80: 5424 18e8 

  0x00007f929ce84f84: ; ImmutableOopMap {[0]=Oop [24]=Oop }
                      ;*getfield size {reexecute=1 rethrow=0 return_oop=0}
                      ; - (reexecute) com.badlogic.gdx.backends.lwjgl.LwjglApplication::executeRunnables@63 (line 257)
                      ; - com.badlogic.gdx.backends.lwjgl.LwjglApplication::mainLoop@558 (line 210)
  0x00007f929ce84f84: d85a 5dfe 

  0x00007f929ce84f88: ;   {post_call_nop}
  0x00007f929ce84f88: 0f1f 8400 | 801b 0042 | bef6 ffff | ff4c 8b54 | 2408 4c89 | 1424 448b | 5424 1044 | 8954 2408 
  0x00007f929ce84fa8: ;   {runtime_call UncommonTrapBlob}
  0x00007f929ce84fa8: 6666 90e8 

  0x00007f929ce84fac: ; ImmutableOopMap {rbp=Oop [0]=Oop }
                      ;*getfield size {reexecute=1 rethrow=0 return_oop=0}
                      ; - (reexecute) com.badlogic.gdx.backends.lwjgl.audio.OpenALAudio::update@15 (line 226)
                      ; - com.badlogic.gdx.backends.lwjgl.LwjglApplication::mainLoop@614 (line 218)
  0x00007f929ce84fac: b05a 5dfe 

  0x00007f929ce84fb0: ;   {post_call_nop}
  0x00007f929ce84fb0: 0f1f 8400 | a81b 0043 | bef6 ffff | ff4c 8b54 | 2408 4c89 | 1424 448b | 5c24 1044 | 895c 2408 
  0x00007f929ce84fd0: ;   {runtime_call UncommonTrapBlob}
  0x00007f929ce84fd0: 6666 90e8 

  0x00007f929ce84fd4: ; ImmutableOopMap {rbp=Oop [0]=Oop }
                      ;*getfield config {reexecute=1 rethrow=0 return_oop=0}
                      ; - (reexecute) com.badlogic.gdx.backends.lwjgl.LwjglApplication::mainLoop@648 (line 221)
  0x00007f929ce84fd4: 885a 5dfe 

  0x00007f929ce84fd8: ;   {post_call_nop}
  0x00007f929ce84fd8: 0f1f 8400 | d01b 0044 | bef6 ffff | ff4c 8b54 | 2408 4c89 | 1424 448b | 5424 1044 | 8954 2408 
  0x00007f929ce84ff8: ;   {runtime_call UncommonTrapBlob}
  0x00007f929ce84ff8: 6666 90e8 

  0x00007f929ce84ffc: ; ImmutableOopMap {rbp=Oop [0]=Oop }
                      ;*getfield foregroundFPS {reexecute=1 rethrow=0 return_oop=0}
                      ; - (reexecute) com.badlogic.gdx.backends.lwjgl.LwjglApplication::mainLoop@651 (line 221)
  0x00007f929ce84ffc: 605a 5dfe 

  0x00007f929ce85000: ;   {post_call_nop}
  0x00007f929ce85000: 0f1f 8400 | f81b 0045 | bef6 ffff | ff4c 8b54 | 2408 4c89 | 1424 448b | 5424 1044 | 8954 2408 
  0x00007f929ce85020: 448b 5c24 | 1444 895c 

  0x00007f929ce85028: ;   {runtime_call UncommonTrapBlob}
  0x00007f929ce85028: 240c 90e8 

  0x00007f929ce8502c: ; ImmutableOopMap {rbp=Oop [0]=Oop }
                      ;*invokeinterface render {reexecute=0 rethrow=0 return_oop=0}
                      ; - com.badlogic.gdx.backends.lwjgl.LwjglApplication::mainLoop@698 (line 225)
  0x00007f929ce8502c: 305a 5dfe 

  0x00007f929ce85030: ;   {post_call_nop}
  0x00007f929ce85030: 0f1f 8400 | 281c 0046 | be45 ffff | ff4c 8b54 | 2408 4c89 | 1424 448b | 5424 1044 | 8954 2408 
  0x00007f929ce85050: 448b 5c24 | 1444 895c | 240c 4489 

  0x00007f929ce8505c: ;   {runtime_call UncommonTrapBlob}
  0x00007f929ce8505c: 4424 14e8 

  0x00007f929ce85060: ; ImmutableOopMap {rbp=Oop [0]=Oop [20]=NarrowOop }
                      ;*ifnull {reexecute=1 rethrow=0 return_oop=0}
                      ; - (reexecute) com.badlogic.gdx.backends.lwjgl.LwjglApplication::mainLoop@607 (line 218)
  0x00007f929ce85060: fc59 5dfe 

  0x00007f929ce85064: ;   {post_call_nop}
  0x00007f929ce85064: 0f1f 8400 | 5c1c 0047 | 8b39 48c1 | e703 4885 | ff0f 8498 | e5ff ff49 | 8b57 3848 | 85d2 7414 
  0x00007f929ce85084: 4883 ea08 | 4989 5738 | 4903 5740 | 4889 3ae9 | 7be5 ffff | 4883 ec30 | 4c89 5424 | 284c 895c 
  0x00007f929ce850a4: 2420 4c89 | 4424 184c | 894c 2410 | 4889 4c24 | 0848 8934 | 2449 8bf7 

  0x00007f929ce850bc: ;   {runtime_call}
  0x00007f929ce850bc: e8bf 95bb | 1648 8b34 | 2448 8b4c | 2408 4c8b | 4c24 104c | 8b44 2418 | 4c8b 5c24 | 204c 8b54 
  0x00007f929ce850dc: 2428 c5f8 | 7748 83c4 | 30e9 29e5 | ffff 4883 | ec08 c5fb 

  0x00007f929ce850f0: ;   {runtime_call Stub::Stub Generator f2i_fixup_stub}
  0x00007f929ce850f0: 110c 24e8 | 4225 4bfe | 4158 e9f9 | f1ff ff41 | 8387 c007 | 0000 08e9 | b2f1 ffff | 4883 ec08 
  0x00007f929ce85110: c5fb 1104 

  0x00007f929ce85114: ;   {runtime_call Stub::Stub Generator f2i_fixup_stub}
  0x00007f929ce85114: 24e8 2025 | 4bfe 4158 | e940 f0ff | ff41 8387 | c007 0000 | 08e9 f9ef | ffff 4183 | 87c0 0700 
  0x00007f929ce85134: 0008 e95d | eeff ff41 | 8387 c007 | 0000 08e9 | e6ec ffff | 4183 87c0 | 0700 0008 | e964 ebff 
  0x00007f929ce85154: ff41 8387 | c007 0000 | 08e9 fde9 | ffff 4183 | 87c0 0700 | 0008 e951 | e7ff ff41 | 8387 c007 
  0x00007f929ce85174: 0000 08e9 | 46e5 ffff 

  0x00007f929ce8517c: ;   {runtime_call Stub::Stub Generator method_entry_barrier_stub}
  0x00007f929ce8517c: e87f 6c4e | fee9 c4e3 | ffff f4f4 
[Stub Code]
  0x00007f929ce85188: ;   {static_stub}
  0x00007f929ce85188: 48bb 0000 | 0000 0000 

  0x00007f929ce85190: ;   {runtime_call nmethod}
  0x00007f929ce85190: 0000 e9fb 

  0x00007f929ce85194: ;   {static_stub}
  0x00007f929ce85194: ffff ff48 | bb00 0000 | 0000 0000 

  0x00007f929ce851a0: ;   {runtime_call nmethod}
  0x00007f929ce851a0: 00e9 fbff 

  0x00007f929ce851a4: ;   {static_stub}
  0x00007f929ce851a4: ffff 48bb | 0000 0000 | 0000 0000 

  0x00007f929ce851b0: ;   {runtime_call nmethod}
  0x00007f929ce851b0: e9fb ffff 

  0x00007f929ce851b4: ;   {static_stub}
  0x00007f929ce851b4: ff48 bb00 | 0000 0000 

  0x00007f929ce851bc: ;   {runtime_call nmethod}
  0x00007f929ce851bc: 0000 00e9 | fbff ffff 

  0x00007f929ce851c4: ;   {static_stub}
  0x00007f929ce851c4: 48bb 0000 | 0000 0000 

  0x00007f929ce851cc: ;   {runtime_call nmethod}
  0x00007f929ce851cc: 0000 e9fb 

  0x00007f929ce851d0: ;   {static_stub}
  0x00007f929ce851d0: ffff ff48 | bb00 0000 | 0000 0000 

  0x00007f929ce851dc: ;   {runtime_call nmethod}
  0x00007f929ce851dc: 00e9 fbff 

  0x00007f929ce851e0: ;   {static_stub}
  0x00007f929ce851e0: ffff 48bb | 0000 0000 | 0000 0000 

  0x00007f929ce851ec: ;   {runtime_call nmethod}
  0x00007f929ce851ec: e9fb ffff 

  0x00007f929ce851f0: ;   {runtime_call DeoptimizationBlob}
  0x00007f929ce851f0: ffe8 6a1c | 50fe ebf9 
[/MachCode]


---------------  P R O C E S S  ---------------

Threads class SMR info:
_java_thread_list=0x00007f92804e70e0, length=16, elements={
0x00007f92ac0f6ec0, 0x00007f92ac0f8030, 0x00007f92ac0f99e0, 0x00007f92ac0fb240,
0x00007f92ac0fca90, 0x00007f92ac0fec70, 0x00007f92ac100640, 0x00007f92ac10c710,
0x00007f92ac10ec20, 0x00007f92ac19efb0, 0x00007f92ac2bb000, 0x00007f92ac2bc9e0,
0x00007f92ac3f3a50, 0x00007f92ac019360, 0x00007f9268c3a7e0, 0x00007f9229da9b50
}

Java Threads: ( => current thread )
  0x00007f92ac0f6ec0 JavaThread "Reference Handler"          daemon [_thread_blocked, id=16238, stack(0x00007f9285bfd000,0x00007f9285cfd000) (1024K)]
  0x00007f92ac0f8030 JavaThread "Finalizer"                  daemon [_thread_blocked, id=16239, stack(0x00007f92859fb000,0x00007f9285afb000) (1024K)]
  0x00007f92ac0f99e0 JavaThread "Signal Dispatcher"          daemon [_thread_blocked, id=16240, stack(0x00007f9285300000,0x00007f9285400000) (1024K)]
  0x00007f92ac0fb240 JavaThread "Service Thread"             daemon [_thread_blocked, id=16241, stack(0x00007f92851ff000,0x00007f92852ff000) (1024K)]
  0x00007f92ac0fca90 JavaThread "Monitor Deflation Thread"   daemon [_thread_blocked, id=16242, stack(0x00007f92850fe000,0x00007f92851fe000) (1024K)]
  0x00007f92ac0fec70 JavaThread "C2 CompilerThread0"         daemon [_thread_blocked, id=16243, stack(0x00007f9284ffd000,0x00007f92850fd000) (1024K)]
  0x00007f92ac100640 JavaThread "C1 CompilerThread0"         daemon [_thread_blocked, id=16244, stack(0x00007f9284efc000,0x00007f9284ffc000) (1024K)]
  0x00007f92ac10c710 JavaThread "Notification Thread"        daemon [_thread_blocked, id=16245, stack(0x00007f9284dfb000,0x00007f9284efb000) (1024K)]
  0x00007f92ac10ec20 JavaThread "Common-Cleaner"             daemon [_thread_blocked, id=16246, stack(0x00007f9284cfa000,0x00007f9284dfa000) (1024K)]
  0x00007f92ac19efb0 JavaThread "InnocuousThread-1"          daemon [_thread_blocked, id=16248, stack(0x00007f9284af8000,0x00007f9284bf8000) (1024K)]
  0x00007f92ac2bb000 JavaThread "Java2D Disposer"            daemon [_thread_blocked, id=16250, stack(0x00007f925fa38000,0x00007f925fb38000) (1024K)]
  0x00007f92ac2bc9e0 JavaThread "AWT-XAWT"                   daemon [_thread_in_native, id=16251, stack(0x00007f925f937000,0x00007f925fa37000) (1024K)]
=>0x00007f92ac3f3a50 JavaThread "LWJGL Application"                 [_thread_in_native, id=16255, stack(0x00007f925d4fc000,0x00007f925d5fc000) (1024K)]
  0x00007f92ac019360 JavaThread "DestroyJavaVM"                     [_thread_blocked, id=16226, stack(0x00007f92b4900000,0x00007f92b4a00000) (1024K)]
  0x00007f9268c3a7e0 JavaThread "Thread-1"                          [_thread_blocked, id=16278, stack(0x00007f924bafa000,0x00007f924bbfa000) (1024K)]
  0x00007f9229da9b50 JavaThread "Thread-1087"                       [_thread_in_Java, id=19699, stack(0x00007f924aee8000,0x00007f924afe8000) (1024K)]
Total: 16

Other Threads:
  0x00007f92ac0ee070 VMThread "VM Thread"                           [id=16237, stack(0x00007f9285afc000,0x00007f9285bfc000) (1024K)]
  0x00007f92ac0dcdc0 WatcherThread "VM Periodic Task Thread"        [id=16236, stack(0x00007f9285cfe000,0x00007f9285dfe000) (1024K)]
  0x00007f92ac067c00 WorkerThread "GC Thread#0"                     [id=16227, stack(0x00007f92b0c40000,0x00007f92b0d40000) (1024K)]
  0x00007f9264008c10 WorkerThread "GC Thread#1"                     [id=16249, stack(0x00007f9284300000,0x00007f9284400000) (1024K)]
  0x00007f9264010330 WorkerThread "GC Thread#2"                     [id=16257, stack(0x00007f925d3fb000,0x00007f925d4fb000) (1024K)]
  0x00007f926400a600 WorkerThread "GC Thread#3"                     [id=16258, stack(0x00007f925d2fa000,0x00007f925d3fa000) (1024K)]
  0x00007f926400fbe0 WorkerThread "GC Thread#4"                     [id=16274, stack(0x00007f924bbfb000,0x00007f924bcfb000) (1024K)]
  0x00007f926401acb0 WorkerThread "GC Thread#5"                     [id=16277, stack(0x00007f924b7f9000,0x00007f924b8f9000) (1024K)]
  0x00007f9264022010 WorkerThread "GC Thread#6"                     [id=16284, stack(0x00007f9245d00000,0x00007f9245e00000) (1024K)]
  0x00007f9264018140 WorkerThread "GC Thread#7"                     [id=16296, stack(0x00007f9243dc4000,0x00007f9243ec4000) (1024K)]
  0x00007f9264043940 WorkerThread "GC Thread#8"                     [id=16539, stack(0x00007f924ade7000,0x00007f924aee7000) (1024K)]
  0x00007f9264043db0 WorkerThread "GC Thread#9"                     [id=16540, stack(0x00007f9243ec5000,0x00007f9243fc5000) (1024K)]
  0x00007f92ac080260 ConcurrentGCThread "G1 Main Marker"            [id=16228, stack(0x00007f92b0b3f000,0x00007f92b0c3f000) (1024K)]
  0x00007f92ac0813f0 WorkerThread "G1 Conc#0"                       [id=16229, stack(0x00007f92b0a3e000,0x00007f92b0b3e000) (1024K)]
  0x00007f928c00e7f0 WorkerThread "G1 Conc#1"                       [id=16272, stack(0x00007f924e080000,0x00007f924e180000) (1024K)]
  0x00007f928c00f910 WorkerThread "G1 Conc#2"                       [id=16273, stack(0x00007f924bcfc000,0x00007f924bdfc000) (1024K)]
  0x00007f92ac0c4ee0 WorkerThread "G1 Refinement Workers#0"         [id=16231, stack(0x00007f9285f00000,0x00007f9286000000) (1024K)]
  0x00007f92ac0c3c90 ConcurrentGCThread "G1 Refine Control"         [id=16230, stack(0x00007f92abf00000,0x00007f92ac000000) (1024K)]
  0x00007f92ac0c5fe0 ConcurrentGCThread "G1 Service"                [id=16232, stack(0x00007f9285dff000,0x00007f9285eff000) (1024K)]
Total: 19

Threads with active compile tasks:
Total: 0

VM state: not at safepoint (normal execution)

VM Mutex/Monitor currently owned by a thread: None

OutOfMemory and StackOverflow Exception counts:
StackOverflowErrors=5711
LinkageErrors=85

Heap address: 0x000000070c000000, size: 3904 MB, Compressed Oops mode: Zero based, Oop shift amount: 3

CDS archive(s) mapped at: [0x0000000069000000-0x0000000069da7000-0x0000000069da7000), size 14315520, SharedBaseAddress: 0x0000000069000000, ArchiveRelocationMode: 1.
Compressed class space mapped at: 0x000000006a000000-0x00000000aa000000, reserved size: 1073741824
UseCompressedClassPointers 1, UseCompactObjectHeaders 0
Narrow klass pointer bits 32, Max shift 3
Narrow klass base: 0x0000000069000000, Narrow klass shift: 0
Encoding Range: [0x0000000069000000 - 0x0000000169000000), (4294967296 bytes)
Klass Range:    [0x0000000069000000 - 0x00000000aa000000), (1090519040 bytes)
Klass ID Range:  [8 - 1090519033) (1090519025)
Protection zone: [0x0000000069000000 - 0x0000000069001000), (4096 bytes)

GC Precious Log:
 CardTable entry size: 512
 Card Set container configuration: InlinePtr #cards 4 size 8 Array Of Cards #cards 16 size 48 Howl #buckets 8 coarsen threshold 3686 Howl Bitmap #cards 512 size 80 coarsen threshold 460 Card regions per heap region 1 cards per card region 4096
 CPUs: 12 total, 12 available
 Memory: 15608M
 Large Page Support: Disabled
 NUMA Support: Disabled
 Compressed Oops: Enabled (Zero based)
 Heap Region Size: 2M
 Heap Min Capacity: 8M
 Heap Initial Capacity: 8M
 Heap Max Capacity: 3904M
 Pre-touch: Disabled
 Parallel Workers: 10
 Concurrent Workers: 3
 Concurrent Refinement Workers: 10
 Periodic GC: Disabled

Heap:
 garbage-first heap   total reserved 3997696K, committed 608256K, used 360426K [0x000000070c000000, 0x0000000800000000)
  region size 2M, 116 eden (232M), 3 survivor (6M), 62 old (124M), 0 humongous (0M), 116 free (232M)

Heap Regions: E=young(eden), S=young(survivor), O=old, HS=humongous(starts), HC=humongous(continues), CS=collection set, F=free, TAMS=top-at-mark-start, PB=parsable bottom
|    0|0x000000070c000000, 0x000000070c200000, 0x000000070c200000|100%| O|  |TAMS 0x000000070c000000| PB 0x000000070c000000| Untracked |  0
|    1|0x000000070c200000, 0x000000070c400000, 0x000000070c400000|100%| O|  |TAMS 0x000000070c200000| PB 0x000000070c200000| Untracked |  0
|    2|0x000000070c400000, 0x000000070c600000, 0x000000070c600000|100%| O|  |TAMS 0x000000070c400000| PB 0x000000070c400000| Untracked |  0
|    3|0x000000070c600000, 0x000000070c800000, 0x000000070c800000|100%| O|  |TAMS 0x000000070c600000| PB 0x000000070c600000| Untracked |  0
|    4|0x000000070c800000, 0x000000070ca00000, 0x000000070ca00000|100%| O|  |TAMS 0x000000070c800000| PB 0x000000070c800000| Untracked |  0
|    5|0x000000070ca00000, 0x000000070cc00000, 0x000000070cc00000|100%| O|  |TAMS 0x000000070ca00000| PB 0x000000070ca00000| Untracked |  0
|    6|0x000000070cc00000, 0x000000070ce00000, 0x000000070ce00000|100%| O|  |TAMS 0x000000070cc00000| PB 0x000000070cc00000| Untracked |  0
|    7|0x000000070ce00000, 0x000000070d000000, 0x000000070d000000|100%| O|  |TAMS 0x000000070ce00000| PB 0x000000070ce00000| Untracked |  0
|    8|0x000000070d000000, 0x000000070d200000, 0x000000070d200000|100%| O|  |TAMS 0x000000070d000000| PB 0x000000070d000000| Untracked |  0
|    9|0x000000070d200000, 0x000000070d400000, 0x000000070d400000|100%| O|  |TAMS 0x000000070d200000| PB 0x000000070d200000| Untracked |  0
|   10|0x000000070d400000, 0x000000070d600000, 0x000000070d600000|100%| O|  |TAMS 0x000000070d400000| PB 0x000000070d400000| Untracked |  0
|   11|0x000000070d600000, 0x000000070d800000, 0x000000070d800000|100%| O|  |TAMS 0x000000070d600000| PB 0x000000070d600000| Untracked |  0
|   12|0x000000070d800000, 0x000000070da00000, 0x000000070da00000|100%| O|  |TAMS 0x000000070d800000| PB 0x000000070d800000| Untracked |  0
|   13|0x000000070da00000, 0x000000070dc00000, 0x000000070dc00000|100%| O|  |TAMS 0x000000070da00000| PB 0x000000070da00000| Untracked |  0
|   14|0x000000070dc00000, 0x000000070de00000, 0x000000070de00000|100%| O|  |TAMS 0x000000070dc00000| PB 0x000000070dc00000| Untracked |  0
|   15|0x000000070de00000, 0x000000070e000000, 0x000000070e000000|100%| O|  |TAMS 0x000000070de00000| PB 0x000000070de00000| Untracked |  0
|   16|0x000000070e000000, 0x000000070e200000, 0x000000070e200000|100%| O|  |TAMS 0x000000070e000000| PB 0x000000070e000000| Untracked |  0
|   17|0x000000070e200000, 0x000000070e400000, 0x000000070e400000|100%| O|  |TAMS 0x000000070e200000| PB 0x000000070e200000| Untracked |  0
|   18|0x000000070e400000, 0x000000070e600000, 0x000000070e600000|100%| O|  |TAMS 0x000000070e400000| PB 0x000000070e400000| Untracked |  0
|   19|0x000000070e600000, 0x000000070e800000, 0x000000070e800000|100%| O|  |TAMS 0x000000070e600000| PB 0x000000070e600000| Untracked |  0
|   20|0x000000070e800000, 0x000000070ea00000, 0x000000070ea00000|100%| O|  |TAMS 0x000000070e800000| PB 0x000000070e800000| Untracked |  0
|   21|0x000000070ea00000, 0x000000070ec00000, 0x000000070ec00000|100%| O|  |TAMS 0x000000070ea00000| PB 0x000000070ea00000| Untracked |  0
|   22|0x000000070ec00000, 0x000000070ee00000, 0x000000070ee00000|100%| O|  |TAMS 0x000000070ec00000| PB 0x000000070ec00000| Untracked |  0
|   23|0x000000070ee00000, 0x000000070f000000, 0x000000070f000000|100%| O|  |TAMS 0x000000070ee00000| PB 0x000000070ee00000| Untracked |  0
|   24|0x000000070f000000, 0x000000070f200000, 0x000000070f200000|100%| O|  |TAMS 0x000000070f000000| PB 0x000000070f000000| Untracked |  0
|   25|0x000000070f200000, 0x000000070f400000, 0x000000070f400000|100%| O|  |TAMS 0x000000070f200000| PB 0x000000070f200000| Untracked |  0
|   26|0x000000070f400000, 0x000000070f600000, 0x000000070f600000|100%| O|  |TAMS 0x000000070f400000| PB 0x000000070f400000| Untracked |  0
|   27|0x000000070f600000, 0x000000070f800000, 0x000000070f800000|100%| O|  |TAMS 0x000000070f600000| PB 0x000000070f600000| Untracked |  0
|   28|0x000000070f800000, 0x000000070fa00000, 0x000000070fa00000|100%| O|  |TAMS 0x000000070f800000| PB 0x000000070f800000| Untracked |  0
|   29|0x000000070fa00000, 0x000000070fc00000, 0x000000070fc00000|100%| O|  |TAMS 0x000000070fa00000| PB 0x000000070fa00000| Untracked |  0
|   30|0x000000070fc00000, 0x000000070fe00000, 0x000000070fe00000|100%| O|  |TAMS 0x000000070fc00000| PB 0x000000070fc00000| Untracked |  0
|   31|0x000000070fe00000, 0x0000000710000000, 0x0000000710000000|100%| O|  |TAMS 0x000000070fe00000| PB 0x000000070fe00000| Untracked |  0
|   32|0x0000000710000000, 0x0000000710200000, 0x0000000710200000|100%| O|  |TAMS 0x0000000710000000| PB 0x0000000710000000| Untracked |  0
|   33|0x0000000710200000, 0x0000000710400000, 0x0000000710400000|100%| O|  |TAMS 0x0000000710200000| PB 0x0000000710200000| Untracked |  0
|   34|0x0000000710400000, 0x0000000710600000, 0x0000000710600000|100%| O|  |TAMS 0x0000000710400000| PB 0x0000000710400000| Untracked |  0
|   35|0x0000000710600000, 0x0000000710800000, 0x0000000710800000|100%| O|  |TAMS 0x0000000710600000| PB 0x0000000710600000| Untracked |  0
|   36|0x0000000710800000, 0x0000000710a00000, 0x0000000710a00000|100%| O|  |TAMS 0x0000000710800000| PB 0x0000000710800000| Untracked |  0
|   37|0x0000000710a00000, 0x0000000710c00000, 0x0000000710c00000|100%| O|  |TAMS 0x0000000710a00000| PB 0x0000000710a00000| Untracked |  0
|   38|0x0000000710c00000, 0x0000000710e00000, 0x0000000710e00000|100%| O|  |TAMS 0x0000000710c00000| PB 0x0000000710c00000| Untracked |  0
|   39|0x0000000710e00000, 0x0000000711000000, 0x0000000711000000|100%| O|  |TAMS 0x0000000710e00000| PB 0x0000000710e00000| Untracked |  0
|   40|0x0000000711000000, 0x0000000711200000, 0x0000000711200000|100%| O|  |TAMS 0x0000000711000000| PB 0x0000000711000000| Untracked |  0
|   41|0x0000000711200000, 0x000000071130be20, 0x0000000711400000| 52%| O|  |TAMS 0x0000000711200000| PB 0x0000000711200000| Untracked |  0
|   42|0x0000000711400000, 0x0000000711600000, 0x0000000711600000|100%| O|  |TAMS 0x0000000711400000| PB 0x0000000711400000| Untracked |  0
|   43|0x0000000711600000, 0x0000000711800000, 0x0000000711800000|100%| O|  |TAMS 0x0000000711600000| PB 0x0000000711600000| Untracked |  0
|   44|0x0000000711800000, 0x0000000711a00000, 0x0000000711a00000|100%| O|  |TAMS 0x0000000711800000| PB 0x0000000711800000| Untracked |  0
|   45|0x0000000711a00000, 0x0000000711c00000, 0x0000000711c00000|100%| O|  |TAMS 0x0000000711a00000| PB 0x0000000711a00000| Untracked |  0
|   46|0x0000000711c00000, 0x0000000711e00000, 0x0000000711e00000|100%| O|  |TAMS 0x0000000711c00000| PB 0x0000000711c00000| Untracked |  0
|   47|0x0000000711e00000, 0x0000000712000000, 0x0000000712000000|100%| O|  |TAMS 0x0000000711e00000| PB 0x0000000711e00000| Untracked |  0
|   48|0x0000000712000000, 0x0000000712200000, 0x0000000712200000|100%| O|  |TAMS 0x0000000712000000| PB 0x0000000712000000| Untracked |  0
|   49|0x0000000712200000, 0x0000000712400000, 0x0000000712400000|100%| O|  |TAMS 0x0000000712200000| PB 0x0000000712200000| Untracked |  0
|   50|0x0000000712400000, 0x00000007125a2ac0, 0x0000000712600000| 81%| O|  |TAMS 0x0000000712400000| PB 0x0000000712400000| Untracked |  0
|   51|0x0000000712600000, 0x0000000712800000, 0x0000000712800000|100%| O|  |TAMS 0x0000000712600000| PB 0x0000000712600000| Untracked |  0
|   52|0x0000000712800000, 0x0000000712896dd0, 0x0000000712a00000| 29%| O|  |TAMS 0x0000000712800000| PB 0x0000000712800000| Untracked |  0
|   53|0x0000000712a00000, 0x0000000712a00000, 0x0000000712c00000|  0%| F|  |TAMS 0x0000000712a00000| PB 0x0000000712a00000| Untracked |  0
|   54|0x0000000712c00000, 0x0000000712da1620, 0x0000000712e00000| 81%| O|  |TAMS 0x0000000712c00000| PB 0x0000000712c00000| Untracked |  0
|   55|0x0000000712e00000, 0x0000000712f0b1d0, 0x0000000713000000| 52%| O|  |TAMS 0x0000000712e00000| PB 0x0000000712e00000| Untracked |  0
|   56|0x0000000713000000, 0x0000000713138c90, 0x0000000713200000| 61%| O|  |TAMS 0x0000000713000000| PB 0x0000000713000000| Untracked |  0
|   57|0x0000000713200000, 0x000000071331dbd0, 0x0000000713400000| 55%| O|  |TAMS 0x0000000713200000| PB 0x0000000713200000| Untracked |  0
|   58|0x0000000713400000, 0x0000000713600000, 0x0000000713600000|100%| O|  |TAMS 0x0000000713400000| PB 0x0000000713400000| Untracked |  0
|   59|0x0000000713600000, 0x0000000713600000, 0x0000000713800000|  0%| F|  |TAMS 0x0000000713600000| PB 0x0000000713600000| Untracked |  0
|   60|0x0000000713800000, 0x0000000713a00000, 0x0000000713a00000|100%| O|  |TAMS 0x0000000713800000| PB 0x0000000713800000| Untracked |  0
|   61|0x0000000713a00000, 0x0000000713b40838, 0x0000000713c00000| 62%| O|  |TAMS 0x0000000713a00000| PB 0x0000000713a00000| Untracked |  0
|   62|0x0000000713c00000, 0x0000000713c00000, 0x0000000713e00000|  0%| F|  |TAMS 0x0000000713c00000| PB 0x0000000713c00000| Untracked |  0
|   63|0x0000000713e00000, 0x0000000713e00000, 0x0000000714000000|  0%| F|  |TAMS 0x0000000713e00000| PB 0x0000000713e00000| Untracked |  0
|   64|0x0000000714000000, 0x0000000714000000, 0x0000000714200000|  0%| F|  |TAMS 0x0000000714000000| PB 0x0000000714000000| Untracked |  0
|   65|0x0000000714200000, 0x0000000714200000, 0x0000000714400000|  0%| F|  |TAMS 0x0000000714200000| PB 0x0000000714200000| Untracked |  0
|   66|0x0000000714400000, 0x0000000714400000, 0x0000000714600000|  0%| F|  |TAMS 0x0000000714400000| PB 0x0000000714400000| Untracked |  0
|   67|0x0000000714600000, 0x0000000714600000, 0x0000000714800000|  0%| F|  |TAMS 0x0000000714600000| PB 0x0000000714600000| Untracked |  0
|   68|0x0000000714800000, 0x0000000714800000, 0x0000000714a00000|  0%| F|  |TAMS 0x0000000714800000| PB 0x0000000714800000| Untracked |  0
|   69|0x0000000714a00000, 0x0000000714a00000, 0x0000000714c00000|  0%| F|  |TAMS 0x0000000714a00000| PB 0x0000000714a00000| Untracked |  0
|   70|0x0000000714c00000, 0x0000000714c00000, 0x0000000714e00000|  0%| F|  |TAMS 0x0000000714c00000| PB 0x0000000714c00000| Untracked |  0
|   71|0x0000000714e00000, 0x0000000714e00000, 0x0000000715000000|  0%| F|  |TAMS 0x0000000714e00000| PB 0x0000000714e00000| Untracked |  0
|   72|0x0000000715000000, 0x0000000715000000, 0x0000000715200000|  0%| F|  |TAMS 0x0000000715000000| PB 0x0000000715000000| Untracked |  0
|   73|0x0000000715200000, 0x0000000715200000, 0x0000000715400000|  0%| F|  |TAMS 0x0000000715200000| PB 0x0000000715200000| Untracked |  0
|   74|0x0000000715400000, 0x0000000715400000, 0x0000000715600000|  0%| F|  |TAMS 0x0000000715400000| PB 0x0000000715400000| Untracked |  0
|   75|0x0000000715600000, 0x0000000715600000, 0x0000000715800000|  0%| F|  |TAMS 0x0000000715600000| PB 0x0000000715600000| Untracked |  0
|   76|0x0000000715800000, 0x0000000715800000, 0x0000000715a00000|  0%| F|  |TAMS 0x0000000715800000| PB 0x0000000715800000| Untracked |  0
|   77|0x0000000715a00000, 0x0000000715a00000, 0x0000000715c00000|  0%| F|  |TAMS 0x0000000715a00000| PB 0x0000000715a00000| Untracked |  0
|   78|0x0000000715c00000, 0x0000000715c00000, 0x0000000715e00000|  0%| F|  |TAMS 0x0000000715c00000| PB 0x0000000715c00000| Untracked |  0
|   79|0x0000000715e00000, 0x0000000715e00000, 0x0000000716000000|  0%| F|  |TAMS 0x0000000715e00000| PB 0x0000000715e00000| Untracked |  0
|   80|0x0000000716000000, 0x0000000716000000, 0x0000000716200000|  0%| F|  |TAMS 0x0000000716000000| PB 0x0000000716000000| Untracked |  0
|   81|0x0000000716200000, 0x0000000716200000, 0x0000000716400000|  0%| F|  |TAMS 0x0000000716200000| PB 0x0000000716200000| Untracked |  0
|   82|0x0000000716400000, 0x0000000716400000, 0x0000000716600000|  0%| F|  |TAMS 0x0000000716400000| PB 0x0000000716400000| Untracked |  0
|   83|0x0000000716600000, 0x0000000716600000, 0x0000000716800000|  0%| F|  |TAMS 0x0000000716600000| PB 0x0000000716600000| Untracked |  0
|   84|0x0000000716800000, 0x0000000716800000, 0x0000000716a00000|  0%| F|  |TAMS 0x0000000716800000| PB 0x0000000716800000| Untracked |  0
|   85|0x0000000716a00000, 0x0000000716a00000, 0x0000000716c00000|  0%| F|  |TAMS 0x0000000716a00000| PB 0x0000000716a00000| Untracked |  0
|   86|0x0000000716c00000, 0x0000000716c00000, 0x0000000716e00000|  0%| F|  |TAMS 0x0000000716c00000| PB 0x0000000716c00000| Untracked |  0
|   87|0x0000000716e00000, 0x0000000716e00000, 0x0000000717000000|  0%| F|  |TAMS 0x0000000716e00000| PB 0x0000000716e00000| Untracked |  0
|   88|0x0000000717000000, 0x0000000717000000, 0x0000000717200000|  0%| F|  |TAMS 0x0000000717000000| PB 0x0000000717000000| Untracked |  0
|   89|0x0000000717200000, 0x0000000717200000, 0x0000000717400000|  0%| F|  |TAMS 0x0000000717200000| PB 0x0000000717200000| Untracked |  0
|   90|0x0000000717400000, 0x0000000717400000, 0x0000000717600000|  0%| F|  |TAMS 0x0000000717400000| PB 0x0000000717400000| Untracked |  0
|   91|0x0000000717600000, 0x00000007176eac10, 0x0000000717800000| 45%| O|  |TAMS 0x0000000717600000| PB 0x0000000717600000| Untracked |  0
|   92|0x0000000717800000, 0x0000000717800000, 0x0000000717a00000|  0%| F|  |TAMS 0x0000000717800000| PB 0x0000000717800000| Untracked |  0
|   93|0x0000000717a00000, 0x0000000717a00000, 0x0000000717c00000|  0%| F|  |TAMS 0x0000000717a00000| PB 0x0000000717a00000| Untracked |  0
|   94|0x0000000717c00000, 0x0000000717c00000, 0x0000000717e00000|  0%| F|  |TAMS 0x0000000717c00000| PB 0x0000000717c00000| Untracked |  0
|   95|0x0000000717e00000, 0x0000000717e00000, 0x0000000718000000|  0%| F|  |TAMS 0x0000000717e00000| PB 0x0000000717e00000| Untracked |  0
|   96|0x0000000718000000, 0x0000000718000000, 0x0000000718200000|  0%| F|  |TAMS 0x0000000718000000| PB 0x0000000718000000| Untracked |  0
|   97|0x0000000718200000, 0x0000000718200000, 0x0000000718400000|  0%| F|  |TAMS 0x0000000718200000| PB 0x0000000718200000| Untracked |  0
|   98|0x0000000718400000, 0x0000000718400000, 0x0000000718600000|  0%| F|  |TAMS 0x0000000718400000| PB 0x0000000718400000| Untracked |  0
|   99|0x0000000718600000, 0x0000000718600000, 0x0000000718800000|  0%| F|  |TAMS 0x0000000718600000| PB 0x0000000718600000| Untracked |  0
|  100|0x0000000718800000, 0x0000000718800000, 0x0000000718a00000|  0%| F|  |TAMS 0x0000000718800000| PB 0x0000000718800000| Untracked |  0
|  101|0x0000000718a00000, 0x0000000718a00000, 0x0000000718c00000|  0%| F|  |TAMS 0x0000000718a00000| PB 0x0000000718a00000| Untracked |  0
|  102|0x0000000718c00000, 0x0000000718c00000, 0x0000000718e00000|  0%| F|  |TAMS 0x0000000718c00000| PB 0x0000000718c00000| Untracked |  0
|  103|0x0000000718e00000, 0x0000000718e00000, 0x0000000719000000|  0%| F|  |TAMS 0x0000000718e00000| PB 0x0000000718e00000| Untracked |  0
|  104|0x0000000719000000, 0x0000000719000000, 0x0000000719200000|  0%| F|  |TAMS 0x0000000719000000| PB 0x0000000719000000| Untracked |  0
|  105|0x0000000719200000, 0x0000000719200000, 0x0000000719400000|  0%| F|  |TAMS 0x0000000719200000| PB 0x0000000719200000| Untracked |  0
|  106|0x0000000719400000, 0x0000000719400000, 0x0000000719600000|  0%| F|  |TAMS 0x0000000719400000| PB 0x0000000719400000| Untracked |  0
|  107|0x0000000719600000, 0x0000000719600000, 0x0000000719800000|  0%| F|  |TAMS 0x0000000719600000| PB 0x0000000719600000| Untracked |  0
|  108|0x0000000719800000, 0x0000000719800000, 0x0000000719a00000|  0%| F|  |TAMS 0x0000000719800000| PB 0x0000000719800000| Untracked |  0
|  109|0x0000000719a00000, 0x0000000719a00000, 0x0000000719c00000|  0%| F|  |TAMS 0x0000000719a00000| PB 0x0000000719a00000| Untracked |  0
|  110|0x0000000719c00000, 0x0000000719c00000, 0x0000000719e00000|  0%| F|  |TAMS 0x0000000719c00000| PB 0x0000000719c00000| Untracked |  0
|  111|0x0000000719e00000, 0x0000000719e00000, 0x000000071a000000|  0%| F|  |TAMS 0x0000000719e00000| PB 0x0000000719e00000| Untracked |  0
|  112|0x000000071a000000, 0x000000071a000000, 0x000000071a200000|  0%| F|  |TAMS 0x000000071a000000| PB 0x000000071a000000| Untracked |  0
|  113|0x000000071a200000, 0x000000071a200000, 0x000000071a400000|  0%| F|  |TAMS 0x000000071a200000| PB 0x000000071a200000| Untracked |  0
|  114|0x000000071a400000, 0x000000071a400000, 0x000000071a600000|  0%| F|  |TAMS 0x000000071a400000| PB 0x000000071a400000| Untracked |  0
|  115|0x000000071a600000, 0x000000071a600000, 0x000000071a800000|  0%| F|  |TAMS 0x000000071a600000| PB 0x000000071a600000| Untracked |  0
|  116|0x000000071a800000, 0x000000071a800000, 0x000000071aa00000|  0%| F|  |TAMS 0x000000071a800000| PB 0x000000071a800000| Untracked |  0
|  117|0x000000071aa00000, 0x000000071aa00000, 0x000000071ac00000|  0%| F|  |TAMS 0x000000071aa00000| PB 0x000000071aa00000| Untracked |  0
|  118|0x000000071ac00000, 0x000000071ad86e80, 0x000000071ae00000| 76%| S|CS|TAMS 0x000000071ac00000| PB 0x000000071ac00000| Complete  |  0
|  119|0x000000071ae00000, 0x000000071b000000, 0x000000071b000000|100%| S|CS|TAMS 0x000000071ae00000| PB 0x000000071ae00000| Complete  |  0
|  120|0x000000071b000000, 0x000000071b200000, 0x000000071b200000|100%| S|CS|TAMS 0x000000071b000000| PB 0x000000071b000000| Complete  |  0
|  121|0x000000071b200000, 0x000000071b200000, 0x000000071b400000|  0%| F|  |TAMS 0x000000071b200000| PB 0x000000071b200000| Untracked |  0
|  122|0x000000071b400000, 0x000000071b400000, 0x000000071b600000|  0%| F|  |TAMS 0x000000071b400000| PB 0x000000071b400000| Untracked |  0
|  123|0x000000071b600000, 0x000000071b600000, 0x000000071b800000|  0%| F|  |TAMS 0x000000071b600000| PB 0x000000071b600000| Untracked |  0
|  124|0x000000071b800000, 0x000000071b800000, 0x000000071ba00000|  0%| F|  |TAMS 0x000000071b800000| PB 0x000000071b800000| Untracked |  0
|  125|0x000000071ba00000, 0x000000071ba00000, 0x000000071bc00000|  0%| F|  |TAMS 0x000000071ba00000| PB 0x000000071ba00000| Untracked |  0
|  126|0x000000071bc00000, 0x000000071bc00000, 0x000000071be00000|  0%| F|  |TAMS 0x000000071bc00000| PB 0x000000071bc00000| Untracked |  0
|  127|0x000000071be00000, 0x000000071be00000, 0x000000071c000000|  0%| F|  |TAMS 0x000000071be00000| PB 0x000000071be00000| Untracked |  0
|  128|0x000000071c000000, 0x000000071c000000, 0x000000071c200000|  0%| F|  |TAMS 0x000000071c000000| PB 0x000000071c000000| Untracked |  0
|  129|0x000000071c200000, 0x000000071c200000, 0x000000071c400000|  0%| F|  |TAMS 0x000000071c200000| PB 0x000000071c200000| Untracked |  0
|  130|0x000000071c400000, 0x000000071c400000, 0x000000071c600000|  0%| F|  |TAMS 0x000000071c400000| PB 0x000000071c400000| Untracked |  0
|  131|0x000000071c600000, 0x000000071c600000, 0x000000071c800000|  0%| F|  |TAMS 0x000000071c600000| PB 0x000000071c600000| Untracked |  0
|  132|0x000000071c800000, 0x000000071c800000, 0x000000071ca00000|  0%| F|  |TAMS 0x000000071c800000| PB 0x000000071c800000| Untracked |  0
|  133|0x000000071ca00000, 0x000000071ca00000, 0x000000071cc00000|  0%| F|  |TAMS 0x000000071ca00000| PB 0x000000071ca00000| Untracked |  0
|  134|0x000000071cc00000, 0x000000071cc00000, 0x000000071ce00000|  0%| F|  |TAMS 0x000000071cc00000| PB 0x000000071cc00000| Untracked |  0
|  135|0x000000071ce00000, 0x000000071ce00000, 0x000000071d000000|  0%| F|  |TAMS 0x000000071ce00000| PB 0x000000071ce00000| Untracked |  0
|  136|0x000000071d000000, 0x000000071d000000, 0x000000071d200000|  0%| F|  |TAMS 0x000000071d000000| PB 0x000000071d000000| Untracked |  0
|  137|0x000000071d200000, 0x000000071d200000, 0x000000071d400000|  0%| F|  |TAMS 0x000000071d200000| PB 0x000000071d200000| Untracked |  0
|  138|0x000000071d400000, 0x000000071d400000, 0x000000071d600000|  0%| F|  |TAMS 0x000000071d400000| PB 0x000000071d400000| Untracked |  0
|  139|0x000000071d600000, 0x000000071d600000, 0x000000071d800000|  0%| F|  |TAMS 0x000000071d600000| PB 0x000000071d600000| Untracked |  0
|  140|0x000000071d800000, 0x000000071d800000, 0x000000071da00000|  0%| F|  |TAMS 0x000000071d800000| PB 0x000000071d800000| Untracked |  0
|  141|0x000000071da00000, 0x000000071da00000, 0x000000071dc00000|  0%| F|  |TAMS 0x000000071da00000| PB 0x000000071da00000| Untracked |  0
|  142|0x000000071dc00000, 0x000000071dc00000, 0x000000071de00000|  0%| F|  |TAMS 0x000000071dc00000| PB 0x000000071dc00000| Untracked |  0
|  143|0x000000071de00000, 0x000000071de00000, 0x000000071e000000|  0%| F|  |TAMS 0x000000071de00000| PB 0x000000071de00000| Untracked |  0
|  144|0x000000071e000000, 0x000000071e000000, 0x000000071e200000|  0%| F|  |TAMS 0x000000071e000000| PB 0x000000071e000000| Untracked |  0
|  145|0x000000071e200000, 0x000000071e200000, 0x000000071e400000|  0%| F|  |TAMS 0x000000071e200000| PB 0x000000071e200000| Untracked |  0
|  146|0x000000071e400000, 0x000000071e400000, 0x000000071e600000|  0%| F|  |TAMS 0x000000071e400000| PB 0x000000071e400000| Untracked |  0
|  147|0x000000071e600000, 0x000000071e600000, 0x000000071e800000|  0%| F|  |TAMS 0x000000071e600000| PB 0x000000071e600000| Untracked |  0
|  148|0x000000071e800000, 0x000000071e800000, 0x000000071ea00000|  0%| F|  |TAMS 0x000000071e800000| PB 0x000000071e800000| Untracked |  0
|  149|0x000000071ea00000, 0x000000071ea00000, 0x000000071ec00000|  0%| F|  |TAMS 0x000000071ea00000| PB 0x000000071ea00000| Untracked |  0
|  150|0x000000071ec00000, 0x000000071ec00000, 0x000000071ee00000|  0%| F|  |TAMS 0x000000071ec00000| PB 0x000000071ec00000| Untracked |  0
|  151|0x000000071ee00000, 0x000000071ee00000, 0x000000071f000000|  0%| F|  |TAMS 0x000000071ee00000| PB 0x000000071ee00000| Untracked |  0
|  152|0x000000071f000000, 0x000000071f000000, 0x000000071f200000|  0%| F|  |TAMS 0x000000071f000000| PB 0x000000071f000000| Untracked |  0
|  153|0x000000071f200000, 0x000000071f200000, 0x000000071f400000|  0%| F|  |TAMS 0x000000071f200000| PB 0x000000071f200000| Untracked |  0
|  154|0x000000071f400000, 0x000000071f400000, 0x000000071f600000|  0%| F|  |TAMS 0x000000071f400000| PB 0x000000071f400000| Untracked |  0
|  155|0x000000071f600000, 0x000000071f600000, 0x000000071f800000|  0%| F|  |TAMS 0x000000071f600000| PB 0x000000071f600000| Untracked |  0
|  156|0x000000071f800000, 0x000000071f800000, 0x000000071fa00000|  0%| F|  |TAMS 0x000000071f800000| PB 0x000000071f800000| Untracked |  0
|  157|0x000000071fa00000, 0x000000071fa00000, 0x000000071fc00000|  0%| F|  |TAMS 0x000000071fa00000| PB 0x000000071fa00000| Untracked |  0
|  158|0x000000071fc00000, 0x000000071fc00000, 0x000000071fe00000|  0%| F|  |TAMS 0x000000071fc00000| PB 0x000000071fc00000| Untracked |  0
|  159|0x000000071fe00000, 0x000000071fe00000, 0x0000000720000000|  0%| F|  |TAMS 0x000000071fe00000| PB 0x000000071fe00000| Untracked |  0
|  160|0x0000000720000000, 0x0000000720000000, 0x0000000720200000|  0%| F|  |TAMS 0x0000000720000000| PB 0x0000000720000000| Untracked |  0
|  161|0x0000000720200000, 0x0000000720200000, 0x0000000720400000|  0%| F|  |TAMS 0x0000000720200000| PB 0x0000000720200000| Untracked |  0
|  162|0x0000000720400000, 0x0000000720400000, 0x0000000720600000|  0%| F|  |TAMS 0x0000000720400000| PB 0x0000000720400000| Untracked |  0
|  163|0x0000000720600000, 0x0000000720600000, 0x0000000720800000|  0%| F|  |TAMS 0x0000000720600000| PB 0x0000000720600000| Untracked |  0
|  164|0x0000000720800000, 0x0000000720800000, 0x0000000720a00000|  0%| F|  |TAMS 0x0000000720800000| PB 0x0000000720800000| Untracked |  0
|  165|0x0000000720a00000, 0x0000000720a00000, 0x0000000720c00000|  0%| F|  |TAMS 0x0000000720a00000| PB 0x0000000720a00000| Untracked |  0
|  166|0x0000000720c00000, 0x0000000720c00000, 0x0000000720e00000|  0%| F|  |TAMS 0x0000000720c00000| PB 0x0000000720c00000| Untracked |  0
|  167|0x0000000720e00000, 0x0000000720e00000, 0x0000000721000000|  0%| F|  |TAMS 0x0000000720e00000| PB 0x0000000720e00000| Untracked |  0
|  168|0x0000000721000000, 0x0000000721000000, 0x0000000721200000|  0%| F|  |TAMS 0x0000000721000000| PB 0x0000000721000000| Untracked |  0
|  169|0x0000000721200000, 0x0000000721200000, 0x0000000721400000|  0%| F|  |TAMS 0x0000000721200000| PB 0x0000000721200000| Untracked |  0
|  170|0x0000000721400000, 0x0000000721400000, 0x0000000721600000|  0%| F|  |TAMS 0x0000000721400000| PB 0x0000000721400000| Untracked |  0
|  171|0x0000000721600000, 0x0000000721600000, 0x0000000721800000|  0%| F|  |TAMS 0x0000000721600000| PB 0x0000000721600000| Untracked |  0
|  172|0x0000000721800000, 0x0000000721800000, 0x0000000721a00000|  0%| F|  |TAMS 0x0000000721800000| PB 0x0000000721800000| Untracked |  0
|  173|0x0000000721a00000, 0x0000000721a00000, 0x0000000721c00000|  0%| F|  |TAMS 0x0000000721a00000| PB 0x0000000721a00000| Untracked |  0
|  174|0x0000000721c00000, 0x0000000721c00000, 0x0000000721e00000|  0%| F|  |TAMS 0x0000000721c00000| PB 0x0000000721c00000| Untracked |  0
|  175|0x0000000721e00000, 0x0000000721e00000, 0x0000000722000000|  0%| F|  |TAMS 0x0000000721e00000| PB 0x0000000721e00000| Untracked |  0
|  176|0x0000000722000000, 0x0000000722000000, 0x0000000722200000|  0%| F|  |TAMS 0x0000000722000000| PB 0x0000000722000000| Untracked |  0
|  177|0x0000000722200000, 0x0000000722200000, 0x0000000722400000|  0%| F|  |TAMS 0x0000000722200000| PB 0x0000000722200000| Untracked |  0
|  178|0x0000000722400000, 0x0000000722400000, 0x0000000722600000|  0%| F|  |TAMS 0x0000000722400000| PB 0x0000000722400000| Untracked |  0
|  179|0x0000000722600000, 0x0000000722600000, 0x0000000722800000|  0%| F|  |TAMS 0x0000000722600000| PB 0x0000000722600000| Untracked |  0
|  180|0x0000000722800000, 0x0000000722a00000, 0x0000000722a00000|100%| E|CS|TAMS 0x0000000722800000| PB 0x0000000722800000| Complete  |  0
|  181|0x0000000722a00000, 0x0000000722c00000, 0x0000000722c00000|100%| E|CS|TAMS 0x0000000722a00000| PB 0x0000000722a00000| Complete  |  0
|  182|0x0000000722c00000, 0x0000000722e00000, 0x0000000722e00000|100%| E|CS|TAMS 0x0000000722c00000| PB 0x0000000722c00000| Complete  |  0
|  183|0x0000000722e00000, 0x0000000723000000, 0x0000000723000000|100%| E|CS|TAMS 0x0000000722e00000| PB 0x0000000722e00000| Complete  |  0
|  184|0x0000000723000000, 0x0000000723200000, 0x0000000723200000|100%| E|CS|TAMS 0x0000000723000000| PB 0x0000000723000000| Complete  |  0
|  185|0x0000000723200000, 0x0000000723400000, 0x0000000723400000|100%| E|CS|TAMS 0x0000000723200000| PB 0x0000000723200000| Complete  |  0
|  186|0x0000000723400000, 0x0000000723600000, 0x0000000723600000|100%| E|CS|TAMS 0x0000000723400000| PB 0x0000000723400000| Complete  |  0
|  187|0x0000000723600000, 0x0000000723800000, 0x0000000723800000|100%| E|CS|TAMS 0x0000000723600000| PB 0x0000000723600000| Complete  |  0
|  188|0x0000000723800000, 0x0000000723a00000, 0x0000000723a00000|100%| E|CS|TAMS 0x0000000723800000| PB 0x0000000723800000| Complete  |  0
|  189|0x0000000723a00000, 0x0000000723c00000, 0x0000000723c00000|100%| E|CS|TAMS 0x0000000723a00000| PB 0x0000000723a00000| Complete  |  0
|  190|0x0000000723c00000, 0x0000000723e00000, 0x0000000723e00000|100%| E|CS|TAMS 0x0000000723c00000| PB 0x0000000723c00000| Complete  |  0
|  191|0x0000000723e00000, 0x0000000724000000, 0x0000000724000000|100%| E|CS|TAMS 0x0000000723e00000| PB 0x0000000723e00000| Complete  |  0
|  192|0x0000000724000000, 0x0000000724200000, 0x0000000724200000|100%| E|CS|TAMS 0x0000000724000000| PB 0x0000000724000000| Complete  |  0
|  193|0x0000000724200000, 0x0000000724400000, 0x0000000724400000|100%| E|CS|TAMS 0x0000000724200000| PB 0x0000000724200000| Complete  |  0
|  194|0x0000000724400000, 0x0000000724600000, 0x0000000724600000|100%| E|CS|TAMS 0x0000000724400000| PB 0x0000000724400000| Complete  |  0
|  195|0x0000000724600000, 0x0000000724800000, 0x0000000724800000|100%| E|CS|TAMS 0x0000000724600000| PB 0x0000000724600000| Complete  |  0
|  196|0x0000000724800000, 0x0000000724a00000, 0x0000000724a00000|100%| E|CS|TAMS 0x0000000724800000| PB 0x0000000724800000| Complete  |  0
|  197|0x0000000724a00000, 0x0000000724c00000, 0x0000000724c00000|100%| E|CS|TAMS 0x0000000724a00000| PB 0x0000000724a00000| Complete  |  0
|  198|0x0000000724c00000, 0x0000000724e00000, 0x0000000724e00000|100%| E|CS|TAMS 0x0000000724c00000| PB 0x0000000724c00000| Complete  |  0
|  199|0x0000000724e00000, 0x0000000725000000, 0x0000000725000000|100%| E|CS|TAMS 0x0000000724e00000| PB 0x0000000724e00000| Complete  |  0
|  200|0x0000000725000000, 0x0000000725200000, 0x0000000725200000|100%| E|CS|TAMS 0x0000000725000000| PB 0x0000000725000000| Complete  |  0
|  201|0x0000000725200000, 0x0000000725400000, 0x0000000725400000|100%| E|CS|TAMS 0x0000000725200000| PB 0x0000000725200000| Complete  |  0
|  202|0x0000000725400000, 0x0000000725600000, 0x0000000725600000|100%| E|CS|TAMS 0x0000000725400000| PB 0x0000000725400000| Complete  |  0
|  203|0x0000000725600000, 0x0000000725800000, 0x0000000725800000|100%| E|CS|TAMS 0x0000000725600000| PB 0x0000000725600000| Complete  |  0
|  204|0x0000000725800000, 0x0000000725a00000, 0x0000000725a00000|100%| E|CS|TAMS 0x0000000725800000| PB 0x0000000725800000| Complete  |  0
|  205|0x0000000725a00000, 0x0000000725c00000, 0x0000000725c00000|100%| E|CS|TAMS 0x0000000725a00000| PB 0x0000000725a00000| Complete  |  0
|  206|0x0000000725c00000, 0x0000000725e00000, 0x0000000725e00000|100%| E|CS|TAMS 0x0000000725c00000| PB 0x0000000725c00000| Complete  |  0
|  207|0x0000000725e00000, 0x0000000726000000, 0x0000000726000000|100%| E|CS|TAMS 0x0000000725e00000| PB 0x0000000725e00000| Complete  |  0
|  208|0x0000000726000000, 0x0000000726200000, 0x0000000726200000|100%| E|CS|TAMS 0x0000000726000000| PB 0x0000000726000000| Complete  |  0
|  209|0x0000000726200000, 0x0000000726400000, 0x0000000726400000|100%| E|CS|TAMS 0x0000000726200000| PB 0x0000000726200000| Complete  |  0
|  210|0x0000000726400000, 0x0000000726600000, 0x0000000726600000|100%| E|CS|TAMS 0x0000000726400000| PB 0x0000000726400000| Complete  |  0
|  211|0x0000000726600000, 0x0000000726800000, 0x0000000726800000|100%| E|CS|TAMS 0x0000000726600000| PB 0x0000000726600000| Complete  |  0
|  212|0x0000000726800000, 0x0000000726a00000, 0x0000000726a00000|100%| E|CS|TAMS 0x0000000726800000| PB 0x0000000726800000| Complete  |  0
|  213|0x0000000726a00000, 0x0000000726c00000, 0x0000000726c00000|100%| E|CS|TAMS 0x0000000726a00000| PB 0x0000000726a00000| Complete  |  0
|  214|0x0000000726c00000, 0x0000000726e00000, 0x0000000726e00000|100%| E|CS|TAMS 0x0000000726c00000| PB 0x0000000726c00000| Complete  |  0
|  215|0x0000000726e00000, 0x0000000727000000, 0x0000000727000000|100%| E|CS|TAMS 0x0000000726e00000| PB 0x0000000726e00000| Complete  |  0
|  216|0x0000000727000000, 0x0000000727200000, 0x0000000727200000|100%| E|CS|TAMS 0x0000000727000000| PB 0x0000000727000000| Complete  |  0
|  217|0x0000000727200000, 0x0000000727400000, 0x0000000727400000|100%| E|CS|TAMS 0x0000000727200000| PB 0x0000000727200000| Complete  |  0
|  218|0x0000000727400000, 0x0000000727600000, 0x0000000727600000|100%| E|CS|TAMS 0x0000000727400000| PB 0x0000000727400000| Complete  |  0
|  219|0x0000000727600000, 0x0000000727800000, 0x0000000727800000|100%| E|CS|TAMS 0x0000000727600000| PB 0x0000000727600000| Complete  |  0
|  220|0x0000000727800000, 0x0000000727a00000, 0x0000000727a00000|100%| E|CS|TAMS 0x0000000727800000| PB 0x0000000727800000| Complete  |  0
|  221|0x0000000727a00000, 0x0000000727c00000, 0x0000000727c00000|100%| E|CS|TAMS 0x0000000727a00000| PB 0x0000000727a00000| Complete  |  0
|  222|0x0000000727c00000, 0x0000000727e00000, 0x0000000727e00000|100%| E|CS|TAMS 0x0000000727c00000| PB 0x0000000727c00000| Complete  |  0
|  223|0x0000000727e00000, 0x0000000728000000, 0x0000000728000000|100%| E|CS|TAMS 0x0000000727e00000| PB 0x0000000727e00000| Complete  |  0
|  224|0x0000000728000000, 0x0000000728200000, 0x0000000728200000|100%| E|CS|TAMS 0x0000000728000000| PB 0x0000000728000000| Complete  |  0
|  225|0x0000000728200000, 0x0000000728400000, 0x0000000728400000|100%| E|CS|TAMS 0x0000000728200000| PB 0x0000000728200000| Complete  |  0
|  226|0x0000000728400000, 0x0000000728600000, 0x0000000728600000|100%| E|CS|TAMS 0x0000000728400000| PB 0x0000000728400000| Complete  |  0
|  227|0x0000000728600000, 0x0000000728800000, 0x0000000728800000|100%| E|CS|TAMS 0x0000000728600000| PB 0x0000000728600000| Complete  |  0
|  228|0x0000000728800000, 0x0000000728a00000, 0x0000000728a00000|100%| E|CS|TAMS 0x0000000728800000| PB 0x0000000728800000| Complete  |  0
|  229|0x0000000728a00000, 0x0000000728c00000, 0x0000000728c00000|100%| E|CS|TAMS 0x0000000728a00000| PB 0x0000000728a00000| Complete  |  0
|  230|0x0000000728c00000, 0x0000000728e00000, 0x0000000728e00000|100%| E|CS|TAMS 0x0000000728c00000| PB 0x0000000728c00000| Complete  |  0
|  231|0x0000000728e00000, 0x0000000729000000, 0x0000000729000000|100%| E|CS|TAMS 0x0000000728e00000| PB 0x0000000728e00000| Complete  |  0
|  232|0x0000000729000000, 0x0000000729200000, 0x0000000729200000|100%| E|CS|TAMS 0x0000000729000000| PB 0x0000000729000000| Complete  |  0
|  233|0x0000000729200000, 0x0000000729400000, 0x0000000729400000|100%| E|CS|TAMS 0x0000000729200000| PB 0x0000000729200000| Complete  |  0
|  234|0x0000000729400000, 0x0000000729600000, 0x0000000729600000|100%| E|CS|TAMS 0x0000000729400000| PB 0x0000000729400000| Complete  |  0
|  235|0x0000000729600000, 0x0000000729800000, 0x0000000729800000|100%| E|CS|TAMS 0x0000000729600000| PB 0x0000000729600000| Complete  |  0
|  236|0x0000000729800000, 0x0000000729a00000, 0x0000000729a00000|100%| E|CS|TAMS 0x0000000729800000| PB 0x0000000729800000| Complete  |  0
|  237|0x0000000729a00000, 0x0000000729c00000, 0x0000000729c00000|100%| E|CS|TAMS 0x0000000729a00000| PB 0x0000000729a00000| Complete  |  0
|  238|0x0000000729c00000, 0x0000000729e00000, 0x0000000729e00000|100%| E|CS|TAMS 0x0000000729c00000| PB 0x0000000729c00000| Complete  |  0
|  239|0x0000000729e00000, 0x000000072a000000, 0x000000072a000000|100%| E|CS|TAMS 0x0000000729e00000| PB 0x0000000729e00000| Complete  |  0
|  240|0x000000072a000000, 0x000000072a200000, 0x000000072a200000|100%| E|CS|TAMS 0x000000072a000000| PB 0x000000072a000000| Complete  |  0
|  241|0x000000072a200000, 0x000000072a400000, 0x000000072a400000|100%| E|CS|TAMS 0x000000072a200000| PB 0x000000072a200000| Complete  |  0
|  242|0x000000072a400000, 0x000000072a600000, 0x000000072a600000|100%| E|CS|TAMS 0x000000072a400000| PB 0x000000072a400000| Complete  |  0
|  243|0x000000072a600000, 0x000000072a800000, 0x000000072a800000|100%| E|CS|TAMS 0x000000072a600000| PB 0x000000072a600000| Complete  |  0
|  244|0x000000072a800000, 0x000000072aa00000, 0x000000072aa00000|100%| E|CS|TAMS 0x000000072a800000| PB 0x000000072a800000| Complete  |  0
|  245|0x000000072aa00000, 0x000000072ac00000, 0x000000072ac00000|100%| E|CS|TAMS 0x000000072aa00000| PB 0x000000072aa00000| Complete  |  0
|  246|0x000000072ac00000, 0x000000072ae00000, 0x000000072ae00000|100%| E|CS|TAMS 0x000000072ac00000| PB 0x000000072ac00000| Complete  |  0
|  247|0x000000072ae00000, 0x000000072b000000, 0x000000072b000000|100%| E|CS|TAMS 0x000000072ae00000| PB 0x000000072ae00000| Complete  |  0
|  248|0x000000072b000000, 0x000000072b200000, 0x000000072b200000|100%| E|CS|TAMS 0x000000072b000000| PB 0x000000072b000000| Complete  |  0
|  249|0x000000072b200000, 0x000000072b400000, 0x000000072b400000|100%| E|CS|TAMS 0x000000072b200000| PB 0x000000072b200000| Complete  |  0
|  250|0x000000072b400000, 0x000000072b600000, 0x000000072b600000|100%| E|CS|TAMS 0x000000072b400000| PB 0x000000072b400000| Complete  |  0
|  251|0x000000072b600000, 0x000000072b800000, 0x000000072b800000|100%| E|CS|TAMS 0x000000072b600000| PB 0x000000072b600000| Complete  |  0
|  252|0x000000072b800000, 0x000000072ba00000, 0x000000072ba00000|100%| E|CS|TAMS 0x000000072b800000| PB 0x000000072b800000| Complete  |  0
|  253|0x000000072ba00000, 0x000000072bc00000, 0x000000072bc00000|100%| E|CS|TAMS 0x000000072ba00000| PB 0x000000072ba00000| Complete  |  0
|  254|0x000000072bc00000, 0x000000072be00000, 0x000000072be00000|100%| E|CS|TAMS 0x000000072bc00000| PB 0x000000072bc00000| Complete  |  0
|  255|0x000000072be00000, 0x000000072c000000, 0x000000072c000000|100%| E|CS|TAMS 0x000000072be00000| PB 0x000000072be00000| Complete  |  0
|  256|0x000000072c000000, 0x000000072c200000, 0x000000072c200000|100%| E|CS|TAMS 0x000000072c000000| PB 0x000000072c000000| Complete  |  0
|  257|0x000000072c200000, 0x000000072c400000, 0x000000072c400000|100%| E|CS|TAMS 0x000000072c200000| PB 0x000000072c200000| Complete  |  0
|  258|0x000000072c400000, 0x000000072c600000, 0x000000072c600000|100%| E|CS|TAMS 0x000000072c400000| PB 0x000000072c400000| Complete  |  0
|  259|0x000000072c600000, 0x000000072c800000, 0x000000072c800000|100%| E|CS|TAMS 0x000000072c600000| PB 0x000000072c600000| Complete  |  0
|  260|0x000000072c800000, 0x000000072ca00000, 0x000000072ca00000|100%| E|CS|TAMS 0x000000072c800000| PB 0x000000072c800000| Complete  |  0
|  261|0x000000072ca00000, 0x000000072cc00000, 0x000000072cc00000|100%| E|CS|TAMS 0x000000072ca00000| PB 0x000000072ca00000| Complete  |  0
|  262|0x000000072cc00000, 0x000000072ce00000, 0x000000072ce00000|100%| E|CS|TAMS 0x000000072cc00000| PB 0x000000072cc00000| Complete  |  0
|  263|0x000000072ce00000, 0x000000072d000000, 0x000000072d000000|100%| E|CS|TAMS 0x000000072ce00000| PB 0x000000072ce00000| Complete  |  0
|  264|0x000000072d000000, 0x000000072d200000, 0x000000072d200000|100%| E|CS|TAMS 0x000000072d000000| PB 0x000000072d000000| Complete  |  0
|  265|0x000000072d200000, 0x000000072d400000, 0x000000072d400000|100%| E|CS|TAMS 0x000000072d200000| PB 0x000000072d200000| Complete  |  0
|  266|0x000000072d400000, 0x000000072d600000, 0x000000072d600000|100%| E|CS|TAMS 0x000000072d400000| PB 0x000000072d400000| Complete  |  0
|  267|0x000000072d600000, 0x000000072d800000, 0x000000072d800000|100%| E|CS|TAMS 0x000000072d600000| PB 0x000000072d600000| Complete  |  0
|  268|0x000000072d800000, 0x000000072da00000, 0x000000072da00000|100%| E|CS|TAMS 0x000000072d800000| PB 0x000000072d800000| Complete  |  0
|  269|0x000000072da00000, 0x000000072dc00000, 0x000000072dc00000|100%| E|CS|TAMS 0x000000072da00000| PB 0x000000072da00000| Complete  |  0
|  270|0x000000072dc00000, 0x000000072de00000, 0x000000072de00000|100%| E|CS|TAMS 0x000000072dc00000| PB 0x000000072dc00000| Complete  |  0
|  271|0x000000072de00000, 0x000000072e000000, 0x000000072e000000|100%| E|CS|TAMS 0x000000072de00000| PB 0x000000072de00000| Complete  |  0
|  272|0x000000072e000000, 0x000000072e200000, 0x000000072e200000|100%| E|CS|TAMS 0x000000072e000000| PB 0x000000072e000000| Complete  |  0
|  273|0x000000072e200000, 0x000000072e400000, 0x000000072e400000|100%| E|CS|TAMS 0x000000072e200000| PB 0x000000072e200000| Complete  |  0
|  274|0x000000072e400000, 0x000000072e600000, 0x000000072e600000|100%| E|CS|TAMS 0x000000072e400000| PB 0x000000072e400000| Complete  |  0
|  275|0x000000072e600000, 0x000000072e800000, 0x000000072e800000|100%| E|CS|TAMS 0x000000072e600000| PB 0x000000072e600000| Complete  |  0
|  276|0x000000072e800000, 0x000000072ea00000, 0x000000072ea00000|100%| E|CS|TAMS 0x000000072e800000| PB 0x000000072e800000| Complete  |  0
|  277|0x000000072ea00000, 0x000000072ec00000, 0x000000072ec00000|100%| E|CS|TAMS 0x000000072ea00000| PB 0x000000072ea00000| Complete  |  0
|  278|0x000000072ec00000, 0x000000072ee00000, 0x000000072ee00000|100%| E|CS|TAMS 0x000000072ec00000| PB 0x000000072ec00000| Complete  |  0
|  279|0x000000072ee00000, 0x000000072f000000, 0x000000072f000000|100%| E|CS|TAMS 0x000000072ee00000| PB 0x000000072ee00000| Complete  |  0
|  280|0x000000072f000000, 0x000000072f200000, 0x000000072f200000|100%| E|CS|TAMS 0x000000072f000000| PB 0x000000072f000000| Complete  |  0
|  281|0x000000072f200000, 0x000000072f400000, 0x000000072f400000|100%| E|CS|TAMS 0x000000072f200000| PB 0x000000072f200000| Complete  |  0
|  282|0x000000072f400000, 0x000000072f600000, 0x000000072f600000|100%| E|CS|TAMS 0x000000072f400000| PB 0x000000072f400000| Complete  |  0
|  283|0x000000072f600000, 0x000000072f800000, 0x000000072f800000|100%| E|CS|TAMS 0x000000072f600000| PB 0x000000072f600000| Complete  |  0
|  284|0x000000072f800000, 0x000000072fa00000, 0x000000072fa00000|100%| E|CS|TAMS 0x000000072f800000| PB 0x000000072f800000| Complete  |  0
|  285|0x000000072fa00000, 0x000000072fc00000, 0x000000072fc00000|100%| E|CS|TAMS 0x000000072fa00000| PB 0x000000072fa00000| Complete  |  0
|  286|0x000000072fc00000, 0x000000072fe00000, 0x000000072fe00000|100%| E|CS|TAMS 0x000000072fc00000| PB 0x000000072fc00000| Complete  |  0
|  287|0x000000072fe00000, 0x0000000730000000, 0x0000000730000000|100%| E|CS|TAMS 0x000000072fe00000| PB 0x000000072fe00000| Complete  |  0
|  288|0x0000000730000000, 0x0000000730200000, 0x0000000730200000|100%| E|CS|TAMS 0x0000000730000000| PB 0x0000000730000000| Complete  |  0
|  289|0x0000000730200000, 0x0000000730400000, 0x0000000730400000|100%| E|CS|TAMS 0x0000000730200000| PB 0x0000000730200000| Complete  |  0
|  290|0x0000000730400000, 0x0000000730600000, 0x0000000730600000|100%| E|CS|TAMS 0x0000000730400000| PB 0x0000000730400000| Complete  |  0
|  291|0x0000000730600000, 0x0000000730800000, 0x0000000730800000|100%| E|CS|TAMS 0x0000000730600000| PB 0x0000000730600000| Complete  |  0
|  292|0x0000000730800000, 0x0000000730a00000, 0x0000000730a00000|100%| E|CS|TAMS 0x0000000730800000| PB 0x0000000730800000| Complete  |  0
|  293|0x0000000730a00000, 0x0000000730c00000, 0x0000000730c00000|100%| E|CS|TAMS 0x0000000730a00000| PB 0x0000000730a00000| Complete  |  0
|  294|0x0000000730c00000, 0x0000000730e00000, 0x0000000730e00000|100%| E|CS|TAMS 0x0000000730c00000| PB 0x0000000730c00000| Complete  |  0
|  295|0x0000000730e00000, 0x0000000731000000, 0x0000000731000000|100%| E|CS|TAMS 0x0000000730e00000| PB 0x0000000730e00000| Complete  |  0
| 1950|0x00000007ffc00000, 0x00000007ffe00000, 0x00000007ffe00000|100%| O|  |TAMS 0x00000007ffc00000| PB 0x00000007ffc00000| Untracked |  0

Card table byte_map: [0x00007f92b0d40000,0x00007f92b14e0000] _byte_map_base: 0x00007f92ad4e0000
Refinement table byte_map: [0x00007f92b14e0000,0x00007f92b1c80000] _byte_map_base: 0x00007f92adc80000

Marking Bits: (CMBitMap*) 0x00007f92ac068910
 Bits: [0x00007f92900fe000, 0x00007f9293dfe000)

Polling page: 0x00007f92b4cfa000

Metaspace:
Metaspace        used 30684K, committed 30912K, reserved 1114112K
 class space     used 2396K, committed 2560K, reserved 1048576K

Usage:
  Non-class:     27,62 MB used.
      Class:      2,34 MB used.
       Both:     29,96 MB used.

Virtual space:
  Non-class space:       64,00 MB reserved,      27,69 MB ( 43%) committed,  1 nodes.
      Class space:        1,00 GB reserved,       2,50 MB ( <1%) committed,  1 nodes.
             Both:        1,06 GB reserved,      30,19 MB (  3%) committed. 

Chunk freelists:
   Non-Class:  3,75 MB
       Class:  13,42 MB
        Both:  17,17 MB

MaxMetaspaceSize: unlimited
CompressedClassSpaceSize: 1,00 GB
Initial GC threshold: 21,00 MB
Current GC threshold: 50,00 MB
CDS: on
 - commit_granule_bytes: 65536.
 - commit_granule_words: 8192.
 - virtual_space_node_default_size: 8388608.
 - enlarge_chunks_in_place: 1.
UseCompressedClassPointers 1, UseCompactObjectHeaders 0
Narrow klass pointer bits 32, Max shift 3
Narrow klass base: 0x0000000069000000, Narrow klass shift: 0
Encoding Range: [0x0000000069000000 - 0x0000000169000000), (4294967296 bytes)
Klass Range:    [0x0000000069000000 - 0x00000000aa000000), (1090519040 bytes)
Klass ID Range:  [8 - 1090519033) (1090519025)
Protection zone: [0x0000000069000000 - 0x0000000069001000), (4096 bytes)


Internal statistics:

num_allocs_failed_limit: 6.
num_arena_births: 182.
num_arena_deaths: 0.
num_vsnodes_births: 2.
num_vsnodes_deaths: 0.
num_space_committed: 474.
num_space_uncommitted: 0.
num_chunks_returned_to_freelist: 6.
num_chunks_taken_from_freelist: 1048.
num_chunk_merges: 6.
num_chunk_splits: 845.
num_chunks_enlarged: 698.
num_inconsistent_stats: 0.

CodeHeap 'non-profiled nmethods': size=120032Kb used=18545Kb max_used=22927Kb free=101486Kb
 bounds [0x00007f929b8c8000, 0x00007f929cf38000, 0x00007f92a2e00000]
CodeHeap 'profiled nmethods': size=120032Kb used=33193Kb max_used=48104Kb free=86838Kb
 bounds [0x00007f9293dfe000, 0x00007f9296cfe000, 0x00007f929b336000]
CodeHeap 'non-nmethods': size=5704Kb used=1835Kb max_used=2101Kb free=3869Kb
 bounds [0x00007f929b336000, 0x00007f929b5a6000, 0x00007f929b8c8000]
CodeCache: size=245768Kb, used=53573Kb, max_used=73132Kb, free=192193Kb
 total_blobs=6353, nmethods=5509, adapters=749, full_count=0
Compilation: enabled, stopped_count=0, restarted_count=0

Compilation events (20 events):
Event: 2102,572 Thread 0x00007f92ac100640 12690       3       age.of.civilizations2.jakowski.lukasz.Menu_InGame_CivInfo_Stats_Decisions$6::<init> (24 bytes)
Event: 2102,572 Thread 0x00007f92ac100640 nmethod 12690 0x00007f9294114488 code [0x00007f9294114580, 0x00007f9294114740]
Event: 2102,572 Thread 0x00007f92ac100640 12691       3       age.of.civilizations2.jakowski.lukasz.Menu_InGame_CivInfo_Stats_Decisions$7::<init> (24 bytes)
Event: 2102,572 Thread 0x00007f92ac100640 nmethod 12691 0x00007f9294234508 code [0x00007f9294234600, 0x00007f92942347c0]
Event: 2102,572 Thread 0x00007f92ac100640 12692       3       age.of.civilizations2.jakowski.lukasz.Menu_InGame_CivInfo_Stats_Decisions$9::<init> (24 bytes)
Event: 2102,572 Thread 0x00007f92ac100640 nmethod 12692 0x00007f929424c188 code [0x00007f929424c280, 0x00007f929424c440]
Event: 2110,134 Thread 0x00007f92ac100640 12693       3       age.of.civilizations2.jakowski.lukasz.EventsManager::runEvent_Tag (121 bytes)
Event: 2110,137 Thread 0x00007f92ac100640 nmethod 12693 0x00007f9293f14388 code [0x00007f9293f14480, 0x00007f9293f158f0]
Event: 2111,847 Thread 0x00007f92ac0fec70 12694       4       age.of.civilizations2.jakowski.lukasz.Map_TouchManager$57::extraAction (1 bytes)
Event: 2111,848 Thread 0x00007f92ac0fec70 nmethod 12694 0x00007f929bbf1708 code [0x00007f929bbf1800, 0x00007f929bbf1868]
Event: 2118,740 Thread 0x00007f92ac100640 12695       3       age.of.civilizations2.jakowski.lukasz.Menu_InGame_CivInfo_Stats_Diplomacy$7::<init> (18 bytes)
Event: 2118,740 Thread 0x00007f92ac100640 nmethod 12695 0x00007f929427a588 code [0x00007f929427a680, 0x00007f929427a810]
Event: 2122,820 Thread 0x00007f92ac100640 12696       3       age.of.civilizations2.jakowski.lukasz.DiplomacyManager::addAssimilate (145 bytes)
Event: 2122,821 Thread 0x00007f92ac100640 nmethod 12696 0x00007f929403e488 code [0x00007f929403e580, 0x00007f9294042670]
Event: 2127,715 Thread 0x00007f92ac100640 12697       3       age.of.civilizations2.jakowski.lukasz.MenuManager::setVisibleInGame_Messages (33 bytes)
Event: 2127,716 Thread 0x00007f92ac100640 nmethod 12697 0x00007f9294337f88 code [0x00007f9294338080, 0x00007f92943385a0]
Event: 2128,970 Thread 0x00007f92ac100640 12698   !   3       age.of.civilizations2.jakowski.lukasz.AI_Style_Tribal::migration_NotConnected (744 bytes)
Event: 2128,978 Thread 0x00007f92ac100640 nmethod 12698 0x00007f9295d6fb88 code [0x00007f9295d6fc80, 0x00007f9295d7f648]
Event: 2128,978 Thread 0x00007f92ac100640 12699       3       age.of.civilizations2.jakowski.lukasz.AI_Style_Tribal::migration_NotConnected_OLD (342 bytes)
Event: 2128,982 Thread 0x00007f92ac100640 nmethod 12699 0x00007f9295b4bd88 code [0x00007f9295b4be80, 0x00007f9295b55dc8]

GC Heap Usage History (20 events):
Event: 1998,932 {heap Before GC invocations=200 (full 0):
 garbage-first heap   total reserved 3997696K, committed 634880K, used 498164K [0x000000070c000000, 0x0000000800000000)
  region size 2M, 183 eden (366M), 3 survivor (6M), 61 old (122M), 0 humongous (0M), 63 free (126M)
}
Event: 1998,941 {heap After GC invocations=201 (full 0):
 garbage-first heap   total reserved 3997696K, committed 634880K, used 123767K [0x000000070c000000, 0x0000000800000000)
  region size 2M, 0 eden (0M), 3 survivor (6M), 61 old (122M), 0 humongous (0M), 246 free (492M)
}
Event: 2019,877 {heap Before GC invocations=201 (full 0):
 garbage-first heap   total reserved 3997696K, committed 634880K, used 498551K [0x000000070c000000, 0x0000000800000000)
  region size 2M, 183 eden (366M), 3 survivor (6M), 61 old (122M), 0 humongous (0M), 63 free (126M)
}
Event: 2019,894 {heap After GC invocations=202 (full 0):
 garbage-first heap   total reserved 3997696K, committed 634880K, used 123699K [0x000000070c000000, 0x0000000800000000)
  region size 2M, 0 eden (0M), 3 survivor (6M), 61 old (122M), 0 humongous (0M), 246 free (492M)
}
Event: 2042,218 {heap Before GC invocations=202 (full 0):
 garbage-first heap   total reserved 3997696K, committed 634880K, used 498483K [0x000000070c000000, 0x0000000800000000)
  region size 2M, 183 eden (366M), 3 survivor (6M), 61 old (122M), 0 humongous (0M), 63 free (126M)
}
Event: 2042,234 {heap After GC invocations=203 (full 0):
 garbage-first heap   total reserved 3997696K, committed 634880K, used 123699K [0x000000070c000000, 0x0000000800000000)
  region size 2M, 0 eden (0M), 3 survivor (6M), 61 old (122M), 0 humongous (0M), 246 free (492M)
}
Event: 2047,867 {heap Before GC invocations=203 (full 0):
 garbage-first heap   total reserved 3997696K, committed 634880K, used 498483K [0x000000070c000000, 0x0000000800000000)
  region size 2M, 183 eden (366M), 3 survivor (6M), 61 old (122M), 0 humongous (0M), 63 free (126M)
}
Event: 2047,883 {heap After GC invocations=204 (full 0):
 garbage-first heap   total reserved 3997696K, committed 634880K, used 124066K [0x000000070c000000, 0x0000000800000000)
  region size 2M, 0 eden (0M), 3 survivor (6M), 61 old (122M), 0 humongous (0M), 246 free (492M)
}
Event: 2054,731 {heap Before GC invocations=204 (full 0):
 garbage-first heap   total reserved 3997696K, committed 634880K, used 498850K [0x000000070c000000, 0x0000000800000000)
  region size 2M, 183 eden (366M), 3 survivor (6M), 61 old (122M), 0 humongous (0M), 63 free (126M)
}
Event: 2054,745 {heap After GC invocations=205 (full 0):
 garbage-first heap   total reserved 3997696K, committed 634880K, used 124244K [0x000000070c000000, 0x0000000800000000)
  region size 2M, 0 eden (0M), 3 survivor (6M), 61 old (122M), 0 humongous (0M), 246 free (492M)
}
Event: 2076,604 {heap Before GC invocations=205 (full 0):
 garbage-first heap   total reserved 3997696K, committed 634880K, used 499028K [0x000000070c000000, 0x0000000800000000)
  region size 2M, 183 eden (366M), 3 survivor (6M), 61 old (122M), 0 humongous (0M), 63 free (126M)
}
Event: 2076,614 {heap After GC invocations=206 (full 0):
 garbage-first heap   total reserved 3997696K, committed 608256K, used 124558K [0x000000070c000000, 0x0000000800000000)
  region size 2M, 0 eden (0M), 3 survivor (6M), 61 old (122M), 0 humongous (0M), 233 free (466M)
}
Event: 2096,926 {heap Before GC invocations=206 (full 0):
 garbage-first heap   total reserved 3997696K, committed 608256K, used 482958K [0x000000070c000000, 0x0000000800000000)
  region size 2M, 175 eden (350M), 3 survivor (6M), 61 old (122M), 0 humongous (0M), 58 free (116M)
}
Event: 2096,936 {heap After GC invocations=207 (full 0):
 garbage-first heap   total reserved 3997696K, committed 608256K, used 124358K [0x000000070c000000, 0x0000000800000000)
  region size 2M, 0 eden (0M), 3 survivor (6M), 62 old (124M), 0 humongous (0M), 232 free (464M)
}
Event: 2115,940 {heap Before GC invocations=207 (full 0):
 garbage-first heap   total reserved 3997696K, committed 608256K, used 482758K [0x000000070c000000, 0x0000000800000000)
  region size 2M, 175 eden (350M), 3 survivor (6M), 62 old (124M), 0 humongous (0M), 57 free (114M)
}
Event: 2115,950 {heap After GC invocations=208 (full 0):
 garbage-first heap   total reserved 3997696K, committed 608256K, used 124279K [0x000000070c000000, 0x0000000800000000)
  region size 2M, 0 eden (0M), 3 survivor (6M), 62 old (124M), 0 humongous (0M), 232 free (464M)
}
Event: 2124,057 {heap Before GC invocations=208 (full 0):
 garbage-first heap   total reserved 3997696K, committed 608256K, used 482679K [0x000000070c000000, 0x0000000800000000)
  region size 2M, 175 eden (350M), 3 survivor (6M), 62 old (124M), 0 humongous (0M), 57 free (114M)
}
Event: 2124,070 {heap After GC invocations=209 (full 0):
 garbage-first heap   total reserved 3997696K, committed 608256K, used 124668K [0x000000070c000000, 0x0000000800000000)
  region size 2M, 0 eden (0M), 3 survivor (6M), 62 old (124M), 0 humongous (0M), 232 free (464M)
}
Event: 2128,616 {heap Before GC invocations=209 (full 0):
 garbage-first heap   total reserved 3997696K, committed 608256K, used 483068K [0x000000070c000000, 0x0000000800000000)
  region size 2M, 175 eden (350M), 3 survivor (6M), 62 old (124M), 0 humongous (0M), 57 free (114M)
}
Event: 2128,627 {heap After GC invocations=210 (full 0):
 garbage-first heap   total reserved 3997696K, committed 608256K, used 124906K [0x000000070c000000, 0x0000000800000000)
  region size 2M, 0 eden (0M), 3 survivor (6M), 62 old (124M), 0 humongous (0M), 232 free (464M)
}

Metaspace Usage History (20 events):
Event: 1998,932 {metaspace Before GC invocations=200 (full 0):
 Metaspace       used 30667K, committed 30912K, reserved 1114112K
  class space    used 2396K, committed 2560K, reserved 1048576K
}
Event: 1998,941 {metaspace After GC invocations=201 (full 0):
 Metaspace       used 30667K, committed 30912K, reserved 1114112K
  class space    used 2396K, committed 2560K, reserved 1048576K
}
Event: 2019,877 {metaspace Before GC invocations=201 (full 0):
 Metaspace       used 30667K, committed 30912K, reserved 1114112K
  class space    used 2396K, committed 2560K, reserved 1048576K
}
Event: 2019,894 {metaspace After GC invocations=202 (full 0):
 Metaspace       used 30667K, committed 30912K, reserved 1114112K
  class space    used 2396K, committed 2560K, reserved 1048576K
}
Event: 2042,218 {metaspace Before GC invocations=202 (full 0):
 Metaspace       used 30669K, committed 30912K, reserved 1114112K
  class space    used 2396K, committed 2560K, reserved 1048576K
}
Event: 2042,234 {metaspace After GC invocations=203 (full 0):
 Metaspace       used 30669K, committed 30912K, reserved 1114112K
  class space    used 2396K, committed 2560K, reserved 1048576K
}
Event: 2047,867 {metaspace Before GC invocations=203 (full 0):
 Metaspace       used 30670K, committed 30912K, reserved 1114112K
  class space    used 2396K, committed 2560K, reserved 1048576K
}
Event: 2047,883 {metaspace After GC invocations=204 (full 0):
 Metaspace       used 30670K, committed 30912K, reserved 1114112K
  class space    used 2396K, committed 2560K, reserved 1048576K
}
Event: 2054,731 {metaspace Before GC invocations=204 (full 0):
 Metaspace       used 30670K, committed 30912K, reserved 1114112K
  class space    used 2396K, committed 2560K, reserved 1048576K
}
Event: 2054,745 {metaspace After GC invocations=205 (full 0):
 Metaspace       used 30670K, committed 30912K, reserved 1114112K
  class space    used 2396K, committed 2560K, reserved 1048576K
}
Event: 2076,604 {metaspace Before GC invocations=205 (full 0):
 Metaspace       used 30670K, committed 30912K, reserved 1114112K
  class space    used 2396K, committed 2560K, reserved 1048576K
}
Event: 2076,614 {metaspace After GC invocations=206 (full 0):
 Metaspace       used 30670K, committed 30912K, reserved 1114112K
  class space    used 2396K, committed 2560K, reserved 1048576K
}
Event: 2096,926 {metaspace Before GC invocations=206 (full 0):
 Metaspace       used 30671K, committed 30912K, reserved 1114112K
  class space    used 2396K, committed 2560K, reserved 1048576K
}
Event: 2096,936 {metaspace After GC invocations=207 (full 0):
 Metaspace       used 30671K, committed 30912K, reserved 1114112K
  class space    used 2396K, committed 2560K, reserved 1048576K
}
Event: 2115,940 {metaspace Before GC invocations=207 (full 0):
 Metaspace       used 30672K, committed 30912K, reserved 1114112K
  class space    used 2396K, committed 2560K, reserved 1048576K
}
Event: 2115,950 {metaspace After GC invocations=208 (full 0):
 Metaspace       used 30672K, committed 30912K, reserved 1114112K
  class space    used 2396K, committed 2560K, reserved 1048576K
}
Event: 2124,057 {metaspace Before GC invocations=208 (full 0):
 Metaspace       used 30672K, committed 30912K, reserved 1114112K
  class space    used 2396K, committed 2560K, reserved 1048576K
}
Event: 2124,070 {metaspace After GC invocations=209 (full 0):
 Metaspace       used 30672K, committed 30912K, reserved 1114112K
  class space    used 2396K, committed 2560K, reserved 1048576K
}
Event: 2128,616 {metaspace Before GC invocations=209 (full 0):
 Metaspace       used 30672K, committed 30912K, reserved 1114112K
  class space    used 2396K, committed 2560K, reserved 1048576K
}
Event: 2128,627 {metaspace After GC invocations=210 (full 0):
 Metaspace       used 30672K, committed 30912K, reserved 1114112K
  class space    used 2396K, committed 2560K, reserved 1048576K
}

Dll operation events (20 events):
Event: 0,176 Attempting to load shared library /tmp/steamworks4j/1.8.0/libsteam_api.so
Event: 0,176 Loaded shared library /tmp/steamworks4j/1.8.0/libsteam_api.so
Event: 0,181 Attempting to load shared library /tmp/steamworks4j/1.8.0/libsteamworks4j.so
Event: 0,182 Loaded shared library /tmp/steamworks4j/1.8.0/libsteamworks4j.so
Event: 0,217 Attempting to load shared library /tmp/libgdxmirtemir/b793cc16/libgdx64.so
Event: 0,217 Loaded shared library /tmp/libgdxmirtemir/b793cc16/libgdx64.so
Event: 0,257 Attempting to load shared library /usr/lib/jvm/java-26-openjdk/lib/libverify.so
Event: 0,257 Loaded shared library /usr/lib/jvm/java-26-openjdk/lib/libverify.so
Event: 0,269 Attempting to load shared library /usr/lib/jvm/java-26-openjdk/lib/libawt.so
Event: 0,269 Loaded shared library /usr/lib/jvm/java-26-openjdk/lib/libawt.so
Event: 0,273 Attempting to load shared library /usr/lib/jvm/java-26-openjdk/lib/libawt_xawt.so
Event: 0,274 Loaded shared library /usr/lib/jvm/java-26-openjdk/lib/libawt_xawt.so
Event: 0,320 Attempting to load shared library /usr/lib/jvm/java-26-openjdk/lib/libfontmanager.so
Event: 0,322 Loaded shared library /usr/lib/jvm/java-26-openjdk/lib/libfontmanager.so
Event: 0,386 Attempting to load shared library /usr/lib/jvm/java-26-openjdk/lib/libjawt.so
Event: 0,386 Loaded shared library /usr/lib/jvm/java-26-openjdk/lib/libjawt.so
Event: 0,387 Attempting to load shared library /tmp/libgdxmirtemir/31ce78a2/liblwjgl64.so
Event: 0,389 Loaded shared library /tmp/libgdxmirtemir/31ce78a2/liblwjgl64.so
Event: 2,321 Attempting to load shared library /tmp/libgdxmirtemir/125b804a/libgdx-freetype64.so
Event: 2,321 Loaded shared library /tmp/libgdxmirtemir/125b804a/libgdx-freetype64.so

Deoptimization events (20 events):
Event: 2000,332 Thread 0x00007f92ac3f3a50 DEOPT PACKING pc=0x00007f9295536cea sp=0x00007f925d5fa430
Event: 2000,332 Thread 0x00007f92ac3f3a50 DEOPT UNPACKING pc=0x00007f929b3872ef sp=0x00007f925d5f9c38 mode 0
Event: 2000,527 Thread 0x00007f92ac3f3a50 DEOPT PACKING pc=0x00007f9295536cc9 sp=0x00007f925d5fa430
Event: 2000,527 Thread 0x00007f92ac3f3a50 DEOPT UNPACKING pc=0x00007f929b3872ef sp=0x00007f925d5f9c38 mode 0
Event: 2000,687 Thread 0x00007f92ac3f3a50 DEOPT PACKING pc=0x00007f9295536cea sp=0x00007f925d5fa430
Event: 2000,687 Thread 0x00007f92ac3f3a50 DEOPT UNPACKING pc=0x00007f929b3872ef sp=0x00007f925d5f9c38 mode 0
Event: 2000,865 Thread 0x00007f92ac3f3a50 DEOPT PACKING pc=0x00007f9295536cea sp=0x00007f925d5fa430
Event: 2000,865 Thread 0x00007f92ac3f3a50 DEOPT UNPACKING pc=0x00007f929b3872ef sp=0x00007f925d5f9c38 mode 0
Event: 2001,048 Thread 0x00007f92ac3f3a50 DEOPT PACKING pc=0x00007f9295536cea sp=0x00007f925d5fa430
Event: 2001,048 Thread 0x00007f92ac3f3a50 DEOPT UNPACKING pc=0x00007f929b3872ef sp=0x00007f925d5f9c38 mode 0
Event: 2032,435 Thread 0x00007f92ac3f3a50 DEOPT PACKING pc=0x00007f92966af72f sp=0x00007f925d5fa1d0
Event: 2032,435 Thread 0x00007f92ac3f3a50 DEOPT UNPACKING pc=0x00007f929b3872ef sp=0x00007f925d5f9640 mode 0
Event: 2133,913 Thread 0x00007f92ac3f3a50 Uncommon trap: trap_request=0xffffff95 fr.pc=0x00007f929cded99c relative=0x000000000000797c
Event: 2133,913 Thread 0x00007f92ac3f3a50 Uncommon trap: reason=unreached action=reinterpret pc=0x00007f929cded99c method=age.of.civilizations2.jakowski.lukasz.AoCGame.render()V @ 690 c2
Event: 2133,913 Thread 0x00007f92ac3f3a50 DEOPT PACKING pc=0x00007f929cded99c sp=0x00007f925d5fa8b0
Event: 2133,913 Thread 0x00007f92ac3f3a50 DEOPT UNPACKING pc=0x00007f929b45aaf9 sp=0x00007f925d5fa878 mode 2
Event: 2133,917 Thread 0x00007f92ac3f3a50 Uncommon trap: trap_request=0xffffff45 fr.pc=0x00007f929bdd70e0 relative=0x00000000000000e0
Event: 2133,917 Thread 0x00007f92ac3f3a50 Uncommon trap: reason=unstable_if action=reinterpret pc=0x00007f929bdd70e0 method=com.badlogic.gdx.graphics.g2d.SpriteBatch.setProjectionMatrix(Lcom/badlogic/gdx/math/Matrix4;)V @ 4 c2
Event: 2133,917 Thread 0x00007f92ac3f3a50 DEOPT PACKING pc=0x00007f929bdd70e0 sp=0x00007f925d5fa830
Event: 2133,917 Thread 0x00007f92ac3f3a50 DEOPT UNPACKING pc=0x00007f929b45aaf9 sp=0x00007f925d5fa800 mode 2

Classes loaded (20 events):
Event: 31,117 Loading class java/math/BigDecimal
Event: 31,117 Loading class java/math/BigDecimal done
Event: 31,118 Loading class java/text/FieldPosition$Delegate
Event: 31,118 Loading class java/text/FieldPosition$Delegate done
Event: 46,709 Loading class java/lang/Throwable$WrappedPrintStream
Event: 46,709 Loading class java/lang/Throwable$PrintStreamOrWriter
Event: 46,709 Loading class java/lang/Throwable$PrintStreamOrWriter done
Event: 46,709 Loading class java/lang/Throwable$WrappedPrintStream done
Event: 186,839 Loading class java/nio/charset/UnmappableCharacterException
Event: 186,839 Loading class java/nio/charset/UnmappableCharacterException done
Event: 186,840 Loading class java/util/stream/IntStream
Event: 186,840 Loading class java/util/stream/IntStream done
Event: 186,896 Loading class java/io/ObjectStreamClass$MemberSignature
Event: 186,897 Loading class java/io/ObjectStreamClass$MemberSignature done
Event: 186,897 Loading class java/io/ObjectStreamClass$1
Event: 186,897 Loading class java/io/ObjectStreamClass$1 done
Event: 186,897 Loading class java/io/ObjectStreamClass$2
Event: 186,898 Loading class java/io/ObjectStreamClass$2 done
Event: 186,898 Loading class java/io/ObjectStreamClass$3
Event: 186,898 Loading class java/io/ObjectStreamClass$3 done

Classes unloaded (0 events):
No events

Classes redefined (0 events):
No events

Internal exceptions (20 events):
Event: 2127,924 Thread 0x00007f9229daca40 StackOverflowError at 0x00007f929c2b0b10
Event: 2127,924 Thread 0x00007f9229daca40 Exception <a 'java/lang/StackOverflowError'{0x0000000722d81638}> (0x0000000722d81638) 
thrown [/usr/src/debug/java-openjdk/jdk26u-jdk-26.0.2-10/src/hotspot/share/runtime/sharedRuntime.cpp, line 732]
Event: 2127,925 Thread 0x00007f9229daca40 StackOverflowError at 0x00007f929b97c890
Event: 2127,925 Thread 0x00007f9229daca40 Exception <a 'java/lang/StackOverflowError'{0x0000000722d86c60}> (0x0000000722d86c60) 
thrown [/usr/src/debug/java-openjdk/jdk26u-jdk-26.0.2-10/src/hotspot/share/runtime/sharedRuntime.cpp, line 732]
Event: 2127,929 Thread 0x00007f9229daca40 StackOverflowError at 0x00007f929c2b0b10
Event: 2127,929 Thread 0x00007f9229daca40 Exception <a 'java/lang/StackOverflowError'{0x0000000722a16218}> (0x0000000722a16218) 
thrown [/usr/src/debug/java-openjdk/jdk26u-jdk-26.0.2-10/src/hotspot/share/runtime/sharedRuntime.cpp, line 732]
Event: 2127,930 Thread 0x00007f9229daca40 StackOverflowError at 0x00007f929b97c890
Event: 2127,930 Thread 0x00007f9229daca40 Exception <a 'java/lang/StackOverflowError'{0x0000000722a1b840}> (0x0000000722a1b840) 
thrown [/usr/src/debug/java-openjdk/jdk26u-jdk-26.0.2-10/src/hotspot/share/runtime/sharedRuntime.cpp, line 732]
Event: 2127,937 Thread 0x00007f9229daca40 StackOverflowError at 0x00007f929c2b0b10
Event: 2127,937 Thread 0x00007f9229daca40 Exception <a 'java/lang/StackOverflowError'{0x0000000722aa50b8}> (0x0000000722aa50b8) 
thrown [/usr/src/debug/java-openjdk/jdk26u-jdk-26.0.2-10/src/hotspot/share/runtime/sharedRuntime.cpp, line 732]
Event: 2127,938 Thread 0x00007f9229daca40 StackOverflowError at 0x00007f929b97c890
Event: 2127,938 Thread 0x00007f9229daca40 Exception <a 'java/lang/StackOverflowError'{0x0000000722aaa6e0}> (0x0000000722aaa6e0) 
thrown [/usr/src/debug/java-openjdk/jdk26u-jdk-26.0.2-10/src/hotspot/share/runtime/sharedRuntime.cpp, line 732]
Event: 2128,952 Thread 0x00007f9229daca40 StackOverflowError at 0x00007f929c2b0b10
Event: 2128,952 Thread 0x00007f9229daca40 Exception <a 'java/lang/StackOverflowError'{0x000000072db53968}> (0x000000072db53968) 
thrown [/usr/src/debug/java-openjdk/jdk26u-jdk-26.0.2-10/src/hotspot/share/runtime/sharedRuntime.cpp, line 732]
Event: 2128,952 Thread 0x00007f9229daca40 StackOverflowError at 0x00007f929b97c890
Event: 2128,952 Thread 0x00007f9229daca40 Exception <a 'java/lang/StackOverflowError'{0x000000072db58f90}> (0x000000072db58f90) 
thrown [/usr/src/debug/java-openjdk/jdk26u-jdk-26.0.2-10/src/hotspot/share/runtime/sharedRuntime.cpp, line 732]
Event: 2128,953 Thread 0x00007f9229daca40 StackOverflowError at 0x00007f929c2b0b10
Event: 2128,953 Thread 0x00007f9229daca40 Exception <a 'java/lang/StackOverflowError'{0x000000072db958d8}> (0x000000072db958d8) 
thrown [/usr/src/debug/java-openjdk/jdk26u-jdk-26.0.2-10/src/hotspot/share/runtime/sharedRuntime.cpp, line 732]
Event: 2128,953 Thread 0x00007f9229daca40 StackOverflowError at 0x00007f929b97c890
Event: 2128,953 Thread 0x00007f9229daca40 Exception <a 'java/lang/StackOverflowError'{0x000000072db9af00}> (0x000000072db9af00) 
thrown [/usr/src/debug/java-openjdk/jdk26u-jdk-26.0.2-10/src/hotspot/share/runtime/sharedRuntime.cpp, line 732]

VM Operations (20 events):
Event: 2042,218 Executing safepoint VM operation: G1CollectForAllocation (G1 Evacuation Pause)
Event: 2042,234 Executing safepoint VM operation: G1CollectForAllocation (G1 Evacuation Pause) done
Event: 2047,867 Executing safepoint VM operation: G1CollectForAllocation (G1 Evacuation Pause)
Event: 2047,883 Executing safepoint VM operation: G1CollectForAllocation (G1 Evacuation Pause) done
Event: 2054,731 Executing safepoint VM operation: G1CollectForAllocation (G1 Evacuation Pause)
Event: 2054,745 Executing safepoint VM operation: G1CollectForAllocation (G1 Evacuation Pause) done
Event: 2076,604 Executing safepoint VM operation: G1CollectForAllocation (G1 Evacuation Pause)
Event: 2076,614 Executing safepoint VM operation: G1CollectForAllocation (G1 Evacuation Pause) done
Event: 2096,926 Executing safepoint VM operation: G1CollectForAllocation (G1 Evacuation Pause)
Event: 2096,936 Executing safepoint VM operation: G1CollectForAllocation (G1 Evacuation Pause) done
Event: 2101,178 Executing non-safepoint VM operation: HandshakeAllThreads (DeflationHandshakeClosure)
Event: 2101,178 Executing non-safepoint VM operation: HandshakeAllThreads (DeflationHandshakeClosure) done
Event: 2101,178 Executing non-safepoint VM operation: RendezvousGCThreads
Event: 2101,178 Executing non-safepoint VM operation: RendezvousGCThreads done
Event: 2115,940 Executing safepoint VM operation: G1CollectForAllocation (G1 Evacuation Pause)
Event: 2115,950 Executing safepoint VM operation: G1CollectForAllocation (G1 Evacuation Pause) done
Event: 2124,056 Executing safepoint VM operation: G1CollectForAllocation (G1 Evacuation Pause)
Event: 2124,070 Executing safepoint VM operation: G1CollectForAllocation (G1 Evacuation Pause) done
Event: 2128,616 Executing safepoint VM operation: G1CollectForAllocation (G1 Evacuation Pause)
Event: 2128,627 Executing safepoint VM operation: G1CollectForAllocation (G1 Evacuation Pause) done

Memory protections (20 events):
Event: 2127,925 Protecting memory [0x00007f924aee9000,0x00007f924aeec000] with protection modes 3
Event: 2127,925 Protecting memory [0x00007f924aee9000,0x00007f924aeec000] with protection modes 0
Event: 2127,929 Protecting memory [0x00007f924aee9000,0x00007f924aeec000] with protection modes 3
Event: 2127,929 Protecting memory [0x00007f924aee9000,0x00007f924aeec000] with protection modes 0
Event: 2127,930 Protecting memory [0x00007f924aee9000,0x00007f924aeec000] with protection modes 3
Event: 2127,930 Protecting memory [0x00007f924aee9000,0x00007f924aeec000] with protection modes 0
Event: 2127,937 Protecting memory [0x00007f924aee9000,0x00007f924aeec000] with protection modes 3
Event: 2127,938 Protecting memory [0x00007f924aee9000,0x00007f924aeec000] with protection modes 0
Event: 2127,938 Protecting memory [0x00007f924aee9000,0x00007f924aeec000] with protection modes 3
Event: 2127,938 Protecting memory [0x00007f924aee9000,0x00007f924aeec000] with protection modes 0
Event: 2128,952 Protecting memory [0x00007f924aee9000,0x00007f924aeec000] with protection modes 3
Event: 2128,952 Protecting memory [0x00007f924aee9000,0x00007f924aeec000] with protection modes 0
Event: 2128,952 Protecting memory [0x00007f924aee9000,0x00007f924aeec000] with protection modes 3
Event: 2128,952 Protecting memory [0x00007f924aee9000,0x00007f924aeec000] with protection modes 0
Event: 2128,953 Protecting memory [0x00007f924aee9000,0x00007f924aeec000] with protection modes 3
Event: 2128,953 Protecting memory [0x00007f924aee9000,0x00007f924aeec000] with protection modes 0
Event: 2128,953 Protecting memory [0x00007f924aee9000,0x00007f924aeec000] with protection modes 3
Event: 2128,953 Protecting memory [0x00007f924aee9000,0x00007f924aeec000] with protection modes 0
Event: 2129,041 Protecting memory [0x00007f924aee8000,0x00007f924aeec000] with protection modes 0
Event: 2133,712 Protecting memory [0x00007f924aee8000,0x00007f924aeec000] with protection modes 0

Nmethod flushes (20 events):
Event: 1902,829 Thread 0x00007f92ac0ee070 flushing  nmethod 0x00007f929568dc88
Event: 1902,829 Thread 0x00007f92ac0ee070 flushing  nmethod 0x00007f92956ade08
Event: 1902,829 Thread 0x00007f92ac0ee070 flushing  nmethod 0x00007f92956ae108
Event: 1902,829 Thread 0x00007f92ac0ee070 flushing  nmethod 0x00007f92956c0b08
Event: 1902,829 Thread 0x00007f92ac0ee070 flushing  nmethod 0x00007f92956c1d08
Event: 1902,829 Thread 0x00007f92ac0ee070 flushing  nmethod 0x00007f92956c6c88
Event: 1902,829 Thread 0x00007f92ac0ee070 flushing  nmethod 0x00007f92956c8808
Event: 1902,829 Thread 0x00007f92ac0ee070 flushing  nmethod 0x00007f929596be08
Event: 1902,829 Thread 0x00007f92ac0ee070 flushing  nmethod 0x00007f929598bf88
Event: 1902,829 Thread 0x00007f92ac0ee070 flushing  nmethod 0x00007f92959e2f08
Event: 1902,829 Thread 0x00007f92ac0ee070 flushing  nmethod 0x00007f92959e4b08
Event: 1902,829 Thread 0x00007f92ac0ee070 flushing  nmethod 0x00007f92959e9888
Event: 1902,829 Thread 0x00007f92ac0ee070 flushing  nmethod 0x00007f92959f5008
Event: 1902,829 Thread 0x00007f92ac0ee070 flushing  nmethod 0x00007f9295eea708
Event: 1902,829 Thread 0x00007f92ac0ee070 flushing  nmethod 0x00007f9295eead88
Event: 1902,829 Thread 0x00007f92ac0ee070 flushing  nmethod 0x00007f9295ef7a08
Event: 1902,829 Thread 0x00007f92ac0ee070 flushing  nmethod 0x00007f9295efba08
Event: 1902,829 Thread 0x00007f92ac0ee070 flushing  nmethod 0x00007f9295f01308
Event: 1902,829 Thread 0x00007f92ac0ee070 flushing  nmethod 0x00007f9295f06508
Event: 1902,829 Thread 0x00007f92ac0ee070 flushing  nmethod 0x00007f9295f07088

Events (20 events):
Event: 1999,196 Thread 0x00007f920c83e3e0 Thread exited: 0x00007f920c83e3e0
Event: 1999,243 Thread 0x00007f92ac3f3a50 Thread added: 0x00007f920c83e3e0
Event: 1999,532 Thread 0x00007f920c83e3e0 Thread exited: 0x00007f920c83e3e0
Event: 2045,778 Thread 0x00007f92ac3f3a50 Thread added: 0x00007f92299888e0
Event: 2047,900 Thread 0x00007f92299888e0 Thread exited: 0x00007f92299888e0
Event: 2047,958 Thread 0x00007f92ac3f3a50 Thread added: 0x00007f92299888e0
Event: 2048,289 Thread 0x00007f92299888e0 Thread exited: 0x00007f92299888e0
Event: 2049,662 Thread 0x00007f92ac3f3a50 Thread added: 0x00007f92299888e0
Event: 2051,763 Thread 0x00007f92299888e0 Thread exited: 0x00007f92299888e0
Event: 2051,832 Thread 0x00007f92ac3f3a50 Thread added: 0x00007f92299888e0
Event: 2052,214 Thread 0x00007f92299888e0 Thread exited: 0x00007f92299888e0
Event: 2122,687 Thread 0x00007f92ac3f3a50 Thread added: 0x00007f9229da9b50
Event: 2124,461 Thread 0x00007f9229da9b50 Thread exited: 0x00007f9229da9b50
Event: 2124,510 Thread 0x00007f92ac3f3a50 Thread added: 0x00007f9229daca40
Event: 2124,821 Thread 0x00007f9229daca40 Thread exited: 0x00007f9229daca40
Event: 2127,705 Thread 0x00007f92ac3f3a50 Thread added: 0x00007f9229daca40
Event: 2128,975 Thread 0x00007f9229daca40 Thread exited: 0x00007f9229daca40
Event: 2129,041 Thread 0x00007f92ac3f3a50 Thread added: 0x00007f9229daca40
Event: 2129,288 Thread 0x00007f9229daca40 Thread exited: 0x00007f9229daca40
Event: 2133,712 Thread 0x00007f92ac3f3a50 Thread added: 0x00007f9229da9b50


Dynamic libraries:
69000000-69001000 ---p 00000000 00:00 0 
69001000-69da7000 rw-p 00001000 00:23 2947433                            /usr/lib/jvm/java-26-openjdk/lib/server/classes.jsa
69da7000-6a000000 ---p 00000000 00:00 0 
6a000000-6a040000 rw-p 00000000 00:00 0 
6a040000-6a0c0000 rw-p 00000000 00:00 0 
6a0c0000-6a0e0000 rw-p 00000000 00:00 0 
6a0e0000-6a100000 ---p 00000000 00:00 0 
6a100000-6a2a0000 rw-p 00000000 00:00 0 
6a2a0000-aa000000 ---p 00000000 00:00 0 
70c000000-731000000 rw-p 00000000 00:00 0 
731000000-7ffc00000 ---p 00000000 00:00 0 
7ffc00000-7ffe00000 rw-p 00000000 00:00 0 
7ffe00000-800000000 ---p 00000000 00:00 0 
55fbede04000-55fbede05000 r--p 00000000 00:23 2947161                    /usr/lib/jvm/java-26-openjdk/bin/java
55fbede05000-55fbede06000 r-xp 00001000 00:23 2947161                    /usr/lib/jvm/java-26-openjdk/bin/java
55fbede06000-55fbede07000 r--p 00002000 00:23 2947161                    /usr/lib/jvm/java-26-openjdk/bin/java
55fbede07000-55fbede08000 r--p 00002000 00:23 2947161                    /usr/lib/jvm/java-26-openjdk/bin/java
55fbede08000-55fbede09000 rw-p 00003000 00:23 2947161                    /usr/lib/jvm/java-26-openjdk/bin/java
55fc272d8000-55fc2bb4f000 rw-p 00000000 00:00 0                          [heap]
7f91f4000000-7f91f4bd7000 rw-p 00000000 00:00 0 
7f91f4bd7000-7f91f8000000 ---p 00000000 00:00 0 
7f91f8000000-7f91fbf79000 rw-p 00000000 00:00 0 
7f91fbf79000-7f91fc000000 ---p 00000000 00:00 0 
7f91fc000000-7f91fe748000 rw-p 00000000 00:00 0 
7f91fe748000-7f9200000000 ---p 00000000 00:00 0 
7f9204000000-7f9207ffe000 rw-p 00000000 00:00 0 
7f9207ffe000-7f9208000000 ---p 00000000 00:00 0 
7f9208000000-7f920b144000 rw-p 00000000 00:00 0 
7f920b144000-7f920c000000 ---p 00000000 00:00 0 
7f920c000000-7f920e58a000 rw-p 00000000 00:00 0 
7f920e58a000-7f9210000000 ---p 00000000 00:00 0 
7f92107b8000-7f92107b9000 rw-p 00000000 00:00 0 
7f92107b9000-7f92107bd000 ---p 00000000 00:00 0 
7f92107bd000-7f92108ba000 rw-p 00000000 00:00 0 
7f92108ba000-7f92108be000 ---p 00000000 00:00 0 
7f92108be000-7f92109ba000 rw-p 00000000 00:00 0 
7f92109ba000-7f92109be000 rw-s 12a89f000 00:11 2111                      anon_inode:i915.gem
7f92109be000-7f92109c0000 rw-s 12a89d000 00:11 2111                      anon_inode:i915.gem
7f9211bc0000-7f92121c0000 rw-s 141290000 00:11 2111                      anon_inode:i915.gem
7f92157c0000-7f92161c0000 rw-s 13d290000 00:11 2111                      anon_inode:i915.gem
7f92161c0000-7f92167c0000 rw-s 13cc8c000 00:11 2111                      anon_inode:i915.gem
7f9216bc0000-7f9216fc0000 rw-s 13c48c000 00:11 2111                      anon_inode:i915.gem
7f92175c0000-7f92179c0000 rw-s 13ba8c000 00:11 2111                      anon_inode:i915.gem
7f92183c0000-7f92189c0000 rw-s 13aa8c000 00:11 2111                      anon_inode:i915.gem
7f92189c0000-7f9218dc0000 rw-s 13a68c000 00:11 2111                      anon_inode:i915.gem
7f92199c0000-7f921a1c0000 rw-s 13928c000 00:11 2111                      anon_inode:i915.gem
7f921a550000-7f921a560000 rw-s 129534000 00:11 2111                      anon_inode:i915.gem
7f921a560000-7f921a570000 rw-s 129634000 00:11 2111                      anon_inode:i915.gem
7f921a570000-7f921a580000 rw-s 129574000 00:11 2111                      anon_inode:i915.gem
7f921a5b0000-7f921a5c0000 rw-s 129504000 00:11 2111                      anon_inode:i915.gem
7f921a5c0000-7f921a9c0000 rw-s 138a8c000 00:11 2111                      anon_inode:i915.gem
7f921a9e0000-7f921a9f0000 rw-s 1294f4000 00:11 2111                      anon_inode:i915.gem
7f921a9f0000-7f921aa00000 rw-s 1294e4000 00:11 2111                      anon_inode:i915.gem
7f921aa00000-7f921aa10000 rw-s 1294d4000 00:11 2111                      anon_inode:i915.gem
7f921aa10000-7f921aa20000 rw-s 129564000 00:11 2111                      anon_inode:i915.gem
7f921aa20000-7f921ac20000 rw-s 13808c000 00:11 2111                      anon_inode:i915.gem
7f921ac20000-7f921ac30000 rw-s 129524000 00:11 2111                      anon_inode:i915.gem
7f921ac30000-7f921ac40000 rw-s 129964000 00:11 2111                      anon_inode:i915.gem
7f921ac40000-7f921ac50000 rw-s 129584000 00:11 2111                      anon_inode:i915.gem
7f921ac50000-7f921ac60000 rw-s 129514000 00:11 2111                      anon_inode:i915.gem
7f921ac60000-7f921ac70000 rw-s 129544000 00:11 2111                      anon_inode:i915.gem
7f921ac70000-7f921ac80000 rw-s 129554000 00:11 2111                      anon_inode:i915.gem
7f921ac80000-7f921ac90000 rw-s 116c76000 00:11 2111                      anon_inode:i915.gem
7f921ac90000-7f921aca0000 rw-s 116c66000 00:11 2111                      anon_inode:i915.gem
7f921aca0000-7f921acb0000 rw-s 10c612000 00:11 2111                      anon_inode:i915.gem
7f921acb0000-7f921acc0000 rw-s 116c46000 00:11 2111                      anon_inode:i915.gem
7f921acc0000-7f921acd0000 rw-s 10ba82000 00:11 2111                      anon_inode:i915.gem
7f921acd0000-7f921ace0000 rw-s 116c56000 00:11 2111                      anon_inode:i915.gem
7f921ace0000-7f921acf0000 rw-s 10baf2000 00:11 2111                      anon_inode:i915.gem
7f921acf0000-7f921ad00000 rw-s 129944000 00:11 2111                      anon_inode:i915.gem
7f921ad00000-7f921ad20000 rw-s 10ba02000 00:11 2111                      anon_inode:i915.gem
7f921ad20000-7f921ad40000 rw-s 10ba92000 00:11 2111                      anon_inode:i915.gem
7f921ad40000-7f921ad50000 rw-s 10b9f2000 00:11 2111                      anon_inode:i915.gem
7f921ad50000-7f921ad60000 rw-s 10ba22000 00:11 2111                      anon_inode:i915.gem
7f921ad60000-7f921ad70000 rw-s 116c86000 00:11 2111                      anon_inode:i915.gem
7f921ad70000-7f921ad80000 rw-s 10bb02000 00:11 2111                      anon_inode:i915.gem
7f921ad80000-7f921ad90000 rw-s 10bac2000 00:11 2111                      anon_inode:i915.gem
7f921ad90000-7f921ada0000 rw-s 10bab2000 00:11 2111                      anon_inode:i915.gem
7f921ada0000-7f921adb0000 rw-s 116c16000 00:11 2111                      anon_inode:i915.gem
7f921adb0000-7f921adc0000 rw-s 129974000 00:11 2111                      anon_inode:i915.gem
7f921adc0000-7f921afc0000 rw-s 137e8c000 00:11 2111                      anon_inode:i915.gem
7f921afc0000-7f921b1c0000 rw-s 13828c000 00:11 2111                      anon_inode:i915.gem
7f921b1c0000-7f921b3c0000 rw-s 116a06000 00:11 2111                      anon_inode:i915.gem
7f921b3c0000-7f921b5c0000 rw-s 10a962000 00:11 2111                      anon_inode:i915.gem
7f921b5c0000-7f921b5c2000 rw-s 137e8a000 00:11 2111                      anon_inode:i915.gem
7f921b5c2000-7f921b5c4000 rw-s 137e88000 00:11 2111                      anon_inode:i915.gem
7f921b5c4000-7f921b5c6000 rw-s 137e86000 00:11 2111                      anon_inode:i915.gem
7f921b5c6000-7f921b7c6000 rw-s 137c86000 00:11 2111                      anon_inode:i915.gem
7f921b7c6000-7f921b7c8000 rw-s 137c84000 00:11 2111                      anon_inode:i915.gem
7f921b7c8000-7f921b9c8000 rw-s 136ec4000 00:11 2111                      anon_inode:i915.gem
7f921b9c8000-7f921bbc8000 rw-s 137884000 00:11 2111                      anon_inode:i915.gem
7f921bbc8000-7f921bdc8000 rw-s 119520000 00:11 2111                      anon_inode:i915.gem
7f921bdc8000-7f921bfc8000 rw-s 137484000 00:11 2111                      anon_inode:i915.gem
7f921bfc8000-7f921c1c8000 rw-s 137a84000 00:11 2111                      anon_inode:i915.gem
7f921c1c8000-7f921c208000 rw-s 137244000 00:11 2111                      anon_inode:i915.gem
7f921c208000-7f921c248000 rw-s 137204000 00:11 2111                      anon_inode:i915.gem
7f921c248000-7f921c288000 rw-s 1371c4000 00:11 2111                      anon_inode:i915.gem
7f921c288000-7f921c2c8000 rw-s 137184000 00:11 2111                      anon_inode:i915.gem
7f921c2c8000-7f921c308000 rw-s 137144000 00:11 2111                      anon_inode:i915.gem
7f921c308000-7f921c348000 rw-s 137104000 00:11 2111                      anon_inode:i915.gem
7f921c348000-7f921c388000 rw-s 1370c4000 00:11 2111                      anon_inode:i915.gem
7f921c388000-7f921c588000 rw-s 137684000 00:11 2111                      anon_inode:i915.gem
7f921c588000-7f921c5c8000 rw-s 136e84000 00:11 2111                      anon_inode:i915.gem
7f921c5c8000-7f921c608000 rw-s 136e44000 00:11 2111                      anon_inode:i915.gem
7f921c608000-7f921c808000 rw-s 136c44000 00:11 2111                      anon_inode:i915.gem
7f921c808000-7f921ca08000 rw-s 136a44000 00:11 2111                      anon_inode:i915.gem
7f921ca08000-7f921cc08000 rw-s 136844000 00:11 2111                      anon_inode:i915.gem
7f921cc08000-7f921ce08000 rw-s 136644000 00:11 2111                      anon_inode:i915.gem
7f921ce08000-7f921d008000 rw-s 136444000 00:11 2111                      anon_inode:i915.gem
7f921d008000-7f921d048000 rw-s 136404000 00:11 2111                      anon_inode:i915.gem
7f921d048000-7f921d088000 rw-s 1363c4000 00:11 2111                      anon_inode:i915.gem
7f921d088000-7f921d0c8000 rw-s 136384000 00:11 2111                      anon_inode:i915.gem
7f921d0c8000-7f921d108000 rw-s 136344000 00:11 2111                      anon_inode:i915.gem
7f921d108000-7f921d148000 rw-s 136304000 00:11 2111                      anon_inode:i915.gem
7f921d148000-7f921d348000 rw-s 136104000 00:11 2111                      anon_inode:i915.gem
7f921d348000-7f921d350000 rw-s 1360fc000 00:11 2111                      anon_inode:i915.gem
7f921d350000-7f921d354000 rw-s 1360f8000 00:11 2111                      anon_inode:i915.gem
7f921d354000-7f921d35c000 rw-s 1360f0000 00:11 2111                      anon_inode:i915.gem
7f921d35c000-7f921d360000 rw-s 1360ec000 00:11 2111                      anon_inode:i915.gem
7f921d360000-7f921d364000 rw-s 1360e8000 00:11 2111                      anon_inode:i915.gem
7f921d364000-7f921d368000 rw-s 1360e4000 00:11 2111                      anon_inode:i915.gem
7f921d368000-7f921d370000 rw-s 1360dc000 00:11 2111                      anon_inode:i915.gem
7f921d370000-7f921d378000 rw-s 1360d4000 00:11 2111                      anon_inode:i915.gem
7f921d378000-7f921d380000 rw-s 1360cc000 00:11 2111                      anon_inode:i915.gem
7f921d380000-7f921d388000 rw-s 1360c4000 00:11 2111                      anon_inode:i915.gem
7f921d388000-7f921d390000 rw-s 1360bc000 00:11 2111                      anon_inode:i915.gem
7f921d390000-7f921d398000 rw-s 1360b4000 00:11 2111                      anon_inode:i915.gem
7f921d398000-7f921d3a0000 rw-s 1360ac000 00:11 2111                      anon_inode:i915.gem
7f921d3a0000-7f921d3a8000 rw-s 1360a4000 00:11 2111                      anon_inode:i915.gem
7f921d3a8000-7f921d3b0000 rw-s 13609c000 00:11 2111                      anon_inode:i915.gem
7f921d3b0000-7f921d3b8000 rw-s 136094000 00:11 2111                      anon_inode:i915.gem
7f921d3b8000-7f921d3c0000 rw-s 13608c000 00:11 2111                      anon_inode:i915.gem
7f921d3c0000-7f921d3c8000 rw-s 136084000 00:11 2111                      anon_inode:i915.gem
7f921d3c8000-7f921d3cc000 rw-s 136080000 00:11 2111                      anon_inode:i915.gem
7f921d3cc000-7f921d3d4000 rw-s 136078000 00:11 2111                      anon_inode:i915.gem
7f921d3d4000-7f921d3dc000 rw-s 136070000 00:11 2111                      anon_inode:i915.gem
7f921d3dc000-7f921d3e0000 rw-s 13606c000 00:11 2111                      anon_inode:i915.gem
7f921d3e0000-7f921d3e4000 rw-s 136068000 00:11 2111                      anon_inode:i915.gem
7f921d3e4000-7f921d3e8000 rw-s 136064000 00:11 2111                      anon_inode:i915.gem
7f921d3e8000-7f921d3ec000 rw-s 136060000 00:11 2111                      anon_inode:i915.gem
7f921d3ec000-7f921d3f0000 rw-s 13605c000 00:11 2111                      anon_inode:i915.gem
7f921d3f0000-7f921d3f4000 rw-s 136058000 00:11 2111                      anon_inode:i915.gem
7f921d3f4000-7f921d3f8000 rw-s 136054000 00:11 2111                      anon_inode:i915.gem
7f921d3f8000-7f921d400000 rw-s 13604c000 00:11 2111                      anon_inode:i915.gem
7f921d400000-7f921d404000 rw-s 136048000 00:11 2111                      anon_inode:i915.gem
7f921d404000-7f921d408000 rw-s 136044000 00:11 2111                      anon_inode:i915.gem
7f921d408000-7f921d40c000 rw-s 136040000 00:11 2111                      anon_inode:i915.gem
7f921d40c000-7f921d410000 rw-s 13603c000 00:11 2111                      anon_inode:i915.gem
7f921d410000-7f921d414000 rw-s 136038000 00:11 2111                      anon_inode:i915.gem
7f921d414000-7f921d418000 rw-s 136034000 00:11 2111                      anon_inode:i915.gem
7f921d418000-7f921d420000 rw-s 13602c000 00:11 2111                      anon_inode:i915.gem
7f921d420000-7f921d424000 rw-s 136028000 00:11 2111                      anon_inode:i915.gem
7f921d424000-7f921d428000 rw-s 136024000 00:11 2111                      anon_inode:i915.gem
7f921d428000-7f921d42c000 rw-s 136020000 00:11 2111                      anon_inode:i915.gem
7f921d42c000-7f921d430000 rw-s 13601c000 00:11 2111                      anon_inode:i915.gem
7f921d430000-7f921d438000 rw-s 136014000 00:11 2111                      anon_inode:i915.gem
7f921d438000-7f921d43c000 rw-s 136010000 00:11 2111                      anon_inode:i915.gem
7f921d43c000-7f921d444000 rw-s 136008000 00:11 2111                      anon_inode:i915.gem
7f921d444000-7f921d448000 rw-s 136004000 00:11 2111                      anon_inode:i915.gem
7f921d448000-7f921d450000 rw-s 135ffc000 00:11 2111                      anon_inode:i915.gem
7f921d450000-7f921d458000 rw-s 135ff4000 00:11 2111                      anon_inode:i915.gem
7f921d458000-7f921d45c000 rw-s 135ff0000 00:11 2111                      anon_inode:i915.gem
7f921d45c000-7f921d464000 rw-s 135fe8000 00:11 2111                      anon_inode:i915.gem
7f921d464000-7f921d46c000 rw-s 135fe0000 00:11 2111                      anon_inode:i915.gem
7f921d46c000-7f921d470000 rw-s 135fdc000 00:11 2111                      anon_inode:i915.gem
7f921d470000-7f921d474000 rw-s 135fd8000 00:11 2111                      anon_inode:i915.gem
7f921d474000-7f921d47c000 rw-s 135fd0000 00:11 2111                      anon_inode:i915.gem
7f921d47c000-7f921d484000 rw-s 135fc8000 00:11 2111                      anon_inode:i915.gem
7f921d484000-7f921d488000 rw-s 135fc4000 00:11 2111                      anon_inode:i915.gem
7f921d488000-7f921d48c000 rw-s 135fc0000 00:11 2111                      anon_inode:i915.gem
7f921d48c000-7f921d494000 rw-s 135fb8000 00:11 2111                      anon_inode:i915.gem
7f921d494000-7f921d498000 rw-s 135fb4000 00:11 2111                      anon_inode:i915.gem
7f921d498000-7f921d4a0000 rw-s 12489e000 00:11 2111                      anon_inode:i915.gem
7f921d4a0000-7f921d4e0000 rw-s 135f74000 00:11 2111                      anon_inode:i915.gem
7f921d4e0000-7f921d520000 rw-s 135f34000 00:11 2111                      anon_inode:i915.gem
7f921d520000-7f921d560000 rw-s 135ef4000 00:11 2111                      anon_inode:i915.gem
7f921d560000-7f921d5a0000 rw-s 135eb4000 00:11 2111                      anon_inode:i915.gem
7f921d5a0000-7f921d5b0000 rw-s 10b9e2000 00:11 2111                      anon_inode:i915.gem
7f921d5b0000-7f921d5c0000 rw-s 10bad2000 00:11 2111                      anon_inode:i915.gem
7f921d5c0000-7f921d5d0000 rw-s 116cb6000 00:11 2111                      anon_inode:i915.gem
7f921d5d0000-7f921d5e0000 rw-s 12f92e000 00:11 2111                      anon_inode:i915.gem
7f921d5e0000-7f921d5f0000 rw-s 129984000 00:11 2111                      anon_inode:i915.gem
7f921d5f0000-7f921d600000 rw-s 116cd6000 00:11 2111                      anon_inode:i915.gem
7f921d600000-7f921d680000 rw-s 10b962000 00:11 2111                      anon_inode:i915.gem
7f921d680000-7f921dc80000 rw-s 1357f4000 00:11 2111                      anon_inode:i915.gem
7f921dc80000-7f921e280000 rw-s 1351f4000 00:11 2111                      anon_inode:i915.gem
7f921e280000-7f921e880000 rw-s 134bf4000 00:11 2111                      anon_inode:i915.gem
7f921e880000-7f921ec80000 rw-s 1347f4000 00:11 2111                      anon_inode:i915.gem
7f921ec80000-7f921f080000 rw-s 1343f4000 00:11 2111                      anon_inode:i915.gem
7f921f080000-7f921f480000 rw-s 133ff4000 00:11 2111                      anon_inode:i915.gem
7f921f480000-7f921f880000 rw-s 133bf4000 00:11 2111                      anon_inode:i915.gem
7f921f880000-7f921fc80000 rw-s 1337f4000 00:11 2111                      anon_inode:i915.gem
7f921fc80000-7f9220080000 rw-s 1333f4000 00:11 2111                      anon_inode:i915.gem
7f9220080000-7f9220480000 rw-s 132ff4000 00:11 2111                      anon_inode:i915.gem
7f9220480000-7f9220a80000 rw-s 1329f4000 00:11 2111                      anon_inode:i915.gem
7f9220a80000-7f9221480000 rw-s 131ff4000 00:11 2111                      anon_inode:i915.gem
7f9221480000-7f9221e80000 rw-s 1315f4000 00:11 2111                      anon_inode:i915.gem
7f9221e80000-7f9222080000 rw-s 1313f4000 00:11 2111                      anon_inode:i915.gem
7f9222080000-7f9222280000 rw-s 1311f4000 00:11 2111                      anon_inode:i915.gem
7f9222280000-7f9222480000 rw-s 130ff4000 00:11 2111                      anon_inode:i915.gem
7f9222480000-7f9222680000 rw-s 130df4000 00:11 2111                      anon_inode:i915.gem
7f9222680000-7f9222880000 rw-s 130bf4000 00:11 2111                      anon_inode:i915.gem
7f9222880000-7f9222a80000 rw-s 1309f4000 00:11 2111                      anon_inode:i915.gem
7f9222a80000-7f9222c80000 rw-s 1307f4000 00:11 2111                      anon_inode:i915.gem
7f9222c80000-7f9222e80000 rw-s 1305f4000 00:11 2111                      anon_inode:i915.gem
7f9222e80000-7f9223080000 rw-s 1303f4000 00:11 2111                      anon_inode:i915.gem
7f9223080000-7f9223280000 rw-s 1301f4000 00:11 2111                      anon_inode:i915.gem
7f9223280000-7f9223480000 rw-s 12fff4000 00:11 2111                      anon_inode:i915.gem
7f9223480000-7f9223680000 rw-s 12fdf4000 00:11 2111                      anon_inode:i915.gem
7f9223680000-7f9223880000 rw-s 12467e000 00:11 2111                      anon_inode:i915.gem
7f9223880000-7f9223a80000 rw-s 12447e000 00:11 2111                      anon_inode:i915.gem
7f9223a80000-7f9223c80000 rw-s 12427e000 00:11 2111                      anon_inode:i915.gem
7f9223c80000-7f9223e80000 rw-s 12407e000 00:11 2111                      anon_inode:i915.gem
7f9223e80000-7f9224080000 rw-s 123e7e000 00:11 2111                      anon_inode:i915.gem
7f9224080000-7f9224280000 rw-s 123c7e000 00:11 2111                      anon_inode:i915.gem
7f9224280000-7f92242c0000 rw-s 123c3e000 00:11 2111                      anon_inode:i915.gem
7f92242c0000-7f92244c0000 rw-s 123a3e000 00:11 2111                      anon_inode:i915.gem
7f92244c0000-7f92246c0000 rw-s 12383e000 00:11 2111                      anon_inode:i915.gem
7f92246c0000-7f92248c0000 rw-s 12363e000 00:11 2111                      anon_inode:i915.gem
7f92248c0000-7f9224ac0000 rw-s 12343e000 00:11 2111                      anon_inode:i915.gem
7f9224ac0000-7f9224cc0000 rw-s 12323e000 00:11 2111                      anon_inode:i915.gem
7f9224cc0000-7f9224ec0000 rw-s 12303e000 00:11 2111                      anon_inode:i915.gem
7f9224ec0000-7f92250c0000 rw-s 122e3e000 00:11 2111                      anon_inode:i915.gem
7f92250c0000-7f9225100000 rw-s 122dfe000 00:11 2111                      anon_inode:i915.gem
7f9225100000-7f9225140000 rw-s 122dbe000 00:11 2111                      anon_inode:i915.gem
7f9225140000-7f9225180000 rw-s 122d7e000 00:11 2111                      anon_inode:i915.gem
7f9225180000-7f92251c0000 rw-s 122d3e000 00:11 2111                      anon_inode:i915.gem
7f92251c0000-7f9225200000 rw-s 122cfe000 00:11 2111                      anon_inode:i915.gem
7f9225200000-7f9225400000 rw-s 122afe000 00:11 2111                      anon_inode:i915.gem
7f9225400000-7f9225600000 rw-s 1228fe000 00:11 2111                      anon_inode:i915.gem
7f9225600000-7f9225800000 rw-s 1226fe000 00:11 2111                      anon_inode:i915.gem
7f9225800000-7f9225840000 rw-s 1226be000 00:11 2111                      anon_inode:i915.gem
7f9225840000-7f9225880000 rw-s 12267e000 00:11 2111                      anon_inode:i915.gem
7f9225880000-7f92258c0000 rw-s 12263e000 00:11 2111                      anon_inode:i915.gem
7f92258c0000-7f9225900000 rw-s 1225fe000 00:11 2111                      anon_inode:i915.gem
7f9225900000-7f9225b00000 rw-s 1223fe000 00:11 2111                      anon_inode:i915.gem
7f9225b00000-7f9225b40000 rw-s 1223be000 00:11 2111                      anon_inode:i915.gem
7f9225b40000-7f9225b80000 rw-s 12237e000 00:11 2111                      anon_inode:i915.gem
7f9225b80000-7f9225bc0000 rw-s 12233e000 00:11 2111                      anon_inode:i915.gem
7f9225bc0000-7f9225c00000 rw-s 1222fe000 00:11 2111                      anon_inode:i915.gem
7f9225c00000-7f9225c40000 rw-s 1222be000 00:11 2111                      anon_inode:i915.gem
7f9225c40000-7f9225c80000 rw-s 12227e000 00:11 2111                      anon_inode:i915.gem
7f9225c80000-7f9225cc0000 rw-s 12223e000 00:11 2111                      anon_inode:i915.gem
7f9225cc0000-7f9225ec0000 rw-s 12203e000 00:11 2111                      anon_inode:i915.gem
7f9225ec0000-7f9225f00000 rw-s 121ffe000 00:11 2111                      anon_inode:i915.gem
7f9225f00000-7f9225f40000 rw-s 121fbe000 00:11 2111                      anon_inode:i915.gem
7f9225f40000-7f9225f80000 rw-s 121f7e000 00:11 2111                      anon_inode:i915.gem
7f9225f80000-7f9226180000 rw-s 121d7e000 00:11 2111                      anon_inode:i915.gem
7f9226180000-7f9226380000 rw-s 121b7e000 00:11 2111                      anon_inode:i915.gem
7f9226380000-7f9226388000 rw-s 121b76000 00:11 2111                      anon_inode:i915.gem
7f9226388000-7f9226390000 rw-s 121b6e000 00:11 2111                      anon_inode:i915.gem
7f9226390000-7f9226398000 rw-s 121b66000 00:11 2111                      anon_inode:i915.gem
7f9226398000-7f92263a0000 rw-s 121b5e000 00:11 2111                      anon_inode:i915.gem
7f92263a0000-7f92263a8000 rw-s 121b56000 00:11 2111                      anon_inode:i915.gem
7f92263a8000-7f92263b0000 rw-s 121b4e000 00:11 2111                      anon_inode:i915.gem
7f92263b0000-7f92263b8000 rw-s 121b46000 00:11 2111                      anon_inode:i915.gem
7f92263b8000-7f92263c0000 rw-s 121b3e000 00:11 2111                      anon_inode:i915.gem
7f92263c0000-7f92263c8000 rw-s 121b36000 00:11 2111                      anon_inode:i915.gem
7f92263c8000-7f92263d0000 rw-s 121b2e000 00:11 2111                      anon_inode:i915.gem
7f92263d0000-7f92263d8000 rw-s 121b26000 00:11 2111                      anon_inode:i915.gem
7f92263d8000-7f92263e0000 rw-s 121b1e000 00:11 2111                      anon_inode:i915.gem
7f92263e0000-7f92263e8000 rw-s 121b16000 00:11 2111                      anon_inode:i915.gem
7f92263e8000-7f92263f0000 rw-s 121b0e000 00:11 2111                      anon_inode:i915.gem
7f92263f0000-7f92263f8000 rw-s 121b06000 00:11 2111                      anon_inode:i915.gem
7f92263f8000-7f9226400000 rw-s 121afe000 00:11 2111                      anon_inode:i915.gem
7f9226400000-7f9226408000 rw-s 121af6000 00:11 2111                      anon_inode:i915.gem
7f9226408000-7f9226410000 rw-s 121aee000 00:11 2111                      anon_inode:i915.gem
7f9226410000-7f9226418000 rw-s 121ae6000 00:11 2111                      anon_inode:i915.gem
7f9226418000-7f9226420000 rw-s 121ade000 00:11 2111                      anon_inode:i915.gem
7f9226420000-7f9226428000 rw-s 121ad6000 00:11 2111                      anon_inode:i915.gem
7f9226428000-7f9226430000 rw-s 121ace000 00:11 2111                      anon_inode:i915.gem
7f9226430000-7f9226438000 rw-s 121ac6000 00:11 2111                      anon_inode:i915.gem
7f9226438000-7f9226440000 rw-s 121abe000 00:11 2111                      anon_inode:i915.gem
7f9226440000-7f9226448000 rw-s 121ab6000 00:11 2111                      anon_inode:i915.gem
7f9226448000-7f9226450000 rw-s 121aae000 00:11 2111                      anon_inode:i915.gem
7f9226450000-7f9226458000 rw-s 121aa6000 00:11 2111                      anon_inode:i915.gem
7f9226458000-7f9226460000 rw-s 121a9e000 00:11 2111                      anon_inode:i915.gem
7f9226460000-7f9226468000 rw-s 121a96000 00:11 2111                      anon_inode:i915.gem
7f9226468000-7f9226470000 rw-s 121a8e000 00:11 2111                      anon_inode:i915.gem
7f9226470000-7f9226478000 rw-s 121a86000 00:11 2111                      anon_inode:i915.gem
7f9226478000-7f9226480000 rw-s 121a7e000 00:11 2111                      anon_inode:i915.gem
7f9226480000-7f9226488000 rw-s 121a76000 00:11 2111                      anon_inode:i915.gem
7f9226488000-7f9226490000 rw-s 121a6e000 00:11 2111                      anon_inode:i915.gem
7f9226490000-7f9226498000 rw-s 121a66000 00:11 2111                      anon_inode:i915.gem
7f9226498000-7f92264a0000 rw-s 121a5e000 00:11 2111                      anon_inode:i915.gem
7f92264a0000-7f92264a8000 rw-s 121a56000 00:11 2111                      anon_inode:i915.gem
7f92264a8000-7f92264b0000 rw-s 121a4e000 00:11 2111                      anon_inode:i915.gem
7f92264b0000-7f92264b8000 rw-s 121a46000 00:11 2111                      anon_inode:i915.gem
7f92264b8000-7f92264c0000 rw-s 121a3e000 00:11 2111                      anon_inode:i915.gem
7f92264c0000-7f92264c8000 rw-s 121a36000 00:11 2111                      anon_inode:i915.gem
7f92264c8000-7f92264cc000 rw-s 121a32000 00:11 2111                      anon_inode:i915.gem
7f92264cc000-7f92264d0000 rw-s 121a2e000 00:11 2111                      anon_inode:i915.gem
7f92264d0000-7f92264d4000 rw-s 121a2a000 00:11 2111                      anon_inode:i915.gem
7f92264d4000-7f92264dc000 rw-s 121a22000 00:11 2111                      anon_inode:i915.gem
7f92264dc000-7f92264e0000 rw-s 121a1e000 00:11 2111                      anon_inode:i915.gem
7f92264e0000-7f92264e8000 rw-s 121a16000 00:11 2111                      anon_inode:i915.gem
7f92264e8000-7f92264ec000 rw-s 121a12000 00:11 2111                      anon_inode:i915.gem
7f92264ec000-7f92264f0000 rw-s 121a0e000 00:11 2111                      anon_inode:i915.gem
7f92264f0000-7f92264f4000 rw-s 121a0a000 00:11 2111                      anon_inode:i915.gem
7f92264f4000-7f92264f8000 rw-s 121a06000 00:11 2111                      anon_inode:i915.gem
7f92264f8000-7f92264fc000 rw-s 121a02000 00:11 2111                      anon_inode:i915.gem
7f92264fc000-7f9226504000 rw-s 1219fa000 00:11 2111                      anon_inode:i915.gem
7f9226504000-7f922650c000 rw-s 1219f2000 00:11 2111                      anon_inode:i915.gem
7f922650c000-7f9226514000 rw-s 1219ea000 00:11 2111                      anon_inode:i915.gem
7f9226514000-7f9226554000 rw-s 1219aa000 00:11 2111                      anon_inode:i915.gem
7f9226554000-7f9226594000 rw-s 12196a000 00:11 2111                      anon_inode:i915.gem
7f9226594000-7f92265d4000 rw-s 12192a000 00:11 2111                      anon_inode:i915.gem
7f92265d4000-7f9226614000 rw-s 1218ea000 00:11 2111                      anon_inode:i915.gem
7f9226614000-7f922661c000 rw-s 1218e2000 00:11 2111                      anon_inode:i915.gem
7f922661c000-7f9226624000 rw-s 1218da000 00:11 2111                      anon_inode:i915.gem
7f9226624000-7f922662c000 rw-s 1218d2000 00:11 2111                      anon_inode:i915.gem
7f922662c000-7f9226634000 rw-s 1218ca000 00:11 2111                      anon_inode:i915.gem
7f9226634000-7f922663c000 rw-s 1218c2000 00:11 2111                      anon_inode:i915.gem
7f922663c000-7f9226644000 rw-s 1218ba000 00:11 2111                      anon_inode:i915.gem
7f9226644000-7f922664c000 rw-s 1218b2000 00:11 2111                      anon_inode:i915.gem
7f922664c000-7f922668c000 rw-s 121872000 00:11 2111                      anon_inode:i915.gem
7f922668c000-7f92266cc000 rw-s 121832000 00:11 2111                      anon_inode:i915.gem
7f92266cc000-7f92266d4000 rw-s 12182a000 00:11 2111                      anon_inode:i915.gem
7f92266d4000-7f92266dc000 rw-s 121822000 00:11 2111                      anon_inode:i915.gem
7f92266dc000-7f92266e4000 rw-s 12181a000 00:11 2111                      anon_inode:i915.gem
7f92266e4000-7f92266ec000 rw-s 121812000 00:11 2111                      anon_inode:i915.gem
7f92266ec000-7f92266f4000 rw-s 12180a000 00:11 2111                      anon_inode:i915.gem
7f92266f4000-7f92266fc000 rw-s 121802000 00:11 2111                      anon_inode:i915.gem
7f92266fc000-7f9226704000 rw-s 1217fa000 00:11 2111                      anon_inode:i915.gem
7f9226704000-7f922670c000 rw-s 1217f2000 00:11 2111                      anon_inode:i915.gem
7f922670c000-7f9226714000 rw-s 1217ea000 00:11 2111                      anon_inode:i915.gem
7f9226714000-7f922671c000 rw-s 1217e2000 00:11 2111                      anon_inode:i915.gem
7f922671c000-7f9226724000 rw-s 1217da000 00:11 2111                      anon_inode:i915.gem
7f9226724000-7f922672c000 rw-s 1217d2000 00:11 2111                      anon_inode:i915.gem
7f922672c000-7f9226734000 rw-s 1217ca000 00:11 2111                      anon_inode:i915.gem
7f9226734000-7f922673c000 rw-s 1217c2000 00:11 2111                      anon_inode:i915.gem
7f922673c000-7f9226744000 rw-s 1217ba000 00:11 2111                      anon_inode:i915.gem
7f9226744000-7f922674c000 rw-s 1217b2000 00:11 2111                      anon_inode:i915.gem
7f922674c000-7f9226750000 rw-s 1217ae000 00:11 2111                      anon_inode:i915.gem
7f9226750000-7f9226758000 rw-s 1217a6000 00:11 2111                      anon_inode:i915.gem
7f9226758000-7f9226760000 rw-s 12179e000 00:11 2111                      anon_inode:i915.gem
7f9226760000-7f9226768000 rw-s 121796000 00:11 2111                      anon_inode:i915.gem
7f9226768000-7f922676c000 rw-s 121792000 00:11 2111                      anon_inode:i915.gem
7f922676c000-7f9226774000 rw-s 12178a000 00:11 2111                      anon_inode:i915.gem
7f9226774000-7f922677c000 rw-s 121782000 00:11 2111                      anon_inode:i915.gem
7f922677c000-7f9226784000 rw-s 12177a000 00:11 2111                      anon_inode:i915.gem
7f9226784000-7f922678c000 rw-s 121772000 00:11 2111                      anon_inode:i915.gem
7f922678c000-7f9226794000 rw-s 12176a000 00:11 2111                      anon_inode:i915.gem
7f9226794000-7f922679c000 rw-s 121762000 00:11 2111                      anon_inode:i915.gem
7f922679c000-7f92267a4000 rw-s 12175a000 00:11 2111                      anon_inode:i915.gem
7f92267a4000-7f92267ac000 rw-s 121752000 00:11 2111                      anon_inode:i915.gem
7f92267ac000-7f92267b4000 rw-s 12174a000 00:11 2111                      anon_inode:i915.gem
7f92267b4000-7f92267bc000 rw-s 121742000 00:11 2111                      anon_inode:i915.gem
7f92267bc000-7f92267c4000 rw-s 12173a000 00:11 2111                      anon_inode:i915.gem
7f92267c4000-7f92267cc000 rw-s 121732000 00:11 2111                      anon_inode:i915.gem
7f92267cc000-7f92267d4000 rw-s 12172a000 00:11 2111                      anon_inode:i915.gem
7f92267d4000-7f92267dc000 rw-s 121722000 00:11 2111                      anon_inode:i915.gem
7f92267dc000-7f92267e4000 rw-s 12171a000 00:11 2111                      anon_inode:i915.gem
7f92267e4000-7f92267ec000 rw-s 121712000 00:11 2111                      anon_inode:i915.gem
7f92267ec000-7f92267f4000 rw-s 12170a000 00:11 2111                      anon_inode:i915.gem
7f92267f4000-7f92267fc000 rw-s 121702000 00:11 2111                      anon_inode:i915.gem
7f92267fc000-7f9226804000 rw-s 1216fa000 00:11 2111                      anon_inode:i915.gem
7f9226804000-7f922680c000 rw-s 1216f2000 00:11 2111                      anon_inode:i915.gem
7f922680c000-7f9226814000 rw-s 1216ea000 00:11 2111                      anon_inode:i915.gem
7f9226814000-7f922681c000 rw-s 1216e2000 00:11 2111                      anon_inode:i915.gem
7f922681c000-7f9226824000 rw-s 1216da000 00:11 2111                      anon_inode:i915.gem
7f9226824000-7f922682c000 rw-s 1216d2000 00:11 2111                      anon_inode:i915.gem
7f922682c000-7f9226834000 rw-s 1216ca000 00:11 2111                      anon_inode:i915.gem
7f9226834000-7f922683c000 rw-s 1216c2000 00:11 2111                      anon_inode:i915.gem
7f922683c000-7f9226844000 rw-s 1216ba000 00:11 2111                      anon_inode:i915.gem
7f9226844000-7f922684c000 rw-s 1216b2000 00:11 2111                      anon_inode:i915.gem
7f922684c000-7f9226854000 rw-s 1216aa000 00:11 2111                      anon_inode:i915.gem
7f9226854000-7f922685c000 rw-s 1216a2000 00:11 2111                      anon_inode:i915.gem
7f922685c000-7f9226864000 rw-s 12169a000 00:11 2111                      anon_inode:i915.gem
7f9226864000-7f922686c000 rw-s 121692000 00:11 2111                      anon_inode:i915.gem
7f922686c000-7f9226874000 rw-s 12168a000 00:11 2111                      anon_inode:i915.gem
7f9226874000-7f922687c000 rw-s 121682000 00:11 2111                      anon_inode:i915.gem
7f922687c000-7f9226884000 rw-s 12167a000 00:11 2111                      anon_inode:i915.gem
7f9226884000-7f922688c000 rw-s 121672000 00:11 2111                      anon_inode:i915.gem
7f922688c000-7f9226894000 rw-s 12166a000 00:11 2111                      anon_inode:i915.gem
7f9226894000-7f922689c000 rw-s 121662000 00:11 2111                      anon_inode:i915.gem
7f922689c000-7f92268a4000 rw-s 12165a000 00:11 2111                      anon_inode:i915.gem
7f92268a4000-7f92268ac000 rw-s 121652000 00:11 2111                      anon_inode:i915.gem
7f92268ac000-7f92268b4000 rw-s 12164a000 00:11 2111                      anon_inode:i915.gem
7f92268b4000-7f92268bc000 rw-s 121642000 00:11 2111                      anon_inode:i915.gem
7f92268bc000-7f92268c4000 rw-s 12163a000 00:11 2111                      anon_inode:i915.gem
7f92268c4000-7f92268cc000 rw-s 121632000 00:11 2111                      anon_inode:i915.gem
7f92268cc000-7f92268d4000 rw-s 12162a000 00:11 2111                      anon_inode:i915.gem
7f92268d4000-7f92268dc000 rw-s 121622000 00:11 2111                      anon_inode:i915.gem
7f92268dc000-7f92268e4000 rw-s 12161a000 00:11 2111                      anon_inode:i915.gem
7f92268e4000-7f92268ec000 rw-s 121612000 00:11 2111                      anon_inode:i915.gem
7f92268ec000-7f92268f4000 rw-s 12160a000 00:11 2111                      anon_inode:i915.gem
7f92268f4000-7f92268fc000 rw-s 121602000 00:11 2111                      anon_inode:i915.gem
7f92268fc000-7f9226904000 rw-s 1215fa000 00:11 2111                      anon_inode:i915.gem
7f9226904000-7f922690c000 rw-s 1215f2000 00:11 2111                      anon_inode:i915.gem
7f922690c000-7f9226914000 rw-s 1215ea000 00:11 2111                      anon_inode:i915.gem
7f9226914000-7f922691c000 rw-s 1215e2000 00:11 2111                      anon_inode:i915.gem
7f922691c000-7f9226924000 rw-s 1215da000 00:11 2111                      anon_inode:i915.gem
7f9226924000-7f922692c000 rw-s 1215d2000 00:11 2111                      anon_inode:i915.gem
7f922692c000-7f9226934000 rw-s 1215ca000 00:11 2111                      anon_inode:i915.gem
7f9226934000-7f922693c000 rw-s 1215c2000 00:11 2111                      anon_inode:i915.gem
7f922693c000-7f9226944000 rw-s 1215ba000 00:11 2111                      anon_inode:i915.gem
7f9226944000-7f922694c000 rw-s 1215b2000 00:11 2111                      anon_inode:i915.gem
7f922694c000-7f9226954000 rw-s 1215aa000 00:11 2111                      anon_inode:i915.gem
7f9226954000-7f922695c000 rw-s 1215a2000 00:11 2111                      anon_inode:i915.gem
7f922695c000-7f9226964000 rw-s 12159a000 00:11 2111                      anon_inode:i915.gem
7f9226964000-7f922696c000 rw-s 121592000 00:11 2111                      anon_inode:i915.gem
7f922696c000-7f9226974000 rw-s 12158a000 00:11 2111                      anon_inode:i915.gem
7f9226974000-7f922697c000 rw-s 121582000 00:11 2111                      anon_inode:i915.gem
7f922697c000-7f9226984000 rw-s 12157a000 00:11 2111                      anon_inode:i915.gem
7f9226984000-7f922698c000 rw-s 121572000 00:11 2111                      anon_inode:i915.gem
7f922698c000-7f9226994000 rw-s 12156a000 00:11 2111                      anon_inode:i915.gem
7f9226994000-7f922699c000 rw-s 121562000 00:11 2111                      anon_inode:i915.gem
7f922699c000-7f92269a4000 rw-s 12155a000 00:11 2111                      anon_inode:i915.gem
7f92269a4000-7f92269ac000 rw-s 121552000 00:11 2111                      anon_inode:i915.gem
7f92269ac000-7f92269ec000 rw-s 121512000 00:11 2111                      anon_inode:i915.gem
7f92269ec000-7f9226a2c000 rw-s 1214d2000 00:11 2111                      anon_inode:i915.gem
7f9226a2c000-7f9226a6c000 rw-s 121492000 00:11 2111                      anon_inode:i915.gem
7f9226a6c000-7f9226a74000 rw-s 12148a000 00:11 2111                      anon_inode:i915.gem
7f9226a74000-7f9226a7c000 rw-s 121482000 00:11 2111                      anon_inode:i915.gem
7f9226a7c000-7f9226a80000 rw-s 12147e000 00:11 2111                      anon_inode:i915.gem
7f9226a80000-7f9226a84000 rw-s 12147a000 00:11 2111                      anon_inode:i915.gem
7f9226a84000-7f9226a8c000 rw-s 121472000 00:11 2111                      anon_inode:i915.gem
7f9226a8c000-7f9226a94000 rw-s 12146a000 00:11 2111                      anon_inode:i915.gem
7f9226a94000-7f9226a9c000 rw-s 121462000 00:11 2111                      anon_inode:i915.gem
7f9226a9c000-7f9226aa4000 rw-s 12145a000 00:11 2111                      anon_inode:i915.gem
7f9226aa4000-7f9226aac000 rw-s 121452000 00:11 2111                      anon_inode:i915.gem
7f9226aac000-7f9226ab0000 rw-s 12144e000 00:11 2111                      anon_inode:i915.gem
7f9226ab0000-7f9226ab8000 rw-s 121446000 00:11 2111                      anon_inode:i915.gem
7f9226ab8000-7f9226ac0000 rw-s 12143e000 00:11 2111                      anon_inode:i915.gem
7f9226ac0000-7f9226ac8000 rw-s 121436000 00:11 2111                      anon_inode:i915.gem
7f9226ac8000-7f9226ad0000 rw-s 12142e000 00:11 2111                      anon_inode:i915.gem
7f9226ad0000-7f9226ad8000 rw-s 121426000 00:11 2111                      anon_inode:i915.gem
7f9226ad8000-7f9226ae0000 rw-s 12141e000 00:11 2111                      anon_inode:i915.gem
7f9226ae0000-7f9226ae8000 rw-s 121416000 00:11 2111                      anon_inode:i915.gem
7f9226ae8000-7f9226af0000 rw-s 12140e000 00:11 2111                      anon_inode:i915.gem
7f9226af0000-7f9226af8000 rw-s 121406000 00:11 2111                      anon_inode:i915.gem
7f9226af8000-7f9226b00000 rw-s 1213fe000 00:11 2111                      anon_inode:i915.gem
7f9226b00000-7f9226b04000 rw-s 1213fa000 00:11 2111                      anon_inode:i915.gem
7f9226b04000-7f9226b08000 rw-s 1213f6000 00:11 2111                      anon_inode:i915.gem
7f9226b08000-7f9226b0c000 rw-s 1213f2000 00:11 2111                      anon_inode:i915.gem
7f9226b0c000-7f9226b10000 rw-s 1213ee000 00:11 2111                      anon_inode:i915.gem
7f9226b10000-7f9226b14000 rw-s 1213ea000 00:11 2111                      anon_inode:i915.gem
7f9226b14000-7f9226b18000 rw-s 1213e6000 00:11 2111                      anon_inode:i915.gem
7f9226b18000-7f9226b1c000 rw-s 1213e2000 00:11 2111                      anon_inode:i915.gem
7f9226b1c000-7f9226b20000 rw-s 1213de000 00:11 2111                      anon_inode:i915.gem
7f9226b20000-7f9226b28000 rw-s 1213d6000 00:11 2111                      anon_inode:i915.gem
7f9226b28000-7f9226b2c000 rw-s 1213d2000 00:11 2111                      anon_inode:i915.gem
7f9226b2c000-7f9226b30000 rw-s 1213ce000 00:11 2111                      anon_inode:i915.gem
7f9226b30000-7f9226b34000 rw-s 1213ca000 00:11 2111                      anon_inode:i915.gem
7f9226b34000-7f9226b38000 rw-s 1213c6000 00:11 2111                      anon_inode:i915.gem
7f9226b38000-7f9226b3c000 rw-s 1213c2000 00:11 2111                      anon_inode:i915.gem
7f9226b3c000-7f9226b40000 rw-s 1213be000 00:11 2111                      anon_inode:i915.gem
7f9226b40000-7f9226b44000 rw-s 1213ba000 00:11 2111                      anon_inode:i915.gem
7f9226b44000-7f9226b48000 rw-s 1213b6000 00:11 2111                      anon_inode:i915.gem
7f9226b48000-7f9226b4c000 rw-s 1213b2000 00:11 2111                      anon_inode:i915.gem
7f9226b4c000-7f9226b54000 rw-s 1213aa000 00:11 2111                      anon_inode:i915.gem
7f9226b54000-7f9226b5c000 rw-s 1213a2000 00:11 2111                      anon_inode:i915.gem
7f9226b5c000-7f9226b60000 rw-s 12139e000 00:11 2111                      anon_inode:i915.gem
7f9226b60000-7f9226b68000 rw-s 121396000 00:11 2111                      anon_inode:i915.gem
7f9226b68000-7f9226b6c000 rw-s 121392000 00:11 2111                      anon_inode:i915.gem
7f9226b6c000-7f9226b74000 rw-s 12138a000 00:11 2111                      anon_inode:i915.gem
7f9226b74000-7f9226b78000 rw-s 121386000 00:11 2111                      anon_inode:i915.gem
7f9226b78000-7f9226b7c000 rw-s 121382000 00:11 2111                      anon_inode:i915.gem
7f9226b7c000-7f9226b80000 rw-s 12137e000 00:11 2111                      anon_inode:i915.gem
7f9226b80000-7f9226b84000 rw-s 12137a000 00:11 2111                      anon_inode:i915.gem
7f9226b84000-7f9226b88000 rw-s 121376000 00:11 2111                      anon_inode:i915.gem
7f9226b88000-7f9226b8c000 rw-s 121372000 00:11 2111                      anon_inode:i915.gem
7f9226b8c000-7f9226b94000 rw-s 12136a000 00:11 2111                      anon_inode:i915.gem
7f9226b94000-7f9226b98000 rw-s 121366000 00:11 2111                      anon_inode:i915.gem
7f9226b98000-7f9226b9c000 rw-s 121362000 00:11 2111                      anon_inode:i915.gem
7f9226b9c000-7f9226ba0000 rw-s 12135e000 00:11 2111                      anon_inode:i915.gem
7f9226ba0000-7f9226ba4000 rw-s 12135a000 00:11 2111                      anon_inode:i915.gem
7f9226ba4000-7f9226ba8000 rw-s 121356000 00:11 2111                      anon_inode:i915.gem
7f9226ba8000-7f9226bb0000 rw-s 12134e000 00:11 2111                      anon_inode:i915.gem
7f9226bb0000-7f9226bb8000 rw-s 121346000 00:11 2111                      anon_inode:i915.gem
7f9226bb8000-7f9226bc0000 rw-s 12133e000 00:11 2111                      anon_inode:i915.gem
7f9226bc0000-7f9226bc8000 rw-s 121336000 00:11 2111                      anon_inode:i915.gem
7f9226bc8000-7f9226bd0000 rw-s 12132e000 00:11 2111                      anon_inode:i915.gem
7f9226bd0000-7f9226bd8000 rw-s 121326000 00:11 2111                      anon_inode:i915.gem
7f9226bd8000-7f9226be0000 rw-s 12131e000 00:11 2111                      anon_inode:i915.gem
7f9226be0000-7f9226be8000 rw-s 121316000 00:11 2111                      anon_inode:i915.gem
7f9226be8000-7f9226bf0000 rw-s 12130e000 00:11 2111                      anon_inode:i915.gem
7f9226bf0000-7f9226bf8000 rw-s 121306000 00:11 2111                      anon_inode:i915.gem
7f9226bf8000-7f9226c00000 rw-s 1212fe000 00:11 2111                      anon_inode:i915.gem
7f9226c00000-7f9227200000 rw-s 120c28000 00:11 2111                      anon_inode:i915.gem
7f9227200000-7f9227a00000 rw-s 120428000 00:11 2111                      anon_inode:i915.gem
7f9227a00000-7f9227e00000 rw-s 120028000 00:11 2111                      anon_inode:i915.gem
7f9227e00000-7f9228000000 rw-s 11fda8000 00:11 2111                      anon_inode:i915.gem
7f9228000000-7f922bff9000 rw-p 00000000 00:00 0 
7f922bff9000-7f922c000000 ---p 00000000 00:00 0 
7f922c000000-7f922c008000 rw-s 1212f6000 00:11 2111                      anon_inode:i915.gem
7f922c008000-7f922c010000 rw-s 1212ee000 00:11 2111                      anon_inode:i915.gem
7f922c010000-7f922c018000 rw-s 1212e6000 00:11 2111                      anon_inode:i915.gem
7f922c018000-7f922c01c000 rw-s 1212e2000 00:11 2111                      anon_inode:i915.gem
7f922c01c000-7f922c024000 rw-s 1212da000 00:11 2111                      anon_inode:i915.gem
7f922c024000-7f922c028000 rw-s 1212d6000 00:11 2111                      anon_inode:i915.gem
7f922c028000-7f922c02c000 rw-s 1212d2000 00:11 2111                      anon_inode:i915.gem
7f922c02c000-7f922c030000 rw-s 1212ce000 00:11 2111                      anon_inode:i915.gem
7f922c030000-7f922c034000 rw-s 1212ca000 00:11 2111                      anon_inode:i915.gem
7f922c034000-7f922c038000 rw-s 1212c6000 00:11 2111                      anon_inode:i915.gem
7f922c038000-7f922c040000 rw-s 1212be000 00:11 2111                      anon_inode:i915.gem
7f922c040000-7f922c048000 rw-s 1212b6000 00:11 2111                      anon_inode:i915.gem
7f922c048000-7f922c050000 rw-s 1212ae000 00:11 2111                      anon_inode:i915.gem
7f922c050000-7f922c058000 rw-s 1212a6000 00:11 2111                      anon_inode:i915.gem
7f922c058000-7f922c05c000 rw-s 1212a2000 00:11 2111                      anon_inode:i915.gem
7f922c05c000-7f922c060000 rw-s 12129e000 00:11 2111                      anon_inode:i915.gem
7f922c060000-7f922c064000 rw-s 12129a000 00:11 2111                      anon_inode:i915.gem
7f922c064000-7f922c06c000 rw-s 121292000 00:11 2111                      anon_inode:i915.gem
7f922c06c000-7f922c070000 rw-s 12128e000 00:11 2111                      anon_inode:i915.gem
7f922c070000-7f922c074000 rw-s 12128a000 00:11 2111                      anon_inode:i915.gem
7f922c074000-7f922c078000 rw-s 121286000 00:11 2111                      anon_inode:i915.gem
7f922c078000-7f922c07c000 rw-s 121282000 00:11 2111                      anon_inode:i915.gem
7f922c07c000-7f922c080000 rw-s 12127e000 00:11 2111                      anon_inode:i915.gem
7f922c080000-7f922c084000 rw-s 12127a000 00:11 2111                      anon_inode:i915.gem
7f922c084000-7f922c088000 rw-s 121276000 00:11 2111                      anon_inode:i915.gem
7f922c088000-7f922c08c000 rw-s 121272000 00:11 2111                      anon_inode:i915.gem
7f922c08c000-7f922c090000 rw-s 12126e000 00:11 2111                      anon_inode:i915.gem
7f922c090000-7f922c094000 rw-s 12126a000 00:11 2111                      anon_inode:i915.gem
7f922c094000-7f922c098000 rw-s 121266000 00:11 2111                      anon_inode:i915.gem
7f922c098000-7f922c09c000 rw-s 121262000 00:11 2111                      anon_inode:i915.gem
7f922c09c000-7f922c0a0000 rw-s 12125e000 00:11 2111                      anon_inode:i915.gem
7f922c0a0000-7f922c0a4000 rw-s 12125a000 00:11 2111                      anon_inode:i915.gem
7f922c0a4000-7f922c0a8000 rw-s 121256000 00:11 2111                      anon_inode:i915.gem
7f922c0a8000-7f922c0ac000 rw-s 121252000 00:11 2111                      anon_inode:i915.gem
7f922c0ac000-7f922c0b0000 rw-s 12124e000 00:11 2111                      anon_inode:i915.gem
7f922c0b0000-7f922c0b2000 rw-s 12124c000 00:11 2111                      anon_inode:i915.gem
7f922c0b2000-7f922c0b6000 rw-s 121248000 00:11 2111                      anon_inode:i915.gem
7f922c0b6000-7f922c0b8000 rw-s 121246000 00:11 2111                      anon_inode:i915.gem
7f922c0b8000-7f922c0ba000 rw-s 121244000 00:11 2111                      anon_inode:i915.gem
7f922c0ba000-7f922c0c2000 rw-s 12123c000 00:11 2111                      anon_inode:i915.gem
7f922c0c2000-7f922c0c6000 rw-s 121238000 00:11 2111                      anon_inode:i915.gem
7f922c0c6000-7f922c0c8000 rw-s 121236000 00:11 2111                      anon_inode:i915.gem
7f922c0c8000-7f922c0ca000 rw-s 121234000 00:11 2111                      anon_inode:i915.gem
7f922c0ca000-7f922c0cc000 rw-s 121232000 00:11 2111                      anon_inode:i915.gem
7f922c0cc000-7f922c0ce000 rw-s 121230000 00:11 2111                      anon_inode:i915.gem
7f922c0ce000-7f922c0d0000 rw-s 12122e000 00:11 2111                      anon_inode:i915.gem
7f922c0d0000-7f922c0d2000 rw-s 12122c000 00:11 2111                      anon_inode:i915.gem
7f922c0d2000-7f922c0d4000 rw-s 12122a000 00:11 2111                      anon_inode:i915.gem
7f922c0d4000-7f922c0d6000 rw-s 121228000 00:11 2111                      anon_inode:i915.gem
7f922c0d6000-7f922c116000 rw-s 11ffe8000 00:11 2111                      anon_inode:i915.gem
7f922c116000-7f922c156000 rw-s 11ffa8000 00:11 2111                      anon_inode:i915.gem
7f922c156000-7f922c196000 rw-s 11fd68000 00:11 2111                      anon_inode:i915.gem
7f922c196000-7f922c1d6000 rw-s 11fd28000 00:11 2111                      anon_inode:i915.gem
7f922c1d6000-7f922c3d6000 rw-s 11fb28000 00:11 2111                      anon_inode:i915.gem
7f922c3d6000-7f922c416000 rw-s 11fae8000 00:11 2111                      anon_inode:i915.gem
7f922c416000-7f922c456000 rw-s 11faa8000 00:11 2111                      anon_inode:i915.gem
7f922c456000-7f922c496000 rw-s 11fa68000 00:11 2111                      anon_inode:i915.gem
7f922c496000-7f922c49a000 rw-s 11fa64000 00:11 2111                      anon_inode:i915.gem
7f922c49a000-7f922c49e000 rw-s 11fa60000 00:11 2111                      anon_inode:i915.gem
7f922c49e000-7f922c4a2000 rw-s 11fa5c000 00:11 2111                      anon_inode:i915.gem
7f922c4a2000-7f922c4a6000 rw-s 11fa58000 00:11 2111                      anon_inode:i915.gem
7f922c4a6000-7f922c4aa000 rw-s 11fa54000 00:11 2111                      anon_inode:i915.gem
7f922c4aa000-7f922c4ae000 rw-s 11fa50000 00:11 2111                      anon_inode:i915.gem
7f922c4ae000-7f922c4b6000 rw-s 11fa48000 00:11 2111                      anon_inode:i915.gem
7f922c4b6000-7f922c4ba000 rw-s 11fa44000 00:11 2111                      anon_inode:i915.gem
7f922c4ba000-7f922c4c2000 rw-s 11fa3c000 00:11 2111                      anon_inode:i915.gem
7f922c4c2000-7f922c4c6000 rw-s 11fa38000 00:11 2111                      anon_inode:i915.gem
7f922c4c6000-7f922c4ca000 rw-s 11fa34000 00:11 2111                      anon_inode:i915.gem
7f922c4ca000-7f922c4ce000 rw-s 11fa30000 00:11 2111                      anon_inode:i915.gem
7f922c4ce000-7f922c4d6000 rw-s 11fa28000 00:11 2111                      anon_inode:i915.gem
7f922c4d6000-7f922c4da000 rw-s 11fa24000 00:11 2111                      anon_inode:i915.gem
7f922c4da000-7f922c4e2000 rw-s 11fa1c000 00:11 2111                      anon_inode:i915.gem
7f922c4e2000-7f922c4e6000 rw-s 11fa18000 00:11 2111                      anon_inode:i915.gem
7f922c4e6000-7f922c4ee000 rw-s 11fa10000 00:11 2111                      anon_inode:i915.gem
7f922c4ee000-7f922c4f6000 rw-s 11fa08000 00:11 2111                      anon_inode:i915.gem
7f922c4f6000-7f922c4fa000 rw-s 11fa04000 00:11 2111                      anon_inode:i915.gem
7f922c4fa000-7f922c4fe000 rw-s 11fa00000 00:11 2111                      anon_inode:i915.gem
7f922c4fe000-7f922c502000 rw-s 11f9fc000 00:11 2111                      anon_inode:i915.gem
7f922c502000-7f922c506000 rw-s 11f9f8000 00:11 2111                      anon_inode:i915.gem
7f922c506000-7f922c50a000 rw-s 11f9f4000 00:11 2111                      anon_inode:i915.gem
7f922c50a000-7f922c50e000 rw-s 11f9f0000 00:11 2111                      anon_inode:i915.gem
7f922c50e000-7f922c512000 rw-s 11f9ec000 00:11 2111                      anon_inode:i915.gem
7f922c512000-7f922c516000 rw-s 11f9e8000 00:11 2111                      anon_inode:i915.gem
7f922c516000-7f922c51a000 rw-s 11f9e4000 00:11 2111                      anon_inode:i915.gem
7f922c51a000-7f922c51e000 rw-s 11f9e0000 00:11 2111                      anon_inode:i915.gem
7f922c51e000-7f922c520000 rw-s 11f9de000 00:11 2111                      anon_inode:i915.gem
7f922c520000-7f922c522000 rw-s 11f9dc000 00:11 2111                      anon_inode:i915.gem
7f922c522000-7f922c524000 rw-s 11f9da000 00:11 2111                      anon_inode:i915.gem
7f922c524000-7f922c526000 rw-s 11f9d8000 00:11 2111                      anon_inode:i915.gem
7f922c526000-7f922c52a000 rw-s 11f9d4000 00:11 2111                      anon_inode:i915.gem
7f922c52a000-7f922c52e000 rw-s 11f9d0000 00:11 2111                      anon_inode:i915.gem
7f922c52e000-7f922c532000 rw-s 11f9cc000 00:11 2111                      anon_inode:i915.gem
7f922c532000-7f922c534000 rw-s 11f9ca000 00:11 2111                      anon_inode:i915.gem
7f922c534000-7f922c536000 rw-s 11f9c8000 00:11 2111                      anon_inode:i915.gem
7f922c536000-7f922c538000 rw-s 11f9c6000 00:11 2111                      anon_inode:i915.gem
7f922c538000-7f922c53a000 rw-s 11f9c4000 00:11 2111                      anon_inode:i915.gem
7f922c53a000-7f922c53c000 rw-s 11f9c2000 00:11 2111                      anon_inode:i915.gem
7f922c53c000-7f922c544000 rw-s 11f9ba000 00:11 2111                      anon_inode:i915.gem
7f922c544000-7f922c548000 rw-s 11f9b6000 00:11 2111                      anon_inode:i915.gem
7f922c548000-7f922c54c000 rw-s 11f9b2000 00:11 2111                      anon_inode:i915.gem
7f922c54c000-7f922c550000 rw-s 11f9ae000 00:11 2111                      anon_inode:i915.gem
7f922c550000-7f922c554000 rw-s 11f9aa000 00:11 2111                      anon_inode:i915.gem
7f922c554000-7f922c558000 rw-s 11f9a6000 00:11 2111                      anon_inode:i915.gem
7f922c558000-7f922c560000 rw-s 11f99e000 00:11 2111                      anon_inode:i915.gem
7f922c560000-7f922c564000 rw-s 11f99a000 00:11 2111                      anon_inode:i915.gem
7f922c564000-7f922c568000 rw-s 11f996000 00:11 2111                      anon_inode:i915.gem
7f922c568000-7f922c570000 rw-s 11f98e000 00:11 2111                      anon_inode:i915.gem
7f922c570000-7f922c578000 rw-s 11f986000 00:11 2111                      anon_inode:i915.gem
7f922c578000-7f922c57c000 rw-s 11f982000 00:11 2111                      anon_inode:i915.gem
7f922c57c000-7f922c580000 rw-s 11f97e000 00:11 2111                      anon_inode:i915.gem
7f922c580000-7f922c588000 rw-s 11f976000 00:11 2111                      anon_inode:i915.gem
7f922c588000-7f922c58c000 rw-s 11f972000 00:11 2111                      anon_inode:i915.gem
7f922c58c000-7f922c590000 rw-s 11f96e000 00:11 2111                      anon_inode:i915.gem
7f922c590000-7f922c598000 rw-s 11f966000 00:11 2111                      anon_inode:i915.gem
7f922c598000-7f922c59c000 rw-s 11f962000 00:11 2111                      anon_inode:i915.gem
7f922c59c000-7f922c5a4000 rw-s 11f95a000 00:11 2111                      anon_inode:i915.gem
7f922c5a4000-7f922c5a8000 rw-s 11f956000 00:11 2111                      anon_inode:i915.gem
7f922c5a8000-7f922c5b0000 rw-s 11f94e000 00:11 2111                      anon_inode:i915.gem
7f922c5b0000-7f922c5b8000 rw-s 11f946000 00:11 2111                      anon_inode:i915.gem
7f922c5b8000-7f922c5c0000 rw-s 11f93e000 00:11 2111                      anon_inode:i915.gem
7f922c5c0000-7f922c5c8000 rw-s 11f936000 00:11 2111                      anon_inode:i915.gem
7f922c5c8000-7f922c5d0000 rw-s 11f92e000 00:11 2111                      anon_inode:i915.gem
7f922c5d0000-7f922c5d8000 rw-s 11f926000 00:11 2111                      anon_inode:i915.gem
7f922c5d8000-7f922c5e0000 rw-s 11f91e000 00:11 2111                      anon_inode:i915.gem
7f922c5e0000-7f922c5e8000 rw-s 11f916000 00:11 2111                      anon_inode:i915.gem
7f922c5e8000-7f922c5f0000 rw-s 11f90e000 00:11 2111                      anon_inode:i915.gem
7f922c5f0000-7f922c5f8000 rw-s 11f906000 00:11 2111                      anon_inode:i915.gem
7f922c5f8000-7f922c600000 rw-s 11f8fe000 00:11 2111                      anon_inode:i915.gem
7f922c600000-7f922c608000 rw-s 11f8f6000 00:11 2111                      anon_inode:i915.gem
7f922c608000-7f922c610000 rw-s 11f8ee000 00:11 2111                      anon_inode:i915.gem
7f922c610000-7f922c618000 rw-s 11f8e6000 00:11 2111                      anon_inode:i915.gem
7f922c618000-7f922c620000 rw-s 11f8de000 00:11 2111                      anon_inode:i915.gem
7f922c620000-7f922c628000 rw-s 11f8d6000 00:11 2111                      anon_inode:i915.gem
7f922c628000-7f922c630000 rw-s 11f8ce000 00:11 2111                      anon_inode:i915.gem
7f922c630000-7f922c638000 rw-s 11f8c6000 00:11 2111                      anon_inode:i915.gem
7f922c638000-7f922c640000 rw-s 11f8be000 00:11 2111                      anon_inode:i915.gem
7f922c640000-7f922c648000 rw-s 11f8b6000 00:11 2111                      anon_inode:i915.gem
7f922c648000-7f922c650000 rw-s 11f8ae000 00:11 2111                      anon_inode:i915.gem
7f922c650000-7f922c658000 rw-s 11f8a6000 00:11 2111                      anon_inode:i915.gem
7f922c658000-7f922c698000 rw-s 11f866000 00:11 2111                      anon_inode:i915.gem
7f922c698000-7f922c6d8000 rw-s 11f826000 00:11 2111                      anon_inode:i915.gem
7f922c6d8000-7f922c718000 rw-s 11f7e6000 00:11 2111                      anon_inode:i915.gem
7f922c718000-7f922c758000 rw-s 11f7a6000 00:11 2111                      anon_inode:i915.gem
7f922c758000-7f922c798000 rw-s 11f766000 00:11 2111                      anon_inode:i915.gem
7f922c798000-7f922c7d8000 rw-s 11f726000 00:11 2111                      anon_inode:i915.gem
7f922c7d8000-7f922c818000 rw-s 11f6e6000 00:11 2111                      anon_inode:i915.gem
7f922c818000-7f922c858000 rw-s 11f6a6000 00:11 2111                      anon_inode:i915.gem
7f922c858000-7f922c898000 rw-s 11f666000 00:11 2111                      anon_inode:i915.gem
7f922c898000-7f922c8d8000 rw-s 11f626000 00:11 2111                      anon_inode:i915.gem
7f922c8d8000-7f922c918000 rw-s 11f5e6000 00:11 2111                      anon_inode:i915.gem
7f922c918000-7f922c958000 rw-s 11f5a6000 00:11 2111                      anon_inode:i915.gem
7f922c958000-7f922c998000 rw-s 11f566000 00:11 2111                      anon_inode:i915.gem
7f922c998000-7f922c9a0000 rw-s 11f55e000 00:11 2111                      anon_inode:i915.gem
7f922c9a0000-7f922c9a8000 rw-s 11f556000 00:11 2111                      anon_inode:i915.gem
7f922c9a8000-7f922c9b0000 rw-s 11f54e000 00:11 2111                      anon_inode:i915.gem
7f922c9b0000-7f922c9b8000 rw-s 11f546000 00:11 2111                      anon_inode:i915.gem
7f922c9b8000-7f922c9c0000 rw-s 11f53e000 00:11 2111                      anon_inode:i915.gem
7f922c9c0000-7f922c9c8000 rw-s 11f536000 00:11 2111                      anon_inode:i915.gem
7f922c9c8000-7f922c9d0000 rw-s 11f52e000 00:11 2111                      anon_inode:i915.gem
7f922c9d0000-7f922c9d8000 rw-s 11f526000 00:11 2111                      anon_inode:i915.gem
7f922c9d8000-7f922c9e0000 rw-s 11f51e000 00:11 2111                      anon_inode:i915.gem
7f922c9e0000-7f922c9e8000 rw-s 11f516000 00:11 2111                      anon_inode:i915.gem
7f922c9e8000-7f922c9ec000 rw-s 11f512000 00:11 2111                      anon_inode:i915.gem
7f922c9ec000-7f922c9f4000 rw-s 11f50a000 00:11 2111                      anon_inode:i915.gem
7f922c9f4000-7f922c9fc000 rw-s 11f502000 00:11 2111                      anon_inode:i915.gem
7f922c9fc000-7f922ca00000 rw-s 11f4fe000 00:11 2111                      anon_inode:i915.gem
7f922ca00000-7f922ca04000 rw-s 11f4fa000 00:11 2111                      anon_inode:i915.gem
7f922ca04000-7f922ca08000 rw-s 11f4f6000 00:11 2111                      anon_inode:i915.gem
7f922ca08000-7f922ca10000 rw-s 11f4ee000 00:11 2111                      anon_inode:i915.gem
7f922ca10000-7f922ca18000 rw-s 11f4e6000 00:11 2111                      anon_inode:i915.gem
7f922ca18000-7f922ca1c000 rw-s 11f4e2000 00:11 2111                      anon_inode:i915.gem
7f922ca1c000-7f922ca20000 rw-s 11f4de000 00:11 2111                      anon_inode:i915.gem
7f922ca20000-7f922ca24000 rw-s 11f4da000 00:11 2111                      anon_inode:i915.gem
7f922ca24000-7f922ca28000 rw-s 11f4d6000 00:11 2111                      anon_inode:i915.gem
7f922ca28000-7f922ca2c000 rw-s 11f4d2000 00:11 2111                      anon_inode:i915.gem
7f922ca2c000-7f922ca30000 rw-s 11f4ce000 00:11 2111                      anon_inode:i915.gem
7f922ca30000-7f922ca34000 rw-s 11f4ca000 00:11 2111                      anon_inode:i915.gem
7f922ca34000-7f922ca38000 rw-s 11f4c6000 00:11 2111                      anon_inode:i915.gem
7f922ca38000-7f922ca40000 rw-s 11f4be000 00:11 2111                      anon_inode:i915.gem
7f922ca40000-7f922ca44000 rw-s 11f4ba000 00:11 2111                      anon_inode:i915.gem
7f922ca44000-7f922ca4c000 rw-s 11f4b2000 00:11 2111                      anon_inode:i915.gem
7f922ca4c000-7f922ca50000 rw-s 11f4ae000 00:11 2111                      anon_inode:i915.gem
7f922ca50000-7f922ca58000 rw-s 11f4a6000 00:11 2111                      anon_inode:i915.gem
7f922ca58000-7f922ca60000 rw-s 11f49e000 00:11 2111                      anon_inode:i915.gem
7f922ca60000-7f922ca64000 rw-s 11f49a000 00:11 2111                      anon_inode:i915.gem
7f922ca64000-7f922ca68000 rw-s 11f496000 00:11 2111                      anon_inode:i915.gem
7f922ca68000-7f922ca6c000 rw-s 11f492000 00:11 2111                      anon_inode:i915.gem
7f922ca6c000-7f922ca70000 rw-s 11f48e000 00:11 2111                      anon_inode:i915.gem
7f922ca70000-7f922ca74000 rw-s 11f48a000 00:11 2111                      anon_inode:i915.gem
7f922ca74000-7f922ca78000 rw-s 11f486000 00:11 2111                      anon_inode:i915.gem
7f922ca78000-7f922ca7c000 rw-s 11f482000 00:11 2111                      anon_inode:i915.gem
7f922ca7c000-7f922ca80000 rw-s 11f47e000 00:11 2111                      anon_inode:i915.gem
7f922ca80000-7f922ca84000 rw-s 11f47a000 00:11 2111                      anon_inode:i915.gem
7f922ca84000-7f922ca88000 rw-s 11f476000 00:11 2111                      anon_inode:i915.gem
7f922ca88000-7f922ca8c000 rw-s 11f472000 00:11 2111                      anon_inode:i915.gem
7f922ca8c000-7f922ca90000 rw-s 11f46e000 00:11 2111                      anon_inode:i915.gem
7f922ca90000-7f922ca98000 rw-s 11f466000 00:11 2111                      anon_inode:i915.gem
7f922ca98000-7f922caa0000 rw-s 11f45e000 00:11 2111                      anon_inode:i915.gem
7f922caa0000-7f922cae0000 rw-s 11f41e000 00:11 2111                      anon_inode:i915.gem
7f922cae0000-7f922cb20000 rw-s 11f3de000 00:11 2111                      anon_inode:i915.gem
7f922cb20000-7f922cb60000 rw-s 11f39e000 00:11 2111                      anon_inode:i915.gem
7f922cb60000-7f922cb64000 rw-s 11f39a000 00:11 2111                      anon_inode:i915.gem
7f922cb64000-7f922cb68000 rw-s 11f396000 00:11 2111                      anon_inode:i915.gem
7f922cb68000-7f922cb6c000 rw-s 11f392000 00:11 2111                      anon_inode:i915.gem
7f922cb6c000-7f922cb74000 rw-s 11f38a000 00:11 2111                      anon_inode:i915.gem
7f922cb74000-7f922cb78000 rw-s 11f386000 00:11 2111                      anon_inode:i915.gem
7f922cb78000-7f922cb7c000 rw-s 11f382000 00:11 2111                      anon_inode:i915.gem
7f922cb7c000-7f922cb84000 rw-s 11f37a000 00:11 2111                      anon_inode:i915.gem
7f922cb84000-7f922cb8c000 rw-s 11f372000 00:11 2111                      anon_inode:i915.gem
7f922cb8c000-7f922cb94000 rw-s 11f36a000 00:11 2111                      anon_inode:i915.gem
7f922cb94000-7f922cb9c000 rw-s 11f362000 00:11 2111                      anon_inode:i915.gem
7f922cb9c000-7f922cba4000 rw-s 11f35a000 00:11 2111                      anon_inode:i915.gem
7f922cba4000-7f922cbac000 rw-s 11f352000 00:11 2111                      anon_inode:i915.gem
7f922cbac000-7f922cbb4000 rw-s 11f34a000 00:11 2111                      anon_inode:i915.gem
7f922cbb4000-7f922cbbc000 rw-s 11f342000 00:11 2111                      anon_inode:i915.gem
7f922cbbc000-7f922cbc4000 rw-s 11f33a000 00:11 2111                      anon_inode:i915.gem
7f922cbc4000-7f922cbcc000 rw-s 11f332000 00:11 2111                      anon_inode:i915.gem
7f922cbcc000-7f922cbd4000 rw-s 11f32a000 00:11 2111                      anon_inode:i915.gem
7f922cbd4000-7f922cbdc000 rw-s 11f322000 00:11 2111                      anon_inode:i915.gem
7f922cbdc000-7f922cbe4000 rw-s 11f31a000 00:11 2111                      anon_inode:i915.gem
7f922cbe4000-7f922cbec000 rw-s 11f312000 00:11 2111                      anon_inode:i915.gem
7f922cbec000-7f922cbf4000 rw-s 11f30a000 00:11 2111                      anon_inode:i915.gem
7f922cbf4000-7f922cbfc000 rw-s 11f302000 00:11 2111                      anon_inode:i915.gem
7f922cbfc000-7f922cc04000 rw-s 11f2fa000 00:11 2111                      anon_inode:i915.gem
7f922cc04000-7f922cc0c000 rw-s 11f2f2000 00:11 2111                      anon_inode:i915.gem
7f922cc0c000-7f922cc14000 rw-s 11f2ea000 00:11 2111                      anon_inode:i915.gem
7f922cc14000-7f922cc1c000 rw-s 11f2e2000 00:11 2111                      anon_inode:i915.gem
7f922cc1c000-7f922cc24000 rw-s 11f2da000 00:11 2111                      anon_inode:i915.gem
7f922cc24000-7f922cc2c000 rw-s 11f2d2000 00:11 2111                      anon_inode:i915.gem
7f922cc2c000-7f922cc30000 rw-s 11f2ce000 00:11 2111                      anon_inode:i915.gem
7f922cc30000-7f922cc38000 rw-s 11f2c6000 00:11 2111                      anon_inode:i915.gem
7f922cc38000-7f922cc3c000 rw-s 11f2c2000 00:11 2111                      anon_inode:i915.gem
7f922cc3c000-7f922cc40000 rw-s 11f2be000 00:11 2111                      anon_inode:i915.gem
7f922cc40000-7f922cc48000 rw-s 11f2b6000 00:11 2111                      anon_inode:i915.gem
7f922cc48000-7f922cc50000 rw-s 11f2ae000 00:11 2111                      anon_inode:i915.gem
7f922cc50000-7f922cc58000 rw-s 11f2a6000 00:11 2111                      anon_inode:i915.gem
7f922cc58000-7f922cc60000 rw-s 11f29e000 00:11 2111                      anon_inode:i915.gem
7f922cc60000-7f922cc68000 rw-s 11f296000 00:11 2111                      anon_inode:i915.gem
7f922cc68000-7f922cc70000 rw-s 11f28e000 00:11 2111                      anon_inode:i915.gem
7f922cc70000-7f922cc78000 rw-s 11f286000 00:11 2111                      anon_inode:i915.gem
7f922cc78000-7f922cc80000 rw-s 11f27e000 00:11 2111                      anon_inode:i915.gem
7f922cc80000-7f922cc88000 rw-s 11f276000 00:11 2111                      anon_inode:i915.gem
7f922cc88000-7f922cc8c000 rw-s 11f272000 00:11 2111                      anon_inode:i915.gem
7f922cc8c000-7f922cc90000 rw-s 11f26e000 00:11 2111                      anon_inode:i915.gem
7f922cc90000-7f922cc94000 rw-s 11f26a000 00:11 2111                      anon_inode:i915.gem
7f922cc94000-7f922cc98000 rw-s 11f266000 00:11 2111                      anon_inode:i915.gem
7f922cc98000-7f922cca0000 rw-s 11f25e000 00:11 2111                      anon_inode:i915.gem
7f922cca0000-7f922cca8000 rw-s 11f256000 00:11 2111                      anon_inode:i915.gem
7f922cca8000-7f922ccac000 rw-s 11f252000 00:11 2111                      anon_inode:i915.gem
7f922ccac000-7f922ccb0000 rw-s 11f24e000 00:11 2111                      anon_inode:i915.gem
7f922ccb0000-7f922ccb4000 rw-s 11f24a000 00:11 2111                      anon_inode:i915.gem
7f922ccb4000-7f922ccbc000 rw-s 11f242000 00:11 2111                      anon_inode:i915.gem
7f922ccbc000-7f922ccc4000 rw-s 11f23a000 00:11 2111                      anon_inode:i915.gem
7f922ccc4000-7f922cccc000 rw-s 11f232000 00:11 2111                      anon_inode:i915.gem
7f922cccc000-7f922ccd4000 rw-s 11f22a000 00:11 2111                      anon_inode:i915.gem
7f922ccd4000-7f922ccdc000 rw-s 11f222000 00:11 2111                      anon_inode:i915.gem
7f922ccdc000-7f922cce4000 rw-s 11f21a000 00:11 2111                      anon_inode:i915.gem
7f922cce4000-7f922ccec000 rw-s 11f212000 00:11 2111                      anon_inode:i915.gem
7f922ccec000-7f922ccf4000 rw-s 11f20a000 00:11 2111                      anon_inode:i915.gem
7f922ccf4000-7f922ccfc000 rw-s 11f202000 00:11 2111                      anon_inode:i915.gem
7f922ccfc000-7f922cd04000 rw-s 11f1fa000 00:11 2111                      anon_inode:i915.gem
7f922cd04000-7f922cd08000 rw-s 11f1f6000 00:11 2111                      anon_inode:i915.gem
7f922cd08000-7f922cd0c000 rw-s 11f1f2000 00:11 2111                      anon_inode:i915.gem
7f922cd0c000-7f922cd10000 rw-s 11f1ee000 00:11 2111                      anon_inode:i915.gem
7f922cd10000-7f922cd14000 rw-s 11f1ea000 00:11 2111                      anon_inode:i915.gem
7f922cd14000-7f922cd18000 rw-s 11f1e6000 00:11 2111                      anon_inode:i915.gem
7f922cd18000-7f922cd1c000 rw-s 11f1e2000 00:11 2111                      anon_inode:i915.gem
7f922cd1c000-7f922cd24000 rw-s 11f1da000 00:11 2111                      anon_inode:i915.gem
7f922cd24000-7f922cd2c000 rw-s 11f1d2000 00:11 2111                      anon_inode:i915.gem
7f922cd2c000-7f922cd30000 rw-s 11f1ce000 00:11 2111                      anon_inode:i915.gem
7f922cd30000-7f922cd34000 rw-s 11f1ca000 00:11 2111                      anon_inode:i915.gem
7f922cd34000-7f922cd38000 rw-s 11f1c6000 00:11 2111                      anon_inode:i915.gem
7f922cd38000-7f922cd3c000 rw-s 11f1c2000 00:11 2111                      anon_inode:i915.gem
7f922cd3c000-7f922cd44000 rw-s 11f1ba000 00:11 2111                      anon_inode:i915.gem
7f922cd44000-7f922cd4c000 rw-s 11f1b2000 00:11 2111                      anon_inode:i915.gem
7f922cd4c000-7f922cd50000 rw-s 11f1ae000 00:11 2111                      anon_inode:i915.gem
7f922cd50000-7f922cd54000 rw-s 11f1aa000 00:11 2111                      anon_inode:i915.gem
7f922cd54000-7f922cd58000 rw-s 11f1a6000 00:11 2111                      anon_inode:i915.gem
7f922cd58000-7f922cd5c000 rw-s 11f1a2000 00:11 2111                      anon_inode:i915.gem
7f922cd5c000-7f922cd60000 rw-s 11f19e000 00:11 2111                      anon_inode:i915.gem
7f922cd60000-7f922cd64000 rw-s 11f19a000 00:11 2111                      anon_inode:i915.gem
7f922cd64000-7f922cd68000 rw-s 11f196000 00:11 2111                      anon_inode:i915.gem
7f922cd68000-7f922cd6c000 rw-s 11f192000 00:11 2111                      anon_inode:i915.gem
7f922cd6c000-7f922cd70000 rw-s 11f18e000 00:11 2111                      anon_inode:i915.gem
7f922cd70000-7f922cd78000 rw-s 11f186000 00:11 2111                      anon_inode:i915.gem
7f922cd78000-7f922cd80000 rw-s 11f17e000 00:11 2111                      anon_inode:i915.gem
7f922cd80000-7f922cd88000 rw-s 11f176000 00:11 2111                      anon_inode:i915.gem
7f922cd88000-7f922cd90000 rw-s 11f16e000 00:11 2111                      anon_inode:i915.gem
7f922cd90000-7f922cd98000 rw-s 11f166000 00:11 2111                      anon_inode:i915.gem
7f922cd98000-7f922cd9c000 rw-s 11f162000 00:11 2111                      anon_inode:i915.gem
7f922cd9c000-7f922cda0000 rw-s 11f15e000 00:11 2111                      anon_inode:i915.gem
7f922cda0000-7f922cda4000 rw-s 11f15a000 00:11 2111                      anon_inode:i915.gem
7f922cda4000-7f922cda8000 rw-s 11f156000 00:11 2111                      anon_inode:i915.gem
7f922cda8000-7f922cdac000 rw-s 11f152000 00:11 2111                      anon_inode:i915.gem
7f922cdac000-7f922cdb0000 rw-s 11f14e000 00:11 2111                      anon_inode:i915.gem
7f922cdb0000-7f922cdb4000 rw-s 11f14a000 00:11 2111                      anon_inode:i915.gem
7f922cdb4000-7f922cdb8000 rw-s 11f146000 00:11 2111                      anon_inode:i915.gem
7f922cdb8000-7f922cdbc000 rw-s 11f142000 00:11 2111                      anon_inode:i915.gem
7f922cdbc000-7f922cdc0000 rw-s 11f13e000 00:11 2111                      anon_inode:i915.gem
7f922cdc0000-7f922cdc4000 rw-s 11f13a000 00:11 2111                      anon_inode:i915.gem
7f922cdc4000-7f922cdc8000 rw-s 11f136000 00:11 2111                      anon_inode:i915.gem
7f922cdc8000-7f922cdcc000 rw-s 11f132000 00:11 2111                      anon_inode:i915.gem
7f922cdcc000-7f922cdd0000 rw-s 11f12e000 00:11 2111                      anon_inode:i915.gem
7f922cdd0000-7f922cdd8000 rw-s 11f126000 00:11 2111                      anon_inode:i915.gem
7f922cdd8000-7f922cddc000 rw-s 11f122000 00:11 2111                      anon_inode:i915.gem
7f922cddc000-7f922cde4000 rw-s 11f11a000 00:11 2111                      anon_inode:i915.gem
7f922cde4000-7f922cdec000 rw-s 11f112000 00:11 2111                      anon_inode:i915.gem
7f922cdec000-7f922cdf0000 rw-s 11f10e000 00:11 2111                      anon_inode:i915.gem
7f922cdf0000-7f922cdf4000 rw-s 11f10a000 00:11 2111                      anon_inode:i915.gem
7f922cdf4000-7f922cdfc000 rw-s 11f102000 00:11 2111                      anon_inode:i915.gem
7f922cdfc000-7f922ce00000 rw-s 11f0fe000 00:11 2111                      anon_inode:i915.gem
7f922ce00000-7f922ce04000 rw-s 11f0fa000 00:11 2111                      anon_inode:i915.gem
7f922ce04000-7f922ce0c000 rw-s 11f0f2000 00:11 2111                      anon_inode:i915.gem
7f922ce0c000-7f922ce10000 rw-s 11f0ee000 00:11 2111                      anon_inode:i915.gem
7f922ce10000-7f922ce18000 rw-s 11f0e6000 00:11 2111                      anon_inode:i915.gem
7f922ce18000-7f922ce20000 rw-s 11f0de000 00:11 2111                      anon_inode:i915.gem
7f922ce20000-7f922ce28000 rw-s 11f0d6000 00:11 2111                      anon_inode:i915.gem
7f922ce28000-7f922ce30000 rw-s 11f0ce000 00:11 2111                      anon_inode:i915.gem
7f922ce30000-7f922ce38000 rw-s 11f0c6000 00:11 2111                      anon_inode:i915.gem
7f922ce38000-7f922ce40000 rw-s 11f0be000 00:11 2111                      anon_inode:i915.gem
7f922ce40000-7f922ce44000 rw-s 11f0ba000 00:11 2111                      anon_inode:i915.gem
7f922ce44000-7f922ce4c000 rw-s 11f0b2000 00:11 2111                      anon_inode:i915.gem
7f922ce4c000-7f922ce54000 rw-s 11f0aa000 00:11 2111                      anon_inode:i915.gem
7f922ce54000-7f922ce5c000 rw-s 11f0a2000 00:11 2111                      anon_inode:i915.gem
7f922ce5c000-7f922ce64000 rw-s 11f09a000 00:11 2111                      anon_inode:i915.gem
7f922ce64000-7f922ce6c000 rw-s 11f092000 00:11 2111                      anon_inode:i915.gem
7f922ce6c000-7f922ce74000 rw-s 11f08a000 00:11 2111                      anon_inode:i915.gem
7f922ce74000-7f922ce7c000 rw-s 11f082000 00:11 2111                      anon_inode:i915.gem
7f922ce7c000-7f922ce84000 rw-s 11f07a000 00:11 2111                      anon_inode:i915.gem
7f922ce84000-7f922ce8c000 rw-s 11f072000 00:11 2111                      anon_inode:i915.gem
7f922ce8c000-7f922ce94000 rw-s 11f06a000 00:11 2111                      anon_inode:i915.gem
7f922ce94000-7f922ce9c000 rw-s 11f062000 00:11 2111                      anon_inode:i915.gem
7f922ce9c000-7f922cea4000 rw-s 11f05a000 00:11 2111                      anon_inode:i915.gem
7f922cea4000-7f922ceac000 rw-s 11f052000 00:11 2111                      anon_inode:i915.gem
7f922ceac000-7f922ceb4000 rw-s 11f04a000 00:11 2111                      anon_inode:i915.gem
7f922ceb4000-7f922cebc000 rw-s 11f042000 00:11 2111                      anon_inode:i915.gem
7f922cebc000-7f922cec4000 rw-s 11f03a000 00:11 2111                      anon_inode:i915.gem
7f922cec4000-7f922cecc000 rw-s 11f032000 00:11 2111                      anon_inode:i915.gem
7f922cecc000-7f922ced4000 rw-s 11f02a000 00:11 2111                      anon_inode:i915.gem
7f922ced4000-7f922cedc000 rw-s 11f022000 00:11 2111                      anon_inode:i915.gem
7f922cedc000-7f922cee4000 rw-s 11f01a000 00:11 2111                      anon_inode:i915.gem
7f922cee4000-7f922cee8000 rw-s 11f016000 00:11 2111                      anon_inode:i915.gem
7f922cee8000-7f922ceec000 rw-s 11f012000 00:11 2111                      anon_inode:i915.gem
7f922ceec000-7f922cef0000 rw-s 11f00e000 00:11 2111                      anon_inode:i915.gem
7f922cef0000-7f922cef8000 rw-s 11f006000 00:11 2111                      anon_inode:i915.gem
7f922cef8000-7f922cefc000 rw-s 11f002000 00:11 2111                      anon_inode:i915.gem
7f922cefc000-7f922cf00000 rw-s 11effe000 00:11 2111                      anon_inode:i915.gem
7f922cf00000-7f922cf04000 rw-s 11effa000 00:11 2111                      anon_inode:i915.gem
7f922cf04000-7f922cf08000 rw-s 11eff6000 00:11 2111                      anon_inode:i915.gem
7f922cf08000-7f922cf0c000 rw-s 11eff2000 00:11 2111                      anon_inode:i915.gem
7f922cf0c000-7f922cf10000 rw-s 11efee000 00:11 2111                      anon_inode:i915.gem
7f922cf10000-7f922cf14000 rw-s 11efea000 00:11 2111                      anon_inode:i915.gem
7f922cf14000-7f922cf18000 rw-s 11efe6000 00:11 2111                      anon_inode:i915.gem
7f922cf18000-7f922cf20000 rw-s 11efde000 00:11 2111                      anon_inode:i915.gem
7f922cf20000-7f922cf28000 rw-s 11efd6000 00:11 2111                      anon_inode:i915.gem
7f922cf28000-7f922cf2c000 rw-s 11efd2000 00:11 2111                      anon_inode:i915.gem
7f922cf2c000-7f922cf30000 rw-s 11efce000 00:11 2111                      anon_inode:i915.gem
7f922cf30000-7f922cf38000 rw-s 11efc6000 00:11 2111                      anon_inode:i915.gem
7f922cf38000-7f922cf40000 rw-s 11efbe000 00:11 2111                      anon_inode:i915.gem
7f922cf40000-7f922cf48000 rw-s 11efb6000 00:11 2111                      anon_inode:i915.gem
7f922cf48000-7f922cf4c000 rw-s 11efb2000 00:11 2111                      anon_inode:i915.gem
7f922cf4c000-7f922cf50000 rw-s 11efae000 00:11 2111                      anon_inode:i915.gem
7f922cf50000-7f922cf54000 rw-s 11efaa000 00:11 2111                      anon_inode:i915.gem
7f922cf54000-7f922cf58000 rw-s 11efa6000 00:11 2111                      anon_inode:i915.gem
7f922cf58000-7f922cf5c000 rw-s 11efa2000 00:11 2111                      anon_inode:i915.gem
7f922cf5c000-7f922cf60000 rw-s 11ef9e000 00:11 2111                      anon_inode:i915.gem
7f922cf60000-7f922cf64000 rw-s 11ef9a000 00:11 2111                      anon_inode:i915.gem
7f922cf64000-7f922cf68000 rw-s 11ef96000 00:11 2111                      anon_inode:i915.gem
7f922cf68000-7f922cf70000 rw-s 11ef8e000 00:11 2111                      anon_inode:i915.gem
7f922cf70000-7f922cf74000 rw-s 11ef8a000 00:11 2111                      anon_inode:i915.gem
7f922cf74000-7f922cf78000 rw-s 11ef86000 00:11 2111                      anon_inode:i915.gem
7f922cf78000-7f922cf80000 rw-s 11ef7e000 00:11 2111                      anon_inode:i915.gem
7f922cf80000-7f922cf88000 rw-s 11ef76000 00:11 2111                      anon_inode:i915.gem
7f922cf88000-7f922cf90000 rw-s 11ef6e000 00:11 2111                      anon_inode:i915.gem
7f922cf90000-7f922cf98000 rw-s 11ef66000 00:11 2111                      anon_inode:i915.gem
7f922cf98000-7f922cfa0000 rw-s 11ef5e000 00:11 2111                      anon_inode:i915.gem
7f922cfa0000-7f922cfa8000 rw-s 11ef56000 00:11 2111                      anon_inode:i915.gem
7f922cfa8000-7f922cfb0000 rw-s 11ef4e000 00:11 2111                      anon_inode:i915.gem
7f922cfb0000-7f922cfb4000 rw-s 11ef4a000 00:11 2111                      anon_inode:i915.gem
7f922cfb4000-7f922cfb8000 rw-s 11ef46000 00:11 2111                      anon_inode:i915.gem
7f922cfb8000-7f922cfc0000 rw-s 11ef3e000 00:11 2111                      anon_inode:i915.gem
7f922cfc0000-7f922cfc8000 rw-s 11ef36000 00:11 2111                      anon_inode:i915.gem
7f922cfc8000-7f922cfcc000 rw-s 11ef32000 00:11 2111                      anon_inode:i915.gem
7f922cfcc000-7f922cfd4000 rw-s 11ef2a000 00:11 2111                      anon_inode:i915.gem
7f922cfd4000-7f922cfdc000 rw-s 11ef22000 00:11 2111                      anon_inode:i915.gem
7f922cfdc000-7f922cfe4000 rw-s 11ef1a000 00:11 2111                      anon_inode:i915.gem
7f922cfe4000-7f922cfec000 rw-s 11ef12000 00:11 2111                      anon_inode:i915.gem
7f922cfec000-7f922cff4000 rw-s 11ef0a000 00:11 2111                      anon_inode:i915.gem
7f922cff4000-7f922cffc000 rw-s 11ef02000 00:11 2111                      anon_inode:i915.gem
7f922cffc000-7f922d004000 rw-s 11eefa000 00:11 2111                      anon_inode:i915.gem
7f922d004000-7f922d008000 rw-s 11eef6000 00:11 2111                      anon_inode:i915.gem
7f922d008000-7f922d00c000 rw-s 11eef2000 00:11 2111                      anon_inode:i915.gem
7f922d00c000-7f922d010000 rw-s 11eeee000 00:11 2111                      anon_inode:i915.gem
7f922d010000-7f922d014000 rw-s 11eeea000 00:11 2111                      anon_inode:i915.gem
7f922d014000-7f922d018000 rw-s 11eee6000 00:11 2111                      anon_inode:i915.gem
7f922d018000-7f922d01c000 rw-s 11eee2000 00:11 2111                      anon_inode:i915.gem
7f922d01c000-7f922d020000 rw-s 11eede000 00:11 2111                      anon_inode:i915.gem
7f922d020000-7f922d024000 rw-s 11eeda000 00:11 2111                      anon_inode:i915.gem
7f922d024000-7f922d028000 rw-s 11eed6000 00:11 2111                      anon_inode:i915.gem
7f922d028000-7f922d030000 rw-s 11eece000 00:11 2111                      anon_inode:i915.gem
7f922d030000-7f922d038000 rw-s 11eec6000 00:11 2111                      anon_inode:i915.gem
7f922d038000-7f922d040000 rw-s 11eebe000 00:11 2111                      anon_inode:i915.gem
7f922d040000-7f922d048000 rw-s 11eeb6000 00:11 2111                      anon_inode:i915.gem
7f922d048000-7f922d050000 rw-s 11eeae000 00:11 2111                      anon_inode:i915.gem
7f922d050000-7f922d058000 rw-s 11eea6000 00:11 2111                      anon_inode:i915.gem
7f922d058000-7f922d060000 rw-s 11ee9e000 00:11 2111                      anon_inode:i915.gem
7f922d060000-7f922d068000 rw-s 11ee96000 00:11 2111                      anon_inode:i915.gem
7f922d068000-7f922d070000 rw-s 11ee8e000 00:11 2111                      anon_inode:i915.gem
7f922d070000-7f922d078000 rw-s 11ee86000 00:11 2111                      anon_inode:i915.gem
7f922d078000-7f922d080000 rw-s 11ee7e000 00:11 2111                      anon_inode:i915.gem
7f922d080000-7f922d088000 rw-s 11ee76000 00:11 2111                      anon_inode:i915.gem
7f922d088000-7f922d090000 rw-s 11ee6e000 00:11 2111                      anon_inode:i915.gem
7f922d090000-7f922d094000 rw-s 11ee6a000 00:11 2111                      anon_inode:i915.gem
7f922d094000-7f922d098000 rw-s 11ee66000 00:11 2111                      anon_inode:i915.gem
7f922d098000-7f922d09c000 rw-s 11ee62000 00:11 2111                      anon_inode:i915.gem
7f922d09c000-7f922d0a0000 rw-s 11ee5e000 00:11 2111                      anon_inode:i915.gem
7f922d0a0000-7f922d0a4000 rw-s 11ee5a000 00:11 2111                      anon_inode:i915.gem
7f922d0a4000-7f922d0a8000 rw-s 11ee56000 00:11 2111                      anon_inode:i915.gem
7f922d0a8000-7f922d0ac000 rw-s 11ee52000 00:11 2111                      anon_inode:i915.gem
7f922d0ac000-7f922d0b0000 rw-s 11ee4e000 00:11 2111                      anon_inode:i915.gem
7f922d0b0000-7f922d0b4000 rw-s 11ee4a000 00:11 2111                      anon_inode:i915.gem
7f922d0b4000-7f922d0b8000 rw-s 11ee46000 00:11 2111                      anon_inode:i915.gem
7f922d0b8000-7f922d0bc000 rw-s 11ee42000 00:11 2111                      anon_inode:i915.gem
7f922d0bc000-7f922d0c0000 rw-s 11ee3e000 00:11 2111                      anon_inode:i915.gem
7f922d0c0000-7f922d0c8000 rw-s 11ee36000 00:11 2111                      anon_inode:i915.gem
7f922d0c8000-7f922d0cc000 rw-s 11ee32000 00:11 2111                      anon_inode:i915.gem
7f922d0cc000-7f922d0d0000 rw-s 11ee2e000 00:11 2111                      anon_inode:i915.gem
7f922d0d0000-7f922d0d8000 rw-s 11ee26000 00:11 2111                      anon_inode:i915.gem
7f922d0d8000-7f922d0e0000 rw-s 11ee1e000 00:11 2111                      anon_inode:i915.gem
7f922d0e0000-7f922d0e4000 rw-s 11ee1a000 00:11 2111                      anon_inode:i915.gem
7f922d0e4000-7f922d0e8000 rw-s 11ee16000 00:11 2111                      anon_inode:i915.gem
7f922d0e8000-7f922d0f0000 rw-s 11ee0e000 00:11 2111                      anon_inode:i915.gem
7f922d0f0000-7f922d0f8000 rw-s 11ee06000 00:11 2111                      anon_inode:i915.gem
7f922d0f8000-7f922d100000 rw-s 11edfe000 00:11 2111                      anon_inode:i915.gem
7f922d100000-7f922d108000 rw-s 11edf6000 00:11 2111                      anon_inode:i915.gem
7f922d108000-7f922d110000 rw-s 11edee000 00:11 2111                      anon_inode:i915.gem
7f922d110000-7f922d118000 rw-s 11ede6000 00:11 2111                      anon_inode:i915.gem
7f922d118000-7f922d120000 rw-s 11edde000 00:11 2111                      anon_inode:i915.gem
7f922d120000-7f922d128000 rw-s 11edd6000 00:11 2111                      anon_inode:i915.gem
7f922d128000-7f922d130000 rw-s 11edce000 00:11 2111                      anon_inode:i915.gem
7f922d130000-7f922d138000 rw-s 11edc6000 00:11 2111                      anon_inode:i915.gem
7f922d138000-7f922d140000 rw-s 11edbe000 00:11 2111                      anon_inode:i915.gem
7f922d140000-7f922d144000 rw-s 11edba000 00:11 2111                      anon_inode:i915.gem
7f922d144000-7f922d148000 rw-s 11edb6000 00:11 2111                      anon_inode:i915.gem
7f922d148000-7f922d14c000 rw-s 11edb2000 00:11 2111                      anon_inode:i915.gem
7f922d14c000-7f922d154000 rw-s 11edaa000 00:11 2111                      anon_inode:i915.gem
7f922d154000-7f922d15c000 rw-s 11eda2000 00:11 2111                      anon_inode:i915.gem
7f922d15c000-7f922d164000 rw-s 11ed9a000 00:11 2111                      anon_inode:i915.gem
7f922d164000-7f922d16c000 rw-s 11ed92000 00:11 2111                      anon_inode:i915.gem
7f922d16c000-7f922d170000 rw-s 11ed8e000 00:11 2111                      anon_inode:i915.gem
7f922d170000-7f922d178000 rw-s 11ed86000 00:11 2111                      anon_inode:i915.gem
7f922d178000-7f922d180000 rw-s 11ed7e000 00:11 2111                      anon_inode:i915.gem
7f922d180000-7f922d184000 rw-s 11ed7a000 00:11 2111                      anon_inode:i915.gem
7f922d184000-7f922d188000 rw-s 11ed76000 00:11 2111                      anon_inode:i915.gem
7f922d188000-7f922d18c000 rw-s 11ed72000 00:11 2111                      anon_inode:i915.gem
7f922d18c000-7f922d194000 rw-s 11ed6a000 00:11 2111                      anon_inode:i915.gem
7f922d194000-7f922d19c000 rw-s 11ed62000 00:11 2111                      anon_inode:i915.gem
7f922d19c000-7f922d1a0000 rw-s 11ed5e000 00:11 2111                      anon_inode:i915.gem
7f922d1a0000-7f922d1a4000 rw-s 11ed5a000 00:11 2111                      anon_inode:i915.gem
7f922d1a4000-7f922d1ac000 rw-s 11ed52000 00:11 2111                      anon_inode:i915.gem
7f922d1ac000-7f922d1b0000 rw-s 11ed4e000 00:11 2111                      anon_inode:i915.gem
7f922d1b0000-7f922d1b4000 rw-s 11ed4a000 00:11 2111                      anon_inode:i915.gem
7f922d1b4000-7f922d1b8000 rw-s 11ed46000 00:11 2111                      anon_inode:i915.gem
7f922d1b8000-7f922d1bc000 rw-s 11ed42000 00:11 2111                      anon_inode:i915.gem
7f922d1bc000-7f922d1c4000 rw-s 11ed3a000 00:11 2111                      anon_inode:i915.gem
7f922d1c4000-7f922d1cc000 rw-s 11ed32000 00:11 2111                      anon_inode:i915.gem
7f922d1cc000-7f922d1d0000 rw-s 11ed2e000 00:11 2111                      anon_inode:i915.gem
7f922d1d0000-7f922d1d8000 rw-s 11ed26000 00:11 2111                      anon_inode:i915.gem
7f922d1d8000-7f922d1dc000 rw-s 11ed22000 00:11 2111                      anon_inode:i915.gem
7f922d1dc000-7f922d1e0000 rw-s 11ed1e000 00:11 2111                      anon_inode:i915.gem
7f922d1e0000-7f922d1e4000 rw-s 11ed1a000 00:11 2111                      anon_inode:i915.gem
7f922d1e4000-7f922d1e8000 rw-s 11ed16000 00:11 2111                      anon_inode:i915.gem
7f922d1e8000-7f922d1f0000 rw-s 11ed0e000 00:11 2111                      anon_inode:i915.gem
7f922d1f0000-7f922d1f8000 rw-s 11ed06000 00:11 2111                      anon_inode:i915.gem
7f922d1f8000-7f922d1fc000 rw-s 11ed02000 00:11 2111                      anon_inode:i915.gem
7f922d1fc000-7f922d200000 rw-s 11ecfe000 00:11 2111                      anon_inode:i915.gem
7f922d200000-7f922d204000 rw-s 11ecfa000 00:11 2111                      anon_inode:i915.gem
7f922d204000-7f922d20c000 rw-s 11ecf2000 00:11 2111                      anon_inode:i915.gem
7f922d20c000-7f922d214000 rw-s 11ecea000 00:11 2111                      anon_inode:i915.gem
7f922d214000-7f922d21c000 rw-s 11ece2000 00:11 2111                      anon_inode:i915.gem
7f922d21c000-7f922d220000 rw-s 11ecde000 00:11 2111                      anon_inode:i915.gem
7f922d220000-7f922d224000 rw-s 11ecda000 00:11 2111                      anon_inode:i915.gem
7f922d224000-7f922d22c000 rw-s 11ecd2000 00:11 2111                      anon_inode:i915.gem
7f922d22c000-7f922d234000 rw-s 11ecca000 00:11 2111                      anon_inode:i915.gem
7f922d234000-7f922d238000 rw-s 11ecc6000 00:11 2111                      anon_inode:i915.gem
7f922d238000-7f922d23c000 rw-s 11ecc2000 00:11 2111                      anon_inode:i915.gem
7f922d23c000-7f922d240000 rw-s 11ecbe000 00:11 2111                      anon_inode:i915.gem
7f922d240000-7f922d248000 rw-s 11ecb6000 00:11 2111                      anon_inode:i915.gem
7f922d248000-7f922d24c000 rw-s 11ecb2000 00:11 2111                      anon_inode:i915.gem
7f922d24c000-7f922d254000 rw-s 11ecaa000 00:11 2111                      anon_inode:i915.gem
7f922d254000-7f922d25c000 rw-s 11eca2000 00:11 2111                      anon_inode:i915.gem
7f922d25c000-7f922d260000 rw-s 11ec9e000 00:11 2111                      anon_inode:i915.gem
7f922d260000-7f922d264000 rw-s 11ec9a000 00:11 2111                      anon_inode:i915.gem
7f922d264000-7f922d268000 rw-s 11ec96000 00:11 2111                      anon_inode:i915.gem
7f922d268000-7f922d26c000 rw-s 11ec92000 00:11 2111                      anon_inode:i915.gem
7f922d26c000-7f922d270000 rw-s 11ec8e000 00:11 2111                      anon_inode:i915.gem
7f922d270000-7f922d274000 rw-s 11ec8a000 00:11 2111                      anon_inode:i915.gem
7f922d274000-7f922d278000 rw-s 11ec86000 00:11 2111                      anon_inode:i915.gem
7f922d278000-7f922d27c000 rw-s 11ec82000 00:11 2111                      anon_inode:i915.gem
7f922d27c000-7f922d284000 rw-s 11ec7a000 00:11 2111                      anon_inode:i915.gem
7f922d284000-7f922d28c000 rw-s 11ec72000 00:11 2111                      anon_inode:i915.gem
7f922d28c000-7f922d294000 rw-s 11ec6a000 00:11 2111                      anon_inode:i915.gem
7f922d294000-7f922d494000 rw-s 11ea6a000 00:11 2111                      anon_inode:i915.gem
7f922d494000-7f922d4d4000 rw-s 11ea2a000 00:11 2111                      anon_inode:i915.gem
7f922d4d4000-7f922d6d4000 rw-s 11e82a000 00:11 2111                      anon_inode:i915.gem
7f922d6d4000-7f922d8d4000 rw-s 11e62a000 00:11 2111                      anon_inode:i915.gem
7f922d8d4000-7f922dad4000 rw-s 11e42a000 00:11 2111                      anon_inode:i915.gem
7f922dad4000-7f922dad6000 rw-s 11e428000 00:11 2111                      anon_inode:i915.gem
7f922dad6000-7f922dada000 rw-s 11e424000 00:11 2111                      anon_inode:i915.gem
7f922dada000-7f922dadc000 rw-s 11e422000 00:11 2111                      anon_inode:i915.gem
7f922dadc000-7f922dade000 rw-s 11e420000 00:11 2111                      anon_inode:i915.gem
7f922dade000-7f922dae0000 rw-s 11e41e000 00:11 2111                      anon_inode:i915.gem
7f922dae0000-7f922dae4000 rw-s 11e41a000 00:11 2111                      anon_inode:i915.gem
7f922dae4000-7f922dae6000 rw-s 11e418000 00:11 2111                      anon_inode:i915.gem
7f922dae6000-7f922dae8000 rw-s 11e416000 00:11 2111                      anon_inode:i915.gem
7f922dae8000-7f922daea000 rw-s 11e414000 00:11 2111                      anon_inode:i915.gem
7f922daea000-7f922daec000 rw-s 11e412000 00:11 2111                      anon_inode:i915.gem
7f922daec000-7f922daee000 rw-s 11e410000 00:11 2111                      anon_inode:i915.gem
7f922daee000-7f922daf0000 rw-s 11e40e000 00:11 2111                      anon_inode:i915.gem
7f922daf0000-7f922daf2000 rw-s 11e40c000 00:11 2111                      anon_inode:i915.gem
7f922daf2000-7f922daf4000 rw-s 11e40a000 00:11 2111                      anon_inode:i915.gem
7f922daf4000-7f922daf6000 rw-s 11e408000 00:11 2111                      anon_inode:i915.gem
7f922daf6000-7f922daf8000 rw-s 11e406000 00:11 2111                      anon_inode:i915.gem
7f922daf8000-7f922dafa000 rw-s 11e404000 00:11 2111                      anon_inode:i915.gem
7f922dafa000-7f922dafe000 rw-s 11e400000 00:11 2111                      anon_inode:i915.gem
7f922dafe000-7f922db02000 rw-s 11e3fc000 00:11 2111                      anon_inode:i915.gem
7f922db02000-7f922db04000 rw-s 11e3fa000 00:11 2111                      anon_inode:i915.gem
7f922db04000-7f922db06000 rw-s 11e3f8000 00:11 2111                      anon_inode:i915.gem
7f922db06000-7f922db08000 rw-s 11e3f6000 00:11 2111                      anon_inode:i915.gem
7f922db08000-7f922db0a000 rw-s 11e3f4000 00:11 2111                      anon_inode:i915.gem
7f922db0a000-7f922db0c000 rw-s 11e3f2000 00:11 2111                      anon_inode:i915.gem
7f922db0c000-7f922db0e000 rw-s 11e3f0000 00:11 2111                      anon_inode:i915.gem
7f922db0e000-7f922db10000 rw-s 11e3ee000 00:11 2111                      anon_inode:i915.gem
7f922db10000-7f922db14000 rw-s 11e3ea000 00:11 2111                      anon_inode:i915.gem
7f922db14000-7f922db18000 rw-s 11e3e6000 00:11 2111                      anon_inode:i915.gem
7f922db18000-7f922db1a000 rw-s 11e3e4000 00:11 2111                      anon_inode:i915.gem
7f922db1a000-7f922db1e000 rw-s 11e3e0000 00:11 2111                      anon_inode:i915.gem
7f922db1e000-7f922dd1e000 rw-s 11e1e0000 00:11 2111                      anon_inode:i915.gem
7f922dd1e000-7f922df1e000 rw-s 11dfe0000 00:11 2111                      anon_inode:i915.gem
7f922df1e000-7f922e11e000 rw-s 11dde0000 00:11 2111                      anon_inode:i915.gem
7f922e11e000-7f922e31e000 rw-s 11dbe0000 00:11 2111                      anon_inode:i915.gem
7f922e31e000-7f922e51e000 rw-s 11d9e0000 00:11 2111                      anon_inode:i915.gem
7f922e51e000-7f922e71e000 rw-s 11d7e0000 00:11 2111                      anon_inode:i915.gem
7f922e71e000-7f922e75e000 rw-s 11d7a0000 00:11 2111                      anon_inode:i915.gem
7f922e75e000-7f922e79e000 rw-s 11d760000 00:11 2111                      anon_inode:i915.gem
7f922e79e000-7f922e7de000 rw-s 11d720000 00:11 2111                      anon_inode:i915.gem
7f922e7de000-7f922e81e000 rw-s 11d6e0000 00:11 2111                      anon_inode:i915.gem
7f922e81e000-7f922e85e000 rw-s 11d6a0000 00:11 2111                      anon_inode:i915.gem
7f922e85e000-7f922e89e000 rw-s 11d660000 00:11 2111                      anon_inode:i915.gem
7f922e89e000-7f922e8de000 rw-s 11d620000 00:11 2111                      anon_inode:i915.gem
7f922e8de000-7f922e91e000 rw-s 11d5e0000 00:11 2111                      anon_inode:i915.gem
7f922e91e000-7f922eb1e000 rw-s 11d3e0000 00:11 2111                      anon_inode:i915.gem
7f922eb1e000-7f922ed1e000 rw-s 11d1e0000 00:11 2111                      anon_inode:i915.gem
7f922ed1e000-7f922ef1e000 rw-s 11cfe0000 00:11 2111                      anon_inode:i915.gem
7f922ef1e000-7f922f11e000 rw-s 11cde0000 00:11 2111                      anon_inode:i915.gem
7f922f11e000-7f922f31e000 rw-s 11cbe0000 00:11 2111                      anon_inode:i915.gem
7f922f31e000-7f922f35e000 rw-s 11cba0000 00:11 2111                      anon_inode:i915.gem
7f922f35e000-7f922f39e000 rw-s 11cb60000 00:11 2111                      anon_inode:i915.gem
7f922f39e000-7f922f3de000 rw-s 11cb20000 00:11 2111                      anon_inode:i915.gem
7f922f3de000-7f922f41e000 rw-s 11cae0000 00:11 2111                      anon_inode:i915.gem
7f922f41e000-7f922f45e000 rw-s 11caa0000 00:11 2111                      anon_inode:i915.gem
7f922f45e000-7f922f49e000 rw-s 11ca60000 00:11 2111                      anon_inode:i915.gem
7f922f49e000-7f922f4de000 rw-s 11ca20000 00:11 2111                      anon_inode:i915.gem
7f922f4de000-7f922f51e000 rw-s 11c9e0000 00:11 2111                      anon_inode:i915.gem
7f922f51e000-7f922f55e000 rw-s 11c9a0000 00:11 2111                      anon_inode:i915.gem
7f922f55e000-7f922f59e000 rw-s 11c960000 00:11 2111                      anon_inode:i915.gem
7f922f59e000-7f922f79e000 rw-s 11c760000 00:11 2111                      anon_inode:i915.gem
7f922f79e000-7f922f99e000 rw-s 11c560000 00:11 2111                      anon_inode:i915.gem
7f922f99e000-7f922fb9e000 rw-s 11c360000 00:11 2111                      anon_inode:i915.gem
7f922fb9e000-7f922ff9e000 rw-s 11bf60000 00:11 2111                      anon_inode:i915.gem
7f922ff9e000-7f923019e000 rw-s 11bd60000 00:11 2111                      anon_inode:i915.gem
7f923019e000-7f923039e000 rw-s 11bb60000 00:11 2111                      anon_inode:i915.gem
7f923039e000-7f92303de000 rw-s 11bb20000 00:11 2111                      anon_inode:i915.gem
7f92303de000-7f92309de000 rw-s 11b520000 00:11 2111                      anon_inode:i915.gem
7f92309de000-7f9230dde000 rw-s 11b120000 00:11 2111                      anon_inode:i915.gem
7f9230dde000-7f92311de000 rw-s 11ad20000 00:11 2111                      anon_inode:i915.gem
7f92311de000-7f92313de000 rw-s 11ab20000 00:11 2111                      anon_inode:i915.gem
7f92313de000-7f92317de000 rw-s 11a720000 00:11 2111                      anon_inode:i915.gem
7f92317de000-7f92319de000 rw-s 11a520000 00:11 2111                      anon_inode:i915.gem
7f92319de000-7f9231bde000 rw-s 11a320000 00:11 2111                      anon_inode:i915.gem
7f9231bde000-7f9231dde000 rw-s 11a120000 00:11 2111                      anon_inode:i915.gem
7f9231dde000-7f9231fde000 rw-s 119f20000 00:11 2111                      anon_inode:i915.gem
7f9231fde000-7f92321de000 rw-s 119d20000 00:11 2111                      anon_inode:i915.gem
7f92321de000-7f92323de000 rw-s 119b20000 00:11 2111                      anon_inode:i915.gem
7f92323de000-7f92325de000 rw-s 119920000 00:11 2111                      anon_inode:i915.gem
7f92325de000-7f92327de000 rw-s 119720000 00:11 2111                      anon_inode:i915.gem
7f92327de000-7f92329de000 rw-s 137284000 00:11 2111                      anon_inode:i915.gem
7f92329de000-7f9232dde000 rw-s 119120000 00:11 2111                      anon_inode:i915.gem
7f9232dde000-7f9232e1e000 rw-s 1190e0000 00:11 2111                      anon_inode:i915.gem
7f9232e1e000-7f9232e5e000 rw-s 1190a0000 00:11 2111                      anon_inode:i915.gem
7f9232e5e000-7f9232e62000 rw-s 11909c000 00:11 2111                      anon_inode:i915.gem
7f9232e62000-7f9232e6a000 rw-s 119094000 00:11 2111                      anon_inode:i915.gem
7f9232e6a000-7f9232e72000 rw-s 11908c000 00:11 2111                      anon_inode:i915.gem
7f9232e72000-7f9232e7a000 rw-s 119084000 00:11 2111                      anon_inode:i915.gem
7f9232e7a000-7f9232e82000 rw-s 11907c000 00:11 2111                      anon_inode:i915.gem
7f9232e82000-7f9232e84000 rw-s 11907a000 00:11 2111                      anon_inode:i915.gem
7f9232e84000-7f9232e8c000 rw-s 119072000 00:11 2111                      anon_inode:i915.gem
7f9232e8c000-7f9232e94000 rw-s 11906a000 00:11 2111                      anon_inode:i915.gem
7f9232e94000-7f9232e9c000 rw-s 119062000 00:11 2111                      anon_inode:i915.gem
7f9232e9c000-7f9232ea4000 rw-s 11905a000 00:11 2111                      anon_inode:i915.gem
7f9232ea4000-7f9232eac000 rw-s 119052000 00:11 2111                      anon_inode:i915.gem
7f9232eac000-7f9232eb4000 rw-s 11904a000 00:11 2111                      anon_inode:i915.gem
7f9232eb4000-7f9232ebc000 rw-s 119042000 00:11 2111                      anon_inode:i915.gem
7f9232ebc000-7f9232ec4000 rw-s 11903a000 00:11 2111                      anon_inode:i915.gem
7f9232ec4000-7f9232ecc000 rw-s 119032000 00:11 2111                      anon_inode:i915.gem
7f9232ecc000-7f9232ed0000 rw-s 11902e000 00:11 2111                      anon_inode:i915.gem
7f9232ed0000-7f9232ed8000 rw-s 119026000 00:11 2111                      anon_inode:i915.gem
7f9232ed8000-7f9232ee0000 rw-s 11901e000 00:11 2111                      anon_inode:i915.gem
7f9232ee0000-7f9232ee4000 rw-s 11901a000 00:11 2111                      anon_inode:i915.gem
7f9232ee4000-7f9232ee8000 rw-s 119016000 00:11 2111                      anon_inode:i915.gem
7f9232ee8000-7f9232eec000 rw-s 119012000 00:11 2111                      anon_inode:i915.gem
7f9232eec000-7f9232ef4000 rw-s 11900a000 00:11 2111                      anon_inode:i915.gem
7f9232ef4000-7f9232efc000 rw-s 119002000 00:11 2111                      anon_inode:i915.gem
7f9232efc000-7f9232f04000 rw-s 118ffa000 00:11 2111                      anon_inode:i915.gem
7f9232f04000-7f9232f0c000 rw-s 118ff2000 00:11 2111                      anon_inode:i915.gem
7f9232f0c000-7f9232f14000 rw-s 118fea000 00:11 2111                      anon_inode:i915.gem
7f9232f14000-7f9232f1c000 rw-s 118fd2000 00:11 2111                      anon_inode:i915.gem
7f9232f1c000-7f9232f24000 rw-s 118fca000 00:11 2111                      anon_inode:i915.gem
7f9232f24000-7f9232f2c000 rw-s 118fc2000 00:11 2111                      anon_inode:i915.gem
7f9232f2c000-7f9232f34000 rw-s 118fba000 00:11 2111                      anon_inode:i915.gem
7f9232f34000-7f9232f3c000 rw-s 118fb2000 00:11 2111                      anon_inode:i915.gem
7f9232f3c000-7f9232f44000 rw-s 118faa000 00:11 2111                      anon_inode:i915.gem
7f9232f44000-7f9232f46000 rw-s 118fa8000 00:11 2111                      anon_inode:i915.gem
7f9232f46000-7f9232f4e000 rw-s 118fa0000 00:11 2111                      anon_inode:i915.gem
7f9232f4e000-7f9232f50000 rw-s 118f9e000 00:11 2111                      anon_inode:i915.gem
7f9232f50000-7f9232f58000 rw-s 118f96000 00:11 2111                      anon_inode:i915.gem
7f9232f58000-7f9232f60000 rw-s 118f8e000 00:11 2111                      anon_inode:i915.gem
7f9232f60000-7f9232f68000 rw-s 118f86000 00:11 2111                      anon_inode:i915.gem
7f9232f68000-7f9232f70000 rw-s 118f7e000 00:11 2111                      anon_inode:i915.gem
7f9232f70000-7f9232f78000 rw-s 118f76000 00:11 2111                      anon_inode:i915.gem
7f9232f78000-7f9232f80000 rw-s 118f6e000 00:11 2111                      anon_inode:i915.gem
7f9232f80000-7f9232f88000 rw-s 118f66000 00:11 2111                      anon_inode:i915.gem
7f9232f88000-7f9232f8a000 rw-s 12f8a2000 00:11 2111                      anon_inode:i915.gem
7f9232f8a000-7f9232f92000 rw-s 106d9a000 00:11 2111                      anon_inode:i915.gem
7f9232f92000-7f9232fd2000 rw-s 118f06000 00:11 2111                      anon_inode:i915.gem
7f9232fd2000-7f9233012000 rw-s 118ec6000 00:11 2111                      anon_inode:i915.gem
7f9233012000-7f9233052000 rw-s 118e86000 00:11 2111                      anon_inode:i915.gem
7f9233052000-7f9233092000 rw-s 118e46000 00:11 2111                      anon_inode:i915.gem
7f9233092000-7f92330d2000 rw-s 118e06000 00:11 2111                      anon_inode:i915.gem
7f92330d2000-7f9233112000 rw-s 118dc6000 00:11 2111                      anon_inode:i915.gem
7f9233112000-7f9233152000 rw-s 118d86000 00:11 2111                      anon_inode:i915.gem
7f9233152000-7f9233192000 rw-s 118d46000 00:11 2111                      anon_inode:i915.gem
7f9233192000-7f9233392000 rw-s 118b46000 00:11 2111                      anon_inode:i915.gem
7f9233392000-7f92333d2000 rw-s 118b06000 00:11 2111                      anon_inode:i915.gem
7f92333d2000-7f9233412000 rw-s 118ac6000 00:11 2111                      anon_inode:i915.gem
7f9233412000-7f9233452000 rw-s 118a86000 00:11 2111                      anon_inode:i915.gem
7f9233452000-7f9233492000 rw-s 118a46000 00:11 2111                      anon_inode:i915.gem
7f9233492000-7f9233692000 rw-s 118846000 00:11 2111                      anon_inode:i915.gem
7f9233692000-7f9233892000 rw-s 118646000 00:11 2111                      anon_inode:i915.gem
7f9233892000-7f9233a92000 rw-s 118446000 00:11 2111                      anon_inode:i915.gem
7f9233a92000-7f9233c92000 rw-s 118246000 00:11 2111                      anon_inode:i915.gem
7f9233c92000-7f9233e92000 rw-s 118046000 00:11 2111                      anon_inode:i915.gem
7f9233e92000-7f9234092000 rw-s 117e46000 00:11 2111                      anon_inode:i915.gem
7f9234092000-7f9234292000 rw-s 117c46000 00:11 2111                      anon_inode:i915.gem
7f9234292000-7f92342a2000 rw-s 116ce6000 00:11 2111                      anon_inode:i915.gem
7f92342a2000-7f92342b2000 rw-s 116cc6000 00:11 2111                      anon_inode:i915.gem
7f92342b2000-7f92342c2000 rw-s 10bae2000 00:11 2111                      anon_inode:i915.gem
7f92342c2000-7f92342d2000 rw-s 129954000 00:11 2111                      anon_inode:i915.gem
7f92342d2000-7f92342e2000 rw-s 129994000 00:11 2111                      anon_inode:i915.gem
7f92342e2000-7f92342f2000 rw-s 116c96000 00:11 2111                      anon_inode:i915.gem
7f92342f2000-7f9234302000 rw-s 10bb22000 00:11 2111                      anon_inode:i915.gem
7f9234302000-7f9234312000 rw-s 116c06000 00:11 2111                      anon_inode:i915.gem
7f9234312000-7f9234352000 rw-s 117b86000 00:11 2111                      anon_inode:i915.gem
7f9234352000-7f9234392000 rw-s 117b46000 00:11 2111                      anon_inode:i915.gem
7f9234392000-7f92343d2000 rw-s 117b06000 00:11 2111                      anon_inode:i915.gem
7f92343d2000-7f92343e2000 rw-s 116316000 00:11 2111                      anon_inode:i915.gem
7f92343e2000-7f9234402000 rw-s 116346000 00:11 2111                      anon_inode:i915.gem
7f9234402000-7f9234412000 rw-s 10bb52000 00:11 2111                      anon_inode:i915.gem
7f9234412000-7f9234432000 rw-s 10bb32000 00:11 2111                      anon_inode:i915.gem
7f9234432000-7f9234442000 rw-s 1172ca000 00:11 2111                      anon_inode:i915.gem
7f9234442000-7f9234452000 rw-s 10bb12000 00:11 2111                      anon_inode:i915.gem
7f9234452000-7f9234492000 rw-s 117a46000 00:11 2111                      anon_inode:i915.gem
7f9234492000-7f92344d2000 rw-s 117a06000 00:11 2111                      anon_inode:i915.gem
7f92344d2000-7f92344e2000 rw-s 129924000 00:11 2111                      anon_inode:i915.gem
7f92344e2000-7f92344f2000 rw-s 116cf6000 00:11 2111                      anon_inode:i915.gem
7f92344f2000-7f9234502000 rw-s 12a73f000 00:11 2111                      anon_inode:i915.gem
7f9234502000-7f9234512000 rw-s 10444a000 00:11 2111                      anon_inode:i915.gem
7f9234512000-7f9234522000 rw-s 116ca6000 00:11 2111                      anon_inode:i915.gem
7f9234522000-7f9234532000 rw-s 116366000 00:11 2111                      anon_inode:i915.gem
7f9234532000-7f9234552000 rw-s 12f90e000 00:11 2111                      anon_inode:i915.gem
7f9234552000-7f9234752000 rw-s 117786000 00:11 2111                      anon_inode:i915.gem
7f9234752000-7f92347d2000 rw-s 11723a000 00:11 2111                      anon_inode:i915.gem
7f92347d2000-7f92349d2000 rw-s 117506000 00:11 2111                      anon_inode:i915.gem
7f92349d2000-7f9234bd2000 rw-s 117306000 00:11 2111                      anon_inode:i915.gem
7f9234bd2000-7f9234bf2000 rw-s 12f8ee000 00:11 2111                      anon_inode:i915.gem
7f9234bf2000-7f9234c02000 rw-s 1172ea000 00:11 2111                      anon_inode:i915.gem
7f9234c02000-7f9234c12000 rw-s 129934000 00:11 2111                      anon_inode:i915.gem
7f9234c12000-7f9234c22000 rw-s 12f8be000 00:11 2111                      anon_inode:i915.gem
7f9234c22000-7f9234c32000 rw-s 12f8ae000 00:11 2111                      anon_inode:i915.gem
7f9234c32000-7f9234c42000 rw-s 129cf4000 00:11 2111                      anon_inode:i915.gem
7f9234c42000-7f9234c52000 rw-s 12f8ce000 00:11 2111                      anon_inode:i915.gem
7f9234c52000-7f9234cd2000 rw-s 117bc6000 00:11 2111                      anon_inode:i915.gem
7f9234cd2000-7f9234ed2000 rw-s 117006000 00:11 2111                      anon_inode:i915.gem
7f9234ed2000-7f92350d2000 rw-s 116e06000 00:11 2111                      anon_inode:i915.gem
7f92350d2000-7f9235112000 rw-s 116dc6000 00:11 2111                      anon_inode:i915.gem
7f9235112000-7f9235152000 rw-s 116d86000 00:11 2111                      anon_inode:i915.gem
7f9235152000-7f9235192000 rw-s 116d46000 00:11 2111                      anon_inode:i915.gem
7f9235192000-7f92351d2000 rw-s 116d06000 00:11 2111                      anon_inode:i915.gem
7f92351d5000-7f92351e5000 rw-s 129ce4000 00:11 2111                      anon_inode:i915.gem
7f92351e5000-7f92351f5000 rw-s 12f8de000 00:11 2111                      anon_inode:i915.gem
7f92351f5000-7f9235205000 rw-s 10c632000 00:11 2111                      anon_inode:i915.gem
7f9235205000-7f9235215000 rw-s 1172ba000 00:11 2111                      anon_inode:i915.gem
7f9235215000-7f9235225000 rw-s 10c5f2000 00:11 2111                      anon_inode:i915.gem
7f9235225000-7f9235235000 rw-s 10c602000 00:11 2111                      anon_inode:i915.gem
7f9235235000-7f9235245000 rw-s 11722a000 00:11 2111                      anon_inode:i915.gem
7f9235245000-7f9235255000 rw-s 129cd4000 00:11 2111                      anon_inode:i915.gem
7f9235255000-7f9235265000 rw-s 116336000 00:11 2111                      anon_inode:i915.gem
7f9235265000-7f9235275000 rw-s 129cc4000 00:11 2111                      anon_inode:i915.gem
7f9235275000-7f9235285000 rw-s 10c662000 00:11 2111                      anon_inode:i915.gem
7f9235286000-7f9235296000 rw-s 116306000 00:11 2111                      anon_inode:i915.gem
7f9235296000-7f92352a6000 rw-s 117ae6000 00:11 2111                      anon_inode:i915.gem
7f92352a6000-7f92352b6000 rw-s 12a72f000 00:11 2111                      anon_inode:i915.gem
7f92352b6000-7f92352c6000 rw-s 117ab6000 00:11 2111                      anon_inode:i915.gem
7f92352c6000-7f92352d6000 rw-s 10c642000 00:11 2111                      anon_inode:i915.gem
7f92352d6000-7f92352e6000 rw-s 116326000 00:11 2111                      anon_inode:i915.gem
7f92352e6000-7f92352f6000 rw-s 1287ca000 00:11 2111                      anon_inode:i915.gem
7f92352f6000-7f9235306000 rw-s 1287ba000 00:11 2111                      anon_inode:i915.gem
7f9235306000-7f9235316000 rw-s 1287aa000 00:11 2111                      anon_inode:i915.gem
7f9235316000-7f9235326000 rw-s 12879a000 00:11 2111                      anon_inode:i915.gem
7f9235326000-7f9235336000 rw-s 12878a000 00:11 2111                      anon_inode:i915.gem
7f9235336000-7f9235346000 rw-s 12877a000 00:11 2111                      anon_inode:i915.gem
7f9235346000-7f9235356000 rw-s 12876a000 00:11 2111                      anon_inode:i915.gem
7f9235356000-7f9235366000 rw-s 12875a000 00:11 2111                      anon_inode:i915.gem
7f9235366000-7f9235376000 rw-s 12874a000 00:11 2111                      anon_inode:i915.gem
7f9235376000-7f9235386000 rw-s 1163f6000 00:11 2111                      anon_inode:i915.gem
7f9235386000-7f9235396000 rw-s 1163e6000 00:11 2111                      anon_inode:i915.gem
7f9235396000-7f92353a6000 rw-s 1163d6000 00:11 2111                      anon_inode:i915.gem
7f92353a6000-7f92353b6000 rw-s 1163c6000 00:11 2111                      anon_inode:i915.gem
7f92353b6000-7f92353c6000 rw-s 1163b6000 00:11 2111                      anon_inode:i915.gem
7f92353c6000-7f92353d6000 rw-s 1163a6000 00:11 2111                      anon_inode:i915.gem
7f92353d6000-7f92353e6000 rw-s 116396000 00:11 2111                      anon_inode:i915.gem
7f92353e6000-7f92353f6000 rw-s 116386000 00:11 2111                      anon_inode:i915.gem
7f92353f6000-7f9235406000 rw-s 135e42000 00:11 2111                      anon_inode:i915.gem
7f9235406000-7f9235416000 rw-s 135e32000 00:11 2111                      anon_inode:i915.gem
7f9235416000-7f9235426000 rw-s 135e22000 00:11 2111                      anon_inode:i915.gem
7f9235426000-7f9235436000 rw-s 135e12000 00:11 2111                      anon_inode:i915.gem
7f9235436000-7f9235446000 rw-s 135e02000 00:11 2111                      anon_inode:i915.gem
7f9235452000-7f92354d2000 rw-s 1280ca000 00:11 2111                      anon_inode:i915.gem
7f92354d2000-7f92356d2000 rw-s 116806000 00:11 2111                      anon_inode:i915.gem
7f92356d2000-7f92358d2000 rw-s 116606000 00:11 2111                      anon_inode:i915.gem
7f92358d2000-7f9235ad2000 rw-s 116406000 00:11 2111                      anon_inode:i915.gem
7f9235ad4000-7f9235ad6000 rw-s 106d2f000 00:11 2111                      anon_inode:i915.gem
7f9235ad6000-7f9235ae6000 rw-s 106d1f000 00:11 2111                      anon_inode:i915.gem
7f9235ae6000-7f9235ae8000 rw-s 106d1d000 00:11 2111                      anon_inode:i915.gem
7f9235ae8000-7f9235aea000 rw-s 106d1b000 00:11 2111                      anon_inode:i915.gem
7f9235aea000-7f9235aee000 rw-s 106d17000 00:11 2111                      anon_inode:i915.gem
7f9235aee000-7f9235af6000 rw-s 106d0f000 00:11 2111                      anon_inode:i915.gem
7f9235af6000-7f9235af8000 rw-s 106d0d000 00:11 2111                      anon_inode:i915.gem
7f9235af8000-7f9235afa000 rw-s 106d0b000 00:11 2111                      anon_inode:i915.gem
7f9235afa000-7f9235afc000 rw-s 106d09000 00:11 2111                      anon_inode:i915.gem
7f9235afc000-7f9235afe000 rw-s 106d07000 00:11 2111                      anon_inode:i915.gem
7f9235b00000-7f9235b02000 rw-s 106d03000 00:11 2111                      anon_inode:i915.gem
7f9235b02000-7f9235b06000 rw-s 106cff000 00:11 2111                      anon_inode:i915.gem
7f9235b08000-7f9235b0a000 rw-s 106cfb000 00:11 2111                      anon_inode:i915.gem
7f9235b0c000-7f9235b0e000 rw-s 106cf7000 00:11 2111                      anon_inode:i915.gem
7f9235b13000-7f9235b23000 rw-s 116376000 00:11 2111                      anon_inode:i915.gem
7f9235b23000-7f9235b25000 rw-s 1280ac000 00:11 2111                      anon_inode:i915.gem
7f9235b31000-7f9235b33000 rw-s 12a26a000 00:11 2111                      anon_inode:i915.gem
7f9235b36000-7f9235b3a000 rw-s 106cd2000 00:11 2111                      anon_inode:i915.gem
7f9235b3a000-7f9235b3e000 rw-s 106cce000 00:11 2111                      anon_inode:i915.gem
7f9235b3e000-7f9235b42000 rw-s 106cca000 00:11 2111                      anon_inode:i915.gem
7f9235b42000-7f9235b82000 rw-s 106c82000 00:11 2111                      anon_inode:i915.gem
7f9235b82000-7f9235b92000 rw-s 10c652000 00:11 2111                      anon_inode:i915.gem
7f9235b92000-7f9235ba2000 rw-s 117a86000 00:11 2111                      anon_inode:i915.gem
7f9235ba2000-7f9235bb2000 rw-s 117a96000 00:11 2111                      anon_inode:i915.gem
7f9235bb2000-7f9235bc2000 rw-s 117af6000 00:11 2111                      anon_inode:i915.gem
7f9235bc2000-7f9235bd2000 rw-s 10c622000 00:11 2111                      anon_inode:i915.gem
7f9235bd2000-7f9235c12000 rw-s 1162c6000 00:11 2111                      anon_inode:i915.gem
7f9235c12000-7f9235e12000 rw-s 1160c6000 00:11 2111                      anon_inode:i915.gem
7f9235e12000-7f9236012000 rw-s 115ec6000 00:11 2111                      anon_inode:i915.gem
7f9236012000-7f9236212000 rw-s 115cc6000 00:11 2111                      anon_inode:i915.gem
7f9236212000-7f9236412000 rw-s 115ac6000 00:11 2111                      anon_inode:i915.gem
7f9236412000-7f9236452000 rw-s 115a86000 00:11 2111                      anon_inode:i915.gem
7f9236452000-7f9236492000 rw-s 115a46000 00:11 2111                      anon_inode:i915.gem
7f9236492000-7f92364d2000 rw-s 115a06000 00:11 2111                      anon_inode:i915.gem
7f92364d2000-7f9236512000 rw-s 12f7a4000 00:11 2111                      anon_inode:i915.gem
7f9236512000-7f9236712000 rw-s 115806000 00:11 2111                      anon_inode:i915.gem
7f9236712000-7f9236912000 rw-s 115606000 00:11 2111                      anon_inode:i915.gem
7f9236912000-7f9236b12000 rw-s 115406000 00:11 2111                      anon_inode:i915.gem
7f9236b12000-7f9236f12000 rw-s 115006000 00:11 2111                      anon_inode:i915.gem
7f9236f12000-7f9237312000 rw-s 114c06000 00:11 2111                      anon_inode:i915.gem
7f9237312000-7f9237512000 rw-s 114a06000 00:11 2111                      anon_inode:i915.gem
7f9237512000-7f9237912000 rw-s 114606000 00:11 2111                      anon_inode:i915.gem
7f9237912000-7f9237d12000 rw-s 114206000 00:11 2111                      anon_inode:i915.gem
7f9237d12000-7f9238112000 rw-s 113e06000 00:11 2111                      anon_inode:i915.gem
7f9238112000-7f9238312000 rw-s 113c06000 00:11 2111                      anon_inode:i915.gem
7f9238312000-7f9238912000 rw-s 113606000 00:11 2111                      anon_inode:i915.gem
7f9238912000-7f9238d12000 rw-s 113206000 00:11 2111                      anon_inode:i915.gem
7f9238d12000-7f9239112000 rw-s 112e06000 00:11 2111                      anon_inode:i915.gem
7f9239112000-7f923911a000 rw-s 112dfe000 00:11 2111                      anon_inode:i915.gem
7f923911a000-7f9239122000 rw-s 112df6000 00:11 2111                      anon_inode:i915.gem
7f9239122000-7f923912a000 rw-s 112dee000 00:11 2111                      anon_inode:i915.gem
7f923912a000-7f9239132000 rw-s 112de6000 00:11 2111                      anon_inode:i915.gem
7f9239132000-7f923913a000 rw-s 112dde000 00:11 2111                      anon_inode:i915.gem
7f923913a000-7f9239142000 rw-s 112dd6000 00:11 2111                      anon_inode:i915.gem
7f9239142000-7f923914a000 rw-s 112dce000 00:11 2111                      anon_inode:i915.gem
7f923914a000-7f9239152000 rw-s 112dc6000 00:11 2111                      anon_inode:i915.gem
7f9239152000-7f923915a000 rw-s 112dbe000 00:11 2111                      anon_inode:i915.gem
7f923915a000-7f9239162000 rw-s 112db6000 00:11 2111                      anon_inode:i915.gem
7f9239162000-7f923916a000 rw-s 112dae000 00:11 2111                      anon_inode:i915.gem
7f923916a000-7f9239172000 rw-s 112da6000 00:11 2111                      anon_inode:i915.gem
7f9239172000-7f923917a000 rw-s 112d9e000 00:11 2111                      anon_inode:i915.gem
7f923917a000-7f9239182000 rw-s 112d96000 00:11 2111                      anon_inode:i915.gem
7f9239182000-7f9239186000 rw-s 112d92000 00:11 2111                      anon_inode:i915.gem
7f9239186000-7f923918e000 rw-s 112d8a000 00:11 2111                      anon_inode:i915.gem
7f923918e000-7f9239196000 rw-s 112d82000 00:11 2111                      anon_inode:i915.gem
7f9239196000-7f923919e000 rw-s 112d7a000 00:11 2111                      anon_inode:i915.gem
7f923919e000-7f92391a6000 rw-s 112d72000 00:11 2111                      anon_inode:i915.gem
7f92391a6000-7f92391ae000 rw-s 112d6a000 00:11 2111                      anon_inode:i915.gem
7f92391ae000-7f92391b6000 rw-s 112d62000 00:11 2111                      anon_inode:i915.gem
7f92391b6000-7f92391be000 rw-s 112d5a000 00:11 2111                      anon_inode:i915.gem
7f92391be000-7f92391c6000 rw-s 112d52000 00:11 2111                      anon_inode:i915.gem
7f92391c6000-7f92391ca000 rw-s 112d4e000 00:11 2111                      anon_inode:i915.gem
7f92391ca000-7f92391ce000 rw-s 112d4a000 00:11 2111                      anon_inode:i915.gem
7f92391ce000-7f92391d2000 rw-s 112d46000 00:11 2111                      anon_inode:i915.gem
7f92391d2000-7f92391d6000 rw-s 112d42000 00:11 2111                      anon_inode:i915.gem
7f92391d6000-7f92391da000 rw-s 112d3e000 00:11 2111                      anon_inode:i915.gem
7f92391da000-7f92391de000 rw-s 112d3a000 00:11 2111                      anon_inode:i915.gem
7f92391de000-7f92391e2000 rw-s 112d36000 00:11 2111                      anon_inode:i915.gem
7f92391e2000-7f92391ea000 rw-s 112d2e000 00:11 2111                      anon_inode:i915.gem
7f92391ea000-7f92391f2000 rw-s 112d26000 00:11 2111                      anon_inode:i915.gem
7f92391f2000-7f92391fa000 rw-s 112d1e000 00:11 2111                      anon_inode:i915.gem
7f92391fa000-7f92391fe000 rw-s 112d1a000 00:11 2111                      anon_inode:i915.gem
7f92391fe000-7f9239206000 rw-s 112d12000 00:11 2111                      anon_inode:i915.gem
7f9239206000-7f923920e000 rw-s 112d0a000 00:11 2111                      anon_inode:i915.gem
7f923920e000-7f9239216000 rw-s 112d02000 00:11 2111                      anon_inode:i915.gem
7f9239216000-7f923921e000 rw-s 112cfa000 00:11 2111                      anon_inode:i915.gem
7f923921e000-7f9239226000 rw-s 112cf2000 00:11 2111                      anon_inode:i915.gem
7f9239226000-7f923922e000 rw-s 112cea000 00:11 2111                      anon_inode:i915.gem
7f923922e000-7f9239236000 rw-s 112ce2000 00:11 2111                      anon_inode:i915.gem
7f9239236000-7f923923e000 rw-s 112cda000 00:11 2111                      anon_inode:i915.gem
7f923923e000-7f9239246000 rw-s 112cd2000 00:11 2111                      anon_inode:i915.gem
7f9239246000-7f923924e000 rw-s 112cca000 00:11 2111                      anon_inode:i915.gem
7f923924e000-7f9239256000 rw-s 112cc2000 00:11 2111                      anon_inode:i915.gem
7f9239256000-7f923925e000 rw-s 112cba000 00:11 2111                      anon_inode:i915.gem
7f923925e000-7f9239266000 rw-s 112cb2000 00:11 2111                      anon_inode:i915.gem
7f9239266000-7f923926e000 rw-s 112caa000 00:11 2111                      anon_inode:i915.gem
7f923926e000-7f9239276000 rw-s 112ca2000 00:11 2111                      anon_inode:i915.gem
7f9239276000-7f923927e000 rw-s 112c9a000 00:11 2111                      anon_inode:i915.gem
7f923927e000-7f9239286000 rw-s 112c92000 00:11 2111                      anon_inode:i915.gem
7f9239286000-7f923928e000 rw-s 112c8a000 00:11 2111                      anon_inode:i915.gem
7f923928e000-7f9239296000 rw-s 112c82000 00:11 2111                      anon_inode:i915.gem
7f9239296000-7f923929e000 rw-s 112c7a000 00:11 2111                      anon_inode:i915.gem
7f923929e000-7f92392a6000 rw-s 112c72000 00:11 2111                      anon_inode:i915.gem
7f92392a6000-7f92392aa000 rw-s 112c6e000 00:11 2111                      anon_inode:i915.gem
7f92392aa000-7f92392ae000 rw-s 112c6a000 00:11 2111                      anon_inode:i915.gem
7f92392ae000-7f92392b2000 rw-s 112c66000 00:11 2111                      anon_inode:i915.gem
7f92392b2000-7f92392b6000 rw-s 112c62000 00:11 2111                      anon_inode:i915.gem
7f92392b6000-7f92392ba000 rw-s 112c5e000 00:11 2111                      anon_inode:i915.gem
7f92392ba000-7f92392be000 rw-s 112c5a000 00:11 2111                      anon_inode:i915.gem
7f92392be000-7f92392c2000 rw-s 112c56000 00:11 2111                      anon_inode:i915.gem
7f92392c2000-7f9239302000 rw-s 112c16000 00:11 2111                      anon_inode:i915.gem
7f9239302000-7f9239342000 rw-s 112bd6000 00:11 2111                      anon_inode:i915.gem
7f9239342000-7f9239346000 rw-s 112bd2000 00:11 2111                      anon_inode:i915.gem
7f9239346000-7f923934a000 rw-s 112bce000 00:11 2111                      anon_inode:i915.gem
7f923934a000-7f9239352000 rw-s 112bc6000 00:11 2111                      anon_inode:i915.gem
7f9239352000-7f923935a000 rw-s 112bbe000 00:11 2111                      anon_inode:i915.gem
7f923935a000-7f9239362000 rw-s 112bb6000 00:11 2111                      anon_inode:i915.gem
7f9239362000-7f923936a000 rw-s 112bae000 00:11 2111                      anon_inode:i915.gem
7f923936a000-7f9239372000 rw-s 112ba6000 00:11 2111                      anon_inode:i915.gem
7f9239372000-7f923937a000 rw-s 112b9e000 00:11 2111                      anon_inode:i915.gem
7f923937a000-7f9239382000 rw-s 112b96000 00:11 2111                      anon_inode:i915.gem
7f9239382000-7f923938a000 rw-s 112b8e000 00:11 2111                      anon_inode:i915.gem
7f923938a000-7f9239392000 rw-s 112b86000 00:11 2111                      anon_inode:i915.gem
7f9239392000-7f923939a000 rw-s 112b7e000 00:11 2111                      anon_inode:i915.gem
7f923939a000-7f92393a2000 rw-s 112b76000 00:11 2111                      anon_inode:i915.gem
7f92393a2000-7f92393aa000 rw-s 112b6e000 00:11 2111                      anon_inode:i915.gem
7f92393aa000-7f92393b2000 rw-s 112b66000 00:11 2111                      anon_inode:i915.gem
7f92393b2000-7f92393ba000 rw-s 112b5e000 00:11 2111                      anon_inode:i915.gem
7f92393ba000-7f92393c2000 rw-s 112b56000 00:11 2111                      anon_inode:i915.gem
7f92393c2000-7f92393ca000 rw-s 112b4e000 00:11 2111                      anon_inode:i915.gem
7f92393ca000-7f92393d2000 rw-s 112b46000 00:11 2111                      anon_inode:i915.gem
7f92393d2000-7f92393da000 rw-s 112b3e000 00:11 2111                      anon_inode:i915.gem
7f92393da000-7f92393e2000 rw-s 112b36000 00:11 2111                      anon_inode:i915.gem
7f92393e2000-7f92393ea000 rw-s 112b2e000 00:11 2111                      anon_inode:i915.gem
7f92393ea000-7f92393f2000 rw-s 112b26000 00:11 2111                      anon_inode:i915.gem
7f92393f2000-7f92393fa000 rw-s 112b1e000 00:11 2111                      anon_inode:i915.gem
7f92393fa000-7f9239402000 rw-s 112b16000 00:11 2111                      anon_inode:i915.gem
7f9239402000-7f923940a000 rw-s 112b0e000 00:11 2111                      anon_inode:i915.gem
7f923940a000-7f9239412000 rw-s 112b06000 00:11 2111                      anon_inode:i915.gem
7f9239412000-7f923941a000 rw-s 112afe000 00:11 2111                      anon_inode:i915.gem
7f923941a000-7f9239422000 rw-s 112af6000 00:11 2111                      anon_inode:i915.gem
7f9239422000-7f923942a000 rw-s 112aee000 00:11 2111                      anon_inode:i915.gem
7f923942a000-7f9239432000 rw-s 112ae6000 00:11 2111                      anon_inode:i915.gem
7f9239432000-7f923943a000 rw-s 112ade000 00:11 2111                      anon_inode:i915.gem
7f923943a000-7f9239442000 rw-s 112ad6000 00:11 2111                      anon_inode:i915.gem
7f9239442000-7f923944a000 rw-s 112ace000 00:11 2111                      anon_inode:i915.gem
7f923944a000-7f9239452000 rw-s 112ac6000 00:11 2111                      anon_inode:i915.gem
7f9239452000-7f923945a000 rw-s 112abe000 00:11 2111                      anon_inode:i915.gem
7f923945a000-7f9239462000 rw-s 112ab6000 00:11 2111                      anon_inode:i915.gem
7f9239462000-7f923946a000 rw-s 112aae000 00:11 2111                      anon_inode:i915.gem
7f923946a000-7f9239472000 rw-s 112aa6000 00:11 2111                      anon_inode:i915.gem
7f9239472000-7f923947a000 rw-s 112a9e000 00:11 2111                      anon_inode:i915.gem
7f923947a000-7f9239482000 rw-s 112a96000 00:11 2111                      anon_inode:i915.gem
7f9239482000-7f923948a000 rw-s 112a8e000 00:11 2111                      anon_inode:i915.gem
7f923948a000-7f9239492000 rw-s 112a86000 00:11 2111                      anon_inode:i915.gem
7f9239492000-7f923949a000 rw-s 112a7e000 00:11 2111                      anon_inode:i915.gem
7f923949a000-7f92394a2000 rw-s 112a76000 00:11 2111                      anon_inode:i915.gem
7f92394a2000-7f92394aa000 rw-s 112a6e000 00:11 2111                      anon_inode:i915.gem
7f92394aa000-7f92394b2000 rw-s 112a66000 00:11 2111                      anon_inode:i915.gem
7f92394b2000-7f92394b6000 rw-s 112a62000 00:11 2111                      anon_inode:i915.gem
7f92394b6000-7f92394ba000 rw-s 112a5e000 00:11 2111                      anon_inode:i915.gem
7f92394ba000-7f92394be000 rw-s 112a5a000 00:11 2111                      anon_inode:i915.gem
7f92394be000-7f92394c2000 rw-s 112a56000 00:11 2111                      anon_inode:i915.gem
7f92394c2000-7f92394c6000 rw-s 112a52000 00:11 2111                      anon_inode:i915.gem
7f92394c6000-7f92394ca000 rw-s 112a4e000 00:11 2111                      anon_inode:i915.gem
7f92394ca000-7f923950a000 rw-s 112a0e000 00:11 2111                      anon_inode:i915.gem
7f923950a000-7f923954a000 rw-s 1129ce000 00:11 2111                      anon_inode:i915.gem
7f923954a000-7f923958a000 rw-s 11298e000 00:11 2111                      anon_inode:i915.gem
7f923958a000-7f92395ca000 rw-s 11294e000 00:11 2111                      anon_inode:i915.gem
7f92395ca000-7f923960a000 rw-s 11290e000 00:11 2111                      anon_inode:i915.gem
7f923960a000-7f923964a000 rw-s 1128ce000 00:11 2111                      anon_inode:i915.gem
7f923964a000-7f9239652000 rw-s 1128c6000 00:11 2111                      anon_inode:i915.gem
7f9239652000-7f923965a000 rw-s 1128be000 00:11 2111                      anon_inode:i915.gem
7f923965a000-7f9239662000 rw-s 1128b6000 00:11 2111                      anon_inode:i915.gem
7f9239662000-7f923966a000 rw-s 1128ae000 00:11 2111                      anon_inode:i915.gem
7f923966a000-7f9239672000 rw-s 1128a6000 00:11 2111                      anon_inode:i915.gem
7f9239672000-7f923967a000 rw-s 11289e000 00:11 2111                      anon_inode:i915.gem
7f923967a000-7f9239682000 rw-s 112896000 00:11 2111                      anon_inode:i915.gem
7f9239682000-7f923968a000 rw-s 11288e000 00:11 2111                      anon_inode:i915.gem
7f923968a000-7f9239692000 rw-s 112886000 00:11 2111                      anon_inode:i915.gem
7f9239692000-7f923969a000 rw-s 11287e000 00:11 2111                      anon_inode:i915.gem
7f923969a000-7f92396a2000 rw-s 112876000 00:11 2111                      anon_inode:i915.gem
7f92396a2000-7f92396aa000 rw-s 11286e000 00:11 2111                      anon_inode:i915.gem
7f92396aa000-7f92396b2000 rw-s 112866000 00:11 2111                      anon_inode:i915.gem
7f92396b2000-7f92396ba000 rw-s 11285e000 00:11 2111                      anon_inode:i915.gem
7f92396ba000-7f92396c2000 rw-s 112856000 00:11 2111                      anon_inode:i915.gem
7f92396c2000-7f92396ca000 rw-s 11284e000 00:11 2111                      anon_inode:i915.gem
7f92396ca000-7f92396d2000 rw-s 112846000 00:11 2111                      anon_inode:i915.gem
7f92396d2000-7f92396da000 rw-s 11283e000 00:11 2111                      anon_inode:i915.gem
7f92396da000-7f92396e2000 rw-s 112836000 00:11 2111                      anon_inode:i915.gem
7f92396e2000-7f92396ea000 rw-s 11282e000 00:11 2111                      anon_inode:i915.gem
7f92396ea000-7f92396f2000 rw-s 112826000 00:11 2111                      anon_inode:i915.gem
7f92396f2000-7f92396fa000 rw-s 11281e000 00:11 2111                      anon_inode:i915.gem
7f92396fa000-7f9239702000 rw-s 112816000 00:11 2111                      anon_inode:i915.gem
7f9239702000-7f923970a000 rw-s 11280e000 00:11 2111                      anon_inode:i915.gem
7f923970a000-7f923970e000 rw-s 11280a000 00:11 2111                      anon_inode:i915.gem
7f923970e000-7f9239712000 rw-s 112806000 00:11 2111                      anon_inode:i915.gem
7f9239712000-7f923971a000 rw-s 1127fe000 00:11 2111                      anon_inode:i915.gem
7f923971a000-7f923971e000 rw-s 1127fa000 00:11 2111                      anon_inode:i915.gem
7f923971e000-7f9239726000 rw-s 1127f2000 00:11 2111                      anon_inode:i915.gem
7f9239726000-7f923972e000 rw-s 1127ea000 00:11 2111                      anon_inode:i915.gem
7f923972e000-7f9239736000 rw-s 1127e2000 00:11 2111                      anon_inode:i915.gem
7f9239736000-7f923973e000 rw-s 1127da000 00:11 2111                      anon_inode:i915.gem
7f923973e000-7f9239742000 rw-s 1127d6000 00:11 2111                      anon_inode:i915.gem
7f9239742000-7f9239746000 rw-s 1127d2000 00:11 2111                      anon_inode:i915.gem
7f9239746000-7f923974a000 rw-s 1127ce000 00:11 2111                      anon_inode:i915.gem
7f923974a000-7f9239752000 rw-s 1127c6000 00:11 2111                      anon_inode:i915.gem
7f9239752000-7f923975a000 rw-s 1127be000 00:11 2111                      anon_inode:i915.gem
7f923975a000-7f9239762000 rw-s 1127b6000 00:11 2111                      anon_inode:i915.gem
7f9239762000-7f923976a000 rw-s 1127ae000 00:11 2111                      anon_inode:i915.gem
7f923976a000-7f923976e000 rw-s 1127aa000 00:11 2111                      anon_inode:i915.gem
7f923976e000-7f9239772000 rw-s 1127a6000 00:11 2111                      anon_inode:i915.gem
7f9239772000-7f923977a000 rw-s 11279e000 00:11 2111                      anon_inode:i915.gem
7f923977a000-7f9239782000 rw-s 112796000 00:11 2111                      anon_inode:i915.gem
7f9239782000-7f923978a000 rw-s 11278e000 00:11 2111                      anon_inode:i915.gem
7f923978a000-7f9239792000 rw-s 112786000 00:11 2111                      anon_inode:i915.gem
7f9239792000-7f923979a000 rw-s 11277e000 00:11 2111                      anon_inode:i915.gem
7f923979a000-7f92397a2000 rw-s 112776000 00:11 2111                      anon_inode:i915.gem
7f92397a2000-7f92397a6000 rw-s 112772000 00:11 2111                      anon_inode:i915.gem
7f92397a6000-7f92397aa000 rw-s 11276e000 00:11 2111                      anon_inode:i915.gem
7f92397aa000-7f92397b2000 rw-s 112766000 00:11 2111                      anon_inode:i915.gem
7f92397b2000-7f92397ba000 rw-s 11275e000 00:11 2111                      anon_inode:i915.gem
7f92397ba000-7f92399ba000 rw-s 11255e000 00:11 2111                      anon_inode:i915.gem
7f92399ba000-7f9239bba000 rw-s 11235e000 00:11 2111                      anon_inode:i915.gem
7f9239bba000-7f9239dba000 rw-s 11215e000 00:11 2111                      anon_inode:i915.gem
7f9239dba000-7f9239dfa000 rw-s 11211e000 00:11 2111                      anon_inode:i915.gem
7f9239dfa000-7f9239e3a000 rw-s 1120de000 00:11 2111                      anon_inode:i915.gem
7f9239e3a000-7f9239e7a000 rw-s 11209e000 00:11 2111                      anon_inode:i915.gem
7f9239e7a000-7f9239eba000 rw-s 11205e000 00:11 2111                      anon_inode:i915.gem
7f9239eba000-7f9239efa000 rw-s 11201e000 00:11 2111                      anon_inode:i915.gem
7f9239efa000-7f9239f02000 rw-s 112016000 00:11 2111                      anon_inode:i915.gem
7f9239f02000-7f9239f0a000 rw-s 11200e000 00:11 2111                      anon_inode:i915.gem
7f9239f0a000-7f9239f12000 rw-s 112006000 00:11 2111                      anon_inode:i915.gem
7f9239f12000-7f9239f1a000 rw-s 111ffe000 00:11 2111                      anon_inode:i915.gem
7f9239f1a000-7f9239f22000 rw-s 111ff6000 00:11 2111                      anon_inode:i915.gem
7f9239f22000-7f9239f2a000 rw-s 111fee000 00:11 2111                      anon_inode:i915.gem
7f9239f2a000-7f9239f32000 rw-s 111fe6000 00:11 2111                      anon_inode:i915.gem
7f9239f32000-7f9239f36000 rw-s 111fe2000 00:11 2111                      anon_inode:i915.gem
7f9239f36000-7f9239f3e000 rw-s 111fda000 00:11 2111                      anon_inode:i915.gem
7f9239f3e000-7f9239f46000 rw-s 111fd2000 00:11 2111                      anon_inode:i915.gem
7f9239f46000-7f9239f4a000 rw-s 111fce000 00:11 2111                      anon_inode:i915.gem
7f9239f4a000-7f9239f4e000 rw-s 111fca000 00:11 2111                      anon_inode:i915.gem
7f9239f4e000-7f9239f52000 rw-s 111fc6000 00:11 2111                      anon_inode:i915.gem
7f9239f52000-7f9239f54000 rw-s 111fc4000 00:11 2111                      anon_inode:i915.gem
7f9239f54000-7f9239f56000 rw-s 111fc2000 00:11 2111                      anon_inode:i915.gem
7f9239f56000-7f9239f58000 rw-s 111fc0000 00:11 2111                      anon_inode:i915.gem
7f9239f58000-7f9239f5a000 rw-s 111fbe000 00:11 2111                      anon_inode:i915.gem
7f9239f5a000-7f9239f5c000 rw-s 111fbc000 00:11 2111                      anon_inode:i915.gem
7f9239f5c000-7f9239f5e000 rw-s 111fba000 00:11 2111                      anon_inode:i915.gem
7f9239f5e000-7f9239f60000 rw-s 111fb8000 00:11 2111                      anon_inode:i915.gem
7f9239f60000-7f9239f62000 rw-s 111fb6000 00:11 2111                      anon_inode:i915.gem
7f9239f62000-7f9239f64000 rw-s 111fb4000 00:11 2111                      anon_inode:i915.gem
7f9239f64000-7f9239f6c000 rw-s 111fac000 00:11 2111                      anon_inode:i915.gem
7f9239f6c000-7f9239f74000 rw-s 111fa4000 00:11 2111                      anon_inode:i915.gem
7f9239f74000-7f9239f7c000 rw-s 111f9c000 00:11 2111                      anon_inode:i915.gem
7f9239f7c000-7f9239f84000 rw-s 111f94000 00:11 2111                      anon_inode:i915.gem
7f9239f84000-7f9239f86000 rw-s 111f92000 00:11 2111                      anon_inode:i915.gem
7f9239f86000-7f9239f88000 rw-s 111f90000 00:11 2111                      anon_inode:i915.gem
7f9239f88000-7f9239f8c000 rw-s 111f8c000 00:11 2111                      anon_inode:i915.gem
7f9239f8c000-7f9239f90000 rw-s 111f88000 00:11 2111                      anon_inode:i915.gem
7f9239f90000-7f9239f94000 rw-s 111f84000 00:11 2111                      anon_inode:i915.gem
7f9239f94000-7f9239f98000 rw-s 111f80000 00:11 2111                      anon_inode:i915.gem
7f9239f98000-7f9239f9c000 rw-s 111f7c000 00:11 2111                      anon_inode:i915.gem
7f9239f9c000-7f9239fa4000 rw-s 111f74000 00:11 2111                      anon_inode:i915.gem
7f9239fa4000-7f9239fa8000 rw-s 111f70000 00:11 2111                      anon_inode:i915.gem
7f9239fa8000-7f9239fac000 rw-s 111f6c000 00:11 2111                      anon_inode:i915.gem
7f9239fac000-7f9239fb0000 rw-s 111f68000 00:11 2111                      anon_inode:i915.gem
7f9239fb0000-7f9239fb4000 rw-s 111f64000 00:11 2111                      anon_inode:i915.gem
7f9239fb4000-7f9239fb8000 rw-s 111f60000 00:11 2111                      anon_inode:i915.gem
7f9239fb8000-7f9239fbc000 rw-s 111f5c000 00:11 2111                      anon_inode:i915.gem
7f9239fbc000-7f9239fc4000 rw-s 111f54000 00:11 2111                      anon_inode:i915.gem
7f9239fc4000-7f9239fc8000 rw-s 111f50000 00:11 2111                      anon_inode:i915.gem
7f9239fc8000-7f9239fcc000 rw-s 111f4c000 00:11 2111                      anon_inode:i915.gem
7f9239fcc000-7f9239fce000 rw-s 111f4a000 00:11 2111                      anon_inode:i915.gem
7f9239fce000-7f9239fd6000 rw-s 111f42000 00:11 2111                      anon_inode:i915.gem
7f9239fd6000-7f9239fda000 rw-s 111f3e000 00:11 2111                      anon_inode:i915.gem
7f9239fda000-7f9239fde000 rw-s 111f3a000 00:11 2111                      anon_inode:i915.gem
7f9239fde000-7f9239fe2000 rw-s 111f36000 00:11 2111                      anon_inode:i915.gem
7f9239fe2000-7f9239fe6000 rw-s 111f32000 00:11 2111                      anon_inode:i915.gem
7f9239fe6000-7f9239fea000 rw-s 111f2e000 00:11 2111                      anon_inode:i915.gem
7f9239fea000-7f9239fec000 rw-s 111f2c000 00:11 2111                      anon_inode:i915.gem
7f9239fec000-7f9239ff0000 rw-s 111f28000 00:11 2111                      anon_inode:i915.gem
7f9239ff0000-7f9239ff4000 rw-s 111f24000 00:11 2111                      anon_inode:i915.gem
7f9239ff4000-7f9239ff8000 rw-s 111f20000 00:11 2111                      anon_inode:i915.gem
7f9239ff8000-7f9239ffc000 rw-s 111f1c000 00:11 2111                      anon_inode:i915.gem
7f9239ffc000-7f923a000000 rw-s 111f18000 00:11 2111                      anon_inode:i915.gem
7f923a000000-7f923a004000 rw-s 111f14000 00:11 2111                      anon_inode:i915.gem
7f923a004000-7f923a008000 rw-s 111f10000 00:11 2111                      anon_inode:i915.gem
7f923a008000-7f923a010000 rw-s 111f08000 00:11 2111                      anon_inode:i915.gem
7f923a010000-7f923a018000 rw-s 111f00000 00:11 2111                      anon_inode:i915.gem
7f923a018000-7f923a01c000 rw-s 111efc000 00:11 2111                      anon_inode:i915.gem
7f923a01c000-7f923a024000 rw-s 111ef4000 00:11 2111                      anon_inode:i915.gem
7f923a024000-7f923a028000 rw-s 111ef0000 00:11 2111                      anon_inode:i915.gem
7f923a028000-7f923a030000 rw-s 111ee8000 00:11 2111                      anon_inode:i915.gem
7f923a030000-7f923a038000 rw-s 111ee0000 00:11 2111                      anon_inode:i915.gem
7f923a038000-7f923a040000 rw-s 111ed8000 00:11 2111                      anon_inode:i915.gem
7f923a040000-7f923a048000 rw-s 111ed0000 00:11 2111                      anon_inode:i915.gem
7f923a048000-7f923a04c000 rw-s 111ecc000 00:11 2111                      anon_inode:i915.gem
7f923a04c000-7f923a050000 rw-s 111ec8000 00:11 2111                      anon_inode:i915.gem
7f923a050000-7f923a054000 rw-s 111ec4000 00:11 2111                      anon_inode:i915.gem
7f923a054000-7f923a058000 rw-s 111ec0000 00:11 2111                      anon_inode:i915.gem
7f923a058000-7f923a060000 rw-s 111eb8000 00:11 2111                      anon_inode:i915.gem
7f923a060000-7f923a068000 rw-s 111eb0000 00:11 2111                      anon_inode:i915.gem
7f923a068000-7f923a070000 rw-s 111ea8000 00:11 2111                      anon_inode:i915.gem
7f923a070000-7f923a078000 rw-s 111ea0000 00:11 2111                      anon_inode:i915.gem
7f923a078000-7f923a080000 rw-s 111e98000 00:11 2111                      anon_inode:i915.gem
7f923a080000-7f923a088000 rw-s 111e90000 00:11 2111                      anon_inode:i915.gem
7f923a088000-7f923a090000 rw-s 111e88000 00:11 2111                      anon_inode:i915.gem
7f923a090000-7f923a094000 rw-s 111e84000 00:11 2111                      anon_inode:i915.gem
7f923a094000-7f923a09c000 rw-s 111e7c000 00:11 2111                      anon_inode:i915.gem
7f923a09c000-7f923a0a0000 rw-s 111e78000 00:11 2111                      anon_inode:i915.gem
7f923a0a0000-7f923a0a8000 rw-s 111e70000 00:11 2111                      anon_inode:i915.gem
7f923a0a8000-7f923a0b0000 rw-s 111e68000 00:11 2111                      anon_inode:i915.gem
7f923a0b0000-7f923a0b8000 rw-s 111e60000 00:11 2111                      anon_inode:i915.gem
7f923a0b8000-7f923a0c0000 rw-s 111e58000 00:11 2111                      anon_inode:i915.gem
7f923a0c0000-7f923a0c8000 rw-s 111e50000 00:11 2111                      anon_inode:i915.gem
7f923a0c8000-7f923a0d0000 rw-s 111e48000 00:11 2111                      anon_inode:i915.gem
7f923a0d0000-7f923a0d8000 rw-s 111e40000 00:11 2111                      anon_inode:i915.gem
7f923a0d8000-7f923a0e0000 rw-s 111e38000 00:11 2111                      anon_inode:i915.gem
7f923a0e0000-7f923a0e4000 rw-s 111e34000 00:11 2111                      anon_inode:i915.gem
7f923a0e4000-7f923a0ec000 rw-s 111e2c000 00:11 2111                      anon_inode:i915.gem
7f923a0ec000-7f923a0f4000 rw-s 111e24000 00:11 2111                      anon_inode:i915.gem
7f923a0f4000-7f923a0fc000 rw-s 111e1c000 00:11 2111                      anon_inode:i915.gem
7f923a0fc000-7f923a104000 rw-s 111e14000 00:11 2111                      anon_inode:i915.gem
7f923a104000-7f923a108000 rw-s 111e10000 00:11 2111                      anon_inode:i915.gem
7f923a108000-7f923a110000 rw-s 111e08000 00:11 2111                      anon_inode:i915.gem
7f923a110000-7f923a118000 rw-s 111e00000 00:11 2111                      anon_inode:i915.gem
7f923a118000-7f923a120000 rw-s 111df8000 00:11 2111                      anon_inode:i915.gem
7f923a120000-7f923a128000 rw-s 111df0000 00:11 2111                      anon_inode:i915.gem
7f923a128000-7f923a130000 rw-s 111de8000 00:11 2111                      anon_inode:i915.gem
7f923a130000-7f923a138000 rw-s 111de0000 00:11 2111                      anon_inode:i915.gem
7f923a138000-7f923a140000 rw-s 111dd8000 00:11 2111                      anon_inode:i915.gem
7f923a140000-7f923a148000 rw-s 111dd0000 00:11 2111                      anon_inode:i915.gem
7f923a148000-7f923a150000 rw-s 111dc8000 00:11 2111                      anon_inode:i915.gem
7f923a150000-7f923a158000 rw-s 111dc0000 00:11 2111                      anon_inode:i915.gem
7f923a158000-7f923a15c000 rw-s 111dbc000 00:11 2111                      anon_inode:i915.gem
7f923a15c000-7f923a160000 rw-s 111db8000 00:11 2111                      anon_inode:i915.gem
7f923a160000-7f923a164000 rw-s 111db4000 00:11 2111                      anon_inode:i915.gem
7f923a164000-7f923a168000 rw-s 111db0000 00:11 2111                      anon_inode:i915.gem
7f923a168000-7f923a170000 rw-s 111da8000 00:11 2111                      anon_inode:i915.gem
7f923a170000-7f923a178000 rw-s 111da0000 00:11 2111                      anon_inode:i915.gem
7f923a178000-7f923a180000 rw-s 111d98000 00:11 2111                      anon_inode:i915.gem
7f923a180000-7f923a188000 rw-s 111d90000 00:11 2111                      anon_inode:i915.gem
7f923a188000-7f923a190000 rw-s 111d88000 00:11 2111                      anon_inode:i915.gem
7f923a190000-7f923a198000 rw-s 111d80000 00:11 2111                      anon_inode:i915.gem
7f923a198000-7f923a1a0000 rw-s 111d78000 00:11 2111                      anon_inode:i915.gem
7f923a1a0000-7f923a1a8000 rw-s 111d70000 00:11 2111                      anon_inode:i915.gem
7f923a1a8000-7f923a1b0000 rw-s 111d68000 00:11 2111                      anon_inode:i915.gem
7f923a1b0000-7f923a1b8000 rw-s 111d60000 00:11 2111                      anon_inode:i915.gem
7f923a1b8000-7f923a1c0000 rw-s 111d58000 00:11 2111                      anon_inode:i915.gem
7f923a1c0000-7f923a1c8000 rw-s 111d50000 00:11 2111                      anon_inode:i915.gem
7f923a1c8000-7f923a1d0000 rw-s 111d48000 00:11 2111                      anon_inode:i915.gem
7f923a1d0000-7f923a1d4000 rw-s 111d44000 00:11 2111                      anon_inode:i915.gem
7f923a1d4000-7f923a1dc000 rw-s 111d3c000 00:11 2111                      anon_inode:i915.gem
7f923a1dc000-7f923a1e4000 rw-s 111d34000 00:11 2111                      anon_inode:i915.gem
7f923a1e4000-7f923a1ec000 rw-s 111d2c000 00:11 2111                      anon_inode:i915.gem
7f923a1ec000-7f923a1f4000 rw-s 111d24000 00:11 2111                      anon_inode:i915.gem
7f923a1f4000-7f923a1fc000 rw-s 111d1c000 00:11 2111                      anon_inode:i915.gem
7f923a1fc000-7f923a23c000 rw-s 111cdc000 00:11 2111                      anon_inode:i915.gem
7f923a23c000-7f923a27c000 rw-s 111c9c000 00:11 2111                      anon_inode:i915.gem
7f923a27c000-7f923a2bc000 rw-s 111c5c000 00:11 2111                      anon_inode:i915.gem
7f923a2bc000-7f923a2c4000 rw-s 111c54000 00:11 2111                      anon_inode:i915.gem
7f923a2c4000-7f923a2cc000 rw-s 111c4c000 00:11 2111                      anon_inode:i915.gem
7f923a2cc000-7f923a2d4000 rw-s 111c44000 00:11 2111                      anon_inode:i915.gem
7f923a2d4000-7f923a2dc000 rw-s 111c3c000 00:11 2111                      anon_inode:i915.gem
7f923a2dc000-7f923a2e4000 rw-s 111c34000 00:11 2111                      anon_inode:i915.gem
7f923a2e4000-7f923a2ec000 rw-s 111c2c000 00:11 2111                      anon_inode:i915.gem
7f923a2ec000-7f923a2f4000 rw-s 111c24000 00:11 2111                      anon_inode:i915.gem
7f923a2f4000-7f923a2fc000 rw-s 111c1c000 00:11 2111                      anon_inode:i915.gem
7f923a2fc000-7f923a304000 rw-s 111c14000 00:11 2111                      anon_inode:i915.gem
7f923a304000-7f923a30c000 rw-s 111c0c000 00:11 2111                      anon_inode:i915.gem
7f923a30c000-7f923a310000 rw-s 111c08000 00:11 2111                      anon_inode:i915.gem
7f923a310000-7f923a312000 rw-s 111c06000 00:11 2111                      anon_inode:i915.gem
7f923a312000-7f923a314000 rw-s 111c04000 00:11 2111                      anon_inode:i915.gem
7f923a314000-7f923a316000 rw-s 111c02000 00:11 2111                      anon_inode:i915.gem
7f923a316000-7f923a318000 rw-s 111c00000 00:11 2111                      anon_inode:i915.gem
7f923a318000-7f923a31a000 rw-s 111bfe000 00:11 2111                      anon_inode:i915.gem
7f923a31a000-7f923a31c000 rw-s 111bfc000 00:11 2111                      anon_inode:i915.gem
7f923a31c000-7f923a31e000 rw-s 111bfa000 00:11 2111                      anon_inode:i915.gem
7f923a31e000-7f923a320000 rw-s 111bf8000 00:11 2111                      anon_inode:i915.gem
7f923a320000-7f923a328000 rw-s 111bf0000 00:11 2111                      anon_inode:i915.gem
7f923a328000-7f923a330000 rw-s 111be8000 00:11 2111                      anon_inode:i915.gem
7f923a330000-7f923a338000 rw-s 111be0000 00:11 2111                      anon_inode:i915.gem
7f923a338000-7f923a340000 rw-s 111bd8000 00:11 2111                      anon_inode:i915.gem
7f923a340000-7f923a348000 rw-s 111bd0000 00:11 2111                      anon_inode:i915.gem
7f923a348000-7f923a350000 rw-s 111bc8000 00:11 2111                      anon_inode:i915.gem
7f923a350000-7f923a352000 rw-s 111bc6000 00:11 2111                      anon_inode:i915.gem
7f923a352000-7f923a356000 rw-s 111bc2000 00:11 2111                      anon_inode:i915.gem
7f923a356000-7f923a35e000 rw-s 111bba000 00:11 2111                      anon_inode:i915.gem
7f923a35e000-7f923a366000 rw-s 111bb2000 00:11 2111                      anon_inode:i915.gem
7f923a366000-7f923a36e000 rw-s 111baa000 00:11 2111                      anon_inode:i915.gem
7f923a36e000-7f923a376000 rw-s 111ba2000 00:11 2111                      anon_inode:i915.gem
7f923a376000-7f923a37e000 rw-s 111b9a000 00:11 2111                      anon_inode:i915.gem
7f923a37e000-7f923a386000 rw-s 111b92000 00:11 2111                      anon_inode:i915.gem
7f923a386000-7f923a38e000 rw-s 111b8a000 00:11 2111                      anon_inode:i915.gem
7f923a38e000-7f923a396000 rw-s 111b82000 00:11 2111                      anon_inode:i915.gem
7f923a396000-7f923a39e000 rw-s 111b7a000 00:11 2111                      anon_inode:i915.gem
7f923a39e000-7f923a3a2000 rw-s 111b76000 00:11 2111                      anon_inode:i915.gem
7f923a3a2000-7f923a3a6000 rw-s 111b72000 00:11 2111                      anon_inode:i915.gem
7f923a3a6000-7f923a3ae000 rw-s 111b6a000 00:11 2111                      anon_inode:i915.gem
7f923a3ae000-7f923a3b2000 rw-s 111b66000 00:11 2111                      anon_inode:i915.gem
7f923a3b2000-7f923a3b6000 rw-s 111b62000 00:11 2111                      anon_inode:i915.gem
7f923a3b6000-7f923a3b8000 rw-s 111b60000 00:11 2111                      anon_inode:i915.gem
7f923a3b8000-7f923a3bc000 rw-s 111b5c000 00:11 2111                      anon_inode:i915.gem
7f923a3bc000-7f923a3c0000 rw-s 111b58000 00:11 2111                      anon_inode:i915.gem
7f923a3c0000-7f923a3c4000 rw-s 111b54000 00:11 2111                      anon_inode:i915.gem
7f923a3c4000-7f923a3c8000 rw-s 111b50000 00:11 2111                      anon_inode:i915.gem
7f923a3c8000-7f923a3cc000 rw-s 111b4c000 00:11 2111                      anon_inode:i915.gem
7f923a3cc000-7f923a3d0000 rw-s 111b48000 00:11 2111                      anon_inode:i915.gem
7f923a3d0000-7f923a3d4000 rw-s 111b44000 00:11 2111                      anon_inode:i915.gem
7f923a3d4000-7f923a3d8000 rw-s 111b40000 00:11 2111                      anon_inode:i915.gem
7f923a3d8000-7f923a3dc000 rw-s 111b3c000 00:11 2111                      anon_inode:i915.gem
7f923a3dc000-7f923a3e0000 rw-s 111b38000 00:11 2111                      anon_inode:i915.gem
7f923a3e0000-7f923a3e4000 rw-s 111b34000 00:11 2111                      anon_inode:i915.gem
7f923a3e4000-7f923a3e8000 rw-s 111b30000 00:11 2111                      anon_inode:i915.gem
7f923a3e8000-7f923a3ec000 rw-s 111b2c000 00:11 2111                      anon_inode:i915.gem
7f923a3ec000-7f923a3f0000 rw-s 111b28000 00:11 2111                      anon_inode:i915.gem
7f923a3f0000-7f923a3f8000 rw-s 111b20000 00:11 2111                      anon_inode:i915.gem
7f923a3f8000-7f923a400000 rw-s 111b18000 00:11 2111                      anon_inode:i915.gem
7f923a400000-7f923a408000 rw-s 111b10000 00:11 2111                      anon_inode:i915.gem
7f923a408000-7f923a410000 rw-s 111b08000 00:11 2111                      anon_inode:i915.gem
7f923a410000-7f923a418000 rw-s 111b00000 00:11 2111                      anon_inode:i915.gem
7f923a418000-7f923a420000 rw-s 111af8000 00:11 2111                      anon_inode:i915.gem
7f923a420000-7f923a428000 rw-s 111af0000 00:11 2111                      anon_inode:i915.gem
7f923a428000-7f923a430000 rw-s 111ae8000 00:11 2111                      anon_inode:i915.gem
7f923a430000-7f923a438000 rw-s 111ae0000 00:11 2111                      anon_inode:i915.gem
7f923a438000-7f923a440000 rw-s 111ad8000 00:11 2111                      anon_inode:i915.gem
7f923a440000-7f923a480000 rw-s 111a98000 00:11 2111                      anon_inode:i915.gem
7f923a480000-7f923a484000 rw-s 111a94000 00:11 2111                      anon_inode:i915.gem
7f923a484000-7f923a48c000 rw-s 111a8c000 00:11 2111                      anon_inode:i915.gem
7f923a48c000-7f923a490000 rw-s 111a88000 00:11 2111                      anon_inode:i915.gem
7f923a490000-7f923a498000 rw-s 111a80000 00:11 2111                      anon_inode:i915.gem
7f923a498000-7f923a49c000 rw-s 111a7c000 00:11 2111                      anon_inode:i915.gem
7f923a49c000-7f923a4a4000 rw-s 111a74000 00:11 2111                      anon_inode:i915.gem
7f923a4a4000-7f923a4ac000 rw-s 111a6c000 00:11 2111                      anon_inode:i915.gem
7f923a4ac000-7f923a4b4000 rw-s 111a64000 00:11 2111                      anon_inode:i915.gem
7f923a4b4000-7f923a4bc000 rw-s 111a5c000 00:11 2111                      anon_inode:i915.gem
7f923a4bc000-7f923a4c4000 rw-s 111a54000 00:11 2111                      anon_inode:i915.gem
7f923a4c4000-7f923a4c8000 rw-s 111a50000 00:11 2111                      anon_inode:i915.gem
7f923a4c8000-7f923a4d0000 rw-s 111a48000 00:11 2111                      anon_inode:i915.gem
7f923a4d0000-7f923a4d8000 rw-s 111a40000 00:11 2111                      anon_inode:i915.gem
7f923a4d8000-7f923a4e0000 rw-s 111a38000 00:11 2111                      anon_inode:i915.gem
7f923a4e0000-7f923a4e8000 rw-s 111a30000 00:11 2111                      anon_inode:i915.gem
7f923a4e8000-7f923a4f0000 rw-s 111a28000 00:11 2111                      anon_inode:i915.gem
7f923a4f0000-7f923a4f8000 rw-s 111a20000 00:11 2111                      anon_inode:i915.gem
7f923a4f8000-7f923a500000 rw-s 111a18000 00:11 2111                      anon_inode:i915.gem
7f923a500000-7f923a508000 rw-s 111a10000 00:11 2111                      anon_inode:i915.gem
7f923a508000-7f923a510000 rw-s 111a08000 00:11 2111                      anon_inode:i915.gem
7f923a510000-7f923a518000 rw-s 111a00000 00:11 2111                      anon_inode:i915.gem
7f923a518000-7f923a520000 rw-s 1119f8000 00:11 2111                      anon_inode:i915.gem
7f923a520000-7f923a528000 rw-s 1119f0000 00:11 2111                      anon_inode:i915.gem
7f923a528000-7f923a530000 rw-s 1119e8000 00:11 2111                      anon_inode:i915.gem
7f923a530000-7f923a730000 rw-s 1117e8000 00:11 2111                      anon_inode:i915.gem
7f923a730000-7f923a738000 rw-s 1117e0000 00:11 2111                      anon_inode:i915.gem
7f923a738000-7f923a778000 rw-s 1117a0000 00:11 2111                      anon_inode:i915.gem
7f923a778000-7f923a7b8000 rw-s 111760000 00:11 2111                      anon_inode:i915.gem
7f923a7b8000-7f923a7c0000 rw-s 111758000 00:11 2111                      anon_inode:i915.gem
7f923a7c0000-7f923a7c8000 rw-s 111750000 00:11 2111                      anon_inode:i915.gem
7f923a7c8000-7f923a7d0000 rw-s 111748000 00:11 2111                      anon_inode:i915.gem
7f923a7d0000-7f923a7d8000 rw-s 111740000 00:11 2111                      anon_inode:i915.gem
7f923a7d8000-7f923a7e0000 rw-s 111738000 00:11 2111                      anon_inode:i915.gem
7f923a7e0000-7f923a7e8000 rw-s 111730000 00:11 2111                      anon_inode:i915.gem
7f923a7e8000-7f923a828000 rw-s 1116f0000 00:11 2111                      anon_inode:i915.gem
7f923a828000-7f923a868000 rw-s 1116b0000 00:11 2111                      anon_inode:i915.gem
7f923a868000-7f923a8a8000 rw-s 111670000 00:11 2111                      anon_inode:i915.gem
7f923a8a8000-7f923a8e8000 rw-s 111630000 00:11 2111                      anon_inode:i915.gem
7f923a8e8000-7f923a8f0000 rw-s 111628000 00:11 2111                      anon_inode:i915.gem
7f923a8f0000-7f923a8f8000 rw-s 111620000 00:11 2111                      anon_inode:i915.gem
7f923a8f8000-7f923a8fc000 rw-s 11161c000 00:11 2111                      anon_inode:i915.gem
7f923a8fc000-7f923a900000 rw-s 111618000 00:11 2111                      anon_inode:i915.gem
7f923a900000-7f923a902000 rw-s 111616000 00:11 2111                      anon_inode:i915.gem
7f923a902000-7f923a906000 rw-s 111612000 00:11 2111                      anon_inode:i915.gem
7f923a906000-7f923a90e000 rw-s 11160a000 00:11 2111                      anon_inode:i915.gem
7f923a90e000-7f923a912000 rw-s 111606000 00:11 2111                      anon_inode:i915.gem
7f923a912000-7f923a914000 rw-s 111604000 00:11 2111                      anon_inode:i915.gem
7f923a914000-7f923a916000 rw-s 111602000 00:11 2111                      anon_inode:i915.gem
7f923a916000-7f923a91a000 rw-s 1115fe000 00:11 2111                      anon_inode:i915.gem
7f923a91a000-7f923a91c000 rw-s 1115fc000 00:11 2111                      anon_inode:i915.gem
7f923a91c000-7f923a91e000 rw-s 1115fa000 00:11 2111                      anon_inode:i915.gem
7f923a91e000-7f923a920000 rw-s 1115f8000 00:11 2111                      anon_inode:i915.gem
7f923a920000-7f923a922000 rw-s 1115f6000 00:11 2111                      anon_inode:i915.gem
7f923a922000-7f923a924000 rw-s 1115f4000 00:11 2111                      anon_inode:i915.gem
7f923a924000-7f923a928000 rw-s 1115f0000 00:11 2111                      anon_inode:i915.gem
7f923a928000-7f923a92c000 rw-s 1115ec000 00:11 2111                      anon_inode:i915.gem
7f923a92c000-7f923a930000 rw-s 1115e8000 00:11 2111                      anon_inode:i915.gem
7f923a930000-7f923ab30000 rw-s 1113e8000 00:11 2111                      anon_inode:i915.gem
7f923ab30000-7f923ad30000 rw-s 1111e8000 00:11 2111                      anon_inode:i915.gem
7f923ad30000-7f923af30000 rw-s 110fe8000 00:11 2111                      anon_inode:i915.gem
7f923af30000-7f923b130000 rw-s 110de8000 00:11 2111                      anon_inode:i915.gem
7f923b130000-7f923b134000 rw-s 110de4000 00:11 2111                      anon_inode:i915.gem
7f923b134000-7f923b136000 rw-s 110de2000 00:11 2111                      anon_inode:i915.gem
7f923b136000-7f923b13a000 rw-s 110dde000 00:11 2111                      anon_inode:i915.gem
7f923b13a000-7f923b13e000 rw-s 110dda000 00:11 2111                      anon_inode:i915.gem
7f923b13e000-7f923b142000 rw-s 110dd6000 00:11 2111                      anon_inode:i915.gem
7f923b142000-7f923b144000 rw-s 110dd4000 00:11 2111                      anon_inode:i915.gem
7f923b144000-7f923b14c000 rw-s 110dcc000 00:11 2111                      anon_inode:i915.gem
7f923b14c000-7f923b14e000 rw-s 110dca000 00:11 2111                      anon_inode:i915.gem
7f923b14e000-7f923b152000 rw-s 110dc6000 00:11 2111                      anon_inode:i915.gem
7f923b152000-7f923b15a000 rw-s 110dbe000 00:11 2111                      anon_inode:i915.gem
7f923b15a000-7f923b162000 rw-s 110db6000 00:11 2111                      anon_inode:i915.gem
7f923b162000-7f923b16a000 rw-s 110dae000 00:11 2111                      anon_inode:i915.gem
7f923b16a000-7f923b172000 rw-s 110da6000 00:11 2111                      anon_inode:i915.gem
7f923b172000-7f923b17a000 rw-s 110d9e000 00:11 2111                      anon_inode:i915.gem
7f923b17a000-7f923b182000 rw-s 110d96000 00:11 2111                      anon_inode:i915.gem
7f923b182000-7f923b18a000 rw-s 110d8e000 00:11 2111                      anon_inode:i915.gem
7f923b18a000-7f923b192000 rw-s 110d86000 00:11 2111                      anon_inode:i915.gem
7f923b192000-7f923b19a000 rw-s 110d7e000 00:11 2111                      anon_inode:i915.gem
7f923b19a000-7f923b1a2000 rw-s 110d76000 00:11 2111                      anon_inode:i915.gem
7f923b1a2000-7f923b1e2000 rw-s 110d36000 00:11 2111                      anon_inode:i915.gem
7f923b1e2000-7f923b222000 rw-s 110cf6000 00:11 2111                      anon_inode:i915.gem
7f923b222000-7f923b262000 rw-s 110cb6000 00:11 2111                      anon_inode:i915.gem
7f923b262000-7f923b2a2000 rw-s 110c76000 00:11 2111                      anon_inode:i915.gem
7f923b2a2000-7f923b2aa000 rw-s 110c6e000 00:11 2111                      anon_inode:i915.gem
7f923b2aa000-7f923b2b2000 rw-s 110c66000 00:11 2111                      anon_inode:i915.gem
7f923b2b2000-7f923b2b6000 rw-s 110c62000 00:11 2111                      anon_inode:i915.gem
7f923b2b6000-7f923b2be000 rw-s 110c5a000 00:11 2111                      anon_inode:i915.gem
7f923b2be000-7f923b2c2000 rw-s 110c56000 00:11 2111                      anon_inode:i915.gem
7f923b2c2000-7f923b2ca000 rw-s 110c4e000 00:11 2111                      anon_inode:i915.gem
7f923b2ca000-7f923b2ce000 rw-s 110c4a000 00:11 2111                      anon_inode:i915.gem
7f923b2ce000-7f923b2d6000 rw-s 110c42000 00:11 2111                      anon_inode:i915.gem
7f923b2d6000-7f923b2da000 rw-s 110c3e000 00:11 2111                      anon_inode:i915.gem
7f923b2da000-7f923b2de000 rw-s 110c3a000 00:11 2111                      anon_inode:i915.gem
7f923b2de000-7f923b2e6000 rw-s 110c32000 00:11 2111                      anon_inode:i915.gem
7f923b2e6000-7f923b2ee000 rw-s 110c2a000 00:11 2111                      anon_inode:i915.gem
7f923b2ee000-7f923b2f6000 rw-s 110c22000 00:11 2111                      anon_inode:i915.gem
7f923b2f6000-7f923b2fe000 rw-s 110c1a000 00:11 2111                      anon_inode:i915.gem
7f923b2fe000-7f923b302000 rw-s 110c16000 00:11 2111                      anon_inode:i915.gem
7f923b302000-7f923b30a000 rw-s 110c0e000 00:11 2111                      anon_inode:i915.gem
7f923b30a000-7f923b30e000 rw-s 110c0a000 00:11 2111                      anon_inode:i915.gem
7f923b30e000-7f923b312000 rw-s 110c06000 00:11 2111                      anon_inode:i915.gem
7f923b312000-7f923b31a000 rw-s 110bfe000 00:11 2111                      anon_inode:i915.gem
7f923b31a000-7f923b322000 rw-s 110bf6000 00:11 2111                      anon_inode:i915.gem
7f923b322000-7f923b32a000 rw-s 110bee000 00:11 2111                      anon_inode:i915.gem
7f923b32a000-7f923b332000 rw-s 110be6000 00:11 2111                      anon_inode:i915.gem
7f923b332000-7f923b336000 rw-s 110be2000 00:11 2111                      anon_inode:i915.gem
7f923b336000-7f923b33a000 rw-s 110bde000 00:11 2111                      anon_inode:i915.gem
7f923b33a000-7f923b33e000 rw-s 110bda000 00:11 2111                      anon_inode:i915.gem
7f923b33e000-7f923b346000 rw-s 110bd2000 00:11 2111                      anon_inode:i915.gem
7f923b346000-7f923b34a000 rw-s 110bce000 00:11 2111                      anon_inode:i915.gem
7f923b34a000-7f923b34e000 rw-s 110bca000 00:11 2111                      anon_inode:i915.gem
7f923b34e000-7f923b352000 rw-s 110bc6000 00:11 2111                      anon_inode:i915.gem
7f923b352000-7f923b356000 rw-s 110bc2000 00:11 2111                      anon_inode:i915.gem
7f923b356000-7f923b35a000 rw-s 110bbe000 00:11 2111                      anon_inode:i915.gem
7f923b35a000-7f923b35e000 rw-s 110bba000 00:11 2111                      anon_inode:i915.gem
7f923b35e000-7f923b366000 rw-s 110bb2000 00:11 2111                      anon_inode:i915.gem
7f923b366000-7f923b36a000 rw-s 110bae000 00:11 2111                      anon_inode:i915.gem
7f923b36a000-7f923b36e000 rw-s 110baa000 00:11 2111                      anon_inode:i915.gem
7f923b36e000-7f923b370000 rw-s 110ba8000 00:11 2111                      anon_inode:i915.gem
7f923b370000-7f923b378000 rw-s 110ba0000 00:11 2111                      anon_inode:i915.gem
7f923b378000-7f923b37c000 rw-s 110b9c000 00:11 2111                      anon_inode:i915.gem
7f923b37c000-7f923b384000 rw-s 110b94000 00:11 2111                      anon_inode:i915.gem
7f923b384000-7f923b38c000 rw-s 110b8c000 00:11 2111                      anon_inode:i915.gem
7f923b38c000-7f923b390000 rw-s 110b88000 00:11 2111                      anon_inode:i915.gem
7f923b390000-7f923b394000 rw-s 110b84000 00:11 2111                      anon_inode:i915.gem
7f923b394000-7f923b398000 rw-s 110b80000 00:11 2111                      anon_inode:i915.gem
7f923b398000-7f923b3a0000 rw-s 110b78000 00:11 2111                      anon_inode:i915.gem
7f923b3a0000-7f923b3a8000 rw-s 110b70000 00:11 2111                      anon_inode:i915.gem
7f923b3a8000-7f923b3ac000 rw-s 110b6c000 00:11 2111                      anon_inode:i915.gem
7f923b3ac000-7f923b3b0000 rw-s 110b68000 00:11 2111                      anon_inode:i915.gem
7f923b3b0000-7f923b3b4000 rw-s 110b64000 00:11 2111                      anon_inode:i915.gem
7f923b3b4000-7f923b3b8000 rw-s 110b60000 00:11 2111                      anon_inode:i915.gem
7f923b3b8000-7f923b3c0000 rw-s 110b58000 00:11 2111                      anon_inode:i915.gem
7f923b3c0000-7f923b3c8000 rw-s 110b50000 00:11 2111                      anon_inode:i915.gem
7f923b3c8000-7f923b3d0000 rw-s 110b48000 00:11 2111                      anon_inode:i915.gem
7f923b3d0000-7f923b3d8000 rw-s 110b40000 00:11 2111                      anon_inode:i915.gem
7f923b3d8000-7f923b3e0000 rw-s 110b38000 00:11 2111                      anon_inode:i915.gem
7f923b3e0000-7f923b3e8000 rw-s 110b30000 00:11 2111                      anon_inode:i915.gem
7f923b3e8000-7f923b3ec000 rw-s 110b2c000 00:11 2111                      anon_inode:i915.gem
7f923b3ec000-7f923b3f4000 rw-s 110b24000 00:11 2111                      anon_inode:i915.gem
7f923b3f4000-7f923b3fc000 rw-s 110b1c000 00:11 2111                      anon_inode:i915.gem
7f923b3fc000-7f923b404000 rw-s 110b14000 00:11 2111                      anon_inode:i915.gem
7f923b404000-7f923b40c000 rw-s 110b0c000 00:11 2111                      anon_inode:i915.gem
7f923b40c000-7f923b410000 rw-s 110b08000 00:11 2111                      anon_inode:i915.gem
7f923b410000-7f923b414000 rw-s 110b04000 00:11 2111                      anon_inode:i915.gem
7f923b414000-7f923b41c000 rw-s 110afc000 00:11 2111                      anon_inode:i915.gem
7f923b41c000-7f923b420000 rw-s 110af8000 00:11 2111                      anon_inode:i915.gem
7f923b420000-7f923b422000 rw-s 110af6000 00:11 2111                      anon_inode:i915.gem
7f923b422000-7f923b424000 rw-s 110af4000 00:11 2111                      anon_inode:i915.gem
7f923b424000-7f923b426000 rw-s 110af2000 00:11 2111                      anon_inode:i915.gem
7f923b426000-7f923b428000 rw-s 110af0000 00:11 2111                      anon_inode:i915.gem
7f923b428000-7f923b42a000 rw-s 110aee000 00:11 2111                      anon_inode:i915.gem
7f923b42a000-7f923b46a000 rw-s 110aae000 00:11 2111                      anon_inode:i915.gem
7f923b46a000-7f923b4aa000 rw-s 110a6e000 00:11 2111                      anon_inode:i915.gem
7f923b4aa000-7f923b4ea000 rw-s 110a2e000 00:11 2111                      anon_inode:i915.gem
7f923b4ea000-7f923b52a000 rw-s 1109ee000 00:11 2111                      anon_inode:i915.gem
7f923b52a000-7f923b92a000 rw-s 1105ee000 00:11 2111                      anon_inode:i915.gem
7f923b92a000-7f923b92c000 rw-s 1105ec000 00:11 2111                      anon_inode:i915.gem
7f923b92c000-7f923b92e000 rw-s 1105ea000 00:11 2111                      anon_inode:i915.gem
7f923b92e000-7f923b930000 rw-s 1105e8000 00:11 2111                      anon_inode:i915.gem
7f923b930000-7f923b932000 rw-s 1105e6000 00:11 2111                      anon_inode:i915.gem
7f923b932000-7f923b934000 rw-s 1105e4000 00:11 2111                      anon_inode:i915.gem
7f923b934000-7f923b938000 rw-s 1105e0000 00:11 2111                      anon_inode:i915.gem
7f923b938000-7f923b93a000 rw-s 1105de000 00:11 2111                      anon_inode:i915.gem
7f923b93a000-7f923b93c000 rw-s 1105dc000 00:11 2111                      anon_inode:i915.gem
7f923b93c000-7f923b93e000 rw-s 1105da000 00:11 2111                      anon_inode:i915.gem
7f923b93e000-7f923b940000 rw-s 1105d8000 00:11 2111                      anon_inode:i915.gem
7f923b940000-7f923b944000 rw-s 1105d4000 00:11 2111                      anon_inode:i915.gem
7f923b944000-7f923b946000 rw-s 1105d2000 00:11 2111                      anon_inode:i915.gem
7f923b946000-7f923bb46000 rw-s 1103d2000 00:11 2111                      anon_inode:i915.gem
7f923bb46000-7f923bb48000 rw-s 1103d0000 00:11 2111                      anon_inode:i915.gem
7f923bb48000-7f923bb4a000 rw-s 1103ce000 00:11 2111                      anon_inode:i915.gem
7f923bb4a000-7f923bb4c000 rw-s 1103cc000 00:11 2111                      anon_inode:i915.gem
7f923bb4c000-7f923bb4e000 rw-s 1103ca000 00:11 2111                      anon_inode:i915.gem
7f923bb4e000-7f923bb50000 rw-s 1103c8000 00:11 2111                      anon_inode:i915.gem
7f923bb50000-7f923bb52000 rw-s 1103c6000 00:11 2111                      anon_inode:i915.gem
7f923bb52000-7f923bb54000 rw-s 1103c4000 00:11 2111                      anon_inode:i915.gem
7f923bb54000-7f923bb56000 rw-s 1103c2000 00:11 2111                      anon_inode:i915.gem
7f923bb56000-7f923bb58000 rw-s 1103c0000 00:11 2111                      anon_inode:i915.gem
7f923bb58000-7f923bb5c000 rw-s 1103bc000 00:11 2111                      anon_inode:i915.gem
7f923bb5c000-7f923bb60000 rw-s 1103b8000 00:11 2111                      anon_inode:i915.gem
7f923bb60000-7f923bb62000 rw-s 1103b6000 00:11 2111                      anon_inode:i915.gem
7f923bb62000-7f923bb66000 rw-s 1103b2000 00:11 2111                      anon_inode:i915.gem
7f923bb66000-7f923bb68000 rw-s 1103b0000 00:11 2111                      anon_inode:i915.gem
7f923bb68000-7f923bb6a000 rw-s 1103ae000 00:11 2111                      anon_inode:i915.gem
7f923bb6a000-7f923bb6c000 rw-s 1103ac000 00:11 2111                      anon_inode:i915.gem
7f923bb6c000-7f923bb6e000 rw-s 1103aa000 00:11 2111                      anon_inode:i915.gem
7f923bb6e000-7f923bb76000 rw-s 1103a2000 00:11 2111                      anon_inode:i915.gem
7f923bb76000-7f923bb7e000 rw-s 11039a000 00:11 2111                      anon_inode:i915.gem
7f923bb7e000-7f923bb82000 rw-s 110396000 00:11 2111                      anon_inode:i915.gem
7f923bb82000-7f923bb86000 rw-s 110392000 00:11 2111                      anon_inode:i915.gem
7f923bb86000-7f923bb8a000 rw-s 11038e000 00:11 2111                      anon_inode:i915.gem
7f923bb8a000-7f923bb8e000 rw-s 11038a000 00:11 2111                      anon_inode:i915.gem
7f923bb8e000-7f923bb92000 rw-s 110386000 00:11 2111                      anon_inode:i915.gem
7f923bb92000-7f923bb96000 rw-s 110382000 00:11 2111                      anon_inode:i915.gem
7f923bb96000-7f923bb9a000 rw-s 11037e000 00:11 2111                      anon_inode:i915.gem
7f923bb9a000-7f923bd9a000 rw-s 11017e000 00:11 2111                      anon_inode:i915.gem
7f923bd9a000-7f923bf9a000 rw-s 10ff7e000 00:11 2111                      anon_inode:i915.gem
7f923bf9a000-7f923c19a000 rw-s 10fd7e000 00:11 2111                      anon_inode:i915.gem
7f923c19a000-7f923c1da000 rw-s 10fd3e000 00:11 2111                      anon_inode:i915.gem
7f923c1da000-7f923c21a000 rw-s 10fcfe000 00:11 2111                      anon_inode:i915.gem
7f923c21a000-7f923c25a000 rw-s 10fcbe000 00:11 2111                      anon_inode:i915.gem
7f923c25a000-7f923c25e000 rw-s 10fcb6000 00:11 2111                      anon_inode:i915.gem
7f923c25e000-7f923c262000 rw-s 10fcb2000 00:11 2111                      anon_inode:i915.gem
7f923c262000-7f923c266000 rw-s 10fcae000 00:11 2111                      anon_inode:i915.gem
7f923c266000-7f923c26a000 rw-s 10fcaa000 00:11 2111                      anon_inode:i915.gem
7f923c26a000-7f923c26e000 rw-s 10fca6000 00:11 2111                      anon_inode:i915.gem
7f923c26e000-7f923c272000 rw-s 10fca2000 00:11 2111                      anon_inode:i915.gem
7f923c272000-7f923c276000 rw-s 10fc9e000 00:11 2111                      anon_inode:i915.gem
7f923c276000-7f923c27a000 rw-s 10fc9a000 00:11 2111                      anon_inode:i915.gem
7f923c27a000-7f923c282000 rw-s 10fc92000 00:11 2111                      anon_inode:i915.gem
7f923c282000-7f923c28a000 rw-s 10fc8a000 00:11 2111                      anon_inode:i915.gem
7f923c28a000-7f923c292000 rw-s 10fc82000 00:11 2111                      anon_inode:i915.gem
7f923c292000-7f923c296000 rw-s 10fc7e000 00:11 2111                      anon_inode:i915.gem
7f923c296000-7f923c29e000 rw-s 10fc76000 00:11 2111                      anon_inode:i915.gem
7f923c29e000-7f923c2a2000 rw-s 10fc72000 00:11 2111                      anon_inode:i915.gem
7f923c2a2000-7f923c2aa000 rw-s 10fc6a000 00:11 2111                      anon_inode:i915.gem
7f923c2aa000-7f923c2b2000 rw-s 10fc62000 00:11 2111                      anon_inode:i915.gem
7f923c2b2000-7f923c2b6000 rw-s 10fc5e000 00:11 2111                      anon_inode:i915.gem
7f923c2b6000-7f923c2be000 rw-s 10fc56000 00:11 2111                      anon_inode:i915.gem
7f923c2be000-7f923c2c6000 rw-s 10fc4e000 00:11 2111                      anon_inode:i915.gem
7f923c2c6000-7f923c2ce000 rw-s 10fc46000 00:11 2111                      anon_inode:i915.gem
7f923c2ce000-7f923c2d6000 rw-s 10fc3e000 00:11 2111                      anon_inode:i915.gem
7f923c2d6000-7f923c2da000 rw-s 10fc3a000 00:11 2111                      anon_inode:i915.gem
7f923c2da000-7f923c2e2000 rw-s 10fc32000 00:11 2111                      anon_inode:i915.gem
7f923c2e2000-7f923c2e6000 rw-s 10fc2e000 00:11 2111                      anon_inode:i915.gem
7f923c2e6000-7f923c2ee000 rw-s 10fc26000 00:11 2111                      anon_inode:i915.gem
7f923c2ee000-7f923c2f6000 rw-s 10fc1e000 00:11 2111                      anon_inode:i915.gem
7f923c2f6000-7f923c2fe000 rw-s 10fc16000 00:11 2111                      anon_inode:i915.gem
7f923c2fe000-7f923c302000 rw-s 10fc12000 00:11 2111                      anon_inode:i915.gem
7f923c302000-7f923c306000 rw-s 10fc0e000 00:11 2111                      anon_inode:i915.gem
7f923c306000-7f923c30a000 rw-s 10fc0a000 00:11 2111                      anon_inode:i915.gem
7f923c30a000-7f923c30e000 rw-s 10fc06000 00:11 2111                      anon_inode:i915.gem
7f923c30e000-7f923c316000 rw-s 10fbfe000 00:11 2111                      anon_inode:i915.gem
7f923c316000-7f923c31e000 rw-s 10fbf6000 00:11 2111                      anon_inode:i915.gem
7f923c31e000-7f923c326000 rw-s 10fbee000 00:11 2111                      anon_inode:i915.gem
7f923c326000-7f923c32e000 rw-s 10fbe6000 00:11 2111                      anon_inode:i915.gem
7f923c32e000-7f923c336000 rw-s 10fbde000 00:11 2111                      anon_inode:i915.gem
7f923c336000-7f923c33e000 rw-s 10fbd6000 00:11 2111                      anon_inode:i915.gem
7f923c33e000-7f923c346000 rw-s 10fbce000 00:11 2111                      anon_inode:i915.gem
7f923c346000-7f923c34e000 rw-s 10fbc6000 00:11 2111                      anon_inode:i915.gem
7f923c34e000-7f923c356000 rw-s 10fbbe000 00:11 2111                      anon_inode:i915.gem
7f923c356000-7f923c35e000 rw-s 10fbb6000 00:11 2111                      anon_inode:i915.gem
7f923c35e000-7f923c366000 rw-s 10fbae000 00:11 2111                      anon_inode:i915.gem
7f923c366000-7f923c36e000 rw-s 10fba6000 00:11 2111                      anon_inode:i915.gem
7f923c36e000-7f923c376000 rw-s 10fb9e000 00:11 2111                      anon_inode:i915.gem
7f923c376000-7f923c37a000 rw-s 10fb9a000 00:11 2111                      anon_inode:i915.gem
7f923c37a000-7f923c37e000 rw-s 10fb96000 00:11 2111                      anon_inode:i915.gem
7f923c37e000-7f923c382000 rw-s 10fb92000 00:11 2111                      anon_inode:i915.gem
7f923c382000-7f923c38a000 rw-s 10fb8a000 00:11 2111                      anon_inode:i915.gem
7f923c38a000-7f923c392000 rw-s 10fb82000 00:11 2111                      anon_inode:i915.gem
7f923c392000-7f923c39a000 rw-s 10fb7a000 00:11 2111                      anon_inode:i915.gem
7f923c39a000-7f923c39e000 rw-s 10fb76000 00:11 2111                      anon_inode:i915.gem
7f923c39e000-7f923c3a2000 rw-s 10fb72000 00:11 2111                      anon_inode:i915.gem
7f923c3a2000-7f923c3a6000 rw-s 10fb6e000 00:11 2111                      anon_inode:i915.gem
7f923c3a6000-7f923c3aa000 rw-s 10fb6a000 00:11 2111                      anon_inode:i915.gem
7f923c3aa000-7f923c3ae000 rw-s 10fb66000 00:11 2111                      anon_inode:i915.gem
7f923c3ae000-7f923c3b2000 rw-s 10fb62000 00:11 2111                      anon_inode:i915.gem
7f923c3b2000-7f923c3b6000 rw-s 10fb5e000 00:11 2111                      anon_inode:i915.gem
7f923c3b6000-7f923c3ba000 rw-s 10fb5a000 00:11 2111                      anon_inode:i915.gem
7f923c3ba000-7f923c3c2000 rw-s 10fb52000 00:11 2111                      anon_inode:i915.gem
7f923c3c2000-7f923c3ca000 rw-s 10fb4a000 00:11 2111                      anon_inode:i915.gem
7f923c3ca000-7f923c3ce000 rw-s 10fb46000 00:11 2111                      anon_inode:i915.gem
7f923c3ce000-7f923c3d6000 rw-s 10fb3e000 00:11 2111                      anon_inode:i915.gem
7f923c3d6000-7f923c3de000 rw-s 10fb36000 00:11 2111                      anon_inode:i915.gem
7f923c3de000-7f923c3e6000 rw-s 10fb2e000 00:11 2111                      anon_inode:i915.gem
7f923c3e6000-7f923c3ea000 rw-s 10fb2a000 00:11 2111                      anon_inode:i915.gem
7f923c3ea000-7f923c3f2000 rw-s 10fb22000 00:11 2111                      anon_inode:i915.gem
7f923c3f2000-7f923c3fa000 rw-s 10fb1a000 00:11 2111                      anon_inode:i915.gem
7f923c3fa000-7f923c402000 rw-s 10fb12000 00:11 2111                      anon_inode:i915.gem
7f923c402000-7f923c40a000 rw-s 10fb0a000 00:11 2111                      anon_inode:i915.gem
7f923c40a000-7f923c40e000 rw-s 10fb06000 00:11 2111                      anon_inode:i915.gem
7f923c40e000-7f923c416000 rw-s 10fafe000 00:11 2111                      anon_inode:i915.gem
7f923c416000-7f923c41a000 rw-s 10fafa000 00:11 2111                      anon_inode:i915.gem
7f923c41a000-7f923c41e000 rw-s 10faf6000 00:11 2111                      anon_inode:i915.gem
7f923c41e000-7f923c422000 rw-s 10faf2000 00:11 2111                      anon_inode:i915.gem
7f923c422000-7f923c426000 rw-s 10faee000 00:11 2111                      anon_inode:i915.gem
7f923c426000-7f923c42a000 rw-s 10faea000 00:11 2111                      anon_inode:i915.gem
7f923c42a000-7f923c42e000 rw-s 10fae6000 00:11 2111                      anon_inode:i915.gem
7f923c42e000-7f923c432000 rw-s 10fae2000 00:11 2111                      anon_inode:i915.gem
7f923c432000-7f923c436000 rw-s 10fade000 00:11 2111                      anon_inode:i915.gem
7f923c436000-7f923c43a000 rw-s 10fada000 00:11 2111                      anon_inode:i915.gem
7f923c43a000-7f923c43e000 rw-s 10fad6000 00:11 2111                      anon_inode:i915.gem
7f923c43e000-7f923c446000 rw-s 10face000 00:11 2111                      anon_inode:i915.gem
7f923c446000-7f923c44a000 rw-s 10faca000 00:11 2111                      anon_inode:i915.gem
7f923c44a000-7f923c44e000 rw-s 10fac6000 00:11 2111                      anon_inode:i915.gem
7f923c44e000-7f923c456000 rw-s 10fabe000 00:11 2111                      anon_inode:i915.gem
7f923c456000-7f923c45e000 rw-s 10fab6000 00:11 2111                      anon_inode:i915.gem
7f923c45e000-7f923c466000 rw-s 10faae000 00:11 2111                      anon_inode:i915.gem
7f923c466000-7f923c46e000 rw-s 10faa6000 00:11 2111                      anon_inode:i915.gem
7f923c46e000-7f923c476000 rw-s 10fa9e000 00:11 2111                      anon_inode:i915.gem
7f923c476000-7f923c47a000 rw-s 10fa9a000 00:11 2111                      anon_inode:i915.gem
7f923c47a000-7f923c47e000 rw-s 10fa96000 00:11 2111                      anon_inode:i915.gem
7f923c47e000-7f923c482000 rw-s 10fa92000 00:11 2111                      anon_inode:i915.gem
7f923c482000-7f923c48a000 rw-s 10fa8a000 00:11 2111                      anon_inode:i915.gem
7f923c48a000-7f923c492000 rw-s 10fa82000 00:11 2111                      anon_inode:i915.gem
7f923c492000-7f923c49a000 rw-s 10fa7a000 00:11 2111                      anon_inode:i915.gem
7f923c49a000-7f923c49e000 rw-s 10fa76000 00:11 2111                      anon_inode:i915.gem
7f923c49e000-7f923c4a6000 rw-s 10fa6e000 00:11 2111                      anon_inode:i915.gem
7f923c4a6000-7f923c4ae000 rw-s 10fa66000 00:11 2111                      anon_inode:i915.gem
7f923c4ae000-7f923c4b2000 rw-s 10fa62000 00:11 2111                      anon_inode:i915.gem
7f923c4b2000-7f923c4b6000 rw-s 10fa5e000 00:11 2111                      anon_inode:i915.gem
7f923c4b6000-7f923c4be000 rw-s 10fa56000 00:11 2111                      anon_inode:i915.gem
7f923c4be000-7f923c4c6000 rw-s 10fa4e000 00:11 2111                      anon_inode:i915.gem
7f923c4c6000-7f923c4ce000 rw-s 10fa46000 00:11 2111                      anon_inode:i915.gem
7f923c4ce000-7f923c4d6000 rw-s 10fa3e000 00:11 2111                      anon_inode:i915.gem
7f923c4d6000-7f923c4de000 rw-s 10fa36000 00:11 2111                      anon_inode:i915.gem
7f923c4de000-7f923c4e6000 rw-s 10fa2e000 00:11 2111                      anon_inode:i915.gem
7f923c4e6000-7f923c4ee000 rw-s 10fa26000 00:11 2111                      anon_inode:i915.gem
7f923c4ee000-7f923c4f6000 rw-s 10fa1e000 00:11 2111                      anon_inode:i915.gem
7f923c4f6000-7f923c4fe000 rw-s 10fa16000 00:11 2111                      anon_inode:i915.gem
7f923c4fe000-7f923c506000 rw-s 10fa0e000 00:11 2111                      anon_inode:i915.gem
7f923c506000-7f923c50e000 rw-s 10fa06000 00:11 2111                      anon_inode:i915.gem
7f923c50e000-7f923c516000 rw-s 10f9fe000 00:11 2111                      anon_inode:i915.gem
7f923c516000-7f923c51e000 rw-s 10f9f6000 00:11 2111                      anon_inode:i915.gem
7f923c51e000-7f923c526000 rw-s 10f9ee000 00:11 2111                      anon_inode:i915.gem
7f923c526000-7f923c52e000 rw-s 10f9e6000 00:11 2111                      anon_inode:i915.gem
7f923c52e000-7f923c536000 rw-s 10f9de000 00:11 2111                      anon_inode:i915.gem
7f923c536000-7f923c53e000 rw-s 10f9d6000 00:11 2111                      anon_inode:i915.gem
7f923c53e000-7f923c546000 rw-s 10f9ce000 00:11 2111                      anon_inode:i915.gem
7f923c546000-7f923c54e000 rw-s 10f9c6000 00:11 2111                      anon_inode:i915.gem
7f923c54e000-7f923c556000 rw-s 10f9be000 00:11 2111                      anon_inode:i915.gem
7f923c556000-7f923c55e000 rw-s 10f9b6000 00:11 2111                      anon_inode:i915.gem
7f923c55e000-7f923c566000 rw-s 10f9ae000 00:11 2111                      anon_inode:i915.gem
7f923c566000-7f923c56e000 rw-s 10f9a6000 00:11 2111                      anon_inode:i915.gem
7f923c56e000-7f923c576000 rw-s 10f99e000 00:11 2111                      anon_inode:i915.gem
7f923c576000-7f923c57e000 rw-s 10f996000 00:11 2111                      anon_inode:i915.gem
7f923c57e000-7f923c586000 rw-s 10f98e000 00:11 2111                      anon_inode:i915.gem
7f923c586000-7f923c58e000 rw-s 10f986000 00:11 2111                      anon_inode:i915.gem
7f923c58e000-7f923c596000 rw-s 10f97e000 00:11 2111                      anon_inode:i915.gem
7f923c596000-7f923c59e000 rw-s 10f976000 00:11 2111                      anon_inode:i915.gem
7f923c59e000-7f923c5a6000 rw-s 10f96e000 00:11 2111                      anon_inode:i915.gem
7f923c5a6000-7f923c5ae000 rw-s 10f966000 00:11 2111                      anon_inode:i915.gem
7f923c5ae000-7f923c5b2000 rw-s 10f962000 00:11 2111                      anon_inode:i915.gem
7f923c5b2000-7f923c5b6000 rw-s 10f95e000 00:11 2111                      anon_inode:i915.gem
7f923c5b6000-7f923c5ba000 rw-s 10f95a000 00:11 2111                      anon_inode:i915.gem
7f923c5ba000-7f923c5be000 rw-s 10f956000 00:11 2111                      anon_inode:i915.gem
7f923c5be000-7f923c5c2000 rw-s 10f952000 00:11 2111                      anon_inode:i915.gem
7f923c5c2000-7f923c5c6000 rw-s 10f94e000 00:11 2111                      anon_inode:i915.gem
7f923c5c6000-7f923c5ca000 rw-s 10f94a000 00:11 2111                      anon_inode:i915.gem
7f923c5ca000-7f923c5ce000 rw-s 10f946000 00:11 2111                      anon_inode:i915.gem
7f923c5ce000-7f923c5d2000 rw-s 10f942000 00:11 2111                      anon_inode:i915.gem
7f923c5d2000-7f923c5d6000 rw-s 10f93e000 00:11 2111                      anon_inode:i915.gem
7f923c5d6000-7f923c5da000 rw-s 10f93a000 00:11 2111                      anon_inode:i915.gem
7f923c5da000-7f923c5de000 rw-s 10f936000 00:11 2111                      anon_inode:i915.gem
7f923c5de000-7f923c5e2000 rw-s 10f932000 00:11 2111                      anon_inode:i915.gem
7f923c5e2000-7f923c5ea000 rw-s 10f92a000 00:11 2111                      anon_inode:i915.gem
7f923c5ea000-7f923c5f2000 rw-s 10f922000 00:11 2111                      anon_inode:i915.gem
7f923c5f2000-7f923c5fa000 rw-s 10f91a000 00:11 2111                      anon_inode:i915.gem
7f923c5fa000-7f923c602000 rw-s 10f912000 00:11 2111                      anon_inode:i915.gem
7f923c602000-7f923c60a000 rw-s 10f90a000 00:11 2111                      anon_inode:i915.gem
7f923c60a000-7f923c612000 rw-s 10f902000 00:11 2111                      anon_inode:i915.gem
7f923c612000-7f923c61a000 rw-s 10f8fa000 00:11 2111                      anon_inode:i915.gem
7f923c61a000-7f923c622000 rw-s 10f8f2000 00:11 2111                      anon_inode:i915.gem
7f923c622000-7f923c62a000 rw-s 10f8ea000 00:11 2111                      anon_inode:i915.gem
7f923c62a000-7f923c632000 rw-s 10f8e2000 00:11 2111                      anon_inode:i915.gem
7f923c632000-7f923c63a000 rw-s 10f8da000 00:11 2111                      anon_inode:i915.gem
7f923c63a000-7f923c642000 rw-s 10f8d2000 00:11 2111                      anon_inode:i915.gem
7f923c642000-7f923c64a000 rw-s 10f8ca000 00:11 2111                      anon_inode:i915.gem
7f923c64a000-7f923c652000 rw-s 10f8c2000 00:11 2111                      anon_inode:i915.gem
7f923c652000-7f923c65a000 rw-s 10f8ba000 00:11 2111                      anon_inode:i915.gem
7f923c65a000-7f923c662000 rw-s 10f8b2000 00:11 2111                      anon_inode:i915.gem
7f923c662000-7f923c66a000 rw-s 10f8aa000 00:11 2111                      anon_inode:i915.gem
7f923c66a000-7f923c672000 rw-s 10f8a2000 00:11 2111                      anon_inode:i915.gem
7f923c672000-7f923c67a000 rw-s 10f89a000 00:11 2111                      anon_inode:i915.gem
7f923c67a000-7f923c682000 rw-s 10f892000 00:11 2111                      anon_inode:i915.gem
7f923c682000-7f923c68a000 rw-s 10f88a000 00:11 2111                      anon_inode:i915.gem
7f923c68a000-7f923c692000 rw-s 10f882000 00:11 2111                      anon_inode:i915.gem
7f923c692000-7f923c69a000 rw-s 10f87a000 00:11 2111                      anon_inode:i915.gem
7f923c69a000-7f923c6a2000 rw-s 10f872000 00:11 2111                      anon_inode:i915.gem
7f923c6a2000-7f923c6aa000 rw-s 10f86a000 00:11 2111                      anon_inode:i915.gem
7f923c6aa000-7f923c6b2000 rw-s 10f862000 00:11 2111                      anon_inode:i915.gem
7f923c6b2000-7f923c6ba000 rw-s 10f85a000 00:11 2111                      anon_inode:i915.gem
7f923c6ba000-7f923c6c2000 rw-s 10f852000 00:11 2111                      anon_inode:i915.gem
7f923c6c2000-7f923c6ca000 rw-s 10f84a000 00:11 2111                      anon_inode:i915.gem
7f923c6ca000-7f923c6d2000 rw-s 10f842000 00:11 2111                      anon_inode:i915.gem
7f923c6d2000-7f923c6da000 rw-s 10f83a000 00:11 2111                      anon_inode:i915.gem
7f923c6da000-7f923c6e2000 rw-s 10f832000 00:11 2111                      anon_inode:i915.gem
7f923c6e2000-7f923c6ea000 rw-s 10f82a000 00:11 2111                      anon_inode:i915.gem
7f923c6ea000-7f923c6f2000 rw-s 10f822000 00:11 2111                      anon_inode:i915.gem
7f923c6f2000-7f923c6fa000 rw-s 10f81a000 00:11 2111                      anon_inode:i915.gem
7f923c6fa000-7f923c702000 rw-s 10f812000 00:11 2111                      anon_inode:i915.gem
7f923c702000-7f923c70a000 rw-s 10f80a000 00:11 2111                      anon_inode:i915.gem
7f923c70a000-7f923c712000 rw-s 10f802000 00:11 2111                      anon_inode:i915.gem
7f923c712000-7f923c71a000 rw-s 10f7fa000 00:11 2111                      anon_inode:i915.gem
7f923c71a000-7f923c722000 rw-s 10f7f2000 00:11 2111                      anon_inode:i915.gem
7f923c722000-7f923c72a000 rw-s 10f7ea000 00:11 2111                      anon_inode:i915.gem
7f923c72a000-7f923c732000 rw-s 10f7e2000 00:11 2111                      anon_inode:i915.gem
7f923c732000-7f923c73a000 rw-s 10f7da000 00:11 2111                      anon_inode:i915.gem
7f923c73a000-7f923c742000 rw-s 10f7d2000 00:11 2111                      anon_inode:i915.gem
7f923c742000-7f923c74a000 rw-s 10f7ca000 00:11 2111                      anon_inode:i915.gem
7f923c74a000-7f923c752000 rw-s 10f7c2000 00:11 2111                      anon_inode:i915.gem
7f923c752000-7f923c75a000 rw-s 10f7ba000 00:11 2111                      anon_inode:i915.gem
7f923c75a000-7f923c762000 rw-s 10f7b2000 00:11 2111                      anon_inode:i915.gem
7f923c762000-7f923c76a000 rw-s 10f7aa000 00:11 2111                      anon_inode:i915.gem
7f923c76a000-7f923c772000 rw-s 10f7a2000 00:11 2111                      anon_inode:i915.gem
7f923c772000-7f923c77a000 rw-s 10f79a000 00:11 2111                      anon_inode:i915.gem
7f923c77a000-7f923c782000 rw-s 10f792000 00:11 2111                      anon_inode:i915.gem
7f923c782000-7f923c78a000 rw-s 10f78a000 00:11 2111                      anon_inode:i915.gem
7f923c78a000-7f923c792000 rw-s 10f782000 00:11 2111                      anon_inode:i915.gem
7f923c792000-7f923c79a000 rw-s 10f77a000 00:11 2111                      anon_inode:i915.gem
7f923c79a000-7f923c7a2000 rw-s 10f772000 00:11 2111                      anon_inode:i915.gem
7f923c7a2000-7f923c7aa000 rw-s 10f76a000 00:11 2111                      anon_inode:i915.gem
7f923c7aa000-7f923c7b2000 rw-s 10f762000 00:11 2111                      anon_inode:i915.gem
7f923c7b2000-7f923c7ba000 rw-s 10f75a000 00:11 2111                      anon_inode:i915.gem
7f923c7ba000-7f923c7be000 rw-s 10f756000 00:11 2111                      anon_inode:i915.gem
7f923c7be000-7f923c7c2000 rw-s 10f752000 00:11 2111                      anon_inode:i915.gem
7f923c7c2000-7f923c7ca000 rw-s 10f74a000 00:11 2111                      anon_inode:i915.gem
7f923c7ca000-7f923c7d2000 rw-s 10f742000 00:11 2111                      anon_inode:i915.gem
7f923c7d2000-7f923c7d6000 rw-s 10f73e000 00:11 2111                      anon_inode:i915.gem
7f923c7d6000-7f923c7de000 rw-s 10f736000 00:11 2111                      anon_inode:i915.gem
7f923c7de000-7f923c7e6000 rw-s 10f72e000 00:11 2111                      anon_inode:i915.gem
7f923c7e6000-7f923c7ea000 rw-s 10f72a000 00:11 2111                      anon_inode:i915.gem
7f923c7ea000-7f923c7f2000 rw-s 10f722000 00:11 2111                      anon_inode:i915.gem
7f923c7f2000-7f923c7fa000 rw-s 10f71a000 00:11 2111                      anon_inode:i915.gem
7f923c7fa000-7f923c802000 rw-s 10f712000 00:11 2111                      anon_inode:i915.gem
7f923c802000-7f923c80a000 rw-s 10f70a000 00:11 2111                      anon_inode:i915.gem
7f923c80a000-7f923c812000 rw-s 10f702000 00:11 2111                      anon_inode:i915.gem
7f923c812000-7f923c81a000 rw-s 10f6fa000 00:11 2111                      anon_inode:i915.gem
7f923c81a000-7f923c822000 rw-s 10f6f2000 00:11 2111                      anon_inode:i915.gem
7f923c822000-7f923c82a000 rw-s 10f6ea000 00:11 2111                      anon_inode:i915.gem
7f923c82a000-7f923c832000 rw-s 10f6e2000 00:11 2111                      anon_inode:i915.gem
7f923c832000-7f923c83a000 rw-s 10f6b2000 00:11 2111                      anon_inode:i915.gem
7f923c83a000-7f923c83e000 rw-s 10f6ae000 00:11 2111                      anon_inode:i915.gem
7f923c83e000-7f923c846000 rw-s 10f6a6000 00:11 2111                      anon_inode:i915.gem
7f923c846000-7f923c84e000 rw-s 10f69e000 00:11 2111                      anon_inode:i915.gem
7f923c84e000-7f923c856000 rw-s 10f696000 00:11 2111                      anon_inode:i915.gem
7f923c856000-7f923c85e000 rw-s 10f68e000 00:11 2111                      anon_inode:i915.gem
7f923c85e000-7f923c866000 rw-s 10f686000 00:11 2111                      anon_inode:i915.gem
7f923c866000-7f923c86e000 rw-s 10f67e000 00:11 2111                      anon_inode:i915.gem
7f923c86e000-7f923c876000 rw-s 10f676000 00:11 2111                      anon_inode:i915.gem
7f923c876000-7f923c87a000 rw-s 10f672000 00:11 2111                      anon_inode:i915.gem
7f923c87a000-7f923c882000 rw-s 10f66a000 00:11 2111                      anon_inode:i915.gem
7f923c882000-7f923c88a000 rw-s 10f662000 00:11 2111                      anon_inode:i915.gem
7f923c88a000-7f923c892000 rw-s 10f65a000 00:11 2111                      anon_inode:i915.gem
7f923c892000-7f923c896000 rw-s 10f656000 00:11 2111                      anon_inode:i915.gem
7f923c896000-7f923c89a000 rw-s 10f652000 00:11 2111                      anon_inode:i915.gem
7f923c89a000-7f923c8a2000 rw-s 10f64a000 00:11 2111                      anon_inode:i915.gem
7f923c8a2000-7f923c8a6000 rw-s 10f646000 00:11 2111                      anon_inode:i915.gem
7f923c8a6000-7f923c8aa000 rw-s 10f642000 00:11 2111                      anon_inode:i915.gem
7f923c8aa000-7f923c8b2000 rw-s 10f63a000 00:11 2111                      anon_inode:i915.gem
7f923c8b2000-7f923c8ba000 rw-s 10f632000 00:11 2111                      anon_inode:i915.gem
7f923c8ba000-7f923c8c2000 rw-s 10f62a000 00:11 2111                      anon_inode:i915.gem
7f923c8c2000-7f923c8ca000 rw-s 10f622000 00:11 2111                      anon_inode:i915.gem
7f923c8ca000-7f923c90a000 rw-s 10f5e2000 00:11 2111                      anon_inode:i915.gem
7f923c90a000-7f923c94a000 rw-s 10f5a2000 00:11 2111                      anon_inode:i915.gem
7f923c94a000-7f923c98a000 rw-s 10f562000 00:11 2111                      anon_inode:i915.gem
7f923c98a000-7f923c9ca000 rw-s 10f522000 00:11 2111                      anon_inode:i915.gem
7f923c9ca000-7f923ca0a000 rw-s 10f4e2000 00:11 2111                      anon_inode:i915.gem
7f923ca0a000-7f923ca4a000 rw-s 10f4a2000 00:11 2111                      anon_inode:i915.gem
7f923ca4a000-7f923ca8a000 rw-s 10f462000 00:11 2111                      anon_inode:i915.gem
7f923ca8a000-7f923caca000 rw-s 10f422000 00:11 2111                      anon_inode:i915.gem
7f923caca000-7f923ccca000 rw-s 10f222000 00:11 2111                      anon_inode:i915.gem
7f923ccca000-7f923ceca000 rw-s 10f022000 00:11 2111                      anon_inode:i915.gem
7f923ceca000-7f923d0ca000 rw-s 10ee22000 00:11 2111                      anon_inode:i915.gem
7f923d0ca000-7f923d2ca000 rw-s 10ec22000 00:11 2111                      anon_inode:i915.gem
7f923d2ca000-7f923d4ca000 rw-s 10ea22000 00:11 2111                      anon_inode:i915.gem
7f923d4ca000-7f923d6ca000 rw-s 10e822000 00:11 2111                      anon_inode:i915.gem
7f923d6ca000-7f923d70a000 rw-s 10e7e2000 00:11 2111                      anon_inode:i915.gem
7f923d70a000-7f923d74a000 rw-s 10e7a2000 00:11 2111                      anon_inode:i915.gem
7f923d74a000-7f923d752000 rw-s 10e79a000 00:11 2111                      anon_inode:i915.gem
7f923d752000-7f923d756000 rw-s 10e796000 00:11 2111                      anon_inode:i915.gem
7f923d756000-7f923d75a000 rw-s 10e792000 00:11 2111                      anon_inode:i915.gem
7f923d75a000-7f923d75e000 rw-s 10e78e000 00:11 2111                      anon_inode:i915.gem
7f923d75e000-7f923d762000 rw-s 10e78a000 00:11 2111                      anon_inode:i915.gem
7f923d762000-7f923d766000 rw-s 10e786000 00:11 2111                      anon_inode:i915.gem
7f923d766000-7f923d76e000 rw-s 10e77e000 00:11 2111                      anon_inode:i915.gem
7f923d76e000-7f923d772000 rw-s 10e77a000 00:11 2111                      anon_inode:i915.gem
7f923d772000-7f923d77a000 rw-s 10e772000 00:11 2111                      anon_inode:i915.gem
7f923d77a000-7f923d77c000 rw-s 10e770000 00:11 2111                      anon_inode:i915.gem
7f923d77c000-7f923d780000 rw-s 10e76c000 00:11 2111                      anon_inode:i915.gem
7f923d780000-7f923d782000 rw-s 10e76a000 00:11 2111                      anon_inode:i915.gem
7f923d782000-7f923d786000 rw-s 10e766000 00:11 2111                      anon_inode:i915.gem
7f923d786000-7f923d78a000 rw-s 10e762000 00:11 2111                      anon_inode:i915.gem
7f923d78a000-7f923d78e000 rw-s 10e75e000 00:11 2111                      anon_inode:i915.gem
7f923d78e000-7f923d792000 rw-s 10e75a000 00:11 2111                      anon_inode:i915.gem
7f923d792000-7f923d796000 rw-s 10e756000 00:11 2111                      anon_inode:i915.gem
7f923d796000-7f923d79a000 rw-s 10e752000 00:11 2111                      anon_inode:i915.gem
7f923d79a000-7f923d79e000 rw-s 10e74e000 00:11 2111                      anon_inode:i915.gem
7f923d79e000-7f923d7a2000 rw-s 10e74a000 00:11 2111                      anon_inode:i915.gem
7f923d7a2000-7f923d7a6000 rw-s 10e746000 00:11 2111                      anon_inode:i915.gem
7f923d7a6000-7f923d7aa000 rw-s 10e742000 00:11 2111                      anon_inode:i915.gem
7f923d7aa000-7f923d7ae000 rw-s 10e73e000 00:11 2111                      anon_inode:i915.gem
7f923d7ae000-7f923d7b2000 rw-s 10e73a000 00:11 2111                      anon_inode:i915.gem
7f923d7b2000-7f923d7b4000 rw-s 10e738000 00:11 2111                      anon_inode:i915.gem
7f923d7b4000-7f923d7b8000 rw-s 10e734000 00:11 2111                      anon_inode:i915.gem
7f923d7b8000-7f923d7ba000 rw-s 10e732000 00:11 2111                      anon_inode:i915.gem
7f923d7ba000-7f923d7bc000 rw-s 10e730000 00:11 2111                      anon_inode:i915.gem
7f923d7bc000-7f923d7c0000 rw-s 10e72c000 00:11 2111                      anon_inode:i915.gem
7f923d7c0000-7f923d7c2000 rw-s 10e72a000 00:11 2111                      anon_inode:i915.gem
7f923d7c2000-7f923d7c6000 rw-s 10e726000 00:11 2111                      anon_inode:i915.gem
7f923d7c6000-7f923d7ca000 rw-s 10e722000 00:11 2111                      anon_inode:i915.gem
7f923d7ca000-7f923d7cc000 rw-s 10e720000 00:11 2111                      anon_inode:i915.gem
7f923d7cc000-7f923d7d0000 rw-s 10e71c000 00:11 2111                      anon_inode:i915.gem
7f923d7d0000-7f923d7d4000 rw-s 10e718000 00:11 2111                      anon_inode:i915.gem
7f923d7d4000-7f923d7d6000 rw-s 10e716000 00:11 2111                      anon_inode:i915.gem
7f923d7d6000-7f923d7d8000 rw-s 10e714000 00:11 2111                      anon_inode:i915.gem
7f923d7d8000-7f923d7dc000 rw-s 10e710000 00:11 2111                      anon_inode:i915.gem
7f923d7dc000-7f923d7e0000 rw-s 10e70c000 00:11 2111                      anon_inode:i915.gem
7f923d7e0000-7f923d7e8000 rw-s 10e704000 00:11 2111                      anon_inode:i915.gem
7f923d7e8000-7f923d7f0000 rw-s 10e6fc000 00:11 2111                      anon_inode:i915.gem
7f923d7f0000-7f923d7f8000 rw-s 10e6f4000 00:11 2111                      anon_inode:i915.gem
7f923d7f8000-7f923d800000 rw-s 10e6ec000 00:11 2111                      anon_inode:i915.gem
7f923d800000-7f923d808000 rw-s 10e6e4000 00:11 2111                      anon_inode:i915.gem
7f923d808000-7f923d810000 rw-s 10e6dc000 00:11 2111                      anon_inode:i915.gem
7f923d810000-7f923d818000 rw-s 10e6d4000 00:11 2111                      anon_inode:i915.gem
7f923d818000-7f923d820000 rw-s 10e6cc000 00:11 2111                      anon_inode:i915.gem
7f923d820000-7f923d828000 rw-s 10e6c4000 00:11 2111                      anon_inode:i915.gem
7f923d828000-7f923d830000 rw-s 10e6bc000 00:11 2111                      anon_inode:i915.gem
7f923d830000-7f923d838000 rw-s 10e6b4000 00:11 2111                      anon_inode:i915.gem
7f923d838000-7f923d840000 rw-s 10e6ac000 00:11 2111                      anon_inode:i915.gem
7f923d840000-7f923d848000 rw-s 10e6a4000 00:11 2111                      anon_inode:i915.gem
7f923d848000-7f923d850000 rw-s 10e69c000 00:11 2111                      anon_inode:i915.gem
7f923d850000-7f923d858000 rw-s 10e694000 00:11 2111                      anon_inode:i915.gem
7f923d858000-7f923d860000 rw-s 10e68c000 00:11 2111                      anon_inode:i915.gem
7f923d860000-7f923d868000 rw-s 10e684000 00:11 2111                      anon_inode:i915.gem
7f923d868000-7f923d870000 rw-s 10e67c000 00:11 2111                      anon_inode:i915.gem
7f923d870000-7f923d878000 rw-s 10e674000 00:11 2111                      anon_inode:i915.gem
7f923d878000-7f923d880000 rw-s 10e66c000 00:11 2111                      anon_inode:i915.gem
7f923d880000-7f923d884000 rw-s 10e668000 00:11 2111                      anon_inode:i915.gem
7f923d884000-7f923d888000 rw-s 10e664000 00:11 2111                      anon_inode:i915.gem
7f923d888000-7f923d88c000 rw-s 10e660000 00:11 2111                      anon_inode:i915.gem
7f923d88c000-7f923d890000 rw-s 10e65c000 00:11 2111                      anon_inode:i915.gem
7f923d890000-7f923d894000 rw-s 10e658000 00:11 2111                      anon_inode:i915.gem
7f923d894000-7f923d89c000 rw-s 10e650000 00:11 2111                      anon_inode:i915.gem
7f923d89c000-7f923d8a0000 rw-s 10e64c000 00:11 2111                      anon_inode:i915.gem
7f923d8a0000-7f923d8a4000 rw-s 10e648000 00:11 2111                      anon_inode:i915.gem
7f923d8a4000-7f923d8a8000 rw-s 10e644000 00:11 2111                      anon_inode:i915.gem
7f923d8a8000-7f923d8ac000 rw-s 10e640000 00:11 2111                      anon_inode:i915.gem
7f923d8ac000-7f923d8b0000 rw-s 10e63c000 00:11 2111                      anon_inode:i915.gem
7f923d8b0000-7f923d8b8000 rw-s 10e634000 00:11 2111                      anon_inode:i915.gem
7f923d8b8000-7f923d8bc000 rw-s 10e630000 00:11 2111                      anon_inode:i915.gem
7f923d8bc000-7f923d8c4000 rw-s 10e628000 00:11 2111                      anon_inode:i915.gem
7f923d8c4000-7f923d8cc000 rw-s 10e620000 00:11 2111                      anon_inode:i915.gem
7f923d8cc000-7f923d8d4000 rw-s 10e618000 00:11 2111                      anon_inode:i915.gem
7f923d8d4000-7f923d8d6000 rw-s 10e616000 00:11 2111                      anon_inode:i915.gem
7f923d8d6000-7f923d8da000 rw-s 10e612000 00:11 2111                      anon_inode:i915.gem
7f923d8da000-7f923d8de000 rw-s 10e60e000 00:11 2111                      anon_inode:i915.gem
7f923d8de000-7f923d8e2000 rw-s 10e60a000 00:11 2111                      anon_inode:i915.gem
7f923d8e2000-7f923d8e6000 rw-s 10e606000 00:11 2111                      anon_inode:i915.gem
7f923d8e6000-7f923d8ea000 rw-s 10e602000 00:11 2111                      anon_inode:i915.gem
7f923d8ea000-7f923d8ee000 rw-s 10e5fe000 00:11 2111                      anon_inode:i915.gem
7f923d8ee000-7f923d8f2000 rw-s 10e5fa000 00:11 2111                      anon_inode:i915.gem
7f923d8f2000-7f923d8f6000 rw-s 10e5f6000 00:11 2111                      anon_inode:i915.gem
7f923d8f6000-7f923d8fa000 rw-s 10e5f2000 00:11 2111                      anon_inode:i915.gem
7f923d8fa000-7f923d8fc000 rw-s 10e5f0000 00:11 2111                      anon_inode:i915.gem
7f923d8fc000-7f923d900000 rw-s 10e5ec000 00:11 2111                      anon_inode:i915.gem
7f923d900000-7f923d902000 rw-s 10e5ea000 00:11 2111                      anon_inode:i915.gem
7f923d902000-7f923d904000 rw-s 10e5e8000 00:11 2111                      anon_inode:i915.gem
7f923d904000-7f923d908000 rw-s 10e5e4000 00:11 2111                      anon_inode:i915.gem
7f923d908000-7f923d90c000 rw-s 10e5e0000 00:11 2111                      anon_inode:i915.gem
7f923d90c000-7f923d910000 rw-s 10e5dc000 00:11 2111                      anon_inode:i915.gem
7f923d910000-7f923d914000 rw-s 10e5d8000 00:11 2111                      anon_inode:i915.gem
7f923d914000-7f923d918000 rw-s 10e5d4000 00:11 2111                      anon_inode:i915.gem
7f923d918000-7f923d91c000 rw-s 10e5d0000 00:11 2111                      anon_inode:i915.gem
7f923d91c000-7f923d920000 rw-s 10e5cc000 00:11 2111                      anon_inode:i915.gem
7f923d920000-7f923d924000 rw-s 10e5c8000 00:11 2111                      anon_inode:i915.gem
7f923d924000-7f923d926000 rw-s 10e5c6000 00:11 2111                      anon_inode:i915.gem
7f923d926000-7f923d92a000 rw-s 10e5c2000 00:11 2111                      anon_inode:i915.gem
7f923d92a000-7f923d932000 rw-s 10e5ba000 00:11 2111                      anon_inode:i915.gem
7f923d932000-7f923d936000 rw-s 10e5b6000 00:11 2111                      anon_inode:i915.gem
7f923d936000-7f923d938000 rw-s 10e5b4000 00:11 2111                      anon_inode:i915.gem
7f923d938000-7f923d93c000 rw-s 10e5b0000 00:11 2111                      anon_inode:i915.gem
7f923d93c000-7f923d940000 rw-s 10e5ac000 00:11 2111                      anon_inode:i915.gem
7f923d940000-7f923d942000 rw-s 10e5aa000 00:11 2111                      anon_inode:i915.gem
7f923d942000-7f923d946000 rw-s 10e5a6000 00:11 2111                      anon_inode:i915.gem
7f923d946000-7f923d94a000 rw-s 10e5a2000 00:11 2111                      anon_inode:i915.gem
7f923d94a000-7f923d94c000 rw-s 10e5a0000 00:11 2111                      anon_inode:i915.gem
7f923d94c000-7f923d94e000 rw-s 10e59e000 00:11 2111                      anon_inode:i915.gem
7f923d94e000-7f923d956000 rw-s 10e596000 00:11 2111                      anon_inode:i915.gem
7f923d956000-7f923d95a000 rw-s 10e592000 00:11 2111                      anon_inode:i915.gem
7f923d95a000-7f923d962000 rw-s 10e58a000 00:11 2111                      anon_inode:i915.gem
7f923d962000-7f923d966000 rw-s 10e586000 00:11 2111                      anon_inode:i915.gem
7f923d966000-7f923d96a000 rw-s 10e582000 00:11 2111                      anon_inode:i915.gem
7f923d96a000-7f923d972000 rw-s 10e57a000 00:11 2111                      anon_inode:i915.gem
7f923d972000-7f923d976000 rw-s 10e576000 00:11 2111                      anon_inode:i915.gem
7f923d976000-7f923d978000 rw-s 10e574000 00:11 2111                      anon_inode:i915.gem
7f923d978000-7f923d980000 rw-s 10e56c000 00:11 2111                      anon_inode:i915.gem
7f923d980000-7f923d984000 rw-s 10e568000 00:11 2111                      anon_inode:i915.gem
7f923d984000-7f923d988000 rw-s 10e564000 00:11 2111                      anon_inode:i915.gem
7f923d988000-7f923d98a000 rw-s 10e562000 00:11 2111                      anon_inode:i915.gem
7f923d98a000-7f923d98c000 rw-s 10e560000 00:11 2111                      anon_inode:i915.gem
7f923d98c000-7f923d994000 rw-s 10e558000 00:11 2111                      anon_inode:i915.gem
7f923d994000-7f923d99c000 rw-s 10e550000 00:11 2111                      anon_inode:i915.gem
7f923d99c000-7f923d9a4000 rw-s 10e548000 00:11 2111                      anon_inode:i915.gem
7f923d9a4000-7f923d9a8000 rw-s 10e544000 00:11 2111                      anon_inode:i915.gem
7f923d9a8000-7f923d9ac000 rw-s 10e540000 00:11 2111                      anon_inode:i915.gem
7f923d9ac000-7f923d9b4000 rw-s 10e538000 00:11 2111                      anon_inode:i915.gem
7f923d9b4000-7f923d9bc000 rw-s 10e530000 00:11 2111                      anon_inode:i915.gem
7f923d9bc000-7f923d9c4000 rw-s 10e528000 00:11 2111                      anon_inode:i915.gem
7f923d9c4000-7f923d9cc000 rw-s 10e520000 00:11 2111                      anon_inode:i915.gem
7f923d9cc000-7f923d9d4000 rw-s 10e518000 00:11 2111                      anon_inode:i915.gem
7f923d9d4000-7f923d9dc000 rw-s 10e510000 00:11 2111                      anon_inode:i915.gem
7f923d9dc000-7f923d9e4000 rw-s 10e508000 00:11 2111                      anon_inode:i915.gem
7f923d9e4000-7f923d9ec000 rw-s 10e500000 00:11 2111                      anon_inode:i915.gem
7f923d9ec000-7f923d9f4000 rw-s 10e4f8000 00:11 2111                      anon_inode:i915.gem
7f923d9f4000-7f923d9fc000 rw-s 10e4f0000 00:11 2111                      anon_inode:i915.gem
7f923d9fc000-7f923da04000 rw-s 10e4e8000 00:11 2111                      anon_inode:i915.gem
7f923da04000-7f923da08000 rw-s 10e4e4000 00:11 2111                      anon_inode:i915.gem
7f923da08000-7f923da0c000 rw-s 10e4e0000 00:11 2111                      anon_inode:i915.gem
7f923da0c000-7f923da10000 rw-s 10e4dc000 00:11 2111                      anon_inode:i915.gem
7f923da10000-7f923da14000 rw-s 10e4d8000 00:11 2111                      anon_inode:i915.gem
7f923da14000-7f923da16000 rw-s 10e4d6000 00:11 2111                      anon_inode:i915.gem
7f923da16000-7f923da1a000 rw-s 10e4d2000 00:11 2111                      anon_inode:i915.gem
7f923da1a000-7f923da1c000 rw-s 10e4d0000 00:11 2111                      anon_inode:i915.gem
7f923da1c000-7f923da1e000 rw-s 10e4ce000 00:11 2111                      anon_inode:i915.gem
7f923da1e000-7f923da22000 rw-s 10e4ca000 00:11 2111                      anon_inode:i915.gem
7f923da22000-7f923da26000 rw-s 10e4c6000 00:11 2111                      anon_inode:i915.gem
7f923da26000-7f923da2a000 rw-s 10e4c2000 00:11 2111                      anon_inode:i915.gem
7f923da2a000-7f923da2c000 rw-s 10e4c0000 00:11 2111                      anon_inode:i915.gem
7f923da2c000-7f923da30000 rw-s 10e4bc000 00:11 2111                      anon_inode:i915.gem
7f923da30000-7f923da32000 rw-s 10e4ba000 00:11 2111                      anon_inode:i915.gem
7f923da32000-7f923da36000 rw-s 10e4b6000 00:11 2111                      anon_inode:i915.gem
7f923da36000-7f923da3a000 rw-s 10e4b2000 00:11 2111                      anon_inode:i915.gem
7f923da3a000-7f923da3c000 rw-s 10e4b0000 00:11 2111                      anon_inode:i915.gem
7f923da3c000-7f923da3e000 rw-s 10e4ae000 00:11 2111                      anon_inode:i915.gem
7f923da3e000-7f923da40000 rw-s 10e4ac000 00:11 2111                      anon_inode:i915.gem
7f923da40000-7f923da48000 rw-s 10e4a4000 00:11 2111                      anon_inode:i915.gem
7f923da48000-7f923da4c000 rw-s 10e4a0000 00:11 2111                      anon_inode:i915.gem
7f923da4c000-7f923da50000 rw-s 10e49c000 00:11 2111                      anon_inode:i915.gem
7f923da50000-7f923da58000 rw-s 10e494000 00:11 2111                      anon_inode:i915.gem
7f923da58000-7f923da5c000 rw-s 10e490000 00:11 2111                      anon_inode:i915.gem
7f923da5c000-7f923da64000 rw-s 10e488000 00:11 2111                      anon_inode:i915.gem
7f923da64000-7f923da6c000 rw-s 10e480000 00:11 2111                      anon_inode:i915.gem
7f923da6c000-7f923da74000 rw-s 10e478000 00:11 2111                      anon_inode:i915.gem
7f923da74000-7f923da7c000 rw-s 10e470000 00:11 2111                      anon_inode:i915.gem
7f923da7c000-7f923da80000 rw-s 10e46c000 00:11 2111                      anon_inode:i915.gem
7f923da80000-7f923da84000 rw-s 10e468000 00:11 2111                      anon_inode:i915.gem
7f923da84000-7f923da8c000 rw-s 10e460000 00:11 2111                      anon_inode:i915.gem
7f923da8c000-7f923da90000 rw-s 10e45c000 00:11 2111                      anon_inode:i915.gem
7f923da90000-7f923da98000 rw-s 10e454000 00:11 2111                      anon_inode:i915.gem
7f923da98000-7f923da9c000 rw-s 10e450000 00:11 2111                      anon_inode:i915.gem
7f923da9c000-7f923daa4000 rw-s 10e448000 00:11 2111                      anon_inode:i915.gem
7f923daa4000-7f923daac000 rw-s 10e440000 00:11 2111                      anon_inode:i915.gem
7f923daac000-7f923dab4000 rw-s 10e438000 00:11 2111                      anon_inode:i915.gem
7f923dab4000-7f923dabc000 rw-s 10e430000 00:11 2111                      anon_inode:i915.gem
7f923dabc000-7f923dac4000 rw-s 10e428000 00:11 2111                      anon_inode:i915.gem
7f923dac4000-7f923dacc000 rw-s 10e420000 00:11 2111                      anon_inode:i915.gem
7f923dacc000-7f923dad4000 rw-s 10e418000 00:11 2111                      anon_inode:i915.gem
7f923dad4000-7f923dadc000 rw-s 10e410000 00:11 2111                      anon_inode:i915.gem
7f923dadc000-7f923dae4000 rw-s 10e408000 00:11 2111                      anon_inode:i915.gem
7f923dae4000-7f923daec000 rw-s 10e400000 00:11 2111                      anon_inode:i915.gem
7f923daec000-7f923daf4000 rw-s 10e3f8000 00:11 2111                      anon_inode:i915.gem
7f923daf4000-7f923dafc000 rw-s 10e3f0000 00:11 2111                      anon_inode:i915.gem
7f923dafc000-7f923db04000 rw-s 10e3e8000 00:11 2111                      anon_inode:i915.gem
7f923db04000-7f923db0c000 rw-s 10e3e0000 00:11 2111                      anon_inode:i915.gem
7f923db0c000-7f923db14000 rw-s 10e3d8000 00:11 2111                      anon_inode:i915.gem
7f923db14000-7f923db1c000 rw-s 10e3d0000 00:11 2111                      anon_inode:i915.gem
7f923db1c000-7f923db24000 rw-s 10e3c8000 00:11 2111                      anon_inode:i915.gem
7f923db24000-7f923db2c000 rw-s 10e3c0000 00:11 2111                      anon_inode:i915.gem
7f923db2c000-7f923db34000 rw-s 10e3b8000 00:11 2111                      anon_inode:i915.gem
7f923db34000-7f923db3c000 rw-s 10e3b0000 00:11 2111                      anon_inode:i915.gem
7f923db3c000-7f923db44000 rw-s 10e3a8000 00:11 2111                      anon_inode:i915.gem
7f923db44000-7f923db4c000 rw-s 10e3a0000 00:11 2111                      anon_inode:i915.gem
7f923db4c000-7f923db54000 rw-s 10e398000 00:11 2111                      anon_inode:i915.gem
7f923db54000-7f923db5c000 rw-s 10e390000 00:11 2111                      anon_inode:i915.gem
7f923db5c000-7f923db64000 rw-s 10e388000 00:11 2111                      anon_inode:i915.gem
7f923db64000-7f923db6c000 rw-s 10e380000 00:11 2111                      anon_inode:i915.gem
7f923db6c000-7f923db74000 rw-s 10e378000 00:11 2111                      anon_inode:i915.gem
7f923db74000-7f923db7c000 rw-s 10e370000 00:11 2111                      anon_inode:i915.gem
7f923db7c000-7f923db84000 rw-s 10e368000 00:11 2111                      anon_inode:i915.gem
7f923db84000-7f923db8c000 rw-s 10e360000 00:11 2111                      anon_inode:i915.gem
7f923db8c000-7f923db94000 rw-s 10e358000 00:11 2111                      anon_inode:i915.gem
7f923db94000-7f923db9c000 rw-s 10e350000 00:11 2111                      anon_inode:i915.gem
7f923db9c000-7f923dba4000 rw-s 10e348000 00:11 2111                      anon_inode:i915.gem
7f923dba4000-7f923dbac000 rw-s 10e340000 00:11 2111                      anon_inode:i915.gem
7f923dbac000-7f923dbb4000 rw-s 10e338000 00:11 2111                      anon_inode:i915.gem
7f923dbb4000-7f923dbbc000 rw-s 10e330000 00:11 2111                      anon_inode:i915.gem
7f923dbbc000-7f923dbc4000 rw-s 10e328000 00:11 2111                      anon_inode:i915.gem
7f923dbc4000-7f923dbcc000 rw-s 10e320000 00:11 2111                      anon_inode:i915.gem
7f923dbcc000-7f923dbd4000 rw-s 10e318000 00:11 2111                      anon_inode:i915.gem
7f923dbd4000-7f923dc14000 rw-s 10e2d8000 00:11 2111                      anon_inode:i915.gem
7f923dc14000-7f923dc54000 rw-s 10e298000 00:11 2111                      anon_inode:i915.gem
7f923dc54000-7f923dc58000 rw-s 10e294000 00:11 2111                      anon_inode:i915.gem
7f923dc58000-7f923dc60000 rw-s 10e28c000 00:11 2111                      anon_inode:i915.gem
7f923dc60000-7f923dc68000 rw-s 10e284000 00:11 2111                      anon_inode:i915.gem
7f923dc68000-7f923dc70000 rw-s 10e27c000 00:11 2111                      anon_inode:i915.gem
7f923dc70000-7f923dc74000 rw-s 10e278000 00:11 2111                      anon_inode:i915.gem
7f923dc74000-7f923dc7c000 rw-s 10e270000 00:11 2111                      anon_inode:i915.gem
7f923dc7c000-7f923dc84000 rw-s 10e268000 00:11 2111                      anon_inode:i915.gem
7f923dc84000-7f923dc8c000 rw-s 10e260000 00:11 2111                      anon_inode:i915.gem
7f923dc8c000-7f923dc90000 rw-s 10e25c000 00:11 2111                      anon_inode:i915.gem
7f923dc90000-7f923dc94000 rw-s 10e258000 00:11 2111                      anon_inode:i915.gem
7f923dc94000-7f923dc9c000 rw-s 10e250000 00:11 2111                      anon_inode:i915.gem
7f923dc9c000-7f923dca4000 rw-s 10e248000 00:11 2111                      anon_inode:i915.gem
7f923dca4000-7f923dcac000 rw-s 10e240000 00:11 2111                      anon_inode:i915.gem
7f923dcac000-7f923dcb4000 rw-s 10e238000 00:11 2111                      anon_inode:i915.gem
7f923dcb4000-7f923dcbc000 rw-s 10e230000 00:11 2111                      anon_inode:i915.gem
7f923dcbc000-7f923dcc4000 rw-s 10e228000 00:11 2111                      anon_inode:i915.gem
7f923dcc4000-7f923dccc000 rw-s 10e220000 00:11 2111                      anon_inode:i915.gem
7f923dccc000-7f923dcd4000 rw-s 10e218000 00:11 2111                      anon_inode:i915.gem
7f923dcd4000-7f923dcdc000 rw-s 10e210000 00:11 2111                      anon_inode:i915.gem
7f923dcdc000-7f923dce4000 rw-s 10e208000 00:11 2111                      anon_inode:i915.gem
7f923dce4000-7f923dcec000 rw-s 10e200000 00:11 2111                      anon_inode:i915.gem
7f923dcec000-7f923dcf4000 rw-s 10e1f8000 00:11 2111                      anon_inode:i915.gem
7f923dcf4000-7f923dcfc000 rw-s 10e1f0000 00:11 2111                      anon_inode:i915.gem
7f923dcfc000-7f923dd04000 rw-s 10e1e8000 00:11 2111                      anon_inode:i915.gem
7f923dd04000-7f923dd0c000 rw-s 10e1e0000 00:11 2111                      anon_inode:i915.gem
7f923dd0c000-7f923dd14000 rw-s 10e1d8000 00:11 2111                      anon_inode:i915.gem
7f923dd14000-7f923dd1c000 rw-s 10e1d0000 00:11 2111                      anon_inode:i915.gem
7f923dd1c000-7f923dd20000 rw-s 10e1cc000 00:11 2111                      anon_inode:i915.gem
7f923dd20000-7f923dd24000 rw-s 10e1c8000 00:11 2111                      anon_inode:i915.gem
7f923dd24000-7f923dd2c000 rw-s 10e1c0000 00:11 2111                      anon_inode:i915.gem
7f923dd2c000-7f923dd30000 rw-s 10e1bc000 00:11 2111                      anon_inode:i915.gem
7f923dd30000-7f923dd34000 rw-s 10e1b8000 00:11 2111                      anon_inode:i915.gem
7f923dd34000-7f923dd3c000 rw-s 10e1b0000 00:11 2111                      anon_inode:i915.gem
7f923dd3c000-7f923dd40000 rw-s 10e1ac000 00:11 2111                      anon_inode:i915.gem
7f923dd40000-7f923dd44000 rw-s 10e1a8000 00:11 2111                      anon_inode:i915.gem
7f923dd44000-7f923dd4c000 rw-s 10e1a0000 00:11 2111                      anon_inode:i915.gem
7f923dd4c000-7f923dd54000 rw-s 10e198000 00:11 2111                      anon_inode:i915.gem
7f923dd54000-7f923dd5c000 rw-s 10e190000 00:11 2111                      anon_inode:i915.gem
7f923dd5c000-7f923dd64000 rw-s 10e188000 00:11 2111                      anon_inode:i915.gem
7f923dd64000-7f923dd68000 rw-s 10e184000 00:11 2111                      anon_inode:i915.gem
7f923dd68000-7f923dd6c000 rw-s 10e180000 00:11 2111                      anon_inode:i915.gem
7f923dd6c000-7f923dd70000 rw-s 10e17c000 00:11 2111                      anon_inode:i915.gem
7f923dd70000-7f923dd78000 rw-s 10e174000 00:11 2111                      anon_inode:i915.gem
7f923dd78000-7f923dd7c000 rw-s 10e170000 00:11 2111                      anon_inode:i915.gem
7f923dd7c000-7f923dd84000 rw-s 10e168000 00:11 2111                      anon_inode:i915.gem
7f923dd84000-7f923dd88000 rw-s 10e164000 00:11 2111                      anon_inode:i915.gem
7f923dd88000-7f923dd90000 rw-s 10e15c000 00:11 2111                      anon_inode:i915.gem
7f923dd90000-7f923dd94000 rw-s 10e158000 00:11 2111                      anon_inode:i915.gem
7f923dd94000-7f923dd9c000 rw-s 10e150000 00:11 2111                      anon_inode:i915.gem
7f923dd9c000-7f923dda0000 rw-s 10e14c000 00:11 2111                      anon_inode:i915.gem
7f923dda0000-7f923dda8000 rw-s 10e144000 00:11 2111                      anon_inode:i915.gem
7f923dda8000-7f923ddb0000 rw-s 10e13c000 00:11 2111                      anon_inode:i915.gem
7f923ddb0000-7f923ddb8000 rw-s 10e134000 00:11 2111                      anon_inode:i915.gem
7f923ddb8000-7f923ddbc000 rw-s 10e130000 00:11 2111                      anon_inode:i915.gem
7f923ddbc000-7f923ddc4000 rw-s 10e128000 00:11 2111                      anon_inode:i915.gem
7f923ddc4000-7f923ddc8000 rw-s 10e124000 00:11 2111                      anon_inode:i915.gem
7f923ddc8000-7f923ddcc000 rw-s 10e120000 00:11 2111                      anon_inode:i915.gem
7f923ddcc000-7f923ddd0000 rw-s 10e11c000 00:11 2111                      anon_inode:i915.gem
7f923ddd0000-7f923ddd4000 rw-s 10e118000 00:11 2111                      anon_inode:i915.gem
7f923ddd4000-7f923ddd8000 rw-s 10e114000 00:11 2111                      anon_inode:i915.gem
7f923ddd8000-7f923de18000 rw-s 10e0d4000 00:11 2111                      anon_inode:i915.gem
7f923de18000-7f923de58000 rw-s 10e094000 00:11 2111                      anon_inode:i915.gem
7f923de58000-7f923de5c000 rw-s 10e090000 00:11 2111                      anon_inode:i915.gem
7f923de5c000-7f923de5e000 rw-s 10e08e000 00:11 2111                      anon_inode:i915.gem
7f923de5e000-7f923de62000 rw-s 10e08a000 00:11 2111                      anon_inode:i915.gem
7f923de62000-7f923de66000 rw-s 10e086000 00:11 2111                      anon_inode:i915.gem
7f923de66000-7f923de6e000 rw-s 10e07e000 00:11 2111                      anon_inode:i915.gem
7f923de6e000-7f923de76000 rw-s 10e076000 00:11 2111                      anon_inode:i915.gem
7f923de76000-7f923de7a000 rw-s 10e072000 00:11 2111                      anon_inode:i915.gem
7f923de7a000-7f923de7e000 rw-s 10e06e000 00:11 2111                      anon_inode:i915.gem
7f923de7e000-7f923de86000 rw-s 10e066000 00:11 2111                      anon_inode:i915.gem
7f923de86000-7f923de8e000 rw-s 10e05e000 00:11 2111                      anon_inode:i915.gem
7f923de8e000-7f923de96000 rw-s 10e056000 00:11 2111                      anon_inode:i915.gem
7f923de96000-7f923de9a000 rw-s 10e052000 00:11 2111                      anon_inode:i915.gem
7f923de9a000-7f923dea2000 rw-s 10e04a000 00:11 2111                      anon_inode:i915.gem
7f923dea2000-7f923dea6000 rw-s 10e046000 00:11 2111                      anon_inode:i915.gem
7f923dea6000-7f923deaa000 rw-s 10e042000 00:11 2111                      anon_inode:i915.gem
7f923deaa000-7f923deae000 rw-s 10e03e000 00:11 2111                      anon_inode:i915.gem
7f923deae000-7f923deb6000 rw-s 10e036000 00:11 2111                      anon_inode:i915.gem
7f923deb6000-7f923deba000 rw-s 10e032000 00:11 2111                      anon_inode:i915.gem
7f923deba000-7f923debe000 rw-s 10e02e000 00:11 2111                      anon_inode:i915.gem
7f923debe000-7f923dec0000 rw-s 1294d2000 00:11 2111                      anon_inode:i915.gem
7f923dec0000-7f923df00000 rw-s 10dfee000 00:11 2111                      anon_inode:i915.gem
7f923df00000-7f923e100000 rw-s 10ddee000 00:11 2111                      anon_inode:i915.gem
7f923e100000-7f923e140000 rw-s 10ddae000 00:11 2111                      anon_inode:i915.gem
7f923e140000-7f923e148000 rw-s 10dda6000 00:11 2111                      anon_inode:i915.gem
7f923e148000-7f923e150000 rw-s 10dd9e000 00:11 2111                      anon_inode:i915.gem
7f923e150000-7f923e158000 rw-s 10dd96000 00:11 2111                      anon_inode:i915.gem
7f923e158000-7f923e160000 rw-s 10dd8e000 00:11 2111                      anon_inode:i915.gem
7f923e160000-7f923e164000 rw-s 10dd8a000 00:11 2111                      anon_inode:i915.gem
7f923e164000-7f923e168000 rw-s 10dd86000 00:11 2111                      anon_inode:i915.gem
7f923e168000-7f923e170000 rw-s 10dd7e000 00:11 2111                      anon_inode:i915.gem
7f923e170000-7f923e178000 rw-s 10dd76000 00:11 2111                      anon_inode:i915.gem
7f923e178000-7f923e180000 rw-s 10dd6e000 00:11 2111                      anon_inode:i915.gem
7f923e180000-7f923e188000 rw-s 10dd66000 00:11 2111                      anon_inode:i915.gem
7f923e188000-7f923e190000 rw-s 10dd5e000 00:11 2111                      anon_inode:i915.gem
7f923e190000-7f923e198000 rw-s 10dd56000 00:11 2111                      anon_inode:i915.gem
7f923e198000-7f923e1a0000 rw-s 10dd4e000 00:11 2111                      anon_inode:i915.gem
7f923e1a0000-7f923e1a4000 rw-s 10dd4a000 00:11 2111                      anon_inode:i915.gem
7f923e1a4000-7f923e1ac000 rw-s 10dd42000 00:11 2111                      anon_inode:i915.gem
7f923e1ac000-7f923e1b4000 rw-s 10dd3a000 00:11 2111                      anon_inode:i915.gem
7f923e1b4000-7f923e1bc000 rw-s 10dd32000 00:11 2111                      anon_inode:i915.gem
7f923e1bc000-7f923e1be000 rw-s 12f8ac000 00:11 2111                      anon_inode:i915.gem
7f923e1be000-7f923e1c6000 rw-s 10dd2a000 00:11 2111                      anon_inode:i915.gem
7f923e1c6000-7f923e1ce000 rw-s 10dd22000 00:11 2111                      anon_inode:i915.gem
7f923e1ce000-7f923e1d6000 rw-s 10dd1a000 00:11 2111                      anon_inode:i915.gem
7f923e1d6000-7f923e1de000 rw-s 10dd12000 00:11 2111                      anon_inode:i915.gem
7f923e1de000-7f923e1e6000 rw-s 10dd0a000 00:11 2111                      anon_inode:i915.gem
7f923e1e6000-7f923e1ee000 rw-s 10dd02000 00:11 2111                      anon_inode:i915.gem
7f923e1ee000-7f923e1f6000 rw-s 10dcfa000 00:11 2111                      anon_inode:i915.gem
7f923e1f6000-7f923e1fe000 rw-s 10dcf2000 00:11 2111                      anon_inode:i915.gem
7f923e1fe000-7f923e206000 rw-s 10dcea000 00:11 2111                      anon_inode:i915.gem
7f923e206000-7f923e20e000 rw-s 10dce2000 00:11 2111                      anon_inode:i915.gem
7f923e20e000-7f923e216000 rw-s 10dcda000 00:11 2111                      anon_inode:i915.gem
7f923e216000-7f923e21e000 rw-s 10dcd2000 00:11 2111                      anon_inode:i915.gem
7f923e21e000-7f923e226000 rw-s 10dcca000 00:11 2111                      anon_inode:i915.gem
7f923e226000-7f923e22e000 rw-s 10dcc2000 00:11 2111                      anon_inode:i915.gem
7f923e22e000-7f923e236000 rw-s 10dcba000 00:11 2111                      anon_inode:i915.gem
7f923e236000-7f923e23e000 rw-s 10dcb2000 00:11 2111                      anon_inode:i915.gem
7f923e23e000-7f923e246000 rw-s 10dcaa000 00:11 2111                      anon_inode:i915.gem
7f923e246000-7f923e24e000 rw-s 10dca2000 00:11 2111                      anon_inode:i915.gem
7f923e24e000-7f923e256000 rw-s 10dc9a000 00:11 2111                      anon_inode:i915.gem
7f923e256000-7f923e25e000 rw-s 10dc92000 00:11 2111                      anon_inode:i915.gem
7f923e25e000-7f923e266000 rw-s 10dc8a000 00:11 2111                      anon_inode:i915.gem
7f923e266000-7f923e26e000 rw-s 10dc82000 00:11 2111                      anon_inode:i915.gem
7f923e26e000-7f923e276000 rw-s 10dc7a000 00:11 2111                      anon_inode:i915.gem
7f923e276000-7f923e27e000 rw-s 10dc72000 00:11 2111                      anon_inode:i915.gem
7f923e27e000-7f923e286000 rw-s 10dc6a000 00:11 2111                      anon_inode:i915.gem
7f923e286000-7f923e28e000 rw-s 10dc62000 00:11 2111                      anon_inode:i915.gem
7f923e28e000-7f923e292000 rw-s 10dc5e000 00:11 2111                      anon_inode:i915.gem
7f923e292000-7f923e29a000 rw-s 10dc56000 00:11 2111                      anon_inode:i915.gem
7f923e29a000-7f923e2a2000 rw-s 10dc4e000 00:11 2111                      anon_inode:i915.gem
7f923e2a2000-7f923e2a6000 rw-s 10dc4a000 00:11 2111                      anon_inode:i915.gem
7f923e2a6000-7f923e2aa000 rw-s 10dc46000 00:11 2111                      anon_inode:i915.gem
7f923e2aa000-7f923e2ae000 rw-s 10dc42000 00:11 2111                      anon_inode:i915.gem
7f923e2ae000-7f923e2b2000 rw-s 10dc3e000 00:11 2111                      anon_inode:i915.gem
7f923e2b2000-7f923e2b6000 rw-s 10dc3a000 00:11 2111                      anon_inode:i915.gem
7f923e2b6000-7f923e2ba000 rw-s 10dc36000 00:11 2111                      anon_inode:i915.gem
7f923e2ba000-7f923e2be000 rw-s 10dc32000 00:11 2111                      anon_inode:i915.gem
7f923e2be000-7f923e2c6000 rw-s 10dc2a000 00:11 2111                      anon_inode:i915.gem
7f923e2c6000-7f923e2ca000 rw-s 10dc26000 00:11 2111                      anon_inode:i915.gem
7f923e2ca000-7f923e2d2000 rw-s 10dc1e000 00:11 2111                      anon_inode:i915.gem
7f923e2d2000-7f923e2da000 rw-s 10dc16000 00:11 2111                      anon_inode:i915.gem
7f923e2da000-7f923e2e2000 rw-s 10dc0e000 00:11 2111                      anon_inode:i915.gem
7f923e2e2000-7f923e2e6000 rw-s 10dc0a000 00:11 2111                      anon_inode:i915.gem
7f923e2e6000-7f923e2ea000 rw-s 10dc06000 00:11 2111                      anon_inode:i915.gem
7f923e2ea000-7f923e2ee000 rw-s 10dc02000 00:11 2111                      anon_inode:i915.gem
7f923e2ee000-7f923e2f2000 rw-s 10dbfe000 00:11 2111                      anon_inode:i915.gem
7f923e2f2000-7f923e2fa000 rw-s 10dbf6000 00:11 2111                      anon_inode:i915.gem
7f923e2fa000-7f923e2fe000 rw-s 10dbf2000 00:11 2111                      anon_inode:i915.gem
7f923e2fe000-7f923e306000 rw-s 10dbea000 00:11 2111                      anon_inode:i915.gem
7f923e306000-7f923e30e000 rw-s 10dbe2000 00:11 2111                      anon_inode:i915.gem
7f923e30e000-7f923e316000 rw-s 10dbda000 00:11 2111                      anon_inode:i915.gem
7f923e316000-7f923e31a000 rw-s 10dbd6000 00:11 2111                      anon_inode:i915.gem
7f923e31a000-7f923e31e000 rw-s 10dbd2000 00:11 2111                      anon_inode:i915.gem
7f923e31e000-7f923e322000 rw-s 10dbce000 00:11 2111                      anon_inode:i915.gem
7f923e322000-7f923e326000 rw-s 10dbca000 00:11 2111                      anon_inode:i915.gem
7f923e326000-7f923e32a000 rw-s 10dbc6000 00:11 2111                      anon_inode:i915.gem
7f923e32a000-7f923e32e000 rw-s 10dbc2000 00:11 2111                      anon_inode:i915.gem
7f923e32e000-7f923e332000 rw-s 10dbbe000 00:11 2111                      anon_inode:i915.gem
7f923e332000-7f923e336000 rw-s 10dbba000 00:11 2111                      anon_inode:i915.gem
7f923e336000-7f923e33a000 rw-s 10dbb6000 00:11 2111                      anon_inode:i915.gem
7f923e33a000-7f923e33e000 rw-s 10dbb2000 00:11 2111                      anon_inode:i915.gem
7f923e33e000-7f923e346000 rw-s 10dbaa000 00:11 2111                      anon_inode:i915.gem
7f923e346000-7f923e34a000 rw-s 10dba6000 00:11 2111                      anon_inode:i915.gem
7f923e34a000-7f923e352000 rw-s 10db9e000 00:11 2111                      anon_inode:i915.gem
7f923e352000-7f923e356000 rw-s 10db9a000 00:11 2111                      anon_inode:i915.gem
7f923e356000-7f923e35a000 rw-s 10db96000 00:11 2111                      anon_inode:i915.gem
7f923e35a000-7f923e35e000 rw-s 10db92000 00:11 2111                      anon_inode:i915.gem
7f923e35e000-7f923e362000 rw-s 10db8e000 00:11 2111                      anon_inode:i915.gem
7f923e362000-7f923e366000 rw-s 10db8a000 00:11 2111                      anon_inode:i915.gem
7f923e366000-7f923e36e000 rw-s 10db82000 00:11 2111                      anon_inode:i915.gem
7f923e36e000-7f923e376000 rw-s 10db7a000 00:11 2111                      anon_inode:i915.gem
7f923e376000-7f923e37a000 rw-s 10db76000 00:11 2111                      anon_inode:i915.gem
7f923e37a000-7f923e37e000 rw-s 10db72000 00:11 2111                      anon_inode:i915.gem
7f923e37e000-7f923e386000 rw-s 10db6a000 00:11 2111                      anon_inode:i915.gem
7f923e386000-7f923e38a000 rw-s 10db66000 00:11 2111                      anon_inode:i915.gem
7f923e38a000-7f923e38e000 rw-s 10db62000 00:11 2111                      anon_inode:i915.gem
7f923e38e000-7f923e392000 rw-s 10db5e000 00:11 2111                      anon_inode:i915.gem
7f923e392000-7f923e396000 rw-s 10db5a000 00:11 2111                      anon_inode:i915.gem
7f923e396000-7f923e39a000 rw-s 10db56000 00:11 2111                      anon_inode:i915.gem
7f923e39a000-7f923e39e000 rw-s 10db52000 00:11 2111                      anon_inode:i915.gem
7f923e39e000-7f923e3a2000 rw-s 12f8a8000 00:11 2111                      anon_inode:i915.gem
7f923e3a2000-7f923e3a6000 rw-s 12f8a4000 00:11 2111                      anon_inode:i915.gem
7f923e3a6000-7f923e3e6000 rw-s 10db12000 00:11 2111                      anon_inode:i915.gem
7f923e3e6000-7f923e426000 rw-s 10dad2000 00:11 2111                      anon_inode:i915.gem
7f923e426000-7f923e466000 rw-s 10da92000 00:11 2111                      anon_inode:i915.gem
7f923e466000-7f923e4a6000 rw-s 10da52000 00:11 2111                      anon_inode:i915.gem
7f923e4a6000-7f923e4e6000 rw-s 10da12000 00:11 2111                      anon_inode:i915.gem
7f923e4e6000-7f923e526000 rw-s 10d9d2000 00:11 2111                      anon_inode:i915.gem
7f923e526000-7f923e726000 rw-s 10d7d2000 00:11 2111                      anon_inode:i915.gem
7f923e726000-7f923e766000 rw-s 10d792000 00:11 2111                      anon_inode:i915.gem
7f923e766000-7f923e7a6000 rw-s 10d752000 00:11 2111                      anon_inode:i915.gem
7f923e7a6000-7f923e7e6000 rw-s 10d712000 00:11 2111                      anon_inode:i915.gem
7f923e7e6000-7f923e826000 rw-s 10d6d2000 00:11 2111                      anon_inode:i915.gem
7f923e826000-7f923e866000 rw-s 10d692000 00:11 2111                      anon_inode:i915.gem
7f923e866000-7f923e8a6000 rw-s 10d652000 00:11 2111                      anon_inode:i915.gem
7f923e8a6000-7f923e8e6000 rw-s 10d612000 00:11 2111                      anon_inode:i915.gem
7f923e8e6000-7f923e926000 rw-s 10d5d2000 00:11 2111                      anon_inode:i915.gem
7f923e926000-7f923e966000 rw-s 10d592000 00:11 2111                      anon_inode:i915.gem
7f923e966000-7f923e9a6000 rw-s 10d552000 00:11 2111                      anon_inode:i915.gem
7f923e9a6000-7f923e9e6000 rw-s 10d512000 00:11 2111                      anon_inode:i915.gem
7f923e9e6000-7f923ea26000 rw-s 10d4d2000 00:11 2111                      anon_inode:i915.gem
7f923ea26000-7f923ea66000 rw-s 10d492000 00:11 2111                      anon_inode:i915.gem
7f923ea66000-7f923eaa6000 rw-s 10d452000 00:11 2111                      anon_inode:i915.gem
7f923eaa6000-7f923eae6000 rw-s 10d412000 00:11 2111                      anon_inode:i915.gem
7f923eae6000-7f923eb26000 rw-s 10d3d2000 00:11 2111                      anon_inode:i915.gem
7f923eb26000-7f923eb66000 rw-s 10d392000 00:11 2111                      anon_inode:i915.gem
7f923eb66000-7f923eba6000 rw-s 10d352000 00:11 2111                      anon_inode:i915.gem
7f923eba6000-7f923ebe6000 rw-s 10d312000 00:11 2111                      anon_inode:i915.gem
7f923ebe6000-7f923ec26000 rw-s 10d2d2000 00:11 2111                      anon_inode:i915.gem
7f923ec26000-7f923ec66000 rw-s 10d292000 00:11 2111                      anon_inode:i915.gem
7f923ec66000-7f923eca6000 rw-s 10d252000 00:11 2111                      anon_inode:i915.gem
7f923eca6000-7f923ece6000 rw-s 10d212000 00:11 2111                      anon_inode:i915.gem
7f923ece6000-7f923ed26000 rw-s 102c18000 00:11 2111                      anon_inode:i915.gem
7f923ed26000-7f923ed66000 rw-s 102bd8000 00:11 2111                      anon_inode:i915.gem
7f923ed66000-7f923ed76000 rw-s 117aa6000 00:11 2111                      anon_inode:i915.gem
7f923ed76000-7f923ed86000 rw-s 12a74f000 00:11 2111                      anon_inode:i915.gem
7f923ed86000-7f923ed96000 rw-s 12a779000 00:11 2111                      anon_inode:i915.gem
7f923ed96000-7f923eda6000 rw-s 117ad6000 00:11 2111                      anon_inode:i915.gem
7f923eda6000-7f923ede6000 rw-s 10d192000 00:11 2111                      anon_inode:i915.gem
7f923ede6000-7f923ee26000 rw-s 10d152000 00:11 2111                      anon_inode:i915.gem
7f923ee26000-7f923ee66000 rw-s 10d112000 00:11 2111                      anon_inode:i915.gem
7f923ee66000-7f923eea6000 rw-s 10d0d2000 00:11 2111                      anon_inode:i915.gem
7f923eea6000-7f923eee6000 rw-s 10d092000 00:11 2111                      anon_inode:i915.gem
7f923eee6000-7f923ef26000 rw-s 10d052000 00:11 2111                      anon_inode:i915.gem
7f923ef26000-7f923ef66000 rw-s 10d012000 00:11 2111                      anon_inode:i915.gem
7f923ef66000-7f923efa6000 rw-s 10cfd2000 00:11 2111                      anon_inode:i915.gem
7f923efa6000-7f923efe6000 rw-s 10cf92000 00:11 2111                      anon_inode:i915.gem
7f923efe6000-7f923f026000 rw-s 10cf52000 00:11 2111                      anon_inode:i915.gem
7f923f026000-7f923f066000 rw-s 10cf12000 00:11 2111                      anon_inode:i915.gem
7f923f066000-7f923f0a6000 rw-s 10ced2000 00:11 2111                      anon_inode:i915.gem
7f923f0a6000-7f923f0e6000 rw-s 10ce92000 00:11 2111                      anon_inode:i915.gem
7f923f0e6000-7f923f126000 rw-s 10ce52000 00:11 2111                      anon_inode:i915.gem
7f923f126000-7f923f166000 rw-s 10ce12000 00:11 2111                      anon_inode:i915.gem
7f923f166000-7f923f1a6000 rw-s 10cdd2000 00:11 2111                      anon_inode:i915.gem
7f923f1a6000-7f923f1e6000 rw-s 10cd92000 00:11 2111                      anon_inode:i915.gem
7f923f1e6000-7f923f226000 rw-s 10cd52000 00:11 2111                      anon_inode:i915.gem
7f923f226000-7f923f266000 rw-s 10cd12000 00:11 2111                      anon_inode:i915.gem
7f923f266000-7f923f2a6000 rw-s 106df2000 00:11 2111                      anon_inode:i915.gem
7f923f2a6000-7f923f2e6000 rw-s 10ccb2000 00:11 2111                      anon_inode:i915.gem
7f923f2e6000-7f923f326000 rw-s 10cc72000 00:11 2111                      anon_inode:i915.gem
7f923f326000-7f923f366000 rw-s 10cc32000 00:11 2111                      anon_inode:i915.gem
7f923f366000-7f923f3a6000 rw-s 10cbf2000 00:11 2111                      anon_inode:i915.gem
7f923f3a6000-7f923f3e6000 rw-s 12f844000 00:11 2111                      anon_inode:i915.gem
7f923f3e6000-7f923f426000 rw-s 12f804000 00:11 2111                      anon_inode:i915.gem
7f923f426000-7f923f436000 rw-s 10c5e2000 00:11 2111                      anon_inode:i915.gem
7f923f436000-7f923f446000 rw-s 12a6ef000 00:11 2111                      anon_inode:i915.gem
7f923f446000-7f923f486000 rw-s 128fca000 00:11 2111                      anon_inode:i915.gem
7f923f486000-7f923f4c6000 rw-s 12f764000 00:11 2111                      anon_inode:i915.gem
7f923f4c6000-7f923f506000 rw-s 12f724000 00:11 2111                      anon_inode:i915.gem
7f923f506000-7f923f546000 rw-s 12f6e4000 00:11 2111                      anon_inode:i915.gem
7f923f546000-7f923f586000 rw-s 12f6a4000 00:11 2111                      anon_inode:i915.gem
7f923f586000-7f923f596000 rw-s 129d24000 00:11 2111                      anon_inode:i915.gem
7f923f596000-7f923f5a6000 rw-s 12a6ff000 00:11 2111                      anon_inode:i915.gem
7f923f5a6000-7f923f5e6000 rw-s 12f644000 00:11 2111                      anon_inode:i915.gem
7f923f5e6000-7f923f626000 rw-s 12f604000 00:11 2111                      anon_inode:i915.gem
7f923f626000-7f923f666000 rw-s 12f5c4000 00:11 2111                      anon_inode:i915.gem
7f923f666000-7f923f6a6000 rw-s 12f584000 00:11 2111                      anon_inode:i915.gem
7f923f6a6000-7f923f6e6000 rw-s 12f544000 00:11 2111                      anon_inode:i915.gem
7f923f6e6000-7f923f726000 rw-s 12f504000 00:11 2111                      anon_inode:i915.gem
7f923f726000-7f923f926000 rw-s 12f304000 00:11 2111                      anon_inode:i915.gem
7f923f926000-7f923f966000 rw-s 12f2c4000 00:11 2111                      anon_inode:i915.gem
7f923f966000-7f923f9a6000 rw-s 12f284000 00:11 2111                      anon_inode:i915.gem
7f923f9a6000-7f923f9e6000 rw-s 12f244000 00:11 2111                      anon_inode:i915.gem
7f923f9e6000-7f923f9ee000 rw-s 10f6da000 00:11 2111                      anon_inode:i915.gem
7f923f9ee000-7f923f9f6000 rw-s 106d92000 00:11 2111                      anon_inode:i915.gem
7f923f9f6000-7f923f9fe000 rw-s 106d8a000 00:11 2111                      anon_inode:i915.gem
7f923f9fe000-7f923fa06000 rw-s 106d82000 00:11 2111                      anon_inode:i915.gem
7f923fa06000-7f923fa46000 rw-s 12f1e4000 00:11 2111                      anon_inode:i915.gem
7f923fa46000-7f923fa86000 rw-s 12f1a4000 00:11 2111                      anon_inode:i915.gem
7f923fa86000-7f923fac6000 rw-s 12f164000 00:11 2111                      anon_inode:i915.gem
7f923fac6000-7f923fb06000 rw-s 12f124000 00:11 2111                      anon_inode:i915.gem
7f923fb06000-7f923fd06000 rw-s 12ef24000 00:11 2111                      anon_inode:i915.gem
7f923fd06000-7f923ff06000 rw-s 12ed24000 00:11 2111                      anon_inode:i915.gem
7f923ff06000-7f9240106000 rw-s 12eb24000 00:11 2111                      anon_inode:i915.gem
7f9240106000-7f9240306000 rw-s 12e924000 00:11 2111                      anon_inode:i915.gem
7f9240306000-7f9240506000 rw-s 12e724000 00:11 2111                      anon_inode:i915.gem
7f9240506000-7f9240706000 rw-s 12e524000 00:11 2111                      anon_inode:i915.gem
7f9240706000-7f9240906000 rw-s 12e324000 00:11 2111                      anon_inode:i915.gem
7f9240906000-7f9240b06000 rw-s 12e124000 00:11 2111                      anon_inode:i915.gem
7f9240b06000-7f9240d06000 rw-s 12df24000 00:11 2111                      anon_inode:i915.gem
7f9240d06000-7f9241106000 rw-s 12db24000 00:11 2111                      anon_inode:i915.gem
7f9241106000-7f924110a000 rw-s 12db20000 00:11 2111                      anon_inode:i915.gem
7f924110a000-7f924130a000 rw-s 12d920000 00:11 2111                      anon_inode:i915.gem
7f924130a000-7f924134a000 rw-s 12d8e0000 00:11 2111                      anon_inode:i915.gem
7f924134a000-7f924138a000 rw-s 12d8a0000 00:11 2111                      anon_inode:i915.gem
7f924138a000-7f924158a000 rw-s 12d6a0000 00:11 2111                      anon_inode:i915.gem
7f924158a000-7f924178a000 rw-s 12d4a0000 00:11 2111                      anon_inode:i915.gem
7f924178a000-7f924178e000 rw-s 12d49c000 00:11 2111                      anon_inode:i915.gem
7f924178e000-7f9241796000 rw-s 12d494000 00:11 2111                      anon_inode:i915.gem
7f9241796000-7f924179a000 rw-s 12d490000 00:11 2111                      anon_inode:i915.gem
7f924179a000-7f924179e000 rw-s 12d48c000 00:11 2111                      anon_inode:i915.gem
7f924179e000-7f92417a6000 rw-s 12d484000 00:11 2111                      anon_inode:i915.gem
7f92417a6000-7f92417ae000 rw-s 12d47c000 00:11 2111                      anon_inode:i915.gem
7f92417ae000-7f92417b2000 rw-s 12d478000 00:11 2111                      anon_inode:i915.gem
7f92417b2000-7f92417ba000 rw-s 12d470000 00:11 2111                      anon_inode:i915.gem
7f92417ba000-7f92417c2000 rw-s 12d468000 00:11 2111                      anon_inode:i915.gem
7f92417c2000-7f92417ca000 rw-s 12d460000 00:11 2111                      anon_inode:i915.gem
7f92417ca000-7f92417d2000 rw-s 12d458000 00:11 2111                      anon_inode:i915.gem
7f92417d2000-7f92417d6000 rw-s 12d454000 00:11 2111                      anon_inode:i915.gem
7f92417d6000-7f92417da000 rw-s 12d450000 00:11 2111                      anon_inode:i915.gem
7f92417da000-7f92417de000 rw-s 12d44c000 00:11 2111                      anon_inode:i915.gem
7f92417de000-7f92417e2000 rw-s 12d448000 00:11 2111                      anon_inode:i915.gem
7f92417e2000-7f92417ea000 rw-s 12d440000 00:11 2111                      anon_inode:i915.gem
7f92417ea000-7f92417f2000 rw-s 12d438000 00:11 2111                      anon_inode:i915.gem
7f92417f2000-7f92417f6000 rw-s 12d434000 00:11 2111                      anon_inode:i915.gem
7f92417f6000-7f92417fa000 rw-s 12d430000 00:11 2111                      anon_inode:i915.gem
7f92417fa000-7f9241802000 rw-s 12d428000 00:11 2111                      anon_inode:i915.gem
7f9241802000-7f924180a000 rw-s 12d420000 00:11 2111                      anon_inode:i915.gem
7f924180a000-7f924180e000 rw-s 12d41c000 00:11 2111                      anon_inode:i915.gem
7f924180e000-7f9241812000 rw-s 12d418000 00:11 2111                      anon_inode:i915.gem
7f9241812000-7f9241816000 rw-s 12d414000 00:11 2111                      anon_inode:i915.gem
7f9241816000-7f924181a000 rw-s 12d410000 00:11 2111                      anon_inode:i915.gem
7f924181a000-7f924181e000 rw-s 12d40c000 00:11 2111                      anon_inode:i915.gem
7f924181e000-7f9241822000 rw-s 12d408000 00:11 2111                      anon_inode:i915.gem
7f9241822000-7f9241826000 rw-s 12d404000 00:11 2111                      anon_inode:i915.gem
7f9241826000-7f924182a000 rw-s 12d400000 00:11 2111                      anon_inode:i915.gem
7f924182a000-7f924182e000 rw-s 12d3fc000 00:11 2111                      anon_inode:i915.gem
7f924182e000-7f9241836000 rw-s 12d3f4000 00:11 2111                      anon_inode:i915.gem
7f9241836000-7f924183e000 rw-s 12d3ec000 00:11 2111                      anon_inode:i915.gem
7f924183e000-7f9241842000 rw-s 12d3e8000 00:11 2111                      anon_inode:i915.gem
7f9241842000-7f9241846000 rw-s 12d3e4000 00:11 2111                      anon_inode:i915.gem
7f9241846000-7f924184a000 rw-s 12d3e0000 00:11 2111                      anon_inode:i915.gem
7f924184a000-7f924184e000 rw-s 12d3dc000 00:11 2111                      anon_inode:i915.gem
7f924184e000-7f9241852000 rw-s 12d3d8000 00:11 2111                      anon_inode:i915.gem
7f9241852000-7f9241856000 rw-s 12d3d4000 00:11 2111                      anon_inode:i915.gem
7f9241856000-7f924185e000 rw-s 12d3cc000 00:11 2111                      anon_inode:i915.gem
7f924185e000-7f9241862000 rw-s 12d3c8000 00:11 2111                      anon_inode:i915.gem
7f9241862000-7f924186a000 rw-s 12d3c0000 00:11 2111                      anon_inode:i915.gem
7f924186a000-7f9241872000 rw-s 12d3b8000 00:11 2111                      anon_inode:i915.gem
7f9241872000-7f924187a000 rw-s 12d3b0000 00:11 2111                      anon_inode:i915.gem
7f924187a000-7f924187e000 rw-s 12d3ac000 00:11 2111                      anon_inode:i915.gem
7f924187e000-7f9241886000 rw-s 12d3a4000 00:11 2111                      anon_inode:i915.gem
7f9241886000-7f924188e000 rw-s 12d39c000 00:11 2111                      anon_inode:i915.gem
7f924188e000-7f9241896000 rw-s 12d394000 00:11 2111                      anon_inode:i915.gem
7f9241896000-7f924189e000 rw-s 12d38c000 00:11 2111                      anon_inode:i915.gem
7f924189e000-7f92418a6000 rw-s 12d384000 00:11 2111                      anon_inode:i915.gem
7f92418a6000-7f92418ae000 rw-s 12d37c000 00:11 2111                      anon_inode:i915.gem
7f92418ae000-7f92418b6000 rw-s 12d374000 00:11 2111                      anon_inode:i915.gem
7f92418b6000-7f92418be000 rw-s 12d36c000 00:11 2111                      anon_inode:i915.gem
7f92418be000-7f92418c6000 rw-s 12d364000 00:11 2111                      anon_inode:i915.gem
7f92418c6000-7f92418ca000 rw-s 12d360000 00:11 2111                      anon_inode:i915.gem
7f92418ca000-7f92418ce000 rw-s 12d35c000 00:11 2111                      anon_inode:i915.gem
7f92418ce000-7f92418d6000 rw-s 12d354000 00:11 2111                      anon_inode:i915.gem
7f92418d6000-7f92418de000 rw-s 12d34c000 00:11 2111                      anon_inode:i915.gem
7f92418de000-7f92418e6000 rw-s 12d344000 00:11 2111                      anon_inode:i915.gem
7f92418e6000-7f92418ee000 rw-s 12d33c000 00:11 2111                      anon_inode:i915.gem
7f92418ee000-7f92418f6000 rw-s 12d334000 00:11 2111                      anon_inode:i915.gem
7f92418f6000-7f92418fe000 rw-s 12d32c000 00:11 2111                      anon_inode:i915.gem
7f92418fe000-7f9241902000 rw-s 12d328000 00:11 2111                      anon_inode:i915.gem
7f9241902000-7f9241906000 rw-s 12d324000 00:11 2111                      anon_inode:i915.gem
7f9241906000-7f924190a000 rw-s 12d320000 00:11 2111                      anon_inode:i915.gem
7f924190a000-7f924190e000 rw-s 12d31c000 00:11 2111                      anon_inode:i915.gem
7f924190e000-7f9241b0e000 rw-s 12d11c000 00:11 2111                      anon_inode:i915.gem
7f9241b0e000-7f9241d0e000 rw-s 12cf1c000 00:11 2111                      anon_inode:i915.gem
7f9241d0e000-7f9241d16000 rw-s 12cf14000 00:11 2111                      anon_inode:i915.gem
7f9241d16000-7f9241d1e000 rw-s 12cf0c000 00:11 2111                      anon_inode:i915.gem
7f9241d1e000-7f9241d26000 rw-s 12cf04000 00:11 2111                      anon_inode:i915.gem
7f9241d26000-7f9241d2e000 rw-s 12cefc000 00:11 2111                      anon_inode:i915.gem
7f9241d2e000-7f9241d36000 rw-s 12cef4000 00:11 2111                      anon_inode:i915.gem
7f9241d36000-7f9241d3e000 rw-s 12ceec000 00:11 2111                      anon_inode:i915.gem
7f9241d3e000-7f9241d46000 rw-s 12cee4000 00:11 2111                      anon_inode:i915.gem
7f9241d46000-7f9241d4e000 rw-s 12cedc000 00:11 2111                      anon_inode:i915.gem
7f9241d4e000-7f9241d52000 rw-s 12ced8000 00:11 2111                      anon_inode:i915.gem
7f9241d52000-7f9241d56000 rw-s 12ced4000 00:11 2111                      anon_inode:i915.gem
7f9241d56000-7f9241d5a000 rw-s 12ced0000 00:11 2111                      anon_inode:i915.gem
7f9241d5a000-7f9241d62000 rw-s 12cec8000 00:11 2111                      anon_inode:i915.gem
7f9241d62000-7f9241d66000 rw-s 12cec4000 00:11 2111                      anon_inode:i915.gem
7f9241d66000-7f9241d6e000 rw-s 12cebc000 00:11 2111                      anon_inode:i915.gem
7f9241d6e000-7f9241d72000 rw-s 12ceb8000 00:11 2111                      anon_inode:i915.gem
7f9241d72000-7f9241d7a000 rw-s 12ceb0000 00:11 2111                      anon_inode:i915.gem
7f9241d7a000-7f9241d82000 rw-s 12cea8000 00:11 2111                      anon_inode:i915.gem
7f9241d82000-7f9241d86000 rw-s 12cea4000 00:11 2111                      anon_inode:i915.gem
7f9241d86000-7f9241d8a000 rw-s 12cea0000 00:11 2111                      anon_inode:i915.gem
7f9241d8a000-7f9241d92000 rw-s 12ce98000 00:11 2111                      anon_inode:i915.gem
7f9241d92000-7f9241d9a000 rw-s 12ce90000 00:11 2111                      anon_inode:i915.gem
7f9241d9a000-7f9241da2000 rw-s 12ce88000 00:11 2111                      anon_inode:i915.gem
7f9241da2000-7f9241daa000 rw-s 12ce80000 00:11 2111                      anon_inode:i915.gem
7f9241daa000-7f9241db2000 rw-s 12ce78000 00:11 2111                      anon_inode:i915.gem
7f9241db2000-7f9241dba000 rw-s 12ce70000 00:11 2111                      anon_inode:i915.gem
7f9241dba000-7f9241dc2000 rw-s 12ce68000 00:11 2111                      anon_inode:i915.gem
7f9241dc2000-7f9241dca000 rw-s 12ce60000 00:11 2111                      anon_inode:i915.gem
7f9241dca000-7f9241dd2000 rw-s 12ce58000 00:11 2111                      anon_inode:i915.gem
7f9241dd2000-7f9241dda000 rw-s 12ce50000 00:11 2111                      anon_inode:i915.gem
7f9241dda000-7f9241de2000 rw-s 12ce48000 00:11 2111                      anon_inode:i915.gem
7f9241de2000-7f9241dea000 rw-s 12ce40000 00:11 2111                      anon_inode:i915.gem
7f9241dea000-7f9241df2000 rw-s 12ce38000 00:11 2111                      anon_inode:i915.gem
7f9241df2000-7f9241dfa000 rw-s 12ce30000 00:11 2111                      anon_inode:i915.gem
7f9241dfa000-7f9241e02000 rw-s 12ce28000 00:11 2111                      anon_inode:i915.gem
7f9241e02000-7f9241e0a000 rw-s 12ce20000 00:11 2111                      anon_inode:i915.gem
7f9241e0a000-7f9241e12000 rw-s 12ce18000 00:11 2111                      anon_inode:i915.gem
7f9241e12000-7f9241e1a000 rw-s 12ce10000 00:11 2111                      anon_inode:i915.gem
7f9241e1a000-7f9241e22000 rw-s 12ce08000 00:11 2111                      anon_inode:i915.gem
7f9241e22000-7f9241e26000 rw-s 12ce04000 00:11 2111                      anon_inode:i915.gem
7f9241e26000-7f9241e2a000 rw-s 12ce00000 00:11 2111                      anon_inode:i915.gem
7f9241e2a000-7f9241e2e000 rw-s 12cdfc000 00:11 2111                      anon_inode:i915.gem
7f9241e2e000-7f9241e32000 rw-s 12cdf8000 00:11 2111                      anon_inode:i915.gem
7f9241e32000-7f9241e34000 rw-s 12cdf6000 00:11 2111                      anon_inode:i915.gem
7f9241e34000-7f9241e36000 rw-s 12cdf4000 00:11 2111                      anon_inode:i915.gem
7f9241e36000-7f9241e3a000 rw-s 12cdf0000 00:11 2111                      anon_inode:i915.gem
7f9241e3a000-7f9241e3c000 rw-s 12cdee000 00:11 2111                      anon_inode:i915.gem
7f9241e3c000-7f9241e3e000 rw-s 12cdec000 00:11 2111                      anon_inode:i915.gem
7f9241e3e000-7f9241e42000 rw-s 12cde8000 00:11 2111                      anon_inode:i915.gem
7f9241e42000-7f9241e46000 rw-s 12cde4000 00:11 2111                      anon_inode:i915.gem
7f9241e46000-7f9241e4a000 rw-s 12cde0000 00:11 2111                      anon_inode:i915.gem
7f9241e4a000-7f9241e4c000 rw-s 12cdde000 00:11 2111                      anon_inode:i915.gem
7f9241e4c000-7f9241e4e000 rw-s 12cddc000 00:11 2111                      anon_inode:i915.gem
7f9241e4e000-7f9241e50000 rw-s 12cdda000 00:11 2111                      anon_inode:i915.gem
7f9241e50000-7f9241e54000 rw-s 12cdd6000 00:11 2111                      anon_inode:i915.gem
7f9241e54000-7f9241e56000 rw-s 12cdd4000 00:11 2111                      anon_inode:i915.gem
7f9241e56000-7f9241e58000 rw-s 12cdd2000 00:11 2111                      anon_inode:i915.gem
7f9241e58000-7f9241e5a000 rw-s 12cdd0000 00:11 2111                      anon_inode:i915.gem
7f9241e5a000-7f9241e5c000 rw-s 12cdce000 00:11 2111                      anon_inode:i915.gem
7f9241e5c000-7f9241e5e000 rw-s 12cdcc000 00:11 2111                      anon_inode:i915.gem
7f9241e5e000-7f9241e60000 rw-s 12cdca000 00:11 2111                      anon_inode:i915.gem
7f9241e60000-7f9241e62000 rw-s 12cdc8000 00:11 2111                      anon_inode:i915.gem
7f9241e62000-7f9241e64000 rw-s 12cdc6000 00:11 2111                      anon_inode:i915.gem
7f9241e64000-7f9241e66000 rw-s 12cdc4000 00:11 2111                      anon_inode:i915.gem
7f9241e66000-7f9241e68000 rw-s 12cdc2000 00:11 2111                      anon_inode:i915.gem
7f9241e68000-7f9241e6c000 rw-s 12cdbe000 00:11 2111                      anon_inode:i915.gem
7f9241e6c000-7f9241e74000 rw-s 12cdb6000 00:11 2111                      anon_inode:i915.gem
7f9241e74000-7f9241e78000 rw-s 12cdb2000 00:11 2111                      anon_inode:i915.gem
7f9241e78000-7f9241e7c000 rw-s 12cdae000 00:11 2111                      anon_inode:i915.gem
7f9241e7c000-7f9241e80000 rw-s 12cdaa000 00:11 2111                      anon_inode:i915.gem
7f9241e80000-7f9241e84000 rw-s 12cda6000 00:11 2111                      anon_inode:i915.gem
7f9241e84000-7f9241e8c000 rw-s 12cd9e000 00:11 2111                      anon_inode:i915.gem
7f9241e8c000-7f9241e90000 rw-s 12cd9a000 00:11 2111                      anon_inode:i915.gem
7f9241e90000-7f9241e94000 rw-s 12cd96000 00:11 2111                      anon_inode:i915.gem
7f9241e94000-7f9241e9c000 rw-s 12cd8e000 00:11 2111                      anon_inode:i915.gem
7f9241e9c000-7f9241ea4000 rw-s 12cd86000 00:11 2111                      anon_inode:i915.gem
7f9241ea4000-7f9241eac000 rw-s 12cd7e000 00:11 2111                      anon_inode:i915.gem
7f9241eac000-7f9241eb4000 rw-s 12cd76000 00:11 2111                      anon_inode:i915.gem
7f9241eb4000-7f9241ebc000 rw-s 12cd6e000 00:11 2111                      anon_inode:i915.gem
7f9241ebc000-7f9241ec4000 rw-s 12cd66000 00:11 2111                      anon_inode:i915.gem
7f9241ec4000-7f9241ecc000 rw-s 12cd5e000 00:11 2111                      anon_inode:i915.gem
7f9241ecc000-7f9241ed4000 rw-s 12cd56000 00:11 2111                      anon_inode:i915.gem
7f9241ed4000-7f9241edc000 rw-s 12cd4e000 00:11 2111                      anon_inode:i915.gem
7f9241edc000-7f9241ee4000 rw-s 12cd46000 00:11 2111                      anon_inode:i915.gem
7f9241ee4000-7f9241eec000 rw-s 12cd3e000 00:11 2111                      anon_inode:i915.gem
7f9241eec000-7f9241ef4000 rw-s 12cd36000 00:11 2111                      anon_inode:i915.gem
7f9241ef4000-7f9241efc000 rw-s 12cd2e000 00:11 2111                      anon_inode:i915.gem
7f9241efc000-7f9241f04000 rw-s 12cd26000 00:11 2111                      anon_inode:i915.gem
7f9241f04000-7f9241f0c000 rw-s 12cd1e000 00:11 2111                      anon_inode:i915.gem
7f9241f0c000-7f9241f14000 rw-s 12cd16000 00:11 2111                      anon_inode:i915.gem
7f9241f14000-7f9241f1c000 rw-s 12cd0e000 00:11 2111                      anon_inode:i915.gem
7f9241f1c000-7f9241f24000 rw-s 12cd06000 00:11 2111                      anon_inode:i915.gem
7f9241f24000-7f9241f2c000 rw-s 12ccfe000 00:11 2111                      anon_inode:i915.gem
7f9241f2c000-7f9241f34000 rw-s 12ccf6000 00:11 2111                      anon_inode:i915.gem
7f9241f34000-7f9241f3c000 rw-s 12ccee000 00:11 2111                      anon_inode:i915.gem
7f9241f3c000-7f9241f44000 rw-s 12cce6000 00:11 2111                      anon_inode:i915.gem
7f9241f44000-7f9241f4c000 rw-s 12ccde000 00:11 2111                      anon_inode:i915.gem
7f9241f4c000-7f9241f54000 rw-s 12ccd6000 00:11 2111                      anon_inode:i915.gem
7f9241f54000-7f9241f5c000 rw-s 12ccce000 00:11 2111                      anon_inode:i915.gem
7f9241f5c000-7f9241f60000 rw-s 12ccca000 00:11 2111                      anon_inode:i915.gem
7f9241f60000-7f9241f68000 rw-s 12ccc2000 00:11 2111                      anon_inode:i915.gem
7f9241f68000-7f9241f6c000 rw-s 12ccbe000 00:11 2111                      anon_inode:i915.gem
7f9241f6c000-7f9241f74000 rw-s 12ccb6000 00:11 2111                      anon_inode:i915.gem
7f9241f74000-7f9241f78000 rw-s 12ccb2000 00:11 2111                      anon_inode:i915.gem
7f9241f78000-7f9241f80000 rw-s 12ccaa000 00:11 2111                      anon_inode:i915.gem
7f9241f80000-7f9241f84000 rw-s 12cca6000 00:11 2111                      anon_inode:i915.gem
7f9241f84000-7f9241f8c000 rw-s 12cc9e000 00:11 2111                      anon_inode:i915.gem
7f9241f8c000-7f9241f8e000 rw-s 12cc9c000 00:11 2111                      anon_inode:i915.gem
7f9241f8e000-7f9241f96000 rw-s 12cc94000 00:11 2111                      anon_inode:i915.gem
7f9241f96000-7f9241f9e000 rw-s 12cc8c000 00:11 2111                      anon_inode:i915.gem
7f9241f9e000-7f9241fa6000 rw-s 12cc84000 00:11 2111                      anon_inode:i915.gem
7f9241fa6000-7f9241fae000 rw-s 12cc7c000 00:11 2111                      anon_inode:i915.gem
7f9241fae000-7f9241fb6000 rw-s 12cc74000 00:11 2111                      anon_inode:i915.gem
7f9241fb6000-7f9241fbe000 rw-s 12cc6c000 00:11 2111                      anon_inode:i915.gem
7f9241fbe000-7f9241fc2000 rw-s 12cc68000 00:11 2111                      anon_inode:i915.gem
7f9241fc2000-7f9241fc6000 rw-s 12cc64000 00:11 2111                      anon_inode:i915.gem
7f9241fc6000-7f9241fce000 rw-s 12cc5c000 00:11 2111                      anon_inode:i915.gem
7f9241fce000-7f9241fd6000 rw-s 12cc54000 00:11 2111                      anon_inode:i915.gem
7f9241fd6000-7f9241fda000 rw-s 12cc50000 00:11 2111                      anon_inode:i915.gem
7f9241fda000-7f9241fde000 rw-s 12cc4c000 00:11 2111                      anon_inode:i915.gem
7f9241fde000-7f9241fe2000 rw-s 12cc48000 00:11 2111                      anon_inode:i915.gem
7f9241fe2000-7f9241fe6000 rw-s 12cc44000 00:11 2111                      anon_inode:i915.gem
7f9241fe6000-7f9241fea000 rw-s 12cc40000 00:11 2111                      anon_inode:i915.gem
7f9241fea000-7f9241ff2000 rw-s 12cc38000 00:11 2111                      anon_inode:i915.gem
7f9241ff2000-7f9241ffa000 rw-s 12cc30000 00:11 2111                      anon_inode:i915.gem
7f9241ffa000-7f9241ffe000 rw-s 12cc2c000 00:11 2111                      anon_inode:i915.gem
7f9241ffe000-7f924203e000 rw-s 12cbec000 00:11 2111                      anon_inode:i915.gem
7f924203e000-7f9242046000 rw-s 12cbe4000 00:11 2111                      anon_inode:i915.gem
7f9242046000-7f924204a000 rw-s 12cbe0000 00:11 2111                      anon_inode:i915.gem
7f924204a000-7f9242052000 rw-s 12cbd8000 00:11 2111                      anon_inode:i915.gem
7f9242052000-7f9242056000 rw-s 12cbd4000 00:11 2111                      anon_inode:i915.gem
7f9242056000-7f924205a000 rw-s 12cbd0000 00:11 2111                      anon_inode:i915.gem
7f924205a000-7f924205e000 rw-s 12cbcc000 00:11 2111                      anon_inode:i915.gem
7f924205e000-7f9242066000 rw-s 12cbc4000 00:11 2111                      anon_inode:i915.gem
7f9242066000-7f924206e000 rw-s 12cbbc000 00:11 2111                      anon_inode:i915.gem
7f924206e000-7f9242076000 rw-s 12cbb4000 00:11 2111                      anon_inode:i915.gem
7f9242076000-7f924207a000 rw-s 12cbb0000 00:11 2111                      anon_inode:i915.gem
7f924207a000-7f9242082000 rw-s 12cba8000 00:11 2111                      anon_inode:i915.gem
7f9242082000-7f9242086000 rw-s 12cba4000 00:11 2111                      anon_inode:i915.gem
7f9242086000-7f92420c6000 rw-s 12cb64000 00:11 2111                      anon_inode:i915.gem
7f92420c6000-7f9242106000 rw-s 12cb24000 00:11 2111                      anon_inode:i915.gem
7f9242106000-7f9242506000 rw-s 12c724000 00:11 2111                      anon_inode:i915.gem
7f9242506000-7f9242706000 rw-s 12c524000 00:11 2111                      anon_inode:i915.gem
7f9242706000-7f9242b06000 rw-s 12c124000 00:11 2111                      anon_inode:i915.gem
7f9242b06000-7f9242d06000 rw-s 12bf24000 00:11 2111                      anon_inode:i915.gem
7f9242d06000-7f9243106000 rw-s 12bb24000 00:11 2111                      anon_inode:i915.gem
7f9243106000-7f9243306000 rw-s 12b924000 00:11 2111                      anon_inode:i915.gem
7f9243306000-7f924330e000 rw-s 12b91c000 00:11 2111                      anon_inode:i915.gem
7f924330e000-7f9243316000 rw-s 12b914000 00:11 2111                      anon_inode:i915.gem
7f9243316000-7f924331e000 rw-s 12b90c000 00:11 2111                      anon_inode:i915.gem
7f924331e000-7f9243326000 rw-s 12b904000 00:11 2111                      anon_inode:i915.gem
7f9243326000-7f924332e000 rw-s 12b8fc000 00:11 2111                      anon_inode:i915.gem
7f924332e000-7f9243336000 rw-s 12b8f4000 00:11 2111                      anon_inode:i915.gem
7f9243336000-7f924333e000 rw-s 12b8ec000 00:11 2111                      anon_inode:i915.gem
7f924333e000-7f9243346000 rw-s 12b8e4000 00:11 2111                      anon_inode:i915.gem
7f9243346000-7f924334e000 rw-s 12b8dc000 00:11 2111                      anon_inode:i915.gem
7f924334e000-7f9243356000 rw-s 12b8d4000 00:11 2111                      anon_inode:i915.gem
7f9243356000-7f924335e000 rw-s 12b8cc000 00:11 2111                      anon_inode:i915.gem
7f924335e000-7f9243366000 rw-s 12b8c4000 00:11 2111                      anon_inode:i915.gem
7f9243366000-7f924336e000 rw-s 12b8bc000 00:11 2111                      anon_inode:i915.gem
7f924336e000-7f9243376000 rw-s 12b8b4000 00:11 2111                      anon_inode:i915.gem
7f9243376000-7f924337e000 rw-s 12b8ac000 00:11 2111                      anon_inode:i915.gem
7f924337e000-7f9243386000 rw-s 12b8a4000 00:11 2111                      anon_inode:i915.gem
7f9243386000-7f924338e000 rw-s 12b89c000 00:11 2111                      anon_inode:i915.gem
7f924338e000-7f9243396000 rw-s 12b894000 00:11 2111                      anon_inode:i915.gem
7f9243396000-7f924339e000 rw-s 12b88c000 00:11 2111                      anon_inode:i915.gem
7f924339e000-7f92433a6000 rw-s 12b884000 00:11 2111                      anon_inode:i915.gem
7f92433a6000-7f92433ae000 rw-s 12b87c000 00:11 2111                      anon_inode:i915.gem
7f92433ae000-7f92433b6000 rw-s 12b874000 00:11 2111                      anon_inode:i915.gem
7f92433b6000-7f92433be000 rw-s 12b86c000 00:11 2111                      anon_inode:i915.gem
7f92433be000-7f92433c6000 rw-s 12b864000 00:11 2111                      anon_inode:i915.gem
7f92433c6000-7f92433ce000 rw-s 12b85c000 00:11 2111                      anon_inode:i915.gem
7f92433ce000-7f92433d6000 rw-s 12b854000 00:11 2111                      anon_inode:i915.gem
7f92433d6000-7f92433de000 rw-s 12b84c000 00:11 2111                      anon_inode:i915.gem
7f92433de000-7f92433e6000 rw-s 12b844000 00:11 2111                      anon_inode:i915.gem
7f92433e6000-7f92433ee000 rw-s 12b83c000 00:11 2111                      anon_inode:i915.gem
7f92433ee000-7f92433f6000 rw-s 12b834000 00:11 2111                      anon_inode:i915.gem
7f92433f6000-7f92433fe000 rw-s 12b82c000 00:11 2111                      anon_inode:i915.gem
7f92433fe000-7f9243406000 rw-s 12b824000 00:11 2111                      anon_inode:i915.gem
7f9243406000-7f924340e000 rw-s 12b81c000 00:11 2111                      anon_inode:i915.gem
7f924340e000-7f9243416000 rw-s 12b814000 00:11 2111                      anon_inode:i915.gem
7f9243416000-7f924341e000 rw-s 12b80c000 00:11 2111                      anon_inode:i915.gem
7f924341e000-7f9243426000 rw-s 12b804000 00:11 2111                      anon_inode:i915.gem
7f9243426000-7f924342e000 rw-s 12b7fc000 00:11 2111                      anon_inode:i915.gem
7f924342e000-7f9243436000 rw-s 12b7f4000 00:11 2111                      anon_inode:i915.gem
7f9243436000-7f924343e000 rw-s 1294ca000 00:11 2111                      anon_inode:i915.gem
7f924343e000-7f9243446000 rw-s 1294c2000 00:11 2111                      anon_inode:i915.gem
7f9243446000-7f924344e000 rw-s 1294ba000 00:11 2111                      anon_inode:i915.gem
7f924344e000-7f9243456000 rw-s 1294b2000 00:11 2111                      anon_inode:i915.gem
7f9243456000-7f924345e000 rw-s 1294aa000 00:11 2111                      anon_inode:i915.gem
7f924345e000-7f9243466000 rw-s 1294a2000 00:11 2111                      anon_inode:i915.gem
7f9243466000-7f924346e000 rw-s 12949a000 00:11 2111                      anon_inode:i915.gem
7f924346e000-7f9243476000 rw-s 129492000 00:11 2111                      anon_inode:i915.gem
7f9243476000-7f924347e000 rw-s 12948a000 00:11 2111                      anon_inode:i915.gem
7f924347e000-7f9243486000 rw-s 129482000 00:11 2111                      anon_inode:i915.gem
7f9243486000-7f924348e000 rw-s 12947a000 00:11 2111                      anon_inode:i915.gem
7f924348e000-7f9243496000 rw-s 129472000 00:11 2111                      anon_inode:i915.gem
7f9243496000-7f924349e000 rw-s 12946a000 00:11 2111                      anon_inode:i915.gem
7f924349e000-7f92434a6000 rw-s 129462000 00:11 2111                      anon_inode:i915.gem
7f92434a6000-7f92434ae000 rw-s 12945a000 00:11 2111                      anon_inode:i915.gem
7f92434ae000-7f92434b2000 rw-s 129456000 00:11 2111                      anon_inode:i915.gem
7f92434b2000-7f92434b6000 rw-s 129452000 00:11 2111                      anon_inode:i915.gem
7f92434b6000-7f92434ba000 rw-s 12944e000 00:11 2111                      anon_inode:i915.gem
7f92434ba000-7f92434c2000 rw-s 129446000 00:11 2111                      anon_inode:i915.gem
7f92434c2000-7f92434ca000 rw-s 12943e000 00:11 2111                      anon_inode:i915.gem
7f92434ca000-7f92434cc000 rw-s 12943c000 00:11 2111                      anon_inode:i915.gem
7f92434cc000-7f92434d0000 rw-s 129438000 00:11 2111                      anon_inode:i915.gem
7f92434d0000-7f92434d4000 rw-s 129434000 00:11 2111                      anon_inode:i915.gem
7f92434d4000-7f92434d6000 rw-s 129432000 00:11 2111                      anon_inode:i915.gem
7f92434d6000-7f92434da000 rw-s 12942e000 00:11 2111                      anon_inode:i915.gem
7f92434da000-7f92434de000 rw-s 12942a000 00:11 2111                      anon_inode:i915.gem
7f92434de000-7f92434e2000 rw-s 129426000 00:11 2111                      anon_inode:i915.gem
7f92434e2000-7f92434e6000 rw-s 129422000 00:11 2111                      anon_inode:i915.gem
7f92434e6000-7f92434e8000 rw-s 129420000 00:11 2111                      anon_inode:i915.gem
7f92434e8000-7f92434ea000 rw-s 12941e000 00:11 2111                      anon_inode:i915.gem
7f92434ea000-7f92434ee000 rw-s 12941a000 00:11 2111                      anon_inode:i915.gem
7f92434ee000-7f92434f2000 rw-s 129416000 00:11 2111                      anon_inode:i915.gem
7f92434f2000-7f92434fa000 rw-s 12940e000 00:11 2111                      anon_inode:i915.gem
7f92434fa000-7f92434fe000 rw-s 12940a000 00:11 2111                      anon_inode:i915.gem
7f92434fe000-7f9243502000 rw-s 129406000 00:11 2111                      anon_inode:i915.gem
7f9243502000-7f9243506000 rw-s 129402000 00:11 2111                      anon_inode:i915.gem
7f9243506000-7f924350a000 rw-s 1293fe000 00:11 2111                      anon_inode:i915.gem
7f924350a000-7f924350e000 rw-s 1293fa000 00:11 2111                      anon_inode:i915.gem
7f924350e000-7f9243512000 rw-s 1293f6000 00:11 2111                      anon_inode:i915.gem
7f9243512000-7f9243516000 rw-s 1293f2000 00:11 2111                      anon_inode:i915.gem
7f9243516000-7f924351a000 rw-s 1293ee000 00:11 2111                      anon_inode:i915.gem
7f924351a000-7f924351e000 rw-s 1293ea000 00:11 2111                      anon_inode:i915.gem
7f924351e000-7f9243522000 rw-s 1293e6000 00:11 2111                      anon_inode:i915.gem
7f9243522000-7f9243526000 rw-s 1293e2000 00:11 2111                      anon_inode:i915.gem
7f9243526000-7f924352a000 rw-s 1293de000 00:11 2111                      anon_inode:i915.gem
7f924352a000-7f924352e000 rw-s 1293da000 00:11 2111                      anon_inode:i915.gem
7f924352e000-7f9243532000 rw-s 1293d6000 00:11 2111                      anon_inode:i915.gem
7f9243532000-7f9243536000 rw-s 1293d2000 00:11 2111                      anon_inode:i915.gem
7f9243536000-7f9243538000 rw-s 1293d0000 00:11 2111                      anon_inode:i915.gem
7f9243538000-7f924353c000 rw-s 1293cc000 00:11 2111                      anon_inode:i915.gem
7f924353c000-7f9243540000 rw-s 1293c8000 00:11 2111                      anon_inode:i915.gem
7f9243540000-7f9243542000 rw-s 1293c6000 00:11 2111                      anon_inode:i915.gem
7f9243542000-7f9243544000 rw-s 1293c4000 00:11 2111                      anon_inode:i915.gem
7f9243544000-7f9243548000 rw-s 1293c0000 00:11 2111                      anon_inode:i915.gem
7f9243548000-7f924354c000 rw-s 1293bc000 00:11 2111                      anon_inode:i915.gem
7f924354c000-7f9243550000 rw-s 1293b8000 00:11 2111                      anon_inode:i915.gem
7f9243550000-7f9243554000 rw-s 1293b4000 00:11 2111                      anon_inode:i915.gem
7f9243554000-7f9243556000 rw-s 1293b2000 00:11 2111                      anon_inode:i915.gem
7f9243556000-7f924355a000 rw-s 1293ae000 00:11 2111                      anon_inode:i915.gem
7f924355a000-7f924355c000 rw-s 1293ac000 00:11 2111                      anon_inode:i915.gem
7f924355c000-7f924355e000 rw-s 1293aa000 00:11 2111                      anon_inode:i915.gem
7f924355e000-7f9243560000 rw-s 1293a8000 00:11 2111                      anon_inode:i915.gem
7f9243560000-7f9243564000 rw-s 1293a4000 00:11 2111                      anon_inode:i915.gem
7f9243564000-7f9243566000 rw-s 1293a2000 00:11 2111                      anon_inode:i915.gem
7f9243566000-7f924356a000 rw-s 12939e000 00:11 2111                      anon_inode:i915.gem
7f924356a000-7f924356c000 rw-s 12939c000 00:11 2111                      anon_inode:i915.gem
7f924356c000-7f924356e000 rw-s 12939a000 00:11 2111                      anon_inode:i915.gem
7f924356e000-7f9243572000 rw-s 129396000 00:11 2111                      anon_inode:i915.gem
7f9243572000-7f9243576000 rw-s 129392000 00:11 2111                      anon_inode:i915.gem
7f9243576000-7f924357a000 rw-s 12938e000 00:11 2111                      anon_inode:i915.gem
7f924357a000-7f924357c000 rw-s 12938c000 00:11 2111                      anon_inode:i915.gem
7f924357c000-7f9243580000 rw-s 129388000 00:11 2111                      anon_inode:i915.gem
7f9243580000-7f9243584000 rw-s 129384000 00:11 2111                      anon_inode:i915.gem
7f9243584000-7f9243586000 rw-s 129382000 00:11 2111                      anon_inode:i915.gem
7f9243586000-7f924358a000 rw-s 12937e000 00:11 2111                      anon_inode:i915.gem
7f924358a000-7f924358e000 rw-s 12937a000 00:11 2111                      anon_inode:i915.gem
7f924358e000-7f9243596000 rw-s 129372000 00:11 2111                      anon_inode:i915.gem
7f9243596000-7f924359a000 rw-s 12936e000 00:11 2111                      anon_inode:i915.gem
7f924359a000-7f924359c000 rw-s 12936c000 00:11 2111                      anon_inode:i915.gem
7f924359c000-7f92435a0000 rw-s 129368000 00:11 2111                      anon_inode:i915.gem
7f92435a0000-7f92435a2000 rw-s 129366000 00:11 2111                      anon_inode:i915.gem
7f92435a2000-7f92435a6000 rw-s 129362000 00:11 2111                      anon_inode:i915.gem
7f92435a6000-7f92435aa000 rw-s 12935e000 00:11 2111                      anon_inode:i915.gem
7f92435aa000-7f92435ac000 rw-s 12935c000 00:11 2111                      anon_inode:i915.gem
7f92435ac000-7f92435ae000 rw-s 12935a000 00:11 2111                      anon_inode:i915.gem
7f92435ae000-7f92435b0000 rw-s 129358000 00:11 2111                      anon_inode:i915.gem
7f92435b0000-7f92435b4000 rw-s 129354000 00:11 2111                      anon_inode:i915.gem
7f92435b4000-7f92435b8000 rw-s 129350000 00:11 2111                      anon_inode:i915.gem
7f92435b8000-7f92435bc000 rw-s 12934c000 00:11 2111                      anon_inode:i915.gem
7f92435bc000-7f92435c0000 rw-s 129348000 00:11 2111                      anon_inode:i915.gem
7f92435c0000-7f92435c4000 rw-s 129344000 00:11 2111                      anon_inode:i915.gem
7f92435c4000-7f92435c8000 rw-s 129340000 00:11 2111                      anon_inode:i915.gem
7f92435c8000-7f92435cc000 rw-s 12933c000 00:11 2111                      anon_inode:i915.gem
7f92435cc000-7f92435d0000 rw-s 129338000 00:11 2111                      anon_inode:i915.gem
7f92435d0000-7f92435d4000 rw-s 129334000 00:11 2111                      anon_inode:i915.gem
7f92435d4000-7f92435d8000 rw-s 129330000 00:11 2111                      anon_inode:i915.gem
7f92435d8000-7f92435dc000 rw-s 12932c000 00:11 2111                      anon_inode:i915.gem
7f92435dc000-7f92435e0000 rw-s 129328000 00:11 2111                      anon_inode:i915.gem
7f92435e0000-7f92435e4000 rw-s 129324000 00:11 2111                      anon_inode:i915.gem
7f92435e4000-7f92435e8000 rw-s 129320000 00:11 2111                      anon_inode:i915.gem
7f92435e8000-7f92435ec000 rw-s 12931c000 00:11 2111                      anon_inode:i915.gem
7f92435ec000-7f92435f4000 rw-s 129314000 00:11 2111                      anon_inode:i915.gem
7f92435f4000-7f92435fc000 rw-s 12930c000 00:11 2111                      anon_inode:i915.gem
7f92435fc000-7f9243600000 rw-s 129308000 00:11 2111                      anon_inode:i915.gem
7f9243600000-7f9243604000 rw-s 129304000 00:11 2111                      anon_inode:i915.gem
7f9243604000-7f9243608000 rw-s 129300000 00:11 2111                      anon_inode:i915.gem
7f9243608000-7f924360c000 rw-s 1292fc000 00:11 2111                      anon_inode:i915.gem
7f924360c000-7f9243610000 rw-s 1292f8000 00:11 2111                      anon_inode:i915.gem
7f9243610000-7f9243614000 rw-s 1292f4000 00:11 2111                      anon_inode:i915.gem
7f9243614000-7f9243618000 rw-s 1292f0000 00:11 2111                      anon_inode:i915.gem
7f9243618000-7f924361c000 rw-s 1292ec000 00:11 2111                      anon_inode:i915.gem
7f924361c000-7f9243620000 rw-s 1292e8000 00:11 2111                      anon_inode:i915.gem
7f9243620000-7f9243624000 rw-s 1292e4000 00:11 2111                      anon_inode:i915.gem
7f9243624000-7f9243628000 rw-s 1292e0000 00:11 2111                      anon_inode:i915.gem
7f9243628000-7f9243630000 rw-s 1292d8000 00:11 2111                      anon_inode:i915.gem
7f9243630000-7f9243634000 rw-s 1292d4000 00:11 2111                      anon_inode:i915.gem
7f9243634000-7f9243638000 rw-s 1292d0000 00:11 2111                      anon_inode:i915.gem
7f9243638000-7f924363c000 rw-s 1292cc000 00:11 2111                      anon_inode:i915.gem
7f924363c000-7f9243640000 rw-s 1292c8000 00:11 2111                      anon_inode:i915.gem
7f9243640000-7f9243644000 rw-s 1292c4000 00:11 2111                      anon_inode:i915.gem
7f9243644000-7f9243648000 rw-s 1292c0000 00:11 2111                      anon_inode:i915.gem
7f9243648000-7f924364a000 rw-s 1292be000 00:11 2111                      anon_inode:i915.gem
7f924364a000-7f924364c000 rw-s 1292bc000 00:11 2111                      anon_inode:i915.gem
7f924364c000-7f924364e000 rw-s 1292ba000 00:11 2111                      anon_inode:i915.gem
7f924364e000-7f9243652000 rw-s 1292b6000 00:11 2111                      anon_inode:i915.gem
7f9243652000-7f9243654000 rw-s 1292b4000 00:11 2111                      anon_inode:i915.gem
7f9243654000-7f9243656000 rw-s 1292b2000 00:11 2111                      anon_inode:i915.gem
7f9243656000-7f9243658000 rw-s 1292b0000 00:11 2111                      anon_inode:i915.gem
7f9243658000-7f924365a000 rw-s 1292ae000 00:11 2111                      anon_inode:i915.gem
7f924365a000-7f924365c000 rw-s 1292ac000 00:11 2111                      anon_inode:i915.gem
7f924365c000-7f9243660000 rw-s 1292a8000 00:11 2111                      anon_inode:i915.gem
7f9243660000-7f9243662000 rw-s 1292a6000 00:11 2111                      anon_inode:i915.gem
7f9243662000-7f9243664000 rw-s 1292a4000 00:11 2111                      anon_inode:i915.gem
7f9243664000-7f9243666000 rw-s 1292a2000 00:11 2111                      anon_inode:i915.gem
7f9243666000-7f9243668000 rw-s 1292a0000 00:11 2111                      anon_inode:i915.gem
7f9243668000-7f9243670000 rw-s 129298000 00:11 2111                      anon_inode:i915.gem
7f9243670000-7f9243672000 rw-s 129296000 00:11 2111                      anon_inode:i915.gem
7f9243672000-7f9243676000 rw-s 129292000 00:11 2111                      anon_inode:i915.gem
7f9243676000-7f9243678000 rw-s 129290000 00:11 2111                      anon_inode:i915.gem
7f9243678000-7f924367a000 rw-s 12928e000 00:11 2111                      anon_inode:i915.gem
7f924367a000-7f924367e000 rw-s 12928a000 00:11 2111                      anon_inode:i915.gem
7f924367e000-7f9243680000 rw-s 129288000 00:11 2111                      anon_inode:i915.gem
7f9243680000-7f9243684000 rw-s 129284000 00:11 2111                      anon_inode:i915.gem
7f9243684000-7f9243686000 rw-s 129282000 00:11 2111                      anon_inode:i915.gem
7f9243686000-7f9243688000 rw-s 129280000 00:11 2111                      anon_inode:i915.gem
7f9243688000-7f924368c000 rw-s 12927c000 00:11 2111                      anon_inode:i915.gem
7f924368c000-7f924368e000 rw-s 12927a000 00:11 2111                      anon_inode:i915.gem
7f924368e000-7f9243692000 rw-s 129276000 00:11 2111                      anon_inode:i915.gem
7f9243692000-7f9243694000 rw-s 129274000 00:11 2111                      anon_inode:i915.gem
7f9243694000-7f9243698000 rw-s 129270000 00:11 2111                      anon_inode:i915.gem
7f9243698000-7f924369c000 rw-s 12926c000 00:11 2111                      anon_inode:i915.gem
7f924369c000-7f92436a0000 rw-s 129268000 00:11 2111                      anon_inode:i915.gem
7f92436a0000-7f92436a4000 rw-s 129264000 00:11 2111                      anon_inode:i915.gem
7f92436a4000-7f92436a8000 rw-s 129260000 00:11 2111                      anon_inode:i915.gem
7f92436a8000-7f92436aa000 rw-s 12925e000 00:11 2111                      anon_inode:i915.gem
7f92436aa000-7f92436ac000 rw-s 12925c000 00:11 2111                      anon_inode:i915.gem
7f92436ac000-7f92436ae000 rw-s 12925a000 00:11 2111                      anon_inode:i915.gem
7f92436ae000-7f92436b0000 rw-s 129258000 00:11 2111                      anon_inode:i915.gem
7f92436b0000-7f92436b4000 rw-s 129254000 00:11 2111                      anon_inode:i915.gem
7f92436b4000-7f92436b8000 rw-s 129250000 00:11 2111                      anon_inode:i915.gem
7f92436b8000-7f92436ba000 rw-s 12924e000 00:11 2111                      anon_inode:i915.gem
7f92436ba000-7f92436be000 rw-s 12924a000 00:11 2111                      anon_inode:i915.gem
7f92436be000-7f92436c2000 rw-s 129246000 00:11 2111                      anon_inode:i915.gem
7f92436c2000-7f92436c6000 rw-s 129242000 00:11 2111                      anon_inode:i915.gem
7f92436c6000-7f92436ca000 rw-s 12923e000 00:11 2111                      anon_inode:i915.gem
7f92436ca000-7f92436ce000 rw-s 12923a000 00:11 2111                      anon_inode:i915.gem
7f92436ce000-7f92436d2000 rw-s 129236000 00:11 2111                      anon_inode:i915.gem
7f92436d2000-7f92436d6000 rw-s 129232000 00:11 2111                      anon_inode:i915.gem
7f92436d6000-7f92436da000 rw-s 12922e000 00:11 2111                      anon_inode:i915.gem
7f92436da000-7f92436de000 rw-s 12922a000 00:11 2111                      anon_inode:i915.gem
7f92436de000-7f92436e2000 rw-s 129226000 00:11 2111                      anon_inode:i915.gem
7f92436e2000-7f92436e6000 rw-s 129222000 00:11 2111                      anon_inode:i915.gem
7f92436e6000-7f92436ea000 rw-s 12921e000 00:11 2111                      anon_inode:i915.gem
7f92436ea000-7f92436ee000 rw-s 12921a000 00:11 2111                      anon_inode:i915.gem
7f92436ee000-7f92436f6000 rw-s 129212000 00:11 2111                      anon_inode:i915.gem
7f92436f6000-7f92436fe000 rw-s 12920a000 00:11 2111                      anon_inode:i915.gem
7f92436fe000-7f9243702000 rw-s 129206000 00:11 2111                      anon_inode:i915.gem
7f9243702000-7f9243706000 rw-s 129202000 00:11 2111                      anon_inode:i915.gem
7f9243706000-7f924370a000 rw-s 1291fe000 00:11 2111                      anon_inode:i915.gem
7f924370a000-7f924370e000 rw-s 1291fa000 00:11 2111                      anon_inode:i915.gem
7f924370e000-7f9243712000 rw-s 1291f6000 00:11 2111                      anon_inode:i915.gem
7f9243712000-7f9243716000 rw-s 1291f2000 00:11 2111                      anon_inode:i915.gem
7f9243716000-7f924371a000 rw-s 1291ee000 00:11 2111                      anon_inode:i915.gem
7f924371c000-7f924371e000 rw-s 1291ea000 00:11 2111                      anon_inode:i915.gem
7f924371e000-7f9243720000 rw-s 1291e8000 00:11 2111                      anon_inode:i915.gem
7f9243720000-7f9243722000 rw-s 1291e6000 00:11 2111                      anon_inode:i915.gem
7f9243723000-7f9243725000 rw-s 1291e3000 00:11 2111                      anon_inode:i915.gem
7f9243725000-7f9243729000 rw-s 1291df000 00:11 2111                      anon_inode:i915.gem
7f924372b000-7f924372f000 rw-s 1291d9000 00:11 2111                      anon_inode:i915.gem
7f924372f000-7f9243733000 rw-s 1291d5000 00:11 2111                      anon_inode:i915.gem
7f9243733000-7f9243737000 rw-s 1291d1000 00:11 2111                      anon_inode:i915.gem
7f9243737000-7f9243739000 rw-s 1291cf000 00:11 2111                      anon_inode:i915.gem
7f9243739000-7f924373b000 rw-s 1291cd000 00:11 2111                      anon_inode:i915.gem
7f924373b000-7f924373d000 rw-s 1291cb000 00:11 2111                      anon_inode:i915.gem
7f924373d000-7f9243741000 rw-s 1291c7000 00:11 2111                      anon_inode:i915.gem
7f9243741000-7f9243743000 rw-s 1291c5000 00:11 2111                      anon_inode:i915.gem
7f9243743000-7f9243745000 rw-s 1291c3000 00:11 2111                      anon_inode:i915.gem
7f9243745000-7f9243747000 rw-s 1291c1000 00:11 2111                      anon_inode:i915.gem
7f9243747000-7f924374b000 rw-s 1291bd000 00:11 2111                      anon_inode:i915.gem
7f924374b000-7f924374d000 rw-s 1291bb000 00:11 2111                      anon_inode:i915.gem
7f924374d000-7f924374f000 rw-s 1291b9000 00:11 2111                      anon_inode:i915.gem
7f924374f000-7f9243751000 rw-s 1291b7000 00:11 2111                      anon_inode:i915.gem
7f9243751000-7f9243753000 rw-s 1291b5000 00:11 2111                      anon_inode:i915.gem
7f9243753000-7f9243755000 rw-s 1291b3000 00:11 2111                      anon_inode:i915.gem
7f9243755000-7f9243757000 rw-s 1291b1000 00:11 2111                      anon_inode:i915.gem
7f9243757000-7f9243759000 rw-s 1291af000 00:11 2111                      anon_inode:i915.gem
7f9243759000-7f924375b000 rw-s 1291ad000 00:11 2111                      anon_inode:i915.gem
7f924375b000-7f924375d000 rw-s 1291ab000 00:11 2111                      anon_inode:i915.gem
7f924375d000-7f924375f000 rw-s 1291a9000 00:11 2111                      anon_inode:i915.gem
7f924375f000-7f9243761000 rw-s 1291a7000 00:11 2111                      anon_inode:i915.gem
7f9243761000-7f9243769000 rw-s 12919f000 00:11 2111                      anon_inode:i915.gem
7f9243769000-7f924376d000 rw-s 12919b000 00:11 2111                      anon_inode:i915.gem
7f924376d000-7f9243771000 rw-s 129197000 00:11 2111                      anon_inode:i915.gem
7f9243771000-7f9243773000 rw-s 129195000 00:11 2111                      anon_inode:i915.gem
7f9243774000-7f9243776000 rw-s 129192000 00:11 2111                      anon_inode:i915.gem
7f9243777000-7f9243779000 rw-s 12918f000 00:11 2111                      anon_inode:i915.gem
7f924377a000-7f924377c000 rw-s 12918c000 00:11 2111                      anon_inode:i915.gem
7f924377d000-7f9243781000 rw-s 129187000 00:11 2111                      anon_inode:i915.gem
7f9243781000-7f9243783000 rw-s 129185000 00:11 2111                      anon_inode:i915.gem
7f9243783000-7f9243785000 rw-s 129183000 00:11 2111                      anon_inode:i915.gem
7f9243785000-7f9243789000 rw-s 12917f000 00:11 2111                      anon_inode:i915.gem
7f9243789000-7f924378b000 rw-s 12917d000 00:11 2111                      anon_inode:i915.gem
7f924378b000-7f924378d000 rw-s 12917b000 00:11 2111                      anon_inode:i915.gem
7f924378e000-7f9243790000 rw-s 129178000 00:11 2111                      anon_inode:i915.gem
7f9243791000-7f9243793000 rw-s 129175000 00:11 2111                      anon_inode:i915.gem
7f9243794000-7f9243798000 rw-s 129170000 00:11 2111                      anon_inode:i915.gem
7f9243798000-7f924379a000 rw-s 12916e000 00:11 2111                      anon_inode:i915.gem
7f924379b000-7f924379f000 rw-s 129168000 00:11 2111                      anon_inode:i915.gem
7f924379f000-7f92437a3000 rw-s 129164000 00:11 2111                      anon_inode:i915.gem
7f92437a3000-7f92437c3000 rw-s 12a70f000 00:11 2111                      anon_inode:i915.gem
7f92437c3000-7f9243803000 rw-s 1290ea000 00:11 2111                      anon_inode:i915.gem
7f9243803000-7f9243843000 rw-s 129bbc000 00:11 2111                      anon_inode:i915.gem
7f9243843000-7f9243883000 rw-s 12906a000 00:11 2111                      anon_inode:i915.gem
7f9243883000-7f924388b000 rw-s 12f7fc000 00:11 2111                      anon_inode:i915.gem
7f924388b000-7f9243893000 rw-s 12f7f4000 00:11 2111                      anon_inode:i915.gem
7f9243893000-7f924389b000 rw-s 12f7ec000 00:11 2111                      anon_inode:i915.gem
7f924389b000-7f92438a3000 rw-s 12f7e4000 00:11 2111                      anon_inode:i915.gem
7f92438a3000-7f92438e3000 rw-s 12900a000 00:11 2111                      anon_inode:i915.gem
7f92438e3000-7f92438eb000 rw-s 106dca000 00:11 2111                      anon_inode:i915.gem
7f92438eb000-7f92438f3000 rw-s 106dc2000 00:11 2111                      anon_inode:i915.gem
7f92438f3000-7f92438fb000 rw-s 106dba000 00:11 2111                      anon_inode:i915.gem
7f92438fb000-7f92438ff000 rw-s 106db6000 00:11 2111                      anon_inode:i915.gem
7f92438ff000-7f9243903000 rw-s 106db2000 00:11 2111                      anon_inode:i915.gem
7f9243903000-7f9243907000 rw-s 12f89e000 00:11 2111                      anon_inode:i915.gem
7f9243907000-7f924390b000 rw-s 12f89a000 00:11 2111                      anon_inode:i915.gem
7f924390b000-7f924390f000 rw-s 12f896000 00:11 2111                      anon_inode:i915.gem
7f924390f000-7f9243913000 rw-s 12f892000 00:11 2111                      anon_inode:i915.gem
7f9243913000-7f924391b000 rw-s 12f88a000 00:11 2111                      anon_inode:i915.gem
7f924391b000-7f924391f000 rw-s 12f884000 00:11 2111                      anon_inode:i915.gem
7f924391f000-7f9243923000 rw-s 10cd0e000 00:11 2111                      anon_inode:i915.gem
7f9243923000-7f9243963000 rw-s 128f8a000 00:11 2111                      anon_inode:i915.gem
7f9243963000-7f9243965000 rw-s 12f888000 00:11 2111                      anon_inode:i915.gem
7f9243965000-7f9243967000 rw-s 12f6a2000 00:11 2111                      anon_inode:i915.gem
7f9243967000-7f924396b000 rw-s 10cd0a000 00:11 2111                      anon_inode:i915.gem
7f924396b000-7f9243973000 rw-s 10cd02000 00:11 2111                      anon_inode:i915.gem
7f9243973000-7f924397b000 rw-s 10ccfa000 00:11 2111                      anon_inode:i915.gem
7f924397b000-7f9243983000 rw-s 10ccf2000 00:11 2111                      anon_inode:i915.gem
7f9243983000-7f92439c3000 rw-s 128f4a000 00:11 2111                      anon_inode:i915.gem
7f92439c3000-7f9243a03000 rw-s 128f0a000 00:11 2111                      anon_inode:i915.gem
7f9243a03000-7f9243a43000 rw-s 128eca000 00:11 2111                      anon_inode:i915.gem
7f9243a43000-7f9243a83000 rw-s 128e8a000 00:11 2111                      anon_inode:i915.gem
7f9243a83000-7f9243ac3000 rw-s 128e4a000 00:11 2111                      anon_inode:i915.gem
7f9243ac3000-7f9243b03000 rw-s 128e0a000 00:11 2111                      anon_inode:i915.gem
7f9243b03000-7f9243b43000 rw-s 128dca000 00:11 2111                      anon_inode:i915.gem
7f9243b43000-7f9243d43000 rw-s 12b394000 00:11 2111                      anon_inode:i915.gem
7f9243d43000-7f9243d47000 rw-s 106cc6000 00:11 2111                      anon_inode:i915.gem
7f9243d47000-7f9243d4b000 rw-s 106cc2000 00:11 2111                      anon_inode:i915.gem
7f9243d4b000-7f9243d4f000 rw-s 135eb0000 00:11 2111                      anon_inode:i915.gem
7f9243d4f000-7f9243d5f000 rw-s 12a6df000 00:11 2111                      anon_inode:i915.gem
7f9243d5f000-7f9243d6f000 rw-s 117746000 00:11 2111                      anon_inode:i915.gem
7f9243d6f000-7f9243d7f000 rw-s 1287da000 00:11 2111                      anon_inode:i915.gem
7f9243d7f000-7f9243d8f000 rw-s 117ac6000 00:11 2111                      anon_inode:i915.gem
7f9243d8f000-7f9243d9f000 rw-s 10ab62000 00:11 2111                      anon_inode:i915.gem
7f9243d9f000-7f9243da3000 rw-s 135eac000 00:11 2111                      anon_inode:i915.gem
7f9243da3000-7f9243db3000 rw-s 117726000 00:11 2111                      anon_inode:i915.gem
7f9243db3000-7f9243dc3000 rw-s 117776000 00:11 2111                      anon_inode:i915.gem
7f9243dc3000-7f9243ec5000 rw-p 00000000 00:00 0 
7f9243ec5000-7f9243ec9000 ---p 00000000 00:00 0 
7f9243ec9000-7f9243fc5000 rw-p 00000000 00:00 0 
7f9243fc8000-7f9243fca000 rw-s 129160000 00:11 2111                      anon_inode:i915.gem
7f9243fca000-7f9243fcc000 rw-s 12915e000 00:11 2111                      anon_inode:i915.gem
7f9243fcd000-7f9243fdd000 rw-s 101bec000 00:11 2111                      anon_inode:i915.gem
7f9243fdd000-7f9243fe1000 rw-s 129159000 00:11 2111                      anon_inode:i915.gem
7f9243fe1000-7f9243fe3000 rw-s 129157000 00:11 2111                      anon_inode:i915.gem
7f9243fe3000-7f9243fe5000 rw-s 129155000 00:11 2111                      anon_inode:i915.gem
7f9243fe6000-7f9243fe8000 rw-s 129152000 00:11 2111                      anon_inode:i915.gem
7f9243fe8000-7f9243fea000 rw-s 129150000 00:11 2111                      anon_inode:i915.gem
7f9243fea000-7f9243fec000 rw-s 12914e000 00:11 2111                      anon_inode:i915.gem
7f9243fed000-7f9243fef000 rw-s 12914c000 00:11 2111                      anon_inode:i915.gem
7f9243fef000-7f9243ff7000 rw-s 12b38b000 00:11 2111                      anon_inode:i915.gem
7f9243ff7000-7f9243fff000 rw-s 12b383000 00:11 2111                      anon_inode:i915.gem
7f9243fff000-7f924403f000 rw-s 128d8a000 00:11 2111                      anon_inode:i915.gem
7f924403f000-7f924407f000 rw-s 128d4a000 00:11 2111                      anon_inode:i915.gem
7f924407f000-7f92440bf000 rw-s 128d0a000 00:11 2111                      anon_inode:i915.gem
7f92440bf000-7f92440ff000 rw-s 128cca000 00:11 2111                      anon_inode:i915.gem
7f92440ff000-7f924413f000 rw-s 129b7c000 00:11 2111                      anon_inode:i915.gem
7f924413f000-7f924417f000 rw-s 125cf6000 00:11 2111                      anon_inode:i915.gem
7f924417f000-7f924437f000 rw-s 128a4a000 00:11 2111                      anon_inode:i915.gem
7f924437f000-7f924457f000 rw-s 12884a000 00:11 2111                      anon_inode:i915.gem
7f924457f000-7f924458f000 rw-s 117766000 00:11 2111                      anon_inode:i915.gem
7f924458f000-7f924459f000 rw-s 117756000 00:11 2111                      anon_inode:i915.gem
7f924459f000-7f92445bf000 rw-s 117706000 00:11 2111                      anon_inode:i915.gem
7f92445bf000-7f92445df000 rw-s 12882a000 00:11 2111                      anon_inode:i915.gem
7f92445df000-7f92445ef000 rw-s 12a2de000 00:11 2111                      anon_inode:i915.gem
7f92445ef000-7f92445ff000 rw-s 129d14000 00:11 2111                      anon_inode:i915.gem
7f92445ff000-7f924460f000 rw-s 117736000 00:11 2111                      anon_inode:i915.gem
7f924460f000-7f924461f000 rw-s 12881a000 00:11 2111                      anon_inode:i915.gem
7f924461f000-7f924462f000 rw-s 12a799000 00:11 2111                      anon_inode:i915.gem
7f924462f000-7f924463f000 rw-s 12a28c000 00:11 2111                      anon_inode:i915.gem
7f924463f000-7f924464f000 rw-s 118f56000 00:11 2111                      anon_inode:i915.gem
7f924464f000-7f924465f000 rw-s 117206000 00:11 2111                      anon_inode:i915.gem
7f924465f000-7f924466f000 rw-s 12a27c000 00:11 2111                      anon_inode:i915.gem
7f924466f000-7f924467f000 rw-s 10ab72000 00:11 2111                      anon_inode:i915.gem
7f924467f000-7f924487f000 rw-s 12854a000 00:11 2111                      anon_inode:i915.gem
7f924487f000-7f9244a7f000 rw-s 12834a000 00:11 2111                      anon_inode:i915.gem
7f9244a7f000-7f9244c7f000 rw-s 12814a000 00:11 2111                      anon_inode:i915.gem
7f9244c8b000-7f9244c9b000 rw-s 129d04000 00:11 2111                      anon_inode:i915.gem
7f9244c9b000-7f9244cab000 rw-s 105cf4000 00:11 2111                      anon_inode:i915.gem
7f9244caf000-7f9244cbf000 rw-s 12a7a9000 00:11 2111                      anon_inode:i915.gem
7f9244cbf000-7f9244ccf000 rw-s 1287ea000 00:11 2111                      anon_inode:i915.gem
7f9244ccf000-7f9244cdf000 rw-s 10d202000 00:11 2111                      anon_inode:i915.gem
7f9244cdf000-7f9244cef000 rw-s 10d1f2000 00:11 2111                      anon_inode:i915.gem
7f9244cef000-7f9244cff000 rw-s 12a2ce000 00:11 2111                      anon_inode:i915.gem
7f9244cff000-7f9244d3f000 rw-s 125cb6000 00:11 2111                      anon_inode:i915.gem
7f9244d3f000-7f9244d7f000 rw-s 12b303000 00:11 2111                      anon_inode:i915.gem
7f9244d7f000-7f9244f7f000 rw-s 127e4a000 00:11 2111                      anon_inode:i915.gem
7f9244f7f000-7f9244fbf000 rw-s 12b2c3000 00:11 2111                      anon_inode:i915.gem
7f9244fbf000-7f9244fff000 rw-s 128c8a000 00:11 2111                      anon_inode:i915.gem
7f9244fff000-7f92451ff000 rw-s 127bca000 00:11 2111                      anon_inode:i915.gem
7f92451ff000-7f92453ff000 rw-s 1279ca000 00:11 2111                      anon_inode:i915.gem
7f92453ff000-7f92455ff000 rw-s 1277ca000 00:11 2111                      anon_inode:i915.gem
7f92455ff000-7f9245601000 rw-s 1280c8000 00:11 2111                      anon_inode:i915.gem
7f9245601000-7f9245603000 rw-s 1280c6000 00:11 2111                      anon_inode:i915.gem
7f9245603000-7f9245605000 rw-s 1280c4000 00:11 2111                      anon_inode:i915.gem
7f9245605000-7f9245607000 rw-s 1280c2000 00:11 2111                      anon_inode:i915.gem
7f9245607000-7f9245647000 rw-s 128c4a000 00:11 2111                      anon_inode:i915.gem
7f9245647000-7f9245687000 rw-s 127e0a000 00:11 2111                      anon_inode:i915.gem
7f9245687000-7f92456c7000 rw-s 127dca000 00:11 2111                      anon_inode:i915.gem
7f92456c7000-7f92456cf000 rw-s 12809a000 00:11 2111                      anon_inode:i915.gem
7f92456cf000-7f92456d7000 rw-s 128092000 00:11 2111                      anon_inode:i915.gem
7f92456d7000-7f92456df000 rw-s 12808a000 00:11 2111                      anon_inode:i915.gem
7f92456df000-7f92456e7000 rw-s 128082000 00:11 2111                      anon_inode:i915.gem
7f92456e7000-7f92456ef000 rw-s 12807a000 00:11 2111                      anon_inode:i915.gem
7f92456ef000-7f92456f7000 rw-s 128072000 00:11 2111                      anon_inode:i915.gem
7f92456f7000-7f92456ff000 rw-s 12806a000 00:11 2111                      anon_inode:i915.gem
7f92456ff000-7f92458ff000 rw-s 1275ca000 00:11 2111                      anon_inode:i915.gem
7f92458ff000-7f9245aff000 rw-s 1273ca000 00:11 2111                      anon_inode:i915.gem
7f9245aff000-7f9245cff000 rw-s 125ab6000 00:11 2111                      anon_inode:i915.gem
7f9245cff000-7f9245d00000 rw-p 00000000 00:00 0 
7f9245d00000-7f9245d04000 ---p 00000000 00:00 0 
7f9245d04000-7f9245e00000 rw-p 00000000 00:00 0 
7f9245e00000-7f9245eaa000 r-xp 00000000 00:38 404                        /tmp/libgdxmirtemir/125b804a/libgdx-freetype64.so
7f9245eaa000-7f92460aa000 ---p 000aa000 00:38 404                        /tmp/libgdxmirtemir/125b804a/libgdx-freetype64.so
7f92460aa000-7f92460b0000 r--p 000aa000 00:38 404                        /tmp/libgdxmirtemir/125b804a/libgdx-freetype64.so
7f92460b0000-7f92460b1000 rw-p 000b0000 00:38 404                        /tmp/libgdxmirtemir/125b804a/libgdx-freetype64.so
7f92460b1000-7f92460b3000 rw-s 12914a000 00:11 2111                      anon_inode:i915.gem
7f92460b3000-7f92460f3000 rw-s 12b343000 00:11 2111                      anon_inode:i915.gem
7f92460f3000-7f92460f5000 rw-s 1273c8000 00:11 2111                      anon_inode:i915.gem
7f92460f5000-7f92460f9000 rw-s 1273c4000 00:11 2111                      anon_inode:i915.gem
7f92460f9000-7f9246101000 rw-s 1273bc000 00:11 2111                      anon_inode:i915.gem
7f9246101000-7f9246105000 rw-s 1273b8000 00:11 2111                      anon_inode:i915.gem
7f9246105000-7f9246109000 rw-s 1273b4000 00:11 2111                      anon_inode:i915.gem
7f9246109000-7f924610d000 rw-s 1273b0000 00:11 2111                      anon_inode:i915.gem
7f924610d000-7f924614d000 rw-s 127370000 00:11 2111                      anon_inode:i915.gem
7f924614d000-7f9246155000 rw-s 127368000 00:11 2111                      anon_inode:i915.gem
7f9246155000-7f924615d000 rw-s 127360000 00:11 2111                      anon_inode:i915.gem
7f924615d000-7f9246165000 rw-s 127358000 00:11 2111                      anon_inode:i915.gem
7f9246165000-7f9246169000 rw-s 127354000 00:11 2111                      anon_inode:i915.gem
7f9246169000-7f9246171000 rw-s 12734c000 00:11 2111                      anon_inode:i915.gem
7f9246171000-7f9246179000 rw-s 127344000 00:11 2111                      anon_inode:i915.gem
7f9246179000-7f9246181000 rw-s 12733c000 00:11 2111                      anon_inode:i915.gem
7f9246181000-7f9246189000 rw-s 127334000 00:11 2111                      anon_inode:i915.gem
7f9246189000-7f9246191000 rw-s 12732c000 00:11 2111                      anon_inode:i915.gem
7f9246191000-7f9246199000 rw-s 127324000 00:11 2111                      anon_inode:i915.gem
7f9246199000-7f924619d000 rw-s 127320000 00:11 2111                      anon_inode:i915.gem
7f924619d000-7f92461a1000 rw-s 12731c000 00:11 2111                      anon_inode:i915.gem
7f92461a1000-7f92461a9000 rw-s 127314000 00:11 2111                      anon_inode:i915.gem
7f92461a9000-7f92461ad000 rw-s 127310000 00:11 2111                      anon_inode:i915.gem
7f92461ad000-7f92461b5000 rw-s 127308000 00:11 2111                      anon_inode:i915.gem
7f92461b5000-7f92461bd000 rw-s 127300000 00:11 2111                      anon_inode:i915.gem
7f92461bd000-7f92461c5000 rw-s 1272f8000 00:11 2111                      anon_inode:i915.gem
7f92461c5000-7f92461cd000 rw-s 1272f0000 00:11 2111                      anon_inode:i915.gem
7f92461cd000-7f92461d5000 rw-s 1272e8000 00:11 2111                      anon_inode:i915.gem
7f92461d5000-7f92461d9000 rw-s 1272e4000 00:11 2111                      anon_inode:i915.gem
7f92461d9000-7f92461dd000 rw-s 1272e0000 00:11 2111                      anon_inode:i915.gem
7f92461dd000-7f92461e5000 rw-s 1272d8000 00:11 2111                      anon_inode:i915.gem
7f92461e5000-7f92461ed000 rw-s 1272d0000 00:11 2111                      anon_inode:i915.gem
7f92461ed000-7f92461f5000 rw-s 1272c8000 00:11 2111                      anon_inode:i915.gem
7f92461f5000-7f92461fd000 rw-s 1272c0000 00:11 2111                      anon_inode:i915.gem
7f92461fd000-7f9246201000 rw-s 1272bc000 00:11 2111                      anon_inode:i915.gem
7f9246201000-7f9246209000 rw-s 1272b4000 00:11 2111                      anon_inode:i915.gem
7f9246209000-7f9246211000 rw-s 1272ac000 00:11 2111                      anon_inode:i915.gem
7f9246211000-7f9246219000 rw-s 1272a4000 00:11 2111                      anon_inode:i915.gem
7f9246219000-7f9246221000 rw-s 12729c000 00:11 2111                      anon_inode:i915.gem
7f9246221000-7f9246229000 rw-s 127294000 00:11 2111                      anon_inode:i915.gem
7f9246229000-7f9246429000 rw-s 127094000 00:11 2111                      anon_inode:i915.gem
7f9246429000-7f9246629000 rw-s 126e94000 00:11 2111                      anon_inode:i915.gem
7f9246629000-7f924662b000 rw-s 126e92000 00:11 2111                      anon_inode:i915.gem
7f924662b000-7f9246633000 rw-s 126e8a000 00:11 2111                      anon_inode:i915.gem
7f9246633000-7f924663b000 rw-s 126e82000 00:11 2111                      anon_inode:i915.gem
7f924663b000-7f9246643000 rw-s 126e7a000 00:11 2111                      anon_inode:i915.gem
7f9246643000-7f924664b000 rw-s 126e72000 00:11 2111                      anon_inode:i915.gem
7f924664b000-7f9246653000 rw-s 126e6a000 00:11 2111                      anon_inode:i915.gem
7f9246653000-7f924665b000 rw-s 126e62000 00:11 2111                      anon_inode:i915.gem
7f924665b000-7f9246663000 rw-s 126e5a000 00:11 2111                      anon_inode:i915.gem
7f9246663000-7f924666b000 rw-s 126e52000 00:11 2111                      anon_inode:i915.gem
7f924666b000-7f9246673000 rw-s 126e4a000 00:11 2111                      anon_inode:i915.gem
7f9246673000-7f9246677000 rw-s 126e46000 00:11 2111                      anon_inode:i915.gem
7f9246677000-7f924667b000 rw-s 126e42000 00:11 2111                      anon_inode:i915.gem
7f924667b000-7f924667f000 rw-s 126e3e000 00:11 2111                      anon_inode:i915.gem
7f924667f000-7f9246683000 rw-s 126e3a000 00:11 2111                      anon_inode:i915.gem
7f9246683000-7f9246687000 rw-s 126e36000 00:11 2111                      anon_inode:i915.gem
7f9246687000-7f924668f000 rw-s 126e2e000 00:11 2111                      anon_inode:i915.gem
7f924668f000-7f9246693000 rw-s 126e2a000 00:11 2111                      anon_inode:i915.gem
7f9246693000-7f9246697000 rw-s 126e26000 00:11 2111                      anon_inode:i915.gem
7f9246697000-7f924669b000 rw-s 126e22000 00:11 2111                      anon_inode:i915.gem
7f924669b000-7f924669f000 rw-s 126e1e000 00:11 2111                      anon_inode:i915.gem
7f924669f000-7f92466a3000 rw-s 126e1a000 00:11 2111                      anon_inode:i915.gem
7f92466a3000-7f92466a7000 rw-s 126e16000 00:11 2111                      anon_inode:i915.gem
7f92466a7000-7f92466ab000 rw-s 126e12000 00:11 2111                      anon_inode:i915.gem
7f92466ab000-7f92466af000 rw-s 126e0e000 00:11 2111                      anon_inode:i915.gem
7f92466af000-7f92466b3000 rw-s 126e0a000 00:11 2111                      anon_inode:i915.gem
7f92466b3000-7f92466bb000 rw-s 126e02000 00:11 2111                      anon_inode:i915.gem
7f92466bb000-7f92466bf000 rw-s 126dfe000 00:11 2111                      anon_inode:i915.gem
7f92466bf000-7f92466c3000 rw-s 126dfa000 00:11 2111                      anon_inode:i915.gem
7f92466c3000-7f92466c7000 rw-s 126df6000 00:11 2111                      anon_inode:i915.gem
7f92466c7000-7f92466cb000 rw-s 126df2000 00:11 2111                      anon_inode:i915.gem
7f92466cb000-7f92466cf000 rw-s 126dee000 00:11 2111                      anon_inode:i915.gem
7f92466cf000-7f92466d3000 rw-s 126dea000 00:11 2111                      anon_inode:i915.gem
7f92466d3000-7f92466d7000 rw-s 126de6000 00:11 2111                      anon_inode:i915.gem
7f92466d7000-7f92466df000 rw-s 126dde000 00:11 2111                      anon_inode:i915.gem
7f92466df000-7f92466e3000 rw-s 126dda000 00:11 2111                      anon_inode:i915.gem
7f92466e3000-7f92466eb000 rw-s 126dd2000 00:11 2111                      anon_inode:i915.gem
7f92466eb000-7f92466ef000 rw-s 126dce000 00:11 2111                      anon_inode:i915.gem
7f92466ef000-7f92466f3000 rw-s 126dca000 00:11 2111                      anon_inode:i915.gem
7f92466f3000-7f9246af3000 rw-s 1269ca000 00:11 2111                      anon_inode:i915.gem
7f9246af3000-7f9246ef3000 rw-s 1265ca000 00:11 2111                      anon_inode:i915.gem
7f9246ef3000-7f92472f3000 rw-s 1261ca000 00:11 2111                      anon_inode:i915.gem
7f92472f3000-7f92476f3000 rw-s 125dca000 00:11 2111                      anon_inode:i915.gem
7f92476f3000-7f9247af3000 rw-s 1256b6000 00:11 2111                      anon_inode:i915.gem
7f9247af3000-7f9247ef3000 rw-s 1252b6000 00:11 2111                      anon_inode:i915.gem
7f9247ef3000-7f92482f3000 rw-s 124eb6000 00:11 2111                      anon_inode:i915.gem
7f92482f3000-7f92486f3000 rw-s 12aec3000 00:11 2111                      anon_inode:i915.gem
7f92486f3000-7f9248cf3000 rw-s 1248b6000 00:11 2111                      anon_inode:i915.gem
7f9248cf3000-7f92490f3000 rw-s 12aac3000 00:11 2111                      anon_inode:i915.gem
7f92490f3000-7f92490f7000 rw-s 12aabf000 00:11 2111                      anon_inode:i915.gem
7f92490f7000-7f92490fb000 rw-s 12aabb000 00:11 2111                      anon_inode:i915.gem
7f92490fb000-7f92490ff000 rw-s 12aab7000 00:11 2111                      anon_inode:i915.gem
7f92490ff000-7f9249103000 rw-s 12aab3000 00:11 2111                      anon_inode:i915.gem
7f9249103000-7f9249107000 rw-s 12aaaf000 00:11 2111                      anon_inode:i915.gem
7f9249107000-7f924910b000 rw-s 12aaab000 00:11 2111                      anon_inode:i915.gem
7f924910b000-7f924910f000 rw-s 12aaa7000 00:11 2111                      anon_inode:i915.gem
7f924910f000-7f9249113000 rw-s 12aaa3000 00:11 2111                      anon_inode:i915.gem
7f9249113000-7f9249117000 rw-s 12aa9f000 00:11 2111                      anon_inode:i915.gem
7f9249117000-7f924911b000 rw-s 12aa9b000 00:11 2111                      anon_inode:i915.gem
7f924911b000-7f924911f000 rw-s 12aa97000 00:11 2111                      anon_inode:i915.gem
7f924911f000-7f9249123000 rw-s 12aa93000 00:11 2111                      anon_inode:i915.gem
7f9249123000-7f9249127000 rw-s 12aa8f000 00:11 2111                      anon_inode:i915.gem
7f9249127000-7f924912b000 rw-s 12aa8b000 00:11 2111                      anon_inode:i915.gem
7f924912b000-7f924912f000 rw-s 12aa87000 00:11 2111                      anon_inode:i915.gem
7f924912f000-7f9249133000 rw-s 12aa83000 00:11 2111                      anon_inode:i915.gem
7f9249133000-7f9249137000 rw-s 12aa7f000 00:11 2111                      anon_inode:i915.gem
7f9249137000-7f924913f000 rw-s 12aa77000 00:11 2111                      anon_inode:i915.gem
7f924913f000-7f9249141000 rw-s 12aa75000 00:11 2111                      anon_inode:i915.gem
7f9249141000-7f9249145000 rw-s 12aa71000 00:11 2111                      anon_inode:i915.gem
7f9249145000-7f9249147000 rw-s 12aa6f000 00:11 2111                      anon_inode:i915.gem
7f9249147000-7f9249149000 rw-s 12aa6d000 00:11 2111                      anon_inode:i915.gem
7f9249149000-7f924914b000 rw-s 12aa6b000 00:11 2111                      anon_inode:i915.gem
7f924914b000-7f924914f000 rw-s 12aa67000 00:11 2111                      anon_inode:i915.gem
7f924914f000-7f9249153000 rw-s 12aa63000 00:11 2111                      anon_inode:i915.gem
7f9249153000-7f9249157000 rw-s 12aa5f000 00:11 2111                      anon_inode:i915.gem
7f9249157000-7f924915b000 rw-s 12aa5b000 00:11 2111                      anon_inode:i915.gem
7f924915b000-7f924915f000 rw-s 12aa57000 00:11 2111                      anon_inode:i915.gem
7f924915f000-7f9249161000 rw-s 12aa55000 00:11 2111                      anon_inode:i915.gem
7f9249161000-7f9249165000 rw-s 12aa51000 00:11 2111                      anon_inode:i915.gem
7f9249165000-7f9249167000 rw-s 12aa4f000 00:11 2111                      anon_inode:i915.gem
7f9249167000-7f924916b000 rw-s 12aa4b000 00:11 2111                      anon_inode:i915.gem
7f924916b000-7f924916d000 rw-s 12aa49000 00:11 2111                      anon_inode:i915.gem
7f924916d000-7f924916f000 rw-s 12aa47000 00:11 2111                      anon_inode:i915.gem
7f924916f000-7f9249171000 rw-s 12aa45000 00:11 2111                      anon_inode:i915.gem
7f9249171000-7f9249175000 rw-s 12aa41000 00:11 2111                      anon_inode:i915.gem
7f9249175000-7f9249177000 rw-s 12aa3f000 00:11 2111                      anon_inode:i915.gem
7f9249177000-7f9249179000 rw-s 12aa3d000 00:11 2111                      anon_inode:i915.gem
7f9249179000-7f924917b000 rw-s 12aa3b000 00:11 2111                      anon_inode:i915.gem
7f924917b000-7f924917d000 rw-s 12aa39000 00:11 2111                      anon_inode:i915.gem
7f924917d000-7f924917f000 rw-s 12aa37000 00:11 2111                      anon_inode:i915.gem
7f924917f000-7f9249183000 rw-s 12aa33000 00:11 2111                      anon_inode:i915.gem
7f9249183000-7f9249185000 rw-s 12aa31000 00:11 2111                      anon_inode:i915.gem
7f9249185000-7f9249187000 rw-s 12aa2f000 00:11 2111                      anon_inode:i915.gem
7f9249187000-7f92491c7000 rw-s 12a9ef000 00:11 2111                      anon_inode:i915.gem
7f92491c7000-7f92491cb000 rw-s 12a9eb000 00:11 2111                      anon_inode:i915.gem
7f92491cb000-7f92491cf000 rw-s 12a9e7000 00:11 2111                      anon_inode:i915.gem
7f92491cf000-7f92491d3000 rw-s 12a9e3000 00:11 2111                      anon_inode:i915.gem
7f92491d3000-7f92491d7000 rw-s 12a9df000 00:11 2111                      anon_inode:i915.gem
7f92491d7000-7f92491db000 rw-s 12a9db000 00:11 2111                      anon_inode:i915.gem
7f92491db000-7f92491df000 rw-s 12a9d7000 00:11 2111                      anon_inode:i915.gem
7f92491df000-7f92491e3000 rw-s 12a9d3000 00:11 2111                      anon_inode:i915.gem
7f92491e3000-7f92491e7000 rw-s 12a9cf000 00:11 2111                      anon_inode:i915.gem
7f92491e7000-7f92491ef000 rw-s 12a9c7000 00:11 2111                      anon_inode:i915.gem
7f92491ef000-7f92491f3000 rw-s 12a9c3000 00:11 2111                      anon_inode:i915.gem
7f92491f3000-7f92491f7000 rw-s 12a9bf000 00:11 2111                      anon_inode:i915.gem
7f92491f7000-7f92491fb000 rw-s 12a9bb000 00:11 2111                      anon_inode:i915.gem
7f92491fb000-7f92491ff000 rw-s 12a9b7000 00:11 2111                      anon_inode:i915.gem
7f92491ff000-7f9249203000 rw-s 12a9b3000 00:11 2111                      anon_inode:i915.gem
7f9249203000-7f9249207000 rw-s 12a9af000 00:11 2111                      anon_inode:i915.gem
7f9249207000-7f924920b000 rw-s 12a9ab000 00:11 2111                      anon_inode:i915.gem
7f924920b000-7f924920f000 rw-s 12a9a7000 00:11 2111                      anon_inode:i915.gem
7f924920f000-7f9249213000 rw-s 12a9a3000 00:11 2111                      anon_inode:i915.gem
7f9249213000-7f9249217000 rw-s 12a99f000 00:11 2111                      anon_inode:i915.gem
7f9249217000-7f924921b000 rw-s 12a99b000 00:11 2111                      anon_inode:i915.gem
7f924921b000-7f924921f000 rw-s 12a997000 00:11 2111                      anon_inode:i915.gem
7f924921f000-7f9249223000 rw-s 12a993000 00:11 2111                      anon_inode:i915.gem
7f9249223000-7f9249227000 rw-s 12a98f000 00:11 2111                      anon_inode:i915.gem
7f9249227000-7f924922b000 rw-s 12a98b000 00:11 2111                      anon_inode:i915.gem
7f924922b000-7f924922f000 rw-s 12a987000 00:11 2111                      anon_inode:i915.gem
7f924922f000-7f9249233000 rw-s 12a983000 00:11 2111                      anon_inode:i915.gem
7f9249233000-7f9249237000 rw-s 12a97f000 00:11 2111                      anon_inode:i915.gem
7f9249237000-7f924923b000 rw-s 12a97b000 00:11 2111                      anon_inode:i915.gem
7f924923b000-7f924923f000 rw-s 12a977000 00:11 2111                      anon_inode:i915.gem
7f924923f000-7f9249243000 rw-s 12a973000 00:11 2111                      anon_inode:i915.gem
7f9249243000-7f9249247000 rw-s 12a96f000 00:11 2111                      anon_inode:i915.gem
7f9249247000-7f924924b000 rw-s 12a96b000 00:11 2111                      anon_inode:i915.gem
7f924924b000-7f924924f000 rw-s 12a967000 00:11 2111                      anon_inode:i915.gem
7f924924f000-7f9249253000 rw-s 12a963000 00:11 2111                      anon_inode:i915.gem
7f9249253000-7f9249257000 rw-s 12a95f000 00:11 2111                      anon_inode:i915.gem
7f9249257000-7f924925b000 rw-s 12a95b000 00:11 2111                      anon_inode:i915.gem
7f924925b000-7f924925f000 rw-s 12a957000 00:11 2111                      anon_inode:i915.gem
7f924925f000-7f9249263000 rw-s 12a953000 00:11 2111                      anon_inode:i915.gem
7f9249263000-7f9249267000 rw-s 12a94f000 00:11 2111                      anon_inode:i915.gem
7f9249267000-7f924926b000 rw-s 12a94b000 00:11 2111                      anon_inode:i915.gem
7f924926b000-7f924926f000 rw-s 12a947000 00:11 2111                      anon_inode:i915.gem
7f924926f000-7f9249273000 rw-s 12a943000 00:11 2111                      anon_inode:i915.gem
7f9249273000-7f9249277000 rw-s 12a93f000 00:11 2111                      anon_inode:i915.gem
7f9249277000-7f924927b000 rw-s 12a93b000 00:11 2111                      anon_inode:i915.gem
7f924927b000-7f924927f000 rw-s 12a937000 00:11 2111                      anon_inode:i915.gem
7f924927f000-7f9249283000 rw-s 12a933000 00:11 2111                      anon_inode:i915.gem
7f9249283000-7f9249287000 rw-s 12a92f000 00:11 2111                      anon_inode:i915.gem
7f9249287000-7f924928b000 rw-s 12a92b000 00:11 2111                      anon_inode:i915.gem
7f924928b000-7f924928f000 rw-s 12a927000 00:11 2111                      anon_inode:i915.gem
7f924928f000-7f9249293000 rw-s 12a923000 00:11 2111                      anon_inode:i915.gem
7f9249293000-7f9249297000 rw-s 12a91f000 00:11 2111                      anon_inode:i915.gem
7f92492a2000-7f92492a6000 rw-s 12a910000 00:11 2111                      anon_inode:i915.gem
7f92492a6000-7f92492aa000 rw-s 12a90c000 00:11 2111                      anon_inode:i915.gem
7f92492aa000-7f92492ae000 rw-s 12a908000 00:11 2111                      anon_inode:i915.gem
7f92492ae000-7f92492b2000 rw-s 12a904000 00:11 2111                      anon_inode:i915.gem
7f92492b2000-7f92492b4000 rw-s 12a902000 00:11 2111                      anon_inode:i915.gem
7f92492b4000-7f92492b6000 rw-s 12a900000 00:11 2111                      anon_inode:i915.gem
7f92492b6000-7f92492ba000 rw-s 12a8fc000 00:11 2111                      anon_inode:i915.gem
7f92492ba000-7f92492bc000 rw-s 12a8fa000 00:11 2111                      anon_inode:i915.gem
7f92492bc000-7f92492be000 rw-s 12a8f8000 00:11 2111                      anon_inode:i915.gem
7f92492be000-7f92492c0000 rw-s 12a8f6000 00:11 2111                      anon_inode:i915.gem
7f92492c0000-7f92492c2000 rw-s 12a8f4000 00:11 2111                      anon_inode:i915.gem
7f92492c2000-7f92492c4000 rw-s 12a8f2000 00:11 2111                      anon_inode:i915.gem
7f92492c4000-7f92492c8000 rw-s 12a8ee000 00:11 2111                      anon_inode:i915.gem
7f92492c8000-7f92492cc000 rw-s 12a8ea000 00:11 2111                      anon_inode:i915.gem
7f92492cc000-7f92492d0000 rw-s 12a8e6000 00:11 2111                      anon_inode:i915.gem
7f92492d0000-7f92492d2000 rw-s 12a8e4000 00:11 2111                      anon_inode:i915.gem
7f92492d2000-7f92492d4000 rw-s 12a8e2000 00:11 2111                      anon_inode:i915.gem
7f92492d4000-7f92492d6000 rw-s 12a8e0000 00:11 2111                      anon_inode:i915.gem
7f92492d6000-7f92492da000 rw-s 12a8dc000 00:11 2111                      anon_inode:i915.gem
7f92492da000-7f92492dc000 rw-s 12a8da000 00:11 2111                      anon_inode:i915.gem
7f92492dc000-7f92492de000 rw-s 12a8d8000 00:11 2111                      anon_inode:i915.gem
7f92492df000-7f92492e1000 rw-s 12a8d5000 00:11 2111                      anon_inode:i915.gem
7f92492e1000-7f92492e5000 rw-s 12a8d1000 00:11 2111                      anon_inode:i915.gem
7f92492e5000-7f92492e9000 rw-s 12a8cd000 00:11 2111                      anon_inode:i915.gem
7f92492e9000-7f92492eb000 rw-s 12a8cb000 00:11 2111                      anon_inode:i915.gem
7f92492eb000-7f92492ed000 rw-s 12a8c9000 00:11 2111                      anon_inode:i915.gem
7f92492ed000-7f92492ef000 rw-s 12a8c7000 00:11 2111                      anon_inode:i915.gem
7f92492ef000-7f92492f1000 rw-s 12a8c5000 00:11 2111                      anon_inode:i915.gem
7f92492f1000-7f92492f3000 rw-s 12a8c3000 00:11 2111                      anon_inode:i915.gem
7f92492f3000-7f92492f5000 rw-s 12a8c1000 00:11 2111                      anon_inode:i915.gem
7f92492f5000-7f92492f7000 rw-s 12a8bf000 00:11 2111                      anon_inode:i915.gem
7f92492f9000-7f92492fd000 rw-s 12a8b9000 00:11 2111                      anon_inode:i915.gem
7f92492fd000-7f92492ff000 rw-s 12a8b7000 00:11 2111                      anon_inode:i915.gem
7f92492ff000-7f9249301000 rw-s 12a8b5000 00:11 2111                      anon_inode:i915.gem
7f9249301000-7f9249305000 rw-s 12a8b1000 00:11 2111                      anon_inode:i915.gem
7f9249307000-7f9249309000 rw-s 12a8ad000 00:11 2111                      anon_inode:i915.gem
7f9249309000-7f924930d000 rw-s 12a899000 00:11 2111                      anon_inode:i915.gem
7f924930d000-7f924930f000 rw-s 12a897000 00:11 2111                      anon_inode:i915.gem
7f924930f000-7f9249313000 rw-s 12a893000 00:11 2111                      anon_inode:i915.gem
7f9249313000-7f9249317000 rw-s 12a88f000 00:11 2111                      anon_inode:i915.gem
7f9249317000-7f924931b000 rw-s 12a88b000 00:11 2111                      anon_inode:i915.gem
7f924931b000-7f924931f000 rw-s 12a887000 00:11 2111                      anon_inode:i915.gem
7f924931f000-7f9249323000 rw-s 12a883000 00:11 2111                      anon_inode:i915.gem
7f9249323000-7f9249327000 rw-s 12a87f000 00:11 2111                      anon_inode:i915.gem
7f9249327000-7f924932b000 rw-s 12a87b000 00:11 2111                      anon_inode:i915.gem
7f924932b000-7f924932f000 rw-s 12a877000 00:11 2111                      anon_inode:i915.gem
7f924932f000-7f9249333000 rw-s 12a873000 00:11 2111                      anon_inode:i915.gem
7f9249333000-7f9249337000 rw-s 12a86f000 00:11 2111                      anon_inode:i915.gem
7f9249337000-7f924933b000 rw-s 12a86b000 00:11 2111                      anon_inode:i915.gem
7f924933b000-7f924933d000 rw-s 12a869000 00:11 2111                      anon_inode:i915.gem
7f924933d000-7f9249341000 rw-s 12a865000 00:11 2111                      anon_inode:i915.gem
7f9249341000-7f9249345000 rw-s 12a861000 00:11 2111                      anon_inode:i915.gem
7f9249345000-7f9249349000 rw-s 12a85d000 00:11 2111                      anon_inode:i915.gem
7f9249349000-7f924934b000 rw-s 12a85b000 00:11 2111                      anon_inode:i915.gem
7f924934b000-7f924934f000 rw-s 12a857000 00:11 2111                      anon_inode:i915.gem
7f924934f000-7f9249351000 rw-s 12a855000 00:11 2111                      anon_inode:i915.gem
7f9249351000-7f9249355000 rw-s 12a851000 00:11 2111                      anon_inode:i915.gem
7f9249355000-7f9249357000 rw-s 12a84f000 00:11 2111                      anon_inode:i915.gem
7f9249357000-7f9249359000 rw-s 12a84d000 00:11 2111                      anon_inode:i915.gem
7f9249359000-7f924935d000 rw-s 12a849000 00:11 2111                      anon_inode:i915.gem
7f924935d000-7f924935f000 rw-s 12a847000 00:11 2111                      anon_inode:i915.gem
7f924935f000-7f9249361000 rw-s 12a845000 00:11 2111                      anon_inode:i915.gem
7f9249361000-7f9249369000 rw-s 12a83d000 00:11 2111                      anon_inode:i915.gem
7f9249369000-7f924936b000 rw-s 12a83b000 00:11 2111                      anon_inode:i915.gem
7f924936b000-7f924936f000 rw-s 12a837000 00:11 2111                      anon_inode:i915.gem
7f924936f000-7f9249371000 rw-s 12a835000 00:11 2111                      anon_inode:i915.gem
7f9249371000-7f9249373000 rw-s 12a833000 00:11 2111                      anon_inode:i915.gem
7f9249373000-7f9249377000 rw-s 12a82f000 00:11 2111                      anon_inode:i915.gem
7f9249377000-7f924937b000 rw-s 12a82b000 00:11 2111                      anon_inode:i915.gem
7f924937b000-7f924937f000 rw-s 12a827000 00:11 2111                      anon_inode:i915.gem
7f924937f000-7f9249383000 rw-s 12a823000 00:11 2111                      anon_inode:i915.gem
7f9249383000-7f9249387000 rw-s 12a81f000 00:11 2111                      anon_inode:i915.gem
7f9249387000-7f924938b000 rw-s 12a81b000 00:11 2111                      anon_inode:i915.gem
7f924938b000-7f924938f000 rw-s 12a817000 00:11 2111                      anon_inode:i915.gem
7f924938f000-7f9249397000 rw-s 12a80f000 00:11 2111                      anon_inode:i915.gem
7f9249397000-7f9249399000 rw-s 12a80d000 00:11 2111                      anon_inode:i915.gem
7f9249399000-7f924939d000 rw-s 12a809000 00:11 2111                      anon_inode:i915.gem
7f924939d000-7f924939f000 rw-s 12a807000 00:11 2111                      anon_inode:i915.gem
7f924939f000-7f92493a1000 rw-s 12a805000 00:11 2111                      anon_inode:i915.gem
7f92493a1000-7f92493a3000 rw-s 12a803000 00:11 2111                      anon_inode:i915.gem
7f92493a3000-7f92493a5000 rw-s 12a801000 00:11 2111                      anon_inode:i915.gem
7f92493a5000-7f92493a9000 rw-s 12a7fd000 00:11 2111                      anon_inode:i915.gem
7f92493a9000-7f92493ab000 rw-s 12a7fb000 00:11 2111                      anon_inode:i915.gem
7f92493ab000-7f92493ad000 rw-s 12a7f9000 00:11 2111                      anon_inode:i915.gem
7f92493ad000-7f92493b1000 rw-s 12a7f5000 00:11 2111                      anon_inode:i915.gem
7f92493b1000-7f92493b5000 rw-s 12a7f1000 00:11 2111                      anon_inode:i915.gem
7f92493b5000-7f92493b9000 rw-s 12a7ed000 00:11 2111                      anon_inode:i915.gem
7f92493b9000-7f92493bd000 rw-s 12a7e9000 00:11 2111                      anon_inode:i915.gem
7f92493bd000-7f92493bf000 rw-s 12a7e7000 00:11 2111                      anon_inode:i915.gem
7f92493bf000-7f92493c1000 rw-s 12a7e5000 00:11 2111                      anon_inode:i915.gem
7f92493c1000-7f92493c3000 rw-s 12a7e3000 00:11 2111                      anon_inode:i915.gem
7f92493c3000-7f92493c5000 rw-s 12a7e1000 00:11 2111                      anon_inode:i915.gem
7f92493c5000-7f92493c9000 rw-s 12a7dd000 00:11 2111                      anon_inode:i915.gem
7f92493c9000-7f92493cd000 rw-s 12a7d9000 00:11 2111                      anon_inode:i915.gem
7f92493cd000-7f92493cf000 rw-s 12a7d7000 00:11 2111                      anon_inode:i915.gem
7f92493cf000-7f92493d3000 rw-s 12a7d3000 00:11 2111                      anon_inode:i915.gem
7f92493d3000-7f92493d5000 rw-s 12a7d1000 00:11 2111                      anon_inode:i915.gem
7f92493d5000-7f92493d9000 rw-s 12a7cd000 00:11 2111                      anon_inode:i915.gem
7f92493d9000-7f92493dd000 rw-s 12a7c9000 00:11 2111                      anon_inode:i915.gem
7f92493dd000-7f92493e1000 rw-s 12a7c5000 00:11 2111                      anon_inode:i915.gem
7f92493e1000-7f92493e5000 rw-s 12a7c1000 00:11 2111                      anon_inode:i915.gem
7f92493e5000-7f92493e9000 rw-s 103df1000 00:11 2111                      anon_inode:i915.gem
7f92493e9000-7f92493f1000 rw-s 12a7b9000 00:11 2111                      anon_inode:i915.gem
7f92493f1000-7f92493f9000 rw-s 103de9000 00:11 2111                      anon_inode:i915.gem
7f92493f9000-7f92493fd000 rw-s 103de5000 00:11 2111                      anon_inode:i915.gem
7f92493fd000-7f9249405000 rw-s 103ddd000 00:11 2111                      anon_inode:i915.gem
7f9249405000-7f9249409000 rw-s 103dd9000 00:11 2111                      anon_inode:i915.gem
7f9249409000-7f924940d000 rw-s 103dd5000 00:11 2111                      anon_inode:i915.gem
7f924940d000-7f9249411000 rw-s 103dd1000 00:11 2111                      anon_inode:i915.gem
7f9249411000-7f9249415000 rw-s 103dcd000 00:11 2111                      anon_inode:i915.gem
7f9249415000-7f9249419000 rw-s 103dc9000 00:11 2111                      anon_inode:i915.gem
7f9249419000-7f924941d000 rw-s 103dc5000 00:11 2111                      anon_inode:i915.gem
7f924941d000-7f9249421000 rw-s 103dc1000 00:11 2111                      anon_inode:i915.gem
7f9249421000-7f9249425000 rw-s 103dbd000 00:11 2111                      anon_inode:i915.gem
7f9249425000-7f9249429000 rw-s 103db9000 00:11 2111                      anon_inode:i915.gem
7f9249429000-7f924942d000 rw-s 103db5000 00:11 2111                      anon_inode:i915.gem
7f924942d000-7f924942f000 rw-s 12a777000 00:11 2111                      anon_inode:i915.gem
7f924942f000-7f9249433000 rw-s 12a773000 00:11 2111                      anon_inode:i915.gem
7f9249433000-7f9249437000 rw-s 12a76f000 00:11 2111                      anon_inode:i915.gem
7f9249437000-7f924943b000 rw-s 12a76b000 00:11 2111                      anon_inode:i915.gem
7f924943b000-7f924943f000 rw-s 12a767000 00:11 2111                      anon_inode:i915.gem
7f924943f000-7f9249443000 rw-s 12a763000 00:11 2111                      anon_inode:i915.gem
7f9249443000-7f9249447000 rw-s 12a75f000 00:11 2111                      anon_inode:i915.gem
7f9249447000-7f9249449000 rw-s 12a6dd000 00:11 2111                      anon_inode:i915.gem
7f9249449000-7f924944b000 rw-s 12a6db000 00:11 2111                      anon_inode:i915.gem
7f924944b000-7f924944d000 rw-s 12a6d9000 00:11 2111                      anon_inode:i915.gem
7f924944d000-7f924944f000 rw-s 12a6d7000 00:11 2111                      anon_inode:i915.gem
7f924944f000-7f9249451000 rw-s 12a6d5000 00:11 2111                      anon_inode:i915.gem
7f9249451000-7f9249455000 rw-s 12a6d1000 00:11 2111                      anon_inode:i915.gem
7f9249455000-7f9249457000 rw-s 12a6cf000 00:11 2111                      anon_inode:i915.gem
7f9249457000-7f924945b000 rw-s 12a6cb000 00:11 2111                      anon_inode:i915.gem
7f924945b000-7f924945f000 rw-s 12a6c7000 00:11 2111                      anon_inode:i915.gem
7f924945f000-7f9249463000 rw-s 12a6c3000 00:11 2111                      anon_inode:i915.gem
7f9249463000-7f9249467000 rw-s 12a6bf000 00:11 2111                      anon_inode:i915.gem
7f9249467000-7f924946b000 rw-s 12a6bb000 00:11 2111                      anon_inode:i915.gem
7f924946b000-7f924946f000 rw-s 12a6b7000 00:11 2111                      anon_inode:i915.gem
7f9249470000-7f9249472000 rw-s 12a6b4000 00:11 2111                      anon_inode:i915.gem
7f9249473000-7f9249475000 rw-s 12a6b1000 00:11 2111                      anon_inode:i915.gem
7f9249478000-7f924947a000 rw-s 12a6ac000 00:11 2111                      anon_inode:i915.gem
7f924947a000-7f924947c000 rw-s 12a6aa000 00:11 2111                      anon_inode:i915.gem
7f924947d000-7f924947f000 rw-s 12a6a7000 00:11 2111                      anon_inode:i915.gem
7f9249480000-7f9249482000 rw-s 12a6a4000 00:11 2111                      anon_inode:i915.gem
7f9249483000-7f9249485000 rw-s 12a6a1000 00:11 2111                      anon_inode:i915.gem
7f924948b000-7f924948d000 rw-s 12a69e000 00:11 2111                      anon_inode:i915.gem
7f9249494000-7f924949c000 rw-s 12a696000 00:11 2111                      anon_inode:i915.gem
7f924949c000-7f92494a4000 rw-s 12a68e000 00:11 2111                      anon_inode:i915.gem
7f92494a4000-7f92494ac000 rw-s 12a686000 00:11 2111                      anon_inode:i915.gem
7f92494ac000-7f92494b4000 rw-s 12a67e000 00:11 2111                      anon_inode:i915.gem
7f92494b4000-7f92494bc000 rw-s 12a676000 00:11 2111                      anon_inode:i915.gem
7f92494bc000-7f92494c4000 rw-s 12a66e000 00:11 2111                      anon_inode:i915.gem
7f92494c4000-7f92494c8000 rw-s 12a66a000 00:11 2111                      anon_inode:i915.gem
7f92494c8000-7f92494cc000 rw-s 12a666000 00:11 2111                      anon_inode:i915.gem
7f92494cc000-7f92494d0000 rw-s 12a662000 00:11 2111                      anon_inode:i915.gem
7f92494d0000-7f92494d4000 rw-s 12a65e000 00:11 2111                      anon_inode:i915.gem
7f92494d4000-7f92494d8000 rw-s 12a65a000 00:11 2111                      anon_inode:i915.gem
7f92494d8000-7f92494dc000 rw-s 12a656000 00:11 2111                      anon_inode:i915.gem
7f92494dc000-7f92494e4000 rw-s 12a64e000 00:11 2111                      anon_inode:i915.gem
7f92494e4000-7f92494e8000 rw-s 12a64a000 00:11 2111                      anon_inode:i915.gem
7f92494e8000-7f92494ec000 rw-s 12a646000 00:11 2111                      anon_inode:i915.gem
7f92494ec000-7f92494f0000 rw-s 12a642000 00:11 2111                      anon_inode:i915.gem
7f92494f0000-7f92494f8000 rw-s 12a63a000 00:11 2111                      anon_inode:i915.gem
7f92494f8000-7f92494fc000 rw-s 12a636000 00:11 2111                      anon_inode:i915.gem
7f92494fc000-7f9249504000 rw-s 12a62e000 00:11 2111                      anon_inode:i915.gem
7f9249504000-7f924950c000 rw-s 12a626000 00:11 2111                      anon_inode:i915.gem
7f924950c000-7f9249510000 rw-s 12a622000 00:11 2111                      anon_inode:i915.gem
7f9249510000-7f9249518000 rw-s 12a61a000 00:11 2111                      anon_inode:i915.gem
7f9249518000-7f9249520000 rw-s 12a612000 00:11 2111                      anon_inode:i915.gem
7f9249520000-7f9249524000 rw-s 12a60e000 00:11 2111                      anon_inode:i915.gem
7f9249524000-7f9249528000 rw-s 12a60a000 00:11 2111                      anon_inode:i915.gem
7f9249528000-7f9249530000 rw-s 12a602000 00:11 2111                      anon_inode:i915.gem
7f9249530000-7f9249534000 rw-s 12a5fe000 00:11 2111                      anon_inode:i915.gem
7f9249534000-7f9249538000 rw-s 12a5fa000 00:11 2111                      anon_inode:i915.gem
7f9249538000-7f924953c000 rw-s 12a5f6000 00:11 2111                      anon_inode:i915.gem
7f924953c000-7f9249540000 rw-s 12a5f2000 00:11 2111                      anon_inode:i915.gem
7f9249540000-7f9249544000 rw-s 12a5ee000 00:11 2111                      anon_inode:i915.gem
7f9249544000-7f924954c000 rw-s 12a5e6000 00:11 2111                      anon_inode:i915.gem
7f924954c000-7f9249554000 rw-s 12a5de000 00:11 2111                      anon_inode:i915.gem
7f9249554000-7f924955c000 rw-s 12a5d6000 00:11 2111                      anon_inode:i915.gem
7f924955c000-7f9249564000 rw-s 12a5ce000 00:11 2111                      anon_inode:i915.gem
7f9249564000-7f9249568000 rw-s 12a5ca000 00:11 2111                      anon_inode:i915.gem
7f9249568000-7f924956c000 rw-s 12a5c6000 00:11 2111                      anon_inode:i915.gem
7f924956c000-7f9249570000 rw-s 12a5c2000 00:11 2111                      anon_inode:i915.gem
7f9249570000-7f9249574000 rw-s 12a5be000 00:11 2111                      anon_inode:i915.gem
7f9249574000-7f9249578000 rw-s 12a5ba000 00:11 2111                      anon_inode:i915.gem
7f9249578000-7f924957c000 rw-s 12a5b6000 00:11 2111                      anon_inode:i915.gem
7f924957c000-7f9249584000 rw-s 12a5ae000 00:11 2111                      anon_inode:i915.gem
7f9249584000-7f9249588000 rw-s 12a5aa000 00:11 2111                      anon_inode:i915.gem
7f9249588000-7f924958c000 rw-s 12a5a6000 00:11 2111                      anon_inode:i915.gem
7f924958c000-7f9249590000 rw-s 12a5a2000 00:11 2111                      anon_inode:i915.gem
7f9249590000-7f9249592000 rw-s 12a5a0000 00:11 2111                      anon_inode:i915.gem
7f9249592000-7f9249594000 rw-s 12a59e000 00:11 2111                      anon_inode:i915.gem
7f9249594000-7f9249598000 rw-s 12a59a000 00:11 2111                      anon_inode:i915.gem
7f9249598000-7f924959c000 rw-s 12a596000 00:11 2111                      anon_inode:i915.gem
7f924959c000-7f92495a0000 rw-s 12a592000 00:11 2111                      anon_inode:i915.gem
7f92495a0000-7f92495a4000 rw-s 12a58e000 00:11 2111                      anon_inode:i915.gem
7f92495a4000-7f92495a8000 rw-s 12a58a000 00:11 2111                      anon_inode:i915.gem
7f92495a8000-7f92495ac000 rw-s 12a586000 00:11 2111                      anon_inode:i915.gem
7f92495ac000-7f92495ae000 rw-s 12a584000 00:11 2111                      anon_inode:i915.gem
7f92495ae000-7f92495b2000 rw-s 12a580000 00:11 2111                      anon_inode:i915.gem
7f92495b2000-7f92495b6000 rw-s 12a57c000 00:11 2111                      anon_inode:i915.gem
7f92495b6000-7f92495ba000 rw-s 12a578000 00:11 2111                      anon_inode:i915.gem
7f92495ba000-7f92495c2000 rw-s 12a570000 00:11 2111                      anon_inode:i915.gem
7f92495c2000-7f92495c6000 rw-s 12a56c000 00:11 2111                      anon_inode:i915.gem
7f92495c6000-7f92495ca000 rw-s 12a568000 00:11 2111                      anon_inode:i915.gem
7f92495ca000-7f92495ce000 rw-s 12a564000 00:11 2111                      anon_inode:i915.gem
7f92495ce000-7f92495d2000 rw-s 12a560000 00:11 2111                      anon_inode:i915.gem
7f92495d2000-7f92495d6000 rw-s 12a55c000 00:11 2111                      anon_inode:i915.gem
7f92495d6000-7f92495d8000 rw-s 12a55a000 00:11 2111                      anon_inode:i915.gem
7f92495d8000-7f92495dc000 rw-s 12a556000 00:11 2111                      anon_inode:i915.gem
7f92495dc000-7f92495e0000 rw-s 12a552000 00:11 2111                      anon_inode:i915.gem
7f92495e0000-7f92495e4000 rw-s 12a54e000 00:11 2111                      anon_inode:i915.gem
7f92495e4000-7f92495e6000 rw-s 12a54c000 00:11 2111                      anon_inode:i915.gem
7f92495e6000-7f92495e8000 rw-s 12a54a000 00:11 2111                      anon_inode:i915.gem
7f92495e8000-7f92495ea000 rw-s 12a548000 00:11 2111                      anon_inode:i915.gem
7f92495ea000-7f92495ee000 rw-s 12a544000 00:11 2111                      anon_inode:i915.gem
7f92495ee000-7f92495f2000 rw-s 12a540000 00:11 2111                      anon_inode:i915.gem
7f92495f2000-7f92495fa000 rw-s 12a538000 00:11 2111                      anon_inode:i915.gem
7f92495fa000-7f92495fc000 rw-s 12a312000 00:11 2111                      anon_inode:i915.gem
7f92495fc000-7f9249600000 rw-s 12a534000 00:11 2111                      anon_inode:i915.gem
7f9249600000-7f9249602000 rw-s 129d98000 00:11 2111                      anon_inode:i915.gem
7f9249602000-7f9249606000 rw-s 12a530000 00:11 2111                      anon_inode:i915.gem
7f9249608000-7f924960c000 rw-s 12a52c000 00:11 2111                      anon_inode:i915.gem
7f924960c000-7f9249610000 rw-s 12a528000 00:11 2111                      anon_inode:i915.gem
7f9249610000-7f9249614000 rw-s 12a524000 00:11 2111                      anon_inode:i915.gem
7f9249614000-7f9249618000 rw-s 12a520000 00:11 2111                      anon_inode:i915.gem
7f9249618000-7f924961c000 rw-s 12a51c000 00:11 2111                      anon_inode:i915.gem
7f924961c000-7f9249620000 rw-s 12a518000 00:11 2111                      anon_inode:i915.gem
7f9249620000-7f9249624000 rw-s 12a514000 00:11 2111                      anon_inode:i915.gem
7f9249624000-7f9249628000 rw-s 12a510000 00:11 2111                      anon_inode:i915.gem
7f9249628000-7f924962c000 rw-s 12a50c000 00:11 2111                      anon_inode:i915.gem
7f924962c000-7f9249630000 rw-s 12a508000 00:11 2111                      anon_inode:i915.gem
7f9249630000-7f9249634000 rw-s 12a504000 00:11 2111                      anon_inode:i915.gem
7f9249634000-7f924963c000 rw-s 12a4fc000 00:11 2111                      anon_inode:i915.gem
7f924963c000-7f9249644000 rw-s 12a4f4000 00:11 2111                      anon_inode:i915.gem
7f9249644000-7f924964c000 rw-s 12a4ec000 00:11 2111                      anon_inode:i915.gem
7f924964c000-7f9249654000 rw-s 12a4e4000 00:11 2111                      anon_inode:i915.gem
7f9249654000-7f9249658000 rw-s 12a4e0000 00:11 2111                      anon_inode:i915.gem
7f9249658000-7f924965c000 rw-s 12a4dc000 00:11 2111                      anon_inode:i915.gem
7f924965c000-7f9249664000 rw-s 12a4d4000 00:11 2111                      anon_inode:i915.gem
7f9249664000-7f924966c000 rw-s 12a4cc000 00:11 2111                      anon_inode:i915.gem
7f924966c000-7f9249674000 rw-s 12a4c4000 00:11 2111                      anon_inode:i915.gem
7f9249674000-7f924967c000 rw-s 12a4bc000 00:11 2111                      anon_inode:i915.gem
7f924967c000-7f9249684000 rw-s 12a4b4000 00:11 2111                      anon_inode:i915.gem
7f9249684000-7f924968c000 rw-s 12a4ac000 00:11 2111                      anon_inode:i915.gem
7f924968c000-7f9249694000 rw-s 12a4a4000 00:11 2111                      anon_inode:i915.gem
7f9249694000-7f924969c000 rw-s 12a49c000 00:11 2111                      anon_inode:i915.gem
7f924969c000-7f92496a4000 rw-s 12a494000 00:11 2111                      anon_inode:i915.gem
7f92496a4000-7f92496ac000 rw-s 12a48c000 00:11 2111                      anon_inode:i915.gem
7f92496ac000-7f92496b4000 rw-s 12a484000 00:11 2111                      anon_inode:i915.gem
7f92496b4000-7f92496bc000 rw-s 12a47c000 00:11 2111                      anon_inode:i915.gem
7f92496bc000-7f92496c4000 rw-s 12a474000 00:11 2111                      anon_inode:i915.gem
7f92496c4000-7f92496cc000 rw-s 12a46c000 00:11 2111                      anon_inode:i915.gem
7f92496cc000-7f92496d4000 rw-s 12a464000 00:11 2111                      anon_inode:i915.gem
7f92496d4000-7f92496dc000 rw-s 12a45c000 00:11 2111                      anon_inode:i915.gem
7f92496dc000-7f92496ec000 rw-s 12a44c000 00:11 2111                      anon_inode:i915.gem
7f92496ec000-7f92496f4000 rw-s 12a444000 00:11 2111                      anon_inode:i915.gem
7f92496f4000-7f92496fc000 rw-s 12a43c000 00:11 2111                      anon_inode:i915.gem
7f92496fc000-7f9249704000 rw-s 12a434000 00:11 2111                      anon_inode:i915.gem
7f9249704000-7f9249708000 rw-s 12a430000 00:11 2111                      anon_inode:i915.gem
7f9249708000-7f9249710000 rw-s 12a428000 00:11 2111                      anon_inode:i915.gem
7f9249710000-7f9249714000 rw-s 12a424000 00:11 2111                      anon_inode:i915.gem
7f9249714000-7f9249718000 rw-s 12a420000 00:11 2111                      anon_inode:i915.gem
7f9249718000-7f9249720000 rw-s 12a418000 00:11 2111                      anon_inode:i915.gem
7f9249720000-7f9249724000 rw-s 12a414000 00:11 2111                      anon_inode:i915.gem
7f9249724000-7f924972c000 rw-s 12a40c000 00:11 2111                      anon_inode:i915.gem
7f924972c000-7f9249734000 rw-s 12a404000 00:11 2111                      anon_inode:i915.gem
7f9249734000-7f924973c000 rw-s 12a3fc000 00:11 2111                      anon_inode:i915.gem
7f924973c000-7f9249744000 rw-s 12a3f4000 00:11 2111                      anon_inode:i915.gem
7f9249744000-7f9249748000 rw-s 12a3f0000 00:11 2111                      anon_inode:i915.gem
7f9249748000-7f924974c000 rw-s 12a3ec000 00:11 2111                      anon_inode:i915.gem
7f924974c000-7f9249754000 rw-s 12a3e4000 00:11 2111                      anon_inode:i915.gem
7f9249754000-7f924975c000 rw-s 12a3dc000 00:11 2111                      anon_inode:i915.gem
7f924975c000-7f9249764000 rw-s 12a3d4000 00:11 2111                      anon_inode:i915.gem
7f9249764000-7f924976c000 rw-s 12a3cc000 00:11 2111                      anon_inode:i915.gem
7f924976c000-7f9249774000 rw-s 12a3c4000 00:11 2111                      anon_inode:i915.gem
7f9249774000-7f924977c000 rw-s 12a3bc000 00:11 2111                      anon_inode:i915.gem
7f924977c000-7f9249784000 rw-s 12a3b4000 00:11 2111                      anon_inode:i915.gem
7f9249784000-7f924978c000 rw-s 12a3ac000 00:11 2111                      anon_inode:i915.gem
7f924978c000-7f9249794000 rw-s 12a3a4000 00:11 2111                      anon_inode:i915.gem
7f9249794000-7f9249798000 rw-s 12a3a0000 00:11 2111                      anon_inode:i915.gem
7f9249798000-7f924979c000 rw-s 12a39c000 00:11 2111                      anon_inode:i915.gem
7f924979c000-7f92497a0000 rw-s 129d94000 00:11 2111                      anon_inode:i915.gem
7f92497a0000-7f92497a8000 rw-s 12a394000 00:11 2111                      anon_inode:i915.gem
7f92497a8000-7f92497b0000 rw-s 129d8c000 00:11 2111                      anon_inode:i915.gem
7f92497b0000-7f92497b4000 rw-s 129d88000 00:11 2111                      anon_inode:i915.gem
7f92497b4000-7f92497b8000 rw-s 129d84000 00:11 2111                      anon_inode:i915.gem
7f92497b8000-7f92497bc000 rw-s 129d80000 00:11 2111                      anon_inode:i915.gem
7f92497bc000-7f92497c0000 rw-s 129d7c000 00:11 2111                      anon_inode:i915.gem
7f92497c0000-7f92497c4000 rw-s 129d78000 00:11 2111                      anon_inode:i915.gem
7f92497c4000-7f92497cc000 rw-s 129d70000 00:11 2111                      anon_inode:i915.gem
7f92497cc000-7f92497d4000 rw-s 129d68000 00:11 2111                      anon_inode:i915.gem
7f92497d4000-7f92497dc000 rw-s 129d60000 00:11 2111                      anon_inode:i915.gem
7f92497dc000-7f92497e0000 rw-s 129d5c000 00:11 2111                      anon_inode:i915.gem
7f92497e0000-7f92497e8000 rw-s 129d54000 00:11 2111                      anon_inode:i915.gem
7f92497e8000-7f92497ec000 rw-s 129d50000 00:11 2111                      anon_inode:i915.gem
7f92497ec000-7f92497f0000 rw-s 129d4c000 00:11 2111                      anon_inode:i915.gem
7f92497f0000-7f92497f4000 rw-s 12a30e000 00:11 2111                      anon_inode:i915.gem
7f92497f4000-7f92497fc000 rw-s 129d44000 00:11 2111                      anon_inode:i915.gem
7f92497fc000-7f9249804000 rw-s 129d3c000 00:11 2111                      anon_inode:i915.gem
7f9249804000-7f924980c000 rw-s 129d34000 00:11 2111                      anon_inode:i915.gem
7f924980c000-7f924981c000 rw-s 117216000 00:11 2111                      anon_inode:i915.gem
7f924981c000-7f924982c000 rw-s 135e62000 00:11 2111                      anon_inode:i915.gem
7f924982c000-7f924983c000 rw-s 135e52000 00:11 2111                      anon_inode:i915.gem
7f924983c000-7f924984c000 rw-s 12487e000 00:11 2111                      anon_inode:i915.gem
7f924984c000-7f924985c000 rw-s 12a206000 00:11 2111                      anon_inode:i915.gem
7f924985c000-7f924987c000 rw-s 102061000 00:11 2111                      anon_inode:i915.gem
7f924987c000-7f9249884000 rw-s 129cbc000 00:11 2111                      anon_inode:i915.gem
7f9249884000-7f924988c000 rw-s 129cb4000 00:11 2111                      anon_inode:i915.gem
7f924988c000-7f9249894000 rw-s 129cac000 00:11 2111                      anon_inode:i915.gem
7f9249894000-7f924989c000 rw-s 129ca4000 00:11 2111                      anon_inode:i915.gem
7f924989c000-7f92498a4000 rw-s 129c9c000 00:11 2111                      anon_inode:i915.gem
7f92498a4000-7f92498ac000 rw-s 129c94000 00:11 2111                      anon_inode:i915.gem
7f92498ac000-7f92498b4000 rw-s 129c8c000 00:11 2111                      anon_inode:i915.gem
7f92498b4000-7f92498bc000 rw-s 129c84000 00:11 2111                      anon_inode:i915.gem
7f92498bc000-7f92498c4000 rw-s 129c7c000 00:11 2111                      anon_inode:i915.gem
7f92498c4000-7f92498cc000 rw-s 129c74000 00:11 2111                      anon_inode:i915.gem
7f92498cc000-7f92498d4000 rw-s 129c6c000 00:11 2111                      anon_inode:i915.gem
7f92498d4000-7f92498dc000 rw-s 129c64000 00:11 2111                      anon_inode:i915.gem
7f92498dc000-7f92498e4000 rw-s 129c5c000 00:11 2111                      anon_inode:i915.gem
7f92498e4000-7f92498ec000 rw-s 129c54000 00:11 2111                      anon_inode:i915.gem
7f92498ec000-7f92498f4000 rw-s 129c4c000 00:11 2111                      anon_inode:i915.gem
7f92498f4000-7f92498fc000 rw-s 129c44000 00:11 2111                      anon_inode:i915.gem
7f92498fc000-7f9249904000 rw-s 129c3c000 00:11 2111                      anon_inode:i915.gem
7f9249904000-7f924990c000 rw-s 129c34000 00:11 2111                      anon_inode:i915.gem
7f924990c000-7f9249914000 rw-s 129c2c000 00:11 2111                      anon_inode:i915.gem
7f9249914000-7f924991c000 rw-s 129c24000 00:11 2111                      anon_inode:i915.gem
7f924991c000-7f9249924000 rw-s 129c1c000 00:11 2111                      anon_inode:i915.gem
7f9249924000-7f924992c000 rw-s 129c14000 00:11 2111                      anon_inode:i915.gem
7f924992c000-7f9249934000 rw-s 129c0c000 00:11 2111                      anon_inode:i915.gem
7f9249934000-7f924993c000 rw-s 129c04000 00:11 2111                      anon_inode:i915.gem
7f924993c000-7f9249944000 rw-s 129bfc000 00:11 2111                      anon_inode:i915.gem
7f9249944000-7f9249948000 rw-s 129a70000 00:11 2111                      anon_inode:i915.gem
7f9249948000-7f9249950000 rw-s 128062000 00:11 2111                      anon_inode:i915.gem
7f9249950000-7f9249958000 rw-s 12805a000 00:11 2111                      anon_inode:i915.gem
7f9249958000-7f9249960000 rw-s 128052000 00:11 2111                      anon_inode:i915.gem
7f9249960000-7f9249968000 rw-s 12804a000 00:11 2111                      anon_inode:i915.gem
7f9249968000-7f9249970000 rw-s 129a68000 00:11 2111                      anon_inode:i915.gem
7f9249970000-7f9249978000 rw-s 129a60000 00:11 2111                      anon_inode:i915.gem
7f9249978000-7f9249980000 rw-s 129a58000 00:11 2111                      anon_inode:i915.gem
7f9249980000-7f9249988000 rw-s 129a50000 00:11 2111                      anon_inode:i915.gem
7f9249988000-7f9249990000 rw-s 129a48000 00:11 2111                      anon_inode:i915.gem
7f9249990000-7f9249998000 rw-s 129a40000 00:11 2111                      anon_inode:i915.gem
7f9249998000-7f924999c000 rw-s 129a3c000 00:11 2111                      anon_inode:i915.gem
7f924999c000-7f92499a0000 rw-s 129a38000 00:11 2111                      anon_inode:i915.gem
7f92499a0000-7f92499a4000 rw-s 129a34000 00:11 2111                      anon_inode:i915.gem
7f92499a4000-7f92499ac000 rw-s 129a2c000 00:11 2111                      anon_inode:i915.gem
7f92499ac000-7f92499b0000 rw-s 129a28000 00:11 2111                      anon_inode:i915.gem
7f92499b0000-7f92499b4000 rw-s 129a24000 00:11 2111                      anon_inode:i915.gem
7f92499b4000-7f92499b8000 rw-s 129a20000 00:11 2111                      anon_inode:i915.gem
7f92499b8000-7f92499c0000 rw-s 129a18000 00:11 2111                      anon_inode:i915.gem
7f92499c0000-7f92499c4000 rw-s 129a14000 00:11 2111                      anon_inode:i915.gem
7f92499c4000-7f9249a04000 rw-s 129b3c000 00:11 2111                      anon_inode:i915.gem
7f9249a04000-7f9249a44000 rw-s 129afc000 00:11 2111                      anon_inode:i915.gem
7f9249a44000-7f9249a4c000 rw-s 129af4000 00:11 2111                      anon_inode:i915.gem
7f9249a4c000-7f9249a54000 rw-s 129aec000 00:11 2111                      anon_inode:i915.gem
7f9249a54000-7f9249a5c000 rw-s 129ae4000 00:11 2111                      anon_inode:i915.gem
7f9249a5c000-7f9249a64000 rw-s 129adc000 00:11 2111                      anon_inode:i915.gem
7f9249a64000-7f9249a6c000 rw-s 129ad4000 00:11 2111                      anon_inode:i915.gem
7f9249a6c000-7f9249a74000 rw-s 129acc000 00:11 2111                      anon_inode:i915.gem
7f9249a74000-7f9249a7c000 rw-s 129ac4000 00:11 2111                      anon_inode:i915.gem
7f9249a7c000-7f9249a84000 rw-s 129abc000 00:11 2111                      anon_inode:i915.gem
7f9249a84000-7f9249a8c000 rw-s 129ab4000 00:11 2111                      anon_inode:i915.gem
7f9249a8c000-7f9249a94000 rw-s 129aac000 00:11 2111                      anon_inode:i915.gem
7f9249a94000-7f9249a9c000 rw-s 129aa4000 00:11 2111                      anon_inode:i915.gem
7f9249a9c000-7f9249aa4000 rw-s 129a9c000 00:11 2111                      anon_inode:i915.gem
7f9249aa4000-7f9249aac000 rw-s 129a94000 00:11 2111                      anon_inode:i915.gem
7f9249aac000-7f9249abc000 rw-s 106ce6000 00:11 2111                      anon_inode:i915.gem
7f9249abc000-7f9249acc000 rw-s 106cd6000 00:11 2111                      anon_inode:i915.gem
7f9249acc000-7f9249ad0000 rw-s 1290e6000 00:11 2111                      anon_inode:i915.gem
7f9249ad0000-7f9249ad8000 rw-s 1290de000 00:11 2111                      anon_inode:i915.gem
7f9249ad8000-7f9249adc000 rw-s 1290da000 00:11 2111                      anon_inode:i915.gem
7f9249adc000-7f9249ae0000 rw-s 1290d6000 00:11 2111                      anon_inode:i915.gem
7f9249ae0000-7f9249ae8000 rw-s 1290ce000 00:11 2111                      anon_inode:i915.gem
7f9249ae8000-7f9249aec000 rw-s 1290ca000 00:11 2111                      anon_inode:i915.gem
7f9249aec000-7f9249af0000 rw-s 1290c6000 00:11 2111                      anon_inode:i915.gem
7f9249af0000-7f9249af8000 rw-s 1290be000 00:11 2111                      anon_inode:i915.gem
7f9249af8000-7f9249afc000 rw-s 1290ba000 00:11 2111                      anon_inode:i915.gem
7f9249afc000-7f9249b04000 rw-s 1290b2000 00:11 2111                      anon_inode:i915.gem
7f9249b04000-7f9249b0c000 rw-s 1290aa000 00:11 2111                      anon_inode:i915.gem
7f9249b0c000-7f9249b14000 rw-s 1299fc000 00:11 2111                      anon_inode:i915.gem
7f9249b14000-7f9249b1c000 rw-s 1299f4000 00:11 2111                      anon_inode:i915.gem
7f9249b1c000-7f9249b24000 rw-s 1299ec000 00:11 2111                      anon_inode:i915.gem
7f9249b24000-7f9249b2c000 rw-s 1299e4000 00:11 2111                      anon_inode:i915.gem
7f9249b2c000-7f9249b3c000 rw-s 10f6ca000 00:11 2111                      anon_inode:i915.gem
7f9249b3c000-7f9249b40000 rw-s 1299e0000 00:11 2111                      anon_inode:i915.gem
7f9249b40000-7f9249b44000 rw-s 1299dc000 00:11 2111                      anon_inode:i915.gem
7f9249b44000-7f9249b4c000 rw-s 1299d4000 00:11 2111                      anon_inode:i915.gem
7f9249b4c000-7f9249b54000 rw-s 1299cc000 00:11 2111                      anon_inode:i915.gem
7f9249b54000-7f9249b5c000 rw-s 1299c4000 00:11 2111                      anon_inode:i915.gem
7f9249b5c000-7f9249b60000 rw-s 12a1ea000 00:11 2111                      anon_inode:i915.gem
7f9249b60000-7f9249b64000 rw-s 12a1e6000 00:11 2111                      anon_inode:i915.gem
7f9249b64000-7f9249b6c000 rw-s 12a1de000 00:11 2111                      anon_inode:i915.gem
7f9249b6c000-7f9249b74000 rw-s 12a1d6000 00:11 2111                      anon_inode:i915.gem
7f9249b74000-7f9249b7c000 rw-s 12a1ce000 00:11 2111                      anon_inode:i915.gem
7f9249b7c000-7f9249b84000 rw-s 12991c000 00:11 2111                      anon_inode:i915.gem
7f9249b84000-7f9249b8c000 rw-s 129914000 00:11 2111                      anon_inode:i915.gem
7f9249b8c000-7f9249b94000 rw-s 12990c000 00:11 2111                      anon_inode:i915.gem
7f9249b94000-7f9249b9c000 rw-s 129904000 00:11 2111                      anon_inode:i915.gem
7f9249ba0000-7f9249ba4000 rw-s 103923000 00:11 2111                      anon_inode:i915.gem
7f9249ba4000-7f9249ba8000 rw-s 1280be000 00:11 2111                      anon_inode:i915.gem
7f9249ba8000-7f9249bb8000 rw-s 106de2000 00:11 2111                      anon_inode:i915.gem
7f9249bb8000-7f9249bc8000 rw-s 12880a000 00:11 2111                      anon_inode:i915.gem
7f9249bc8000-7f9249bcc000 rw-s 10fcba000 00:11 2111                      anon_inode:i915.gem
7f9249bcc000-7f9249bdc000 rw-s 1287fa000 00:11 2111                      anon_inode:i915.gem
7f9249bdc000-7f9249bec000 rw-s 12a789000 00:11 2111                      anon_inode:i915.gem
7f9249bec000-7f9249bfc000 rw-s 105cd0000 00:11 2111                      anon_inode:i915.gem
7f9249bfc000-7f9249c0c000 rw-s 105ce0000 00:11 2111                      anon_inode:i915.gem
7f9249c0c000-7f9249c1c000 rw-s 12a2ee000 00:11 2111                      anon_inode:i915.gem
7f9249c1c000-7f9249c24000 rw-s 1299bc000 00:11 2111                      anon_inode:i915.gem
7f9249c24000-7f9249c2c000 rw-s 1299b4000 00:11 2111                      anon_inode:i915.gem
7f9249c2c000-7f9249c34000 rw-s 1299ac000 00:11 2111                      anon_inode:i915.gem
7f9249c34000-7f9249c3c000 rw-s 1299a4000 00:11 2111                      anon_inode:i915.gem
7f9249c3c000-7f9249c4c000 rw-s 10f6ba000 00:11 2111                      anon_inode:i915.gem
7f9249c4c000-7f9249c50000 rw-s 12f69e000 00:11 2111                      anon_inode:i915.gem
7f9249c50000-7f9249c52000 rw-s 12f69c000 00:11 2111                      anon_inode:i915.gem
7f9249c52000-7f9249c54000 rw-s 129067000 00:11 2111                      anon_inode:i915.gem
7f9249c54000-7f9249c58000 rw-s 12f698000 00:11 2111                      anon_inode:i915.gem
7f9249c58000-7f9249c5c000 rw-s 12f694000 00:11 2111                      anon_inode:i915.gem
7f9249c5c000-7f9249c60000 rw-s 125d52000 00:11 2111                      anon_inode:i915.gem
7f9249c60000-7f9249c68000 rw-s 12f68c000 00:11 2111                      anon_inode:i915.gem
7f9249c68000-7f9249c70000 rw-s 12f684000 00:11 2111                      anon_inode:i915.gem
7f9249c70000-7f9249c78000 rw-s 125d4a000 00:11 2111                      anon_inode:i915.gem
7f9249c78000-7f9249c7c000 rw-s 125d46000 00:11 2111                      anon_inode:i915.gem
7f9249c7c000-7f9249c84000 rw-s 125d3e000 00:11 2111                      anon_inode:i915.gem
7f9249c84000-7f9249c8c000 rw-s 125d36000 00:11 2111                      anon_inode:i915.gem
7f9249c8c000-7f9249c9c000 rw-s 1020b2000 00:11 2111                      anon_inode:i915.gem
7f9249c9c000-7f9249cac000 rw-s 105e24000 00:11 2111                      anon_inode:i915.gem
7f9249cac000-7f9249cb0000 rw-s 12f240000 00:11 2111                      anon_inode:i915.gem
7f9249cb0000-7f9249cb8000 rw-s 12f238000 00:11 2111                      anon_inode:i915.gem
7f9249cb8000-7f9249cc0000 rw-s 12f230000 00:11 2111                      anon_inode:i915.gem
7f9249cc0000-7f9249cc8000 rw-s 12f228000 00:11 2111                      anon_inode:i915.gem
7f9249cc8000-7f9249ccc000 rw-s 12f224000 00:11 2111                      anon_inode:i915.gem
7f9249ccc000-7f9249cdc000 rw-s 10443a000 00:11 2111                      anon_inode:i915.gem
7f9249cdc000-7f9249ce0000 rw-s 129063000 00:11 2111                      anon_inode:i915.gem
7f9249ce0000-7f9249ce4000 rw-s 12905f000 00:11 2111                      anon_inode:i915.gem
7f9249ce4000-7f9249ce8000 rw-s 129d9a000 00:11 2111                      anon_inode:i915.gem
7f9249ce8000-7f9249cf0000 rw-s 129056000 00:11 2111                      anon_inode:i915.gem
7f9249cf0000-7f9249cf4000 rw-s 129052000 00:11 2111                      anon_inode:i915.gem
7f9249cf4000-7f9249cf8000 rw-s 12904e000 00:11 2111                      anon_inode:i915.gem
7f9249cf8000-7f9249cfc000 rw-s 12904a000 00:11 2111                      anon_inode:i915.gem
7f9249cfc000-7f9249d0c000 rw-s 125daa000 00:11 2111                      anon_inode:i915.gem
7f9249d0c000-7f9249d4c000 rw-s 106d32000 00:11 2111                      anon_inode:i915.gem
7f9249d4c000-7f9249d6c000 rw-s 10c6b2000 00:11 2111                      anon_inode:i915.gem
7f9249d6c000-7f9249d7c000 rw-s 12488e000 00:11 2111                      anon_inode:i915.gem
7f9249d7c000-7f9249d8c000 rw-s 106dd2000 00:11 2111                      anon_inode:i915.gem
7f9249d8c000-7f9249d9c000 rw-s 105a60000 00:11 2111                      anon_inode:i915.gem
7f9249d9c000-7f9249dac000 rw-s 118f46000 00:11 2111                      anon_inode:i915.gem
7f9249dac000-7f9249dbc000 rw-s 101cef000 00:11 2111                      anon_inode:i915.gem
7f9249dbc000-7f9249dcc000 rw-s 1020a2000 00:11 2111                      anon_inode:i915.gem
7f9249dcc000-7f9249ddc000 rw-s 135e72000 00:11 2111                      anon_inode:i915.gem
7f9249ddc000-7f9249dec000 rw-s 12a2fe000 00:11 2111                      anon_inode:i915.gem
7f9249dec000-7f9249e0c000 rw-s 10449c000 00:11 2111                      anon_inode:i915.gem
7f9249e0c000-7f9249e1c000 rw-s 118fda000 00:11 2111                      anon_inode:i915.gem
7f9249e1c000-7f9249e2c000 rw-s 129a74000 00:11 2111                      anon_inode:i915.gem
7f9249e2c000-7f9249e3c000 rw-s 135e98000 00:11 2111                      anon_inode:i915.gem
7f9249e3c000-7f9249e4c000 rw-s 135e88000 00:11 2111                      anon_inode:i915.gem
7f9249e4c000-7f9249e54000 rw-s 12a2b6000 00:11 2111                      anon_inode:i915.gem
7f9249e54000-7f9249e5c000 rw-s 12a2ae000 00:11 2111                      anon_inode:i915.gem
7f9249e5c000-7f9249e64000 rw-s 12a2a6000 00:11 2111                      anon_inode:i915.gem
7f9249e64000-7f9249e6c000 rw-s 12a29e000 00:11 2111                      anon_inode:i915.gem
7f9249e6c000-7f9249e70000 rw-s 135ea8000 00:11 2111                      anon_inode:i915.gem
7f9249e70000-7f9249e74000 rw-s 135e84000 00:11 2111                      anon_inode:i915.gem
7f9249e74000-7f9249e78000 rw-s 12a8a7000 00:11 2111                      anon_inode:i915.gem
7f9249e78000-7f9249e88000 rw-s 105a50000 00:11 2111                      anon_inode:i915.gem
7f9249e88000-7f9249e8c000 rw-s 12a8a3000 00:11 2111                      anon_inode:i915.gem
7f9249e8e000-7f9249e9e000 rw-s 129a84000 00:11 2111                      anon_inode:i915.gem
7f9249e9e000-7f9249ea0000 rw-s 12a263000 00:11 2111                      anon_inode:i915.gem
7f9249ea0000-7f9249ea4000 rw-s 101d1a000 00:11 2111                      anon_inode:i915.gem
7f9249ea4000-7f9249eb4000 rw-s 101827000 00:11 2111                      anon_inode:i915.gem
7f9249eb4000-7f9249eb6000 rw-s 12a24e000 00:11 2111                      anon_inode:i915.gem
7f9249eb6000-7f9249eb8000 rw-s 10473b000 00:11 2111                      anon_inode:i915.gem
7f9249eb9000-7f9249eba000 rw-s 00000000 00:01 325                        /memfd:xshmfence (deleted)
7f9249eba000-7f9249ebc000 rw-s 104737000 00:11 2111                      anon_inode:i915.gem
7f9249ebc000-7f9249ecc000 rw-s 125dba000 00:11 2111                      anon_inode:i915.gem
7f9249ecc000-7f9249ed4000 rw-s 12a236000 00:11 2111                      anon_inode:i915.gem
7f9249ed4000-7f9249ed8000 rw-s 10ad4e000 00:11 2111                      anon_inode:i915.gem
7f9249ed8000-7f9249ee0000 rw-s 10ad46000 00:11 2111                      anon_inode:i915.gem
7f9249ee0000-7f9249ee8000 rw-s 10ad3e000 00:11 2111                      anon_inode:i915.gem
7f9249ee8000-7f9249eec000 rw-s 10ad3a000 00:11 2111                      anon_inode:i915.gem
7f9249eec000-7f9249ef4000 rw-s 10ad32000 00:11 2111                      anon_inode:i915.gem
7f9249ef4000-7f9249f04000 rw-s 1047cf000 00:11 2111                      anon_inode:i915.gem
7f9249f04000-7f9249f0c000 rw-s 12a1fe000 00:11 2111                      anon_inode:i915.gem
7f9249f0c000-7f9249f14000 rw-s 12a1f6000 00:11 2111                      anon_inode:i915.gem
7f9249f14000-7f9249f1c000 rw-s 12a1ee000 00:11 2111                      anon_inode:i915.gem
7f9249f1c000-7f9249f20000 rw-s 105d2c000 00:11 2111                      anon_inode:i915.gem
7f9249f20000-7f9249f24000 rw-s 105d28000 00:11 2111                      anon_inode:i915.gem
7f9249f24000-7f9249f2c000 rw-s 105d20000 00:11 2111                      anon_inode:i915.gem
7f9249f2c000-7f9249f34000 rw-s 105d18000 00:11 2111                      anon_inode:i915.gem
7f9249f34000-7f9249f3c000 rw-s 105d10000 00:11 2111                      anon_inode:i915.gem
7f9249f3c000-7f9249f4c000 rw-s 1032e8000 00:11 2111                      anon_inode:i915.gem
7f9249f4c000-7f9249f54000 rw-s 12a1b6000 00:11 2111                      anon_inode:i915.gem
7f9249f54000-7f924a154000 rw-s 1296f4000 00:11 2111                      anon_inode:i915.gem
7f924a154000-7f924a15c000 rw-s 12a1ae000 00:11 2111                      anon_inode:i915.gem
7f924a15c000-7f924a164000 rw-s 12a1a6000 00:11 2111                      anon_inode:i915.gem
7f924a164000-7f924a16c000 rw-s 12a19e000 00:11 2111                      anon_inode:i915.gem
7f924a16c000-7f924a174000 rw-s 12f9ec000 00:11 2111                      anon_inode:i915.gem
7f924a174000-7f924a17c000 rw-s 12f9e4000 00:11 2111                      anon_inode:i915.gem
7f924a17c000-7f924a184000 rw-s 12f9dc000 00:11 2111                      anon_inode:i915.gem
7f924a184000-7f924a18c000 rw-s 12f9d4000 00:11 2111                      anon_inode:i915.gem
7f924a18c000-7f924a194000 rw-s 12f9cc000 00:11 2111                      anon_inode:i915.gem
7f924a194000-7f924a19c000 rw-s 12f9c4000 00:11 2111                      anon_inode:i915.gem
7f924a19c000-7f924a1a4000 rw-s 12f9bc000 00:11 2111                      anon_inode:i915.gem
7f924a1a4000-7f924a1ac000 rw-s 12f9b4000 00:11 2111                      anon_inode:i915.gem
7f924a1ac000-7f924a1b4000 rw-s 12f9ac000 00:11 2111                      anon_inode:i915.gem
7f924a1b4000-7f924a1bc000 rw-s 12f9a4000 00:11 2111                      anon_inode:i915.gem
7f924a1bc000-7f924a1c4000 rw-s 12f99c000 00:11 2111                      anon_inode:i915.gem
7f924a1c4000-7f924a1cc000 rw-s 12f994000 00:11 2111                      anon_inode:i915.gem
7f924a1cc000-7f924a1d4000 rw-s 12f98c000 00:11 2111                      anon_inode:i915.gem
7f924a1d4000-7f924a1d6000 rw-s 12f98a000 00:11 2111                      anon_inode:i915.gem
7f924a1d6000-7f924a1da000 rw-s 12f986000 00:11 2111                      anon_inode:i915.gem
7f924a1da000-7f924a1de000 rw-s 12f982000 00:11 2111                      anon_inode:i915.gem
7f924a1de000-7f924a1e2000 rw-s 12f97e000 00:11 2111                      anon_inode:i915.gem
7f924a1e2000-7f924a1ea000 rw-s 12f976000 00:11 2111                      anon_inode:i915.gem
7f924a1ea000-7f924a1ec000 rw-s 101c34000 00:11 2111                      anon_inode:i915.gem
7f924a1ec000-7f924a1ee000 rw-s 102c90000 00:11 2111                      anon_inode:i915.gem
7f924a1ee000-7f924a1f0000 rw-s 1049af000 00:11 2111                      anon_inode:i915.gem
7f924a1f0000-7f924a1f4000 rw-s 12f972000 00:11 2111                      anon_inode:i915.gem
7f924a1f4000-7f924a1f6000 rw-s 103e32000 00:11 2111                      anon_inode:i915.gem
7f924a1f6000-7f924a1fe000 rw-s 12f96a000 00:11 2111                      anon_inode:i915.gem
7f924a1fe000-7f924a202000 rw-s 12f966000 00:11 2111                      anon_inode:i915.gem
7f924a202000-7f924a20a000 rw-s 12f95e000 00:11 2111                      anon_inode:i915.gem
7f924a20a000-7f924a20e000 rw-s 12f95a000 00:11 2111                      anon_inode:i915.gem
7f924a20e000-7f924a212000 rw-s 12f956000 00:11 2111                      anon_inode:i915.gem
7f924a212000-7f924a216000 rw-s 12f952000 00:11 2111                      anon_inode:i915.gem
7f924a216000-7f924a21a000 rw-s 12f94e000 00:11 2111                      anon_inode:i915.gem
7f924a21a000-7f924a21e000 rw-s 12f94a000 00:11 2111                      anon_inode:i915.gem
7f924a21e000-7f924a222000 rw-s 12f946000 00:11 2111                      anon_inode:i915.gem
7f924a222000-7f924a226000 rw-s 12f942000 00:11 2111                      anon_inode:i915.gem
7f924a226000-7f924a228000 rw-s 10479a000 00:11 2111                      anon_inode:i915.gem
7f924a228000-7f924a22a000 rw-s 106f45000 00:11 2111                      anon_inode:i915.gem
7f924a22a000-7f924a22e000 rw-s 12f93e000 00:11 2111                      anon_inode:i915.gem
7f924a22e000-7f924a230000 rw-s 101d2c000 00:11 2111                      anon_inode:i915.gem
7f924a230000-7f924a234000 rw-s 10ac96000 00:11 2111                      anon_inode:i915.gem
7f924a234000-7f924a23c000 rw-s 10ac8e000 00:11 2111                      anon_inode:i915.gem
7f924a23c000-7f924a244000 rw-s 10ac86000 00:11 2111                      anon_inode:i915.gem
7f924a244000-7f924a246000 rw-s 101d0b000 00:11 2111                      anon_inode:i915.gem
7f924a246000-7f924a248000 rw-s 10337e000 00:11 2111                      anon_inode:i915.gem
7f924a248000-7f924a24a000 rw-s 104105000 00:11 2111                      anon_inode:i915.gem
7f924a24a000-7f924a24c000 rw-s 101d64000 00:11 2111                      anon_inode:i915.gem
7f924a24c000-7f924a2cc000 rw-s 117986000 00:11 2111                      anon_inode:i915.gem
7f924a2cc000-7f924a2ce000 rw-s 101d16000 00:11 2111                      anon_inode:i915.gem
7f924a2ce000-7f924a2d0000 rw-s 106e5a000 00:11 2111                      anon_inode:i915.gem
7f924a2d0000-7f924a2d2000 rw-s 103e26000 00:11 2111                      anon_inode:i915.gem
7f924a2d2000-7f924a2d4000 rw-s 101bca000 00:11 2111                      anon_inode:i915.gem
7f924a2d4000-7f924a2dc000 rw-s 10ac7e000 00:11 2111                      anon_inode:i915.gem
7f924a2dc000-7f924a2e4000 rw-s 10ac76000 00:11 2111                      anon_inode:i915.gem
7f924a2e4000-7f924a2e8000 rw-s 10ac72000 00:11 2111                      anon_inode:i915.gem
7f924a2e8000-7f924a2ec000 rw-s 10ac6e000 00:11 2111                      anon_inode:i915.gem
7f924a2ec000-7f924a2f0000 rw-s 10ac6a000 00:11 2111                      anon_inode:i915.gem
7f924a2f0000-7f924a2f8000 rw-s 10ac62000 00:11 2111                      anon_inode:i915.gem
7f924a2f8000-7f924a2fc000 rw-s 10ac5e000 00:11 2111                      anon_inode:i915.gem
7f924a2fc000-7f924a2fe000 rw-s 103390000 00:11 2111                      anon_inode:i915.gem
7f924a2fe000-7f924a302000 rw-s 10ac5a000 00:11 2111                      anon_inode:i915.gem
7f924a302000-7f924a306000 rw-s 10ac56000 00:11 2111                      anon_inode:i915.gem
7f924a306000-7f924a30a000 rw-s 10ac52000 00:11 2111                      anon_inode:i915.gem
7f924a30a000-7f924a30e000 rw-s 10ac4e000 00:11 2111                      anon_inode:i915.gem
7f924a30e000-7f924a312000 rw-s 10ac4a000 00:11 2111                      anon_inode:i915.gem
7f924a312000-7f924a316000 rw-s 10ac46000 00:11 2111                      anon_inode:i915.gem
7f924a316000-7f924a31a000 rw-s 10ac42000 00:11 2111                      anon_inode:i915.gem
7f924a31a000-7f924a322000 rw-s 10ac3a000 00:11 2111                      anon_inode:i915.gem
7f924a322000-7f924a326000 rw-s 10ac36000 00:11 2111                      anon_inode:i915.gem
7f924a326000-7f924a32a000 rw-s 10ac32000 00:11 2111                      anon_inode:i915.gem
7f924a32a000-7f924a32e000 rw-s 10ac2e000 00:11 2111                      anon_inode:i915.gem
7f924a32e000-7f924a336000 rw-s 10ac26000 00:11 2111                      anon_inode:i915.gem
7f924a336000-7f924a33e000 rw-s 10ac1e000 00:11 2111                      anon_inode:i915.gem
7f924a33e000-7f924a342000 rw-s 10ac1a000 00:11 2111                      anon_inode:i915.gem
7f924a342000-7f924a346000 rw-s 10cbbe000 00:11 2111                      anon_inode:i915.gem
7f924a346000-7f924a34e000 rw-s 10ac12000 00:11 2111                      anon_inode:i915.gem
7f924a34e000-7f924a356000 rw-s 10ac0a000 00:11 2111                      anon_inode:i915.gem
7f924a356000-7f924a35e000 rw-s 10cbb6000 00:11 2111                      anon_inode:i915.gem
7f924a35e000-7f924a366000 rw-s 10cbae000 00:11 2111                      anon_inode:i915.gem
7f924a366000-7f924a566000 rw-s 129f9e000 00:11 2111                      anon_inode:i915.gem
7f924a566000-7f924a966000 rw-s 10c762000 00:11 2111                      anon_inode:i915.gem
7f924a966000-7f924ab66000 rw-s 10a762000 00:11 2111                      anon_inode:i915.gem
7f924ab66000-7f924ad66000 rw-s 10bb62000 00:11 2111                      anon_inode:i915.gem
7f924ad66000-7f924ada6000 rw-s 125d56000 00:11 2111                      anon_inode:i915.gem
7f924ada6000-7f924ade6000 rw-s 105410000 00:11 2111                      anon_inode:i915.gem
7f924ade6000-7f924ade7000 rw-p 00000000 00:00 0 
7f924ade7000-7f924adeb000 ---p 00000000 00:00 0 
7f924adeb000-7f924aee8000 rw-p 00000000 00:00 0 
7f924aee8000-7f924aeec000 ---p 00000000 00:00 0 
7f924aeec000-7f924afe8000 rw-p 00000000 00:00 0 
7f924afe8000-7f924aff8000 rw-s 105d78000 00:11 2111                      anon_inode:i915.gem
7f924aff8000-7f924affc000 rw-s 10cbaa000 00:11 2111                      anon_inode:i915.gem
7f924affc000-7f924b004000 rw-s 10cba2000 00:11 2111                      anon_inode:i915.gem
7f924b004000-7f924b008000 rw-s 10cb9e000 00:11 2111                      anon_inode:i915.gem
7f924b008000-7f924b010000 rw-s 10cb96000 00:11 2111                      anon_inode:i915.gem
7f924b010000-7f924b018000 rw-s 10cb8e000 00:11 2111                      anon_inode:i915.gem
7f924b018000-7f924b020000 rw-s 10cb86000 00:11 2111                      anon_inode:i915.gem
7f924b020000-7f924b024000 rw-s 10cb82000 00:11 2111                      anon_inode:i915.gem
7f924b024000-7f924b02c000 rw-s 10cb7a000 00:11 2111                      anon_inode:i915.gem
7f924b02c000-7f924b034000 rw-s 10cb72000 00:11 2111                      anon_inode:i915.gem
7f924b034000-7f924b03c000 rw-s 10cb6a000 00:11 2111                      anon_inode:i915.gem
7f924b03c000-7f924b044000 rw-s 10cb62000 00:11 2111                      anon_inode:i915.gem
7f924b044000-7f924b04c000 rw-s 12b7dc000 00:11 2111                      anon_inode:i915.gem
7f924b04c000-7f924b050000 rw-s 101d60000 00:11 2111                      anon_inode:i915.gem
7f924b050000-7f924b054000 rw-s 104101000 00:11 2111                      anon_inode:i915.gem
7f924b054000-7f924b05c000 rw-s 12b7d4000 00:11 2111                      anon_inode:i915.gem
7f924b05c000-7f924b064000 rw-s 12b7cc000 00:11 2111                      anon_inode:i915.gem
7f924b064000-7f924b06c000 rw-s 12b7c4000 00:11 2111                      anon_inode:i915.gem
7f924b06c000-7f924b074000 rw-s 12b7bc000 00:11 2111                      anon_inode:i915.gem
7f924b074000-7f924b07c000 rw-s 12b7b4000 00:11 2111                      anon_inode:i915.gem
7f924b07c000-7f924b084000 rw-s 12b7ac000 00:11 2111                      anon_inode:i915.gem
7f924b084000-7f924b08c000 rw-s 12b7a4000 00:11 2111                      anon_inode:i915.gem
7f924b08c000-7f924b094000 rw-s 12b79c000 00:11 2111                      anon_inode:i915.gem
7f924b094000-7f924b09c000 rw-s 12b794000 00:11 2111                      anon_inode:i915.gem
7f924b09c000-7f924b0a0000 rw-s 10337a000 00:11 2111                      anon_inode:i915.gem
7f924b0a0000-7f924b0a4000 rw-s 101d07000 00:11 2111                      anon_inode:i915.gem
7f924b0a4000-7f924b0a8000 rw-s 101d28000 00:11 2111                      anon_inode:i915.gem
7f924b0a8000-7f924b0ac000 rw-s 106f41000 00:11 2111                      anon_inode:i915.gem
7f924b0ac000-7f924b2ac000 rw-s 129d9e000 00:11 2111                      anon_inode:i915.gem
7f924b2ac000-7f924b4ac000 rw-s 12b594000 00:11 2111                      anon_inode:i915.gem
7f924b4ac000-7f924b4b0000 rw-s 1033f2000 00:11 2111                      anon_inode:i915.gem
7f924b4b0000-7f924b4b4000 rw-s 10254c000 00:11 2111                      anon_inode:i915.gem
7f924b4b4000-7f924b4b8000 rw-s 10416f000 00:11 2111                      anon_inode:i915.gem
7f924b4b8000-7f924b4bc000 rw-s 104462000 00:11 2111                      anon_inode:i915.gem
7f924b4bc000-7f924b4c4000 rw-s 10ac02000 00:11 2111                      anon_inode:i915.gem
7f924b4c4000-7f924b4c8000 rw-s 10338c000 00:11 2111                      anon_inode:i915.gem
7f924b4c8000-7f924b4cc000 rw-s 1038a9000 00:11 2111                      anon_inode:i915.gem
7f924b4cc000-7f924b4d0000 rw-s 102cd3000 00:11 2111                      anon_inode:i915.gem
7f924b4d0000-7f924b4d8000 rw-s 10abfa000 00:11 2111                      anon_inode:i915.gem
7f924b4d8000-7f924b4e0000 rw-s 10abf2000 00:11 2111                      anon_inode:i915.gem
7f924b4e0000-7f924b4e4000 rw-s 101c39000 00:11 2111                      anon_inode:i915.gem
7f924b4e4000-7f924b4e8000 rw-s 103e07000 00:11 2111                      anon_inode:i915.gem
7f924b4e8000-7f924b4f0000 rw-s 10abea000 00:11 2111                      anon_inode:i915.gem
7f924b4f0000-7f924b500000 rw-s 1172da000 00:11 2111                      anon_inode:i915.gem
7f924b500000-7f924b508000 rw-s 10abd2000 00:11 2111                      anon_inode:i915.gem
7f924b508000-7f924b50c000 rw-s 10395b000 00:11 2111                      anon_inode:i915.gem
7f924b50c000-7f924b510000 rw-s 105ddf000 00:11 2111                      anon_inode:i915.gem
7f924b510000-7f924b514000 rw-s 105d98000 00:11 2111                      anon_inode:i915.gem
7f924b514000-7f924b51c000 rw-s 105e6c000 00:11 2111                      anon_inode:i915.gem
7f924b51c000-7f924b520000 rw-s 102528000 00:11 2111                      anon_inode:i915.gem
7f924b520000-7f924b528000 rw-s 105e64000 00:11 2111                      anon_inode:i915.gem
7f924b528000-7f924b530000 rw-s 105e5c000 00:11 2111                      anon_inode:i915.gem
7f924b530000-7f924b538000 rw-s 105e54000 00:11 2111                      anon_inode:i915.gem
7f924b538000-7f924b548000 rw-s 10abda000 00:11 2111                      anon_inode:i915.gem
7f924b548000-7f924b550000 rw-s 105e3c000 00:11 2111                      anon_inode:i915.gem
7f924b550000-7f924b558000 rw-s 105e34000 00:11 2111                      anon_inode:i915.gem
7f924b558000-7f924b55c000 rw-s 104965000 00:11 2111                      anon_inode:i915.gem
7f924b55c000-7f924b560000 rw-s 101bba000 00:11 2111                      anon_inode:i915.gem
7f924b560000-7f924b564000 rw-s 1040cd000 00:11 2111                      anon_inode:i915.gem
7f924b564000-7f924b574000 rw-s 12a250000 00:11 2111                      anon_inode:i915.gem
7f924b574000-7f924b578000 rw-s 1040a1000 00:11 2111                      anon_inode:i915.gem
7f924b578000-7f924b580000 rw-s 105e1c000 00:11 2111                      anon_inode:i915.gem
7f924b580000-7f924b588000 rw-s 105e14000 00:11 2111                      anon_inode:i915.gem
7f924b588000-7f924b58c000 rw-s 101c5f000 00:11 2111                      anon_inode:i915.gem
7f924b58c000-7f924b590000 rw-s 102ddc000 00:11 2111                      anon_inode:i915.gem
7f924b590000-7f924b598000 rw-s 105e0c000 00:11 2111                      anon_inode:i915.gem
7f924b598000-7f924b59c000 rw-s 101d69000 00:11 2111                      anon_inode:i915.gem
7f924b59c000-7f924b5a4000 rw-s 105e04000 00:11 2111                      anon_inode:i915.gem
7f924b5a4000-7f924b5b4000 rw-s 105e44000 00:11 2111                      anon_inode:i915.gem
7f924b5b4000-7f924b5bc000 rw-s 10c69a000 00:11 2111                      anon_inode:i915.gem
7f924b5bc000-7f924b5c0000 rw-s 10397e000 00:11 2111                      anon_inode:i915.gem
7f924b5c0000-7f924b5c8000 rw-s 10c692000 00:11 2111                      anon_inode:i915.gem
7f924b5c8000-7f924b5d8000 rw-s 102c78000 00:11 2111                      anon_inode:i915.gem
7f924b5d8000-7f924b5e0000 rw-s 129142000 00:11 2111                      anon_inode:i915.gem
7f924b5e0000-7f924b5e8000 rw-s 12913a000 00:11 2111                      anon_inode:i915.gem
7f924b5e8000-7f924b5f0000 rw-s 129132000 00:11 2111                      anon_inode:i915.gem
7f924b5f0000-7f924b5f8000 rw-s 12912a000 00:11 2111                      anon_inode:i915.gem
7f924b5f8000-7f924b600000 rw-s 106f39000 00:11 2111                      anon_inode:i915.gem
7f924b600000-7f924b640000 rw-s 10acf2000 00:11 2111                      anon_inode:i915.gem
7f924b640000-7f924b680000 rw-s 105d30000 00:11 2111                      anon_inode:i915.gem
7f924b680000-7f924b688000 rw-s 12a22e000 00:11 2111                      anon_inode:i915.gem
7f924b688000-7f924b690000 rw-s 12a226000 00:11 2111                      anon_inode:i915.gem
7f924b690000-7f924b698000 rw-s 12a21e000 00:11 2111                      anon_inode:i915.gem
7f924b698000-7f924b6a0000 rw-s 12a216000 00:11 2111                      anon_inode:i915.gem
7f924b6a0000-7f924b6e0000 rw-s 10473d000 00:11 2111                      anon_inode:i915.gem
7f924b6e0000-7f924b6e2000 rw-s 104735000 00:11 2111                      anon_inode:i915.gem
7f924b6e2000-7f924b6e4000 rw-s 104733000 00:11 2111                      anon_inode:i915.gem
7f924b6e4000-7f924b6e6000 rw-s 104731000 00:11 2111                      anon_inode:i915.gem
7f924b6e6000-7f924b6e8000 rw-s 10472f000 00:11 2111                      anon_inode:i915.gem
7f924b6e8000-7f924b6ea000 rw-s 10472d000 00:11 2111                      anon_inode:i915.gem
7f924b6ea000-7f924b6ec000 rw-s 10472b000 00:11 2111                      anon_inode:i915.gem
7f924b6ec000-7f924b6ee000 rw-s 104729000 00:11 2111                      anon_inode:i915.gem
7f924b6ee000-7f924b6f0000 rw-s 104727000 00:11 2111                      anon_inode:i915.gem
7f924b6f0000-7f924b6f2000 rw-s 104725000 00:11 2111                      anon_inode:i915.gem
7f924b6f2000-7f924b6f4000 rw-s 104723000 00:11 2111                      anon_inode:i915.gem
7f924b6f4000-7f924b6f6000 rw-s 104721000 00:11 2111                      anon_inode:i915.gem
7f924b6f8000-7f924b6fa000 rw-s 10471d000 00:11 2111                      anon_inode:i915.gem
7f924b6fa000-7f924b6fc000 rw-s 13d28e000 00:11 2111                      anon_inode:i915.gem
7f924b6fc000-7f924b6fe000 rw-s 13d28c000 00:11 2111                      anon_inode:i915.gem
7f924b6fe000-7f924b700000 rw-s 12a8ab000 00:11 2111                      anon_inode:i915.gem
7f924b700000-7f924b740000 rw-s 10ab82000 00:11 2111                      anon_inode:i915.gem
7f924b740000-7f924b750000 rw-s 12a26c000 00:11 2111                      anon_inode:i915.gem
7f924b750000-7f924b760000 rw-s 12a2be000 00:11 2111                      anon_inode:i915.gem
7f924b760000-7f924b768000 rw-s 101d20000 00:11 2111                      anon_inode:i915.gem
7f924b768000-7f924b770000 rw-s 101cff000 00:11 2111                      anon_inode:i915.gem
7f924b770000-7f924b778000 rw-s 103384000 00:11 2111                      anon_inode:i915.gem
7f924b778000-7f924b780000 rw-s 10445a000 00:11 2111                      anon_inode:i915.gem
7f924b780000-7f924b788000 rw-s 105dd7000 00:11 2111                      anon_inode:i915.gem
7f924b788000-7f924b790000 rw-s 10251a000 00:11 2111                      anon_inode:i915.gem
7f924b790000-7f924b798000 rw-s 104792000 00:11 2111                      anon_inode:i915.gem
7f924b798000-7f924b7a0000 rw-s 103e2a000 00:11 2111                      anon_inode:i915.gem
7f924b7a0000-7f924b7b0000 rw-s 101c3f000 00:11 2111                      anon_inode:i915.gem
7f924b7b0000-7f924b7b8000 rw-s 1049a7000 00:11 2111                      anon_inode:i915.gem
7f924b7b8000-7f924b7c0000 rw-s 102c88000 00:11 2111                      anon_inode:i915.gem
7f924b7c0000-7f924b7d0000 rw-s 103d9e000 00:11 2111                      anon_inode:i915.gem
7f924b7d0000-7f924b7e0000 rw-s 105ca0000 00:11 2111                      anon_inode:i915.gem
7f924b7e0000-7f924b7e8000 rw-s 105f14000 00:11 2111                      anon_inode:i915.gem
7f924b7e8000-7f924b7f8000 rw-s 129a04000 00:11 2111                      anon_inode:i915.gem
7f924b7f8000-7f924b8f9000 rw-p 00000000 00:00 0 
7f924b8f9000-7f924baf9000 rw-s 109762000 00:11 2111                      anon_inode:i915.gem
7f924baf9000-7f924bafa000 rw-p 00000000 00:00 0 
7f924bafa000-7f924bafe000 ---p 00000000 00:00 0 
7f924bafe000-7f924de00000 rw-p 00000000 00:00 0 
7f924de00000-7f924e001000 rw-s 00000000 00:23 12600862                   /home/mirtemir/.cache/mesa_shader_cache/index
7f924e001000-7f924e003000 rw-s 102550000 00:11 2111                      anon_inode:i915.gem
7f924e003000-7f924e007000 rw-s 102522000 00:11 2111                      anon_inode:i915.gem
7f924e007000-7f924e017000 rw-s 105df4000 00:11 2111                      anon_inode:i915.gem
7f924e017000-7f924e01f000 rw-s 101bc2000 00:11 2111                      anon_inode:i915.gem
7f924e01f000-7f924e02f000 rw-s 10c6d2000 00:11 2111                      anon_inode:i915.gem
7f924e02f000-7f924e03f000 rw-s 106e42000 00:11 2111                      anon_inode:i915.gem
7f924e03f000-7f924e05f000 rw-s 1033c2000 00:11 2111                      anon_inode:i915.gem
7f924e05f000-7f924e06f000 rw-s 125d96000 00:11 2111                      anon_inode:i915.gem
7f924e06f000-7f924e07f000 rw-s 12a23e000 00:11 2111                      anon_inode:i915.gem
7f924e07f000-7f924e180000 rw-p 00000000 00:00 0 
7f924e180000-7f924e184000 rw-s 125da6000 00:11 2111                      anon_inode:i915.gem
7f924e184000-7f924e18c000 rw-s 103e1e000 00:11 2111                      anon_inode:i915.gem
7f924e18c000-7f924e190000 rw-s 103927000 00:11 2111                      anon_inode:i915.gem
7f924e190000-7f924e198000 rw-s 106e52000 00:11 2111                      anon_inode:i915.gem
7f924e198000-7f924e1a8000 rw-s 106da2000 00:11 2111                      anon_inode:i915.gem
7f924e1a8000-7f924e1b0000 rw-s 105dac000 00:11 2111                      anon_inode:i915.gem
7f924e1b0000-7f924e1c0000 rw-s 106d72000 00:11 2111                      anon_inode:i915.gem
7f924e1c0000-7f924e1d0000 rw-s 1298f4000 00:11 2111                      anon_inode:i915.gem
7f924e1d0000-7f924e1d8000 rw-s 105a98000 00:11 2111                      anon_inode:i915.gem
7f924e1d8000-7f924e1e0000 rw-s 1020f2000 00:11 2111                      anon_inode:i915.gem
7f924e1e0000-7f924e1e8000 rw-s 10acca000 00:11 2111                      anon_inode:i915.gem
7f924e1e8000-7f924e1f0000 rw-s 101be2000 00:11 2111                      anon_inode:i915.gem
7f924e1f0000-7f924e200000 rw-s 10cbe2000 00:11 2111                      anon_inode:i915.gem
7f924e200000-7f924e400000 rw-s 109562000 00:11 2111                      anon_inode:i915.gem
7f924e400000-7f9250394000 r--p 00000000 00:23 22647                      /usr/lib/libicudata.so.78.3
7f9250394000-7f9250395000 r--p 01f93000 00:23 22647                      /usr/lib/libicudata.so.78.3
7f9250396000-7f9250398000 rw-s 1033f6000 00:11 2111                      anon_inode:i915.gem
7f9250398000-7f925039c000 rw-s 105cca000 00:11 2111                      anon_inode:i915.gem
7f925039c000-7f92503a0000 rw-s 10391f000 00:11 2111                      anon_inode:i915.gem
7f92503a0000-7f92503c0000 rw-s 1040a7000 00:11 2111                      anon_inode:i915.gem
7f92503c0000-7f92503d0000 rw-s 12a1be000 00:11 2111                      anon_inode:i915.gem
7f92503d0000-7f92503f0000 rw-s 10c672000 00:11 2111                      anon_inode:i915.gem
7f92503f0000-7f9250400000 rw-s 10ad52000 00:11 2111                      anon_inode:i915.gem
7f9250400000-7f9250448000 r--p 00000000 00:23 22662                      /usr/lib/libicuuc.so.78.3
7f9250448000-7f925059e000 r-xp 00048000 00:23 22662                      /usr/lib/libicuuc.so.78.3
7f925059e000-7f9250638000 r--p 0019e000 00:23 22662                      /usr/lib/libicuuc.so.78.3
7f9250638000-7f925064b000 r--p 00238000 00:23 22662                      /usr/lib/libicuuc.so.78.3
7f925064b000-7f925064c000 rw-p 0024b000 00:23 22662                      /usr/lib/libicuuc.so.78.3
7f925064c000-7f925064e000 rw-p 00000000 00:00 0 
7f925064e000-7f925064f000 rw-s 12918e000 00:11 2111                      anon_inode:i915.gem
7f925064f000-7f9250651000 rw-s 104466000 00:11 2111                      anon_inode:i915.gem
7f9250651000-7f9250659000 rw-s 104989000 00:11 2111                      anon_inode:i915.gem
7f9250659000-7f9250669000 rw-s 104979000 00:11 2111                      anon_inode:i915.gem
7f9250669000-7f92506a9000 rw-s 106be2000 00:11 2111                      anon_inode:i915.gem
7f92506a9000-7f92506c3000 r--p 00000000 00:23 713814                     /usr/lib/libxml2.so.16.1.3
7f92506c3000-7f92507c1000 r-xp 0001a000 00:23 713814                     /usr/lib/libxml2.so.16.1.3
7f92507c1000-7f9250808000 r--p 00118000 00:23 713814                     /usr/lib/libxml2.so.16.1.3
7f9250808000-7f9250811000 r--p 0015f000 00:23 713814                     /usr/lib/libxml2.so.16.1.3
7f9250811000-7f9250812000 rw-p 00168000 00:23 713814                     /usr/lib/libxml2.so.16.1.3
7f9250812000-7f9250813000 rw-p 00000000 00:00 0 
7f9250813000-7f925082c000 r--p 00000000 00:23 3186374                    /usr/lib/libSPIRV-Tools.so
7f925082c000-7f9250975000 r-xp 00019000 00:23 3186374                    /usr/lib/libSPIRV-Tools.so
7f9250975000-7f92509fc000 r--p 00162000 00:23 3186374                    /usr/lib/libSPIRV-Tools.so
7f92509fc000-7f92509ff000 r--p 001e9000 00:23 3186374                    /usr/lib/libSPIRV-Tools.so
7f92509ff000-7f9250a00000 rw-p 001ec000 00:23 3186374                    /usr/lib/libSPIRV-Tools.so
7f9250a00000-7f9254d30000 r--p 00000000 00:23 2455173                    /usr/lib/libLLVM.so.22.1
7f9254d30000-7f92595f2000 r-xp 0432f000 00:23 2455173                    /usr/lib/libLLVM.so.22.1
7f92595f2000-7f925981a000 r--p 08bf0000 00:23 2455173                    /usr/lib/libLLVM.so.22.1
7f925981a000-7f9259824000 rw-p 08e17000 00:23 2455173                    /usr/lib/libLLVM.so.22.1
7f9259824000-7f92598d0000 rw-p 00000000 00:00 0 
7f92598d0000-7f92598d8000 rw-s 106e6c000 00:11 2111                      anon_inode:i915.gem
7f92598d8000-7f92598e8000 rw-s 10448c000 00:11 2111                      anon_inode:i915.gem
7f92598e8000-7f92598f8000 rw-s 101baa000 00:11 2111                      anon_inode:i915.gem
7f92598f8000-7f9259905000 r--p 00000000 00:23 5102                       /usr/lib/libncursesw.so.6.6
7f9259905000-7f925995d000 r-xp 0000d000 00:23 5102                       /usr/lib/libncursesw.so.6.6
7f925995d000-7f9259975000 r--p 00065000 00:23 5102                       /usr/lib/libncursesw.so.6.6
7f9259975000-7f925997a000 r--p 0007c000 00:23 5102                       /usr/lib/libncursesw.so.6.6
7f925997a000-7f925997b000 rw-p 00081000 00:23 5102                       /usr/lib/libncursesw.so.6.6
7f925997b000-7f9259981000 r--p 00000000 00:23 1298937                    /usr/lib/libedit.so.0.0.78
7f9259981000-7f92599b2000 r-xp 00006000 00:23 1298937                    /usr/lib/libedit.so.0.0.78
7f92599b2000-7f92599c0000 r--p 00037000 00:23 1298937                    /usr/lib/libedit.so.0.0.78
7f92599c0000-7f92599c3000 r--p 00044000 00:23 1298937                    /usr/lib/libedit.so.0.0.78
7f92599c3000-7f92599c4000 rw-p 00047000 00:23 1298937                    /usr/lib/libedit.so.0.0.78
7f92599c4000-7f92599c7000 rw-p 00000000 00:00 0 
7f92599c7000-7f92599c9000 r--p 00000000 00:23 3183693                    /usr/lib/libffi.so.8.5.0
7f92599c9000-7f92599d2000 r-xp 00002000 00:23 3183693                    /usr/lib/libffi.so.8.5.0
7f92599d2000-7f92599d4000 r--p 0000b000 00:23 3183693                    /usr/lib/libffi.so.8.5.0
7f92599d4000-7f92599d5000 r--p 0000c000 00:23 3183693                    /usr/lib/libffi.so.8.5.0
7f92599d5000-7f92599d6000 rw-p 0000d000 00:23 3183693                    /usr/lib/libffi.so.8.5.0
7f92599d6000-7f92599d9000 r--p 00000000 00:23 1472431                    /usr/lib/libdrm_intel.so.1.134.0
7f92599d9000-7f92599f4000 r-xp 00003000 00:23 1472431                    /usr/lib/libdrm_intel.so.1.134.0
7f92599f4000-7f92599fe000 r--p 0001e000 00:23 1472431                    /usr/lib/libdrm_intel.so.1.134.0
7f92599fe000-7f92599ff000 r--p 00028000 00:23 1472431                    /usr/lib/libdrm_intel.so.1.134.0
7f92599ff000-7f9259a00000 rw-p 00029000 00:23 1472431                    /usr/lib/libdrm_intel.so.1.134.0
7f9259a00000-7f9259a1a000 r--p 00000000 00:23 3186830                    /usr/lib/libgallium-26.1.6-arch3.1.so
7f9259a1a000-7f925b9e3000 r-xp 0001a000 00:23 3186830                    /usr/lib/libgallium-26.1.6-arch3.1.so
7f925b9e3000-7f925cc25000 r--p 01fe3000 00:23 3186830                    /usr/lib/libgallium-26.1.6-arch3.1.so
7f925cc25000-7f925cd99000 r--p 03225000 00:23 3186830                    /usr/lib/libgallium-26.1.6-arch3.1.so
7f925cd99000-7f925cdcf000 rw-p 03399000 00:23 3186830                    /usr/lib/libgallium-26.1.6-arch3.1.so
7f925cdcf000-7f925cf9c000 rw-p 00000000 00:00 0 
7f925cf9c000-7f925cf9d000 rw-s 129194000 00:11 2111                      anon_inode:i915.gem
7f925cf9d000-7f925cf9f000 rw-s 104173000 00:11 2111                      anon_inode:i915.gem
7f925cf9f000-7f925cfa1000 r--p 00000000 00:23 126494                     /usr/lib/libpciaccess.so.0.11.1
7f925cfa1000-7f925cfa6000 r-xp 00002000 00:23 126494                     /usr/lib/libpciaccess.so.0.11.1
7f925cfa6000-7f925cfa8000 r--p 00007000 00:23 126494                     /usr/lib/libpciaccess.so.0.11.1
7f925cfa8000-7f925cfa9000 r--p 00008000 00:23 126494                     /usr/lib/libpciaccess.so.0.11.1
7f925cfa9000-7f925cfaa000 rw-p 00009000 00:23 126494                     /usr/lib/libpciaccess.so.0.11.1
7f925cfaa000-7f925cfad000 r--p 00000000 00:23 1472428                    /usr/lib/libdrm_amdgpu.so.1.134.0
7f925cfad000-7f925cfb4000 r-xp 00003000 00:23 1472428                    /usr/lib/libdrm_amdgpu.so.1.134.0
7f925cfb4000-7f925cfb6000 r--p 0000a000 00:23 1472428                    /usr/lib/libdrm_amdgpu.so.1.134.0
7f925cfb6000-7f925cfb7000 r--p 0000c000 00:23 1472428                    /usr/lib/libdrm_amdgpu.so.1.134.0
7f925cfb7000-7f925cfb8000 rw-p 0000d000 00:23 1472428                    /usr/lib/libdrm_amdgpu.so.1.134.0
7f925cfb8000-7f925cfbb000 r--p 00000000 00:23 3186408                    /usr/lib/libelf-0.195.so
7f925cfbb000-7f925cfcf000 r-xp 00003000 00:23 3186408                    /usr/lib/libelf-0.195.so
7f925cfcf000-7f925cfd4000 r--p 00017000 00:23 3186408                    /usr/lib/libelf-0.195.so
7f925cfd4000-7f925cfd5000 r--p 0001b000 00:23 3186408                    /usr/lib/libelf-0.195.so
7f925cfd5000-7f925cfd6000 rw-p 0001c000 00:23 3186408                    /usr/lib/libelf-0.195.so
7f925cfd6000-7f925cfd7000 r--p 00000000 00:23 128960                     /usr/lib/libxshmfence.so.1.0.0
7f925cfd7000-7f925cfd8000 r-xp 00001000 00:23 128960                     /usr/lib/libxshmfence.so.1.0.0
7f925cfd8000-7f925cfd9000 r--p 00002000 00:23 128960                     /usr/lib/libxshmfence.so.1.0.0
7f925cfd9000-7f925cfda000 r--p 00002000 00:23 128960                     /usr/lib/libxshmfence.so.1.0.0
7f925cfda000-7f925cfdb000 rw-p 00003000 00:23 128960                     /usr/lib/libxshmfence.so.1.0.0
7f925cfdb000-7f925cfde000 r--p 00000000 00:23 122707                     /usr/lib/libxcb-sync.so.1.0.0
7f925cfde000-7f925cfe1000 r-xp 00003000 00:23 122707                     /usr/lib/libxcb-sync.so.1.0.0
7f925cfe1000-7f925cfe2000 r--p 00006000 00:23 122707                     /usr/lib/libxcb-sync.so.1.0.0
7f925cfe2000-7f925cfe3000 r--p 00007000 00:23 122707                     /usr/lib/libxcb-sync.so.1.0.0
7f925cfe3000-7f925cfe4000 rw-p 00008000 00:23 122707                     /usr/lib/libxcb-sync.so.1.0.0
7f925cfe4000-7f925cfeb000 r--p 00000000 00:23 122686                     /usr/lib/libxcb-randr.so.0.1.0
7f925cfeb000-7f925cff1000 r-xp 00007000 00:23 122686                     /usr/lib/libxcb-randr.so.0.1.0
7f925cff1000-7f925cff4000 r--p 0000d000 00:23 122686                     /usr/lib/libxcb-randr.so.0.1.0
7f925cff4000-7f925cff5000 r--p 00010000 00:23 122686                     /usr/lib/libxcb-randr.so.0.1.0
7f925cff5000-7f925cff6000 rw-p 00011000 00:23 122686                     /usr/lib/libxcb-randr.so.0.1.0
7f925cff6000-7f925cff8000 r--p 00000000 00:23 1205277                    /usr/lib/libsensors.so.5.0.0
7f925cff8000-7f925d002000 r-xp 00002000 00:23 1205277                    /usr/lib/libsensors.so.5.0.0
7f925d002000-7f925d006000 r--p 0000c000 00:23 1205277                    /usr/lib/libsensors.so.5.0.0
7f925d006000-7f925d007000 r--p 00010000 00:23 1205277                    /usr/lib/libsensors.so.5.0.0
7f925d007000-7f925d008000 rw-p 00011000 00:23 1205277                    /usr/lib/libsensors.so.5.0.0
7f925d008000-7f925d013000 r--p 00000000 00:23 16834                      /usr/lib/libzstd.so.1.5.7
7f925d013000-7f925d103000 r-xp 0000b000 00:23 16834                      /usr/lib/libzstd.so.1.5.7
7f925d103000-7f925d119000 r--p 000fb000 00:23 16834                      /usr/lib/libzstd.so.1.5.7
7f925d119000-7f925d11a000 r--p 00110000 00:23 16834                      /usr/lib/libzstd.so.1.5.7
7f925d11a000-7f925d11b000 rw-p 00111000 00:23 16834                      /usr/lib/libzstd.so.1.5.7
7f925d11b000-7f925d11e000 r--p 00000000 00:23 122713                     /usr/lib/libxcb-xfixes.so.0.0.0
7f925d11e000-7f925d121000 r-xp 00003000 00:23 122713                     /usr/lib/libxcb-xfixes.so.0.0.0
7f925d121000-7f925d122000 r--p 00006000 00:23 122713                     /usr/lib/libxcb-xfixes.so.0.0.0
7f925d122000-7f925d123000 r--p 00007000 00:23 122713                     /usr/lib/libxcb-xfixes.so.0.0.0
7f925d123000-7f925d124000 rw-p 00008000 00:23 122713                     /usr/lib/libxcb-xfixes.so.0.0.0
7f925d124000-7f925d126000 r--p 00000000 00:23 122677                     /usr/lib/libxcb-dri3.so.0.1.0
7f925d126000-7f925d128000 r-xp 00002000 00:23 122677                     /usr/lib/libxcb-dri3.so.0.1.0
7f925d128000-7f925d129000 r--p 00004000 00:23 122677                     /usr/lib/libxcb-dri3.so.0.1.0
7f925d129000-7f925d12a000 r--p 00004000 00:23 122677                     /usr/lib/libxcb-dri3.so.0.1.0
7f925d12a000-7f925d12b000 rw-p 00005000 00:23 122677                     /usr/lib/libxcb-dri3.so.0.1.0
7f925d12b000-7f925d12d000 r--p 00000000 00:23 3183318                    /usr/lib/libexpat.so.1.12.3
7f925d12d000-7f925d156000 r-xp 00002000 00:23 3183318                    /usr/lib/libexpat.so.1.12.3
7f925d156000-7f925d15f000 r--p 0002b000 00:23 3183318                    /usr/lib/libexpat.so.1.12.3
7f925d15f000-7f925d161000 r--p 00033000 00:23 3183318                    /usr/lib/libexpat.so.1.12.3
7f925d161000-7f925d162000 rw-p 00035000 00:23 3183318                    /usr/lib/libexpat.so.1.12.3
7f925d162000-7f925d16e000 r--p 00000000 00:23 122680                     /usr/lib/libxcb-glx.so.0.0.0
7f925d16e000-7f925d177000 r-xp 0000c000 00:23 122680                     /usr/lib/libxcb-glx.so.0.0.0
7f925d177000-7f925d17c000 r--p 00015000 00:23 122680                     /usr/lib/libxcb-glx.so.0.0.0
7f925d17c000-7f925d17e000 r--p 0001a000 00:23 122680                     /usr/lib/libxcb-glx.so.0.0.0
7f925d17e000-7f925d17f000 rw-p 0001c000 00:23 122680                     /usr/lib/libxcb-glx.so.0.0.0
7f925d17f000-7f925d184000 r--p 00000000 00:23 3186829                    /usr/lib/libGLX_mesa.so.0.0.0
7f925d184000-7f925d1c5000 r-xp 00005000 00:23 3186829                    /usr/lib/libGLX_mesa.so.0.0.0
7f925d1c5000-7f925d1d6000 r--p 00046000 00:23 3186829                    /usr/lib/libGLX_mesa.so.0.0.0
7f925d1d6000-7f925d1da000 r--p 00056000 00:23 3186829                    /usr/lib/libGLX_mesa.so.0.0.0
7f925d1da000-7f925d1db000 rw-p 0005a000 00:23 3186829                    /usr/lib/libGLX_mesa.so.0.0.0
7f925d1db000-7f925d1dd000 r--p 00000000 00:23 129281                     /usr/lib/libGLX.so.0.0.0
7f925d1dd000-7f925d1f8000 r-xp 00002000 00:23 129281                     /usr/lib/libGLX.so.0.0.0
7f925d1f8000-7f925d1fb000 r--p 0001d000 00:23 129281                     /usr/lib/libGLX.so.0.0.0
7f925d1fb000-7f925d1fc000 r--p 00020000 00:23 129281                     /usr/lib/libGLX.so.0.0.0
7f925d1fc000-7f925d1fd000 rw-p 00021000 00:23 129281                     /usr/lib/libGLX.so.0.0.0
7f925d1fd000-7f925d20d000 rw-p 00000000 00:00 0 
7f925d20d000-7f925d20f000 r--p 00000000 00:23 129284                     /usr/lib/libGLdispatch.so.0.0.0
7f925d20f000-7f925d24e000 r-xp 00002000 00:23 129284                     /usr/lib/libGLdispatch.so.0.0.0
7f925d24e000-7f925d261000 r--p 00041000 00:23 129284                     /usr/lib/libGLdispatch.so.0.0.0
7f925d261000-7f925d27d000 r--p 00054000 00:23 129284                     /usr/lib/libGLdispatch.so.0.0.0
7f925d27d000-7f925d27e000 rw-p 00070000 00:23 129284                     /usr/lib/libGLdispatch.so.0.0.0
7f925d27e000-7f925d286000 rw-p 00000000 00:00 0 
7f925d286000-7f925d2b5000 r--p 00000000 00:23 129275                     /usr/lib/libGL.so.1.7.0
7f925d2b5000-7f925d2d4000 r-xp 0002f000 00:23 129275                     /usr/lib/libGL.so.1.7.0
7f925d2d4000-7f925d2e9000 r--p 0004e000 00:23 129275                     /usr/lib/libGL.so.1.7.0
7f925d2e9000-7f925d2f7000 r--p 00062000 00:23 129275                     /usr/lib/libGL.so.1.7.0
7f925d2f7000-7f925d2f8000 rw-p 00070000 00:23 129275                     /usr/lib/libGL.so.1.7.0
7f925d2f8000-7f925d2f9000 rw-p 00000000 00:00 0 
7f925d2f9000-7f925d4fc000 rw-p 00000000 00:00 0 
7f925d4fc000-7f925d500000 ---p 00000000 00:00 0 
7f925d500000-7f925d5fc000 rw-p 00000000 00:00 0 
7f925d5fc000-7f925d5fe000 r--p 00000000 00:23 2614902                    /usr/lib/spa-0.2/audioconvert/libspa-audioconvert.so
7f925d5fe000-7f925d667000 r-xp 00002000 00:23 2614902                    /usr/lib/spa-0.2/audioconvert/libspa-audioconvert.so
7f925d667000-7f925d6d4000 r--p 0006b000 00:23 2614902                    /usr/lib/spa-0.2/audioconvert/libspa-audioconvert.so
7f925d6d4000-7f925d6e2000 r--p 000d8000 00:23 2614902                    /usr/lib/spa-0.2/audioconvert/libspa-audioconvert.so
7f925d6e2000-7f925d6e5000 rw-p 000e6000 00:23 2614902                    /usr/lib/spa-0.2/audioconvert/libspa-audioconvert.so
7f925d6e5000-7f925e6e7000 rw-p 00000000 00:00 0 
7f925e6e7000-7f925e6f4000 r--p 00000000 00:23 2614708                    /usr/lib/libpipewire-0.3.so.0.1608.0
7f925e6f4000-7f925e791000 r-xp 0000d000 00:23 2614708                    /usr/lib/libpipewire-0.3.so.0.1608.0
7f925e791000-7f925e7b3000 r--p 000aa000 00:23 2614708                    /usr/lib/libpipewire-0.3.so.0.1608.0
7f925e7b3000-7f925e7dc000 r--p 000cc000 00:23 2614708                    /usr/lib/libpipewire-0.3.so.0.1608.0
7f925e7dc000-7f925e7dd000 rw-p 000f5000 00:23 2614708                    /usr/lib/libpipewire-0.3.so.0.1608.0
7f925e7dd000-7f925e7de000 rw-p 00000000 00:00 0 
7f925e7de000-7f925e800000 r--p 00000000 00:23 2034389                    /usr/lib/libasound.so.2.0.0
7f925e800000-7f925e8c3000 r-xp 00022000 00:23 2034389                    /usr/lib/libasound.so.2.0.0
7f925e8c3000-7f925e8f6000 r--p 000e5000 00:23 2034389                    /usr/lib/libasound.so.2.0.0
7f925e8f6000-7f925e8fe000 r--p 00117000 00:23 2034389                    /usr/lib/libasound.so.2.0.0
7f925e8fe000-7f925e8ff000 rw-p 0011f000 00:23 2034389                    /usr/lib/libasound.so.2.0.0
7f925e8ff000-7f925e904000 r--p 00000000 00:23 3182523                    /usr/lib/libmvec.so.1
7f925e904000-7f925e927000 r-xp 00005000 00:23 3182523                    /usr/lib/libmvec.so.1
7f925e927000-7f925e9fe000 r--p 00028000 00:23 3182523                    /usr/lib/libmvec.so.1
7f925e9fe000-7f925e9ff000 r--p 000ff000 00:23 3182523                    /usr/lib/libmvec.so.1
7f925e9ff000-7f925ea00000 rw-p 00100000 00:23 3182523                    /usr/lib/libmvec.so.1
7f925ea00000-7f925ea03000 r--p 00000000 00:23 163438                     /usr/lib/libopus.so.0.11.1
7f925ea03000-7f925eabb000 r-xp 00003000 00:23 163438                     /usr/lib/libopus.so.0.11.1
7f925eabb000-7f925ee38000 r--p 000bb000 00:23 163438                     /usr/lib/libopus.so.0.11.1
7f925ee38000-7f925ee3c000 r--p 00437000 00:23 163438                     /usr/lib/libopus.so.0.11.1
7f925ee3c000-7f925ee3d000 rw-p 0043b000 00:23 163438                     /usr/lib/libopus.so.0.11.1
7f925ee3d000-7f925ee3e000 rw-s 1038ad000 00:11 2111                      anon_inode:i915.gem
7f925ee3e000-7f925ee40000 rw-s 103616000 00:11 2111                      anon_inode:i915.gem
7f925ee40000-7f925ee45000 r--p 00000000 00:23 1472425                    /usr/lib/libdrm.so.2.134.0
7f925ee45000-7f925ee53000 r-xp 00005000 00:23 1472425                    /usr/lib/libdrm.so.2.134.0
7f925ee53000-7f925ee57000 r--p 00013000 00:23 1472425                    /usr/lib/libdrm.so.2.134.0
7f925ee57000-7f925ee58000 r--p 00017000 00:23 1472425                    /usr/lib/libdrm.so.2.134.0
7f925ee58000-7f925ee59000 rw-p 00018000 00:23 1472425                    /usr/lib/libdrm.so.2.134.0
7f925ee59000-7f925ee5a000 rw-p 00000000 00:00 0 
7f925ee5a000-7f925ee5e000 ---p 00000000 00:00 0 
7f925ee5e000-7f925ee7c000 rw-p 00000000 00:00 0 
7f925ee7c000-7f925ee85000 rw-s 00008000 00:01 4211                       /memfd:pipewire-memfd:flags=0x0000000f,type=2,size=65664 (deleted)
7f925ee85000-7f925ee8e000 rw-s 00000000 00:01 4211                       /memfd:pipewire-memfd:flags=0x0000000f,type=2,size=65664 (deleted)
7f925ee8e000-7f925ee90000 r--p 00000000 00:23 2614745                    /usr/lib/pipewire-0.3/libpipewire-module-session-manager.so
7f925ee90000-7f925eeb2000 r-xp 00002000 00:23 2614745                    /usr/lib/pipewire-0.3/libpipewire-module-session-manager.so
7f925eeb2000-7f925eeb8000 r--p 00024000 00:23 2614745                    /usr/lib/pipewire-0.3/libpipewire-module-session-manager.so
7f925eeb8000-7f925eeba000 r--p 00029000 00:23 2614745                    /usr/lib/pipewire-0.3/libpipewire-module-session-manager.so
7f925eeba000-7f925eebb000 rw-p 0002b000 00:23 2614745                    /usr/lib/pipewire-0.3/libpipewire-module-session-manager.so
7f925eebb000-7f925eebe000 r--p 00000000 00:23 2614742                    /usr/lib/pipewire-0.3/libpipewire-module-protocol-native.so
7f925eebe000-7f925eee0000 r-xp 00003000 00:23 2614742                    /usr/lib/pipewire-0.3/libpipewire-module-protocol-native.so
7f925eee0000-7f925eeec000 r--p 00025000 00:23 2614742                    /usr/lib/pipewire-0.3/libpipewire-module-protocol-native.so
7f925eeec000-7f925eef7000 r--p 00030000 00:23 2614742                    /usr/lib/pipewire-0.3/libpipewire-module-protocol-native.so
7f925eef7000-7f925eef8000 rw-p 0003b000 00:23 2614742                    /usr/lib/pipewire-0.3/libpipewire-module-protocol-native.so
7f925eef8000-7f925eefc000 r--p 00000000 00:23 163412                     /usr/lib/libvorbis.so.0.4.9
7f925eefc000-7f925ef2d000 r-xp 00004000 00:23 163412                     /usr/lib/libvorbis.so.0.4.9
7f925ef2d000-7f925ef3f000 r--p 00035000 00:23 163412                     /usr/lib/libvorbis.so.0.4.9
7f925ef3f000-7f925ef40000 r--p 00046000 00:23 163412                     /usr/lib/libvorbis.so.0.4.9
7f925ef40000-7f925ef41000 rw-p 00047000 00:23 163412                     /usr/lib/libvorbis.so.0.4.9
7f925ef41000-7f925ef46000 r--p 00000000 00:23 2679537                    /usr/lib/libmp3lame.so.0.0.0
7f925ef46000-7f925ef8a000 r-xp 00005000 00:23 2679537                    /usr/lib/libmp3lame.so.0.0.0
7f925ef8a000-7f925ef97000 r--p 00049000 00:23 2679537                    /usr/lib/libmp3lame.so.0.0.0
7f925ef97000-7f925ef98000 r--p 00056000 00:23 2679537                    /usr/lib/libmp3lame.so.0.0.0
7f925ef98000-7f925ef99000 rw-p 00057000 00:23 2679537                    /usr/lib/libmp3lame.so.0.0.0
7f925ef99000-7f925efaa000 rw-p 00000000 00:00 0 
7f925efaa000-7f925efae000 r--p 00000000 00:23 3188656                    /usr/lib/libmpg123.so.0.49.4
7f925efae000-7f925f001000 r-xp 00004000 00:23 3188656                    /usr/lib/libmpg123.so.0.49.4
7f925f001000-7f925f01c000 r--p 00057000 00:23 3188656                    /usr/lib/libmpg123.so.0.49.4
7f925f01c000-7f925f01d000 r--p 00072000 00:23 3188656                    /usr/lib/libmpg123.so.0.49.4
7f925f01d000-7f925f01e000 rw-p 00073000 00:23 3188656                    /usr/lib/libmpg123.so.0.49.4
7f925f01e000-7f925f01f000 r--p 00000000 00:23 163415                     /usr/lib/libvorbisenc.so.2.0.12
7f925f01f000-7f925f024000 r-xp 00001000 00:23 163415                     /usr/lib/libvorbisenc.so.2.0.12
7f925f024000-7f925f09b000 r--p 00006000 00:23 163415                     /usr/lib/libvorbisenc.so.2.0.12
7f925f09b000-7f925f0b7000 r--p 0007c000 00:23 163415                     /usr/lib/libvorbisenc.so.2.0.12
7f925f0b7000-7f925f0b8000 rw-p 00098000 00:23 163415                     /usr/lib/libvorbisenc.so.2.0.12
7f925f0b8000-7f925f0cd000 r--p 00000000 00:23 2747883                    /usr/lib/libsystemd.so.0.44.0
7f925f0cd000-7f925f1a6000 r-xp 00015000 00:23 2747883                    /usr/lib/libsystemd.so.0.44.0
7f925f1a6000-7f925f1f5000 r--p 000ee000 00:23 2747883                    /usr/lib/libsystemd.so.0.44.0
7f925f1f5000-7f925f1fe000 r--p 0013c000 00:23 2747883                    /usr/lib/libsystemd.so.0.44.0
7f925f1fe000-7f925f1ff000 rw-p 00145000 00:23 2747883                    /usr/lib/libsystemd.so.0.44.0
7f925f1ff000-7f925f200000 rw-p 00000000 00:00 0 
7f925f200000-7f925f255000 r-xp 00000000 00:38 402                        /tmp/libgdxmirtemir/31ce78a2/libopenal64.so
7f925f255000-7f925f454000 ---p 00055000 00:38 402                        /tmp/libgdxmirtemir/31ce78a2/libopenal64.so
7f925f454000-7f925f457000 r--p 00054000 00:38 402                        /tmp/libgdxmirtemir/31ce78a2/libopenal64.so
7f925f457000-7f925f458000 rw-p 00057000 00:38 402                        /tmp/libgdxmirtemir/31ce78a2/libopenal64.so
7f925f458000-7f925f459000 rw-p 00000000 00:00 0 
7f925f459000-7f925f45a000 r--p 00000000 00:23 122683                     /usr/lib/libxcb-present.so.0.0.0
7f925f45a000-7f925f45b000 r-xp 00001000 00:23 122683                     /usr/lib/libxcb-present.so.0.0.0
7f925f45b000-7f925f45c000 r--p 00002000 00:23 122683                     /usr/lib/libxcb-present.so.0.0.0
7f925f45c000-7f925f45d000 r--p 00002000 00:23 122683                     /usr/lib/libxcb-present.so.0.0.0
7f925f45d000-7f925f45e000 rw-p 00003000 00:23 122683                     /usr/lib/libxcb-present.so.0.0.0
7f925f45e000-7f925f467000 rw-s 00008000 00:01 4210                       /memfd:pipewire-memfd:flags=0x0000000f,type=2,size=65664 (deleted)
7f925f467000-7f925f469000 r--p 00000000 00:23 2614739                    /usr/lib/pipewire-0.3/libpipewire-module-metadata.so
7f925f469000-7f925f474000 r-xp 00002000 00:23 2614739                    /usr/lib/pipewire-0.3/libpipewire-module-metadata.so
7f925f474000-7f925f476000 r--p 0000d000 00:23 2614739                    /usr/lib/pipewire-0.3/libpipewire-module-metadata.so
7f925f476000-7f925f477000 r--p 0000e000 00:23 2614739                    /usr/lib/pipewire-0.3/libpipewire-module-metadata.so
7f925f477000-7f925f478000 rw-p 0000f000 00:23 2614739                    /usr/lib/pipewire-0.3/libpipewire-module-metadata.so
7f925f478000-7f925f481000 r--p 00000000 00:23 163393                     /usr/lib/libFLAC.so.14.0.0
7f925f481000-7f925f4da000 r-xp 00009000 00:23 163393                     /usr/lib/libFLAC.so.14.0.0
7f925f4da000-7f925f4e3000 r--p 00062000 00:23 163393                     /usr/lib/libFLAC.so.14.0.0
7f925f4e3000-7f925f4e4000 r--p 0006b000 00:23 163393                     /usr/lib/libFLAC.so.14.0.0
7f925f4e4000-7f925f4e5000 rw-p 0006c000 00:23 163393                     /usr/lib/libFLAC.so.14.0.0
7f925f4e5000-7f925f4ea000 r--p 00000000 00:23 163466                     /usr/lib/libsndfile.so.1.0.37
7f925f4ea000-7f925f585000 r-xp 00005000 00:23 163466                     /usr/lib/libsndfile.so.1.0.37
7f925f585000-7f925f5a1000 r--p 000a0000 00:23 163466                     /usr/lib/libsndfile.so.1.0.37
7f925f5a1000-7f925f5a4000 r--p 000bc000 00:23 163466                     /usr/lib/libsndfile.so.1.0.37
7f925f5a4000-7f925f5a5000 rw-p 000bf000 00:23 163466                     /usr/lib/libsndfile.so.1.0.37
7f925f5a5000-7f925f5a7000 rw-p 00000000 00:00 0 
7f925f5a7000-7f925f5b5000 r--p 00000000 00:23 26507                      /usr/lib/libdbus-1.so.3.38.3
7f925f5b5000-7f925f5eb000 r-xp 0000e000 00:23 26507                      /usr/lib/libdbus-1.so.3.38.3
7f925f5eb000-7f925f5fd000 r--p 00044000 00:23 26507                      /usr/lib/libdbus-1.so.3.38.3
7f925f5fd000-7f925f5ff000 r--p 00055000 00:23 26507                      /usr/lib/libdbus-1.so.3.38.3
7f925f5ff000-7f925f600000 rw-p 00057000 00:23 26507                      /usr/lib/libdbus-1.so.3.38.3
7f925f600000-7f925f670000 r-xp 00000000 00:38 401                        /tmp/libgdxmirtemir/31ce78a2/liblwjgl64.so
7f925f670000-7f925f870000 ---p 00070000 00:38 401                        /tmp/libgdxmirtemir/31ce78a2/liblwjgl64.so
7f925f870000-7f925f872000 r--p 00070000 00:38 401                        /tmp/libgdxmirtemir/31ce78a2/liblwjgl64.so
7f925f872000-7f925f873000 rw-p 00072000 00:38 401                        /tmp/libgdxmirtemir/31ce78a2/liblwjgl64.so
7f925f873000-7f925f874000 r--p 00000000 00:23 122704                     /usr/lib/libxcb-shm.so.0.0.0
7f925f874000-7f925f875000 r-xp 00001000 00:23 122704                     /usr/lib/libxcb-shm.so.0.0.0
7f925f875000-7f925f876000 r--p 00002000 00:23 122704                     /usr/lib/libxcb-shm.so.0.0.0
7f925f876000-7f925f877000 r--p 00002000 00:23 122704                     /usr/lib/libxcb-shm.so.0.0.0
7f925f877000-7f925f878000 rw-p 00003000 00:23 122704                     /usr/lib/libxcb-shm.so.0.0.0
7f925f878000-7f925f881000 rw-s 00000000 00:01 4210                       /memfd:pipewire-memfd:flags=0x0000000f,type=2,size=65664 (deleted)
7f925f881000-7f925f884000 r--p 00000000 00:23 2614736                    /usr/lib/pipewire-0.3/libpipewire-module-client-node.so
7f925f884000-7f925f8a1000 r-xp 00003000 00:23 2614736                    /usr/lib/pipewire-0.3/libpipewire-module-client-node.so
7f925f8a1000-7f925f8a7000 r--p 00020000 00:23 2614736                    /usr/lib/pipewire-0.3/libpipewire-module-client-node.so
7f925f8a7000-7f925f8a9000 r--p 00025000 00:23 2614736                    /usr/lib/pipewire-0.3/libpipewire-module-client-node.so
7f925f8a9000-7f925f8aa000 rw-p 00027000 00:23 2614736                    /usr/lib/pipewire-0.3/libpipewire-module-client-node.so
7f925f8aa000-7f925f8be000 r--p 00000000 00:23 163665                     /usr/lib/pulseaudio/libpulsecommon-17.0.so
7f925f8be000-7f925f90d000 r-xp 00014000 00:23 163665                     /usr/lib/pulseaudio/libpulsecommon-17.0.so
7f925f90d000-7f925f933000 r--p 00063000 00:23 163665                     /usr/lib/pulseaudio/libpulsecommon-17.0.so
7f925f933000-7f925f935000 r--p 00089000 00:23 163665                     /usr/lib/pulseaudio/libpulsecommon-17.0.so
7f925f935000-7f925f936000 rw-p 0008b000 00:23 163665                     /usr/lib/pulseaudio/libpulsecommon-17.0.so
7f925f936000-7f925f937000 rw-p 00000000 00:00 0 
7f925f937000-7f925f93b000 ---p 00000000 00:00 0 
7f925f93b000-7f925fa38000 rw-p 00000000 00:00 0 
7f925fa38000-7f925fa3c000 ---p 00000000 00:00 0 
7f925fa3c000-7f925fb38000 rw-p 00000000 00:00 0 
7f925fb38000-7f925fb3b000 r--p 00000000 00:23 18974                      /usr/lib/libpcre2-8.so.0.15.0
7f925fb3b000-7f925fbcf000 r-xp 00003000 00:23 18974                      /usr/lib/libpcre2-8.so.0.15.0
7f925fbcf000-7f925fbfe000 r--p 00097000 00:23 18974                      /usr/lib/libpcre2-8.so.0.15.0
7f925fbfe000-7f925fbff000 r--p 000c5000 00:23 18974                      /usr/lib/libpcre2-8.so.0.15.0
7f925fbff000-7f925fc00000 rw-p 000c6000 00:23 18974                      /usr/lib/libpcre2-8.so.0.15.0
7f925fc00000-7f925fc38000 r-xp 00000000 00:38 398                        /tmp/libgdxmirtemir/b793cc16/libgdx64.so
7f925fc38000-7f925fe37000 ---p 00038000 00:38 398                        /tmp/libgdxmirtemir/b793cc16/libgdx64.so
7f925fe37000-7f925fe38000 r--p 00037000 00:38 398                        /tmp/libgdxmirtemir/b793cc16/libgdx64.so
7f925fe38000-7f925fe39000 rw-p 00038000 00:38 398                        /tmp/libgdxmirtemir/b793cc16/libgdx64.so
7f925fe39000-7f925fe3a000 rw-s 00000000 00:01 2345                       /memfd:xshmfence (deleted)
7f925fe3a000-7f925fe3c000 r--p 00000000 00:23 2614735                    /usr/lib/pipewire-0.3/libpipewire-module-client-device.so
7f925fe3c000-7f925fe48000 r-xp 00002000 00:23 2614735                    /usr/lib/pipewire-0.3/libpipewire-module-client-device.so
7f925fe48000-7f925fe49000 r--p 0000e000 00:23 2614735                    /usr/lib/pipewire-0.3/libpipewire-module-client-device.so
7f925fe49000-7f925fe4a000 r--p 0000f000 00:23 2614735                    /usr/lib/pipewire-0.3/libpipewire-module-client-device.so
7f925fe4a000-7f925fe4b000 rw-p 00010000 00:23 2614735                    /usr/lib/pipewire-0.3/libpipewire-module-client-device.so
7f925fe4b000-7f925fe4d000 r--p 00000000 00:23 2614753                    /usr/lib/spa-0.2/support/libspa-support.so
7f925fe4d000-7f925fe6d000 r-xp 00002000 00:23 2614753                    /usr/lib/spa-0.2/support/libspa-support.so
7f925fe6d000-7f925fe74000 r--p 00022000 00:23 2614753                    /usr/lib/spa-0.2/support/libspa-support.so
7f925fe74000-7f925fe7c000 r--p 00029000 00:23 2614753                    /usr/lib/spa-0.2/support/libspa-support.so
7f925fe7c000-7f925fe7d000 rw-p 00031000 00:23 2614753                    /usr/lib/spa-0.2/support/libspa-support.so
7f925fe7d000-7f925fe9b000 r--p 00000000 00:23 3184066                    /usr/lib/libglib-2.0.so.0.8800.3
7f925fe9b000-7f925ff69000 r-xp 0001e000 00:23 3184066                    /usr/lib/libglib-2.0.so.0.8800.3
7f925ff69000-7f925fffd000 r--p 000ec000 00:23 3184066                    /usr/lib/libglib-2.0.so.0.8800.3
7f925fffd000-7f925fffe000 r--p 00180000 00:23 3184066                    /usr/lib/libglib-2.0.so.0.8800.3
7f925fffe000-7f925ffff000 rw-p 00181000 00:23 3184066                    /usr/lib/libglib-2.0.so.0.8800.3
7f925ffff000-7f9260400000 rw-p 00000000 00:00 0 
7f9260400000-7f9260800000 rw-p 00000000 00:00 0 
7f9260800000-7f9260b00000 rw-p 00000000 00:00 0 
7f9260b00000-7f9260c00000 rw-p 00000000 00:00 0 
7f9260c00000-7f9261400000 rw-p 00000000 00:00 0 
7f9261400000-7f9261600000 rw-p 00000000 00:00 0 
7f9261600000-7f9261700000 rw-p 00000000 00:00 0 
7f9261700000-7f9261770000 rw-p 00000000 00:00 0 
7f9261770000-7f9261800000 ---p 00000000 00:00 0 
7f9261800000-7f92619e0000 rw-p 00000000 00:00 0 
7f92619e0000-7f9261b40000 rw-p 00000000 00:00 0 
7f9261b40000-7f9261c40000 rw-p 00000000 00:00 0 
7f9261c40000-7f9264000000 ---p 00000000 00:00 0 
7f9264000000-7f9267ffb000 rw-p 00000000 00:00 0 
7f9267ffb000-7f9268000000 ---p 00000000 00:00 0 
7f9268000000-7f926bffc000 rw-p 00000000 00:00 0 
7f926bffc000-7f926c000000 ---p 00000000 00:00 0 
7f926c000000-7f926ef81000 rw-p 00000000 00:00 0 
7f926ef81000-7f9270000000 ---p 00000000 00:00 0 
7f9270000000-7f9273ffc000 rw-p 00000000 00:00 0 
7f9273ffc000-7f9274000000 ---p 00000000 00:00 0 
7f9274000000-7f9277b80000 rw-p 00000000 00:00 0 
7f9277b80000-7f9278000000 ---p 00000000 00:00 0 
7f9278000000-7f927bf21000 rw-p 00000000 00:00 0 
7f927bf21000-7f927c000000 ---p 00000000 00:00 0 
7f927c000000-7f927ffee000 rw-p 00000000 00:00 0 
7f927ffee000-7f9280000000 ---p 00000000 00:00 0 
7f9280000000-7f9282e75000 rw-p 00000000 00:00 0 
7f9282e75000-7f9284000000 ---p 00000000 00:00 0 
7f9284000000-7f9284004000 rw-s 1040c7000 00:11 2111                      anon_inode:i915.gem
7f9284004000-7f9284006000 r--p 00000000 00:23 2614734                    /usr/lib/pipewire-0.3/libpipewire-module-adapter.so
7f9284006000-7f928400a000 r-xp 00002000 00:23 2614734                    /usr/lib/pipewire-0.3/libpipewire-module-adapter.so
7f928400a000-7f928400c000 r--p 00006000 00:23 2614734                    /usr/lib/pipewire-0.3/libpipewire-module-adapter.so
7f928400c000-7f928400d000 r--p 00007000 00:23 2614734                    /usr/lib/pipewire-0.3/libpipewire-module-adapter.so
7f928400d000-7f928400e000 rw-p 00008000 00:23 2614734                    /usr/lib/pipewire-0.3/libpipewire-module-adapter.so
7f928400e000-7f9284010000 r--p 00000000 00:23 2614743                    /usr/lib/pipewire-0.3/libpipewire-module-rt.so
7f9284010000-7f9284014000 r-xp 00002000 00:23 2614743                    /usr/lib/pipewire-0.3/libpipewire-module-rt.so
7f9284014000-7f9284016000 r--p 00006000 00:23 2614743                    /usr/lib/pipewire-0.3/libpipewire-module-rt.so
7f9284016000-7f9284017000 r--p 00007000 00:23 2614743                    /usr/lib/pipewire-0.3/libpipewire-module-rt.so
7f9284017000-7f9284018000 rw-p 00008000 00:23 2614743                    /usr/lib/pipewire-0.3/libpipewire-module-rt.so
7f9284018000-7f928401b000 r--p 00000000 00:23 2614883                    /usr/lib/alsa-lib/libasound_module_pcm_pipewire.so
7f928401b000-7f928402b000 r-xp 00003000 00:23 2614883                    /usr/lib/alsa-lib/libasound_module_pcm_pipewire.so
7f928402b000-7f928402f000 r--p 00013000 00:23 2614883                    /usr/lib/alsa-lib/libasound_module_pcm_pipewire.so
7f928402f000-7f9284031000 r--p 00016000 00:23 2614883                    /usr/lib/alsa-lib/libasound_module_pcm_pipewire.so
7f9284031000-7f9284032000 rw-p 00018000 00:23 2614883                    /usr/lib/alsa-lib/libasound_module_pcm_pipewire.so
7f9284032000-7f928403e000 r--p 00000000 00:23 163660                     /usr/lib/libpulse.so.0.24.3
7f928403e000-7f9284072000 r-xp 0000c000 00:23 163660                     /usr/lib/libpulse.so.0.24.3
7f9284072000-7f9284088000 r--p 00040000 00:23 163660                     /usr/lib/libpulse.so.0.24.3
7f9284088000-7f928408a000 r--p 00055000 00:23 163660                     /usr/lib/libpulse.so.0.24.3
7f928408a000-7f928408b000 rw-p 00057000 00:23 163660                     /usr/lib/libpulse.so.0.24.3
7f928408b000-7f9284091000 r--p 00000000 00:23 574874                     /usr/lib/libfreetype.so.6.20.6
7f9284091000-7f9284166000 r-xp 00006000 00:23 574874                     /usr/lib/libfreetype.so.6.20.6
7f9284166000-7f9284191000 r--p 000db000 00:23 574874                     /usr/lib/libfreetype.so.6.20.6
7f9284191000-7f9284199000 r--p 00106000 00:23 574874                     /usr/lib/libfreetype.so.6.20.6
7f9284199000-7f928419a000 rw-p 0010e000 00:23 574874                     /usr/lib/libfreetype.so.6.20.6
7f928419a000-7f92841a7000 r--p 00000000 00:23 3184335                    /usr/lib/libharfbuzz.so.0.61430.0
7f92841a7000-7f92842c8000 r-xp 0000d000 00:23 3184335                    /usr/lib/libharfbuzz.so.0.61430.0
7f92842c8000-7f92842fc000 r--p 0012e000 00:23 3184335                    /usr/lib/libharfbuzz.so.0.61430.0
7f92842fc000-7f92842fe000 r--p 00161000 00:23 3184335                    /usr/lib/libharfbuzz.so.0.61430.0
7f92842fe000-7f92842ff000 rw-p 00163000 00:23 3184335                    /usr/lib/libharfbuzz.so.0.61430.0
7f92842ff000-7f9284400000 rw-p 00000000 00:00 0 
7f9284400000-7f9284440000 r-xp 00000000 00:38 395                        /tmp/steamworks4j/1.8.0/libsteamworks4j.so
7f9284440000-7f928463f000 ---p 00040000 00:38 395                        /tmp/steamworks4j/1.8.0/libsteamworks4j.so
7f928463f000-7f9284643000 r--p 0003f000 00:38 395                        /tmp/steamworks4j/1.8.0/libsteamworks4j.so
7f9284643000-7f9284644000 rw-p 00043000 00:38 395                        /tmp/steamworks4j/1.8.0/libsteamworks4j.so
7f9284644000-7f9284645000 r--p 00000000 00:23 125096                     /usr/lib/libX11-xcb.so.1.0.0
7f9284645000-7f9284646000 r-xp 00001000 00:23 125096                     /usr/lib/libX11-xcb.so.1.0.0
7f9284646000-7f9284647000 r--p 00002000 00:23 125096                     /usr/lib/libX11-xcb.so.1.0.0
7f9284647000-7f9284648000 r--p 00002000 00:23 125096                     /usr/lib/libX11-xcb.so.1.0.0
7f9284648000-7f9284649000 rw-p 00003000 00:23 125096                     /usr/lib/libX11-xcb.so.1.0.0
7f9284649000-7f9284650000 r--s 00000000 00:23 3303891                    /usr/lib/gconv/gconv-modules.cache
7f9284650000-7f9284651000 r--p 00000000 00:23 2614751                    /usr/lib/spa-0.2/support/libspa-dbus.so
7f9284651000-7f9284654000 r-xp 00001000 00:23 2614751                    /usr/lib/spa-0.2/support/libspa-dbus.so
7f9284654000-7f9284655000 r--p 00004000 00:23 2614751                    /usr/lib/spa-0.2/support/libspa-dbus.so
7f9284655000-7f9284656000 r--p 00005000 00:23 2614751                    /usr/lib/spa-0.2/support/libspa-dbus.so
7f9284656000-7f9284657000 rw-p 00006000 00:23 2614751                    /usr/lib/spa-0.2/support/libspa-dbus.so
7f9284657000-7f9284659000 r--p 00000000 00:23 163270                     /usr/lib/libogg.so.0.8.6
7f9284659000-7f928465d000 r-xp 00002000 00:23 163270                     /usr/lib/libogg.so.0.8.6
7f928465d000-7f9284660000 r--p 00006000 00:23 163270                     /usr/lib/libogg.so.0.8.6
7f9284660000-7f9284661000 r--p 00009000 00:23 163270                     /usr/lib/libogg.so.0.8.6
7f9284661000-7f9284662000 rw-p 0000a000 00:23 163270                     /usr/lib/libogg.so.0.8.6
7f9284662000-7f9284664000 r--p 00000000 00:23 163597                     /usr/lib/libasyncns.so.0.3.1
7f9284664000-7f9284667000 r-xp 00002000 00:23 163597                     /usr/lib/libasyncns.so.0.3.1
7f9284667000-7f9284668000 r--p 00005000 00:23 163597                     /usr/lib/libasyncns.so.0.3.1
7f9284668000-7f9284669000 r--p 00005000 00:23 163597                     /usr/lib/libasyncns.so.0.3.1
7f9284669000-7f928466a000 rw-p 00006000 00:23 163597                     /usr/lib/libasyncns.so.0.3.1
7f928466a000-7f928466c000 r--p 00000000 00:23 145770                     /usr/lib/libXrandr.so.2.2.0
7f928466c000-7f9284675000 r-xp 00002000 00:23 145770                     /usr/lib/libXrandr.so.2.2.0
7f9284675000-7f9284677000 r--p 0000b000 00:23 145770                     /usr/lib/libXrandr.so.2.2.0
7f9284677000-7f9284678000 r--p 0000c000 00:23 145770                     /usr/lib/libXrandr.so.2.2.0
7f9284678000-7f9284679000 rw-p 0000d000 00:23 145770                     /usr/lib/libXrandr.so.2.2.0
7f9284679000-7f928467a000 r--p 00000000 00:23 19847                      /usr/lib/libbrotlicommon.so.1.2.0
7f928467a000-7f928467b000 r-xp 00001000 00:23 19847                      /usr/lib/libbrotlicommon.so.1.2.0
7f928467b000-7f928469a000 r--p 00002000 00:23 19847                      /usr/lib/libbrotlicommon.so.1.2.0
7f928469a000-7f928469b000 r--p 00021000 00:23 19847                      /usr/lib/libbrotlicommon.so.1.2.0
7f928469b000-7f928469c000 rw-p 00022000 00:23 19847                      /usr/lib/libbrotlicommon.so.1.2.0
7f928469c000-7f92846b3000 r--p 00000000 00:23 125099                     /usr/lib/libX11.so.6.4.0
7f92846b3000-7f9284765000 r-xp 00017000 00:23 125099                     /usr/lib/libX11.so.6.4.0
7f9284765000-7f92847f9000 r--p 000c9000 00:23 125099                     /usr/lib/libX11.so.6.4.0
7f92847f9000-7f92847fc000 r--p 0015d000 00:23 125099                     /usr/lib/libX11.so.6.4.0
7f92847fc000-7f92847ff000 rw-p 00160000 00:23 125099                     /usr/lib/libX11.so.6.4.0
7f92847ff000-7f9284800000 rw-p 00000000 00:00 0 
7f9284800000-7f9284846000 r-xp 00000000 00:38 393                        /tmp/steamworks4j/1.8.0/libsteam_api.so
7f9284846000-7f9284a46000 ---p 00046000 00:38 393                        /tmp/steamworks4j/1.8.0/libsteam_api.so
7f9284a46000-7f9284a4a000 r--p 00046000 00:38 393                        /tmp/steamworks4j/1.8.0/libsteam_api.so
7f9284a4a000-7f9284a4b000 rw-p 0004a000 00:38 393                        /tmp/steamworks4j/1.8.0/libsteam_api.so
7f9284a4b000-7f9284a5c000 rw-p 00000000 00:00 0 
7f9284a5c000-7f9284a5d000 r--p 00000000 00:23 2614752                    /usr/lib/spa-0.2/support/libspa-journal.so
7f9284a5d000-7f9284a5f000 r-xp 00001000 00:23 2614752                    /usr/lib/spa-0.2/support/libspa-journal.so
7f9284a5f000-7f9284a60000 r--p 00003000 00:23 2614752                    /usr/lib/spa-0.2/support/libspa-journal.so
7f9284a60000-7f9284a61000 r--p 00003000 00:23 2614752                    /usr/lib/spa-0.2/support/libspa-journal.so
7f9284a61000-7f9284a62000 rw-p 00004000 00:23 2614752                    /usr/lib/spa-0.2/support/libspa-journal.so
7f9284a62000-7f9284a63000 r--p 00000000 00:23 128971                     /usr/lib/libXxf86vm.so.1.0.0
7f9284a63000-7f9284a67000 r-xp 00001000 00:23 128971                     /usr/lib/libXxf86vm.so.1.0.0
7f9284a67000-7f9284a68000 r--p 00005000 00:23 128971                     /usr/lib/libXxf86vm.so.1.0.0
7f9284a68000-7f9284a69000 r--p 00005000 00:23 128971                     /usr/lib/libXxf86vm.so.1.0.0
7f9284a69000-7f9284a6a000 rw-p 00006000 00:23 128971                     /usr/lib/libXxf86vm.so.1.0.0
7f9284a6a000-7f9284a70000 r--p 00000000 00:23 2272394                    /usr/lib/libpng16.so.16.58.0
7f9284a70000-7f9284ab2000 r-xp 00006000 00:23 2272394                    /usr/lib/libpng16.so.16.58.0
7f9284ab2000-7f9284abd000 r--p 00048000 00:23 2272394                    /usr/lib/libpng16.so.16.58.0
7f9284abd000-7f9284abe000 r--p 00053000 00:23 2272394                    /usr/lib/libpng16.so.16.58.0
7f9284abe000-7f9284abf000 rw-p 00054000 00:23 2272394                    /usr/lib/libpng16.so.16.58.0
7f9284abf000-7f9284ac2000 r--p 00000000 00:23 150814                     /usr/lib/libz.so.1.3.1.zlib-ng
7f9284ac2000-7f9284aec000 r-xp 00003000 00:23 150814                     /usr/lib/libz.so.1.3.1.zlib-ng
7f9284aec000-7f9284af5000 r--p 0002d000 00:23 150814                     /usr/lib/libz.so.1.3.1.zlib-ng
7f9284af5000-7f9284af6000 r--p 00035000 00:23 150814                     /usr/lib/libz.so.1.3.1.zlib-ng
7f9284af6000-7f9284af7000 rw-p 00036000 00:23 150814                     /usr/lib/libz.so.1.3.1.zlib-ng
7f9284af7000-7f9284af8000 rw-p 00000000 00:00 0 
7f9284af8000-7f9284afc000 ---p 00000000 00:00 0 
7f9284afc000-7f9284bf9000 rw-p 00000000 00:00 0 
7f9284bf9000-7f9284bfd000 ---p 00000000 00:00 0 
7f9284bfd000-7f9284cfa000 rw-p 00000000 00:00 0 
7f9284cfa000-7f9284cfe000 ---p 00000000 00:00 0 
7f9284cfe000-7f9284dfb000 rw-p 00000000 00:00 0 
7f9284dfb000-7f9284dff000 ---p 00000000 00:00 0 
7f9284dff000-7f9284efc000 rw-p 00000000 00:00 0 
7f9284efc000-7f9284f00000 ---p 00000000 00:00 0 
7f9284f00000-7f9284ffd000 rw-p 00000000 00:00 0 
7f9284ffd000-7f9285001000 ---p 00000000 00:00 0 
7f9285001000-7f92850fe000 rw-p 00000000 00:00 0 
7f92850fe000-7f9285102000 ---p 00000000 00:00 0 
7f9285102000-7f92851ff000 rw-p 00000000 00:00 0 
7f92851ff000-7f9285203000 ---p 00000000 00:00 0 
7f9285203000-7f9285300000 rw-p 00000000 00:00 0 
7f9285300000-7f9285304000 ---p 00000000 00:00 0 
7f9285304000-7f9285400000 rw-p 00000000 00:00 0 
7f9285400000-7f9285966000 r--p 00000000 00:23 3303889                    /usr/lib/locale/locale-archive
7f9285966000-7f9285968000 rw-s 106f60000 00:11 2111                      anon_inode:i915.gem
7f9285968000-7f928596b000 r--p 00000000 00:23 145671                     /usr/lib/libXcursor.so.1.0.2
7f928596b000-7f9285972000 r-xp 00003000 00:23 145671                     /usr/lib/libXcursor.so.1.0.2
7f9285972000-7f9285974000 r--p 0000a000 00:23 145671                     /usr/lib/libXcursor.so.1.0.2
7f9285974000-7f9285975000 r--p 0000b000 00:23 145671                     /usr/lib/libXcursor.so.1.0.2
7f9285975000-7f9285976000 rw-p 0000c000 00:23 145671                     /usr/lib/libXcursor.so.1.0.2
7f9285976000-7f9285977000 r--p 00000000 00:23 19850                      /usr/lib/libbrotlidec.so.1.2.0
7f9285977000-7f9285981000 r-xp 00001000 00:23 19850                      /usr/lib/libbrotlidec.so.1.2.0
7f9285981000-7f9285984000 r--p 0000b000 00:23 19850                      /usr/lib/libbrotlidec.so.1.2.0
7f9285984000-7f9285985000 r--p 0000d000 00:23 19850                      /usr/lib/libbrotlidec.so.1.2.0
7f9285985000-7f9285986000 rw-p 0000e000 00:23 19850                      /usr/lib/libbrotlidec.so.1.2.0
7f9285986000-7f9285988000 r--p 00000000 00:23 18700                      /usr/lib/libbz2.so.1.0.8
7f9285988000-7f9285995000 r-xp 00002000 00:23 18700                      /usr/lib/libbz2.so.1.0.8
7f9285995000-7f9285997000 r--p 0000f000 00:23 18700                      /usr/lib/libbz2.so.1.0.8
7f9285997000-7f9285998000 r--p 00010000 00:23 18700                      /usr/lib/libbz2.so.1.0.8
7f9285998000-7f9285999000 rw-p 00011000 00:23 18700                      /usr/lib/libbz2.so.1.0.8
7f9285999000-7f928599b000 r--p 00000000 00:23 1472158                    /usr/lib/libgraphite2.so.3.3.1
7f928599b000-7f92859b4000 r-xp 00002000 00:23 1472158                    /usr/lib/libgraphite2.so.3.3.1
7f92859b4000-7f92859b9000 r--p 0001b000 00:23 1472158                    /usr/lib/libgraphite2.so.3.3.1
7f92859b9000-7f92859bb000 r--p 0001f000 00:23 1472158                    /usr/lib/libgraphite2.so.3.3.1
7f92859bb000-7f92859bc000 rw-p 00021000 00:23 1472158                    /usr/lib/libgraphite2.so.3.3.1
7f92859bc000-7f92859c0000 r--p 00000000 00:23 2947394                    /usr/lib/jvm/java-26-openjdk/lib/libfontmanager.so
7f92859c0000-7f92859c9000 r-xp 00004000 00:23 2947394                    /usr/lib/jvm/java-26-openjdk/lib/libfontmanager.so
7f92859c9000-7f92859cb000 r--p 0000d000 00:23 2947394                    /usr/lib/jvm/java-26-openjdk/lib/libfontmanager.so
7f92859cb000-7f92859cc000 r--p 0000f000 00:23 2947394                    /usr/lib/jvm/java-26-openjdk/lib/libfontmanager.so
7f92859cc000-7f92859cd000 rw-p 00010000 00:23 2947394                    /usr/lib/jvm/java-26-openjdk/lib/libfontmanager.so
7f92859cd000-7f92859d9000 r--p 00000000 00:23 122734                     /usr/lib/libxcb.so.1.1.0
7f92859d9000-7f92859ef000 r-xp 0000c000 00:23 122734                     /usr/lib/libxcb.so.1.1.0
7f92859ef000-7f92859f8000 r--p 00022000 00:23 122734                     /usr/lib/libxcb.so.1.1.0
7f92859f8000-7f92859f9000 r--p 0002a000 00:23 122734                     /usr/lib/libxcb.so.1.1.0
7f92859f9000-7f92859fa000 rw-p 0002b000 00:23 122734                     /usr/lib/libxcb.so.1.1.0
7f92859fa000-7f92859fb000 rw-p 00000000 00:00 0 
7f92859fb000-7f92859ff000 ---p 00000000 00:00 0 
7f92859ff000-7f9285bfd000 rw-p 00000000 00:00 0 
7f9285bfd000-7f9285c01000 ---p 00000000 00:00 0 
7f9285c01000-7f9286000000 rw-p 00000000 00:00 0 
7f9286000000-7f928bff9000 rw-p 00000000 00:00 0 
7f928bff9000-7f928c000000 ---p 00000000 00:00 0 
7f928c000000-7f928f009000 rw-p 00000000 00:00 0 
7f928f009000-7f9290000000 ---p 00000000 00:00 0 
7f9290000000-7f9290001000 rw-s 101c36000 00:11 2111                      anon_inode:i915.gem
7f9290001000-7f9290002000 rw-s 00000000 00:01 2346                       /memfd:xshmfence (deleted)
7f9290002000-7f9290003000 r--p 00000000 00:23 3182540                    /usr/lib/librt.so.1
7f9290003000-7f9290004000 r-xp 00001000 00:23 3182540                    /usr/lib/librt.so.1
7f9290004000-7f9290005000 r--p 00002000 00:23 3182540                    /usr/lib/librt.so.1
7f9290005000-7f9290006000 r--p 00002000 00:23 3182540                    /usr/lib/librt.so.1
7f9290006000-7f9290007000 rw-p 00003000 00:23 3182540                    /usr/lib/librt.so.1
7f9290007000-7f9290008000 r--p 00000000 00:23 2947402                    /usr/lib/jvm/java-26-openjdk/lib/libjawt.so
7f9290008000-7f9290009000 r-xp 00001000 00:23 2947402                    /usr/lib/jvm/java-26-openjdk/lib/libjawt.so
7f9290009000-7f929000a000 r--p 00002000 00:23 2947402                    /usr/lib/jvm/java-26-openjdk/lib/libjawt.so
7f929000a000-7f929000b000 r--p 00002000 00:23 2947402                    /usr/lib/jvm/java-26-openjdk/lib/libjawt.so
7f929000b000-7f929000c000 rw-p 00003000 00:23 2947402                    /usr/lib/jvm/java-26-openjdk/lib/libjawt.so
7f929000c000-7f9290010000 r--p 00000000 00:23 2947389                    /usr/lib/jvm/java-26-openjdk/lib/libawt.so
7f9290010000-7f92900bf000 r-xp 00004000 00:23 2947389                    /usr/lib/jvm/java-26-openjdk/lib/libawt.so
7f92900bf000-7f92900cd000 r--p 000b3000 00:23 2947389                    /usr/lib/jvm/java-26-openjdk/lib/libawt.so
7f92900cd000-7f92900ce000 r--p 000c0000 00:23 2947389                    /usr/lib/jvm/java-26-openjdk/lib/libawt.so
7f92900ce000-7f92900d9000 rw-p 000c1000 00:23 2947389                    /usr/lib/jvm/java-26-openjdk/lib/libawt.so
7f92900d9000-7f9290a3e000 rw-p 00000000 00:00 0 
7f9290a3e000-7f9293dee000 ---p 00000000 00:00 0 
7f9293dee000-7f9293df6000 rw-p 00000000 00:00 0 
7f9293df6000-7f9293dfe000 ---p 00000000 00:00 0 
7f9293dfe000-7f9296cfe000 rwxp 00000000 00:00 0 
7f9296cfe000-7f929b336000 ---p 00000000 00:00 0 
7f929b336000-7f929b5a6000 rwxp 00000000 00:00 0 
7f929b5a6000-7f929b8c8000 ---p 00000000 00:00 0 
7f929b8c8000-7f929cf38000 rwxp 00000000 00:00 0 
7f929cf38000-7f92a2e00000 ---p 00000000 00:00 0 
7f92a2e00000-7f92abe21000 r--s 00000000 00:23 2947425                    /usr/lib/jvm/java-26-openjdk/lib/modules
7f92abe21000-7f92abe23000 rw-s 105f1c000 00:11 2111                      anon_inode:i915.gem
7f92abe23000-7f92abe24000 rw-s 00000000 00:01 6507                       /memfd:xshmfence (deleted)
7f92abe24000-7f92abe25000 rw-s 105f2e000 00:11 2111                      anon_inode:i915.gem
7f92abe25000-7f92abe27000 r--p 00000000 00:23 143878                     /usr/lib/libXfixes.so.3.1.0
7f92abe27000-7f92abe2a000 r-xp 00002000 00:23 143878                     /usr/lib/libXfixes.so.3.1.0
7f92abe2a000-7f92abe2b000 r--p 00005000 00:23 143878                     /usr/lib/libXfixes.so.3.1.0
7f92abe2b000-7f92abe2c000 r--p 00006000 00:23 143878                     /usr/lib/libXfixes.so.3.1.0
7f92abe2c000-7f92abe2d000 rw-p 00007000 00:23 143878                     /usr/lib/libXfixes.so.3.1.0
7f92abe2d000-7f92abe2e000 r--p 00000000 00:23 145754                     /usr/lib/libXinerama.so.1.0.0
7f92abe2e000-7f92abe2f000 r-xp 00001000 00:23 145754                     /usr/lib/libXinerama.so.1.0.0
7f92abe2f000-7f92abe30000 r--p 00002000 00:23 145754                     /usr/lib/libXinerama.so.1.0.0
7f92abe30000-7f92abe31000 r--p 00002000 00:23 145754                     /usr/lib/libXinerama.so.1.0.0
7f92abe31000-7f92abe32000 rw-p 00003000 00:23 145754                     /usr/lib/libXinerama.so.1.0.0
7f92abe32000-7f92abe34000 r--p 00000000 00:23 510670                     /usr/lib/libXdmcp.so.6.0.0
7f92abe34000-7f92abe36000 r-xp 00002000 00:23 510670                     /usr/lib/libXdmcp.so.6.0.0
7f92abe36000-7f92abe38000 r--p 00004000 00:23 510670                     /usr/lib/libXdmcp.so.6.0.0
7f92abe38000-7f92abe39000 r--p 00005000 00:23 510670                     /usr/lib/libXdmcp.so.6.0.0
7f92abe39000-7f92abe3a000 rw-p 00006000 00:23 510670                     /usr/lib/libXdmcp.so.6.0.0
7f92abe3a000-7f92abe48000 r--p 00000000 00:23 2947391                    /usr/lib/jvm/java-26-openjdk/lib/libawt_xawt.so
7f92abe48000-7f92abe8c000 r-xp 0000e000 00:23 2947391                    /usr/lib/jvm/java-26-openjdk/lib/libawt_xawt.so
7f92abe8c000-7f92abea0000 r--p 00052000 00:23 2947391                    /usr/lib/jvm/java-26-openjdk/lib/libawt_xawt.so
7f92abea0000-7f92abea2000 r--p 00066000 00:23 2947391                    /usr/lib/jvm/java-26-openjdk/lib/libawt_xawt.so
7f92abea2000-7f92abea3000 rw-p 00068000 00:23 2947391                    /usr/lib/jvm/java-26-openjdk/lib/libawt_xawt.so
7f92abea3000-7f92abeff000 rw-p 00000000 00:00 0 
7f92abeff000-7f92ac000000 rw-p 00000000 00:00 0 
7f92ac000000-7f92af96c000 rw-p 00000000 00:00 0 
7f92af96c000-7f92b0000000 ---p 00000000 00:00 0 
7f92b0000000-7f92b0001000 rw-s 1038f9000 00:11 2111                      anon_inode:i915.gem
7f92b0001000-7f92b0002000 rw-s 10410a000 00:11 2111                      anon_inode:i915.gem
7f92b0002000-7f92b0003000 rw-s 101cb8000 00:11 2111                      anon_inode:i915.gem
7f92b0003000-7f92b0004000 rw-s 00000000 00:01 3165                       /memfd:pipewire-memfd:flags=0x0000000f,type=2,size=4096 (deleted)
7f92b0004000-7f92b0007000 r--p 00000000 00:23 1299050                    /usr/lib/libXi.so.6.1.0
7f92b0007000-7f92b0016000 r-xp 00003000 00:23 1299050                    /usr/lib/libXi.so.6.1.0
7f92b0016000-7f92b0019000 r--p 00012000 00:23 1299050                    /usr/lib/libXi.so.6.1.0
7f92b0019000-7f92b001a000 r--p 00014000 00:23 1299050                    /usr/lib/libXi.so.6.1.0
7f92b001a000-7f92b001b000 rw-p 00015000 00:23 1299050                    /usr/lib/libXi.so.6.1.0
7f92b001b000-7f92b001f000 r--p 00000000 00:23 126342                     /usr/lib/libXext.so.6.4.0
7f92b001f000-7f92b002e000 r-xp 00004000 00:23 126342                     /usr/lib/libXext.so.6.4.0
7f92b002e000-7f92b0031000 r--p 00013000 00:23 126342                     /usr/lib/libXext.so.6.4.0
7f92b0031000-7f92b0032000 r--p 00016000 00:23 126342                     /usr/lib/libXext.so.6.4.0
7f92b0032000-7f92b0033000 rw-p 00017000 00:23 126342                     /usr/lib/libXext.so.6.4.0
7f92b0033000-7f92b0a3d000 rw-p 00000000 00:00 0 
7f92b0a3d000-7f92b0d40000 rw-p 00000000 00:00 0 
7f92b0d40000-7f92b0e68000 rw-p 00000000 00:00 0 
7f92b0e68000-7f92b14de000 ---p 00000000 00:00 0 
7f92b14de000-7f92b14df000 rw-p 00000000 00:00 0 
7f92b14df000-7f92b14e0000 ---p 00000000 00:00 0 
7f92b14e0000-7f92b1608000 rw-p 00000000 00:00 0 
7f92b1608000-7f92b1c7e000 ---p 00000000 00:00 0 
7f92b1c7e000-7f92b1c7f000 rw-p 00000000 00:00 0 
7f92b1c7f000-7f92b1c80000 ---p 00000000 00:00 0 
7f92b1c80000-7f92b1da8000 rw-p 00000000 00:00 0 
7f92b1da8000-7f92b241e000 ---p 00000000 00:00 0 
7f92b241e000-7f92b241f000 rw-p 00000000 00:00 0 
7f92b241f000-7f92b2420000 ---p 00000000 00:00 0 
7f92b2420000-7f92b2e57000 rw-p 00000000 00:00 0 
7f92b2e57000-7f92b2f15000 ---p 00000000 00:00 0 
7f92b2f15000-7f92b2f73000 rw-p 00000000 00:00 0 
7f92b2f73000-7f92b3000000 ---p 00000000 00:00 0 
7f92b3000000-7f92b309a000 r--p 00000000 00:23 3183337                    /usr/lib/libstdc++.so.6.0.36
7f92b309a000-7f92b3278000 r-xp 0009a000 00:23 3183337                    /usr/lib/libstdc++.so.6.0.36
7f92b3278000-7f92b3317000 r--p 00278000 00:23 3183337                    /usr/lib/libstdc++.so.6.0.36
7f92b3317000-7f92b3328000 r--p 00317000 00:23 3183337                    /usr/lib/libstdc++.so.6.0.36
7f92b3328000-7f92b3329000 rw-p 00328000 00:23 3183337                    /usr/lib/libstdc++.so.6.0.36
7f92b3329000-7f92b332d000 rw-p 00000000 00:00 0 
7f92b332d000-7f92b332e000 rw-s 00000000 00:01 34                         /memfd:pipewire-memfd:flags=0x0000000f,type=2,size=2312 (deleted)
7f92b332e000-7f92b3330000 r--p 00000000 00:23 126420                     /usr/lib/libXrender.so.1.3.0
7f92b3330000-7f92b3338000 r-xp 00002000 00:23 126420                     /usr/lib/libXrender.so.1.3.0
7f92b3338000-7f92b333a000 r--p 0000a000 00:23 126420                     /usr/lib/libXrender.so.1.3.0
7f92b333a000-7f92b333b000 r--p 0000b000 00:23 126420                     /usr/lib/libXrender.so.1.3.0
7f92b333b000-7f92b333c000 rw-p 0000c000 00:23 126420                     /usr/lib/libXrender.so.1.3.0
7f92b333c000-7f92b333d000 r--p 00000000 00:23 2947420                    /usr/lib/jvm/java-26-openjdk/lib/libsimdsort.so
7f92b333d000-7f92b3377000 r-xp 00001000 00:23 2947420                    /usr/lib/jvm/java-26-openjdk/lib/libsimdsort.so
7f92b3377000-7f92b337d000 r--p 0003b000 00:23 2947420                    /usr/lib/jvm/java-26-openjdk/lib/libsimdsort.so
7f92b337d000-7f92b337e000 r--p 00040000 00:23 2947420                    /usr/lib/jvm/java-26-openjdk/lib/libsimdsort.so
7f92b337e000-7f92b337f000 rw-p 00041000 00:23 2947420                    /usr/lib/jvm/java-26-openjdk/lib/libsimdsort.so
7f92b337f000-7f92b3400000 rw-p 00000000 00:00 0 
7f92b3400000-7f92b340e000 r--p 00000000 00:23 2947438                    /usr/lib/jvm/java-26-openjdk/lib/server/libjvm.so
7f92b340e000-7f92b44a9000 r-xp 0000e000 00:23 2947438                    /usr/lib/jvm/java-26-openjdk/lib/server/libjvm.so
7f92b44a9000-7f92b46ec000 r--p 010a9000 00:23 2947438                    /usr/lib/jvm/java-26-openjdk/lib/server/libjvm.so
7f92b46ec000-7f92b47de000 r--p 012eb000 00:23 2947438                    /usr/lib/jvm/java-26-openjdk/lib/server/libjvm.so
7f92b47de000-7f92b47ff000 rw-p 013dd000 00:23 2947438                    /usr/lib/jvm/java-26-openjdk/lib/server/libjvm.so
7f92b47ff000-7f92b4882000 rw-p 00000000 00:00 0 
7f92b4882000-7f92b4883000 rw-s 00000000 00:01 3164                       /memfd:pipewire-memfd:flags=0x0000000f,type=2,size=2312 (deleted)
7f92b4883000-7f92b4884000 rw-s 00000000 00:01 6488                       /memfd:pipewire-memfd:flags=0x0000000f,type=2,size=2312 (deleted)
7f92b4884000-7f92b4885000 r--p 00000000 00:23 122609                     /usr/lib/libXau.so.6.0.0
7f92b4885000-7f92b4886000 r-xp 00001000 00:23 122609                     /usr/lib/libXau.so.6.0.0
7f92b4886000-7f92b4887000 r--p 00002000 00:23 122609                     /usr/lib/libXau.so.6.0.0
7f92b4887000-7f92b4888000 r--p 00002000 00:23 122609                     /usr/lib/libXau.so.6.0.0
7f92b4888000-7f92b4889000 rw-p 00003000 00:23 122609                     /usr/lib/libXau.so.6.0.0
7f92b4889000-7f92b48cb000 rw-p 00000000 00:00 0 
7f92b48cb000-7f92b48cd000 r--p 00000000 00:23 143981                     /usr/lib/libXtst.so.6.1.0
7f92b48cd000-7f92b48d0000 r-xp 00002000 00:23 143981                     /usr/lib/libXtst.so.6.1.0
7f92b48d0000-7f92b48d1000 r--p 00005000 00:23 143981                     /usr/lib/libXtst.so.6.1.0
7f92b48d1000-7f92b48d2000 r--p 00006000 00:23 143981                     /usr/lib/libXtst.so.6.1.0
7f92b48d2000-7f92b48d3000 rw-p 00007000 00:23 143981                     /usr/lib/libXtst.so.6.1.0
7f92b48d3000-7f92b48d5000 r--p 00000000 00:23 2947423                    /usr/lib/jvm/java-26-openjdk/lib/libverify.so
7f92b48d5000-7f92b48df000 r-xp 00002000 00:23 2947423                    /usr/lib/jvm/java-26-openjdk/lib/libverify.so
7f92b48df000-7f92b48e1000 r--p 0000c000 00:23 2947423                    /usr/lib/jvm/java-26-openjdk/lib/libverify.so
7f92b48e1000-7f92b48e3000 r--p 0000d000 00:23 2947423                    /usr/lib/jvm/java-26-openjdk/lib/libverify.so
7f92b48e3000-7f92b48e4000 rw-p 0000f000 00:23 2947423                    /usr/lib/jvm/java-26-openjdk/lib/libverify.so
7f92b48e4000-7f92b48e5000 r--p 00000000 00:23 3182535                    /usr/lib/libpthread.so.0
7f92b48e5000-7f92b48e6000 r-xp 00001000 00:23 3182535                    /usr/lib/libpthread.so.0
7f92b48e6000-7f92b48e7000 r--p 00002000 00:23 3182535                    /usr/lib/libpthread.so.0
7f92b48e7000-7f92b48e8000 r--p 00002000 00:23 3182535                    /usr/lib/libpthread.so.0
7f92b48e8000-7f92b48e9000 rw-p 00003000 00:23 3182535                    /usr/lib/libpthread.so.0
7f92b48e9000-7f92b48eb000 r--p 00000000 00:23 2947424                    /usr/lib/jvm/java-26-openjdk/lib/libzip.so
7f92b48eb000-7f92b48f8000 r-xp 00002000 00:23 2947424                    /usr/lib/jvm/java-26-openjdk/lib/libzip.so
7f92b48f8000-7f92b48fe000 r--p 0000f000 00:23 2947424                    /usr/lib/jvm/java-26-openjdk/lib/libzip.so
7f92b48fe000-7f92b48ff000 r--p 00014000 00:23 2947424                    /usr/lib/jvm/java-26-openjdk/lib/libzip.so
7f92b48ff000-7f92b4900000 rw-p 00015000 00:23 2947424                    /usr/lib/jvm/java-26-openjdk/lib/libzip.so
7f92b4900000-7f92b4904000 ---p 00000000 00:00 0 
7f92b4904000-7f92b4a00000 rw-p 00000000 00:00 0 
7f92b4a00000-7f92b4a24000 r--p 00000000 00:23 3182508                    /usr/lib/libc.so.6
7f92b4a24000-7f92b4bd4000 r-xp 00024000 00:23 3182508                    /usr/lib/libc.so.6
7f92b4bd4000-7f92b4c4c000 r--p 001d4000 00:23 3182508                    /usr/lib/libc.so.6
7f92b4c4c000-7f92b4c50000 r--p 0024c000 00:23 3182508                    /usr/lib/libc.so.6
7f92b4c50000-7f92b4c52000 rw-p 00250000 00:23 3182508                    /usr/lib/libc.so.6
7f92b4c52000-7f92b4c5a000 rw-p 00000000 00:00 0 
7f92b4c5a000-7f92b4c5b000 rw-p 00000000 00:00 0 
7f92b4c5b000-7f92b4c5c000 r--p 00000000 00:23 3182513                    /usr/lib/libdl.so.2
7f92b4c5c000-7f92b4c5d000 r-xp 00001000 00:23 3182513                    /usr/lib/libdl.so.2
7f92b4c5d000-7f92b4c5e000 r--p 00002000 00:23 3182513                    /usr/lib/libdl.so.2
7f92b4c5e000-7f92b4c5f000 r--p 00002000 00:23 3182513                    /usr/lib/libdl.so.2
7f92b4c5f000-7f92b4c60000 rw-p 00003000 00:23 3182513                    /usr/lib/libdl.so.2
7f92b4c60000-7f92b4c62000 r--p 00000000 00:23 2947414                    /usr/lib/jvm/java-26-openjdk/lib/libnet.so
7f92b4c62000-7f92b4c69000 r-xp 00002000 00:23 2947414                    /usr/lib/jvm/java-26-openjdk/lib/libnet.so
7f92b4c69000-7f92b4c6b000 r--p 00009000 00:23 2947414                    /usr/lib/jvm/java-26-openjdk/lib/libnet.so
7f92b4c6b000-7f92b4c6c000 r--p 0000a000 00:23 2947414                    /usr/lib/jvm/java-26-openjdk/lib/libnet.so
7f92b4c6c000-7f92b4c6d000 rw-p 0000b000 00:23 2947414                    /usr/lib/jvm/java-26-openjdk/lib/libnet.so
7f92b4c6d000-7f92b4c74000 r--p 00000000 00:23 2947415                    /usr/lib/jvm/java-26-openjdk/lib/libnio.so
7f92b4c74000-7f92b4c7d000 r-xp 00007000 00:23 2947415                    /usr/lib/jvm/java-26-openjdk/lib/libnio.so
7f92b4c7d000-7f92b4c82000 r--p 00010000 00:23 2947415                    /usr/lib/jvm/java-26-openjdk/lib/libnio.so
7f92b4c82000-7f92b4c83000 r--p 00014000 00:23 2947415                    /usr/lib/jvm/java-26-openjdk/lib/libnio.so
7f92b4c83000-7f92b4c84000 rw-p 00015000 00:23 2947415                    /usr/lib/jvm/java-26-openjdk/lib/libnio.so
7f92b4c84000-7f92b4cca000 rw-p 00000000 00:00 0 
7f92b4cca000-7f92b4cd1000 ---p 00000000 00:00 0 
7f92b4cd1000-7f92b4cdb000 r--p 00000000 00:23 2947400                    /usr/lib/jvm/java-26-openjdk/lib/libjava.so
7f92b4cdb000-7f92b4cea000 r-xp 0000a000 00:23 2947400                    /usr/lib/jvm/java-26-openjdk/lib/libjava.so
7f92b4cea000-7f92b4cef000 r--p 00019000 00:23 2947400                    /usr/lib/jvm/java-26-openjdk/lib/libjava.so
7f92b4cef000-7f92b4cf0000 r--p 0001e000 00:23 2947400                    /usr/lib/jvm/java-26-openjdk/lib/libjava.so
7f92b4cf0000-7f92b4cf1000 rw-p 0001f000 00:23 2947400                    /usr/lib/jvm/java-26-openjdk/lib/libjava.so
7f92b4cf1000-7f92b4cf2000 rw-p 00000000 00:00 0 
7f92b4cf2000-7f92b4cfa000 rw-s 00000000 00:38 454                        /tmp/hsperfdata_mirtemir/16225
7f92b4cfa000-7f92b4cfb000 ---p 00000000 00:00 0 
7f92b4cfb000-7f92b4cfc000 r--p 00000000 00:00 0 
7f92b4cfc000-7f92b4cfd000 ---p 00000000 00:00 0 
7f92b4cfd000-7f92b4cfe000 r--p 00000000 00:23 2947404                    /usr/lib/jvm/java-26-openjdk/lib/libjimage.so
7f92b4cfe000-7f92b4d00000 r-xp 00001000 00:23 2947404                    /usr/lib/jvm/java-26-openjdk/lib/libjimage.so
7f92b4d00000-7f92b4d01000 r--p 00003000 00:23 2947404                    /usr/lib/jvm/java-26-openjdk/lib/libjimage.so
7f92b4d01000-7f92b4d02000 r--p 00003000 00:23 2947404                    /usr/lib/jvm/java-26-openjdk/lib/libjimage.so
7f92b4d02000-7f92b4d03000 rw-p 00004000 00:23 2947404                    /usr/lib/jvm/java-26-openjdk/lib/libjimage.so
7f92b4d03000-7f92b4d07000 r--p 00000000 00:23 3183329                    /usr/lib/libgcc_s.so.1
7f92b4d07000-7f92b4d33000 r-xp 00004000 00:23 3183329                    /usr/lib/libgcc_s.so.1
7f92b4d33000-7f92b4d37000 r--p 00030000 00:23 3183329                    /usr/lib/libgcc_s.so.1
7f92b4d37000-7f92b4d38000 r--p 00034000 00:23 3183329                    /usr/lib/libgcc_s.so.1
7f92b4d38000-7f92b4d39000 rw-p 00035000 00:23 3183329                    /usr/lib/libgcc_s.so.1
7f92b4d39000-7f92b4d49000 r--p 00000000 00:23 3182518                    /usr/lib/libm.so.6
7f92b4d49000-7f92b4ddf000 r-xp 00010000 00:23 3182518                    /usr/lib/libm.so.6
7f92b4ddf000-7f92b4e3f000 r--p 000a6000 00:23 3182518                    /usr/lib/libm.so.6
7f92b4e3f000-7f92b4e40000 r--p 00105000 00:23 3182518                    /usr/lib/libm.so.6
7f92b4e40000-7f92b4e41000 rw-p 00106000 00:23 3182518                    /usr/lib/libm.so.6
7f92b4e41000-7f92b4e44000 rw-p 00000000 00:00 0 
7f92b4e44000-7f92b4e46000 r--p 00000000 00:23 2947405                    /usr/lib/jvm/java-26-openjdk/lib/libjli.so
7f92b4e46000-7f92b4e56000 r-xp 00002000 00:23 2947405                    /usr/lib/jvm/java-26-openjdk/lib/libjli.so
7f92b4e56000-7f92b4e5c000 r--p 00012000 00:23 2947405                    /usr/lib/jvm/java-26-openjdk/lib/libjli.so
7f92b4e5c000-7f92b4e5d000 r--p 00017000 00:23 2947405                    /usr/lib/jvm/java-26-openjdk/lib/libjli.so
7f92b4e5d000-7f92b4e5e000 rw-p 00018000 00:23 2947405                    /usr/lib/jvm/java-26-openjdk/lib/libjli.so
7f92b4e5e000-7f92b4e60000 rw-p 00000000 00:00 0 
7f92b4e60000-7f92b4e95000 r--p 00000000 00:23 3346466                    /etc/ld.so.cache
7f92b4e95000-7f92b4e99000 r--p 00000000 00:00 0                          [vvar]
7f92b4e99000-7f92b4e9b000 r--p 00000000 00:00 0                          [vvar_vclock]
7f92b4e9b000-7f92b4e9d000 r-xp 00000000 00:00 0                          [vdso]
7f92b4e9d000-7f92b4e9e000 r--p 00000000 00:23 3182499                    /usr/lib/ld-linux-x86-64.so.2
7f92b4e9e000-7f92b4ed0000 r-xp 00001000 00:23 3182499                    /usr/lib/ld-linux-x86-64.so.2
7f92b4ed0000-7f92b4ee0000 r--p 00033000 00:23 3182499                    /usr/lib/ld-linux-x86-64.so.2
7f92b4ee0000-7f92b4ee2000 r--p 00042000 00:23 3182499                    /usr/lib/ld-linux-x86-64.so.2
7f92b4ee2000-7f92b4ee3000 rw-p 00044000 00:23 3182499                    /usr/lib/ld-linux-x86-64.so.2
7f92b4ee3000-7f92b4ee4000 rw-p 00000000 00:00 0 
7ffea9b0a000-7ffea9b2b000 rw-p 00000000 00:00 0                          [stack]
ffffffffff600000-ffffffffff601000 --xp 00000000 00:00 0                  [vsyscall]
Total number of mappings: 4848

JVMTI agents: none


VM Arguments:
java_command: /home/mirtemir/AOC2/AoC II MEGAMOD v6.0/BE2.jar
java_class_path (initial): /home/mirtemir/AOC2/AoC II MEGAMOD v6.0/BE2.jar
Launcher Type: SUN_STANDARD

[Global flags]
     bool AOTAdapterCaching                        = false                                  {diagnostic} {ergonomic}
     bool AOTInvokeDynamicLinking                  = false                                  {diagnostic} {ergonomic}
     bool AOTRecordTraining                        = false                                  {diagnostic} {ergonomic}
     bool AOTReplayTraining                        = false                                  {diagnostic} {ergonomic}
     bool AOTStubCaching                           = false                                  {diagnostic} {ergonomic}
     intx CICompilerCount                          = 4                                         {product} {ergonomic}
     uint ConcGCThreads                            = 3                                         {product} {ergonomic}
     uint G1ConcRefinementThreads                  = 10                                        {product} {ergonomic}
     uint G1EagerReclaimRemSetThreshold            = 16                                   {experimental} {ergonomic}
   size_t G1HeapRegionSize                         = 2097152                                   {product} {ergonomic}
     uint G1RemSetArrayOfCardsEntries              = 16                                   {experimental} {ergonomic}
     uint G1RemSetHowlMaxNumBuckets                = 8                                    {experimental} {ergonomic}
     uint G1RemSetHowlNumBuckets                   = 8                                    {experimental} {ergonomic}
   size_t InitialHeapSize                          = 8388608                                   {product} {ergonomic}
     bool IntelJccErratumMitigation                = false                             {ARCH diagnostic} {ergonomic}
   size_t MarkStackSize                            = 4194304                                   {product} {ergonomic}
   size_t MarkStackSizeMax                         = 536870912                                 {product} {ergonomic}
   size_t MaxHeapSize                              = 4093640704                                {product} {ergonomic}
   size_t MaxNewSize                               = 2455764992                                {product} {ergonomic}
 uint64_t MaxRAM                                   = 16367132672                               {product} {ergonomic}
   size_t MinHeapDeltaBytes                        = 2097152                                   {product} {ergonomic}
   size_t MinHeapSize                              = 8388608                                   {product} {ergonomic}
   size_t NonNMethodCodeHeapSize                   = 5840896                                {pd product} {ergonomic}
   size_t NonProfiledCodeHeapSize                  = 122912768                              {pd product} {ergonomic}
   size_t ProfiledCodeHeapSize                     = 122912768                              {pd product} {ergonomic}
   size_t ReservedCodeCacheSize                    = 251666432                              {pd product} {ergonomic}
     bool SegmentedCodeCache                       = true                                      {product} {ergonomic}
   size_t SoftMaxHeapSize                          = 4093640704                             {manageable} {ergonomic}
     bool UseCompressedOops                        = true                           {product lp64_product} {ergonomic}
     bool UseCondCardMark                          = true                                      {product} {ergonomic}
     bool UseFastUnorderedTimeStamps               = true                                 {experimental} {ergonomic}
     bool UseG1GC                                  = true                                      {product} {ergonomic}
      int X86ICacheSync                            = 3                                 {ARCH diagnostic} {ergonomic}

Logging:
Log output configuration:
 #0: stdout all=warning uptime,level,tags foldmultilines=false
 #1: stderr all=off uptime,level,tags foldmultilines=false

Release file:
IMPLEMENTOR="Arch Linux"
JAVA_RUNTIME_VERSION="26.0.2"
JAVA_VERSION="26.0.2"
JAVA_VERSION_DATE="2026-07-21"
LIBC="gnu"
MODULES="java.base java.compiler java.datatransfer java.xml java.prefs java.desktop java.instrument java.logging java.management java.security.sasl java.naming java.rmi java.management.rmi java.net.http java.scripting java.security.jgss java.transaction.xa java.sql java.sql.rowset java.xml.crypto java.se java.smartcardio jdk.accessibility jdk.internal.jvmstat jdk.attach jdk.charsets jdk.internal.opt jdk.zipfs jdk.compiler jdk.crypto.cryptoki jdk.crypto.ec jdk.dynalink jdk.internal.ed jdk.editpad jdk.internal.vm.ci jdk.graal.compiler jdk.graal.compiler.management jdk.hotspot.agent jdk.httpserver jdk.incubator.vector jdk.internal.le jdk.internal.md jdk.jartool jdk.javadoc jdk.jcmd jdk.management jdk.management.agent jdk.jconsole jdk.jdeps jdk.jdwp.agent jdk.jdi jdk.jfr jdk.jlink jdk.jpackage jdk.jshell jdk.jstatd jdk.localedata jdk.management.jfr jdk.naming.dns jdk.naming.rmi jdk.net jdk.nio.mapmode jdk.sctp jdk.security.auth jdk.security.jgss jdk.unsupported jdk.unsupported.desktop jdk.xml.dom"
OS_ARCH="x86_64"
OS_NAME="Linux"
SOURCE=""

Environment Variables:
PATH=/home/mirtemir/.pyenv/shims:/home/mirtemir/.opencode/bin:/home/mirtemir/.cargo/bin:/home/mirtemir/.local/bin:/usr/local/sbin:/usr/local/bin:/usr/bin:/var/lib/flatpak/exports/bin:/usr/lib/jvm/default/bin:/usr/bin/site_perl:/usr/bin/vendor_perl:/usr/bin/core_perl
SHELL=/bin/fish
DISPLAY=:0
WAYLAND_DISPLAY=wayland-0
LANG=ru_RU.UTF-8
LC_ALL=ky_KG.UTF-8
LC_NUMERIC=ky_KG
LC_TIME=ky_KG

Active Locale:
LC_ALL=ky_KG.UTF-8
LC_COLLATE=ky_KG.UTF-8
LC_CTYPE=ky_KG.UTF-8
LC_MESSAGES=ky_KG.UTF-8
LC_MONETARY=ky_KG.UTF-8
LC_NUMERIC=ky_KG.UTF-8
LC_TIME=ky_KG.UTF-8

Signal Handlers:
   SIGSEGV: 0x00007f92b43c7bd0 in libjvm.so+16546768, mask=11100100010111111101111111111110, flags=SA_RESTART|SA_SIGINFO, unblocked
    SIGBUS: 0x00007f92b43c7bd0 in libjvm.so+16546768, mask=11100100010111111101111111111110, flags=SA_RESTART|SA_SIGINFO, unblocked
    SIGFPE: 0x00007f92b43c7bd0 in libjvm.so+16546768, mask=11100100010111111101111111111110, flags=SA_RESTART|SA_SIGINFO, unblocked
   SIGPIPE: 0x00007f92b420b980 in libjvm.so+14727552, mask=11100100010111111101111111111110, flags=SA_RESTART|SA_SIGINFO, blocked
   SIGXFSZ: 0x00007f92b420b980 in libjvm.so+14727552, mask=11100100010111111101111111111110, flags=SA_RESTART|SA_SIGINFO, blocked
    SIGILL: 0x00007f92b43c7bd0 in libjvm.so+16546768, mask=11100100010111111101111111111110, flags=SA_RESTART|SA_SIGINFO, unblocked
   SIGUSR2: 0x00007f92b420dbd0 in libjvm.so+14736336, mask=00000000000000000000000000000000, flags=SA_RESTART|SA_SIGINFO, blocked
    SIGHUP: 0x00007f92b4209690 in libjvm.so+14718608, mask=11100100010111111101111111111110, flags=SA_RESTART|SA_SIGINFO, blocked
    SIGINT: 0x00007f92b4209690 in libjvm.so+14718608, mask=11100100010111111101111111111110, flags=SA_RESTART|SA_SIGINFO, blocked
   SIGTERM: 0x00007f92b4209690 in libjvm.so+14718608, mask=11100100010111111101111111111110, flags=SA_RESTART|SA_SIGINFO, blocked
   SIGQUIT: 0x00007f92b4209690 in libjvm.so+14718608, mask=11100100010111111101111111111110, flags=SA_RESTART|SA_SIGINFO, blocked
   SIGTRAP: 0x00007f92b43c7bd0 in libjvm.so+16546768, mask=11100100010111111101111111111110, flags=SA_RESTART|SA_SIGINFO, unblocked


Compilation memory statistics disabled.

Periodic native trim disabled

---------------  S Y S T E M  ---------------

OS:
CentOS Linux release 7.9.2009 (Core)
uname: Linux 7.1.8-1-cachyos-bore-lto #1 SMP PREEMPT_DYNAMIC Tue, 11 Aug 2026 08:48:25 +0000 x86_64
OS uptime: 0 days 2:26 hours
libc: glibc 2.44 NPTL 2.44 
rlimit (soft/hard): STACK 8192k/infinity , CORE infinity/infinity , NPROC 61455/61455 , NOFILE 1048576/1048576 , AS infinity/infinity , CPU infinity/infinity , DATA infinity/infinity , FSIZE infinity/infinity , MEMLOCK 8192k/8192k
load average: 3,49 3,29 3,12

/proc/meminfo:
MemTotal:       15983528 kB
MemFree:         3122336 kB
MemAvailable:    6802776 kB
Buffers:              96 kB
Cached:          7410472 kB
SwapCached:           16 kB
Active:          3889008 kB
Inactive:        6815180 kB
Active(anon):    3523652 kB
Inactive(anon):  3751424 kB
Active(file):     365356 kB
Inactive(file):  3063756 kB
Unevictable:      708544 kB
Mlocked:             764 kB
SwapTotal:      19179108 kB
SwapFree:       18920952 kB
Zswap:                 0 kB
Zswapped:              0 kB
Dirty:              2964 kB
Writeback:             0 kB
AnonPages:       3964988 kB
Mapped:          1150836 kB
Shmem:           3668880 kB
KReclaimable:     593148 kB
Slab:             902952 kB
SReclaimable:     593148 kB
SUnreclaim:       309804 kB
KernelStack:       16848 kB
PageTables:        48048 kB
SecPageTables:      2056 kB
NFS_Unstable:          0 kB
Bounce:                0 kB
WritebackTmp:          0 kB
CommitLimit:    27170872 kB
Committed_AS:   21703156 kB
VmallocTotal:   34359738367 kB
VmallocUsed:      199024 kB
VmallocChunk:          0 kB
Percpu:            11712 kB
HardwareCorrupted:     0 kB
AnonHugePages:   1341440 kB
ShmemHugePages:  2162688 kB
ShmemPmdMapped:        0 kB
FileHugePages:    305152 kB
FilePmdMapped:    305152 kB
CmaTotal:              0 kB
CmaFree:               0 kB
Unaccepted:            0 kB
Balloon:               0 kB
GPUActive:             0 kB
GPUReclaim:            0 kB
HugePages_Total:       0
HugePages_Free:        0
HugePages_Rsvd:        0
HugePages_Surp:        0
Hugepagesize:       2048 kB
Hugetlb:               0 kB
DirectMap4k:      372296 kB
DirectMap2M:     8685568 kB
DirectMap1G:     7340032 kB

/sys/kernel/mm/transparent_hugepage/enabled: [always] madvise never
/sys/kernel/mm/transparent_hugepage/hpage_pmd_size: 2097152
/sys/kernel/mm/transparent_hugepage/shmem_enabled: always within_size [advise] never deny force
/sys/kernel/mm/transparent_hugepage/defrag (defrag/compaction efforts parameter): always defer [defer+madvise] madvise never

Process Memory:
Virtual Size: 8113572K (peak: 8258344K)
Resident Set Size: 1811556K (peak: 2175976K) (anon: 1704484K, file: 105044K, shmem: 2028K)
Swapped out: 35308K
C-Heap outstanding allocations: 171422K, retained: 919053K
glibc malloc tunables: (default)

/proc/sys/kernel/threads-max (system-wide limit on the number of threads): 122911
/proc/sys/vm/max_map_count (maximum number of memory map areas a process may have): 1048576
/proc/sys/vm/swappiness (control to define how aggressively the kernel swaps out anonymous memory): 150
/proc/sys/kernel/pid_max (system-wide limit on number of process identifiers): 4194304

container information not found.
Steal ticks since vm start: 0
Steal ticks percentage since vm start:  0,000

CPU: total 12 (initial active 12) (hybrid) family 6 model 186 stepping 2 microcode 0x6134, cx8, cmov, fxsr, mmx, 3dnowpref, sse, sse2, sse3, ssse3, sse4.1, sse4.2, popcnt, lzcnt, tsc, tscinvbit, avx, avx2, aes, erms, clmul, bmi1, bmi2, adx, sha, fma, vzeroupper, clflush, clflushopt, clwb, serialize, rdtscp, rdpid, fsrm, gfni, f16c, pku, ospke, cet_ibt, cet_ss, hybrid
CPU Model and flags from /proc/cpuinfo:
model name	: 13th Gen Intel(R) Core(TM) i5-13420H
flags		: fpu vme de pse tsc msr pae mce cx8 apic sep mtrr pge mca cmov pat pse36 clflush dts acpi mmx fxsr sse sse2 ss ht tm pbe syscall nx pdpe1gb rdtscp lm constant_tsc art arch_perfmon pebs bts rep_good nopl xtopology nonstop_tsc cpuid aperfmperf tsc_known_freq pni pclmulqdq dtes64 monitor ds_cpl vmx smx est tm2 ssse3 sdbg fma cx16 xtpr pdcm pcid sse4_1 sse4_2 x2apic movbe popcnt tsc_deadline_timer aes xsave avx f16c rdrand lahf_lm abm 3dnowprefetch cpuid_fault epb ssbd ibrs ibpb stibp ibrs_enhanced tpr_shadow flexpriority ept vpid ept_ad fsgsbase tsc_adjust bmi1 avx2 smep bmi2 erms invpcid rdseed adx smap clflushopt clwb intel_pt sha_ni xsaveopt xsavec xgetbv1 xsaves split_lock_detect user_shstk avx_vnni dtherm ida arat pln pts hwp hwp_notify hwp_act_window hwp_epp hwp_pkg_req hfi vnmi umip pku ospke waitpkg gfni vaes vpclmulqdq rdpid movdiri movdir64b fsrm md_clear serialize arch_lbr ibt flush_l1d arch_capabilities

Online cpus: 0-11
Offline cpus: 
BIOS frequency limitation: <Not Available>
Frequency switch latency (ns): 0
Available cpu frequencies: <Not Available>
Current governor: powersave
Core performance/turbo boost: <Not Available>

Memory: 4k page, physical 15983528k(6802776k free), swap 19179108k(18920956k free)
Page Sizes: 4k

vm_info: OpenJDK 64-Bit Server VM (26.0.2) for linux-amd64 JRE (26.0.2), built on 2026-07-25T19:40:36Z with gcc 16.1.1 20260625

END.
