#
# A fatal error has been detected by the Java Runtime Environment:
#
#  SIGSEGV (0xb) at pc=0x00007f19db017606, pid=186120, tid=186150
#
# JRE version: OpenJDK Runtime Environment (26.0.2) (build 26.0.2)
# Java VM: OpenJDK 64-Bit Server VM (26.0.2, mixed mode, sharing, tiered, compressed oops, compressed class ptrs, g1 gc, linux-amd64)
# Problematic frame:
# C  [libgallium-26.2.1-arch3.1.so+0x417606]
#
# Core dump will be written. Default location: Determined by the following: "/usr/lib/systemd/systemd-coredump %P %u %g %s %t %c %h %d %F %I" (alternatively, falling back to /home/mirtemir/AOC2/AoC II MEGAMOD v6.0/core.186120)
#
# If you would like to submit a bug report, please visit:
#   https://bugreport.java.com/bugreport/crash.jsp
# The crash happened outside the Java Virtual Machine in native code.
# See problematic frame for where to report the bug.
#

---------------  S U M M A R Y ------------

Command Line: BE2.jar

Host: 13th Gen Intel(R) Core(TM) i5-13420H, 12 cores, 15G, CentOS Linux release 7.9.2009 (Core)
Time: Fri Aug 28 15:24:07 2026 +06 elapsed time: 152.780378 seconds (0d 0h 2m 32s)

---------------  T H R E A D  ---------------

Current thread (0x00007f1a30325480):  JavaThread "LWJGL Application"        [_thread_in_native, id=186150, stack(0x00007f19de5ff000,0x00007f19de6ff000) (1024K)]

Stack: [0x00007f19de5ff000,0x00007f19de6ff000],  sp=0x00007f19de6fd170,  free space=1016k
Native frames: (J=compiled Java code, j=interpreted, Vv=VM code, C=native code)
C  [libgallium-26.2.1-arch3.1.so+0x417606]
Java frames: (J=compiled Java code, j=interpreted, Vv=VM code)
J 2168  org.lwjgl.opengl.GL11.nglDrawElements(IIIJJ)V (0 bytes) @ 0x00007f1a1f9c3056 [0x00007f1a1f9c3000+0x0000000000000056]
J 3679 c2 com.badlogic.gdx.graphics.g2d.SpriteBatch.flush()V (185 bytes) @ 0x00007f1a1fb09fe0 [0x00007f1a1fb09a00+0x00000000000005e0]
j  com.badlogic.gdx.graphics.g2d.SpriteBatch.setProjectionMatrix(Lcom/badlogic/gdx/math/Matrix4;)V+8
j  age.of.civilizations2.jakowski.lukasz.AoCGame.render()V+394
j  com.badlogic.gdx.backends.lwjgl.LwjglApplication.mainLoop()V+698
j  com.badlogic.gdx.backends.lwjgl.LwjglApplication$1.run()V+27
v  ~StubRoutines::Stub Generator call_stub_stub 0x00007f1a1f3375a2

siginfo: si_signo: 11 (SIGSEGV), si_code: 1 (SEGV_MAPERR), si_addr: 0x0000000000000018

Registers:
RAX=0x0000000000000000, RBX=0x0000000000000001, RCX=0x0000000000000000, RDX=0x00007f19f445fa20
RSP=0x00007f19de6fd170, RBP=0x00007f19de6fd320, RSI=0x0000000000000000, RDI=0x0000000000000000
R8 =0x00007f19f445fa98, R9 =0x0000000000000001, R10=0x0000000000000001, R11=0x00007f19f445f840
R12=0x0000000000000040, R13=0x00007f19de6fd194, R14=0x0000000000000000, R15=0x0000000000000000
RIP=0x00007f19db017606, EFLAGS=0x0000000000010202, CSGSFS=0x002b000000000033, ERR=0x0000000000000004
  TRAPNO=0x000000000000000e

XMM[0]=0x0000000000000000 0x0000001000068980
XMM[1]=0x0000000000000000 0x0000000000000010
XMM[2]=0x9393565293935450 0x9393545093935652
XMM[3]=0x0000000000000000 0x00000000b0b0b0b0
XMM[4]=0x0000000000000000 0x0000000044070000
XMM[5]=0x0000000000000000 0x0000000044700000
XMM[6]=0xffffffffffffffff 0xffffffffffffffff
XMM[7]=0xffffffffffffffff 0xffffffffffffffff
XMM[8]=0xffffffffffffffff 0xffffffffffffffff
XMM[9]=0x8080808080808080 0x8080808080808080
XMM[10]=0x8080808080808080 0x8080808080808080
XMM[11]=0x0b800b800a800a80 0x0980098008800880
XMM[12]=0x0f800f800e800e80 0x0d800d800c800c80
XMM[13]=0x0380038002800280 0x0180018000800080
XMM[14]=0x0780078006800680 0x0580058004800480
XMM[15]=0x0000000154442bd4 0x00000001c6e41596
  MXCSR=0x00001fa3


Register to memory mapping:

RAX=0x0 is null
RBX=0x0000000000000001 is an unknown value
RCX=0x0 is null
RDX=0x00007f19f445fa20 points into unknown readable memory: 0x0100140600000000 | 00 00 00 00 06 14 00 01
RSP=0x00007f19de6fd170 is pointing into the stack for thread: 0x00007f1a30325480
RBP=0x00007f19de6fd320 is pointing into the stack for thread: 0x00007f1a30325480
RSI=0x0 is null
RDI=0x0 is null
R8 =0x00007f19f445fa98 points into unknown readable memory: 0x0000000000000000 | 00 00 00 00 00 00 00 00
R9 =0x0000000000000001 is an unknown value
R10=0x0000000000000001 is an unknown value
R11=0x00007f19f445f840 points into unknown readable memory: 0x0000000300000000 | 00 00 00 00 03 00 00 00
R12=0x0000000000000040 is an unknown value
R13=0x00007f19de6fd194 is pointing into the stack for thread: 0x00007f1a30325480
R14=0x0 is null
R15=0x0 is null

Top of Stack: (sp=0x00007f19de6fd170)
0x00007f19de6fd170:   00007f19c396dcf0 00007f19c253a790   ..........S.....
0x00007f19de6fd180:   00007f19f4313a20 00007f19f447c3c0    :1.......G.....
0x00007f19de6fd190:   0000000000000000 00000000000002ac   ................
0x00007f19de6fd1a0:   0000000000000000 0000000000001000   ................
0x00007f19de6fd1b0:   00000000000002ac 00007f19f4470000   ..........G.....
0x00007f19de6fd1c0:   0000000000000000 0000000000001c00   ................
0x00007f19de6fd1d0:   0000000000000000 0000000000000000   ................
0x00007f19de6fd1e0:   0000000000000000 0000000000000000   ................
0x00007f19de6fd1f0:   0000000000000001 00007f19c396f860   ........`.......
0x00007f19de6fd200:   0000000000000000 00007f19c396f5d0   ................
0x00007f19de6fd210:   00007f19c0aaceb0 0000000000000000   ................
0x00007f19de6fd220:   0000000000000000 00007f19db00a515   ................
0x00007f19de6fd230:   0000000000000004 0000000000000000   ................
0x00007f19de6fd240:   0000000000000000 0000000000000000   ................
0x00007f19de6fd250:   0000000000000000 0000000000000000   ................
0x00007f19de6fd260:   00007f19f73d7af0 00007f19e803ccd0   .z=.............
0x00007f19de6fd270:   00007f19c2c402c0 00007f19daf384eb   ................
0x00007f19de6fd280:   0000000000000001 0000000000000000   ................
0x00007f19de6fd290:   0000000000000000 0000000000000000   ................
0x00007f19de6fd2a0:   00007f1900000000 00007f19dacc8909   ................
0x00007f19de6fd2b0:   00007f19f419b960 00007f19de6fd570   `.......p.o.....
0x00007f19de6fd2c0:   00007f19de6fd410 01017f1900000002   ..o.............
0x00007f19de6fd2d0:   00007f19de6fd380 000000010000010f   ..o.............
0x00007f19de6fd2e0:   0000000000000001 00007f19f5003200   .........2......
0x00007f19de6fd2f0:   0000000000000003 00007f19a8f465b8   .........e......
0x00007f19de6fd300:   0000000000000000 00007f19c2c402c0   ................
0x00007f19de6fd310:   00007f19f72d8460 0000000000000000   `.-.............
0x00007f19de6fd320:   0000000000000000 0000000000000000   ................
0x00007f19de6fd330:   0000000000000000 0000000000000002   ................
0x00007f19de6fd340:   0000000000000000 0002010f00010001   ................
0x00007f19de6fd350:   0000000000080000 0000000000000000   ................
0x00007f19de6fd360:   0000000000000000 00007f19dad0aee1   ................

Instructions: (pc=0x00007f19db017606)
  0x00007f19db017506:   ec f8 03 00 00 48 89 9c 24 c8 03 00 00 48 89 fb
  0x00007f19db017516:   4c 89 b4 24 e8 03 00 00 4c 89 bc 24 f0 03 00 00
  0x00007f19db017526:   4c 8b 3f 48 89 ac 24 d0 03 00 00 49 8b 97 68 20
  0x00007f19db017536:   0a 00 64 48 8b 04 25 28 00 00 00 48 89 84 24 b8
  0x00007f19db017546:   03 00 00 89 f0 48 8b b7 90 13 00 00 4c 8b b2 f0
  0x00007f19db017556:   01 00 00 8b 7e 38 c6 83 f3 02 00 00 00 21 c7 0f
  0x00007f19db017566:   84 95 01 00 00 4d 8b 9f c0 f3 09 00 4c 89 a4 24
  0x00007f19db017576:   d8 03 00 00 45 31 d2 48 8d ac 24 b0 01 00 00 48
  0x00007f19db017586:   89 14 24 4d 63 a3 2c 09 00 00 48 89 74 24 08 4c
  0x00007f19db017596:   89 7c 24 10 48 89 5c 24 18 49 c1 e4 05 4c 89 ac
  0x00007f19db0175a6:   24 e0 03 00 00 4c 8d 6c 24 24 31 c0 48 8d 15 67
  0x00007f19db0175b6:   3e e2 01 44 89 d6 89 fb f3 0f bc c7 41 b9 01 00
  0x00007f19db0175c6:   00 00 41 83 c2 01 48 89 c1 4c 01 e0 0f b6 14 10
  0x00007f19db0175d6:   48 89 f0 48 c1 e6 04 41 d3 e1 49 89 d0 48 c1 e2
  0x00007f19db0175e6:   05 44 31 cf 49 c1 e0 05 4c 01 da 47 0f b6 44 03
  0x00007f19db0175f6:   2e 4f 8d 04 80 4f 8d 04 c3 4d 8b b8 28 04 00 00
=>0x00007f19db017606:   4d 8b 7f 18 c6 44 35 00 00 4c 89 7c 35 08 44 8b
  0x00007f19db017616:   7a 20 45 03 b8 18 04 00 00 0f b7 52 28 44 89 7c
  0x00007f19db017626:   35 04 48 63 f0 45 31 ff 41 0f a3 ce 48 8d 34 76
  0x00007f19db017636:   4d 8b 80 20 04 00 00 41 88 54 b5 03 0f 92 c2 83
  0x00007f19db017646:   e0 7f c1 e2 07 66 45 89 7c b5 00 09 d0 4d 89 44
  0x00007f19db017656:   b5 04 41 88 44 b5 02 41 39 d9 0f 85 4a ff ff ff
  0x00007f19db017666:   48 8b 14 24 48 8b 74 24 08 4c 8b 7c 24 10 48 8b
  0x00007f19db017676:   5c 24 18 4c 8b a4 24 d8 03 00 00 4c 8b ac 24 e0
  0x00007f19db017686:   03 00 00 0f b6 82 e4 07 00 00 0f b6 56 20 49 89
  0x00007f19db017696:   e8 31 c9 48 8b 7b 18 48 8d 74 24 20 01 d0 44 89
  0x00007f19db0176a6:   d2 89 44 24 20 67 e8 8f 34 3f 00 41 c6 87 ca f3
  0x00007f19db0176b6:   09 00 00 c6 83 e8 bb 00 00 00 48 8b 84 24 b8 03
  0x00007f19db0176c6:   00 00 64 48 2b 04 25 28 00 00 00 75 3d 48 8b 9c
  0x00007f19db0176d6:   24 c8 03 00 00 48 8b ac 24 d0 03 00 00 4c 8b b4
  0x00007f19db0176e6:   24 e8 03 00 00 4c 8b bc 24 f0 03 00 00 48 81 c4
  0x00007f19db0176f6:   f8 03 00 00 c3 0f 1f 44 00 00 45 31 d2 48 8d ac


Stack slot to memory mapping:

stack at sp + 0 slots: 0x00007f19c396dcf0 points into unknown readable memory: 0x00007f19c1ce04c0 | c0 04 ce c1 19 7f 00 00
stack at sp + 1 slots: 0x00007f19c253a790 points into unknown readable memory: 0x0000000000000000 | 00 00 00 00 00 00 00 00
stack at sp + 2 slots: 0x00007f19f4313a20 points into unknown readable memory: 0x00007f19f43e1900 | 00 19 3e f4 19 7f 00 00
stack at sp + 3 slots: 0x00007f19f447c3c0 points into unknown readable memory: 0x00007f19f4313a20 | 20 3a 31 f4 19 7f 00 00
stack at sp + 4 slots: 0x0 is null
stack at sp + 5 slots: 0x00000000000002ac is an unknown value
stack at sp + 6 slots: 0x0 is null
stack at sp + 7 slots: 0x0000000000001000 is an unknown value

Lock stack of current Java thread (top to bottom):


Compiled method (n/a) 152784 2168     n 0       org.lwjgl.opengl.GL11::nglDrawElements (native)
 total in heap  [0x00007f1a1f9c2f08,0x00007f1a1f9c3168] = 608
 main code      [0x00007f1a1f9c3000,0x00007f1a1f9c315d] = 349
 stub code      [0x00007f1a1f9c315d,0x00007f1a1f9c3160] = 3
 oops           [0x00007f1a1f9c3160,0x00007f1a1f9c3168] = 8
 mutable data [0x00007f19f5279e30,0x00007f19f5279e50] = 32
 relocation     [0x00007f19f5279e30,0x00007f19f5279e50] = 32

[Constant Pool (empty)]


Loading hsdis library failed, undisassembled code is shown in MachCode section
[MachCode]
[Entry Point]
  # {method} {0x00007f19e45783c0} 'nglDrawElements' '(IIIJJ)V' in 'org/lwjgl/opengl/GL11'
  # parm0:    rsi       = int
  # parm1:    rdx       = int
  # parm2:    rcx       = int
  # parm3:    r8:r8     = long
  # parm4:    r9:r9     = long
  #           [sp+0x60]  (sp of caller)
  0x00007f1a1f9c3000: 6690 448b | 5608 443b 

  0x00007f1a1f9c3008: ;   {runtime_call Shared Runtime ic_miss_blob}
  0x00007f1a1f9c3008: 5008 0f85 | d016 9cff 
[Verified Entry Point]
  0x00007f1a1f9c3010: 8984 2400 | c0fe ff55 | 488b ec48 | 83ec 5090 | 4181 7f20 | 0e00 0000 

  0x00007f1a1f9c3028: ;   {runtime_call Stub::Stub Generator method_entry_barrier_stub}
  0x00007f1a1f9c3028: 7405 e8d1 | 8d9a ff4c | 890c 244d | 8bc8 4c8b | c148 8bca 

  0x00007f1a1f9c303c: ;   {oop(a 'java/lang/Class'{0x00000007ffd0b1c8} = 'org/lwjgl/opengl/GL11')}
  0x00007f1a1f9c303c: 488b d649 | bec8 b1d0 | ff07 0000 | 004c 8974 | 2438 4c8d | 7424 3849 | 8bf6 c5f8 

  0x00007f1a1f9c3058: ;   {internal_word}
  0x00007f1a1f9c3058: 7749 ba56 | 309c 1f1a | 7f00 004d | 8997 7004 | 0000 4989 | a768 0400 | 0049 8dbf | 8804 0000 
  0x00007f1a1f9c3078: 41c7 8704 | 0500 0004 

  0x00007f1a1f9c3080: ;   {runtime_call Java_org_lwjgl_opengl_GL11_nglDrawElements}
  0x00007f1a1f9c3080: 0000 00e8 | 98cb 28c4 | c5f8 7741 | c787 0405 | 0000 0500 | 0000 f083 | 4424 c000 | 493b 6f28 
  0x00007f1a1f9c30a0: 0f87 0e00 | 0000 4183 | bf00 0500 | 0000 0f84 | 1c00 0000 | c5f8 7749 | 8bff 4c8b | e448 83ec 
  0x00007f1a1f9c30c0: 0048 83e4 

  0x00007f1a1f9c30c4: ;   {runtime_call}
  0x00007f1a1f9c30c4: f0e8 16c9 | 6118 498b | e44d 33e4 | 41c7 8704 | 0500 0008 | 0000 0041 | 83bf 8805 | 0000 020f 
  0x00007f1a1f9c30e4: 8459 0000 | 0049 c787 | 6804 0000 | 0000 0000 | 49c7 8770 | 0400 0000 | 0000 00c5 | f877 498b 
  0x00007f1a1f9c3104: 8fe8 0400 | 00c7 8100 | 0100 0000 | 0000 00c9 

  0x00007f1a1f9c3114: ;   {poll_return}
  0x00007f1a1f9c3114: 41f6 4728 

  0x00007f1a1f9c3118: ;   {internal_word}
  0x00007f1a1f9c3118: 0174 1649 | ba14 319c | 1f1a 7f00 | 004d 8997 | 1005 0000 

  0x00007f1a1f9c312c: ;   {runtime_call SafepointBlob}
  0x00007f1a1f9c312c: e92f 3a9c | ff49 837f | 0800 0f85 | 0100 0000 

  0x00007f1a1f9c313c: ;   {runtime_call Stub::Stub Generator forward_exception_stub}
  0x00007f1a1f9c313c: c3e9 9e43 | 97ff c5f8 | 774c 8be4 | 4883 ec00 | 4883 e4f0 

  0x00007f1a1f9c3150: ;   {runtime_call}
  0x00007f1a1f9c3150: e87b 53b1 | 1849 8be4 | 4d33 e4eb | 8cf4 f4f4 
[/MachCode]


Compiled method (c2) 152786 3679       4       com.badlogic.gdx.graphics.g2d.SpriteBatch::flush (185 bytes)
 total in heap  [0x00007f1a1fb09908,0x00007f1a1fb0bb68] = 8800
 main code      [0x00007f1a1fb09a00,0x00007f1a1fb0bae0] = 8416
 stub code      [0x00007f1a1fb0bae0,0x00007f1a1fb0bb60] = 128
 oops           [0x00007f1a1fb0bb60,0x00007f1a1fb0bb68] = 8
 mutable data [0x00007f19fc165340,0x00007f19fc1658f0] = 1456
 relocation     [0x00007f19fc165340,0x00007f19fc165600] = 704
 metadata       [0x00007f19fc165600,0x00007f19fc1658f0] = 752
 immutable data [0x00007f19fc163710,0x00007f19fc165334] = 7204
 dependencies   [0x00007f19fc163710,0x00007f19fc163808] = 248
 nul chk table  [0x00007f19fc163808,0x00007f19fc163938] = 304
 handler table  [0x00007f19fc163938,0x00007f19fc1639f8] = 192
 scopes pcs     [0x00007f19fc1639f8,0x00007f19fc1641a8] = 1968
 scopes data    [0x00007f19fc1641a8,0x00007f19fc165330] = 4488

[Constant Pool (empty)]


Loading hsdis library failed, undisassembled code is shown in MachCode section
[MachCode]
[Instructions begin]
  0x00007f1a1fb09a00: 6690 448b | 5608 443b 

  0x00007f1a1fb09a08: ;   {runtime_call Shared Runtime ic_miss_blob}
  0x00007f1a1fb09a08: 5008 0f85 | d0ac 87ff 
[Verified Entry Point]
  0x00007f1a1fb09a10: 8984 2400 | c0fe ff55 | 4883 ec70 | 4181 7f20 | 0e00 0000 | 0f85 a720 | 0000 4c8b | c644 8b56 
  0x00007f1a1fb09a30: 0c45 85d2 | 0f84 c40a | 0000 448b | 5e2c 458b | ca41 c1f9 | 1f4d 63d2 | 4d69 d267 | 6666 6649 
  0x00007f1a1fb09a50: c1fa 2341 | 8bca 412b | c941 3bcb | 0f8f e90b | 0000 ff46 | 2844 8b5e | 3cff 4624 

  0x00007f1a1fb09a6c: ; implicit exception: dispatches to 0x00007f1a1fb0b7d8
  0x00007f1a1fb09a6c: 478b 54dc | 0c47 8b4c 

  0x00007f1a1fb09a74: ;   {oop(a 'java/lang/Class'{0x000000070c1c4c78} = 'com/badlogic/gdx/Gdx')}
  0x00007f1a1fb09a74: dc10 49bb | 784c 1c0c | 0700 0000 | 418b 9390 | 0000 0045 | 8b5c d408 | 8d1c 8d00 | 0000 008d 
  0x00007f1a1fb09a94: ;   {metadata('com/badlogic/gdx/backends/lwjgl/LwjglGL20')}
  0x00007f1a1fb09a94: 1c4b 4181 | fb00 8008 | 010f 85b1 

  0x00007f1a1fb09aa0: ;   {oop(a 'java/lang/Class'{0x00000007ffdfb818} = 'org/lwjgl/opengl/GLContext')}
  0x00007f1a1fb09aa0: 0f00 0049 | bb18 b8df | ff07 0000 | 0041 8b4b | 7c41 8b7c | cc0c 4c8b | df49 c1e3 | 0349 8b97 
  0x00007f1a1fb09ac0: 5004 0000 | 488b 124c | 3bda 0f85 | 2811 0000 | 418b 6ccc | 1085 ed0f | 8433 1200 | 0049 8b8c 
  0x00007f1a1fb09ae0: ec30 1900 | 0048 85c9 | 0f84 4a12 | 0000 4889 | 5424 0889 | 1c24 488b | ee41 8bf2 | 418b d190 
  0x00007f1a1fb09b00: ;   {static_call}
  0x00007f1a1fb09b00: c5f8 77e8 

  0x00007f1a1fb09b04: ; ImmutableOopMap {rbp=Oop [8]=Oop }
                      ;*invokestatic nglBindTexture {reexecute=0 rethrow=0 return_oop=0}
                      ; - org.lwjgl.opengl.GL11::glBindTexture@16 (line 654)
                      ; - com.badlogic.gdx.backends.lwjgl.LwjglGL20::glBindTexture@2 (line 93)
                      ; - com.badlogic.gdx.graphics.GLTexture::bind@11 (line 66)
                      ; - com.badlogic.gdx.graphics.g2d.SpriteBatch::flush@58 (line 962)
  0x00007f1a1fb09b04: 086f dfff 

  0x00007f1a1fb09b08: ;   {post_call_nop}
  0x00007f1a1fb09b08: 0f1f 8400 | 0002 0000 | 4c8b cd41 | 8b49 3445 | 8b59 3845 | 8b41 0c41 | 8b6c cc10 

  0x00007f1a1fb09b24: ; implicit exception: dispatches to 0x00007f1a1fb0b840
  0x00007f1a1fb09b24: 458b 54ec 

  0x00007f1a1fb09b28: ;   {metadata('com/badlogic/gdx/graphics/glutils/VertexArray')}
  0x00007f1a1fb09b28: 0841 81fa | c878 0901 | 0f85 4a0f | 0000 498d | 1cec 8b53 | 1841 8b74 | d408 468d | 1485 0000 
  0x00007f1a1fb09b48: ;   {metadata('java/nio/DirectByteBuffer')}
  0x00007f1a1fb09b48: 0000 81fe | 982a 2e00 | 0f85 520f | 0000 498d | 3cd4 8b6f | 2044 3bd5 | 0f8f 1612 | 0000 4585 
  0x00007f1a1fb09b68: d20f 8c49 | 1200 0044 | 8957 1c8b | 6f18 413b | ea0f 8f75 | 1200 008b | 6f0c 413b | ea0f 8fa5 
  0x00007f1a1fb09b88: 1200 0048 | 8bef 4889 | 5c24 2044 | 8944 2418 | 4c89 4c24 | 104d 8d14 | cc4c 8954 | 2428 894c 
  0x00007f1a1fb09ba8: 2404 498b | f348 c1e6 | 0345 33c0 | 488b d78b | 4c24 1890 

  0x00007f1a1fb09bbc: ;   {static_call}
  0x00007f1a1fb09bbc: c5f8 77e8 

  0x00007f1a1fb09bc0: ; ImmutableOopMap {rbp=Oop [4]=NarrowOop [8]=Oop [16]=Oop [32]=Oop [40]=Oop }
                      ;*invokestatic copyJni {reexecute=0 rethrow=0 return_oop=0}
                      ; - com.badlogic.gdx.utils.BufferUtils::copy@35 (line 54)
                      ; - com.badlogic.gdx.graphics.glutils.VertexArray::setVertices@7 (line 84)
                      ; - com.badlogic.gdx.graphics.Mesh::setVertices@7 (line 197)
                      ; - com.badlogic.gdx.graphics.g2d.SpriteBatch::flush@76 (line 964)
  0x00007f1a1fb09bc0: ccd3 e9ff 

  0x00007f1a1fb09bc4: ;   {post_call_nop}
  0x00007f1a1fb09bc4: 0f1f 8400 | bc02 0001 | 4c8b d541 | 8b6a 1c85 | ed0f 8c91 | 1200 0041 | 8b6a 0c85 | ed0f 8fc1 
  0x00007f1a1fb09be4: 1200 0045 | 8962 184c | 8b54 2420 | 458b 4214 

  0x00007f1a1fb09bf4: ; implicit exception: dispatches to 0x00007f1a1fb0b888
  0x00007f1a1fb09bf4: 438b 6cc4 | 1c85 ed0f | 8ce3 1200 | 0043 8b4c | c40c 85c9 | 0f8f 0e13 | 0000 4789 | 64c4 1843 
  0x00007f1a1fb09c14: 8b6c c420 | 448b 5c24 | 1844 3bdd | 0f8f 3213 | 0000 4585 | db0f 8c55 | 1300 0047 | 895c c41c 
  0x00007f1a1fb09c34: 413b cb0f | 8f67 1300 | 0044 8b5c | 2404 438b | 6cdc 1445 | 8b54 ec08 

  0x00007f1a1fb09c4c: ;   {metadata('com/badlogic/gdx/graphics/glutils/IndexArray')}
  0x00007f1a1fb09c4c: 4181 fa10 | 5209 010f | 8583 0e00 | 004d 8d14 | ec45 8b42 | 1043 8b6c | c41c 85ed | 0f8c 5a13 
  0x00007f1a1fb09c6c: 0000 438b | 4cc4 0c85 | c90f 8f71 | 1300 0047 | 8964 c418 | 438b 6cc4 | 2044 8b14 | 2444 3bd5 
  0x00007f1a1fb09c8c: 0f8f 7e13 | 0000 4585 | d20f 8ca9 | 1300 0047 | 8954 c41c | 413b ca0f | 8fbb 1300 | 0048 8b4c 
  0x00007f1a1fb09cac: 2410 0fb6 | 6931 85ed | 0f85 ce13 

  0x00007f1a1fb09cb8: ;   {oop(a 'java/lang/Class'{0x000000070c1c4c78} = 'com/badlogic/gdx/Gdx')}
  0x00007f1a1fb09cb8: 0000 49b8 | 784c 1c0c | 0700 0000 | 418b a890 | 0000 0045 | 8b44 ec08 

  0x00007f1a1fb09cd0: ;   {metadata('com/badlogic/gdx/backends/lwjgl/LwjglGL20')}
  0x00007f1a1fb09cd0: 4181 f800 | 8008 010f | 8517 0e00 

  0x00007f1a1fb09cdc: ;   {oop(a 'java/lang/Class'{0x00000007ffdfb818} = 'org/lwjgl/opengl/GLContext')}
  0x00007f1a1fb09cdc: 0049 b818 | b8df ff07 | 0000 0045 | 8b48 7c43 | 8b6c cc0c | 4c8b c549 | c1e0 0348 | 8b5c 2408 
  0x00007f1a1fb09cfc: 4c3b c30f | 8523 0f00 | 0043 8b6c | cc10 85ed | 0f84 9613 | 0000 498b | 94ec 601a | 0000 4885 
  0x00007f1a1fb09d1c: d20f 84a5 | 1300 0048 | 8be9 bee2 | 0b00 0090 

  0x00007f1a1fb09d2c: ;   {static_call}
  0x00007f1a1fb09d2c: c5f8 77e8 

  0x00007f1a1fb09d30: ; ImmutableOopMap {rbp=Oop [4]=NarrowOop [8]=Oop [40]=Oop }
                      ;*invokestatic nglEnable {reexecute=0 rethrow=0 return_oop=0}
                      ; - org.lwjgl.opengl.GL11::glEnable@15 (line 1015)
                      ; - com.badlogic.gdx.backends.lwjgl.LwjglGL20::glEnable@1 (line 292)
                      ; - com.badlogic.gdx.graphics.g2d.SpriteBatch::flush@125 (line 971)
  0x00007f1a1fb09d30: dc89 ebff 

  0x00007f1a1fb09d34: ;   {post_call_nop}
  0x00007f1a1fb09d34: 0f1f 8400 | 2c04 0002 | 4c8b cd45 | 8b41 1841 | 83f8 ff0f | 84bb 1300 | 0045 8b51 

  0x00007f1a1fb09d50: ;   {oop(a 'java/lang/Class'{0x000000070c1c4c78} = 'com/badlogic/gdx/Gdx')}
  0x00007f1a1fb09d50: 1c49 bb78 | 4c1c 0c07 | 0000 0041 | 8bab 9000 | 0000 418b 

  0x00007f1a1fb09d64: ;   {metadata('com/badlogic/gdx/backends/lwjgl/LwjglGL20')}
  0x00007f1a1fb09d64: 4cec 0881 | f900 8008 | 010f 85a1 

  0x00007f1a1fb09d70: ;   {oop(a 'java/lang/Class'{0x00000007ffdfb818} = 'org/lwjgl/opengl/GLContext')}
  0x00007f1a1fb09d70: 0d00 0049 | bb18 b8df | ff07 0000 | 0041 8b4b | 7c41 8b6c | cc0c 4c8b | dd49 c1e3 | 0348 8b5c 
  0x00007f1a1fb09d90: 2408 4c3b | db0f 85b5 | 0e00 0041 | 8b6c cc10 | 85ed 0f84 | 7c13 0000 | 498b 8cec | 2019 0000 
  0x00007f1a1fb09db0: 4885 c90f | 848f 1300 | 0045 8bda | 4889 5c24 | 1049 8be9 | 418b f041 | 8bd3 6690 

  0x00007f1a1fb09dcc: ;   {static_call}
  0x00007f1a1fb09dcc: c5f8 77e8 

  0x00007f1a1fb09dd0: ; ImmutableOopMap {rbp=Oop [4]=NarrowOop [16]=Oop [40]=Oop }
                      ;*invokestatic nglBlendFunc {reexecute=0 rethrow=0 return_oop=0}
                      ; - org.lwjgl.opengl.GL11::glBlendFunc@16 (line 627)
                      ; - com.badlogic.gdx.backends.lwjgl.LwjglGL20::glBlendFunc@2 (line 109)
                      ; - com.badlogic.gdx.graphics.g2d.SpriteBatch::flush@149 (line 972)
  0x00007f1a1fb09dd0: 3c8f ebff 

  0x00007f1a1fb09dd4: ;   {post_call_nop}
  0x00007f1a1fb09dd4: 0f1f 8400 | cc04 0003 | 4c8b d541 | 8b4a 5085 | c90f 849d | 1300 0044 | 8b0c 2445 | 85c9 0f84 
  0x00007f1a1fb09df4: ac13 0000 | 448b 4424 | 0443 0fb6 | 5cc4 0c85 | db0f 84b1 | 1300 0043 | 8b6c c410 

  0x00007f1a1fb09e10: ; implicit exception: dispatches to 0x00007f1a1fb0b934
  0x00007f1a1fb09e10: 458b 5cec 

  0x00007f1a1fb09e14: ;   {metadata('com/badlogic/gdx/graphics/glutils/VertexArray')}
  0x00007f1a1fb09e14: 0841 81fb | c878 0901 | 0f85 160d | 0000 895c | 240c 4c89 | 5424 1848 | 8bd1 48c1 | e203 894c 
  0x00007f1a1fb09e34: 2408 498d | 34ec 33c9 | 488b 6c24 | 2866 6690 

  0x00007f1a1fb09e44: ;   {optimized virtual_call}
  0x00007f1a1fb09e44: c5f8 77e8 

  0x00007f1a1fb09e48: ; ImmutableOopMap {rbp=Oop [4]=NarrowOop [8]=NarrowOop [16]=Oop [24]=Oop [40]=Oop }
                      ;*invokeinterface bind {reexecute=0 rethrow=0 return_oop=0}
                      ; - com.badlogic.gdx.graphics.Mesh::bind@6 (line 380)
                      ; - com.badlogic.gdx.graphics.Mesh::bind@3 (line 371)
                      ; - com.badlogic.gdx.graphics.Mesh::render@13 (line 479)
                      ; - com.badlogic.gdx.graphics.Mesh::render@10 (line 449)
                      ; - com.badlogic.gdx.graphics.g2d.SpriteBatch::flush@176 (line 975)
  0x00007f1a1fb09e48: c4de feff 

  0x00007f1a1fb09e4c: ;   {post_call_nop}
  0x00007f1a1fb09e4c: 0f1f 8400 | 4405 0004 | 448b 5c24 | 0443 8b6c | dc14 458b 

  0x00007f1a1fb09e60: ;   {metadata('com/badlogic/gdx/graphics/glutils/IndexArray')}
  0x00007f1a1fb09e60: 54ec 0841 | 81fa 1052 | 0901 0f85 | f40c 0000 | 4d8d 14ec | 410f b66a | 0c85 ed0f | 8563 1300 
  0x00007f1a1fb09e80: 0045 8b42 | 1043 8b5c | c41c 85db | 0f8e ea0d | 0000 430f | b66c dc0d | 85ed 0f84 | 6413 0000 
  0x00007f1a1fb09ea0: 478b 54c4 | 1885 db0f | 8c6f 1300 | 0043 8b4c | c40c 85c9 | 0f8f 9213 | 0000 4489 | 5424 2489 
  0x00007f1a1fb09ec0: 5c24 2047 | 8964 c418 | 438b 6cc4 | 2044 8b14 | 2444 3bd5 | 0f8f a613 | 0000 4789 | 54c4 1c41 
  0x00007f1a1fb09ee0: 3bca 0f8f | d413 0000 | 4489 0424 

  0x00007f1a1fb09eec: ;   {oop(a 'java/lang/Class'{0x000000070c1c4c78} = 'com/badlogic/gdx/Gdx')}
  0x00007f1a1fb09eec: 49bb 784c | 1c0c 0700 | 0000 418b | ab94 0000 | 0045 8b5c 

  0x00007f1a1fb09f00: ;   {metadata('com/badlogic/gdx/backends/lwjgl/LwjglGL20')}
  0x00007f1a1fb09f00: ec08 4181 | fb00 8008 | 010f 8575 

  0x00007f1a1fb09f0c: ;   {oop(a 'java/lang/Class'{0x00000007ffdfb818} = 'org/lwjgl/opengl/GLContext')}
  0x00007f1a1fb09f0c: 0c00 0049 | bb18 b8df | ff07 0000 | 0045 8b5b | 7c43 8b6c | dc0c 4c8b | c549 c1e0 | 034c 8b4c 
  0x00007f1a1fb09f2c: 2410 4d3b | c10f 8565 | 0d00 0047 | 8b5c dc10 | 4585 db0f | 84d3 1300 | 004f 8b8c | dc88 1a00 
  0x00007f1a1fb09f4c: 004d 85c9 | 0f84 e613 | 0000 438b | 8cdc ac3f | 0000 458b | 44cc 1043 | 8b7c c410 | 438b 6cc4 
  0x00007f1a1fb09f6c: 0c41 8b4c | fc0c 3be9 | 0f83 7a0a | 0000 4d8d | 04fc 458b | 44a8 1043 | 8b6c c418 | 85ed 0f85 
  0x00007f1a1fb09f8c: 240d 0000 | 438b 6cc4 | 0c85 ed0f | 85f3 1300 | 0045 85d2 | 0f8e 6006 | 0000 418b 

  0x00007f1a1fb09fa8: ;   {oop(a 'org/lwjgl/MemoryUtilSun$AccessorUnsafe'{0x000000070c18cac0})}
  0x00007f1a1fb09fa8: d249 bac0 | ca18 0c07 | 0000 004d | 8b5a 1045 | 3b62 0c0f | 8477 0a00 | 00b9 0314 | 0000 448b 
  0x00007f1a1fb09fc8: 1424 4b8d | 2cd4 4e8b | 441d 00be | 0400 0000 

  0x00007f1a1fb09fd8: ;   {static_call}
  0x00007f1a1fb09fd8: c5f8 77e8 

  0x00007f1a1fb09fdc: ; ImmutableOopMap {rbp=Oop [0]=NarrowOop [4]=NarrowOop [8]=NarrowOop [16]=Oop [24]=Oop [40]=Oop }
                      ;*invokestatic nglDrawElements {reexecute=0 rethrow=0 return_oop=0}
                      ; - org.lwjgl.opengl.GL11::glDrawElements@34 (line 1110)
                      ; - com.badlogic.gdx.backends.lwjgl.LwjglGL20::glDrawElements@21 (line 281)
                      ; - com.badlogic.gdx.graphics.Mesh::render@88 (line 488)
                      ; - com.badlogic.gdx.graphics.Mesh::render@10 (line 449)
                      ; - com.badlogic.gdx.graphics.g2d.SpriteBatch::flush@176 (line 975)
  0x00007f1a1fb09fdc: 3090 ebff 

  0x00007f1a1fb09fe0: ;   {post_call_nop}
  0x00007f1a1fb09fe0: 0f1f 8400 | d806 0005 | 448b 1424 | 438b 6cd4 | 1c44 8b4c | 2424 443b | cd0f 8fb9 | 1300 0045 
  0x00007f1a1fb0a000: 85c9 0f8c | 2014 0000 | 478b 44d4 | 0c45 3bc1 | 0f8f 8214 | 0000 4789 | 4cd4 1843 | 8b6c d420 
  0x00007f1a1fb0a020: 448b 5c24 | 2044 3bdd | 0f8f da14 | 0000 4789 | 5cd4 1c45 | 3bcb 0f8f | 2815 0000 | 453b c30f 
  0x00007f1a1fb0a040: 8f7b 1500 | 008b 5c24 | 0441 8b6c | dc10 458b 

  0x00007f1a1fb0a050: ;   {metadata('com/badlogic/gdx/graphics/glutils/VertexArray')}
  0x00007f1a1fb0a050: 5cec 0841 | 81fb c878 | 0901 0f85 | 600b 0000 | 498d 3cec | 448b 5710 

  0x00007f1a1fb0a068: ; implicit exception: dispatches to 0x00007f1a1fb0ba28
  0x00007f1a1fb0a068: 478b 5cd4 | 1847 8b4c | dc0c 4585 | c90f 863d | 0400 0044 | 8b44 2408 | 4b8d 14c4 | 33c9 e99d 
  0x00007f1a1fb0a088: 0400 000f | 1f44 0000 | 33db 83fa | 200f 8c6c | 0100 0045 | 33d2 c441 | 35ef c9c4 | 412d efd2 
  0x00007f1a1fb0a0a8: c441 25ef | dbc4 411d 

  0x00007f1a1fb0a0b0: ;   {external_word}
  0x00007f1a1fb0a0b0: efe4 49bb | 2066 8b38 | 1a7f 0000 | 458b 0bc4 | c179 6ee1 | c4e2 7d58 | e444 8bda | 4183 e3e0 
  0x00007f1a1fb0a0d0: 410f afd9 | c4a1 7a7e | 0417 c4a1 | 7a7e 4c17 | 08c4 a17a | 7e54 1710 | c4a1 7a7e | 5c17 18c4 
  0x00007f1a1fb0a0f0: 6235 40cc | c4e2 7d31 | c0c5 35fe | c8c4 622d | 40d4 c4e2 | 7d31 c9c5 | 2dfe d1c4 | 6225 40dc 
  0x00007f1a1fb0a110: c4e2 7d31 | d2c5 25fe | dac4 621d | 40e4 c4e2 | 7d31 dbc5 | 1dfe e341 | 83c2 2045 | 3bd3 7ca0 
  0x00007f1a1fb0a130: 4a8d 3c1f 

  0x00007f1a1fb0a134: ;   {external_word}
  0x00007f1a1fb0a134: 412b d349 | bb24 668b | 381a 7f00 | 00c4 c17e | 6f2b c462 

  0x00007f1a1fb0a148: ;   {external_word}
  0x00007f1a1fb0a148: 3540 cd49 | bb44 668b | 381a 7f00 | 00c4 c17e | 6f33 c462 

  0x00007f1a1fb0a15c: ;   {external_word}
  0x00007f1a1fb0a15c: 2d40 d649 | bb64 668b | 381a 7f00 | 00c4 c17e | 6f3b c462 

  0x00007f1a1fb0a170: ;   {external_word}
  0x00007f1a1fb0a170: 2540 df49 | bb84 668b | 381a 7f00 | 00c4 417e | 6f03 c442 | 1d40 e0c4 | c235 02c1 | c4e3 7d39 
  0x00007f1a1fb0a190: c101 c5f9 | fec1 c4e2 | 7902 c0c5 | f96e cbc5 | f9fe c1c5 | f97e c3c4 | c22d 02d2 | c4e3 7d39 
  0x00007f1a1fb0a1b0: d301 c5e9 | fed3 c4e2 | 6902 d2c5 | f96e dbc5 | e9fe d3c5 | f97e d3c4 | c225 02c3 | c4e3 7d39 
  0x00007f1a1fb0a1d0: c101 c5f9 | fec1 c4e2 | 7902 c0c5 | f96e cbc5 | f9fe c1c5 | f97e c3c4 | c21d 02d4 | c4e3 7d39 
  0x00007f1a1fb0a1f0: d301 c5e9 | fed3 c4e2 | 6902 d2c5 | f96e dbc5 | e9fe d3c5 | f97e d341 | ba01 0000 | 0044 3bd2 
  0x00007f1a1fb0a210: 0f8d 2e00 | 0000 41b9 | c103 0000 | 410f afd9 | 460f b65c | 17ff 458b | cb41 c1e1 | 0545 2bcb 
  0x00007f1a1fb0a230: 4103 d946 | 0fb6 0c17 | 4103 d941 | 83c2 0244 | 3bd2 7cd2 | 7f12 448b | dbc1 e305 | 412b db46 
  0x00007f1a1fb0a250: 0fb6 4c17 | ff41 03d9 | 85db 0f84 | f303 0000 | 448b 5c24 | 3843 895c | dc0c 448b | cb45 8bd1 
  0x00007f1a1fb0a270: ;   {other}
  0x00007f1a1fb0a270: 448b 5c24 | 4047 2354 | dc20 438b | 6cdc 3045 | 8b44 ec0c | 453b d00f | 832f 0400 | 004d 8d1c 
  0x00007f1a1fb0a290: ec43 8b6c | 9310 448b | 4424 3844 | 3bc5 0f84 | 5501 0000 

  0x00007f1a1fb0a2a4: ; implicit exception: dispatches to 0x00007f1a1fb0a7b4
  0x00007f1a1fb0a2a4: 458b 44ec 

  0x00007f1a1fb0a2a8: ;   {metadata('java/lang/String')}
  0x00007f1a1fb0a2a8: 0841 81f8 | 6889 1700 | 0f85 d613 | 0000 448b | 5c24 3847 | 0fbe 44dc | 104d 8d1c | ec41 0fbe 
  0x00007f1a1fb0a2c8: 5b10 443b | c30f 85e1 | 0400 0045 | 8b43 148b | 4c24 3845 | 8b5c cc14 | 438b 7cc4 | 0c43 8b4c 
  0x00007f1a1fb0a2e8: dc0c 3bcf | 0f85 c204 | 0000 4b8d | 74c4 104b | 8d7c dc10 | 85c9 0f84 | dc00 0000 | 8bc1 83e0 
  0x00007f1a1fb0a308: 1f83 e1e0 | 0f84 5200 | 0000 488d | 3c0f 488d | 340e 48f7 | d9c5 fe6f | 0c0f c5fe | 6f04 0ec5 
  0x00007f1a1fb0a328: f5ef c8c4 | e27d 17c9 | 0f85 b100 | 0000 4883 | c120 75e1 | 85c0 0f84 | 9c00 0000 | c5fe 6f4c 
  0x00007f1a1fb0a348: 07e0 c5fe | 6f44 06e0 | c5f5 efc8 | c4e2 7d17 | c90f 8588 | 0000 00e9 | 7c00 0000 | 8bc8 83e0 
  0x00007f1a1fb0a368: 0f83 e1f0 | 0f84 2a00 | 0000 488d | 3c0f 488d | 340e 48f7 | d9c5 fa6f | 0c0f c5fa | 6f04 0ec5 
  0x00007f1a1fb0a388: f1ef c8c4 | e279 17c9 | 0f85 5100 | 0000 4883 | c110 75e1 | 8bc8 83e1 | fc74 1948 | 8d3c 0f48 
  0x00007f1a1fb0a3a8: ;   {other}
  0x00007f1a1fb0a3a8: 8d34 0e48 | f7d9 8b1c | 0f3b 1c0e | 7531 4883 | c104 75f2 | a802 7412 | 0fb7 1f0f | b70e 3bd9 
  0x00007f1a1fb0a3c8: 751d 488d | 7f02 488d | 7602 a801 | 740a 0fb6 | 1f0f b60e | 3bd9 7507 | b801 0000 | 00eb 0233 
  0x00007f1a1fb0a3e8: c0c5 f5ef | c9c5 fdef | c085 c00f | 84bb 0300 | 0044 8b5c | 2440 438b | 6cdc 3445 | 8b44 ec0c 
  0x00007f1a1fb0a408: 453b d00f | 830f 0300 | 004d 8d1c | ec47 8b4c | 9310 4183 | f9fe 0f84 | 7804 0000 | 4183 f9ff 
  0x00007f1a1fb0a428: 0f84 f204 | 0000 448b | 5c24 3c47 | 8b54 dc08 

  0x00007f1a1fb0a438: ;   {metadata('com/badlogic/gdx/backends/lwjgl/LwjglGL20')}
  0x00007f1a1fb0a438: 4181 fa00 | 8008 010f | 8523 0300 

  0x00007f1a1fb0a444: ;   {oop(a 'java/lang/Class'{0x00000007ffdfb818} = 'org/lwjgl/opengl/GLContext')}
  0x00007f1a1fb0a444: 0049 ba18 | b8df ff07 | 0000 0045 | 8b5a 7c43 | 8b6c dc0c | 458b d14c | 8bc5 49c1 | e003 4c8b 
  0x00007f1a1fb0a464: 4c24 104d | 3bc1 0f85 | d803 0000 | 438b 6cdc | 1085 ed0f | 84ef 0400 | 0049 8b94 | ecf0 2300 
  0x00007f1a1fb0a484: 0048 85d2 | 0f84 1605 | 0000 418b | f266 6690 

  0x00007f1a1fb0a494: ;   {static_call}
  0x00007f1a1fb0a494: c5f8 77e8 

  0x00007f1a1fb0a498: ; ImmutableOopMap {[0]=Oop [12]=NarrowOop [16]=Oop [24]=Oop [32]=NarrowOop [40]=Oop [48]=Oop }
                      ;*invokestatic nglDisableVertexAttribArray {reexecute=0 rethrow=0 return_oop=0}
                      ; - org.lwjgl.opengl.GL20::glDisableVertexAttribArray@15 (line 920)
                      ; - com.badlogic.gdx.backends.lwjgl.LwjglGL20::glDisableVertexAttribArray@1 (line 272)
                      ; - com.badlogic.gdx.graphics.glutils.ShaderProgram::disableVertexAttribute@22 (line 719)
                      ; - com.badlogic.gdx.graphics.glutils.VertexArray::unbind@34 (line 145)
                      ; - com.badlogic.gdx.graphics.Mesh::unbind@6 (line 398)
                      ; - com.badlogic.gdx.graphics.Mesh::unbind@3 (line 389)
                      ; - com.badlogic.gdx.graphics.Mesh::render@178 (line 501)
                      ; - com.badlogic.gdx.graphics.Mesh::render@10 (line 449)
                      ; - com.badlogic.gdx.graphics.g2d.SpriteBatch::flush@176 (line 975)
  0x00007f1a1fb0a498: 744b e9ff 

  0x00007f1a1fb0a49c: ;   {post_call_nop}
  0x00007f1a1fb0a49c: 0f1f 8400 | 940b 0006 | 8b4c 2408 | ffc1 3b4c | 2424 7c61 | 8b5c 240c | 488b 3c24 | 4488 670c 
  0x00007f1a1fb0a4bc: 418b 6cdc | 1445 8b54 

  0x00007f1a1fb0a4c4: ;   {metadata('com/badlogic/gdx/graphics/glutils/IndexArray')}
  0x00007f1a1fb0a4c4: ec08 4181 | fa10 5209 | 010f 8509 | 0700 004d | 8d14 ec41 | 0fb6 6a0c | 85ed 0f85 | 3811 0000 
  0x00007f1a1fb0a4e4: 458b 5210 

  0x00007f1a1fb0a4e8: ; implicit exception: dispatches to 0x00007f1a1fb0ba70
  0x00007f1a1fb0a4e8: 438b 6cd4 | 1c85 ed0f | 8e03 0800 | 004c 8b54 | 2418 4589 | 620c c5f8 | 7748 83c4 

  0x00007f1a1fb0a504: ;   {poll_return}
  0x00007f1a1fb0a504: 705d 493b | 6728 0f87 | ab15 0000 | c38b 5c24 | 0c44 8b44 | 2420 488b | 3c24 448b | 4c24 2448 
  0x00007f1a1fb0a524: 8b54 2430 | 448b 5710 

  0x00007f1a1fb0a52c: ; implicit exception: dispatches to 0x00007f1a1fb0b700
  0x00007f1a1fb0a52c: 478b 54d4 | 1847 8b5c | d40c 413b | cb0f 8327 | 0100 0049 | c1e2 0345 | 8b5c 8a10 

  0x00007f1a1fb0a548: ; implicit exception: dispatches to 0x00007f1a1fb0b730
  0x00007f1a1fb0a548: 478b 5cdc | 2844 895c | 2438 894c | 2408 4889 | 5424 3044 | 894c 2424 | 4889 3c24 | 895c 240c 
  0x00007f1a1fb0a568: 470f b654 | c41d 4489 

  0x00007f1a1fb0a570: ;   {oop(a 'java/lang/Class'{0x000000070c1c4c78} = 'com/badlogic/gdx/Gdx')}
  0x00007f1a1fb0a570: 4424 2049 | bb78 4c1c | 0c07 0000 | 0045 8b9b | 9400 0000 | 4489 5c24 | 3c45 85d2 | 0f85 d202 
  0x00007f1a1fb0a590: 0000 478b | 5cc4 3444 | 895c 2440 | 4585 db0f | 84fb 0000 | 0044 8b54 | 2438 478b | 4cd4 0c45 
  0x00007f1a1fb0a5b0: 85c9 0f85 | b5fc ffff | 458b da47 | 0fb6 5cdc | 1145 85db | 757d 438b | 6cd4 1445 | 8bda 4380 
  0x00007f1a1fb0a5d0: 7cdc 1000 | 7537 418b | 54ec 0c49 | 8d7c ec10 | 83fa 020f | 8da7 faff | ff83 fa01 | 0f85 4610 
  0x00007f1a1fb0a5f0: 0000 85d2 | 0f86 4910 | 0000 440f | b617 418b | dae9 52fc | ffff 33d2 | e99c f9ff | ff48 8bf5 
  0x00007f1a1fb0a610: 48c1 e603 | 448b 5c24 | 404f 8d14 | dc44 8b5c | 2438 4b8d | 2cdc 4c89 | 5424 5090 

  0x00007f1a1fb0a62c: ;   {static_call}
  0x00007f1a1fb0a62c: c5f8 77e8 

  0x00007f1a1fb0a630: ; ImmutableOopMap {rbp=Oop [0]=Oop [12]=NarrowOop [16]=Oop [24]=Oop [32]=NarrowOop [40]=Oop [48]=Oop [56]=NarrowOop [60]=NarrowOop [64]=NarrowOop [80]=Oop }
                      ;*invokestatic hashCode {reexecute=0 rethrow=0 return_oop=0}
                      ; - java.lang.String::hashCode@37 (line 2720)
                      ; - com.badlogic.gdx.utils.ObjectIntMap::get@1 (line 279)
                      ; - com.badlogic.gdx.graphics.glutils.ShaderProgram::fetchAttributeLocation@11 (line 290)
                      ; - com.badlogic.gdx.graphics.glutils.ShaderProgram::disableVertexAttribute@10 (line 717)
                      ; - com.badlogic.gdx.graphics.glutils.VertexArray::unbind@34 (line 145)
                      ; - com.badlogic.gdx.graphics.Mesh::unbind@6 (line 398)
                      ; - com.badlogic.gdx.graphics.Mesh::unbind@3 (line 389)
                      ; - com.badlogic.gdx.graphics.Mesh::render@178 (line 501)
                      ; - com.badlogic.gdx.graphics.Mesh::render@10 (line 449)
                      ; - com.badlogic.gdx.graphics.g2d.SpriteBatch::flush@176 (line 975)
  0x00007f1a1fb0a630: aca9 87ff 

  0x00007f1a1fb0a634: ;   {post_call_nop}
  0x00007f1a1fb0a634: 0f1f 8400 | 2c0d 0007 | 8bd8 e915 | fcff ff45 | 33c9 e922 | fcff ff89 | 4e2c e90f | f4ff ff44 
  0x00007f1a1fb0a654: 8b54 2438 | 43c6 44d4 | 1101 4533 | c9e9 07fc | ffff bee4 | ffff ff48 | 8bef 4489 | 5424 0489 
  0x00007f1a1fb0a674: 4c24 0848 | ff74 2418 | 488f 4424 | 1089 5c24 | 0c44 894c | 241c 4489 | 4424 2090 

  0x00007f1a1fb0a690: ;   {runtime_call UncommonTrapBlob}
  0x00007f1a1fb0a690: c5f8 77e8 

  0x00007f1a1fb0a694: ; ImmutableOopMap {rbp=Oop [4]=NarrowOop [12]=NarrowOop [16]=Oop [32]=NarrowOop }
                      ;*aaload {reexecute=0 rethrow=0 return_oop=0}
                      ; - com.badlogic.gdx.graphics.VertexAttributes::get@5 (line 109)
                      ; - com.badlogic.gdx.graphics.glutils.VertexArray::unbind@28 (line 145)
                      ; - com.badlogic.gdx.graphics.Mesh::unbind@6 (line 398)
                      ; - com.badlogic.gdx.graphics.Mesh::unbind@3 (line 389)
                      ; - com.badlogic.gdx.graphics.Mesh::render@178 (line 501)
                      ; - com.badlogic.gdx.graphics.Mesh::render@10 (line 449)
                      ; - com.badlogic.gdx.graphics.g2d.SpriteBatch::flush@176 (line 975)
  0x00007f1a1fb0a694: 4811 95ff 

  0x00007f1a1fb0a698: ;   {post_call_nop}
  0x00007f1a1fb0a698: 0f1f 8400 | 900d 0008 | bef6 ffff | ff8b 6c24 | 3866 6690 

  0x00007f1a1fb0a6ac: ;   {runtime_call UncommonTrapBlob}
  0x00007f1a1fb0a6ac: c5f8 77e8 

  0x00007f1a1fb0a6b0: ; ImmutableOopMap {rbp=NarrowOop }
                      ;*invokevirtual get {reexecute=0 rethrow=0 return_oop=0}
                      ; - com.badlogic.gdx.graphics.glutils.ShaderProgram::fetchAttributeLocation@11 (line 290)
                      ; - com.badlogic.gdx.graphics.glutils.ShaderProgram::disableVertexAttribute@10 (line 717)
                      ; - com.badlogic.gdx.graphics.glutils.VertexArray::unbind@34 (line 145)
                      ; - com.badlogic.gdx.graphics.Mesh::unbind@6 (line 398)
                      ; - com.badlogic.gdx.graphics.Mesh::unbind@3 (line 389)
                      ; - com.badlogic.gdx.graphics.Mesh::render@178 (line 501)
                      ; - com.badlogic.gdx.graphics.Mesh::render@10 (line 449)
                      ; - com.badlogic.gdx.graphics.g2d.SpriteBatch::flush@176 (line 975)
  0x00007f1a1fb0a6b0: 2c11 95ff 

  0x00007f1a1fb0a6b4: ;   {post_call_nop}
  0x00007f1a1fb0a6b4: 0f1f 8400 | ac0d 0009 | bee4 ffff | ff48 ff74 | 2418 488f | 4424 1048 | 8944 24f8 | 8b44 2424 
  0x00007f1a1fb0a6d4: 8944 241c | 488b 4424 | f848 8944 | 24f8 8b44 | 243c 8944 | 2424 488b | 4424 f848 | 8944 24f8 
  0x00007f1a1fb0a6f4: 8b44 2438 | 8944 2428 | 488b 4424 | f844 895c | 2430 4489 | 4c24 3c44 | 8954 2444 

  0x00007f1a1fb0a710: ;   {runtime_call UncommonTrapBlob}
  0x00007f1a1fb0a710: c5f8 77e8 

  0x00007f1a1fb0a714: ; ImmutableOopMap {rbp=NarrowOop [0]=Oop [12]=NarrowOop [16]=Oop [32]=NarrowOop [36]=NarrowOop [40]=NarrowOop [48]=NarrowOop }
                      ;*aaload {reexecute=0 rethrow=0 return_oop=0}
                      ; - com.badlogic.gdx.utils.ObjectIntMap::get@20 (line 281)
                      ; - com.badlogic.gdx.graphics.glutils.ShaderProgram::fetchAttributeLocation@11 (line 290)
                      ; - com.badlogic.gdx.graphics.glutils.ShaderProgram::disableVertexAttribute@10 (line 717)
                      ; - com.badlogic.gdx.graphics.glutils.VertexArray::unbind@34 (line 145)
                      ; - com.badlogic.gdx.graphics.Mesh::unbind@6 (line 398)
                      ; - com.badlogic.gdx.graphics.Mesh::unbind@3 (line 389)
                      ; - com.badlogic.gdx.graphics.Mesh::render@178 (line 501)
                      ; - com.badlogic.gdx.graphics.Mesh::render@10 (line 449)
                      ; - com.badlogic.gdx.graphics.g2d.SpriteBatch::flush@176 (line 975)
  0x00007f1a1fb0a714: c810 95ff 

  0x00007f1a1fb0a718: ;   {post_call_nop}
  0x00007f1a1fb0a718: 0f1f 8400 | 100e 000a | bee4 ffff | ff48 ff74 | 2418 488f | 4424 1048 | 8944 24f8 | 8b44 2424 
  0x00007f1a1fb0a738: 8944 241c | 488b 4424 | f848 8944 | 24f8 8b44 | 243c 8944 | 2424 488b | 4424 f844 | 8954 2430 
  0x00007f1a1fb0a758: ;   {runtime_call UncommonTrapBlob}
  0x00007f1a1fb0a758: c5f8 77e8 

  0x00007f1a1fb0a75c: ; ImmutableOopMap {rbp=NarrowOop [0]=Oop [12]=NarrowOop [16]=Oop [32]=NarrowOop [36]=NarrowOop [56]=NarrowOop }
                      ;*iaload {reexecute=0 rethrow=0 return_oop=0}
                      ; - com.badlogic.gdx.utils.ObjectIntMap::get@82 (line 288)
                      ; - com.badlogic.gdx.graphics.glutils.ShaderProgram::fetchAttributeLocation@11 (line 290)
                      ; - com.badlogic.gdx.graphics.glutils.ShaderProgram::disableVertexAttribute@10 (line 717)
                      ; - com.badlogic.gdx.graphics.glutils.VertexArray::unbind@34 (line 145)
                      ; - com.badlogic.gdx.graphics.Mesh::unbind@6 (line 398)
                      ; - com.badlogic.gdx.graphics.Mesh::unbind@3 (line 389)
                      ; - com.badlogic.gdx.graphics.Mesh::render@178 (line 501)
                      ; - com.badlogic.gdx.graphics.Mesh::render@10 (line 449)
                      ; - com.badlogic.gdx.graphics.g2d.SpriteBatch::flush@176 (line 975)
  0x00007f1a1fb0a75c: 8010 95ff 

  0x00007f1a1fb0a760: ;   {post_call_nop}
  0x00007f1a1fb0a760: 0f1f 8400 | 580e 000b | bede ffff | ff48 8b2c | 2448 8944 | 24f8 8b44 | 2408 8904 | 2448 8b44 
  0x00007f1a1fb0a780: 24f8 48ff | 7424 1848 | 8f44 2410 | 4889 4424 | f88b 4424 | 0c89 4424 | 0448 8b44 | 24f8 4489 
  0x00007f1a1fb0a7a0: 4c24 1c90 

  0x00007f1a1fb0a7a4: ;   {runtime_call UncommonTrapBlob}
  0x00007f1a1fb0a7a4: c5f8 77e8 

  0x00007f1a1fb0a7a8: ; ImmutableOopMap {rbp=Oop [4]=NarrowOop [16]=Oop [32]=NarrowOop [60]=NarrowOop }
                      ;*invokeinterface glDisableVertexAttribArray {reexecute=0 rethrow=0 return_oop=0}
                      ; - com.badlogic.gdx.graphics.glutils.ShaderProgram::disableVertexAttribute@22 (line 719)
                      ; - com.badlogic.gdx.graphics.glutils.VertexArray::unbind@34 (line 145)
                      ; - com.badlogic.gdx.graphics.Mesh::unbind@6 (line 398)
                      ; - com.badlogic.gdx.graphics.Mesh::unbind@3 (line 389)
                      ; - com.badlogic.gdx.graphics.Mesh::render@178 (line 501)
                      ; - com.badlogic.gdx.graphics.Mesh::render@10 (line 449)
                      ; - com.badlogic.gdx.graphics.g2d.SpriteBatch::flush@176 (line 975)
  0x00007f1a1fb0a7a8: 3410 95ff 

  0x00007f1a1fb0a7ac: ;   {post_call_nop}
  0x00007f1a1fb0a7ac: 0f1f 8400 | a40e 000c | be45 ffff | ff48 8b2c | 2448 8944 | 24f8 8b44 | 2408 8904 | 2448 8b44 
  0x00007f1a1fb0a7cc: 24f8 48ff | 7424 1848 | 8f44 2410 | 4889 4424 | f88b 4424 | 0c89 4424 | 0448 8b44 | 24f8 4889 
  0x00007f1a1fb0a7ec: 4424 f88b | 4424 2089 | 4424 0848 | 8b44 24f8 | 4889 4424 | f88b 4424 | 2489 4424 | 0c48 8b44 
  0x00007f1a1fb0a80c: 24f8 4889 | 4424 f88b | 4424 3c89 | 4424 1848 | 8b44 24f8 | 4889 4424 | f88b 4424 | 3889 4424 
  0x00007f1a1fb0a82c: 2048 8b44 | 24f8 4489 | 4c24 3090 

  0x00007f1a1fb0a838: ;   {runtime_call UncommonTrapBlob}
  0x00007f1a1fb0a838: c5f8 77e8 

  0x00007f1a1fb0a83c: ; ImmutableOopMap {rbp=Oop [4]=NarrowOop [8]=NarrowOop [16]=Oop [24]=NarrowOop [32]=NarrowOop [64]=NarrowOop }
                      ;*ifne {reexecute=1 rethrow=0 return_oop=0}
                      ; - (reexecute) com.badlogic.gdx.utils.ObjectIntMap::get@24 (line 281)
                      ; - com.badlogic.gdx.graphics.glutils.ShaderProgram::fetchAttributeLocation@11 (line 290)
                      ; - com.badlogic.gdx.graphics.glutils.ShaderProgram::disableVertexAttribute@10 (line 717)
                      ; - com.badlogic.gdx.graphics.glutils.VertexArray::unbind@34 (line 145)
                      ; - com.badlogic.gdx.graphics.Mesh::unbind@6 (line 398)
                      ; - com.badlogic.gdx.graphics.Mesh::unbind@3 (line 389)
                      ; - com.badlogic.gdx.graphics.Mesh::render@178 (line 501)
                      ; - com.badlogic.gdx.graphics.Mesh::render@10 (line 449)
                      ; - com.badlogic.gdx.graphics.g2d.SpriteBatch::flush@176 (line 975)
  0x00007f1a1fb0a83c: a00f 95ff 

  0x00007f1a1fb0a840: ;   {post_call_nop}
  0x00007f1a1fb0a840: 0f1f 8400 | 380f 000d | be45 ffff | ff44 8954 | 2428 6690 

  0x00007f1a1fb0a854: ;   {runtime_call UncommonTrapBlob}
  0x00007f1a1fb0a854: c5f8 77e8 

  0x00007f1a1fb0a858: ; ImmutableOopMap {rbp=NarrowOop [0]=Oop [12]=NarrowOop [16]=Oop [24]=Oop [32]=NarrowOop }
                      ;*if_acmpne {reexecute=1 rethrow=0 return_oop=0}
                      ; - (reexecute) org.lwjgl.opengl.GLContext::getCapabilitiesImpl@11 (line 132)
                      ; - org.lwjgl.opengl.GLContext::getCapabilities@0 (line 122)
                      ; - org.lwjgl.opengl.GL20::glDisableVertexAttribArray@0 (line 917)
                      ; - com.badlogic.gdx.backends.lwjgl.LwjglGL20::glDisableVertexAttribArray@1 (line 272)
                      ; - com.badlogic.gdx.graphics.glutils.ShaderProgram::disableVertexAttribute@22 (line 719)
                      ; - com.badlogic.gdx.graphics.glutils.VertexArray::unbind@34 (line 145)
                      ; - com.badlogic.gdx.graphics.Mesh::unbind@6 (line 398)
                      ; - com.badlogic.gdx.graphics.Mesh::unbind@3 (line 389)
                      ; - com.badlogic.gdx.graphics.Mesh::render@178 (line 501)
                      ; - com.badlogic.gdx.graphics.Mesh::render@10 (line 449)
                      ; - com.badlogic.gdx.graphics.g2d.SpriteBatch::flush@176 (line 975)
  0x00007f1a1fb0a858: 840f 95ff 

  0x00007f1a1fb0a85c: ;   {post_call_nop}
  0x00007f1a1fb0a85c: 0f1f 8400 | 540f 000e | be45 ffff | ff48 8bef | 890c 2448 | ff74 2418 | 488f 4424 | 1089 5c24 
  0x00007f1a1fb0a87c: 0444 894c | 240c 4489 | 4424 1844 | 8954 2428 

  0x00007f1a1fb0a88c: ;   {runtime_call UncommonTrapBlob}
  0x00007f1a1fb0a88c: c5f8 77e8 

  0x00007f1a1fb0a890: ; ImmutableOopMap {rbp=Oop [4]=NarrowOop [16]=Oop [24]=NarrowOop [32]=NarrowOop [56]=NarrowOop [60]=NarrowOop }
                      ;*ifeq {reexecute=1 rethrow=0 return_oop=0}
                      ; - (reexecute) com.badlogic.gdx.graphics.glutils.ShaderProgram::checkManaged@4 (line 746)
                      ; - com.badlogic.gdx.graphics.glutils.ShaderProgram::disableVertexAttribute@5 (line 716)
                      ; - com.badlogic.gdx.graphics.glutils.VertexArray::unbind@34 (line 145)
                      ; - com.badlogic.gdx.graphics.Mesh::unbind@6 (line 398)
                      ; - com.badlogic.gdx.graphics.Mesh::unbind@3 (line 389)
                      ; - com.badlogic.gdx.graphics.Mesh::render@178 (line 501)
                      ; - com.badlogic.gdx.graphics.Mesh::render@10 (line 449)
                      ; - com.badlogic.gdx.graphics.g2d.SpriteBatch::flush@176 (line 975)
  0x00007f1a1fb0a890: 4c0f 95ff 

  0x00007f1a1fb0a894: ;   {post_call_nop}
  0x00007f1a1fb0a894: 0f1f 8400 | 8c0f 000f | be45 ffff | ff48 8b2c | 2448 8944 | 24f8 8b44 | 2408 8904 | 2448 8b44 
  0x00007f1a1fb0a8b4: 24f8 48ff | 7424 1848 | 8f44 2410 | 4889 4424 | f88b 4424 | 0c89 4424 | 0448 8b44 | 24f8 4889 
  0x00007f1a1fb0a8d4: 4424 f88b | 4424 2089 | 4424 0848 | 8b44 24f8 | 4889 4424 | f88b 4424 | 2489 4424 | 0c48 8b44 
  0x00007f1a1fb0a8f4: 24f8 4889 | 4424 f88b | 4424 3c89 | 4424 1848 | 8b44 24f8 | 4489 4c24 | 2866 6690 

  0x00007f1a1fb0a910: ;   {runtime_call UncommonTrapBlob}
  0x00007f1a1fb0a910: c5f8 77e8 

  0x00007f1a1fb0a914: ; ImmutableOopMap {rbp=Oop [4]=NarrowOop [8]=NarrowOop [16]=Oop [24]=NarrowOop [56]=NarrowOop }
                      ;*if_icmpne {reexecute=1 rethrow=0 return_oop=0}
                      ; - (reexecute) com.badlogic.gdx.graphics.glutils.ShaderProgram::fetchAttributeLocation@18 (line 290)
                      ; - com.badlogic.gdx.graphics.glutils.ShaderProgram::disableVertexAttribute@10 (line 717)
                      ; - com.badlogic.gdx.graphics.glutils.VertexArray::unbind@34 (line 145)
                      ; - com.badlogic.gdx.graphics.Mesh::unbind@6 (line 398)
                      ; - com.badlogic.gdx.graphics.Mesh::unbind@3 (line 389)
                      ; - com.badlogic.gdx.graphics.Mesh::render@178 (line 501)
                      ; - com.badlogic.gdx.graphics.Mesh::render@10 (line 449)
                      ; - com.badlogic.gdx.graphics.g2d.SpriteBatch::flush@176 (line 975)
  0x00007f1a1fb0a914: c80e 95ff 

  0x00007f1a1fb0a918: ;   {post_call_nop}
  0x00007f1a1fb0a918: 0f1f 8400 | 1010 0010 | be45 ffff | ff48 8b2c | 2448 8944 | 24f8 8b44 | 2408 8904 | 2448 8b44 
  0x00007f1a1fb0a938: 24f8 48ff | 7424 1848 | 8f44 2410 | 4889 4424 | f88b 4424 | 0c89 4424 | 0448 8b44 | 24f8 4489 
  0x00007f1a1fb0a958: 4c24 1890 

  0x00007f1a1fb0a95c: ;   {runtime_call UncommonTrapBlob}
  0x00007f1a1fb0a95c: c5f8 77e8 

  0x00007f1a1fb0a960: ; ImmutableOopMap {rbp=Oop [4]=NarrowOop [16]=Oop [32]=NarrowOop }
                      ;*if_icmpne {reexecute=1 rethrow=0 return_oop=0}
                      ; - (reexecute) com.badlogic.gdx.graphics.glutils.ShaderProgram::disableVertexAttribute@16 (line 718)
                      ; - com.badlogic.gdx.graphics.glutils.VertexArray::unbind@34 (line 145)
                      ; - com.badlogic.gdx.graphics.Mesh::unbind@6 (line 398)
                      ; - com.badlogic.gdx.graphics.Mesh::unbind@3 (line 389)
                      ; - com.badlogic.gdx.graphics.Mesh::render@178 (line 501)
                      ; - com.badlogic.gdx.graphics.Mesh::render@10 (line 449)
                      ; - com.badlogic.gdx.graphics.g2d.SpriteBatch::flush@176 (line 975)
  0x00007f1a1fb0a960: 7c0e 95ff 

  0x00007f1a1fb0a964: ;   {post_call_nop}
  0x00007f1a1fb0a964: 0f1f 8400 | 5c10 0011 | be45 ffff | ff48 ff74 | 2418 488f | 4424 1048 | 8944 24f8 | 8b44 2420 
  0x00007f1a1fb0a984: 8944 2418 | 488b 4424 | f844 8954 | 2420 6690 

  0x00007f1a1fb0a994: ;   {runtime_call UncommonTrapBlob}
  0x00007f1a1fb0a994: c5f8 77e8 

  0x00007f1a1fb0a998: ; ImmutableOopMap {rbp=NarrowOop [0]=Oop [12]=NarrowOop [16]=Oop [24]=NarrowOop }
                      ;*ifnonnull {reexecute=1 rethrow=0 return_oop=0}
                      ; - (reexecute) org.lwjgl.opengl.GLContext::getCapabilities@5 (line 123)
                      ; - org.lwjgl.opengl.GL20::glDisableVertexAttribArray@0 (line 917)
                      ; - com.badlogic.gdx.backends.lwjgl.LwjglGL20::glDisableVertexAttribArray@1 (line 272)
                      ; - com.badlogic.gdx.graphics.glutils.ShaderProgram::disableVertexAttribute@22 (line 719)
                      ; - com.badlogic.gdx.graphics.glutils.VertexArray::unbind@34 (line 145)
                      ; - com.badlogic.gdx.graphics.Mesh::unbind@6 (line 398)
                      ; - com.badlogic.gdx.graphics.Mesh::unbind@3 (line 389)
                      ; - com.badlogic.gdx.graphics.Mesh::render@178 (line 501)
                      ; - com.badlogic.gdx.graphics.Mesh::render@10 (line 449)
                      ; - com.badlogic.gdx.graphics.g2d.SpriteBatch::flush@176 (line 975)
  0x00007f1a1fb0a998: 440e 95ff 

  0x00007f1a1fb0a99c: ;   {post_call_nop}
  0x00007f1a1fb0a99c: 0f1f 8400 | 9410 0012 | 4533 db49 | 3bd3 bdff | ffff ff7c | 0840 0f95 | c540 0fb6 | edbe 45ff 
  0x00007f1a1fb0a9bc: ffff 48ff | 7424 1848 | 8f44 2410 | 4889 4424 | f88b 4424 | 2089 4424 | 1848 8b44 | 24f8 4489 
  0x00007f1a1fb0a9dc: 5424 2048 | 8954 2428 

  0x00007f1a1fb0a9e4: ;   {runtime_call UncommonTrapBlob}
  0x00007f1a1fb0a9e4: c5f8 77e8 

  0x00007f1a1fb0a9e8: ; ImmutableOopMap {[0]=Oop [12]=NarrowOop [16]=Oop [24]=NarrowOop }
                      ;*ifne {reexecute=1 rethrow=0 return_oop=0}
                      ; - (reexecute) org.lwjgl.BufferChecks::checkFunctionAddress@9 (line 57)
                      ; - org.lwjgl.opengl.GL20::glDisableVertexAttribArray@10 (line 919)
                      ; - com.badlogic.gdx.backends.lwjgl.LwjglGL20::glDisableVertexAttribArray@1 (line 272)
                      ; - com.badlogic.gdx.graphics.glutils.ShaderProgram::disableVertexAttribute@22 (line 719)
                      ; - com.badlogic.gdx.graphics.glutils.VertexArray::unbind@34 (line 145)
                      ; - com.badlogic.gdx.graphics.Mesh::unbind@6 (line 398)
                      ; - com.badlogic.gdx.graphics.Mesh::unbind@3 (line 389)
                      ; - com.badlogic.gdx.graphics.Mesh::render@178 (line 501)
                      ; - com.badlogic.gdx.graphics.Mesh::render@10 (line 449)
                      ; - com.badlogic.gdx.graphics.g2d.SpriteBatch::flush@176 (line 975)
  0x00007f1a1fb0a9e8: f40d 95ff 

  0x00007f1a1fb0a9ec: ;   {post_call_nop}
  0x00007f1a1fb0a9ec: 0f1f 8400 | e410 0013 | bee4 ffff | ff48 ff74 | 2418 488f | 4424 1048 | 8944 24f8 | 8b44 2424 
  0x00007f1a1fb0aa0c: 8944 2418 | 488b 4424 | f889 5c24 | 1c4c 894c | 2428 4489 | 5c24 2489 | 7c24 3090 

  0x00007f1a1fb0aa28: ;   {runtime_call UncommonTrapBlob}
  0x00007f1a1fb0aa28: c5f8 77e8 

  0x00007f1a1fb0aa2c: ; ImmutableOopMap {[0]=NarrowOop [4]=NarrowOop [8]=NarrowOop [16]=Oop [36]=NarrowOop [48]=NarrowOop }
                      ;*aaload {reexecute=0 rethrow=0 return_oop=0}
                      ; - org.lwjgl.opengl.ReferencesStack::getReferences@8 (line 41)
                      ; - org.lwjgl.opengl.StateTracker::getReferences@7 (line 85)
                      ; - org.lwjgl.opengl.StateTracker::getElementArrayBufferBound@1 (line 143)
                      ; - org.lwjgl.opengl.GLChecks::ensureElementVBOdisabled@7 (line 82)
                      ; - org.lwjgl.opengl.GL11::glDrawElements@14 (line 1108)
                      ; - com.badlogic.gdx.backends.lwjgl.LwjglGL20::glDrawElements@21 (line 281)
                      ; - com.badlogic.gdx.graphics.Mesh::render@88 (line 488)
                      ; - com.badlogic.gdx.graphics.Mesh::render@10 (line 449)
                      ; - com.badlogic.gdx.graphics.g2d.SpriteBatch::flush@176 (line 975)
  0x00007f1a1fb0aa2c: b00d 95ff 

  0x00007f1a1fb0aa30: ;   {post_call_nop}
  0x00007f1a1fb0aa30: 0f1f 8400 | 2811 0014 | bef6 ffff | ff8b 2c24 | 4c89 1c24 

  0x00007f1a1fb0aa44: ;   {runtime_call UncommonTrapBlob}
  0x00007f1a1fb0aa44: c5f8 77e8 

  0x00007f1a1fb0aa48: ; ImmutableOopMap {rbp=NarrowOop }
                      ;*invokevirtual getLong {reexecute=0 rethrow=0 return_oop=0}
                      ; - org.lwjgl.MemoryUtilSun$AccessorUnsafe::getAddress@9 (line 70)
                      ; - org.lwjgl.MemoryUtil::getAddress0@4 (line 113)
                      ; - org.lwjgl.MemoryUtil::getAddress@1 (line 129)
                      ; - org.lwjgl.MemoryUtil::getAddress@5 (line 127)
                      ; - org.lwjgl.opengl.GL11::glDrawElements@30 (line 1110)
                      ; - com.badlogic.gdx.backends.lwjgl.LwjglGL20::glDrawElements@21 (line 281)
                      ; - com.badlogic.gdx.graphics.Mesh::render@88 (line 488)
                      ; - com.badlogic.gdx.graphics.Mesh::render@10 (line 449)
                      ; - com.badlogic.gdx.graphics.g2d.SpriteBatch::flush@176 (line 975)
  0x00007f1a1fb0aa48: 940d 95ff 

  0x00007f1a1fb0aa4c: ;   {post_call_nop}
  0x00007f1a1fb0aa4c: 0f1f 8400 | 4411 0015 | bede ffff | ff49 8be8 | 891c 2489 | 5424 0444 | 8954 2408 | 4489 4c24 
  0x00007f1a1fb0aa6c: 0c66 6690 

  0x00007f1a1fb0aa70: ;   {runtime_call UncommonTrapBlob}
  0x00007f1a1fb0aa70: c5f8 77e8 

  0x00007f1a1fb0aa74: ; ImmutableOopMap {rbp=Oop [4]=NarrowOop }
                      ;*invokeinterface glBindTexture {reexecute=0 rethrow=0 return_oop=0}
                      ; - com.badlogic.gdx.graphics.GLTexture::bind@11 (line 66)
                      ; - com.badlogic.gdx.graphics.g2d.SpriteBatch::flush@58 (line 962)
  0x00007f1a1fb0aa74: 680d 95ff 

  0x00007f1a1fb0aa78: ;   {post_call_nop}
  0x00007f1a1fb0aa78: 0f1f 8400 | 7011 0016 | bede ffff | ff4c 894c | 2408 894c | 2410 4489 | 5c24 1444 | 8944 2418 
  0x00007f1a1fb0aa98: ;   {runtime_call UncommonTrapBlob}
  0x00007f1a1fb0aa98: c5f8 77e8 

  0x00007f1a1fb0aa9c: ; ImmutableOopMap {rbp=NarrowOop [8]=Oop [16]=NarrowOop [20]=NarrowOop }
                      ;*invokeinterface setVertices {reexecute=0 rethrow=0 return_oop=0}
                      ; - com.badlogic.gdx.graphics.Mesh::setVertices@7 (line 197)
                      ; - com.badlogic.gdx.graphics.g2d.SpriteBatch::flush@76 (line 964)
  0x00007f1a1fb0aa9c: 400d 95ff 

  0x00007f1a1fb0aaa0: ;   {post_call_nop}
  0x00007f1a1fb0aaa0: 0f1f 8400 | 9811 0017 | bede ffff | ff49 8be9 | 894c 2408 | 4889 5c24 | 1044 895c | 2418 4489 
  0x00007f1a1fb0aac0: 4424 2089 | 5424 2444 | 8954 2428 

  0x00007f1a1fb0aacc: ;   {runtime_call UncommonTrapBlob}
  0x00007f1a1fb0aacc: c5f8 77e8 

  0x00007f1a1fb0aad0: ; ImmutableOopMap {rbp=Oop [8]=NarrowOop [16]=Oop [24]=NarrowOop [36]=NarrowOop }
                      ;*invokevirtual limit {reexecute=0 rethrow=0 return_oop=0}
                      ; - com.badlogic.gdx.utils.BufferUtils::copy@11 (line 51)
                      ; - com.badlogic.gdx.graphics.glutils.VertexArray::setVertices@7 (line 84)
                      ; - com.badlogic.gdx.graphics.Mesh::setVertices@7 (line 197)
                      ; - com.badlogic.gdx.graphics.g2d.SpriteBatch::flush@76 (line 964)
  0x00007f1a1fb0aad0: 0c0d 95ff 

  0x00007f1a1fb0aad4: ;   {post_call_nop}
  0x00007f1a1fb0aad4: 0f1f 8400 | cc11 0018 | bede ffff | ff66 6690 

  0x00007f1a1fb0aae4: ;   {runtime_call UncommonTrapBlob}
  0x00007f1a1fb0aae4: c5f8 77e8 

  0x00007f1a1fb0aae8: ; ImmutableOopMap {rbp=NarrowOop [4]=NarrowOop [16]=Oop }
                      ;*invokeinterface getBuffer {reexecute=0 rethrow=0 return_oop=0}
                      ; - com.badlogic.gdx.graphics.Mesh::getIndicesBuffer@4 (line 797)
                      ; - com.badlogic.gdx.graphics.g2d.SpriteBatch::flush@81 (line 965)
  0x00007f1a1fb0aae8: f40c 95ff 

  0x00007f1a1fb0aaec: ;   {post_call_nop}
  0x00007f1a1fb0aaec: 0f1f 8400 | e411 0019 | bede ffff | ff44 8954 | 2408 4489 | 5c24 0c90 

  0x00007f1a1fb0ab04: ;   {runtime_call UncommonTrapBlob}
  0x00007f1a1fb0ab04: c5f8 77e8 

  0x00007f1a1fb0ab08: ; ImmutableOopMap {rbp=NarrowOop [12]=NarrowOop [16]=Oop }
                      ;*invokeinterface glEnable {reexecute=0 rethrow=0 return_oop=0}
                      ; - com.badlogic.gdx.graphics.g2d.SpriteBatch::flush@125 (line 971)
  0x00007f1a1fb0ab08: d40c 95ff 

  0x00007f1a1fb0ab0c: ;   {post_call_nop}
  0x00007f1a1fb0ab0c: 0f1f 8400 | 0412 001a | bede ffff | ff4c 894c | 2408 4489 | 4424 1044 | 8954 2414 

  0x00007f1a1fb0ab28: ;   {runtime_call UncommonTrapBlob}
  0x00007f1a1fb0ab28: c5f8 77e8 

  0x00007f1a1fb0ab2c: ; ImmutableOopMap {rbp=NarrowOop [4]=NarrowOop [8]=Oop }
                      ;*invokeinterface glBlendFunc {reexecute=0 rethrow=0 return_oop=0}
                      ; - com.badlogic.gdx.graphics.g2d.SpriteBatch::flush@149 (line 972)
  0x00007f1a1fb0ab2c: b00c 95ff 

  0x00007f1a1fb0ab30: ;   {post_call_nop}
  0x00007f1a1fb0ab30: 0f1f 8400 | 2812 001b | bede ffff | ff4c 8914 | 2444 894c | 2410 895c | 2414 4489 | 4424 1889 
  0x00007f1a1fb0ab50: 4c24 1c90 

  0x00007f1a1fb0ab54: ;   {runtime_call UncommonTrapBlob}
  0x00007f1a1fb0ab54: c5f8 77e8 

  0x00007f1a1fb0ab58: ; ImmutableOopMap {rbp=NarrowOop [0]=Oop [24]=NarrowOop [28]=NarrowOop }
                      ;*invokeinterface bind {reexecute=0 rethrow=0 return_oop=0}
                      ; - com.badlogic.gdx.graphics.Mesh::bind@6 (line 380)
                      ; - com.badlogic.gdx.graphics.Mesh::bind@3 (line 371)
                      ; - com.badlogic.gdx.graphics.Mesh::render@13 (line 479)
                      ; - com.badlogic.gdx.graphics.Mesh::render@10 (line 449)
                      ; - com.badlogic.gdx.graphics.g2d.SpriteBatch::flush@176 (line 975)
  0x00007f1a1fb0ab58: 840c 95ff 

  0x00007f1a1fb0ab5c: ;   {post_call_nop}
  0x00007f1a1fb0ab5c: 0f1f 8400 | 5412 001c | bede ffff | ff48 ff74 | 2418 488f | 4424 1090 

  0x00007f1a1fb0ab74: ;   {runtime_call UncommonTrapBlob}
  0x00007f1a1fb0ab74: c5f8 77e8 

  0x00007f1a1fb0ab78: ; ImmutableOopMap {rbp=NarrowOop [4]=NarrowOop [8]=NarrowOop [16]=Oop }
                      ;*invokeinterface getNumIndices {reexecute=0 rethrow=0 return_oop=0}
                      ; - com.badlogic.gdx.graphics.Mesh::bind@15 (line 381)
                      ; - com.badlogic.gdx.graphics.Mesh::bind@3 (line 371)
                      ; - com.badlogic.gdx.graphics.Mesh::render@13 (line 479)
                      ; - com.badlogic.gdx.graphics.Mesh::render@10 (line 449)
                      ; - com.badlogic.gdx.graphics.g2d.SpriteBatch::flush@176 (line 975)
  0x00007f1a1fb0ab78: 640c 95ff 

  0x00007f1a1fb0ab7c: ;   {post_call_nop}
  0x00007f1a1fb0ab7c: 0f1f 8400 | 7412 001d | bede ffff | ff48 ff74 | 2418 488f | 4424 1048 | 8944 24f8 | 8b44 2424 
  0x00007f1a1fb0ab9c: 8944 2418 | 488b 4424 | f889 5c24 | 1c44 8954 | 2420 6690 

  0x00007f1a1fb0abb0: ;   {runtime_call UncommonTrapBlob}
  0x00007f1a1fb0abb0: c5f8 77e8 

  0x00007f1a1fb0abb4: ; ImmutableOopMap {rbp=NarrowOop [0]=NarrowOop [4]=NarrowOop [8]=NarrowOop [16]=Oop }
                      ;*invokeinterface glDrawElements {reexecute=0 rethrow=0 return_oop=0}
                      ; - com.badlogic.gdx.graphics.Mesh::render@88 (line 488)
                      ; - com.badlogic.gdx.graphics.Mesh::render@10 (line 449)
                      ; - com.badlogic.gdx.graphics.g2d.SpriteBatch::flush@176 (line 975)
  0x00007f1a1fb0abb4: 280c 95ff 

  0x00007f1a1fb0abb8: ;   {post_call_nop}
  0x00007f1a1fb0abb8: 0f1f 8400 | b012 001e | bede ffff | ff89 5c24 | 0c66 6690 

  0x00007f1a1fb0abcc: ;   {runtime_call UncommonTrapBlob}
  0x00007f1a1fb0abcc: c5f8 77e8 

  0x00007f1a1fb0abd0: ; ImmutableOopMap {rbp=NarrowOop [8]=NarrowOop [12]=NarrowOop [24]=Oop }
                      ;*invokeinterface unbind {reexecute=0 rethrow=0 return_oop=0}
                      ; - com.badlogic.gdx.graphics.Mesh::unbind@6 (line 398)
                      ; - com.badlogic.gdx.graphics.Mesh::unbind@3 (line 389)
                      ; - com.badlogic.gdx.graphics.Mesh::render@178 (line 501)
                      ; - com.badlogic.gdx.graphics.Mesh::render@10 (line 449)
                      ; - com.badlogic.gdx.graphics.g2d.SpriteBatch::flush@176 (line 975)
  0x00007f1a1fb0abd0: 0c0c 95ff 

  0x00007f1a1fb0abd4: ;   {post_call_nop}
  0x00007f1a1fb0abd4: 0f1f 8400 | cc12 001f | bede ffff | ff89 5c24 | 0866 6690 

  0x00007f1a1fb0abe8: ;   {runtime_call UncommonTrapBlob}
  0x00007f1a1fb0abe8: c5f8 77e8 

  0x00007f1a1fb0abec: ; ImmutableOopMap {rbp=NarrowOop [8]=NarrowOop [24]=Oop }
                      ;*invokeinterface getNumIndices {reexecute=0 rethrow=0 return_oop=0}
                      ; - com.badlogic.gdx.graphics.Mesh::unbind@15 (line 399)
                      ; - com.badlogic.gdx.graphics.Mesh::unbind@3 (line 389)
                      ; - com.badlogic.gdx.graphics.Mesh::render@178 (line 501)
                      ; - com.badlogic.gdx.graphics.Mesh::render@10 (line 449)
                      ; - com.badlogic.gdx.graphics.g2d.SpriteBatch::flush@176 (line 975)
  0x00007f1a1fb0abec: f00b 95ff 

  0x00007f1a1fb0abf0: ;   {post_call_nop}
  0x00007f1a1fb0abf0: 0f1f 8400 | e812 0020 | be45 ffff | ff49 8be8 | 891c 2444 | 8954 2404 | 4489 4c24 | 0889 7c24 
  0x00007f1a1fb0ac10: 0c48 8954 | 2410 6690 

  0x00007f1a1fb0ac18: ;   {runtime_call UncommonTrapBlob}
  0x00007f1a1fb0ac18: c5f8 77e8 

  0x00007f1a1fb0ac1c: ; ImmutableOopMap {rbp=Oop [12]=NarrowOop [16]=Oop }
                      ;*if_acmpne {reexecute=1 rethrow=0 return_oop=0}
                      ; - (reexecute) org.lwjgl.opengl.GLContext::getCapabilitiesImpl@11 (line 132)
                      ; - org.lwjgl.opengl.GLContext::getCapabilities@0 (line 122)
                      ; - org.lwjgl.opengl.GL11::glBindTexture@0 (line 651)
                      ; - com.badlogic.gdx.backends.lwjgl.LwjglGL20::glBindTexture@2 (line 93)
                      ; - com.badlogic.gdx.graphics.GLTexture::bind@11 (line 66)
                      ; - com.badlogic.gdx.graphics.g2d.SpriteBatch::flush@58 (line 962)
  0x00007f1a1fb0ac1c: c00b 95ff 

  0x00007f1a1fb0ac20: ;   {post_call_nop}
  0x00007f1a1fb0ac20: 0f1f 8400 | 1813 0021 | be45 ffff | ff48 890c | 2444 8954 | 2408 4489 | 5c24 0c48 | 895c 2410 
  0x00007f1a1fb0ac40: ;   {runtime_call UncommonTrapBlob}
  0x00007f1a1fb0ac40: c5f8 77e8 

  0x00007f1a1fb0ac44: ; ImmutableOopMap {rbp=NarrowOop [0]=Oop [12]=NarrowOop [16]=Oop }
                      ;*if_acmpne {reexecute=1 rethrow=0 return_oop=0}
                      ; - (reexecute) org.lwjgl.opengl.GLContext::getCapabilitiesImpl@11 (line 132)
                      ; - org.lwjgl.opengl.GLContext::getCapabilities@0 (line 122)
                      ; - org.lwjgl.opengl.GL11::glEnable@0 (line 1012)
                      ; - com.badlogic.gdx.backends.lwjgl.LwjglGL20::glEnable@1 (line 292)
                      ; - com.badlogic.gdx.graphics.g2d.SpriteBatch::flush@125 (line 971)
  0x00007f1a1fb0ac44: 980b 95ff 

  0x00007f1a1fb0ac48: ;   {post_call_nop}
  0x00007f1a1fb0ac48: 0f1f 8400 | 4013 0022 | be45 ffff | ff4c 894c | 2408 4489 | 4424 1044 | 8954 2414 | 4889 5c24 
  0x00007f1a1fb0ac68: 1866 6690 

  0x00007f1a1fb0ac6c: ;   {runtime_call UncommonTrapBlob}
  0x00007f1a1fb0ac6c: c5f8 77e8 

  0x00007f1a1fb0ac70: ; ImmutableOopMap {rbp=NarrowOop [4]=NarrowOop [8]=Oop [24]=Oop }
                      ;*if_acmpne {reexecute=1 rethrow=0 return_oop=0}
                      ; - (reexecute) org.lwjgl.opengl.GLContext::getCapabilitiesImpl@11 (line 132)
                      ; - org.lwjgl.opengl.GLContext::getCapabilities@0 (line 122)
                      ; - org.lwjgl.opengl.GL11::glBlendFunc@0 (line 624)
                      ; - com.badlogic.gdx.backends.lwjgl.LwjglGL20::glBlendFunc@2 (line 109)
                      ; - com.badlogic.gdx.graphics.g2d.SpriteBatch::flush@149 (line 972)
  0x00007f1a1fb0ac70: 6c0b 95ff 

  0x00007f1a1fb0ac74: ;   {post_call_nop}
  0x00007f1a1fb0ac74: 0f1f 8400 | 6c13 0023 | be45 ffff | ff48 8b6c | 2418 895c | 2410 6690 

  0x00007f1a1fb0ac8c: ;   {runtime_call UncommonTrapBlob}
  0x00007f1a1fb0ac8c: c5f8 77e8 

  0x00007f1a1fb0ac90: ; ImmutableOopMap {rbp=Oop [4]=NarrowOop [8]=NarrowOop }
                      ;*ifle {reexecute=1 rethrow=0 return_oop=0}
                      ; - (reexecute) com.badlogic.gdx.graphics.Mesh::bind@20 (line 381)
                      ; - com.badlogic.gdx.graphics.Mesh::bind@3 (line 371)
                      ; - com.badlogic.gdx.graphics.Mesh::render@13 (line 479)
                      ; - com.badlogic.gdx.graphics.Mesh::render@10 (line 449)
                      ; - com.badlogic.gdx.graphics.g2d.SpriteBatch::flush@176 (line 975)
  0x00007f1a1fb0ac90: 4c0b 95ff 

  0x00007f1a1fb0ac94: ;   {post_call_nop}
  0x00007f1a1fb0ac94: 0f1f 8400 | 8c13 0024 | be45 ffff | ff66 6690 

  0x00007f1a1fb0aca4: ;   {runtime_call UncommonTrapBlob}
  0x00007f1a1fb0aca4: c5f8 77e8 

  0x00007f1a1fb0aca8: ; ImmutableOopMap {rbp=NarrowOop [0]=NarrowOop [4]=NarrowOop [8]=NarrowOop [16]=Oop [24]=Oop }
                      ;*if_acmpne {reexecute=1 rethrow=0 return_oop=0}
                      ; - (reexecute) org.lwjgl.opengl.GLContext::getCapabilitiesImpl@11 (line 132)
                      ; - org.lwjgl.opengl.GLContext::getCapabilities@0 (line 122)
                      ; - org.lwjgl.opengl.GL11::glDrawElements@0 (line 1105)
                      ; - com.badlogic.gdx.backends.lwjgl.LwjglGL20::glDrawElements@21 (line 281)
                      ; - com.badlogic.gdx.graphics.Mesh::render@88 (line 488)
                      ; - com.badlogic.gdx.graphics.Mesh::render@10 (line 449)
                      ; - com.badlogic.gdx.graphics.g2d.SpriteBatch::flush@176 (line 975)
  0x00007f1a1fb0aca8: 340b 95ff 

  0x00007f1a1fb0acac: ;   {post_call_nop}
  0x00007f1a1fb0acac: 0f1f 8400 | a413 0025 | be45 ffff | ff48 ff74 | 2418 488f | 4424 1048 | 8944 24f8 | 8b44 2424 
  0x00007f1a1fb0accc: 8944 2418 | 488b 4424 | f889 5c24 | 1c4c 894c | 2428 4489 | 5c24 2444 | 8944 2430 

  0x00007f1a1fb0ace8: ;   {runtime_call UncommonTrapBlob}
  0x00007f1a1fb0ace8: c5f8 77e8 

  0x00007f1a1fb0acec: ; ImmutableOopMap {[0]=NarrowOop [4]=NarrowOop [8]=NarrowOop [16]=Oop [36]=NarrowOop [48]=NarrowOop }
                      ;*ifne {reexecute=1 rethrow=0 return_oop=0}
                      ; - (reexecute) org.lwjgl.opengl.StateTracker::getElementArrayBufferBound@9 (line 145)
                      ; - org.lwjgl.opengl.GLChecks::ensureElementVBOdisabled@7 (line 82)
                      ; - org.lwjgl.opengl.GL11::glDrawElements@14 (line 1108)
                      ; - com.badlogic.gdx.backends.lwjgl.LwjglGL20::glDrawElements@21 (line 281)
                      ; - com.badlogic.gdx.graphics.Mesh::render@88 (line 488)
                      ; - com.badlogic.gdx.graphics.Mesh::render@10 (line 449)
                      ; - com.badlogic.gdx.graphics.g2d.SpriteBatch::flush@176 (line 975)
  0x00007f1a1fb0acec: f00a 95ff 

  0x00007f1a1fb0acf0: ;   {post_call_nop}
  0x00007f1a1fb0acf0: 0f1f 8400 | e813 0026 | be45 ffff | ff66 6690 

  0x00007f1a1fb0ad00: ;   {runtime_call UncommonTrapBlob}
  0x00007f1a1fb0ad00: c5f8 77e8 

  0x00007f1a1fb0ad04: ; ImmutableOopMap {[24]=Oop }
                      ;*ifle {reexecute=1 rethrow=0 return_oop=0}
                      ; - (reexecute) com.badlogic.gdx.graphics.Mesh::unbind@20 (line 399)
                      ; - com.badlogic.gdx.graphics.Mesh::unbind@3 (line 389)
                      ; - com.badlogic.gdx.graphics.Mesh::render@178 (line 501)
                      ; - com.badlogic.gdx.graphics.Mesh::render@10 (line 449)
                      ; - com.badlogic.gdx.graphics.g2d.SpriteBatch::flush@176 (line 975)
  0x00007f1a1fb0ad04: d80a 95ff 

  0x00007f1a1fb0ad08: ;   {post_call_nop}
  0x00007f1a1fb0ad08: 0f1f 8400 | 0014 0027 | be45 ffff | ff4c 8904 | 2489 5c24 | 0844 8954 | 240c 4489 | 4c24 1090 
  0x00007f1a1fb0ad28: ;   {runtime_call UncommonTrapBlob}
  0x00007f1a1fb0ad28: c5f8 77e8 

  0x00007f1a1fb0ad2c: ; ImmutableOopMap {rbp=NarrowOop [0]=Oop }
                      ;*ifnonnull {reexecute=1 rethrow=0 return_oop=0}
                      ; - (reexecute) org.lwjgl.opengl.GLContext::getCapabilities@5 (line 123)
                      ; - org.lwjgl.opengl.GL11::glBindTexture@0 (line 651)
                      ; - com.badlogic.gdx.backends.lwjgl.LwjglGL20::glBindTexture@2 (line 93)
                      ; - com.badlogic.gdx.graphics.GLTexture::bind@11 (line 66)
                      ; - com.badlogic.gdx.graphics.g2d.SpriteBatch::flush@58 (line 962)
  0x00007f1a1fb0ad2c: b00a 95ff 

  0x00007f1a1fb0ad30: ;   {post_call_nop}
  0x00007f1a1fb0ad30: 0f1f 8400 | 2814 0028 | 4533 db49 | 3bcb bdff | ffff ff7c | 0840 0f95 | c540 0fb6 | edbe 45ff 
  0x00007f1a1fb0ad50: ffff 4c89 | 0424 895c | 2408 4489 | 5424 0c44 | 894c 2410 | 4889 4c24 | 1866 6690 

  0x00007f1a1fb0ad6c: ;   {runtime_call UncommonTrapBlob}
  0x00007f1a1fb0ad6c: c5f8 77e8 

  0x00007f1a1fb0ad70: ; ImmutableOopMap {[0]=Oop }
                      ;*ifne {reexecute=1 rethrow=0 return_oop=0}
                      ; - (reexecute) org.lwjgl.BufferChecks::checkFunctionAddress@9 (line 57)
                      ; - org.lwjgl.opengl.GL11::glBindTexture@10 (line 653)
                      ; - com.badlogic.gdx.backends.lwjgl.LwjglGL20::glBindTexture@2 (line 93)
                      ; - com.badlogic.gdx.graphics.GLTexture::bind@11 (line 66)
                      ; - com.badlogic.gdx.graphics.g2d.SpriteBatch::flush@58 (line 962)
  0x00007f1a1fb0ad70: 6c0a 95ff 

  0x00007f1a1fb0ad74: ;   {post_call_nop}
  0x00007f1a1fb0ad74: 0f1f 8400 | 6c14 0029 | be45 ffff | ff4c 894c | 2408 894c | 2410 4889 | 5c24 1844 | 895c 2420 
  0x00007f1a1fb0ad94: 4489 4424 | 2448 897c | 2430 4889 | 7c24 3844 | 8954 244c 

  0x00007f1a1fb0ada8: ;   {runtime_call UncommonTrapBlob}
  0x00007f1a1fb0ada8: c5f8 77e8 

  0x00007f1a1fb0adac: ; ImmutableOopMap {[8]=Oop [16]=NarrowOop [24]=Oop [32]=NarrowOop [48]=Oop [56]=Oop }
                      ;*if_icmple {reexecute=1 rethrow=0 return_oop=0}
                      ; - (reexecute) java.nio.Buffer::limit@5 (line 378)
                      ; - java.nio.ByteBuffer::limit@2 (line 1590)
                      ; - java.nio.MappedByteBuffer::limit@2 (line 339)
                      ; - java.nio.MappedByteBuffer::limit@2 (line 74)
                      ; - com.badlogic.gdx.utils.BufferUtils::copy@11 (line 51)
                      ; - com.badlogic.gdx.graphics.glutils.VertexArray::setVertices@7 (line 84)
                      ; - com.badlogic.gdx.graphics.Mesh::setVertices@7 (line 197)
                      ; - com.badlogic.gdx.graphics.g2d.SpriteBatch::flush@76 (line 964)
  0x00007f1a1fb0adac: 300a 95ff 

  0x00007f1a1fb0adb0: ;   {post_call_nop}
  0x00007f1a1fb0adb0: 0f1f 8400 | a814 002a | be45 ffff | ff49 8be9 | 894c 2408 | 4889 5c24 | 1044 895c | 2418 4489 
  0x00007f1a1fb0add0: 4424 1c48 | 897c 2428 | 4889 7c24 | 3044 8954 | 2444 6690 

  0x00007f1a1fb0ade4: ;   {runtime_call UncommonTrapBlob}
  0x00007f1a1fb0ade4: c5f8 77e8 

  0x00007f1a1fb0ade8: ; ImmutableOopMap {rbp=Oop [8]=NarrowOop [16]=Oop [24]=NarrowOop [40]=Oop [48]=Oop }
                      ;*ifge {reexecute=1 rethrow=0 return_oop=0}
                      ; - (reexecute) java.nio.Buffer::limit@14 (line 378)
                      ; - java.nio.ByteBuffer::limit@2 (line 1590)
                      ; - java.nio.MappedByteBuffer::limit@2 (line 339)
                      ; - java.nio.MappedByteBuffer::limit@2 (line 74)
                      ; - com.badlogic.gdx.utils.BufferUtils::copy@11 (line 51)
                      ; - com.badlogic.gdx.graphics.glutils.VertexArray::setVertices@7 (line 84)
                      ; - com.badlogic.gdx.graphics.Mesh::setVertices@7 (line 197)
                      ; - com.badlogic.gdx.graphics.g2d.SpriteBatch::flush@76 (line 964)
  0x00007f1a1fb0ade8: f409 95ff 

  0x00007f1a1fb0adec: ;   {post_call_nop}
  0x00007f1a1fb0adec: 0f1f 8400 | e414 002b | be45 ffff | ff4c 894c | 2408 894c | 2410 4889 | 5c24 1844 | 895c 2420 
  0x00007f1a1fb0ae0c: 4489 4424 | 2448 897c | 2430 4889 | 7c24 3844 | 8954 244c 

  0x00007f1a1fb0ae20: ;   {runtime_call UncommonTrapBlob}
  0x00007f1a1fb0ae20: c5f8 77e8 

  0x00007f1a1fb0ae24: ; ImmutableOopMap {[8]=Oop [16]=NarrowOop [24]=Oop [32]=NarrowOop [48]=Oop [56]=Oop }
                      ;*if_icmple {reexecute=1 rethrow=0 return_oop=0}
                      ; - (reexecute) java.nio.Buffer::limit@42 (line 381)
                      ; - java.nio.ByteBuffer::limit@2 (line 1590)
                      ; - java.nio.MappedByteBuffer::limit@2 (line 339)
                      ; - java.nio.MappedByteBuffer::limit@2 (line 74)
                      ; - com.badlogic.gdx.utils.BufferUtils::copy@11 (line 51)
                      ; - com.badlogic.gdx.graphics.glutils.VertexArray::setVertices@7 (line 84)
                      ; - com.badlogic.gdx.graphics.Mesh::setVertices@7 (line 197)
                      ; - com.badlogic.gdx.graphics.g2d.SpriteBatch::flush@76 (line 964)
  0x00007f1a1fb0ae24: b809 95ff 

  0x00007f1a1fb0ae28: ;   {post_call_nop}
  0x00007f1a1fb0ae28: 0f1f 8400 | 2015 002c | be45 ffff | ff4c 894c | 2408 894c | 2410 4889 | 5c24 1844 | 895c 2420 
  0x00007f1a1fb0ae48: 4489 4424 | 2448 897c | 2430 4889 | 7c24 3844 | 8954 2448 

  0x00007f1a1fb0ae5c: ;   {runtime_call UncommonTrapBlob}
  0x00007f1a1fb0ae5c: c5f8 77e8 

  0x00007f1a1fb0ae60: ; ImmutableOopMap {[8]=Oop [16]=NarrowOop [24]=Oop [32]=NarrowOop [48]=Oop [56]=Oop }
                      ;*if_icmple {reexecute=1 rethrow=0 return_oop=0}
                      ; - (reexecute) java.nio.Buffer::limit@55 (line 382)
                      ; - java.nio.ByteBuffer::limit@2 (line 1590)
                      ; - java.nio.MappedByteBuffer::limit@2 (line 339)
                      ; - java.nio.MappedByteBuffer::limit@2 (line 74)
                      ; - com.badlogic.gdx.utils.BufferUtils::copy@11 (line 51)
                      ; - com.badlogic.gdx.graphics.glutils.VertexArray::setVertices@7 (line 84)
                      ; - com.badlogic.gdx.graphics.Mesh::setVertices@7 (line 197)
                      ; - com.badlogic.gdx.graphics.g2d.SpriteBatch::flush@76 (line 964)
  0x00007f1a1fb0ae60: 7c09 95ff 

  0x00007f1a1fb0ae64: ;   {post_call_nop}
  0x00007f1a1fb0ae64: 0f1f 8400 | 5c15 002d | be45 ffff | ff48 ff74 | 2410 488f | 4424 0848 | 8944 24f8 | 8b44 2418 
  0x00007f1a1fb0ae84: 8944 2414 | 488b 4424 | f84c 8954 | 2428 4c89 | 5424 3090 

  0x00007f1a1fb0ae98: ;   {runtime_call UncommonTrapBlob}
  0x00007f1a1fb0ae98: c5f8 77e8 

  0x00007f1a1fb0ae9c: ; ImmutableOopMap {[4]=NarrowOop [8]=Oop [32]=Oop [40]=Oop [48]=Oop }
                      ;*if_icmple {reexecute=1 rethrow=0 return_oop=0}
                      ; - (reexecute) java.nio.Buffer::position@5 (line 325)
                      ; - java.nio.ByteBuffer::position@2 (line 1576)
                      ; - java.nio.MappedByteBuffer::position@2 (line 329)
                      ; - java.nio.MappedByteBuffer::position@2 (line 74)
                      ; - com.badlogic.gdx.utils.BufferUtils::copy@40 (line 55)
                      ; - com.badlogic.gdx.graphics.glutils.VertexArray::setVertices@7 (line 84)
                      ; - com.badlogic.gdx.graphics.Mesh::setVertices@7 (line 197)
                      ; - com.badlogic.gdx.graphics.g2d.SpriteBatch::flush@76 (line 964)
  0x00007f1a1fb0ae9c: 4009 95ff 

  0x00007f1a1fb0aea0: ;   {post_call_nop}
  0x00007f1a1fb0aea0: 0f1f 8400 | 9815 002e | be45 ffff | ff48 ff74 | 2410 488f | 4424 0848 | 8944 24f8 | 8b44 2418 
  0x00007f1a1fb0aec0: 8944 2414 | 488b 4424 | f84c 8954 | 2428 4c89 | 5424 3090 

  0x00007f1a1fb0aed4: ;   {runtime_call UncommonTrapBlob}
  0x00007f1a1fb0aed4: c5f8 77e8 

  0x00007f1a1fb0aed8: ; ImmutableOopMap {[4]=NarrowOop [8]=Oop [32]=Oop [40]=Oop [48]=Oop }
                      ;*if_icmple {reexecute=1 rethrow=0 return_oop=0}
                      ; - (reexecute) java.nio.Buffer::position@37 (line 327)
                      ; - java.nio.ByteBuffer::position@2 (line 1576)
                      ; - java.nio.MappedByteBuffer::position@2 (line 329)
                      ; - java.nio.MappedByteBuffer::position@2 (line 74)
                      ; - com.badlogic.gdx.utils.BufferUtils::copy@40 (line 55)
                      ; - com.badlogic.gdx.graphics.glutils.VertexArray::setVertices@7 (line 84)
                      ; - com.badlogic.gdx.graphics.Mesh::setVertices@7 (line 197)
                      ; - com.badlogic.gdx.graphics.g2d.SpriteBatch::flush@76 (line 964)
  0x00007f1a1fb0aed8: 0409 95ff 

  0x00007f1a1fb0aedc: ;   {post_call_nop}
  0x00007f1a1fb0aedc: 0f1f 8400 | d415 002f | be45 ffff | ff48 ff74 | 2410 488f | 4424 0848 | 8944 24f8 | 8b44 2418 
  0x00007f1a1fb0aefc: 8944 2414 | 488b 4424 | f844 8944 | 241c 6690 

  0x00007f1a1fb0af0c: ;   {runtime_call UncommonTrapBlob}
  0x00007f1a1fb0af0c: c5f8 77e8 

  0x00007f1a1fb0af10: ; ImmutableOopMap {[4]=NarrowOop [8]=Oop [28]=NarrowOop [32]=Oop }
                      ;*if_icmple {reexecute=1 rethrow=0 return_oop=0}
                      ; - (reexecute) java.nio.Buffer::position@5 (line 325)
                      ; - java.nio.FloatBuffer::position@2 (line 1576)
                      ; - java.nio.FloatBuffer::position@2 (line 292)
                      ; - com.badlogic.gdx.graphics.glutils.VertexArray::setVertices@15 (line 85)
                      ; - com.badlogic.gdx.graphics.Mesh::setVertices@7 (line 197)
                      ; - com.badlogic.gdx.graphics.g2d.SpriteBatch::flush@76 (line 964)
  0x00007f1a1fb0af10: cc08 95ff 

  0x00007f1a1fb0af14: ;   {post_call_nop}
  0x00007f1a1fb0af14: 0f1f 8400 | 0c16 0030 | be45 ffff | ff48 8b6c | 2410 4c89 | 5424 1048 | 8944 24f8 | 8b44 2418 
  0x00007f1a1fb0af34: 8944 240c | 488b 4424 | f844 8944 | 241c 894c | 2420 6690 

  0x00007f1a1fb0af48: ;   {runtime_call UncommonTrapBlob}
  0x00007f1a1fb0af48: c5f8 77e8 

  0x00007f1a1fb0af4c: ; ImmutableOopMap {rbp=Oop [4]=NarrowOop [16]=Oop [28]=NarrowOop }
                      ;*if_icmple {reexecute=1 rethrow=0 return_oop=0}
                      ; - (reexecute) java.nio.Buffer::position@37 (line 327)
                      ; - java.nio.FloatBuffer::position@2 (line 1576)
                      ; - java.nio.FloatBuffer::position@2 (line 292)
                      ; - com.badlogic.gdx.graphics.glutils.VertexArray::setVertices@15 (line 85)
                      ; - com.badlogic.gdx.graphics.Mesh::setVertices@7 (line 197)
                      ; - com.badlogic.gdx.graphics.g2d.SpriteBatch::flush@76 (line 964)
  0x00007f1a1fb0af4c: 9008 95ff 

  0x00007f1a1fb0af50: ;   {post_call_nop}
  0x00007f1a1fb0af50: 0f1f 8400 | 4816 0031 | be45 ffff | ff48 ff74 | 2410 488f | 4424 0844 | 8944 2418 | 4489 5c24 
  0x00007f1a1fb0af70: 2066 6690 

  0x00007f1a1fb0af74: ;   {runtime_call UncommonTrapBlob}
  0x00007f1a1fb0af74: c5f8 77e8 

  0x00007f1a1fb0af78: ; ImmutableOopMap {[4]=NarrowOop [8]=Oop [24]=NarrowOop }
                      ;*if_icmple {reexecute=1 rethrow=0 return_oop=0}
                      ; - (reexecute) java.nio.Buffer::limit@5 (line 378)
                      ; - java.nio.FloatBuffer::limit@2 (line 1590)
                      ; - java.nio.FloatBuffer::limit@2 (line 292)
                      ; - com.badlogic.gdx.graphics.glutils.VertexArray::setVertices@24 (line 86)
                      ; - com.badlogic.gdx.graphics.Mesh::setVertices@7 (line 197)
                      ; - com.badlogic.gdx.graphics.g2d.SpriteBatch::flush@76 (line 964)
  0x00007f1a1fb0af78: 6408 95ff 

  0x00007f1a1fb0af7c: ;   {post_call_nop}
  0x00007f1a1fb0af7c: 0f1f 8400 | 7416 0032 | be45 ffff | ff48 8b6c | 2410 4489 | 4424 1090 

  0x00007f1a1fb0af94: ;   {runtime_call UncommonTrapBlob}
  0x00007f1a1fb0af94: c5f8 77e8 

  0x00007f1a1fb0af98: ; ImmutableOopMap {rbp=Oop [4]=NarrowOop [16]=NarrowOop }
                      ;*ifge {reexecute=1 rethrow=0 return_oop=0}
                      ; - (reexecute) java.nio.Buffer::limit@14 (line 378)
                      ; - java.nio.FloatBuffer::limit@2 (line 1590)
                      ; - java.nio.FloatBuffer::limit@2 (line 292)
                      ; - com.badlogic.gdx.graphics.glutils.VertexArray::setVertices@24 (line 86)
                      ; - com.badlogic.gdx.graphics.Mesh::setVertices@7 (line 197)
                      ; - com.badlogic.gdx.graphics.g2d.SpriteBatch::flush@76 (line 964)
  0x00007f1a1fb0af98: 4408 95ff 

  0x00007f1a1fb0af9c: ;   {post_call_nop}
  0x00007f1a1fb0af9c: 0f1f 8400 | 9416 0033 | be45 ffff | ff48 8b6c | 2410 4489 | 4424 1089 | 4c24 1490 

  0x00007f1a1fb0afb8: ;   {runtime_call UncommonTrapBlob}
  0x00007f1a1fb0afb8: c5f8 77e8 

  0x00007f1a1fb0afbc: ; ImmutableOopMap {rbp=Oop [4]=NarrowOop [16]=NarrowOop }
                      ;*if_icmple {reexecute=1 rethrow=0 return_oop=0}
                      ; - (reexecute) java.nio.Buffer::limit@55 (line 382)
                      ; - java.nio.FloatBuffer::limit@2 (line 1590)
                      ; - java.nio.FloatBuffer::limit@2 (line 292)
                      ; - com.badlogic.gdx.graphics.glutils.VertexArray::setVertices@24 (line 86)
                      ; - com.badlogic.gdx.graphics.Mesh::setVertices@7 (line 197)
                      ; - com.badlogic.gdx.graphics.g2d.SpriteBatch::flush@76 (line 964)
  0x00007f1a1fb0afbc: 2008 95ff 

  0x00007f1a1fb0afc0: ;   {post_call_nop}
  0x00007f1a1fb0afc0: 0f1f 8400 | b816 0034 | be45 ffff | ff48 ff74 | 2410 488f | 4424 0844 | 8944 2414 

  0x00007f1a1fb0afdc: ;   {runtime_call UncommonTrapBlob}
  0x00007f1a1fb0afdc: c5f8 77e8 

  0x00007f1a1fb0afe0: ; ImmutableOopMap {[4]=NarrowOop [8]=Oop [20]=NarrowOop }
                      ;*if_icmple {reexecute=1 rethrow=0 return_oop=0}
                      ; - (reexecute) java.nio.Buffer::position@5 (line 325)
                      ; - java.nio.ShortBuffer::position@2 (line 1576)
                      ; - java.nio.ShortBuffer::position@2 (line 292)
                      ; - com.badlogic.gdx.graphics.g2d.SpriteBatch::flush@85 (line 965)
  0x00007f1a1fb0afe0: fc07 95ff 

  0x00007f1a1fb0afe4: ;   {post_call_nop}
  0x00007f1a1fb0afe4: 0f1f 8400 | dc16 0035 | be45 ffff | ff48 8b6c | 2410 4489 | 4424 0c89 | 4c24 1090 

  0x00007f1a1fb0b000: ;   {runtime_call UncommonTrapBlob}
  0x00007f1a1fb0b000: c5f8 77e8 

  0x00007f1a1fb0b004: ; ImmutableOopMap {rbp=Oop [4]=NarrowOop [12]=NarrowOop }
                      ;*if_icmple {reexecute=1 rethrow=0 return_oop=0}
                      ; - (reexecute) java.nio.Buffer::position@37 (line 327)
                      ; - java.nio.ShortBuffer::position@2 (line 1576)
                      ; - java.nio.ShortBuffer::position@2 (line 292)
                      ; - com.badlogic.gdx.graphics.g2d.SpriteBatch::flush@85 (line 965)
  0x00007f1a1fb0b004: d807 95ff 

  0x00007f1a1fb0b008: ;   {post_call_nop}
  0x00007f1a1fb0b008: 0f1f 8400 | 0017 0036 | be45 ffff | ff48 ff74 | 2410 488f | 0424 4489 | 5c24 0c44 | 8944 2414 
  0x00007f1a1fb0b028: 4489 5424 | 1844 8954 | 241c 6690 

  0x00007f1a1fb0b034: ;   {runtime_call UncommonTrapBlob}
  0x00007f1a1fb0b034: c5f8 77e8 

  0x00007f1a1fb0b038: ; ImmutableOopMap {[0]=Oop [12]=NarrowOop [20]=NarrowOop }
                      ;*if_icmple {reexecute=1 rethrow=0 return_oop=0}
                      ; - (reexecute) java.nio.Buffer::limit@5 (line 378)
                      ; - java.nio.ShortBuffer::limit@2 (line 1590)
                      ; - java.nio.ShortBuffer::limit@2 (line 292)
                      ; - com.badlogic.gdx.graphics.g2d.SpriteBatch::flush@94 (line 966)
  0x00007f1a1fb0b038: a407 95ff 

  0x00007f1a1fb0b03c: ;   {post_call_nop}
  0x00007f1a1fb0b03c: 0f1f 8400 | 3417 0037 | be45 ffff | ff48 8b6c | 2410 4489 | 4424 0c90 

  0x00007f1a1fb0b054: ;   {runtime_call UncommonTrapBlob}
  0x00007f1a1fb0b054: c5f8 77e8 

  0x00007f1a1fb0b058: ; ImmutableOopMap {rbp=Oop [4]=NarrowOop [12]=NarrowOop }
                      ;*ifge {reexecute=1 rethrow=0 return_oop=0}
                      ; - (reexecute) java.nio.Buffer::limit@14 (line 378)
                      ; - java.nio.ShortBuffer::limit@2 (line 1590)
                      ; - java.nio.ShortBuffer::limit@2 (line 292)
                      ; - com.badlogic.gdx.graphics.g2d.SpriteBatch::flush@94 (line 966)
  0x00007f1a1fb0b058: 8407 95ff 

  0x00007f1a1fb0b05c: ;   {post_call_nop}
  0x00007f1a1fb0b05c: 0f1f 8400 | 5417 0038 | be45 ffff | ff48 8b6c | 2410 4489 | 4424 0c89 | 4c24 1090 

  0x00007f1a1fb0b078: ;   {runtime_call UncommonTrapBlob}
  0x00007f1a1fb0b078: c5f8 77e8 

  0x00007f1a1fb0b07c: ; ImmutableOopMap {rbp=Oop [4]=NarrowOop [12]=NarrowOop }
                      ;*if_icmple {reexecute=1 rethrow=0 return_oop=0}
                      ; - (reexecute) java.nio.Buffer::limit@55 (line 382)
                      ; - java.nio.ShortBuffer::limit@2 (line 1590)
                      ; - java.nio.ShortBuffer::limit@2 (line 292)
                      ; - com.badlogic.gdx.graphics.g2d.SpriteBatch::flush@94 (line 966)
  0x00007f1a1fb0b07c: 6007 95ff 

  0x00007f1a1fb0b080: ;   {post_call_nop}
  0x00007f1a1fb0b080: 0f1f 8400 | 7817 0039 | be45 ffff | ff44 8954 | 2408 4489 | 5c24 0c90 

  0x00007f1a1fb0b098: ;   {runtime_call UncommonTrapBlob}
  0x00007f1a1fb0b098: c5f8 77e8 

  0x00007f1a1fb0b09c: ; ImmutableOopMap {[12]=NarrowOop [16]=Oop }
                      ;*ifeq {reexecute=1 rethrow=0 return_oop=0}
                      ; - (reexecute) com.badlogic.gdx.graphics.g2d.SpriteBatch::flush@102 (line 968)
  0x00007f1a1fb0b09c: 4007 95ff 

  0x00007f1a1fb0b0a0: ;   {post_call_nop}
  0x00007f1a1fb0b0a0: 0f1f 8400 | 9817 003a | be45 ffff | ff44 8954 | 2408 4489 | 5c24 0c90 

  0x00007f1a1fb0b0b8: ;   {runtime_call UncommonTrapBlob}
  0x00007f1a1fb0b0b8: c5f8 77e8 

  0x00007f1a1fb0b0bc: ; ImmutableOopMap {rbp=NarrowOop [12]=NarrowOop [16]=Oop }
                      ;*ifnonnull {reexecute=1 rethrow=0 return_oop=0}
                      ; - (reexecute) org.lwjgl.opengl.GLContext::getCapabilities@5 (line 123)
                      ; - org.lwjgl.opengl.GL11::glEnable@0 (line 1012)
                      ; - com.badlogic.gdx.backends.lwjgl.LwjglGL20::glEnable@1 (line 292)
                      ; - com.badlogic.gdx.graphics.g2d.SpriteBatch::flush@125 (line 971)
  0x00007f1a1fb0b0bc: 2007 95ff 

  0x00007f1a1fb0b0c0: ;   {post_call_nop}
  0x00007f1a1fb0b0c0: 0f1f 8400 | b817 003b | 4533 c049 | 3bd0 bdff | ffff ff7c | 0840 0f95 | c540 0fb6 | edbe 45ff 
  0x00007f1a1fb0b0e0: ffff 4889 | 0c24 4489 | 5424 0844 | 895c 240c | 4889 5424 | 1066 6690 

  0x00007f1a1fb0b0f8: ;   {runtime_call UncommonTrapBlob}
  0x00007f1a1fb0b0f8: c5f8 77e8 

  0x00007f1a1fb0b0fc: ; ImmutableOopMap {[0]=Oop [12]=NarrowOop }
                      ;*ifne {reexecute=1 rethrow=0 return_oop=0}
                      ; - (reexecute) org.lwjgl.BufferChecks::checkFunctionAddress@9 (line 57)
                      ; - org.lwjgl.opengl.GL11::glEnable@10 (line 1014)
                      ; - com.badlogic.gdx.backends.lwjgl.LwjglGL20::glEnable@1 (line 292)
                      ; - com.badlogic.gdx.graphics.g2d.SpriteBatch::flush@125 (line 971)
  0x00007f1a1fb0b0fc: e006 95ff 

  0x00007f1a1fb0b100: ;   {post_call_nop}
  0x00007f1a1fb0b100: 0f1f 8400 | f817 003c | be45 ffff | ff44 8944 | 2408 6690 

  0x00007f1a1fb0b114: ;   {runtime_call UncommonTrapBlob}
  0x00007f1a1fb0b114: c5f8 77e8 

  0x00007f1a1fb0b118: ; ImmutableOopMap {rbp=Oop [4]=NarrowOop }
                      ;*if_icmpeq {reexecute=1 rethrow=0 return_oop=0}
                      ; - (reexecute) com.badlogic.gdx.graphics.g2d.SpriteBatch::flush@135 (line 972)
  0x00007f1a1fb0b118: c406 95ff 

  0x00007f1a1fb0b11c: ;   {post_call_nop}
  0x00007f1a1fb0b11c: 0f1f 8400 | 1418 003d | be45 ffff | ff4c 894c | 2408 4489 | 4424 1044 | 8954 2414 

  0x00007f1a1fb0b138: ;   {runtime_call UncommonTrapBlob}
  0x00007f1a1fb0b138: c5f8 77e8 

  0x00007f1a1fb0b13c: ; ImmutableOopMap {rbp=NarrowOop [4]=NarrowOop [8]=Oop }
                      ;*ifnonnull {reexecute=1 rethrow=0 return_oop=0}
                      ; - (reexecute) org.lwjgl.opengl.GLContext::getCapabilities@5 (line 123)
                      ; - org.lwjgl.opengl.GL11::glBlendFunc@0 (line 624)
                      ; - com.badlogic.gdx.backends.lwjgl.LwjglGL20::glBlendFunc@2 (line 109)
                      ; - com.badlogic.gdx.graphics.g2d.SpriteBatch::flush@149 (line 972)
  0x00007f1a1fb0b13c: a006 95ff 

  0x00007f1a1fb0b140: ;   {post_call_nop}
  0x00007f1a1fb0b140: 0f1f 8400 | 3818 003e | 4533 db49 | 3bcb bdff | ffff ff7c | 0840 0f95 | c540 0fb6 | edbe 45ff 
  0x00007f1a1fb0b160: ffff 4c89 | 4c24 0844 | 8944 2410 | 4489 5424 | 1448 894c | 2418 6690 

  0x00007f1a1fb0b178: ;   {runtime_call UncommonTrapBlob}
  0x00007f1a1fb0b178: c5f8 77e8 

  0x00007f1a1fb0b17c: ; ImmutableOopMap {[4]=NarrowOop [8]=Oop }
                      ;*ifne {reexecute=1 rethrow=0 return_oop=0}
                      ; - (reexecute) org.lwjgl.BufferChecks::checkFunctionAddress@9 (line 57)
                      ; - org.lwjgl.opengl.GL11::glBlendFunc@10 (line 626)
                      ; - com.badlogic.gdx.backends.lwjgl.LwjglGL20::glBlendFunc@2 (line 109)
                      ; - com.badlogic.gdx.graphics.g2d.SpriteBatch::flush@149 (line 972)
  0x00007f1a1fb0b17c: 6006 95ff 

  0x00007f1a1fb0b180: ;   {post_call_nop}
  0x00007f1a1fb0b180: 0f1f 8400 | 7818 003f | be45 ffff | ff89 4c24 | 0866 6690 

  0x00007f1a1fb0b194: ;   {runtime_call UncommonTrapBlob}
  0x00007f1a1fb0b194: c5f8 77e8 

  0x00007f1a1fb0b198: ; ImmutableOopMap {rbp=Oop [4]=NarrowOop [8]=NarrowOop }
                      ;*ifnull {reexecute=1 rethrow=0 return_oop=0}
                      ; - (reexecute) com.badlogic.gdx.graphics.g2d.SpriteBatch::flush@159 (line 975)
  0x00007f1a1fb0b198: 4406 95ff 

  0x00007f1a1fb0b19c: ;   {post_call_nop}
  0x00007f1a1fb0b19c: 0f1f 8400 | 9418 0040 | be45 ffff | ff66 6690 

  0x00007f1a1fb0b1ac: ;   {runtime_call UncommonTrapBlob}
  0x00007f1a1fb0b1ac: c5f8 77e8 

  0x00007f1a1fb0b1b0: ; ImmutableOopMap {rbp=Oop }
                      ;*ifne {reexecute=1 rethrow=0 return_oop=0}
                      ; - (reexecute) com.badlogic.gdx.graphics.Mesh::render@2 (line 477)
                      ; - com.badlogic.gdx.graphics.Mesh::render@10 (line 449)
                      ; - com.badlogic.gdx.graphics.g2d.SpriteBatch::flush@176 (line 975)
  0x00007f1a1fb0b1b0: 2c06 95ff 

  0x00007f1a1fb0b1b4: ;   {post_call_nop}
  0x00007f1a1fb0b1b4: 0f1f 8400 | ac18 0041 | be45 ffff | ff44 8904 | 2489 4c24 | 0444 894c | 2408 895c | 2410 6690 
  0x00007f1a1fb0b1d4: ;   {runtime_call UncommonTrapBlob}
  0x00007f1a1fb0b1d4: c5f8 77e8 

  0x00007f1a1fb0b1d8: ; ImmutableOopMap {rbp=Oop [0]=NarrowOop [4]=NarrowOop }
                      ;*ifeq {reexecute=1 rethrow=0 return_oop=0}
                      ; - (reexecute) com.badlogic.gdx.graphics.Mesh::render@8 (line 479)
                      ; - com.badlogic.gdx.graphics.Mesh::render@10 (line 449)
                      ; - com.badlogic.gdx.graphics.g2d.SpriteBatch::flush@176 (line 975)
  0x00007f1a1fb0b1d8: 0406 95ff 

  0x00007f1a1fb0b1dc: ;   {post_call_nop}
  0x00007f1a1fb0b1dc: 0f1f 8400 | d418 0042 | be45 ffff | ff48 ff74 | 2418 488f | 4424 1090 

  0x00007f1a1fb0b1f4: ;   {runtime_call UncommonTrapBlob}
  0x00007f1a1fb0b1f4: c5f8 77e8 

  0x00007f1a1fb0b1f8: ; ImmutableOopMap {[4]=NarrowOop [8]=NarrowOop [16]=Oop }
                      ;*ifeq {reexecute=1 rethrow=0 return_oop=0}
                      ; - (reexecute) com.badlogic.gdx.graphics.glutils.IndexArray::getNumIndices@4 (line 49)
                      ; - com.badlogic.gdx.graphics.Mesh::bind@15 (line 381)
                      ; - com.badlogic.gdx.graphics.Mesh::bind@3 (line 371)
                      ; - com.badlogic.gdx.graphics.Mesh::render@13 (line 479)
                      ; - com.badlogic.gdx.graphics.Mesh::render@10 (line 449)
                      ; - com.badlogic.gdx.graphics.g2d.SpriteBatch::flush@176 (line 975)
  0x00007f1a1fb0b1f8: e405 95ff 

  0x00007f1a1fb0b1fc: ;   {post_call_nop}
  0x00007f1a1fb0b1fc: 0f1f 8400 | f418 0043 | be45 ffff | ff66 6690 

  0x00007f1a1fb0b20c: ;   {runtime_call UncommonTrapBlob}
  0x00007f1a1fb0b20c: c5f8 77e8 

  0x00007f1a1fb0b210: ; ImmutableOopMap {[4]=NarrowOop [8]=NarrowOop [24]=Oop }
                      ;*ifeq {reexecute=1 rethrow=0 return_oop=0}
                      ; - (reexecute) com.badlogic.gdx.graphics.Mesh::render@20 (line 481)
                      ; - com.badlogic.gdx.graphics.Mesh::render@10 (line 449)
                      ; - com.badlogic.gdx.graphics.g2d.SpriteBatch::flush@176 (line 975)
  0x00007f1a1fb0b210: cc05 95ff 

  0x00007f1a1fb0b214: ;   {post_call_nop}
  0x00007f1a1fb0b214: 0f1f 8400 | 0c19 0044 | be45 ffff | ff48 8b6c | 2418 4489 | 5424 1444 | 8944 241c | 4489 4424 
  0x00007f1a1fb0b234: 2089 5c24 | 2466 6690 

  0x00007f1a1fb0b23c: ;   {runtime_call UncommonTrapBlob}
  0x00007f1a1fb0b23c: c5f8 77e8 

  0x00007f1a1fb0b240: ; ImmutableOopMap {rbp=Oop [4]=NarrowOop [8]=NarrowOop [28]=NarrowOop [32]=NarrowOop }
                      ;*if_icmple {reexecute=1 rethrow=0 return_oop=0}
                      ; - (reexecute) java.nio.Buffer::position@5 (line 325)
                      ; - java.nio.ShortBuffer::position@2 (line 1576)
                      ; - java.nio.ShortBuffer::position@2 (line 292)
                      ; - com.badlogic.gdx.graphics.Mesh::render@63 (line 486)
                      ; - com.badlogic.gdx.graphics.Mesh::render@10 (line 449)
                      ; - com.badlogic.gdx.graphics.g2d.SpriteBatch::flush@176 (line 975)
  0x00007f1a1fb0b240: 9c05 95ff 

  0x00007f1a1fb0b244: ;   {post_call_nop}
  0x00007f1a1fb0b244: 0f1f 8400 | 3c19 0045 | be45 ffff | ff48 8b6c | 2418 4489 | 5424 1489 | 5c24 1844 | 8944 241c 
  0x00007f1a1fb0b264: 4489 4424 | 2089 4c24 | 2466 6690 

  0x00007f1a1fb0b270: ;   {runtime_call UncommonTrapBlob}
  0x00007f1a1fb0b270: c5f8 77e8 

  0x00007f1a1fb0b274: ; ImmutableOopMap {rbp=Oop [4]=NarrowOop [8]=NarrowOop [28]=NarrowOop [32]=NarrowOop }
                      ;*if_icmple {reexecute=1 rethrow=0 return_oop=0}
                      ; - (reexecute) java.nio.Buffer::position@37 (line 327)
                      ; - java.nio.ShortBuffer::position@2 (line 1576)
                      ; - java.nio.ShortBuffer::position@2 (line 292)
                      ; - com.badlogic.gdx.graphics.Mesh::render@63 (line 486)
                      ; - com.badlogic.gdx.graphics.Mesh::render@10 (line 449)
                      ; - com.badlogic.gdx.graphics.g2d.SpriteBatch::flush@176 (line 975)
  0x00007f1a1fb0b274: 6805 95ff 

  0x00007f1a1fb0b278: ;   {post_call_nop}
  0x00007f1a1fb0b278: 0f1f 8400 | 7019 0046 | be45 ffff | ff48 ff74 | 2418 488f | 4424 1048 | 8944 24f8 | 8b44 2424 
  0x00007f1a1fb0b298: 8944 241c | 488b 4424 | f844 8944 | 2424 4489 | 4424 2890 

  0x00007f1a1fb0b2ac: ;   {runtime_call UncommonTrapBlob}
  0x00007f1a1fb0b2ac: c5f8 77e8 

  0x00007f1a1fb0b2b0: ; ImmutableOopMap {[4]=NarrowOop [8]=NarrowOop [16]=Oop [36]=NarrowOop [40]=NarrowOop }
                      ;*if_icmple {reexecute=1 rethrow=0 return_oop=0}
                      ; - (reexecute) java.nio.Buffer::limit@5 (line 378)
                      ; - java.nio.ShortBuffer::limit@2 (line 1590)
                      ; - java.nio.ShortBuffer::limit@2 (line 292)
                      ; - com.badlogic.gdx.graphics.Mesh::render@73 (line 487)
                      ; - com.badlogic.gdx.graphics.Mesh::render@10 (line 449)
                      ; - com.badlogic.gdx.graphics.g2d.SpriteBatch::flush@176 (line 975)
  0x00007f1a1fb0b2b0: 2c05 95ff 

  0x00007f1a1fb0b2b4: ;   {post_call_nop}
  0x00007f1a1fb0b2b4: 0f1f 8400 | ac19 0047 | be45 ffff | ff48 8b6c | 2418 4489 | 1c24 4889 | 4424 f88b | 4424 0889 
  0x00007f1a1fb0b2d4: 4424 0448 | 8b44 24f8 | 4889 4424 | f88b 4424 | 2489 4424 | 1448 8b44 | 24f8 895c | 2418 4489 
  0x00007f1a1fb0b2f4: 4424 1c44 | 8944 2420 | 894c 2424 | 4489 5424 | 2866 6690 

  0x00007f1a1fb0b308: ;   {runtime_call UncommonTrapBlob}
  0x00007f1a1fb0b308: c5f8 77e8 

  0x00007f1a1fb0b30c: ; ImmutableOopMap {rbp=Oop [0]=NarrowOop [4]=NarrowOop [28]=NarrowOop [32]=NarrowOop }
                      ;*if_icmple {reexecute=1 rethrow=0 return_oop=0}
                      ; - (reexecute) java.nio.Buffer::limit@55 (line 382)
                      ; - java.nio.ShortBuffer::limit@2 (line 1590)
                      ; - java.nio.ShortBuffer::limit@2 (line 292)
                      ; - com.badlogic.gdx.graphics.Mesh::render@73 (line 487)
                      ; - com.badlogic.gdx.graphics.Mesh::render@10 (line 449)
                      ; - com.badlogic.gdx.graphics.g2d.SpriteBatch::flush@176 (line 975)
  0x00007f1a1fb0b30c: d004 95ff 

  0x00007f1a1fb0b310: ;   {post_call_nop}
  0x00007f1a1fb0b310: 0f1f 8400 | 081a 0048 | be45 ffff | ff48 8b6c | 2418 895c | 2414 4489 | 5c24 2090 

  0x00007f1a1fb0b32c: ;   {runtime_call UncommonTrapBlob}
  0x00007f1a1fb0b32c: c5f8 77e8 

  0x00007f1a1fb0b330: ; ImmutableOopMap {rbp=Oop [0]=NarrowOop [4]=NarrowOop [8]=NarrowOop [32]=NarrowOop }
                      ;*ifnonnull {reexecute=1 rethrow=0 return_oop=0}
                      ; - (reexecute) org.lwjgl.opengl.GLContext::getCapabilities@5 (line 123)
                      ; - org.lwjgl.opengl.GL11::glDrawElements@0 (line 1105)
                      ; - com.badlogic.gdx.backends.lwjgl.LwjglGL20::glDrawElements@21 (line 281)
                      ; - com.badlogic.gdx.graphics.Mesh::render@88 (line 488)
                      ; - com.badlogic.gdx.graphics.Mesh::render@10 (line 449)
                      ; - com.badlogic.gdx.graphics.g2d.SpriteBatch::flush@176 (line 975)
  0x00007f1a1fb0b330: ac04 95ff 

  0x00007f1a1fb0b334: ;   {post_call_nop}
  0x00007f1a1fb0b334: 0f1f 8400 | 2c1a 0049 | 4533 d24d | 3bca bdff | ffff ff7c | 0840 0f95 | c540 0fb6 | edbe 45ff 
  0x00007f1a1fb0b354: ffff 48ff | 7424 1848 | 8f44 2410 | 4889 4424 | f88b 4424 | 2489 4424 | 1848 8b44 | 24f8 895c 
  0x00007f1a1fb0b374: 241c 4489 | 5c24 244c | 894c 2428 

  0x00007f1a1fb0b380: ;   {runtime_call UncommonTrapBlob}
  0x00007f1a1fb0b380: c5f8 77e8 

  0x00007f1a1fb0b384: ; ImmutableOopMap {[0]=NarrowOop [4]=NarrowOop [8]=NarrowOop [16]=Oop [36]=NarrowOop }
                      ;*ifne {reexecute=1 rethrow=0 return_oop=0}
                      ; - (reexecute) org.lwjgl.BufferChecks::checkFunctionAddress@9 (line 57)
                      ; - org.lwjgl.opengl.GL11::glDrawElements@10 (line 1107)
                      ; - com.badlogic.gdx.backends.lwjgl.LwjglGL20::glDrawElements@21 (line 281)
                      ; - com.badlogic.gdx.graphics.Mesh::render@88 (line 488)
                      ; - com.badlogic.gdx.graphics.Mesh::render@10 (line 449)
                      ; - com.badlogic.gdx.graphics.g2d.SpriteBatch::flush@176 (line 975)
  0x00007f1a1fb0b384: 5804 95ff 

  0x00007f1a1fb0b388: ;   {post_call_nop}
  0x00007f1a1fb0b388: 0f1f 8400 | 801a 004a | be45 ffff | ff48 ff74 | 2418 488f | 4424 1089 | 5c24 1c4c | 894c 2428 
  0x00007f1a1fb0b3a8: ;   {runtime_call UncommonTrapBlob}
  0x00007f1a1fb0b3a8: c5f8 77e8 

  0x00007f1a1fb0b3ac: ; ImmutableOopMap {[0]=NarrowOop [4]=NarrowOop [8]=NarrowOop [16]=Oop }
                      ;*ifeq {reexecute=1 rethrow=0 return_oop=0}
                      ; - (reexecute) org.lwjgl.opengl.GLChecks::ensureElementVBOdisabled@10 (line 82)
                      ; - org.lwjgl.opengl.GL11::glDrawElements@14 (line 1108)
                      ; - com.badlogic.gdx.backends.lwjgl.LwjglGL20::glDrawElements@21 (line 281)
                      ; - com.badlogic.gdx.graphics.Mesh::render@88 (line 488)
                      ; - com.badlogic.gdx.graphics.Mesh::render@10 (line 449)
                      ; - com.badlogic.gdx.graphics.g2d.SpriteBatch::flush@176 (line 975)
  0x00007f1a1fb0b3ac: 3004 95ff 

  0x00007f1a1fb0b3b0: ;   {post_call_nop}
  0x00007f1a1fb0b3b0: 0f1f 8400 | a81a 004b | be45 ffff | ff48 ff74 | 2418 488f | 4424 1048 | 8944 24f8 | 8b44 2404 
  0x00007f1a1fb0b3d0: 8904 2448 | 8b44 24f8 | 4889 4424 | f88b 4424 | 0889 4424 | 0448 8b44 | 24f8 4889 | 4424 f88b 
  0x00007f1a1fb0b3f0: 4424 0c89 | 4424 0848 | 8b44 24f8 | 4889 4424 | f88b 4424 | 2089 4424 | 1848 8b44 | 24f8 4489 
  0x00007f1a1fb0b410: 5424 1c44 | 8954 2420 

  0x00007f1a1fb0b418: ;   {runtime_call UncommonTrapBlob}
  0x00007f1a1fb0b418: c5f8 77e8 

  0x00007f1a1fb0b41c: ; ImmutableOopMap {[0]=NarrowOop [4]=NarrowOop [16]=Oop [28]=NarrowOop [32]=NarrowOop }
                      ;*if_icmple {reexecute=1 rethrow=0 return_oop=0}
                      ; - (reexecute) java.nio.Buffer::position@5 (line 325)
                      ; - java.nio.ShortBuffer::position@2 (line 1576)
                      ; - java.nio.ShortBuffer::position@2 (line 292)
                      ; - com.badlogic.gdx.graphics.Mesh::render@97 (line 489)
                      ; - com.badlogic.gdx.graphics.Mesh::render@10 (line 449)
                      ; - com.badlogic.gdx.graphics.g2d.SpriteBatch::flush@176 (line 975)
  0x00007f1a1fb0b41c: c003 95ff 

  0x00007f1a1fb0b420: ;   {post_call_nop}
  0x00007f1a1fb0b420: 0f1f 8400 | 181b 004c | be45 ffff | ff48 8b6c | 2418 4889 | 4424 f88b | 4424 0489 | 0424 488b 
  0x00007f1a1fb0b440: 4424 f848 | 8944 24f8 | 8b44 2408 | 8944 2404 | 488b 4424 | f848 8944 | 24f8 8b44 | 240c 8944 
  0x00007f1a1fb0b460: 2408 488b | 4424 f848 | 8944 24f8 | 8b44 2420 | 8944 2410 | 488b 4424 | f844 8954 | 2414 4489 
  0x00007f1a1fb0b480: 5424 1844 | 894c 2420 

  0x00007f1a1fb0b488: ;   {runtime_call UncommonTrapBlob}
  0x00007f1a1fb0b488: c5f8 77e8 

  0x00007f1a1fb0b48c: ; ImmutableOopMap {rbp=Oop [0]=NarrowOop [4]=NarrowOop [20]=NarrowOop [24]=NarrowOop }
                      ;*ifge {reexecute=1 rethrow=0 return_oop=0}
                      ; - (reexecute) java.nio.Buffer::position@14 (line 325)
                      ; - java.nio.ShortBuffer::position@2 (line 1576)
                      ; - java.nio.ShortBuffer::position@2 (line 292)
                      ; - com.badlogic.gdx.graphics.Mesh::render@97 (line 489)
                      ; - com.badlogic.gdx.graphics.Mesh::render@10 (line 449)
                      ; - com.badlogic.gdx.graphics.g2d.SpriteBatch::flush@176 (line 975)
  0x00007f1a1fb0b48c: 5003 95ff 

  0x00007f1a1fb0b490: ;   {post_call_nop}
  0x00007f1a1fb0b490: 0f1f 8400 | 881b 004d | be45 ffff | ff48 8b6c | 2418 4889 | 4424 f88b | 4424 0489 | 0424 488b 
  0x00007f1a1fb0b4b0: 4424 f848 | 8944 24f8 | 8b44 2408 | 8944 2404 | 488b 4424 | f848 8944 | 24f8 8b44 | 240c 8944 
  0x00007f1a1fb0b4d0: 2408 488b | 4424 f848 | 8944 24f8 | 8b44 2420 | 8944 2410 | 488b 4424 | f844 8954 | 2414 4489 
  0x00007f1a1fb0b4f0: 5424 1844 | 8944 2420 

  0x00007f1a1fb0b4f8: ;   {runtime_call UncommonTrapBlob}
  0x00007f1a1fb0b4f8: c5f8 77e8 

  0x00007f1a1fb0b4fc: ; ImmutableOopMap {rbp=Oop [0]=NarrowOop [4]=NarrowOop [20]=NarrowOop [24]=NarrowOop }
                      ;*if_icmple {reexecute=1 rethrow=0 return_oop=0}
                      ; - (reexecute) java.nio.Buffer::position@37 (line 327)
                      ; - java.nio.ShortBuffer::position@2 (line 1576)
                      ; - java.nio.ShortBuffer::position@2 (line 292)
                      ; - com.badlogic.gdx.graphics.Mesh::render@97 (line 489)
                      ; - com.badlogic.gdx.graphics.Mesh::render@10 (line 449)
                      ; - com.badlogic.gdx.graphics.g2d.SpriteBatch::flush@176 (line 975)
  0x00007f1a1fb0b4fc: e002 95ff 

  0x00007f1a1fb0b500: ;   {post_call_nop}
  0x00007f1a1fb0b500: 0f1f 8400 | f81b 004e | be45 ffff | ff48 ff74 | 2418 488f | 4424 1048 | 8944 24f8 | 8b44 2404 
  0x00007f1a1fb0b520: 8904 2448 | 8b44 24f8 | 4889 4424 | f88b 4424 | 0889 4424 | 0448 8b44 | 24f8 4889 | 4424 f88b 
  0x00007f1a1fb0b540: 4424 0c89 | 4424 0848 | 8b44 24f8 | 4489 5424 | 1866 6690 

  0x00007f1a1fb0b554: ;   {runtime_call UncommonTrapBlob}
  0x00007f1a1fb0b554: c5f8 77e8 

  0x00007f1a1fb0b558: ; ImmutableOopMap {[0]=NarrowOop [4]=NarrowOop [16]=Oop [24]=NarrowOop }
                      ;*if_icmple {reexecute=1 rethrow=0 return_oop=0}
                      ; - (reexecute) java.nio.Buffer::limit@5 (line 378)
                      ; - java.nio.ShortBuffer::limit@2 (line 1590)
                      ; - java.nio.ShortBuffer::limit@2 (line 292)
                      ; - com.badlogic.gdx.graphics.Mesh::render@105 (line 490)
                      ; - com.badlogic.gdx.graphics.Mesh::render@10 (line 449)
                      ; - com.badlogic.gdx.graphics.g2d.SpriteBatch::flush@176 (line 975)
  0x00007f1a1fb0b558: 8402 95ff 

  0x00007f1a1fb0b55c: ;   {post_call_nop}
  0x00007f1a1fb0b55c: 0f1f 8400 | 541c 004f | be45 ffff | ff48 8b6c | 2418 4889 | 4424 f88b | 4424 0489 | 0424 488b 
  0x00007f1a1fb0b57c: 4424 f848 | 8944 24f8 | 8b44 2408 | 8944 2404 | 488b 4424 | f848 8944 | 24f8 8b44 | 240c 8944 
  0x00007f1a1fb0b59c: 2408 488b | 4424 f844 | 8954 2410 | 4489 5c24 | 1c66 6690 

  0x00007f1a1fb0b5b0: ;   {runtime_call UncommonTrapBlob}
  0x00007f1a1fb0b5b0: c5f8 77e8 

  0x00007f1a1fb0b5b4: ; ImmutableOopMap {rbp=Oop [0]=NarrowOop [4]=NarrowOop [16]=NarrowOop }
                      ;*if_icmple {reexecute=1 rethrow=0 return_oop=0}
                      ; - (reexecute) java.nio.Buffer::limit@42 (line 381)
                      ; - java.nio.ShortBuffer::limit@2 (line 1590)
                      ; - java.nio.ShortBuffer::limit@2 (line 292)
                      ; - com.badlogic.gdx.graphics.Mesh::render@105 (line 490)
                      ; - com.badlogic.gdx.graphics.Mesh::render@10 (line 449)
                      ; - com.badlogic.gdx.graphics.g2d.SpriteBatch::flush@176 (line 975)
  0x00007f1a1fb0b5b4: 2802 95ff 

  0x00007f1a1fb0b5b8: ;   {post_call_nop}
  0x00007f1a1fb0b5b8: 0f1f 8400 | b01c 0050 | be45 ffff | ff48 8b6c | 2418 4889 | 4424 f88b | 4424 0489 | 0424 488b 
  0x00007f1a1fb0b5d8: 4424 f848 | 8944 24f8 | 8b44 2408 | 8944 2404 | 488b 4424 | f848 8944 | 24f8 8b44 | 240c 8944 
  0x00007f1a1fb0b5f8: 2408 488b | 4424 f844 | 8954 2410 | 4489 4424 | 1466 6690 

  0x00007f1a1fb0b60c: ;   {runtime_call UncommonTrapBlob}
  0x00007f1a1fb0b60c: c5f8 77e8 

  0x00007f1a1fb0b610: ; ImmutableOopMap {rbp=Oop [0]=NarrowOop [4]=NarrowOop [16]=NarrowOop }
                      ;*if_icmple {reexecute=1 rethrow=0 return_oop=0}
                      ; - (reexecute) java.nio.Buffer::limit@55 (line 382)
                      ; - java.nio.ShortBuffer::limit@2 (line 1590)
                      ; - java.nio.ShortBuffer::limit@2 (line 292)
                      ; - com.badlogic.gdx.graphics.Mesh::render@105 (line 490)
                      ; - com.badlogic.gdx.graphics.Mesh::render@10 (line 449)
                      ; - com.badlogic.gdx.graphics.g2d.SpriteBatch::flush@176 (line 975)
  0x00007f1a1fb0b610: cc01 95ff 

  0x00007f1a1fb0b614: ;   {post_call_nop}
  0x00007f1a1fb0b614: 0f1f 8400 | 0c1d 0051 | be45 ffff | ff89 5c24 | 0866 6690 

  0x00007f1a1fb0b628: ;   {runtime_call UncommonTrapBlob}
  0x00007f1a1fb0b628: c5f8 77e8 

  0x00007f1a1fb0b62c: ; ImmutableOopMap {[8]=NarrowOop [24]=Oop }
                      ;*ifeq {reexecute=1 rethrow=0 return_oop=0}
                      ; - (reexecute) com.badlogic.gdx.graphics.glutils.IndexArray::getNumIndices@4 (line 49)
                      ; - com.badlogic.gdx.graphics.Mesh::unbind@15 (line 399)
                      ; - com.badlogic.gdx.graphics.Mesh::unbind@3 (line 389)
                      ; - com.badlogic.gdx.graphics.Mesh::render@178 (line 501)
                      ; - com.badlogic.gdx.graphics.Mesh::render@10 (line 449)
                      ; - com.badlogic.gdx.graphics.g2d.SpriteBatch::flush@176 (line 975)
  0x00007f1a1fb0b62c: b001 95ff 

  0x00007f1a1fb0b630: ;   {post_call_nop}
  0x00007f1a1fb0b630: 0f1f 8400 | 281d 0052 | 4533 d241 | 8bda e915 | ecff ffbe | e4ff ffff | 48ff 7424 | 1848 8f44 
  0x00007f1a1fb0b650: 2410 4889 | 4424 f88b | 4424 2489 | 4424 1c48 | 8b44 24f8 | 4889 4424 | f88b 4424 | 3c89 4424 
  0x00007f1a1fb0b670: 2448 8b44 | 24f8 4489 | 5c24 3490 

  0x00007f1a1fb0b67c: ;   {runtime_call UncommonTrapBlob}
  0x00007f1a1fb0b67c: c5f8 77e8 

  0x00007f1a1fb0b680: ; ImmutableOopMap {rbp=NarrowOop [0]=Oop [12]=NarrowOop [16]=Oop [32]=NarrowOop [36]=NarrowOop [52]=NarrowOop [56]=NarrowOop [64]=NarrowOop }
                      ;*baload {reexecute=0 rethrow=0 return_oop=0}
                      ; - jdk.internal.util.ArraysSupport::hashCodeOfUnsigned@38 (line 275)
                      ; - java.lang.StringLatin1::hashCode@5 (line 307)
                      ; - java.lang.String::hashCode@27 (line 2719)
                      ; - com.badlogic.gdx.utils.ObjectIntMap::get@1 (line 279)
                      ; - com.badlogic.gdx.graphics.glutils.ShaderProgram::fetchAttributeLocation@11 (line 290)
                      ; - com.badlogic.gdx.graphics.glutils.ShaderProgram::disableVertexAttribute@10 (line 717)
                      ; - com.badlogic.gdx.graphics.glutils.VertexArray::unbind@34 (line 145)
                      ; - com.badlogic.gdx.graphics.Mesh::unbind@6 (line 398)
                      ; - com.badlogic.gdx.graphics.Mesh::unbind@3 (line 389)
                      ; - com.badlogic.gdx.graphics.Mesh::render@178 (line 501)
                      ; - com.badlogic.gdx.graphics.Mesh::render@10 (line 449)
                      ; - com.badlogic.gdx.graphics.g2d.SpriteBatch::flush@176 (line 975)
  0x00007f1a1fb0b680: 5c01 95ff 

  0x00007f1a1fb0b684: ;   {post_call_nop}
  0x00007f1a1fb0b684: 0f1f 8400 | 7c1d 0053 | bede ffff | ff48 ff74 | 2418 488f | 4424 1048 | 8944 24f8 | 8b44 2424 
  0x00007f1a1fb0b6a4: 8944 241c | 488b 4424 | f848 8944 | 24f8 8b44 | 243c 8944 | 2424 488b | 4424 f848 | 8944 24f8 
  0x00007f1a1fb0b6c4: 8b44 2438 | 8944 2428 | 488b 4424 | f848 8944 | 24f8 8b44 | 2440 8944 | 2430 488b | 4424 f844 
  0x00007f1a1fb0b6e4: 894c 243c | 4489 5424 | 4066 6690 

  0x00007f1a1fb0b6f0: ;   {runtime_call UncommonTrapBlob}
  0x00007f1a1fb0b6f0: c5f8 77e8 

  0x00007f1a1fb0b6f4: ; ImmutableOopMap {rbp=NarrowOop [0]=Oop [12]=NarrowOop [16]=Oop [32]=NarrowOop [36]=NarrowOop [40]=NarrowOop [48]=NarrowOop }
                      ;*instanceof {reexecute=0 rethrow=0 return_oop=0}
                      ; - java.lang.String::equals@8 (line 2087)
                      ; - com.badlogic.gdx.utils.ObjectIntMap::get@21 (line 281)
                      ; - com.badlogic.gdx.graphics.glutils.ShaderProgram::fetchAttributeLocation@11 (line 290)
                      ; - com.badlogic.gdx.graphics.glutils.ShaderProgram::disableVertexAttribute@10 (line 717)
                      ; - com.badlogic.gdx.graphics.glutils.VertexArray::unbind@34 (line 145)
                      ; - com.badlogic.gdx.graphics.Mesh::unbind@6 (line 398)
                      ; - com.badlogic.gdx.graphics.Mesh::unbind@3 (line 389)
                      ; - com.badlogic.gdx.graphics.Mesh::render@178 (line 501)
                      ; - com.badlogic.gdx.graphics.Mesh::render@10 (line 449)
                      ; - com.badlogic.gdx.graphics.g2d.SpriteBatch::flush@176 (line 975)
  0x00007f1a1fb0b6f4: e800 95ff 

  0x00007f1a1fb0b6f8: ;   {post_call_nop}
  0x00007f1a1fb0b6f8: 0f1f 8400 | f01d 0054 | bef6 ffff | ff8b e990 

  0x00007f1a1fb0b708: ;   {runtime_call UncommonTrapBlob}
  0x00007f1a1fb0b708: c5f8 77e8 

  0x00007f1a1fb0b70c: ; ImmutableOopMap {}
                      ;*invokevirtual get {reexecute=0 rethrow=0 return_oop=0}
                      ; - com.badlogic.gdx.graphics.glutils.VertexArray::unbind@28 (line 145)
                      ; - com.badlogic.gdx.graphics.Mesh::unbind@6 (line 398)
                      ; - com.badlogic.gdx.graphics.Mesh::unbind@3 (line 389)
                      ; - com.badlogic.gdx.graphics.Mesh::render@178 (line 501)
                      ; - com.badlogic.gdx.graphics.Mesh::render@10 (line 449)
                      ; - com.badlogic.gdx.graphics.g2d.SpriteBatch::flush@176 (line 975)
  0x00007f1a1fb0b70c: d000 95ff 

  0x00007f1a1fb0b710: ;   {post_call_nop}
  0x00007f1a1fb0b710: 0f1f 8400 | 081e 0055 | bef6 ffff | ff8b e990 

  0x00007f1a1fb0b720: ;   {runtime_call UncommonTrapBlob}
  0x00007f1a1fb0b720: c5f8 77e8 

  0x00007f1a1fb0b724: ; ImmutableOopMap {}
                      ;*aaload {reexecute=0 rethrow=0 return_oop=0}
                      ; - com.badlogic.gdx.graphics.VertexAttributes::get@5 (line 109)
                      ; - com.badlogic.gdx.graphics.glutils.VertexArray::unbind@28 (line 145)
                      ; - com.badlogic.gdx.graphics.Mesh::unbind@6 (line 398)
                      ; - com.badlogic.gdx.graphics.Mesh::unbind@3 (line 389)
                      ; - com.badlogic.gdx.graphics.Mesh::render@178 (line 501)
                      ; - com.badlogic.gdx.graphics.Mesh::render@10 (line 449)
                      ; - com.badlogic.gdx.graphics.g2d.SpriteBatch::flush@176 (line 975)
  0x00007f1a1fb0b724: b800 95ff 

  0x00007f1a1fb0b728: ;   {post_call_nop}
  0x00007f1a1fb0b728: 0f1f 8400 | 201e 0056 | bef6 ffff | ff66 6690 

  0x00007f1a1fb0b738: ;   {runtime_call UncommonTrapBlob}
  0x00007f1a1fb0b738: c5f8 77e8 

  0x00007f1a1fb0b73c: ; ImmutableOopMap {}
                      ;*getfield alias {reexecute=1 rethrow=0 return_oop=0}
                      ; - (reexecute) com.badlogic.gdx.graphics.glutils.VertexArray::unbind@31 (line 145)
                      ; - com.badlogic.gdx.graphics.Mesh::unbind@6 (line 398)
                      ; - com.badlogic.gdx.graphics.Mesh::unbind@3 (line 389)
                      ; - com.badlogic.gdx.graphics.Mesh::render@178 (line 501)
                      ; - com.badlogic.gdx.graphics.Mesh::render@10 (line 449)
                      ; - com.badlogic.gdx.graphics.g2d.SpriteBatch::flush@176 (line 975)
  0x00007f1a1fb0b73c: a000 95ff 

  0x00007f1a1fb0b740: ;   {post_call_nop}
  0x00007f1a1fb0b740: 0f1f 8400 | 381e 0057 | bef6 ffff | ff66 6690 

  0x00007f1a1fb0b750: ;   {runtime_call UncommonTrapBlob}
  0x00007f1a1fb0b750: c5f8 77e8 

  0x00007f1a1fb0b754: ; ImmutableOopMap {}
                      ;*invokevirtual hashCode {reexecute=0 rethrow=0 return_oop=0}
                      ; - com.badlogic.gdx.utils.ObjectIntMap::get@1 (line 279)
                      ; - com.badlogic.gdx.graphics.glutils.ShaderProgram::fetchAttributeLocation@11 (line 290)
                      ; - com.badlogic.gdx.graphics.glutils.ShaderProgram::disableVertexAttribute@10 (line 717)
                      ; - com.badlogic.gdx.graphics.glutils.VertexArray::unbind@34 (line 145)
                      ; - com.badlogic.gdx.graphics.Mesh::unbind@6 (line 398)
                      ; - com.badlogic.gdx.graphics.Mesh::unbind@3 (line 389)
                      ; - com.badlogic.gdx.graphics.Mesh::render@178 (line 501)
                      ; - com.badlogic.gdx.graphics.Mesh::render@10 (line 449)
                      ; - com.badlogic.gdx.graphics.g2d.SpriteBatch::flush@176 (line 975)
  0x00007f1a1fb0b754: 8800 95ff 

  0x00007f1a1fb0b758: ;   {post_call_nop}
  0x00007f1a1fb0b758: 0f1f 8400 | 501e 0058 | bef6 ffff | ff41 8bea 

  0x00007f1a1fb0b768: ;   {runtime_call UncommonTrapBlob}
  0x00007f1a1fb0b768: c5f8 77e8 

  0x00007f1a1fb0b76c: ; ImmutableOopMap {}
                      ;*aaload {reexecute=0 rethrow=0 return_oop=0}
                      ; - com.badlogic.gdx.utils.ObjectIntMap::get@20 (line 281)
                      ; - com.badlogic.gdx.graphics.glutils.ShaderProgram::fetchAttributeLocation@11 (line 290)
                      ; - com.badlogic.gdx.graphics.glutils.ShaderProgram::disableVertexAttribute@10 (line 717)
                      ; - com.badlogic.gdx.graphics.glutils.VertexArray::unbind@34 (line 145)
                      ; - com.badlogic.gdx.graphics.Mesh::unbind@6 (line 398)
                      ; - com.badlogic.gdx.graphics.Mesh::unbind@3 (line 389)
                      ; - com.badlogic.gdx.graphics.Mesh::render@178 (line 501)
                      ; - com.badlogic.gdx.graphics.Mesh::render@10 (line 449)
                      ; - com.badlogic.gdx.graphics.g2d.SpriteBatch::flush@176 (line 975)
  0x00007f1a1fb0b76c: 7000 95ff 

  0x00007f1a1fb0b770: ;   {post_call_nop}
  0x00007f1a1fb0b770: 0f1f 8400 | 681e 0059 | bef6 ffff | ff41 8bea 

  0x00007f1a1fb0b780: ;   {runtime_call UncommonTrapBlob}
  0x00007f1a1fb0b780: c5f8 77e8 

  0x00007f1a1fb0b784: ; ImmutableOopMap {}
                      ;*iaload {reexecute=0 rethrow=0 return_oop=0}
                      ; - com.badlogic.gdx.utils.ObjectIntMap::get@82 (line 288)
                      ; - com.badlogic.gdx.graphics.glutils.ShaderProgram::fetchAttributeLocation@11 (line 290)
                      ; - com.badlogic.gdx.graphics.glutils.ShaderProgram::disableVertexAttribute@10 (line 717)
                      ; - com.badlogic.gdx.graphics.glutils.VertexArray::unbind@34 (line 145)
                      ; - com.badlogic.gdx.graphics.Mesh::unbind@6 (line 398)
                      ; - com.badlogic.gdx.graphics.Mesh::unbind@3 (line 389)
                      ; - com.badlogic.gdx.graphics.Mesh::render@178 (line 501)
                      ; - com.badlogic.gdx.graphics.Mesh::render@10 (line 449)
                      ; - com.badlogic.gdx.graphics.g2d.SpriteBatch::flush@176 (line 975)
  0x00007f1a1fb0b784: 5800 95ff 

  0x00007f1a1fb0b788: ;   {post_call_nop}
  0x00007f1a1fb0b788: 0f1f 8400 | 801e 005a | bef6 ffff | ff41 8be9 

  0x00007f1a1fb0b798: ;   {runtime_call UncommonTrapBlob}
  0x00007f1a1fb0b798: c5f8 77e8 

  0x00007f1a1fb0b79c: ; ImmutableOopMap {}
                      ;*invokeinterface glDisableVertexAttribArray {reexecute=0 rethrow=0 return_oop=0}
                      ; - com.badlogic.gdx.graphics.glutils.ShaderProgram::disableVertexAttribute@22 (line 719)
                      ; - com.badlogic.gdx.graphics.glutils.VertexArray::unbind@34 (line 145)
                      ; - com.badlogic.gdx.graphics.Mesh::unbind@6 (line 398)
                      ; - com.badlogic.gdx.graphics.Mesh::unbind@3 (line 389)
                      ; - com.badlogic.gdx.graphics.Mesh::render@178 (line 501)
                      ; - com.badlogic.gdx.graphics.Mesh::render@10 (line 449)
                      ; - com.badlogic.gdx.graphics.g2d.SpriteBatch::flush@176 (line 975)
  0x00007f1a1fb0b79c: 4000 95ff 

  0x00007f1a1fb0b7a0: ;   {post_call_nop}
  0x00007f1a1fb0b7a0: 0f1f 8400 | 981e 005b | bef6 ffff | ff66 6690 

  0x00007f1a1fb0b7b0: ;   {runtime_call UncommonTrapBlob}
  0x00007f1a1fb0b7b0: c5f8 77e8 

  0x00007f1a1fb0b7b4: ; ImmutableOopMap {}
                      ;*getfield owner {reexecute=1 rethrow=0 return_oop=0}
                      ; - (reexecute) org.lwjgl.opengl.GLContext::getCapabilitiesImpl@5 (line 132)
                      ; - org.lwjgl.opengl.GLContext::getCapabilities@0 (line 122)
                      ; - org.lwjgl.opengl.GL20::glDisableVertexAttribArray@0 (line 917)
                      ; - com.badlogic.gdx.backends.lwjgl.LwjglGL20::glDisableVertexAttribArray@1 (line 272)
                      ; - com.badlogic.gdx.graphics.glutils.ShaderProgram::disableVertexAttribute@22 (line 719)
                      ; - com.badlogic.gdx.graphics.glutils.VertexArray::unbind@34 (line 145)
                      ; - com.badlogic.gdx.graphics.Mesh::unbind@6 (line 398)
                      ; - com.badlogic.gdx.graphics.Mesh::unbind@3 (line 389)
                      ; - com.badlogic.gdx.graphics.Mesh::render@178 (line 501)
                      ; - com.badlogic.gdx.graphics.Mesh::render@10 (line 449)
                      ; - com.badlogic.gdx.graphics.g2d.SpriteBatch::flush@176 (line 975)
  0x00007f1a1fb0b7b4: 2800 95ff 

  0x00007f1a1fb0b7b8: ;   {post_call_nop}
  0x00007f1a1fb0b7b8: 0f1f 8400 | b01e 005c | bef6 ffff | ff66 6690 

  0x00007f1a1fb0b7c8: ;   {runtime_call UncommonTrapBlob}
  0x00007f1a1fb0b7c8: c5f8 77e8 

  0x00007f1a1fb0b7cc: ; ImmutableOopMap {}
                      ;*arraylength {reexecute=0 rethrow=0 return_oop=0}
                      ; - java.lang.StringLatin1::hashCode@3 (line 307)
                      ; - java.lang.String::hashCode@27 (line 2719)
                      ; - com.badlogic.gdx.utils.ObjectIntMap::get@1 (line 279)
                      ; - com.badlogic.gdx.graphics.glutils.ShaderProgram::fetchAttributeLocation@11 (line 290)
                      ; - com.badlogic.gdx.graphics.glutils.ShaderProgram::disableVertexAttribute@10 (line 717)
                      ; - com.badlogic.gdx.graphics.glutils.VertexArray::unbind@34 (line 145)
                      ; - com.badlogic.gdx.graphics.Mesh::unbind@6 (line 398)
                      ; - com.badlogic.gdx.graphics.Mesh::unbind@3 (line 389)
                      ; - com.badlogic.gdx.graphics.Mesh::render@178 (line 501)
                      ; - com.badlogic.gdx.graphics.Mesh::render@10 (line 449)
                      ; - com.badlogic.gdx.graphics.g2d.SpriteBatch::flush@176 (line 975)
  0x00007f1a1fb0b7cc: 1000 95ff 

  0x00007f1a1fb0b7d0: ;   {post_call_nop}
  0x00007f1a1fb0b7d0: 0f1f 8400 | c81e 005d | bef6 ffff | ff66 6690 

  0x00007f1a1fb0b7e0: ;   {runtime_call UncommonTrapBlob}
  0x00007f1a1fb0b7e0: c5f8 77e8 

  0x00007f1a1fb0b7e4: ; ImmutableOopMap {}
                      ;*invokevirtual bind {reexecute=0 rethrow=0 return_oop=0}
                      ; - com.badlogic.gdx.graphics.g2d.SpriteBatch::flush@58 (line 962)
  0x00007f1a1fb0b7e4: f8ff 94ff 

  0x00007f1a1fb0b7e8: ;   {post_call_nop}
  0x00007f1a1fb0b7e8: 0f1f 8400 | e01e 005e | bef6 ffff | ff41 8bea | 4489 0c24 

  0x00007f1a1fb0b7fc: ;   {runtime_call UncommonTrapBlob}
  0x00007f1a1fb0b7fc: c5f8 77e8 

  0x00007f1a1fb0b800: ; ImmutableOopMap {}
                      ;*invokeinterface glBindTexture {reexecute=0 rethrow=0 return_oop=0}
                      ; - com.badlogic.gdx.graphics.GLTexture::bind@11 (line 66)
                      ; - com.badlogic.gdx.graphics.g2d.SpriteBatch::flush@58 (line 962)
  0x00007f1a1fb0b800: dcff 94ff 

  0x00007f1a1fb0b804: ;   {post_call_nop}
  0x00007f1a1fb0b804: 0f1f 8400 | fc1e 005f | bef6 ffff | ff66 6690 

  0x00007f1a1fb0b814: ;   {runtime_call UncommonTrapBlob}
  0x00007f1a1fb0b814: c5f8 77e8 

  0x00007f1a1fb0b818: ; ImmutableOopMap {}
                      ;*getfield owner {reexecute=1 rethrow=0 return_oop=0}
                      ; - (reexecute) org.lwjgl.opengl.GLContext::getCapabilitiesImpl@5 (line 132)
                      ; - org.lwjgl.opengl.GLContext::getCapabilities@0 (line 122)
                      ; - org.lwjgl.opengl.GL11::glBindTexture@0 (line 651)
                      ; - com.badlogic.gdx.backends.lwjgl.LwjglGL20::glBindTexture@2 (line 93)
                      ; - com.badlogic.gdx.graphics.GLTexture::bind@11 (line 66)
                      ; - com.badlogic.gdx.graphics.g2d.SpriteBatch::flush@58 (line 962)
  0x00007f1a1fb0b818: c4ff 94ff 

  0x00007f1a1fb0b81c: ;   {post_call_nop}
  0x00007f1a1fb0b81c: 0f1f 8400 | 141f 0060 | bef6 ffff | ff41 8beb | 4489 0424 

  0x00007f1a1fb0b830: ;   {runtime_call UncommonTrapBlob}
  0x00007f1a1fb0b830: c5f8 77e8 

  0x00007f1a1fb0b834: ; ImmutableOopMap {rbp=NarrowOop }
                      ;*invokevirtual setVertices {reexecute=0 rethrow=0 return_oop=0}
                      ; - com.badlogic.gdx.graphics.g2d.SpriteBatch::flush@76 (line 964)
  0x00007f1a1fb0b834: a8ff 94ff 

  0x00007f1a1fb0b838: ;   {post_call_nop}
  0x00007f1a1fb0b838: 0f1f 8400 | 301f 0061 | bef6 ffff | ff41 8beb | 4489 0424 

  0x00007f1a1fb0b84c: ;   {runtime_call UncommonTrapBlob}
  0x00007f1a1fb0b84c: c5f8 77e8 

  0x00007f1a1fb0b850: ; ImmutableOopMap {rbp=NarrowOop }
                      ;*invokeinterface setVertices {reexecute=0 rethrow=0 return_oop=0}
                      ; - com.badlogic.gdx.graphics.Mesh::setVertices@7 (line 197)
                      ; - com.badlogic.gdx.graphics.g2d.SpriteBatch::flush@76 (line 964)
  0x00007f1a1fb0b850: 8cff 94ff 

  0x00007f1a1fb0b854: ;   {post_call_nop}
  0x00007f1a1fb0b854: 0f1f 8400 | 4c1f 0062 | bef4 ffff | ff49 8be9 | 894c 2408 | 4889 5c24 | 1044 895c | 2418 4489 
  0x00007f1a1fb0b874: 4424 1c90 

  0x00007f1a1fb0b878: ;   {runtime_call UncommonTrapBlob}
  0x00007f1a1fb0b878: c5f8 77e8 

  0x00007f1a1fb0b87c: ; ImmutableOopMap {rbp=Oop [8]=NarrowOop [16]=Oop [24]=NarrowOop }
                      ;*instanceof {reexecute=0 rethrow=0 return_oop=0}
                      ; - com.badlogic.gdx.utils.BufferUtils::copy@1 (line 50)
                      ; - com.badlogic.gdx.graphics.glutils.VertexArray::setVertices@7 (line 84)
                      ; - com.badlogic.gdx.graphics.Mesh::setVertices@7 (line 197)
                      ; - com.badlogic.gdx.graphics.g2d.SpriteBatch::flush@76 (line 964)
  0x00007f1a1fb0b87c: 60ff 94ff 

  0x00007f1a1fb0b880: ;   {post_call_nop}
  0x00007f1a1fb0b880: 0f1f 8400 | 781f 0063 | bef6 ffff | ff66 6690 

  0x00007f1a1fb0b890: ;   {runtime_call UncommonTrapBlob}
  0x00007f1a1fb0b890: c5f8 77e8 

  0x00007f1a1fb0b894: ; ImmutableOopMap {}
                      ;*invokevirtual position {reexecute=0 rethrow=0 return_oop=0}
                      ; - com.badlogic.gdx.graphics.glutils.VertexArray::setVertices@15 (line 85)
                      ; - com.badlogic.gdx.graphics.Mesh::setVertices@7 (line 197)
                      ; - com.badlogic.gdx.graphics.g2d.SpriteBatch::flush@76 (line 964)
  0x00007f1a1fb0b894: 48ff 94ff 

  0x00007f1a1fb0b898: ;   {post_call_nop}
  0x00007f1a1fb0b898: 0f1f 8400 | 901f 0064 | bef6 ffff | ff66 6690 

  0x00007f1a1fb0b8a8: ;   {runtime_call UncommonTrapBlob}
  0x00007f1a1fb0b8a8: c5f8 77e8 

  0x00007f1a1fb0b8ac: ; ImmutableOopMap {}
                      ;*invokeinterface getBuffer {reexecute=0 rethrow=0 return_oop=0}
                      ; - com.badlogic.gdx.graphics.Mesh::getIndicesBuffer@4 (line 797)
                      ; - com.badlogic.gdx.graphics.g2d.SpriteBatch::flush@81 (line 965)
  0x00007f1a1fb0b8ac: 30ff 94ff 

  0x00007f1a1fb0b8b0: ;   {post_call_nop}
  0x00007f1a1fb0b8b0: 0f1f 8400 | a81f 0065 | bef6 ffff | ff66 6690 

  0x00007f1a1fb0b8c0: ;   {runtime_call UncommonTrapBlob}
  0x00007f1a1fb0b8c0: c5f8 77e8 

  0x00007f1a1fb0b8c4: ; ImmutableOopMap {}
                      ;*invokevirtual position {reexecute=0 rethrow=0 return_oop=0}
                      ; - com.badlogic.gdx.graphics.g2d.SpriteBatch::flush@85 (line 965)
  0x00007f1a1fb0b8c4: 18ff 94ff 

  0x00007f1a1fb0b8c8: ;   {post_call_nop}
  0x00007f1a1fb0b8c8: 0f1f 8400 | c01f 0066 | bef6 ffff | ff66 6690 

  0x00007f1a1fb0b8d8: ;   {runtime_call UncommonTrapBlob}
  0x00007f1a1fb0b8d8: c5f8 77e8 

  0x00007f1a1fb0b8dc: ; ImmutableOopMap {}
                      ;*invokeinterface glEnable {reexecute=0 rethrow=0 return_oop=0}
                      ; - com.badlogic.gdx.graphics.g2d.SpriteBatch::flush@125 (line 971)
  0x00007f1a1fb0b8dc: 00ff 94ff 

  0x00007f1a1fb0b8e0: ;   {post_call_nop}
  0x00007f1a1fb0b8e0: 0f1f 8400 | d81f 0067 | bef6 ffff | ff66 6690 

  0x00007f1a1fb0b8f0: ;   {runtime_call UncommonTrapBlob}
  0x00007f1a1fb0b8f0: c5f8 77e8 

  0x00007f1a1fb0b8f4: ; ImmutableOopMap {}
                      ;*getfield owner {reexecute=1 rethrow=0 return_oop=0}
                      ; - (reexecute) org.lwjgl.opengl.GLContext::getCapabilitiesImpl@5 (line 132)
                      ; - org.lwjgl.opengl.GLContext::getCapabilities@0 (line 122)
                      ; - org.lwjgl.opengl.GL11::glEnable@0 (line 1012)
                      ; - com.badlogic.gdx.backends.lwjgl.LwjglGL20::glEnable@1 (line 292)
                      ; - com.badlogic.gdx.graphics.g2d.SpriteBatch::flush@125 (line 971)
  0x00007f1a1fb0b8f4: e8fe 94ff 

  0x00007f1a1fb0b8f8: ;   {post_call_nop}
  0x00007f1a1fb0b8f8: 0f1f 8400 | f01f 0068 | bef6 ffff | ff41 8be8 | 4489 1424 

  0x00007f1a1fb0b90c: ;   {runtime_call UncommonTrapBlob}
  0x00007f1a1fb0b90c: c5f8 77e8 

  0x00007f1a1fb0b910: ; ImmutableOopMap {}
                      ;*invokeinterface glBlendFunc {reexecute=0 rethrow=0 return_oop=0}
                      ; - com.badlogic.gdx.graphics.g2d.SpriteBatch::flush@149 (line 972)
  0x00007f1a1fb0b910: ccfe 94ff 

  0x00007f1a1fb0b914: ;   {post_call_nop}
  0x00007f1a1fb0b914: 0f1f 8400 | 0c20 0069 | bef6 ffff | ff66 6690 

  0x00007f1a1fb0b924: ;   {runtime_call UncommonTrapBlob}
  0x00007f1a1fb0b924: c5f8 77e8 

  0x00007f1a1fb0b928: ; ImmutableOopMap {}
                      ;*getfield owner {reexecute=1 rethrow=0 return_oop=0}
                      ; - (reexecute) org.lwjgl.opengl.GLContext::getCapabilitiesImpl@5 (line 132)
                      ; - org.lwjgl.opengl.GLContext::getCapabilities@0 (line 122)
                      ; - org.lwjgl.opengl.GL11::glBlendFunc@0 (line 624)
                      ; - com.badlogic.gdx.backends.lwjgl.LwjglGL20::glBlendFunc@2 (line 109)
                      ; - com.badlogic.gdx.graphics.g2d.SpriteBatch::flush@149 (line 972)
  0x00007f1a1fb0b928: b4fe 94ff 

  0x00007f1a1fb0b92c: ;   {post_call_nop}
  0x00007f1a1fb0b92c: 0f1f 8400 | 2420 006a | bef6 ffff | ff8b e990 

  0x00007f1a1fb0b93c: ;   {runtime_call UncommonTrapBlob}
  0x00007f1a1fb0b93c: c5f8 77e8 

  0x00007f1a1fb0b940: ; ImmutableOopMap {rbp=NarrowOop }
                      ;*invokeinterface bind {reexecute=0 rethrow=0 return_oop=0}
                      ; - com.badlogic.gdx.graphics.Mesh::bind@6 (line 380)
                      ; - com.badlogic.gdx.graphics.Mesh::bind@3 (line 371)
                      ; - com.badlogic.gdx.graphics.Mesh::render@13 (line 479)
                      ; - com.badlogic.gdx.graphics.Mesh::render@10 (line 449)
                      ; - com.badlogic.gdx.graphics.g2d.SpriteBatch::flush@176 (line 975)
  0x00007f1a1fb0b940: 9cfe 94ff 

  0x00007f1a1fb0b944: ;   {post_call_nop}
  0x00007f1a1fb0b944: 0f1f 8400 | 3c20 006b | bef6 ffff | ff66 6690 

  0x00007f1a1fb0b954: ;   {runtime_call UncommonTrapBlob}
  0x00007f1a1fb0b954: c5f8 77e8 

  0x00007f1a1fb0b958: ; ImmutableOopMap {}
                      ;*invokeinterface getNumIndices {reexecute=0 rethrow=0 return_oop=0}
                      ; - com.badlogic.gdx.graphics.Mesh::bind@15 (line 381)
                      ; - com.badlogic.gdx.graphics.Mesh::bind@3 (line 371)
                      ; - com.badlogic.gdx.graphics.Mesh::render@13 (line 479)
                      ; - com.badlogic.gdx.graphics.Mesh::render@10 (line 449)
                      ; - com.badlogic.gdx.graphics.g2d.SpriteBatch::flush@176 (line 975)
  0x00007f1a1fb0b958: 84fe 94ff 

  0x00007f1a1fb0b95c: ;   {post_call_nop}
  0x00007f1a1fb0b95c: 0f1f 8400 | 5420 006c | bef6 ffff | ff66 6690 

  0x00007f1a1fb0b96c: ;   {runtime_call UncommonTrapBlob}
  0x00007f1a1fb0b96c: c5f8 77e8 

  0x00007f1a1fb0b970: ; ImmutableOopMap {}
                      ;*invokevirtual limit {reexecute=0 rethrow=0 return_oop=0}
                      ; - com.badlogic.gdx.graphics.glutils.IndexArray::getNumIndices@15 (line 49)
                      ; - com.badlogic.gdx.graphics.Mesh::bind@15 (line 381)
                      ; - com.badlogic.gdx.graphics.Mesh::bind@3 (line 371)
                      ; - com.badlogic.gdx.graphics.Mesh::render@13 (line 479)
                      ; - com.badlogic.gdx.graphics.Mesh::render@10 (line 449)
                      ; - com.badlogic.gdx.graphics.g2d.SpriteBatch::flush@176 (line 975)
  0x00007f1a1fb0b970: 6cfe 94ff 

  0x00007f1a1fb0b974: ;   {post_call_nop}
  0x00007f1a1fb0b974: 0f1f 8400 | 6c20 006d | bef6 ffff | ff41 8bea 

  0x00007f1a1fb0b984: ;   {runtime_call UncommonTrapBlob}
  0x00007f1a1fb0b984: c5f8 77e8 

  0x00007f1a1fb0b988: ; ImmutableOopMap {[0]=NarrowOop }
                      ;*invokeinterface glDrawElements {reexecute=0 rethrow=0 return_oop=0}
                      ; - com.badlogic.gdx.graphics.Mesh::render@88 (line 488)
                      ; - com.badlogic.gdx.graphics.Mesh::render@10 (line 449)
                      ; - com.badlogic.gdx.graphics.g2d.SpriteBatch::flush@176 (line 975)
  0x00007f1a1fb0b988: 54fe 94ff 

  0x00007f1a1fb0b98c: ;   {post_call_nop}
  0x00007f1a1fb0b98c: 0f1f 8400 | 8420 006e | bef6 ffff | ff66 6690 

  0x00007f1a1fb0b99c: ;   {runtime_call UncommonTrapBlob}
  0x00007f1a1fb0b99c: c5f8 77e8 

  0x00007f1a1fb0b9a0: ; ImmutableOopMap {}
                      ;*getfield owner {reexecute=1 rethrow=0 return_oop=0}
                      ; - (reexecute) org.lwjgl.opengl.GLContext::getCapabilitiesImpl@5 (line 132)
                      ; - org.lwjgl.opengl.GLContext::getCapabilities@0 (line 122)
                      ; - org.lwjgl.opengl.GL11::glDrawElements@0 (line 1105)
                      ; - com.badlogic.gdx.backends.lwjgl.LwjglGL20::glDrawElements@21 (line 281)
                      ; - com.badlogic.gdx.graphics.Mesh::render@88 (line 488)
                      ; - com.badlogic.gdx.graphics.Mesh::render@10 (line 449)
                      ; - com.badlogic.gdx.graphics.g2d.SpriteBatch::flush@176 (line 975)
  0x00007f1a1fb0b9a0: 3cfe 94ff 

  0x00007f1a1fb0b9a4: ;   {post_call_nop}
  0x00007f1a1fb0b9a4: 0f1f 8400 | 9c20 006f | bef6 ffff | ff66 6690 

  0x00007f1a1fb0b9b4: ;   {runtime_call UncommonTrapBlob}
  0x00007f1a1fb0b9b4: c5f8 77e8 

  0x00007f1a1fb0b9b8: ; ImmutableOopMap {}
                      ;*getfield references_stack {reexecute=1 rethrow=0 return_oop=0}
                      ; - (reexecute) org.lwjgl.opengl.StateTracker::getReferences@4 (line 85)
                      ; - org.lwjgl.opengl.StateTracker::getElementArrayBufferBound@1 (line 143)
                      ; - org.lwjgl.opengl.GLChecks::ensureElementVBOdisabled@7 (line 82)
                      ; - org.lwjgl.opengl.GL11::glDrawElements@14 (line 1108)
                      ; - com.badlogic.gdx.backends.lwjgl.LwjglGL20::glDrawElements@21 (line 281)
                      ; - com.badlogic.gdx.graphics.Mesh::render@88 (line 488)
                      ; - com.badlogic.gdx.graphics.Mesh::render@10 (line 449)
                      ; - com.badlogic.gdx.graphics.g2d.SpriteBatch::flush@176 (line 975)
  0x00007f1a1fb0b9b8: 24fe 94ff 

  0x00007f1a1fb0b9bc: ;   {post_call_nop}
  0x00007f1a1fb0b9bc: 0f1f 8400 | b420 0070 | bef6 ffff | ff66 6690 

  0x00007f1a1fb0b9cc: ;   {runtime_call UncommonTrapBlob}
  0x00007f1a1fb0b9cc: c5f8 77e8 

  0x00007f1a1fb0b9d0: ; ImmutableOopMap {}
                      ;*invokevirtual getReferences {reexecute=0 rethrow=0 return_oop=0}
                      ; - org.lwjgl.opengl.StateTracker::getReferences@7 (line 85)
                      ; - org.lwjgl.opengl.StateTracker::getElementArrayBufferBound@1 (line 143)
                      ; - org.lwjgl.opengl.GLChecks::ensureElementVBOdisabled@7 (line 82)
                      ; - org.lwjgl.opengl.GL11::glDrawElements@14 (line 1108)
                      ; - com.badlogic.gdx.backends.lwjgl.LwjglGL20::glDrawElements@21 (line 281)
                      ; - com.badlogic.gdx.graphics.Mesh::render@88 (line 488)
                      ; - com.badlogic.gdx.graphics.Mesh::render@10 (line 449)
                      ; - com.badlogic.gdx.graphics.g2d.SpriteBatch::flush@176 (line 975)
  0x00007f1a1fb0b9d0: 0cfe 94ff 

  0x00007f1a1fb0b9d4: ;   {post_call_nop}
  0x00007f1a1fb0b9d4: 0f1f 8400 | cc20 0071 | bef6 ffff | ff66 6690 

  0x00007f1a1fb0b9e4: ;   {runtime_call UncommonTrapBlob}
  0x00007f1a1fb0b9e4: c5f8 77e8 

  0x00007f1a1fb0b9e8: ; ImmutableOopMap {}
                      ;*aaload {reexecute=0 rethrow=0 return_oop=0}
                      ; - org.lwjgl.opengl.ReferencesStack::getReferences@8 (line 41)
                      ; - org.lwjgl.opengl.StateTracker::getReferences@7 (line 85)
                      ; - org.lwjgl.opengl.StateTracker::getElementArrayBufferBound@1 (line 143)
                      ; - org.lwjgl.opengl.GLChecks::ensureElementVBOdisabled@7 (line 82)
                      ; - org.lwjgl.opengl.GL11::glDrawElements@14 (line 1108)
                      ; - com.badlogic.gdx.backends.lwjgl.LwjglGL20::glDrawElements@21 (line 281)
                      ; - com.badlogic.gdx.graphics.Mesh::render@88 (line 488)
                      ; - com.badlogic.gdx.graphics.Mesh::render@10 (line 449)
                      ; - com.badlogic.gdx.graphics.g2d.SpriteBatch::flush@176 (line 975)
  0x00007f1a1fb0b9e8: f4fd 94ff 

  0x00007f1a1fb0b9ec: ;   {post_call_nop}
  0x00007f1a1fb0b9ec: 0f1f 8400 | e420 0072 | bef6 ffff | ff66 6690 

  0x00007f1a1fb0b9fc: ;   {runtime_call UncommonTrapBlob}
  0x00007f1a1fb0b9fc: c5f8 77e8 

  0x00007f1a1fb0ba00: ; ImmutableOopMap {}
                      ;*getfield vertexArrayObject {reexecute=1 rethrow=0 return_oop=0}
                      ; - (reexecute) org.lwjgl.opengl.StateTracker::getElementArrayBufferBound@6 (line 145)
                      ; - org.lwjgl.opengl.GLChecks::ensureElementVBOdisabled@7 (line 82)
                      ; - org.lwjgl.opengl.GL11::glDrawElements@14 (line 1108)
                      ; - com.badlogic.gdx.backends.lwjgl.LwjglGL20::glDrawElements@21 (line 281)
                      ; - com.badlogic.gdx.graphics.Mesh::render@88 (line 488)
                      ; - com.badlogic.gdx.graphics.Mesh::render@10 (line 449)
                      ; - com.badlogic.gdx.graphics.g2d.SpriteBatch::flush@176 (line 975)
  0x00007f1a1fb0ba00: dcfd 94ff 

  0x00007f1a1fb0ba04: ;   {post_call_nop}
  0x00007f1a1fb0ba04: 0f1f 8400 | fc20 0073 | bef6 ffff | ff8b 6c24 | 0866 6690 

  0x00007f1a1fb0ba18: ;   {runtime_call UncommonTrapBlob}
  0x00007f1a1fb0ba18: c5f8 77e8 

  0x00007f1a1fb0ba1c: ; ImmutableOopMap {rbp=NarrowOop }
                      ;*invokeinterface unbind {reexecute=0 rethrow=0 return_oop=0}
                      ; - com.badlogic.gdx.graphics.Mesh::unbind@6 (line 398)
                      ; - com.badlogic.gdx.graphics.Mesh::unbind@3 (line 389)
                      ; - com.badlogic.gdx.graphics.Mesh::render@178 (line 501)
                      ; - com.badlogic.gdx.graphics.Mesh::render@10 (line 449)
                      ; - com.badlogic.gdx.graphics.g2d.SpriteBatch::flush@176 (line 975)
  0x00007f1a1fb0ba1c: c0fd 94ff 

  0x00007f1a1fb0ba20: ;   {post_call_nop}
  0x00007f1a1fb0ba20: 0f1f 8400 | 1821 0074 | bef6 ffff | ff66 6690 

  0x00007f1a1fb0ba30: ;   {runtime_call UncommonTrapBlob}
  0x00007f1a1fb0ba30: c5f8 77e8 

  0x00007f1a1fb0ba34: ; ImmutableOopMap {}
                      ;*invokevirtual size {reexecute=0 rethrow=0 return_oop=0}
                      ; - com.badlogic.gdx.graphics.glutils.VertexArray::unbind@4 (line 142)
                      ; - com.badlogic.gdx.graphics.Mesh::unbind@6 (line 398)
                      ; - com.badlogic.gdx.graphics.Mesh::unbind@3 (line 389)
                      ; - com.badlogic.gdx.graphics.Mesh::render@178 (line 501)
                      ; - com.badlogic.gdx.graphics.Mesh::render@10 (line 449)
                      ; - com.badlogic.gdx.graphics.g2d.SpriteBatch::flush@176 (line 975)
  0x00007f1a1fb0ba34: a8fd 94ff 

  0x00007f1a1fb0ba38: ;   {post_call_nop}
  0x00007f1a1fb0ba38: 0f1f 8400 | 3021 0075 | bef6 ffff | ff66 6690 

  0x00007f1a1fb0ba48: ;   {runtime_call UncommonTrapBlob}
  0x00007f1a1fb0ba48: c5f8 77e8 

  0x00007f1a1fb0ba4c: ; ImmutableOopMap {}
                      ;*arraylength {reexecute=0 rethrow=0 return_oop=0}
                      ; - com.badlogic.gdx.graphics.VertexAttributes::size@4 (line 103)
                      ; - com.badlogic.gdx.graphics.glutils.VertexArray::unbind@4 (line 142)
                      ; - com.badlogic.gdx.graphics.Mesh::unbind@6 (line 398)
                      ; - com.badlogic.gdx.graphics.Mesh::unbind@3 (line 389)
                      ; - com.badlogic.gdx.graphics.Mesh::render@178 (line 501)
                      ; - com.badlogic.gdx.graphics.Mesh::render@10 (line 449)
                      ; - com.badlogic.gdx.graphics.g2d.SpriteBatch::flush@176 (line 975)
  0x00007f1a1fb0ba4c: 90fd 94ff 

  0x00007f1a1fb0ba50: ;   {post_call_nop}
  0x00007f1a1fb0ba50: 0f1f 8400 | 4821 0076 | bef6 ffff | ff66 6690 

  0x00007f1a1fb0ba60: ;   {runtime_call UncommonTrapBlob}
  0x00007f1a1fb0ba60: c5f8 77e8 

  0x00007f1a1fb0ba64: ; ImmutableOopMap {}
                      ;*invokeinterface getNumIndices {reexecute=0 rethrow=0 return_oop=0}
                      ; - com.badlogic.gdx.graphics.Mesh::unbind@15 (line 399)
                      ; - com.badlogic.gdx.graphics.Mesh::unbind@3 (line 389)
                      ; - com.badlogic.gdx.graphics.Mesh::render@178 (line 501)
                      ; - com.badlogic.gdx.graphics.Mesh::render@10 (line 449)
                      ; - com.badlogic.gdx.graphics.g2d.SpriteBatch::flush@176 (line 975)
  0x00007f1a1fb0ba64: 78fd 94ff 

  0x00007f1a1fb0ba68: ;   {post_call_nop}
  0x00007f1a1fb0ba68: 0f1f 8400 | 6021 0077 | bef6 ffff | ff66 6690 

  0x00007f1a1fb0ba78: ;   {runtime_call UncommonTrapBlob}
  0x00007f1a1fb0ba78: c5f8 77e8 

  0x00007f1a1fb0ba7c: ; ImmutableOopMap {}
                      ;*invokevirtual limit {reexecute=0 rethrow=0 return_oop=0}
                      ; - com.badlogic.gdx.graphics.glutils.IndexArray::getNumIndices@15 (line 49)
                      ; - com.badlogic.gdx.graphics.Mesh::unbind@15 (line 399)
                      ; - com.badlogic.gdx.graphics.Mesh::unbind@3 (line 389)
                      ; - com.badlogic.gdx.graphics.Mesh::render@178 (line 501)
                      ; - com.badlogic.gdx.graphics.Mesh::render@10 (line 449)
                      ; - com.badlogic.gdx.graphics.g2d.SpriteBatch::flush@176 (line 975)
  0x00007f1a1fb0ba7c: 60fd 94ff 

  0x00007f1a1fb0ba80: ;   {post_call_nop}
  0x00007f1a1fb0ba80: 0f1f 8400 | 7821 0078 | 488b f0eb | 2148 8bf0 | eb1c 488b | f0eb 1748 | 8bf0 eb12 | 488b f0eb 
  0x00007f1a1fb0baa0: 0d48 8bf0 | eb08 488b | f0eb 0348 | 8bf0 c5f8 | 7748 83c4 

  0x00007f1a1fb0bab4: ;   {runtime_call C2 Runtime rethrow_blob}
  0x00007f1a1fb0bab4: 705d e925 

  0x00007f1a1fb0bab8: ;   {internal_word}
  0x00007f1a1fb0bab8: 7695 ff49 | ba06 a5b0 | 1f1a 7f00 | 004d 8997 | 1005 0000 

  0x00007f1a1fb0bacc: ;   {runtime_call SafepointBlob}
  0x00007f1a1fb0bacc: e98f b087 

  0x00007f1a1fb0bad0: ;   {runtime_call Stub::Stub Generator method_entry_barrier_stub}
  0x00007f1a1fb0bad0: ffe8 2a03 | 86ff e94f | dfff fff4 | f4f4 f4f4 
[Stub Code]
  0x00007f1a1fb0bae0: ;   {static_stub}
  0x00007f1a1fb0bae0: 48bb 0000 | 0000 0000 

  0x00007f1a1fb0bae8: ;   {runtime_call nmethod}
  0x00007f1a1fb0bae8: 0000 e9fb 

  0x00007f1a1fb0baec: ;   {static_stub}
  0x00007f1a1fb0baec: ffff ff48 | bb00 0000 | 0000 0000 

  0x00007f1a1fb0baf8: ;   {runtime_call nmethod}
  0x00007f1a1fb0baf8: 00e9 fbff 

  0x00007f1a1fb0bafc: ;   {static_stub}
  0x00007f1a1fb0bafc: ffff 48bb | 0000 0000 | 0000 0000 

  0x00007f1a1fb0bb08: ;   {runtime_call nmethod}
  0x00007f1a1fb0bb08: e9fb ffff 

  0x00007f1a1fb0bb0c: ;   {static_stub}
  0x00007f1a1fb0bb0c: ff48 bb00 | 0000 0000 

  0x00007f1a1fb0bb14: ;   {runtime_call nmethod}
  0x00007f1a1fb0bb14: 0000 00e9 | fbff ffff 

  0x00007f1a1fb0bb1c: ;   {static_stub}
  0x00007f1a1fb0bb1c: 48bb 0000 | 0000 0000 

  0x00007f1a1fb0bb24: ;   {runtime_call nmethod}
  0x00007f1a1fb0bb24: 0000 e9fb 

  0x00007f1a1fb0bb28: ;   {static_stub}
  0x00007f1a1fb0bb28: ffff ff48 | bb00 0000 | 0000 0000 

  0x00007f1a1fb0bb34: ;   {runtime_call nmethod}
  0x00007f1a1fb0bb34: 00e9 fbff 

  0x00007f1a1fb0bb38: ;   {static_stub}
  0x00007f1a1fb0bb38: ffff 48bb | 0000 0000 | 0000 0000 

  0x00007f1a1fb0bb44: ;   {runtime_call nmethod}
  0x00007f1a1fb0bb44: e9fb ffff 

  0x00007f1a1fb0bb48: ;   {static_stub}
  0x00007f1a1fb0bb48: ff48 bb00 | 0000 0000 

  0x00007f1a1fb0bb50: ;   {runtime_call nmethod}
  0x00007f1a1fb0bb50: 0000 00e9 | fbff ffff 

  0x00007f1a1fb0bb58: ;   {runtime_call DeoptimizationBlob}
  0x00007f1a1fb0bb58: e803 b387 | ffeb f9f4 
[/MachCode]


---------------  P R O C E S S  ---------------

Threads class SMR info:
_java_thread_list=0x00007f19f73d9470, length=16, elements={
0x00007f1a300e9200, 0x00007f1a300ea370, 0x00007f1a300ebe80, 0x00007f1a300ed6f0,
0x00007f1a300eef50, 0x00007f1a300f1140, 0x00007f1a300f2b20, 0x00007f1a300fec00,
0x00007f1a30101120, 0x00007f1a30222e30, 0x00007f1a3027e720, 0x00007f1a3027fd80,
0x00007f1a30325480, 0x00007f1a300184a0, 0x00007f19f4c9e2d0, 0x00007f19c39701c0
}

Java Threads: ( => current thread )
  0x00007f1a300e9200 JavaThread "Reference Handler"          daemon [_thread_blocked, id=186133, stack(0x00007f1a34132000,0x00007f1a34232000) (1024K)]
  0x00007f1a300ea370 JavaThread "Finalizer"                  daemon [_thread_blocked, id=186134, stack(0x00007f1a2ff00000,0x00007f1a30000000) (1024K)]
  0x00007f1a300ebe80 JavaThread "Signal Dispatcher"          daemon [_thread_blocked, id=186135, stack(0x00007f1a09900000,0x00007f1a09a00000) (1024K)]
  0x00007f1a300ed6f0 JavaThread "Service Thread"             daemon [_thread_blocked, id=186136, stack(0x00007f1a097ff000,0x00007f1a098ff000) (1024K)]
  0x00007f1a300eef50 JavaThread "Monitor Deflation Thread"   daemon [_thread_blocked, id=186137, stack(0x00007f1a096fe000,0x00007f1a097fe000) (1024K)]
  0x00007f1a300f1140 JavaThread "C2 CompilerThread0"         daemon [_thread_blocked, id=186138, stack(0x00007f1a095fd000,0x00007f1a096fd000) (1024K)]
  0x00007f1a300f2b20 JavaThread "C1 CompilerThread0"         daemon [_thread_blocked, id=186139, stack(0x00007f1a094fc000,0x00007f1a095fc000) (1024K)]
  0x00007f1a300fec00 JavaThread "Notification Thread"        daemon [_thread_blocked, id=186140, stack(0x00007f1a093fb000,0x00007f1a094fb000) (1024K)]
  0x00007f1a30101120 JavaThread "Common-Cleaner"             daemon [_thread_blocked, id=186141, stack(0x00007f1a092fa000,0x00007f1a093fa000) (1024K)]
  0x00007f1a30222e30 JavaThread "InnocuousThread-1"          daemon [_thread_blocked, id=186143, stack(0x00007f1a090f8000,0x00007f1a091f8000) (1024K)]
  0x00007f1a3027e720 JavaThread "Java2D Disposer"            daemon [_thread_blocked, id=186145, stack(0x00007f1a080a5000,0x00007f1a081a5000) (1024K)]
  0x00007f1a3027fd80 JavaThread "AWT-XAWT"                   daemon [_thread_in_native, id=186146, stack(0x00007f19e3f00000,0x00007f19e4000000) (1024K)]
=>0x00007f1a30325480 JavaThread "LWJGL Application"                 [_thread_in_native, id=186150, stack(0x00007f19de5ff000,0x00007f19de6ff000) (1024K)]
  0x00007f1a300184a0 JavaThread "DestroyJavaVM"                     [_thread_blocked, id=186121, stack(0x00007f1a37300000,0x00007f1a37400000) (1024K)]
  0x00007f19f4c9e2d0 JavaThread "Thread-1"                          [_thread_blocked, id=186166, stack(0x00007f1a091f9000,0x00007f1a092f9000) (1024K)]
  0x00007f19c39701c0 JavaThread "process reaper"             daemon [_thread_blocked, id=187355, stack(0x00007f19e3a82000,0x00007f19e3aa4000) (136K)]
Total: 16

Other Threads:
  0x00007f1a300e03b0 VMThread "VM Thread"                           [id=186132, stack(0x00007f1a34233000,0x00007f1a34333000) (1024K)]
  0x00007f1a300cece0 WatcherThread "VM Periodic Task Thread"        [id=186131, stack(0x00007f1a34334000,0x00007f1a34434000) (1024K)]
  0x00007f1a300666b0 WorkerThread "GC Thread#0"                     [id=186122, stack(0x00007f1a35142000,0x00007f1a35242000) (1024K)]
  0x00007f19f4102270 WorkerThread "GC Thread#1"                     [id=186144, stack(0x00007f1a081a6000,0x00007f1a082a6000) (1024K)]
  0x00007f19f411b640 WorkerThread "GC Thread#2"                     [id=186154, stack(0x00007f19de4fe000,0x00007f19de5fe000) (1024K)]
  0x00007f19f411bf20 WorkerThread "GC Thread#3"                     [id=186155, stack(0x00007f19de3fd000,0x00007f19de4fd000) (1024K)]
  0x00007f19f45aeb30 WorkerThread "GC Thread#4"                     [id=186162, stack(0x00007f19cf280000,0x00007f19cf380000) (1024K)]
  0x00007f19f45b8a00 WorkerThread "GC Thread#5"                     [id=186163, stack(0x00007f19cccfc000,0x00007f19ccdfc000) (1024K)]
  0x00007f19f7992c20 WorkerThread "GC Thread#6"                     [id=186186, stack(0x00007f19cc0f8000,0x00007f19cc1f8000) (1024K)]
  0x00007f19f528e210 WorkerThread "GC Thread#7"                     [id=186187, stack(0x00007f19c52b0000,0x00007f19c53b0000) (1024K)]
  0x00007f1a3007ec40 ConcurrentGCThread "G1 Main Marker"            [id=186123, stack(0x00007f1a35041000,0x00007f1a35141000) (1024K)]
  0x00007f1a3007fd10 WorkerThread "G1 Conc#0"                       [id=186124, stack(0x00007f1a34f40000,0x00007f1a35040000) (1024K)]
  0x00007f1a100069d0 WorkerThread "G1 Conc#1"                       [id=186167, stack(0x00007f19cc3fb000,0x00007f19cc4fb000) (1024K)]
  0x00007f1a300b6e30 WorkerThread "G1 Refinement Workers#0"         [id=186126, stack(0x00007f1a34536000,0x00007f1a34636000) (1024K)]
  0x00007f1a300b5be0 ConcurrentGCThread "G1 Refine Control"         [id=186125, stack(0x00007f1a34637000,0x00007f1a34737000) (1024K)]
  0x00007f1a300b7f40 ConcurrentGCThread "G1 Service"                [id=186127, stack(0x00007f1a34435000,0x00007f1a34535000) (1024K)]
Total: 16

Threads with active compile tasks:
Total: 0

VM state: not at safepoint (normal execution)

VM Mutex/Monitor currently owned by a thread: None

Heap address: 0x000000070c000000, size: 3904 MB, Compressed Oops mode: Zero based, Oop shift amount: 3

CDS archive(s) mapped at: [0x0000000080000000-0x0000000080da7000-0x0000000080da7000), size 14315520, SharedBaseAddress: 0x0000000080000000, ArchiveRelocationMode: 1.
Compressed class space mapped at: 0x0000000081000000-0x00000000c1000000, reserved size: 1073741824
UseCompressedClassPointers 1, UseCompactObjectHeaders 0
Narrow klass pointer bits 32, Max shift 3
Narrow klass base: 0x0000000080000000, Narrow klass shift: 0
Encoding Range: [0x0000000080000000 - 0x0000000180000000), (4294967296 bytes)
Klass Range:    [0x0000000080000000 - 0x00000000c1000000), (1090519040 bytes)
Klass ID Range:  [8 - 1090519033) (1090519025)
Protection zone: [0x0000000080000000 - 0x0000000080001000), (4096 bytes)

GC Precious Log:
 CardTable entry size: 512
 Card Set container configuration: InlinePtr #cards 4 size 8 Array Of Cards #cards 16 size 48 Howl #buckets 8 coarsen threshold 3686 Howl Bitmap #cards 512 size 80 coarsen threshold 460 Card regions per heap region 1 cards per card region 4096
 CPUs: 12 total, 8 available
 Memory: 15608M
 Large Page Support: Disabled
 NUMA Support: Disabled
 Compressed Oops: Enabled (Zero based)
 Heap Region Size: 2M
 Heap Min Capacity: 8M
 Heap Initial Capacity: 8M
 Heap Max Capacity: 3904M
 Pre-touch: Disabled
 Parallel Workers: 8
 Concurrent Workers: 2
 Concurrent Refinement Workers: 8
 Periodic GC: Disabled

Heap:
 garbage-first heap   total reserved 3997696K, committed 430080K, used 192562K [0x000000070c000000, 0x0000000800000000)
  region size 2M, 67 eden (134M), 4 survivor (8M), 25 old (50M), 0 humongous (0M), 114 free (228M)

Heap Regions: E=young(eden), S=young(survivor), O=old, HS=humongous(starts), HC=humongous(continues), CS=collection set, F=free, TAMS=top-at-mark-start, PB=parsable bottom
|    0|0x000000070c000000, 0x000000070c200000, 0x000000070c200000|100%| O|  |TAMS 0x000000070c000000| PB 0x000000070c000000| Untracked |  0
|    1|0x000000070c200000, 0x000000070c400000, 0x000000070c400000|100%| O|  |TAMS 0x000000070c200000| PB 0x000000070c200000| Untracked |  0
|    2|0x000000070c400000, 0x000000070c600000, 0x000000070c600000|100%| O|  |TAMS 0x000000070c400000| PB 0x000000070c400000| Untracked |  0
|    3|0x000000070c600000, 0x000000070c800000, 0x000000070c800000|100%| O|  |TAMS 0x000000070c600000| PB 0x000000070c600000| Untracked |  0
|    4|0x000000070c800000, 0x000000070c84ef70, 0x000000070ca00000| 15%| O|  |TAMS 0x000000070c800000| PB 0x000000070c800000| Untracked |  0
|    5|0x000000070ca00000, 0x000000070ca00000, 0x000000070cc00000|  0%| F|  |TAMS 0x000000070ca00000| PB 0x000000070ca00000| Untracked |  0
|    6|0x000000070cc00000, 0x000000070ce00000, 0x000000070ce00000|100%| O|  |TAMS 0x000000070cc00000| PB 0x000000070cc00000| Untracked |  0
|    7|0x000000070ce00000, 0x000000070d000000, 0x000000070d000000|100%| O|  |TAMS 0x000000070ce00000| PB 0x000000070ce00000| Untracked |  0
|    8|0x000000070d000000, 0x000000070d200000, 0x000000070d200000|100%| O|  |TAMS 0x000000070d000000| PB 0x000000070d000000| Untracked |  0
|    9|0x000000070d200000, 0x000000070d400000, 0x000000070d400000|100%| O|  |TAMS 0x000000070d200000| PB 0x000000070d200000| Untracked |  0
|   10|0x000000070d400000, 0x000000070d600000, 0x000000070d600000|100%| O|  |TAMS 0x000000070d400000| PB 0x000000070d400000| Untracked |  0
|   11|0x000000070d600000, 0x000000070d800000, 0x000000070d800000|100%| O|  |TAMS 0x000000070d600000| PB 0x000000070d600000| Untracked |  0
|   12|0x000000070d800000, 0x000000070da00000, 0x000000070da00000|100%| O|  |TAMS 0x000000070d800000| PB 0x000000070d800000| Untracked |  0
|   13|0x000000070da00000, 0x000000070dc00000, 0x000000070dc00000|100%| O|  |TAMS 0x000000070da00000| PB 0x000000070da00000| Untracked |  0
|   14|0x000000070dc00000, 0x000000070de00000, 0x000000070de00000|100%| O|  |TAMS 0x000000070dc00000| PB 0x000000070dc00000| Untracked |  0
|   15|0x000000070de00000, 0x000000070e000000, 0x000000070e000000|100%| O|  |TAMS 0x000000070de00000| PB 0x000000070de00000| Untracked |  0
|   16|0x000000070e000000, 0x000000070e200000, 0x000000070e200000|100%| O|  |TAMS 0x000000070e000000| PB 0x000000070e000000| Untracked |  0
|   17|0x000000070e200000, 0x000000070e200000, 0x000000070e400000|  0%| F|  |TAMS 0x000000070e200000| PB 0x000000070e200000| Untracked |  0
|   18|0x000000070e400000, 0x000000070e600000, 0x000000070e600000|100%| O|  |TAMS 0x000000070e400000| PB 0x000000070e400000| Untracked |  0
|   19|0x000000070e600000, 0x000000070e800000, 0x000000070e800000|100%| O|  |TAMS 0x000000070e600000| PB 0x000000070e600000| Untracked |  0
|   20|0x000000070e800000, 0x000000070ea00000, 0x000000070ea00000|100%| O|  |TAMS 0x000000070e800000| PB 0x000000070e800000| Untracked |  0
|   21|0x000000070ea00000, 0x000000070ec00000, 0x000000070ec00000|100%| O|  |TAMS 0x000000070ea00000| PB 0x000000070ea00000| Untracked |  0
|   22|0x000000070ec00000, 0x000000070ee00000, 0x000000070ee00000|100%| O|  |TAMS 0x000000070ec00000| PB 0x000000070ec00000| Untracked |  0
|   23|0x000000070ee00000, 0x000000070f000000, 0x000000070f000000|100%| O|  |TAMS 0x000000070ee00000| PB 0x000000070ee00000| Untracked |  0
|   24|0x000000070f000000, 0x000000070f200000, 0x000000070f200000|100%| O|  |TAMS 0x000000070f000000| PB 0x000000070f000000| Untracked |  0
|   25|0x000000070f200000, 0x000000070f400000, 0x000000070f400000|100%| O|  |TAMS 0x000000070f200000| PB 0x000000070f200000| Untracked |  0
|   26|0x000000070f400000, 0x000000070f400000, 0x000000070f600000|  0%| F|  |TAMS 0x000000070f400000| PB 0x000000070f400000| Untracked |  0
|   27|0x000000070f600000, 0x000000070f600000, 0x000000070f800000|  0%| F|  |TAMS 0x000000070f600000| PB 0x000000070f600000| Untracked |  0
|   28|0x000000070f800000, 0x000000070f800000, 0x000000070fa00000|  0%| F|  |TAMS 0x000000070f800000| PB 0x000000070f800000| Untracked |  0
|   29|0x000000070fa00000, 0x000000070fa00000, 0x000000070fc00000|  0%| F|  |TAMS 0x000000070fa00000| PB 0x000000070fa00000| Untracked |  0
|   30|0x000000070fc00000, 0x000000070fc00000, 0x000000070fe00000|  0%| F|  |TAMS 0x000000070fc00000| PB 0x000000070fc00000| Untracked |  0
|   31|0x000000070fe00000, 0x000000070fe00000, 0x0000000710000000|  0%| F|  |TAMS 0x000000070fe00000| PB 0x000000070fe00000| Untracked |  0
|   32|0x0000000710000000, 0x0000000710000000, 0x0000000710200000|  0%| F|  |TAMS 0x0000000710000000| PB 0x0000000710000000| Untracked |  0
|   33|0x0000000710200000, 0x0000000710200000, 0x0000000710400000|  0%| F|  |TAMS 0x0000000710200000| PB 0x0000000710200000| Untracked |  0
|   34|0x0000000710400000, 0x0000000710400000, 0x0000000710600000|  0%| F|  |TAMS 0x0000000710400000| PB 0x0000000710400000| Untracked |  0
|   35|0x0000000710600000, 0x0000000710600000, 0x0000000710800000|  0%| F|  |TAMS 0x0000000710600000| PB 0x0000000710600000| Untracked |  0
|   36|0x0000000710800000, 0x0000000710800000, 0x0000000710a00000|  0%| F|  |TAMS 0x0000000710800000| PB 0x0000000710800000| Untracked |  0
|   37|0x0000000710a00000, 0x0000000710a00000, 0x0000000710c00000|  0%| F|  |TAMS 0x0000000710a00000| PB 0x0000000710a00000| Untracked |  0
|   38|0x0000000710c00000, 0x0000000710c00000, 0x0000000710e00000|  0%| F|  |TAMS 0x0000000710c00000| PB 0x0000000710c00000| Untracked |  0
|   39|0x0000000710e00000, 0x0000000710e00000, 0x0000000711000000|  0%| F|  |TAMS 0x0000000710e00000| PB 0x0000000710e00000| Untracked |  0
|   40|0x0000000711000000, 0x0000000711000000, 0x0000000711200000|  0%| F|  |TAMS 0x0000000711000000| PB 0x0000000711000000| Untracked |  0
|   41|0x0000000711200000, 0x0000000711200000, 0x0000000711400000|  0%| F|  |TAMS 0x0000000711200000| PB 0x0000000711200000| Untracked |  0
|   42|0x0000000711400000, 0x0000000711400000, 0x0000000711600000|  0%| F|  |TAMS 0x0000000711400000| PB 0x0000000711400000| Untracked |  0
|   43|0x0000000711600000, 0x0000000711600000, 0x0000000711800000|  0%| F|  |TAMS 0x0000000711600000| PB 0x0000000711600000| Untracked |  0
|   44|0x0000000711800000, 0x0000000711800000, 0x0000000711a00000|  0%| F|  |TAMS 0x0000000711800000| PB 0x0000000711800000| Untracked |  0
|   45|0x0000000711a00000, 0x0000000711a00000, 0x0000000711c00000|  0%| F|  |TAMS 0x0000000711a00000| PB 0x0000000711a00000| Untracked |  0
|   46|0x0000000711c00000, 0x0000000711c00000, 0x0000000711e00000|  0%| F|  |TAMS 0x0000000711c00000| PB 0x0000000711c00000| Untracked |  0
|   47|0x0000000711e00000, 0x0000000711e00000, 0x0000000712000000|  0%| F|  |TAMS 0x0000000711e00000| PB 0x0000000711e00000| Untracked |  0
|   48|0x0000000712000000, 0x0000000712000000, 0x0000000712200000|  0%| F|  |TAMS 0x0000000712000000| PB 0x0000000712000000| Untracked |  0
|   49|0x0000000712200000, 0x0000000712200000, 0x0000000712400000|  0%| F|  |TAMS 0x0000000712200000| PB 0x0000000712200000| Untracked |  0
|   50|0x0000000712400000, 0x0000000712400000, 0x0000000712600000|  0%| F|  |TAMS 0x0000000712400000| PB 0x0000000712400000| Untracked |  0
|   51|0x0000000712600000, 0x0000000712600000, 0x0000000712800000|  0%| F|  |TAMS 0x0000000712600000| PB 0x0000000712600000| Untracked |  0
|   52|0x0000000712800000, 0x0000000712800000, 0x0000000712a00000|  0%| F|  |TAMS 0x0000000712800000| PB 0x0000000712800000| Untracked |  0
|   53|0x0000000712a00000, 0x0000000712a00000, 0x0000000712c00000|  0%| F|  |TAMS 0x0000000712a00000| PB 0x0000000712a00000| Untracked |  0
|   54|0x0000000712c00000, 0x0000000712c00000, 0x0000000712e00000|  0%| F|  |TAMS 0x0000000712c00000| PB 0x0000000712c00000| Untracked |  0
|   55|0x0000000712e00000, 0x0000000712e00000, 0x0000000713000000|  0%| F|  |TAMS 0x0000000712e00000| PB 0x0000000712e00000| Untracked |  0
|   56|0x0000000713000000, 0x0000000713000000, 0x0000000713200000|  0%| F|  |TAMS 0x0000000713000000| PB 0x0000000713000000| Untracked |  0
|   57|0x0000000713200000, 0x0000000713200000, 0x0000000713400000|  0%| F|  |TAMS 0x0000000713200000| PB 0x0000000713200000| Untracked |  0
|   58|0x0000000713400000, 0x0000000713400000, 0x0000000713600000|  0%| F|  |TAMS 0x0000000713400000| PB 0x0000000713400000| Untracked |  0
|   59|0x0000000713600000, 0x0000000713600000, 0x0000000713800000|  0%| F|  |TAMS 0x0000000713600000| PB 0x0000000713600000| Untracked |  0
|   60|0x0000000713800000, 0x0000000713800000, 0x0000000713a00000|  0%| F|  |TAMS 0x0000000713800000| PB 0x0000000713800000| Untracked |  0
|   61|0x0000000713a00000, 0x0000000713a00000, 0x0000000713c00000|  0%| F|  |TAMS 0x0000000713a00000| PB 0x0000000713a00000| Untracked |  0
|   62|0x0000000713c00000, 0x0000000713c00000, 0x0000000713e00000|  0%| F|  |TAMS 0x0000000713c00000| PB 0x0000000713c00000| Untracked |  0
|   63|0x0000000713e00000, 0x0000000713e00000, 0x0000000714000000|  0%| F|  |TAMS 0x0000000713e00000| PB 0x0000000713e00000| Untracked |  0
|   64|0x0000000714000000, 0x0000000714000000, 0x0000000714200000|  0%| F|  |TAMS 0x0000000714000000| PB 0x0000000714000000| Untracked |  0
|   65|0x0000000714200000, 0x0000000714200000, 0x0000000714400000|  0%| F|  |TAMS 0x0000000714200000| PB 0x0000000714200000| Untracked |  0
|   66|0x0000000714400000, 0x0000000714400000, 0x0000000714600000|  0%| F|  |TAMS 0x0000000714400000| PB 0x0000000714400000| Untracked |  0
|   67|0x0000000714600000, 0x0000000714600000, 0x0000000714800000|  0%| F|  |TAMS 0x0000000714600000| PB 0x0000000714600000| Untracked |  0
|   68|0x0000000714800000, 0x0000000714800000, 0x0000000714a00000|  0%| F|  |TAMS 0x0000000714800000| PB 0x0000000714800000| Untracked |  0
|   69|0x0000000714a00000, 0x0000000714a00000, 0x0000000714c00000|  0%| F|  |TAMS 0x0000000714a00000| PB 0x0000000714a00000| Untracked |  0
|   70|0x0000000714c00000, 0x0000000714c00000, 0x0000000714e00000|  0%| F|  |TAMS 0x0000000714c00000| PB 0x0000000714c00000| Untracked |  0
|   71|0x0000000714e00000, 0x0000000714e00000, 0x0000000715000000|  0%| F|  |TAMS 0x0000000714e00000| PB 0x0000000714e00000| Untracked |  0
|   72|0x0000000715000000, 0x0000000715000000, 0x0000000715200000|  0%| F|  |TAMS 0x0000000715000000| PB 0x0000000715000000| Untracked |  0
|   73|0x0000000715200000, 0x0000000715200000, 0x0000000715400000|  0%| F|  |TAMS 0x0000000715200000| PB 0x0000000715200000| Untracked |  0
|   74|0x0000000715400000, 0x0000000715400000, 0x0000000715600000|  0%| F|  |TAMS 0x0000000715400000| PB 0x0000000715400000| Untracked |  0
|   75|0x0000000715600000, 0x0000000715600000, 0x0000000715800000|  0%| F|  |TAMS 0x0000000715600000| PB 0x0000000715600000| Untracked |  0
|   76|0x0000000715800000, 0x0000000715800000, 0x0000000715a00000|  0%| F|  |TAMS 0x0000000715800000| PB 0x0000000715800000| Untracked |  0
|   77|0x0000000715a00000, 0x0000000715a00000, 0x0000000715c00000|  0%| F|  |TAMS 0x0000000715a00000| PB 0x0000000715a00000| Untracked |  0
|   78|0x0000000715c00000, 0x0000000715c00000, 0x0000000715e00000|  0%| F|  |TAMS 0x0000000715c00000| PB 0x0000000715c00000| Untracked |  0
|   79|0x0000000715e00000, 0x0000000715e00000, 0x0000000716000000|  0%| F|  |TAMS 0x0000000715e00000| PB 0x0000000715e00000| Untracked |  0
|   80|0x0000000716000000, 0x0000000716000000, 0x0000000716200000|  0%| F|  |TAMS 0x0000000716000000| PB 0x0000000716000000| Untracked |  0
|   81|0x0000000716200000, 0x0000000716200000, 0x0000000716400000|  0%| F|  |TAMS 0x0000000716200000| PB 0x0000000716200000| Untracked |  0
|   82|0x0000000716400000, 0x0000000716400000, 0x0000000716600000|  0%| F|  |TAMS 0x0000000716400000| PB 0x0000000716400000| Untracked |  0
|   83|0x0000000716600000, 0x00000007167bd9b0, 0x0000000716800000| 87%| S|CS|TAMS 0x0000000716600000| PB 0x0000000716600000| Complete  |  0
|   84|0x0000000716800000, 0x0000000716a00000, 0x0000000716a00000|100%| S|CS|TAMS 0x0000000716800000| PB 0x0000000716800000| Complete  |  0
|   85|0x0000000716a00000, 0x0000000716c00000, 0x0000000716c00000|100%| S|CS|TAMS 0x0000000716a00000| PB 0x0000000716a00000| Complete  |  0
|   86|0x0000000716c00000, 0x0000000716e00000, 0x0000000716e00000|100%| S|CS|TAMS 0x0000000716c00000| PB 0x0000000716c00000| Complete  |  0
|   87|0x0000000716e00000, 0x0000000716e00000, 0x0000000717000000|  0%| F|  |TAMS 0x0000000716e00000| PB 0x0000000716e00000| Untracked |  0
|   88|0x0000000717000000, 0x0000000717000000, 0x0000000717200000|  0%| F|  |TAMS 0x0000000717000000| PB 0x0000000717000000| Untracked |  0
|   89|0x0000000717200000, 0x0000000717200000, 0x0000000717400000|  0%| F|  |TAMS 0x0000000717200000| PB 0x0000000717200000| Untracked |  0
|   90|0x0000000717400000, 0x0000000717400000, 0x0000000717600000|  0%| F|  |TAMS 0x0000000717400000| PB 0x0000000717400000| Untracked |  0
|   91|0x0000000717600000, 0x0000000717600000, 0x0000000717800000|  0%| F|  |TAMS 0x0000000717600000| PB 0x0000000717600000| Untracked |  0
|   92|0x0000000717800000, 0x0000000717800000, 0x0000000717a00000|  0%| F|  |TAMS 0x0000000717800000| PB 0x0000000717800000| Untracked |  0
|   93|0x0000000717a00000, 0x0000000717a00000, 0x0000000717c00000|  0%| F|  |TAMS 0x0000000717a00000| PB 0x0000000717a00000| Untracked |  0
|   94|0x0000000717c00000, 0x0000000717c00000, 0x0000000717e00000|  0%| F|  |TAMS 0x0000000717c00000| PB 0x0000000717c00000| Untracked |  0
|   95|0x0000000717e00000, 0x0000000717e00000, 0x0000000718000000|  0%| F|  |TAMS 0x0000000717e00000| PB 0x0000000717e00000| Untracked |  0
|   96|0x0000000718000000, 0x0000000718000000, 0x0000000718200000|  0%| F|  |TAMS 0x0000000718000000| PB 0x0000000718000000| Untracked |  0
|   97|0x0000000718200000, 0x0000000718200000, 0x0000000718400000|  0%| F|  |TAMS 0x0000000718200000| PB 0x0000000718200000| Untracked |  0
|   98|0x0000000718400000, 0x0000000718400000, 0x0000000718600000|  0%| F|  |TAMS 0x0000000718400000| PB 0x0000000718400000| Untracked |  0
|   99|0x0000000718600000, 0x0000000718600000, 0x0000000718800000|  0%| F|  |TAMS 0x0000000718600000| PB 0x0000000718600000| Untracked |  0
|  100|0x0000000718800000, 0x0000000718800000, 0x0000000718a00000|  0%| F|  |TAMS 0x0000000718800000| PB 0x0000000718800000| Untracked |  0
|  101|0x0000000718a00000, 0x0000000718a00000, 0x0000000718c00000|  0%| F|  |TAMS 0x0000000718a00000| PB 0x0000000718a00000| Untracked |  0
|  102|0x0000000718c00000, 0x0000000718c00000, 0x0000000718e00000|  0%| F|  |TAMS 0x0000000718c00000| PB 0x0000000718c00000| Untracked |  0
|  103|0x0000000718e00000, 0x0000000718e00000, 0x0000000719000000|  0%| F|  |TAMS 0x0000000718e00000| PB 0x0000000718e00000| Untracked |  0
|  104|0x0000000719000000, 0x0000000719000000, 0x0000000719200000|  0%| F|  |TAMS 0x0000000719000000| PB 0x0000000719000000| Untracked |  0
|  105|0x0000000719200000, 0x0000000719200000, 0x0000000719400000|  0%| F|  |TAMS 0x0000000719200000| PB 0x0000000719200000| Untracked |  0
|  106|0x0000000719400000, 0x0000000719400000, 0x0000000719600000|  0%| F|  |TAMS 0x0000000719400000| PB 0x0000000719400000| Untracked |  0
|  107|0x0000000719600000, 0x0000000719600000, 0x0000000719800000|  0%| F|  |TAMS 0x0000000719600000| PB 0x0000000719600000| Untracked |  0
|  108|0x0000000719800000, 0x0000000719800000, 0x0000000719a00000|  0%| F|  |TAMS 0x0000000719800000| PB 0x0000000719800000| Untracked |  0
|  109|0x0000000719a00000, 0x0000000719a00000, 0x0000000719c00000|  0%| F|  |TAMS 0x0000000719a00000| PB 0x0000000719a00000| Untracked |  0
|  110|0x0000000719c00000, 0x0000000719c00000, 0x0000000719e00000|  0%| F|  |TAMS 0x0000000719c00000| PB 0x0000000719c00000| Untracked |  0
|  111|0x0000000719e00000, 0x0000000719e00000, 0x000000071a000000|  0%| F|  |TAMS 0x0000000719e00000| PB 0x0000000719e00000| Untracked |  0
|  112|0x000000071a000000, 0x000000071a000000, 0x000000071a200000|  0%| F|  |TAMS 0x000000071a000000| PB 0x000000071a000000| Untracked |  0
|  113|0x000000071a200000, 0x000000071a200000, 0x000000071a400000|  0%| F|  |TAMS 0x000000071a200000| PB 0x000000071a200000| Untracked |  0
|  114|0x000000071a400000, 0x000000071a400000, 0x000000071a600000|  0%| F|  |TAMS 0x000000071a400000| PB 0x000000071a400000| Untracked |  0
|  115|0x000000071a600000, 0x000000071a600000, 0x000000071a800000|  0%| F|  |TAMS 0x000000071a600000| PB 0x000000071a600000| Untracked |  0
|  116|0x000000071a800000, 0x000000071a800000, 0x000000071aa00000|  0%| F|  |TAMS 0x000000071a800000| PB 0x000000071a800000| Untracked |  0
|  117|0x000000071aa00000, 0x000000071aa00000, 0x000000071ac00000|  0%| F|  |TAMS 0x000000071aa00000| PB 0x000000071aa00000| Untracked |  0
|  118|0x000000071ac00000, 0x000000071ac00000, 0x000000071ae00000|  0%| F|  |TAMS 0x000000071ac00000| PB 0x000000071ac00000| Untracked |  0
|  119|0x000000071ae00000, 0x000000071ae00000, 0x000000071b000000|  0%| F|  |TAMS 0x000000071ae00000| PB 0x000000071ae00000| Untracked |  0
|  120|0x000000071b000000, 0x000000071b000000, 0x000000071b200000|  0%| F|  |TAMS 0x000000071b000000| PB 0x000000071b000000| Untracked |  0
|  121|0x000000071b200000, 0x000000071b200000, 0x000000071b400000|  0%| F|  |TAMS 0x000000071b200000| PB 0x000000071b200000| Untracked |  0
|  122|0x000000071b400000, 0x000000071b400000, 0x000000071b600000|  0%| F|  |TAMS 0x000000071b400000| PB 0x000000071b400000| Untracked |  0
|  123|0x000000071b600000, 0x000000071b600000, 0x000000071b800000|  0%| F|  |TAMS 0x000000071b600000| PB 0x000000071b600000| Untracked |  0
|  124|0x000000071b800000, 0x000000071b800000, 0x000000071ba00000|  0%| F|  |TAMS 0x000000071b800000| PB 0x000000071b800000| Untracked |  0
|  125|0x000000071ba00000, 0x000000071ba00000, 0x000000071bc00000|  0%| F|  |TAMS 0x000000071ba00000| PB 0x000000071ba00000| Untracked |  0
|  126|0x000000071bc00000, 0x000000071bc00000, 0x000000071be00000|  0%| F|  |TAMS 0x000000071bc00000| PB 0x000000071bc00000| Untracked |  0
|  127|0x000000071be00000, 0x000000071be00000, 0x000000071c000000|  0%| F|  |TAMS 0x000000071be00000| PB 0x000000071be00000| Untracked |  0
|  128|0x000000071c000000, 0x000000071c000000, 0x000000071c200000|  0%| F|  |TAMS 0x000000071c000000| PB 0x000000071c000000| Untracked |  0
|  129|0x000000071c200000, 0x000000071c200000, 0x000000071c400000|  0%| F|  |TAMS 0x000000071c200000| PB 0x000000071c200000| Untracked |  0
|  130|0x000000071c400000, 0x000000071c400000, 0x000000071c600000|  0%| F|  |TAMS 0x000000071c400000| PB 0x000000071c400000| Untracked |  0
|  131|0x000000071c600000, 0x000000071c600000, 0x000000071c800000|  0%| F|  |TAMS 0x000000071c600000| PB 0x000000071c600000| Untracked |  0
|  132|0x000000071c800000, 0x000000071c800000, 0x000000071ca00000|  0%| F|  |TAMS 0x000000071c800000| PB 0x000000071c800000| Untracked |  0
|  133|0x000000071ca00000, 0x000000071ca00000, 0x000000071cc00000|  0%| F|  |TAMS 0x000000071ca00000| PB 0x000000071ca00000| Untracked |  0
|  134|0x000000071cc00000, 0x000000071cc00000, 0x000000071ce00000|  0%| F|  |TAMS 0x000000071cc00000| PB 0x000000071cc00000| Untracked |  0
|  135|0x000000071ce00000, 0x000000071ce00000, 0x000000071d000000|  0%| F|  |TAMS 0x000000071ce00000| PB 0x000000071ce00000| Untracked |  0
|  136|0x000000071d000000, 0x000000071d000000, 0x000000071d200000|  0%| F|  |TAMS 0x000000071d000000| PB 0x000000071d000000| Untracked |  0
|  137|0x000000071d200000, 0x000000071d200000, 0x000000071d400000|  0%| F|  |TAMS 0x000000071d200000| PB 0x000000071d200000| Untracked |  0
|  138|0x000000071d400000, 0x000000071d400000, 0x000000071d600000|  0%| F|  |TAMS 0x000000071d400000| PB 0x000000071d400000| Untracked |  0
|  139|0x000000071d600000, 0x000000071d600000, 0x000000071d800000|  0%| F|  |TAMS 0x000000071d600000| PB 0x000000071d600000| Untracked |  0
|  140|0x000000071d800000, 0x000000071d800000, 0x000000071da00000|  0%| F|  |TAMS 0x000000071d800000| PB 0x000000071d800000| Untracked |  0
|  141|0x000000071da00000, 0x000000071da00000, 0x000000071dc00000|  0%| F|  |TAMS 0x000000071da00000| PB 0x000000071da00000| Untracked |  0
|  142|0x000000071dc00000, 0x000000071de00000, 0x000000071de00000|100%| E|CS|TAMS 0x000000071dc00000| PB 0x000000071dc00000| Complete  |  0
|  143|0x000000071de00000, 0x000000071e000000, 0x000000071e000000|100%| E|CS|TAMS 0x000000071de00000| PB 0x000000071de00000| Complete  |  0
|  144|0x000000071e000000, 0x000000071e200000, 0x000000071e200000|100%| E|CS|TAMS 0x000000071e000000| PB 0x000000071e000000| Complete  |  0
|  145|0x000000071e200000, 0x000000071e400000, 0x000000071e400000|100%| E|CS|TAMS 0x000000071e200000| PB 0x000000071e200000| Complete  |  0
|  146|0x000000071e400000, 0x000000071e600000, 0x000000071e600000|100%| E|CS|TAMS 0x000000071e400000| PB 0x000000071e400000| Complete  |  0
|  147|0x000000071e600000, 0x000000071e800000, 0x000000071e800000|100%| E|CS|TAMS 0x000000071e600000| PB 0x000000071e600000| Complete  |  0
|  148|0x000000071e800000, 0x000000071ea00000, 0x000000071ea00000|100%| E|CS|TAMS 0x000000071e800000| PB 0x000000071e800000| Complete  |  0
|  149|0x000000071ea00000, 0x000000071ec00000, 0x000000071ec00000|100%| E|CS|TAMS 0x000000071ea00000| PB 0x000000071ea00000| Complete  |  0
|  150|0x000000071ec00000, 0x000000071ee00000, 0x000000071ee00000|100%| E|CS|TAMS 0x000000071ec00000| PB 0x000000071ec00000| Complete  |  0
|  151|0x000000071ee00000, 0x000000071f000000, 0x000000071f000000|100%| E|CS|TAMS 0x000000071ee00000| PB 0x000000071ee00000| Complete  |  0
|  152|0x000000071f000000, 0x000000071f200000, 0x000000071f200000|100%| E|CS|TAMS 0x000000071f000000| PB 0x000000071f000000| Complete  |  0
|  153|0x000000071f200000, 0x000000071f400000, 0x000000071f400000|100%| E|CS|TAMS 0x000000071f200000| PB 0x000000071f200000| Complete  |  0
|  154|0x000000071f400000, 0x000000071f600000, 0x000000071f600000|100%| E|CS|TAMS 0x000000071f400000| PB 0x000000071f400000| Complete  |  0
|  155|0x000000071f600000, 0x000000071f800000, 0x000000071f800000|100%| E|CS|TAMS 0x000000071f600000| PB 0x000000071f600000| Complete  |  0
|  156|0x000000071f800000, 0x000000071fa00000, 0x000000071fa00000|100%| E|CS|TAMS 0x000000071f800000| PB 0x000000071f800000| Complete  |  0
|  157|0x000000071fa00000, 0x000000071fc00000, 0x000000071fc00000|100%| E|CS|TAMS 0x000000071fa00000| PB 0x000000071fa00000| Complete  |  0
|  158|0x000000071fc00000, 0x000000071fe00000, 0x000000071fe00000|100%| E|CS|TAMS 0x000000071fc00000| PB 0x000000071fc00000| Complete  |  0
|  159|0x000000071fe00000, 0x0000000720000000, 0x0000000720000000|100%| E|CS|TAMS 0x000000071fe00000| PB 0x000000071fe00000| Complete  |  0
|  160|0x0000000720000000, 0x0000000720200000, 0x0000000720200000|100%| E|CS|TAMS 0x0000000720000000| PB 0x0000000720000000| Complete  |  0
|  161|0x0000000720200000, 0x0000000720400000, 0x0000000720400000|100%| E|CS|TAMS 0x0000000720200000| PB 0x0000000720200000| Complete  |  0
|  162|0x0000000720400000, 0x0000000720600000, 0x0000000720600000|100%| E|CS|TAMS 0x0000000720400000| PB 0x0000000720400000| Complete  |  0
|  163|0x0000000720600000, 0x0000000720800000, 0x0000000720800000|100%| E|CS|TAMS 0x0000000720600000| PB 0x0000000720600000| Complete  |  0
|  164|0x0000000720800000, 0x0000000720a00000, 0x0000000720a00000|100%| E|CS|TAMS 0x0000000720800000| PB 0x0000000720800000| Complete  |  0
|  165|0x0000000720a00000, 0x0000000720c00000, 0x0000000720c00000|100%| E|CS|TAMS 0x0000000720a00000| PB 0x0000000720a00000| Complete  |  0
|  166|0x0000000720c00000, 0x0000000720e00000, 0x0000000720e00000|100%| E|CS|TAMS 0x0000000720c00000| PB 0x0000000720c00000| Complete  |  0
|  167|0x0000000720e00000, 0x0000000721000000, 0x0000000721000000|100%| E|CS|TAMS 0x0000000720e00000| PB 0x0000000720e00000| Complete  |  0
|  168|0x0000000721000000, 0x0000000721200000, 0x0000000721200000|100%| E|CS|TAMS 0x0000000721000000| PB 0x0000000721000000| Complete  |  0
|  169|0x0000000721200000, 0x0000000721400000, 0x0000000721400000|100%| E|CS|TAMS 0x0000000721200000| PB 0x0000000721200000| Complete  |  0
|  170|0x0000000721400000, 0x0000000721600000, 0x0000000721600000|100%| E|CS|TAMS 0x0000000721400000| PB 0x0000000721400000| Complete  |  0
|  171|0x0000000721600000, 0x0000000721800000, 0x0000000721800000|100%| E|CS|TAMS 0x0000000721600000| PB 0x0000000721600000| Complete  |  0
|  172|0x0000000721800000, 0x0000000721a00000, 0x0000000721a00000|100%| E|CS|TAMS 0x0000000721800000| PB 0x0000000721800000| Complete  |  0
|  173|0x0000000721a00000, 0x0000000721c00000, 0x0000000721c00000|100%| E|CS|TAMS 0x0000000721a00000| PB 0x0000000721a00000| Complete  |  0
|  174|0x0000000721c00000, 0x0000000721e00000, 0x0000000721e00000|100%| E|CS|TAMS 0x0000000721c00000| PB 0x0000000721c00000| Complete  |  0
|  175|0x0000000721e00000, 0x0000000722000000, 0x0000000722000000|100%| E|CS|TAMS 0x0000000721e00000| PB 0x0000000721e00000| Complete  |  0
|  176|0x0000000722000000, 0x0000000722200000, 0x0000000722200000|100%| E|CS|TAMS 0x0000000722000000| PB 0x0000000722000000| Complete  |  0
|  177|0x0000000722200000, 0x0000000722400000, 0x0000000722400000|100%| E|CS|TAMS 0x0000000722200000| PB 0x0000000722200000| Complete  |  0
|  178|0x0000000722400000, 0x0000000722600000, 0x0000000722600000|100%| E|CS|TAMS 0x0000000722400000| PB 0x0000000722400000| Complete  |  0
|  179|0x0000000722600000, 0x0000000722800000, 0x0000000722800000|100%| E|CS|TAMS 0x0000000722600000| PB 0x0000000722600000| Complete  |  0
|  180|0x0000000722800000, 0x0000000722a00000, 0x0000000722a00000|100%| E|CS|TAMS 0x0000000722800000| PB 0x0000000722800000| Complete  |  0
|  181|0x0000000722a00000, 0x0000000722c00000, 0x0000000722c00000|100%| E|CS|TAMS 0x0000000722a00000| PB 0x0000000722a00000| Complete  |  0
|  182|0x0000000722c00000, 0x0000000722e00000, 0x0000000722e00000|100%| E|CS|TAMS 0x0000000722c00000| PB 0x0000000722c00000| Complete  |  0
|  183|0x0000000722e00000, 0x0000000723000000, 0x0000000723000000|100%| E|CS|TAMS 0x0000000722e00000| PB 0x0000000722e00000| Complete  |  0
|  184|0x0000000723000000, 0x0000000723200000, 0x0000000723200000|100%| E|CS|TAMS 0x0000000723000000| PB 0x0000000723000000| Complete  |  0
|  185|0x0000000723200000, 0x0000000723400000, 0x0000000723400000|100%| E|CS|TAMS 0x0000000723200000| PB 0x0000000723200000| Complete  |  0
|  186|0x0000000723400000, 0x0000000723600000, 0x0000000723600000|100%| E|CS|TAMS 0x0000000723400000| PB 0x0000000723400000| Complete  |  0
|  187|0x0000000723600000, 0x0000000723800000, 0x0000000723800000|100%| E|CS|TAMS 0x0000000723600000| PB 0x0000000723600000| Complete  |  0
|  188|0x0000000723800000, 0x0000000723a00000, 0x0000000723a00000|100%| E|CS|TAMS 0x0000000723800000| PB 0x0000000723800000| Complete  |  0
|  189|0x0000000723a00000, 0x0000000723c00000, 0x0000000723c00000|100%| E|CS|TAMS 0x0000000723a00000| PB 0x0000000723a00000| Complete  |  0
|  190|0x0000000723c00000, 0x0000000723e00000, 0x0000000723e00000|100%| E|CS|TAMS 0x0000000723c00000| PB 0x0000000723c00000| Complete  |  0
|  191|0x0000000723e00000, 0x0000000724000000, 0x0000000724000000|100%| E|CS|TAMS 0x0000000723e00000| PB 0x0000000723e00000| Complete  |  0
|  192|0x0000000724000000, 0x0000000724200000, 0x0000000724200000|100%| E|CS|TAMS 0x0000000724000000| PB 0x0000000724000000| Complete  |  0
|  193|0x0000000724200000, 0x0000000724400000, 0x0000000724400000|100%| E|CS|TAMS 0x0000000724200000| PB 0x0000000724200000| Complete  |  0
|  194|0x0000000724400000, 0x0000000724600000, 0x0000000724600000|100%| E|CS|TAMS 0x0000000724400000| PB 0x0000000724400000| Complete  |  0
|  195|0x0000000724600000, 0x0000000724800000, 0x0000000724800000|100%| E|CS|TAMS 0x0000000724600000| PB 0x0000000724600000| Complete  |  0
|  196|0x0000000724800000, 0x0000000724a00000, 0x0000000724a00000|100%| E|CS|TAMS 0x0000000724800000| PB 0x0000000724800000| Complete  |  0
|  197|0x0000000724a00000, 0x0000000724c00000, 0x0000000724c00000|100%| E|CS|TAMS 0x0000000724a00000| PB 0x0000000724a00000| Complete  |  0
|  198|0x0000000724c00000, 0x0000000724e00000, 0x0000000724e00000|100%| E|CS|TAMS 0x0000000724c00000| PB 0x0000000724c00000| Complete  |  0
|  199|0x0000000724e00000, 0x0000000725000000, 0x0000000725000000|100%| E|CS|TAMS 0x0000000724e00000| PB 0x0000000724e00000| Complete  |  0
|  200|0x0000000725000000, 0x0000000725200000, 0x0000000725200000|100%| E|CS|TAMS 0x0000000725000000| PB 0x0000000725000000| Complete  |  0
|  201|0x0000000725200000, 0x0000000725400000, 0x0000000725400000|100%| E|CS|TAMS 0x0000000725200000| PB 0x0000000725200000| Complete  |  0
|  202|0x0000000725400000, 0x0000000725600000, 0x0000000725600000|100%| E|CS|TAMS 0x0000000725400000| PB 0x0000000725400000| Complete  |  0
|  203|0x0000000725600000, 0x0000000725800000, 0x0000000725800000|100%| E|CS|TAMS 0x0000000725600000| PB 0x0000000725600000| Complete  |  0
|  204|0x0000000725800000, 0x0000000725a00000, 0x0000000725a00000|100%| E|CS|TAMS 0x0000000725800000| PB 0x0000000725800000| Complete  |  0
|  205|0x0000000725a00000, 0x0000000725c00000, 0x0000000725c00000|100%| E|CS|TAMS 0x0000000725a00000| PB 0x0000000725a00000| Complete  |  0
|  206|0x0000000725c00000, 0x0000000725e00000, 0x0000000725e00000|100%| E|CS|TAMS 0x0000000725c00000| PB 0x0000000725c00000| Complete  |  0
|  207|0x0000000725e00000, 0x0000000726000000, 0x0000000726000000|100%| E|CS|TAMS 0x0000000725e00000| PB 0x0000000725e00000| Complete  |  0
| 1950|0x00000007ffc00000, 0x00000007ffe00000, 0x00000007ffe00000|100%| O|  |TAMS 0x00000007ffc00000| PB 0x00000007ffc00000| Untracked |  0
| 1951|0x00000007ffe00000, 0x0000000800000000, 0x0000000800000000|100%| E|CS|TAMS 0x00000007ffe00000| PB 0x00000007ffe00000| Complete  |  0

Card table byte_map: [0x00007f1a35242000,0x00007f1a359e2000] _byte_map_base: 0x00007f1a319e2000
Refinement table byte_map: [0x00007f1a359e2000,0x00007f1a36182000] _byte_map_base: 0x00007f1a32182000

Marking Bits: (CMBitMap*) 0x00007f1a30067300
 Bits: [0x00007f1a140fe000, 0x00007f1a17dfe000)

Polling page: 0x00007f1a39066000

Metaspace:
Metaspace        used 25974K, committed 26240K, reserved 1114112K
 class space     used 2238K, committed 2368K, reserved 1048576K

Usage:
  Non-class:     23,18 MB used.
      Class:      2,19 MB used.
       Both:     25,37 MB used.

Virtual space:
  Non-class space:       64,00 MB reserved,      23,31 MB ( 36%) committed,  1 nodes.
      Class space:        1,00 GB reserved,       2,31 MB ( <1%) committed,  1 nodes.
             Both:        1,06 GB reserved,      25,62 MB (  2%) committed. 

Chunk freelists:
   Non-Class:  8,66 MB
       Class:  13,57 MB
        Both:  22,22 MB

MaxMetaspaceSize: unlimited
CompressedClassSpaceSize: 1,00 GB
Initial GC threshold: 21,00 MB
Current GC threshold: 36,38 MB
CDS: on
 - commit_granule_bytes: 65536.
 - commit_granule_words: 8192.
 - virtual_space_node_default_size: 8388608.
 - enlarge_chunks_in_place: 1.
UseCompressedClassPointers 1, UseCompactObjectHeaders 0
Narrow klass pointer bits 32, Max shift 3
Narrow klass base: 0x0000000080000000, Narrow klass shift: 0
Encoding Range: [0x0000000080000000 - 0x0000000180000000), (4294967296 bytes)
Klass Range:    [0x0000000080000000 - 0x00000000c1000000), (1090519040 bytes)
Klass ID Range:  [8 - 1090519033) (1090519025)
Protection zone: [0x0000000080000000 - 0x0000000080001000), (4096 bytes)


Internal statistics:

num_allocs_failed_limit: 9.
num_arena_births: 262.
num_arena_deaths: 0.
num_vsnodes_births: 2.
num_vsnodes_deaths: 0.
num_space_committed: 405.
num_space_uncommitted: 0.
num_chunks_returned_to_freelist: 9.
num_chunks_taken_from_freelist: 1060.
num_chunk_merges: 9.
num_chunk_splits: 789.
num_chunks_enlarged: 604.
num_inconsistent_stats: 0.

CodeHeap 'non-profiled nmethods': size=120032Kb used=7461Kb max_used=7461Kb free=112570Kb
 bounds [0x00007f1a1f8c8000, 0x00007f1a20018000, 0x00007f1a26e00000]
CodeHeap 'profiled nmethods': size=120032Kb used=21489Kb max_used=21489Kb free=98543Kb
 bounds [0x00007f1a17dfe000, 0x00007f1a192fe000, 0x00007f1a1f336000]
CodeHeap 'non-nmethods': size=5704Kb used=1840Kb max_used=2046Kb free=3864Kb
 bounds [0x00007f1a1f336000, 0x00007f1a1f5a6000, 0x00007f1a1f8c8000]
CodeCache: size=245768Kb, used=30790Kb, max_used=30996Kb, free=214977Kb
 total_blobs=7527, nmethods=6678, adapters=753, full_count=0
Compilation: enabled, stopped_count=0, restarted_count=0

Compilation events (20 events):
Event: 151,989 Thread 0x00007f1a300f1140 6778       4       age.of.civilizations2.jakowski.lukasz.Province$87::drawArmy (28 bytes)
Event: 151,990 Thread 0x00007f1a300f1140 nmethod 6778 0x00007f1a2000ff88 code [0x00007f1a20010080, 0x00007f1a20010190]
Event: 152,126 Thread 0x00007f1a300f2b20 6779   !   3       java.io.FileInputStream::close (69 bytes)
Event: 152,128 Thread 0x00007f1a300f2b20 nmethod 6779 0x00007f1a192f8588 code [0x00007f1a192f8680, 0x00007f1a192f8dc8]
Event: 152,128 Thread 0x00007f1a300f1140 6780       4       jdk.internal.ref.PhantomCleanable::clear (16 bytes)
Event: 152,130 Thread 0x00007f1a300f1140 nmethod 6780 0x00007f1a20010288 code [0x00007f1a20010380, 0x00007f1a20010b08]
Event: 152,157 Thread 0x00007f1a300f1140 6781       4       java.lang.StringUTF16::putCharsSB (51 bytes)
Event: 152,161 Thread 0x00007f1a300f1140 nmethod 6781 0x00007f1a20010b88 code [0x00007f1a20010c80, 0x00007f1a20010f98]
Event: 152,161 Thread 0x00007f1a300f1140 6782       4       java.lang.StringUTF16::putCharSB (12 bytes)
Event: 152,162 Thread 0x00007f1a300f1140 nmethod 6782 0x00007f1a20011008 code [0x00007f1a20011100, 0x00007f1a200111d8]
Event: 152,190 Thread 0x00007f1a300f2b20 6783       3       age.of.civilizations2.jakowski.lukasz.MenuManager::getMenu_InGame_CurrentWars (29 bytes)
Event: 152,190 Thread 0x00007f1a300f2b20 nmethod 6783 0x00007f1a192f8e08 code [0x00007f1a192f8f00, 0x00007f1a192f9350]
Event: 152,489 Thread 0x00007f1a300f2b20 6785   !   3       java.lang.Thread::start (37 bytes)
Event: 152,489 Thread 0x00007f1a300f2b20 nmethod 6785 0x00007f1a192f9388 code [0x00007f1a192f9480, 0x00007f1a192f9800]
Event: 152,489 Thread 0x00007f1a300f2b20 6784       3       age.of.civilizations2.jakowski.lukasz.SliderMenu::setHeight (88 bytes)
Event: 152,489 Thread 0x00007f1a300f2b20 nmethod 6784 0x00007f1a192f9808 code [0x00007f1a192f9900, 0x00007f1a192f9fc8]
Event: 152,557 Thread 0x00007f1a300f2b20 6787       3       java.util.Formatter::getDecimalFormatSymbols (32 bytes)
Event: 152,557 Thread 0x00007f1a300f2b20 nmethod 6787 0x00007f1a192fa008 code [0x00007f1a192fa100, 0x00007f1a192fa400]
Event: 152,557 Thread 0x00007f1a300f2b20 6786       1       jdk.internal.math.FormattedFPDecimal::getMantissa (5 bytes)
Event: 152,557 Thread 0x00007f1a300f2b20 nmethod 6786 0x00007f1a20011308 code [0x00007f1a20011400, 0x00007f1a200114b0]

GC Heap Usage History (20 events):
Event: 2,914 {heap Before GC invocations=27 (full 0):
 garbage-first heap   total reserved 3997696K, committed 149504K, used 110364K [0x000000070c000000, 0x0000000800000000)
  region size 2M, 35 eden (70M), 5 survivor (10M), 13 old (26M), 2 humongous (4M), 18 free (36M)
}
Event: 2,921 {heap After GC invocations=28 (full 0):
 garbage-first heap   total reserved 3997696K, committed 149504K, used 46994K [0x000000070c000000, 0x0000000800000000)
  region size 2M, 0 eden (0M), 4 survivor (8M), 17 old (34M), 2 humongous (4M), 50 free (100M)
}
Event: 3,219 {heap Before GC invocations=28 (full 0):
 garbage-first heap   total reserved 3997696K, committed 149504K, used 116626K [0x000000070c000000, 0x0000000800000000)
  region size 2M, 34 eden (68M), 4 survivor (8M), 17 old (34M), 2 humongous (4M), 16 free (32M)
}
Event: 3,225 {heap After GC invocations=29 (full 0):
 garbage-first heap   total reserved 3997696K, committed 430080K, used 54616K [0x000000070c000000, 0x0000000800000000)
  region size 2M, 0 eden (0M), 4 survivor (8M), 22 old (44M), 2 humongous (4M), 182 free (364M)
}
Event: 6,445 {heap Before GC invocations=29 (full 0):
 garbage-first heap   total reserved 3997696K, committed 430080K, used 306520K [0x000000070c000000, 0x0000000800000000)
  region size 2M, 122 eden (244M), 4 survivor (8M), 22 old (44M), 3 humongous (6M), 59 free (118M)
}
Event: 6,454 {heap After GC invocations=30 (full 0):
 garbage-first heap   total reserved 3997696K, committed 430080K, used 67923K [0x000000070c000000, 0x0000000800000000)
  region size 2M, 0 eden (0M), 10 survivor (20M), 22 old (44M), 2 humongous (4M), 176 free (352M)
}
Event: 24,387 {heap Before GC invocations=30 (full 0):
 garbage-first heap   total reserved 3997696K, committed 430080K, used 248147K [0x000000070c000000, 0x0000000800000000)
  region size 2M, 89 eden (178M), 10 survivor (20M), 22 old (44M), 2 humongous (4M), 87 free (174M)
}
Event: 24,393 {heap After GC invocations=31 (full 0):
 garbage-first heap   total reserved 3997696K, committed 430080K, used 61863K [0x000000070c000000, 0x0000000800000000)
  region size 2M, 0 eden (0M), 4 survivor (8M), 25 old (50M), 2 humongous (4M), 179 free (358M)
}
Event: 44,700 {heap Before GC invocations=32 (full 0):
 garbage-first heap   total reserved 3997696K, committed 430080K, used 307623K [0x000000070c000000, 0x0000000800000000)
  region size 2M, 122 eden (244M), 4 survivor (8M), 25 old (50M), 0 humongous (0M), 59 free (118M)
}
Event: 44,704 {heap After GC invocations=33 (full 0):
 garbage-first heap   total reserved 3997696K, committed 430080K, used 57690K [0x000000070c000000, 0x0000000800000000)
  region size 2M, 0 eden (0M), 4 survivor (8M), 25 old (50M), 0 humongous (0M), 181 free (362M)
}
Event: 57,016 {heap Before GC invocations=33 (full 0):
 garbage-first heap   total reserved 3997696K, committed 430080K, used 307546K [0x000000070c000000, 0x0000000800000000)
  region size 2M, 122 eden (244M), 4 survivor (8M), 25 old (50M), 0 humongous (0M), 59 free (118M)
}
Event: 57,020 {heap After GC invocations=34 (full 0):
 garbage-first heap   total reserved 3997696K, committed 430080K, used 57210K [0x000000070c000000, 0x0000000800000000)
  region size 2M, 0 eden (0M), 4 survivor (8M), 25 old (50M), 0 humongous (0M), 181 free (362M)
}
Event: 83,266 {heap Before GC invocations=34 (full 0):
 garbage-first heap   total reserved 3997696K, committed 430080K, used 307066K [0x000000070c000000, 0x0000000800000000)
  region size 2M, 122 eden (244M), 4 survivor (8M), 25 old (50M), 0 humongous (0M), 59 free (118M)
}
Event: 83,270 {heap After GC invocations=35 (full 0):
 garbage-first heap   total reserved 3997696K, committed 430080K, used 57305K [0x000000070c000000, 0x0000000800000000)
  region size 2M, 0 eden (0M), 4 survivor (8M), 25 old (50M), 0 humongous (0M), 181 free (362M)
}
Event: 96,390 {heap Before GC invocations=35 (full 0):
 garbage-first heap   total reserved 3997696K, committed 430080K, used 315353K [0x000000070c000000, 0x0000000800000000)
  region size 2M, 122 eden (244M), 4 survivor (8M), 25 old (50M), 5 humongous (10M), 54 free (108M)
}
Event: 96,394 {heap After GC invocations=36 (full 0):
 garbage-first heap   total reserved 3997696K, committed 430080K, used 57644K [0x000000070c000000, 0x0000000800000000)
  region size 2M, 0 eden (0M), 4 survivor (8M), 25 old (50M), 0 humongous (0M), 181 free (362M)
}
Event: 117,723 {heap Before GC invocations=36 (full 0):
 garbage-first heap   total reserved 3997696K, committed 430080K, used 307500K [0x000000070c000000, 0x0000000800000000)
  region size 2M, 122 eden (244M), 4 survivor (8M), 25 old (50M), 0 humongous (0M), 59 free (118M)
}
Event: 117,726 {heap After GC invocations=37 (full 0):
 garbage-first heap   total reserved 3997696K, committed 430080K, used 57581K [0x000000070c000000, 0x0000000800000000)
  region size 2M, 0 eden (0M), 4 survivor (8M), 25 old (50M), 0 humongous (0M), 181 free (362M)
}
Event: 133,641 {heap Before GC invocations=37 (full 0):
 garbage-first heap   total reserved 3997696K, committed 430080K, used 315629K [0x000000070c000000, 0x0000000800000000)
  region size 2M, 122 eden (244M), 4 survivor (8M), 25 old (50M), 5 humongous (10M), 54 free (108M)
}
Event: 133,648 {heap After GC invocations=38 (full 0):
 garbage-first heap   total reserved 3997696K, committed 430080K, used 57394K [0x000000070c000000, 0x0000000800000000)
  region size 2M, 0 eden (0M), 4 survivor (8M), 25 old (50M), 0 humongous (0M), 181 free (362M)
}

Metaspace Usage History (20 events):
Event: 2,914 {metaspace Before GC invocations=27 (full 0):
 Metaspace       used 14714K, committed 14912K, reserved 1114112K
  class space    used 1200K, committed 1280K, reserved 1048576K
}
Event: 2,921 {metaspace After GC invocations=28 (full 0):
 Metaspace       used 14714K, committed 14912K, reserved 1114112K
  class space    used 1200K, committed 1280K, reserved 1048576K
}
Event: 3,219 {metaspace Before GC invocations=28 (full 0):
 Metaspace       used 14743K, committed 14912K, reserved 1114112K
  class space    used 1200K, committed 1280K, reserved 1048576K
}
Event: 3,225 {metaspace After GC invocations=29 (full 0):
 Metaspace       used 14743K, committed 14912K, reserved 1114112K
  class space    used 1200K, committed 1280K, reserved 1048576K
}
Event: 6,445 {metaspace Before GC invocations=29 (full 0):
 Metaspace       used 16879K, committed 17152K, reserved 1114112K
  class space    used 1347K, committed 1472K, reserved 1048576K
}
Event: 6,454 {metaspace After GC invocations=30 (full 0):
 Metaspace       used 16879K, committed 17152K, reserved 1114112K
  class space    used 1347K, committed 1472K, reserved 1048576K
}
Event: 24,387 {metaspace Before GC invocations=30 (full 0):
 Metaspace       used 21314K, committed 21504K, reserved 1114112K
  class space    used 1873K, committed 1984K, reserved 1048576K
}
Event: 24,393 {metaspace After GC invocations=31 (full 0):
 Metaspace       used 21314K, committed 21504K, reserved 1114112K
  class space    used 1873K, committed 1984K, reserved 1048576K
}
Event: 44,700 {metaspace Before GC invocations=32 (full 0):
 Metaspace       used 24399K, committed 24704K, reserved 1114112K
  class space    used 2150K, committed 2304K, reserved 1048576K
}
Event: 44,704 {metaspace After GC invocations=33 (full 0):
 Metaspace       used 24399K, committed 24704K, reserved 1114112K
  class space    used 2150K, committed 2304K, reserved 1048576K
}
Event: 57,016 {metaspace Before GC invocations=33 (full 0):
 Metaspace       used 24518K, committed 24832K, reserved 1114112K
  class space    used 2151K, committed 2304K, reserved 1048576K
}
Event: 57,020 {metaspace After GC invocations=34 (full 0):
 Metaspace       used 24518K, committed 24832K, reserved 1114112K
  class space    used 2151K, committed 2304K, reserved 1048576K
}
Event: 83,266 {metaspace Before GC invocations=34 (full 0):
 Metaspace       used 25297K, committed 25600K, reserved 1114112K
  class space    used 2214K, committed 2368K, reserved 1048576K
}
Event: 83,270 {metaspace After GC invocations=35 (full 0):
 Metaspace       used 25297K, committed 25600K, reserved 1114112K
  class space    used 2214K, committed 2368K, reserved 1048576K
}
Event: 96,390 {metaspace Before GC invocations=35 (full 0):
 Metaspace       used 25593K, committed 25856K, reserved 1114112K
  class space    used 2234K, committed 2368K, reserved 1048576K
}
Event: 96,394 {metaspace After GC invocations=36 (full 0):
 Metaspace       used 25593K, committed 25856K, reserved 1114112K
  class space    used 2234K, committed 2368K, reserved 1048576K
}
Event: 117,723 {metaspace Before GC invocations=36 (full 0):
 Metaspace       used 25688K, committed 25984K, reserved 1114112K
  class space    used 2234K, committed 2368K, reserved 1048576K
}
Event: 117,726 {metaspace After GC invocations=37 (full 0):
 Metaspace       used 25688K, committed 25984K, reserved 1114112K
  class space    used 2234K, committed 2368K, reserved 1048576K
}
Event: 133,641 {metaspace Before GC invocations=37 (full 0):
 Metaspace       used 25897K, committed 26176K, reserved 1114112K
  class space    used 2235K, committed 2368K, reserved 1048576K
}
Event: 133,648 {metaspace After GC invocations=38 (full 0):
 Metaspace       used 25897K, committed 26176K, reserved 1114112K
  class space    used 2235K, committed 2368K, reserved 1048576K
}

Dll operation events (20 events):
Event: 0,041 Attempting to load shared library /tmp/steamworks4j/1.8.0/libsteam_api.so
Event: 0,041 Loaded shared library /tmp/steamworks4j/1.8.0/libsteam_api.so
Event: 0,043 Attempting to load shared library /tmp/steamworks4j/1.8.0/libsteamworks4j.so
Event: 0,043 Loaded shared library /tmp/steamworks4j/1.8.0/libsteamworks4j.so
Event: 0,054 Attempting to load shared library /tmp/libgdxmirtemir/b793cc16/libgdx64.so
Event: 0,054 Loaded shared library /tmp/libgdxmirtemir/b793cc16/libgdx64.so
Event: 0,067 Attempting to load shared library /usr/lib/jvm/java-26-openjdk/lib/libverify.so
Event: 0,067 Loaded shared library /usr/lib/jvm/java-26-openjdk/lib/libverify.so
Event: 0,075 Attempting to load shared library /usr/lib/jvm/java-26-openjdk/lib/libawt.so
Event: 0,075 Loaded shared library /usr/lib/jvm/java-26-openjdk/lib/libawt.so
Event: 0,076 Attempting to load shared library /usr/lib/jvm/java-26-openjdk/lib/libawt_xawt.so
Event: 0,078 Loaded shared library /usr/lib/jvm/java-26-openjdk/lib/libawt_xawt.so
Event: 0,101 Attempting to load shared library /usr/lib/jvm/java-26-openjdk/lib/libfontmanager.so
Event: 0,106 Loaded shared library /usr/lib/jvm/java-26-openjdk/lib/libfontmanager.so
Event: 0,134 Attempting to load shared library /usr/lib/jvm/java-26-openjdk/lib/libjawt.so
Event: 0,134 Loaded shared library /usr/lib/jvm/java-26-openjdk/lib/libjawt.so
Event: 0,134 Attempting to load shared library /tmp/libgdxmirtemir/31ce78a2/liblwjgl64.so
Event: 0,135 Loaded shared library /tmp/libgdxmirtemir/31ce78a2/liblwjgl64.so
Event: 1,546 Attempting to load shared library /tmp/libgdxmirtemir/125b804a/libgdx-freetype64.so
Event: 1,546 Loaded shared library /tmp/libgdxmirtemir/125b804a/libgdx-freetype64.so

Deoptimization events (20 events):
Event: 149,030 Thread 0x00007f1a30325480 DEOPT PACKING pc=0x00007f1a1fa3bfdc sp=0x00007f19de6fd0a0
Event: 149,030 Thread 0x00007f1a30325480 DEOPT UNPACKING pc=0x00007f1a1f45b879 sp=0x00007f19de6fd078 mode 2
Event: 149,422 Thread 0x00007f1a30325480 Uncommon trap: trap_request=0xffffffd6 fr.pc=0x00007f1a1fb395e0 relative=0x00000000000004e0
Event: 149,422 Thread 0x00007f1a30325480 Uncommon trap: reason=array_check action=maybe_recompile pc=0x00007f1a1fb395e0 method=com.badlogic.gdx.utils.Array.removeIndex(I)Ljava/lang/Object; @ 99 c2
Event: 149,422 Thread 0x00007f1a30325480 DEOPT PACKING pc=0x00007f1a1fb395e0 sp=0x00007f19de6fd710
Event: 149,422 Thread 0x00007f1a30325480 DEOPT UNPACKING pc=0x00007f1a1f45b879 sp=0x00007f19de6fd640 mode 2
Event: 149,426 Thread 0x00007f1a30325480 Uncommon trap: trap_request=0xffffffd6 fr.pc=0x00007f1a1f9a2b00 relative=0x0000000000000160
Event: 149,426 Thread 0x00007f1a30325480 Uncommon trap: reason=array_check action=maybe_recompile pc=0x00007f1a1f9a2b00 method=com.badlogic.gdx.utils.Array.add(Ljava/lang/Object;)V @ 46 c2
Event: 149,426 Thread 0x00007f1a30325480 DEOPT PACKING pc=0x00007f1a1f9a2b00 sp=0x00007f19de6fd640
Event: 149,426 Thread 0x00007f1a30325480 DEOPT UNPACKING pc=0x00007f1a1f45b879 sp=0x00007f19de6fd5e8 mode 2
Event: 151,583 Thread 0x00007f19f73d7ac0 DEOPT PACKING pc=0x00007f1a18b9bb3d sp=0x00007f19cc3f8710
Event: 151,583 Thread 0x00007f19f73d7ac0 DEOPT UNPACKING pc=0x00007f1a1f3872ef sp=0x00007f19cc3f7cf8 mode 0
Event: 152,761 Thread 0x00007f1a30325480 Uncommon trap: trap_request=0xffffff95 fr.pc=0x00007f1a20007d80 relative=0x0000000000007ce0
Event: 152,761 Thread 0x00007f1a30325480 Uncommon trap: reason=unreached action=reinterpret pc=0x00007f1a20007d80 method=age.of.civilizations2.jakowski.lukasz.AoCGame.render()V @ 912 c2
Event: 152,761 Thread 0x00007f1a30325480 DEOPT PACKING pc=0x00007f1a20007d80 sp=0x00007f19de6fd840
Event: 152,761 Thread 0x00007f1a30325480 DEOPT UNPACKING pc=0x00007f1a1f45b879 sp=0x00007f19de6fd820 mode 2
Event: 152,778 Thread 0x00007f1a30325480 Uncommon trap: trap_request=0xffffff45 fr.pc=0x00007f1a1ffae760 relative=0x00000000000000e0
Event: 152,778 Thread 0x00007f1a30325480 Uncommon trap: reason=unstable_if action=reinterpret pc=0x00007f1a1ffae760 method=com.badlogic.gdx.graphics.g2d.SpriteBatch.setProjectionMatrix(Lcom/badlogic/gdx/math/Matrix4;)V @ 4 c2
Event: 152,778 Thread 0x00007f1a30325480 DEOPT PACKING pc=0x00007f1a1ffae760 sp=0x00007f19de6fd7e0
Event: 152,778 Thread 0x00007f1a30325480 DEOPT UNPACKING pc=0x00007f1a1f45b879 sp=0x00007f19de6fd7b0 mode 2

Classes loaded (20 events):
Event: 34,694 Loading class java/util/stream/Sink$OfDouble
Event: 34,694 Loading class java/util/stream/Sink$OfDouble done
Event: 34,694 Loading class java/util/stream/Node$Builder$OfDouble done
Event: 34,694 Loading class java/util/stream/Nodes$DoubleArrayNode
Event: 34,694 Loading class java/util/stream/Nodes$DoubleArrayNode done
Event: 34,694 Loading class java/util/stream/Nodes$DoubleFixedNodeBuilder done
Event: 34,694 Loading class java/util/stream/ReferencePipeline$6$1
Event: 34,694 Loading class java/util/stream/ReferencePipeline$6$1 done
Event: 34,697 Loading class java/math/BigDecimal
Event: 34,697 Loading class java/math/BigDecimal done
Event: 34,697 Loading class java/text/FieldPosition$Delegate
Event: 34,697 Loading class java/text/FieldPosition$Delegate done
Event: 87,059 Loading class java/nio/charset/UnmappableCharacterException
Event: 87,062 Loading class java/nio/charset/UnmappableCharacterException done
Event: 87,062 Loading class java/util/stream/IntStream
Event: 87,062 Loading class java/util/stream/IntStream done
Event: 152,761 Loading class java/lang/Throwable$WrappedPrintStream
Event: 152,763 Loading class java/lang/Throwable$PrintStreamOrWriter
Event: 152,763 Loading class java/lang/Throwable$PrintStreamOrWriter done
Event: 152,763 Loading class java/lang/Throwable$WrappedPrintStream done

Classes unloaded (0 events):
No events

Classes redefined (0 events):
No events

Internal exceptions (20 events):
Event: 118,872 Thread 0x00007f1a30325480 Exception <a 'java/lang/NullPointerException'{0x0000000722394d98}> (0x0000000722394d98) 
thrown [/usr/src/debug/java-openjdk/jdk26u-jdk-26.0.2-10/src/hotspot/share/runtime/sharedRuntime.cpp, line 732]
Event: 118,873 Thread 0x00007f1a30325480 Implicit null exception at 0x00007f1a1928fecd to 0x00007f1a1928ffd5
Event: 118,873 Thread 0x00007f1a30325480 Exception <a 'java/lang/NullPointerException'{0x0000000722395c88}> (0x0000000722395c88) 
thrown [/usr/src/debug/java-openjdk/jdk26u-jdk-26.0.2-10/src/hotspot/share/runtime/sharedRuntime.cpp, line 732]
Event: 118,873 Thread 0x00007f1a30325480 Implicit null exception at 0x00007f1a1928fecd to 0x00007f1a1928ffd5
Event: 118,873 Thread 0x00007f1a30325480 Exception <a 'java/lang/NullPointerException'{0x0000000722397208}> (0x0000000722397208) 
thrown [/usr/src/debug/java-openjdk/jdk26u-jdk-26.0.2-10/src/hotspot/share/runtime/sharedRuntime.cpp, line 732]
Event: 118,873 Thread 0x00007f1a30325480 Implicit null exception at 0x00007f1a1928fecd to 0x00007f1a1928ffd5
Event: 118,873 Thread 0x00007f1a30325480 Exception <a 'java/lang/NullPointerException'{0x0000000722397bb8}> (0x0000000722397bb8) 
thrown [/usr/src/debug/java-openjdk/jdk26u-jdk-26.0.2-10/src/hotspot/share/runtime/sharedRuntime.cpp, line 732]
Event: 118,873 Thread 0x00007f1a30325480 Implicit null exception at 0x00007f1a1928fecd to 0x00007f1a1928ffd5
Event: 118,873 Thread 0x00007f1a30325480 Exception <a 'java/lang/NullPointerException'{0x00000007223985d8}> (0x00000007223985d8) 
thrown [/usr/src/debug/java-openjdk/jdk26u-jdk-26.0.2-10/src/hotspot/share/runtime/sharedRuntime.cpp, line 732]
Event: 118,873 Thread 0x00007f1a30325480 Implicit null exception at 0x00007f1a1928fecd to 0x00007f1a1928ffd5
Event: 118,873 Thread 0x00007f1a30325480 Exception <a 'java/lang/NullPointerException'{0x0000000722399068}> (0x0000000722399068) 
thrown [/usr/src/debug/java-openjdk/jdk26u-jdk-26.0.2-10/src/hotspot/share/runtime/sharedRuntime.cpp, line 732]
Event: 118,873 Thread 0x00007f1a30325480 Implicit null exception at 0x00007f1a1928fecd to 0x00007f1a1928ffd5
Event: 118,873 Thread 0x00007f1a30325480 Exception <a 'java/lang/NullPointerException'{0x000000072239a348}> (0x000000072239a348) 
thrown [/usr/src/debug/java-openjdk/jdk26u-jdk-26.0.2-10/src/hotspot/share/runtime/sharedRuntime.cpp, line 732]
Event: 118,873 Thread 0x00007f1a30325480 Implicit null exception at 0x00007f1a1928fecd to 0x00007f1a1928ffd5
Event: 118,873 Thread 0x00007f1a30325480 Exception <a 'java/lang/NullPointerException'{0x000000072239b708}> (0x000000072239b708) 
thrown [/usr/src/debug/java-openjdk/jdk26u-jdk-26.0.2-10/src/hotspot/share/runtime/sharedRuntime.cpp, line 732]
Event: 118,873 Thread 0x00007f1a30325480 Implicit null exception at 0x00007f1a1928fecd to 0x00007f1a1928ffd5
Event: 118,873 Thread 0x00007f1a30325480 Exception <a 'java/lang/NullPointerException'{0x000000072239c128}> (0x000000072239c128) 
thrown [/usr/src/debug/java-openjdk/jdk26u-jdk-26.0.2-10/src/hotspot/share/runtime/sharedRuntime.cpp, line 732]
Event: 126,224 Thread 0x00007f1a30325480 Exception <a 'java/lang/ArrayIndexOutOfBoundsException'{0x000000071f244768}: arraycopy: last source index 74 out of bounds for object array[73]> (0x000000071f244768) 
thrown [/usr/src/debug/java-openjdk/jdk26u-jdk-26.0.2-10/src/hotspot/share/oops/objArrayKlass.cpp, line 269]
Event: 133,658 Thread 0x00007f19a9038730 Implicit null exception at 0x00007f1a1fb150cd to 0x00007f1a1fb155b4
Event: 135,552 Thread 0x00007f19c39701c0 Implicit null exception at 0x00007f1a1fa18c55 to 0x00007f1a1fa19618

VM Operations (20 events):
Event: 83,266 Executing safepoint VM operation: G1CollectForAllocation (G1 Evacuation Pause)
Event: 83,270 Executing safepoint VM operation: G1CollectForAllocation (G1 Evacuation Pause) done
Event: 87,165 Executing non-safepoint VM operation: HandshakeAllThreads (Deoptimize)
Event: 87,165 Executing non-safepoint VM operation: HandshakeAllThreads (Deoptimize) done
Event: 96,390 Executing safepoint VM operation: G1CollectForAllocation (G1 Evacuation Pause)
Event: 96,394 Executing safepoint VM operation: G1CollectForAllocation (G1 Evacuation Pause) done
Event: 117,723 Executing safepoint VM operation: G1CollectForAllocation (G1 Evacuation Pause)
Event: 117,726 Executing safepoint VM operation: G1CollectForAllocation (G1 Evacuation Pause) done
Event: 120,045 Executing non-safepoint VM operation: HandshakeAllThreads (DeflationHandshakeClosure)
Event: 120,045 Executing non-safepoint VM operation: HandshakeAllThreads (DeflationHandshakeClosure) done
Event: 120,045 Executing non-safepoint VM operation: RendezvousGCThreads
Event: 120,045 Executing non-safepoint VM operation: RendezvousGCThreads done
Event: 133,641 Executing safepoint VM operation: G1CollectForAllocation (G1 Evacuation Pause)
Event: 133,648 Executing safepoint VM operation: G1CollectForAllocation (G1 Evacuation Pause) done
Event: 135,553 Executing non-safepoint VM operation: HandshakeAllThreads (Deoptimize)
Event: 135,553 Executing non-safepoint VM operation: HandshakeAllThreads (Deoptimize) done
Event: 135,554 Executing non-safepoint VM operation: HandshakeAllThreads (Deoptimize)
Event: 135,554 Executing non-safepoint VM operation: HandshakeAllThreads (Deoptimize) done
Event: 149,429 Executing non-safepoint VM operation: HandshakeAllThreads (Deoptimize)
Event: 149,429 Executing non-safepoint VM operation: HandshakeAllThreads (Deoptimize) done

Memory protections (20 events):
Event: 133,974 Protecting memory [0x00007f19cc2fa000,0x00007f19cc2fe000] with protection modes 0
Event: 134,473 Protecting memory [0x00007f19cc2fa000,0x00007f19cc2fe000] with protection modes 0
Event: 134,524 Protecting memory [0x00007f19cc2fa000,0x00007f19cc2fe000] with protection modes 0
Event: 134,806 Protecting memory [0x00007f19cc2fa000,0x00007f19cc2fe000] with protection modes 0
Event: 134,856 Protecting memory [0x00007f19cc2fa000,0x00007f19cc2fe000] with protection modes 0
Event: 135,547 Protecting memory [0x00007f19e3a82000,0x00007f19e3a86000] with protection modes 0
Event: 149,639 Protecting memory [0x00007f19cc2fa000,0x00007f19cc2fe000] with protection modes 0
Event: 149,690 Protecting memory [0x00007f19cc2fa000,0x00007f19cc2fe000] with protection modes 0
Event: 150,973 Protecting memory [0x00007f19cc2fa000,0x00007f19cc2fe000] with protection modes 0
Event: 151,024 Protecting memory [0x00007f19cc2fa000,0x00007f19cc2fe000] with protection modes 0
Event: 151,523 Protecting memory [0x00007f19cc2fa000,0x00007f19cc2fe000] with protection modes 0
Event: 151,574 Protecting memory [0x00007f19cc2fa000,0x00007f19cc2fe000] with protection modes 0
Event: 151,856 Protecting memory [0x00007f19cc2fa000,0x00007f19cc2fe000] with protection modes 0
Event: 151,907 Protecting memory [0x00007f19cc2fa000,0x00007f19cc2fe000] with protection modes 0
Event: 152,073 Protecting memory [0x00007f19cc2fa000,0x00007f19cc2fe000] with protection modes 0
Event: 152,124 Protecting memory [0x00007f19cc2fa000,0x00007f19cc2fe000] with protection modes 0
Event: 152,489 Protecting memory [0x00007f19cc2fa000,0x00007f19cc2fe000] with protection modes 0
Event: 152,540 Protecting memory [0x00007f19cc2fa000,0x00007f19cc2fe000] with protection modes 0
Event: 152,723 Protecting memory [0x00007f19cc2fa000,0x00007f19cc2fe000] with protection modes 0
Event: 152,761 Protecting memory [0x00007f19cc2fa000,0x00007f19cc2fe000] with protection modes 0

Nmethod flushes (20 events):
Event: 24,412 Thread 0x00007f1a300e03b0 flushing  nmethod 0x00007f1a17e29b88
Event: 24,412 Thread 0x00007f1a300e03b0 flushing osr nmethod 0x00007f1a17f46e08
Event: 24,412 Thread 0x00007f1a300e03b0 flushing osr nmethod 0x00007f1a17f49888
Event: 24,412 Thread 0x00007f1a300e03b0 flushing  nmethod 0x00007f1a17f4b988
Event: 24,412 Thread 0x00007f1a300e03b0 flushing osr nmethod 0x00007f1a17f4d788
Event: 24,412 Thread 0x00007f1a300e03b0 flushing osr nmethod 0x00007f1a17f55508
Event: 24,412 Thread 0x00007f1a300e03b0 flushing  nmethod 0x00007f1a17e1de88
Event: 24,412 Thread 0x00007f1a300e03b0 flushing  nmethod 0x00007f1a1f901808
Event: 24,412 Thread 0x00007f1a300e03b0 flushing  nmethod 0x00007f1a17e16088
Event: 24,412 Thread 0x00007f1a300e03b0 flushing  nmethod 0x00007f1a17e2e688
Event: 24,412 Thread 0x00007f1a300e03b0 flushing osr nmethod 0x00007f1a17f5cd08
Event: 24,412 Thread 0x00007f1a300e03b0 flushing  nmethod 0x00007f1a1f905408
Event: 24,412 Thread 0x00007f1a300e03b0 flushing  nmethod 0x00007f1a17f37e08
Event: 24,412 Thread 0x00007f1a300e03b0 flushing  nmethod 0x00007f1a17f38408
Event: 24,412 Thread 0x00007f1a300e03b0 flushing  nmethod 0x00007f1a17f38708
Event: 24,412 Thread 0x00007f1a300e03b0 flushing  nmethod 0x00007f1a17f39308
Event: 24,412 Thread 0x00007f1a300e03b0 flushing  nmethod 0x00007f1a17f39c08
Event: 24,412 Thread 0x00007f1a300e03b0 flushing osr nmethod 0x00007f1a17f3a188
Event: 24,412 Thread 0x00007f1a300e03b0 flushing osr nmethod 0x00007f1a17f3f008
Event: 24,412 Thread 0x00007f1a300e03b0 flushing osr nmethod 0x00007f1a17f42d08

Events (20 events):
Event: 151,523 Thread 0x00007f1a30325480 Thread added: 0x00007f19f73d7ac0
Event: 151,529 Thread 0x00007f19f73d7ac0 Thread exited: 0x00007f19f73d7ac0
Event: 151,574 Thread 0x00007f1a30325480 Thread added: 0x00007f19f73d7ac0
Event: 151,584 Thread 0x00007f19f73d7ac0 Thread exited: 0x00007f19f73d7ac0
Event: 151,856 Thread 0x00007f1a30325480 Thread added: 0x00007f19f73d7ac0
Event: 151,862 Thread 0x00007f19f73d7ac0 Thread exited: 0x00007f19f73d7ac0
Event: 151,907 Thread 0x00007f1a30325480 Thread added: 0x00007f19f73d7ac0
Event: 151,917 Thread 0x00007f19f73d7ac0 Thread exited: 0x00007f19f73d7ac0
Event: 152,073 Thread 0x00007f1a30325480 Thread added: 0x00007f19f73d7ac0
Event: 152,079 Thread 0x00007f19f73d7ac0 Thread exited: 0x00007f19f73d7ac0
Event: 152,124 Thread 0x00007f1a30325480 Thread added: 0x00007f19f73d7ac0
Event: 152,169 Thread 0x00007f19f73d7ac0 Thread exited: 0x00007f19f73d7ac0
Event: 152,489 Thread 0x00007f1a30325480 Thread added: 0x00007f19f73d9170
Event: 152,495 Thread 0x00007f19f73d9170 Thread exited: 0x00007f19f73d9170
Event: 152,540 Thread 0x00007f1a30325480 Thread added: 0x00007f19f73d9170
Event: 152,549 Thread 0x00007f19f73d9170 Thread exited: 0x00007f19f73d9170
Event: 152,723 Thread 0x00007f1a30325480 Thread added: 0x00007f19f73d7ac0
Event: 152,726 Thread 0x00007f19f73d7ac0 Thread exited: 0x00007f19f73d7ac0
Event: 152,761 Thread 0x00007f1a30325480 Thread added: 0x00007f19f73d7ac0
Event: 152,767 Thread 0x00007f19f73d7ac0 Thread exited: 0x00007f19f73d7ac0


Dynamic libraries:
80000000-80001000 ---p 00000000 00:00 0 
80001000-80da7000 rw-p 00001000 00:23 2947433                            /usr/lib/jvm/java-26-openjdk/lib/server/classes.jsa
80da7000-81000000 ---p 00000000 00:00 0 
81000000-81040000 rw-p 00000000 00:00 0 
81040000-810c0000 rw-p 00000000 00:00 0 
810c0000-810e0000 rw-p 00000000 00:00 0 
810e0000-81100000 ---p 00000000 00:00 0 
81100000-81270000 rw-p 00000000 00:00 0 
81270000-c1000000 ---p 00000000 00:00 0 
70c000000-726000000 rw-p 00000000 00:00 0 
726000000-7ffc00000 ---p 00000000 00:00 0 
7ffc00000-7ffe00000 rw-p 00000000 00:00 0 
7ffe00000-7fff25000 rw-p 00ddd000 00:23 2947433                          /usr/lib/jvm/java-26-openjdk/lib/server/classes.jsa
7fff25000-800000000 rw-p 00000000 00:00 0 
55b2b5471000-55b2b5472000 r--p 00000000 00:23 2947161                    /usr/lib/jvm/java-26-openjdk/bin/java
55b2b5472000-55b2b5473000 r-xp 00001000 00:23 2947161                    /usr/lib/jvm/java-26-openjdk/bin/java
55b2b5473000-55b2b5474000 r--p 00002000 00:23 2947161                    /usr/lib/jvm/java-26-openjdk/bin/java
55b2b5474000-55b2b5475000 r--p 00002000 00:23 2947161                    /usr/lib/jvm/java-26-openjdk/bin/java
55b2b5475000-55b2b5476000 rw-p 00003000 00:23 2947161                    /usr/lib/jvm/java-26-openjdk/bin/java
55b2c8b7f000-55b2ca99c000 rw-p 00000000 00:00 0                          [heap]
7f19a0000000-7f19a3a56000 rw-p 00000000 00:00 0 
7f19a3a56000-7f19a4000000 ---p 00000000 00:00 0 
7f19a8000000-7f19abffa000 rw-p 00000000 00:00 0 
7f19abffa000-7f19ac000000 ---p 00000000 00:00 0 
7f19adb5c000-7f19adf5c000 rw-s 118ae1000 00:11 2116                      anon_inode:i915.gem
7f19adf5c000-7f19ae15c000 rw-s 1188e1000 00:11 2116                      anon_inode:i915.gem
7f19ae15c000-7f19ae35c000 rw-s 1186e1000 00:11 2116                      anon_inode:i915.gem
7f19ae35c000-7f19ae55c000 rw-s 1184e1000 00:11 2116                      anon_inode:i915.gem
7f19ae55c000-7f19ae75c000 rw-s 1227c5000 00:11 2116                      anon_inode:i915.gem
7f19ae95c000-7f19aeb5c000 rw-s 1182e1000 00:11 2116                      anon_inode:i915.gem
7f19aeb6c000-7f19aeb74000 rw-s 1182c9000 00:11 2116                      anon_inode:i915.gem
7f19aeb84000-7f19aeb8c000 rw-s 1182b1000 00:11 2116                      anon_inode:i915.gem
7f19aebac000-7f19aebb4000 rw-s 118289000 00:11 2116                      anon_inode:i915.gem
7f19aebbc000-7f19aebc4000 rw-s 118279000 00:11 2116                      anon_inode:i915.gem
7f19aebdc000-7f19aebe4000 rw-s 118259000 00:11 2116                      anon_inode:i915.gem
7f19aebe4000-7f19aede4000 rw-s 118059000 00:11 2116                      anon_inode:i915.gem
7f19aede4000-7f19aee24000 rw-s 118019000 00:11 2116                      anon_inode:i915.gem
7f19aee24000-7f19aee64000 rw-s 117fd9000 00:11 2116                      anon_inode:i915.gem
7f19aee64000-7f19aeea4000 rw-s 117f99000 00:11 2116                      anon_inode:i915.gem
7f19aeebc000-7f19aeefc000 rw-s 117f41000 00:11 2116                      anon_inode:i915.gem
7f19aeefc000-7f19aef3c000 rw-s 117f01000 00:11 2116                      anon_inode:i915.gem
7f19aef3c000-7f19aef7c000 rw-s 117ec1000 00:11 2116                      anon_inode:i915.gem
7f19aef7c000-7f19aefbc000 rw-s 117e81000 00:11 2116                      anon_inode:i915.gem
7f19aefbc000-7f19aeffc000 rw-s 117e41000 00:11 2116                      anon_inode:i915.gem
7f19aeffc000-7f19af000000 rw-s 117e3d000 00:11 2116                      anon_inode:i915.gem
7f19af000000-7f19af008000 rw-s 117e35000 00:11 2116                      anon_inode:i915.gem
7f19af00c000-7f19af014000 rw-s 117e29000 00:11 2116                      anon_inode:i915.gem
7f19af014000-7f19af018000 rw-s 117e25000 00:11 2116                      anon_inode:i915.gem
7f19af018000-7f19af020000 rw-s 117e1d000 00:11 2116                      anon_inode:i915.gem
7f19af024000-7f19af028000 rw-s 124cb9000 00:11 2116                      anon_inode:i915.gem
7f19af028000-7f19af030000 rw-s 117e11000 00:11 2116                      anon_inode:i915.gem
7f19af030000-7f19af038000 rw-s 117e09000 00:11 2116                      anon_inode:i915.gem
7f19af068000-7f19af070000 rw-s 117dd1000 00:11 2116                      anon_inode:i915.gem
7f19af070000-7f19af078000 rw-s 117dc9000 00:11 2116                      anon_inode:i915.gem
7f19af258000-7f19af298000 rw-s 117b91000 00:11 2116                      anon_inode:i915.gem
7f19af298000-7f19af498000 rw-s 117991000 00:11 2116                      anon_inode:i915.gem
7f19af498000-7f19af698000 rw-s 117791000 00:11 2116                      anon_inode:i915.gem
7f19af698000-7f19af898000 rw-s 117591000 00:11 2116                      anon_inode:i915.gem
7f19af898000-7f19afa98000 rw-s 117391000 00:11 2116                      anon_inode:i915.gem
7f19afa98000-7f19afc98000 rw-s 117191000 00:11 2116                      anon_inode:i915.gem
7f19afc98000-7f19afe98000 rw-s 116f91000 00:11 2116                      anon_inode:i915.gem
7f19aff18000-7f19aff58000 rw-s 118fa1000 00:11 2116                      anon_inode:i915.gem
7f19aff58000-7f19aff98000 rw-s 118f61000 00:11 2116                      anon_inode:i915.gem
7f19aff98000-7f19affd8000 rw-s 116f51000 00:11 2116                      anon_inode:i915.gem
7f19affd8000-7f19b0018000 rw-s 116dd1000 00:11 2116                      anon_inode:i915.gem
7f19b0018000-7f19b0058000 rw-s 116d91000 00:11 2116                      anon_inode:i915.gem
7f19b0058000-7f19b0098000 rw-s 117d51000 00:11 2116                      anon_inode:i915.gem
7f19b0118000-7f19b0158000 rw-s 116f11000 00:11 2116                      anon_inode:i915.gem
7f19b0158000-7f19b0198000 rw-s 124295000 00:11 2116                      anon_inode:i915.gem
7f19b0198000-7f19b01d8000 rw-s 117bd1000 00:11 2116                      anon_inode:i915.gem
7f19b01d8000-7f19b0218000 rw-s 1242f9000 00:11 2116                      anon_inode:i915.gem
7f19b0258000-7f19b0298000 rw-s 117cd1000 00:11 2116                      anon_inode:i915.gem
7f19b0298000-7f19b0498000 rw-s 116991000 00:11 2116                      anon_inode:i915.gem
7f19b0498000-7f19b0698000 rw-s 116791000 00:11 2116                      anon_inode:i915.gem
7f19b0698000-7f19b0a98000 rw-s 116391000 00:11 2116                      anon_inode:i915.gem
7f19b0a98000-7f19b0c98000 rw-s 116191000 00:11 2116                      anon_inode:i915.gem
7f19b0c98000-7f19b0e98000 rw-s 115f91000 00:11 2116                      anon_inode:i915.gem
7f19b0e98000-7f19b1098000 rw-s 115d91000 00:11 2116                      anon_inode:i915.gem
7f19b1098000-7f19b10d8000 rw-s 115d51000 00:11 2116                      anon_inode:i915.gem
7f19b10d8000-7f19b1118000 rw-s 115d11000 00:11 2116                      anon_inode:i915.gem
7f19b1118000-7f19b1120000 rw-s 12427d000 00:11 2116                      anon_inode:i915.gem
7f19b1128000-7f19b1168000 rw-s 117c91000 00:11 2116                      anon_inode:i915.gem
7f19b1168000-7f19b11a8000 rw-s 115cb1000 00:11 2116                      anon_inode:i915.gem
7f19b11a8000-7f19b11b0000 rw-s 117c81000 00:11 2116                      anon_inode:i915.gem
7f19b11b0000-7f19b11b8000 rw-s 108b69000 00:11 2116                      anon_inode:i915.gem
7f19b11b8000-7f19b11c0000 rw-s 108b61000 00:11 2116                      anon_inode:i915.gem
7f19b11c0000-7f19b11c8000 rw-s 108b59000 00:11 2116                      anon_inode:i915.gem
7f19b11c8000-7f19b11d0000 rw-s 117c79000 00:11 2116                      anon_inode:i915.gem
7f19b11d8000-7f19b1218000 rw-s 115c71000 00:11 2116                      anon_inode:i915.gem
7f19b1218000-7f19b1258000 rw-s 115c31000 00:11 2116                      anon_inode:i915.gem
7f19b1258000-7f19b1298000 rw-s 115bf1000 00:11 2116                      anon_inode:i915.gem
7f19b1298000-7f19b12d8000 rw-s 115bb1000 00:11 2116                      anon_inode:i915.gem
7f19b12d8000-7f19b1318000 rw-s 115b71000 00:11 2116                      anon_inode:i915.gem
7f19b1318000-7f19b1358000 rw-s 115b31000 00:11 2116                      anon_inode:i915.gem
7f19b1358000-7f19b135c000 rw-s 103763000 00:11 2116                      anon_inode:i915.gem
7f19b135c000-7f19b1360000 rw-s 12956f000 00:11 2116                      anon_inode:i915.gem
7f19b1360000-7f19b1368000 rw-s 117c69000 00:11 2116                      anon_inode:i915.gem
7f19b1370000-7f19b1378000 rw-s 108b31000 00:11 2116                      anon_inode:i915.gem
7f19b1378000-7f19b1380000 rw-s 123ead000 00:11 2116                      anon_inode:i915.gem
7f19b1380000-7f19b1388000 rw-s 115a81000 00:11 2116                      anon_inode:i915.gem
7f19b1388000-7f19b1390000 rw-s 117c41000 00:11 2116                      anon_inode:i915.gem
7f19b1398000-7f19b13a0000 rw-s 117c31000 00:11 2116                      anon_inode:i915.gem
7f19b13a0000-7f19b13a8000 rw-s 117c29000 00:11 2116                      anon_inode:i915.gem
7f19b13a8000-7f19b13e8000 rw-s 108ac1000 00:11 2116                      anon_inode:i915.gem
7f19b13e8000-7f19b1428000 rw-s 108a81000 00:11 2116                      anon_inode:i915.gem
7f19b1428000-7f19b1430000 rw-s 115a79000 00:11 2116                      anon_inode:i915.gem
7f19b1430000-7f19b1438000 rw-s 115a71000 00:11 2116                      anon_inode:i915.gem
7f19b1438000-7f19b1440000 rw-s 117c21000 00:11 2116                      anon_inode:i915.gem
7f19b1440000-7f19b1448000 rw-s 117c19000 00:11 2116                      anon_inode:i915.gem
7f19b1448000-7f19b1450000 rw-s 117c11000 00:11 2116                      anon_inode:i915.gem
7f19b1458000-7f19b1658000 rw-s 115831000 00:11 2116                      anon_inode:i915.gem
7f19b1658000-7f19b1858000 rw-s 115631000 00:11 2116                      anon_inode:i915.gem
7f19b1858000-7f19b1898000 rw-s 1155f1000 00:11 2116                      anon_inode:i915.gem
7f19b1898000-7f19b18d8000 rw-s 1155b1000 00:11 2116                      anon_inode:i915.gem
7f19b18dc000-7f19b18e4000 rw-s 115a69000 00:11 2116                      anon_inode:i915.gem
7f19b18e4000-7f19b18ec000 rw-s 115a61000 00:11 2116                      anon_inode:i915.gem
7f19b18f4000-7f19b18fc000 rw-s 117d39000 00:11 2116                      anon_inode:i915.gem
7f19b18fc000-7f19b1904000 rw-s 117d31000 00:11 2116                      anon_inode:i915.gem
7f19b190c000-7f19b194c000 rw-s 11e395000 00:11 2116                      anon_inode:i915.gem
7f19b1950000-7f19b1958000 rw-s 117d21000 00:11 2116                      anon_inode:i915.gem
7f19b1958000-7f19b1998000 rw-s 129487000 00:11 2116                      anon_inode:i915.gem
7f19b199c000-7f19b19a4000 rw-s 11e381000 00:11 2116                      anon_inode:i915.gem
7f19b19a4000-7f19b19ac000 rw-s 11e379000 00:11 2116                      anon_inode:i915.gem
7f19b19ac000-7f19b19b4000 rw-s 11e371000 00:11 2116                      anon_inode:i915.gem
7f19b19b8000-7f19b19f8000 rw-s 115ac9000 00:11 2116                      anon_inode:i915.gem
7f19b19f8000-7f19b1a38000 rw-s 115a89000 00:11 2116                      anon_inode:i915.gem
7f19b1a38000-7f19b1a40000 rw-s 129537000 00:11 2116                      anon_inode:i915.gem
7f19b1a40000-7f19b1a48000 rw-s 12952f000 00:11 2116                      anon_inode:i915.gem
7f19b1a48000-7f19b1a50000 rw-s 117d19000 00:11 2116                      anon_inode:i915.gem
7f19b1a50000-7f19b1a58000 rw-s 12951f000 00:11 2116                      anon_inode:i915.gem
7f19b1a5c000-7f19b1a64000 rw-s 117d11000 00:11 2116                      anon_inode:i915.gem
7f19b1a74000-7f19b1a7c000 rw-s 117db1000 00:11 2116                      anon_inode:i915.gem
7f19b1a7c000-7f19b1a84000 rw-s 1294f3000 00:11 2116                      anon_inode:i915.gem
7f19b1a84000-7f19b1a8c000 rw-s 129507000 00:11 2116                      anon_inode:i915.gem
7f19b1a8c000-7f19b1a90000 rw-s 129503000 00:11 2116                      anon_inode:i915.gem
7f19b1a94000-7f19b1a98000 rw-s 1294df000 00:11 2116                      anon_inode:i915.gem
7f19b1a9c000-7f19b1aa0000 rw-s 1294d7000 00:11 2116                      anon_inode:i915.gem
7f19b1aa0000-7f19b1aa4000 rw-s 1294d3000 00:11 2116                      anon_inode:i915.gem
7f19b1aa8000-7f19b1aac000 rw-s 1294cb000 00:11 2116                      anon_inode:i915.gem
7f19b1aac000-7f19b1ab0000 rw-s 1294c7000 00:11 2116                      anon_inode:i915.gem
7f19b1ab0000-7f19b1ab8000 rw-s 108bc9000 00:11 2116                      anon_inode:i915.gem
7f19b1ab8000-7f19b1ac0000 rw-s 108bc1000 00:11 2116                      anon_inode:i915.gem
7f19b1ac0000-7f19b1ac8000 rw-s 108bb9000 00:11 2116                      anon_inode:i915.gem
7f19b1ac8000-7f19b1ad0000 rw-s 115a59000 00:11 2116                      anon_inode:i915.gem
7f19b1ad0000-7f19b1ad8000 rw-s 108a79000 00:11 2116                      anon_inode:i915.gem
7f19b1ad8000-7f19b1b18000 rw-s 124179000 00:11 2116                      anon_inode:i915.gem
7f19b1b18000-7f19b1d18000 rw-s 115331000 00:11 2116                      anon_inode:i915.gem
7f19b1d18000-7f19b1f18000 rw-s 115131000 00:11 2116                      anon_inode:i915.gem
7f19b1f18000-7f19b2118000 rw-s 129187000 00:11 2116                      anon_inode:i915.gem
7f19b2118000-7f19b2318000 rw-s 128f87000 00:11 2116                      anon_inode:i915.gem
7f19b2318000-7f19b2518000 rw-s 128d87000 00:11 2116                      anon_inode:i915.gem
7f19b2518000-7f19b2918000 rw-s 128987000 00:11 2116                      anon_inode:i915.gem
7f19b2918000-7f19b2b18000 rw-s 128787000 00:11 2116                      anon_inode:i915.gem
7f19b2b18000-7f19b2d18000 rw-s 128587000 00:11 2116                      anon_inode:i915.gem
7f19b2d18000-7f19b2d58000 rw-s 115571000 00:11 2116                      anon_inode:i915.gem
7f19b2d58000-7f19b2d98000 rw-s 115531000 00:11 2116                      anon_inode:i915.gem
7f19b2d98000-7f19b2dd8000 rw-s 1284c7000 00:11 2116                      anon_inode:i915.gem
7f19b2dd8000-7f19b2e18000 rw-s 128487000 00:11 2116                      anon_inode:i915.gem
7f19b2e18000-7f19b2e58000 rw-s 128447000 00:11 2116                      anon_inode:i915.gem
7f19b2e58000-7f19b2e98000 rw-s 128407000 00:11 2116                      anon_inode:i915.gem
7f19b2e98000-7f19b2ed8000 rw-s 1283c7000 00:11 2116                      anon_inode:i915.gem
7f19b2ed8000-7f19b2f18000 rw-s 129447000 00:11 2116                      anon_inode:i915.gem
7f19b2f18000-7f19b3118000 rw-s 128187000 00:11 2116                      anon_inode:i915.gem
7f19b3118000-7f19b3158000 rw-s 128147000 00:11 2116                      anon_inode:i915.gem
7f19b3158000-7f19b3198000 rw-s 128107000 00:11 2116                      anon_inode:i915.gem
7f19b3198000-7f19b3398000 rw-s 127f07000 00:11 2116                      anon_inode:i915.gem
7f19b3398000-7f19b3598000 rw-s 127d07000 00:11 2116                      anon_inode:i915.gem
7f19b3598000-7f19b3798000 rw-s 127b07000 00:11 2116                      anon_inode:i915.gem
7f19b3798000-7f19b3998000 rw-s 127907000 00:11 2116                      anon_inode:i915.gem
7f19b3998000-7f19b3b98000 rw-s 127707000 00:11 2116                      anon_inode:i915.gem
7f19b3b98000-7f19b3bd8000 rw-s 1276c7000 00:11 2116                      anon_inode:i915.gem
7f19b3bd8000-7f19b3c18000 rw-s 127687000 00:11 2116                      anon_inode:i915.gem
7f19b3c18000-7f19b3c58000 rw-s 127647000 00:11 2116                      anon_inode:i915.gem
7f19b3c58000-7f19b3c98000 rw-s 127607000 00:11 2116                      anon_inode:i915.gem
7f19b3c98000-7f19b3cd8000 rw-s 1275c7000 00:11 2116                      anon_inode:i915.gem
7f19b3cd8000-7f19b3d18000 rw-s 127587000 00:11 2116                      anon_inode:i915.gem
7f19b3d18000-7f19b3d58000 rw-s 127547000 00:11 2116                      anon_inode:i915.gem
7f19b3d58000-7f19b3d98000 rw-s 127507000 00:11 2116                      anon_inode:i915.gem
7f19b3d98000-7f19b3dd8000 rw-s 1274c7000 00:11 2116                      anon_inode:i915.gem
7f19b3dd8000-7f19b3e18000 rw-s 127487000 00:11 2116                      anon_inode:i915.gem
7f19b3e18000-7f19b3e58000 rw-s 1037fe000 00:11 2116                      anon_inode:i915.gem
7f19b3e58000-7f19b4058000 rw-s 127287000 00:11 2116                      anon_inode:i915.gem
7f19b4058000-7f19b4258000 rw-s 127087000 00:11 2116                      anon_inode:i915.gem
7f19b4258000-7f19b4298000 rw-s 127047000 00:11 2116                      anon_inode:i915.gem
7f19b4298000-7f19b42d8000 rw-s 127007000 00:11 2116                      anon_inode:i915.gem
7f19b42d8000-7f19b4318000 rw-s 126fc7000 00:11 2116                      anon_inode:i915.gem
7f19b4318000-7f19b4358000 rw-s 126f87000 00:11 2116                      anon_inode:i915.gem
7f19b4358000-7f19b4398000 rw-s 126f47000 00:11 2116                      anon_inode:i915.gem
7f19b4398000-7f19b43d8000 rw-s 126f07000 00:11 2116                      anon_inode:i915.gem
7f19b43d8000-7f19b4418000 rw-s 126ec7000 00:11 2116                      anon_inode:i915.gem
7f19b4418000-7f19b4458000 rw-s 126e87000 00:11 2116                      anon_inode:i915.gem
7f19b4458000-7f19b4498000 rw-s 126e47000 00:11 2116                      anon_inode:i915.gem
7f19b4498000-7f19b44d8000 rw-s 126e07000 00:11 2116                      anon_inode:i915.gem
7f19b44d8000-7f19b4518000 rw-s 126dc7000 00:11 2116                      anon_inode:i915.gem
7f19b4518000-7f19b4558000 rw-s 126d87000 00:11 2116                      anon_inode:i915.gem
7f19b4558000-7f19b4598000 rw-s 126d47000 00:11 2116                      anon_inode:i915.gem
7f19b4598000-7f19b45d8000 rw-s 126d07000 00:11 2116                      anon_inode:i915.gem
7f19b45d8000-7f19b4618000 rw-s 126cc7000 00:11 2116                      anon_inode:i915.gem
7f19b4618000-7f19b4658000 rw-s 126c87000 00:11 2116                      anon_inode:i915.gem
7f19b4658000-7f19b4698000 rw-s 123b71000 00:11 2116                      anon_inode:i915.gem
7f19b4698000-7f19b469c000 rw-s 1294fb000 00:11 2116                      anon_inode:i915.gem
7f19b469c000-7f19b46a4000 rw-s 106e26000 00:11 2116                      anon_inode:i915.gem
7f19b46a4000-7f19b46ac000 rw-s 106e1e000 00:11 2116                      anon_inode:i915.gem
7f19b46ac000-7f19b46b0000 rw-s 106e1a000 00:11 2116                      anon_inode:i915.gem
7f19b46b0000-7f19b46b8000 rw-s 106e0e000 00:11 2116                      anon_inode:i915.gem
7f19b46b8000-7f19b48b8000 rw-s 126a87000 00:11 2116                      anon_inode:i915.gem
7f19b48b8000-7f19b4ab8000 rw-s 126887000 00:11 2116                      anon_inode:i915.gem
7f19b4ab8000-7f19b4cb8000 rw-s 126687000 00:11 2116                      anon_inode:i915.gem
7f19b4cb8000-7f19b4cf8000 rw-s 124bf9000 00:11 2116                      anon_inode:i915.gem
7f19b4cf8000-7f19b4d38000 rw-s 124bb9000 00:11 2116                      anon_inode:i915.gem
7f19b4d38000-7f19b4d78000 rw-s 124b79000 00:11 2116                      anon_inode:i915.gem
7f19b4d78000-7f19b4db8000 rw-s 124b39000 00:11 2116                      anon_inode:i915.gem
7f19b4db8000-7f19b4df8000 rw-s 124af9000 00:11 2116                      anon_inode:i915.gem
7f19b4df8000-7f19b4e38000 rw-s 124ab9000 00:11 2116                      anon_inode:i915.gem
7f19b4e38000-7f19b4e78000 rw-s 124a79000 00:11 2116                      anon_inode:i915.gem
7f19b4e78000-7f19b4eb8000 rw-s 124a39000 00:11 2116                      anon_inode:i915.gem
7f19b4eb8000-7f19b4ef8000 rw-s 1249f9000 00:11 2116                      anon_inode:i915.gem
7f19b4ef8000-7f19b4f38000 rw-s 1249b9000 00:11 2116                      anon_inode:i915.gem
7f19b4f38000-7f19b4f78000 rw-s 124979000 00:11 2116                      anon_inode:i915.gem
7f19b4f78000-7f19b4fb8000 rw-s 124939000 00:11 2116                      anon_inode:i915.gem
7f19b4fb8000-7f19b4ff8000 rw-s 123b11000 00:11 2116                      anon_inode:i915.gem
7f19b4ff8000-7f19b53f8000 rw-s 126287000 00:11 2116                      anon_inode:i915.gem
7f19b53f8000-7f19b55f8000 rw-s 1246f9000 00:11 2116                      anon_inode:i915.gem
7f19b55f8000-7f19b5638000 rw-s 1246b9000 00:11 2116                      anon_inode:i915.gem
7f19b5638000-7f19b5678000 rw-s 124679000 00:11 2116                      anon_inode:i915.gem
7f19b5678000-7f19b56b8000 rw-s 124639000 00:11 2116                      anon_inode:i915.gem
7f19b56b8000-7f19b56f8000 rw-s 129407000 00:11 2116                      anon_inode:i915.gem
7f19b56f8000-7f19b58f8000 rw-s 1243b9000 00:11 2116                      anon_inode:i915.gem
7f19b58f8000-7f19b5938000 rw-s 124379000 00:11 2116                      anon_inode:i915.gem
7f19b5938000-7f19b5978000 rw-s 124339000 00:11 2116                      anon_inode:i915.gem
7f19b5978000-7f19b59b8000 rw-s 123ad1000 00:11 2116                      anon_inode:i915.gem
7f19b59b8000-7f19b59f8000 rw-s 105501000 00:11 2116                      anon_inode:i915.gem
7f19b59f8000-7f19b5a38000 rw-s 124239000 00:11 2116                      anon_inode:i915.gem
7f19b5a38000-7f19b5a78000 rw-s 1241f9000 00:11 2116                      anon_inode:i915.gem
7f19b5a78000-7f19b5ab8000 rw-s 1241b9000 00:11 2116                      anon_inode:i915.gem
7f19b5ab8000-7f19b5af8000 rw-s 123c11000 00:11 2116                      anon_inode:i915.gem
7f19b5af8000-7f19b5b38000 rw-s 108b71000 00:11 2116                      anon_inode:i915.gem
7f19b5b38000-7f19b5b78000 rw-s 123a51000 00:11 2116                      anon_inode:i915.gem
7f19b5b78000-7f19b5d78000 rw-s 123f39000 00:11 2116                      anon_inode:i915.gem
7f19b5d78000-7f19b5d80000 rw-s 115b29000 00:11 2116                      anon_inode:i915.gem
7f19b5d80000-7f19b5d88000 rw-s 123f29000 00:11 2116                      anon_inode:i915.gem
7f19b5d88000-7f19b5dc8000 rw-s 123ee9000 00:11 2116                      anon_inode:i915.gem
7f19b5dc8000-7f19b5dd0000 rw-s 123ee1000 00:11 2116                      anon_inode:i915.gem
7f19b5dd0000-7f19b5dd4000 rw-s 123edd000 00:11 2116                      anon_inode:i915.gem
7f19b5dd4000-7f19b5ddc000 rw-s 108a71000 00:11 2116                      anon_inode:i915.gem
7f19b5ddc000-7f19b5de4000 rw-s 10afd1000 00:11 2116                      anon_inode:i915.gem
7f19b5de4000-7f19b5dec000 rw-s 115a51000 00:11 2116                      anon_inode:i915.gem
7f19b5df0000-7f19b5df4000 rw-s 124f70000 00:11 2116                      anon_inode:i915.gem
7f19b5df4000-7f19b5dfc000 rw-s 124f64000 00:11 2116                      anon_inode:i915.gem
7f19b5e04000-7f19b5e0c000 rw-s 124f54000 00:11 2116                      anon_inode:i915.gem
7f19b5e0c000-7f19b5e4c000 rw-s 123bd1000 00:11 2116                      anon_inode:i915.gem
7f19b5e4c000-7f19b5e54000 rw-s 115a49000 00:11 2116                      anon_inode:i915.gem
7f19b5e54000-7f19b5e5c000 rw-s 117da9000 00:11 2116                      anon_inode:i915.gem
7f19b5e5c000-7f19b5e64000 rw-s 117da1000 00:11 2116                      anon_inode:i915.gem
7f19b5e64000-7f19b5ea4000 rw-s 124c79000 00:11 2116                      anon_inode:i915.gem
7f19b5ea4000-7f19b5ee4000 rw-s 124c39000 00:11 2116                      anon_inode:i915.gem
7f19b5ee4000-7f19b5f24000 rw-s 1054c1000 00:11 2116                      anon_inode:i915.gem
7f19b5f24000-7f19b5f64000 rw-s 114c81000 00:11 2116                      anon_inode:i915.gem
7f19b5f64000-7f19b5fa4000 rw-s 123d31000 00:11 2116                      anon_inode:i915.gem
7f19b5fa4000-7f19b5fe4000 rw-s 123cf1000 00:11 2116                      anon_inode:i915.gem
7f19b5fe4000-7f19b6024000 rw-s 123c91000 00:11 2116                      anon_inode:i915.gem
7f19b6024000-7f19b6064000 rw-s 123c51000 00:11 2116                      anon_inode:i915.gem
7f19b6064000-7f19b60a4000 rw-s 108c11000 00:11 2116                      anon_inode:i915.gem
7f19b60a4000-7f19b60e4000 rw-s 1245d9000 00:11 2116                      anon_inode:i915.gem
7f19b60e4000-7f19b6124000 rw-s 1089d1000 00:11 2116                      anon_inode:i915.gem
7f19b6124000-7f19b6164000 rw-s 108bd1000 00:11 2116                      anon_inode:i915.gem
7f19b6164000-7f19b61a4000 rw-s 1248f9000 00:11 2116                      anon_inode:i915.gem
7f19b61a4000-7f19b61e4000 rw-s 101ed3000 00:11 2116                      anon_inode:i915.gem
7f19b61e4000-7f19b6224000 rw-s 126034000 00:11 2116                      anon_inode:i915.gem
7f19b6224000-7f19b6264000 rw-s 125ff4000 00:11 2116                      anon_inode:i915.gem
7f19b6264000-7f19b6464000 rw-s 123851000 00:11 2116                      anon_inode:i915.gem
7f19b6464000-7f19b6664000 rw-s 123651000 00:11 2116                      anon_inode:i915.gem
7f19b6664000-7f19b6864000 rw-s 123451000 00:11 2116                      anon_inode:i915.gem
7f19b6864000-7f19b6a64000 rw-s 123251000 00:11 2116                      anon_inode:i915.gem
7f19b6a64000-7f19b6c64000 rw-s 123051000 00:11 2116                      anon_inode:i915.gem
7f19b6c64000-7f19b6ca4000 rw-s 123011000 00:11 2116                      anon_inode:i915.gem
7f19b6ca4000-7f19b6ce4000 rw-s 122fd1000 00:11 2116                      anon_inode:i915.gem
7f19b6ce4000-7f19b6d24000 rw-s 122f91000 00:11 2116                      anon_inode:i915.gem
7f19b6d24000-7f19b6f24000 rw-s 122d91000 00:11 2116                      anon_inode:i915.gem
7f19b6f24000-7f19b6f64000 rw-s 122d51000 00:11 2116                      anon_inode:i915.gem
7f19b6f64000-7f19b6fa4000 rw-s 122d11000 00:11 2116                      anon_inode:i915.gem
7f19b6fa4000-7f19b6fe4000 rw-s 122cd1000 00:11 2116                      anon_inode:i915.gem
7f19b6fe4000-7f19b7024000 rw-s 122c91000 00:11 2116                      anon_inode:i915.gem
7f19b7024000-7f19b7064000 rw-s 122c51000 00:11 2116                      anon_inode:i915.gem
7f19b7064000-7f19b70a4000 rw-s 122c11000 00:11 2116                      anon_inode:i915.gem
7f19b70a4000-7f19b70e4000 rw-s 122bd1000 00:11 2116                      anon_inode:i915.gem
7f19b70e4000-7f19b70ec000 rw-s 1057e9000 00:11 2116                      anon_inode:i915.gem
7f19b70ec000-7f19b70f4000 rw-s 122bc1000 00:11 2116                      anon_inode:i915.gem
7f19b70f4000-7f19b70fc000 rw-s 122bb9000 00:11 2116                      anon_inode:i915.gem
7f19b70fc000-7f19b7104000 rw-s 122bb1000 00:11 2116                      anon_inode:i915.gem
7f19b7104000-7f19b710c000 rw-s 122ba9000 00:11 2116                      anon_inode:i915.gem
7f19b710c000-7f19b7114000 rw-s 122ba1000 00:11 2116                      anon_inode:i915.gem
7f19b7114000-7f19b711c000 rw-s 1057e1000 00:11 2116                      anon_inode:i915.gem
7f19b711c000-7f19b7124000 rw-s 122b91000 00:11 2116                      anon_inode:i915.gem
7f19b7124000-7f19b7164000 rw-s 122b51000 00:11 2116                      anon_inode:i915.gem
7f19b7164000-7f19b7168000 rw-s 122b4d000 00:11 2116                      anon_inode:i915.gem
7f19b7168000-7f19b71a8000 rw-s 122b0d000 00:11 2116                      anon_inode:i915.gem
7f19b71a8000-7f19b71e8000 rw-s 122acd000 00:11 2116                      anon_inode:i915.gem
7f19b71e8000-7f19b71f0000 rw-s 122ac5000 00:11 2116                      anon_inode:i915.gem
7f19b71f0000-7f19b7230000 rw-s 122a85000 00:11 2116                      anon_inode:i915.gem
7f19b7230000-7f19b7270000 rw-s 122a45000 00:11 2116                      anon_inode:i915.gem
7f19b7270000-7f19b72b0000 rw-s 122a05000 00:11 2116                      anon_inode:i915.gem
7f19b72b0000-7f19b72f0000 rw-s 1229c5000 00:11 2116                      anon_inode:i915.gem
7f19b72f0000-7f19b7330000 rw-s 116ed1000 00:11 2116                      anon_inode:i915.gem
7f19b7330000-7f19b7338000 rw-s 117d99000 00:11 2116                      anon_inode:i915.gem
7f19b7340000-7f19b7348000 rw-s 108b29000 00:11 2116                      anon_inode:i915.gem
7f19b7368000-7f19b7370000 rw-s 108b01000 00:11 2116                      anon_inode:i915.gem
7f19b7370000-7f19b7378000 rw-s 121c8f000 00:11 2116                      anon_inode:i915.gem
7f19b7380000-7f19b7388000 rw-s 114cc9000 00:11 2116                      anon_inode:i915.gem
7f19b7388000-7f19b7390000 rw-s 123ed5000 00:11 2116                      anon_inode:i915.gem
7f19b7390000-7f19b73d0000 rw-s 116e91000 00:11 2116                      anon_inode:i915.gem
7f19b73d0000-7f19b7410000 rw-s 116e51000 00:11 2116                      anon_inode:i915.gem
7f19b74b0000-7f19b74f0000 rw-s 116e11000 00:11 2116                      anon_inode:i915.gem
7f19b74f0000-7f19b76f0000 rw-s 1225c5000 00:11 2116                      anon_inode:i915.gem
7f19b76f0000-7f19b76f8000 rw-s 1225bd000 00:11 2116                      anon_inode:i915.gem
7f19b76f8000-7f19b7738000 rw-s 12257d000 00:11 2116                      anon_inode:i915.gem
7f19b7738000-7f19b7778000 rw-s 12253d000 00:11 2116                      anon_inode:i915.gem
7f19b7778000-7f19b77b8000 rw-s 1224fd000 00:11 2116                      anon_inode:i915.gem
7f19b77b8000-7f19b77f8000 rw-s 1224bd000 00:11 2116                      anon_inode:i915.gem
7f19b77f8000-7f19b7800000 rw-s 1224b5000 00:11 2116                      anon_inode:i915.gem
7f19b7800000-7f19b7840000 rw-s 122475000 00:11 2116                      anon_inode:i915.gem
7f19b7840000-7f19b7848000 rw-s 12246d000 00:11 2116                      anon_inode:i915.gem
7f19b7848000-7f19b7888000 rw-s 12242d000 00:11 2116                      anon_inode:i915.gem
7f19b7888000-7f19b78c8000 rw-s 1223ed000 00:11 2116                      anon_inode:i915.gem
7f19b78c8000-7f19b7908000 rw-s 1223ad000 00:11 2116                      anon_inode:i915.gem
7f19b7908000-7f19b7910000 rw-s 1223a5000 00:11 2116                      anon_inode:i915.gem
7f19b7910000-7f19b7918000 rw-s 12239d000 00:11 2116                      anon_inode:i915.gem
7f19b7918000-7f19b7920000 rw-s 122395000 00:11 2116                      anon_inode:i915.gem
7f19b7920000-7f19b7924000 rw-s 122391000 00:11 2116                      anon_inode:i915.gem
7f19b7924000-7f19b792c000 rw-s 122389000 00:11 2116                      anon_inode:i915.gem
7f19b792c000-7f19b796c000 rw-s 122349000 00:11 2116                      anon_inode:i915.gem
7f19b796c000-7f19b7974000 rw-s 122341000 00:11 2116                      anon_inode:i915.gem
7f19b7974000-7f19b797c000 rw-s 122339000 00:11 2116                      anon_inode:i915.gem
7f19b797c000-7f19b7984000 rw-s 122331000 00:11 2116                      anon_inode:i915.gem
7f19b7984000-7f19b798c000 rw-s 122129000 00:11 2116                      anon_inode:i915.gem
7f19b798c000-7f19b7994000 rw-s 122121000 00:11 2116                      anon_inode:i915.gem
7f19b7994000-7f19b7b94000 rw-s 121f21000 00:11 2116                      anon_inode:i915.gem
7f19b7b94000-7f19b7bd4000 rw-s 121ee1000 00:11 2116                      anon_inode:i915.gem
7f19b7bd4000-7f19b7dd4000 rw-s 121ce1000 00:11 2116                      anon_inode:i915.gem
7f19b7dd4000-7f19b7e14000 rw-s 121ca1000 00:11 2116                      anon_inode:i915.gem
7f19b7e14000-7f19b7e1c000 rw-s 1057d9000 00:11 2116                      anon_inode:i915.gem
7f19b7e1c000-7f19b7e24000 rw-s 1057d1000 00:11 2116                      anon_inode:i915.gem
7f19b7e24000-7f19b7e2c000 rw-s 114cd9000 00:11 2116                      anon_inode:i915.gem
7f19b7e2c000-7f19b7e34000 rw-s 114cd1000 00:11 2116                      anon_inode:i915.gem
7f19b7e34000-7f19b7e74000 rw-s 108d91000 00:11 2116                      anon_inode:i915.gem
7f19b7e74000-7f19b7eb4000 rw-s 121c01000 00:11 2116                      anon_inode:i915.gem
7f19b7eb4000-7f19b7ef4000 rw-s 121bc1000 00:11 2116                      anon_inode:i915.gem
7f19b7ef4000-7f19b7f34000 rw-s 121b81000 00:11 2116                      anon_inode:i915.gem
7f19b7f34000-7f19b7f74000 rw-s 121b41000 00:11 2116                      anon_inode:i915.gem
7f19b7f7c000-7f19b7f84000 rw-s 114cc1000 00:11 2116                      anon_inode:i915.gem
7f19b7f94000-7f19b7fd4000 rw-s 121ae1000 00:11 2116                      anon_inode:i915.gem
7f19b7fd4000-7f19b7fdc000 rw-s 115a31000 00:11 2116                      anon_inode:i915.gem
7f19b7fec000-7f19b7ff4000 rw-s 10d081000 00:11 2116                      anon_inode:i915.gem
7f19b7ff4000-7f19b8034000 rw-s 121a81000 00:11 2116                      anon_inode:i915.gem
7f19b804c000-7f19b8054000 rw-s 121ac9000 00:11 2116                      anon_inode:i915.gem
7f19b8054000-7f19b8094000 rw-s 121a21000 00:11 2116                      anon_inode:i915.gem
7f19b8094000-7f19b80d4000 rw-s 1219e1000 00:11 2116                      anon_inode:i915.gem
7f19b80d4000-7f19b8114000 rw-s 1219a1000 00:11 2116                      anon_inode:i915.gem
7f19b8114000-7f19b8154000 rw-s 121961000 00:11 2116                      anon_inode:i915.gem
7f19b8154000-7f19b8194000 rw-s 121921000 00:11 2116                      anon_inode:i915.gem
7f19b8194000-7f19b81d4000 rw-s 1218e1000 00:11 2116                      anon_inode:i915.gem
7f19b81d4000-7f19b8214000 rw-s 1218a1000 00:11 2116                      anon_inode:i915.gem
7f19b8214000-7f19b8254000 rw-s 121861000 00:11 2116                      anon_inode:i915.gem
7f19b8254000-7f19b8294000 rw-s 121821000 00:11 2116                      anon_inode:i915.gem
7f19b8294000-7f19b82d4000 rw-s 1217e1000 00:11 2116                      anon_inode:i915.gem
7f19b82d4000-7f19b84d4000 rw-s 1215e1000 00:11 2116                      anon_inode:i915.gem
7f19b84d4000-7f19b8514000 rw-s 1215a1000 00:11 2116                      anon_inode:i915.gem
7f19b8514000-7f19b8554000 rw-s 121561000 00:11 2116                      anon_inode:i915.gem
7f19b8554000-7f19b8594000 rw-s 121521000 00:11 2116                      anon_inode:i915.gem
7f19b8594000-7f19b859c000 rw-s 121519000 00:11 2116                      anon_inode:i915.gem
7f19b859c000-7f19b85dc000 rw-s 1214d9000 00:11 2116                      anon_inode:i915.gem
7f19b85dc000-7f19b861c000 rw-s 121499000 00:11 2116                      anon_inode:i915.gem
7f19b861c000-7f19b865c000 rw-s 121459000 00:11 2116                      anon_inode:i915.gem
7f19b865c000-7f19b869c000 rw-s 121419000 00:11 2116                      anon_inode:i915.gem
7f19b869c000-7f19b86dc000 rw-s 1213d9000 00:11 2116                      anon_inode:i915.gem
7f19b86dc000-7f19b86e4000 rw-s 1213d1000 00:11 2116                      anon_inode:i915.gem
7f19b86e4000-7f19b86e8000 rw-s 109923000 00:11 2116                      anon_inode:i915.gem
7f19b86e8000-7f19b86f0000 rw-s 1213c9000 00:11 2116                      anon_inode:i915.gem
7f19b86f0000-7f19b86f8000 rw-s 1213c1000 00:11 2116                      anon_inode:i915.gem
7f19b86f8000-7f19b88f8000 rw-s 1211c1000 00:11 2116                      anon_inode:i915.gem
7f19b88f8000-7f19b8938000 rw-s 121181000 00:11 2116                      anon_inode:i915.gem
7f19b8938000-7f19b8978000 rw-s 121141000 00:11 2116                      anon_inode:i915.gem
7f19b8978000-7f19b89b8000 rw-s 121101000 00:11 2116                      anon_inode:i915.gem
7f19b89b8000-7f19b89c0000 rw-s 1210f9000 00:11 2116                      anon_inode:i915.gem
7f19b89c0000-7f19b89c8000 rw-s 1210f1000 00:11 2116                      anon_inode:i915.gem
7f19b89c8000-7f19b8a08000 rw-s 1210b1000 00:11 2116                      anon_inode:i915.gem
7f19b8a08000-7f19b8a10000 rw-s 1210a9000 00:11 2116                      anon_inode:i915.gem
7f19b8a10000-7f19b8a50000 rw-s 121069000 00:11 2116                      anon_inode:i915.gem
7f19b8a50000-7f19b8a90000 rw-s 121029000 00:11 2116                      anon_inode:i915.gem
7f19b8a90000-7f19b8a98000 rw-s 121021000 00:11 2116                      anon_inode:i915.gem
7f19b8a98000-7f19b8ad8000 rw-s 120fe1000 00:11 2116                      anon_inode:i915.gem
7f19b8ad8000-7f19b8b18000 rw-s 120fa1000 00:11 2116                      anon_inode:i915.gem
7f19b8b18000-7f19b8b58000 rw-s 120f61000 00:11 2116                      anon_inode:i915.gem
7f19b8b58000-7f19b8b60000 rw-s 120f59000 00:11 2116                      anon_inode:i915.gem
7f19b8b60000-7f19b8b68000 rw-s 120f51000 00:11 2116                      anon_inode:i915.gem
7f19b8b68000-7f19b8ba8000 rw-s 120f11000 00:11 2116                      anon_inode:i915.gem
7f19b8ba8000-7f19b8bb0000 rw-s 120f09000 00:11 2116                      anon_inode:i915.gem
7f19b8bb0000-7f19b8bb8000 rw-s 120f01000 00:11 2116                      anon_inode:i915.gem
7f19b8bb8000-7f19b8bc0000 rw-s 10b259000 00:11 2116                      anon_inode:i915.gem
7f19b8bc0000-7f19b8dc0000 rw-s 120d01000 00:11 2116                      anon_inode:i915.gem
7f19b8dc0000-7f19b8e00000 rw-s 120cc1000 00:11 2116                      anon_inode:i915.gem
7f19b8e00000-7f19b8e40000 rw-s 120c81000 00:11 2116                      anon_inode:i915.gem
7f19b8e40000-7f19b8e80000 rw-s 120c41000 00:11 2116                      anon_inode:i915.gem
7f19b8e80000-7f19b8ec0000 rw-s 120c01000 00:11 2116                      anon_inode:i915.gem
7f19b8ec0000-7f19b8f00000 rw-s 120bc1000 00:11 2116                      anon_inode:i915.gem
7f19b8f00000-7f19b9100000 rw-s 120931000 00:11 2116                      anon_inode:i915.gem
7f19b9180000-7f19b91c0000 rw-s 114b59000 00:11 2116                      anon_inode:i915.gem
7f19b91c0000-7f19b9200000 rw-s 114b11000 00:11 2116                      anon_inode:i915.gem
7f19b9200000-7f19b9400000 rw-s 120731000 00:11 2116                      anon_inode:i915.gem
7f19b9400000-7f19b9600000 rw-s 120531000 00:11 2116                      anon_inode:i915.gem
7f19b9600000-7f19b9800000 rw-s 120331000 00:11 2116                      anon_inode:i915.gem
7f19b9800000-7f19b9a00000 rw-s 120131000 00:11 2116                      anon_inode:i915.gem
7f19b9a00000-7f19b9c00000 rw-s 11ff31000 00:11 2116                      anon_inode:i915.gem
7f19b9c00000-7f19ba000000 rw-s 11fb31000 00:11 2116                      anon_inode:i915.gem
7f19ba000000-7f19ba200000 rw-s 11f931000 00:11 2116                      anon_inode:i915.gem
7f19ba200000-7f19ba600000 rw-s 11d46d000 00:11 2116                      anon_inode:i915.gem
7f19ba600000-7f19baa00000 rw-s 11d06d000 00:11 2116                      anon_inode:i915.gem
7f19bae00000-7f19bb000000 rw-s 11cb91000 00:11 2116                      anon_inode:i915.gem
7f19bbf10000-7f19bbf18000 rw-s 1242ed000 00:11 2116                      anon_inode:i915.gem
7f19bbf18000-7f19bbf20000 rw-s 1242e5000 00:11 2116                      anon_inode:i915.gem
7f19bbf20000-7f19bbf28000 rw-s 108b21000 00:11 2116                      anon_inode:i915.gem
7f19bbf28000-7f19bbf30000 rw-s 10afc9000 00:11 2116                      anon_inode:i915.gem
7f19bbf30000-7f19bbf70000 rw-s 128547000 00:11 2116                      anon_inode:i915.gem
7f19bc0c0000-7f19bc0c8000 rw-s 108b19000 00:11 2116                      anon_inode:i915.gem
7f19bc0f8000-7f19bc100000 rw-s 120bb1000 00:11 2116                      anon_inode:i915.gem
7f19bc200000-7f19bc400000 rw-s 11c86d000 00:11 2116                      anon_inode:i915.gem
7f19bc400000-7f19bc600000 rw-s 10ba61000 00:11 2116                      anon_inode:i915.gem
7f19bf600000-7f19bf640000 rw-s 123e55000 00:11 2116                      anon_inode:i915.gem
7f19bf640000-7f19bf680000 rw-s 120b31000 00:11 2116                      anon_inode:i915.gem
7f19bf680000-7f19bf6c0000 rw-s 10aa21000 00:11 2116                      anon_inode:i915.gem
7f19bf6c0000-7f19bf700000 rw-s 10a9e1000 00:11 2116                      anon_inode:i915.gem
7f19bf700000-7f19bf740000 rw-s 10a9a1000 00:11 2116                      anon_inode:i915.gem
7f19bf740000-7f19bf780000 rw-s 10a961000 00:11 2116                      anon_inode:i915.gem
7f19bf780000-7f19bf7c0000 rw-s 10a921000 00:11 2116                      anon_inode:i915.gem
7f19bf7c0000-7f19bf800000 rw-s 10a8e1000 00:11 2116                      anon_inode:i915.gem
7f19bf800000-7f19bfa00000 rw-s 10a661000 00:11 2116                      anon_inode:i915.gem
7f19bfa00000-7f19bfc00000 rw-s 10ac61000 00:11 2116                      anon_inode:i915.gem
7f19bfc00000-7f19bfc08000 rw-s 121ac1000 00:11 2116                      anon_inode:i915.gem
7f19bfc08000-7f19bfc10000 rw-s 121b39000 00:11 2116                      anon_inode:i915.gem
7f19bfc10000-7f19bfc18000 rw-s 10b251000 00:11 2116                      anon_inode:i915.gem
7f19bfc18000-7f19bfc20000 rw-s 10b249000 00:11 2116                      anon_inode:i915.gem
7f19bfc20000-7f19bfc28000 rw-s 10b241000 00:11 2116                      anon_inode:i915.gem
7f19bfc28000-7f19bfc30000 rw-s 10b239000 00:11 2116                      anon_inode:i915.gem
7f19bfc30000-7f19bfc38000 rw-s 10b231000 00:11 2116                      anon_inode:i915.gem
7f19bfc38000-7f19bfc78000 rw-s 10a8a1000 00:11 2116                      anon_inode:i915.gem
7f19bfc78000-7f19bfcb8000 rw-s 10a861000 00:11 2116                      anon_inode:i915.gem
7f19bfcb8000-7f19bfcc0000 rw-s 10b229000 00:11 2116                      anon_inode:i915.gem
7f19bfcc0000-7f19bfcc8000 rw-s 10b221000 00:11 2116                      anon_inode:i915.gem
7f19bfcc8000-7f19bfd08000 rw-s 10b1e1000 00:11 2116                      anon_inode:i915.gem
7f19bfd08000-7f19bfd48000 rw-s 10b1a1000 00:11 2116                      anon_inode:i915.gem
7f19bfd48000-7f19bfd50000 rw-s 10b199000 00:11 2116                      anon_inode:i915.gem
7f19bfd50000-7f19bfd90000 rw-s 10b159000 00:11 2116                      anon_inode:i915.gem
7f19bfd90000-7f19bfdd0000 rw-s 10b119000 00:11 2116                      anon_inode:i915.gem
7f19bfdd0000-7f19bfe10000 rw-s 10b0d9000 00:11 2116                      anon_inode:i915.gem
7f19bfe10000-7f19bfe50000 rw-s 10b099000 00:11 2116                      anon_inode:i915.gem
7f19bfe50000-7f19bfe90000 rw-s 10b059000 00:11 2116                      anon_inode:i915.gem
7f19bfe90000-7f19bfed0000 rw-s 10b019000 00:11 2116                      anon_inode:i915.gem
7f19bfed0000-7f19bff10000 rw-s 10afd9000 00:11 2116                      anon_inode:i915.gem
7f19bff10000-7f19bff18000 rw-s 121b31000 00:11 2116                      anon_inode:i915.gem
7f19bff18000-7f19bff20000 rw-s 120ba9000 00:11 2116                      anon_inode:i915.gem
7f19bff20000-7f19bff28000 rw-s 121b21000 00:11 2116                      anon_inode:i915.gem
7f19bff28000-7f19bff30000 rw-s 117e01000 00:11 2116                      anon_inode:i915.gem
7f19bff40000-7f19bff48000 rw-s 10afa1000 00:11 2116                      anon_inode:i915.gem
7f19bff48000-7f19bff50000 rw-s 10af99000 00:11 2116                      anon_inode:i915.gem
7f19bff50000-7f19bff58000 rw-s 117df9000 00:11 2116                      anon_inode:i915.gem
7f19bff58000-7f19bff60000 rw-s 108a69000 00:11 2116                      anon_inode:i915.gem
7f19bff60000-7f19bff68000 rw-s 108a61000 00:11 2116                      anon_inode:i915.gem
7f19bff68000-7f19bff70000 rw-s 108a59000 00:11 2116                      anon_inode:i915.gem
7f19bff78000-7f19bff80000 rw-s 10af79000 00:11 2116                      anon_inode:i915.gem
7f19bff80000-7f19bffc0000 rw-s 125fb4000 00:11 2116                      anon_inode:i915.gem
7f19bffc0000-7f19c0000000 rw-s 125f74000 00:11 2116                      anon_inode:i915.gem
7f19c0000000-7f19c3ff9000 rw-p 00000000 00:00 0 
7f19c3ff9000-7f19c4000000 ---p 00000000 00:00 0 
7f19c4002000-7f19c400a000 rw-s 10af81000 00:11 2116                      anon_inode:i915.gem
7f19c400a000-7f19c4012000 rw-s 10af71000 00:11 2116                      anon_inode:i915.gem
7f19c4012000-7f19c401a000 rw-s 10af69000 00:11 2116                      anon_inode:i915.gem
7f19c402a000-7f19c4032000 rw-s 114b51000 00:11 2116                      anon_inode:i915.gem
7f19c4032000-7f19c403a000 rw-s 114b09000 00:11 2116                      anon_inode:i915.gem
7f19c403a000-7f19c4042000 rw-s 114b01000 00:11 2116                      anon_inode:i915.gem
7f19c4042000-7f19c404a000 rw-s 114af9000 00:11 2116                      anon_inode:i915.gem
7f19c404a000-7f19c4052000 rw-s 114af1000 00:11 2116                      anon_inode:i915.gem
7f19c4052000-7f19c405a000 rw-s 114ae9000 00:11 2116                      anon_inode:i915.gem
7f19c405a000-7f19c4062000 rw-s 10cd69000 00:11 2116                      anon_inode:i915.gem
7f19c4062000-7f19c4066000 rw-s 125404000 00:11 2116                      anon_inode:i915.gem
7f19c4066000-7f19c406e000 rw-s 10cd61000 00:11 2116                      anon_inode:i915.gem
7f19c406e000-7f19c4076000 rw-s 10cd59000 00:11 2116                      anon_inode:i915.gem
7f19c4076000-7f19c40b6000 rw-s 114aa9000 00:11 2116                      anon_inode:i915.gem
7f19c40b6000-7f19c40f6000 rw-s 11d8ed000 00:11 2116                      anon_inode:i915.gem
7f19c40f6000-7f19c4136000 rw-s 11d8ad000 00:11 2116                      anon_inode:i915.gem
7f19c4136000-7f19c4176000 rw-s 11d86d000 00:11 2116                      anon_inode:i915.gem
7f19c4176000-7f19c4376000 rw-s 10aa61000 00:11 2116                      anon_inode:i915.gem
7f19c4376000-7f19c4576000 rw-s 10a461000 00:11 2116                      anon_inode:i915.gem
7f19c4576000-7f19c45b6000 rw-s 10a421000 00:11 2116                      anon_inode:i915.gem
7f19c45b6000-7f19c45f6000 rw-s 10a3e1000 00:11 2116                      anon_inode:i915.gem
7f19c45f6000-7f19c4636000 rw-s 10a3a1000 00:11 2116                      anon_inode:i915.gem
7f19c4636000-7f19c4676000 rw-s 10a361000 00:11 2116                      anon_inode:i915.gem
7f19c4676000-7f19c46b6000 rw-s 10a321000 00:11 2116                      anon_inode:i915.gem
7f19c46b6000-7f19c46f6000 rw-s 10a2e1000 00:11 2116                      anon_inode:i915.gem
7f19c46f6000-7f19c4736000 rw-s 11b28d000 00:11 2116                      anon_inode:i915.gem
7f19c4736000-7f19c4776000 rw-s 11b24d000 00:11 2116                      anon_inode:i915.gem
7f19c4776000-7f19c47b6000 rw-s 11b20d000 00:11 2116                      anon_inode:i915.gem
7f19c47b6000-7f19c47f6000 rw-s 11b1cd000 00:11 2116                      anon_inode:i915.gem
7f19c47f6000-7f19c4836000 rw-s 11b18d000 00:11 2116                      anon_inode:i915.gem
7f19c4836000-7f19c4876000 rw-s 11b14d000 00:11 2116                      anon_inode:i915.gem
7f19c4876000-7f19c48b6000 rw-s 11b10d000 00:11 2116                      anon_inode:i915.gem
7f19c48b6000-7f19c48f6000 rw-s 11b0cd000 00:11 2116                      anon_inode:i915.gem
7f19c48f6000-7f19c4af6000 rw-s 11aecd000 00:11 2116                      anon_inode:i915.gem
7f19c4af6000-7f19c4cf6000 rw-s 11accd000 00:11 2116                      anon_inode:i915.gem
7f19c4cf6000-7f19c4ef6000 rw-s 11aacd000 00:11 2116                      anon_inode:i915.gem
7f19c4ef6000-7f19c4efe000 rw-s 10af61000 00:11 2116                      anon_inode:i915.gem
7f19c4efe000-7f19c4f06000 rw-s 123cd9000 00:11 2116                      anon_inode:i915.gem
7f19c4f06000-7f19c4f46000 rw-s 10aea1000 00:11 2116                      anon_inode:i915.gem
7f19c4f46000-7f19c4f4e000 rw-s 11aa75000 00:11 2116                      anon_inode:i915.gem
7f19c4f4e000-7f19c4f56000 rw-s 123cd1000 00:11 2116                      anon_inode:i915.gem
7f19c4f56000-7f19c4f5e000 rw-s 121a73000 00:11 2116                      anon_inode:i915.gem
7f19c4f7e000-7f19c4fbe000 rw-s 10ae61000 00:11 2116                      anon_inode:i915.gem
7f19c4fbe000-7f19c4fc6000 rw-s 11a9fd000 00:11 2116                      anon_inode:i915.gem
7f19c4fc6000-7f19c4fca000 rw-s 115b25000 00:11 2116                      anon_inode:i915.gem
7f19c4fca000-7f19c4fd2000 rw-s 121a69000 00:11 2116                      anon_inode:i915.gem
7f19c4fd2000-7f19c4fda000 rw-s 121a61000 00:11 2116                      anon_inode:i915.gem
7f19c4fda000-7f19c4fe2000 rw-s 11e3e9000 00:11 2116                      anon_inode:i915.gem
7f19c4fe6000-7f19c4fee000 rw-s 11a9d5000 00:11 2116                      anon_inode:i915.gem
7f19c4fee000-7f19c4ff6000 rw-s 11e3dd000 00:11 2116                      anon_inode:i915.gem
7f19c4ff6000-7f19c4ffe000 rw-s 11e3d5000 00:11 2116                      anon_inode:i915.gem
7f19c4ffe000-7f19c5006000 rw-s 11a9bd000 00:11 2116                      anon_inode:i915.gem
7f19c5006000-7f19c500e000 rw-s 11a9b5000 00:11 2116                      anon_inode:i915.gem
7f19c500e000-7f19c5016000 rw-s 11a9ad000 00:11 2116                      anon_inode:i915.gem
7f19c5016000-7f19c501e000 rw-s 123b61000 00:11 2116                      anon_inode:i915.gem
7f19c501e000-7f19c5026000 rw-s 118269000 00:11 2116                      anon_inode:i915.gem
7f19c5026000-7f19c5066000 rw-s 105971000 00:11 2116                      anon_inode:i915.gem
7f19c5066000-7f19c50a6000 rw-s 11a91d000 00:11 2116                      anon_inode:i915.gem
7f19c50a6000-7f19c50ae000 rw-s 118261000 00:11 2116                      anon_inode:i915.gem
7f19c50be000-7f19c50c6000 rw-s 121c81000 00:11 2116                      anon_inode:i915.gem
7f19c50c6000-7f19c50ce000 rw-s 106e06000 00:11 2116                      anon_inode:i915.gem
7f19c50ce000-7f19c50d6000 rw-s 129557000 00:11 2116                      anon_inode:i915.gem
7f19c50d6000-7f19c50de000 rw-s 12954f000 00:11 2116                      anon_inode:i915.gem
7f19c50ee000-7f19c512e000 rw-s 11a8dd000 00:11 2116                      anon_inode:i915.gem
7f19c51ae000-7f19c51af000 rw-p 00000000 00:00 0 
7f19c51af000-7f19c51b3000 ---p 00000000 00:00 0 
7f19c51b3000-7f19c53b0000 rw-p 00000000 00:00 0 
7f19c53b0000-7f19c53b8000 rw-s 10e205000 00:11 2116                      anon_inode:i915.gem
7f19c53c0000-7f19c53c4000 rw-s 1110fd000 00:11 2116                      anon_inode:i915.gem
7f19c53c4000-7f19c53cc000 rw-s 105581000 00:11 2116                      anon_inode:i915.gem
7f19c53d0000-7f19c53d8000 rw-s 120bb9000 00:11 2116                      anon_inode:i915.gem
7f19c53d8000-7f19c53e0000 rw-s 11aa6d000 00:11 2116                      anon_inode:i915.gem
7f19c53e0000-7f19c53e8000 rw-s 1058a9000 00:11 2116                      anon_inode:i915.gem
7f19c53e8000-7f19c53f0000 rw-s 1058a1000 00:11 2116                      anon_inode:i915.gem
7f19c53f0000-7f19c53f8000 rw-s 105899000 00:11 2116                      anon_inode:i915.gem
7f19c53f8000-7f19c5400000 rw-s 105891000 00:11 2116                      anon_inode:i915.gem
7f19c5400000-7f19c5440000 rw-s 11a89d000 00:11 2116                      anon_inode:i915.gem
7f19c5440000-7f19c5480000 rw-s 11a85d000 00:11 2116                      anon_inode:i915.gem
7f19c5480000-7f19c54c0000 rw-s 11a81d000 00:11 2116                      anon_inode:i915.gem
7f19c54c0000-7f19c5500000 rw-s 11a7dd000 00:11 2116                      anon_inode:i915.gem
7f19c5500000-7f19c5540000 rw-s 11a79d000 00:11 2116                      anon_inode:i915.gem
7f19c5540000-7f19c5580000 rw-s 108f91000 00:11 2116                      anon_inode:i915.gem
7f19c5580000-7f19c55c0000 rw-s 108f51000 00:11 2116                      anon_inode:i915.gem
7f19c55c0000-7f19c5600000 rw-s 108f11000 00:11 2116                      anon_inode:i915.gem
7f19c5600000-7f19c5800000 rw-s 11a59d000 00:11 2116                      anon_inode:i915.gem
7f19c5800000-7f19c5a00000 rw-s 11a39d000 00:11 2116                      anon_inode:i915.gem
7f19c5a00000-7f19c5c00000 rw-s 11a19d000 00:11 2116                      anon_inode:i915.gem
7f19c5c00000-7f19c5e00000 rw-s 119f9d000 00:11 2116                      anon_inode:i915.gem
7f19c5e00000-7f19c6000000 rw-s 119d9d000 00:11 2116                      anon_inode:i915.gem
7f19c6000000-7f19c6200000 rw-s 11ee96000 00:11 2116                      anon_inode:i915.gem
7f19c6200000-7f19c6400000 rw-s 11ec96000 00:11 2116                      anon_inode:i915.gem
7f19c6400000-7f19c6600000 rw-s 106bb6000 00:11 2116                      anon_inode:i915.gem
7f19c68e1000-7f19c6ae1000 rw-s 12f377000 00:11 2116                      anon_inode:i915.gem
7f19c6ae1000-7f19c6ce1000 rw-s 11c66d000 00:11 2116                      anon_inode:i915.gem
7f19c6ce1000-7f19c6ee1000 rw-s 1055d1000 00:11 2116                      anon_inode:i915.gem
7f19c6ee1000-7f19c6ef1000 rw-s 11cb1d000 00:11 2116                      anon_inode:i915.gem
7f19c7000000-7f19c7200000 rw-s 11e131000 00:11 2116                      anon_inode:i915.gem
7f19c7200000-7f19c72aa000 r-xp 00000000 00:3b 1945                       /tmp/libgdxmirtemir/125b804a/libgdx-freetype64.so
7f19c72aa000-7f19c74aa000 ---p 000aa000 00:3b 1945                       /tmp/libgdxmirtemir/125b804a/libgdx-freetype64.so
7f19c74aa000-7f19c74b0000 r--p 000aa000 00:3b 1945                       /tmp/libgdxmirtemir/125b804a/libgdx-freetype64.so
7f19c74b0000-7f19c74b1000 rw-p 000b0000 00:3b 1945                       /tmp/libgdxmirtemir/125b804a/libgdx-freetype64.so
7f19c74b3000-7f19c74c3000 rw-s 10e261000 00:11 2116                      anon_inode:i915.gem
7f19c74c5000-7f19c74c9000 rw-s 1110f5000 00:11 2116                      anon_inode:i915.gem
7f19c74c9000-7f19c74cd000 rw-s 1110f1000 00:11 2116                      anon_inode:i915.gem
7f19c74cd000-7f19c74d5000 rw-s 1182d9000 00:11 2116                      anon_inode:i915.gem
7f19c74d5000-7f19c74d9000 rw-s 1182d5000 00:11 2116                      anon_inode:i915.gem
7f19c74d9000-7f19c74dd000 rw-s 1182d1000 00:11 2116                      anon_inode:i915.gem
7f19c74e1000-7f19c74e5000 rw-s 1182c1000 00:11 2116                      anon_inode:i915.gem
7f19c74e5000-7f19c7525000 rw-s 125274000 00:11 2116                      anon_inode:i915.gem
7f19c7525000-7f19c752d000 rw-s 11f126000 00:11 2116                      anon_inode:i915.gem
7f19c752d000-7f19c7535000 rw-s 105f61000 00:11 2116                      anon_inode:i915.gem
7f19c7535000-7f19c753d000 rw-s 105f59000 00:11 2116                      anon_inode:i915.gem
7f19c753d000-7f19c7545000 rw-s 105f51000 00:11 2116                      anon_inode:i915.gem
7f19c7545000-7f19c754d000 rw-s 1253fc000 00:11 2116                      anon_inode:i915.gem
7f19c754d000-7f19c758d000 rw-s 108ed1000 00:11 2116                      anon_inode:i915.gem
7f19c758d000-7f19c75cd000 rw-s 11f0d6000 00:11 2116                      anon_inode:i915.gem
7f19c75cd000-7f19c760d000 rw-s 11f096000 00:11 2116                      anon_inode:i915.gem
7f19c760d000-7f19c764d000 rw-s 106db6000 00:11 2116                      anon_inode:i915.gem
7f19c764d000-7f19c7655000 rw-s 1253f4000 00:11 2116                      anon_inode:i915.gem
7f19c7657000-7f19c7857000 rw-s 1069b6000 00:11 2116                      anon_inode:i915.gem
7f19c7857000-7f19c7a57000 rw-s 11ea96000 00:11 2116                      anon_inode:i915.gem
7f19c7a57000-7f19c7c57000 rw-s 11e896000 00:11 2116                      anon_inode:i915.gem
7f19c7c57000-7f19c7e57000 rw-s 11e696000 00:11 2116                      anon_inode:i915.gem
7f19c7e57000-7f19c8057000 rw-s 11e496000 00:11 2116                      anon_inode:i915.gem
7f19c8057000-7f19c8097000 rw-s 108d51000 00:11 2116                      anon_inode:i915.gem
7f19c8097000-7f19c80d7000 rw-s 108771000 00:11 2116                      anon_inode:i915.gem
7f19c80d7000-7f19c8117000 rw-s 108e11000 00:11 2116                      anon_inode:i915.gem
7f19c8117000-7f19c8157000 rw-s 108dd1000 00:11 2116                      anon_inode:i915.gem
7f19c8157000-7f19c8197000 rw-s 108731000 00:11 2116                      anon_inode:i915.gem
7f19c8197000-7f19c81d7000 rw-s 108e91000 00:11 2116                      anon_inode:i915.gem
7f19c81d7000-7f19c8217000 rw-s 108d11000 00:11 2116                      anon_inode:i915.gem
7f19c8219000-7f19c8221000 rw-s 101125000 00:11 2116                      anon_inode:i915.gem
7f19c8221000-7f19c8229000 rw-s 10111d000 00:11 2116                      anon_inode:i915.gem
7f19c8229000-7f19c8269000 rw-s 108cd1000 00:11 2116                      anon_inode:i915.gem
7f19c8269000-7f19c82a9000 rw-s 108c91000 00:11 2116                      anon_inode:i915.gem
7f19c82a9000-7f19c82e9000 rw-s 108c51000 00:11 2116                      anon_inode:i915.gem
7f19c82e9000-7f19c8329000 rw-s 105f11000 00:11 2116                      anon_inode:i915.gem
7f19c8329000-7f19c8331000 rw-s 11b451000 00:11 2116                      anon_inode:i915.gem
7f19c8333000-7f19c8373000 rw-s 101f53000 00:11 2116                      anon_inode:i915.gem
7f19c8373000-7f19c83b3000 rw-s 101f13000 00:11 2116                      anon_inode:i915.gem
7f19c83b3000-7f19c83bb000 rw-s 1182b9000 00:11 2116                      anon_inode:i915.gem
7f19c83bb000-7f19c83c3000 rw-s 115a41000 00:11 2116                      anon_inode:i915.gem
7f19c83c3000-7f19c83cb000 rw-s 110779000 00:11 2116                      anon_inode:i915.gem
7f19c83db000-7f19c83e3000 rw-s 117c49000 00:11 2116                      anon_inode:i915.gem
7f19c83e3000-7f19c83eb000 rw-s 1030f3000 00:11 2116                      anon_inode:i915.gem
7f19c83eb000-7f19c83f3000 rw-s 12955f000 00:11 2116                      anon_inode:i915.gem
7f19c83f3000-7f19c8433000 rw-s 101e93000 00:11 2116                      anon_inode:i915.gem
7f19c8435000-7f19c8439000 rw-s 1104ed000 00:11 2116                      anon_inode:i915.gem
7f19c843b000-7f19c8443000 rw-s 115a39000 00:11 2116                      anon_inode:i915.gem
7f19c8443000-7f19c8483000 rw-s 128507000 00:11 2116                      anon_inode:i915.gem
7f19c8483000-7f19c84c3000 rw-s 125374000 00:11 2116                      anon_inode:i915.gem
7f19c84c7000-7f19c84cf000 rw-s 117c39000 00:11 2116                      anon_inode:i915.gem
7f19c84ef000-7f19c84f3000 rw-s 1104e1000 00:11 2116                      anon_inode:i915.gem
7f19c84f3000-7f19c8533000 rw-s 123db1000 00:11 2116                      anon_inode:i915.gem
7f19c8533000-7f19c8573000 rw-s 10af21000 00:11 2116                      anon_inode:i915.gem
7f19c8573000-7f19c85b3000 rw-s 10aee1000 00:11 2116                      anon_inode:i915.gem
7f19c85b3000-7f19c87b3000 rw-s 1087d1000 00:11 2116                      anon_inode:i915.gem
7f19c87b3000-7f19c89b3000 rw-s 107e31000 00:11 2116                      anon_inode:i915.gem
7f19c89b3000-7f19c8db3000 rw-s 12581b000 00:11 2116                      anon_inode:i915.gem
7f19c8df7000-7f19c8e07000 rw-s 10cfd5000 00:11 2116                      anon_inode:i915.gem
7f19c8eaf000-7f19c8ebf000 rw-s 108b09000 00:11 2116                      anon_inode:i915.gem
7f19c8ebf000-7f19c8ecf000 rw-s 123b51000 00:11 2116                      anon_inode:i915.gem
7f19c8f53000-7f19c8f63000 rw-s 10e241000 00:11 2116                      anon_inode:i915.gem
7f19c8f63000-7f19c8f73000 rw-s 103113000 00:11 2116                      anon_inode:i915.gem
7f19c8f73000-7f19c8f83000 rw-s 123ce1000 00:11 2116                      anon_inode:i915.gem
7f19c8f83000-7f19c8f93000 rw-s 117db9000 00:11 2116                      anon_inode:i915.gem
7f19c8f93000-7f19c8fa3000 rw-s 106df6000 00:11 2116                      anon_inode:i915.gem
7f19c8fa3000-7f19c8fb3000 rw-s 117de9000 00:11 2116                      anon_inode:i915.gem
7f19c8fd3000-7f19c9053000 rw-s 105431000 00:11 2116                      anon_inode:i915.gem
7f19c9053000-7f19c9073000 rw-s 1010fd000 00:11 2116                      anon_inode:i915.gem
7f19c9073000-7f19c9083000 rw-s 10e211000 00:11 2116                      anon_inode:i915.gem
7f19c90b3000-7f19c90c3000 rw-s 118291000 00:11 2116                      anon_inode:i915.gem
7f19c90c3000-7f19c90d3000 rw-s 123bc1000 00:11 2116                      anon_inode:i915.gem
7f19c90d3000-7f19c90e3000 rw-s 12950f000 00:11 2116                      anon_inode:i915.gem
7f19c90e3000-7f19c9103000 rw-s 124619000 00:11 2116                      anon_inode:i915.gem
7f19c9103000-7f19c9113000 rw-s 111e79000 00:11 2116                      anon_inode:i915.gem
7f19c9113000-7f19c9123000 rw-s 11d051000 00:11 2116                      anon_inode:i915.gem
7f19c9123000-7f19c9143000 rw-s 109011000 00:11 2116                      anon_inode:i915.gem
7f19c9143000-7f19c9163000 rw-s 100991000 00:11 2116                      anon_inode:i915.gem
7f19c9163000-7f19c9173000 rw-s 103733000 00:11 2116                      anon_inode:i915.gem
7f19c9173000-7f19c9193000 rw-s 1040cc000 00:11 2116                      anon_inode:i915.gem
7f19c9193000-7f19c91a3000 rw-s 102fe3000 00:11 2116                      anon_inode:i915.gem
7f19c91a3000-7f19c91b3000 rw-s 120b81000 00:11 2116                      anon_inode:i915.gem
7f19c91b3000-7f19c93b3000 rw-s 116b91000 00:11 2116                      anon_inode:i915.gem
7f19c93b3000-7f19c95b3000 rw-s 12561b000 00:11 2116                      anon_inode:i915.gem
7f19c95b3000-7f19c97b3000 rw-s 12541b000 00:11 2116                      anon_inode:i915.gem
7f19c97b3000-7f19c97f3000 rw-s 123e15000 00:11 2116                      anon_inode:i915.gem
7f19c97f3000-7f19c9833000 rw-s 124f14000 00:11 2116                      anon_inode:i915.gem
7f19c9833000-7f19c9a33000 rw-s 105231000 00:11 2116                      anon_inode:i915.gem
7f19c9a33000-7f19c9c33000 rw-s 105031000 00:11 2116                      anon_inode:i915.gem
7f19c9c33000-7f19c9e33000 rw-s 104e31000 00:11 2116                      anon_inode:i915.gem
7f19c9e33000-7f19ca033000 rw-s 104c31000 00:11 2116                      anon_inode:i915.gem
7f19ca033000-7f19ca233000 rw-s 105c91000 00:11 2116                      anon_inode:i915.gem
7f19ca233000-7f19ca433000 rw-s 105a91000 00:11 2116                      anon_inode:i915.gem
7f19ca433000-7f19ca473000 rw-s 105a51000 00:11 2116                      anon_inode:i915.gem
7f19ca473000-7f19ca4b3000 rw-s 105a11000 00:11 2116                      anon_inode:i915.gem
7f19ca4b3000-7f19ca4f3000 rw-s 1059d1000 00:11 2116                      anon_inode:i915.gem
7f19ca4f3000-7f19ca4f7000 rw-s 104a2d000 00:11 2116                      anon_inode:i915.gem
7f19ca4f7000-7f19ca4ff000 rw-s 105889000 00:11 2116                      anon_inode:i915.gem
7f19ca4ff000-7f19ca503000 rw-s 10330e000 00:11 2116                      anon_inode:i915.gem
7f19ca503000-7f19ca50b000 rw-s 105881000 00:11 2116                      anon_inode:i915.gem
7f19ca50b000-7f19ca513000 rw-s 105879000 00:11 2116                      anon_inode:i915.gem
7f19ca513000-7f19ca51b000 rw-s 105871000 00:11 2116                      anon_inode:i915.gem
7f19ca51b000-7f19ca523000 rw-s 11aab5000 00:11 2116                      anon_inode:i915.gem
7f19ca523000-7f19ca52b000 rw-s 11aaad000 00:11 2116                      anon_inode:i915.gem
7f19ca52b000-7f19ca533000 rw-s 11aaa5000 00:11 2116                      anon_inode:i915.gem
7f19ca533000-7f19ca53b000 rw-s 11aa9d000 00:11 2116                      anon_inode:i915.gem
7f19ca53b000-7f19ca543000 rw-s 103856000 00:11 2116                      anon_inode:i915.gem
7f19ca543000-7f19ca54b000 rw-s 10384e000 00:11 2116                      anon_inode:i915.gem
7f19ca54b000-7f19ca553000 rw-s 103846000 00:11 2116                      anon_inode:i915.gem
7f19ca553000-7f19ca593000 rw-s 105931000 00:11 2116                      anon_inode:i915.gem
7f19ca593000-7f19ca5d3000 rw-s 1058f1000 00:11 2116                      anon_inode:i915.gem
7f19ca5d3000-7f19ca613000 rw-s 1058b1000 00:11 2116                      anon_inode:i915.gem
7f19ca613000-7f19ca653000 rw-s 11aa05000 00:11 2116                      anon_inode:i915.gem
7f19ca653000-7f19ca693000 rw-s 11a95d000 00:11 2116                      anon_inode:i915.gem
7f19ca693000-7f19ca6d3000 rw-s 111e39000 00:11 2116                      anon_inode:i915.gem
7f19ca6d5000-7f19ca6d9000 rw-s 10310b000 00:11 2116                      anon_inode:i915.gem
7f19ca6d9000-7f19ca6e1000 rw-s 125ee3000 00:11 2116                      anon_inode:i915.gem
7f19ca6e1000-7f19ca6e9000 rw-s 125edb000 00:11 2116                      anon_inode:i915.gem
7f19ca6e9000-7f19ca6f1000 rw-s 129547000 00:11 2116                      anon_inode:i915.gem
7f19ca6f5000-7f19ca735000 rw-s 1253b4000 00:11 2116                      anon_inode:i915.gem
7f19ca735000-7f19ca739000 rw-s 123ea1000 00:11 2116                      anon_inode:i915.gem
7f19ca73d000-7f19ca745000 rw-s 115d01000 00:11 2116                      anon_inode:i915.gem
7f19ca74d000-7f19ca751000 rw-s 120ba1000 00:11 2116                      anon_inode:i915.gem
7f19ca755000-7f19ca765000 rw-s 11aabd000 00:11 2116                      anon_inode:i915.gem
7f19ca765000-7f19ca769000 rw-s 117f8d000 00:11 2116                      anon_inode:i915.gem
7f19ca769000-7f19ca771000 rw-s 123e95000 00:11 2116                      anon_inode:i915.gem
7f19ca775000-7f19ca7b5000 rw-s 125334000 00:11 2116                      anon_inode:i915.gem
7f19ca7b5000-7f19ca7f5000 rw-s 123d71000 00:11 2116                      anon_inode:i915.gem
7f19ca7f5000-7f19ca835000 rw-s 1252b4000 00:11 2116                      anon_inode:i915.gem
7f19ca835000-7f19ca839000 rw-s 115cf1000 00:11 2116                      anon_inode:i915.gem
7f19ca841000-7f19ca849000 rw-s 1242d5000 00:11 2116                      anon_inode:i915.gem
7f19ca849000-7f19ca851000 rw-s 117f81000 00:11 2116                      anon_inode:i915.gem
7f19ca851000-7f19ca855000 rw-s 11a9a5000 00:11 2116                      anon_inode:i915.gem
7f19ca855000-7f19ca85d000 rw-s 11a99d000 00:11 2116                      anon_inode:i915.gem
7f19ca861000-7f19ca869000 rw-s 1030ff000 00:11 2116                      anon_inode:i915.gem
7f19ca869000-7f19ca86d000 rw-s 1030fb000 00:11 2116                      anon_inode:i915.gem
7f19ca86d000-7f19ca875000 rw-s 115cf5000 00:11 2116                      anon_inode:i915.gem
7f19ca875000-7f19ca8b5000 rw-s 125234000 00:11 2116                      anon_inode:i915.gem
7f19ca8b5000-7f19ca8f5000 rw-s 1251f4000 00:11 2116                      anon_inode:i915.gem
7f19ca8f5000-7f19ca935000 rw-s 1251b4000 00:11 2116                      anon_inode:i915.gem
7f19ca935000-7f19cab35000 rw-s 124fb4000 00:11 2116                      anon_inode:i915.gem
7f19cab35000-7f19cab75000 rw-s 124f74000 00:11 2116                      anon_inode:i915.gem
7f19cab75000-7f19cab85000 rw-s 103743000 00:11 2116                      anon_inode:i915.gem
7f19cab85000-7f19cab95000 rw-s 10cfe5000 00:11 2116                      anon_inode:i915.gem
7f19cab95000-7f19cabd5000 rw-s 124ed4000 00:11 2116                      anon_inode:i915.gem
7f19cabd5000-7f19cac15000 rw-s 125e5b000 00:11 2116                      anon_inode:i915.gem
7f19cac15000-7f19cac55000 rw-s 124e94000 00:11 2116                      anon_inode:i915.gem
7f19cac55000-7f19cac59000 rw-s 115cfd000 00:11 2116                      anon_inode:i915.gem
7f19cac59000-7f19cac61000 rw-s 1059c1000 00:11 2116                      anon_inode:i915.gem
7f19cac61000-7f19cac69000 rw-s 1059b9000 00:11 2116                      anon_inode:i915.gem
7f19cac69000-7f19cac6d000 rw-s 11a9a9000 00:11 2116                      anon_inode:i915.gem
7f19cac6d000-7f19cac75000 rw-s 1059b1000 00:11 2116                      anon_inode:i915.gem
7f19cac7a000-7f19cac7c000 rw-s 10e20f000 00:11 2116                      anon_inode:i915.gem
7f19cac7c000-7f19cac7e000 rw-s 10e20d000 00:11 2116                      anon_inode:i915.gem
7f19cac80000-7f19cac90000 rw-s 117dd9000 00:11 2116                      anon_inode:i915.gem
7f19cac95000-7f19cacd5000 rw-s 124139000 00:11 2116                      anon_inode:i915.gem
7f19cacd5000-7f19cad15000 rw-s 124e14000 00:11 2116                      anon_inode:i915.gem
7f19cad15000-7f19cad55000 rw-s 124dd4000 00:11 2116                      anon_inode:i915.gem
7f19cad55000-7f19cad95000 rw-s 124d94000 00:11 2116                      anon_inode:i915.gem
7f19cad95000-7f19cadd5000 rw-s 124d54000 00:11 2116                      anon_inode:i915.gem
7f19cadd5000-7f19cae15000 rw-s 124d14000 00:11 2116                      anon_inode:i915.gem
7f19cae15000-7f19cae55000 rw-s 102253000 00:11 2116                      anon_inode:i915.gem
7f19cae55000-7f19cae95000 rw-s 102213000 00:11 2116                      anon_inode:i915.gem
7f19cae95000-7f19caed5000 rw-s 1021d3000 00:11 2116                      anon_inode:i915.gem
7f19caed5000-7f19caf15000 rw-s 102193000 00:11 2116                      anon_inode:i915.gem
7f19caf17000-7f19caf1f000 rw-s 10af8d000 00:11 2116                      anon_inode:i915.gem
7f19caf1f000-7f19caf27000 rw-s 114e11000 00:11 2116                      anon_inode:i915.gem
7f19caf27000-7f19caf2f000 rw-s 114e09000 00:11 2116                      anon_inode:i915.gem
7f19caf2f000-7f19caf37000 rw-s 114e01000 00:11 2116                      anon_inode:i915.gem
7f19caf37000-7f19caf3f000 rw-s 115b1d000 00:11 2116                      anon_inode:i915.gem
7f19caf3f000-7f19caf47000 rw-s 115b11000 00:11 2116                      anon_inode:i915.gem
7f19caf47000-7f19caf4f000 rw-s 10383e000 00:11 2116                      anon_inode:i915.gem
7f19caf4f000-7f19caf57000 rw-s 11aa5d000 00:11 2116                      anon_inode:i915.gem
7f19caf57000-7f19caf5f000 rw-s 11aa55000 00:11 2116                      anon_inode:i915.gem
7f19caf5f000-7f19caf67000 rw-s 11aa4d000 00:11 2116                      anon_inode:i915.gem
7f19caf67000-7f19cb167000 rw-s 101f93000 00:11 2116                      anon_inode:i915.gem
7f19cb167000-7f19cb16f000 rw-s 117c71000 00:11 2116                      anon_inode:i915.gem
7f19cb177000-7f19cb17f000 rw-s 105589000 00:11 2116                      anon_inode:i915.gem
7f19cb17f000-7f19cb187000 rw-s 117d91000 00:11 2116                      anon_inode:i915.gem
7f19cb187000-7f19cb1c7000 rw-s 125e1b000 00:11 2116                      anon_inode:i915.gem
7f19cb1c7000-7f19cb1cb000 rw-s 10af95000 00:11 2116                      anon_inode:i915.gem
7f19cb1cb000-7f19cb1cf000 rw-s 1294db000 00:11 2116                      anon_inode:i915.gem
7f19cb1cf000-7f19cb1d7000 rw-s 11a9cd000 00:11 2116                      anon_inode:i915.gem
7f19cb1d7000-7f19cb1df000 rw-s 10d079000 00:11 2116                      anon_inode:i915.gem
7f19cb1df000-7f19cb21f000 rw-s 1293c7000 00:11 2116                      anon_inode:i915.gem
7f19cb21f000-7f19cb25f000 rw-s 129387000 00:11 2116                      anon_inode:i915.gem
7f19cb25f000-7f19cb263000 rw-s 108b55000 00:11 2116                      anon_inode:i915.gem
7f19cb263000-7f19cb267000 rw-s 11e391000 00:11 2116                      anon_inode:i915.gem
7f19cb267000-7f19cb467000 rw-s 1120a9000 00:11 2116                      anon_inode:i915.gem
7f19cb467000-7f19cb667000 rw-s 111ea9000 00:11 2116                      anon_inode:i915.gem
7f19cb667000-7f19cb867000 rw-s 126074000 00:11 2116                      anon_inode:i915.gem
7f19cb867000-7f19cb8a7000 rw-s 108a11000 00:11 2116                      anon_inode:i915.gem
7f19cb8a7000-7f19cb8e7000 rw-s 128387000 00:11 2116                      anon_inode:i915.gem
7f19cb8e7000-7f19cb927000 rw-s 123a91000 00:11 2116                      anon_inode:i915.gem
7f19cb927000-7f19cb967000 rw-s 1086b1000 00:11 2116                      anon_inode:i915.gem
7f19cb967000-7f19cb9a7000 rw-s 108e51000 00:11 2116                      anon_inode:i915.gem
7f19cb9a7000-7f19cb9e7000 rw-s 125f34000 00:11 2116                      anon_inode:i915.gem
7f19cb9e7000-7f19cba27000 rw-s 125ef4000 00:11 2116                      anon_inode:i915.gem
7f19cba27000-7f19cba67000 rw-s 121c41000 00:11 2116                      anon_inode:i915.gem
7f19cba67000-7f19cbaa7000 rw-s 1086f1000 00:11 2116                      anon_inode:i915.gem
7f19cbaa7000-7f19cbaab000 rw-s 115b19000 00:11 2116                      anon_inode:i915.gem
7f19cbaab000-7f19cbaaf000 rw-s 10310f000 00:11 2116                      anon_inode:i915.gem
7f19cbaaf000-7f19cbab7000 rw-s 11a9c5000 00:11 2116                      anon_inode:i915.gem
7f19cbab7000-7f19cbabf000 rw-s 11e389000 00:11 2116                      anon_inode:i915.gem
7f19cbabf000-7f19cbac7000 rw-s 108b39000 00:11 2116                      anon_inode:i915.gem
7f19cbac7000-7f19cbb07000 rw-s 108671000 00:11 2116                      anon_inode:i915.gem
7f19cbb07000-7f19cbb0b000 rw-s 117e31000 00:11 2116                      anon_inode:i915.gem
7f19cbb0b000-7f19cbb13000 rw-s 108b4d000 00:11 2116                      anon_inode:i915.gem
7f19cbb13000-7f19cbb1b000 rw-s 129527000 00:11 2116                      anon_inode:i915.gem
7f19cbb1b000-7f19cbb1f000 rw-s 117e19000 00:11 2116                      anon_inode:i915.gem
7f19cbb1f000-7f19cbb27000 rw-s 117f91000 00:11 2116                      anon_inode:i915.gem
7f19cbb27000-7f19cbb67000 rw-s 108631000 00:11 2116                      anon_inode:i915.gem
7f19cbb67000-7f19cbba7000 rw-s 11b3f1000 00:11 2116                      anon_inode:i915.gem
7f19cbba7000-7f19cbbe7000 rw-s 11b3b1000 00:11 2116                      anon_inode:i915.gem
7f19cbbe7000-7f19cbc27000 rw-s 11b371000 00:11 2116                      anon_inode:i915.gem
7f19cbc27000-7f19cbc67000 rw-s 11b331000 00:11 2116                      anon_inode:i915.gem
7f19cbc67000-7f19cbca7000 rw-s 11b2f1000 00:11 2116                      anon_inode:i915.gem
7f19cbca7000-7f19cbce7000 rw-s 11e431000 00:11 2116                      anon_inode:i915.gem
7f19cbce7000-7f19cbd27000 rw-s 11e3f1000 00:11 2116                      anon_inode:i915.gem
7f19cbd27000-7f19cbd2f000 rw-s 114e19000 00:11 2116                      anon_inode:i915.gem
7f19cbd2f000-7f19cbd37000 rw-s 118281000 00:11 2116                      anon_inode:i915.gem
7f19cbd37000-7f19cbd3f000 rw-s 11aa45000 00:11 2116                      anon_inode:i915.gem
7f19cbd3f000-7f19cbd47000 rw-s 11e489000 00:11 2116                      anon_inode:i915.gem
7f19cbd47000-7f19cbd4f000 rw-s 11e481000 00:11 2116                      anon_inode:i915.gem
7f19cbd4f000-7f19cbd57000 rw-s 11e479000 00:11 2116                      anon_inode:i915.gem
7f19cbd57000-7f19cbd5f000 rw-s 11e471000 00:11 2116                      anon_inode:i915.gem
7f19cbd5f000-7f19cbd67000 rw-s 11b449000 00:11 2116                      anon_inode:i915.gem
7f19cbd67000-7f19cbd6f000 rw-s 11b441000 00:11 2116                      anon_inode:i915.gem
7f19cbd6f000-7f19cbd77000 rw-s 11b439000 00:11 2116                      anon_inode:i915.gem
7f19cbd77000-7f19cbdb7000 rw-s 110711000 00:11 2116                      anon_inode:i915.gem
7f19cbdb7000-7f19cbdf7000 rw-s 124cc1000 00:11 2116                      anon_inode:i915.gem
7f19cbdf7000-7f19cbe37000 rw-s 1104a1000 00:11 2116                      anon_inode:i915.gem
7f19cbe37000-7f19cbe77000 rw-s 108fd1000 00:11 2116                      anon_inode:i915.gem
7f19cbe77000-7f19cc077000 rw-s 125c1b000 00:11 2116                      anon_inode:i915.gem
7f19cc077000-7f19cc0b7000 rw-s 105f6b000 00:11 2116                      anon_inode:i915.gem
7f19cc0b7000-7f19cc0f7000 rw-s 10386e000 00:11 2116                      anon_inode:i915.gem
7f19cc0f7000-7f19cc0f8000 rw-p 00000000 00:00 0 
7f19cc0f8000-7f19cc0fc000 ---p 00000000 00:00 0 
7f19cc0fc000-7f19cc1f9000 rw-p 00000000 00:00 0 
7f19cc1f9000-7f19cc1fd000 ---p 00000000 00:00 0 
7f19cc1fd000-7f19cc2fa000 rw-p 00000000 00:00 0 
7f19cc2fa000-7f19cc2fe000 ---p 00000000 00:00 0 
7f19cc2fe000-7f19cc4fb000 rw-p 00000000 00:00 0 
7f19cc4fb000-7f19cc503000 rw-s 125eeb000 00:11 2116                      anon_inode:i915.gem
7f19cc503000-7f19cc50b000 rw-s 11b431000 00:11 2116                      anon_inode:i915.gem
7f19cc50b000-7f19cc513000 rw-s 114ba9000 00:11 2116                      anon_inode:i915.gem
7f19cc513000-7f19cc51b000 rw-s 114ba1000 00:11 2116                      anon_inode:i915.gem
7f19cc51b000-7f19cc523000 rw-s 114b99000 00:11 2116                      anon_inode:i915.gem
7f19cc523000-7f19cc52b000 rw-s 108a51000 00:11 2116                      anon_inode:i915.gem
7f19cc537000-7f19cc53b000 rw-s 106e16000 00:11 2116                      anon_inode:i915.gem
7f19cc53b000-7f19cc543000 rw-s 124f5c000 00:11 2116                      anon_inode:i915.gem
7f19cc543000-7f19cc583000 rw-s 105ed1000 00:11 2116                      anon_inode:i915.gem
7f19cc583000-7f19cc58b000 rw-s 123f31000 00:11 2116                      anon_inode:i915.gem
7f19cc593000-7f19cc597000 rw-s 10af89000 00:11 2116                      anon_inode:i915.gem
7f19cc597000-7f19cc59b000 rw-s 1294ff000 00:11 2116                      anon_inode:i915.gem
7f19cc59b000-7f19cc5a3000 rw-s 108b45000 00:11 2116                      anon_inode:i915.gem
7f19cc5a3000-7f19cc5ab000 rw-s 108bb1000 00:11 2116                      anon_inode:i915.gem
7f19cc5ab000-7f19cc5b3000 rw-s 1014b2000 00:11 2116                      anon_inode:i915.gem
7f19cc5b3000-7f19cc5f3000 rw-s 11e331000 00:11 2116                      anon_inode:i915.gem
7f19cc5f3000-7f19cc633000 rw-s 1030b3000 00:11 2116                      anon_inode:i915.gem
7f19cc633000-7f19cc673000 rw-s 125e9b000 00:11 2116                      anon_inode:i915.gem
7f19cc673000-7f19cc6b3000 rw-s 105541000 00:11 2116                      anon_inode:i915.gem
7f19cc6b3000-7f19cc6f3000 rw-s 105e91000 00:11 2116                      anon_inode:i915.gem
7f19cc6f3000-7f19cc733000 rw-s 1110a9000 00:11 2116                      anon_inode:i915.gem
7f19cc733000-7f19cc7b3000 rw-s 11cf91000 00:11 2116                      anon_inode:i915.gem
7f19cc7b3000-7f19cc7f3000 rw-s 103073000 00:11 2116                      anon_inode:i915.gem
7f19cc7f3000-7f19cc833000 rw-s 1010bd000 00:11 2116                      anon_inode:i915.gem
7f19cc833000-7f19cc837000 rw-s 11e491000 00:11 2116                      anon_inode:i915.gem
7f19cc837000-7f19cc847000 rw-s 1294e3000 00:11 2116                      anon_inode:i915.gem
7f19cc847000-7f19cc84f000 rw-s 11aa65000 00:11 2116                      anon_inode:i915.gem
7f19cc84f000-7f19cc857000 rw-s 121c99000 00:11 2116                      anon_inode:i915.gem
7f19cc857000-7f19cc897000 rw-s 1252f4000 00:11 2116                      anon_inode:i915.gem
7f19cc897000-7f19cc8d7000 rw-s 124e54000 00:11 2116                      anon_inode:i915.gem
7f19cc8d7000-7f19cc8df000 rw-s 114c79000 00:11 2116                      anon_inode:i915.gem
7f19cc8df000-7f19cc8e7000 rw-s 114c71000 00:11 2116                      anon_inode:i915.gem
7f19cc8e7000-7f19cc8ef000 rw-s 114e69000 00:11 2116                      anon_inode:i915.gem
7f19cc8ef000-7f19cc8f7000 rw-s 114e61000 00:11 2116                      anon_inode:i915.gem
7f19cc8f7000-7f19cc8ff000 rw-s 110751000 00:11 2116                      anon_inode:i915.gem
7f19cc8ff000-7f19cc907000 rw-s 122b99000 00:11 2116                      anon_inode:i915.gem
7f19cc907000-7f19cc90b000 rw-s 114e4d000 00:11 2116                      anon_inode:i915.gem
7f19cc90b000-7f19cc913000 rw-s 114e45000 00:11 2116                      anon_inode:i915.gem
7f19cc913000-7f19cc917000 rw-s 114e41000 00:11 2116                      anon_inode:i915.gem
7f19cc917000-7f19cc91b000 rw-s 10fa4f000 00:11 2116                      anon_inode:i915.gem
7f19cc91b000-7f19cc91d000 rw-s 1031cb000 00:11 2116                      anon_inode:i915.gem
7f19cc91d000-7f19cc91f000 rw-s 1014ce000 00:11 2116                      anon_inode:i915.gem
7f19cc91f000-7f19cc923000 rw-s 1014ca000 00:11 2116                      anon_inode:i915.gem
7f19cc923000-7f19cc927000 rw-s 100a16000 00:11 2116                      anon_inode:i915.gem
7f19cc927000-7f19cc92f000 rw-s 114e39000 00:11 2116                      anon_inode:i915.gem
7f19cc92f000-7f19cc937000 rw-s 114e31000 00:11 2116                      anon_inode:i915.gem
7f19cc937000-7f19cc93f000 rw-s 114e29000 00:11 2116                      anon_inode:i915.gem
7f19cc93f000-7f19cc943000 rw-s 10996f000 00:11 2116                      anon_inode:i915.gem
7f19cc943000-7f19cc94b000 rw-s 114e21000 00:11 2116                      anon_inode:i915.gem
7f19cc94b000-7f19cc953000 rw-s 11f11e000 00:11 2116                      anon_inode:i915.gem
7f19cc953000-7f19cc95b000 rw-s 11f116000 00:11 2116                      anon_inode:i915.gem
7f19cc95b000-7f19cc963000 rw-s 118271000 00:11 2116                      anon_inode:i915.gem
7f19cc963000-7f19cc96b000 rw-s 117d29000 00:11 2116                      anon_inode:i915.gem
7f19cc96b000-7f19cc973000 rw-s 111101000 00:11 2116                      anon_inode:i915.gem
7f19cc973000-7f19cc97b000 rw-s 120b91000 00:11 2116                      anon_inode:i915.gem
7f19cc97b000-7f19cc97f000 rw-s 10bc61000 00:11 2116                      anon_inode:i915.gem
7f19cc97f000-7f19cc983000 rw-s 129543000 00:11 2116                      anon_inode:i915.gem
7f19cc983000-7f19cc987000 rw-s 10a18a000 00:11 2116                      anon_inode:i915.gem
7f19cc987000-7f19cc98f000 rw-s 1110e9000 00:11 2116                      anon_inode:i915.gem
7f19cc993000-7f19cc995000 rw-s 1294cf000 00:11 2116                      anon_inode:i915.gem
7f19cc997000-7f19cc999000 rw-s 124f6c000 00:11 2116                      anon_inode:i915.gem
7f19cc999000-7f19cc99b000 rw-s 1110fb000 00:11 2116                      anon_inode:i915.gem
7f19cc99b000-7f19cc99f000 rw-s 10e201000 00:11 2116                      anon_inode:i915.gem
7f19cc99f000-7f19cc9a7000 rw-s 10a182000 00:11 2116                      anon_inode:i915.gem
7f19cc9a7000-7f19cc9af000 rw-s 115d09000 00:11 2116                      anon_inode:i915.gem
7f19cc9af000-7f19cc9b7000 rw-s 1059c9000 00:11 2116                      anon_inode:i915.gem
7f19cc9b7000-7f19cc9bf000 rw-s 109967000 00:11 2116                      anon_inode:i915.gem
7f19cc9bf000-7f19cc9c7000 rw-s 100a0e000 00:11 2116                      anon_inode:i915.gem
7f19cc9c7000-7f19cc9cb000 rw-s 1031c7000 00:11 2116                      anon_inode:i915.gem
7f19cc9cb000-7f19cc9d3000 rw-s 1031bf000 00:11 2116                      anon_inode:i915.gem
7f19cc9d3000-7f19cc9db000 rw-s 1014c2000 00:11 2116                      anon_inode:i915.gem
7f19cc9db000-7f19cc9df000 rw-s 10fb03000 00:11 2116                      anon_inode:i915.gem
7f19cc9df000-7f19cc9e1000 rw-s 101525000 00:11 2116                      anon_inode:i915.gem
7f19cc9e1000-7f19cc9e5000 rw-s 101588000 00:11 2116                      anon_inode:i915.gem
7f19cc9e5000-7f19cc9e9000 rw-s 1098a4000 00:11 2116                      anon_inode:i915.gem
7f19cc9e9000-7f19cc9ed000 rw-s 10fabf000 00:11 2116                      anon_inode:i915.gem
7f19cc9ed000-7f19cc9f1000 rw-s 10e229000 00:11 2116                      anon_inode:i915.gem
7f19cc9f1000-7f19cc9f9000 rw-s 10e221000 00:11 2116                      anon_inode:i915.gem
7f19cc9f9000-7f19cca01000 rw-s 10fab7000 00:11 2116                      anon_inode:i915.gem
7f19cca01000-7f19cca05000 rw-s 1002ec000 00:11 2116                      anon_inode:i915.gem
7f19cca05000-7f19cca09000 rw-s 10316b000 00:11 2116                      anon_inode:i915.gem
7f19cca09000-7f19cca11000 rw-s 103163000 00:11 2116                      anon_inode:i915.gem
7f19cca11000-7f19cca19000 rw-s 1002e4000 00:11 2116                      anon_inode:i915.gem
7f19cca19000-7f19cca1b000 rw-s 109879000 00:11 2116                      anon_inode:i915.gem
7f19cca1b000-7f19cca23000 rw-s 10989c000 00:11 2116                      anon_inode:i915.gem
7f19cca23000-7f19cca25000 rw-s 10f789000 00:11 2116                      anon_inode:i915.gem
7f19cca25000-7f19cca29000 rw-s 12953f000 00:11 2116                      anon_inode:i915.gem
7f19cca29000-7f19cca31000 rw-s 115b09000 00:11 2116                      anon_inode:i915.gem
7f19cca31000-7f19cca35000 rw-s 117f89000 00:11 2116                      anon_inode:i915.gem
7f19cca35000-7f19cca3d000 rw-s 101580000 00:11 2116                      anon_inode:i915.gem
7f19cca3d000-7f19cca45000 rw-s 10fafb000 00:11 2116                      anon_inode:i915.gem
7f19cca45000-7f19cca49000 rw-s 1009c9000 00:11 2116                      anon_inode:i915.gem
7f19cca49000-7f19cca4d000 rw-s 109a0d000 00:11 2116                      anon_inode:i915.gem
7f19cca4d000-7f19cca51000 rw-s 10beed000 00:11 2116                      anon_inode:i915.gem
7f19cca51000-7f19cca59000 rw-s 10bee5000 00:11 2116                      anon_inode:i915.gem
7f19cca59000-7f19cca61000 rw-s 109a05000 00:11 2116                      anon_inode:i915.gem
7f19cca61000-7f19cca65000 rw-s 110b4d000 00:11 2116                      anon_inode:i915.gem
7f19cca65000-7f19cca6d000 rw-s 110b45000 00:11 2116                      anon_inode:i915.gem
7f19cca6d000-7f19cca75000 rw-s 1009c1000 00:11 2116                      anon_inode:i915.gem
7f19cca75000-7f19cca79000 rw-s 1104f9000 00:11 2116                      anon_inode:i915.gem
7f19cca79000-7f19cca81000 rw-s 1104f1000 00:11 2116                      anon_inode:i915.gem
7f19cca81000-7f19cca85000 rw-s 10fa4b000 00:11 2116                      anon_inode:i915.gem
7f19cca85000-7f19cca8d000 rw-s 10f781000 00:11 2116                      anon_inode:i915.gem
7f19cca8d000-7f19cca91000 rw-s 109875000 00:11 2116                      anon_inode:i915.gem
7f19cca91000-7f19cca99000 rw-s 10151d000 00:11 2116                      anon_inode:i915.gem
7f19cca99000-7f19cca9d000 rw-s 109871000 00:11 2116                      anon_inode:i915.gem
7f19cca9d000-7f19ccaa5000 rw-s 105fad000 00:11 2116                      anon_inode:i915.gem
7f19ccaa5000-7f19ccaa7000 rw-s 105fab000 00:11 2116                      anon_inode:i915.gem
7f19ccaa7000-7f19ccaaf000 rw-s 10115d000 00:11 2116                      anon_inode:i915.gem
7f19ccaaf000-7f19ccab7000 rw-s 129567000 00:11 2116                      anon_inode:i915.gem
7f19ccab7000-7f19ccabf000 rw-s 1014ba000 00:11 2116                      anon_inode:i915.gem
7f19ccabf000-7f19ccac7000 rw-s 104143000 00:11 2116                      anon_inode:i915.gem
7f19ccac7000-7f19ccacb000 rw-s 10d335000 00:11 2116                      anon_inode:i915.gem
7f19ccacb000-7f19ccad3000 rw-s 10d008000 00:11 2116                      anon_inode:i915.gem
7f19ccad3000-7f19ccadb000 rw-s 10f568000 00:11 2116                      anon_inode:i915.gem
7f19ccadb000-7f19ccae3000 rw-s 10d089000 00:11 2116                      anon_inode:i915.gem
7f19ccae3000-7f19ccaeb000 rw-s 102413000 00:11 2116                      anon_inode:i915.gem
7f19ccaeb000-7f19ccaf3000 rw-s 10244b000 00:11 2116                      anon_inode:i915.gem
7f19ccaf3000-7f19ccafb000 rw-s 10fc29000 00:11 2116                      anon_inode:i915.gem
7f19ccafb000-7f19cccfb000 rw-s 108431000 00:11 2116                      anon_inode:i915.gem
7f19cccfb000-7f19ccdfc000 rw-p 00000000 00:00 0 
7f19ccdfc000-7f19ccffc000 rw-s 1102a1000 00:11 2116                      anon_inode:i915.gem
7f19ccffc000-7f19cf000000 rw-p 00000000 00:00 0 
7f19cf000000-7f19cf201000 rw-s 00000000 00:23 21655901                   /home/mirtemir/.cache/mesa_shader_cache/index
7f19cf203000-7f19cf207000 rw-s 1013fe000 00:11 2116                      anon_inode:i915.gem
7f19cf207000-7f19cf20f000 rw-s 10cd51000 00:11 2116                      anon_inode:i915.gem
7f19cf20f000-7f19cf21f000 rw-s 1009b1000 00:11 2116                      anon_inode:i915.gem
7f19cf21f000-7f19cf22f000 rw-s 117d41000 00:11 2116                      anon_inode:i915.gem
7f19cf22f000-7f19cf237000 rw-s 110759000 00:11 2116                      anon_inode:i915.gem
7f19cf237000-7f19cf23f000 rw-s 122bc9000 00:11 2116                      anon_inode:i915.gem
7f19cf23f000-7f19cf25f000 rw-s 10318f000 00:11 2116                      anon_inode:i915.gem
7f19cf25f000-7f19cf26f000 rw-s 10d321000 00:11 2116                      anon_inode:i915.gem
7f19cf26f000-7f19cf27f000 rw-s 121ad1000 00:11 2116                      anon_inode:i915.gem
7f19cf27f000-7f19cf380000 rw-p 00000000 00:00 0 
7f19cf380000-7f19cf388000 rw-s 123ea5000 00:11 2116                      anon_inode:i915.gem
7f19cf388000-7f19cf38c000 rw-s 10030b000 00:11 2116                      anon_inode:i915.gem
7f19cf38c000-7f19cf390000 rw-s 103267000 00:11 2116                      anon_inode:i915.gem
7f19cf390000-7f19cf394000 rw-s 10d331000 00:11 2116                      anon_inode:i915.gem
7f19cf394000-7f19cf398000 rw-s 1009d4000 00:11 2116                      anon_inode:i915.gem
7f19cf398000-7f19cf3a0000 rw-s 10cd49000 00:11 2116                      anon_inode:i915.gem
7f19cf3a0000-7f19cf3a8000 rw-s 10cd41000 00:11 2116                      anon_inode:i915.gem
7f19cf3a8000-7f19cf3b0000 rw-s 10cd39000 00:11 2116                      anon_inode:i915.gem
7f19cf3b0000-7f19cf3b8000 rw-s 10cd31000 00:11 2116                      anon_inode:i915.gem
7f19cf3b8000-7f19cf3c0000 rw-s 10cd29000 00:11 2116                      anon_inode:i915.gem
7f19cf3c0000-7f19cf3c8000 rw-s 10cd21000 00:11 2116                      anon_inode:i915.gem
7f19cf3c8000-7f19cf3d0000 rw-s 10cd19000 00:11 2116                      anon_inode:i915.gem
7f19cf3d0000-7f19cf3d8000 rw-s 10cd11000 00:11 2116                      anon_inode:i915.gem
7f19cf3d8000-7f19cf3e0000 rw-s 10cd09000 00:11 2116                      anon_inode:i915.gem
7f19cf3e0000-7f19cf3e8000 rw-s 10cd01000 00:11 2116                      anon_inode:i915.gem
7f19cf3e8000-7f19cf3f0000 rw-s 10ccf9000 00:11 2116                      anon_inode:i915.gem
7f19cf3f0000-7f19cf3f8000 rw-s 10ccf1000 00:11 2116                      anon_inode:i915.gem
7f19cf3f8000-7f19cf400000 rw-s 11b2d5000 00:11 2116                      anon_inode:i915.gem
7f19cf400000-7f19cf600000 rw-s 111139000 00:11 2116                      anon_inode:i915.gem
7f19cf600000-7f19d1594000 r--p 00000000 00:23 22647                      /usr/lib/libicudata.so.78.3
7f19d1594000-7f19d1595000 r--p 01f93000 00:23 22647                      /usr/lib/libicudata.so.78.3
7f19d1598000-7f19d15a0000 rw-s 11b2cd000 00:11 2116                      anon_inode:i915.gem
7f19d15a0000-7f19d15b0000 rw-s 115111000 00:11 2116                      anon_inode:i915.gem
7f19d15b8000-7f19d15bc000 rw-s 124279000 00:11 2116                      anon_inode:i915.gem
7f19d15bc000-7f19d15c0000 rw-s 123e9d000 00:11 2116                      anon_inode:i915.gem
7f19d15c0000-7f19d15e0000 rw-s 10101d000 00:11 2116                      anon_inode:i915.gem
7f19d15e0000-7f19d15f0000 rw-s 124285000 00:11 2116                      anon_inode:i915.gem
7f19d15f0000-7f19d1600000 rw-s 123bb1000 00:11 2116                      anon_inode:i915.gem
7f19d1600000-7f19d1648000 r--p 00000000 00:23 22662                      /usr/lib/libicuuc.so.78.3
7f19d1648000-7f19d179e000 r-xp 00048000 00:23 22662                      /usr/lib/libicuuc.so.78.3
7f19d179e000-7f19d1838000 r--p 0019e000 00:23 22662                      /usr/lib/libicuuc.so.78.3
7f19d1838000-7f19d184b000 r--p 00238000 00:23 22662                      /usr/lib/libicuuc.so.78.3
7f19d184b000-7f19d184c000 rw-p 0024b000 00:23 22662                      /usr/lib/libicuuc.so.78.3
7f19d184c000-7f19d184e000 rw-p 00000000 00:00 0 
7f19d184f000-7f19d1851000 rw-s 121c97000 00:11 2116                      anon_inode:i915.gem
7f19d1851000-7f19d1859000 rw-s 111349000 00:11 2116                      anon_inode:i915.gem
7f19d1859000-7f19d1869000 rw-s 10103d000 00:11 2116                      anon_inode:i915.gem
7f19d1869000-7f19d18a9000 rw-s 1008fb000 00:11 2116                      anon_inode:i915.gem
7f19d18a9000-7f19d18c3000 r--p 00000000 00:23 713814                     /usr/lib/libxml2.so.16.1.3
7f19d18c3000-7f19d19c1000 r-xp 0001a000 00:23 713814                     /usr/lib/libxml2.so.16.1.3
7f19d19c1000-7f19d1a08000 r--p 00118000 00:23 713814                     /usr/lib/libxml2.so.16.1.3
7f19d1a08000-7f19d1a11000 r--p 0015f000 00:23 713814                     /usr/lib/libxml2.so.16.1.3
7f19d1a11000-7f19d1a12000 rw-p 00168000 00:23 713814                     /usr/lib/libxml2.so.16.1.3
7f19d1a12000-7f19d1a13000 rw-p 00000000 00:00 0 
7f19d1a13000-7f19d1a2c000 r--p 00000000 00:23 3186374                    /usr/lib/libSPIRV-Tools.so
7f19d1a2c000-7f19d1b75000 r-xp 00019000 00:23 3186374                    /usr/lib/libSPIRV-Tools.so
7f19d1b75000-7f19d1bfc000 r--p 00162000 00:23 3186374                    /usr/lib/libSPIRV-Tools.so
7f19d1bfc000-7f19d1bff000 r--p 001e9000 00:23 3186374                    /usr/lib/libSPIRV-Tools.so
7f19d1bff000-7f19d1c00000 rw-p 001ec000 00:23 3186374                    /usr/lib/libSPIRV-Tools.so
7f19d1c00000-7f19d5f30000 r--p 00000000 00:23 2455173                    /usr/lib/libLLVM.so.22.1
7f19d5f30000-7f19da7f2000 r-xp 0432f000 00:23 2455173                    /usr/lib/libLLVM.so.22.1
7f19da7f2000-7f19daa1a000 r--p 08bf0000 00:23 2455173                    /usr/lib/libLLVM.so.22.1
7f19daa1a000-7f19daa24000 rw-p 08e17000 00:23 2455173                    /usr/lib/libLLVM.so.22.1
7f19daa24000-7f19daad0000 rw-p 00000000 00:00 0 
7f19daad3000-7f19daad7000 rw-s 101897000 00:11 2116                      anon_inode:i915.gem
7f19daad7000-7f19daae7000 rw-s 114ce1000 00:11 2116                      anon_inode:i915.gem
7f19daae7000-7f19daaf7000 rw-s 114e51000 00:11 2116                      anon_inode:i915.gem
7f19daaf7000-7f19dab07000 rw-s 10d759000 00:11 2116                      anon_inode:i915.gem
7f19dab07000-7f19dab14000 r--p 00000000 00:23 5102                       /usr/lib/libncursesw.so.6.6
7f19dab14000-7f19dab6c000 r-xp 0000d000 00:23 5102                       /usr/lib/libncursesw.so.6.6
7f19dab6c000-7f19dab84000 r--p 00065000 00:23 5102                       /usr/lib/libncursesw.so.6.6
7f19dab84000-7f19dab89000 r--p 0007c000 00:23 5102                       /usr/lib/libncursesw.so.6.6
7f19dab89000-7f19dab8a000 rw-p 00081000 00:23 5102                       /usr/lib/libncursesw.so.6.6
7f19dab8a000-7f19dab90000 r--p 00000000 00:23 1298937                    /usr/lib/libedit.so.0.0.78
7f19dab90000-7f19dabc1000 r-xp 00006000 00:23 1298937                    /usr/lib/libedit.so.0.0.78
7f19dabc1000-7f19dabcf000 r--p 00037000 00:23 1298937                    /usr/lib/libedit.so.0.0.78
7f19dabcf000-7f19dabd2000 r--p 00044000 00:23 1298937                    /usr/lib/libedit.so.0.0.78
7f19dabd2000-7f19dabd3000 rw-p 00047000 00:23 1298937                    /usr/lib/libedit.so.0.0.78
7f19dabd3000-7f19dabd6000 rw-p 00000000 00:00 0 
7f19dabd6000-7f19dabd9000 r--p 00000000 00:23 1472431                    /usr/lib/libdrm_intel.so.1.134.0
7f19dabd9000-7f19dabf4000 r-xp 00003000 00:23 1472431                    /usr/lib/libdrm_intel.so.1.134.0
7f19dabf4000-7f19dabfe000 r--p 0001e000 00:23 1472431                    /usr/lib/libdrm_intel.so.1.134.0
7f19dabfe000-7f19dabff000 r--p 00028000 00:23 1472431                    /usr/lib/libdrm_intel.so.1.134.0
7f19dabff000-7f19dac00000 rw-p 00029000 00:23 1472431                    /usr/lib/libdrm_intel.so.1.134.0
7f19dac00000-7f19dac1b000 r--p 00000000 00:23 3449444                    /usr/lib/libgallium-26.2.1-arch3.1.so
7f19dac1b000-7f19dcc8c000 r-xp 0001b000 00:23 3449444                    /usr/lib/libgallium-26.2.1-arch3.1.so
7f19dcc8c000-7f19ddf32000 r--p 0208c000 00:23 3449444                    /usr/lib/libgallium-26.2.1-arch3.1.so
7f19ddf32000-7f19de0b0000 r--p 03331000 00:23 3449444                    /usr/lib/libgallium-26.2.1-arch3.1.so
7f19de0b0000-7f19de0ee000 rw-p 034af000 00:23 3449444                    /usr/lib/libgallium-26.2.1-arch3.1.so
7f19de0ee000-7f19de2bc000 rw-p 00000000 00:00 0 
7f19de2bd000-7f19de2c1000 rw-s 108b41000 00:11 2116                      anon_inode:i915.gem
7f19de2c1000-7f19de2c3000 r--p 00000000 00:23 126494                     /usr/lib/libpciaccess.so.0.11.1
7f19de2c3000-7f19de2c8000 r-xp 00002000 00:23 126494                     /usr/lib/libpciaccess.so.0.11.1
7f19de2c8000-7f19de2ca000 r--p 00007000 00:23 126494                     /usr/lib/libpciaccess.so.0.11.1
7f19de2ca000-7f19de2cb000 r--p 00008000 00:23 126494                     /usr/lib/libpciaccess.so.0.11.1
7f19de2cb000-7f19de2cc000 rw-p 00009000 00:23 126494                     /usr/lib/libpciaccess.so.0.11.1
7f19de2cc000-7f19de2ce000 r--p 00000000 00:23 3183693                    /usr/lib/libffi.so.8.5.0
7f19de2ce000-7f19de2d7000 r-xp 00002000 00:23 3183693                    /usr/lib/libffi.so.8.5.0
7f19de2d7000-7f19de2d9000 r--p 0000b000 00:23 3183693                    /usr/lib/libffi.so.8.5.0
7f19de2d9000-7f19de2da000 r--p 0000c000 00:23 3183693                    /usr/lib/libffi.so.8.5.0
7f19de2da000-7f19de2db000 rw-p 0000d000 00:23 3183693                    /usr/lib/libffi.so.8.5.0
7f19de2db000-7f19de2de000 r--p 00000000 00:23 1472428                    /usr/lib/libdrm_amdgpu.so.1.134.0
7f19de2de000-7f19de2e5000 r-xp 00003000 00:23 1472428                    /usr/lib/libdrm_amdgpu.so.1.134.0
7f19de2e5000-7f19de2e7000 r--p 0000a000 00:23 1472428                    /usr/lib/libdrm_amdgpu.so.1.134.0
7f19de2e7000-7f19de2e8000 r--p 0000c000 00:23 1472428                    /usr/lib/libdrm_amdgpu.so.1.134.0
7f19de2e8000-7f19de2e9000 rw-p 0000d000 00:23 1472428                    /usr/lib/libdrm_amdgpu.so.1.134.0
7f19de2e9000-7f19de2f4000 r--p 00000000 00:23 16834                      /usr/lib/libzstd.so.1.5.7
7f19de2f4000-7f19de3e4000 r-xp 0000b000 00:23 16834                      /usr/lib/libzstd.so.1.5.7
7f19de3e4000-7f19de3fa000 r--p 000fb000 00:23 16834                      /usr/lib/libzstd.so.1.5.7
7f19de3fa000-7f19de3fb000 r--p 00110000 00:23 16834                      /usr/lib/libzstd.so.1.5.7
7f19de3fb000-7f19de3fc000 rw-p 00111000 00:23 16834                      /usr/lib/libzstd.so.1.5.7
7f19de3fc000-7f19de5ff000 rw-p 00000000 00:00 0 
7f19de5ff000-7f19de603000 ---p 00000000 00:00 0 
7f19de603000-7f19de800000 rw-p 00000000 00:00 0 
7f19de800000-7f19e2800000 rw-s 00000000 00:01 24952                      /memfd:pulseaudio (deleted)
7f19e2800000-7f19e2802000 rw-s 1009d9000 00:11 2116                      anon_inode:i915.gem
7f19e2802000-7f19e280a000 rw-s 1107a9000 00:11 2116                      anon_inode:i915.gem
7f19e280a000-7f19e280d000 r--p 00000000 00:23 3393268                    /usr/lib/libelf-0.196.so
7f19e280d000-7f19e2821000 r-xp 00003000 00:23 3393268                    /usr/lib/libelf-0.196.so
7f19e2821000-7f19e2826000 r--p 00017000 00:23 3393268                    /usr/lib/libelf-0.196.so
7f19e2826000-7f19e2827000 r--p 0001b000 00:23 3393268                    /usr/lib/libelf-0.196.so
7f19e2827000-7f19e2828000 rw-p 0001c000 00:23 3393268                    /usr/lib/libelf-0.196.so
7f19e2828000-7f19e282d000 r--p 00000000 00:23 3449443                    /usr/lib/libGLX_mesa.so.0.0.0
7f19e282d000-7f19e286f000 r-xp 00005000 00:23 3449443                    /usr/lib/libGLX_mesa.so.0.0.0
7f19e286f000-7f19e2880000 r--p 00047000 00:23 3449443                    /usr/lib/libGLX_mesa.so.0.0.0
7f19e2880000-7f19e2884000 r--p 00058000 00:23 3449443                    /usr/lib/libGLX_mesa.so.0.0.0
7f19e2884000-7f19e2885000 rw-p 0005c000 00:23 3449443                    /usr/lib/libGLX_mesa.so.0.0.0
7f19e2885000-7f19e2887000 r--p 00000000 00:23 129284                     /usr/lib/libGLdispatch.so.0.0.0
7f19e2887000-7f19e28c6000 r-xp 00002000 00:23 129284                     /usr/lib/libGLdispatch.so.0.0.0
7f19e28c6000-7f19e28d9000 r--p 00041000 00:23 129284                     /usr/lib/libGLdispatch.so.0.0.0
7f19e28d9000-7f19e28f5000 r--p 00054000 00:23 129284                     /usr/lib/libGLdispatch.so.0.0.0
7f19e28f5000-7f19e28f6000 rw-p 00070000 00:23 129284                     /usr/lib/libGLdispatch.so.0.0.0
7f19e28f6000-7f19e28fe000 rw-p 00000000 00:00 0 
7f19e28fe000-7f19e30ff000 rw-p 00000000 00:00 0 
7f19e30ff000-7f19e3104000 r--p 00000000 00:23 3182523                    /usr/lib/libmvec.so.1
7f19e3104000-7f19e3127000 r-xp 00005000 00:23 3182523                    /usr/lib/libmvec.so.1
7f19e3127000-7f19e31fe000 r--p 00028000 00:23 3182523                    /usr/lib/libmvec.so.1
7f19e31fe000-7f19e31ff000 r--p 000ff000 00:23 3182523                    /usr/lib/libmvec.so.1
7f19e31ff000-7f19e3200000 rw-p 00100000 00:23 3182523                    /usr/lib/libmvec.so.1
7f19e3200000-7f19e3203000 r--p 00000000 00:23 163438                     /usr/lib/libopus.so.0.11.1
7f19e3203000-7f19e32bb000 r-xp 00003000 00:23 163438                     /usr/lib/libopus.so.0.11.1
7f19e32bb000-7f19e3638000 r--p 000bb000 00:23 163438                     /usr/lib/libopus.so.0.11.1
7f19e3638000-7f19e363c000 r--p 00437000 00:23 163438                     /usr/lib/libopus.so.0.11.1
7f19e363c000-7f19e363d000 rw-p 0043b000 00:23 163438                     /usr/lib/libopus.so.0.11.1
7f19e363f000-7f19e3647000 rw-s 1038ae000 00:11 2116                      anon_inode:i915.gem
7f19e3647000-7f19e3649000 r--p 00000000 00:23 3183318                    /usr/lib/libexpat.so.1.12.3
7f19e3649000-7f19e3672000 r-xp 00002000 00:23 3183318                    /usr/lib/libexpat.so.1.12.3
7f19e3672000-7f19e367b000 r--p 0002b000 00:23 3183318                    /usr/lib/libexpat.so.1.12.3
7f19e367b000-7f19e367d000 r--p 00033000 00:23 3183318                    /usr/lib/libexpat.so.1.12.3
7f19e367d000-7f19e367e000 rw-p 00035000 00:23 3183318                    /usr/lib/libexpat.so.1.12.3
7f19e367e000-7f19e3680000 r--p 00000000 00:23 129281                     /usr/lib/libGLX.so.0.0.0
7f19e3680000-7f19e369b000 r-xp 00002000 00:23 129281                     /usr/lib/libGLX.so.0.0.0
7f19e369b000-7f19e369e000 r--p 0001d000 00:23 129281                     /usr/lib/libGLX.so.0.0.0
7f19e369e000-7f19e369f000 r--p 00020000 00:23 129281                     /usr/lib/libGLX.so.0.0.0
7f19e369f000-7f19e36a0000 rw-p 00021000 00:23 129281                     /usr/lib/libGLX.so.0.0.0
7f19e36a0000-7f19e36b0000 rw-p 00000000 00:00 0 
7f19e36b0000-7f19e36df000 r--p 00000000 00:23 129275                     /usr/lib/libGL.so.1.7.0
7f19e36df000-7f19e36fe000 r-xp 0002f000 00:23 129275                     /usr/lib/libGL.so.1.7.0
7f19e36fe000-7f19e3713000 r--p 0004e000 00:23 129275                     /usr/lib/libGL.so.1.7.0
7f19e3713000-7f19e3721000 r--p 00062000 00:23 129275                     /usr/lib/libGL.so.1.7.0
7f19e3721000-7f19e3722000 rw-p 00070000 00:23 129275                     /usr/lib/libGL.so.1.7.0
7f19e3722000-7f19e3723000 rw-p 00000000 00:00 0 
7f19e3723000-7f19e3728000 r--p 00000000 00:23 2679537                    /usr/lib/libmp3lame.so.0.0.0
7f19e3728000-7f19e376c000 r-xp 00005000 00:23 2679537                    /usr/lib/libmp3lame.so.0.0.0
7f19e376c000-7f19e3779000 r--p 00049000 00:23 2679537                    /usr/lib/libmp3lame.so.0.0.0
7f19e3779000-7f19e377a000 r--p 00056000 00:23 2679537                    /usr/lib/libmp3lame.so.0.0.0
7f19e377a000-7f19e377b000 rw-p 00057000 00:23 2679537                    /usr/lib/libmp3lame.so.0.0.0
7f19e377b000-7f19e378c000 rw-p 00000000 00:00 0 
7f19e378c000-7f19e3790000 r--p 00000000 00:23 3188656                    /usr/lib/libmpg123.so.0.49.4
7f19e3790000-7f19e37e3000 r-xp 00004000 00:23 3188656                    /usr/lib/libmpg123.so.0.49.4
7f19e37e3000-7f19e37fe000 r--p 00057000 00:23 3188656                    /usr/lib/libmpg123.so.0.49.4
7f19e37fe000-7f19e37ff000 r--p 00072000 00:23 3188656                    /usr/lib/libmpg123.so.0.49.4
7f19e37ff000-7f19e3800000 rw-p 00073000 00:23 3188656                    /usr/lib/libmpg123.so.0.49.4
7f19e3800000-7f19e3855000 r-xp 00000000 00:3b 1943                       /tmp/libgdxmirtemir/31ce78a2/libopenal64.so
7f19e3855000-7f19e3a54000 ---p 00055000 00:3b 1943                       /tmp/libgdxmirtemir/31ce78a2/libopenal64.so
7f19e3a54000-7f19e3a57000 r--p 00054000 00:3b 1943                       /tmp/libgdxmirtemir/31ce78a2/libopenal64.so
7f19e3a57000-7f19e3a58000 rw-p 00057000 00:3b 1943                       /tmp/libgdxmirtemir/31ce78a2/libopenal64.so
7f19e3a58000-7f19e3a59000 rw-p 00000000 00:00 0 
7f19e3a59000-7f19e3a5d000 rw-s 11b2dd000 00:11 2116                      anon_inode:i915.gem
7f19e3a5d000-7f19e3a64000 r--p 00000000 00:23 122686                     /usr/lib/libxcb-randr.so.0.1.0
7f19e3a64000-7f19e3a6a000 r-xp 00007000 00:23 122686                     /usr/lib/libxcb-randr.so.0.1.0
7f19e3a6a000-7f19e3a6d000 r--p 0000d000 00:23 122686                     /usr/lib/libxcb-randr.so.0.1.0
7f19e3a6d000-7f19e3a6e000 r--p 00010000 00:23 122686                     /usr/lib/libxcb-randr.so.0.1.0
7f19e3a6e000-7f19e3a6f000 rw-p 00011000 00:23 122686                     /usr/lib/libxcb-randr.so.0.1.0
7f19e3a6f000-7f19e3a71000 r--p 00000000 00:23 1205277                    /usr/lib/libsensors.so.5.0.0
7f19e3a71000-7f19e3a7b000 r-xp 00002000 00:23 1205277                    /usr/lib/libsensors.so.5.0.0
7f19e3a7b000-7f19e3a7f000 r--p 0000c000 00:23 1205277                    /usr/lib/libsensors.so.5.0.0
7f19e3a7f000-7f19e3a80000 r--p 00010000 00:23 1205277                    /usr/lib/libsensors.so.5.0.0
7f19e3a80000-7f19e3a81000 rw-p 00011000 00:23 1205277                    /usr/lib/libsensors.so.5.0.0
7f19e3a81000-7f19e3a82000 rw-p 00000000 00:00 0 
7f19e3a82000-7f19e3a86000 ---p 00000000 00:00 0 
7f19e3a86000-7f19e3aa4000 rw-p 00000000 00:00 0 
7f19e3aa4000-7f19e3aa5000 r--p 00000000 00:23 163415                     /usr/lib/libvorbisenc.so.2.0.12
7f19e3aa5000-7f19e3aaa000 r-xp 00001000 00:23 163415                     /usr/lib/libvorbisenc.so.2.0.12
7f19e3aaa000-7f19e3b21000 r--p 00006000 00:23 163415                     /usr/lib/libvorbisenc.so.2.0.12
7f19e3b21000-7f19e3b3d000 r--p 0007c000 00:23 163415                     /usr/lib/libvorbisenc.so.2.0.12
7f19e3b3d000-7f19e3b3e000 rw-p 00098000 00:23 163415                     /usr/lib/libvorbisenc.so.2.0.12
7f19e3b3e000-7f19e3b43000 r--p 00000000 00:23 163466                     /usr/lib/libsndfile.so.1.0.37
7f19e3b43000-7f19e3bde000 r-xp 00005000 00:23 163466                     /usr/lib/libsndfile.so.1.0.37
7f19e3bde000-7f19e3bfa000 r--p 000a0000 00:23 163466                     /usr/lib/libsndfile.so.1.0.37
7f19e3bfa000-7f19e3bfd000 r--p 000bc000 00:23 163466                     /usr/lib/libsndfile.so.1.0.37
7f19e3bfd000-7f19e3bfe000 rw-p 000bf000 00:23 163466                     /usr/lib/libsndfile.so.1.0.37
7f19e3bfe000-7f19e3c00000 rw-p 00000000 00:00 0 
7f19e3c00000-7f19e3c70000 r-xp 00000000 00:3b 1942                       /tmp/libgdxmirtemir/31ce78a2/liblwjgl64.so
7f19e3c70000-7f19e3e70000 ---p 00070000 00:3b 1942                       /tmp/libgdxmirtemir/31ce78a2/liblwjgl64.so
7f19e3e70000-7f19e3e72000 r--p 00070000 00:3b 1942                       /tmp/libgdxmirtemir/31ce78a2/liblwjgl64.so
7f19e3e72000-7f19e3e73000 rw-p 00072000 00:3b 1942                       /tmp/libgdxmirtemir/31ce78a2/liblwjgl64.so
7f19e3e73000-7f19e3e75000 rw-s 109973000 00:11 2116                      anon_inode:i915.gem
7f19e3e75000-7f19e3e81000 r--p 00000000 00:23 122680                     /usr/lib/libxcb-glx.so.0.0.0
7f19e3e81000-7f19e3e8a000 r-xp 0000c000 00:23 122680                     /usr/lib/libxcb-glx.so.0.0.0
7f19e3e8a000-7f19e3e8f000 r--p 00015000 00:23 122680                     /usr/lib/libxcb-glx.so.0.0.0
7f19e3e8f000-7f19e3e91000 r--p 0001a000 00:23 122680                     /usr/lib/libxcb-glx.so.0.0.0
7f19e3e91000-7f19e3e92000 rw-p 0001c000 00:23 122680                     /usr/lib/libxcb-glx.so.0.0.0
7f19e3e92000-7f19e3e9b000 r--p 00000000 00:23 163393                     /usr/lib/libFLAC.so.14.0.0
7f19e3e9b000-7f19e3ef4000 r-xp 00009000 00:23 163393                     /usr/lib/libFLAC.so.14.0.0
7f19e3ef4000-7f19e3efd000 r--p 00062000 00:23 163393                     /usr/lib/libFLAC.so.14.0.0
7f19e3efd000-7f19e3efe000 r--p 0006b000 00:23 163393                     /usr/lib/libFLAC.so.14.0.0
7f19e3efe000-7f19e3eff000 rw-p 0006c000 00:23 163393                     /usr/lib/libFLAC.so.14.0.0
7f19e3eff000-7f19e3f00000 rw-p 00000000 00:00 0 
7f19e3f00000-7f19e3f04000 ---p 00000000 00:00 0 
7f19e3f04000-7f19e4000000 rw-p 00000000 00:00 0 
7f19e4000000-7f19e4400000 rw-p 00000000 00:00 0 
7f19e4400000-7f19e4700000 rw-p 00000000 00:00 0 
7f19e4700000-7f19e4800000 rw-p 00000000 00:00 0 
7f19e4800000-7f19e5400000 rw-p 00000000 00:00 0 
7f19e5400000-7f19e5440000 rw-p 00000000 00:00 0 
7f19e5440000-7f19e5580000 rw-p 00000000 00:00 0 
7f19e5580000-7f19e55f0000 rw-p 00000000 00:00 0 
7f19e55f0000-7f19e5600000 ---p 00000000 00:00 0 
7f19e5600000-7f19e5760000 rw-p 00000000 00:00 0 
7f19e5760000-7f19e8000000 ---p 00000000 00:00 0 
7f19e8000000-7f19ea06b000 rw-p 00000000 00:00 0 
7f19ea06b000-7f19ec000000 ---p 00000000 00:00 0 
7f19ec000000-7f19ec021000 rw-p 00000000 00:00 0 
7f19ec021000-7f19f0000000 ---p 00000000 00:00 0 
7f19f0000000-7f19f2c6a000 rw-p 00000000 00:00 0 
7f19f2c6a000-7f19f4000000 ---p 00000000 00:00 0 
7f19f4000000-7f19f7eba000 rw-p 00000000 00:00 0 
7f19f7eba000-7f19f8000000 ---p 00000000 00:00 0 
7f19f8000000-7f19f8f01000 rw-p 00000000 00:00 0 
7f19f8f01000-7f19fc000000 ---p 00000000 00:00 0 
7f19fc000000-7f19fed18000 rw-p 00000000 00:00 0 
7f19fed18000-7f1a00000000 ---p 00000000 00:00 0 
7f1a00000000-7f1a01f4a000 rw-p 00000000 00:00 0 
7f1a01f4a000-7f1a04000000 ---p 00000000 00:00 0 
7f1a04000000-7f1a04230000 rw-p 00000000 00:00 0 
7f1a04230000-7f1a08000000 ---p 00000000 00:00 0 
7f1a08001000-7f1a08002000 r--p 00000000 00:23 128960                     /usr/lib/libxshmfence.so.1.0.0
7f1a08002000-7f1a08003000 r-xp 00001000 00:23 128960                     /usr/lib/libxshmfence.so.1.0.0
7f1a08003000-7f1a08004000 r--p 00002000 00:23 128960                     /usr/lib/libxshmfence.so.1.0.0
7f1a08004000-7f1a08005000 r--p 00002000 00:23 128960                     /usr/lib/libxshmfence.so.1.0.0
7f1a08005000-7f1a08006000 rw-p 00003000 00:23 128960                     /usr/lib/libxshmfence.so.1.0.0
7f1a08006000-7f1a08009000 r--p 00000000 00:23 122707                     /usr/lib/libxcb-sync.so.1.0.0
7f1a08009000-7f1a0800c000 r-xp 00003000 00:23 122707                     /usr/lib/libxcb-sync.so.1.0.0
7f1a0800c000-7f1a0800d000 r--p 00006000 00:23 122707                     /usr/lib/libxcb-sync.so.1.0.0
7f1a0800d000-7f1a0800e000 r--p 00007000 00:23 122707                     /usr/lib/libxcb-sync.so.1.0.0
7f1a0800e000-7f1a0800f000 rw-p 00008000 00:23 122707                     /usr/lib/libxcb-sync.so.1.0.0
7f1a0800f000-7f1a08012000 r--p 00000000 00:23 122713                     /usr/lib/libxcb-xfixes.so.0.0.0
7f1a08012000-7f1a08015000 r-xp 00003000 00:23 122713                     /usr/lib/libxcb-xfixes.so.0.0.0
7f1a08015000-7f1a08016000 r--p 00006000 00:23 122713                     /usr/lib/libxcb-xfixes.so.0.0.0
7f1a08016000-7f1a08017000 r--p 00007000 00:23 122713                     /usr/lib/libxcb-xfixes.so.0.0.0
7f1a08017000-7f1a08018000 rw-p 00008000 00:23 122713                     /usr/lib/libxcb-xfixes.so.0.0.0
7f1a08018000-7f1a0802c000 r--p 00000000 00:23 163665                     /usr/lib/pulseaudio/libpulsecommon-17.0.so
7f1a0802c000-7f1a0807b000 r-xp 00014000 00:23 163665                     /usr/lib/pulseaudio/libpulsecommon-17.0.so
7f1a0807b000-7f1a080a1000 r--p 00063000 00:23 163665                     /usr/lib/pulseaudio/libpulsecommon-17.0.so
7f1a080a1000-7f1a080a3000 r--p 00089000 00:23 163665                     /usr/lib/pulseaudio/libpulsecommon-17.0.so
7f1a080a3000-7f1a080a4000 rw-p 0008b000 00:23 163665                     /usr/lib/pulseaudio/libpulsecommon-17.0.so
7f1a080a4000-7f1a080a5000 rw-p 00000000 00:00 0 
7f1a080a5000-7f1a080a9000 ---p 00000000 00:00 0 
7f1a080a9000-7f1a082a6000 rw-p 00000000 00:00 0 
7f1a082a6000-7f1a082a9000 r--p 00000000 00:23 18974                      /usr/lib/libpcre2-8.so.0.15.0
7f1a082a9000-7f1a0833d000 r-xp 00003000 00:23 18974                      /usr/lib/libpcre2-8.so.0.15.0
7f1a0833d000-7f1a0836c000 r--p 00097000 00:23 18974                      /usr/lib/libpcre2-8.so.0.15.0
7f1a0836c000-7f1a0836d000 r--p 000c5000 00:23 18974                      /usr/lib/libpcre2-8.so.0.15.0
7f1a0836d000-7f1a0836e000 rw-p 000c6000 00:23 18974                      /usr/lib/libpcre2-8.so.0.15.0
7f1a0836e000-7f1a0838c000 r--p 00000000 00:23 3184066                    /usr/lib/libglib-2.0.so.0.8800.3
7f1a0838c000-7f1a0845a000 r-xp 0001e000 00:23 3184066                    /usr/lib/libglib-2.0.so.0.8800.3
7f1a0845a000-7f1a084ee000 r--p 000ec000 00:23 3184066                    /usr/lib/libglib-2.0.so.0.8800.3
7f1a084ee000-7f1a084ef000 r--p 00180000 00:23 3184066                    /usr/lib/libglib-2.0.so.0.8800.3
7f1a084ef000-7f1a084f0000 rw-p 00181000 00:23 3184066                    /usr/lib/libglib-2.0.so.0.8800.3
7f1a084f0000-7f1a084f1000 rw-p 00000000 00:00 0 
7f1a084f1000-7f1a084f7000 r--p 00000000 00:23 574874                     /usr/lib/libfreetype.so.6.20.6
7f1a084f7000-7f1a085cc000 r-xp 00006000 00:23 574874                     /usr/lib/libfreetype.so.6.20.6
7f1a085cc000-7f1a085f7000 r--p 000db000 00:23 574874                     /usr/lib/libfreetype.so.6.20.6
7f1a085f7000-7f1a085ff000 r--p 00106000 00:23 574874                     /usr/lib/libfreetype.so.6.20.6
7f1a085ff000-7f1a08600000 rw-p 0010e000 00:23 574874                     /usr/lib/libfreetype.so.6.20.6
7f1a08600000-7f1a08638000 r-xp 00000000 00:3b 1939                       /tmp/libgdxmirtemir/b793cc16/libgdx64.so
7f1a08638000-7f1a08837000 ---p 00038000 00:3b 1939                       /tmp/libgdxmirtemir/b793cc16/libgdx64.so
7f1a08837000-7f1a08838000 r--p 00037000 00:3b 1939                       /tmp/libgdxmirtemir/b793cc16/libgdx64.so
7f1a08838000-7f1a08839000 rw-p 00038000 00:3b 1939                       /tmp/libgdxmirtemir/b793cc16/libgdx64.so
7f1a0883b000-7f1a0883c000 rw-s 00000000 00:01 23187                      /memfd:xshmfence (deleted)
7f1a0883c000-7f1a0883d000 r--p 00000000 00:23 122683                     /usr/lib/libxcb-present.so.0.0.0
7f1a0883d000-7f1a0883e000 r-xp 00001000 00:23 122683                     /usr/lib/libxcb-present.so.0.0.0
7f1a0883e000-7f1a0883f000 r--p 00002000 00:23 122683                     /usr/lib/libxcb-present.so.0.0.0
7f1a0883f000-7f1a08840000 r--p 00002000 00:23 122683                     /usr/lib/libxcb-present.so.0.0.0
7f1a08840000-7f1a08841000 rw-p 00003000 00:23 122683                     /usr/lib/libxcb-present.so.0.0.0
7f1a08841000-7f1a0884d000 r--p 00000000 00:23 163660                     /usr/lib/libpulse.so.0.24.3
7f1a0884d000-7f1a08881000 r-xp 0000c000 00:23 163660                     /usr/lib/libpulse.so.0.24.3
7f1a08881000-7f1a08897000 r--p 00040000 00:23 163660                     /usr/lib/libpulse.so.0.24.3
7f1a08897000-7f1a08899000 r--p 00055000 00:23 163660                     /usr/lib/libpulse.so.0.24.3
7f1a08899000-7f1a0889a000 rw-p 00057000 00:23 163660                     /usr/lib/libpulse.so.0.24.3
7f1a0889a000-7f1a088a7000 r--p 00000000 00:23 3348081                    /usr/lib/libharfbuzz.so.0.61431.0
7f1a088a7000-7f1a089c9000 r-xp 0000d000 00:23 3348081                    /usr/lib/libharfbuzz.so.0.61431.0
7f1a089c9000-7f1a089fd000 r--p 0012f000 00:23 3348081                    /usr/lib/libharfbuzz.so.0.61431.0
7f1a089fd000-7f1a089ff000 r--p 00162000 00:23 3348081                    /usr/lib/libharfbuzz.so.0.61431.0
7f1a089ff000-7f1a08a00000 rw-p 00164000 00:23 3348081                    /usr/lib/libharfbuzz.so.0.61431.0
7f1a08a00000-7f1a08a40000 r-xp 00000000 00:3b 1936                       /tmp/steamworks4j/1.8.0/libsteamworks4j.so
7f1a08a40000-7f1a08c3f000 ---p 00040000 00:3b 1936                       /tmp/steamworks4j/1.8.0/libsteamworks4j.so
7f1a08c3f000-7f1a08c43000 r--p 0003f000 00:3b 1936                       /tmp/steamworks4j/1.8.0/libsteamworks4j.so
7f1a08c43000-7f1a08c44000 rw-p 00043000 00:3b 1936                       /tmp/steamworks4j/1.8.0/libsteamworks4j.so
7f1a08c44000-7f1a08c45000 rw-s 00000000 00:01 23186                      /memfd:xshmfence (deleted)
7f1a08c47000-7f1a08c49000 r--p 00000000 00:23 122677                     /usr/lib/libxcb-dri3.so.0.1.0
7f1a08c49000-7f1a08c4b000 r-xp 00002000 00:23 122677                     /usr/lib/libxcb-dri3.so.0.1.0
7f1a08c4b000-7f1a08c4c000 r--p 00004000 00:23 122677                     /usr/lib/libxcb-dri3.so.0.1.0
7f1a08c4c000-7f1a08c4d000 r--p 00004000 00:23 122677                     /usr/lib/libxcb-dri3.so.0.1.0
7f1a08c4d000-7f1a08c4e000 rw-p 00005000 00:23 122677                     /usr/lib/libxcb-dri3.so.0.1.0
7f1a08c4e000-7f1a08c4f000 r--p 00000000 00:23 122704                     /usr/lib/libxcb-shm.so.0.0.0
7f1a08c4f000-7f1a08c50000 r-xp 00001000 00:23 122704                     /usr/lib/libxcb-shm.so.0.0.0
7f1a08c50000-7f1a08c51000 r--p 00002000 00:23 122704                     /usr/lib/libxcb-shm.so.0.0.0
7f1a08c51000-7f1a08c52000 r--p 00002000 00:23 122704                     /usr/lib/libxcb-shm.so.0.0.0
7f1a08c52000-7f1a08c53000 rw-p 00003000 00:23 122704                     /usr/lib/libxcb-shm.so.0.0.0
7f1a08c53000-7f1a08c57000 r--p 00000000 00:23 163412                     /usr/lib/libvorbis.so.0.4.9
7f1a08c57000-7f1a08c88000 r-xp 00004000 00:23 163412                     /usr/lib/libvorbis.so.0.4.9
7f1a08c88000-7f1a08c9a000 r--p 00035000 00:23 163412                     /usr/lib/libvorbis.so.0.4.9
7f1a08c9a000-7f1a08c9b000 r--p 00046000 00:23 163412                     /usr/lib/libvorbis.so.0.4.9
7f1a08c9b000-7f1a08c9c000 rw-p 00047000 00:23 163412                     /usr/lib/libvorbis.so.0.4.9
7f1a08c9c000-7f1a08cb3000 r--p 00000000 00:23 125099                     /usr/lib/libX11.so.6.4.0
7f1a08cb3000-7f1a08d65000 r-xp 00017000 00:23 125099                     /usr/lib/libX11.so.6.4.0
7f1a08d65000-7f1a08df9000 r--p 000c9000 00:23 125099                     /usr/lib/libX11.so.6.4.0
7f1a08df9000-7f1a08dfc000 r--p 0015d000 00:23 125099                     /usr/lib/libX11.so.6.4.0
7f1a08dfc000-7f1a08dff000 rw-p 00160000 00:23 125099                     /usr/lib/libX11.so.6.4.0
7f1a08dff000-7f1a08e00000 rw-p 00000000 00:00 0 
7f1a08e00000-7f1a08e46000 r-xp 00000000 00:3b 1934                       /tmp/steamworks4j/1.8.0/libsteam_api.so
7f1a08e46000-7f1a09046000 ---p 00046000 00:3b 1934                       /tmp/steamworks4j/1.8.0/libsteam_api.so
7f1a09046000-7f1a0904a000 r--p 00046000 00:3b 1934                       /tmp/steamworks4j/1.8.0/libsteam_api.so
7f1a0904a000-7f1a0904b000 rw-p 0004a000 00:3b 1934                       /tmp/steamworks4j/1.8.0/libsteam_api.so
7f1a0904b000-7f1a0905c000 rw-p 00000000 00:00 0 
7f1a0905c000-7f1a09060000 rw-s 10098a000 00:11 2116                      anon_inode:i915.gem
7f1a09060000-7f1a09065000 r--p 00000000 00:23 1472425                    /usr/lib/libdrm.so.2.134.0
7f1a09065000-7f1a09073000 r-xp 00005000 00:23 1472425                    /usr/lib/libdrm.so.2.134.0
7f1a09073000-7f1a09077000 r--p 00013000 00:23 1472425                    /usr/lib/libdrm.so.2.134.0
7f1a09077000-7f1a09078000 r--p 00017000 00:23 1472425                    /usr/lib/libdrm.so.2.134.0
7f1a09078000-7f1a09079000 rw-p 00018000 00:23 1472425                    /usr/lib/libdrm.so.2.134.0
7f1a09079000-7f1a09080000 r--s 00000000 00:23 3303891                    /usr/lib/gconv/gconv-modules.cache
7f1a09080000-7f1a09082000 r--p 00000000 00:23 163270                     /usr/lib/libogg.so.0.8.6
7f1a09082000-7f1a09086000 r-xp 00002000 00:23 163270                     /usr/lib/libogg.so.0.8.6
7f1a09086000-7f1a09089000 r--p 00006000 00:23 163270                     /usr/lib/libogg.so.0.8.6
7f1a09089000-7f1a0908a000 r--p 00009000 00:23 163270                     /usr/lib/libogg.so.0.8.6
7f1a0908a000-7f1a0908b000 rw-p 0000a000 00:23 163270                     /usr/lib/libogg.so.0.8.6
7f1a0908b000-7f1a0908d000 r--p 00000000 00:23 163597                     /usr/lib/libasyncns.so.0.3.1
7f1a0908d000-7f1a09090000 r-xp 00002000 00:23 163597                     /usr/lib/libasyncns.so.0.3.1
7f1a09090000-7f1a09091000 r--p 00005000 00:23 163597                     /usr/lib/libasyncns.so.0.3.1
7f1a09091000-7f1a09092000 r--p 00005000 00:23 163597                     /usr/lib/libasyncns.so.0.3.1
7f1a09092000-7f1a09093000 rw-p 00006000 00:23 163597                     /usr/lib/libasyncns.so.0.3.1
7f1a09093000-7f1a09095000 r--p 00000000 00:23 145770                     /usr/lib/libXrandr.so.2.2.0
7f1a09095000-7f1a0909e000 r-xp 00002000 00:23 145770                     /usr/lib/libXrandr.so.2.2.0
7f1a0909e000-7f1a090a0000 r--p 0000b000 00:23 145770                     /usr/lib/libXrandr.so.2.2.0
7f1a090a0000-7f1a090a1000 r--p 0000c000 00:23 145770                     /usr/lib/libXrandr.so.2.2.0
7f1a090a1000-7f1a090a2000 rw-p 0000d000 00:23 145770                     /usr/lib/libXrandr.so.2.2.0
7f1a090a2000-7f1a090a8000 r--p 00000000 00:23 2272394                    /usr/lib/libpng16.so.16.58.0
7f1a090a8000-7f1a090ea000 r-xp 00006000 00:23 2272394                    /usr/lib/libpng16.so.16.58.0
7f1a090ea000-7f1a090f5000 r--p 00048000 00:23 2272394                    /usr/lib/libpng16.so.16.58.0
7f1a090f5000-7f1a090f6000 r--p 00053000 00:23 2272394                    /usr/lib/libpng16.so.16.58.0
7f1a090f6000-7f1a090f7000 rw-p 00054000 00:23 2272394                    /usr/lib/libpng16.so.16.58.0
7f1a090f7000-7f1a090f8000 rw-p 00000000 00:00 0 
7f1a090f8000-7f1a090fc000 ---p 00000000 00:00 0 
7f1a090fc000-7f1a091f9000 rw-p 00000000 00:00 0 
7f1a091f9000-7f1a091fd000 ---p 00000000 00:00 0 
7f1a091fd000-7f1a092fa000 rw-p 00000000 00:00 0 
7f1a092fa000-7f1a092fe000 ---p 00000000 00:00 0 
7f1a092fe000-7f1a093fb000 rw-p 00000000 00:00 0 
7f1a093fb000-7f1a093ff000 ---p 00000000 00:00 0 
7f1a093ff000-7f1a094fc000 rw-p 00000000 00:00 0 
7f1a094fc000-7f1a09500000 ---p 00000000 00:00 0 
7f1a09500000-7f1a095fd000 rw-p 00000000 00:00 0 
7f1a095fd000-7f1a09601000 ---p 00000000 00:00 0 
7f1a09601000-7f1a096fe000 rw-p 00000000 00:00 0 
7f1a096fe000-7f1a09702000 ---p 00000000 00:00 0 
7f1a09702000-7f1a097ff000 rw-p 00000000 00:00 0 
7f1a097ff000-7f1a09803000 ---p 00000000 00:00 0 
7f1a09803000-7f1a09900000 rw-p 00000000 00:00 0 
7f1a09900000-7f1a09904000 ---p 00000000 00:00 0 
7f1a09904000-7f1a09a00000 rw-p 00000000 00:00 0 
7f1a09a00000-7f1a09f66000 r--p 00000000 00:23 3303889                    /usr/lib/locale/locale-archive
7f1a09f67000-7f1a09f68000 r--p 00000000 00:23 125096                     /usr/lib/libX11-xcb.so.1.0.0
7f1a09f68000-7f1a09f69000 r-xp 00001000 00:23 125096                     /usr/lib/libX11-xcb.so.1.0.0
7f1a09f69000-7f1a09f6a000 r--p 00002000 00:23 125096                     /usr/lib/libX11-xcb.so.1.0.0
7f1a09f6a000-7f1a09f6b000 r--p 00002000 00:23 125096                     /usr/lib/libX11-xcb.so.1.0.0
7f1a09f6b000-7f1a09f6c000 rw-p 00003000 00:23 125096                     /usr/lib/libX11-xcb.so.1.0.0
7f1a09f6c000-7f1a09f6d000 r--p 00000000 00:23 128971                     /usr/lib/libXxf86vm.so.1.0.0
7f1a09f6d000-7f1a09f71000 r-xp 00001000 00:23 128971                     /usr/lib/libXxf86vm.so.1.0.0
7f1a09f71000-7f1a09f72000 r--p 00005000 00:23 128971                     /usr/lib/libXxf86vm.so.1.0.0
7f1a09f72000-7f1a09f73000 r--p 00005000 00:23 128971                     /usr/lib/libXxf86vm.so.1.0.0
7f1a09f73000-7f1a09f74000 rw-p 00006000 00:23 128971                     /usr/lib/libXxf86vm.so.1.0.0
7f1a09f74000-7f1a09f77000 r--p 00000000 00:23 145671                     /usr/lib/libXcursor.so.1.0.2
7f1a09f77000-7f1a09f7e000 r-xp 00003000 00:23 145671                     /usr/lib/libXcursor.so.1.0.2
7f1a09f7e000-7f1a09f80000 r--p 0000a000 00:23 145671                     /usr/lib/libXcursor.so.1.0.2
7f1a09f80000-7f1a09f81000 r--p 0000b000 00:23 145671                     /usr/lib/libXcursor.so.1.0.2
7f1a09f81000-7f1a09f82000 rw-p 0000c000 00:23 145671                     /usr/lib/libXcursor.so.1.0.2
7f1a09f82000-7f1a09f83000 r--p 00000000 00:23 19847                      /usr/lib/libbrotlicommon.so.1.2.0
7f1a09f83000-7f1a09f84000 r-xp 00001000 00:23 19847                      /usr/lib/libbrotlicommon.so.1.2.0
7f1a09f84000-7f1a09fa3000 r--p 00002000 00:23 19847                      /usr/lib/libbrotlicommon.so.1.2.0
7f1a09fa3000-7f1a09fa4000 r--p 00021000 00:23 19847                      /usr/lib/libbrotlicommon.so.1.2.0
7f1a09fa4000-7f1a09fa5000 rw-p 00022000 00:23 19847                      /usr/lib/libbrotlicommon.so.1.2.0
7f1a09fa5000-7f1a09fa6000 r--p 00000000 00:23 19850                      /usr/lib/libbrotlidec.so.1.2.0
7f1a09fa6000-7f1a09fb0000 r-xp 00001000 00:23 19850                      /usr/lib/libbrotlidec.so.1.2.0
7f1a09fb0000-7f1a09fb3000 r--p 0000b000 00:23 19850                      /usr/lib/libbrotlidec.so.1.2.0
7f1a09fb3000-7f1a09fb4000 r--p 0000d000 00:23 19850                      /usr/lib/libbrotlidec.so.1.2.0
7f1a09fb4000-7f1a09fb5000 rw-p 0000e000 00:23 19850                      /usr/lib/libbrotlidec.so.1.2.0
7f1a09fb5000-7f1a09fb7000 r--p 00000000 00:23 18700                      /usr/lib/libbz2.so.1.0.8
7f1a09fb7000-7f1a09fc4000 r-xp 00002000 00:23 18700                      /usr/lib/libbz2.so.1.0.8
7f1a09fc4000-7f1a09fc6000 r--p 0000f000 00:23 18700                      /usr/lib/libbz2.so.1.0.8
7f1a09fc6000-7f1a09fc7000 r--p 00010000 00:23 18700                      /usr/lib/libbz2.so.1.0.8
7f1a09fc7000-7f1a09fc8000 rw-p 00011000 00:23 18700                      /usr/lib/libbz2.so.1.0.8
7f1a09fc8000-7f1a09fcb000 r--p 00000000 00:23 150814                     /usr/lib/libz.so.1.3.1.zlib-ng
7f1a09fcb000-7f1a09ff5000 r-xp 00003000 00:23 150814                     /usr/lib/libz.so.1.3.1.zlib-ng
7f1a09ff5000-7f1a09ffe000 r--p 0002d000 00:23 150814                     /usr/lib/libz.so.1.3.1.zlib-ng
7f1a09ffe000-7f1a09fff000 r--p 00035000 00:23 150814                     /usr/lib/libz.so.1.3.1.zlib-ng
7f1a09fff000-7f1a0a000000 rw-p 00036000 00:23 150814                     /usr/lib/libz.so.1.3.1.zlib-ng
7f1a0a000000-7f1a0db63000 rw-p 00000000 00:00 0 
7f1a0db63000-7f1a10000000 ---p 00000000 00:00 0 
7f1a10000000-7f1a12d29000 rw-p 00000000 00:00 0 
7f1a12d29000-7f1a14000000 ---p 00000000 00:00 0 
7f1a14000000-7f1a14002000 rw-s 10cff6000 00:11 2116                      anon_inode:i915.gem
7f1a14002000-7f1a14003000 r--p 00000000 00:23 3182540                    /usr/lib/librt.so.1
7f1a14003000-7f1a14004000 r-xp 00001000 00:23 3182540                    /usr/lib/librt.so.1
7f1a14004000-7f1a14005000 r--p 00002000 00:23 3182540                    /usr/lib/librt.so.1
7f1a14005000-7f1a14006000 r--p 00002000 00:23 3182540                    /usr/lib/librt.so.1
7f1a14006000-7f1a14007000 rw-p 00003000 00:23 3182540                    /usr/lib/librt.so.1
7f1a14007000-7f1a14008000 r--p 00000000 00:23 2947402                    /usr/lib/jvm/java-26-openjdk/lib/libjawt.so
7f1a14008000-7f1a14009000 r-xp 00001000 00:23 2947402                    /usr/lib/jvm/java-26-openjdk/lib/libjawt.so
7f1a14009000-7f1a1400a000 r--p 00002000 00:23 2947402                    /usr/lib/jvm/java-26-openjdk/lib/libjawt.so
7f1a1400a000-7f1a1400b000 r--p 00002000 00:23 2947402                    /usr/lib/jvm/java-26-openjdk/lib/libjawt.so
7f1a1400b000-7f1a1400c000 rw-p 00003000 00:23 2947402                    /usr/lib/jvm/java-26-openjdk/lib/libjawt.so
7f1a1400c000-7f1a14010000 r--p 00000000 00:23 2947389                    /usr/lib/jvm/java-26-openjdk/lib/libawt.so
7f1a14010000-7f1a140bf000 r-xp 00004000 00:23 2947389                    /usr/lib/jvm/java-26-openjdk/lib/libawt.so
7f1a140bf000-7f1a140cd000 r--p 000b3000 00:23 2947389                    /usr/lib/jvm/java-26-openjdk/lib/libawt.so
7f1a140cd000-7f1a140ce000 r--p 000c0000 00:23 2947389                    /usr/lib/jvm/java-26-openjdk/lib/libawt.so
7f1a140ce000-7f1a140d9000 rw-p 000c1000 00:23 2947389                    /usr/lib/jvm/java-26-openjdk/lib/libawt.so
7f1a140d9000-7f1a1477e000 rw-p 00000000 00:00 0 
7f1a1477e000-7f1a17dee000 ---p 00000000 00:00 0 
7f1a17dee000-7f1a17dfe000 rw-p 00000000 00:00 0 
7f1a17dfe000-7f1a192fe000 rwxp 00000000 00:00 0 
7f1a192fe000-7f1a1f336000 ---p 00000000 00:00 0 
7f1a1f336000-7f1a1f5a6000 rwxp 00000000 00:00 0 
7f1a1f5a6000-7f1a1f8c8000 ---p 00000000 00:00 0 
7f1a1f8c8000-7f1a20018000 rwxp 00000000 00:00 0 
7f1a20018000-7f1a26e00000 ---p 00000000 00:00 0 
7f1a26e00000-7f1a2fe21000 r--s 00000000 00:23 2947425                    /usr/lib/jvm/java-26-openjdk/lib/modules
7f1a2fe22000-7f1a2fe24000 rw-s 10fa65000 00:11 2116                      anon_inode:i915.gem
7f1a2fe24000-7f1a2fe26000 r--p 00000000 00:23 143878                     /usr/lib/libXfixes.so.3.1.0
7f1a2fe26000-7f1a2fe29000 r-xp 00002000 00:23 143878                     /usr/lib/libXfixes.so.3.1.0
7f1a2fe29000-7f1a2fe2a000 r--p 00005000 00:23 143878                     /usr/lib/libXfixes.so.3.1.0
7f1a2fe2a000-7f1a2fe2b000 r--p 00006000 00:23 143878                     /usr/lib/libXfixes.so.3.1.0
7f1a2fe2b000-7f1a2fe2c000 rw-p 00007000 00:23 143878                     /usr/lib/libXfixes.so.3.1.0
7f1a2fe2c000-7f1a2fe2e000 r--p 00000000 00:23 1472158                    /usr/lib/libgraphite2.so.3.3.1
7f1a2fe2e000-7f1a2fe47000 r-xp 00002000 00:23 1472158                    /usr/lib/libgraphite2.so.3.3.1
7f1a2fe47000-7f1a2fe4c000 r--p 0001b000 00:23 1472158                    /usr/lib/libgraphite2.so.3.3.1
7f1a2fe4c000-7f1a2fe4e000 r--p 0001f000 00:23 1472158                    /usr/lib/libgraphite2.so.3.3.1
7f1a2fe4e000-7f1a2fe4f000 rw-p 00021000 00:23 1472158                    /usr/lib/libgraphite2.so.3.3.1
7f1a2fe4f000-7f1a2fe53000 r--p 00000000 00:23 2947394                    /usr/lib/jvm/java-26-openjdk/lib/libfontmanager.so
7f1a2fe53000-7f1a2fe5c000 r-xp 00004000 00:23 2947394                    /usr/lib/jvm/java-26-openjdk/lib/libfontmanager.so
7f1a2fe5c000-7f1a2fe5e000 r--p 0000d000 00:23 2947394                    /usr/lib/jvm/java-26-openjdk/lib/libfontmanager.so
7f1a2fe5e000-7f1a2fe5f000 r--p 0000f000 00:23 2947394                    /usr/lib/jvm/java-26-openjdk/lib/libfontmanager.so
7f1a2fe5f000-7f1a2fe60000 rw-p 00010000 00:23 2947394                    /usr/lib/jvm/java-26-openjdk/lib/libfontmanager.so
7f1a2fe60000-7f1a2fe62000 r--p 00000000 00:23 510670                     /usr/lib/libXdmcp.so.6.0.0
7f1a2fe62000-7f1a2fe64000 r-xp 00002000 00:23 510670                     /usr/lib/libXdmcp.so.6.0.0
7f1a2fe64000-7f1a2fe66000 r--p 00004000 00:23 510670                     /usr/lib/libXdmcp.so.6.0.0
7f1a2fe66000-7f1a2fe67000 r--p 00005000 00:23 510670                     /usr/lib/libXdmcp.so.6.0.0
7f1a2fe67000-7f1a2fe68000 rw-p 00006000 00:23 510670                     /usr/lib/libXdmcp.so.6.0.0
7f1a2fe68000-7f1a2fe74000 r--p 00000000 00:23 122734                     /usr/lib/libxcb.so.1.1.0
7f1a2fe74000-7f1a2fe8a000 r-xp 0000c000 00:23 122734                     /usr/lib/libxcb.so.1.1.0
7f1a2fe8a000-7f1a2fe93000 r--p 00022000 00:23 122734                     /usr/lib/libxcb.so.1.1.0
7f1a2fe93000-7f1a2fe94000 r--p 0002a000 00:23 122734                     /usr/lib/libxcb.so.1.1.0
7f1a2fe94000-7f1a2fe95000 rw-p 0002b000 00:23 122734                     /usr/lib/libxcb.so.1.1.0
7f1a2fe95000-7f1a2fea3000 r--p 00000000 00:23 2947391                    /usr/lib/jvm/java-26-openjdk/lib/libawt_xawt.so
7f1a2fea3000-7f1a2fee7000 r-xp 0000e000 00:23 2947391                    /usr/lib/jvm/java-26-openjdk/lib/libawt_xawt.so
7f1a2fee7000-7f1a2fefb000 r--p 00052000 00:23 2947391                    /usr/lib/jvm/java-26-openjdk/lib/libawt_xawt.so
7f1a2fefb000-7f1a2fefd000 r--p 00066000 00:23 2947391                    /usr/lib/jvm/java-26-openjdk/lib/libawt_xawt.so
7f1a2fefd000-7f1a2fefe000 rw-p 00068000 00:23 2947391                    /usr/lib/jvm/java-26-openjdk/lib/libawt_xawt.so
7f1a2fefe000-7f1a2feff000 rw-p 00000000 00:00 0 
7f1a2feff000-7f1a2ff00000 rw-p 00000000 00:00 0 
7f1a2ff00000-7f1a2ff04000 ---p 00000000 00:00 0 
7f1a2ff04000-7f1a30000000 rw-p 00000000 00:00 0 
7f1a30000000-7f1a30334000 rw-p 00000000 00:00 0 
7f1a30334000-7f1a34000000 ---p 00000000 00:00 0 
7f1a34000000-7f1a34004000 rw-s 11d92d000 00:11 2116                      anon_inode:i915.gem
7f1a34004000-7f1a34006000 r--p 00000000 00:23 126420                     /usr/lib/libXrender.so.1.3.0
7f1a34006000-7f1a3400e000 r-xp 00002000 00:23 126420                     /usr/lib/libXrender.so.1.3.0
7f1a3400e000-7f1a34010000 r--p 0000a000 00:23 126420                     /usr/lib/libXrender.so.1.3.0
7f1a34010000-7f1a34011000 r--p 0000b000 00:23 126420                     /usr/lib/libXrender.so.1.3.0
7f1a34011000-7f1a34012000 rw-p 0000c000 00:23 126420                     /usr/lib/libXrender.so.1.3.0
7f1a34012000-7f1a34015000 r--p 00000000 00:23 1299050                    /usr/lib/libXi.so.6.1.0
7f1a34015000-7f1a34024000 r-xp 00003000 00:23 1299050                    /usr/lib/libXi.so.6.1.0
7f1a34024000-7f1a34027000 r--p 00012000 00:23 1299050                    /usr/lib/libXi.so.6.1.0
7f1a34027000-7f1a34028000 r--p 00014000 00:23 1299050                    /usr/lib/libXi.so.6.1.0
7f1a34028000-7f1a34029000 rw-p 00015000 00:23 1299050                    /usr/lib/libXi.so.6.1.0
7f1a34029000-7f1a3402d000 r--p 00000000 00:23 126342                     /usr/lib/libXext.so.6.4.0
7f1a3402d000-7f1a3403c000 r-xp 00004000 00:23 126342                     /usr/lib/libXext.so.6.4.0
7f1a3403c000-7f1a3403f000 r--p 00013000 00:23 126342                     /usr/lib/libXext.so.6.4.0
7f1a3403f000-7f1a34040000 r--p 00016000 00:23 126342                     /usr/lib/libXext.so.6.4.0
7f1a34040000-7f1a34041000 rw-p 00017000 00:23 126342                     /usr/lib/libXext.so.6.4.0
7f1a34041000-7f1a34043000 r--p 00000000 00:23 2947423                    /usr/lib/jvm/java-26-openjdk/lib/libverify.so
7f1a34043000-7f1a3404d000 r-xp 00002000 00:23 2947423                    /usr/lib/jvm/java-26-openjdk/lib/libverify.so
7f1a3404d000-7f1a3404f000 r--p 0000c000 00:23 2947423                    /usr/lib/jvm/java-26-openjdk/lib/libverify.so
7f1a3404f000-7f1a34051000 r--p 0000d000 00:23 2947423                    /usr/lib/jvm/java-26-openjdk/lib/libverify.so
7f1a34051000-7f1a34052000 rw-p 0000f000 00:23 2947423                    /usr/lib/jvm/java-26-openjdk/lib/libverify.so
7f1a34052000-7f1a34053000 r--p 00000000 00:23 2947420                    /usr/lib/jvm/java-26-openjdk/lib/libsimdsort.so
7f1a34053000-7f1a3408d000 r-xp 00001000 00:23 2947420                    /usr/lib/jvm/java-26-openjdk/lib/libsimdsort.so
7f1a3408d000-7f1a34093000 r--p 0003b000 00:23 2947420                    /usr/lib/jvm/java-26-openjdk/lib/libsimdsort.so
7f1a34093000-7f1a34094000 r--p 00040000 00:23 2947420                    /usr/lib/jvm/java-26-openjdk/lib/libsimdsort.so
7f1a34094000-7f1a34095000 rw-p 00041000 00:23 2947420                    /usr/lib/jvm/java-26-openjdk/lib/libsimdsort.so
7f1a34095000-7f1a34131000 rw-p 00000000 00:00 0 
7f1a34131000-7f1a34132000 rw-p 00000000 00:00 0 
7f1a34132000-7f1a34136000 ---p 00000000 00:00 0 
7f1a34136000-7f1a34737000 rw-p 00000000 00:00 0 
7f1a34737000-7f1a34f3f000 rw-p 00000000 00:00 0 
7f1a34f3f000-7f1a35242000 rw-p 00000000 00:00 0 
7f1a35242000-7f1a35312000 rw-p 00000000 00:00 0 
7f1a35312000-7f1a359e0000 ---p 00000000 00:00 0 
7f1a359e0000-7f1a35ab2000 rw-p 00000000 00:00 0 
7f1a35ab2000-7f1a36180000 ---p 00000000 00:00 0 
7f1a36180000-7f1a36252000 rw-p 00000000 00:00 0 
7f1a36252000-7f1a36920000 ---p 00000000 00:00 0 
7f1a36920000-7f1a37139000 rw-p 00000000 00:00 0 
7f1a37139000-7f1a37215000 ---p 00000000 00:00 0 
7f1a37215000-7f1a3723f000 rw-p 00000000 00:00 0 
7f1a3723f000-7f1a37300000 ---p 00000000 00:00 0 
7f1a37300000-7f1a37304000 ---p 00000000 00:00 0 
7f1a37304000-7f1a37400000 rw-p 00000000 00:00 0 
7f1a37400000-7f1a3749a000 r--p 00000000 00:23 3183337                    /usr/lib/libstdc++.so.6.0.36
7f1a3749a000-7f1a37678000 r-xp 0009a000 00:23 3183337                    /usr/lib/libstdc++.so.6.0.36
7f1a37678000-7f1a37717000 r--p 00278000 00:23 3183337                    /usr/lib/libstdc++.so.6.0.36
7f1a37717000-7f1a37728000 r--p 00317000 00:23 3183337                    /usr/lib/libstdc++.so.6.0.36
7f1a37728000-7f1a37729000 rw-p 00328000 00:23 3183337                    /usr/lib/libstdc++.so.6.0.36
7f1a37729000-7f1a3772d000 rw-p 00000000 00:00 0 
7f1a3772d000-7f1a3772e000 r--p 00000000 00:23 145754                     /usr/lib/libXinerama.so.1.0.0
7f1a3772e000-7f1a3772f000 r-xp 00001000 00:23 145754                     /usr/lib/libXinerama.so.1.0.0
7f1a3772f000-7f1a37730000 r--p 00002000 00:23 145754                     /usr/lib/libXinerama.so.1.0.0
7f1a37730000-7f1a37731000 r--p 00002000 00:23 145754                     /usr/lib/libXinerama.so.1.0.0
7f1a37731000-7f1a37732000 rw-p 00003000 00:23 145754                     /usr/lib/libXinerama.so.1.0.0
7f1a37732000-7f1a37734000 r--p 00000000 00:23 2947424                    /usr/lib/jvm/java-26-openjdk/lib/libzip.so
7f1a37734000-7f1a37741000 r-xp 00002000 00:23 2947424                    /usr/lib/jvm/java-26-openjdk/lib/libzip.so
7f1a37741000-7f1a37747000 r--p 0000f000 00:23 2947424                    /usr/lib/jvm/java-26-openjdk/lib/libzip.so
7f1a37747000-7f1a37748000 r--p 00014000 00:23 2947424                    /usr/lib/jvm/java-26-openjdk/lib/libzip.so
7f1a37748000-7f1a37749000 rw-p 00015000 00:23 2947424                    /usr/lib/jvm/java-26-openjdk/lib/libzip.so
7f1a37749000-7f1a377ca000 rw-p 00000000 00:00 0 
7f1a377ca000-7f1a377cb000 r--p 00000000 00:23 122609                     /usr/lib/libXau.so.6.0.0
7f1a377cb000-7f1a377cc000 r-xp 00001000 00:23 122609                     /usr/lib/libXau.so.6.0.0
7f1a377cc000-7f1a377cd000 r--p 00002000 00:23 122609                     /usr/lib/libXau.so.6.0.0
7f1a377cd000-7f1a377ce000 r--p 00002000 00:23 122609                     /usr/lib/libXau.so.6.0.0
7f1a377ce000-7f1a377cf000 rw-p 00003000 00:23 122609                     /usr/lib/libXau.so.6.0.0
7f1a377cf000-7f1a377d1000 r--p 00000000 00:23 143981                     /usr/lib/libXtst.so.6.1.0
7f1a377d1000-7f1a377d4000 r-xp 00002000 00:23 143981                     /usr/lib/libXtst.so.6.1.0
7f1a377d4000-7f1a377d5000 r--p 00005000 00:23 143981                     /usr/lib/libXtst.so.6.1.0
7f1a377d5000-7f1a377d6000 r--p 00006000 00:23 143981                     /usr/lib/libXtst.so.6.1.0
7f1a377d6000-7f1a377d7000 rw-p 00007000 00:23 143981                     /usr/lib/libXtst.so.6.1.0
7f1a377d7000-7f1a377d8000 r--p 00000000 00:23 3182535                    /usr/lib/libpthread.so.0
7f1a377d8000-7f1a377d9000 r-xp 00001000 00:23 3182535                    /usr/lib/libpthread.so.0
7f1a377d9000-7f1a377da000 r--p 00002000 00:23 3182535                    /usr/lib/libpthread.so.0
7f1a377da000-7f1a377db000 r--p 00002000 00:23 3182535                    /usr/lib/libpthread.so.0
7f1a377db000-7f1a377dc000 rw-p 00003000 00:23 3182535                    /usr/lib/libpthread.so.0
7f1a377dc000-7f1a377de000 r--p 00000000 00:23 2947414                    /usr/lib/jvm/java-26-openjdk/lib/libnet.so
7f1a377de000-7f1a377e5000 r-xp 00002000 00:23 2947414                    /usr/lib/jvm/java-26-openjdk/lib/libnet.so
7f1a377e5000-7f1a377e7000 r--p 00009000 00:23 2947414                    /usr/lib/jvm/java-26-openjdk/lib/libnet.so
7f1a377e7000-7f1a377e8000 r--p 0000a000 00:23 2947414                    /usr/lib/jvm/java-26-openjdk/lib/libnet.so
7f1a377e8000-7f1a377e9000 rw-p 0000b000 00:23 2947414                    /usr/lib/jvm/java-26-openjdk/lib/libnet.so
7f1a377e9000-7f1a377f0000 r--p 00000000 00:23 2947415                    /usr/lib/jvm/java-26-openjdk/lib/libnio.so
7f1a377f0000-7f1a377f9000 r-xp 00007000 00:23 2947415                    /usr/lib/jvm/java-26-openjdk/lib/libnio.so
7f1a377f9000-7f1a377fe000 r--p 00010000 00:23 2947415                    /usr/lib/jvm/java-26-openjdk/lib/libnio.so
7f1a377fe000-7f1a377ff000 r--p 00014000 00:23 2947415                    /usr/lib/jvm/java-26-openjdk/lib/libnio.so
7f1a377ff000-7f1a37800000 rw-p 00015000 00:23 2947415                    /usr/lib/jvm/java-26-openjdk/lib/libnio.so
7f1a37800000-7f1a3780e000 r--p 00000000 00:23 2947438                    /usr/lib/jvm/java-26-openjdk/lib/server/libjvm.so
7f1a3780e000-7f1a388a9000 r-xp 0000e000 00:23 2947438                    /usr/lib/jvm/java-26-openjdk/lib/server/libjvm.so
7f1a388a9000-7f1a38aec000 r--p 010a9000 00:23 2947438                    /usr/lib/jvm/java-26-openjdk/lib/server/libjvm.so
7f1a38aec000-7f1a38bde000 r--p 012eb000 00:23 2947438                    /usr/lib/jvm/java-26-openjdk/lib/server/libjvm.so
7f1a38bde000-7f1a38bff000 rw-p 013dd000 00:23 2947438                    /usr/lib/jvm/java-26-openjdk/lib/server/libjvm.so
7f1a38bff000-7f1a38c82000 rw-p 00000000 00:00 0 
7f1a38c82000-7f1a38c83000 rw-s 00000000 00:01 26844                      /memfd:xshmfence (deleted)
7f1a38c83000-7f1a38c84000 rw-s 1038bb000 00:11 2116                      anon_inode:i915.gem
7f1a38c84000-7f1a38c85000 rw-s 1038ba000 00:11 2116                      anon_inode:i915.gem
7f1a38c85000-7f1a38c86000 r--p 00000000 00:23 3182513                    /usr/lib/libdl.so.2
7f1a38c86000-7f1a38c87000 r-xp 00001000 00:23 3182513                    /usr/lib/libdl.so.2
7f1a38c87000-7f1a38c88000 r--p 00002000 00:23 3182513                    /usr/lib/libdl.so.2
7f1a38c88000-7f1a38c89000 r--p 00002000 00:23 3182513                    /usr/lib/libdl.so.2
7f1a38c89000-7f1a38c8a000 rw-p 00003000 00:23 3182513                    /usr/lib/libdl.so.2
7f1a38c8a000-7f1a38cd0000 rw-p 00000000 00:00 0 
7f1a38cd0000-7f1a38cd7000 ---p 00000000 00:00 0 
7f1a38cd7000-7f1a38ce1000 r--p 00000000 00:23 2947400                    /usr/lib/jvm/java-26-openjdk/lib/libjava.so
7f1a38ce1000-7f1a38cf0000 r-xp 0000a000 00:23 2947400                    /usr/lib/jvm/java-26-openjdk/lib/libjava.so
7f1a38cf0000-7f1a38cf5000 r--p 00019000 00:23 2947400                    /usr/lib/jvm/java-26-openjdk/lib/libjava.so
7f1a38cf5000-7f1a38cf6000 r--p 0001e000 00:23 2947400                    /usr/lib/jvm/java-26-openjdk/lib/libjava.so
7f1a38cf6000-7f1a38cf7000 rw-p 0001f000 00:23 2947400                    /usr/lib/jvm/java-26-openjdk/lib/libjava.so
7f1a38cf7000-7f1a38cf8000 rw-p 00000000 00:00 0 
7f1a38cf8000-7f1a38d08000 r--p 00000000 00:23 3182518                    /usr/lib/libm.so.6
7f1a38d08000-7f1a38d9e000 r-xp 00010000 00:23 3182518                    /usr/lib/libm.so.6
7f1a38d9e000-7f1a38dfe000 r--p 000a6000 00:23 3182518                    /usr/lib/libm.so.6
7f1a38dfe000-7f1a38dff000 r--p 00105000 00:23 3182518                    /usr/lib/libm.so.6
7f1a38dff000-7f1a38e00000 rw-p 00106000 00:23 3182518                    /usr/lib/libm.so.6
7f1a38e00000-7f1a38e24000 r--p 00000000 00:23 3182508                    /usr/lib/libc.so.6
7f1a38e24000-7f1a38fd4000 r-xp 00024000 00:23 3182508                    /usr/lib/libc.so.6
7f1a38fd4000-7f1a3904c000 r--p 001d4000 00:23 3182508                    /usr/lib/libc.so.6
7f1a3904c000-7f1a39050000 r--p 0024c000 00:23 3182508                    /usr/lib/libc.so.6
7f1a39050000-7f1a39052000 rw-p 00250000 00:23 3182508                    /usr/lib/libc.so.6
7f1a39052000-7f1a3905a000 rw-p 00000000 00:00 0 
7f1a3905a000-7f1a3905b000 rw-s 11b45c000 00:11 2116                      anon_inode:i915.gem
7f1a3905b000-7f1a3905c000 rw-s 11b45b000 00:11 2116                      anon_inode:i915.gem
7f1a3905c000-7f1a3905d000 rw-p 00000000 00:00 0 
7f1a3905d000-7f1a3905e000 rw-p 00000000 00:00 0 
7f1a3905e000-7f1a39066000 rw-s 00000000 00:3b 22155                      /tmp/hsperfdata_mirtemir/186120
7f1a39066000-7f1a39067000 ---p 00000000 00:00 0 
7f1a39067000-7f1a39068000 r--p 00000000 00:00 0 
7f1a39068000-7f1a39069000 ---p 00000000 00:00 0 
7f1a39069000-7f1a3906a000 r--p 00000000 00:23 2947404                    /usr/lib/jvm/java-26-openjdk/lib/libjimage.so
7f1a3906a000-7f1a3906c000 r-xp 00001000 00:23 2947404                    /usr/lib/jvm/java-26-openjdk/lib/libjimage.so
7f1a3906c000-7f1a3906d000 r--p 00003000 00:23 2947404                    /usr/lib/jvm/java-26-openjdk/lib/libjimage.so
7f1a3906d000-7f1a3906e000 r--p 00003000 00:23 2947404                    /usr/lib/jvm/java-26-openjdk/lib/libjimage.so
7f1a3906e000-7f1a3906f000 rw-p 00004000 00:23 2947404                    /usr/lib/jvm/java-26-openjdk/lib/libjimage.so
7f1a3906f000-7f1a39084000 r--p 00000000 00:23 2747883                    /usr/lib/libsystemd.so.0.44.0
7f1a39084000-7f1a3915d000 r-xp 00015000 00:23 2747883                    /usr/lib/libsystemd.so.0.44.0
7f1a3915d000-7f1a391ac000 r--p 000ee000 00:23 2747883                    /usr/lib/libsystemd.so.0.44.0
7f1a391ac000-7f1a391b5000 r--p 0013c000 00:23 2747883                    /usr/lib/libsystemd.so.0.44.0
7f1a391b5000-7f1a391b6000 rw-p 00145000 00:23 2747883                    /usr/lib/libsystemd.so.0.44.0
7f1a391b6000-7f1a391b7000 rw-p 00000000 00:00 0 
7f1a391b7000-7f1a391bb000 r--p 00000000 00:23 3183329                    /usr/lib/libgcc_s.so.1
7f1a391bb000-7f1a391e7000 r-xp 00004000 00:23 3183329                    /usr/lib/libgcc_s.so.1
7f1a391e7000-7f1a391eb000 r--p 00030000 00:23 3183329                    /usr/lib/libgcc_s.so.1
7f1a391eb000-7f1a391ec000 r--p 00034000 00:23 3183329                    /usr/lib/libgcc_s.so.1
7f1a391ec000-7f1a391ed000 rw-p 00035000 00:23 3183329                    /usr/lib/libgcc_s.so.1
7f1a391ed000-7f1a391fb000 r--p 00000000 00:23 26507                      /usr/lib/libdbus-1.so.3.38.3
7f1a391fb000-7f1a39231000 r-xp 0000e000 00:23 26507                      /usr/lib/libdbus-1.so.3.38.3
7f1a39231000-7f1a39243000 r--p 00044000 00:23 26507                      /usr/lib/libdbus-1.so.3.38.3
7f1a39243000-7f1a39245000 r--p 00055000 00:23 26507                      /usr/lib/libdbus-1.so.3.38.3
7f1a39245000-7f1a39246000 rw-p 00057000 00:23 26507                      /usr/lib/libdbus-1.so.3.38.3
7f1a39246000-7f1a39248000 r--p 00000000 00:23 2361344                    /usr/lib/libgamemode.so.0.0.0
7f1a39248000-7f1a3924a000 r-xp 00002000 00:23 2361344                    /usr/lib/libgamemode.so.0.0.0
7f1a3924a000-7f1a3924b000 r--p 00004000 00:23 2361344                    /usr/lib/libgamemode.so.0.0.0
7f1a3924b000-7f1a3924c000 r--p 00004000 00:23 2361344                    /usr/lib/libgamemode.so.0.0.0
7f1a3924c000-7f1a3924d000 rw-p 00005000 00:23 2361344                    /usr/lib/libgamemode.so.0.0.0
7f1a3924d000-7f1a39250000 rw-p 00000000 00:00 0 
7f1a39250000-7f1a39252000 r--p 00000000 00:23 2947405                    /usr/lib/jvm/java-26-openjdk/lib/libjli.so
7f1a39252000-7f1a39262000 r-xp 00002000 00:23 2947405                    /usr/lib/jvm/java-26-openjdk/lib/libjli.so
7f1a39262000-7f1a39268000 r--p 00012000 00:23 2947405                    /usr/lib/jvm/java-26-openjdk/lib/libjli.so
7f1a39268000-7f1a39269000 r--p 00017000 00:23 2947405                    /usr/lib/jvm/java-26-openjdk/lib/libjli.so
7f1a39269000-7f1a3926a000 rw-p 00018000 00:23 2947405                    /usr/lib/jvm/java-26-openjdk/lib/libjli.so
7f1a3926a000-7f1a3926b000 r--p 00000000 00:23 2361347                    /usr/lib/libgamemodeauto.so.0.0.0
7f1a3926b000-7f1a3926d000 r-xp 00001000 00:23 2361347                    /usr/lib/libgamemodeauto.so.0.0.0
7f1a3926d000-7f1a3926e000 r--p 00003000 00:23 2361347                    /usr/lib/libgamemodeauto.so.0.0.0
7f1a3926e000-7f1a3926f000 r--p 00003000 00:23 2361347                    /usr/lib/libgamemodeauto.so.0.0.0
7f1a3926f000-7f1a39270000 rw-p 00004000 00:23 2361347                    /usr/lib/libgamemodeauto.so.0.0.0
7f1a39270000-7f1a39272000 rw-p 00000000 00:00 0 
7f1a39272000-7f1a392a6000 r--p 00000000 00:23 3682133                    /etc/ld.so.cache
7f1a392a6000-7f1a392aa000 r--p 00000000 00:00 0                          [vvar]
7f1a392aa000-7f1a392ac000 r--p 00000000 00:00 0                          [vvar_vclock]
7f1a392ac000-7f1a392ae000 r-xp 00000000 00:00 0                          [vdso]
7f1a392ae000-7f1a392af000 r--p 00000000 00:23 3182499                    /usr/lib/ld-linux-x86-64.so.2
7f1a392af000-7f1a392e1000 r-xp 00001000 00:23 3182499                    /usr/lib/ld-linux-x86-64.so.2
7f1a392e1000-7f1a392f1000 r--p 00033000 00:23 3182499                    /usr/lib/ld-linux-x86-64.so.2
7f1a392f1000-7f1a392f3000 r--p 00042000 00:23 3182499                    /usr/lib/ld-linux-x86-64.so.2
7f1a392f3000-7f1a392f4000 rw-p 00044000 00:23 3182499                    /usr/lib/ld-linux-x86-64.so.2
7f1a392f4000-7f1a392f5000 rw-p 00000000 00:00 0 
7fffed0c9000-7fffed0ea000 rw-p 00000000 00:00 0                          [stack]
ffffffffff600000-ffffffffff601000 --xp 00000000 00:00 0                  [vsyscall]
Total number of mappings: 1604

JVMTI agents: none


VM Arguments:
java_command: BE2.jar
java_class_path (initial): BE2.jar
Launcher Type: SUN_STANDARD

[Global flags]
     bool AOTAdapterCaching                        = false                                  {diagnostic} {ergonomic}
     bool AOTInvokeDynamicLinking                  = false                                  {diagnostic} {ergonomic}
     bool AOTRecordTraining                        = false                                  {diagnostic} {ergonomic}
     bool AOTReplayTraining                        = false                                  {diagnostic} {ergonomic}
     bool AOTStubCaching                           = false                                  {diagnostic} {ergonomic}
     intx CICompilerCount                          = 4                                         {product} {ergonomic}
     uint ConcGCThreads                            = 2                                         {product} {ergonomic}
     uint G1ConcRefinementThreads                  = 8                                         {product} {ergonomic}
     uint G1EagerReclaimRemSetThreshold            = 16                                   {experimental} {ergonomic}
   size_t G1HeapRegionSize                         = 2097152                                   {product} {ergonomic}
     uint G1RemSetArrayOfCardsEntries              = 16                                   {experimental} {ergonomic}
     uint G1RemSetHowlMaxNumBuckets                = 8                                    {experimental} {ergonomic}
     uint G1RemSetHowlNumBuckets                   = 8                                    {experimental} {ergonomic}
   size_t InitialHeapSize                          = 8388608                                   {product} {ergonomic}
     bool IntelJccErratumMitigation                = false                             {ARCH diagnostic} {ergonomic}
   size_t MarkStackSize                            = 4194304                                   {product} {ergonomic}
   size_t MarkStackSizeMax                         = 536870912                                 {product} {ergonomic}
   size_t MaxHeapSize                              = 4093640704                                {product} {ergonomic}
   size_t MaxNewSize                               = 2455764992                                {product} {ergonomic}
 uint64_t MaxRAM                                   = 16366788608                               {product} {ergonomic}
   size_t MinHeapDeltaBytes                        = 2097152                                   {product} {ergonomic}
   size_t MinHeapSize                              = 8388608                                   {product} {ergonomic}
   size_t NonNMethodCodeHeapSize                   = 5840896                                {pd product} {ergonomic}
   size_t NonProfiledCodeHeapSize                  = 122912768                              {pd product} {ergonomic}
   size_t ProfiledCodeHeapSize                     = 122912768                              {pd product} {ergonomic}
   size_t ReservedCodeCacheSize                    = 251666432                              {pd product} {ergonomic}
     bool SegmentedCodeCache                       = true                                      {product} {ergonomic}
   size_t SoftMaxHeapSize                          = 4093640704                             {manageable} {ergonomic}
     bool UseCompressedOops                        = true                           {product lp64_product} {ergonomic}
     bool UseCondCardMark                          = true                                      {product} {ergonomic}
     bool UseFastUnorderedTimeStamps               = true                                 {experimental} {ergonomic}
     bool UseG1GC                                  = true                                      {product} {ergonomic}
      int X86ICacheSync                            = 3                                 {ARCH diagnostic} {ergonomic}

Logging:
Log output configuration:
 #0: stdout all=warning uptime,level,tags foldmultilines=false
 #1: stderr all=off uptime,level,tags foldmultilines=false

Release file:
IMPLEMENTOR="Arch Linux"
JAVA_RUNTIME_VERSION="26.0.2"
JAVA_VERSION="26.0.2"
JAVA_VERSION_DATE="2026-07-21"
LIBC="gnu"
MODULES="java.base java.compiler java.datatransfer java.xml java.prefs java.desktop java.instrument java.logging java.management java.security.sasl java.naming java.rmi java.management.rmi java.net.http java.scripting java.security.jgss java.transaction.xa java.sql java.sql.rowset java.xml.crypto java.se java.smartcardio jdk.accessibility jdk.internal.jvmstat jdk.attach jdk.charsets jdk.internal.opt jdk.zipfs jdk.compiler jdk.crypto.cryptoki jdk.crypto.ec jdk.dynalink jdk.internal.ed jdk.editpad jdk.internal.vm.ci jdk.graal.compiler jdk.graal.compiler.management jdk.hotspot.agent jdk.httpserver jdk.incubator.vector jdk.internal.le jdk.internal.md jdk.jartool jdk.javadoc jdk.jcmd jdk.management jdk.management.agent jdk.jconsole jdk.jdeps jdk.jdwp.agent jdk.jdi jdk.jfr jdk.jlink jdk.jpackage jdk.jshell jdk.jstatd jdk.localedata jdk.management.jfr jdk.naming.dns jdk.naming.rmi jdk.net jdk.nio.mapmode jdk.sctp jdk.security.auth jdk.security.jgss jdk.unsupported jdk.unsupported.desktop jdk.xml.dom"
OS_ARCH="x86_64"
OS_NAME="Linux"
SOURCE=""

Environment Variables:
PATH=/home/mirtemir/.pyenv/shims:/home/mirtemir/.opencode/bin:/home/mirtemir/.cargo/bin:/home/mirtemir/.local/bin:/usr/local/sbin:/usr/local/bin:/usr/bin:/var/lib/flatpak/exports/bin:/usr/lib/jvm/default/bin:/usr/bin/site_perl:/usr/bin/vendor_perl:/usr/bin/core_perl
LD_PRELOAD=libgamemodeauto.so.0
SHELL=/bin/fish
DISPLAY=:0
WAYLAND_DISPLAY=wayland-1
LANG=ru_RU.UTF-8
LC_ALL=ky_KG.UTF-8
LC_NUMERIC=ky_KG
LC_TIME=ky_KG
TERM=xterm-kitty

Active Locale:
LC_ALL=ky_KG.UTF-8
LC_COLLATE=ky_KG.UTF-8
LC_CTYPE=ky_KG.UTF-8
LC_MESSAGES=ky_KG.UTF-8
LC_MONETARY=ky_KG.UTF-8
LC_NUMERIC=ky_KG.UTF-8
LC_TIME=ky_KG.UTF-8

Signal Handlers:
   SIGSEGV: 0x00007f1a387c7bd0 in libjvm.so+16546768, mask=11100100010111111101111111111110, flags=SA_RESTART|SA_SIGINFO, unblocked
    SIGBUS: 0x00007f1a387c7bd0 in libjvm.so+16546768, mask=11100100010111111101111111111110, flags=SA_RESTART|SA_SIGINFO, unblocked
    SIGFPE: 0x00007f1a387c7bd0 in libjvm.so+16546768, mask=11100100010111111101111111111110, flags=SA_RESTART|SA_SIGINFO, unblocked
   SIGPIPE: 0x00007f1a3860b980 in libjvm.so+14727552, mask=11100100010111111101111111111110, flags=SA_RESTART|SA_SIGINFO, blocked
   SIGXFSZ: 0x00007f1a3860b980 in libjvm.so+14727552, mask=11100100010111111101111111111110, flags=SA_RESTART|SA_SIGINFO, blocked
    SIGILL: 0x00007f1a387c7bd0 in libjvm.so+16546768, mask=11100100010111111101111111111110, flags=SA_RESTART|SA_SIGINFO, unblocked
   SIGUSR2: 0x00007f1a3860dbd0 in libjvm.so+14736336, mask=00000000000000000000000000000000, flags=SA_RESTART|SA_SIGINFO, blocked
    SIGHUP: 0x00007f1a38609690 in libjvm.so+14718608, mask=11100100010111111101111111111110, flags=SA_RESTART|SA_SIGINFO, blocked
    SIGINT: 0x00007f1a38609690 in libjvm.so+14718608, mask=11100100010111111101111111111110, flags=SA_RESTART|SA_SIGINFO, blocked
   SIGTERM: 0x00007f1a38609690 in libjvm.so+14718608, mask=11100100010111111101111111111110, flags=SA_RESTART|SA_SIGINFO, blocked
   SIGQUIT: 0x00007f1a38609690 in libjvm.so+14718608, mask=11100100010111111101111111111110, flags=SA_RESTART|SA_SIGINFO, blocked
   SIGTRAP: 0x00007f1a387c7bd0 in libjvm.so+16546768, mask=11100100010111111101111111111110, flags=SA_RESTART|SA_SIGINFO, unblocked


Compilation memory statistics disabled.

Periodic native trim disabled

---------------  S Y S T E M  ---------------

OS:
CentOS Linux release 7.9.2009 (Core)
uname: Linux 7.2.0-1-cachyos-bore-lto #1 SMP PREEMPT_DYNAMIC Thu, 20 Aug 2026 16:00:34 +0000 x86_64
OS uptime: 0 days 4:04 hours
libc: glibc 2.44 NPTL 2.44 
rlimit (soft/hard): STACK 8192k/infinity , CORE infinity/infinity , NPROC 61455/61455 , NOFILE 1048576/1048576 , AS infinity/infinity , CPU infinity/infinity , DATA infinity/infinity , FSIZE infinity/infinity , MEMLOCK 8192k/8192k
load average: 2,98 2,36 2,44

/proc/meminfo:
MemTotal:       15983192 kB
MemFree:         3149832 kB
MemAvailable:    4627464 kB
Buffers:              28 kB
Cached:          3499968 kB
SwapCached:         4864 kB
Active:          4540048 kB
Inactive:        4323420 kB
Active(anon):    4282832 kB
Inactive(anon):  3475192 kB
Active(file):     257216 kB
Inactive(file):   848228 kB
Unevictable:      468056 kB
Mlocked:             304 kB
SwapTotal:      19179108 kB
SwapFree:       13058692 kB
Zswap:                 0 kB
Zswapped:              0 kB
Dirty:               564 kB
Writeback:             0 kB
AnonPages:       5626256 kB
Mapped:           687304 kB
Shmem:           2081808 kB
KReclaimable:     714004 kB
Slab:            1040604 kB
SReclaimable:     714004 kB
SUnreclaim:       326600 kB
KernelStack:       27520 kB
PageTables:        99176 kB
SecPageTables:      2056 kB
NFS_Unstable:          0 kB
Bounce:                0 kB
WritebackTmp:          0 kB
CommitLimit:    27170704 kB
Committed_AS:   38173552 kB
VmallocTotal:   34359738367 kB
VmallocUsed:      218356 kB
VmallocChunk:          0 kB
Percpu:            16384 kB
HardwareCorrupted:     0 kB
AnonHugePages:   1892352 kB
ShmemHugePages:  1097728 kB
ShmemPmdMapped:        0 kB
FileHugePages:         0 kB
FilePmdMapped:         0 kB
CmaTotal:              0 kB
CmaFree:               0 kB
Unaccepted:            0 kB
Balloon:               0 kB
GPUActive:             0 kB
GPUReclaim:            0 kB
HugePages_Total:       0
HugePages_Free:        0
HugePages_Rsvd:        0
HugePages_Surp:        0
Hugepagesize:       2048 kB
Hugetlb:               0 kB
DirectMap4k:     1406536 kB
DirectMap2M:    14991360 kB
DirectMap1G:           0 kB

/sys/kernel/mm/transparent_hugepage/enabled: [always] madvise never
/sys/kernel/mm/transparent_hugepage/hpage_pmd_size: 2097152
/sys/kernel/mm/transparent_hugepage/shmem_enabled: always within_size [advise] never deny force
/sys/kernel/mm/transparent_hugepage/defrag (defrag/compaction efforts parameter): always defer [defer+madvise] madvise never

Process Memory:
Virtual Size: 7423068K (peak: 7549212K)
Resident Set Size: 956108K (peak: 956820K) (anon: 892180K, file: 62032K, shmem: 1896K)
Swapped out: 0K
C-Heap outstanding allocations: 120740K, retained: 434867K
glibc malloc tunables: (default)

/proc/sys/kernel/threads-max (system-wide limit on the number of threads): 122911
/proc/sys/vm/max_map_count (maximum number of memory map areas a process may have): 1048576
/proc/sys/vm/swappiness (control to define how aggressively the kernel swaps out anonymous memory): 150
/proc/sys/kernel/pid_max (system-wide limit on number of process identifiers): 4194304

container information not found.
Steal ticks since vm start: 0
Steal ticks percentage since vm start:  0,000

CPU: total 12 (initial active 8) (hybrid) family 6 model 186 stepping 2 microcode 0x6134, cx8, cmov, fxsr, ht, mmx, 3dnowpref, sse, sse2, sse3, ssse3, sse4.1, sse4.2, popcnt, lzcnt, tsc, tscinvbit, avx, avx2, aes, erms, clmul, bmi1, bmi2, adx, sha, fma, vzeroupper, clflush, clflushopt, clwb, serialize, rdtscp, rdpid, fsrm, gfni, f16c, pku, ospke, cet_ibt, cet_ss, hybrid
CPU Model and flags from /proc/cpuinfo:
model name	: 13th Gen Intel(R) Core(TM) i5-13420H
flags		: fpu vme de pse tsc msr pae mce cx8 apic sep mtrr pge mca cmov pat pse36 clflush dts acpi mmx fxsr sse sse2 ss ht tm pbe syscall nx pdpe1gb rdtscp lm constant_tsc art arch_perfmon pebs bts rep_good nopl xtopology nonstop_tsc cpuid aperfmperf tsc_known_freq pni pclmulqdq dtes64 monitor ds_cpl vmx smx est tm2 ssse3 sdbg fma cx16 xtpr pdcm pcid sse4_1 sse4_2 x2apic movbe popcnt tsc_deadline_timer aes xsave avx f16c rdrand lahf_lm abm 3dnowprefetch cpuid_fault epb ssbd ibrs ibpb stibp ibrs_enhanced tpr_shadow flexpriority ept vpid ept_ad fsgsbase tsc_adjust bmi1 avx2 smep bmi2 erms invpcid rdseed adx smap clflushopt clwb intel_pt sha_ni xsaveopt xsavec xgetbv1 xsaves split_lock_detect user_shstk avx_vnni dtherm ida arat pln pts hwp hwp_notify hwp_act_window hwp_epp hwp_pkg_req hfi vnmi umip pku ospke waitpkg gfni vaes vpclmulqdq rdpid movdiri movdir64b fsrm md_clear serialize arch_lbr ibt flush_l1d arch_capabilities

Online cpus: 0-11
Offline cpus: 
BIOS frequency limitation: <Not Available>
Frequency switch latency (ns): 0
Available cpu frequencies: <Not Available>
Current governor: performance
Core performance/turbo boost: <Not Available>

Memory: 4k page, physical 15983192k(4627464k free), swap 19179108k(13058696k free)
Page Sizes: 4k

vm_info: OpenJDK 64-Bit Server VM (26.0.2) for linux-amd64 JRE (26.0.2), built on 2026-07-25T19:40:36Z with gcc 16.1.1 20260625

END.
