#
# A fatal error has been detected by the Java Runtime Environment:
#
#  SIGSEGV (0xb) at pc=0x00007fa0ede1a986, pid=21276, tid=21326
#
# JRE version: OpenJDK Runtime Environment (26.0.2) (build 26.0.2)
# Java VM: OpenJDK 64-Bit Server VM (26.0.2, mixed mode, sharing, tiered, compressed oops, compressed class ptrs, g1 gc, linux-amd64)
# Problematic frame:
# C  [libgallium-26.1.6-arch3.1.so+0x41a986]
#
# Core dump will be written. Default location: Determined by the following: "/usr/lib/systemd/systemd-coredump %P %u %g %s %t %c %h %d %F %I" (alternatively, falling back to /home/mirtemir/AOC2/AoC II MEGAMOD v6.0/core.21276)
#
# If you would like to submit a bug report, please visit:
#   https://bugreport.java.com/bugreport/crash.jsp
# The crash happened outside the Java Virtual Machine in native code.
# See problematic frame for where to report the bug.
#

---------------  S U M M A R Y ------------

Command Line: /home/mirtemir/AOC2/AoC II MEGAMOD v6.0/BE2.jar

Host: 13th Gen Intel(R) Core(TM) i5-13420H, 12 cores, 15G, CentOS Linux release 7.9.2009 (Core)
Time: Sun Aug 16 17:33:27 2026 +06 elapsed time: 1703.162741 seconds (0d 0h 28m 23s)

---------------  T H R E A D  ---------------

Current thread (0x00007fa1403eedf0):  JavaThread "LWJGL Application"        [_thread_in_native, id=21326, stack(0x00007fa0f13e0000,0x00007fa0f14e0000) (1024K)]

Stack: [0x00007fa0f13e0000,0x00007fa0f14e0000],  sp=0x00007fa0f14de080,  free space=1016k
Native frames: (J=compiled Java code, j=interpreted, Vv=VM code, C=native code)
C  [libgallium-26.1.6-arch3.1.so+0x41a986]
Java frames: (J=compiled Java code, j=interpreted, Vv=VM code)
J 2008  org.lwjgl.opengl.GL11.nglDrawElements(IIIJJ)V (0 bytes) @ 0x00007fa12f9974d6 [0x00007fa12f997480+0x0000000000000056]
J 2692 c2 com.badlogic.gdx.graphics.g2d.SpriteBatch.flush()V (185 bytes) @ 0x00007fa12fa58468 [0x00007fa12fa57900+0x0000000000000b68]
j  com.badlogic.gdx.graphics.g2d.SpriteBatch.setProjectionMatrix(Lcom/badlogic/gdx/math/Matrix4;)V+8
j  age.of.civilizations2.jakowski.lukasz.AoCGame.render()V+229
J 11073% c1 com.badlogic.gdx.backends.lwjgl.LwjglApplication.mainLoop()V (886 bytes) @ 0x00007fa1281aa5fc [0x00007fa1281a6b20+0x0000000000003adc]
j  com.badlogic.gdx.backends.lwjgl.LwjglApplication$1.run()V+27
v  ~StubRoutines::Stub Generator call_stub_stub 0x00007fa12f3375a2

siginfo: si_signo: 11 (SIGSEGV), si_code: 1 (SEGV_MAPERR), si_addr: 0x0000000000000018

Registers:
RAX=0x0000000000000000, RBX=0x0000000000000001, RCX=0x0000000000000000, RDX=0x00007fa0fc342e10
RSP=0x00007fa0f14de080, RBP=0x00007fa0f14de230, RSI=0x0000000000000000, RDI=0x0000000000000000
R8 =0x00007fa0fc342e88, R9 =0x0000000000000001, R10=0x0000000000000001, R11=0x00007fa0fc342c30
R12=0x0000000000000040, R13=0x00007fa0f14de0a4, R14=0x0000000000000000, R15=0x0000000000000000
RIP=0x00007fa0ede1a986, EFLAGS=0x0000000000010202, CSGSFS=0x002b000000000033, ERR=0x0000000000000004
  TRAPNO=0x000000000000000e

XMM[0]=0x0000000000000000 0x000000100003ed00
XMM[1]=0x0000000000000000 0x0000000000000010
XMM[2]=0x9393565293935450 0x9393545093935652
XMM[3]=0x0000000000000000 0x00000000b0b0b0b0
XMM[4]=0x0000000000000000 0x0000000044070000
XMM[5]=0x0000000000000000 0x0000000044700000
XMM[6]=0xffffffffffffffff 0xffffffffffffffff
XMM[7]=0xffffffffffffffff 0xffffffffffffffff
XMM[8]=0xffffffffffffffff 0xffffffffffffffff
XMM[9]=0x8080808080808080 0x8080808080808080
XMM[10]=0x8080808080808080 0x8080808080808080
XMM[11]=0x0b800b800a800a80 0x0980098008800880
XMM[12]=0x0f800f800e800e80 0x0d800d800c800c80
XMM[13]=0x0380038002800280 0x0180018000800080
XMM[14]=0x0780078006800680 0x0580058004800480
XMM[15]=0x0000000154442bd4 0x00000001c6e41596
  MXCSR=0x00001fa7


Register to memory mapping:

RAX=0x0 is null
RBX=0x0000000000000001 is an unknown value
RCX=0x0 is null
RDX=0x00007fa0fc342e10 points into unknown readable memory: 0x0100140600000000 | 00 00 00 00 06 14 00 01
RSP=0x00007fa0f14de080 is pointing into the stack for thread: 0x00007fa1403eedf0
RBP=0x00007fa0f14de230 is pointing into the stack for thread: 0x00007fa1403eedf0
RSI=0x0 is null
RDI=0x0 is null
R8 =0x00007fa0fc342e88 points into unknown readable memory: 0x0000000000000000 | 00 00 00 00 00 00 00 00
R9 =0x0000000000000001 is an unknown value
R10=0x0000000000000001 is an unknown value
R11=0x00007fa0fc342c30 points into unknown readable memory: 0x0000000300000000 | 00 00 00 00 03 00 00 00
R12=0x0000000000000040 is an unknown value
R13=0x00007fa0f14de0a4 is pointing into the stack for thread: 0x00007fa1403eedf0
R14=0x0 is null
R15=0x0 is null

Top of Stack: (sp=0x00007fa0f14de080)
0x00007fa0f14de080:   00007fa0be6028f0 00007fa11401b440   .(`.....@.......
0x00007fa0f14de090:   00007fa0fc1e9cd0 00007fa0fc35f7b0   ..........5.....
0x00007fa0f14de0a0:   0000000000000000 0000000000001000   ................
0x00007fa0f14de0b0:   00000000000004a0 00007fa0fc350000   ..........5.....
0x00007fa0f14de0c0:   0000000000000000 0000000000000100   ................
0x00007fa0f14de0d0:   0000000000000000 0000000000000000   ................
0x00007fa0f14de0e0:   000000000000000c 0000000000000000   ................
0x00007fa0f14de0f0:   0000000000000000 0000000000000003   ................
0x00007fa0f14de100:   0000000000000000 0000000000000000   ................
0x00007fa0f14de110:   00007fa0be6028f0 d159ea3e0105e000   .(`.........>.Y.
0x00007fa0f14de120:   0000000000000078 00007fa0ede0bb55   x.......U.......
0x00007fa0f14de130:   0000000000000024 00007fa0fc1e9cd0   $...............
0x00007fa0f14de140:   00007fa0fc35f7b0 00007fa0be502400   ..5......$P.....
0x00007fa0f14de150:   00007fa0f14de3f0 00007fa0fc1e9cd0   ..M.............
0x00007fa0f14de160:   0000000000000000 00007fa0f14de2b0   ..........M.....
0x00007fa0f14de170:   00007fa0be6028f0 00007fa0edd3e3bf   .(`.............
0x00007fa0f14de180:   00007fa09920b920 00007fa114017f70    . .....p.......
0x00007fa0f14de190:   00007fa0993ef1e0 00007fa0edd38828   ..>.....(.......
0x00007fa0f14de1a0:   00007fa114017f70 00000004fc0879c0   p........y......
0x00007fa0f14de1b0:   00007fa0bdfee798 d159ea3e00080000   ............>.Y.
0x00007fa0f14de1c0:   00007fa0fc0ab500 0000000000000002   ................
0x00007fa0f14de1d0:   00007fa0fc095d08 00007fa0edac5439   .]......9T......
0x00007fa0f14de1e0:   00007fa0fc095d10 0000000000000000   .]..............
0x00007fa0f14de1f0:   00007fa1403eedf0 01017fa000000002   ..>@............
0x00007fa0f14de200:   00007fa0be502400 00007fa098e201e8   .$P.............
0x00007fa0f14de210:   0000000000000000 00007fa0be6028f0   .........(`.....
0x00007fa0f14de220:   00007fa0f14de2b0 0000000000000000   ..M.............
0x00007fa0f14de230:   0000000000000001 00007fa0be603150   ........P1`.....
0x00007fa0f14de240:   0000000000000000 00007fa0be502400   .........$P.....
0x00007fa0f14de250:   00007fa0bd9aa1d0 0000000000000000   ................
0x00007fa0f14de260:   0000000000080000 0000000000000000   ................
0x00007fa0f14de270:   0000000000000000 00007fa0edb077a1   .........w......

Instructions: (pc=0x00007fa0ede1a986)
  0x00007fa0ede1a886:   ec f8 03 00 00 48 89 9c 24 c8 03 00 00 48 89 fb
  0x00007fa0ede1a896:   4c 89 b4 24 e8 03 00 00 4c 89 bc 24 f0 03 00 00
  0x00007fa0ede1a8a6:   4c 8b 3f 48 89 ac 24 d0 03 00 00 49 8b 97 58 20
  0x00007fa0ede1a8b6:   0a 00 64 48 8b 04 25 28 00 00 00 48 89 84 24 b8
  0x00007fa0ede1a8c6:   03 00 00 89 f0 48 8b b7 a8 13 00 00 4c 8b b2 e0
  0x00007fa0ede1a8d6:   01 00 00 8b 7e 38 c6 83 0a 03 00 00 00 21 c7 0f
  0x00007fa0ede1a8e6:   84 95 01 00 00 4d 8b 9f b0 f3 09 00 4c 89 a4 24
  0x00007fa0ede1a8f6:   d8 03 00 00 45 31 d2 48 8d ac 24 b0 01 00 00 48
  0x00007fa0ede1a906:   89 14 24 4d 63 a3 2c 09 00 00 48 89 74 24 08 4c
  0x00007fa0ede1a916:   89 7c 24 10 48 89 5c 24 18 49 c1 e4 05 4c 89 ac
  0x00007fa0ede1a926:   24 e0 03 00 00 4c 8d 6c 24 24 31 c0 48 8d 15 67
  0x00007fa0ede1a936:   dd d6 01 44 89 d6 89 fb f3 0f bc c7 41 b9 01 00
  0x00007fa0ede1a946:   00 00 41 83 c2 01 48 89 c1 4c 01 e0 0f b6 14 10
  0x00007fa0ede1a956:   48 89 f0 48 c1 e6 04 41 d3 e1 49 89 d0 48 c1 e2
  0x00007fa0ede1a966:   05 44 31 cf 49 c1 e0 05 4c 01 da 47 0f b6 44 03
  0x00007fa0ede1a976:   2e 4f 8d 04 80 4f 8d 04 c3 4d 8b b8 28 04 00 00
=>0x00007fa0ede1a986:   4d 8b 7f 18 c6 44 35 00 00 4c 89 7c 35 08 44 8b
  0x00007fa0ede1a996:   7a 20 45 03 b8 18 04 00 00 0f b7 52 28 44 89 7c
  0x00007fa0ede1a9a6:   35 04 48 63 f0 45 31 ff 41 0f a3 ce 48 8d 34 76
  0x00007fa0ede1a9b6:   4d 8b 80 20 04 00 00 41 88 54 b5 03 0f 92 c2 83
  0x00007fa0ede1a9c6:   e0 7f c1 e2 07 66 45 89 7c b5 00 09 d0 4d 89 44
  0x00007fa0ede1a9d6:   b5 04 41 88 44 b5 02 41 39 d9 0f 85 4a ff ff ff
  0x00007fa0ede1a9e6:   48 8b 14 24 48 8b 74 24 08 4c 8b 7c 24 10 48 8b
  0x00007fa0ede1a9f6:   5c 24 18 4c 8b a4 24 d8 03 00 00 4c 8b ac 24 e0
  0x00007fa0ede1aa06:   03 00 00 0f b6 82 d4 07 00 00 0f b6 56 20 49 89
  0x00007fa0ede1aa16:   e8 31 c9 48 8b 7b 18 48 8d 74 24 20 01 d0 44 89
  0x00007fa0ede1aa26:   d2 89 44 24 20 67 e8 4f 90 3f 00 41 c6 87 ba f3
  0x00007fa0ede1aa36:   09 00 00 c6 83 00 bc 00 00 00 48 8b 84 24 b8 03
  0x00007fa0ede1aa46:   00 00 64 48 2b 04 25 28 00 00 00 75 3d 48 8b 9c
  0x00007fa0ede1aa56:   24 c8 03 00 00 48 8b ac 24 d0 03 00 00 4c 8b b4
  0x00007fa0ede1aa66:   24 e8 03 00 00 4c 8b bc 24 f0 03 00 00 48 81 c4
  0x00007fa0ede1aa76:   f8 03 00 00 c3 0f 1f 44 00 00 45 31 d2 48 8d ac


Stack slot to memory mapping:

stack at sp + 0 slots: 0x00007fa0be6028f0 points into unknown readable memory: 0x00007fa0a03d4890 | 90 48 3d a0 a0 7f 00 00
stack at sp + 1 slots: 0x00007fa11401b440 points into unknown readable memory: 0x0000000000000000 | 00 00 00 00 00 00 00 00
stack at sp + 2 slots: 0x00007fa0fc1e9cd0 points into unknown readable memory: 0x00007fa0fc2b7ba0 | a0 7b 2b fc a0 7f 00 00
stack at sp + 3 slots: 0x00007fa0fc35f7b0 points into unknown readable memory: 0x00007fa0fc1e9cd0 | d0 9c 1e fc a0 7f 00 00
stack at sp + 4 slots: 0x0 is null
stack at sp + 5 slots: 0x0000000000001000 is an unknown value
stack at sp + 6 slots: 0x00000000000004a0 is an unknown value
stack at sp + 7 slots: 0x00007fa0fc350000 points into unknown readable memory: 0x0000000000000000 | 00 00 00 00 00 00 00 00

Lock stack of current Java thread (top to bottom):


Compiled method (n/a) 1703167 2008     n 0       org.lwjgl.opengl.GL11::nglDrawElements (native)
 total in heap  [0x00007fa12f997388,0x00007fa12f9975e8] = 608
 main code      [0x00007fa12f997480,0x00007fa12f9975dd] = 349
 stub code      [0x00007fa12f9975dd,0x00007fa12f9975e0] = 3
 oops           [0x00007fa12f9975e0,0x00007fa12f9975e8] = 8
 mutable data [0x00007fa0fea58eb0,0x00007fa0fea58ed0] = 32
 relocation     [0x00007fa0fea58eb0,0x00007fa0fea58ed0] = 32

[Constant Pool (empty)]


Loading hsdis library failed, undisassembled code is shown in MachCode section
[MachCode]
[Entry Point]
  # {method} {0x00007fa0f4577640} 'nglDrawElements' '(IIIJJ)V' in 'org/lwjgl/opengl/GL11'
  # parm0:    rsi       = int
  # parm1:    rdx       = int
  # parm2:    rcx       = int
  # parm3:    r8:r8     = long
  # parm4:    r9:r9     = long
  #           [sp+0x60]  (sp of caller)
  0x00007fa12f997480: 6690 448b | 5608 443b 

  0x00007fa12f997488: ;   {runtime_call Shared Runtime ic_miss_blob}
  0x00007fa12f997488: 5008 0f85 | 50d2 9eff 
[Verified Entry Point]
  0x00007fa12f997490: 8984 2400 | c0fe ff55 | 488b ec48 | 83ec 5090 | 4181 7f20 | b800 0000 

  0x00007fa12f9974a8: ;   {runtime_call Stub::Stub Generator method_entry_barrier_stub}
  0x00007fa12f9974a8: 7405 e851 | 499d ff4c | 890c 244d | 8bc8 4c8b | c148 8bca 

  0x00007fa12f9974bc: ;   {oop(a 'java/lang/Class'{0x00000007ffd67330} = 'org/lwjgl/opengl/GL11')}
  0x00007fa12f9974bc: 488b d649 | be30 73d6 | ff07 0000 | 004c 8974 | 2438 4c8d | 7424 3849 | 8bf6 c5f8 

  0x00007fa12f9974d8: ;   {internal_word}
  0x00007fa12f9974d8: 7749 bad6 | 7499 2fa1 | 7f00 004d | 8997 7004 | 0000 4989 | a768 0400 | 0049 8dbf | 8804 0000 
  0x00007fa12f9974f8: 41c7 8704 | 0500 0004 

  0x00007fa12f997500: ;   {runtime_call Java_org_lwjgl_opengl_GL11_nglDrawElements}
  0x00007fa12f997500: 0000 00e8 | 1887 abc3 | c5f8 7741 | c787 0405 | 0000 0500 | 0000 f083 | 4424 c000 | 493b 6f28 
  0x00007fa12f997520: 0f87 0e00 | 0000 4183 | bf00 0500 | 0000 0f84 | 1c00 0000 | c5f8 7749 | 8bff 4c8b | e448 83ec 
  0x00007fa12f997540: 0048 83e4 

  0x00007fa12f997544: ;   {runtime_call}
  0x00007fa12f997544: f0e8 9684 | 2418 498b | e44d 33e4 | 41c7 8704 | 0500 0008 | 0000 0041 | 83bf 8805 | 0000 020f 
  0x00007fa12f997564: 8459 0000 | 0049 c787 | 6804 0000 | 0000 0000 | 49c7 8770 | 0400 0000 | 0000 00c5 | f877 498b 
  0x00007fa12f997584: 8fe8 0400 | 00c7 8100 | 0100 0000 | 0000 00c9 

  0x00007fa12f997594: ;   {poll_return}
  0x00007fa12f997594: 41f6 4728 

  0x00007fa12f997598: ;   {internal_word}
  0x00007fa12f997598: 0174 1649 | ba94 7599 | 2fa1 7f00 | 004d 8997 | 1005 0000 

  0x00007fa12f9975ac: ;   {runtime_call SafepointBlob}
  0x00007fa12f9975ac: e9af f59e | ff49 837f | 0800 0f85 | 0100 0000 

  0x00007fa12f9975bc: ;   {runtime_call Stub::Stub Generator forward_exception_stub}
  0x00007fa12f9975bc: c3e9 1eff | 99ff c5f8 | 774c 8be4 | 4883 ec00 | 4883 e4f0 

  0x00007fa12f9975d0: ;   {runtime_call}
  0x00007fa12f9975d0: e8fb 0e74 | 1849 8be4 | 4d33 e4eb | 8cf4 f4f4 
[/MachCode]


Compiled method (c2) 1703168 2692       4       com.badlogic.gdx.graphics.g2d.SpriteBatch::flush (185 bytes)
 total in heap  [0x00007fa12fa57808,0x00007fa12fa5a8f0] = 12520
 main code      [0x00007fa12fa57900,0x00007fa12fa5a858] = 12120
 stub code      [0x00007fa12fa5a858,0x00007fa12fa5a8e8] = 144
 oops           [0x00007fa12fa5a8e8,0x00007fa12fa5a8f0] = 8
 mutable data [0x00007fa10428c150,0x00007fa10428c818] = 1736
 relocation     [0x00007fa10428c150,0x00007fa10428c4f8] = 936
 metadata       [0x00007fa10428c4f8,0x00007fa10428c818] = 800
 immutable data [0x00007fa104828a70,0x00007fa10482b094] = 9764
 dependencies   [0x00007fa104828a70,0x00007fa104828b80] = 272
 nul chk table  [0x00007fa104828b80,0x00007fa104828d30] = 432
 handler table  [0x00007fa104828d30,0x00007fa104828e20] = 240
 scopes pcs     [0x00007fa104828e20,0x00007fa104829820] = 2560
 scopes data    [0x00007fa104829820,0x00007fa10482b090] = 6256

[Constant Pool (empty)]


Loading hsdis library failed, undisassembled code is shown in MachCode section
[MachCode]
[Instructions begin]
  0x00007fa12fa57900: 6690 448b | 5608 443b 

  0x00007fa12fa57908: ;   {runtime_call Shared Runtime ic_miss_blob}
  0x00007fa12fa57908: 5008 0f85 | d0cd 92ff 
[Verified Entry Point]
  0x00007fa12fa57910: 8984 2400 | c0fe ff55 | 4881 ec90 | 0000 0090 | 4181 7f20 | b800 0000 | 0f85 1e2f | 0000 4c8b 
  0x00007fa12fa57930: c644 8b56 | 0c45 85d2 | 0f84 5e0f | 0000 448b | 5e2c 458b | ca41 c1f9 | 1f4d 63d2 | 4d69 d267 
  0x00007fa12fa57950: 6666 6649 | c1fa 2341 | 8bca 412b | c941 3bcb | 0f8f 7812 | 0000 ff46 | 2844 8b5e | 3cff 4624 
  0x00007fa12fa57970: ; implicit exception: dispatches to 0x00007fa12fa5a4dc
  0x00007fa12fa57970: 478b 54dc | 0c47 8b4c 

  0x00007fa12fa57978: ;   {oop(a 'java/lang/Class'{0x00000007ffcdbd08} = 'com/badlogic/gdx/Gdx')}
  0x00007fa12fa57978: dc10 49bb | 08bd cdff | 0700 0000 | 418b 9390 | 0000 0045 | 8b5c d408 | 8d1c 8d00 | 0000 008d 
  0x00007fa12fa57998: ;   {metadata('com/badlogic/gdx/backends/lwjgl/LwjglGL20')}
  0x00007fa12fa57998: 1c4b 4181 | fb00 8008 | 010f 85dd 

  0x00007fa12fa579a4: ;   {oop(a 'java/lang/Class'{0x00000007ffd50018} = 'org/lwjgl/opengl/GLContext')}
  0x00007fa12fa579a4: 1b00 0049 | bb18 00d5 | ff07 0000 | 0041 8b4b | 7c41 8b7c | cc0c 4c8b | df49 c1e3 | 0349 8b97 
  0x00007fa12fa579c4: 5004 0000 | 488b 124c | 3bda 0f85 | b81d 0000 | 418b 6ccc | 1085 ed0f | 84eb 1e00 | 0049 8b8c 
  0x00007fa12fa579e4: ec30 1900 | 0048 85c9 | 0f84 021f | 0000 4889 | 5424 1089 | 5c24 0848 | 8bee 418b | f241 8bd1 
  0x00007fa12fa57a04: ;   {static_call}
  0x00007fa12fa57a04: c5f8 77e8 

  0x00007fa12fa57a08: ; ImmutableOopMap {rbp=Oop [16]=Oop }
                      ;*invokestatic nglBindTexture {reexecute=0 rethrow=0 return_oop=0}
                      ; - org.lwjgl.opengl.GL11::glBindTexture@16 (line 654)
                      ; - com.badlogic.gdx.backends.lwjgl.LwjglGL20::glBindTexture@2 (line 93)
                      ; - com.badlogic.gdx.graphics.GLTexture::bind@11 (line 66)
                      ; - com.badlogic.gdx.graphics.g2d.SpriteBatch::flush@58 (line 962)
  0x00007fa12fa57a08: 84b5 eaff 

  0x00007fa12fa57a0c: ;   {post_call_nop}
  0x00007fa12fa57a0c: 0f1f 8400 | 0402 0000 | 488b cd44 | 8b49 3444 | 8b41 3844 | 8b59 0c43 | 8b6c cc10 

  0x00007fa12fa57a28: ; implicit exception: dispatches to 0x00007fa12fa5a54c
  0x00007fa12fa57a28: 458b 54ec 

  0x00007fa12fa57a2c: ;   {metadata('com/badlogic/gdx/graphics/glutils/VertexArray')}
  0x00007fa12fa57a2c: 0841 81fa | c878 0901 | 0f85 761b | 0000 498d | 1cec 8b7b | 1841 8b74 | fc08 468d | 149d 0000 
  0x00007fa12fa57a4c: ;   {metadata('java/nio/DirectByteBuffer')}
  0x00007fa12fa57a4c: 0000 81fe | 982a 2e00 | 0f85 821b | 0000 48c1 | e703 8b6f | 2044 3bd5 | 0f8f ce1e | 0000 4585 
  0x00007fa12fa57a6c: d20f 8c05 | 1f00 0044 | 8957 1c8b | 6f18 413b | ea0f 8f31 | 1f00 008b | 6f0c 413b | ea0f 8f65 
  0x00007fa12fa57a8c: 1f00 0048 | 8bef 4889 | 5c24 2844 | 895c 2420 | 4889 4c24 | 184f 8d14 | cc4c 8954 | 2430 4489 
  0x00007fa12fa57aac: 4c24 0c49 | 8bf0 48c1 | e603 4533 | c048 8bd7 | 418b cb90 

  0x00007fa12fa57ac0: ;   {static_call}
  0x00007fa12fa57ac0: c5f8 77e8 

  0x00007fa12fa57ac4: ; ImmutableOopMap {rbp=Oop [12]=NarrowOop [16]=Oop [24]=Oop [40]=Oop [48]=Oop }
                      ;*invokestatic copyJni {reexecute=0 rethrow=0 return_oop=0}
                      ; - com.badlogic.gdx.utils.BufferUtils::copy@35 (line 54)
                      ; - com.badlogic.gdx.graphics.glutils.VertexArray::setVertices@7 (line 84)
                      ; - com.badlogic.gdx.graphics.Mesh::setVertices@7 (line 197)
                      ; - com.badlogic.gdx.graphics.g2d.SpriteBatch::flush@76 (line 964)
  0x00007fa12fa57ac4: 48a8 f2ff 

  0x00007fa12fa57ac8: ;   {post_call_nop}
  0x00007fa12fa57ac8: 0f1f 8400 | c002 0001 | 4c8b d541 | 8b6a 1c85 | ed0f 8c55 | 1f00 0041 | 8b6a 0c85 | ed0f 8f85 
  0x00007fa12fa57ae8: 1f00 0045 | 8962 184c | 8b54 2428 | 458b 5a14 

  0x00007fa12fa57af8: ; implicit exception: dispatches to 0x00007fa12fa5a598
  0x00007fa12fa57af8: 438b 6cdc | 1c85 ed0f | 8ca7 1f00 | 0047 8b4c | dc0c 4585 | c90f 8fd1 | 1f00 0047 | 8964 dc18 
  0x00007fa12fa57b18: 438b 6cdc | 2044 8b54 | 2420 443b | d50f 8ff5 | 1f00 0045 | 85d2 0f8c | 1820 0000 | 4789 54dc 
  0x00007fa12fa57b38: 1c45 3bca | 0f8f 2a20 | 0000 448b | 5424 0c43 | 8b6c d414 

  0x00007fa12fa57b4c: ; implicit exception: dispatches to 0x00007fa12fa5a5b0
  0x00007fa12fa57b4c: 458b 5cec 

  0x00007fa12fa57b50: ;   {metadata('com/badlogic/gdx/graphics/glutils/IndexArray')}
  0x00007fa12fa57b50: 0841 81fb | 1052 0901 | 0f85 b61a | 0000 4d8d | 1cec 458b | 4310 438b | 6cc4 1c85 | ed0f 8c1d 
  0x00007fa12fa57b70: 2000 0043 | 8b4c c40c | 85c9 0f8f | 3420 0000 | 4789 64c4 | 1843 8b6c | c420 448b | 5c24 0844 
  0x00007fa12fa57b90: 3bdd 0f8f | 4020 0000 | 4585 db0f | 8c6b 2000 | 0047 895c | c41c 413b | cb0f 8f7d | 2000 0048 
  0x00007fa12fa57bb0: 8b4c 2418 | 0fb6 6931 | 85ed 0f85 | 9020 0000 

  0x00007fa12fa57bc0: ;   {oop(a 'java/lang/Class'{0x00000007ffcdbd08} = 'com/badlogic/gdx/Gdx')}
  0x00007fa12fa57bc0: 49b8 08bd | cdff 0700 | 0000 418b | a890 0000 | 0045 8b44 

  0x00007fa12fa57bd4: ;   {metadata('com/badlogic/gdx/backends/lwjgl/LwjglGL20')}
  0x00007fa12fa57bd4: ec08 4181 | f800 8008 | 010f 8549 

  0x00007fa12fa57be0: ;   {oop(a 'java/lang/Class'{0x00000007ffd50018} = 'org/lwjgl/opengl/GLContext')}
  0x00007fa12fa57be0: 1a00 0049 | b818 00d5 | ff07 0000 | 0045 8b48 | 7c43 8b6c | cc0c 4c8b | c549 c1e0 | 0348 8b5c 
  0x00007fa12fa57c00: 2410 4c3b | c30f 85b1 | 1b00 0043 | 8b6c cc10 | 85ed 0f84 | 5820 0000 | 498b 94ec | 601a 0000 
  0x00007fa12fa57c20: 4885 d20f | 8467 2000 | 0048 8be9 | bee2 0b00 | 0066 6690 

  0x00007fa12fa57c34: ;   {static_call}
  0x00007fa12fa57c34: c5f8 77e8 

  0x00007fa12fa57c38: ; ImmutableOopMap {rbp=Oop [12]=NarrowOop [16]=Oop [48]=Oop }
                      ;*invokestatic nglEnable {reexecute=0 rethrow=0 return_oop=0}
                      ; - org.lwjgl.opengl.GL11::glEnable@15 (line 1015)
                      ; - com.badlogic.gdx.backends.lwjgl.LwjglGL20::glEnable@1 (line 292)
                      ; - com.badlogic.gdx.graphics.g2d.SpriteBatch::flush@125 (line 971)
  0x00007fa12fa57c38: 54db f2ff 

  0x00007fa12fa57c3c: ;   {post_call_nop}
  0x00007fa12fa57c3c: 0f1f 8400 | 3404 0002 | 4c8b cd45 | 8b59 1841 | 83fb ff0f | 847b 2000 | 0045 8b51 

  0x00007fa12fa57c58: ;   {oop(a 'java/lang/Class'{0x00000007ffcdbd08} = 'com/badlogic/gdx/Gdx')}
  0x00007fa12fa57c58: 1c49 b808 | bdcd ff07 | 0000 0041 | 8ba8 9000 | 0000 418b 

  0x00007fa12fa57c6c: ;   {metadata('com/badlogic/gdx/backends/lwjgl/LwjglGL20')}
  0x00007fa12fa57c6c: 4cec 0881 | f900 8008 | 010f 85d1 

  0x00007fa12fa57c78: ;   {oop(a 'java/lang/Class'{0x00000007ffd50018} = 'org/lwjgl/opengl/GLContext')}
  0x00007fa12fa57c78: 1900 0049 | b818 00d5 | ff07 0000 | 0041 8b48 | 7c41 8b6c | cc0c 4c8b | c549 c1e0 | 0348 8b5c 
  0x00007fa12fa57c98: 2410 4c3b | c30f 8545 | 1b00 0041 | 8b6c cc10 | 85ed 0f84 | 3c20 0000 | 498b 8cec | 2019 0000 
  0x00007fa12fa57cb8: 4885 c90f | 844f 2000 | 0045 8bc2 | 4889 5c24 | 1849 8be9 | 418b f341 | 8bd0 6690 

  0x00007fa12fa57cd4: ;   {static_call}
  0x00007fa12fa57cd4: c5f8 77e8 

  0x00007fa12fa57cd8: ; ImmutableOopMap {rbp=Oop [12]=NarrowOop [24]=Oop [48]=Oop }
                      ;*invokestatic nglBlendFunc {reexecute=0 rethrow=0 return_oop=0}
                      ; - org.lwjgl.opengl.GL11::glBlendFunc@16 (line 627)
                      ; - com.badlogic.gdx.backends.lwjgl.LwjglGL20::glBlendFunc@2 (line 109)
                      ; - com.badlogic.gdx.graphics.g2d.SpriteBatch::flush@149 (line 972)
  0x00007fa12fa57cd8: b4f4 f3ff 

  0x00007fa12fa57cdc: ;   {post_call_nop}
  0x00007fa12fa57cdc: 0f1f 8400 | d404 0003 | 4c8b c545 | 8b50 5045 | 85d2 0f84 | 5c20 0000 | 8b4c 2408 | 85c9 0f84 
  0x00007fa12fa57cfc: 6c20 0000 | 448b 4c24 | 0c43 0fb6 | 7ccc 0c85 | ff0f 8471 | 2000 0043 | 8b6c cc10 

  0x00007fa12fa57d18: ; implicit exception: dispatches to 0x00007fa12fa5a648
  0x00007fa12fa57d18: 458b 5cec 

  0x00007fa12fa57d1c: ;   {metadata('com/badlogic/gdx/graphics/glutils/VertexArray')}
  0x00007fa12fa57d1c: 0841 81fb | c878 0901 | 0f85 4619 | 0000 498d | 14ec 448b | 5a10 438b | 5cdc 1841 | 8b44 dc0c 
  0x00007fa12fa57d3c: 448b 5a14 

  0x00007fa12fa57d40: ; implicit exception: dispatches to 0x00007fa12fa5a690
  0x00007fa12fa57d40: 438b 5cdc | 1c44 8bd8 | 897c 242c | 4489 4c24 | 2889 4c24 | 144c 8944 | 2420 448b | 4218 4889 
  0x00007fa12fa57d60: 5424 08c1 | e302 478b 

  0x00007fa12fa57d68: ;   {metadata('java/nio/DirectByteBuffer')}
  0x00007fa12fa57d68: 4cc4 0841 | 81f9 982a | 2e00 0f85 | 2419 0000 | 4f8d 0cc4 | 418b 6920 | 3bdd 0f8f | 2420 0000 
  0x00007fa12fa57d88: 85db 0f8c | 5820 0000 | 4189 591c | 418b 6918 | 3beb 0f8f | 9820 0000 | 418b 690c | 3beb 0f8f 
  0x00007fa12fa57da8: c820 0000 | 418b ca4f | 8d0c d485 | c00f 86fe | 0400 0033 | ffe9 5807 | 0000 33db | 83fa 200f 
  0x00007fa12fa57dc8: 8c75 0100 | 0045 33d2 | c5d5 efed | c5cd eff6 | c5c5 efff | c441 35ef 

  0x00007fa12fa57de0: ;   {external_word}
  0x00007fa12fa57de0: c949 bb20 | 664b 48a1 | 7f00 0045 | 8b03 c4c1 | 796e c0c4 | e27d 58c0 | 448b da41 | 83e3 e041 
  0x00007fa12fa57e00: 0faf d8c4 | 217a 7e04 | 17c4 217a | 7e54 1708 | c421 7a7e | 5c17 10c4 | 217a 7e64 | 1718 c4e2 
  0x00007fa12fa57e20: 5540 e8c4 | 427d 31c0 | c4c1 55fe | e8c4 e24d | 40f0 c442 | 7d31 d2c4 | c14d fef2 | c4e2 4540 
  0x00007fa12fa57e40: f8c4 427d | 31db c4c1 | 45fe fbc4 | 6235 40c8 | c442 7d31 | e4c4 4135 | fecc 4183 | c220 453b 
  0x00007fa12fa57e60: d37c 9c4a | 8d3c 1f41 

  0x00007fa12fa57e68: ;   {external_word}
  0x00007fa12fa57e68: 2bd3 49bb | 2466 4b48 | a17f 0000 | c4c1 7e6f | 0bc4 e255 

  0x00007fa12fa57e7c: ;   {external_word}
  0x00007fa12fa57e7c: 40e9 49bb | 4466 4b48 | a17f 0000 | c4c1 7e6f | 13c4 e24d 

  0x00007fa12fa57e90: ;   {external_word}
  0x00007fa12fa57e90: 40f2 49bb | 6466 4b48 | a17f 0000 | c4c1 7e6f | 1bc4 e245 

  0x00007fa12fa57ea4: ;   {external_word}
  0x00007fa12fa57ea4: 40fb 49bb | 8466 4b48 | a17f 0000 | c4c1 7e6f | 23c4 6235 | 40cc c462 | 5502 c5c4 | 437d 39c2 
  0x00007fa12fa57ec4: 01c4 4139 | fec2 c442 | 3902 c0c5 | 796e d3c4 | 4139 fec2 | c579 7ec3 | c462 4d02 | dec4 437d 
  0x00007fa12fa57ee4: 39dc 01c4 | 4121 fedc | c442 2102 | dbc5 796e | e3c4 4121 | fedc c579 | 7edb c462 | 4502 c7c4 
  0x00007fa12fa57f04: 437d 39c2 | 01c4 4139 | fec2 c442 | 3902 c0c5 | 796e d3c4 | 4139 fec2 | c579 7ec3 | c442 3502 
  0x00007fa12fa57f24: d9c4 437d | 39dc 01c4 | 4121 fedc | c442 2102 | dbc5 796e | e3c4 4121 | fedc c579 | 7edb 41ba 
  0x00007fa12fa57f44: 0100 0000 | 443b d20f | 8d2e 0000 | 0041 b8c1 | 0300 0041 | 0faf d846 | 0fb6 5c17 | ff45 8bc3 
  0x00007fa12fa57f64: 41c1 e005 | 452b c341 | 03d8 460f | b604 1741 | 03d8 4183 | c202 443b | d27c d27f | 1244 8bdb 
  0x00007fa12fa57f84: c1e3 0541 | 2bdb 460f | b644 17ff | 4103 d885 | db0f 8462 | 0c00 0044 | 8b5c 244c | 4389 5cdc 
  0x00007fa12fa57fa4: ;   {other}
  0x00007fa12fa57fa4: 0c44 8bdb | 0f1f 8400 | 0000 0000 | 458b d344 | 8b44 2450 | 4723 54c4 | 2043 8b6c | c430 458b 
  0x00007fa12fa57fc4: 44ec 0c45 | 3bd0 0f83 | a40c 0000 | 4d8d 04ec | 438b 6c90 | 1044 8b4c | 244c 443b | cd0f 8455 
  0x00007fa12fa57fe4: 0100 0045 | 8b4c ec08 

  0x00007fa12fa57fec: ;   {metadata('java/lang/String')}
  0x00007fa12fa57fec: 4181 f968 | 8917 000f | 853b 2200 | 0044 8b44 | 244c 470f | be4c c410 | 4d8d 04ec | 410f be58 
  0x00007fa12fa5800c: 1044 3bcb | 0f85 420f | 0000 458b | 4814 8b4c | 244c 458b | 44cc 1443 | 8b7c cc0c | 438b 4cc4 
  0x00007fa12fa5802c: 0c3b cf0f | 8523 0f00 | 004b 8d74 | cc10 4b8d | 7cc4 1085 | c90f 84dc | 0000 008b | c183 e01f 
  0x00007fa12fa5804c: 83e1 e00f | 8452 0000 | 0048 8d3c | 0f48 8d34 | 0e48 f7d9 | c5fe 6f04 | 0fc5 fe6f | 0c0e c5fd 
  0x00007fa12fa5806c: efc1 c4e2 | 7d17 c00f | 85b1 0000 | 0048 83c1 | 2075 e185 | c00f 849c | 0000 00c5 | fe6f 4407 
  0x00007fa12fa5808c: e0c5 fe6f | 4c06 e0c5 | fdef c1c4 | e27d 17c0 | 0f85 8800 | 0000 e97c | 0000 008b | c883 e00f 
  0x00007fa12fa580ac: 83e1 f00f | 842a 0000 | 0048 8d3c | 0f48 8d34 | 0e48 f7d9 | c5fa 6f04 | 0fc5 fa6f | 0c0e c5f9 
  0x00007fa12fa580cc: efc1 c4e2 | 7917 c00f | 8551 0000 | 0048 83c1 | 1075 e18b | c883 e1fc | 7419 488d 

  0x00007fa12fa580e8: ;   {other}
  0x00007fa12fa580e8: 3c0f 488d | 340e 48f7 | d98b 1c0f | 3b1c 0e75 | 3148 83c1 | 0475 f2a8 | 0274 120f | b71f 0fb7 
  0x00007fa12fa58108: 0e3b d975 | 1d48 8d7f | 0248 8d76 | 02a8 0174 | 0a0f b61f | 0fb6 0e3b | d975 07b8 | 0100 0000 
  0x00007fa12fa58128: eb02 33c0 | c5fd efc0 | c5f5 efc9 | 85c0 0f84 | 1c0e 0000 | 448b 5c24 | 5043 8b6c | dc34 458b 
  0x00007fa12fa58148: 44ec 0c45 | 3bd0 0f83 | 940b 0000 | 4d8d 1cec | 478b 5493 | 1044 8954 | 244c 4585 | d20f 8c31 
  0x00007fa12fa58168: ;   {oop(a 'java/lang/Class'{0x00000007ffcdbd08} = 'com/badlogic/gdx/Gdx')}
  0x00007fa12fa58168: 0f00 0049 | ba08 bdcd | ff07 0000 | 0045 8b9a | 9400 0000 | 448b 4424 | 3843 0fb6 | 6cc4 1d85 
  0x00007fa12fa58188: ed0f 8579 | 0f00 0047 | 8b54 dc08 

  0x00007fa12fa58194: ;   {metadata('com/badlogic/gdx/backends/lwjgl/LwjglGL20')}
  0x00007fa12fa58194: 4181 fa00 | 8008 010f | 8587 0c00 

  0x00007fa12fa581a0: ;   {oop(a 'java/lang/Class'{0x00000007ffd50018} = 'org/lwjgl/opengl/GLContext')}
  0x00007fa12fa581a0: 0049 ba18 | 00d5 ff07 | 0000 0045 | 8b52 7c43 | 8b6c d40c | 4c8b dd49 | c1e3 034c | 8b44 2418 
  0x00007fa12fa581c0: 4d3b d80f | 855b 0e00 | 0043 8b6c | d410 85ed | 0f84 920f | 0000 498b | 94ec e823 | 0000 4885 
  0x00007fa12fa581e0: d20f 84d9 | 0f00 008b | 7424 4c48 | 8b6c 2430 

  0x00007fa12fa581f0: ;   {static_call}
  0x00007fa12fa581f0: c5f8 77e8 

  0x00007fa12fa581f4: ; ImmutableOopMap {rbp=Oop [8]=Oop [24]=Oop [32]=Oop [40]=NarrowOop [48]=Oop [56]=NarrowOop [64]=Oop [72]=NarrowOop [88]=Oop }
                      ;*invokestatic nglEnableVertexAttribArray {reexecute=0 rethrow=0 return_oop=0}
                      ; - org.lwjgl.opengl.GL20::glEnableVertexAttribArray@15 (line 912)
                      ; - com.badlogic.gdx.backends.lwjgl.LwjglGL20::glEnableVertexAttribArray@1 (line 296)
                      ; - com.badlogic.gdx.graphics.glutils.ShaderProgram::enableVertexAttribute@10 (line 742)
                      ; - com.badlogic.gdx.graphics.glutils.VertexArray::bind@71 (line 111)
                      ; - com.badlogic.gdx.graphics.Mesh::bind@6 (line 380)
                      ; - com.badlogic.gdx.graphics.Mesh::bind@3 (line 371)
                      ; - com.badlogic.gdx.graphics.Mesh::render@13 (line 479)
                      ; - com.badlogic.gdx.graphics.Mesh::render@10 (line 449)
                      ; - com.badlogic.gdx.graphics.g2d.SpriteBatch::flush@176 (line 975)
  0x00007fa12fa581f4: 183c f2ff 

  0x00007fa12fa581f8: ;   {post_call_nop}
  0x00007fa12fa581f8: 0f1f 8400 | f009 0004 | 4c8b 5424 | 0845 8b52 | 1844 8b44 | 2448 478b | 5cc4 1847 | 8b44 d408 
  0x00007fa12fa58218: ;   {metadata('java/nio/DirectByteBuffer')}
  0x00007fa12fa58218: 4181 f898 | 2a2e 000f | 858b 0c00 | 004f 8d04 | d441 8b68 | 1c44 3bdd | 0f8f 0e10 | 0000 4585 
  0x00007fa12fa58238: db0f 8c7d | 1000 0041 | 8b68 0c41 | 3beb 0f8f | 2411 0000 | 4589 5818 | 4c8b 5c24 | 0845 8b43 
  0x00007fa12fa58258: 1043 8b7c | c40c 448b | 4424 4843 | 8b4c c410 | 49c1 e203 | 478b 44c4 | 1444 8b4c | 2448 470f 
  0x00007fa12fa58278: b64c cc24 | 488b 7424 | 408b 5424 | 4c4c 8914 | 2448 8b6c | 2430 6690 

  0x00007fa12fa58290: ;   {optimized virtual_call}
  0x00007fa12fa58290: c5f8 77e8 

  0x00007fa12fa58294: ; ImmutableOopMap {rbp=Oop [8]=Oop [24]=Oop [32]=Oop [40]=NarrowOop [48]=Oop [56]=NarrowOop [64]=Oop }
                      ;*invokevirtual setVertexAttribute {reexecute=0 rethrow=0 return_oop=0}
                      ; - com.badlogic.gdx.graphics.glutils.VertexArray::bind@116 (line 114)
                      ; - com.badlogic.gdx.graphics.Mesh::bind@6 (line 380)
                      ; - com.badlogic.gdx.graphics.Mesh::bind@3 (line 371)
                      ; - com.badlogic.gdx.graphics.Mesh::render@13 (line 479)
                      ; - com.badlogic.gdx.graphics.Mesh::render@10 (line 449)
                      ; - com.badlogic.gdx.graphics.g2d.SpriteBatch::flush@176 (line 975)
  0x00007fa12fa58294: f8e4 fdff 

  0x00007fa12fa58298: ;   {post_call_nop}
  0x00007fa12fa58298: 0f1f 8400 | 900a 0005 | 8b7c 2410 | ffc7 3b7c | 243c 0f8c | 5c02 0000 | 8b4c 2438 | 4c8b 4c24 
  0x00007fa12fa582b8: 404c 8b54 | 2408 41c6 | 420c 0144 | 8b54 2428 | 438b 6cd4 | 1445 8b44 

  0x00007fa12fa582d0: ;   {metadata('com/badlogic/gdx/graphics/glutils/IndexArray')}
  0x00007fa12fa582d0: ec08 4181 | f810 5209 | 010f 8509 | 1400 004d | 8d1c ec41 | 0fb6 6b0c | 85ed 0f85 | c01b 0000 
  0x00007fa12fa582f0: 418b 5b10 

  0x00007fa12fa582f4: ; implicit exception: dispatches to 0x00007fa12fa5a6d8
  0x00007fa12fa582f4: 418b 54dc | 1c85 d20f | 8e13 1500 | 0043 0fb6 | 6cd4 0d85 | ed0f 84c9 | 1b00 0045 | 8b5c dc18 
  0x00007fa12fa58314: 85d2 0f8c | d81b 0000 | 458b 44dc | 0c45 85c0 | 0f8f 221c | 0000 4489 | 5c24 2889 | 5424 104c 
  0x00007fa12fa58334: 894c 2438 | 894c 240c | 4489 5424 | 0845 8964 | dc18 418b | 6cdc 2044 | 8b5c 2414 | 443b dd0f 
  0x00007fa12fa58354: 8f53 1c00 | 0044 8b54 | 2414 4589 | 54dc 1c45 | 3bc2 0f8f | 7c1c 0000 | 895c 2414 

  0x00007fa12fa58370: ;   {oop(a 'java/lang/Class'{0x00000007ffcdbd08} = 'com/badlogic/gdx/Gdx')}
  0x00007fa12fa58370: 49bb 08bd | cdff 0700 | 0000 418b | ab94 0000 | 0045 8b44 

  0x00007fa12fa58384: ;   {metadata('com/badlogic/gdx/backends/lwjgl/LwjglGL20')}
  0x00007fa12fa58384: ec08 4181 | f800 8008 | 010f 857d 

  0x00007fa12fa58390: ;   {oop(a 'java/lang/Class'{0x00000007ffd50018} = 'org/lwjgl/opengl/GLContext')}
  0x00007fa12fa58390: 1300 0049 | bb18 00d5 | ff07 0000 | 0045 8b43 | 7c43 8b6c | c40c 4c8b | dd49 c1e3 | 034c 8b4c 
  0x00007fa12fa583b0: 2418 4d3b | d90f 858d | 1400 0047 | 8b5c c410 | 4585 db0f | 846b 1c00 | 004f 8b8c | dc88 1a00 
  0x00007fa12fa583d0: 004d 85c9 | 0f84 8e1c | 0000 478b | 84dc ac3f | 0000 438b | 4cc4 1041 | 8b5c cc10 | 418b 6ccc 
  0x00007fa12fa583f0: 0c45 8b44 | dc0c 413b | e80f 8311 | 1100 004d | 8d04 dc41 | 8b4c a810 

  0x00007fa12fa58408: ; implicit exception: dispatches to 0x00007fa12fa5a768
  0x00007fa12fa58408: 418b 6ccc | 1885 ed0f | 854b 1400 | 0041 8b6c | cc0c 85ed | 0f85 aa1c | 0000 4585 | d20f 8e33 
  0x00007fa12fa58428: 0700 0041 

  0x00007fa12fa5842c: ;   {oop(a 'org/lwjgl/MemoryUtilSun$AccessorUnsafe'{0x00000007ffcd1a08})}
  0x00007fa12fa5842c: 8bd2 49ba | 081a cdff | 0700 0000 | 4d8b 5a10 | 453b 620c | 0f84 1e11 | 0000 448b | 4424 144b 
  0x00007fa12fa5844c: 8d2c c44e | 8b44 1d00 | be04 0000 | 00b9 0314 | 0000 6690 

  0x00007fa12fa58460: ;   {static_call}
  0x00007fa12fa58460: c5f8 77e8 

  0x00007fa12fa58464: ; ImmutableOopMap {rbp=Oop [8]=NarrowOop [12]=NarrowOop [20]=NarrowOop [24]=Oop [32]=Oop [48]=Oop [56]=Oop }
                      ;*invokestatic nglDrawElements {reexecute=0 rethrow=0 return_oop=0}
                      ; - org.lwjgl.opengl.GL11::glDrawElements@34 (line 1110)
                      ; - com.badlogic.gdx.backends.lwjgl.LwjglGL20::glDrawElements@21 (line 281)
                      ; - com.badlogic.gdx.graphics.Mesh::render@88 (line 488)
                      ; - com.badlogic.gdx.graphics.Mesh::render@10 (line 449)
                      ; - com.badlogic.gdx.graphics.g2d.SpriteBatch::flush@176 (line 975)
  0x00007fa12fa58464: 28f0 f3ff 

  0x00007fa12fa58468: ;   {post_call_nop}
  0x00007fa12fa58468: 0f1f 8400 | 600c 0006 | 448b 4424 | 1443 8b6c | c41c 448b | 5c24 2844 | 3bdd 0f8f | 7c1c 0000 
  0x00007fa12fa58488: 4585 db0f | 8cb3 1c00 | 0047 8b4c | c40c 453b | cb0f 8fc9 | 1c00 0047 | 895c c418 | 438b 6cc4 
  0x00007fa12fa584a8: 2044 8b54 | 2410 443b | d50f 8ff1 | 1c00 0047 | 8954 c41c | 453b da0f | 8f0f 1d00 | 0045 3bca 
  0x00007fa12fa584c8: 0f8f 261d | 0000 448b | 4424 0843 | 8b6c c410 

  0x00007fa12fa584d8: ; implicit exception: dispatches to 0x00007fa12fa5a780
  0x00007fa12fa584d8: 458b 54ec 

  0x00007fa12fa584dc: ;   {metadata('com/badlogic/gdx/graphics/glutils/VertexArray')}
  0x00007fa12fa584dc: 0841 81fa | c878 0901 | 0f85 6e12 | 0000 498d | 1cec 448b | 5b10 478b | 54dc 1847 | 8b54 d40c 
  0x00007fa12fa584fc: 4585 d20f | 8651 0300 | 0033 c9e9 | b503 0000 | 8b4c 2438 | 448b 5c24 | 3c4c 8b4c | 2440 4c8b 
  0x00007fa12fa5851c: 4424 0845 | 8b50 1043 | 8b5c d418 | 897c 2410 | 4c89 4c24 | 4044 895c | 243c 894c | 2438 458b 
  0x00007fa12fa5853c: 5cdc 0c41 | 3bfb 0f83 | e206 0000 | 4d8d 14dc | 458b 54ba | 1044 8954 | 2448 478b | 5cd4 2844 
  0x00007fa12fa5855c: 895c 244c | 458b 54cc | 3444 8954 | 2450 4585 | d20f 84e5 | 0600 0044 | 8b5c 244c 

  0x00007fa12fa58578: ; implicit exception: dispatches to 0x00007fa12fa5a340
  0x00007fa12fa58578: 478b 5cdc | 0c44 8b54 | 2448 49c1 | e203 4c89 | 5424 5845 | 85db 0f85 | 1cfa ffff | 448b 5c24 
  0x00007fa12fa58598: 4c47 0fb6 | 5cdc 1145 | 85db 0f85 | 2306 0000 | 448b 5424 | 4c47 8b5c | d414 4380 | 7cd4 1000 
  0x00007fa12fa585b8: 0f85 a705 | 0000 438b | 54dc 0c4b | 8d7c dc10 | 83fa 020f | 8df1 f7ff | ff85 d277 | 0b45 33d2 
  0x00007fa12fa585d8: 418b dae9 

  0x00007fa12fa585dc: ;   {other}
  0x00007fa12fa585dc: b3f9 ffff | 440f b61f | 418b dbe9 | a7f9 ffff | 0f1f 4000 | 4489 4424 | 0848 895c | 2410 4489 
  0x00007fa12fa585fc: 5424 2889 | 4c24 2c89 | 7c24 4044 | 895c 2444 | 448b c844 | 8bd6 458b | 44f4 3045 | 8bd9 4523 
  0x00007fa12fa5861c: 5cf4 2043 | 8b4c c40c | 443b d90f | 834f 0700 | 0049 c1e0 | 0343 8b6c | 9810 448b | 4424 4044 
  0x00007fa12fa5863c: 3bc5 0f84 | 5301 0000 

  0x00007fa12fa58644: ; implicit exception: dispatches to 0x00007fa12fa58fdc
  0x00007fa12fa58644: 458b 44ec 

  0x00007fa12fa58648: ;   {metadata('java/lang/String')}
  0x00007fa12fa58648: 0841 81f8 | 6889 1700 | 0f85 3e1c | 0000 8b4c | 2440 450f | be44 cc10 | 498d 0cec | 0fbe 5910 
  0x00007fa12fa58668: 443b c30f | 856b 0900 | 0044 8b41 | 148b 4c24 | 4041 8b7c | cc14 438b | 5cc4 0c41 | 8b4c fc0c 
  0x00007fa12fa58688: 3bcb 0f85 | 4c09 0000 | 4b8d 74c4 | 1049 8d7c | fc10 85c9 | 0f84 dc00 | 0000 8bc1 | 83e0 1f83 
  0x00007fa12fa586a8: e1e0 0f84 | 5200 0000 | 488d 3c0f | 488d 340e | 48f7 d9c5 | fe6f 0c0f | c5fe 6f04 | 0ec5 f5ef 
  0x00007fa12fa586c8: c8c4 e27d | 17c9 0f85 | b100 0000 | 4883 c120 | 75e1 85c0 | 0f84 9c00 | 0000 c5fe | 6f4c 07e0 
  0x00007fa12fa586e8: c5fe 6f44 | 06e0 c5f5 | efc8 c4e2 | 7d17 c90f | 8588 0000 | 00e9 7c00 | 0000 8bc8 | 83e0 0f83 
  0x00007fa12fa58708: e1f0 0f84 | 2a00 0000 | 488d 3c0f | 488d 340e | 48f7 d9c5 | fa6f 0c0f | c5fa 6f04 | 0ec5 f1ef 
  0x00007fa12fa58728: c8c4 e279 | 17c9 0f85 | 5100 0000 | 4883 c110 | 75e1 8bc8 | 83e1 fc74 | 1948 8d3c | 0f48 8d34 
  0x00007fa12fa58748: ;   {other}
  0x00007fa12fa58748: 0e48 f7d9 | 8b1c 0f3b | 1c0e 7531 | 4883 c104 | 75f2 a802 | 7412 0fb7 | 1f0f b70e | 3bd9 751d 
  0x00007fa12fa58768: 488d 7f02 | 488d 7602 | a801 740a | 0fb6 1f0f | b60e 3bd9 | 7507 b801 | 0000 00eb | 0233 c0c5 
  0x00007fa12fa58788: f5ef c9c5 | fdef c085 | c00f 8445 | 0800 0043 | 8b6c d434 

  0x00007fa12fa5879c: ; implicit exception: dispatches to 0x00007fa12fa5a464
  0x00007fa12fa5879c: 458b 54ec | 0c45 3bda | 0f83 3606 | 0000 4d8d | 14ec 478b | 549a 1041 | 83fa fe0f | 8467 0c00 
  0x00007fa12fa587bc: 0045 8bc2 | 4183 faff | 0f84 9e0c | 0000 448b | 5424 4447 | 8b5c d408 

  0x00007fa12fa587d4: ;   {metadata('com/badlogic/gdx/backends/lwjgl/LwjglGL20')}
  0x00007fa12fa587d4: 4181 fb00 | 8008 010f | 8557 0700 

  0x00007fa12fa587e0: ;   {oop(a 'java/lang/Class'{0x00000007ffd50018} = 'org/lwjgl/opengl/GLContext')}
  0x00007fa12fa587e0: 0049 ba18 | 00d5 ff07 | 0000 0045 | 8b5a 7c43 | 8b6c dc0c | 4c8b d549 | c1e2 034c | 8b4c 2418 
  0x00007fa12fa58800: 4d3b d10f | 8557 0800 | 0043 8b6c | dc10 85ed | 0f84 720c | 0000 498b | 94ec f023 | 0000 4885 
  0x00007fa12fa58820: d20f 8499 | 0c00 0045 | 8bd0 418b | f266 6690 

  0x00007fa12fa58830: ;   {static_call}
  0x00007fa12fa58830: c5f8 77e8 

  0x00007fa12fa58834: ; ImmutableOopMap {[8]=NarrowOop [12]=NarrowOop [16]=Oop [24]=Oop [32]=Oop [48]=Oop [56]=Oop }
                      ;*invokestatic nglDisableVertexAttribArray {reexecute=0 rethrow=0 return_oop=0}
                      ; - org.lwjgl.opengl.GL20::glDisableVertexAttribArray@15 (line 920)
                      ; - com.badlogic.gdx.backends.lwjgl.LwjglGL20::glDisableVertexAttribArray@1 (line 272)
                      ; - com.badlogic.gdx.graphics.glutils.ShaderProgram::disableVertexAttribute@22 (line 719)
                      ; - com.badlogic.gdx.graphics.glutils.VertexArray::unbind@34 (line 145)
                      ; - com.badlogic.gdx.graphics.Mesh::unbind@6 (line 398)
                      ; - com.badlogic.gdx.graphics.Mesh::unbind@3 (line 389)
                      ; - com.badlogic.gdx.graphics.Mesh::render@178 (line 501)
                      ; - com.badlogic.gdx.graphics.Mesh::render@10 (line 449)
                      ; - com.badlogic.gdx.graphics.g2d.SpriteBatch::flush@176 (line 975)
  0x00007fa12fa58834: d83b f2ff 

  0x00007fa12fa58838: ;   {post_call_nop}
  0x00007fa12fa58838: 0f1f 8400 | 3010 0007 | 8b4c 242c | ffc1 3b4c | 2428 7c66 | 448b 4424 | 0848 8b5c | 2410 4488 
  0x00007fa12fa58858: 630c 438b | 6cc4 1445 | 8b5c ec08 

  0x00007fa12fa58864: ;   {metadata('com/badlogic/gdx/graphics/glutils/IndexArray')}
  0x00007fa12fa58864: 4181 fb10 | 5209 010f | 85ff 0e00 | 004d 8d14 | ec41 0fb6 | 6a0c 85ed | 0f85 9619 | 0000 458b 
  0x00007fa12fa58884: 5a10 438b | 6cdc 1c85 | ed0f 8e21 | 1000 004c | 8b54 2420 | 4589 620c | c5f8 7748 | 81c4 9000 
  0x00007fa12fa588a4: ;   {poll_return}
  0x00007fa12fa588a4: 0000 5d49 | 3b67 280f | 8785 1f00 | 00c3 448b | 4424 0848 | 8b5c 2410 | 448b 5424 | 2844 8b5b 
  0x00007fa12fa588c4: 1043 8b6c | dc18 458b | 4cec 0c41 | 3bc9 0f83 | 5804 0000 | 4d8d 1cec | 458b 5c8b | 1043 8b7c 
  0x00007fa12fa588e4: dc28 448b | 4c24 0c43 | 0fb6 54cc 

  0x00007fa12fa588f0: ;   {oop(a 'java/lang/Class'{0x00000007ffcdbd08} = 'com/badlogic/gdx/Gdx')}
  0x00007fa12fa588f0: 1d49 bb08 | bdcd ff07 | 0000 0045 | 8b9b 9400 | 0000 85d2 | 0f85 de0a | 0000 438b | 74cc 3485 
  0x00007fa12fa58910: f60f 844d | 0400 0041 | 8b44 fc0c | 85c0 0f85 | ccfc ffff | 8974 2448 | 4489 5c24 | 4489 7c24 
  0x00007fa12fa58930: 4089 4c24 | 2c44 8954 | 2428 4889 | 5c24 1044 | 8944 2408 | 450f b654 | fc11 4585 | d20f 8580 
  0x00007fa12fa58950: 0200 0045 | 8b54 fc14 | 4180 7cfc | 1000 0f85 | 3702 0000 

  0x00007fa12fa58964: ; implicit exception: dispatches to 0x00007fa12fa5a4c4
  0x00007fa12fa58964: 438b 54d4 | 0c4b 8d7c | d410 83fa | 020f 8c6f | 0200 0033 | db83 fa20 | 0f8c 6d01 | 0000 4533 
  0x00007fa12fa58984: c9c4 4135 | efc9 c441 | 3def c0c4 | 411d efe4 | c441 25ef 

  0x00007fa12fa58998: ;   {external_word}
  0x00007fa12fa58998: db49 ba20 | 664b 48a1 | 7f00 0045 | 8b1a c4c1 | 796e e3c4 | e27d 58e4 | 448b d241 | 83e2 e041 
  0x00007fa12fa589b8: 0faf dbc4 | 217a 7e14 | 0fc4 a17a | 7e44 0f08 | c4a1 7a7e | 540f 10c4 | a17a 7e4c | 0f18 c462 
  0x00007fa12fa589d8: 3540 ccc4 | 427d 31d2 | c441 35fe | cac4 623d | 40c4 c4e2 | 7d31 c0c5 | 3dfe c0c4 | 621d 40e4 
  0x00007fa12fa589f8: c4e2 7d31 | d2c5 1dfe | e2c4 6225 | 40dc c4e2 | 7d31 c9c5 | 25fe d941 | 83c1 2045 | 3bca 7c9f 
  0x00007fa12fa58a18: 4a8d 3c17 

  0x00007fa12fa58a1c: ;   {external_word}
  0x00007fa12fa58a1c: 412b d249 | ba24 664b | 48a1 7f00 | 00c4 c17e | 6f1a c462 

  0x00007fa12fa58a30: ;   {external_word}
  0x00007fa12fa58a30: 3540 cb49 | ba44 664b | 48a1 7f00 | 00c4 c17e | 6f32 c462 

  0x00007fa12fa58a44: ;   {external_word}
  0x00007fa12fa58a44: 3d40 c649 | ba64 664b | 48a1 7f00 | 00c4 c17e | 6f2a c462 

  0x00007fa12fa58a58: ;   {external_word}
  0x00007fa12fa58a58: 1d40 e549 | ba84 664b | 48a1 7f00 | 00c4 c17e | 6f3a c462 | 2540 dfc4 | 4235 02d1 | c463 7d39 
  0x00007fa12fa58a78: d001 c529 | fed0 c442 | 2902 d2c5 | f96e c3c5 | 29fe d0c5 | 797e d3c4 | c23d 02d0 | c4e3 7d39 
  0x00007fa12fa58a98: d101 c5e9 | fed1 c4e2 | 6902 d2c5 | f96e cbc5 | e9fe d1c5 | f97e d3c4 | 421d 02d4 | c463 7d39 
  0x00007fa12fa58ab8: d001 c529 | fed0 c442 | 2902 d2c5 | f96e c3c5 | 29fe d0c5 | 797e d3c4 | c225 02d3 | c4e3 7d39 
  0x00007fa12fa58ad8: d101 c5e9 | fed1 c4e2 | 6902 d2c5 | f96e cbc5 | e9fe d1c5 | f97e d341 | b901 0000 | 0044 3bca 
  0x00007fa12fa58af8: 0f8d 2e00 | 0000 41bb | c103 0000 | 410f afdb | 460f b654 | 0fff 458b | da41 c1e3 | 0545 2bda 
  0x00007fa12fa58b18: 4103 db46 | 0fb6 1c0f | 4103 db41 | 83c1 0244 | 3bca 7cd2 | 7f12 448b | d3c1 e305 | 412b da46 
  0x00007fa12fa58b38: 0fb6 5c0f | ff41 03db | 85db 0f84 | c800 0000 | 448b 5424 | 4043 895c | d40c 8b74 | 2448 448b 
  0x00007fa12fa58b58: ;   {other}
  0x00007fa12fa58b58: cbe9 b1fa | ffff 33d2 | e9c9 f8ff | ff49 8bf3 | 48c1 e603 | 458b da4f | 8d14 dc44 | 8b5c 2450 
  0x00007fa12fa58b78: 4b8d 2cdc | 4c89 5424 | 7066 6690 

  0x00007fa12fa58b84: ;   {static_call}
  0x00007fa12fa58b84: c5f8 77e8 

  0x00007fa12fa58b88: ; ImmutableOopMap {rbp=Oop [8]=Oop [24]=Oop [32]=Oop [40]=NarrowOop [48]=Oop [56]=NarrowOop [64]=Oop [72]=NarrowOop [76]=NarrowOop [80]=NarrowOop [88]=Oop [112]=Oop }
                      ;*invokestatic hashCode {reexecute=0 rethrow=0 return_oop=0}
                      ; - java.lang.String::hashCode@37 (line 2720)
                      ; - com.badlogic.gdx.utils.ObjectIntMap::get@1 (line 279)
                      ; - com.badlogic.gdx.graphics.glutils.ShaderProgram::getAttributeLocation@6 (line 865)
                      ; - com.badlogic.gdx.graphics.glutils.VertexArray::bind@55 (line 109)
                      ; - com.badlogic.gdx.graphics.Mesh::bind@6 (line 380)
                      ; - com.badlogic.gdx.graphics.Mesh::bind@3 (line 371)
                      ; - com.badlogic.gdx.graphics.Mesh::render@13 (line 479)
                      ; - com.badlogic.gdx.graphics.Mesh::render@10 (line 449)
                      ; - com.badlogic.gdx.graphics.g2d.SpriteBatch::flush@176 (line 975)
  0x00007fa12fa58b88: 54c4 92ff 

  0x00007fa12fa58b8c: ;   {post_call_nop}
  0x00007fa12fa58b8c: 0f1f 8400 | 8413 0008 | 8bd8 e9f8 | f3ff ff49 | 8bf2 48c1 | e603 448b | 5424 4849 | c1e2 0349 
  0x00007fa12fa58bac: 8d2c fc4c | 8954 2458 

  0x00007fa12fa58bb4: ;   {static_call}
  0x00007fa12fa58bb4: c5f8 77e8 

  0x00007fa12fa58bb8: ; ImmutableOopMap {rbp=Oop [8]=NarrowOop [12]=NarrowOop [16]=Oop [24]=Oop [32]=Oop [48]=Oop [56]=Oop [64]=NarrowOop [68]=NarrowOop [72]=NarrowOop [88]=Oop }
                      ;*invokestatic hashCode {reexecute=0 rethrow=0 return_oop=0}
                      ; - java.lang.String::hashCode@37 (line 2720)
                      ; - com.badlogic.gdx.utils.ObjectIntMap::get@1 (line 279)
                      ; - com.badlogic.gdx.graphics.glutils.ShaderProgram::fetchAttributeLocation@11 (line 290)
                      ; - com.badlogic.gdx.graphics.glutils.ShaderProgram::disableVertexAttribute@10 (line 717)
                      ; - com.badlogic.gdx.graphics.glutils.VertexArray::unbind@34 (line 145)
                      ; - com.badlogic.gdx.graphics.Mesh::unbind@6 (line 398)
                      ; - com.badlogic.gdx.graphics.Mesh::unbind@3 (line 389)
                      ; - com.badlogic.gdx.graphics.Mesh::render@178 (line 501)
                      ; - com.badlogic.gdx.graphics.Mesh::render@10 (line 449)
                      ; - com.badlogic.gdx.graphics.g2d.SpriteBatch::flush@176 (line 975)
  0x00007fa12fa58bb8: 24c4 92ff 

  0x00007fa12fa58bbc: ;   {post_call_nop}
  0x00007fa12fa58bbc: 0f1f 8400 | b413 0009 | 8bd8 e975 | ffff ff45 | 33db e9dd | f3ff ff45 | 33d2 458b | cae9 31fa 
  0x00007fa12fa58bdc: ffff 894e | 2ce9 80ed | ffff 85d2 | 7707 33db | e94f ffff | ff44 0fb6 | 1741 8bda | e943 ffff 
  0x00007fa12fa58bfc: ff44 8b54 | 244c 43c6 | 44d4 1101 | 4533 dbe9 | a0f3 ffff | 448b 5c24 | 4043 c644 | dc11 0145 
  0x00007fa12fa58c1c: 33d2 8b74 | 2448 458b | cae9 e5f9 | ffff bee4 | ffff ff48 | 8b6c 2408 | 895c 240c | 48ff 7424 
  0x00007fa12fa58c3c: 2048 8f44 | 2418 894c | 2430 6690 

  0x00007fa12fa58c48: ;   {runtime_call UncommonTrapBlob}
  0x00007fa12fa58c48: c5f8 77e8 

  0x00007fa12fa58c4c: ; ImmutableOopMap {rbp=Oop [12]=NarrowOop [24]=Oop [40]=NarrowOop [48]=NarrowOop [56]=NarrowOop }
                      ;*aaload {reexecute=0 rethrow=0 return_oop=0}
                      ; - com.badlogic.gdx.graphics.VertexAttributes::get@5 (line 109)
                      ; - com.badlogic.gdx.graphics.glutils.VertexArray::bind@44 (line 108)
                      ; - com.badlogic.gdx.graphics.Mesh::bind@6 (line 380)
                      ; - com.badlogic.gdx.graphics.Mesh::bind@3 (line 371)
                      ; - com.badlogic.gdx.graphics.Mesh::render@13 (line 479)
                      ; - com.badlogic.gdx.graphics.Mesh::render@10 (line 449)
                      ; - com.badlogic.gdx.graphics.g2d.SpriteBatch::flush@176 (line 975)
  0x00007fa12fa58c4c: 902b a0ff 

  0x00007fa12fa58c50: ;   {post_call_nop}
  0x00007fa12fa58c50: 0f1f 8400 | 4814 000a | bef6 ffff | ff8b 6c24 | 4c66 6690 

  0x00007fa12fa58c64: ;   {runtime_call UncommonTrapBlob}
  0x00007fa12fa58c64: c5f8 77e8 

  0x00007fa12fa58c68: ; ImmutableOopMap {rbp=NarrowOop }
                      ;*invokevirtual get {reexecute=0 rethrow=0 return_oop=0}
                      ; - com.badlogic.gdx.graphics.glutils.ShaderProgram::getAttributeLocation@6 (line 865)
                      ; - com.badlogic.gdx.graphics.glutils.VertexArray::bind@55 (line 109)
                      ; - com.badlogic.gdx.graphics.Mesh::bind@6 (line 380)
                      ; - com.badlogic.gdx.graphics.Mesh::bind@3 (line 371)
                      ; - com.badlogic.gdx.graphics.Mesh::render@13 (line 479)
                      ; - com.badlogic.gdx.graphics.Mesh::render@10 (line 449)
                      ; - com.badlogic.gdx.graphics.g2d.SpriteBatch::flush@176 (line 975)
  0x00007fa12fa58c68: 742b a0ff 

  0x00007fa12fa58c6c: ;   {post_call_nop}
  0x00007fa12fa58c6c: 0f1f 8400 | 6414 000b | bee4 ffff | ff48 ff74 | 2420 488f | 4424 1848 | 8944 24f8 | 8b44 2438 
  0x00007fa12fa58c8c: 8944 2424 | 488b 4424 | f848 8944 | 24f8 8b44 | 243c 8944 | 2434 488b | 4424 f848 | 8944 24f8 
  0x00007fa12fa58cac: 8b44 2448 | 8944 2438 | 488b 4424 | f848 8944 | 24f8 8b44 | 2450 8944 | 243c 488b | 4424 f844 
  0x00007fa12fa58ccc: 895c 2444 | 4489 5424 | 5066 6690 

  0x00007fa12fa58cd8: ;   {runtime_call UncommonTrapBlob}
  0x00007fa12fa58cd8: c5f8 77e8 

  0x00007fa12fa58cdc: ; ImmutableOopMap {rbp=NarrowOop [8]=Oop [24]=Oop [36]=NarrowOop [40]=NarrowOop [56]=NarrowOop [60]=NarrowOop [76]=NarrowOop }
                      ;*aaload {reexecute=0 rethrow=0 return_oop=0}
                      ; - com.badlogic.gdx.utils.ObjectIntMap::get@20 (line 281)
                      ; - com.badlogic.gdx.graphics.glutils.ShaderProgram::getAttributeLocation@6 (line 865)
                      ; - com.badlogic.gdx.graphics.glutils.VertexArray::bind@55 (line 109)
                      ; - com.badlogic.gdx.graphics.Mesh::bind@6 (line 380)
                      ; - com.badlogic.gdx.graphics.Mesh::bind@3 (line 371)
                      ; - com.badlogic.gdx.graphics.Mesh::render@13 (line 479)
                      ; - com.badlogic.gdx.graphics.Mesh::render@10 (line 449)
                      ; - com.badlogic.gdx.graphics.g2d.SpriteBatch::flush@176 (line 975)
  0x00007fa12fa58cdc: 002b a0ff 

  0x00007fa12fa58ce0: ;   {post_call_nop}
  0x00007fa12fa58ce0: 0f1f 8400 | d814 000c | bee4 ffff | ff48 ff74 | 2420 488f | 4424 1848 | 8944 24f8 | 8b44 2438 
  0x00007fa12fa58d00: 8944 2424 | 488b 4424 | f848 8944 | 24f8 8b44 | 243c 8944 | 2434 488b | 4424 f844 | 8954 243c 
  0x00007fa12fa58d20: ;   {runtime_call UncommonTrapBlob}
  0x00007fa12fa58d20: c5f8 77e8 

  0x00007fa12fa58d24: ; ImmutableOopMap {rbp=NarrowOop [8]=Oop [24]=Oop [36]=NarrowOop [40]=NarrowOop [72]=NarrowOop }
                      ;*iaload {reexecute=0 rethrow=0 return_oop=0}
                      ; - com.badlogic.gdx.utils.ObjectIntMap::get@82 (line 288)
                      ; - com.badlogic.gdx.graphics.glutils.ShaderProgram::getAttributeLocation@6 (line 865)
                      ; - com.badlogic.gdx.graphics.glutils.VertexArray::bind@55 (line 109)
                      ; - com.badlogic.gdx.graphics.Mesh::bind@6 (line 380)
                      ; - com.badlogic.gdx.graphics.Mesh::bind@3 (line 371)
                      ; - com.badlogic.gdx.graphics.Mesh::render@13 (line 479)
                      ; - com.badlogic.gdx.graphics.Mesh::render@10 (line 449)
                      ; - com.badlogic.gdx.graphics.g2d.SpriteBatch::flush@176 (line 975)
  0x00007fa12fa58d24: b82a a0ff 

  0x00007fa12fa58d28: ;   {post_call_nop}
  0x00007fa12fa58d28: 0f1f 8400 | 2015 000d | bee4 ffff | ff48 ff74 | 2420 488f | 4424 1044 | 8944 2408 | 4889 5c24 
  0x00007fa12fa58d48: 1844 8954 | 2420 894c | 242c 6690 

  0x00007fa12fa58d54: ;   {runtime_call UncommonTrapBlob}
  0x00007fa12fa58d54: c5f8 77e8 

  0x00007fa12fa58d58: ; ImmutableOopMap {rbp=NarrowOop [8]=NarrowOop [12]=NarrowOop [16]=Oop [24]=Oop }
                      ;*aaload {reexecute=0 rethrow=0 return_oop=0}
                      ; - com.badlogic.gdx.graphics.VertexAttributes::get@5 (line 109)
                      ; - com.badlogic.gdx.graphics.glutils.VertexArray::unbind@28 (line 145)
                      ; - com.badlogic.gdx.graphics.Mesh::unbind@6 (line 398)
                      ; - com.badlogic.gdx.graphics.Mesh::unbind@3 (line 389)
                      ; - com.badlogic.gdx.graphics.Mesh::render@178 (line 501)
                      ; - com.badlogic.gdx.graphics.Mesh::render@10 (line 449)
                      ; - com.badlogic.gdx.graphics.g2d.SpriteBatch::flush@176 (line 975)
  0x00007fa12fa58d58: 842a a0ff 

  0x00007fa12fa58d5c: ;   {post_call_nop}
  0x00007fa12fa58d5c: 0f1f 8400 | 5415 000e | bef6 ffff | ff8b ef90 

  0x00007fa12fa58d6c: ;   {runtime_call UncommonTrapBlob}
  0x00007fa12fa58d6c: c5f8 77e8 

  0x00007fa12fa58d70: ; ImmutableOopMap {rbp=NarrowOop }
                      ;*invokevirtual get {reexecute=0 rethrow=0 return_oop=0}
                      ; - com.badlogic.gdx.graphics.glutils.ShaderProgram::fetchAttributeLocation@11 (line 290)
                      ; - com.badlogic.gdx.graphics.glutils.ShaderProgram::disableVertexAttribute@10 (line 717)
                      ; - com.badlogic.gdx.graphics.glutils.VertexArray::unbind@34 (line 145)
                      ; - com.badlogic.gdx.graphics.Mesh::unbind@6 (line 398)
                      ; - com.badlogic.gdx.graphics.Mesh::unbind@3 (line 389)
                      ; - com.badlogic.gdx.graphics.Mesh::render@178 (line 501)
                      ; - com.badlogic.gdx.graphics.Mesh::render@10 (line 449)
                      ; - com.badlogic.gdx.graphics.g2d.SpriteBatch::flush@176 (line 975)
  0x00007fa12fa58d70: 6c2a a0ff 

  0x00007fa12fa58d74: ;   {post_call_nop}
  0x00007fa12fa58d74: 0f1f 8400 | 6c15 000f | bee4 ffff | ff48 8b6c | 2420 4889 | 4424 f88b | 4424 2889 | 4424 1848 
  0x00007fa12fa58d94: 8b44 24f8 | 4889 4424 | f88b 4424 | 2c89 4424 | 1c48 8b44 | 24f8 4889 | 4424 f88b | 4424 4489 
  0x00007fa12fa58db4: 4424 2c48 | 8b44 24f8 | 4489 5424 | 3044 894c | 2438 4489 | 4424 4444 | 895c 2448 

  0x00007fa12fa58dd0: ;   {runtime_call UncommonTrapBlob}
  0x00007fa12fa58dd0: c5f8 77e8 

  0x00007fa12fa58dd4: ; ImmutableOopMap {rbp=Oop [8]=NarrowOop [12]=NarrowOop [16]=Oop [44]=NarrowOop [48]=NarrowOop [64]=NarrowOop [68]=NarrowOop }
                      ;*aaload {reexecute=0 rethrow=0 return_oop=0}
                      ; - com.badlogic.gdx.utils.ObjectIntMap::get@20 (line 281)
                      ; - com.badlogic.gdx.graphics.glutils.ShaderProgram::fetchAttributeLocation@11 (line 290)
                      ; - com.badlogic.gdx.graphics.glutils.ShaderProgram::disableVertexAttribute@10 (line 717)
                      ; - com.badlogic.gdx.graphics.glutils.VertexArray::unbind@34 (line 145)
                      ; - com.badlogic.gdx.graphics.Mesh::unbind@6 (line 398)
                      ; - com.badlogic.gdx.graphics.Mesh::unbind@3 (line 389)
                      ; - com.badlogic.gdx.graphics.Mesh::render@178 (line 501)
                      ; - com.badlogic.gdx.graphics.Mesh::render@10 (line 449)
                      ; - com.badlogic.gdx.graphics.g2d.SpriteBatch::flush@176 (line 975)
  0x00007fa12fa58dd4: 082a a0ff 

  0x00007fa12fa58dd8: ;   {post_call_nop}
  0x00007fa12fa58dd8: 0f1f 8400 | d015 0010 | bee4 ffff | ff48 ff74 | 2420 488f | 4424 1848 | 8944 24f8 | 8b44 2428 
  0x00007fa12fa58df8: 8944 2420 | 488b 4424 | f848 8944 | 24f8 8b44 | 242c 8944 | 2424 488b | 4424 f844 | 895c 2438 
  0x00007fa12fa58e18: ;   {runtime_call UncommonTrapBlob}
  0x00007fa12fa58e18: c5f8 77e8 

  0x00007fa12fa58e1c: ; ImmutableOopMap {rbp=NarrowOop [8]=NarrowOop [12]=NarrowOop [16]=Oop [24]=Oop [64]=NarrowOop [68]=NarrowOop }
                      ;*iaload {reexecute=0 rethrow=0 return_oop=0}
                      ; - com.badlogic.gdx.utils.ObjectIntMap::get@82 (line 288)
                      ; - com.badlogic.gdx.graphics.glutils.ShaderProgram::fetchAttributeLocation@11 (line 290)
                      ; - com.badlogic.gdx.graphics.glutils.ShaderProgram::disableVertexAttribute@10 (line 717)
                      ; - com.badlogic.gdx.graphics.glutils.VertexArray::unbind@34 (line 145)
                      ; - com.badlogic.gdx.graphics.Mesh::unbind@6 (line 398)
                      ; - com.badlogic.gdx.graphics.Mesh::unbind@3 (line 389)
                      ; - com.badlogic.gdx.graphics.Mesh::render@178 (line 501)
                      ; - com.badlogic.gdx.graphics.Mesh::render@10 (line 449)
                      ; - com.badlogic.gdx.graphics.g2d.SpriteBatch::flush@176 (line 975)
  0x00007fa12fa58e1c: c029 a0ff 

  0x00007fa12fa58e20: ;   {post_call_nop}
  0x00007fa12fa58e20: 0f1f 8400 | 1816 0011 | bede ffff | ff48 8b6c | 2408 4889 | 4424 f88b | 4424 1089 | 4424 0848 
  0x00007fa12fa58e40: 8b44 24f8 | 48ff 7424 | 2048 8f44 | 2418 4889 | 4424 f88b | 4424 2889 | 4424 0c48 | 8b44 24f8 
  0x00007fa12fa58e60: 4889 4424 | f88b 4424 | 2c89 4424 | 2048 8b44 | 24f8 4489 | 4424 2848 | 8944 24f8 | 8b44 243c 
  0x00007fa12fa58e80: 8944 242c | 488b 4424 | f848 8944 | 24f8 8b44 | 244c 8944 | 2434 488b | 4424 f844 | 895c 2438 
  0x00007fa12fa58ea0: ;   {runtime_call UncommonTrapBlob}
  0x00007fa12fa58ea0: c5f8 77e8 

  0x00007fa12fa58ea4: ; ImmutableOopMap {rbp=Oop [12]=NarrowOop [24]=Oop [40]=NarrowOop [56]=NarrowOop [72]=NarrowOop }
                      ;*invokeinterface glEnableVertexAttribArray {reexecute=0 rethrow=0 return_oop=0}
                      ; - com.badlogic.gdx.graphics.glutils.ShaderProgram::enableVertexAttribute@10 (line 742)
                      ; - com.badlogic.gdx.graphics.glutils.VertexArray::bind@71 (line 111)
                      ; - com.badlogic.gdx.graphics.Mesh::bind@6 (line 380)
                      ; - com.badlogic.gdx.graphics.Mesh::bind@3 (line 371)
                      ; - com.badlogic.gdx.graphics.Mesh::render@13 (line 479)
                      ; - com.badlogic.gdx.graphics.Mesh::render@10 (line 449)
                      ; - com.badlogic.gdx.graphics.g2d.SpriteBatch::flush@176 (line 975)
  0x00007fa12fa58ea4: 3829 a0ff 

  0x00007fa12fa58ea8: ;   {post_call_nop}
  0x00007fa12fa58ea8: 0f1f 8400 | a016 0012 | bede ffff | ff48 8b6c | 2408 4889 | 4424 f88b | 4424 1089 | 4424 0848 
  0x00007fa12fa58ec8: 8b44 24f8 | 48ff 7424 | 2048 8f44 | 2418 4889 | 4424 f88b | 4424 2889 | 4424 0c48 | 8b44 24f8 
  0x00007fa12fa58ee8: 4889 4424 | f88b 4424 | 3889 4424 | 1048 8b44 | 24f8 4889 | 4424 f88b | 4424 2c89 | 4424 2048 
  0x00007fa12fa58f08: 8b44 24f8 | 4889 4424 | f88b 4424 | 3c89 4424 | 2c48 8b44 | 24f8 4489 | 5424 3844 | 895c 243c 
  0x00007fa12fa58f28: ;   {runtime_call UncommonTrapBlob}
  0x00007fa12fa58f28: c5f8 77e8 

  0x00007fa12fa58f2c: ; ImmutableOopMap {rbp=Oop [12]=NarrowOop [16]=NarrowOop [24]=Oop [56]=NarrowOop [72]=NarrowOop }
                      ;*invokevirtual position {reexecute=0 rethrow=0 return_oop=0}
                      ; - com.badlogic.gdx.graphics.glutils.VertexArray::bind@83 (line 113)
                      ; - com.badlogic.gdx.graphics.Mesh::bind@6 (line 380)
                      ; - com.badlogic.gdx.graphics.Mesh::bind@3 (line 371)
                      ; - com.badlogic.gdx.graphics.Mesh::render@13 (line 479)
                      ; - com.badlogic.gdx.graphics.Mesh::render@10 (line 449)
                      ; - com.badlogic.gdx.graphics.g2d.SpriteBatch::flush@176 (line 975)
  0x00007fa12fa58f2c: b028 a0ff 

  0x00007fa12fa58f30: ;   {post_call_nop}
  0x00007fa12fa58f30: 0f1f 8400 | 2817 0013 | bede ffff | ff48 8b6c | 2420 4489 | 4424 2490 

  0x00007fa12fa58f48: ;   {runtime_call UncommonTrapBlob}
  0x00007fa12fa58f48: c5f8 77e8 

  0x00007fa12fa58f4c: ; ImmutableOopMap {rbp=Oop [8]=NarrowOop [12]=NarrowOop [16]=Oop [68]=NarrowOop }
                      ;*invokeinterface glDisableVertexAttribArray {reexecute=0 rethrow=0 return_oop=0}
                      ; - com.badlogic.gdx.graphics.glutils.ShaderProgram::disableVertexAttribute@22 (line 719)
                      ; - com.badlogic.gdx.graphics.glutils.VertexArray::unbind@34 (line 145)
                      ; - com.badlogic.gdx.graphics.Mesh::unbind@6 (line 398)
                      ; - com.badlogic.gdx.graphics.Mesh::unbind@3 (line 389)
                      ; - com.badlogic.gdx.graphics.Mesh::render@178 (line 501)
                      ; - com.badlogic.gdx.graphics.Mesh::render@10 (line 449)
                      ; - com.badlogic.gdx.graphics.g2d.SpriteBatch::flush@176 (line 975)
  0x00007fa12fa58f4c: 9028 a0ff 

  0x00007fa12fa58f50: ;   {post_call_nop}
  0x00007fa12fa58f50: 0f1f 8400 | 4817 0014 | be45 ffff | ff48 8b6c | 2408 4889 | 4424 f88b | 4424 1089 | 4424 0848 
  0x00007fa12fa58f70: 8b44 24f8 | 48ff 7424 | 2048 8f44 | 2418 4889 | 4424 f88b | 4424 2889 | 4424 0c48 | 8b44 24f8 
  0x00007fa12fa58f90: 4889 4424 | f88b 4424 | 3889 4424 | 1048 8b44 | 24f8 4889 | 4424 f88b | 4424 2c89 | 4424 2048 
  0x00007fa12fa58fb0: 8b44 24f8 | 4889 4424 | f88b 4424 | 3c89 4424 | 2c48 8b44 | 24f8 4489 | 5c24 3c90 

  0x00007fa12fa58fcc: ;   {runtime_call UncommonTrapBlob}
  0x00007fa12fa58fcc: c5f8 77e8 

  0x00007fa12fa58fd0: ; ImmutableOopMap {rbp=Oop [12]=NarrowOop [16]=NarrowOop [24]=Oop [72]=NarrowOop [76]=NarrowOop [80]=NarrowOop }
                      ;*ifne {reexecute=1 rethrow=0 return_oop=0}
                      ; - (reexecute) com.badlogic.gdx.utils.ObjectIntMap::get@24 (line 281)
                      ; - com.badlogic.gdx.graphics.glutils.ShaderProgram::getAttributeLocation@6 (line 865)
                      ; - com.badlogic.gdx.graphics.glutils.VertexArray::bind@55 (line 109)
                      ; - com.badlogic.gdx.graphics.Mesh::bind@6 (line 380)
                      ; - com.badlogic.gdx.graphics.Mesh::bind@3 (line 371)
                      ; - com.badlogic.gdx.graphics.Mesh::render@13 (line 479)
                      ; - com.badlogic.gdx.graphics.Mesh::render@10 (line 449)
                      ; - com.badlogic.gdx.graphics.g2d.SpriteBatch::flush@176 (line 975)
  0x00007fa12fa58fd0: 0c28 a0ff 

  0x00007fa12fa58fd4: ;   {post_call_nop}
  0x00007fa12fa58fd4: 0f1f 8400 | cc17 0015 | be45 ffff | ff48 8b6c | 2420 4889 | 4424 f88b | 4424 2889 | 4424 1848 
  0x00007fa12fa58ff4: 8b44 24f8 | 4889 4424 | f88b 4424 | 2c89 4424 | 1c48 8b44 | 24f8 4489 | 5424 3044 | 894c 2438 
  0x00007fa12fa59014: ;   {runtime_call UncommonTrapBlob}
  0x00007fa12fa59014: c5f8 77e8 

  0x00007fa12fa59018: ; ImmutableOopMap {rbp=Oop [8]=NarrowOop [12]=NarrowOop [16]=Oop [48]=NarrowOop [64]=NarrowOop [68]=NarrowOop }
                      ;*ifne {reexecute=1 rethrow=0 return_oop=0}
                      ; - (reexecute) com.badlogic.gdx.utils.ObjectIntMap::get@24 (line 281)
                      ; - com.badlogic.gdx.graphics.glutils.ShaderProgram::fetchAttributeLocation@11 (line 290)
                      ; - com.badlogic.gdx.graphics.glutils.ShaderProgram::disableVertexAttribute@10 (line 717)
                      ; - com.badlogic.gdx.graphics.glutils.VertexArray::unbind@34 (line 145)
                      ; - com.badlogic.gdx.graphics.Mesh::unbind@6 (line 398)
                      ; - com.badlogic.gdx.graphics.Mesh::unbind@3 (line 389)
                      ; - com.badlogic.gdx.graphics.Mesh::render@178 (line 501)
                      ; - com.badlogic.gdx.graphics.Mesh::render@10 (line 449)
                      ; - com.badlogic.gdx.graphics.g2d.SpriteBatch::flush@176 (line 975)
  0x00007fa12fa59018: c427 a0ff 

  0x00007fa12fa5901c: ;   {post_call_nop}
  0x00007fa12fa5901c: 0f1f 8400 | 1418 0016 | be45 ffff | ff48 8944 | 24f8 8b44 | 2448 8944 | 2440 488b | 4424 f848 
  0x00007fa12fa5903c: 8944 24f8 | 8b44 244c | 8944 2444 | 488b 4424 | f866 6690 

  0x00007fa12fa59050: ;   {runtime_call UncommonTrapBlob}
  0x00007fa12fa59050: c5f8 77e8 

  0x00007fa12fa59054: ; ImmutableOopMap {rbp=NarrowOop [8]=Oop [24]=Oop [32]=Oop [40]=NarrowOop [56]=NarrowOop [64]=NarrowOop }
                      ;*if_acmpne {reexecute=1 rethrow=0 return_oop=0}
                      ; - (reexecute) org.lwjgl.opengl.GLContext::getCapabilitiesImpl@11 (line 132)
                      ; - org.lwjgl.opengl.GLContext::getCapabilities@0 (line 122)
                      ; - org.lwjgl.opengl.GL20::glEnableVertexAttribArray@0 (line 909)
                      ; - com.badlogic.gdx.backends.lwjgl.LwjglGL20::glEnableVertexAttribArray@1 (line 296)
                      ; - com.badlogic.gdx.graphics.glutils.ShaderProgram::enableVertexAttribute@10 (line 742)
                      ; - com.badlogic.gdx.graphics.glutils.VertexArray::bind@71 (line 111)
                      ; - com.badlogic.gdx.graphics.Mesh::bind@6 (line 380)
                      ; - com.badlogic.gdx.graphics.Mesh::bind@3 (line 371)
                      ; - com.badlogic.gdx.graphics.Mesh::render@13 (line 479)
                      ; - com.badlogic.gdx.graphics.Mesh::render@10 (line 449)
                      ; - com.badlogic.gdx.graphics.g2d.SpriteBatch::flush@176 (line 975)
  0x00007fa12fa59054: 8827 a0ff 

  0x00007fa12fa59058: ;   {post_call_nop}
  0x00007fa12fa59058: 0f1f 8400 | 5018 0017 | be45 ffff | ff48 ff74 | 2420 488f | 4424 1848 | 8944 24f8 | 8b44 2428 
  0x00007fa12fa59078: 8944 2420 | 488b 4424 | f844 8944 | 2428 4c89 | 4c24 3090 

  0x00007fa12fa5908c: ;   {runtime_call UncommonTrapBlob}
  0x00007fa12fa5908c: c5f8 77e8 

  0x00007fa12fa59090: ; ImmutableOopMap {rbp=NarrowOop [8]=NarrowOop [12]=NarrowOop [16]=Oop [24]=Oop [48]=Oop }
                      ;*if_acmpne {reexecute=1 rethrow=0 return_oop=0}
                      ; - (reexecute) org.lwjgl.opengl.GLContext::getCapabilitiesImpl@11 (line 132)
                      ; - org.lwjgl.opengl.GLContext::getCapabilities@0 (line 122)
                      ; - org.lwjgl.opengl.GL20::glDisableVertexAttribArray@0 (line 917)
                      ; - com.badlogic.gdx.backends.lwjgl.LwjglGL20::glDisableVertexAttribArray@1 (line 272)
                      ; - com.badlogic.gdx.graphics.glutils.ShaderProgram::disableVertexAttribute@22 (line 719)
                      ; - com.badlogic.gdx.graphics.glutils.VertexArray::unbind@34 (line 145)
                      ; - com.badlogic.gdx.graphics.Mesh::unbind@6 (line 398)
                      ; - com.badlogic.gdx.graphics.Mesh::unbind@3 (line 389)
                      ; - com.badlogic.gdx.graphics.Mesh::render@178 (line 501)
                      ; - com.badlogic.gdx.graphics.Mesh::render@10 (line 449)
                      ; - com.badlogic.gdx.graphics.g2d.SpriteBatch::flush@176 (line 975)
  0x00007fa12fa59090: 4c27 a0ff 

  0x00007fa12fa59094: ;   {post_call_nop}
  0x00007fa12fa59094: 0f1f 8400 | 8c18 0018 | be45 ffff | ff48 8b6c | 2408 4889 | 4424 f88b | 4424 1089 | 4424 0848 
  0x00007fa12fa590b4: 8b44 24f8 | 48ff 7424 | 2048 8f44 | 2418 4889 | 4424 f88b | 4424 2889 | 4424 0c48 | 8b44 24f8 
  0x00007fa12fa590d4: 4889 4424 | f88b 4424 | 3889 4424 | 1048 8b44 | 24f8 4889 | 4424 f88b | 4424 2c89 | 4424 2048 
  0x00007fa12fa590f4: 8b44 24f8 

  0x00007fa12fa590f8: ;   {runtime_call UncommonTrapBlob}
  0x00007fa12fa590f8: c5f8 77e8 

  0x00007fa12fa590fc: ; ImmutableOopMap {rbp=Oop [12]=NarrowOop [16]=NarrowOop [24]=Oop }
                      ;*ifge {reexecute=1 rethrow=0 return_oop=0}
                      ; - (reexecute) com.badlogic.gdx.graphics.glutils.VertexArray::bind@62 (line 110)
                      ; - com.badlogic.gdx.graphics.Mesh::bind@6 (line 380)
                      ; - com.badlogic.gdx.graphics.Mesh::bind@3 (line 371)
                      ; - com.badlogic.gdx.graphics.Mesh::render@13 (line 479)
                      ; - com.badlogic.gdx.graphics.Mesh::render@10 (line 449)
                      ; - com.badlogic.gdx.graphics.g2d.SpriteBatch::flush@176 (line 975)
  0x00007fa12fa590fc: e026 a0ff 

  0x00007fa12fa59100: ;   {post_call_nop}
  0x00007fa12fa59100: 0f1f 8400 | f818 0019 | be45 ffff | ff48 ff74 | 2420 488f | 4424 1844 | 8944 2430 | 4889 4424 
  0x00007fa12fa59120: f88b 4424 | 3c89 4424 | 3448 8b44 | 24f8 4889 | 4424 f88b | 4424 4889 | 4424 3c48 | 8b44 24f8 
  0x00007fa12fa59140: 4889 4424 | f88b 4424 | 4c89 4424 | 4048 8b44 | 24f8 4489 | 5c24 4890 

  0x00007fa12fa59158: ;   {runtime_call UncommonTrapBlob}
  0x00007fa12fa59158: c5f8 77e8 

  0x00007fa12fa5915c: ; ImmutableOopMap {[8]=Oop [24]=Oop [40]=NarrowOop [48]=NarrowOop [56]=NarrowOop [60]=NarrowOop [72]=NarrowOop }
                      ;*ifeq {reexecute=1 rethrow=0 return_oop=0}
                      ; - (reexecute) com.badlogic.gdx.graphics.glutils.ShaderProgram::checkManaged@4 (line 746)
                      ; - com.badlogic.gdx.graphics.glutils.ShaderProgram::enableVertexAttribute@5 (line 741)
                      ; - com.badlogic.gdx.graphics.glutils.VertexArray::bind@71 (line 111)
                      ; - com.badlogic.gdx.graphics.Mesh::bind@6 (line 380)
                      ; - com.badlogic.gdx.graphics.Mesh::bind@3 (line 371)
                      ; - com.badlogic.gdx.graphics.Mesh::render@13 (line 479)
                      ; - com.badlogic.gdx.graphics.Mesh::render@10 (line 449)
                      ; - com.badlogic.gdx.graphics.g2d.SpriteBatch::flush@176 (line 975)
  0x00007fa12fa5915c: 8026 a0ff 

  0x00007fa12fa59160: ;   {post_call_nop}
  0x00007fa12fa59160: 0f1f 8400 | 5819 001a | be45 ffff | ff48 ff74 | 2420 488f | 4424 1848 | 8944 24f8 | 8b44 2438 
  0x00007fa12fa59180: 8944 2424 | 488b 4424 | f848 8944 | 24f8 8b44 | 243c 8944 | 2434 488b | 4424 f848 | 8944 24f8 
  0x00007fa12fa591a0: 8b44 244c | 8944 243c | 488b 4424 | f866 6690 

  0x00007fa12fa591b0: ;   {runtime_call UncommonTrapBlob}
  0x00007fa12fa591b0: c5f8 77e8 

  0x00007fa12fa591b4: ; ImmutableOopMap {rbp=NarrowOop [8]=Oop [24]=Oop [36]=NarrowOop [40]=NarrowOop [72]=NarrowOop }
                      ;*ifnonnull {reexecute=1 rethrow=0 return_oop=0}
                      ; - (reexecute) org.lwjgl.opengl.GLContext::getCapabilities@5 (line 123)
                      ; - org.lwjgl.opengl.GL20::glEnableVertexAttribArray@0 (line 909)
                      ; - com.badlogic.gdx.backends.lwjgl.LwjglGL20::glEnableVertexAttribArray@1 (line 296)
                      ; - com.badlogic.gdx.graphics.glutils.ShaderProgram::enableVertexAttribute@10 (line 742)
                      ; - com.badlogic.gdx.graphics.glutils.VertexArray::bind@71 (line 111)
                      ; - com.badlogic.gdx.graphics.Mesh::bind@6 (line 380)
                      ; - com.badlogic.gdx.graphics.Mesh::bind@3 (line 371)
                      ; - com.badlogic.gdx.graphics.Mesh::render@13 (line 479)
                      ; - com.badlogic.gdx.graphics.Mesh::render@10 (line 449)
                      ; - com.badlogic.gdx.graphics.g2d.SpriteBatch::flush@176 (line 975)
  0x00007fa12fa591b4: 2826 a0ff 

  0x00007fa12fa591b8: ;   {post_call_nop}
  0x00007fa12fa591b8: 0f1f 8400 | b019 001b | 4533 db49 | 3bd3 bdff | ffff ff7c | 0840 0f95 | c540 0fb6 | edbe 45ff 
  0x00007fa12fa591d8: ffff 48ff | 7424 2048 | 8f44 2418 | 4889 4424 | f88b 4424 | 3889 4424 | 2448 8b44 | 24f8 4889 
  0x00007fa12fa591f8: 4424 f88b | 4424 3c89 | 4424 3448 | 8b44 24f8 | 4889 4424 | f88b 4424 | 4889 4424 | 3848 8b44 
  0x00007fa12fa59218: 24f8 4889 | 4424 f88b | 4424 4c89 | 4424 3c48 | 8b44 24f8 | 4889 5424 | 4866 6690 

  0x00007fa12fa59234: ;   {runtime_call UncommonTrapBlob}
  0x00007fa12fa59234: c5f8 77e8 

  0x00007fa12fa59238: ; ImmutableOopMap {[8]=Oop [24]=Oop [36]=NarrowOop [40]=NarrowOop [56]=NarrowOop }
                      ;*ifne {reexecute=1 rethrow=0 return_oop=0}
                      ; - (reexecute) org.lwjgl.BufferChecks::checkFunctionAddress@9 (line 57)
                      ; - org.lwjgl.opengl.GL20::glEnableVertexAttribArray@10 (line 911)
                      ; - com.badlogic.gdx.backends.lwjgl.LwjglGL20::glEnableVertexAttribArray@1 (line 296)
                      ; - com.badlogic.gdx.graphics.glutils.ShaderProgram::enableVertexAttribute@10 (line 742)
                      ; - com.badlogic.gdx.graphics.glutils.VertexArray::bind@71 (line 111)
                      ; - com.badlogic.gdx.graphics.Mesh::bind@6 (line 380)
                      ; - com.badlogic.gdx.graphics.Mesh::bind@3 (line 371)
                      ; - com.badlogic.gdx.graphics.Mesh::render@13 (line 479)
                      ; - com.badlogic.gdx.graphics.Mesh::render@10 (line 449)
                      ; - com.badlogic.gdx.graphics.g2d.SpriteBatch::flush@176 (line 975)
  0x00007fa12fa59238: a425 a0ff 

  0x00007fa12fa5923c: ;   {post_call_nop}
  0x00007fa12fa5923c: 0f1f 8400 | 341a 001c | be45 ffff | ff48 ff74 | 2420 488f | 4424 1848 | 8944 24f8 | 8b44 2438 
  0x00007fa12fa5925c: 8944 2424 | 488b 4424 | f848 8944 | 24f8 8b44 | 243c 8944 | 2434 488b | 4424 f848 | 8944 24f8 
  0x00007fa12fa5927c: 8b44 2448 | 8944 2438 | 488b 4424 | f848 8944 | 24f8 8b44 | 244c 8944 | 243c 488b | 4424 f84c 
  0x00007fa12fa5929c: 8944 2448 | 4c89 4424 | 5044 895c | 245c 6690 

  0x00007fa12fa592ac: ;   {runtime_call UncommonTrapBlob}
  0x00007fa12fa592ac: c5f8 77e8 

  0x00007fa12fa592b0: ; ImmutableOopMap {[8]=Oop [24]=Oop [36]=NarrowOop [40]=NarrowOop [56]=NarrowOop [72]=Oop [80]=Oop }
                      ;*if_icmple {reexecute=1 rethrow=0 return_oop=0}
                      ; - (reexecute) java.nio.Buffer::position@5 (line 325)
                      ; - java.nio.ByteBuffer::position@2 (line 1576)
                      ; - java.nio.MappedByteBuffer::position@2 (line 329)
                      ; - java.nio.MappedByteBuffer::position@2 (line 74)
                      ; - com.badlogic.gdx.graphics.glutils.VertexArray::bind@83 (line 113)
                      ; - com.badlogic.gdx.graphics.Mesh::bind@6 (line 380)
                      ; - com.badlogic.gdx.graphics.Mesh::bind@3 (line 371)
                      ; - com.badlogic.gdx.graphics.Mesh::render@13 (line 479)
                      ; - com.badlogic.gdx.graphics.Mesh::render@10 (line 449)
                      ; - com.badlogic.gdx.graphics.g2d.SpriteBatch::flush@176 (line 975)
  0x00007fa12fa592b0: 2c25 a0ff 

  0x00007fa12fa592b4: ;   {post_call_nop}
  0x00007fa12fa592b4: 0f1f 8400 | ac1a 001d | be45 ffff | ff48 8b6c | 2408 4889 | 4424 f88b | 4424 1089 | 4424 0848 
  0x00007fa12fa592d4: 8b44 24f8 | 48ff 7424 | 2048 8f44 | 2418 4889 | 4424 f88b | 4424 2889 | 4424 0c48 | 8b44 24f8 
  0x00007fa12fa592f4: 4889 4424 | f88b 4424 | 3889 4424 | 1048 8b44 | 24f8 4889 | 4424 f88b | 4424 2c89 | 4424 2048 
  0x00007fa12fa59314: 8b44 24f8 | 4889 4424 | f88b 4424 | 3c89 4424 | 2c48 8b44 | 24f8 4889 | 4424 f88b | 4424 4889 
  0x00007fa12fa59334: 4424 3048 | 8b44 24f8 | 4889 4424 | f88b 4424 | 4c89 4424 | 3448 8b44 | 24f8 4c89 | 4424 404c 
  0x00007fa12fa59354: 8944 2448 | 4489 5c24 | 5466 6690 

  0x00007fa12fa59360: ;   {runtime_call UncommonTrapBlob}
  0x00007fa12fa59360: c5f8 77e8 

  0x00007fa12fa59364: ; ImmutableOopMap {rbp=Oop [12]=NarrowOop [16]=NarrowOop [24]=Oop [48]=NarrowOop [64]=Oop [72]=Oop }
                      ;*ifge {reexecute=1 rethrow=0 return_oop=0}
                      ; - (reexecute) java.nio.Buffer::position@14 (line 325)
                      ; - java.nio.ByteBuffer::position@2 (line 1576)
                      ; - java.nio.MappedByteBuffer::position@2 (line 329)
                      ; - java.nio.MappedByteBuffer::position@2 (line 74)
                      ; - com.badlogic.gdx.graphics.glutils.VertexArray::bind@83 (line 113)
                      ; - com.badlogic.gdx.graphics.Mesh::bind@6 (line 380)
                      ; - com.badlogic.gdx.graphics.Mesh::bind@3 (line 371)
                      ; - com.badlogic.gdx.graphics.Mesh::render@13 (line 479)
                      ; - com.badlogic.gdx.graphics.Mesh::render@10 (line 449)
                      ; - com.badlogic.gdx.graphics.g2d.SpriteBatch::flush@176 (line 975)
  0x00007fa12fa59364: 7824 a0ff 

  0x00007fa12fa59368: ;   {post_call_nop}
  0x00007fa12fa59368: 0f1f 8400 | 601b 001e | be45 ffff | ff48 ff74 | 2420 488f | 4424 1848 | 8944 24f8 | 8b44 2438 
  0x00007fa12fa59388: 8944 2424 | 488b 4424 | f848 8944 | 24f8 8b44 | 243c 8944 | 2434 488b | 4424 f848 | 8944 24f8 
  0x00007fa12fa593a8: 8b44 2448 | 8944 2438 | 488b 4424 | f848 8944 | 24f8 8b44 | 244c 8944 | 243c 488b | 4424 f84c 
  0x00007fa12fa593c8: 8944 2448 | 4c89 4424 | 5044 895c | 245c 6690 

  0x00007fa12fa593d8: ;   {runtime_call UncommonTrapBlob}
  0x00007fa12fa593d8: c5f8 77e8 

  0x00007fa12fa593dc: ; ImmutableOopMap {[8]=Oop [24]=Oop [36]=NarrowOop [40]=NarrowOop [56]=NarrowOop [72]=Oop [80]=Oop }
                      ;*if_icmple {reexecute=1 rethrow=0 return_oop=0}
                      ; - (reexecute) java.nio.Buffer::position@37 (line 327)
                      ; - java.nio.ByteBuffer::position@2 (line 1576)
                      ; - java.nio.MappedByteBuffer::position@2 (line 329)
                      ; - java.nio.MappedByteBuffer::position@2 (line 74)
                      ; - com.badlogic.gdx.graphics.glutils.VertexArray::bind@83 (line 113)
                      ; - com.badlogic.gdx.graphics.Mesh::bind@6 (line 380)
                      ; - com.badlogic.gdx.graphics.Mesh::bind@3 (line 371)
                      ; - com.badlogic.gdx.graphics.Mesh::render@13 (line 479)
                      ; - com.badlogic.gdx.graphics.Mesh::render@10 (line 449)
                      ; - com.badlogic.gdx.graphics.g2d.SpriteBatch::flush@176 (line 975)
  0x00007fa12fa593dc: 0024 a0ff 

  0x00007fa12fa593e0: ;   {post_call_nop}
  0x00007fa12fa593e0: 0f1f 8400 | d81b 001f | be45 ffff | ff48 8b6c | 2420 4489 | 4424 0848 | 895c 2410 | 4489 5424 
  0x00007fa12fa59400: 1889 4c24 | 1c89 7c24 | 2444 895c | 2428 8954 | 2430 6690 

  0x00007fa12fa59414: ;   {runtime_call UncommonTrapBlob}
  0x00007fa12fa59414: c5f8 77e8 

  0x00007fa12fa59418: ; ImmutableOopMap {rbp=Oop [8]=NarrowOop [12]=NarrowOop [16]=Oop [36]=NarrowOop [40]=NarrowOop }
                      ;*ifeq {reexecute=1 rethrow=0 return_oop=0}
                      ; - (reexecute) com.badlogic.gdx.graphics.glutils.ShaderProgram::checkManaged@4 (line 746)
                      ; - com.badlogic.gdx.graphics.glutils.ShaderProgram::disableVertexAttribute@5 (line 716)
                      ; - com.badlogic.gdx.graphics.glutils.VertexArray::unbind@34 (line 145)
                      ; - com.badlogic.gdx.graphics.Mesh::unbind@6 (line 398)
                      ; - com.badlogic.gdx.graphics.Mesh::unbind@3 (line 389)
                      ; - com.badlogic.gdx.graphics.Mesh::render@178 (line 501)
                      ; - com.badlogic.gdx.graphics.Mesh::render@10 (line 449)
                      ; - com.badlogic.gdx.graphics.g2d.SpriteBatch::flush@176 (line 975)
  0x00007fa12fa59418: c423 a0ff 

  0x00007fa12fa5941c: ;   {post_call_nop}
  0x00007fa12fa5941c: 0f1f 8400 | 141c 0020 | be45 ffff | ff48 8b6c | 2420 4889 | 4424 f88b | 4424 2889 | 4424 1848 
  0x00007fa12fa5943c: 8b44 24f8 | 4889 4424 | f88b 4424 | 2c89 4424 | 1c48 8b44 | 24f8 4489 | 5424 3090 

  0x00007fa12fa59458: ;   {runtime_call UncommonTrapBlob}
  0x00007fa12fa59458: c5f8 77e8 

  0x00007fa12fa5945c: ; ImmutableOopMap {rbp=Oop [8]=NarrowOop [12]=NarrowOop [16]=Oop [64]=NarrowOop [68]=NarrowOop }
                      ;*if_icmpne {reexecute=1 rethrow=0 return_oop=0}
                      ; - (reexecute) com.badlogic.gdx.graphics.glutils.ShaderProgram::fetchAttributeLocation@18 (line 290)
                      ; - com.badlogic.gdx.graphics.glutils.ShaderProgram::disableVertexAttribute@10 (line 717)
                      ; - com.badlogic.gdx.graphics.glutils.VertexArray::unbind@34 (line 145)
                      ; - com.badlogic.gdx.graphics.Mesh::unbind@6 (line 398)
                      ; - com.badlogic.gdx.graphics.Mesh::unbind@3 (line 389)
                      ; - com.badlogic.gdx.graphics.Mesh::render@178 (line 501)
                      ; - com.badlogic.gdx.graphics.Mesh::render@10 (line 449)
                      ; - com.badlogic.gdx.graphics.g2d.SpriteBatch::flush@176 (line 975)
  0x00007fa12fa5945c: 8023 a0ff 

  0x00007fa12fa59460: ;   {post_call_nop}
  0x00007fa12fa59460: 0f1f 8400 | 581c 0021 | be45 ffff | ff48 8b6c | 2420 4489 | 5424 2090 

  0x00007fa12fa59478: ;   {runtime_call UncommonTrapBlob}
  0x00007fa12fa59478: c5f8 77e8 

  0x00007fa12fa5947c: ; ImmutableOopMap {rbp=Oop [8]=NarrowOop [12]=NarrowOop [16]=Oop }
                      ;*if_icmpne {reexecute=1 rethrow=0 return_oop=0}
                      ; - (reexecute) com.badlogic.gdx.graphics.glutils.ShaderProgram::disableVertexAttribute@16 (line 718)
                      ; - com.badlogic.gdx.graphics.glutils.VertexArray::unbind@34 (line 145)
                      ; - com.badlogic.gdx.graphics.Mesh::unbind@6 (line 398)
                      ; - com.badlogic.gdx.graphics.Mesh::unbind@3 (line 389)
                      ; - com.badlogic.gdx.graphics.Mesh::render@178 (line 501)
                      ; - com.badlogic.gdx.graphics.Mesh::render@10 (line 449)
                      ; - com.badlogic.gdx.graphics.g2d.SpriteBatch::flush@176 (line 975)
  0x00007fa12fa5947c: 6023 a0ff 

  0x00007fa12fa59480: ;   {post_call_nop}
  0x00007fa12fa59480: 0f1f 8400 | 781c 0022 | be45 ffff | ff48 ff74 | 2420 488f | 4424 1848 | 8944 24f8 | 8b44 2428 
  0x00007fa12fa594a0: 8944 2420 | 488b 4424 | f844 8944 | 2428 6690 

  0x00007fa12fa594b0: ;   {runtime_call UncommonTrapBlob}
  0x00007fa12fa594b0: c5f8 77e8 

  0x00007fa12fa594b4: ; ImmutableOopMap {rbp=NarrowOop [8]=NarrowOop [12]=NarrowOop [16]=Oop [24]=Oop }
                      ;*ifnonnull {reexecute=1 rethrow=0 return_oop=0}
                      ; - (reexecute) org.lwjgl.opengl.GLContext::getCapabilities@5 (line 123)
                      ; - org.lwjgl.opengl.GL20::glDisableVertexAttribArray@0 (line 917)
                      ; - com.badlogic.gdx.backends.lwjgl.LwjglGL20::glDisableVertexAttribArray@1 (line 272)
                      ; - com.badlogic.gdx.graphics.glutils.ShaderProgram::disableVertexAttribute@22 (line 719)
                      ; - com.badlogic.gdx.graphics.glutils.VertexArray::unbind@34 (line 145)
                      ; - com.badlogic.gdx.graphics.Mesh::unbind@6 (line 398)
                      ; - com.badlogic.gdx.graphics.Mesh::unbind@3 (line 389)
                      ; - com.badlogic.gdx.graphics.Mesh::render@178 (line 501)
                      ; - com.badlogic.gdx.graphics.Mesh::render@10 (line 449)
                      ; - com.badlogic.gdx.graphics.g2d.SpriteBatch::flush@176 (line 975)
  0x00007fa12fa594b4: 2823 a0ff 

  0x00007fa12fa594b8: ;   {post_call_nop}
  0x00007fa12fa594b8: 0f1f 8400 | b01c 0023 | 4533 d249 | 3bd2 bdff | ffff ff7c | 0840 0f95 | c540 0fb6 | edbe 45ff 
  0x00007fa12fa594d8: ffff 48ff | 7424 2048 | 8f44 2418 | 4889 4424 | f88b 4424 | 2889 4424 | 2048 8b44 | 24f8 4489 
  0x00007fa12fa594f8: 4424 2848 | 8954 2430 

  0x00007fa12fa59500: ;   {runtime_call UncommonTrapBlob}
  0x00007fa12fa59500: c5f8 77e8 

  0x00007fa12fa59504: ; ImmutableOopMap {[8]=NarrowOop [12]=NarrowOop [16]=Oop [24]=Oop }
                      ;*ifne {reexecute=1 rethrow=0 return_oop=0}
                      ; - (reexecute) org.lwjgl.BufferChecks::checkFunctionAddress@9 (line 57)
                      ; - org.lwjgl.opengl.GL20::glDisableVertexAttribArray@10 (line 919)
                      ; - com.badlogic.gdx.backends.lwjgl.LwjglGL20::glDisableVertexAttribArray@1 (line 272)
                      ; - com.badlogic.gdx.graphics.glutils.ShaderProgram::disableVertexAttribute@22 (line 719)
                      ; - com.badlogic.gdx.graphics.glutils.VertexArray::unbind@34 (line 145)
                      ; - com.badlogic.gdx.graphics.Mesh::unbind@6 (line 398)
                      ; - com.badlogic.gdx.graphics.Mesh::unbind@3 (line 389)
                      ; - com.badlogic.gdx.graphics.Mesh::render@178 (line 501)
                      ; - com.badlogic.gdx.graphics.Mesh::render@10 (line 449)
                      ; - com.badlogic.gdx.graphics.g2d.SpriteBatch::flush@176 (line 975)
  0x00007fa12fa59504: d822 a0ff 

  0x00007fa12fa59508: ;   {post_call_nop}
  0x00007fa12fa59508: 0f1f 8400 | 001d 0024 | bee4 ffff | ff48 ff74 | 2420 488f | 4424 1848 | 8944 24f8 | 8b44 242c 
  0x00007fa12fa59528: 8944 2420 | 488b 4424 | f848 8944 | 24f8 8b44 | 2428 8944 | 2424 488b | 4424 f84c | 894c 2430 
  0x00007fa12fa59548: 4489 5c24 | 2c89 5c24 | 3866 6690 

  0x00007fa12fa59554: ;   {runtime_call UncommonTrapBlob}
  0x00007fa12fa59554: c5f8 77e8 

  0x00007fa12fa59558: ; ImmutableOopMap {[8]=NarrowOop [12]=NarrowOop [20]=NarrowOop [24]=Oop [44]=NarrowOop [56]=NarrowOop }
                      ;*aaload {reexecute=0 rethrow=0 return_oop=0}
                      ; - org.lwjgl.opengl.ReferencesStack::getReferences@8 (line 41)
                      ; - org.lwjgl.opengl.StateTracker::getReferences@7 (line 85)
                      ; - org.lwjgl.opengl.StateTracker::getElementArrayBufferBound@1 (line 143)
                      ; - org.lwjgl.opengl.GLChecks::ensureElementVBOdisabled@7 (line 82)
                      ; - org.lwjgl.opengl.GL11::glDrawElements@14 (line 1108)
                      ; - com.badlogic.gdx.backends.lwjgl.LwjglGL20::glDrawElements@21 (line 281)
                      ; - com.badlogic.gdx.graphics.Mesh::render@88 (line 488)
                      ; - com.badlogic.gdx.graphics.Mesh::render@10 (line 449)
                      ; - com.badlogic.gdx.graphics.g2d.SpriteBatch::flush@176 (line 975)
  0x00007fa12fa59558: 8422 a0ff 

  0x00007fa12fa5955c: ;   {post_call_nop}
  0x00007fa12fa5955c: 0f1f 8400 | 541d 0025 | bef6 ffff | ff8b 6c24 | 144c 895c | 2408 6690 

  0x00007fa12fa59574: ;   {runtime_call UncommonTrapBlob}
  0x00007fa12fa59574: c5f8 77e8 

  0x00007fa12fa59578: ; ImmutableOopMap {rbp=NarrowOop }
                      ;*invokevirtual getLong {reexecute=0 rethrow=0 return_oop=0}
                      ; - org.lwjgl.MemoryUtilSun$AccessorUnsafe::getAddress@9 (line 70)
                      ; - org.lwjgl.MemoryUtil::getAddress0@4 (line 113)
                      ; - org.lwjgl.MemoryUtil::getAddress@1 (line 129)
                      ; - org.lwjgl.MemoryUtil::getAddress@5 (line 127)
                      ; - org.lwjgl.opengl.GL11::glDrawElements@30 (line 1110)
                      ; - com.badlogic.gdx.backends.lwjgl.LwjglGL20::glDrawElements@21 (line 281)
                      ; - com.badlogic.gdx.graphics.Mesh::render@88 (line 488)
                      ; - com.badlogic.gdx.graphics.Mesh::render@10 (line 449)
                      ; - com.badlogic.gdx.graphics.g2d.SpriteBatch::flush@176 (line 975)
  0x00007fa12fa59578: 6422 a0ff 

  0x00007fa12fa5957c: ;   {post_call_nop}
  0x00007fa12fa5957c: 0f1f 8400 | 741d 0026 | bede ffff | ff49 8be8 | 895c 2408 | 8954 240c | 4489 5424 | 1044 894c 
  0x00007fa12fa5959c: 2414 6690 

  0x00007fa12fa595a0: ;   {runtime_call UncommonTrapBlob}
  0x00007fa12fa595a0: c5f8 77e8 

  0x00007fa12fa595a4: ; ImmutableOopMap {rbp=Oop [12]=NarrowOop }
                      ;*invokeinterface glBindTexture {reexecute=0 rethrow=0 return_oop=0}
                      ; - com.badlogic.gdx.graphics.GLTexture::bind@11 (line 66)
                      ; - com.badlogic.gdx.graphics.g2d.SpriteBatch::flush@58 (line 962)
  0x00007fa12fa595a4: 3822 a0ff 

  0x00007fa12fa595a8: ;   {post_call_nop}
  0x00007fa12fa595a8: 0f1f 8400 | a01d 0027 | bede ffff | ff48 894c | 2410 4489 | 4c24 1844 | 8944 241c | 4489 5c24 
  0x00007fa12fa595c8: 2066 6690 

  0x00007fa12fa595cc: ;   {runtime_call UncommonTrapBlob}
  0x00007fa12fa595cc: c5f8 77e8 

  0x00007fa12fa595d0: ; ImmutableOopMap {rbp=NarrowOop [16]=Oop [24]=NarrowOop [28]=NarrowOop }
                      ;*invokeinterface setVertices {reexecute=0 rethrow=0 return_oop=0}
                      ; - com.badlogic.gdx.graphics.Mesh::setVertices@7 (line 197)
                      ; - com.badlogic.gdx.graphics.g2d.SpriteBatch::flush@76 (line 964)
  0x00007fa12fa595d0: 0c22 a0ff 

  0x00007fa12fa595d4: ;   {post_call_nop}
  0x00007fa12fa595d4: 0f1f 8400 | cc1d 0028 | bede ffff | ff48 8be9 | 4489 4c24 | 1048 895c | 2418 4489 | 4424 2044 
  0x00007fa12fa595f4: 895c 2428 | 897c 242c | 4489 5424 | 3066 6690 

  0x00007fa12fa59604: ;   {runtime_call UncommonTrapBlob}
  0x00007fa12fa59604: c5f8 77e8 

  0x00007fa12fa59608: ; ImmutableOopMap {rbp=Oop [16]=NarrowOop [24]=Oop [32]=NarrowOop [44]=NarrowOop }
                      ;*invokevirtual limit {reexecute=0 rethrow=0 return_oop=0}
                      ; - com.badlogic.gdx.utils.BufferUtils::copy@11 (line 51)
                      ; - com.badlogic.gdx.graphics.glutils.VertexArray::setVertices@7 (line 84)
                      ; - com.badlogic.gdx.graphics.Mesh::setVertices@7 (line 197)
                      ; - com.badlogic.gdx.graphics.g2d.SpriteBatch::flush@76 (line 964)
  0x00007fa12fa59608: d421 a0ff 

  0x00007fa12fa5960c: ;   {post_call_nop}
  0x00007fa12fa5960c: 0f1f 8400 | 041e 0029 | bede ffff | ff66 6690 

  0x00007fa12fa5961c: ;   {runtime_call UncommonTrapBlob}
  0x00007fa12fa5961c: c5f8 77e8 

  0x00007fa12fa59620: ; ImmutableOopMap {rbp=NarrowOop [12]=NarrowOop [24]=Oop }
                      ;*invokeinterface getBuffer {reexecute=0 rethrow=0 return_oop=0}
                      ; - com.badlogic.gdx.graphics.Mesh::getIndicesBuffer@4 (line 797)
                      ; - com.badlogic.gdx.graphics.g2d.SpriteBatch::flush@81 (line 965)
  0x00007fa12fa59620: bc21 a0ff 

  0x00007fa12fa59624: ;   {post_call_nop}
  0x00007fa12fa59624: 0f1f 8400 | 1c1e 002a | bede ffff | ff44 895c | 2410 4489 | 5424 1490 

  0x00007fa12fa5963c: ;   {runtime_call UncommonTrapBlob}
  0x00007fa12fa5963c: c5f8 77e8 

  0x00007fa12fa59640: ; ImmutableOopMap {rbp=NarrowOop [20]=NarrowOop [24]=Oop }
                      ;*invokeinterface glEnable {reexecute=0 rethrow=0 return_oop=0}
                      ; - com.badlogic.gdx.graphics.g2d.SpriteBatch::flush@125 (line 971)
  0x00007fa12fa59640: 9c21 a0ff 

  0x00007fa12fa59644: ;   {post_call_nop}
  0x00007fa12fa59644: 0f1f 8400 | 3c1e 002b | bede ffff | ff4c 894c | 2410 4489 | 5c24 1844 | 8954 241c 

  0x00007fa12fa59660: ;   {runtime_call UncommonTrapBlob}
  0x00007fa12fa59660: c5f8 77e8 

  0x00007fa12fa59664: ; ImmutableOopMap {rbp=NarrowOop [12]=NarrowOop [16]=Oop }
                      ;*invokeinterface glBlendFunc {reexecute=0 rethrow=0 return_oop=0}
                      ; - com.badlogic.gdx.graphics.g2d.SpriteBatch::flush@149 (line 972)
  0x00007fa12fa59664: 7821 a0ff 

  0x00007fa12fa59668: ;   {post_call_nop}
  0x00007fa12fa59668: 0f1f 8400 | 601e 002c | bede ffff | ff4c 8944 | 2408 894c | 2418 897c | 241c 4489 | 4c24 2044 
  0x00007fa12fa59688: 8954 2424 

  0x00007fa12fa5968c: ;   {runtime_call UncommonTrapBlob}
  0x00007fa12fa5968c: c5f8 77e8 

  0x00007fa12fa59690: ; ImmutableOopMap {rbp=NarrowOop [8]=Oop [32]=NarrowOop [36]=NarrowOop }
                      ;*invokeinterface bind {reexecute=0 rethrow=0 return_oop=0}
                      ; - com.badlogic.gdx.graphics.Mesh::bind@6 (line 380)
                      ; - com.badlogic.gdx.graphics.Mesh::bind@3 (line 371)
                      ; - com.badlogic.gdx.graphics.Mesh::render@13 (line 479)
                      ; - com.badlogic.gdx.graphics.Mesh::render@10 (line 449)
                      ; - com.badlogic.gdx.graphics.g2d.SpriteBatch::flush@176 (line 975)
  0x00007fa12fa59690: 4c21 a0ff 

  0x00007fa12fa59694: ;   {post_call_nop}
  0x00007fa12fa59694: 0f1f 8400 | 8c1e 002d | bede ffff | ff48 8bea | 48ff 7424 | 2048 8f44 | 2408 4889 | 4424 f88b 
  0x00007fa12fa596b4: 4424 2889 | 4424 1048 | 8b44 24f8 | 897c 241c | 4489 5424 | 2489 4424 | 2844 8944 | 242c 895c 
  0x00007fa12fa596d4: 2430 6690 

  0x00007fa12fa596d8: ;   {runtime_call UncommonTrapBlob}
  0x00007fa12fa596d8: c5f8 77e8 

  0x00007fa12fa596dc: ; ImmutableOopMap {rbp=Oop [8]=Oop [16]=NarrowOop [36]=NarrowOop [44]=NarrowOop }
                      ;*invokevirtual limit {reexecute=0 rethrow=0 return_oop=0}
                      ; - com.badlogic.gdx.graphics.glutils.VertexArray::bind@21 (line 105)
                      ; - com.badlogic.gdx.graphics.Mesh::bind@6 (line 380)
                      ; - com.badlogic.gdx.graphics.Mesh::bind@3 (line 371)
                      ; - com.badlogic.gdx.graphics.Mesh::render@13 (line 479)
                      ; - com.badlogic.gdx.graphics.Mesh::render@10 (line 449)
                      ; - com.badlogic.gdx.graphics.g2d.SpriteBatch::flush@176 (line 975)
  0x00007fa12fa596dc: 0021 a0ff 

  0x00007fa12fa596e0: ;   {post_call_nop}
  0x00007fa12fa596e0: 0f1f 8400 | d81e 002e | bede ffff | ff48 ff74 | 2420 488f | 4424 0889 | 4c24 1844 | 8954 2420 
  0x00007fa12fa59700: ;   {runtime_call UncommonTrapBlob}
  0x00007fa12fa59700: c5f8 77e8 

  0x00007fa12fa59704: ; ImmutableOopMap {rbp=NarrowOop [8]=Oop [24]=NarrowOop [32]=NarrowOop [40]=NarrowOop }
                      ;*invokeinterface getNumIndices {reexecute=0 rethrow=0 return_oop=0}
                      ; - com.badlogic.gdx.graphics.Mesh::bind@15 (line 381)
                      ; - com.badlogic.gdx.graphics.Mesh::bind@3 (line 371)
                      ; - com.badlogic.gdx.graphics.Mesh::render@13 (line 479)
                      ; - com.badlogic.gdx.graphics.Mesh::render@10 (line 449)
                      ; - com.badlogic.gdx.graphics.g2d.SpriteBatch::flush@176 (line 975)
  0x00007fa12fa59704: d820 a0ff 

  0x00007fa12fa59708: ;   {post_call_nop}
  0x00007fa12fa59708: 0f1f 8400 | 001f 002f | bede ffff | ff48 ff74 | 2420 488f | 4424 1848 | 8944 24f8 | 8b44 242c 
  0x00007fa12fa59728: 8944 2420 | 488b 4424 | f848 8944 | 24f8 8b44 | 2428 8944 | 2424 488b | 4424 f844 | 8954 2428 
  0x00007fa12fa59748: ;   {runtime_call UncommonTrapBlob}
  0x00007fa12fa59748: c5f8 77e8 

  0x00007fa12fa5974c: ; ImmutableOopMap {rbp=NarrowOop [8]=NarrowOop [12]=NarrowOop [20]=NarrowOop [24]=Oop }
                      ;*invokeinterface glDrawElements {reexecute=0 rethrow=0 return_oop=0}
                      ; - com.badlogic.gdx.graphics.Mesh::render@88 (line 488)
                      ; - com.badlogic.gdx.graphics.Mesh::render@10 (line 449)
                      ; - com.badlogic.gdx.graphics.g2d.SpriteBatch::flush@176 (line 975)
  0x00007fa12fa5974c: 9020 a0ff 

  0x00007fa12fa59750: ;   {post_call_nop}
  0x00007fa12fa59750: 0f1f 8400 | 481f 0030 | bede ffff | ff66 6690 

  0x00007fa12fa59760: ;   {runtime_call UncommonTrapBlob}
  0x00007fa12fa59760: c5f8 77e8 

  0x00007fa12fa59764: ; ImmutableOopMap {rbp=NarrowOop [8]=NarrowOop [12]=NarrowOop [32]=Oop }
                      ;*invokeinterface unbind {reexecute=0 rethrow=0 return_oop=0}
                      ; - com.badlogic.gdx.graphics.Mesh::unbind@6 (line 398)
                      ; - com.badlogic.gdx.graphics.Mesh::unbind@3 (line 389)
                      ; - com.badlogic.gdx.graphics.Mesh::render@178 (line 501)
                      ; - com.badlogic.gdx.graphics.Mesh::render@10 (line 449)
                      ; - com.badlogic.gdx.graphics.g2d.SpriteBatch::flush@176 (line 975)
  0x00007fa12fa59764: 7820 a0ff 

  0x00007fa12fa59768: ;   {post_call_nop}
  0x00007fa12fa59768: 0f1f 8400 | 601f 0031 | bede ffff | ff44 8944 | 2410 6690 

  0x00007fa12fa5977c: ;   {runtime_call UncommonTrapBlob}
  0x00007fa12fa5977c: c5f8 77e8 

  0x00007fa12fa59780: ; ImmutableOopMap {rbp=NarrowOop [16]=NarrowOop [32]=Oop }
                      ;*invokeinterface getNumIndices {reexecute=0 rethrow=0 return_oop=0}
                      ; - com.badlogic.gdx.graphics.Mesh::unbind@15 (line 399)
                      ; - com.badlogic.gdx.graphics.Mesh::unbind@3 (line 389)
                      ; - com.badlogic.gdx.graphics.Mesh::render@178 (line 501)
                      ; - com.badlogic.gdx.graphics.Mesh::render@10 (line 449)
                      ; - com.badlogic.gdx.graphics.g2d.SpriteBatch::flush@176 (line 975)
  0x00007fa12fa59780: 5c20 a0ff 

  0x00007fa12fa59784: ;   {post_call_nop}
  0x00007fa12fa59784: 0f1f 8400 | 7c1f 0032 | be45 ffff | ff49 8be8 | 895c 2408 | 4489 5424 | 0c44 894c | 2410 897c 
  0x00007fa12fa597a4: 2414 4889 | 5424 1890 

  0x00007fa12fa597ac: ;   {runtime_call UncommonTrapBlob}
  0x00007fa12fa597ac: c5f8 77e8 

  0x00007fa12fa597b0: ; ImmutableOopMap {rbp=Oop [20]=NarrowOop [24]=Oop }
                      ;*if_acmpne {reexecute=1 rethrow=0 return_oop=0}
                      ; - (reexecute) org.lwjgl.opengl.GLContext::getCapabilitiesImpl@11 (line 132)
                      ; - org.lwjgl.opengl.GLContext::getCapabilities@0 (line 122)
                      ; - org.lwjgl.opengl.GL11::glBindTexture@0 (line 651)
                      ; - com.badlogic.gdx.backends.lwjgl.LwjglGL20::glBindTexture@2 (line 93)
                      ; - com.badlogic.gdx.graphics.GLTexture::bind@11 (line 66)
                      ; - com.badlogic.gdx.graphics.g2d.SpriteBatch::flush@58 (line 962)
  0x00007fa12fa597b0: 2c20 a0ff 

  0x00007fa12fa597b4: ;   {post_call_nop}
  0x00007fa12fa597b4: 0f1f 8400 | ac1f 0033 | be45 ffff | ff48 894c | 2408 4489 | 5c24 1044 | 8954 2414 | 4889 5c24 
  0x00007fa12fa597d4: 1866 6690 

  0x00007fa12fa597d8: ;   {runtime_call UncommonTrapBlob}
  0x00007fa12fa597d8: c5f8 77e8 

  0x00007fa12fa597dc: ; ImmutableOopMap {rbp=NarrowOop [8]=Oop [20]=NarrowOop [24]=Oop }
                      ;*if_acmpne {reexecute=1 rethrow=0 return_oop=0}
                      ; - (reexecute) org.lwjgl.opengl.GLContext::getCapabilitiesImpl@11 (line 132)
                      ; - org.lwjgl.opengl.GLContext::getCapabilities@0 (line 122)
                      ; - org.lwjgl.opengl.GL11::glEnable@0 (line 1012)
                      ; - com.badlogic.gdx.backends.lwjgl.LwjglGL20::glEnable@1 (line 292)
                      ; - com.badlogic.gdx.graphics.g2d.SpriteBatch::flush@125 (line 971)
  0x00007fa12fa597dc: 0020 a0ff 

  0x00007fa12fa597e0: ;   {post_call_nop}
  0x00007fa12fa597e0: 0f1f 8400 | d81f 0034 | be45 ffff | ff4c 894c | 2410 4489 | 5c24 1844 | 8954 241c | 4889 5c24 
  0x00007fa12fa59800: 2066 6690 

  0x00007fa12fa59804: ;   {runtime_call UncommonTrapBlob}
  0x00007fa12fa59804: c5f8 77e8 

  0x00007fa12fa59808: ; ImmutableOopMap {rbp=NarrowOop [12]=NarrowOop [16]=Oop [32]=Oop }
                      ;*if_acmpne {reexecute=1 rethrow=0 return_oop=0}
                      ; - (reexecute) org.lwjgl.opengl.GLContext::getCapabilitiesImpl@11 (line 132)
                      ; - org.lwjgl.opengl.GLContext::getCapabilities@0 (line 122)
                      ; - org.lwjgl.opengl.GL11::glBlendFunc@0 (line 624)
                      ; - com.badlogic.gdx.backends.lwjgl.LwjglGL20::glBlendFunc@2 (line 109)
                      ; - com.badlogic.gdx.graphics.g2d.SpriteBatch::flush@149 (line 972)
  0x00007fa12fa59808: d41f a0ff 

  0x00007fa12fa5980c: ;   {post_call_nop}
  0x00007fa12fa5980c: 0f1f 8400 | 0420 0035 | be45 ffff | ff48 8b6c | 2420 894c | 240c 4889 | 4424 f88b | 4424 1489 
  0x00007fa12fa5982c: 4424 1048 | 8b44 24f8 | 8954 2418 

  0x00007fa12fa59838: ;   {runtime_call UncommonTrapBlob}
  0x00007fa12fa59838: c5f8 77e8 

  0x00007fa12fa5983c: ; ImmutableOopMap {rbp=Oop [12]=NarrowOop [40]=NarrowOop }
                      ;*ifle {reexecute=1 rethrow=0 return_oop=0}
                      ; - (reexecute) com.badlogic.gdx.graphics.Mesh::bind@20 (line 381)
                      ; - com.badlogic.gdx.graphics.Mesh::bind@3 (line 371)
                      ; - com.badlogic.gdx.graphics.Mesh::render@13 (line 479)
                      ; - com.badlogic.gdx.graphics.Mesh::render@10 (line 449)
                      ; - com.badlogic.gdx.graphics.g2d.SpriteBatch::flush@176 (line 975)
  0x00007fa12fa5983c: a01f a0ff 

  0x00007fa12fa59840: ;   {post_call_nop}
  0x00007fa12fa59840: 0f1f 8400 | 3820 0036 | be45 ffff | ff66 6690 

  0x00007fa12fa59850: ;   {runtime_call UncommonTrapBlob}
  0x00007fa12fa59850: c5f8 77e8 

  0x00007fa12fa59854: ; ImmutableOopMap {rbp=NarrowOop [8]=NarrowOop [12]=NarrowOop [20]=NarrowOop [24]=Oop [32]=Oop }
                      ;*if_acmpne {reexecute=1 rethrow=0 return_oop=0}
                      ; - (reexecute) org.lwjgl.opengl.GLContext::getCapabilitiesImpl@11 (line 132)
                      ; - org.lwjgl.opengl.GLContext::getCapabilities@0 (line 122)
                      ; - org.lwjgl.opengl.GL11::glDrawElements@0 (line 1105)
                      ; - com.badlogic.gdx.backends.lwjgl.LwjglGL20::glDrawElements@21 (line 281)
                      ; - com.badlogic.gdx.graphics.Mesh::render@88 (line 488)
                      ; - com.badlogic.gdx.graphics.Mesh::render@10 (line 449)
                      ; - com.badlogic.gdx.graphics.g2d.SpriteBatch::flush@176 (line 975)
  0x00007fa12fa59854: 881f a0ff 

  0x00007fa12fa59858: ;   {post_call_nop}
  0x00007fa12fa59858: 0f1f 8400 | 5020 0037 | be45 ffff | ff48 ff74 | 2420 488f | 4424 1848 | 8944 24f8 | 8b44 242c 
  0x00007fa12fa59878: 8944 2420 | 488b 4424 | f848 8944 | 24f8 8b44 | 2428 8944 | 2424 488b | 4424 f84c | 894c 2430 
  0x00007fa12fa59898: 4489 5c24 | 2c89 4c24 | 3866 6690 

  0x00007fa12fa598a4: ;   {runtime_call UncommonTrapBlob}
  0x00007fa12fa598a4: c5f8 77e8 

  0x00007fa12fa598a8: ; ImmutableOopMap {[8]=NarrowOop [12]=NarrowOop [20]=NarrowOop [24]=Oop [44]=NarrowOop [56]=NarrowOop }
                      ;*ifne {reexecute=1 rethrow=0 return_oop=0}
                      ; - (reexecute) org.lwjgl.opengl.StateTracker::getElementArrayBufferBound@9 (line 145)
                      ; - org.lwjgl.opengl.GLChecks::ensureElementVBOdisabled@7 (line 82)
                      ; - org.lwjgl.opengl.GL11::glDrawElements@14 (line 1108)
                      ; - com.badlogic.gdx.backends.lwjgl.LwjglGL20::glDrawElements@21 (line 281)
                      ; - com.badlogic.gdx.graphics.Mesh::render@88 (line 488)
                      ; - com.badlogic.gdx.graphics.Mesh::render@10 (line 449)
                      ; - com.badlogic.gdx.graphics.g2d.SpriteBatch::flush@176 (line 975)
  0x00007fa12fa598a8: 341f a0ff 

  0x00007fa12fa598ac: ;   {post_call_nop}
  0x00007fa12fa598ac: 0f1f 8400 | a420 0038 | be45 ffff | ff66 6690 

  0x00007fa12fa598bc: ;   {runtime_call UncommonTrapBlob}
  0x00007fa12fa598bc: c5f8 77e8 

  0x00007fa12fa598c0: ; ImmutableOopMap {[32]=Oop }
                      ;*ifle {reexecute=1 rethrow=0 return_oop=0}
                      ; - (reexecute) com.badlogic.gdx.graphics.Mesh::unbind@20 (line 399)
                      ; - com.badlogic.gdx.graphics.Mesh::unbind@3 (line 389)
                      ; - com.badlogic.gdx.graphics.Mesh::render@178 (line 501)
                      ; - com.badlogic.gdx.graphics.Mesh::render@10 (line 449)
                      ; - com.badlogic.gdx.graphics.g2d.SpriteBatch::flush@176 (line 975)
  0x00007fa12fa598c0: 1c1f a0ff 

  0x00007fa12fa598c4: ;   {post_call_nop}
  0x00007fa12fa598c4: 0f1f 8400 | bc20 0039 | be45 ffff | ff4c 8944 | 2408 895c | 2410 4489 | 5424 1444 | 894c 2418 
  0x00007fa12fa598e4: ;   {runtime_call UncommonTrapBlob}
  0x00007fa12fa598e4: c5f8 77e8 

  0x00007fa12fa598e8: ; ImmutableOopMap {rbp=NarrowOop [8]=Oop }
                      ;*ifnonnull {reexecute=1 rethrow=0 return_oop=0}
                      ; - (reexecute) org.lwjgl.opengl.GLContext::getCapabilities@5 (line 123)
                      ; - org.lwjgl.opengl.GL11::glBindTexture@0 (line 651)
                      ; - com.badlogic.gdx.backends.lwjgl.LwjglGL20::glBindTexture@2 (line 93)
                      ; - com.badlogic.gdx.graphics.GLTexture::bind@11 (line 66)
                      ; - com.badlogic.gdx.graphics.g2d.SpriteBatch::flush@58 (line 962)
  0x00007fa12fa598e8: f41e a0ff 

  0x00007fa12fa598ec: ;   {post_call_nop}
  0x00007fa12fa598ec: 0f1f 8400 | e420 003a | 4533 db49 | 3bcb bdff | ffff ff7c | 0840 0f95 | c540 0fb6 | edbe 45ff 
  0x00007fa12fa5990c: ffff 4c89 | 4424 0889 | 5c24 1044 | 8954 2414 | 4489 4c24 | 1848 894c | 2420 6690 

  0x00007fa12fa59928: ;   {runtime_call UncommonTrapBlob}
  0x00007fa12fa59928: c5f8 77e8 

  0x00007fa12fa5992c: ; ImmutableOopMap {[8]=Oop }
                      ;*ifne {reexecute=1 rethrow=0 return_oop=0}
                      ; - (reexecute) org.lwjgl.BufferChecks::checkFunctionAddress@9 (line 57)
                      ; - org.lwjgl.opengl.GL11::glBindTexture@10 (line 653)
                      ; - com.badlogic.gdx.backends.lwjgl.LwjglGL20::glBindTexture@2 (line 93)
                      ; - com.badlogic.gdx.graphics.GLTexture::bind@11 (line 66)
                      ; - com.badlogic.gdx.graphics.g2d.SpriteBatch::flush@58 (line 962)
  0x00007fa12fa5992c: b01e a0ff 

  0x00007fa12fa59930: ;   {post_call_nop}
  0x00007fa12fa59930: 0f1f 8400 | 2821 003b | be45 ffff | ff48 894c | 2410 4489 | 4c24 1848 | 895c 2420 | 4489 4424 
  0x00007fa12fa59950: 2844 895c | 242c 4889 | 7c24 3848 | 897c 2440 | 4489 5424 | 5466 6690 

  0x00007fa12fa59968: ;   {runtime_call UncommonTrapBlob}
  0x00007fa12fa59968: c5f8 77e8 

  0x00007fa12fa5996c: ; ImmutableOopMap {[16]=Oop [24]=NarrowOop [32]=Oop [40]=NarrowOop [56]=Oop [64]=Oop }
                      ;*if_icmple {reexecute=1 rethrow=0 return_oop=0}
                      ; - (reexecute) java.nio.Buffer::limit@5 (line 378)
                      ; - java.nio.ByteBuffer::limit@2 (line 1590)
                      ; - java.nio.MappedByteBuffer::limit@2 (line 339)
                      ; - java.nio.MappedByteBuffer::limit@2 (line 74)
                      ; - com.badlogic.gdx.utils.BufferUtils::copy@11 (line 51)
                      ; - com.badlogic.gdx.graphics.glutils.VertexArray::setVertices@7 (line 84)
                      ; - com.badlogic.gdx.graphics.Mesh::setVertices@7 (line 197)
                      ; - com.badlogic.gdx.graphics.g2d.SpriteBatch::flush@76 (line 964)
  0x00007fa12fa5996c: 701e a0ff 

  0x00007fa12fa59970: ;   {post_call_nop}
  0x00007fa12fa59970: 0f1f 8400 | 6821 003c | be45 ffff | ff48 8be9 | 4489 4c24 | 1048 895c | 2418 4489 | 4424 2044 
  0x00007fa12fa59990: 895c 2424 | 4889 7c24 | 3048 897c | 2438 4489 | 5424 4c90 

  0x00007fa12fa599a4: ;   {runtime_call UncommonTrapBlob}
  0x00007fa12fa599a4: c5f8 77e8 

  0x00007fa12fa599a8: ; ImmutableOopMap {rbp=Oop [16]=NarrowOop [24]=Oop [32]=NarrowOop [48]=Oop [56]=Oop }
                      ;*ifge {reexecute=1 rethrow=0 return_oop=0}
                      ; - (reexecute) java.nio.Buffer::limit@14 (line 378)
                      ; - java.nio.ByteBuffer::limit@2 (line 1590)
                      ; - java.nio.MappedByteBuffer::limit@2 (line 339)
                      ; - java.nio.MappedByteBuffer::limit@2 (line 74)
                      ; - com.badlogic.gdx.utils.BufferUtils::copy@11 (line 51)
                      ; - com.badlogic.gdx.graphics.glutils.VertexArray::setVertices@7 (line 84)
                      ; - com.badlogic.gdx.graphics.Mesh::setVertices@7 (line 197)
                      ; - com.badlogic.gdx.graphics.g2d.SpriteBatch::flush@76 (line 964)
  0x00007fa12fa599a8: 341e a0ff 

  0x00007fa12fa599ac: ;   {post_call_nop}
  0x00007fa12fa599ac: 0f1f 8400 | a421 003d | be45 ffff | ff48 894c | 2410 4489 | 4c24 1848 | 895c 2420 | 4489 4424 
  0x00007fa12fa599cc: 2844 895c | 242c 4889 | 7c24 3848 | 897c 2440 | 4489 5424 | 5466 6690 

  0x00007fa12fa599e4: ;   {runtime_call UncommonTrapBlob}
  0x00007fa12fa599e4: c5f8 77e8 

  0x00007fa12fa599e8: ; ImmutableOopMap {[16]=Oop [24]=NarrowOop [32]=Oop [40]=NarrowOop [56]=Oop [64]=Oop }
                      ;*if_icmple {reexecute=1 rethrow=0 return_oop=0}
                      ; - (reexecute) java.nio.Buffer::limit@42 (line 381)
                      ; - java.nio.ByteBuffer::limit@2 (line 1590)
                      ; - java.nio.MappedByteBuffer::limit@2 (line 339)
                      ; - java.nio.MappedByteBuffer::limit@2 (line 74)
                      ; - com.badlogic.gdx.utils.BufferUtils::copy@11 (line 51)
                      ; - com.badlogic.gdx.graphics.glutils.VertexArray::setVertices@7 (line 84)
                      ; - com.badlogic.gdx.graphics.Mesh::setVertices@7 (line 197)
                      ; - com.badlogic.gdx.graphics.g2d.SpriteBatch::flush@76 (line 964)
  0x00007fa12fa599e8: f41d a0ff 

  0x00007fa12fa599ec: ;   {post_call_nop}
  0x00007fa12fa599ec: 0f1f 8400 | e421 003e | be45 ffff | ff48 894c | 2410 4489 | 4c24 1848 | 895c 2420 | 4489 4424 
  0x00007fa12fa59a0c: 2844 895c | 242c 4889 | 7c24 3848 | 897c 2440 | 4489 5424 | 5066 6690 

  0x00007fa12fa59a24: ;   {runtime_call UncommonTrapBlob}
  0x00007fa12fa59a24: c5f8 77e8 

  0x00007fa12fa59a28: ; ImmutableOopMap {[16]=Oop [24]=NarrowOop [32]=Oop [40]=NarrowOop [56]=Oop [64]=Oop }
                      ;*if_icmple {reexecute=1 rethrow=0 return_oop=0}
                      ; - (reexecute) java.nio.Buffer::limit@55 (line 382)
                      ; - java.nio.ByteBuffer::limit@2 (line 1590)
                      ; - java.nio.MappedByteBuffer::limit@2 (line 339)
                      ; - java.nio.MappedByteBuffer::limit@2 (line 74)
                      ; - com.badlogic.gdx.utils.BufferUtils::copy@11 (line 51)
                      ; - com.badlogic.gdx.graphics.glutils.VertexArray::setVertices@7 (line 84)
                      ; - com.badlogic.gdx.graphics.Mesh::setVertices@7 (line 197)
                      ; - com.badlogic.gdx.graphics.g2d.SpriteBatch::flush@76 (line 964)
  0x00007fa12fa59a28: b41d a0ff 

  0x00007fa12fa59a2c: ;   {post_call_nop}
  0x00007fa12fa59a2c: 0f1f 8400 | 2422 003f | be45 ffff | ff48 ff74 | 2418 488f | 4424 1048 | 8944 24f8 | 8b44 2420 
  0x00007fa12fa59a4c: 8944 241c | 488b 4424 | f84c 8954 | 2430 4c89 | 5424 3890 

  0x00007fa12fa59a60: ;   {runtime_call UncommonTrapBlob}
  0x00007fa12fa59a60: c5f8 77e8 

  0x00007fa12fa59a64: ; ImmutableOopMap {[12]=NarrowOop [16]=Oop [40]=Oop [48]=Oop [56]=Oop }
                      ;*if_icmple {reexecute=1 rethrow=0 return_oop=0}
                      ; - (reexecute) java.nio.Buffer::position@5 (line 325)
                      ; - java.nio.ByteBuffer::position@2 (line 1576)
                      ; - java.nio.MappedByteBuffer::position@2 (line 329)
                      ; - java.nio.MappedByteBuffer::position@2 (line 74)
                      ; - com.badlogic.gdx.utils.BufferUtils::copy@40 (line 55)
                      ; - com.badlogic.gdx.graphics.glutils.VertexArray::setVertices@7 (line 84)
                      ; - com.badlogic.gdx.graphics.Mesh::setVertices@7 (line 197)
                      ; - com.badlogic.gdx.graphics.g2d.SpriteBatch::flush@76 (line 964)
  0x00007fa12fa59a64: 781d a0ff 

  0x00007fa12fa59a68: ;   {post_call_nop}
  0x00007fa12fa59a68: 0f1f 8400 | 6022 0040 | be45 ffff | ff48 ff74 | 2418 488f | 4424 1048 | 8944 24f8 | 8b44 2420 
  0x00007fa12fa59a88: 8944 241c | 488b 4424 | f84c 8954 | 2430 4c89 | 5424 3890 

  0x00007fa12fa59a9c: ;   {runtime_call UncommonTrapBlob}
  0x00007fa12fa59a9c: c5f8 77e8 

  0x00007fa12fa59aa0: ; ImmutableOopMap {[12]=NarrowOop [16]=Oop [40]=Oop [48]=Oop [56]=Oop }
                      ;*if_icmple {reexecute=1 rethrow=0 return_oop=0}
                      ; - (reexecute) java.nio.Buffer::position@37 (line 327)
                      ; - java.nio.ByteBuffer::position@2 (line 1576)
                      ; - java.nio.MappedByteBuffer::position@2 (line 329)
                      ; - java.nio.MappedByteBuffer::position@2 (line 74)
                      ; - com.badlogic.gdx.utils.BufferUtils::copy@40 (line 55)
                      ; - com.badlogic.gdx.graphics.glutils.VertexArray::setVertices@7 (line 84)
                      ; - com.badlogic.gdx.graphics.Mesh::setVertices@7 (line 197)
                      ; - com.badlogic.gdx.graphics.g2d.SpriteBatch::flush@76 (line 964)
  0x00007fa12fa59aa0: 3c1d a0ff 

  0x00007fa12fa59aa4: ;   {post_call_nop}
  0x00007fa12fa59aa4: 0f1f 8400 | 9c22 0041 | be45 ffff | ff48 ff74 | 2418 488f | 4424 1048 | 8944 24f8 | 8b44 2420 
  0x00007fa12fa59ac4: 8944 241c | 488b 4424 | f844 895c | 2424 6690 

  0x00007fa12fa59ad4: ;   {runtime_call UncommonTrapBlob}
  0x00007fa12fa59ad4: c5f8 77e8 

  0x00007fa12fa59ad8: ; ImmutableOopMap {[12]=NarrowOop [16]=Oop [36]=NarrowOop [40]=Oop }
                      ;*if_icmple {reexecute=1 rethrow=0 return_oop=0}
                      ; - (reexecute) java.nio.Buffer::position@5 (line 325)
                      ; - java.nio.FloatBuffer::position@2 (line 1576)
                      ; - java.nio.FloatBuffer::position@2 (line 292)
                      ; - com.badlogic.gdx.graphics.glutils.VertexArray::setVertices@15 (line 85)
                      ; - com.badlogic.gdx.graphics.Mesh::setVertices@7 (line 197)
                      ; - com.badlogic.gdx.graphics.g2d.SpriteBatch::flush@76 (line 964)
  0x00007fa12fa59ad8: 041d a0ff 

  0x00007fa12fa59adc: ;   {post_call_nop}
  0x00007fa12fa59adc: 0f1f 8400 | d422 0042 | be45 ffff | ff48 8b6c | 2418 4c89 | 5424 1848 | 8944 24f8 | 8b44 2420 
  0x00007fa12fa59afc: 8944 2414 | 488b 4424 | f844 895c | 2424 4489 | 4c24 2890 

  0x00007fa12fa59b10: ;   {runtime_call UncommonTrapBlob}
  0x00007fa12fa59b10: c5f8 77e8 

  0x00007fa12fa59b14: ; ImmutableOopMap {rbp=Oop [12]=NarrowOop [24]=Oop [36]=NarrowOop }
                      ;*if_icmple {reexecute=1 rethrow=0 return_oop=0}
                      ; - (reexecute) java.nio.Buffer::position@37 (line 327)
                      ; - java.nio.FloatBuffer::position@2 (line 1576)
                      ; - java.nio.FloatBuffer::position@2 (line 292)
                      ; - com.badlogic.gdx.graphics.glutils.VertexArray::setVertices@15 (line 85)
                      ; - com.badlogic.gdx.graphics.Mesh::setVertices@7 (line 197)
                      ; - com.badlogic.gdx.graphics.g2d.SpriteBatch::flush@76 (line 964)
  0x00007fa12fa59b14: c81c a0ff 

  0x00007fa12fa59b18: ;   {post_call_nop}
  0x00007fa12fa59b18: 0f1f 8400 | 1023 0043 | be45 ffff | ff48 ff74 | 2418 488f | 4424 1044 | 895c 2420 | 4489 5424 
  0x00007fa12fa59b38: 2866 6690 

  0x00007fa12fa59b3c: ;   {runtime_call UncommonTrapBlob}
  0x00007fa12fa59b3c: c5f8 77e8 

  0x00007fa12fa59b40: ; ImmutableOopMap {[12]=NarrowOop [16]=Oop [32]=NarrowOop }
                      ;*if_icmple {reexecute=1 rethrow=0 return_oop=0}
                      ; - (reexecute) java.nio.Buffer::limit@5 (line 378)
                      ; - java.nio.FloatBuffer::limit@2 (line 1590)
                      ; - java.nio.FloatBuffer::limit@2 (line 292)
                      ; - com.badlogic.gdx.graphics.glutils.VertexArray::setVertices@24 (line 86)
                      ; - com.badlogic.gdx.graphics.Mesh::setVertices@7 (line 197)
                      ; - com.badlogic.gdx.graphics.g2d.SpriteBatch::flush@76 (line 964)
  0x00007fa12fa59b40: 9c1c a0ff 

  0x00007fa12fa59b44: ;   {post_call_nop}
  0x00007fa12fa59b44: 0f1f 8400 | 3c23 0044 | be45 ffff | ff48 8b6c | 2418 4489 | 5c24 1890 

  0x00007fa12fa59b5c: ;   {runtime_call UncommonTrapBlob}
  0x00007fa12fa59b5c: c5f8 77e8 

  0x00007fa12fa59b60: ; ImmutableOopMap {rbp=Oop [12]=NarrowOop [24]=NarrowOop }
                      ;*ifge {reexecute=1 rethrow=0 return_oop=0}
                      ; - (reexecute) java.nio.Buffer::limit@14 (line 378)
                      ; - java.nio.FloatBuffer::limit@2 (line 1590)
                      ; - java.nio.FloatBuffer::limit@2 (line 292)
                      ; - com.badlogic.gdx.graphics.glutils.VertexArray::setVertices@24 (line 86)
                      ; - com.badlogic.gdx.graphics.Mesh::setVertices@7 (line 197)
                      ; - com.badlogic.gdx.graphics.g2d.SpriteBatch::flush@76 (line 964)
  0x00007fa12fa59b60: 7c1c a0ff 

  0x00007fa12fa59b64: ;   {post_call_nop}
  0x00007fa12fa59b64: 0f1f 8400 | 5c23 0045 | be45 ffff | ff48 8b6c | 2418 4489 | 5c24 1844 | 894c 241c 

  0x00007fa12fa59b80: ;   {runtime_call UncommonTrapBlob}
  0x00007fa12fa59b80: c5f8 77e8 

  0x00007fa12fa59b84: ; ImmutableOopMap {rbp=Oop [12]=NarrowOop [24]=NarrowOop }
                      ;*if_icmple {reexecute=1 rethrow=0 return_oop=0}
                      ; - (reexecute) java.nio.Buffer::limit@55 (line 382)
                      ; - java.nio.FloatBuffer::limit@2 (line 1590)
                      ; - java.nio.FloatBuffer::limit@2 (line 292)
                      ; - com.badlogic.gdx.graphics.glutils.VertexArray::setVertices@24 (line 86)
                      ; - com.badlogic.gdx.graphics.Mesh::setVertices@7 (line 197)
                      ; - com.badlogic.gdx.graphics.g2d.SpriteBatch::flush@76 (line 964)
  0x00007fa12fa59b84: 581c a0ff 

  0x00007fa12fa59b88: ;   {post_call_nop}
  0x00007fa12fa59b88: 0f1f 8400 | 8023 0046 | be45 ffff | ff48 ff74 | 2418 488f | 4424 1044 | 8944 241c 

  0x00007fa12fa59ba4: ;   {runtime_call UncommonTrapBlob}
  0x00007fa12fa59ba4: c5f8 77e8 

  0x00007fa12fa59ba8: ; ImmutableOopMap {[12]=NarrowOop [16]=Oop [28]=NarrowOop }
                      ;*if_icmple {reexecute=1 rethrow=0 return_oop=0}
                      ; - (reexecute) java.nio.Buffer::position@5 (line 325)
                      ; - java.nio.ShortBuffer::position@2 (line 1576)
                      ; - java.nio.ShortBuffer::position@2 (line 292)
                      ; - com.badlogic.gdx.graphics.g2d.SpriteBatch::flush@85 (line 965)
  0x00007fa12fa59ba8: 341c a0ff 

  0x00007fa12fa59bac: ;   {post_call_nop}
  0x00007fa12fa59bac: 0f1f 8400 | a423 0047 | be45 ffff | ff48 8b6c | 2418 4489 | 4424 1489 | 4c24 1890 

  0x00007fa12fa59bc8: ;   {runtime_call UncommonTrapBlob}
  0x00007fa12fa59bc8: c5f8 77e8 

  0x00007fa12fa59bcc: ; ImmutableOopMap {rbp=Oop [12]=NarrowOop [20]=NarrowOop }
                      ;*if_icmple {reexecute=1 rethrow=0 return_oop=0}
                      ; - (reexecute) java.nio.Buffer::position@37 (line 327)
                      ; - java.nio.ShortBuffer::position@2 (line 1576)
                      ; - java.nio.ShortBuffer::position@2 (line 292)
                      ; - com.badlogic.gdx.graphics.g2d.SpriteBatch::flush@85 (line 965)
  0x00007fa12fa59bcc: 101c a0ff 

  0x00007fa12fa59bd0: ;   {post_call_nop}
  0x00007fa12fa59bd0: 0f1f 8400 | c823 0048 | be45 ffff | ff48 ff74 | 2418 488f | 4424 0844 | 8954 2414 | 4489 4424 
  0x00007fa12fa59bf0: 1c44 895c | 2420 4489 | 5c24 2490 

  0x00007fa12fa59bfc: ;   {runtime_call UncommonTrapBlob}
  0x00007fa12fa59bfc: c5f8 77e8 

  0x00007fa12fa59c00: ; ImmutableOopMap {[8]=Oop [20]=NarrowOop [28]=NarrowOop }
                      ;*if_icmple {reexecute=1 rethrow=0 return_oop=0}
                      ; - (reexecute) java.nio.Buffer::limit@5 (line 378)
                      ; - java.nio.ShortBuffer::limit@2 (line 1590)
                      ; - java.nio.ShortBuffer::limit@2 (line 292)
                      ; - com.badlogic.gdx.graphics.g2d.SpriteBatch::flush@94 (line 966)
  0x00007fa12fa59c00: dc1b a0ff 

  0x00007fa12fa59c04: ;   {post_call_nop}
  0x00007fa12fa59c04: 0f1f 8400 | fc23 0049 | be45 ffff | ff48 8b6c | 2418 4489 | 4424 1490 

  0x00007fa12fa59c1c: ;   {runtime_call UncommonTrapBlob}
  0x00007fa12fa59c1c: c5f8 77e8 

  0x00007fa12fa59c20: ; ImmutableOopMap {rbp=Oop [12]=NarrowOop [20]=NarrowOop }
                      ;*ifge {reexecute=1 rethrow=0 return_oop=0}
                      ; - (reexecute) java.nio.Buffer::limit@14 (line 378)
                      ; - java.nio.ShortBuffer::limit@2 (line 1590)
                      ; - java.nio.ShortBuffer::limit@2 (line 292)
                      ; - com.badlogic.gdx.graphics.g2d.SpriteBatch::flush@94 (line 966)
  0x00007fa12fa59c20: bc1b a0ff 

  0x00007fa12fa59c24: ;   {post_call_nop}
  0x00007fa12fa59c24: 0f1f 8400 | 1c24 004a | be45 ffff | ff48 8b6c | 2418 4489 | 4424 1489 | 4c24 1890 

  0x00007fa12fa59c40: ;   {runtime_call UncommonTrapBlob}
  0x00007fa12fa59c40: c5f8 77e8 

  0x00007fa12fa59c44: ; ImmutableOopMap {rbp=Oop [12]=NarrowOop [20]=NarrowOop }
                      ;*if_icmple {reexecute=1 rethrow=0 return_oop=0}
                      ; - (reexecute) java.nio.Buffer::limit@55 (line 382)
                      ; - java.nio.ShortBuffer::limit@2 (line 1590)
                      ; - java.nio.ShortBuffer::limit@2 (line 292)
                      ; - com.badlogic.gdx.graphics.g2d.SpriteBatch::flush@94 (line 966)
  0x00007fa12fa59c44: 981b a0ff 

  0x00007fa12fa59c48: ;   {post_call_nop}
  0x00007fa12fa59c48: 0f1f 8400 | 4024 004b | be45 ffff | ff44 895c | 2410 4489 | 5424 1490 

  0x00007fa12fa59c60: ;   {runtime_call UncommonTrapBlob}
  0x00007fa12fa59c60: c5f8 77e8 

  0x00007fa12fa59c64: ; ImmutableOopMap {[20]=NarrowOop [24]=Oop }
                      ;*ifeq {reexecute=1 rethrow=0 return_oop=0}
                      ; - (reexecute) com.badlogic.gdx.graphics.g2d.SpriteBatch::flush@102 (line 968)
  0x00007fa12fa59c64: 781b a0ff 

  0x00007fa12fa59c68: ;   {post_call_nop}
  0x00007fa12fa59c68: 0f1f 8400 | 6024 004c | be45 ffff | ff44 895c | 2410 4489 | 5424 1490 

  0x00007fa12fa59c80: ;   {runtime_call UncommonTrapBlob}
  0x00007fa12fa59c80: c5f8 77e8 

  0x00007fa12fa59c84: ; ImmutableOopMap {rbp=NarrowOop [20]=NarrowOop [24]=Oop }
                      ;*ifnonnull {reexecute=1 rethrow=0 return_oop=0}
                      ; - (reexecute) org.lwjgl.opengl.GLContext::getCapabilities@5 (line 123)
                      ; - org.lwjgl.opengl.GL11::glEnable@0 (line 1012)
                      ; - com.badlogic.gdx.backends.lwjgl.LwjglGL20::glEnable@1 (line 292)
                      ; - com.badlogic.gdx.graphics.g2d.SpriteBatch::flush@125 (line 971)
  0x00007fa12fa59c84: 581b a0ff 

  0x00007fa12fa59c88: ;   {post_call_nop}
  0x00007fa12fa59c88: 0f1f 8400 | 8024 004d | 4533 c049 | 3bd0 bdff | ffff ff7c | 0840 0f95 | c540 0fb6 | edbe 45ff 
  0x00007fa12fa59ca8: ffff 4889 | 4c24 0844 | 895c 2410 | 4489 5424 | 1448 8954 | 2418 6690 

  0x00007fa12fa59cc0: ;   {runtime_call UncommonTrapBlob}
  0x00007fa12fa59cc0: c5f8 77e8 

  0x00007fa12fa59cc4: ; ImmutableOopMap {[8]=Oop [20]=NarrowOop }
                      ;*ifne {reexecute=1 rethrow=0 return_oop=0}
                      ; - (reexecute) org.lwjgl.BufferChecks::checkFunctionAddress@9 (line 57)
                      ; - org.lwjgl.opengl.GL11::glEnable@10 (line 1014)
                      ; - com.badlogic.gdx.backends.lwjgl.LwjglGL20::glEnable@1 (line 292)
                      ; - com.badlogic.gdx.graphics.g2d.SpriteBatch::flush@125 (line 971)
  0x00007fa12fa59cc4: 181b a0ff 

  0x00007fa12fa59cc8: ;   {post_call_nop}
  0x00007fa12fa59cc8: 0f1f 8400 | c024 004e | be45 ffff | ff44 895c | 2410 6690 

  0x00007fa12fa59cdc: ;   {runtime_call UncommonTrapBlob}
  0x00007fa12fa59cdc: c5f8 77e8 

  0x00007fa12fa59ce0: ; ImmutableOopMap {rbp=Oop [12]=NarrowOop }
                      ;*if_icmpeq {reexecute=1 rethrow=0 return_oop=0}
                      ; - (reexecute) com.badlogic.gdx.graphics.g2d.SpriteBatch::flush@135 (line 972)
  0x00007fa12fa59ce0: fc1a a0ff 

  0x00007fa12fa59ce4: ;   {post_call_nop}
  0x00007fa12fa59ce4: 0f1f 8400 | dc24 004f | be45 ffff | ff4c 894c | 2410 4489 | 5c24 1844 | 8954 241c 

  0x00007fa12fa59d00: ;   {runtime_call UncommonTrapBlob}
  0x00007fa12fa59d00: c5f8 77e8 

  0x00007fa12fa59d04: ; ImmutableOopMap {rbp=NarrowOop [12]=NarrowOop [16]=Oop }
                      ;*ifnonnull {reexecute=1 rethrow=0 return_oop=0}
                      ; - (reexecute) org.lwjgl.opengl.GLContext::getCapabilities@5 (line 123)
                      ; - org.lwjgl.opengl.GL11::glBlendFunc@0 (line 624)
                      ; - com.badlogic.gdx.backends.lwjgl.LwjglGL20::glBlendFunc@2 (line 109)
                      ; - com.badlogic.gdx.graphics.g2d.SpriteBatch::flush@149 (line 972)
  0x00007fa12fa59d04: d81a a0ff 

  0x00007fa12fa59d08: ;   {post_call_nop}
  0x00007fa12fa59d08: 0f1f 8400 | 0025 0050 | 4533 c049 | 3bc8 bdff | ffff ff7c | 0840 0f95 | c540 0fb6 | edbe 45ff 
  0x00007fa12fa59d28: ffff 4c89 | 4c24 1044 | 895c 2418 | 4489 5424 | 1c48 894c | 2420 6690 

  0x00007fa12fa59d40: ;   {runtime_call UncommonTrapBlob}
  0x00007fa12fa59d40: c5f8 77e8 

  0x00007fa12fa59d44: ; ImmutableOopMap {[12]=NarrowOop [16]=Oop }
                      ;*ifne {reexecute=1 rethrow=0 return_oop=0}
                      ; - (reexecute) org.lwjgl.BufferChecks::checkFunctionAddress@9 (line 57)
                      ; - org.lwjgl.opengl.GL11::glBlendFunc@10 (line 626)
                      ; - com.badlogic.gdx.backends.lwjgl.LwjglGL20::glBlendFunc@2 (line 109)
                      ; - com.badlogic.gdx.graphics.g2d.SpriteBatch::flush@149 (line 972)
  0x00007fa12fa59d44: 981a a0ff 

  0x00007fa12fa59d48: ;   {post_call_nop}
  0x00007fa12fa59d48: 0f1f 8400 | 4025 0051 | be45 ffff | ff44 8954 | 2410 6690 

  0x00007fa12fa59d5c: ;   {runtime_call UncommonTrapBlob}
  0x00007fa12fa59d5c: c5f8 77e8 

  0x00007fa12fa59d60: ; ImmutableOopMap {rbp=Oop [12]=NarrowOop [16]=NarrowOop }
                      ;*ifnull {reexecute=1 rethrow=0 return_oop=0}
                      ; - (reexecute) com.badlogic.gdx.graphics.g2d.SpriteBatch::flush@159 (line 975)
  0x00007fa12fa59d60: 7c1a a0ff 

  0x00007fa12fa59d64: ;   {post_call_nop}
  0x00007fa12fa59d64: 0f1f 8400 | 5c25 0052 | be45 ffff | ff66 6690 

  0x00007fa12fa59d74: ;   {runtime_call UncommonTrapBlob}
  0x00007fa12fa59d74: c5f8 77e8 

  0x00007fa12fa59d78: ; ImmutableOopMap {rbp=Oop }
                      ;*ifne {reexecute=1 rethrow=0 return_oop=0}
                      ; - (reexecute) com.badlogic.gdx.graphics.Mesh::render@2 (line 477)
                      ; - com.badlogic.gdx.graphics.Mesh::render@10 (line 449)
                      ; - com.badlogic.gdx.graphics.g2d.SpriteBatch::flush@176 (line 975)
  0x00007fa12fa59d78: 641a a0ff 

  0x00007fa12fa59d7c: ;   {post_call_nop}
  0x00007fa12fa59d7c: 0f1f 8400 | 7425 0053 | be45 ffff | ff44 894c | 2408 4489 | 5424 0c89 | 4c24 1089 | 7c24 1890 
  0x00007fa12fa59d9c: ;   {runtime_call UncommonTrapBlob}
  0x00007fa12fa59d9c: c5f8 77e8 

  0x00007fa12fa59da0: ; ImmutableOopMap {rbp=Oop [8]=NarrowOop [12]=NarrowOop }
                      ;*ifeq {reexecute=1 rethrow=0 return_oop=0}
                      ; - (reexecute) com.badlogic.gdx.graphics.Mesh::render@8 (line 479)
                      ; - com.badlogic.gdx.graphics.Mesh::render@10 (line 449)
                      ; - com.badlogic.gdx.graphics.g2d.SpriteBatch::flush@176 (line 975)
  0x00007fa12fa59da0: 3c1a a0ff 

  0x00007fa12fa59da4: ;   {post_call_nop}
  0x00007fa12fa59da4: 0f1f 8400 | 9c25 0054 | be45 ffff | ff48 ff74 | 2420 488f | 4424 1889 | 7c24 2444 | 8954 242c 
  0x00007fa12fa59dc4: 8944 2430 | 4c89 4c24 | 404c 894c | 2448 895c | 2450 6690 

  0x00007fa12fa59dd8: ;   {runtime_call UncommonTrapBlob}
  0x00007fa12fa59dd8: c5f8 77e8 

  0x00007fa12fa59ddc: ; ImmutableOopMap {[8]=Oop [24]=Oop [40]=NarrowOop [44]=NarrowOop [64]=Oop [72]=Oop }
                      ;*if_icmple {reexecute=1 rethrow=0 return_oop=0}
                      ; - (reexecute) java.nio.Buffer::limit@5 (line 378)
                      ; - java.nio.ByteBuffer::limit@2 (line 1590)
                      ; - java.nio.MappedByteBuffer::limit@2 (line 339)
                      ; - java.nio.MappedByteBuffer::limit@2 (line 74)
                      ; - com.badlogic.gdx.graphics.glutils.VertexArray::bind@21 (line 105)
                      ; - com.badlogic.gdx.graphics.Mesh::bind@6 (line 380)
                      ; - com.badlogic.gdx.graphics.Mesh::bind@3 (line 371)
                      ; - com.badlogic.gdx.graphics.Mesh::render@13 (line 479)
                      ; - com.badlogic.gdx.graphics.Mesh::render@10 (line 449)
                      ; - com.badlogic.gdx.graphics.g2d.SpriteBatch::flush@176 (line 975)
  0x00007fa12fa59ddc: 001a a0ff 

  0x00007fa12fa59de0: ;   {post_call_nop}
  0x00007fa12fa59de0: 0f1f 8400 | d825 0055 | be45 ffff | ff48 8bea | 48ff 7424 | 2048 8f44 | 2408 4889 | 4424 f88b 
  0x00007fa12fa59e00: 4424 2889 | 4424 1048 | 8b44 24f8 | 897c 241c | 4489 5424 | 2489 4424 | 284c 894c | 2438 4c89 
  0x00007fa12fa59e20: 4c24 4089 | 5c24 4890 

  0x00007fa12fa59e28: ;   {runtime_call UncommonTrapBlob}
  0x00007fa12fa59e28: c5f8 77e8 

  0x00007fa12fa59e2c: ; ImmutableOopMap {rbp=Oop [8]=Oop [16]=NarrowOop [36]=NarrowOop [56]=Oop [64]=Oop }
                      ;*ifge {reexecute=1 rethrow=0 return_oop=0}
                      ; - (reexecute) java.nio.Buffer::limit@14 (line 378)
                      ; - java.nio.ByteBuffer::limit@2 (line 1590)
                      ; - java.nio.MappedByteBuffer::limit@2 (line 339)
                      ; - java.nio.MappedByteBuffer::limit@2 (line 74)
                      ; - com.badlogic.gdx.graphics.glutils.VertexArray::bind@21 (line 105)
                      ; - com.badlogic.gdx.graphics.Mesh::bind@6 (line 380)
                      ; - com.badlogic.gdx.graphics.Mesh::bind@3 (line 371)
                      ; - com.badlogic.gdx.graphics.Mesh::render@13 (line 479)
                      ; - com.badlogic.gdx.graphics.Mesh::render@10 (line 449)
                      ; - com.badlogic.gdx.graphics.g2d.SpriteBatch::flush@176 (line 975)
  0x00007fa12fa59e2c: b019 a0ff 

  0x00007fa12fa59e30: ;   {post_call_nop}
  0x00007fa12fa59e30: 0f1f 8400 | 2826 0056 | be45 ffff | ff48 ff74 | 2420 488f | 4424 1889 | 7c24 2444 | 8954 242c 
  0x00007fa12fa59e50: 8944 2430 | 4c89 4c24 | 404c 894c | 2448 895c | 2450 6690 

  0x00007fa12fa59e64: ;   {runtime_call UncommonTrapBlob}
  0x00007fa12fa59e64: c5f8 77e8 

  0x00007fa12fa59e68: ; ImmutableOopMap {[8]=Oop [24]=Oop [40]=NarrowOop [44]=NarrowOop [64]=Oop [72]=Oop }
                      ;*if_icmple {reexecute=1 rethrow=0 return_oop=0}
                      ; - (reexecute) java.nio.Buffer::limit@42 (line 381)
                      ; - java.nio.ByteBuffer::limit@2 (line 1590)
                      ; - java.nio.MappedByteBuffer::limit@2 (line 339)
                      ; - java.nio.MappedByteBuffer::limit@2 (line 74)
                      ; - com.badlogic.gdx.graphics.glutils.VertexArray::bind@21 (line 105)
                      ; - com.badlogic.gdx.graphics.Mesh::bind@6 (line 380)
                      ; - com.badlogic.gdx.graphics.Mesh::bind@3 (line 371)
                      ; - com.badlogic.gdx.graphics.Mesh::render@13 (line 479)
                      ; - com.badlogic.gdx.graphics.Mesh::render@10 (line 449)
                      ; - com.badlogic.gdx.graphics.g2d.SpriteBatch::flush@176 (line 975)
  0x00007fa12fa59e68: 7419 a0ff 

  0x00007fa12fa59e6c: ;   {post_call_nop}
  0x00007fa12fa59e6c: 0f1f 8400 | 6426 0057 | be45 ffff | ff48 ff74 | 2420 488f | 4424 1889 | 7c24 2444 | 8954 242c 
  0x00007fa12fa59e8c: 8944 2430 | 4c89 4c24 | 404c 894c | 2448 895c | 2434 6690 

  0x00007fa12fa59ea0: ;   {runtime_call UncommonTrapBlob}
  0x00007fa12fa59ea0: c5f8 77e8 

  0x00007fa12fa59ea4: ; ImmutableOopMap {[8]=Oop [24]=Oop [40]=NarrowOop [44]=NarrowOop [64]=Oop [72]=Oop }
                      ;*if_icmple {reexecute=1 rethrow=0 return_oop=0}
                      ; - (reexecute) java.nio.Buffer::limit@55 (line 382)
                      ; - java.nio.ByteBuffer::limit@2 (line 1590)
                      ; - java.nio.MappedByteBuffer::limit@2 (line 339)
                      ; - java.nio.MappedByteBuffer::limit@2 (line 74)
                      ; - com.badlogic.gdx.graphics.glutils.VertexArray::bind@21 (line 105)
                      ; - com.badlogic.gdx.graphics.Mesh::bind@6 (line 380)
                      ; - com.badlogic.gdx.graphics.Mesh::bind@3 (line 371)
                      ; - com.badlogic.gdx.graphics.Mesh::render@13 (line 479)
                      ; - com.badlogic.gdx.graphics.Mesh::render@10 (line 449)
                      ; - com.badlogic.gdx.graphics.g2d.SpriteBatch::flush@176 (line 975)
  0x00007fa12fa59ea4: 3819 a0ff 

  0x00007fa12fa59ea8: ;   {post_call_nop}
  0x00007fa12fa59ea8: 0f1f 8400 | a026 0058 | be45 ffff | ff48 ff74 | 2420 488f | 4424 0889 | 4c24 1844 | 8954 2420 
  0x00007fa12fa59ec8: ;   {runtime_call UncommonTrapBlob}
  0x00007fa12fa59ec8: c5f8 77e8 

  0x00007fa12fa59ecc: ; ImmutableOopMap {[8]=Oop [24]=NarrowOop [32]=NarrowOop [40]=NarrowOop }
                      ;*ifeq {reexecute=1 rethrow=0 return_oop=0}
                      ; - (reexecute) com.badlogic.gdx.graphics.glutils.IndexArray::getNumIndices@4 (line 49)
                      ; - com.badlogic.gdx.graphics.Mesh::bind@15 (line 381)
                      ; - com.badlogic.gdx.graphics.Mesh::bind@3 (line 371)
                      ; - com.badlogic.gdx.graphics.Mesh::render@13 (line 479)
                      ; - com.badlogic.gdx.graphics.Mesh::render@10 (line 449)
                      ; - com.badlogic.gdx.graphics.g2d.SpriteBatch::flush@176 (line 975)
  0x00007fa12fa59ecc: 1019 a0ff 

  0x00007fa12fa59ed0: ;   {post_call_nop}
  0x00007fa12fa59ed0: 0f1f 8400 | c826 0059 | be45 ffff | ff89 4c24 | 1866 6690 

  0x00007fa12fa59ee4: ;   {runtime_call UncommonTrapBlob}
  0x00007fa12fa59ee4: c5f8 77e8 

  0x00007fa12fa59ee8: ; ImmutableOopMap {[24]=NarrowOop [32]=Oop [40]=NarrowOop }
                      ;*ifeq {reexecute=1 rethrow=0 return_oop=0}
                      ; - (reexecute) com.badlogic.gdx.graphics.Mesh::render@20 (line 481)
                      ; - com.badlogic.gdx.graphics.Mesh::render@10 (line 449)
                      ; - com.badlogic.gdx.graphics.g2d.SpriteBatch::flush@176 (line 975)
  0x00007fa12fa59ee8: f418 a0ff 

  0x00007fa12fa59eec: ;   {post_call_nop}
  0x00007fa12fa59eec: 0f1f 8400 | e426 005a | be45 ffff | ff48 8b6c | 2420 4489 | 5424 0889 | 4c24 0c48 | 8944 24f8 
  0x00007fa12fa59f0c: 8b44 2414 | 8944 2410 | 488b 4424 | f848 8944 | 24f8 8b44 | 242c 8944 | 2414 488b | 4424 f844 
  0x00007fa12fa59f2c: 895c 241c | 895c 2424 | 895c 2428 | 8954 242c 

  0x00007fa12fa59f3c: ;   {runtime_call UncommonTrapBlob}
  0x00007fa12fa59f3c: c5f8 77e8 

  0x00007fa12fa59f40: ; ImmutableOopMap {rbp=Oop [8]=NarrowOop [12]=NarrowOop [36]=NarrowOop [40]=NarrowOop }
                      ;*if_icmple {reexecute=1 rethrow=0 return_oop=0}
                      ; - (reexecute) java.nio.Buffer::position@5 (line 325)
                      ; - java.nio.ShortBuffer::position@2 (line 1576)
                      ; - java.nio.ShortBuffer::position@2 (line 292)
                      ; - com.badlogic.gdx.graphics.Mesh::render@63 (line 486)
                      ; - com.badlogic.gdx.graphics.Mesh::render@10 (line 449)
                      ; - com.badlogic.gdx.graphics.g2d.SpriteBatch::flush@176 (line 975)
  0x00007fa12fa59f40: 9c18 a0ff 

  0x00007fa12fa59f44: ;   {post_call_nop}
  0x00007fa12fa59f44: 0f1f 8400 | 3c27 005b | be45 ffff | ff48 8b6c | 2420 4489 | 5424 0889 | 4c24 0c48 | 8944 24f8 
  0x00007fa12fa59f64: 8b44 2414 | 8944 2410 | 488b 4424 | f848 8944 | 24f8 8b44 | 242c 8944 | 2414 488b | 4424 f844 
  0x00007fa12fa59f84: 895c 241c | 8954 2420 | 895c 2424 | 895c 2428 | 4489 4424 | 2c66 6690 

  0x00007fa12fa59f9c: ;   {runtime_call UncommonTrapBlob}
  0x00007fa12fa59f9c: c5f8 77e8 

  0x00007fa12fa59fa0: ; ImmutableOopMap {rbp=Oop [8]=NarrowOop [12]=NarrowOop [36]=NarrowOop [40]=NarrowOop }
                      ;*if_icmple {reexecute=1 rethrow=0 return_oop=0}
                      ; - (reexecute) java.nio.Buffer::position@37 (line 327)
                      ; - java.nio.ShortBuffer::position@2 (line 1576)
                      ; - java.nio.ShortBuffer::position@2 (line 292)
                      ; - com.badlogic.gdx.graphics.Mesh::render@63 (line 486)
                      ; - com.badlogic.gdx.graphics.Mesh::render@10 (line 449)
                      ; - com.badlogic.gdx.graphics.g2d.SpriteBatch::flush@176 (line 975)
  0x00007fa12fa59fa0: 3c18 a0ff 

  0x00007fa12fa59fa4: ;   {post_call_nop}
  0x00007fa12fa59fa4: 0f1f 8400 | 9c27 005c | be45 ffff | ff48 ff74 | 2420 488f | 4424 1848 | 8944 24f8 | 8b44 242c 
  0x00007fa12fa59fc4: 8944 2420 | 488b 4424 | f889 5c24 | 2c89 5c24 | 3066 6690 

  0x00007fa12fa59fd8: ;   {runtime_call UncommonTrapBlob}
  0x00007fa12fa59fd8: c5f8 77e8 

  0x00007fa12fa59fdc: ; ImmutableOopMap {[8]=NarrowOop [12]=NarrowOop [24]=Oop [44]=NarrowOop [48]=NarrowOop }
                      ;*if_icmple {reexecute=1 rethrow=0 return_oop=0}
                      ; - (reexecute) java.nio.Buffer::limit@5 (line 378)
                      ; - java.nio.ShortBuffer::limit@2 (line 1590)
                      ; - java.nio.ShortBuffer::limit@2 (line 292)
                      ; - com.badlogic.gdx.graphics.Mesh::render@73 (line 487)
                      ; - com.badlogic.gdx.graphics.Mesh::render@10 (line 449)
                      ; - com.badlogic.gdx.graphics.g2d.SpriteBatch::flush@176 (line 975)
  0x00007fa12fa59fdc: 0018 a0ff 

  0x00007fa12fa59fe0: ;   {post_call_nop}
  0x00007fa12fa59fe0: 0f1f 8400 | d827 005d | be45 ffff | ff48 8b6c | 2420 4889 | 4424 f88b | 4424 2c89 | 4424 1848 
  0x00007fa12fa5a000: 8b44 24f8 | 4889 4424 | f88b 4424 | 2889 4424 | 2048 8b44 | 24f8 895c | 2424 895c | 2428 4489 
  0x00007fa12fa5a020: 4424 2c90 

  0x00007fa12fa5a024: ;   {runtime_call UncommonTrapBlob}
  0x00007fa12fa5a024: c5f8 77e8 

  0x00007fa12fa5a028: ; ImmutableOopMap {rbp=Oop [8]=NarrowOop [12]=NarrowOop [36]=NarrowOop [40]=NarrowOop }
                      ;*if_icmple {reexecute=1 rethrow=0 return_oop=0}
                      ; - (reexecute) java.nio.Buffer::limit@55 (line 382)
                      ; - java.nio.ShortBuffer::limit@2 (line 1590)
                      ; - java.nio.ShortBuffer::limit@2 (line 292)
                      ; - com.badlogic.gdx.graphics.Mesh::render@73 (line 487)
                      ; - com.badlogic.gdx.graphics.Mesh::render@10 (line 449)
                      ; - com.badlogic.gdx.graphics.g2d.SpriteBatch::flush@176 (line 975)
  0x00007fa12fa5a028: b417 a0ff 

  0x00007fa12fa5a02c: ;   {post_call_nop}
  0x00007fa12fa5a02c: 0f1f 8400 | 2428 005e | be45 ffff | ff48 8b6c | 2420 4889 | 4424 f88b | 4424 2889 | 4424 1c48 
  0x00007fa12fa5a04c: 8b44 24f8 | 4489 5c24 | 2866 6690 

  0x00007fa12fa5a058: ;   {runtime_call UncommonTrapBlob}
  0x00007fa12fa5a058: c5f8 77e8 

  0x00007fa12fa5a05c: ; ImmutableOopMap {rbp=Oop [8]=NarrowOop [12]=NarrowOop [20]=NarrowOop [40]=NarrowOop }
                      ;*ifnonnull {reexecute=1 rethrow=0 return_oop=0}
                      ; - (reexecute) org.lwjgl.opengl.GLContext::getCapabilities@5 (line 123)
                      ; - org.lwjgl.opengl.GL11::glDrawElements@0 (line 1105)
                      ; - com.badlogic.gdx.backends.lwjgl.LwjglGL20::glDrawElements@21 (line 281)
                      ; - com.badlogic.gdx.graphics.Mesh::render@88 (line 488)
                      ; - com.badlogic.gdx.graphics.Mesh::render@10 (line 449)
                      ; - com.badlogic.gdx.graphics.g2d.SpriteBatch::flush@176 (line 975)
  0x00007fa12fa5a05c: 8017 a0ff 

  0x00007fa12fa5a060: ;   {post_call_nop}
  0x00007fa12fa5a060: 0f1f 8400 | 5828 005f | 4533 d24d | 3bca bdff | ffff ff7c | 0840 0f95 | c540 0fb6 | edbe 45ff 
  0x00007fa12fa5a080: ffff 48ff | 7424 2048 | 8f44 2418 | 4889 4424 | f88b 4424 | 2c89 4424 | 2048 8b44 | 24f8 4889 
  0x00007fa12fa5a0a0: 4424 f88b | 4424 2889 | 4424 2448 | 8b44 24f8 | 4489 5c24 | 2c4c 894c | 2430 6690 

  0x00007fa12fa5a0bc: ;   {runtime_call UncommonTrapBlob}
  0x00007fa12fa5a0bc: c5f8 77e8 

  0x00007fa12fa5a0c0: ; ImmutableOopMap {[8]=NarrowOop [12]=NarrowOop [20]=NarrowOop [24]=Oop [44]=NarrowOop }
                      ;*ifne {reexecute=1 rethrow=0 return_oop=0}
                      ; - (reexecute) org.lwjgl.BufferChecks::checkFunctionAddress@9 (line 57)
                      ; - org.lwjgl.opengl.GL11::glDrawElements@10 (line 1107)
                      ; - com.badlogic.gdx.backends.lwjgl.LwjglGL20::glDrawElements@21 (line 281)
                      ; - com.badlogic.gdx.graphics.Mesh::render@88 (line 488)
                      ; - com.badlogic.gdx.graphics.Mesh::render@10 (line 449)
                      ; - com.badlogic.gdx.graphics.g2d.SpriteBatch::flush@176 (line 975)
  0x00007fa12fa5a0c0: 1c17 a0ff 

  0x00007fa12fa5a0c4: ;   {post_call_nop}
  0x00007fa12fa5a0c4: 0f1f 8400 | bc28 0060 | be45 ffff | ff48 ff74 | 2420 488f | 4424 1848 | 8944 24f8 | 8b44 2428 
  0x00007fa12fa5a0e4: 8944 2424 | 488b 4424 | f84c 894c | 2430 6690 

  0x00007fa12fa5a0f4: ;   {runtime_call UncommonTrapBlob}
  0x00007fa12fa5a0f4: c5f8 77e8 

  0x00007fa12fa5a0f8: ; ImmutableOopMap {[8]=NarrowOop [12]=NarrowOop [20]=NarrowOop [24]=Oop }
                      ;*ifeq {reexecute=1 rethrow=0 return_oop=0}
                      ; - (reexecute) org.lwjgl.opengl.GLChecks::ensureElementVBOdisabled@10 (line 82)
                      ; - org.lwjgl.opengl.GL11::glDrawElements@14 (line 1108)
                      ; - com.badlogic.gdx.backends.lwjgl.LwjglGL20::glDrawElements@21 (line 281)
                      ; - com.badlogic.gdx.graphics.Mesh::render@88 (line 488)
                      ; - com.badlogic.gdx.graphics.Mesh::render@10 (line 449)
                      ; - com.badlogic.gdx.graphics.g2d.SpriteBatch::flush@176 (line 975)
  0x00007fa12fa5a0f8: e416 a0ff 

  0x00007fa12fa5a0fc: ;   {post_call_nop}
  0x00007fa12fa5a0fc: 0f1f 8400 | f428 0061 | be45 ffff | ff48 ff74 | 2420 488f | 4424 1848 | 8944 24f8 | 8b44 242c 
  0x00007fa12fa5a11c: 8944 2414 | 488b 4424 | f844 8944 | 2424 4489 | 4424 2844 | 895c 2430 

  0x00007fa12fa5a134: ;   {runtime_call UncommonTrapBlob}
  0x00007fa12fa5a134: c5f8 77e8 

  0x00007fa12fa5a138: ; ImmutableOopMap {[8]=NarrowOop [12]=NarrowOop [24]=Oop [36]=NarrowOop [40]=NarrowOop }
                      ;*if_icmple {reexecute=1 rethrow=0 return_oop=0}
                      ; - (reexecute) java.nio.Buffer::position@5 (line 325)
                      ; - java.nio.ShortBuffer::position@2 (line 1576)
                      ; - java.nio.ShortBuffer::position@2 (line 292)
                      ; - com.badlogic.gdx.graphics.Mesh::render@97 (line 489)
                      ; - com.badlogic.gdx.graphics.Mesh::render@10 (line 449)
                      ; - com.badlogic.gdx.graphics.g2d.SpriteBatch::flush@176 (line 975)
  0x00007fa12fa5a138: a416 a0ff 

  0x00007fa12fa5a13c: ;   {post_call_nop}
  0x00007fa12fa5a13c: 0f1f 8400 | 3429 0062 | be45 ffff | ff48 8b6c | 2420 4489 | 4424 1c44 | 8944 2420 

  0x00007fa12fa5a158: ;   {runtime_call UncommonTrapBlob}
  0x00007fa12fa5a158: c5f8 77e8 

  0x00007fa12fa5a15c: ; ImmutableOopMap {rbp=Oop [8]=NarrowOop [12]=NarrowOop [28]=NarrowOop [32]=NarrowOop }
                      ;*ifge {reexecute=1 rethrow=0 return_oop=0}
                      ; - (reexecute) java.nio.Buffer::position@14 (line 325)
                      ; - java.nio.ShortBuffer::position@2 (line 1576)
                      ; - java.nio.ShortBuffer::position@2 (line 292)
                      ; - com.badlogic.gdx.graphics.Mesh::render@97 (line 489)
                      ; - com.badlogic.gdx.graphics.Mesh::render@10 (line 449)
                      ; - com.badlogic.gdx.graphics.g2d.SpriteBatch::flush@176 (line 975)
  0x00007fa12fa5a15c: 8016 a0ff 

  0x00007fa12fa5a160: ;   {post_call_nop}
  0x00007fa12fa5a160: 0f1f 8400 | 5829 0063 | be45 ffff | ff48 8b6c | 2420 4889 | 4424 f88b | 4424 2c89 | 4424 1448 
  0x00007fa12fa5a180: 8b44 24f8 | 4489 4424 | 1c44 8944 | 2420 4489 | 4c24 2844 | 895c 242c 

  0x00007fa12fa5a198: ;   {runtime_call UncommonTrapBlob}
  0x00007fa12fa5a198: c5f8 77e8 

  0x00007fa12fa5a19c: ; ImmutableOopMap {rbp=Oop [8]=NarrowOop [12]=NarrowOop [28]=NarrowOop [32]=NarrowOop }
                      ;*if_icmple {reexecute=1 rethrow=0 return_oop=0}
                      ; - (reexecute) java.nio.Buffer::position@37 (line 327)
                      ; - java.nio.ShortBuffer::position@2 (line 1576)
                      ; - java.nio.ShortBuffer::position@2 (line 292)
                      ; - com.badlogic.gdx.graphics.Mesh::render@97 (line 489)
                      ; - com.badlogic.gdx.graphics.Mesh::render@10 (line 449)
                      ; - com.badlogic.gdx.graphics.g2d.SpriteBatch::flush@176 (line 975)
  0x00007fa12fa5a19c: 4016 a0ff 

  0x00007fa12fa5a1a0: ;   {post_call_nop}
  0x00007fa12fa5a1a0: 0f1f 8400 | 9829 0064 | be45 ffff | ff48 ff74 | 2420 488f | 4424 1044 | 8944 2420 | 4489 5424 
  0x00007fa12fa5a1c0: 2866 6690 

  0x00007fa12fa5a1c4: ;   {runtime_call UncommonTrapBlob}
  0x00007fa12fa5a1c4: c5f8 77e8 

  0x00007fa12fa5a1c8: ; ImmutableOopMap {[8]=NarrowOop [12]=NarrowOop [16]=Oop [32]=NarrowOop }
                      ;*if_icmple {reexecute=1 rethrow=0 return_oop=0}
                      ; - (reexecute) java.nio.Buffer::limit@5 (line 378)
                      ; - java.nio.ShortBuffer::limit@2 (line 1590)
                      ; - java.nio.ShortBuffer::limit@2 (line 292)
                      ; - com.badlogic.gdx.graphics.Mesh::render@105 (line 490)
                      ; - com.badlogic.gdx.graphics.Mesh::render@10 (line 449)
                      ; - com.badlogic.gdx.graphics.g2d.SpriteBatch::flush@176 (line 975)
  0x00007fa12fa5a1c8: 1416 a0ff 

  0x00007fa12fa5a1cc: ;   {post_call_nop}
  0x00007fa12fa5a1cc: 0f1f 8400 | c429 0065 | be45 ffff | ff48 8b6c | 2420 4489 | 5424 2490 

  0x00007fa12fa5a1e4: ;   {runtime_call UncommonTrapBlob}
  0x00007fa12fa5a1e4: c5f8 77e8 

  0x00007fa12fa5a1e8: ; ImmutableOopMap {rbp=Oop [8]=NarrowOop [12]=NarrowOop [20]=NarrowOop }
                      ;*if_icmple {reexecute=1 rethrow=0 return_oop=0}
                      ; - (reexecute) java.nio.Buffer::limit@42 (line 381)
                      ; - java.nio.ShortBuffer::limit@2 (line 1590)
                      ; - java.nio.ShortBuffer::limit@2 (line 292)
                      ; - com.badlogic.gdx.graphics.Mesh::render@105 (line 490)
                      ; - com.badlogic.gdx.graphics.Mesh::render@10 (line 449)
                      ; - com.badlogic.gdx.graphics.g2d.SpriteBatch::flush@176 (line 975)
  0x00007fa12fa5a1e8: f415 a0ff 

  0x00007fa12fa5a1ec: ;   {post_call_nop}
  0x00007fa12fa5a1ec: 0f1f 8400 | e429 0066 | be45 ffff | ff48 8b6c | 2420 4489 | 4c24 1c44 | 8954 2420 

  0x00007fa12fa5a208: ;   {runtime_call UncommonTrapBlob}
  0x00007fa12fa5a208: c5f8 77e8 

  0x00007fa12fa5a20c: ; ImmutableOopMap {rbp=Oop [8]=NarrowOop [12]=NarrowOop [20]=NarrowOop }
                      ;*if_icmple {reexecute=1 rethrow=0 return_oop=0}
                      ; - (reexecute) java.nio.Buffer::limit@55 (line 382)
                      ; - java.nio.ShortBuffer::limit@2 (line 1590)
                      ; - java.nio.ShortBuffer::limit@2 (line 292)
                      ; - com.badlogic.gdx.graphics.Mesh::render@105 (line 490)
                      ; - com.badlogic.gdx.graphics.Mesh::render@10 (line 449)
                      ; - com.badlogic.gdx.graphics.g2d.SpriteBatch::flush@176 (line 975)
  0x00007fa12fa5a20c: d015 a0ff 

  0x00007fa12fa5a210: ;   {post_call_nop}
  0x00007fa12fa5a210: 0f1f 8400 | 082a 0067 | be45 ffff | ff44 8944 | 2410 6690 

  0x00007fa12fa5a224: ;   {runtime_call UncommonTrapBlob}
  0x00007fa12fa5a224: c5f8 77e8 

  0x00007fa12fa5a228: ; ImmutableOopMap {[16]=NarrowOop [32]=Oop }
                      ;*ifeq {reexecute=1 rethrow=0 return_oop=0}
                      ; - (reexecute) com.badlogic.gdx.graphics.glutils.IndexArray::getNumIndices@4 (line 49)
                      ; - com.badlogic.gdx.graphics.Mesh::unbind@15 (line 399)
                      ; - com.badlogic.gdx.graphics.Mesh::unbind@3 (line 389)
                      ; - com.badlogic.gdx.graphics.Mesh::render@178 (line 501)
                      ; - com.badlogic.gdx.graphics.Mesh::render@10 (line 449)
                      ; - com.badlogic.gdx.graphics.g2d.SpriteBatch::flush@176 (line 975)
  0x00007fa12fa5a228: b415 a0ff 

  0x00007fa12fa5a22c: ;   {post_call_nop}
  0x00007fa12fa5a22c: 0f1f 8400 | 242a 0068 | bede ffff | ff48 ff74 | 2420 488f | 4424 1848 | 8944 24f8 | 8b44 2438 
  0x00007fa12fa5a24c: 8944 2424 | 488b 4424 | f848 8944 | 24f8 8b44 | 243c 8944 | 2434 488b | 4424 f848 | 8944 24f8 
  0x00007fa12fa5a26c: 8b44 2448 | 8944 2438 | 488b 4424 | f844 895c | 2444 4489 | 5424 4890 

  0x00007fa12fa5a284: ;   {runtime_call UncommonTrapBlob}
  0x00007fa12fa5a284: c5f8 77e8 

  0x00007fa12fa5a288: ; ImmutableOopMap {rbp=NarrowOop [8]=Oop [24]=Oop [36]=NarrowOop [40]=NarrowOop [56]=NarrowOop [76]=NarrowOop [80]=NarrowOop }
                      ;*instanceof {reexecute=0 rethrow=0 return_oop=0}
                      ; - java.lang.String::equals@8 (line 2087)
                      ; - com.badlogic.gdx.utils.ObjectIntMap::get@21 (line 281)
                      ; - com.badlogic.gdx.graphics.glutils.ShaderProgram::getAttributeLocation@6 (line 865)
                      ; - com.badlogic.gdx.graphics.glutils.VertexArray::bind@55 (line 109)
                      ; - com.badlogic.gdx.graphics.Mesh::bind@6 (line 380)
                      ; - com.badlogic.gdx.graphics.Mesh::bind@3 (line 371)
                      ; - com.badlogic.gdx.graphics.Mesh::render@13 (line 479)
                      ; - com.badlogic.gdx.graphics.Mesh::render@10 (line 449)
                      ; - com.badlogic.gdx.graphics.g2d.SpriteBatch::flush@176 (line 975)
  0x00007fa12fa5a288: 5415 a0ff 

  0x00007fa12fa5a28c: ;   {post_call_nop}
  0x00007fa12fa5a28c: 0f1f 8400 | 842a 0069 | bede ffff | ff48 ff74 | 2420 488f | 4424 1848 | 8944 24f8 | 8b44 2428 
  0x00007fa12fa5a2ac: 8944 2420 | 488b 4424 | f848 8944 | 24f8 8b44 | 242c 8944 | 2424 488b | 4424 f848 | 8944 24f8 
  0x00007fa12fa5a2cc: 8b44 2444 | 8944 2434 | 488b 4424 | f844 8954 | 2438 4489 | 4c24 4444 | 895c 2448 

  0x00007fa12fa5a2e8: ;   {runtime_call UncommonTrapBlob}
  0x00007fa12fa5a2e8: c5f8 77e8 

  0x00007fa12fa5a2ec: ; ImmutableOopMap {rbp=NarrowOop [8]=NarrowOop [12]=NarrowOop [16]=Oop [24]=Oop [52]=NarrowOop [56]=NarrowOop [64]=NarrowOop }
                      ;*instanceof {reexecute=0 rethrow=0 return_oop=0}
                      ; - java.lang.String::equals@8 (line 2087)
                      ; - com.badlogic.gdx.utils.ObjectIntMap::get@21 (line 281)
                      ; - com.badlogic.gdx.graphics.glutils.ShaderProgram::fetchAttributeLocation@11 (line 290)
                      ; - com.badlogic.gdx.graphics.glutils.ShaderProgram::disableVertexAttribute@10 (line 717)
                      ; - com.badlogic.gdx.graphics.glutils.VertexArray::unbind@34 (line 145)
                      ; - com.badlogic.gdx.graphics.Mesh::unbind@6 (line 398)
                      ; - com.badlogic.gdx.graphics.Mesh::unbind@3 (line 389)
                      ; - com.badlogic.gdx.graphics.Mesh::render@178 (line 501)
                      ; - com.badlogic.gdx.graphics.Mesh::render@10 (line 449)
                      ; - com.badlogic.gdx.graphics.g2d.SpriteBatch::flush@176 (line 975)
  0x00007fa12fa5a2ec: f014 a0ff 

  0x00007fa12fa5a2f0: ;   {post_call_nop}
  0x00007fa12fa5a2f0: 0f1f 8400 | e82a 006a | bef6 ffff | ff8b ef90 

  0x00007fa12fa5a300: ;   {runtime_call UncommonTrapBlob}
  0x00007fa12fa5a300: c5f8 77e8 

  0x00007fa12fa5a304: ; ImmutableOopMap {}
                      ;*invokevirtual get {reexecute=0 rethrow=0 return_oop=0}
                      ; - com.badlogic.gdx.graphics.glutils.VertexArray::bind@44 (line 108)
                      ; - com.badlogic.gdx.graphics.Mesh::bind@6 (line 380)
                      ; - com.badlogic.gdx.graphics.Mesh::bind@3 (line 371)
                      ; - com.badlogic.gdx.graphics.Mesh::render@13 (line 479)
                      ; - com.badlogic.gdx.graphics.Mesh::render@10 (line 449)
                      ; - com.badlogic.gdx.graphics.g2d.SpriteBatch::flush@176 (line 975)
  0x00007fa12fa5a304: d814 a0ff 

  0x00007fa12fa5a308: ;   {post_call_nop}
  0x00007fa12fa5a308: 0f1f 8400 | 002b 006b | bef6 ffff | ff8b ef90 

  0x00007fa12fa5a318: ;   {runtime_call UncommonTrapBlob}
  0x00007fa12fa5a318: c5f8 77e8 

  0x00007fa12fa5a31c: ; ImmutableOopMap {}
                      ;*aaload {reexecute=0 rethrow=0 return_oop=0}
                      ; - com.badlogic.gdx.graphics.VertexAttributes::get@5 (line 109)
                      ; - com.badlogic.gdx.graphics.glutils.VertexArray::bind@44 (line 108)
                      ; - com.badlogic.gdx.graphics.Mesh::bind@6 (line 380)
                      ; - com.badlogic.gdx.graphics.Mesh::bind@3 (line 371)
                      ; - com.badlogic.gdx.graphics.Mesh::render@13 (line 479)
                      ; - com.badlogic.gdx.graphics.Mesh::render@10 (line 449)
                      ; - com.badlogic.gdx.graphics.g2d.SpriteBatch::flush@176 (line 975)
  0x00007fa12fa5a31c: c014 a0ff 

  0x00007fa12fa5a320: ;   {post_call_nop}
  0x00007fa12fa5a320: 0f1f 8400 | 182b 006c | bef6 ffff | ff66 6690 

  0x00007fa12fa5a330: ;   {runtime_call UncommonTrapBlob}
  0x00007fa12fa5a330: c5f8 77e8 

  0x00007fa12fa5a334: ; ImmutableOopMap {}
                      ;*getfield alias {reexecute=1 rethrow=0 return_oop=0}
                      ; - (reexecute) com.badlogic.gdx.graphics.glutils.VertexArray::bind@52 (line 109)
                      ; - com.badlogic.gdx.graphics.Mesh::bind@6 (line 380)
                      ; - com.badlogic.gdx.graphics.Mesh::bind@3 (line 371)
                      ; - com.badlogic.gdx.graphics.Mesh::render@13 (line 479)
                      ; - com.badlogic.gdx.graphics.Mesh::render@10 (line 449)
                      ; - com.badlogic.gdx.graphics.g2d.SpriteBatch::flush@176 (line 975)
  0x00007fa12fa5a334: a814 a0ff 

  0x00007fa12fa5a338: ;   {post_call_nop}
  0x00007fa12fa5a338: 0f1f 8400 | 302b 006d | bef6 ffff | ff66 6690 

  0x00007fa12fa5a348: ;   {runtime_call UncommonTrapBlob}
  0x00007fa12fa5a348: c5f8 77e8 

  0x00007fa12fa5a34c: ; ImmutableOopMap {}
                      ;*invokevirtual hashCode {reexecute=0 rethrow=0 return_oop=0}
                      ; - com.badlogic.gdx.utils.ObjectIntMap::get@1 (line 279)
                      ; - com.badlogic.gdx.graphics.glutils.ShaderProgram::getAttributeLocation@6 (line 865)
                      ; - com.badlogic.gdx.graphics.glutils.VertexArray::bind@55 (line 109)
                      ; - com.badlogic.gdx.graphics.Mesh::bind@6 (line 380)
                      ; - com.badlogic.gdx.graphics.Mesh::bind@3 (line 371)
                      ; - com.badlogic.gdx.graphics.Mesh::render@13 (line 479)
                      ; - com.badlogic.gdx.graphics.Mesh::render@10 (line 449)
                      ; - com.badlogic.gdx.graphics.g2d.SpriteBatch::flush@176 (line 975)
  0x00007fa12fa5a34c: 9014 a0ff 

  0x00007fa12fa5a350: ;   {post_call_nop}
  0x00007fa12fa5a350: 0f1f 8400 | 482b 006e | bef6 ffff | ff41 8bea 

  0x00007fa12fa5a360: ;   {runtime_call UncommonTrapBlob}
  0x00007fa12fa5a360: c5f8 77e8 

  0x00007fa12fa5a364: ; ImmutableOopMap {}
                      ;*aaload {reexecute=0 rethrow=0 return_oop=0}
                      ; - com.badlogic.gdx.utils.ObjectIntMap::get@20 (line 281)
                      ; - com.badlogic.gdx.graphics.glutils.ShaderProgram::getAttributeLocation@6 (line 865)
                      ; - com.badlogic.gdx.graphics.glutils.VertexArray::bind@55 (line 109)
                      ; - com.badlogic.gdx.graphics.Mesh::bind@6 (line 380)
                      ; - com.badlogic.gdx.graphics.Mesh::bind@3 (line 371)
                      ; - com.badlogic.gdx.graphics.Mesh::render@13 (line 479)
                      ; - com.badlogic.gdx.graphics.Mesh::render@10 (line 449)
                      ; - com.badlogic.gdx.graphics.g2d.SpriteBatch::flush@176 (line 975)
  0x00007fa12fa5a364: 7814 a0ff 

  0x00007fa12fa5a368: ;   {post_call_nop}
  0x00007fa12fa5a368: 0f1f 8400 | 602b 006f | bef6 ffff | ff41 8bea 

  0x00007fa12fa5a378: ;   {runtime_call UncommonTrapBlob}
  0x00007fa12fa5a378: c5f8 77e8 

  0x00007fa12fa5a37c: ; ImmutableOopMap {}
                      ;*iaload {reexecute=0 rethrow=0 return_oop=0}
                      ; - com.badlogic.gdx.utils.ObjectIntMap::get@82 (line 288)
                      ; - com.badlogic.gdx.graphics.glutils.ShaderProgram::getAttributeLocation@6 (line 865)
                      ; - com.badlogic.gdx.graphics.glutils.VertexArray::bind@55 (line 109)
                      ; - com.badlogic.gdx.graphics.Mesh::bind@6 (line 380)
                      ; - com.badlogic.gdx.graphics.Mesh::bind@3 (line 371)
                      ; - com.badlogic.gdx.graphics.Mesh::render@13 (line 479)
                      ; - com.badlogic.gdx.graphics.Mesh::render@10 (line 449)
                      ; - com.badlogic.gdx.graphics.g2d.SpriteBatch::flush@176 (line 975)
  0x00007fa12fa5a37c: 6014 a0ff 

  0x00007fa12fa5a380: ;   {post_call_nop}
  0x00007fa12fa5a380: 0f1f 8400 | 782b 0070 | bef6 ffff | ff8b 6c24 | 4c66 6690 

  0x00007fa12fa5a394: ;   {runtime_call UncommonTrapBlob}
  0x00007fa12fa5a394: c5f8 77e8 

  0x00007fa12fa5a398: ; ImmutableOopMap {}
                      ;*invokeinterface glEnableVertexAttribArray {reexecute=0 rethrow=0 return_oop=0}
                      ; - com.badlogic.gdx.graphics.glutils.ShaderProgram::enableVertexAttribute@10 (line 742)
                      ; - com.badlogic.gdx.graphics.glutils.VertexArray::bind@71 (line 111)
                      ; - com.badlogic.gdx.graphics.Mesh::bind@6 (line 380)
                      ; - com.badlogic.gdx.graphics.Mesh::bind@3 (line 371)
                      ; - com.badlogic.gdx.graphics.Mesh::render@13 (line 479)
                      ; - com.badlogic.gdx.graphics.Mesh::render@10 (line 449)
                      ; - com.badlogic.gdx.graphics.g2d.SpriteBatch::flush@176 (line 975)
  0x00007fa12fa5a398: 4414 a0ff 

  0x00007fa12fa5a39c: ;   {post_call_nop}
  0x00007fa12fa5a39c: 0f1f 8400 | 942b 0071 | bef6 ffff | ff66 6690 

  0x00007fa12fa5a3ac: ;   {runtime_call UncommonTrapBlob}
  0x00007fa12fa5a3ac: c5f8 77e8 

  0x00007fa12fa5a3b0: ; ImmutableOopMap {}
                      ;*getfield owner {reexecute=1 rethrow=0 return_oop=0}
                      ; - (reexecute) org.lwjgl.opengl.GLContext::getCapabilitiesImpl@5 (line 132)
                      ; - org.lwjgl.opengl.GLContext::getCapabilities@0 (line 122)
                      ; - org.lwjgl.opengl.GL20::glEnableVertexAttribArray@0 (line 909)
                      ; - com.badlogic.gdx.backends.lwjgl.LwjglGL20::glEnableVertexAttribArray@1 (line 296)
                      ; - com.badlogic.gdx.graphics.glutils.ShaderProgram::enableVertexAttribute@10 (line 742)
                      ; - com.badlogic.gdx.graphics.glutils.VertexArray::bind@71 (line 111)
                      ; - com.badlogic.gdx.graphics.Mesh::bind@6 (line 380)
                      ; - com.badlogic.gdx.graphics.Mesh::bind@3 (line 371)
                      ; - com.badlogic.gdx.graphics.Mesh::render@13 (line 479)
                      ; - com.badlogic.gdx.graphics.Mesh::render@10 (line 449)
                      ; - com.badlogic.gdx.graphics.g2d.SpriteBatch::flush@176 (line 975)
  0x00007fa12fa5a3b0: 2c14 a0ff 

  0x00007fa12fa5a3b4: ;   {post_call_nop}
  0x00007fa12fa5a3b4: 0f1f 8400 | ac2b 0072 | bef6 ffff | ff41 8beb 

  0x00007fa12fa5a3c4: ;   {runtime_call UncommonTrapBlob}
  0x00007fa12fa5a3c4: c5f8 77e8 

  0x00007fa12fa5a3c8: ; ImmutableOopMap {}
                      ;*invokevirtual position {reexecute=0 rethrow=0 return_oop=0}
                      ; - com.badlogic.gdx.graphics.glutils.VertexArray::bind@83 (line 113)
                      ; - com.badlogic.gdx.graphics.Mesh::bind@6 (line 380)
                      ; - com.badlogic.gdx.graphics.Mesh::bind@3 (line 371)
                      ; - com.badlogic.gdx.graphics.Mesh::render@13 (line 479)
                      ; - com.badlogic.gdx.graphics.Mesh::render@10 (line 449)
                      ; - com.badlogic.gdx.graphics.g2d.SpriteBatch::flush@176 (line 975)
  0x00007fa12fa5a3c8: 1414 a0ff 

  0x00007fa12fa5a3cc: ;   {post_call_nop}
  0x00007fa12fa5a3cc: 0f1f 8400 | c42b 0073 | bef6 ffff | ff66 6690 

  0x00007fa12fa5a3dc: ;   {runtime_call UncommonTrapBlob}
  0x00007fa12fa5a3dc: c5f8 77e8 

  0x00007fa12fa5a3e0: ; ImmutableOopMap {}
                      ;*getfield vertexSize {reexecute=1 rethrow=0 return_oop=0}
                      ; - (reexecute) com.badlogic.gdx.graphics.glutils.VertexArray::bind@109 (line 114)
                      ; - com.badlogic.gdx.graphics.Mesh::bind@6 (line 380)
                      ; - com.badlogic.gdx.graphics.Mesh::bind@3 (line 371)
                      ; - com.badlogic.gdx.graphics.Mesh::render@13 (line 479)
                      ; - com.badlogic.gdx.graphics.Mesh::render@10 (line 449)
                      ; - com.badlogic.gdx.graphics.g2d.SpriteBatch::flush@176 (line 975)
  0x00007fa12fa5a3e0: fc13 a0ff 

  0x00007fa12fa5a3e4: ;   {post_call_nop}
  0x00007fa12fa5a3e4: 0f1f 8400 | dc2b 0074 | bef6 ffff | ff8b e990 

  0x00007fa12fa5a3f4: ;   {runtime_call UncommonTrapBlob}
  0x00007fa12fa5a3f4: c5f8 77e8 

  0x00007fa12fa5a3f8: ; ImmutableOopMap {}
                      ;*invokevirtual get {reexecute=0 rethrow=0 return_oop=0}
                      ; - com.badlogic.gdx.graphics.glutils.VertexArray::unbind@28 (line 145)
                      ; - com.badlogic.gdx.graphics.Mesh::unbind@6 (line 398)
                      ; - com.badlogic.gdx.graphics.Mesh::unbind@3 (line 389)
                      ; - com.badlogic.gdx.graphics.Mesh::render@178 (line 501)
                      ; - com.badlogic.gdx.graphics.Mesh::render@10 (line 449)
                      ; - com.badlogic.gdx.graphics.g2d.SpriteBatch::flush@176 (line 975)
  0x00007fa12fa5a3f8: e413 a0ff 

  0x00007fa12fa5a3fc: ;   {post_call_nop}
  0x00007fa12fa5a3fc: 0f1f 8400 | f42b 0075 | bef6 ffff | ff8b e990 

  0x00007fa12fa5a40c: ;   {runtime_call UncommonTrapBlob}
  0x00007fa12fa5a40c: c5f8 77e8 

  0x00007fa12fa5a410: ; ImmutableOopMap {}
                      ;*aaload {reexecute=0 rethrow=0 return_oop=0}
                      ; - com.badlogic.gdx.graphics.VertexAttributes::get@5 (line 109)
                      ; - com.badlogic.gdx.graphics.glutils.VertexArray::unbind@28 (line 145)
                      ; - com.badlogic.gdx.graphics.Mesh::unbind@6 (line 398)
                      ; - com.badlogic.gdx.graphics.Mesh::unbind@3 (line 389)
                      ; - com.badlogic.gdx.graphics.Mesh::render@178 (line 501)
                      ; - com.badlogic.gdx.graphics.Mesh::render@10 (line 449)
                      ; - com.badlogic.gdx.graphics.g2d.SpriteBatch::flush@176 (line 975)
  0x00007fa12fa5a410: cc13 a0ff 

  0x00007fa12fa5a414: ;   {post_call_nop}
  0x00007fa12fa5a414: 0f1f 8400 | 0c2c 0076 | bef6 ffff | ff66 6690 

  0x00007fa12fa5a424: ;   {runtime_call UncommonTrapBlob}
  0x00007fa12fa5a424: c5f8 77e8 

  0x00007fa12fa5a428: ; ImmutableOopMap {}
                      ;*getfield alias {reexecute=1 rethrow=0 return_oop=0}
                      ; - (reexecute) com.badlogic.gdx.graphics.glutils.VertexArray::unbind@31 (line 145)
                      ; - com.badlogic.gdx.graphics.Mesh::unbind@6 (line 398)
                      ; - com.badlogic.gdx.graphics.Mesh::unbind@3 (line 389)
                      ; - com.badlogic.gdx.graphics.Mesh::render@178 (line 501)
                      ; - com.badlogic.gdx.graphics.Mesh::render@10 (line 449)
                      ; - com.badlogic.gdx.graphics.g2d.SpriteBatch::flush@176 (line 975)
  0x00007fa12fa5a428: b413 a0ff 

  0x00007fa12fa5a42c: ;   {post_call_nop}
  0x00007fa12fa5a42c: 0f1f 8400 | 242c 0077 | bef6 ffff | ff66 6690 

  0x00007fa12fa5a43c: ;   {runtime_call UncommonTrapBlob}
  0x00007fa12fa5a43c: c5f8 77e8 

  0x00007fa12fa5a440: ; ImmutableOopMap {}
                      ;*invokevirtual hashCode {reexecute=0 rethrow=0 return_oop=0}
                      ; - com.badlogic.gdx.utils.ObjectIntMap::get@1 (line 279)
                      ; - com.badlogic.gdx.graphics.glutils.ShaderProgram::fetchAttributeLocation@11 (line 290)
                      ; - com.badlogic.gdx.graphics.glutils.ShaderProgram::disableVertexAttribute@10 (line 717)
                      ; - com.badlogic.gdx.graphics.glutils.VertexArray::unbind@34 (line 145)
                      ; - com.badlogic.gdx.graphics.Mesh::unbind@6 (line 398)
                      ; - com.badlogic.gdx.graphics.Mesh::unbind@3 (line 389)
                      ; - com.badlogic.gdx.graphics.Mesh::render@178 (line 501)
                      ; - com.badlogic.gdx.graphics.Mesh::render@10 (line 449)
                      ; - com.badlogic.gdx.graphics.g2d.SpriteBatch::flush@176 (line 975)
  0x00007fa12fa5a440: 9c13 a0ff 

  0x00007fa12fa5a444: ;   {post_call_nop}
  0x00007fa12fa5a444: 0f1f 8400 | 3c2c 0078 | bef6 ffff | ff41 8beb 

  0x00007fa12fa5a454: ;   {runtime_call UncommonTrapBlob}
  0x00007fa12fa5a454: c5f8 77e8 

  0x00007fa12fa5a458: ; ImmutableOopMap {}
                      ;*aaload {reexecute=0 rethrow=0 return_oop=0}
                      ; - com.badlogic.gdx.utils.ObjectIntMap::get@20 (line 281)
                      ; - com.badlogic.gdx.graphics.glutils.ShaderProgram::fetchAttributeLocation@11 (line 290)
                      ; - com.badlogic.gdx.graphics.glutils.ShaderProgram::disableVertexAttribute@10 (line 717)
                      ; - com.badlogic.gdx.graphics.glutils.VertexArray::unbind@34 (line 145)
                      ; - com.badlogic.gdx.graphics.Mesh::unbind@6 (line 398)
                      ; - com.badlogic.gdx.graphics.Mesh::unbind@3 (line 389)
                      ; - com.badlogic.gdx.graphics.Mesh::render@178 (line 501)
                      ; - com.badlogic.gdx.graphics.Mesh::render@10 (line 449)
                      ; - com.badlogic.gdx.graphics.g2d.SpriteBatch::flush@176 (line 975)
  0x00007fa12fa5a458: 8413 a0ff 

  0x00007fa12fa5a45c: ;   {post_call_nop}
  0x00007fa12fa5a45c: 0f1f 8400 | 542c 0079 | bef6 ffff | ff41 8beb 

  0x00007fa12fa5a46c: ;   {runtime_call UncommonTrapBlob}
  0x00007fa12fa5a46c: c5f8 77e8 

  0x00007fa12fa5a470: ; ImmutableOopMap {}
                      ;*iaload {reexecute=0 rethrow=0 return_oop=0}
                      ; - com.badlogic.gdx.utils.ObjectIntMap::get@82 (line 288)
                      ; - com.badlogic.gdx.graphics.glutils.ShaderProgram::fetchAttributeLocation@11 (line 290)
                      ; - com.badlogic.gdx.graphics.glutils.ShaderProgram::disableVertexAttribute@10 (line 717)
                      ; - com.badlogic.gdx.graphics.glutils.VertexArray::unbind@34 (line 145)
                      ; - com.badlogic.gdx.graphics.Mesh::unbind@6 (line 398)
                      ; - com.badlogic.gdx.graphics.Mesh::unbind@3 (line 389)
                      ; - com.badlogic.gdx.graphics.Mesh::render@178 (line 501)
                      ; - com.badlogic.gdx.graphics.Mesh::render@10 (line 449)
                      ; - com.badlogic.gdx.graphics.g2d.SpriteBatch::flush@176 (line 975)
  0x00007fa12fa5a470: 6c13 a0ff 

  0x00007fa12fa5a474: ;   {post_call_nop}
  0x00007fa12fa5a474: 0f1f 8400 | 6c2c 007a | bef6 ffff | ff41 8be8 

  0x00007fa12fa5a484: ;   {runtime_call UncommonTrapBlob}
  0x00007fa12fa5a484: c5f8 77e8 

  0x00007fa12fa5a488: ; ImmutableOopMap {}
                      ;*invokeinterface glDisableVertexAttribArray {reexecute=0 rethrow=0 return_oop=0}
                      ; - com.badlogic.gdx.graphics.glutils.ShaderProgram::disableVertexAttribute@22 (line 719)
                      ; - com.badlogic.gdx.graphics.glutils.VertexArray::unbind@34 (line 145)
                      ; - com.badlogic.gdx.graphics.Mesh::unbind@6 (line 398)
                      ; - com.badlogic.gdx.graphics.Mesh::unbind@3 (line 389)
                      ; - com.badlogic.gdx.graphics.Mesh::render@178 (line 501)
                      ; - com.badlogic.gdx.graphics.Mesh::render@10 (line 449)
                      ; - com.badlogic.gdx.graphics.g2d.SpriteBatch::flush@176 (line 975)
  0x00007fa12fa5a488: 5413 a0ff 

  0x00007fa12fa5a48c: ;   {post_call_nop}
  0x00007fa12fa5a48c: 0f1f 8400 | 842c 007b | bef6 ffff | ff66 6690 

  0x00007fa12fa5a49c: ;   {runtime_call UncommonTrapBlob}
  0x00007fa12fa5a49c: c5f8 77e8 

  0x00007fa12fa5a4a0: ; ImmutableOopMap {}
                      ;*getfield owner {reexecute=1 rethrow=0 return_oop=0}
                      ; - (reexecute) org.lwjgl.opengl.GLContext::getCapabilitiesImpl@5 (line 132)
                      ; - org.lwjgl.opengl.GLContext::getCapabilities@0 (line 122)
                      ; - org.lwjgl.opengl.GL20::glDisableVertexAttribArray@0 (line 917)
                      ; - com.badlogic.gdx.backends.lwjgl.LwjglGL20::glDisableVertexAttribArray@1 (line 272)
                      ; - com.badlogic.gdx.graphics.glutils.ShaderProgram::disableVertexAttribute@22 (line 719)
                      ; - com.badlogic.gdx.graphics.glutils.VertexArray::unbind@34 (line 145)
                      ; - com.badlogic.gdx.graphics.Mesh::unbind@6 (line 398)
                      ; - com.badlogic.gdx.graphics.Mesh::unbind@3 (line 389)
                      ; - com.badlogic.gdx.graphics.Mesh::render@178 (line 501)
                      ; - com.badlogic.gdx.graphics.Mesh::render@10 (line 449)
                      ; - com.badlogic.gdx.graphics.g2d.SpriteBatch::flush@176 (line 975)
  0x00007fa12fa5a4a0: 3c13 a0ff 

  0x00007fa12fa5a4a4: ;   {post_call_nop}
  0x00007fa12fa5a4a4: 0f1f 8400 | 9c2c 007c | bef6 ffff | ff66 6690 

  0x00007fa12fa5a4b4: ;   {runtime_call UncommonTrapBlob}
  0x00007fa12fa5a4b4: c5f8 77e8 

  0x00007fa12fa5a4b8: ; ImmutableOopMap {}
                      ;*arraylength {reexecute=0 rethrow=0 return_oop=0}
                      ; - java.lang.StringLatin1::hashCode@3 (line 307)
                      ; - java.lang.String::hashCode@27 (line 2719)
                      ; - com.badlogic.gdx.utils.ObjectIntMap::get@1 (line 279)
                      ; - com.badlogic.gdx.graphics.glutils.ShaderProgram::getAttributeLocation@6 (line 865)
                      ; - com.badlogic.gdx.graphics.glutils.VertexArray::bind@55 (line 109)
                      ; - com.badlogic.gdx.graphics.Mesh::bind@6 (line 380)
                      ; - com.badlogic.gdx.graphics.Mesh::bind@3 (line 371)
                      ; - com.badlogic.gdx.graphics.Mesh::render@13 (line 479)
                      ; - com.badlogic.gdx.graphics.Mesh::render@10 (line 449)
                      ; - com.badlogic.gdx.graphics.g2d.SpriteBatch::flush@176 (line 975)
  0x00007fa12fa5a4b8: 2413 a0ff 

  0x00007fa12fa5a4bc: ;   {post_call_nop}
  0x00007fa12fa5a4bc: 0f1f 8400 | b42c 007d | bef6 ffff | ff66 6690 

  0x00007fa12fa5a4cc: ;   {runtime_call UncommonTrapBlob}
  0x00007fa12fa5a4cc: c5f8 77e8 

  0x00007fa12fa5a4d0: ; ImmutableOopMap {}
                      ;*arraylength {reexecute=0 rethrow=0 return_oop=0}
                      ; - java.lang.StringLatin1::hashCode@3 (line 307)
                      ; - java.lang.String::hashCode@27 (line 2719)
                      ; - com.badlogic.gdx.utils.ObjectIntMap::get@1 (line 279)
                      ; - com.badlogic.gdx.graphics.glutils.ShaderProgram::fetchAttributeLocation@11 (line 290)
                      ; - com.badlogic.gdx.graphics.glutils.ShaderProgram::disableVertexAttribute@10 (line 717)
                      ; - com.badlogic.gdx.graphics.glutils.VertexArray::unbind@34 (line 145)
                      ; - com.badlogic.gdx.graphics.Mesh::unbind@6 (line 398)
                      ; - com.badlogic.gdx.graphics.Mesh::unbind@3 (line 389)
                      ; - com.badlogic.gdx.graphics.Mesh::render@178 (line 501)
                      ; - com.badlogic.gdx.graphics.Mesh::render@10 (line 449)
                      ; - com.badlogic.gdx.graphics.g2d.SpriteBatch::flush@176 (line 975)
  0x00007fa12fa5a4d0: 0c13 a0ff 

  0x00007fa12fa5a4d4: ;   {post_call_nop}
  0x00007fa12fa5a4d4: 0f1f 8400 | cc2c 007e | bef6 ffff | ff66 6690 

  0x00007fa12fa5a4e4: ;   {runtime_call UncommonTrapBlob}
  0x00007fa12fa5a4e4: c5f8 77e8 

  0x00007fa12fa5a4e8: ; ImmutableOopMap {}
                      ;*invokevirtual bind {reexecute=0 rethrow=0 return_oop=0}
                      ; - com.badlogic.gdx.graphics.g2d.SpriteBatch::flush@58 (line 962)
  0x00007fa12fa5a4e8: f412 a0ff 

  0x00007fa12fa5a4ec: ;   {post_call_nop}
  0x00007fa12fa5a4ec: 0f1f 8400 | e42c 007f | bef6 ffff | ff41 8bea | 4489 4c24 | 0866 6690 

  0x00007fa12fa5a504: ;   {runtime_call UncommonTrapBlob}
  0x00007fa12fa5a504: c5f8 77e8 

  0x00007fa12fa5a508: ; ImmutableOopMap {}
                      ;*invokeinterface glBindTexture {reexecute=0 rethrow=0 return_oop=0}
                      ; - com.badlogic.gdx.graphics.GLTexture::bind@11 (line 66)
                      ; - com.badlogic.gdx.graphics.g2d.SpriteBatch::flush@58 (line 962)
  0x00007fa12fa5a508: d412 a0ff 

  0x00007fa12fa5a50c: ;   {post_call_nop}
  0x00007fa12fa5a50c: 0f1f 8400 | 042d 0080 | bef6 ffff | ff66 6690 

  0x00007fa12fa5a51c: ;   {runtime_call UncommonTrapBlob}
  0x00007fa12fa5a51c: c5f8 77e8 

  0x00007fa12fa5a520: ; ImmutableOopMap {}
                      ;*getfield owner {reexecute=1 rethrow=0 return_oop=0}
                      ; - (reexecute) org.lwjgl.opengl.GLContext::getCapabilitiesImpl@5 (line 132)
                      ; - org.lwjgl.opengl.GLContext::getCapabilities@0 (line 122)
                      ; - org.lwjgl.opengl.GL11::glBindTexture@0 (line 651)
                      ; - com.badlogic.gdx.backends.lwjgl.LwjglGL20::glBindTexture@2 (line 93)
                      ; - com.badlogic.gdx.graphics.GLTexture::bind@11 (line 66)
                      ; - com.badlogic.gdx.graphics.g2d.SpriteBatch::flush@58 (line 962)
  0x00007fa12fa5a520: bc12 a0ff 

  0x00007fa12fa5a524: ;   {post_call_nop}
  0x00007fa12fa5a524: 0f1f 8400 | 1c2d 0081 | bef6 ffff | ff41 8be8 | 4489 5c24 | 0866 6690 

  0x00007fa12fa5a53c: ;   {runtime_call UncommonTrapBlob}
  0x00007fa12fa5a53c: c5f8 77e8 

  0x00007fa12fa5a540: ; ImmutableOopMap {rbp=NarrowOop }
                      ;*invokevirtual setVertices {reexecute=0 rethrow=0 return_oop=0}
                      ; - com.badlogic.gdx.graphics.g2d.SpriteBatch::flush@76 (line 964)
  0x00007fa12fa5a540: 9c12 a0ff 

  0x00007fa12fa5a544: ;   {post_call_nop}
  0x00007fa12fa5a544: 0f1f 8400 | 3c2d 0082 | bef6 ffff | ff41 8be8 | 4489 5c24 | 0866 6690 

  0x00007fa12fa5a55c: ;   {runtime_call UncommonTrapBlob}
  0x00007fa12fa5a55c: c5f8 77e8 

  0x00007fa12fa5a560: ; ImmutableOopMap {rbp=NarrowOop }
                      ;*invokeinterface setVertices {reexecute=0 rethrow=0 return_oop=0}
                      ; - com.badlogic.gdx.graphics.Mesh::setVertices@7 (line 197)
                      ; - com.badlogic.gdx.graphics.g2d.SpriteBatch::flush@76 (line 964)
  0x00007fa12fa5a560: 7c12 a0ff 

  0x00007fa12fa5a564: ;   {post_call_nop}
  0x00007fa12fa5a564: 0f1f 8400 | 5c2d 0083 | bef4 ffff | ff48 8be9 | 4489 4c24 | 1048 895c | 2418 4489 | 4424 2044 
  0x00007fa12fa5a584: 895c 2424 

  0x00007fa12fa5a588: ;   {runtime_call UncommonTrapBlob}
  0x00007fa12fa5a588: c5f8 77e8 

  0x00007fa12fa5a58c: ; ImmutableOopMap {rbp=Oop [16]=NarrowOop [24]=Oop [32]=NarrowOop }
                      ;*instanceof {reexecute=0 rethrow=0 return_oop=0}
                      ; - com.badlogic.gdx.utils.BufferUtils::copy@1 (line 50)
                      ; - com.badlogic.gdx.graphics.glutils.VertexArray::setVertices@7 (line 84)
                      ; - com.badlogic.gdx.graphics.Mesh::setVertices@7 (line 197)
                      ; - com.badlogic.gdx.graphics.g2d.SpriteBatch::flush@76 (line 964)
  0x00007fa12fa5a58c: 5012 a0ff 

  0x00007fa12fa5a590: ;   {post_call_nop}
  0x00007fa12fa5a590: 0f1f 8400 | 882d 0084 | bef6 ffff | ff66 6690 

  0x00007fa12fa5a5a0: ;   {runtime_call UncommonTrapBlob}
  0x00007fa12fa5a5a0: c5f8 77e8 

  0x00007fa12fa5a5a4: ; ImmutableOopMap {}
                      ;*invokevirtual position {reexecute=0 rethrow=0 return_oop=0}
                      ; - com.badlogic.gdx.graphics.glutils.VertexArray::setVertices@15 (line 85)
                      ; - com.badlogic.gdx.graphics.Mesh::setVertices@7 (line 197)
                      ; - com.badlogic.gdx.graphics.g2d.SpriteBatch::flush@76 (line 964)
  0x00007fa12fa5a5a4: 3812 a0ff 

  0x00007fa12fa5a5a8: ;   {post_call_nop}
  0x00007fa12fa5a5a8: 0f1f 8400 | a02d 0085 | bef6 ffff | ff66 6690 

  0x00007fa12fa5a5b8: ;   {runtime_call UncommonTrapBlob}
  0x00007fa12fa5a5b8: c5f8 77e8 

  0x00007fa12fa5a5bc: ; ImmutableOopMap {}
                      ;*invokeinterface getBuffer {reexecute=0 rethrow=0 return_oop=0}
                      ; - com.badlogic.gdx.graphics.Mesh::getIndicesBuffer@4 (line 797)
                      ; - com.badlogic.gdx.graphics.g2d.SpriteBatch::flush@81 (line 965)
  0x00007fa12fa5a5bc: 2012 a0ff 

  0x00007fa12fa5a5c0: ;   {post_call_nop}
  0x00007fa12fa5a5c0: 0f1f 8400 | b82d 0086 | bef6 ffff | ff66 6690 

  0x00007fa12fa5a5d0: ;   {runtime_call UncommonTrapBlob}
  0x00007fa12fa5a5d0: c5f8 77e8 

  0x00007fa12fa5a5d4: ; ImmutableOopMap {}
                      ;*invokevirtual position {reexecute=0 rethrow=0 return_oop=0}
                      ; - com.badlogic.gdx.graphics.g2d.SpriteBatch::flush@85 (line 965)
  0x00007fa12fa5a5d4: 0812 a0ff 

  0x00007fa12fa5a5d8: ;   {post_call_nop}
  0x00007fa12fa5a5d8: 0f1f 8400 | d02d 0087 | bef6 ffff | ff66 6690 

  0x00007fa12fa5a5e8: ;   {runtime_call UncommonTrapBlob}
  0x00007fa12fa5a5e8: c5f8 77e8 

  0x00007fa12fa5a5ec: ; ImmutableOopMap {}
                      ;*invokeinterface glEnable {reexecute=0 rethrow=0 return_oop=0}
                      ; - com.badlogic.gdx.graphics.g2d.SpriteBatch::flush@125 (line 971)
  0x00007fa12fa5a5ec: f011 a0ff 

  0x00007fa12fa5a5f0: ;   {post_call_nop}
  0x00007fa12fa5a5f0: 0f1f 8400 | e82d 0088 | bef6 ffff | ff66 6690 

  0x00007fa12fa5a600: ;   {runtime_call UncommonTrapBlob}
  0x00007fa12fa5a600: c5f8 77e8 

  0x00007fa12fa5a604: ; ImmutableOopMap {}
                      ;*getfield owner {reexecute=1 rethrow=0 return_oop=0}
                      ; - (reexecute) org.lwjgl.opengl.GLContext::getCapabilitiesImpl@5 (line 132)
                      ; - org.lwjgl.opengl.GLContext::getCapabilities@0 (line 122)
                      ; - org.lwjgl.opengl.GL11::glEnable@0 (line 1012)
                      ; - com.badlogic.gdx.backends.lwjgl.LwjglGL20::glEnable@1 (line 292)
                      ; - com.badlogic.gdx.graphics.g2d.SpriteBatch::flush@125 (line 971)
  0x00007fa12fa5a604: d811 a0ff 

  0x00007fa12fa5a608: ;   {post_call_nop}
  0x00007fa12fa5a608: 0f1f 8400 | 002e 0089 | bef6 ffff | ff41 8beb | 4489 5424 | 0866 6690 

  0x00007fa12fa5a620: ;   {runtime_call UncommonTrapBlob}
  0x00007fa12fa5a620: c5f8 77e8 

  0x00007fa12fa5a624: ; ImmutableOopMap {}
                      ;*invokeinterface glBlendFunc {reexecute=0 rethrow=0 return_oop=0}
                      ; - com.badlogic.gdx.graphics.g2d.SpriteBatch::flush@149 (line 972)
  0x00007fa12fa5a624: b811 a0ff 

  0x00007fa12fa5a628: ;   {post_call_nop}
  0x00007fa12fa5a628: 0f1f 8400 | 202e 008a | bef6 ffff | ff66 6690 

  0x00007fa12fa5a638: ;   {runtime_call UncommonTrapBlob}
  0x00007fa12fa5a638: c5f8 77e8 

  0x00007fa12fa5a63c: ; ImmutableOopMap {}
                      ;*getfield owner {reexecute=1 rethrow=0 return_oop=0}
                      ; - (reexecute) org.lwjgl.opengl.GLContext::getCapabilitiesImpl@5 (line 132)
                      ; - org.lwjgl.opengl.GLContext::getCapabilities@0 (line 122)
                      ; - org.lwjgl.opengl.GL11::glBlendFunc@0 (line 624)
                      ; - com.badlogic.gdx.backends.lwjgl.LwjglGL20::glBlendFunc@2 (line 109)
                      ; - com.badlogic.gdx.graphics.g2d.SpriteBatch::flush@149 (line 972)
  0x00007fa12fa5a63c: a011 a0ff 

  0x00007fa12fa5a640: ;   {post_call_nop}
  0x00007fa12fa5a640: 0f1f 8400 | 382e 008b | bef6 ffff | ff41 8bea 

  0x00007fa12fa5a650: ;   {runtime_call UncommonTrapBlob}
  0x00007fa12fa5a650: c5f8 77e8 

  0x00007fa12fa5a654: ; ImmutableOopMap {rbp=NarrowOop }
                      ;*invokeinterface bind {reexecute=0 rethrow=0 return_oop=0}
                      ; - com.badlogic.gdx.graphics.Mesh::bind@6 (line 380)
                      ; - com.badlogic.gdx.graphics.Mesh::bind@3 (line 371)
                      ; - com.badlogic.gdx.graphics.Mesh::render@13 (line 479)
                      ; - com.badlogic.gdx.graphics.Mesh::render@10 (line 449)
                      ; - com.badlogic.gdx.graphics.g2d.SpriteBatch::flush@176 (line 975)
  0x00007fa12fa5a654: 8811 a0ff 

  0x00007fa12fa5a658: ;   {post_call_nop}
  0x00007fa12fa5a658: 0f1f 8400 | 502e 008c | bef6 ffff | ff66 6690 

  0x00007fa12fa5a668: ;   {runtime_call UncommonTrapBlob}
  0x00007fa12fa5a668: c5f8 77e8 

  0x00007fa12fa5a66c: ; ImmutableOopMap {}
                      ;*invokevirtual size {reexecute=0 rethrow=0 return_oop=0}
                      ; - com.badlogic.gdx.graphics.glutils.VertexArray::bind@4 (line 104)
                      ; - com.badlogic.gdx.graphics.Mesh::bind@6 (line 380)
                      ; - com.badlogic.gdx.graphics.Mesh::bind@3 (line 371)
                      ; - com.badlogic.gdx.graphics.Mesh::render@13 (line 479)
                      ; - com.badlogic.gdx.graphics.Mesh::render@10 (line 449)
                      ; - com.badlogic.gdx.graphics.g2d.SpriteBatch::flush@176 (line 975)
  0x00007fa12fa5a66c: 7011 a0ff 

  0x00007fa12fa5a670: ;   {post_call_nop}
  0x00007fa12fa5a670: 0f1f 8400 | 682e 008d | bef6 ffff | ff66 6690 

  0x00007fa12fa5a680: ;   {runtime_call UncommonTrapBlob}
  0x00007fa12fa5a680: c5f8 77e8 

  0x00007fa12fa5a684: ; ImmutableOopMap {}
                      ;*arraylength {reexecute=0 rethrow=0 return_oop=0}
                      ; - com.badlogic.gdx.graphics.VertexAttributes::size@4 (line 103)
                      ; - com.badlogic.gdx.graphics.glutils.VertexArray::bind@4 (line 104)
                      ; - com.badlogic.gdx.graphics.Mesh::bind@6 (line 380)
                      ; - com.badlogic.gdx.graphics.Mesh::bind@3 (line 371)
                      ; - com.badlogic.gdx.graphics.Mesh::render@13 (line 479)
                      ; - com.badlogic.gdx.graphics.Mesh::render@10 (line 449)
                      ; - com.badlogic.gdx.graphics.g2d.SpriteBatch::flush@176 (line 975)
  0x00007fa12fa5a684: 5811 a0ff 

  0x00007fa12fa5a688: ;   {post_call_nop}
  0x00007fa12fa5a688: 0f1f 8400 | 802e 008e | bef6 ffff | ff66 6690 

  0x00007fa12fa5a698: ;   {runtime_call UncommonTrapBlob}
  0x00007fa12fa5a698: c5f8 77e8 

  0x00007fa12fa5a69c: ; ImmutableOopMap {}
                      ;*invokevirtual limit {reexecute=0 rethrow=0 return_oop=0}
                      ; - com.badlogic.gdx.graphics.glutils.VertexArray::bind@16 (line 105)
                      ; - com.badlogic.gdx.graphics.Mesh::bind@6 (line 380)
                      ; - com.badlogic.gdx.graphics.Mesh::bind@3 (line 371)
                      ; - com.badlogic.gdx.graphics.Mesh::render@13 (line 479)
                      ; - com.badlogic.gdx.graphics.Mesh::render@10 (line 449)
                      ; - com.badlogic.gdx.graphics.g2d.SpriteBatch::flush@176 (line 975)
  0x00007fa12fa5a69c: 4011 a0ff 

  0x00007fa12fa5a6a0: ;   {post_call_nop}
  0x00007fa12fa5a6a0: 0f1f 8400 | 982e 008f | bef6 ffff | ff8b eb90 

  0x00007fa12fa5a6b0: ;   {runtime_call UncommonTrapBlob}
  0x00007fa12fa5a6b0: c5f8 77e8 

  0x00007fa12fa5a6b4: ; ImmutableOopMap {}
                      ;*invokevirtual limit {reexecute=0 rethrow=0 return_oop=0}
                      ; - com.badlogic.gdx.graphics.glutils.VertexArray::bind@21 (line 105)
                      ; - com.badlogic.gdx.graphics.Mesh::bind@6 (line 380)
                      ; - com.badlogic.gdx.graphics.Mesh::bind@3 (line 371)
                      ; - com.badlogic.gdx.graphics.Mesh::render@13 (line 479)
                      ; - com.badlogic.gdx.graphics.Mesh::render@10 (line 449)
                      ; - com.badlogic.gdx.graphics.g2d.SpriteBatch::flush@176 (line 975)
  0x00007fa12fa5a6b4: 2811 a0ff 

  0x00007fa12fa5a6b8: ;   {post_call_nop}
  0x00007fa12fa5a6b8: 0f1f 8400 | b02e 0090 | bef6 ffff | ff66 6690 

  0x00007fa12fa5a6c8: ;   {runtime_call UncommonTrapBlob}
  0x00007fa12fa5a6c8: c5f8 77e8 

  0x00007fa12fa5a6cc: ; ImmutableOopMap {}
                      ;*invokeinterface getNumIndices {reexecute=0 rethrow=0 return_oop=0}
                      ; - com.badlogic.gdx.graphics.Mesh::bind@15 (line 381)
                      ; - com.badlogic.gdx.graphics.Mesh::bind@3 (line 371)
                      ; - com.badlogic.gdx.graphics.Mesh::render@13 (line 479)
                      ; - com.badlogic.gdx.graphics.Mesh::render@10 (line 449)
                      ; - com.badlogic.gdx.graphics.g2d.SpriteBatch::flush@176 (line 975)
  0x00007fa12fa5a6cc: 1011 a0ff 

  0x00007fa12fa5a6d0: ;   {post_call_nop}
  0x00007fa12fa5a6d0: 0f1f 8400 | c82e 0091 | bef6 ffff | ff66 6690 

  0x00007fa12fa5a6e0: ;   {runtime_call UncommonTrapBlob}
  0x00007fa12fa5a6e0: c5f8 77e8 

  0x00007fa12fa5a6e4: ; ImmutableOopMap {}
                      ;*invokevirtual limit {reexecute=0 rethrow=0 return_oop=0}
                      ; - com.badlogic.gdx.graphics.glutils.IndexArray::getNumIndices@15 (line 49)
                      ; - com.badlogic.gdx.graphics.Mesh::bind@15 (line 381)
                      ; - com.badlogic.gdx.graphics.Mesh::bind@3 (line 371)
                      ; - com.badlogic.gdx.graphics.Mesh::render@13 (line 479)
                      ; - com.badlogic.gdx.graphics.Mesh::render@10 (line 449)
                      ; - com.badlogic.gdx.graphics.g2d.SpriteBatch::flush@176 (line 975)
  0x00007fa12fa5a6e4: f810 a0ff 

  0x00007fa12fa5a6e8: ;   {post_call_nop}
  0x00007fa12fa5a6e8: 0f1f 8400 | e02e 0092 | bef6 ffff | ff41 8bea 

  0x00007fa12fa5a6f8: ;   {runtime_call UncommonTrapBlob}
  0x00007fa12fa5a6f8: c5f8 77e8 

  0x00007fa12fa5a6fc: ; ImmutableOopMap {[20]=NarrowOop }
                      ;*invokeinterface glDrawElements {reexecute=0 rethrow=0 return_oop=0}
                      ; - com.badlogic.gdx.graphics.Mesh::render@88 (line 488)
                      ; - com.badlogic.gdx.graphics.Mesh::render@10 (line 449)
                      ; - com.badlogic.gdx.graphics.g2d.SpriteBatch::flush@176 (line 975)
  0x00007fa12fa5a6fc: e010 a0ff 

  0x00007fa12fa5a700: ;   {post_call_nop}
  0x00007fa12fa5a700: 0f1f 8400 | f82e 0093 | bef6 ffff | ff66 6690 

  0x00007fa12fa5a710: ;   {runtime_call UncommonTrapBlob}
  0x00007fa12fa5a710: c5f8 77e8 

  0x00007fa12fa5a714: ; ImmutableOopMap {}
                      ;*getfield owner {reexecute=1 rethrow=0 return_oop=0}
                      ; - (reexecute) org.lwjgl.opengl.GLContext::getCapabilitiesImpl@5 (line 132)
                      ; - org.lwjgl.opengl.GLContext::getCapabilities@0 (line 122)
                      ; - org.lwjgl.opengl.GL11::glDrawElements@0 (line 1105)
                      ; - com.badlogic.gdx.backends.lwjgl.LwjglGL20::glDrawElements@21 (line 281)
                      ; - com.badlogic.gdx.graphics.Mesh::render@88 (line 488)
                      ; - com.badlogic.gdx.graphics.Mesh::render@10 (line 449)
                      ; - com.badlogic.gdx.graphics.g2d.SpriteBatch::flush@176 (line 975)
  0x00007fa12fa5a714: c810 a0ff 

  0x00007fa12fa5a718: ;   {post_call_nop}
  0x00007fa12fa5a718: 0f1f 8400 | 102f 0094 | bef6 ffff | ff66 6690 

  0x00007fa12fa5a728: ;   {runtime_call UncommonTrapBlob}
  0x00007fa12fa5a728: c5f8 77e8 

  0x00007fa12fa5a72c: ; ImmutableOopMap {}
                      ;*getfield references_stack {reexecute=1 rethrow=0 return_oop=0}
                      ; - (reexecute) org.lwjgl.opengl.StateTracker::getReferences@4 (line 85)
                      ; - org.lwjgl.opengl.StateTracker::getElementArrayBufferBound@1 (line 143)
                      ; - org.lwjgl.opengl.GLChecks::ensureElementVBOdisabled@7 (line 82)
                      ; - org.lwjgl.opengl.GL11::glDrawElements@14 (line 1108)
                      ; - com.badlogic.gdx.backends.lwjgl.LwjglGL20::glDrawElements@21 (line 281)
                      ; - com.badlogic.gdx.graphics.Mesh::render@88 (line 488)
                      ; - com.badlogic.gdx.graphics.Mesh::render@10 (line 449)
                      ; - com.badlogic.gdx.graphics.g2d.SpriteBatch::flush@176 (line 975)
  0x00007fa12fa5a72c: b010 a0ff 

  0x00007fa12fa5a730: ;   {post_call_nop}
  0x00007fa12fa5a730: 0f1f 8400 | 282f 0095 | bef6 ffff | ff66 6690 

  0x00007fa12fa5a740: ;   {runtime_call UncommonTrapBlob}
  0x00007fa12fa5a740: c5f8 77e8 

  0x00007fa12fa5a744: ; ImmutableOopMap {}
                      ;*invokevirtual getReferences {reexecute=0 rethrow=0 return_oop=0}
                      ; - org.lwjgl.opengl.StateTracker::getReferences@7 (line 85)
                      ; - org.lwjgl.opengl.StateTracker::getElementArrayBufferBound@1 (line 143)
                      ; - org.lwjgl.opengl.GLChecks::ensureElementVBOdisabled@7 (line 82)
                      ; - org.lwjgl.opengl.GL11::glDrawElements@14 (line 1108)
                      ; - com.badlogic.gdx.backends.lwjgl.LwjglGL20::glDrawElements@21 (line 281)
                      ; - com.badlogic.gdx.graphics.Mesh::render@88 (line 488)
                      ; - com.badlogic.gdx.graphics.Mesh::render@10 (line 449)
                      ; - com.badlogic.gdx.graphics.g2d.SpriteBatch::flush@176 (line 975)
  0x00007fa12fa5a744: 9810 a0ff 

  0x00007fa12fa5a748: ;   {post_call_nop}
  0x00007fa12fa5a748: 0f1f 8400 | 402f 0096 | bef6 ffff | ff66 6690 

  0x00007fa12fa5a758: ;   {runtime_call UncommonTrapBlob}
  0x00007fa12fa5a758: c5f8 77e8 

  0x00007fa12fa5a75c: ; ImmutableOopMap {}
                      ;*aaload {reexecute=0 rethrow=0 return_oop=0}
                      ; - org.lwjgl.opengl.ReferencesStack::getReferences@8 (line 41)
                      ; - org.lwjgl.opengl.StateTracker::getReferences@7 (line 85)
                      ; - org.lwjgl.opengl.StateTracker::getElementArrayBufferBound@1 (line 143)
                      ; - org.lwjgl.opengl.GLChecks::ensureElementVBOdisabled@7 (line 82)
                      ; - org.lwjgl.opengl.GL11::glDrawElements@14 (line 1108)
                      ; - com.badlogic.gdx.backends.lwjgl.LwjglGL20::glDrawElements@21 (line 281)
                      ; - com.badlogic.gdx.graphics.Mesh::render@88 (line 488)
                      ; - com.badlogic.gdx.graphics.Mesh::render@10 (line 449)
                      ; - com.badlogic.gdx.graphics.g2d.SpriteBatch::flush@176 (line 975)
  0x00007fa12fa5a75c: 8010 a0ff 

  0x00007fa12fa5a760: ;   {post_call_nop}
  0x00007fa12fa5a760: 0f1f 8400 | 582f 0097 | bef6 ffff | ff66 6690 

  0x00007fa12fa5a770: ;   {runtime_call UncommonTrapBlob}
  0x00007fa12fa5a770: c5f8 77e8 

  0x00007fa12fa5a774: ; ImmutableOopMap {}
                      ;*getfield vertexArrayObject {reexecute=1 rethrow=0 return_oop=0}
                      ; - (reexecute) org.lwjgl.opengl.StateTracker::getElementArrayBufferBound@6 (line 145)
                      ; - org.lwjgl.opengl.GLChecks::ensureElementVBOdisabled@7 (line 82)
                      ; - org.lwjgl.opengl.GL11::glDrawElements@14 (line 1108)
                      ; - com.badlogic.gdx.backends.lwjgl.LwjglGL20::glDrawElements@21 (line 281)
                      ; - com.badlogic.gdx.graphics.Mesh::render@88 (line 488)
                      ; - com.badlogic.gdx.graphics.Mesh::render@10 (line 449)
                      ; - com.badlogic.gdx.graphics.g2d.SpriteBatch::flush@176 (line 975)
  0x00007fa12fa5a774: 6810 a0ff 

  0x00007fa12fa5a778: ;   {post_call_nop}
  0x00007fa12fa5a778: 0f1f 8400 | 702f 0098 | bef6 ffff | ff8b 6c24 | 0c66 6690 

  0x00007fa12fa5a78c: ;   {runtime_call UncommonTrapBlob}
  0x00007fa12fa5a78c: c5f8 77e8 

  0x00007fa12fa5a790: ; ImmutableOopMap {rbp=NarrowOop }
                      ;*invokeinterface unbind {reexecute=0 rethrow=0 return_oop=0}
                      ; - com.badlogic.gdx.graphics.Mesh::unbind@6 (line 398)
                      ; - com.badlogic.gdx.graphics.Mesh::unbind@3 (line 389)
                      ; - com.badlogic.gdx.graphics.Mesh::render@178 (line 501)
                      ; - com.badlogic.gdx.graphics.Mesh::render@10 (line 449)
                      ; - com.badlogic.gdx.graphics.g2d.SpriteBatch::flush@176 (line 975)
  0x00007fa12fa5a790: 4c10 a0ff 

  0x00007fa12fa5a794: ;   {post_call_nop}
  0x00007fa12fa5a794: 0f1f 8400 | 8c2f 0099 | bef6 ffff | ff66 6690 

  0x00007fa12fa5a7a4: ;   {runtime_call UncommonTrapBlob}
  0x00007fa12fa5a7a4: c5f8 77e8 

  0x00007fa12fa5a7a8: ; ImmutableOopMap {}
                      ;*invokevirtual size {reexecute=0 rethrow=0 return_oop=0}
                      ; - com.badlogic.gdx.graphics.glutils.VertexArray::unbind@4 (line 142)
                      ; - com.badlogic.gdx.graphics.Mesh::unbind@6 (line 398)
                      ; - com.badlogic.gdx.graphics.Mesh::unbind@3 (line 389)
                      ; - com.badlogic.gdx.graphics.Mesh::render@178 (line 501)
                      ; - com.badlogic.gdx.graphics.Mesh::render@10 (line 449)
                      ; - com.badlogic.gdx.graphics.g2d.SpriteBatch::flush@176 (line 975)
  0x00007fa12fa5a7a8: 3410 a0ff 

  0x00007fa12fa5a7ac: ;   {post_call_nop}
  0x00007fa12fa5a7ac: 0f1f 8400 | a42f 009a | bef6 ffff | ff66 6690 

  0x00007fa12fa5a7bc: ;   {runtime_call UncommonTrapBlob}
  0x00007fa12fa5a7bc: c5f8 77e8 

  0x00007fa12fa5a7c0: ; ImmutableOopMap {}
                      ;*arraylength {reexecute=0 rethrow=0 return_oop=0}
                      ; - com.badlogic.gdx.graphics.VertexAttributes::size@4 (line 103)
                      ; - com.badlogic.gdx.graphics.glutils.VertexArray::unbind@4 (line 142)
                      ; - com.badlogic.gdx.graphics.Mesh::unbind@6 (line 398)
                      ; - com.badlogic.gdx.graphics.Mesh::unbind@3 (line 389)
                      ; - com.badlogic.gdx.graphics.Mesh::render@178 (line 501)
                      ; - com.badlogic.gdx.graphics.Mesh::render@10 (line 449)
                      ; - com.badlogic.gdx.graphics.g2d.SpriteBatch::flush@176 (line 975)
  0x00007fa12fa5a7c0: 1c10 a0ff 

  0x00007fa12fa5a7c4: ;   {post_call_nop}
  0x00007fa12fa5a7c4: 0f1f 8400 | bc2f 009b | bef6 ffff | ff66 6690 

  0x00007fa12fa5a7d4: ;   {runtime_call UncommonTrapBlob}
  0x00007fa12fa5a7d4: c5f8 77e8 

  0x00007fa12fa5a7d8: ; ImmutableOopMap {}
                      ;*invokeinterface getNumIndices {reexecute=0 rethrow=0 return_oop=0}
                      ; - com.badlogic.gdx.graphics.Mesh::unbind@15 (line 399)
                      ; - com.badlogic.gdx.graphics.Mesh::unbind@3 (line 389)
                      ; - com.badlogic.gdx.graphics.Mesh::render@178 (line 501)
                      ; - com.badlogic.gdx.graphics.Mesh::render@10 (line 449)
                      ; - com.badlogic.gdx.graphics.g2d.SpriteBatch::flush@176 (line 975)
  0x00007fa12fa5a7d8: 0410 a0ff 

  0x00007fa12fa5a7dc: ;   {post_call_nop}
  0x00007fa12fa5a7dc: 0f1f 8400 | d42f 009c | bef6 ffff | ff66 6690 

  0x00007fa12fa5a7ec: ;   {runtime_call UncommonTrapBlob}
  0x00007fa12fa5a7ec: c5f8 77e8 

  0x00007fa12fa5a7f0: ; ImmutableOopMap {}
                      ;*invokevirtual limit {reexecute=0 rethrow=0 return_oop=0}
                      ; - com.badlogic.gdx.graphics.glutils.IndexArray::getNumIndices@15 (line 49)
                      ; - com.badlogic.gdx.graphics.Mesh::unbind@15 (line 399)
                      ; - com.badlogic.gdx.graphics.Mesh::unbind@3 (line 389)
                      ; - com.badlogic.gdx.graphics.Mesh::render@178 (line 501)
                      ; - com.badlogic.gdx.graphics.Mesh::render@10 (line 449)
                      ; - com.badlogic.gdx.graphics.g2d.SpriteBatch::flush@176 (line 975)
  0x00007fa12fa5a7f0: ec0f a0ff 

  0x00007fa12fa5a7f4: ;   {post_call_nop}
  0x00007fa12fa5a7f4: 0f1f 8400 | ec2f 009d | 488b f0eb | 25eb 1b48 | 8bf0 eb1e | 488b f0eb | 1948 8bf0 | eb14 488b 
  0x00007fa12fa5a814: f0eb 0f48 | 8bf0 eb0a | eb00 488b | f0eb 0348 | 8bf0 c5f8 | 7748 81c4 | 9000 0000 

  0x00007fa12fa5a830: ;   {runtime_call C2 Runtime rethrow_blob}
  0x00007fa12fa5a830: 5de9 2a7d 

  0x00007fa12fa5a834: ;   {internal_word}
  0x00007fa12fa5a834: a0ff 49ba | a788 a52f | a17f 0000 | 4d89 9710 

  0x00007fa12fa5a844: ;   {runtime_call SafepointBlob}
  0x00007fa12fa5a844: 0500 00e9 | 14c3 92ff 

  0x00007fa12fa5a84c: ;   {runtime_call Stub::Stub Generator method_entry_barrier_stub}
  0x00007fa12fa5a84c: e8af 1591 | ffe9 d8d0 | ffff f4f4 
[Stub Code]
  0x00007fa12fa5a858: ;   {static_stub}
  0x00007fa12fa5a858: 48bb 0000 | 0000 0000 

  0x00007fa12fa5a860: ;   {runtime_call nmethod}
  0x00007fa12fa5a860: 0000 e9fb 

  0x00007fa12fa5a864: ;   {static_stub}
  0x00007fa12fa5a864: ffff ff48 | bb00 0000 | 0000 0000 

  0x00007fa12fa5a870: ;   {runtime_call nmethod}
  0x00007fa12fa5a870: 00e9 fbff 

  0x00007fa12fa5a874: ;   {static_stub}
  0x00007fa12fa5a874: ffff 48bb | 0000 0000 | 0000 0000 

  0x00007fa12fa5a880: ;   {runtime_call nmethod}
  0x00007fa12fa5a880: e9fb ffff 

  0x00007fa12fa5a884: ;   {static_stub}
  0x00007fa12fa5a884: ff48 bb00 | 0000 0000 

  0x00007fa12fa5a88c: ;   {runtime_call nmethod}
  0x00007fa12fa5a88c: 0000 00e9 | fbff ffff 

  0x00007fa12fa5a894: ;   {static_stub}
  0x00007fa12fa5a894: 48bb 0000 | 0000 0000 

  0x00007fa12fa5a89c: ;   {runtime_call nmethod}
  0x00007fa12fa5a89c: 0000 e9fb 

  0x00007fa12fa5a8a0: ;   {static_stub}
  0x00007fa12fa5a8a0: ffff ff48 | bb00 0000 | 0000 0000 

  0x00007fa12fa5a8ac: ;   {runtime_call nmethod}
  0x00007fa12fa5a8ac: 00e9 fbff 

  0x00007fa12fa5a8b0: ;   {static_stub}
  0x00007fa12fa5a8b0: ffff 48bb | 0000 0000 | 0000 0000 

  0x00007fa12fa5a8bc: ;   {runtime_call nmethod}
  0x00007fa12fa5a8bc: e9fb ffff 

  0x00007fa12fa5a8c0: ;   {static_stub}
  0x00007fa12fa5a8c0: ff48 bb00 | 0000 0000 

  0x00007fa12fa5a8c8: ;   {runtime_call nmethod}
  0x00007fa12fa5a8c8: 0000 00e9 | fbff ffff 

  0x00007fa12fa5a8d0: ;   {static_stub}
  0x00007fa12fa5a8d0: 48bb 0000 | 0000 0000 

  0x00007fa12fa5a8d8: ;   {runtime_call nmethod}
  0x00007fa12fa5a8d8: 0000 e9fb 

  0x00007fa12fa5a8dc: ;   {runtime_call DeoptimizationBlob}
  0x00007fa12fa5a8dc: ffff ffe8 | 7cc5 92ff 
[Deopt Handler Entry Point]
  0x00007fa12fa5a8e4: ebf9 f4f4 
[/MachCode]


Compiled method (c1) 1703224 11073 % !   3       com.badlogic.gdx.backends.lwjgl.LwjglApplication::mainLoop @ 71 (886 bytes)
 total in heap  [0x00007fa1281a6a08,0x00007fa1281ac5d0] = 23496
 constants      [0x00007fa1281a6b00,0x00007fa1281a6b20] = 32
 main code      [0x00007fa1281a6b20,0x00007fa1281ac278] = 22360
 stub code      [0x00007fa1281ac278,0x00007fa1281ac5c0] = 840
 oops           [0x00007fa1281ac5c0,0x00007fa1281ac5d0] = 16
 mutable data [0x00007fa1026c27c0,0x00007fa1026c31e0] = 2592
 relocation     [0x00007fa1026c27c0,0x00007fa1026c2ff0] = 2096
 metadata       [0x00007fa1026c2ff0,0x00007fa1026c31e0] = 496
 immutable data [0x00007fa1017cd2a0,0x00007fa1017cf5b4] = 8980
 dependencies   [0x00007fa1017cd2a0,0x00007fa1017cd340] = 160
 nul chk table  [0x00007fa1017cd340,0x00007fa1017cd5f0] = 688
 handler table  [0x00007fa1017cd5f0,0x00007fa1017cd8a8] = 696
 scopes pcs     [0x00007fa1017cd8a8,0x00007fa1017ce768] = 3776
 scopes data    [0x00007fa1017ce768,0x00007fa1017cf5b0] = 3656


[Constant Pool]
             Address          hex4                    hex8      
  0x00007fa1281a6b00:   0x3f800000      0x3f8000003f800000      
  0x00007fa1281a6b04:   0x3f800000                              
  0x00007fa1281a6b08:   0x3f800000      0x3f8000003f800000      
  0x00007fa1281a6b0c:   0x3f800000                              
  0x00007fa1281a6b10:   0x3f800000      0x3f8000003f800000      
  0x00007fa1281a6b14:   0x3f800000                              
  0x00007fa1281a6b18:   0xf4f4f4f4      0xf4f4f4f4f4f4f4f4      
  0x00007fa1281a6b1c:   0xf4f4f4f4                              


Loading hsdis library failed, undisassembled code is shown in MachCode section
[MachCode]
[Instructions begin]
  0x00007fa1281a6b20: ;   {other}
  0x00007fa1281a6b20: 6666 660f | 1f84 0000 | 0000 0066 | 6666 9066 | 6690 448b | 5608 443b 

  0x00007fa1281a6b38: ;   {runtime_call Shared Runtime ic_miss_blob}
  0x00007fa1281a6b38: 5008 0f85 | a0db 1d07 
[Verified Entry Point]
  0x00007fa1281a6b40: 8984 2400 | c0fe ff55 | 4881 ec80 | 0100 0090 | 4181 7f20 | b700 0000 

  0x00007fa1281a6b58: ;   {runtime_call Stub::Stub Generator method_entry_barrier_stub}
  0x00007fa1281a6b58: 7405 e8a1 | 521c 0748 | 8974 2478 

  0x00007fa1281a6b64: ;   {metadata(method data for {method} {0x00007fa0f4417f38} 'mainLoop' '()V' in 'com/badlogic/gdx/backends/lwjgl/LwjglApplication')}
  0x00007fa1281a6b64: 48bf 20e1 | b1f5 a07f | 0000 8b9f | 9000 0000 | 83c3 0289 | 9f90 0000 | 0081 e3fe | 0700 0085 
  0x00007fa1281a6b84: db0f 8452 | 4b00 008b | 7e38 48c1 | e703 4889 | bc24 8000 | 0000 8b5e | 1448 c1e3 | 0348 3b03 
  0x00007fa1281a6ba4: ;   {metadata(method data for {method} {0x00007fa0f4417f38} 'mainLoop' '()V' in 'com/badlogic/gdx/backends/lwjgl/LwjglApplication')}
  0x00007fa1281a6ba4: 488b c348 | ba20 e1b1 | f5a0 7f00 

  0x00007fa1281a6bb0: ;   {metadata('com/badlogic/gdx/backends/lwjgl/LwjglGraphics')}
  0x00007fa1281a6bb0: 0049 ba00 | 8004 8200 | 0000 004c | 8992 e000 | 0000 4883 | 82e8 0000 | 0001 488b 

  0x00007fa1281a6bcc: ;   {optimized virtual_call}
  0x00007fa1281a6bcc: f366 90e8 

  0x00007fa1281a6bd0: ; ImmutableOopMap {[120]=Oop [128]=Oop }
                      ;*invokevirtual setupDisplay {reexecute=0 rethrow=0 return_oop=0}
                      ; - com.badlogic.gdx.backends.lwjgl.LwjglApplication::mainLoop@9 (line 144)
  0x00007fa1281a6bd0: 0cde 1d07 

  0x00007fa1281a6bd4: ;   {post_call_nop}
  0x00007fa1281a6bd4: 0f1f 8400 | cc01 0000 

  0x00007fa1281a6bdc: ;   {metadata(method data for {method} {0x00007fa0f4417f38} 'mainLoop' '()V' in 'com/badlogic/gdx/backends/lwjgl/LwjglApplication')}
  0x00007fa1281a6bdc: 48be 20e1 | b1f5 a07f | 0000 ff86 | 0801 0000 | 488b 7424 | 788b 7e28 | 48c1 e703 | 4885 ff0f 
  0x00007fa1281a6bfc: 8425 0000 

  0x00007fa1281a6c00: ;   {metadata('age/of/civilizations2/jakowski/lukasz/AoCGame')}
  0x00007fa1281a6c00: 0048 b960 | 6504 8200 | 0000 008b | 5708 41ba | 0000 0081 | 4903 d248 | 3b4a 400f | 85e2 4a00 
  0x00007fa1281a6c20: 00e9 0000 | 0000 488b | df48 3b07 

  0x00007fa1281a6c2c: ;   {metadata(method data for {method} {0x00007fa0f4417f38} 'mainLoop' '()V' in 'com/badlogic/gdx/backends/lwjgl/LwjglApplication')}
  0x00007fa1281a6c2c: 488b df48 | b820 e1b1 | f5a0 7f00 

  0x00007fa1281a6c38: ;   {metadata('age/of/civilizations2/jakowski/lukasz/AoCGame')}
  0x00007fa1281a6c38: 0049 ba60 | 6504 8200 | 0000 004c | 8990 3801 | 0000 4883 | 8040 0100 | 0001 488b 

  0x00007fa1281a6c54: ;   {optimized virtual_call}
  0x00007fa1281a6c54: f766 90e8 

  0x00007fa1281a6c58: ; ImmutableOopMap {[120]=Oop [128]=Oop }
                      ;*invokeinterface create {reexecute=0 rethrow=0 return_oop=0}
                      ; - com.badlogic.gdx.backends.lwjgl.LwjglApplication::mainLoop@29 (line 149)
  0x00007fa1281a6c58: 84dd 1d07 

  0x00007fa1281a6c5c: ;   {post_call_nop}
  0x00007fa1281a6c5c: 0f1f 8400 | 5402 0001 | 488b 7424 | 788b 7e14 | 48c1 e703 

  0x00007fa1281a6c70: ; implicit exception: dispatches to 0x00007fa1281ab70d
  0x00007fa1281a6c70: c647 3101 

  0x00007fa1281a6c74: ;   {metadata(method data for {method} {0x00007fa0f4417f38} 'mainLoop' '()V' in 'com/badlogic/gdx/backends/lwjgl/LwjglApplication')}
  0x00007fa1281a6c74: 488b df48 | b820 e1b1 | f5a0 7f00 

  0x00007fa1281a6c80: ;   {metadata('com/badlogic/gdx/backends/lwjgl/LwjglGraphics')}
  0x00007fa1281a6c80: 0049 ba00 | 8004 8200 | 0000 004c | 8990 6801 | 0000 4883 | 8070 0100 

  0x00007fa1281a6c98: ;   {metadata(method data for {method} {0x00007fa0f443cf10} 'getWidth' '()I' in 'com/badlogic/gdx/backends/lwjgl/LwjglGraphics')}
  0x00007fa1281a6c98: 0001 48bb | 2034 d7f4 | a07f 0000 | 8b83 9000 | 0000 83c0 | 0289 8390 | 0000 0025 | feff 1f00 
  0x00007fa1281a6cb8: 85c0 0f84 | 524a 0000 | 8b7f 4048 | c1e7 0348 

  0x00007fa1281a6cc8: ;   {metadata(method data for {method} {0x00007fa0f443cf10} 'getWidth' '()I' in 'com/badlogic/gdx/backends/lwjgl/LwjglGraphics')}
  0x00007fa1281a6cc8: 85ff 48bb | 2034 d7f4 | a07f 0000 | b8d8 0000 | 0074 05b8 | e800 0000 | 488b 1403 | 488d 5201 
  0x00007fa1281a6ce8: 4889 1403 | 0f84 3001 | 0000 483b | 0748 8bdf 

  0x00007fa1281a6cf8: ;   {metadata(method data for {method} {0x00007fa0f443cf10} 'getWidth' '()I' in 'com/badlogic/gdx/backends/lwjgl/LwjglGraphics')}
  0x00007fa1281a6cf8: 48b8 2034 | d7f4 a07f | 0000 8b5b | 0841 ba00 | 0000 8149 | 03da 483b | 9800 0100 | 0075 0d48 
  0x00007fa1281a6d18: 8380 0801 | 0000 01e9 | 6000 0000 | 483b 9810 | 0100 0075 | 0d48 8380 | 1801 0000 | 01e9 4a00 
  0x00007fa1281a6d38: 0000 4883 | b800 0100 | 0000 7517 | 4889 9800 | 0100 0048 | c780 0801 | 0000 0100 | 0000 e929 
  0x00007fa1281a6d58: 0000 0048 | 83b8 1001 | 0000 0075 | 1748 8998 | 1001 0000 | 48c7 8018 | 0100 0001 | 0000 00e9 
  0x00007fa1281a6d78: 0800 0000 | 4883 80f8 | 0000 0001 | 488b f766 | 0f1f 4400 | 0048 b8e0 | 148d 00a1 

  0x00007fa1281a6d94: ;   {virtual_call}
  0x00007fa1281a6d94: 7f00 00e8 

  0x00007fa1281a6d98: ; ImmutableOopMap {[120]=Oop [128]=Oop }
                      ;*invokevirtual getWidth {reexecute=0 rethrow=0 return_oop=0}
                      ; - com.badlogic.gdx.backends.lwjgl.LwjglGraphics::getWidth@12 (line 99)
                      ; - com.badlogic.gdx.backends.lwjgl.LwjglApplication::mainLoop@46 (line 152)
  0x00007fa1281a6d98: 44df 1d07 

  0x00007fa1281a6d9c: ;   {post_call_nop}
  0x00007fa1281a6d9c: 0f1f 8400 | 9403 0002 

  0x00007fa1281a6da4: ;   {metadata(method data for {method} {0x00007fa0f443cf10} 'getWidth' '()I' in 'com/badlogic/gdx/backends/lwjgl/LwjglGraphics')}
  0x00007fa1281a6da4: 48be 2034 | d7f4 a07f | 0000 4883 | 8628 0100 

  0x00007fa1281a6db4: ;   {metadata(method data for {method} {0x000000008148f980} 'max' '(II)I' in 'java/lang/Math')}
  0x00007fa1281a6db4: 0001 48be | 18f0 06f4 | a07f 0000 | 8bbe 9000 | 0000 83c7 | 0289 be90 | 0000 0081 | e7fe ff1f 
  0x00007fa1281a6dd4: 0085 ff0f | 845b 4900 | 0083 f801 

  0x00007fa1281a6de0: ;   {metadata(method data for {method} {0x000000008148f980} 'max' '(II)I' in 'java/lang/Math')}
  0x00007fa1281a6de0: 48be 18f0 | 06f4 a07f | 0000 bfd8 | 0000 007f | 05bf e800 | 0000 488b | 1c3e 488d | 5b01 4889 
  0x00007fa1281a6e00: 1c3e 0f8f | 3203 0000 

  0x00007fa1281a6e08: ;   {metadata(method data for {method} {0x000000008148f980} 'max' '(II)I' in 'java/lang/Math')}
  0x00007fa1281a6e08: 48be 18f0 | 06f4 a07f | 0000 ff86 | f800 0000 | b801 0000 | 00e9 1803 

  0x00007fa1281a6e20: ;   {metadata(method data for {method} {0x00007fa0f443cf10} 'getWidth' '()I' in 'com/badlogic/gdx/backends/lwjgl/LwjglGraphics')}
  0x00007fa1281a6e20: 0000 48be | 2034 d7f4 | a07f 0000 | 4883 8638 | 0100 0001 

  0x00007fa1281a6e34: ;   {metadata(method data for {method} {0x00007fa0f44d14d0} 'getWidth' '()I' in 'org/lwjgl/opengl/Display')}
  0x00007fa1281a6e34: 48be 2014 | d7f4 a07f | 0000 8bbe | 9000 0000 | 83c7 0289 | be90 0000 | 0081 e7fe | ff1f 0085 
  0x00007fa1281a6e54: ff0f 84fe 

  0x00007fa1281a6e58: ;   {metadata(method data for {method} {0x00007fa0f44d14d0} 'getWidth' '()I' in 'org/lwjgl/opengl/Display')}
  0x00007fa1281a6e58: 4800 0048 | be20 14d7 | f4a0 7f00 | 0048 8386 | d800 0000 

  0x00007fa1281a6e6c: ;   {static_call}
  0x00007fa1281a6e6c: 0166 90e8 

  0x00007fa1281a6e70: ; ImmutableOopMap {[120]=Oop [128]=Oop }
                      ;*invokestatic isFullscreen {reexecute=0 rethrow=0 return_oop=0}
                      ; - org.lwjgl.opengl.Display::getWidth@0 (line 1319)
                      ; - com.badlogic.gdx.backends.lwjgl.LwjglGraphics::getWidth@19 (line 101)
                      ; - com.badlogic.gdx.backends.lwjgl.LwjglApplication::mainLoop@46 (line 152)
  0x00007fa1281a6e70: 6ce1 1d07 

  0x00007fa1281a6e74: ;   {post_call_nop}
  0x00007fa1281a6e74: 0f1f 8400 | 6c04 0003 

  0x00007fa1281a6e7c: ;   {metadata(method data for {method} {0x00007fa0f44d14d0} 'getWidth' '()I' in 'org/lwjgl/opengl/Display')}
  0x00007fa1281a6e7c: 85c0 48be | 2014 d7f4 | a07f 0000 | bfe8 0000 | 0074 05bf | f800 0000 | 488b 1c3e | 488d 5b01 
  0x00007fa1281a6e9c: 4889 1c3e | 0f84 e700 

  0x00007fa1281a6ea4: ;   {metadata(method data for {method} {0x00007fa0f44d14d0} 'getWidth' '()I' in 'org/lwjgl/opengl/Display')}
  0x00007fa1281a6ea4: 0000 48be | 2014 d7f4 | a07f 0000 | 4883 8608 | 0100 0001 

  0x00007fa1281a6eb8: ;   {metadata(method data for {method} {0x00007fa0f44cdb10} 'getDisplayMode' '()Lorg/lwjgl/opengl/DisplayMode;' in 'org/lwjgl/opengl/Display')}
  0x00007fa1281a6eb8: 48be d8b7 | cef4 a07f | 0000 8bbe | 9000 0000 | 83c7 0289 | be90 0000 | 0081 e7fe | ff1f 0085 
  0x00007fa1281a6ed8: ff0f 849b 

  0x00007fa1281a6edc: ;   {oop(a 'java/lang/Class'{0x00000007ffcfb020} = 'org/lwjgl/opengl/Display')}
  0x00007fa1281a6edc: 4800 0048 | be20 b0cf | ff07 0000 | 008b b688 | 0000 0048 | c1e6 0348 | 3b06 488b 

  0x00007fa1281a6ef8: ;   {metadata(method data for {method} {0x00007fa0f44d14d0} 'getWidth' '()I' in 'org/lwjgl/opengl/Display')}
  0x00007fa1281a6ef8: fe48 bb20 | 14d7 f4a0 | 7f00 008b | 7f08 41ba | 0000 0081 | 4903 fa48 | 3bbb 2001 | 0000 750d 
  0x00007fa1281a6f18: 4883 8328 | 0100 0001 | e960 0000 | 0048 3bbb | 3001 0000 | 750d 4883 | 8338 0100 | 0001 e94a 
  0x00007fa1281a6f38: 0000 0048 | 83bb 2001 | 0000 0075 | 1748 89bb | 2001 0000 | 48c7 8328 | 0100 0001 | 0000 00e9 
  0x00007fa1281a6f58: 2900 0000 | 4883 bb30 | 0100 0000 | 7517 4889 | bb30 0100 | 0048 c783 | 3801 0000 | 0100 0000 
  0x00007fa1281a6f78: e908 0000 | 0048 8383 | 1801 0000 | 018b 760c | e907 0100 

  0x00007fa1281a6f8c: ;   {oop(a 'java/lang/Class'{0x00000007ffcfb020} = 'org/lwjgl/opengl/Display')}
  0x00007fa1281a6f8c: 0048 be20 | b0cf ff07 | 0000 008b | b684 0000 | 0048 c1e6 | 0348 85f6 

  0x00007fa1281a6fa4: ;   {metadata(method data for {method} {0x00007fa0f44d14d0} 'getWidth' '()I' in 'org/lwjgl/opengl/Display')}
  0x00007fa1281a6fa4: 48bf 2014 | d7f4 a07f | 0000 bb48 | 0100 0074 | 05bb 5801 | 0000 488b | 041f 488d | 4001 4889 
  0x00007fa1281a6fc4: 041f 0f84 | b800 0000 

  0x00007fa1281a6fcc: ; implicit exception: dispatches to 0x00007fa1281ab7a0
  0x00007fa1281a6fcc: 483b 0648 

  0x00007fa1281a6fd0: ;   {metadata(method data for {method} {0x00007fa0f44d14d0} 'getWidth' '()I' in 'org/lwjgl/opengl/Display')}
  0x00007fa1281a6fd0: 8bfe 48bb | 2014 d7f4 | a07f 0000 | 8b7f 0841 | ba00 0000 | 8149 03fa | 483b bb70 | 0100 0075 
  0x00007fa1281a6ff0: 0d48 8383 | 7801 0000 | 01e9 6000 | 0000 483b | bb80 0100 | 0075 0d48 | 8383 8801 | 0000 01e9 
  0x00007fa1281a7010: 4a00 0000 | 4883 bb70 | 0100 0000 | 7517 4889 | bb70 0100 | 0048 c783 | 7801 0000 | 0100 0000 
  0x00007fa1281a7030: e929 0000 | 0048 83bb | 8001 0000 | 0075 1748 | 89bb 8001 | 0000 48c7 | 8388 0100 | 0001 0000 
  0x00007fa1281a7050: 00e9 0800 | 0000 4883 | 8368 0100 | 0001 0f1f | 8000 0000 | 0048 b808 | 158d 00a1 

  0x00007fa1281a706c: ;   {virtual_call}
  0x00007fa1281a706c: 7f00 00e8 

  0x00007fa1281a7070: ; ImmutableOopMap {[120]=Oop [128]=Oop }
                      ;*invokevirtual getWidth {reexecute=0 rethrow=0 return_oop=0}
                      ; - org.lwjgl.opengl.Display::getWidth@22 (line 1324)
                      ; - com.badlogic.gdx.backends.lwjgl.LwjglGraphics::getWidth@19 (line 101)
                      ; - com.badlogic.gdx.backends.lwjgl.LwjglApplication::mainLoop@46 (line 152)
  0x00007fa1281a7070: 6cdc 1d07 

  0x00007fa1281a7074: ;   {post_call_nop}
  0x00007fa1281a7074: 0f1f 8400 | 6c06 0004 | 488b f0e9 | 1000 0000 

  0x00007fa1281a7084: ;   {oop(a 'java/lang/Class'{0x00000007ffcfb020} = 'org/lwjgl/opengl/Display')}
  0x00007fa1281a7084: 48be 20b0 | cfff 0700 | 0000 8bb6 | a400 0000 

  0x00007fa1281a7094: ;   {metadata(method data for {method} {0x00007fa0f443cf10} 'getWidth' '()I' in 'com/badlogic/gdx/backends/lwjgl/LwjglGraphics')}
  0x00007fa1281a7094: 48bf 2034 | d7f4 a07f | 0000 4883 | 8748 0100 | 0001 c5fa 

  0x00007fa1281a70a8: ;   {metadata(method data for {method} {0x00007fa0f44d1628} 'getPixelScaleFactor' '()F' in 'org/lwjgl/opengl/Display')}
  0x00007fa1281a70a8: 2ac6 48be | 98a9 c7f4 | a07f 0000 | 8bbe 9000 | 0000 83c7 | 0289 be90 | 0000 0081 | e7fe ff1f 
  0x00007fa1281a70c8: 0085 ff0f | 84d4 4600 

  0x00007fa1281a70d0: ;   {oop(a 'org/lwjgl/opengl/LinuxDisplay'{0x00000007ffcdebe0})}
  0x00007fa1281a70d0: 0048 bee0 | ebcd ff07 

  0x00007fa1281a70d8: ;   {metadata(method data for {method} {0x00007fa0f44d1628} 'getPixelScaleFactor' '()F' in 'org/lwjgl/opengl/Display')}
  0x00007fa1281a70d8: 0000 0048 | bf98 a9c7 | f4a0 7f00 | 0048 8387 | e800 0000 

  0x00007fa1281a70ec: ;   {metadata(method data for {method} {0x00007fa0f44e6590} 'getPixelScaleFactor' '()F' in 'org/lwjgl/opengl/LinuxDisplay')}
  0x00007fa1281a70ec: 0148 bed8 | aac7 f4a0 | 7f00 008b | be90 0000 | 0083 c702 | 89be 9000 | 0000 81e7 | feff 1f00 
  0x00007fa1281a710c: 85ff 0f84 | b246 0000 

  0x00007fa1281a7114: ;   {section_word}
  0x00007fa1281a7114: c5fa 5905 | e4f9 ffff | c5fa 2cf0 | 81fe 0000 | 0080 750f | 4883 ec08 | c5fa 1104 

  0x00007fa1281a7130: ;   {runtime_call Stub::Stub Generator f2i_fixup_stub}
  0x00007fa1281a7130: 24e8 0405 | 1907 5e48 | 8bc6 488b | 7424 788b | 7e14 48c1 | e703 483b | 0748 8bdf 

  0x00007fa1281a714c: ;   {metadata(method data for {method} {0x00007fa0f4417f38} 'mainLoop' '()V' in 'com/badlogic/gdx/backends/lwjgl/LwjglApplication')}
  0x00007fa1281a714c: 48ba 20e1 | b1f5 a07f 

  0x00007fa1281a7154: ;   {metadata('com/badlogic/gdx/backends/lwjgl/LwjglGraphics')}
  0x00007fa1281a7154: 0000 49ba | 0080 0482 | 0000 0000 | 4c89 9298 | 0100 0048 | 8382 a001 

  0x00007fa1281a716c: ;   {metadata(method data for {method} {0x00007fa0f443ce38} 'getHeight' '()I' in 'com/badlogic/gdx/backends/lwjgl/LwjglGraphics')}
  0x00007fa1281a716c: 0000 0148 | bb08 24d2 | f4a0 7f00 | 008b 9390 | 0000 0083 | c202 8993 | 9000 0000 | 81e2 feff 
  0x00007fa1281a718c: 1f00 85d2 | 0f84 5646 | 0000 8b7f | 4048 c1e7 | 0348 85ff 

  0x00007fa1281a71a0: ;   {metadata(method data for {method} {0x00007fa0f443ce38} 'getHeight' '()I' in 'com/badlogic/gdx/backends/lwjgl/LwjglGraphics')}
  0x00007fa1281a71a0: 48bb 0824 | d2f4 a07f | 0000 bad8 | 0000 0074 | 05ba e800 | 0000 488b | 0c13 488d | 4901 4889 
  0x00007fa1281a71c0: 0c13 8984 | 2488 0000 | 000f 842b | 0100 0048 | 3b07 488b 

  0x00007fa1281a71d4: ;   {metadata(method data for {method} {0x00007fa0f443ce38} 'getHeight' '()I' in 'com/badlogic/gdx/backends/lwjgl/LwjglGraphics')}
  0x00007fa1281a71d4: df48 ba08 | 24d2 f4a0 | 7f00 008b | 5b08 41ba | 0000 0081 | 4903 da48 | 3b9a 0001 | 0000 750d 
  0x00007fa1281a71f4: 4883 8208 | 0100 0001 | e960 0000 | 0048 3b9a | 1001 0000 | 750d 4883 | 8218 0100 | 0001 e94a 
  0x00007fa1281a7214: 0000 0048 | 83ba 0001 | 0000 0075 | 1748 899a | 0001 0000 | 48c7 8208 | 0100 0001 | 0000 00e9 
  0x00007fa1281a7234: 2900 0000 | 4883 ba10 | 0100 0000 | 7517 4889 | 9a10 0100 | 0048 c782 | 1801 0000 | 0100 0000 
  0x00007fa1281a7254: e908 0000 | 0048 8382 | f800 0000 | 0148 8bf7 | 9048 b830 | 158d 00a1 

  0x00007fa1281a726c: ;   {virtual_call}
  0x00007fa1281a726c: 7f00 00e8 

  0x00007fa1281a7270: ; ImmutableOopMap {[120]=Oop [128]=Oop }
                      ;*invokevirtual getHeight {reexecute=0 rethrow=0 return_oop=0}
                      ; - com.badlogic.gdx.backends.lwjgl.LwjglGraphics::getHeight@12 (line 92)
                      ; - com.badlogic.gdx.backends.lwjgl.LwjglApplication::mainLoop@54 (line 153)
  0x00007fa1281a7270: 6cda 1d07 

  0x00007fa1281a7274: ;   {post_call_nop}
  0x00007fa1281a7274: 0f1f 8400 | 6c08 0005 

  0x00007fa1281a727c: ;   {metadata(method data for {method} {0x00007fa0f443ce38} 'getHeight' '()I' in 'com/badlogic/gdx/backends/lwjgl/LwjglGraphics')}
  0x00007fa1281a727c: 48be 0824 | d2f4 a07f | 0000 4883 | 8628 0100 

  0x00007fa1281a728c: ;   {metadata(method data for {method} {0x000000008148f980} 'max' '(II)I' in 'java/lang/Math')}
  0x00007fa1281a728c: 0001 48be | 18f0 06f4 | a07f 0000 | 8bbe 9000 | 0000 83c7 | 0289 be90 | 0000 0081 | e7fe ff1f 
  0x00007fa1281a72ac: 0085 ff0f | 845d 4500 | 0083 f801 

  0x00007fa1281a72b8: ;   {metadata(method data for {method} {0x000000008148f980} 'max' '(II)I' in 'java/lang/Math')}
  0x00007fa1281a72b8: 48be 18f0 | 06f4 a07f | 0000 bfd8 | 0000 007f | 05bf e800 | 0000 488b | 1c3e 488d | 5b01 4889 
  0x00007fa1281a72d8: 1c3e 0f8f | 3203 0000 

  0x00007fa1281a72e0: ;   {metadata(method data for {method} {0x000000008148f980} 'max' '(II)I' in 'java/lang/Math')}
  0x00007fa1281a72e0: 48be 18f0 | 06f4 a07f | 0000 ff86 | f800 0000 | b801 0000 | 00e9 1803 

  0x00007fa1281a72f8: ;   {metadata(method data for {method} {0x00007fa0f443ce38} 'getHeight' '()I' in 'com/badlogic/gdx/backends/lwjgl/LwjglGraphics')}
  0x00007fa1281a72f8: 0000 48be | 0824 d2f4 | a07f 0000 | 4883 8638 | 0100 0001 

  0x00007fa1281a730c: ;   {metadata(method data for {method} {0x00007fa0f44d1588} 'getHeight' '()I' in 'org/lwjgl/opengl/Display')}
  0x00007fa1281a730c: 48be 280d | d2f4 a07f | 0000 8bbe | 9000 0000 | 83c7 0289 | be90 0000 | 0081 e7fe | ff1f 0085 
  0x00007fa1281a732c: ff0f 8400 

  0x00007fa1281a7330: ;   {metadata(method data for {method} {0x00007fa0f44d1588} 'getHeight' '()I' in 'org/lwjgl/opengl/Display')}
  0x00007fa1281a7330: 4500 0048 | be28 0dd2 | f4a0 7f00 | 0048 8386 | d800 0000 

  0x00007fa1281a7344: ;   {static_call}
  0x00007fa1281a7344: 0166 90e8 

  0x00007fa1281a7348: ; ImmutableOopMap {[120]=Oop [128]=Oop }
                      ;*invokestatic isFullscreen {reexecute=0 rethrow=0 return_oop=0}
                      ; - org.lwjgl.opengl.Display::getHeight@0 (line 1341)
                      ; - com.badlogic.gdx.backends.lwjgl.LwjglGraphics::getHeight@19 (line 94)
                      ; - com.badlogic.gdx.backends.lwjgl.LwjglApplication::mainLoop@54 (line 153)
  0x00007fa1281a7348: 94dc 1d07 

  0x00007fa1281a734c: ;   {post_call_nop}
  0x00007fa1281a734c: 0f1f 8400 | 4409 0006 

  0x00007fa1281a7354: ;   {metadata(method data for {method} {0x00007fa0f44d1588} 'getHeight' '()I' in 'org/lwjgl/opengl/Display')}
  0x00007fa1281a7354: 85c0 48be | 280d d2f4 | a07f 0000 | bfe8 0000 | 0074 05bf | f800 0000 | 488b 1c3e | 488d 5b01 
  0x00007fa1281a7374: 4889 1c3e | 0f84 e700 

  0x00007fa1281a737c: ;   {metadata(method data for {method} {0x00007fa0f44d1588} 'getHeight' '()I' in 'org/lwjgl/opengl/Display')}
  0x00007fa1281a737c: 0000 48be | 280d d2f4 | a07f 0000 | 4883 8608 | 0100 0001 

  0x00007fa1281a7390: ;   {metadata(method data for {method} {0x00007fa0f44cdb10} 'getDisplayMode' '()Lorg/lwjgl/opengl/DisplayMode;' in 'org/lwjgl/opengl/Display')}
  0x00007fa1281a7390: 48be d8b7 | cef4 a07f | 0000 8bbe | 9000 0000 | 83c7 0289 | be90 0000 | 0081 e7fe | ff1f 0085 
  0x00007fa1281a73b0: ff0f 849d 

  0x00007fa1281a73b4: ;   {oop(a 'java/lang/Class'{0x00000007ffcfb020} = 'org/lwjgl/opengl/Display')}
  0x00007fa1281a73b4: 4400 0048 | be20 b0cf | ff07 0000 | 008b b688 | 0000 0048 | c1e6 0348 | 3b06 488b 

  0x00007fa1281a73d0: ;   {metadata(method data for {method} {0x00007fa0f44d1588} 'getHeight' '()I' in 'org/lwjgl/opengl/Display')}
  0x00007fa1281a73d0: fe48 bb28 | 0dd2 f4a0 | 7f00 008b | 7f08 41ba | 0000 0081 | 4903 fa48 | 3bbb 2001 | 0000 750d 
  0x00007fa1281a73f0: 4883 8328 | 0100 0001 | e960 0000 | 0048 3bbb | 3001 0000 | 750d 4883 | 8338 0100 | 0001 e94a 
  0x00007fa1281a7410: 0000 0048 | 83bb 2001 | 0000 0075 | 1748 89bb | 2001 0000 | 48c7 8328 | 0100 0001 | 0000 00e9 
  0x00007fa1281a7430: 2900 0000 | 4883 bb30 | 0100 0000 | 7517 4889 | bb30 0100 | 0048 c783 | 3801 0000 | 0100 0000 
  0x00007fa1281a7450: e908 0000 | 0048 8383 | 1801 0000 | 018b 7610 | e907 0100 

  0x00007fa1281a7464: ;   {oop(a 'java/lang/Class'{0x00000007ffcfb020} = 'org/lwjgl/opengl/Display')}
  0x00007fa1281a7464: 0048 be20 | b0cf ff07 | 0000 008b | b684 0000 | 0048 c1e6 | 0348 85f6 

  0x00007fa1281a747c: ;   {metadata(method data for {method} {0x00007fa0f44d1588} 'getHeight' '()I' in 'org/lwjgl/opengl/Display')}
  0x00007fa1281a747c: 48bf 280d | d2f4 a07f | 0000 bb48 | 0100 0074 | 05bb 5801 | 0000 488b | 041f 488d | 4001 4889 
  0x00007fa1281a749c: 041f 0f84 | b800 0000 

  0x00007fa1281a74a4: ; implicit exception: dispatches to 0x00007fa1281ab87a
  0x00007fa1281a74a4: 483b 0648 

  0x00007fa1281a74a8: ;   {metadata(method data for {method} {0x00007fa0f44d1588} 'getHeight' '()I' in 'org/lwjgl/opengl/Display')}
  0x00007fa1281a74a8: 8bfe 48bb | 280d d2f4 | a07f 0000 | 8b7f 0841 | ba00 0000 | 8149 03fa | 483b bb70 | 0100 0075 
  0x00007fa1281a74c8: 0d48 8383 | 7801 0000 | 01e9 6000 | 0000 483b | bb80 0100 | 0075 0d48 | 8383 8801 | 0000 01e9 
  0x00007fa1281a74e8: 4a00 0000 | 4883 bb70 | 0100 0000 | 7517 4889 | bb70 0100 | 0048 c783 | 7801 0000 | 0100 0000 
  0x00007fa1281a7508: e929 0000 | 0048 83bb | 8001 0000 | 0075 1748 | 89bb 8001 | 0000 48c7 | 8388 0100 | 0001 0000 
  0x00007fa1281a7528: 00e9 0800 | 0000 4883 | 8368 0100 | 0001 0f1f | 8000 0000 | 0048 b858 | 158d 00a1 

  0x00007fa1281a7544: ;   {virtual_call}
  0x00007fa1281a7544: 7f00 00e8 

  0x00007fa1281a7548: ; ImmutableOopMap {[120]=Oop [128]=Oop }
                      ;*invokevirtual getHeight {reexecute=0 rethrow=0 return_oop=0}
                      ; - org.lwjgl.opengl.Display::getHeight@22 (line 1346)
                      ; - com.badlogic.gdx.backends.lwjgl.LwjglGraphics::getHeight@19 (line 94)
                      ; - com.badlogic.gdx.backends.lwjgl.LwjglApplication::mainLoop@54 (line 153)
  0x00007fa1281a7548: 94d7 1d07 

  0x00007fa1281a754c: ;   {post_call_nop}
  0x00007fa1281a754c: 0f1f 8400 | 440b 0007 | 488b f0e9 | 1000 0000 

  0x00007fa1281a755c: ;   {oop(a 'java/lang/Class'{0x00000007ffcfb020} = 'org/lwjgl/opengl/Display')}
  0x00007fa1281a755c: 48be 20b0 | cfff 0700 | 0000 8bb6 | a800 0000 

  0x00007fa1281a756c: ;   {metadata(method data for {method} {0x00007fa0f443ce38} 'getHeight' '()I' in 'com/badlogic/gdx/backends/lwjgl/LwjglGraphics')}
  0x00007fa1281a756c: 48bf 0824 | d2f4 a07f | 0000 4883 | 8748 0100 | 0001 c5fa 

  0x00007fa1281a7580: ;   {metadata(method data for {method} {0x00007fa0f44d1628} 'getPixelScaleFactor' '()F' in 'org/lwjgl/opengl/Display')}
  0x00007fa1281a7580: 2ac6 48be | 98a9 c7f4 | a07f 0000 | 8bbe 9000 | 0000 83c7 | 0289 be90 | 0000 0081 | e7fe ff1f 
  0x00007fa1281a75a0: 0085 ff0f | 84d6 4200 

  0x00007fa1281a75a8: ;   {oop(a 'org/lwjgl/opengl/LinuxDisplay'{0x00000007ffcdebe0})}
  0x00007fa1281a75a8: 0048 bee0 | ebcd ff07 

  0x00007fa1281a75b0: ;   {metadata(method data for {method} {0x00007fa0f44d1628} 'getPixelScaleFactor' '()F' in 'org/lwjgl/opengl/Display')}
  0x00007fa1281a75b0: 0000 0048 | bf98 a9c7 | f4a0 7f00 | 0048 8387 | e800 0000 

  0x00007fa1281a75c4: ;   {metadata(method data for {method} {0x00007fa0f44e6590} 'getPixelScaleFactor' '()F' in 'org/lwjgl/opengl/LinuxDisplay')}
  0x00007fa1281a75c4: 0148 bed8 | aac7 f4a0 | 7f00 008b | be90 0000 | 0083 c702 | 89be 9000 | 0000 81e7 | feff 1f00 
  0x00007fa1281a75e4: 85ff 0f84 | b442 0000 

  0x00007fa1281a75ec: ;   {section_word}
  0x00007fa1281a75ec: c5fa 5905 | 10f5 ffff | c5fa 2cf0 | 81fe 0000 | 0080 750f | 4883 ec08 | c5fa 1104 

  0x00007fa1281a7608: ;   {runtime_call Stub::Stub Generator f2i_fixup_stub}
  0x00007fa1281a7608: 24e8 2c00 | 1907 5e48 | 8bc6 8984 | 248c 0000 | 0048 8b74 | 2478 8b56 | 1448 c1e2 

  0x00007fa1281a7624: ;   {metadata(method data for {method} {0x00007fa0f4417f38} 'mainLoop' '()V' in 'com/badlogic/gdx/backends/lwjgl/LwjglApplication')}
  0x00007fa1281a7624: 0348 b920 | e1b1 f5a0 | 7f00 0048 | 8381 c001 | 0000 0148 | 8994 2490 

  0x00007fa1281a763c: ;   {runtime_call}
  0x00007fa1281a763c: 0000 00e8 | ec79 e51f 

  0x00007fa1281a7644: ;   {post_call_nop}
  0x00007fa1281a7644: 0f1f 8400 | 0000 0000 | 488b 9424 | 9000 0000 

  0x00007fa1281a7654: ; implicit exception: dispatches to 0x00007fa1281ab8c1
  0x00007fa1281a7654: 4889 4220 | 8b84 248c | 0000 008b | b424 8800 | 0000 488b | bc24 8000 | 0000 488b | 5c24 78ba 
  0x00007fa1281a7674: 0100 0000 | 8994 24a4 | 0000 0089 | 8424 cc00 | 0000 89b4 | 24c8 0000 | 0048 89bc | 24c0 0000 
  0x00007fa1281a7694: 0066 6690 

  0x00007fa1281a7698: ; implicit exception: dispatches to 0x00007fa1281ab8c6
  0x00007fa1281a7698: 0fbe 4b10 

  0x00007fa1281a769c: ;   {metadata(method data for {method} {0x00007fa0f4417f38} 'mainLoop' '()V' in 'com/badlogic/gdx/backends/lwjgl/LwjglApplication')}
  0x00007fa1281a769c: 85c9 48b9 | 20e1 b1f5 | a07f 0000 | 41b8 d001 | 0000 7406 | 41b8 e001 | 0000 4e8b | 0c01 4d8d 
  0x00007fa1281a76bc: 4901 4e89 | 0c01 0f84 | 5931 0000 | 4889 9c24 | b800 0000 

  0x00007fa1281a76d0: ;   {metadata(method data for {method} {0x00007fa0f4417f38} 'mainLoop' '()V' in 'com/badlogic/gdx/backends/lwjgl/LwjglApplication')}
  0x00007fa1281a76d0: 48b9 20e1 | b1f5 a07f | 0000 4883 | 81f0 0100 | 0001 0f1f 

  0x00007fa1281a76e4: ;   {static_call}
  0x00007fa1281a76e4: 4400 00e8 

  0x00007fa1281a76e8: ; ImmutableOopMap {[184]=Oop [192]=Oop }
                      ;*invokestatic processMessages {reexecute=0 rethrow=0 return_oop=0}
                      ; - com.badlogic.gdx.backends.lwjgl.LwjglApplication::mainLoop@78 (line 158)
  0x00007fa1281a76e8: 94b2 dc07 

  0x00007fa1281a76ec: ;   {post_call_nop}
  0x00007fa1281a76ec: 0f1f 8400 | e40c 0008 

  0x00007fa1281a76f4: ;   {metadata(method data for {method} {0x00007fa0f4417f38} 'mainLoop' '()V' in 'com/badlogic/gdx/backends/lwjgl/LwjglApplication')}
  0x00007fa1281a76f4: 48be 20e1 | b1f5 a07f | 0000 4883 | 8600 0200 

  0x00007fa1281a7704: ;   {static_call}
  0x00007fa1281a7704: 0001 90e8 

  0x00007fa1281a7708: ; ImmutableOopMap {[184]=Oop [192]=Oop }
                      ;*invokestatic isCloseRequested {reexecute=0 rethrow=0 return_oop=0}
                      ; - com.badlogic.gdx.backends.lwjgl.LwjglApplication::mainLoop@81 (line 159)
  0x00007fa1281a7708: 74d4 dc07 

  0x00007fa1281a770c: ;   {post_call_nop}
  0x00007fa1281a770c: 0f1f 8400 | 040d 0009 

  0x00007fa1281a7714: ;   {metadata(method data for {method} {0x00007fa0f4417f38} 'mainLoop' '()V' in 'com/badlogic/gdx/backends/lwjgl/LwjglApplication')}
  0x00007fa1281a7714: 85c0 48ba | 20e1 b1f5 | a07f 0000 | b810 0200 | 0074 05b8 | 2002 0000 | 488b 3402 | 488d 7601 
  0x00007fa1281a7734: 4889 3402 | 0f84 de00 | 0000 488b | 9c24 b800 

  0x00007fa1281a7744: ;   {metadata(method data for {method} {0x00007fa0f4417f38} 'mainLoop' '()V' in 'com/badlogic/gdx/backends/lwjgl/LwjglApplication')}
  0x00007fa1281a7744: 0000 48ba | 20e1 b1f5 | a07f 0000 

  0x00007fa1281a7750: ;   {metadata('com/badlogic/gdx/backends/lwjgl/LwjglApplication')}
  0x00007fa1281a7750: 49ba 0040 | 0482 0000 | 0000 4c89 | 9238 0200 | 0048 8382 | 4002 0000 

  0x00007fa1281a7768: ;   {metadata(method data for {method} {0x00007fa0f4419488} 'exit' '()V' in 'com/badlogic/gdx/backends/lwjgl/LwjglApplication')}
  0x00007fa1281a7768: 0148 ba18 | fcb1 f5a0 | 7f00 008b | 8290 0000 | 0083 c002 | 8982 9000 | 0000 25fe | ff1f 0085 
  0x00007fa1281a7788: c00f 843c | 4100 0090 

  0x00007fa1281a7790: ;   {other}
  0x00007fa1281a7790: e966 4100 | 0000 0000 | 0000 e966 | 4100 0048 

  0x00007fa1281a77a0: ;   {metadata(method data for {method} {0x00007fa0f4419488} 'exit' '()V' in 'com/badlogic/gdx/backends/lwjgl/LwjglApplication')}
  0x00007fa1281a77a0: 8bd0 48be | 18fc b1f5 | a07f 0000 | 4883 86d8 | 0000 0001 | 488b 9424 | b800 0000 | 488b f048 
  0x00007fa1281a77c0: 8984 24d0 

  0x00007fa1281a77c4: ;   {optimized virtual_call}
  0x00007fa1281a77c4: 0000 00e8 

  0x00007fa1281a77c8: ; ImmutableOopMap {[184]=Oop [192]=Oop [208]=Oop }
                      ;*invokespecial <init> {reexecute=0 rethrow=0 return_oop=0}
                      ; - com.badlogic.gdx.backends.lwjgl.LwjglApplication::exit@6 (line 401)
                      ; - com.badlogic.gdx.backends.lwjgl.LwjglApplication::mainLoop@88 (line 159)
  0x00007fa1281a77c8: 14d2 1d07 

  0x00007fa1281a77cc: ;   {post_call_nop}
  0x00007fa1281a77cc: 0f1f 8400 | c40d 000a | 488b 9c24 | b800 0000 

  0x00007fa1281a77dc: ;   {metadata(method data for {method} {0x00007fa0f4419488} 'exit' '()V' in 'com/badlogic/gdx/backends/lwjgl/LwjglApplication')}
  0x00007fa1281a77dc: 48ba 18fc | b1f5 a07f 

  0x00007fa1281a77e4: ;   {metadata('com/badlogic/gdx/backends/lwjgl/LwjglApplication')}
  0x00007fa1281a77e4: 0000 49ba | 0040 0482 | 0000 0000 | 4c89 92f0 | 0000 0048 | 8382 f800 | 0000 0148 | 8b94 24d0 
  0x00007fa1281a7804: 0000 0048 | 8bb4 24b8 

  0x00007fa1281a780c: ;   {optimized virtual_call}
  0x00007fa1281a780c: 0000 00e8 

  0x00007fa1281a7810: ; ImmutableOopMap {[184]=Oop [192]=Oop }
                      ;*invokevirtual postRunnable {reexecute=0 rethrow=0 return_oop=0}
                      ; - com.badlogic.gdx.backends.lwjgl.LwjglApplication::exit@9 (line 401)
                      ; - com.badlogic.gdx.backends.lwjgl.LwjglApplication::mainLoop@88 (line 159)
  0x00007fa1281a7810: ccd1 1d07 

  0x00007fa1281a7814: ;   {post_call_nop}
  0x00007fa1281a7814: 0f1f 8400 | 0c0e 000b 

  0x00007fa1281a781c: ;   {metadata(method data for {method} {0x00007fa0f4417f38} 'mainLoop' '()V' in 'com/badlogic/gdx/backends/lwjgl/LwjglApplication')}
  0x00007fa1281a781c: 48be 20e1 | b1f5 a07f | 0000 4883 | 8660 0200 

  0x00007fa1281a782c: ;   {static_call}
  0x00007fa1281a782c: 0001 90e8 

  0x00007fa1281a7830: ; ImmutableOopMap {[184]=Oop [192]=Oop }
                      ;*invokestatic isActive {reexecute=0 rethrow=0 return_oop=0}
                      ; - com.badlogic.gdx.backends.lwjgl.LwjglApplication::mainLoop@91 (line 161)
  0x00007fa1281a7830: 4ce4 dc07 

  0x00007fa1281a7834: ;   {post_call_nop}
  0x00007fa1281a7834: 0f1f 8400 | 2c0e 000c | 8984 24d8 | 0000 008b | 9424 a400 | 0000 85d2 

  0x00007fa1281a784c: ;   {metadata(method data for {method} {0x00007fa0f4417f38} 'mainLoop' '()V' in 'com/badlogic/gdx/backends/lwjgl/LwjglApplication')}
  0x00007fa1281a784c: 48be 20e1 | b1f5 a07f | 0000 bf70 | 0200 0074 | 05bf 8002 | 0000 488b | 1c3e 488d | 5b01 4889 
  0x00007fa1281a786c: 1c3e 0f84 | e504 0000 

  0x00007fa1281a7874: ;   {metadata(method data for {method} {0x00007fa0f4417f38} 'mainLoop' '()V' in 'com/badlogic/gdx/backends/lwjgl/LwjglApplication')}
  0x00007fa1281a7874: 85c0 48be | 20e1 b1f5 | a07f 0000 | bf90 0200 | 0075 05bf | a002 0000 | 488b 1c3e | 488d 5b01 
  0x00007fa1281a7894: 4889 1c3e | 0f85 bb04 | 0000 488b | bc24 c000 | 0000 488d | b424 6801 | 0000 4889 | 7e08 488b 
  0x00007fa1281a78b4: 0741 8b97 | c007 0000 | 81fa 1008 | 0000 0f8d | 4f40 0000 | 493b 7c17 | f80f 8425 | 0000 00a8 
  0x00007fa1281a78d4: 020f 853c | 4000 0048 | 8bd0 4883 | e2fe 4883 | c801 f048 | 0fb1 170f | 8526 4000 | 0041 8b97 
  0x00007fa1281a78f4: c007 0000 | 4989 3c17 | 83c2 0841 | 8997 c007 | 0000 488b 

  0x00007fa1281a7908: ;   {metadata(method data for {method} {0x00007fa0f4417f38} 'mainLoop' '()V' in 'com/badlogic/gdx/backends/lwjgl/LwjglApplication')}
  0x00007fa1281a7908: f748 bb20 | e1b1 f5a0 

  0x00007fa1281a7910: ;   {metadata('com/badlogic/gdx/utils/SnapshotArray')}
  0x00007fa1281a7910: 7f00 0049 | ba68 9504 | 8200 0000 | 004c 8993 | b802 0000 | 4883 83c0 | 0200 0001 

  0x00007fa1281a792c: ;   {metadata(method data for {method} {0x00007fa0f4452018} 'begin' '()[Ljava/lang/Object;' in 'com/badlogic/gdx/utils/SnapshotArray')}
  0x00007fa1281a792c: 48be 70fd | b1f5 a07f | 0000 8b9e | 9000 0000 | 83c3 0289 | 9e90 0000 | 0081 e3fe | ff1f 0085 
  0x00007fa1281a794c: db0f 84d7 | 3f00 0048 

  0x00007fa1281a7954: ;   {metadata(method data for {method} {0x00007fa0f4452018} 'begin' '()[Ljava/lang/Object;' in 'com/badlogic/gdx/utils/SnapshotArray')}
  0x00007fa1281a7954: 8bf7 48bb | 70fd b1f5 | a07f 0000 | 4883 83d8 | 0000 0001 | 488b f748 | 89bc 24c0 | 0000 000f 
  0x00007fa1281a7974: ;   {optimized virtual_call}
  0x00007fa1281a7974: 1f40 00e8 

  0x00007fa1281a7978: ; ImmutableOopMap {[184]=Oop [192]=Oop [368]=Oop }
                      ;*invokespecial modified {reexecute=0 rethrow=0 return_oop=0}
                      ; - com.badlogic.gdx.utils.SnapshotArray::begin@1 (line 78)
                      ; - com.badlogic.gdx.backends.lwjgl.LwjglApplication::mainLoop@115 (line 165)
  0x00007fa1281a7978: 64d0 1d07 

  0x00007fa1281a797c: ;   {post_call_nop}
  0x00007fa1281a797c: 0f1f 8400 | 740f 000d | 488b bc24 | c000 0000 | 8b77 1448 | c1e6 0341 | 0fbe 5f48 | 85db 0f85 
  0x00007fa1281a799c: ab3f 0000 | 4c8b d649 | c1ea 0344 | 8957 2048 | 8bc7 4833 | c648 c1e8 | 1574 1848 | 85f6 7413 
  0x00007fa1281a79bc: 488b c748 | c1e8 0949 | 0347 5080 | 38ff 7503 | c600 008b | 5f28 ffc3 | 895f 2848 

  0x00007fa1281a79d8: ;   {metadata(method data for {method} {0x00007fa0f4417f38} 'mainLoop' '()V' in 'com/badlogic/gdx/backends/lwjgl/LwjglApplication')}
  0x00007fa1281a79d8: 85f6 48b8 | 20e1 b1f5 | a07f 0000 | 750c 8088 | d902 0000 | 01e9 c100 | 0000 8b56 | 0841 ba00 
  0x00007fa1281a79f8: 0000 8149 | 03d2 483b | 90e8 0200 | 0075 0d48 | 8380 f002 | 0000 01e9 | 6000 0000 | 483b 90f8 
  0x00007fa1281a7a18: 0200 0075 | 0d48 8380 | 0003 0000 | 01e9 4a00 | 0000 4883 | b8e8 0200 | 0000 7517 | 4889 90e8 
  0x00007fa1281a7a38: 0200 0048 | c780 f002 | 0000 0100 | 0000 e929 | 0000 0048 | 83b8 f802 | 0000 0075 | 1748 8990 
  0x00007fa1281a7a58: f802 0000 | 48c7 8000 | 0300 0001 | 0000 00e9 | 0800 0000 | 4883 80e0 | 0200 0001 

  0x00007fa1281a7a74: ;   {metadata('com/badlogic/gdx/LifecycleListener'[])}
  0x00007fa1281a7a74: 48ba 089d | 0482 0000 | 0000 8b46 | 0841 ba00 | 0000 8149 | 03c2 483b | 5020 0f84 | 1f00 0000 
  0x00007fa1281a7a94: 483b c20f | 8416 0000 

  0x00007fa1281a7a9c: ;   {runtime_call C1 Runtime slow_subtype_check_blob}
  0x00007fa1281a7a9c: 0050 52e8 | bceb 2a07 | 5858 85c0 | 0f84 bb3e | 0000 e900 | 0000 0048 | 8bde 4889 | 9c24 e800 
  0x00007fa1281a7abc: 0000 8b47 | 0c89 8424 | e000 0000 | ba00 0000 | 0048 89bc | 24c0 0000 | 00e9 2001 | 0000 660f 
  0x00007fa1281a7adc: 1f44 0000 

  0x00007fa1281a7ae0: ; implicit exception: dispatches to 0x00007fa1281ab972
  0x00007fa1281a7ae0: 3b53 0c0f | 8393 3e00 | 0048 63f2 | 8b74 b310 | 48c1 e603 

  0x00007fa1281a7af4: ; implicit exception: dispatches to 0x00007fa1281ab98a
  0x00007fa1281a7af4: 483b 0648 

  0x00007fa1281a7af8: ;   {metadata(method data for {method} {0x00007fa0f4417f38} 'mainLoop' '()V' in 'com/badlogic/gdx/backends/lwjgl/LwjglApplication')}
  0x00007fa1281a7af8: 8bce 49b8 | 20e1 b1f5 | a07f 0000 | 8b49 0841 | ba00 0000 | 8149 03ca | 493b 8838 | 0300 0075 
  0x00007fa1281a7b18: 0d49 8380 | 4003 0000 | 01e9 6000 | 0000 493b | 8848 0300 | 0075 0d49 | 8380 5003 | 0000 01e9 
  0x00007fa1281a7b38: 4a00 0000 | 4983 b838 | 0300 0000 | 7517 4989 | 8838 0300 | 0049 c780 | 4003 0000 | 0100 0000 
  0x00007fa1281a7b58: e929 0000 | 0049 83b8 | 4803 0000 | 0075 1749 | 8988 4803 | 0000 49c7 | 8050 0300 | 0001 0000 
  0x00007fa1281a7b78: 00e9 0800 | 0000 4983 | 8030 0300 | 0001 8994 | 24dc 0000 | 0048 b880 | 158d 00a1 

  0x00007fa1281a7b94: ;   {virtual_call}
  0x00007fa1281a7b94: 7f00 00e8 

  0x00007fa1281a7b98: ; ImmutableOopMap {[184]=Oop [192]=Oop [232]=Oop [368]=Oop }
                      ;*invokeinterface pause {reexecute=0 rethrow=0 return_oop=0}
                      ; - com.badlogic.gdx.backends.lwjgl.LwjglApplication::mainLoop@144 (line 167)
  0x00007fa1281a7b98: 44d1 1d07 

  0x00007fa1281a7b9c: ;   {post_call_nop}
  0x00007fa1281a7b9c: 0f1f 8400 | 9411 000e | 8b94 24dc | 0000 00ff 

  0x00007fa1281a7bac: ;   {metadata(method data for {method} {0x00007fa0f4417f38} 'mainLoop' '()V' in 'com/badlogic/gdx/backends/lwjgl/LwjglApplication')}
  0x00007fa1281a7bac: c248 be20 | e1b1 f5a0 | 7f00 008b | be94 0000 | 0083 c702 | 89be 9400 | 0000 81e7 | fe3f 0000 
  0x00007fa1281a7bcc: 85ff 0f84 | bb3d 0000 

  0x00007fa1281a7bd4: ; ImmutableOopMap {[184]=Oop [192]=Oop [232]=Oop [368]=Oop }
                      ;*goto {reexecute=1 rethrow=0 return_oop=0}
                      ; - (reexecute) com.badlogic.gdx.backends.lwjgl.LwjglApplication::mainLoop@152 (line 166)
  0x00007fa1281a7bd4: 4d8b 5730 

  0x00007fa1281a7bd8: ;   {poll}
  0x00007fa1281a7bd8: 4185 0248 | be20 e1b1 | f5a0 7f00 | 00ff 8660 | 0300 008b | 8424 e000 | 0000 488b | 9c24 e800 
  0x00007fa1281a7bf8: 0000 3bd0 

  0x00007fa1281a7bfc: ;   {metadata(method data for {method} {0x00007fa0f4417f38} 'mainLoop' '()V' in 'com/badlogic/gdx/backends/lwjgl/LwjglApplication')}
  0x00007fa1281a7bfc: 48be 20e1 | b1f5 a07f | 0000 b920 | 0300 007c | 05b9 1003 | 0000 4c8b | 040e 4d8d | 4001 4c89 
  0x00007fa1281a7c1c: 040e 0f8c | bcfe ffff | 488b bc24 | c000 0000 

  0x00007fa1281a7c2c: ;   {metadata(method data for {method} {0x00007fa0f4417f38} 'mainLoop' '()V' in 'com/badlogic/gdx/backends/lwjgl/LwjglApplication')}
  0x00007fa1281a7c2c: 48be 20e1 | b1f5 a07f 

  0x00007fa1281a7c34: ;   {metadata('com/badlogic/gdx/utils/SnapshotArray')}
  0x00007fa1281a7c34: 0000 49ba | 6895 0482 | 0000 0000 | 4c89 9680 | 0300 0048 | 8386 8803 | 0000 0148 | 8bb4 24c0 
  0x00007fa1281a7c54: ;   {optimized virtual_call}
  0x00007fa1281a7c54: 0000 00e8 

  0x00007fa1281a7c58: ; ImmutableOopMap {[184]=Oop [192]=Oop [368]=Oop }
                      ;*invokevirtual end {reexecute=0 rethrow=0 return_oop=0}
                      ; - com.badlogic.gdx.backends.lwjgl.LwjglApplication::mainLoop@156 (line 168)
  0x00007fa1281a7c58: 84cd 1d07 

  0x00007fa1281a7c5c: ;   {post_call_nop}
  0x00007fa1281a7c5c: 0f1f 8400 | 5412 0010 | 488d 8424 | 6801 0000 | 488b 7808 | 418b b7c0 | 0700 0049 | 3b7c 37f8 
  0x00007fa1281a7c7c: 0f85 2e3d | 0000 4183 | afc0 0700 | 0008 493b | 7c37 f00f | 842a 0000 | 0048 8b07 | a802 0f85 
  0x00007fa1281a7c9c: 1200 0000 | 488b f048 | 83ce 01f0 | 480f b137 | 0f84 0d00 | 0000 4183 | 87c0 0700 | 0008 e9f1 
  0x00007fa1281a7cbc: ;   {metadata(method data for {method} {0x00007fa0f4417f38} 'mainLoop' '()V' in 'com/badlogic/gdx/backends/lwjgl/LwjglApplication')}
  0x00007fa1281a7cbc: 3c00 0048 | be20 e1b1 | f5a0 7f00 | 00ff 86a8 | 0300 0048 | 8b9c 24b8 | 0000 008b | 7328 48c1 
  0x00007fa1281a7cdc: e603 4885 | f60f 8425 

  0x00007fa1281a7ce4: ;   {metadata('age/of/civilizations2/jakowski/lukasz/AoCGame')}
  0x00007fa1281a7ce4: 0000 0048 | b960 6504 | 8200 0000 | 008b 5608 | 41ba 0000 | 0081 4903 | d248 3b4a | 400f 85bf 
  0x00007fa1281a7d04: 3c00 00e9 | 0000 0000 | 488b fe48 | 3b06 488b 

  0x00007fa1281a7d14: ;   {metadata(method data for {method} {0x00007fa0f4417f38} 'mainLoop' '()V' in 'com/badlogic/gdx/backends/lwjgl/LwjglApplication')}
  0x00007fa1281a7d14: fe48 b820 | e1b1 f5a0 

  0x00007fa1281a7d1c: ;   {metadata('age/of/civilizations2/jakowski/lukasz/AoCGame')}
  0x00007fa1281a7d1c: 7f00 0049 | ba60 6504 | 8200 0000 | 004c 8990 | c803 0000 | 4883 80d0 | 0300 0001 | 4889 9c24 
  0x00007fa1281a7d3c: b800 0000 | 0f1f 8000 

  0x00007fa1281a7d44: ;   {optimized virtual_call}
  0x00007fa1281a7d44: 0000 00e8 

  0x00007fa1281a7d48: ; ImmutableOopMap {[184]=Oop [192]=Oop }
                      ;*invokeinterface pause {reexecute=0 rethrow=0 return_oop=0}
                      ; - com.badlogic.gdx.backends.lwjgl.LwjglApplication::mainLoop@177 (line 170)
  0x00007fa1281a7d48: 94cc 1d07 

  0x00007fa1281a7d4c: ;   {post_call_nop}
  0x00007fa1281a7d4c: 0f1f 8400 | 4413 0011 | ba00 0000 

  0x00007fa1281a7d58: ;   {metadata(method data for {method} {0x00007fa0f4417f38} 'mainLoop' '()V' in 'com/badlogic/gdx/backends/lwjgl/LwjglApplication')}
  0x00007fa1281a7d58: 0085 d248 | b820 e1b1 | f5a0 7f00 | 00be f003 | 0000 7505 | be00 0400 | 0048 8b3c | 3048 8d7f 
  0x00007fa1281a7d78: 0148 893c | 300f 8561 | 0800 008b | 8424 d800 | 0000 85c0 

  0x00007fa1281a7d8c: ;   {metadata(method data for {method} {0x00007fa0f4417f38} 'mainLoop' '()V' in 'com/badlogic/gdx/backends/lwjgl/LwjglApplication')}
  0x00007fa1281a7d8c: 48be 20e1 | b1f5 a07f | 0000 bf10 | 0400 0074 | 05bf 2004 | 0000 488b | 1c3e 488d | 5b01 4889 
  0x00007fa1281a7dac: 1c3e 0f84 | 3008 0000 | 488b bc24 | c000 0000 | 488d b424 | 6801 0000 | 4889 7e08 

  0x00007fa1281a7dc8: ; implicit exception: dispatches to 0x00007fa1281ab9d0
  0x00007fa1281a7dc8: 488b 0741 | 8b97 c007 | 0000 81fa | 1008 0000 | 0f8d f73b | 0000 493b | 7c17 f80f | 8425 0000 
  0x00007fa1281a7de8: 00a8 020f | 85e4 3b00 | 0048 8bd0 | 4883 e2fe | 4883 c801 | f048 0fb1 | 170f 85ce | 3b00 0041 
  0x00007fa1281a7e08: 8b97 c007 | 0000 4989 | 3c17 83c2 | 0841 8997 | c007 0000 

  0x00007fa1281a7e1c: ;   {metadata(method data for {method} {0x00007fa0f4417f38} 'mainLoop' '()V' in 'com/badlogic/gdx/backends/lwjgl/LwjglApplication')}
  0x00007fa1281a7e1c: 488b f748 | bb20 e1b1 | f5a0 7f00 

  0x00007fa1281a7e28: ;   {metadata('com/badlogic/gdx/utils/SnapshotArray')}
  0x00007fa1281a7e28: 0049 ba68 | 9504 8200 | 0000 004c | 8993 3804 | 0000 4883 | 8340 0400 

  0x00007fa1281a7e40: ;   {metadata(method data for {method} {0x00007fa0f4452018} 'begin' '()[Ljava/lang/Object;' in 'com/badlogic/gdx/utils/SnapshotArray')}
  0x00007fa1281a7e40: 0001 48be | 70fd b1f5 | a07f 0000 | 8b9e 9000 | 0000 83c3 | 0289 9e90 | 0000 0081 | e3fe ff1f 
  0x00007fa1281a7e60: 0085 db0f | 847f 3b00 | 0048 8bf7 

  0x00007fa1281a7e6c: ;   {metadata(method data for {method} {0x00007fa0f4452018} 'begin' '()[Ljava/lang/Object;' in 'com/badlogic/gdx/utils/SnapshotArray')}
  0x00007fa1281a7e6c: 48bb 70fd | b1f5 a07f | 0000 4883 | 83d8 0000 | 0001 488b | f748 89bc | 24c0 0000 | 0066 0f1f 
  0x00007fa1281a7e8c: ;   {optimized virtual_call}
  0x00007fa1281a7e8c: 4400 00e8 

  0x00007fa1281a7e90: ; ImmutableOopMap {[184]=Oop [192]=Oop [368]=Oop }
                      ;*invokespecial modified {reexecute=0 rethrow=0 return_oop=0}
                      ; - com.badlogic.gdx.utils.SnapshotArray::begin@1 (line 78)
                      ; - com.badlogic.gdx.backends.lwjgl.LwjglApplication::mainLoop@201 (line 175)
  0x00007fa1281a7e90: 4ccb 1d07 

  0x00007fa1281a7e94: ;   {post_call_nop}
  0x00007fa1281a7e94: 0f1f 8400 | 8c14 0012 | 488b bc24 | c000 0000 | 8b77 1448 | c1e6 0341 | 0fbe 5f48 | 85db 0f85 
  0x00007fa1281a7eb4: 513b 0000 | 4c8b d649 | c1ea 0344 | 8957 2048 | 8bc7 4833 | c648 c1e8 | 1574 1848 | 85f6 7413 
  0x00007fa1281a7ed4: 488b c748 | c1e8 0949 | 0347 5080 | 38ff 7503 | c600 008b | 5f28 ffc3 | 895f 2848 

  0x00007fa1281a7ef0: ;   {metadata(method data for {method} {0x00007fa0f4417f38} 'mainLoop' '()V' in 'com/badlogic/gdx/backends/lwjgl/LwjglApplication')}
  0x00007fa1281a7ef0: 85f6 48b8 | 20e1 b1f5 | a07f 0000 | 750c 8088 | 5904 0000 | 01e9 c100 | 0000 8b56 | 0841 ba00 
  0x00007fa1281a7f10: 0000 8149 | 03d2 483b | 9068 0400 | 0075 0d48 | 8380 7004 | 0000 01e9 | 6000 0000 | 483b 9078 
  0x00007fa1281a7f30: 0400 0075 | 0d48 8380 | 8004 0000 | 01e9 4a00 | 0000 4883 | b868 0400 | 0000 7517 | 4889 9068 
  0x00007fa1281a7f50: 0400 0048 | c780 7004 | 0000 0100 | 0000 e929 | 0000 0048 | 83b8 7804 | 0000 0075 | 1748 8990 
  0x00007fa1281a7f70: 7804 0000 | 48c7 8080 | 0400 0001 | 0000 00e9 | 0800 0000 | 4883 8060 | 0400 0001 

  0x00007fa1281a7f8c: ;   {metadata('com/badlogic/gdx/LifecycleListener'[])}
  0x00007fa1281a7f8c: 48ba 089d | 0482 0000 | 0000 8b46 | 0841 ba00 | 0000 8149 | 03c2 483b | 5020 0f84 | 1f00 0000 
  0x00007fa1281a7fac: 483b c20f | 8416 0000 

  0x00007fa1281a7fb4: ;   {runtime_call C1 Runtime slow_subtype_check_blob}
  0x00007fa1281a7fb4: 0050 52e8 | a4e6 2a07 | 5858 85c0 | 0f84 613a | 0000 e900 | 0000 0048 | 8bde 4889 | 9c24 f800 
  0x00007fa1281a7fd4: 0000 8b47 | 0c89 8424 | f000 0000 | ba00 0000 | 0048 89bc | 24c0 0000 | 00e9 2001 | 0000 660f 
  0x00007fa1281a7ff4: 1f44 0000 

  0x00007fa1281a7ff8: ; implicit exception: dispatches to 0x00007fa1281aba30
  0x00007fa1281a7ff8: 3b53 0c0f | 8339 3a00 | 0048 63f2 | 8b74 b310 | 48c1 e603 

  0x00007fa1281a800c: ; implicit exception: dispatches to 0x00007fa1281aba48
  0x00007fa1281a800c: 483b 0648 

  0x00007fa1281a8010: ;   {metadata(method data for {method} {0x00007fa0f4417f38} 'mainLoop' '()V' in 'com/badlogic/gdx/backends/lwjgl/LwjglApplication')}
  0x00007fa1281a8010: 8bce 49b8 | 20e1 b1f5 | a07f 0000 | 8b49 0841 | ba00 0000 | 8149 03ca | 493b 88b8 | 0400 0075 
  0x00007fa1281a8030: 0d49 8380 | c004 0000 | 01e9 6000 | 0000 493b | 88c8 0400 | 0075 0d49 | 8380 d004 | 0000 01e9 
  0x00007fa1281a8050: 4a00 0000 | 4983 b8b8 | 0400 0000 | 7517 4989 | 88b8 0400 | 0049 c780 | c004 0000 | 0100 0000 
  0x00007fa1281a8070: e929 0000 | 0049 83b8 | c804 0000 | 0075 1749 | 8988 c804 | 0000 49c7 | 80d0 0400 | 0001 0000 
  0x00007fa1281a8090: 00e9 0800 | 0000 4983 | 80b0 0400 | 0001 8994 | 24e4 0000 | 0048 b8a8 | 158d 00a1 

  0x00007fa1281a80ac: ;   {virtual_call}
  0x00007fa1281a80ac: 7f00 00e8 

  0x00007fa1281a80b0: ; ImmutableOopMap {[184]=Oop [192]=Oop [248]=Oop [368]=Oop }
                      ;*invokeinterface resume {reexecute=0 rethrow=0 return_oop=0}
                      ; - com.badlogic.gdx.backends.lwjgl.LwjglApplication::mainLoop@230 (line 177)
  0x00007fa1281a80b0: 2ccc 1d07 

  0x00007fa1281a80b4: ;   {post_call_nop}
  0x00007fa1281a80b4: 0f1f 8400 | ac16 0013 | 8b94 24e4 | 0000 00ff 

  0x00007fa1281a80c4: ;   {metadata(method data for {method} {0x00007fa0f4417f38} 'mainLoop' '()V' in 'com/badlogic/gdx/backends/lwjgl/LwjglApplication')}
  0x00007fa1281a80c4: c248 be20 | e1b1 f5a0 | 7f00 008b | be94 0000 | 0083 c702 | 89be 9400 | 0000 81e7 | fe3f 0000 
  0x00007fa1281a80e4: 85ff 0f84 | 6139 0000 

  0x00007fa1281a80ec: ; ImmutableOopMap {[184]=Oop [192]=Oop [248]=Oop [368]=Oop }
                      ;*goto {reexecute=1 rethrow=0 return_oop=0}
                      ; - (reexecute) com.badlogic.gdx.backends.lwjgl.LwjglApplication::mainLoop@238 (line 176)
  0x00007fa1281a80ec: 4d8b 5730 

  0x00007fa1281a80f0: ;   {poll}
  0x00007fa1281a80f0: 4185 0248 | be20 e1b1 | f5a0 7f00 | 00ff 86e0 | 0400 008b | 8424 f000 | 0000 488b | 9c24 f800 
  0x00007fa1281a8110: 0000 3bd0 

  0x00007fa1281a8114: ;   {metadata(method data for {method} {0x00007fa0f4417f38} 'mainLoop' '()V' in 'com/badlogic/gdx/backends/lwjgl/LwjglApplication')}
  0x00007fa1281a8114: 48be 20e1 | b1f5 a07f | 0000 b9a0 | 0400 007c | 05b9 9004 | 0000 4c8b | 040e 4d8d | 4001 4c89 
  0x00007fa1281a8134: 040e 0f8c | bcfe ffff | 488b bc24 | c000 0000 

  0x00007fa1281a8144: ;   {metadata(method data for {method} {0x00007fa0f4417f38} 'mainLoop' '()V' in 'com/badlogic/gdx/backends/lwjgl/LwjglApplication')}
  0x00007fa1281a8144: 48be 20e1 | b1f5 a07f 

  0x00007fa1281a814c: ;   {metadata('com/badlogic/gdx/utils/SnapshotArray')}
  0x00007fa1281a814c: 0000 49ba | 6895 0482 | 0000 0000 | 4c89 9600 | 0500 0048 | 8386 0805 | 0000 0148 | 8bb4 24c0 
  0x00007fa1281a816c: ;   {optimized virtual_call}
  0x00007fa1281a816c: 0000 00e8 

  0x00007fa1281a8170: ; ImmutableOopMap {[184]=Oop [192]=Oop [368]=Oop }
                      ;*invokevirtual end {reexecute=0 rethrow=0 return_oop=0}
                      ; - com.badlogic.gdx.backends.lwjgl.LwjglApplication::mainLoop@242 (line 178)
  0x00007fa1281a8170: 6cc8 1d07 

  0x00007fa1281a8174: ;   {post_call_nop}
  0x00007fa1281a8174: 0f1f 8400 | 6c17 0015 | 488d 8424 | 6801 0000 | 488b 7808 | 418b b7c0 | 0700 0049 | 3b7c 37f8 
  0x00007fa1281a8194: 0f85 d438 | 0000 4183 | afc0 0700 | 0008 493b | 7c37 f00f | 842a 0000 | 0048 8b07 | a802 0f85 
  0x00007fa1281a81b4: 1200 0000 | 488b f048 | 83ce 01f0 | 480f b137 | 0f84 0d00 | 0000 4183 | 87c0 0700 | 0008 e997 
  0x00007fa1281a81d4: ;   {metadata(method data for {method} {0x00007fa0f4417f38} 'mainLoop' '()V' in 'com/badlogic/gdx/backends/lwjgl/LwjglApplication')}
  0x00007fa1281a81d4: 3800 0048 | be20 e1b1 | f5a0 7f00 | 00ff 8628 | 0500 0048 | 8b9c 24b8 | 0000 008b | 7b28 48c1 
  0x00007fa1281a81f4: e703 4885 | ff0f 8425 

  0x00007fa1281a81fc: ;   {metadata('age/of/civilizations2/jakowski/lukasz/AoCGame')}
  0x00007fa1281a81fc: 0000 0048 | b960 6504 | 8200 0000 | 008b 5708 | 41ba 0000 | 0081 4903 | d248 3b4a | 400f 8565 
  0x00007fa1281a821c: 3800 00e9 | 0000 0000 | 488b f748 | 3b07 488b 

  0x00007fa1281a822c: ;   {metadata(method data for {method} {0x00007fa0f4417f38} 'mainLoop' '()V' in 'com/badlogic/gdx/backends/lwjgl/LwjglApplication')}
  0x00007fa1281a822c: f748 b820 | e1b1 f5a0 

  0x00007fa1281a8234: ;   {metadata('age/of/civilizations2/jakowski/lukasz/AoCGame')}
  0x00007fa1281a8234: 7f00 0049 | ba60 6504 | 8200 0000 | 004c 8990 | 4805 0000 | 4883 8050 | 0500 0001 

  0x00007fa1281a8250: ;   {metadata(method data for {method} {0x00007fa0f442fd78} 'resume' '()V' in 'age/of/civilizations2/jakowski/lukasz/AoCGame')}
  0x00007fa1281a8250: 48be d861 | b1f5 a07f | 0000 8b86 | 9000 0000 | 83c0 0289 | 8690 0000 | 0025 feff | 1f00 85c0 
  0x00007fa1281a8270: 0f84 1838 

  0x00007fa1281a8274: ;   {metadata(method data for {method} {0x00007fa0f442fd78} 'resume' '()V' in 'age/of/civilizations2/jakowski/lukasz/AoCGame')}
  0x00007fa1281a8274: 0000 48be | d861 b1f5 | a07f 0000 | 4883 86d8 | 0000 0001 | be01 0000 | 0048 899c | 24b8 0000 
  0x00007fa1281a8294: 0048 89bc | 2400 0100 

  0x00007fa1281a829c: ;   {static_call}
  0x00007fa1281a829c: 0066 90e8 

  0x00007fa1281a82a0: ; ImmutableOopMap {[184]=Oop [192]=Oop [256]=Oop }
                      ;*invokestatic updateRender {reexecute=0 rethrow=0 return_oop=0}
                      ; - age.of.civilizations2.jakowski.lukasz.AoCGame::resume@1 (line 1438)
                      ; - com.badlogic.gdx.backends.lwjgl.LwjglApplication::mainLoop@263 (line 180)
  0x00007fa1281a82a0: 3ccd 1d07 

  0x00007fa1281a82a4: ;   {post_call_nop}
  0x00007fa1281a82a4: 0f1f 8400 | 9c18 0016 | 488b bc24 | 0001 0000 

  0x00007fa1281a82b4: ;   {metadata(method data for {method} {0x00007fa0f442fd78} 'resume' '()V' in 'age/of/civilizations2/jakowski/lukasz/AoCGame')}
  0x00007fa1281a82b4: 48ba d861 | b1f5 a07f | 0000 8b7f | 0841 ba00 | 0000 8149 | 03fa 483b | baf0 0000 | 0075 0d48 
  0x00007fa1281a82d4: 8382 f800 | 0000 01e9 | 6000 0000 | 483b ba00 | 0100 0075 | 0d48 8382 | 0801 0000 | 01e9 4a00 
  0x00007fa1281a82f4: 0000 4883 | baf0 0000 | 0000 7517 | 4889 baf0 | 0000 0048 | c782 f800 | 0000 0100 | 0000 e929 
  0x00007fa1281a8314: 0000 0048 | 83ba 0001 | 0000 0075 | 1748 89ba | 0001 0000 | 48c7 8208 | 0100 0001 | 0000 00e9 
  0x00007fa1281a8334: 0800 0000 | 4883 82e8 | 0000 0001 | ba01 0000 | 0048 8bb4 | 2400 0100 

  0x00007fa1281a834c: ;   {optimized virtual_call}
  0x00007fa1281a834c: 0066 90e8 

  0x00007fa1281a8350: ; ImmutableOopMap {[184]=Oop [192]=Oop [256]=Oop }
                      ;*invokevirtual updateRequestRendering {reexecute=0 rethrow=0 return_oop=0}
                      ; - age.of.civilizations2.jakowski.lukasz.AoCGame::resume@6 (line 1439)
                      ; - com.badlogic.gdx.backends.lwjgl.LwjglApplication::mainLoop@263 (line 180)
  0x00007fa1281a8350: 8cc6 1d07 

  0x00007fa1281a8354: ;   {post_call_nop}
  0x00007fa1281a8354: 0f1f 8400 | 4c19 0017 

  0x00007fa1281a835c: ;   {oop(a 'java/lang/Class'{0x00000007ffcdbd08} = 'com/badlogic/gdx/Gdx')}
  0x00007fa1281a835c: 48b8 08bd | cdff 0700 | 0000 8b70 | 7c48 c1e6 | 0348 85f6 | 0f84 2500 

  0x00007fa1281a8374: ;   {metadata('com/badlogic/gdx/backends/lwjgl/LwjglGraphics')}
  0x00007fa1281a8374: 0000 48ba | 0080 0482 | 0000 0000 | 8b5e 0841 | ba00 0000 | 8149 03da | 483b 5338 | 0f85 1937 
  0x00007fa1281a8394: 0000 e900 | 0000 0048 | 8bc6 483b | 0648 8bc6 

  0x00007fa1281a83a4: ;   {metadata(method data for {method} {0x00007fa0f442fd78} 'resume' '()V' in 'age/of/civilizations2/jakowski/lukasz/AoCGame')}
  0x00007fa1281a83a4: 48bf d861 | b1f5 a07f 

  0x00007fa1281a83ac: ;   {metadata('com/badlogic/gdx/backends/lwjgl/LwjglGraphics')}
  0x00007fa1281a83ac: 0000 49ba | 0080 0482 | 0000 0000 | 4c89 9720 | 0100 0048 | 8387 2801 

  0x00007fa1281a83c4: ;   {metadata(method data for {method} {0x00007fa0f443f910} 'requestRendering' '()V' in 'com/badlogic/gdx/backends/lwjgl/LwjglGraphics')}
  0x00007fa1281a83c4: 0000 0148 | b8c8 c3d8 | f4a0 7f00 | 008b b890 | 0000 0083 | c702 89b8 | 9000 0000 | 81e7 feff 
  0x00007fa1281a83e4: 1f00 85ff | 0f84 cb36 | 0000 488d | bc24 6801 | 0000 4889 | 7708 488b | 0641 8b9f | c007 0000 
  0x00007fa1281a8404: 81fb 1008 | 0000 0f8d | ca36 0000 | 493b 741f | f80f 8425 | 0000 00a8 | 020f 85b7 | 3600 0048 
  0x00007fa1281a8424: 8bd8 4883 | e3fe 4883 | c801 f048 | 0fb1 1e0f | 85a1 3600 | 0041 8b9f | c007 0000 | 4989 341f 
  0x00007fa1281a8444: 83c3 0841 | 899f c007 | 0000 b801 | 0000 0088 | 4633 f083 | 4424 c000 | 488d 8424 | 6801 0000 
  0x00007fa1281a8464: 488b 7808 | 418b b7c0 | 0700 0049 | 3b7c 37f8 | 0f85 7336 | 0000 4183 | afc0 0700 | 0008 493b 
  0x00007fa1281a8484: 7c37 f00f | 842a 0000 | 0048 8b07 | a802 0f85 | 1200 0000 | 488b f048 | 83ce 01f0 | 480f b137 
  0x00007fa1281a84a4: 0f84 0d00 | 0000 4183 | 87c0 0700 | 0008 e936 

  0x00007fa1281a84b4: ;   {metadata(method data for {method} {0x00007fa0f443f910} 'requestRendering' '()V' in 'com/badlogic/gdx/backends/lwjgl/LwjglGraphics')}
  0x00007fa1281a84b4: 3600 0048 | bec8 c3d8 | f4a0 7f00 | 00ff 86d8 | 0000 0048 | 8bbc 2400 

  0x00007fa1281a84cc: ;   {metadata(method data for {method} {0x00007fa0f442fd78} 'resume' '()V' in 'age/of/civilizations2/jakowski/lukasz/AoCGame')}
  0x00007fa1281a84cc: 0100 0048 | bed8 61b1 | f5a0 7f00 | 0048 8386 | 4801 0000 

  0x00007fa1281a84e0: ;   {metadata(method data for {method} {0x00007fa0f45cb448} 'setRender_3' '(Z)V' in 'age/of/civilizations2/jakowski/lukasz/CFG')}
  0x00007fa1281a84e0: 0148 bed0 | dcd7 f4a0 | 7f00 008b | 9e90 0000 | 0083 c302 | 899e 9000 | 0000 81e3 | feff 1f00 
  0x00007fa1281a8500: 85db 0f84 | fb35 0000 

  0x00007fa1281a8508: ;   {oop(a 'java/lang/Class'{0x00000007ffd308f0} = 'age/of/civilizations2/jakowski/lukasz/CFG')}
  0x00007fa1281a8508: 48be f008 | d3ff 0700 | 0000 8b9e | c802 0000 | 48c1 e303 | 4885 db0f | 8425 0000 

  0x00007fa1281a8524: ;   {metadata('age/of/civilizations2/jakowski/lukasz/CFG$1')}
  0x00007fa1281a8524: 0049 b830 | 3a09 8200 | 0000 008b | 4b08 41ba | 0000 0081 | 4903 ca4c | 3b41 380f | 85df 3500 
  0x00007fa1281a8544: 00e9 0000 | 0000 488b | c348 3b03 

  0x00007fa1281a8550: ;   {metadata(method data for {method} {0x00007fa0f45cb448} 'setRender_3' '(Z)V' in 'age/of/civilizations2/jakowski/lukasz/CFG')}
  0x00007fa1281a8550: 48b8 d0dc | d7f4 a07f | 0000 4883 | 80e8 0000 

  0x00007fa1281a8560: ;   {metadata(method data for {method} {0x00007fa0f465e940} 'update' '(Z)V' in 'age/of/civilizations2/jakowski/lukasz/CFG$1')}
  0x00007fa1281a8560: 0001 48bb | 18de d7f4 | a07f 0000 | 8b83 9000 | 0000 83c0 | 0289 8390 | 0000 0025 | feff 1f00 
  0x00007fa1281a8580: 85c0 0f84 | a635 0000 | c686 fd08 | 0000 01c6 | 86fc 0800 | 0001 0fbe | 9efd 0800 | 0083 e301 
  0x00007fa1281a85a0: 889e fb08 

  0x00007fa1281a85a4: ;   {metadata(method data for {method} {0x00007fa0f442fd78} 'resume' '()V' in 'age/of/civilizations2/jakowski/lukasz/AoCGame')}
  0x00007fa1281a85a4: 0000 48be | d861 b1f5 | a07f 0000 | 4883 8658 | 0100 0001 

  0x00007fa1281a85b8: ;   {metadata(method data for {method} {0x00007fa0f4430550} 'resume' '()V' in 'com/badlogic/gdx/ApplicationAdapter')}
  0x00007fa1281a85b8: 48be 8866 | b1f5 a07f | 0000 8bbe | 9000 0000 | 83c7 0289 | be90 0000 | 0081 e7fe | ff1f 0085 
  0x00007fa1281a85d8: ff0f 8470 | 3500 00ba | 0100 0000 | 488b 9c24 | b800 0000 | 8b73 1448 | c1e6 038b | 7e40 48c1 
  0x00007fa1281a85f8: e703 4885 

  0x00007fa1281a85fc: ;   {metadata(method data for {method} {0x00007fa0f4417f38} 'mainLoop' '()V' in 'com/badlogic/gdx/backends/lwjgl/LwjglApplication')}
  0x00007fa1281a85fc: ff48 b820 | e1b1 f5a0 | 7f00 00b9 | 7005 0000 | 7405 b980 | 0500 004c | 8b04 084d | 8d40 014c 
  0x00007fa1281a861c: 8904 0889 | 9424 f400 | 0000 4889 | 9c24 b800 | 0000 0f84 | 9d03 0000 

  0x00007fa1281a8634: ; implicit exception: dispatches to 0x00007fa1281abb75
  0x00007fa1281a8634: 483b 0748 

  0x00007fa1281a8638: ;   {metadata(method data for {method} {0x00007fa0f4417f38} 'mainLoop' '()V' in 'com/badlogic/gdx/backends/lwjgl/LwjglApplication')}
  0x00007fa1281a8638: 8bc7 48b9 | 20e1 b1f5 | a07f 0000 | 8b40 0841 | ba00 0000 | 8149 03c2 | 483b 8198 | 0500 0075 
  0x00007fa1281a8658: 0d48 8381 | a005 0000 | 01e9 6000 | 0000 483b | 81a8 0500 | 0075 0d48 | 8381 b005 | 0000 01e9 
  0x00007fa1281a8678: 4a00 0000 | 4883 b998 | 0500 0000 | 7517 4889 | 8198 0500 | 0048 c781 | a005 0000 | 0100 0000 
  0x00007fa1281a8698: e929 0000 | 0048 83b9 | a805 0000 | 0075 1748 | 8981 a805 | 0000 48c7 | 81b0 0500 | 0001 0000 
  0x00007fa1281a86b8: 00e9 0800 | 0000 4883 | 8190 0500 | 0001 488b | f70f 1f40 | 0048 b8d0 | 158d 00a1 

  0x00007fa1281a86d4: ;   {virtual_call}
  0x00007fa1281a86d4: 7f00 00e8 

  0x00007fa1281a86d8: ; ImmutableOopMap {[184]=Oop [192]=Oop }
                      ;*invokevirtual getWidth {reexecute=0 rethrow=0 return_oop=0}
                      ; - com.badlogic.gdx.backends.lwjgl.LwjglApplication::mainLoop@288 (line 186)
  0x00007fa1281a86d8: 04c6 1d07 

  0x00007fa1281a86dc: ;   {post_call_nop}
  0x00007fa1281a86dc: 0f1f 8400 | d41c 0018 | 8984 2408 | 0100 0048 | 8b9c 24b8 | 0000 008b | 7314 48c1 | e603 8b76 
  0x00007fa1281a86fc: 4048 c1e6 | 0348 3b06 

  0x00007fa1281a8704: ;   {metadata(method data for {method} {0x00007fa0f4417f38} 'mainLoop' '()V' in 'com/badlogic/gdx/backends/lwjgl/LwjglApplication')}
  0x00007fa1281a8704: 488b fe48 | ba20 e1b1 | f5a0 7f00 | 008b 7f08 | 41ba 0000 | 0081 4903 | fa48 3bba | c805 0000 
  0x00007fa1281a8724: 750d 4883 | 82d0 0500 | 0001 e960 | 0000 0048 | 3bba d805 | 0000 750d | 4883 82e0 | 0500 0001 
  0x00007fa1281a8744: e94a 0000 | 0048 83ba | c805 0000 | 0075 1748 | 89ba c805 | 0000 48c7 | 82d0 0500 | 0001 0000 
  0x00007fa1281a8764: 00e9 2900 | 0000 4883 | bad8 0500 | 0000 7517 | 4889 bad8 | 0500 0048 | c782 e005 | 0000 0100 
  0x00007fa1281a8784: 0000 e908 | 0000 0048 | 8382 c005 | 0000 0148 | 899c 24b8 | 0000 0066 | 9048 b8f8 | 158d 00a1 
  0x00007fa1281a87a4: ;   {virtual_call}
  0x00007fa1281a87a4: 7f00 00e8 

  0x00007fa1281a87a8: ; ImmutableOopMap {[184]=Oop [192]=Oop }
                      ;*invokevirtual getHeight {reexecute=0 rethrow=0 return_oop=0}
                      ; - com.badlogic.gdx.backends.lwjgl.LwjglApplication::mainLoop@300 (line 187)
  0x00007fa1281a87a8: 34c5 1d07 

  0x00007fa1281a87ac: ;   {post_call_nop}
  0x00007fa1281a87ac: 0f1f 8400 | a41d 0019 | 8bb4 24c8 | 0000 003b | b424 0801 

  0x00007fa1281a87c0: ;   {metadata(method data for {method} {0x00007fa0f4417f38} 'mainLoop' '()V' in 'com/badlogic/gdx/backends/lwjgl/LwjglApplication')}
  0x00007fa1281a87c0: 0000 48ba | 20e1 b1f5 | a07f 0000 | b9f0 0500 | 0075 05b9 | 0006 0000 | 4c8b 040a | 4d8d 4001 
  0x00007fa1281a87e0: 4c89 040a | 0f85 3e00 | 0000 8bbc | 24cc 0000 

  0x00007fa1281a87f0: ;   {metadata(method data for {method} {0x00007fa0f4417f38} 'mainLoop' '()V' in 'com/badlogic/gdx/backends/lwjgl/LwjglApplication')}
  0x00007fa1281a87f0: 003b f848 | ba20 e1b1 | f5a0 7f00 | 00b9 2006 | 0000 7505 | b910 0600 | 004c 8b04 | 0a4d 8d40 
  0x00007fa1281a8810: 014c 8904 | 0a0f 850d | 0000 0048 | 8bc7 bf00 | 0000 00e9 | 7701 0000 | 8bbc 2408 

  0x00007fa1281a882c: ;   {oop(a 'java/lang/Class'{0x00000007ffcdbd08} = 'com/badlogic/gdx/Gdx')}
  0x00007fa1281a882c: 0100 0048 | be08 bdcd | ff07 0000 | 008b b690 | 0000 0048 | c1e6 0348 | 85f6 0f84 | 2600 0000 
  0x00007fa1281a884c: ;   {metadata('com/badlogic/gdx/backends/lwjgl/LwjglGL20')}
  0x00007fa1281a884c: 49b9 0080 | 0882 0000 | 0000 448b | 4608 41ba | 0000 0081 | 4d03 c24d | 3b48 380f | 8517 3300 
  0x00007fa1281a886c: 00e9 0000 | 0000 488b | d648 3b06 

  0x00007fa1281a8878: ;   {metadata(method data for {method} {0x00007fa0f4417f38} 'mainLoop' '()V' in 'com/badlogic/gdx/backends/lwjgl/LwjglApplication')}
  0x00007fa1281a8878: 48ba 20e1 | b1f5 a07f 

  0x00007fa1281a8880: ;   {metadata('com/badlogic/gdx/backends/lwjgl/LwjglGL20')}
  0x00007fa1281a8880: 0000 49ba | 0080 0882 | 0000 0000 | 4c89 9238 | 0600 0048 | 8382 4006 

  0x00007fa1281a8898: ;   {metadata(method data for {method} {0x00007fa0f45b8a78} 'glViewport' '(IIII)V' in 'com/badlogic/gdx/backends/lwjgl/LwjglGL20')}
  0x00007fa1281a8898: 0000 0148 | be48 add7 | f4a0 7f00 | 008b 9690 | 0000 0083 | c202 8996 | 9000 0000 | 81e2 feff 
  0x00007fa1281a88b8: 1f00 85d2 | 0f84 cc32 

  0x00007fa1281a88c0: ;   {metadata(method data for {method} {0x00007fa0f45b8a78} 'glViewport' '(IIII)V' in 'com/badlogic/gdx/backends/lwjgl/LwjglGL20')}
  0x00007fa1281a88c0: 0000 48be | 48ad d7f4 | a07f 0000 | 4883 86d8 | 0000 0001 | be00 0000 | 00ba 0000 | 0000 488b 
  0x00007fa1281a88e0: cf4c 8bc0 | 8984 240c | 0100 000f 

  0x00007fa1281a88ec: ;   {static_call}
  0x00007fa1281a88ec: 1f40 00e8 

  0x00007fa1281a88f0: ; ImmutableOopMap {[184]=Oop [192]=Oop }
                      ;*invokestatic glViewport {reexecute=0 rethrow=0 return_oop=0}
                      ; - com.badlogic.gdx.backends.lwjgl.LwjglGL20::glViewport@5 (line 839)
                      ; - com.badlogic.gdx.backends.lwjgl.LwjglApplication::mainLoop@330 (line 191)
  0x00007fa1281a88f0: ecc6 1d07 

  0x00007fa1281a88f4: ;   {post_call_nop}
  0x00007fa1281a88f4: 0f1f 8400 | ec1e 001a | 488b 9c24 | b800 0000 | 8b73 2848 | c1e6 0348 | 85f6 0f84 | 2500 0000 
  0x00007fa1281a8914: ;   {metadata('age/of/civilizations2/jakowski/lukasz/AoCGame')}
  0x00007fa1281a8914: 48b8 6065 | 0482 0000 | 0000 8b7e | 0841 ba00 | 0000 8149 | 03fa 483b | 4740 0f85 | 7b32 0000 
  0x00007fa1281a8934: e900 0000 | 0048 8bd6 

  0x00007fa1281a893c: ; implicit exception: dispatches to 0x00007fa1281abbb4
  0x00007fa1281a893c: 483b 0648 

  0x00007fa1281a8940: ;   {metadata(method data for {method} {0x00007fa0f4417f38} 'mainLoop' '()V' in 'com/badlogic/gdx/backends/lwjgl/LwjglApplication')}
  0x00007fa1281a8940: 8bd6 48b9 | 20e1 b1f5 | a07f 0000 

  0x00007fa1281a894c: ;   {metadata('age/of/civilizations2/jakowski/lukasz/AoCGame')}
  0x00007fa1281a894c: 49ba 6065 | 0482 0000 | 0000 4c89 | 9168 0600 | 0048 8381 | 7006 0000 | 018b 9424 | 0801 0000 
  0x00007fa1281a896c: 8b8c 240c | 0100 0048 | 899c 24b8 | 0000 000f 

  0x00007fa1281a897c: ;   {optimized virtual_call}
  0x00007fa1281a897c: 1f40 00e8 

  0x00007fa1281a8980: ; ImmutableOopMap {[184]=Oop [192]=Oop }
                      ;*invokeinterface resize {reexecute=0 rethrow=0 return_oop=0}
                      ; - com.badlogic.gdx.backends.lwjgl.LwjglApplication::mainLoop@341 (line 192)
  0x00007fa1281a8980: 5cc0 1d07 

  0x00007fa1281a8984: ;   {post_call_nop}
  0x00007fa1281a8984: 0f1f 8400 | 7c1f 001b | 8b84 240c | 0100 008b | b424 0801 | 0000 bf01 

  0x00007fa1281a899c: ;   {metadata(method data for {method} {0x00007fa0f4417f38} 'mainLoop' '()V' in 'com/badlogic/gdx/backends/lwjgl/LwjglApplication')}
  0x00007fa1281a899c: 0000 0048 | bb20 e1b1 | f5a0 7f00 | 00ff 8390 | 0600 0089 | bc24 3001 | 0000 8984 | 2434 0100 
  0x00007fa1281a89bc: 0089 b424 | 3801 0000 | 488b 9c24 | b800 0000 | e9f3 1400 | 008b 7644 | 48c1 e603 

  0x00007fa1281a89d8: ;   {metadata(method data for {method} {0x00007fa0f4417f38} 'mainLoop' '()V' in 'com/badlogic/gdx/backends/lwjgl/LwjglApplication')}
  0x00007fa1281a89d8: 48bb 20e1 | b1f5 a07f | 0000 4883 | 83a8 0600 

  0x00007fa1281a89e8: ;   {metadata(method data for {method} {0x00007fa0f44d1360} 'getX' '()I' in 'org/lwjgl/opengl/Display')}
  0x00007fa1281a89e8: 0001 48bb | a802 00f5 | a07f 0000 | 8b93 9000 | 0000 83c2 | 0289 9390 | 0000 0081 | e2fe ff1f 
  0x00007fa1281a8a08: 0085 d20f | 84a8 3100 

  0x00007fa1281a8a10: ;   {metadata(method data for {method} {0x00007fa0f44d1360} 'getX' '()I' in 'org/lwjgl/opengl/Display')}
  0x00007fa1281a8a10: 0048 bba8 | 0200 f5a0 | 7f00 0048 | 8383 d800 | 0000 0148 | 89b4 2410 | 0100 000f 

  0x00007fa1281a8a2c: ;   {static_call}
  0x00007fa1281a8a2c: 1f40 00e8 

  0x00007fa1281a8a30: ; ImmutableOopMap {[184]=Oop [192]=Oop [272]=Oop }
                      ;*invokestatic isFullscreen {reexecute=0 rethrow=0 return_oop=0}
                      ; - org.lwjgl.opengl.Display::getX@0 (line 1277)
                      ; - com.badlogic.gdx.backends.lwjgl.LwjglApplication::mainLoop@359 (line 196)
  0x00007fa1281a8a30: 4c48 8907 

  0x00007fa1281a8a34: ;   {post_call_nop}
  0x00007fa1281a8a34: 0f1f 8400 | 2c20 001c 

  0x00007fa1281a8a3c: ;   {metadata(method data for {method} {0x00007fa0f44d1360} 'getX' '()I' in 'org/lwjgl/opengl/Display')}
  0x00007fa1281a8a3c: 85c0 48be | a802 00f5 | a07f 0000 | bfe8 0000 | 0074 05bf | f800 0000 | 488b 1c3e | 488d 5b01 
  0x00007fa1281a8a5c: 4889 1c3e | 0f84 0a00 | 0000 be00 | 0000 00e9 | 2701 0000 

  0x00007fa1281a8a70: ;   {oop(a 'java/lang/Class'{0x00000007ffcfb020} = 'org/lwjgl/opengl/Display')}
  0x00007fa1281a8a70: 48be 20b0 | cfff 0700 | 0000 8bb6 | 8400 0000 | 48c1 e603 

  0x00007fa1281a8a84: ;   {metadata(method data for {method} {0x00007fa0f44d1360} 'getX' '()I' in 'org/lwjgl/opengl/Display')}
  0x00007fa1281a8a84: 4885 f648 | bfa8 0200 | f5a0 7f00 | 00bb 0801 | 0000 7405 | bb18 0100 | 0048 8b04 | 1f48 8d40 
  0x00007fa1281a8aa4: 0148 8904 | 1f0f 84b5 | 0000 0048 | 3b06 488b 

  0x00007fa1281a8ab4: ;   {metadata(method data for {method} {0x00007fa0f44d1360} 'getX' '()I' in 'org/lwjgl/opengl/Display')}
  0x00007fa1281a8ab4: fe48 bba8 | 0200 f5a0 | 7f00 008b | 7f08 41ba | 0000 0081 | 4903 fa48 | 3bbb 3001 | 0000 750d 
  0x00007fa1281a8ad4: 4883 8338 | 0100 0001 | e960 0000 | 0048 3bbb | 4001 0000 | 750d 4883 | 8348 0100 | 0001 e94a 
  0x00007fa1281a8af4: 0000 0048 | 83bb 3001 | 0000 0075 | 1748 89bb | 3001 0000 | 48c7 8338 | 0100 0001 | 0000 00e9 
  0x00007fa1281a8b14: 2900 0000 | 4883 bb40 | 0100 0000 | 7517 4889 | bb40 0100 | 0048 c783 | 4801 0000 | 0100 0000 
  0x00007fa1281a8b34: e908 0000 | 0048 8383 | 2801 0000 | 010f 1f40 | 0048 b820 | 168d 00a1 

  0x00007fa1281a8b4c: ;   {virtual_call}
  0x00007fa1281a8b4c: 7f00 00e8 

  0x00007fa1281a8b50: ; ImmutableOopMap {[184]=Oop [192]=Oop [272]=Oop }
                      ;*invokevirtual getX {reexecute=0 rethrow=0 return_oop=0}
                      ; - org.lwjgl.opengl.Display::getX@17 (line 1282)
                      ; - com.badlogic.gdx.backends.lwjgl.LwjglApplication::mainLoop@359 (line 196)
  0x00007fa1281a8b50: 8cc1 1d07 

  0x00007fa1281a8b54: ;   {post_call_nop}
  0x00007fa1281a8b54: 0f1f 8400 | 4c21 001d | 488b f0e9 | 3300 0000 

  0x00007fa1281a8b64: ;   {oop(a 'org/lwjgl/opengl/LinuxDisplay'{0x00000007ffcdebe0})}
  0x00007fa1281a8b64: 48be e0eb | cdff 0700 | 0000 488b 

  0x00007fa1281a8b70: ;   {metadata(method data for {method} {0x00007fa0f44d1360} 'getX' '()I' in 'org/lwjgl/opengl/Display')}
  0x00007fa1281a8b70: fe48 bba8 | 0200 f5a0 

  0x00007fa1281a8b78: ;   {metadata('org/lwjgl/opengl/LinuxDisplay')}
  0x00007fa1281a8b78: 7f00 0049 | bad0 f805 | 8200 0000 | 004c 8993 | 6001 0000 | 4883 8368 | 0100 0001 | 8b76 4048 
  0x00007fa1281a8b98: 8bbc 2410 | 0100 0048 | 8b9c 24b8 | 0000 0089 | 7738 8b73 | 1448 c1e6 | 038b 7644 | 48c1 e603 
  0x00007fa1281a8bb8: ;   {metadata(method data for {method} {0x00007fa0f4417f38} 'mainLoop' '()V' in 'com/badlogic/gdx/backends/lwjgl/LwjglApplication')}
  0x00007fa1281a8bb8: 48bf 20e1 | b1f5 a07f | 0000 4883 | 87b8 0600 

  0x00007fa1281a8bc8: ;   {metadata(method data for {method} {0x00007fa0f44d1418} 'getY' '()I' in 'org/lwjgl/opengl/Display')}
  0x00007fa1281a8bc8: 0001 48bf | 6804 00f5 | a07f 0000 | 8b87 9000 | 0000 83c0 | 0289 8790 | 0000 0025 | feff 1f00 
  0x00007fa1281a8be8: 85c0 0f84 | f92f 0000 

  0x00007fa1281a8bf0: ;   {metadata(method data for {method} {0x00007fa0f44d1418} 'getY' '()I' in 'org/lwjgl/opengl/Display')}
  0x00007fa1281a8bf0: 48bf 6804 | 00f5 a07f | 0000 4883 | 87d8 0000 | 0001 4889 | 9c24 b800 | 0000 4889 | b424 1801 
  0x00007fa1281a8c10: 0000 0f1f 

  0x00007fa1281a8c14: ;   {static_call}
  0x00007fa1281a8c14: 4400 00e8 

  0x00007fa1281a8c18: ; ImmutableOopMap {[184]=Oop [192]=Oop [280]=Oop }
                      ;*invokestatic isFullscreen {reexecute=0 rethrow=0 return_oop=0}
                      ; - org.lwjgl.opengl.Display::getY@0 (line 1297)
                      ; - com.badlogic.gdx.backends.lwjgl.LwjglApplication::mainLoop@372 (line 197)
  0x00007fa1281a8c18: 6446 8907 

  0x00007fa1281a8c1c: ;   {post_call_nop}
  0x00007fa1281a8c1c: 0f1f 8400 | 1422 001e 

  0x00007fa1281a8c24: ;   {metadata(method data for {method} {0x00007fa0f44d1418} 'getY' '()I' in 'org/lwjgl/opengl/Display')}
  0x00007fa1281a8c24: 85c0 48be | 6804 00f5 | a07f 0000 | bfe8 0000 | 0074 05bf | f800 0000 | 488b 1c3e | 488d 5b01 
  0x00007fa1281a8c44: 4889 1c3e | 0f84 0a00 | 0000 be00 | 0000 00e9 | 2701 0000 

  0x00007fa1281a8c58: ;   {oop(a 'java/lang/Class'{0x00000007ffcfb020} = 'org/lwjgl/opengl/Display')}
  0x00007fa1281a8c58: 48be 20b0 | cfff 0700 | 0000 8bb6 | 8400 0000 | 48c1 e603 

  0x00007fa1281a8c6c: ;   {metadata(method data for {method} {0x00007fa0f44d1418} 'getY' '()I' in 'org/lwjgl/opengl/Display')}
  0x00007fa1281a8c6c: 4885 f648 | bf68 0400 | f5a0 7f00 | 00bb 0801 | 0000 7405 | bb18 0100 | 0048 8b04 | 1f48 8d40 
  0x00007fa1281a8c8c: 0148 8904 | 1f0f 84b5 | 0000 0048 | 3b06 488b 

  0x00007fa1281a8c9c: ;   {metadata(method data for {method} {0x00007fa0f44d1418} 'getY' '()I' in 'org/lwjgl/opengl/Display')}
  0x00007fa1281a8c9c: fe48 bb68 | 0400 f5a0 | 7f00 008b | 7f08 41ba | 0000 0081 | 4903 fa48 | 3bbb 3001 | 0000 750d 
  0x00007fa1281a8cbc: 4883 8338 | 0100 0001 | e960 0000 | 0048 3bbb | 4001 0000 | 750d 4883 | 8348 0100 | 0001 e94a 
  0x00007fa1281a8cdc: 0000 0048 | 83bb 3001 | 0000 0075 | 1748 89bb | 3001 0000 | 48c7 8338 | 0100 0001 | 0000 00e9 
  0x00007fa1281a8cfc: 2900 0000 | 4883 bb40 | 0100 0000 | 7517 4889 | bb40 0100 | 0048 c783 | 4801 0000 | 0100 0000 
  0x00007fa1281a8d1c: e908 0000 | 0048 8383 | 2801 0000 | 010f 1f40 | 0048 b848 | 168d 00a1 

  0x00007fa1281a8d34: ;   {virtual_call}
  0x00007fa1281a8d34: 7f00 00e8 

  0x00007fa1281a8d38: ; ImmutableOopMap {[184]=Oop [192]=Oop [280]=Oop }
                      ;*invokevirtual getY {reexecute=0 rethrow=0 return_oop=0}
                      ; - org.lwjgl.opengl.Display::getY@17 (line 1302)
                      ; - com.badlogic.gdx.backends.lwjgl.LwjglApplication::mainLoop@372 (line 197)
  0x00007fa1281a8d38: a4bf 1d07 

  0x00007fa1281a8d3c: ;   {post_call_nop}
  0x00007fa1281a8d3c: 0f1f 8400 | 3423 001f | 488b f0e9 | 3300 0000 

  0x00007fa1281a8d4c: ;   {oop(a 'org/lwjgl/opengl/LinuxDisplay'{0x00000007ffcdebe0})}
  0x00007fa1281a8d4c: 48be e0eb | cdff 0700 | 0000 488b 

  0x00007fa1281a8d58: ;   {metadata(method data for {method} {0x00007fa0f44d1418} 'getY' '()I' in 'org/lwjgl/opengl/Display')}
  0x00007fa1281a8d58: fe48 bb68 | 0400 f5a0 

  0x00007fa1281a8d60: ;   {metadata('org/lwjgl/opengl/LinuxDisplay')}
  0x00007fa1281a8d60: 7f00 0049 | bad0 f805 | 8200 0000 | 004c 8993 | 6001 0000 | 4883 8368 | 0100 0001 | 8b76 4448 
  0x00007fa1281a8d80: 8bbc 2418 | 0100 0048 | 8b9c 24b8 | 0000 0089 | 773c 8b73 | 1448 c1e6 | 030f be76 

  0x00007fa1281a8d9c: ;   {metadata(method data for {method} {0x00007fa0f4417f38} 'mainLoop' '()V' in 'com/badlogic/gdx/backends/lwjgl/LwjglApplication')}
  0x00007fa1281a8d9c: 3185 f648 | be20 e1b1 | f5a0 7f00 | 00bf c806 | 0000 7505 | bfd8 0600 | 0048 8b04 | 3e48 8d40 
  0x00007fa1281a8dbc: 0148 8904 | 3e0f 8568 

  0x00007fa1281a8dc4: ;   {metadata(method data for {method} {0x00007fa0f4417f38} 'mainLoop' '()V' in 'com/badlogic/gdx/backends/lwjgl/LwjglApplication')}
  0x00007fa1281a8dc4: 0700 0048 | be20 e1b1 | f5a0 7f00 | 0048 8386 | e806 0000 

  0x00007fa1281a8dd8: ;   {metadata(method data for {method} {0x00007fa0f44d12a8} 'wasResized' '()Z' in 'org/lwjgl/opengl/Display')}
  0x00007fa1281a8dd8: 0148 bec8 | 0700 f5a0 | 7f00 008b | be90 0000 | 0083 c702 | 89be 9000 | 0000 81e7 | feff 1f00 
  0x00007fa1281a8df8: 85ff 0f84 | 192e 0000 

  0x00007fa1281a8e00: ;   {oop(a 'java/lang/Class'{0x00000007ffcfb020} = 'org/lwjgl/opengl/Display')}
  0x00007fa1281a8e00: 48be 20b0 | cfff 0700 | 0000 0fbe | b6bf 0000 | 0083 e601 

  0x00007fa1281a8e14: ;   {metadata(method data for {method} {0x00007fa0f4417f38} 'mainLoop' '()V' in 'com/badlogic/gdx/backends/lwjgl/LwjglApplication')}
  0x00007fa1281a8e14: 85f6 48be | 20e1 b1f5 | a07f 0000 | bff8 0600 | 0075 05bf | 0807 0000 | 488b 043e | 488d 4001 
  0x00007fa1281a8e34: 4889 043e | 0f85 f106 | 0000 4889 | 9c24 b800 

  0x00007fa1281a8e44: ;   {metadata(method data for {method} {0x00007fa0f4417f38} 'mainLoop' '()V' in 'com/badlogic/gdx/backends/lwjgl/LwjglApplication')}
  0x00007fa1281a8e44: 0000 48be | 20e1 b1f5 | a07f 0000 | 4883 8618 | 0700 0001 

  0x00007fa1281a8e58: ;   {metadata(method data for {method} {0x00007fa0f44d14d0} 'getWidth' '()I' in 'org/lwjgl/opengl/Display')}
  0x00007fa1281a8e58: 48be 2014 | d7f4 a07f | 0000 8bbe | 9000 0000 | 83c7 0289 | be90 0000 | 0081 e7fe | ff1f 0085 
  0x00007fa1281a8e78: ff0f 84bb 

  0x00007fa1281a8e7c: ;   {metadata(method data for {method} {0x00007fa0f44d14d0} 'getWidth' '()I' in 'org/lwjgl/opengl/Display')}
  0x00007fa1281a8e7c: 2d00 0048 | be20 14d7 | f4a0 7f00 | 0048 8386 | d800 0000 | 0166 0f1f 

  0x00007fa1281a8e94: ;   {static_call}
  0x00007fa1281a8e94: 4400 00e8 

  0x00007fa1281a8e98: ; ImmutableOopMap {[184]=Oop [192]=Oop }
                      ;*invokestatic isFullscreen {reexecute=0 rethrow=0 return_oop=0}
                      ; - org.lwjgl.opengl.Display::getWidth@0 (line 1319)
                      ; - com.badlogic.gdx.backends.lwjgl.LwjglApplication::mainLoop@394 (line 199)
  0x00007fa1281a8e98: e443 8907 

  0x00007fa1281a8e9c: ;   {post_call_nop}
  0x00007fa1281a8e9c: 0f1f 8400 | 9424 0020 

  0x00007fa1281a8ea4: ;   {metadata(method data for {method} {0x00007fa0f44d14d0} 'getWidth' '()I' in 'org/lwjgl/opengl/Display')}
  0x00007fa1281a8ea4: 85c0 48be | 2014 d7f4 | a07f 0000 | bfe8 0000 | 0074 05bf | f800 0000 | 488b 1c3e | 488d 5b01 
  0x00007fa1281a8ec4: 4889 1c3e | 0f84 e700 

  0x00007fa1281a8ecc: ;   {metadata(method data for {method} {0x00007fa0f44d14d0} 'getWidth' '()I' in 'org/lwjgl/opengl/Display')}
  0x00007fa1281a8ecc: 0000 48be | 2014 d7f4 | a07f 0000 | 4883 8608 | 0100 0001 

  0x00007fa1281a8ee0: ;   {metadata(method data for {method} {0x00007fa0f44cdb10} 'getDisplayMode' '()Lorg/lwjgl/opengl/DisplayMode;' in 'org/lwjgl/opengl/Display')}
  0x00007fa1281a8ee0: 48be d8b7 | cef4 a07f | 0000 8bbe | 9000 0000 | 83c7 0289 | be90 0000 | 0081 e7fe | ff1f 0085 
  0x00007fa1281a8f00: ff0f 8454 

  0x00007fa1281a8f04: ;   {oop(a 'java/lang/Class'{0x00000007ffcfb020} = 'org/lwjgl/opengl/Display')}
  0x00007fa1281a8f04: 2d00 0048 | be20 b0cf | ff07 0000 | 008b b688 | 0000 0048 | c1e6 0348 | 3b06 488b 

  0x00007fa1281a8f20: ;   {metadata(method data for {method} {0x00007fa0f44d14d0} 'getWidth' '()I' in 'org/lwjgl/opengl/Display')}
  0x00007fa1281a8f20: fe48 bb20 | 14d7 f4a0 | 7f00 008b | 7f08 41ba | 0000 0081 | 4903 fa48 | 3bbb 2001 | 0000 750d 
  0x00007fa1281a8f40: 4883 8328 | 0100 0001 | e960 0000 | 0048 3bbb | 3001 0000 | 750d 4883 | 8338 0100 | 0001 e94a 
  0x00007fa1281a8f60: 0000 0048 | 83bb 2001 | 0000 0075 | 1748 89bb | 2001 0000 | 48c7 8328 | 0100 0001 | 0000 00e9 
  0x00007fa1281a8f80: 2900 0000 | 4883 bb30 | 0100 0000 | 7517 4889 | bb30 0100 | 0048 c783 | 3801 0000 | 0100 0000 
  0x00007fa1281a8fa0: e908 0000 | 0048 8383 | 1801 0000 | 018b 760c | e907 0100 

  0x00007fa1281a8fb4: ;   {oop(a 'java/lang/Class'{0x00000007ffcfb020} = 'org/lwjgl/opengl/Display')}
  0x00007fa1281a8fb4: 0048 be20 | b0cf ff07 | 0000 008b | b684 0000 | 0048 c1e6 | 0348 85f6 

  0x00007fa1281a8fcc: ;   {metadata(method data for {method} {0x00007fa0f44d14d0} 'getWidth' '()I' in 'org/lwjgl/opengl/Display')}
  0x00007fa1281a8fcc: 48bf 2014 | d7f4 a07f | 0000 bb48 | 0100 0074 | 05bb 5801 | 0000 488b | 041f 488d | 4001 4889 
  0x00007fa1281a8fec: 041f 0f84 | b800 0000 

  0x00007fa1281a8ff4: ; implicit exception: dispatches to 0x00007fa1281abc81
  0x00007fa1281a8ff4: 483b 0648 

  0x00007fa1281a8ff8: ;   {metadata(method data for {method} {0x00007fa0f44d14d0} 'getWidth' '()I' in 'org/lwjgl/opengl/Display')}
  0x00007fa1281a8ff8: 8bfe 48bb | 2014 d7f4 | a07f 0000 | 8b7f 0841 | ba00 0000 | 8149 03fa | 483b bb70 | 0100 0075 
  0x00007fa1281a9018: 0d48 8383 | 7801 0000 | 01e9 6000 | 0000 483b | bb80 0100 | 0075 0d48 | 8383 8801 | 0000 01e9 
  0x00007fa1281a9038: 4a00 0000 | 4883 bb70 | 0100 0000 | 7517 4889 | bb70 0100 | 0048 c783 | 7801 0000 | 0100 0000 
  0x00007fa1281a9058: e929 0000 | 0048 83bb | 8001 0000 | 0075 1748 | 89bb 8001 | 0000 48c7 | 8388 0100 | 0001 0000 
  0x00007fa1281a9078: 00e9 0800 | 0000 4883 | 8368 0100 | 0001 0f1f | 8000 0000 | 0048 b870 | 168d 00a1 

  0x00007fa1281a9094: ;   {virtual_call}
  0x00007fa1281a9094: 7f00 00e8 

  0x00007fa1281a9098: ; ImmutableOopMap {[184]=Oop [192]=Oop }
                      ;*invokevirtual getWidth {reexecute=0 rethrow=0 return_oop=0}
                      ; - org.lwjgl.opengl.Display::getWidth@22 (line 1324)
                      ; - com.badlogic.gdx.backends.lwjgl.LwjglApplication::mainLoop@394 (line 199)
  0x00007fa1281a9098: 44bc 1d07 

  0x00007fa1281a909c: ;   {post_call_nop}
  0x00007fa1281a909c: 0f1f 8400 | 9426 0021 | 488b f0e9 | 1000 0000 

  0x00007fa1281a90ac: ;   {oop(a 'java/lang/Class'{0x00000007ffcfb020} = 'org/lwjgl/opengl/Display')}
  0x00007fa1281a90ac: 48be 20b0 | cfff 0700 | 0000 8bb6 | a400 0000 | 488b 9c24 | b800 0000 

  0x00007fa1281a90c4: ;   {metadata(method data for {method} {0x00007fa0f4417f38} 'mainLoop' '()V' in 'com/badlogic/gdx/backends/lwjgl/LwjglApplication')}
  0x00007fa1281a90c4: 48bf 20e1 | b1f5 a07f | 0000 4883 | 8728 0700 | 0001 c5fa 

  0x00007fa1281a90d8: ;   {metadata(method data for {method} {0x00007fa0f44d1628} 'getPixelScaleFactor' '()F' in 'org/lwjgl/opengl/Display')}
  0x00007fa1281a90d8: 2ac6 48be | 98a9 c7f4 | a07f 0000 | 8bbe 9000 | 0000 83c7 | 0289 be90 | 0000 0081 | e7fe ff1f 
  0x00007fa1281a90f8: 0085 ff0f | 8485 2b00 

  0x00007fa1281a9100: ;   {oop(a 'org/lwjgl/opengl/LinuxDisplay'{0x00000007ffcdebe0})}
  0x00007fa1281a9100: 0048 bee0 | ebcd ff07 

  0x00007fa1281a9108: ;   {metadata(method data for {method} {0x00007fa0f44d1628} 'getPixelScaleFactor' '()F' in 'org/lwjgl/opengl/Display')}
  0x00007fa1281a9108: 0000 0048 | bf98 a9c7 | f4a0 7f00 | 0048 8387 | e800 0000 

  0x00007fa1281a911c: ;   {metadata(method data for {method} {0x00007fa0f44e6590} 'getPixelScaleFactor' '()F' in 'org/lwjgl/opengl/LinuxDisplay')}
  0x00007fa1281a911c: 0148 bed8 | aac7 f4a0 | 7f00 008b | be90 0000 | 0083 c702 | 89be 9000 | 0000 81e7 | feff 1f00 
  0x00007fa1281a913c: 85ff 0f84 | 632b 0000 | 8b73 1448 | c1e6 038b | 7644 48c1 | e603 8b76 

  0x00007fa1281a9154: ;   {section_word}
  0x00007fa1281a9154: 30c5 fa59 | 05ab d9ff | ffc5 fa2c | f881 ff00 | 0000 8075 | 0f48 83ec | 08c5 fa11 

  0x00007fa1281a9170: ;   {runtime_call Stub::Stub Generator f2i_fixup_stub}
  0x00007fa1281a9170: 0424 e8c3 | e418 075f 

  0x00007fa1281a9178: ;   {metadata(method data for {method} {0x00007fa0f4417f38} 'mainLoop' '()V' in 'com/badlogic/gdx/backends/lwjgl/LwjglApplication')}
  0x00007fa1281a9178: 3bfe 48be | 20e1 b1f5 | a07f 0000 | bf38 0700 | 0075 05bf | 4807 0000 | 488b 043e | 488d 4001 
  0x00007fa1281a9198: 4889 043e | 0f85 8d03 | 0000 4889 | 9c24 b800 

  0x00007fa1281a91a8: ;   {metadata(method data for {method} {0x00007fa0f4417f38} 'mainLoop' '()V' in 'com/badlogic/gdx/backends/lwjgl/LwjglApplication')}
  0x00007fa1281a91a8: 0000 48be | 20e1 b1f5 | a07f 0000 | 4883 8658 | 0700 0001 

  0x00007fa1281a91bc: ;   {metadata(method data for {method} {0x00007fa0f44d1588} 'getHeight' '()I' in 'org/lwjgl/opengl/Display')}
  0x00007fa1281a91bc: 48be 280d | d2f4 a07f | 0000 8bbe | 9000 0000 | 83c7 0289 | be90 0000 | 0081 e7fe | ff1f 0085 
  0x00007fa1281a91dc: ff0f 84ef 

  0x00007fa1281a91e0: ;   {metadata(method data for {method} {0x00007fa0f44d1588} 'getHeight' '()I' in 'org/lwjgl/opengl/Display')}
  0x00007fa1281a91e0: 2a00 0048 | be28 0dd2 | f4a0 7f00 | 0048 8386 | d800 0000 

  0x00007fa1281a91f4: ;   {static_call}
  0x00007fa1281a91f4: 0166 90e8 

  0x00007fa1281a91f8: ; ImmutableOopMap {[184]=Oop [192]=Oop }
                      ;*invokestatic isFullscreen {reexecute=0 rethrow=0 return_oop=0}
                      ; - org.lwjgl.opengl.Display::getHeight@0 (line 1341)
                      ; - com.badlogic.gdx.backends.lwjgl.LwjglApplication::mainLoop@416 (line 200)
  0x00007fa1281a91f8: 8440 8907 

  0x00007fa1281a91fc: ;   {post_call_nop}
  0x00007fa1281a91fc: 0f1f 8400 | f427 0022 

  0x00007fa1281a9204: ;   {metadata(method data for {method} {0x00007fa0f44d1588} 'getHeight' '()I' in 'org/lwjgl/opengl/Display')}
  0x00007fa1281a9204: 85c0 48be | 280d d2f4 | a07f 0000 | bfe8 0000 | 0074 05bf | f800 0000 | 488b 1c3e | 488d 5b01 
  0x00007fa1281a9224: 4889 1c3e | 0f84 e700 

  0x00007fa1281a922c: ;   {metadata(method data for {method} {0x00007fa0f44d1588} 'getHeight' '()I' in 'org/lwjgl/opengl/Display')}
  0x00007fa1281a922c: 0000 48be | 280d d2f4 | a07f 0000 | 4883 8608 | 0100 0001 

  0x00007fa1281a9240: ;   {metadata(method data for {method} {0x00007fa0f44cdb10} 'getDisplayMode' '()Lorg/lwjgl/opengl/DisplayMode;' in 'org/lwjgl/opengl/Display')}
  0x00007fa1281a9240: 48be d8b7 | cef4 a07f | 0000 8bbe | 9000 0000 | 83c7 0289 | be90 0000 | 0081 e7fe | ff1f 0085 
  0x00007fa1281a9260: ff0f 848c 

  0x00007fa1281a9264: ;   {oop(a 'java/lang/Class'{0x00000007ffcfb020} = 'org/lwjgl/opengl/Display')}
  0x00007fa1281a9264: 2a00 0048 | be20 b0cf | ff07 0000 | 008b b688 | 0000 0048 | c1e6 0348 | 3b06 488b 

  0x00007fa1281a9280: ;   {metadata(method data for {method} {0x00007fa0f44d1588} 'getHeight' '()I' in 'org/lwjgl/opengl/Display')}
  0x00007fa1281a9280: fe48 bb28 | 0dd2 f4a0 | 7f00 008b | 7f08 41ba | 0000 0081 | 4903 fa48 | 3bbb 2001 | 0000 750d 
  0x00007fa1281a92a0: 4883 8328 | 0100 0001 | e960 0000 | 0048 3bbb | 3001 0000 | 750d 4883 | 8338 0100 | 0001 e94a 
  0x00007fa1281a92c0: 0000 0048 | 83bb 2001 | 0000 0075 | 1748 89bb | 2001 0000 | 48c7 8328 | 0100 0001 | 0000 00e9 
  0x00007fa1281a92e0: 2900 0000 | 4883 bb30 | 0100 0000 | 7517 4889 | bb30 0100 | 0048 c783 | 3801 0000 | 0100 0000 
  0x00007fa1281a9300: e908 0000 | 0048 8383 | 1801 0000 | 018b 7610 | e907 0100 

  0x00007fa1281a9314: ;   {oop(a 'java/lang/Class'{0x00000007ffcfb020} = 'org/lwjgl/opengl/Display')}
  0x00007fa1281a9314: 0048 be20 | b0cf ff07 | 0000 008b | b684 0000 | 0048 c1e6 | 0348 85f6 

  0x00007fa1281a932c: ;   {metadata(method data for {method} {0x00007fa0f44d1588} 'getHeight' '()I' in 'org/lwjgl/opengl/Display')}
  0x00007fa1281a932c: 48bf 280d | d2f4 a07f | 0000 bb48 | 0100 0074 | 05bb 5801 | 0000 488b | 041f 488d | 4001 4889 
  0x00007fa1281a934c: 041f 0f84 | b800 0000 

  0x00007fa1281a9354: ; implicit exception: dispatches to 0x00007fa1281abd19
  0x00007fa1281a9354: 483b 0648 

  0x00007fa1281a9358: ;   {metadata(method data for {method} {0x00007fa0f44d1588} 'getHeight' '()I' in 'org/lwjgl/opengl/Display')}
  0x00007fa1281a9358: 8bfe 48bb | 280d d2f4 | a07f 0000 | 8b7f 0841 | ba00 0000 | 8149 03fa | 483b bb70 | 0100 0075 
  0x00007fa1281a9378: 0d48 8383 | 7801 0000 | 01e9 6000 | 0000 483b | bb80 0100 | 0075 0d48 | 8383 8801 | 0000 01e9 
  0x00007fa1281a9398: 4a00 0000 | 4883 bb70 | 0100 0000 | 7517 4889 | bb70 0100 | 0048 c783 | 7801 0000 | 0100 0000 
  0x00007fa1281a93b8: e929 0000 | 0048 83bb | 8001 0000 | 0075 1748 | 89bb 8001 | 0000 48c7 | 8388 0100 | 0001 0000 
  0x00007fa1281a93d8: 00e9 0800 | 0000 4883 | 8368 0100 | 0001 0f1f | 8000 0000 | 0048 b898 | 168d 00a1 

  0x00007fa1281a93f4: ;   {virtual_call}
  0x00007fa1281a93f4: 7f00 00e8 

  0x00007fa1281a93f8: ; ImmutableOopMap {[184]=Oop [192]=Oop }
                      ;*invokevirtual getHeight {reexecute=0 rethrow=0 return_oop=0}
                      ; - org.lwjgl.opengl.Display::getHeight@22 (line 1346)
                      ; - com.badlogic.gdx.backends.lwjgl.LwjglApplication::mainLoop@416 (line 200)
  0x00007fa1281a93f8: e4b8 1d07 

  0x00007fa1281a93fc: ;   {post_call_nop}
  0x00007fa1281a93fc: 0f1f 8400 | f429 0023 | 488b f0e9 | 1000 0000 

  0x00007fa1281a940c: ;   {oop(a 'java/lang/Class'{0x00000007ffcfb020} = 'org/lwjgl/opengl/Display')}
  0x00007fa1281a940c: 48be 20b0 | cfff 0700 | 0000 8bb6 | a800 0000 | 488b 9c24 | b800 0000 

  0x00007fa1281a9424: ;   {metadata(method data for {method} {0x00007fa0f4417f38} 'mainLoop' '()V' in 'com/badlogic/gdx/backends/lwjgl/LwjglApplication')}
  0x00007fa1281a9424: 48bf 20e1 | b1f5 a07f | 0000 4883 | 8768 0700 | 0001 c5fa 

  0x00007fa1281a9438: ;   {metadata(method data for {method} {0x00007fa0f44d1628} 'getPixelScaleFactor' '()F' in 'org/lwjgl/opengl/Display')}
  0x00007fa1281a9438: 2ac6 48be | 98a9 c7f4 | a07f 0000 | 8bbe 9000 | 0000 83c7 | 0289 be90 | 0000 0081 | e7fe ff1f 
  0x00007fa1281a9458: 0085 ff0f | 84bd 2800 

  0x00007fa1281a9460: ;   {oop(a 'org/lwjgl/opengl/LinuxDisplay'{0x00000007ffcdebe0})}
  0x00007fa1281a9460: 0048 bee0 | ebcd ff07 

  0x00007fa1281a9468: ;   {metadata(method data for {method} {0x00007fa0f44d1628} 'getPixelScaleFactor' '()F' in 'org/lwjgl/opengl/Display')}
  0x00007fa1281a9468: 0000 0048 | bf98 a9c7 | f4a0 7f00 | 0048 8387 | e800 0000 

  0x00007fa1281a947c: ;   {metadata(method data for {method} {0x00007fa0f44e6590} 'getPixelScaleFactor' '()F' in 'org/lwjgl/opengl/LinuxDisplay')}
  0x00007fa1281a947c: 0148 bed8 | aac7 f4a0 | 7f00 008b | be90 0000 | 0083 c702 | 89be 9000 | 0000 81e7 | feff 1f00 
  0x00007fa1281a949c: 85ff 0f84 | 9b28 0000 | 8b73 1448 | c1e6 038b | 7644 48c1 | e603 8b76 

  0x00007fa1281a94b4: ;   {section_word}
  0x00007fa1281a94b4: 34c5 fa59 | 054f d6ff | ffc5 fa2c | f881 ff00 | 0000 8075 | 0f48 83ec | 08c5 fa11 

  0x00007fa1281a94d0: ;   {runtime_call Stub::Stub Generator f2i_fixup_stub}
  0x00007fa1281a94d0: 0424 e863 | e118 075f 

  0x00007fa1281a94d8: ;   {metadata(method data for {method} {0x00007fa0f4417f38} 'mainLoop' '()V' in 'com/badlogic/gdx/backends/lwjgl/LwjglApplication')}
  0x00007fa1281a94d8: 3bfe 48be | 20e1 b1f5 | a07f 0000 | bf88 0700 | 0075 05bf | 7807 0000 | 488b 043e | 488d 4001 
  0x00007fa1281a94f8: 4889 043e | 0f85 2d00 | 0000 8b84 | 24cc 0000 | 008b b424 | c800 0000 | bf00 0000 | 0089 bc24 
  0x00007fa1281a9518: 3001 0000 | 8984 2434 | 0100 0089 | b424 3801 | 0000 e995 | 0900 008b | 7314 48c1 | e603 c646 
  0x00007fa1281a9538: 3100 8b76 | 4448 c1e6 

  0x00007fa1281a9540: ;   {metadata(method data for {method} {0x00007fa0f4417f38} 'mainLoop' '()V' in 'com/badlogic/gdx/backends/lwjgl/LwjglApplication')}
  0x00007fa1281a9540: 0348 bf20 | e1b1 f5a0 | 7f00 0048 | 8387 9807 

  0x00007fa1281a9550: ;   {metadata(method data for {method} {0x00007fa0f44d14d0} 'getWidth' '()I' in 'org/lwjgl/opengl/Display')}
  0x00007fa1281a9550: 0000 0148 | bf20 14d7 | f4a0 7f00 | 008b 8790 | 0000 0083 | c002 8987 | 9000 0000 | 25fe ff1f 
  0x00007fa1281a9570: 0085 c00f | 84f6 2700 

  0x00007fa1281a9578: ;   {metadata(method data for {method} {0x00007fa0f44d14d0} 'getWidth' '()I' in 'org/lwjgl/opengl/Display')}
  0x00007fa1281a9578: 0048 bf20 | 14d7 f4a0 | 7f00 0048 | 8387 d800 | 0000 0148 | 899c 24b8 | 0000 0048 | 89b4 2420 
  0x00007fa1281a9598: 0100 000f 

  0x00007fa1281a959c: ;   {static_call}
  0x00007fa1281a959c: 1f40 00e8 

  0x00007fa1281a95a0: ; ImmutableOopMap {[184]=Oop [192]=Oop [288]=Oop }
                      ;*invokestatic isFullscreen {reexecute=0 rethrow=0 return_oop=0}
                      ; - org.lwjgl.opengl.Display::getWidth@0 (line 1319)
                      ; - com.badlogic.gdx.backends.lwjgl.LwjglApplication::mainLoop@453 (line 202)
  0x00007fa1281a95a0: 3cba 1d07 

  0x00007fa1281a95a4: ;   {post_call_nop}
  0x00007fa1281a95a4: 0f1f 8400 | 9c2b 0024 

  0x00007fa1281a95ac: ;   {metadata(method data for {method} {0x00007fa0f44d14d0} 'getWidth' '()I' in 'org/lwjgl/opengl/Display')}
  0x00007fa1281a95ac: 85c0 48be | 2014 d7f4 | a07f 0000 | bfe8 0000 | 0074 05bf | f800 0000 | 488b 1c3e | 488d 5b01 
  0x00007fa1281a95cc: 4889 1c3e | 0f84 e700 

  0x00007fa1281a95d4: ;   {metadata(method data for {method} {0x00007fa0f44d14d0} 'getWidth' '()I' in 'org/lwjgl/opengl/Display')}
  0x00007fa1281a95d4: 0000 48be | 2014 d7f4 | a07f 0000 | 4883 8608 | 0100 0001 

  0x00007fa1281a95e8: ;   {metadata(method data for {method} {0x00007fa0f44cdb10} 'getDisplayMode' '()Lorg/lwjgl/opengl/DisplayMode;' in 'org/lwjgl/opengl/Display')}
  0x00007fa1281a95e8: 48be d8b7 | cef4 a07f | 0000 8bbe | 9000 0000 | 83c7 0289 | be90 0000 | 0081 e7fe | ff1f 0085 
  0x00007fa1281a9608: ff0f 8481 

  0x00007fa1281a960c: ;   {oop(a 'java/lang/Class'{0x00000007ffcfb020} = 'org/lwjgl/opengl/Display')}
  0x00007fa1281a960c: 2700 0048 | be20 b0cf | ff07 0000 | 008b b688 | 0000 0048 | c1e6 0348 | 3b06 488b 

  0x00007fa1281a9628: ;   {metadata(method data for {method} {0x00007fa0f44d14d0} 'getWidth' '()I' in 'org/lwjgl/opengl/Display')}
  0x00007fa1281a9628: fe48 bb20 | 14d7 f4a0 | 7f00 008b | 7f08 41ba | 0000 0081 | 4903 fa48 | 3bbb 2001 | 0000 750d 
  0x00007fa1281a9648: 4883 8328 | 0100 0001 | e960 0000 | 0048 3bbb | 3001 0000 | 750d 4883 | 8338 0100 | 0001 e94a 
  0x00007fa1281a9668: 0000 0048 | 83bb 2001 | 0000 0075 | 1748 89bb | 2001 0000 | 48c7 8328 | 0100 0001 | 0000 00e9 
  0x00007fa1281a9688: 2900 0000 | 4883 bb30 | 0100 0000 | 7517 4889 | bb30 0100 | 0048 c783 | 3801 0000 | 0100 0000 
  0x00007fa1281a96a8: e908 0000 | 0048 8383 | 1801 0000 | 018b 760c | e907 0100 

  0x00007fa1281a96bc: ;   {oop(a 'java/lang/Class'{0x00000007ffcfb020} = 'org/lwjgl/opengl/Display')}
  0x00007fa1281a96bc: 0048 be20 | b0cf ff07 | 0000 008b | b684 0000 | 0048 c1e6 | 0348 85f6 

  0x00007fa1281a96d4: ;   {metadata(method data for {method} {0x00007fa0f44d14d0} 'getWidth' '()I' in 'org/lwjgl/opengl/Display')}
  0x00007fa1281a96d4: 48bf 2014 | d7f4 a07f | 0000 bb48 | 0100 0074 | 05bb 5801 | 0000 488b | 041f 488d | 4001 4889 
  0x00007fa1281a96f4: 041f 0f84 | b800 0000 

  0x00007fa1281a96fc: ; implicit exception: dispatches to 0x00007fa1281abdb6
  0x00007fa1281a96fc: 483b 0648 

  0x00007fa1281a9700: ;   {metadata(method data for {method} {0x00007fa0f44d14d0} 'getWidth' '()I' in 'org/lwjgl/opengl/Display')}
  0x00007fa1281a9700: 8bfe 48bb | 2014 d7f4 | a07f 0000 | 8b7f 0841 | ba00 0000 | 8149 03fa | 483b bb70 | 0100 0075 
  0x00007fa1281a9720: 0d48 8383 | 7801 0000 | 01e9 6000 | 0000 483b | bb80 0100 | 0075 0d48 | 8383 8801 | 0000 01e9 
  0x00007fa1281a9740: 4a00 0000 | 4883 bb70 | 0100 0000 | 7517 4889 | bb70 0100 | 0048 c783 | 7801 0000 | 0100 0000 
  0x00007fa1281a9760: e929 0000 | 0048 83bb | 8001 0000 | 0075 1748 | 89bb 8001 | 0000 48c7 | 8388 0100 | 0001 0000 
  0x00007fa1281a9780: 00e9 0800 | 0000 4883 | 8368 0100 | 0001 0f1f | 8000 0000 | 0048 b8c0 | 168d 00a1 

  0x00007fa1281a979c: ;   {virtual_call}
  0x00007fa1281a979c: 7f00 00e8 

  0x00007fa1281a97a0: ; ImmutableOopMap {[184]=Oop [192]=Oop [288]=Oop }
                      ;*invokevirtual getWidth {reexecute=0 rethrow=0 return_oop=0}
                      ; - org.lwjgl.opengl.Display::getWidth@22 (line 1324)
                      ; - com.badlogic.gdx.backends.lwjgl.LwjglApplication::mainLoop@453 (line 202)
  0x00007fa1281a97a0: 3cb5 1d07 

  0x00007fa1281a97a4: ;   {post_call_nop}
  0x00007fa1281a97a4: 0f1f 8400 | 9c2d 0025 | 488b f0e9 | 1000 0000 

  0x00007fa1281a97b4: ;   {oop(a 'java/lang/Class'{0x00000007ffcfb020} = 'org/lwjgl/opengl/Display')}
  0x00007fa1281a97b4: 48be 20b0 | cfff 0700 | 0000 8bb6 | a400 0000 | 488b bc24 | 2001 0000 | 488b 9c24 | b800 0000 
  0x00007fa1281a97d4: ;   {metadata(method data for {method} {0x00007fa0f4417f38} 'mainLoop' '()V' in 'com/badlogic/gdx/backends/lwjgl/LwjglApplication')}
  0x00007fa1281a97d4: 48b8 20e1 | b1f5 a07f | 0000 4883 | 80a8 0700 | 0001 c5fa 

  0x00007fa1281a97e8: ;   {metadata(method data for {method} {0x00007fa0f44d1628} 'getPixelScaleFactor' '()F' in 'org/lwjgl/opengl/Display')}
  0x00007fa1281a97e8: 2ac6 48be | 98a9 c7f4 | a07f 0000 | 8b86 9000 | 0000 83c0 | 0289 8690 | 0000 0025 | feff 1f00 
  0x00007fa1281a9808: 85c0 0f84 | ab25 0000 

  0x00007fa1281a9810: ;   {oop(a 'org/lwjgl/opengl/LinuxDisplay'{0x00000007ffcdebe0})}
  0x00007fa1281a9810: 48be e0eb | cdff 0700 

  0x00007fa1281a9818: ;   {metadata(method data for {method} {0x00007fa0f44d1628} 'getPixelScaleFactor' '()F' in 'org/lwjgl/opengl/Display')}
  0x00007fa1281a9818: 0000 48b8 | 98a9 c7f4 | a07f 0000 | 4883 80e8 | 0000 0001 

  0x00007fa1281a982c: ;   {metadata(method data for {method} {0x00007fa0f44e6590} 'getPixelScaleFactor' '()F' in 'org/lwjgl/opengl/LinuxDisplay')}
  0x00007fa1281a982c: 48be d8aa | c7f4 a07f | 0000 8b86 | 9000 0000 | 83c0 0289 | 8690 0000 | 0025 feff | 1f00 85c0 
  0x00007fa1281a984c: 0f84 8a25 

  0x00007fa1281a9850: ;   {section_word}
  0x00007fa1281a9850: 0000 c5fa | 5905 b6d2 | ffff c5fa | 2cf0 81fe | 0000 0080 | 750f 4883 | ec08 c5fa 

  0x00007fa1281a986c: ;   {runtime_call Stub::Stub Generator f2i_fixup_stub}
  0x00007fa1281a986c: 1104 24e8 | c6dd 1807 | 5e89 7730 | 8b73 1448 | c1e6 038b | 7644 48c1 

  0x00007fa1281a9884: ;   {metadata(method data for {method} {0x00007fa0f4417f38} 'mainLoop' '()V' in 'com/badlogic/gdx/backends/lwjgl/LwjglApplication')}
  0x00007fa1281a9884: e603 48bf | 20e1 b1f5 | a07f 0000 | 4883 87b8 | 0700 0001 

  0x00007fa1281a9898: ;   {metadata(method data for {method} {0x00007fa0f44d1588} 'getHeight' '()I' in 'org/lwjgl/opengl/Display')}
  0x00007fa1281a9898: 48bf 280d | d2f4 a07f | 0000 8b87 | 9000 0000 | 83c0 0289 | 8790 0000 | 0025 feff | 1f00 85c0 
  0x00007fa1281a98b8: 0f84 4925 

  0x00007fa1281a98bc: ;   {metadata(method data for {method} {0x00007fa0f44d1588} 'getHeight' '()I' in 'org/lwjgl/opengl/Display')}
  0x00007fa1281a98bc: 0000 48bf | 280d d2f4 | a07f 0000 | 4883 87d8 | 0000 0001 | 4889 9c24 | b800 0000 | 4889 b424 
  0x00007fa1281a98dc: 2801 0000 | 0f1f 8000 

  0x00007fa1281a98e4: ;   {static_call}
  0x00007fa1281a98e4: 0000 00e8 

  0x00007fa1281a98e8: ; ImmutableOopMap {[184]=Oop [192]=Oop [296]=Oop }
                      ;*invokestatic isFullscreen {reexecute=0 rethrow=0 return_oop=0}
                      ; - org.lwjgl.opengl.Display::getHeight@0 (line 1341)
                      ; - com.badlogic.gdx.backends.lwjgl.LwjglApplication::mainLoop@472 (line 203)
  0x00007fa1281a98e8: f4b6 1d07 

  0x00007fa1281a98ec: ;   {post_call_nop}
  0x00007fa1281a98ec: 0f1f 8400 | e42e 0026 

  0x00007fa1281a98f4: ;   {metadata(method data for {method} {0x00007fa0f44d1588} 'getHeight' '()I' in 'org/lwjgl/opengl/Display')}
  0x00007fa1281a98f4: 85c0 48be | 280d d2f4 | a07f 0000 | bfe8 0000 | 0074 05bf | f800 0000 | 488b 1c3e | 488d 5b01 
  0x00007fa1281a9914: 4889 1c3e | 0f84 e700 

  0x00007fa1281a991c: ;   {metadata(method data for {method} {0x00007fa0f44d1588} 'getHeight' '()I' in 'org/lwjgl/opengl/Display')}
  0x00007fa1281a991c: 0000 48be | 280d d2f4 | a07f 0000 | 4883 8608 | 0100 0001 

  0x00007fa1281a9930: ;   {metadata(method data for {method} {0x00007fa0f44cdb10} 'getDisplayMode' '()Lorg/lwjgl/opengl/DisplayMode;' in 'org/lwjgl/opengl/Display')}
  0x00007fa1281a9930: 48be d8b7 | cef4 a07f | 0000 8bbe | 9000 0000 | 83c7 0289 | be90 0000 | 0081 e7fe | ff1f 0085 
  0x00007fa1281a9950: ff0f 84d1 

  0x00007fa1281a9954: ;   {oop(a 'java/lang/Class'{0x00000007ffcfb020} = 'org/lwjgl/opengl/Display')}
  0x00007fa1281a9954: 2400 0048 | be20 b0cf | ff07 0000 | 008b b688 | 0000 0048 | c1e6 0348 | 3b06 488b 

  0x00007fa1281a9970: ;   {metadata(method data for {method} {0x00007fa0f44d1588} 'getHeight' '()I' in 'org/lwjgl/opengl/Display')}
  0x00007fa1281a9970: fe48 bb28 | 0dd2 f4a0 | 7f00 008b | 7f08 41ba | 0000 0081 | 4903 fa48 | 3bbb 2001 | 0000 750d 
  0x00007fa1281a9990: 4883 8328 | 0100 0001 | e960 0000 | 0048 3bbb | 3001 0000 | 750d 4883 | 8338 0100 | 0001 e94a 
  0x00007fa1281a99b0: 0000 0048 | 83bb 2001 | 0000 0075 | 1748 89bb | 2001 0000 | 48c7 8328 | 0100 0001 | 0000 00e9 
  0x00007fa1281a99d0: 2900 0000 | 4883 bb30 | 0100 0000 | 7517 4889 | bb30 0100 | 0048 c783 | 3801 0000 | 0100 0000 
  0x00007fa1281a99f0: e908 0000 | 0048 8383 | 1801 0000 | 018b 7610 | e907 0100 

  0x00007fa1281a9a04: ;   {oop(a 'java/lang/Class'{0x00000007ffcfb020} = 'org/lwjgl/opengl/Display')}
  0x00007fa1281a9a04: 0048 be20 | b0cf ff07 | 0000 008b | b684 0000 | 0048 c1e6 | 0348 85f6 

  0x00007fa1281a9a1c: ;   {metadata(method data for {method} {0x00007fa0f44d1588} 'getHeight' '()I' in 'org/lwjgl/opengl/Display')}
  0x00007fa1281a9a1c: 48bf 280d | d2f4 a07f | 0000 bb48 | 0100 0074 | 05bb 5801 | 0000 488b | 041f 488d | 4001 4889 
  0x00007fa1281a9a3c: 041f 0f84 | b800 0000 

  0x00007fa1281a9a44: ; implicit exception: dispatches to 0x00007fa1281abe4e
  0x00007fa1281a9a44: 483b 0648 

  0x00007fa1281a9a48: ;   {metadata(method data for {method} {0x00007fa0f44d1588} 'getHeight' '()I' in 'org/lwjgl/opengl/Display')}
  0x00007fa1281a9a48: 8bfe 48bb | 280d d2f4 | a07f 0000 | 8b7f 0841 | ba00 0000 | 8149 03fa | 483b bb70 | 0100 0075 
  0x00007fa1281a9a68: 0d48 8383 | 7801 0000 | 01e9 6000 | 0000 483b | bb80 0100 | 0075 0d48 | 8383 8801 | 0000 01e9 
  0x00007fa1281a9a88: 4a00 0000 | 4883 bb70 | 0100 0000 | 7517 4889 | bb70 0100 | 0048 c783 | 7801 0000 | 0100 0000 
  0x00007fa1281a9aa8: e929 0000 | 0048 83bb | 8001 0000 | 0075 1748 | 89bb 8001 | 0000 48c7 | 8388 0100 | 0001 0000 
  0x00007fa1281a9ac8: 00e9 0800 | 0000 4883 | 8368 0100 | 0001 0f1f | 8000 0000 | 0048 b8e8 | 168d 00a1 

  0x00007fa1281a9ae4: ;   {virtual_call}
  0x00007fa1281a9ae4: 7f00 00e8 

  0x00007fa1281a9ae8: ; ImmutableOopMap {[184]=Oop [192]=Oop [296]=Oop }
                      ;*invokevirtual getHeight {reexecute=0 rethrow=0 return_oop=0}
                      ; - org.lwjgl.opengl.Display::getHeight@22 (line 1346)
                      ; - com.badlogic.gdx.backends.lwjgl.LwjglApplication::mainLoop@472 (line 203)
  0x00007fa1281a9ae8: f4b1 1d07 

  0x00007fa1281a9aec: ;   {post_call_nop}
  0x00007fa1281a9aec: 0f1f 8400 | e430 0027 | 488b f0e9 | 1000 0000 

  0x00007fa1281a9afc: ;   {oop(a 'java/lang/Class'{0x00000007ffcfb020} = 'org/lwjgl/opengl/Display')}
  0x00007fa1281a9afc: 48be 20b0 | cfff 0700 | 0000 8bb6 | a800 0000 | 488b 9424 | 2801 0000 | 488b 9c24 | b800 0000 
  0x00007fa1281a9b1c: ;   {metadata(method data for {method} {0x00007fa0f4417f38} 'mainLoop' '()V' in 'com/badlogic/gdx/backends/lwjgl/LwjglApplication')}
  0x00007fa1281a9b1c: 48b9 20e1 | b1f5 a07f | 0000 4883 | 81c8 0700 | 0001 c5fa 

  0x00007fa1281a9b30: ;   {metadata(method data for {method} {0x00007fa0f44d1628} 'getPixelScaleFactor' '()F' in 'org/lwjgl/opengl/Display')}
  0x00007fa1281a9b30: 2ac6 48be | 98a9 c7f4 | a07f 0000 | 8b8e 9000 | 0000 83c1 | 0289 8e90 | 0000 0081 | e1fe ff1f 
  0x00007fa1281a9b50: 0085 c90f | 84fa 2200 

  0x00007fa1281a9b58: ;   {oop(a 'org/lwjgl/opengl/LinuxDisplay'{0x00000007ffcdebe0})}
  0x00007fa1281a9b58: 0048 bee0 | ebcd ff07 

  0x00007fa1281a9b60: ;   {metadata(method data for {method} {0x00007fa0f44d1628} 'getPixelScaleFactor' '()F' in 'org/lwjgl/opengl/Display')}
  0x00007fa1281a9b60: 0000 0048 | b998 a9c7 | f4a0 7f00 | 0048 8381 | e800 0000 

  0x00007fa1281a9b74: ;   {metadata(method data for {method} {0x00007fa0f44e6590} 'getPixelScaleFactor' '()F' in 'org/lwjgl/opengl/LinuxDisplay')}
  0x00007fa1281a9b74: 0148 bed8 | aac7 f4a0 | 7f00 008b | 8e90 0000 | 0083 c102 | 898e 9000 | 0000 81e1 | feff 1f00 
  0x00007fa1281a9b94: 85c9 0f84 | d822 0000 

  0x00007fa1281a9b9c: ;   {section_word}
  0x00007fa1281a9b9c: c5fa 5905 | 70cf ffff | c5fa 2cf0 | 81fe 0000 | 0080 750f | 4883 ec08 | c5fa 1104 

  0x00007fa1281a9bb8: ;   {runtime_call Stub::Stub Generator f2i_fixup_stub}
  0x00007fa1281a9bb8: 24e8 7cda | 1807 5e89 

  0x00007fa1281a9bc0: ;   {oop(a 'java/lang/Class'{0x00000007ffcdbd08} = 'com/badlogic/gdx/Gdx')}
  0x00007fa1281a9bc0: 7234 48be | 08bd cdff | 0700 0000 | 8bb6 9000 | 0000 48c1 | e603 8b53 | 1448 c1e2 | 038b 5244 
  0x00007fa1281a9be0: 48c1 e203 

  0x00007fa1281a9be4: ; implicit exception: dispatches to 0x00007fa1281abe9f
  0x00007fa1281a9be4: 8b4a 3044 | 8b42 3448 | 85f6 0f84 | 2500 0000 

  0x00007fa1281a9bf4: ;   {metadata('com/badlogic/gdx/backends/lwjgl/LwjglGL20')}
  0x00007fa1281a9bf4: 49b9 0080 | 0882 0000 | 0000 8b46 | 0841 ba00 | 0000 8149 | 03c2 4c3b | 4838 0f85 | 9022 0000 
  0x00007fa1281a9c14: e900 0000 | 0048 8bd6 

  0x00007fa1281a9c1c: ; implicit exception: dispatches to 0x00007fa1281abea9
                      ;   {metadata(method data for {method} {0x00007fa0f4417f38} 'mainLoop' '()V' in 'com/badlogic/gdx/backends/lwjgl/LwjglApplication')}
  0x00007fa1281a9c1c: 483b 0648 | ba20 e1b1 | f5a0 7f00 

  0x00007fa1281a9c28: ;   {metadata('com/badlogic/gdx/backends/lwjgl/LwjglGL20')}
  0x00007fa1281a9c28: 0049 ba00 | 8008 8200 | 0000 004c | 8992 e007 | 0000 4883 | 82e8 0700 

  0x00007fa1281a9c40: ;   {metadata(method data for {method} {0x00007fa0f45b8a78} 'glViewport' '(IIII)V' in 'com/badlogic/gdx/backends/lwjgl/LwjglGL20')}
  0x00007fa1281a9c40: 0001 48be | 48ad d7f4 | a07f 0000 | 8b96 9000 | 0000 83c2 | 0289 9690 | 0000 0081 | e2fe ff1f 
  0x00007fa1281a9c60: 0085 d20f | 8445 2200 

  0x00007fa1281a9c68: ;   {metadata(method data for {method} {0x00007fa0f45b8a78} 'glViewport' '(IIII)V' in 'com/badlogic/gdx/backends/lwjgl/LwjglGL20')}
  0x00007fa1281a9c68: 0048 be48 | add7 f4a0 | 7f00 0048 | 8386 d800 | 0000 01be | 0000 0000 | ba00 0000 | 0048 899c 
  0x00007fa1281a9c88: 24b8 0000 

  0x00007fa1281a9c8c: ;   {static_call}
  0x00007fa1281a9c8c: 0066 90e8 

  0x00007fa1281a9c90: ; ImmutableOopMap {[184]=Oop [192]=Oop }
                      ;*invokestatic glViewport {reexecute=0 rethrow=0 return_oop=0}
                      ; - com.badlogic.gdx.backends.lwjgl.LwjglGL20::glViewport@5 (line 839)
                      ; - com.badlogic.gdx.backends.lwjgl.LwjglApplication::mainLoop@509 (line 204)
  0x00007fa1281a9c90: 4cb3 1d07 

  0x00007fa1281a9c94: ;   {post_call_nop}
  0x00007fa1281a9c94: 0f1f 8400 | 8c32 0028 | 488b 9c24 | b800 0000 | 8b73 2848 | c1e6 0348 

  0x00007fa1281a9cac: ;   {metadata(method data for {method} {0x00007fa0f4417f38} 'mainLoop' '()V' in 'com/badlogic/gdx/backends/lwjgl/LwjglApplication')}
  0x00007fa1281a9cac: 85f6 48ba | 20e1 b1f5 | a07f 0000 | b908 0800 | 0074 05b9 | 1808 0000 | 488b 3c0a | 488d 7f01 
  0x00007fa1281a9ccc: 4889 3c0a | 0f84 9600 | 0000 8b53 | 1448 c1e2 | 038b 5244 | 48c1 e203 

  0x00007fa1281a9ce4: ; implicit exception: dispatches to 0x00007fa1281abed4
  0x00007fa1281a9ce4: 8b4a 308b | 7a34 4885 | f60f 8426 

  0x00007fa1281a9cf0: ;   {metadata('age/of/civilizations2/jakowski/lukasz/AoCGame')}
  0x00007fa1281a9cf0: 0000 0049 | b960 6504 | 8200 0000 | 0044 8b46 | 0841 ba00 | 0000 814d | 03c2 4d3b | 4840 0f85 
  0x00007fa1281a9d10: c521 0000 | e900 0000 | 0048 8bd6 

  0x00007fa1281a9d1c: ; implicit exception: dispatches to 0x00007fa1281abede
  0x00007fa1281a9d1c: 483b 0648 

  0x00007fa1281a9d20: ;   {metadata(method data for {method} {0x00007fa0f4417f38} 'mainLoop' '()V' in 'com/badlogic/gdx/backends/lwjgl/LwjglApplication')}
  0x00007fa1281a9d20: 8bd6 48b8 | 20e1 b1f5 | a07f 0000 

  0x00007fa1281a9d2c: ;   {metadata('age/of/civilizations2/jakowski/lukasz/AoCGame')}
  0x00007fa1281a9d2c: 49ba 6065 | 0482 0000 | 0000 4c89 | 9030 0800 | 0048 8380 | 3808 0000 | 0148 8bd1 | 488b cf48 
  0x00007fa1281a9d4c: 899c 24b8 | 0000 000f 

  0x00007fa1281a9d54: ;   {optimized virtual_call}
  0x00007fa1281a9d54: 1f40 00e8 

  0x00007fa1281a9d58: ; ImmutableOopMap {[184]=Oop [192]=Oop }
                      ;*invokeinterface resize {reexecute=0 rethrow=0 return_oop=0}
                      ; - com.badlogic.gdx.backends.lwjgl.LwjglApplication::mainLoop@545 (line 205)
  0x00007fa1281a9d58: 84ac 1d07 

  0x00007fa1281a9d5c: ;   {post_call_nop}
  0x00007fa1281a9d5c: 0f1f 8400 | 5433 0029 | 488b 9c24 | b800 0000 | 8b73 1448 | c1e6 0348 | 3b06 488b 

  0x00007fa1281a9d78: ;   {metadata(method data for {method} {0x00007fa0f4417f38} 'mainLoop' '()V' in 'com/badlogic/gdx/backends/lwjgl/LwjglApplication')}
  0x00007fa1281a9d78: c648 bf20 | e1b1 f5a0 

  0x00007fa1281a9d80: ;   {metadata('com/badlogic/gdx/backends/lwjgl/LwjglGraphics')}
  0x00007fa1281a9d80: 7f00 0049 | ba00 8004 | 8200 0000 | 004c 8997 | 6008 0000 | 4883 8768 | 0800 0001 

  0x00007fa1281a9d9c: ;   {metadata(method data for {method} {0x00007fa0f443f910} 'requestRendering' '()V' in 'com/badlogic/gdx/backends/lwjgl/LwjglGraphics')}
  0x00007fa1281a9d9c: 48b8 c8c3 | d8f4 a07f | 0000 8bb8 | 9000 0000 | 83c7 0289 | b890 0000 | 0081 e7fe | ff1f 0085 
  0x00007fa1281a9dbc: ff0f 8425 | 2100 0048 | 8dbc 2468 | 0100 0048 | 8977 0848 | 8b06 418b | 97c0 0700 | 0081 fa10 
  0x00007fa1281a9ddc: 0800 000f | 8d24 2100 | 0049 3b74 | 17f8 0f84 | 2500 0000 | a802 0f85 | 1121 0000 | 488b d048 
  0x00007fa1281a9dfc: 83e2 fe48 | 83c8 01f0 | 480f b116 | 0f85 fb20 | 0000 418b | 97c0 0700 | 0049 8934 | 1783 c208 
  0x00007fa1281a9e1c: 4189 97c0 | 0700 00b8 | 0100 0000 | 8846 33f0 | 8344 24c0 | 0048 8d84 | 2468 0100 | 0048 8b78 
  0x00007fa1281a9e3c: 0841 8bb7 | c007 0000 | 493b 7c37 | f80f 85cd | 2000 0041 | 83af c007 | 0000 0849 | 3b7c 37f0 
  0x00007fa1281a9e5c: 0f84 2a00 | 0000 488b | 07a8 020f | 8512 0000 | 0048 8bf0 | 4883 ce01 | f048 0fb1 | 370f 840d 
  0x00007fa1281a9e7c: 0000 0041 | 8387 c007 | 0000 08e9 | 9020 0000 

  0x00007fa1281a9e8c: ;   {metadata(method data for {method} {0x00007fa0f443f910} 'requestRendering' '()V' in 'com/badlogic/gdx/backends/lwjgl/LwjglGraphics')}
  0x00007fa1281a9e8c: 48be c8c3 | d8f4 a07f | 0000 ff86 | d800 0000 | 8b84 24cc | 0000 008b | b424 c800 | 0000 bf00 
  0x00007fa1281a9eac: 0000 0089 | bc24 3001 | 0000 8984 | 2434 0100 | 0089 b424 | 3801 0000 

  0x00007fa1281a9ec4: ;   {metadata(method data for {method} {0x00007fa0f4417f38} 'mainLoop' '()V' in 'com/badlogic/gdx/backends/lwjgl/LwjglApplication')}
  0x00007fa1281a9ec4: 488b d348 | b920 e1b1 | f5a0 7f00 

  0x00007fa1281a9ed0: ;   {metadata('com/badlogic/gdx/backends/lwjgl/LwjglApplication')}
  0x00007fa1281a9ed0: 0049 ba00 | 4004 8200 | 0000 004c | 8991 9008 | 0000 4883 | 8198 0800 | 0001 488b | f348 899c 
  0x00007fa1281a9ef0: 24b8 0000 

  0x00007fa1281a9ef4: ;   {optimized virtual_call}
  0x00007fa1281a9ef4: 0066 90e8 

  0x00007fa1281a9ef8: ; ImmutableOopMap {[184]=Oop [192]=Oop }
                      ;*invokevirtual executeRunnables {reexecute=0 rethrow=0 return_oop=0}
                      ; - com.badlogic.gdx.backends.lwjgl.LwjglApplication::mainLoop@558 (line 210)
  0x00007fa1281a9ef8: 1473 7607 

  0x00007fa1281a9efc: ;   {post_call_nop}
  0x00007fa1281a9efc: 0f1f 8400 | f434 002a 

  0x00007fa1281a9f04: ;   {metadata(method data for {method} {0x00007fa0f4417f38} 'mainLoop' '()V' in 'com/badlogic/gdx/backends/lwjgl/LwjglApplication')}
  0x00007fa1281a9f04: 85c0 48be | 20e1 b1f5 | a07f 0000 | bfc8 0800 | 0075 05bf | b808 0000 | 488b 1c3e | 488d 5b01 
  0x00007fa1281a9f24: 4889 1c3e | 0f85 0c00 | 0000 8bbc | 2430 0100 | 00e9 0500 | 0000 bf01 | 0000 0048 | 8b9c 24b8 
  0x00007fa1281a9f44: 0000 000f | be73 1085 

  0x00007fa1281a9f4c: ;   {metadata(method data for {method} {0x00007fa0f4417f38} 'mainLoop' '()V' in 'com/badlogic/gdx/backends/lwjgl/LwjglApplication')}
  0x00007fa1281a9f4c: f648 be20 | e1b1 f5a0 | 7f00 00b8 | e808 0000 | 7405 b8d8 | 0800 0048 | 8b14 0648 | 8d52 0148 
  0x00007fa1281a9f6c: 8914 060f | 84c1 0800 | 0089 bc24 | 3c01 0000 | 8b43 2048 | c1e0 0348 | 3b00 488b 

  0x00007fa1281a9f88: ;   {metadata(method data for {method} {0x00007fa0f4417f38} 'mainLoop' '()V' in 'com/badlogic/gdx/backends/lwjgl/LwjglApplication')}
  0x00007fa1281a9f88: f048 ba20 | e1b1 f5a0 | 7f00 008b | 7608 41ba | 0000 0081 | 4903 f248 | 3bb2 1809 | 0000 750d 
  0x00007fa1281a9fa8: 4883 8220 | 0900 0001 | e960 0000 | 0048 3bb2 | 2809 0000 | 750d 4883 | 8230 0900 | 0001 e94a 
  0x00007fa1281a9fc8: 0000 0048 | 83ba 1809 | 0000 0075 | 1748 89b2 | 1809 0000 | 48c7 8220 | 0900 0001 | 0000 00e9 
  0x00007fa1281a9fe8: 2900 0000 | 4883 ba28 | 0900 0000 | 7517 4889 | b228 0900 | 0048 c782 | 3009 0000 | 0100 0000 
  0x00007fa1281aa008: e908 0000 | 0048 8382 | 1009 0000 

  0x00007fa1281aa014: ;   {metadata(method data for {method} {0x00007fa0f44b5950} 'update' '()V' in 'com/badlogic/gdx/backends/lwjgl/LwjglInput')}
  0x00007fa1281aa014: 0148 be70 | f6d9 f4a0 | 7f00 008b | 9690 0000 | 0083 c202 | 8996 9000 | 0000 81e2 | feff 1f00 
  0x00007fa1281aa034: 85d2 0f84 | fb1e 0000 

  0x00007fa1281aa03c: ;   {metadata(method data for {method} {0x00007fa0f44b5950} 'update' '()V' in 'com/badlogic/gdx/backends/lwjgl/LwjglInput')}
  0x00007fa1281aa03c: 488b f048 | ba70 f6d9 | f4a0 7f00 | 008b 7608 | 41ba 0000 | 0081 4903 | f248 3bb2 | e000 0000 
  0x00007fa1281aa05c: 750d 4883 | 82e8 0000 | 0001 e960 | 0000 0048 | 3bb2 f000 | 0000 750d | 4883 82f8 | 0000 0001 
  0x00007fa1281aa07c: e94a 0000 | 0048 83ba | e000 0000 | 0075 1748 | 89b2 e000 | 0000 48c7 | 82e8 0000 | 0001 0000 
  0x00007fa1281aa09c: 00e9 2900 | 0000 4883 | baf0 0000 | 0000 7517 | 4889 b2f0 | 0000 0048 | c782 f800 | 0000 0100 
  0x00007fa1281aa0bc: 0000 e908 | 0000 0048 | 8382 d800 | 0000 0148 | 8bf0 4889 | 9c24 b800 | 0000 4889 | 8424 4001 
  0x00007fa1281aa0dc: ;   {optimized virtual_call}
  0x00007fa1281aa0dc: 0000 90e8 

  0x00007fa1281aa0e0: ; ImmutableOopMap {[184]=Oop [192]=Oop [320]=Oop }
                      ;*invokevirtual updateTime {reexecute=0 rethrow=0 return_oop=0}
                      ; - com.badlogic.gdx.backends.lwjgl.LwjglInput::update@1 (line 775)
                      ; - com.badlogic.gdx.backends.lwjgl.LwjglApplication::mainLoop@581 (line 215)
  0x00007fa1281aa0e0: ccf3 3108 

  0x00007fa1281aa0e4: ;   {post_call_nop}
  0x00007fa1281aa0e4: 0f1f 8400 | dc36 002b | 488b 8424 | 4001 0000 

  0x00007fa1281aa0f4: ;   {metadata(method data for {method} {0x00007fa0f44b5950} 'update' '()V' in 'com/badlogic/gdx/backends/lwjgl/LwjglInput')}
  0x00007fa1281aa0f4: 48be 70f6 | d9f4 a07f | 0000 8b40 | 0841 ba00 | 0000 8149 | 03c2 483b | 8610 0100 | 0075 0d48 
  0x00007fa1281aa114: 8386 1801 | 0000 01e9 | 6000 0000 | 483b 8620 | 0100 0075 | 0d48 8386 | 2801 0000 | 01e9 4a00 
  0x00007fa1281aa134: 0000 4883 | be10 0100 | 0000 7517 | 4889 8610 | 0100 0048 | c786 1801 | 0000 0100 | 0000 e929 
  0x00007fa1281aa154: 0000 0048 | 83be 2001 | 0000 0075 | 1748 8986 | 2001 0000 | 48c7 8628 | 0100 0001 | 0000 00e9 
  0x00007fa1281aa174: 0800 0000 | 4883 8608 | 0100 0001 | 488b b424 | 4001 0000 | 0f1f 8000 

  0x00007fa1281aa18c: ;   {optimized virtual_call}
  0x00007fa1281aa18c: 0000 00e8 

  0x00007fa1281aa190: ; ImmutableOopMap {[184]=Oop [192]=Oop [320]=Oop }
                      ;*invokevirtual updateMouse {reexecute=0 rethrow=0 return_oop=0}
                      ; - com.badlogic.gdx.backends.lwjgl.LwjglInput::update@5 (line 776)
                      ; - com.badlogic.gdx.backends.lwjgl.LwjglApplication::mainLoop@581 (line 215)
  0x00007fa1281aa190: 9c91 9707 

  0x00007fa1281aa194: ;   {post_call_nop}
  0x00007fa1281aa194: 0f1f 8400 | 8c37 002c | 488b 8424 | 4001 0000 

  0x00007fa1281aa1a4: ;   {metadata(method data for {method} {0x00007fa0f44b5950} 'update' '()V' in 'com/badlogic/gdx/backends/lwjgl/LwjglInput')}
  0x00007fa1281aa1a4: 48be 70f6 | d9f4 a07f | 0000 8b40 | 0841 ba00 | 0000 8149 | 03c2 483b | 8640 0100 | 0075 0d48 
  0x00007fa1281aa1c4: 8386 4801 | 0000 01e9 | 6000 0000 | 483b 8650 | 0100 0075 | 0d48 8386 | 5801 0000 | 01e9 4a00 
  0x00007fa1281aa1e4: 0000 4883 | be40 0100 | 0000 7517 | 4889 8640 | 0100 0048 | c786 4801 | 0000 0100 | 0000 e929 
  0x00007fa1281aa204: 0000 0048 | 83be 5001 | 0000 0075 | 1748 8986 | 5001 0000 | 48c7 8658 | 0100 0001 | 0000 00e9 
  0x00007fa1281aa224: 0800 0000 | 4883 8638 | 0100 0001 | 488b b424 | 4001 0000 | 0f1f 8000 

  0x00007fa1281aa23c: ;   {optimized virtual_call}
  0x00007fa1281aa23c: 0000 00e8 

  0x00007fa1281aa240: ; ImmutableOopMap {[184]=Oop [192]=Oop }
                      ;*invokevirtual updateKeyboard {reexecute=0 rethrow=0 return_oop=0}
                      ; - com.badlogic.gdx.backends.lwjgl.LwjglInput::update@9 (line 777)
                      ; - com.badlogic.gdx.backends.lwjgl.LwjglApplication::mainLoop@581 (line 215)
  0x00007fa1281aa240: 4c5d e707 

  0x00007fa1281aa244: ;   {post_call_nop}
  0x00007fa1281aa244: 0f1f 8400 | 3c38 002d | 488b 9c24 | b800 0000 | 8b73 1448 | c1e6 0348 | 3b06 488b 

  0x00007fa1281aa260: ;   {metadata(method data for {method} {0x00007fa0f4417f38} 'mainLoop' '()V' in 'com/badlogic/gdx/backends/lwjgl/LwjglApplication')}
  0x00007fa1281aa260: fe48 b820 | e1b1 f5a0 

  0x00007fa1281aa268: ;   {metadata('com/badlogic/gdx/backends/lwjgl/LwjglGraphics')}
  0x00007fa1281aa268: 7f00 0049 | ba00 8004 | 8200 0000 | 004c 8990 | 4809 0000 | 4883 8050 | 0900 0001 | 4889 9c24 
  0x00007fa1281aa288: b800 0000 

  0x00007fa1281aa28c: ;   {optimized virtual_call}
  0x00007fa1281aa28c: 6666 90e8 

  0x00007fa1281aa290: ; ImmutableOopMap {[184]=Oop [192]=Oop }
                      ;*invokevirtual shouldRender {reexecute=0 rethrow=0 return_oop=0}
                      ; - com.badlogic.gdx.backends.lwjgl.LwjglApplication::mainLoop@590 (line 216)
  0x00007fa1281aa290: 7c39 8407 

  0x00007fa1281aa294: ;   {post_call_nop}
  0x00007fa1281aa294: 0f1f 8400 | 8c38 002e | 0b84 243c | 0100 0048 | 8b9c 24b8 | 0000 008b | 7320 48c1 | e603 483b 
  0x00007fa1281aa2b4: 0648 8bfe 

  0x00007fa1281aa2b8: ;   {metadata(method data for {method} {0x00007fa0f4417f38} 'mainLoop' '()V' in 'com/badlogic/gdx/backends/lwjgl/LwjglApplication')}
  0x00007fa1281aa2b8: 48ba 20e1 | b1f5 a07f | 0000 8b7f | 0841 ba00 | 0000 8149 | 03fa 483b | ba78 0900 | 0075 0d48 
  0x00007fa1281aa2d8: 8382 8009 | 0000 01e9 | 6000 0000 | 483b ba88 | 0900 0075 | 0d48 8382 | 9009 0000 | 01e9 4a00 
  0x00007fa1281aa2f8: 0000 4883 | ba78 0900 | 0000 7517 | 4889 ba78 | 0900 0048 | c782 8009 | 0000 0100 | 0000 e929 
  0x00007fa1281aa318: 0000 0048 | 83ba 8809 | 0000 0075 | 1748 89ba | 8809 0000 | 48c7 8290 | 0900 0001 | 0000 00e9 
  0x00007fa1281aa338: 0800 0000 | 4883 8270 | 0900 0001 | 8984 2448 | 0100 0048 | 899c 24b8 | 0000 000f 

  0x00007fa1281aa354: ;   {optimized virtual_call}
  0x00007fa1281aa354: 1f40 00e8 

  0x00007fa1281aa358: ; ImmutableOopMap {[184]=Oop [192]=Oop }
                      ;*invokevirtual processEvents {reexecute=0 rethrow=0 return_oop=0}
                      ; - com.badlogic.gdx.backends.lwjgl.LwjglApplication::mainLoop@600 (line 217)
  0x00007fa1281aa358: 5414 0708 

  0x00007fa1281aa35c: ;   {post_call_nop}
  0x00007fa1281aa35c: 0f1f 8400 | 5439 002f | 488b 9c24 | b800 0000 | 8b73 1848 | c1e6 0348 

  0x00007fa1281aa374: ;   {metadata(method data for {method} {0x00007fa0f4417f38} 'mainLoop' '()V' in 'com/badlogic/gdx/backends/lwjgl/LwjglApplication')}
  0x00007fa1281aa374: 85f6 48bf | 20e1 b1f5 | a07f 0000 | b8b0 0900 | 0075 05b8 | a009 0000 | 488b 1407 | 488d 5201 
  0x00007fa1281aa394: 4889 1407 | 0f85 1400 | 0000 8b84 | 24d8 0000 | 0048 899c | 24b8 0000 | 00e9 4900 | 0000 4889 
  0x00007fa1281aa3b4: 9c24 b800 | 0000 483b | 0648 8bfe 

  0x00007fa1281aa3c0: ;   {metadata(method data for {method} {0x00007fa0f4417f38} 'mainLoop' '()V' in 'com/badlogic/gdx/backends/lwjgl/LwjglApplication')}
  0x00007fa1281aa3c0: 48b8 20e1 | b1f5 a07f 

  0x00007fa1281aa3c8: ;   {metadata('com/badlogic/gdx/backends/lwjgl/audio/OpenALAudio')}
  0x00007fa1281aa3c8: 0000 49ba | 20b1 0482 | 0000 0000 | 4c89 90c8 | 0900 0048 | 8380 d009 | 0000 010f 

  0x00007fa1281aa3e4: ;   {optimized virtual_call}
  0x00007fa1281aa3e4: 1f40 00e8 

  0x00007fa1281aa3e8: ; ImmutableOopMap {[184]=Oop [192]=Oop }
                      ;*invokevirtual update {reexecute=0 rethrow=0 return_oop=0}
                      ; - com.badlogic.gdx.backends.lwjgl.LwjglApplication::mainLoop@614 (line 218)
  0x00007fa1281aa3e8: 245d 8407 

  0x00007fa1281aa3ec: ;   {post_call_nop}
  0x00007fa1281aa3ec: 0f1f 8400 | e439 0030 | 8b84 24d8 | 0000 0085 

  0x00007fa1281aa3fc: ;   {metadata(method data for {method} {0x00007fa0f4417f38} 'mainLoop' '()V' in 'com/badlogic/gdx/backends/lwjgl/LwjglApplication')}
  0x00007fa1281aa3fc: c048 be20 | e1b1 f5a0 | 7f00 00bf | 000a 0000 | 7405 bff0 | 0900 0048 | 8b1c 3e48 | 8d5b 0148 
  0x00007fa1281aa41c: 891c 3e0f | 8414 0000 | 008b b424 | 4801 0000 | 488b 9c24 | b800 0000 | e955 0000 | 0048 8b9c 
  0x00007fa1281aa43c: 24b8 0000 | 008b 7314 | 48c1 e603 

  0x00007fa1281aa448: ; implicit exception: dispatches to 0x00007fa1281abf67
  0x00007fa1281aa448: 8b76 4448 | c1e6 038b | 7654 83fe 

  0x00007fa1281aa454: ;   {metadata(method data for {method} {0x00007fa0f4417f38} 'mainLoop' '()V' in 'com/badlogic/gdx/backends/lwjgl/LwjglApplication')}
  0x00007fa1281aa454: ff48 be20 | e1b1 f5a0 | 7f00 00bf | 200a 0000 | 7405 bf10 | 0a00 0048 | 8b14 3e48 | 8d52 0148 
  0x00007fa1281aa474: 8914 3e0f | 840c 0000 | 008b b424 | 4801 0000 | e905 0000 | 00be 0000 | 0000 85c0 

  0x00007fa1281aa490: ;   {metadata(method data for {method} {0x00007fa0f4417f38} 'mainLoop' '()V' in 'com/badlogic/gdx/backends/lwjgl/LwjglApplication')}
  0x00007fa1281aa490: 48bf 20e1 | b1f5 a07f | 0000 b830 | 0a00 0074 | 05b8 400a | 0000 488b | 1407 488d | 5201 4889 
  0x00007fa1281aa4b0: 1407 0f84 | 2600 0000 | 8b7b 1448 | c1e7 038b | 7f44 48c1 | e703 8b7f 

  0x00007fa1281aa4c8: ;   {metadata(method data for {method} {0x00007fa0f4417f38} 'mainLoop' '()V' in 'com/badlogic/gdx/backends/lwjgl/LwjglApplication')}
  0x00007fa1281aa4c8: 5048 b820 | e1b1 f5a0 | 7f00 00ff | 8050 0a00 | 00e9 1100 | 0000 8b7b | 1448 c1e7 | 038b 7f44 
  0x00007fa1281aa4e8: 48c1 e703 

  0x00007fa1281aa4ec: ; implicit exception: dispatches to 0x00007fa1281abf80
  0x00007fa1281aa4ec: 8b7f 5485 

  0x00007fa1281aa4f0: ;   {metadata(method data for {method} {0x00007fa0f4417f38} 'mainLoop' '()V' in 'com/badlogic/gdx/backends/lwjgl/LwjglApplication')}
  0x00007fa1281aa4f0: f648 be20 | e1b1 f5a0 | 7f00 00b8 | 680a 0000 | 7405 b878 | 0a00 0048 | 8b14 0648 | 8d52 0148 
  0x00007fa1281aa510: 8914 060f | 8437 0100 | 0089 bc24 | 4c01 0000 | 8b73 1448 | c1e6 0348 | 3b06 488b 

  0x00007fa1281aa52c: ;   {metadata(method data for {method} {0x00007fa0f4417f38} 'mainLoop' '()V' in 'com/badlogic/gdx/backends/lwjgl/LwjglApplication')}
  0x00007fa1281aa52c: c648 ba20 | e1b1 f5a0 

  0x00007fa1281aa534: ;   {metadata('com/badlogic/gdx/backends/lwjgl/LwjglGraphics')}
  0x00007fa1281aa534: 7f00 0049 | ba00 8004 | 8200 0000 | 004c 8992 | 900a 0000 | 4883 8298 | 0a00 0001 | 4889 9c24 
  0x00007fa1281aa554: b800 0000 | 0f1f 8000 

  0x00007fa1281aa55c: ;   {optimized virtual_call}
  0x00007fa1281aa55c: 0000 00e8 

  0x00007fa1281aa560: ; ImmutableOopMap {[184]=Oop [192]=Oop }
                      ;*invokevirtual updateTime {reexecute=0 rethrow=0 return_oop=0}
                      ; - com.badlogic.gdx.backends.lwjgl.LwjglApplication::mainLoop@678 (line 223)
  0x00007fa1281aa560: cc58 8407 

  0x00007fa1281aa564: ;   {post_call_nop}
  0x00007fa1281aa564: 0f1f 8400 | 5c3b 0031 | 488b 9c24 | b800 0000 | 8b73 1448 | c1e6 0348 | 8b7e 1041 | ba01 0000 
  0x00007fa1281aa584: 0049 03fa | 4889 7e10 | 8b73 2848 | c1e6 0348 | 85f6 0f84 | 2500 0000 

  0x00007fa1281aa59c: ;   {metadata('age/of/civilizations2/jakowski/lukasz/AoCGame')}
  0x00007fa1281aa59c: 48b9 6065 | 0482 0000 | 0000 8b56 | 0841 ba00 | 0000 8149 | 03d2 483b | 4a40 0f85 | d319 0000 
  0x00007fa1281aa5bc: e900 0000 | 0048 8bfe 

  0x00007fa1281aa5c4: ; implicit exception: dispatches to 0x00007fa1281abf94
  0x00007fa1281aa5c4: 483b 0648 

  0x00007fa1281aa5c8: ;   {metadata(method data for {method} {0x00007fa0f4417f38} 'mainLoop' '()V' in 'com/badlogic/gdx/backends/lwjgl/LwjglApplication')}
  0x00007fa1281aa5c8: 8bfe 48b8 | 20e1 b1f5 | a07f 0000 

  0x00007fa1281aa5d4: ;   {metadata('age/of/civilizations2/jakowski/lukasz/AoCGame')}
  0x00007fa1281aa5d4: 49ba 6065 | 0482 0000 | 0000 4c89 | 90c0 0a00 | 0048 8380 | c80a 0000 | 0148 899c | 24b8 0000 
  0x00007fa1281aa5f4: ;   {optimized virtual_call}
  0x00007fa1281aa5f4: 0066 90e8 

  0x00007fa1281aa5f8: ; ImmutableOopMap {[184]=Oop [192]=Oop }
                      ;*invokeinterface render {reexecute=0 rethrow=0 return_oop=0}
                      ; - com.badlogic.gdx.backends.lwjgl.LwjglApplication::mainLoop@698 (line 225)
  0x00007fa1281aa5f8: e4a3 1d07 

  0x00007fa1281aa5fc: ;   {post_call_nop}
  0x00007fa1281aa5fc: 0f1f 8400 | f43b 0032 

  0x00007fa1281aa604: ;   {metadata(method data for {method} {0x00007fa0f4417f38} 'mainLoop' '()V' in 'com/badlogic/gdx/backends/lwjgl/LwjglApplication')}
  0x00007fa1281aa604: 48be 20e1 | b1f5 a07f | 0000 4883 | 86e8 0a00 | 0001 be00 | 0000 000f 

  0x00007fa1281aa61c: ;   {static_call}
  0x00007fa1281aa61c: 1f40 00e8 

  0x00007fa1281aa620: ; ImmutableOopMap {[184]=Oop [192]=Oop }
                      ;*invokestatic update {reexecute=0 rethrow=0 return_oop=0}
                      ; - com.badlogic.gdx.backends.lwjgl.LwjglApplication::mainLoop@704 (line 226)
  0x00007fa1281aa620: dc94 dc07 

  0x00007fa1281aa624: ;   {post_call_nop}
  0x00007fa1281aa624: 0f1f 8400 | 1c3c 0033 

  0x00007fa1281aa62c: ;   {metadata(method data for {method} {0x00007fa0f4417f38} 'mainLoop' '()V' in 'com/badlogic/gdx/backends/lwjgl/LwjglApplication')}
  0x00007fa1281aa62c: 48be 20e1 | b1f5 a07f | 0000 ff86 | f80a 0000 | 8bbc 244c | 0100 0048 | 8b9c 24b8 | 0000 00e9 
  0x00007fa1281aa64c: ad00 0000 | 4889 9c24 | b800 0000 

  0x00007fa1281aa658: ;   {metadata(method data for {method} {0x00007fa0f4417f38} 'mainLoop' '()V' in 'com/badlogic/gdx/backends/lwjgl/LwjglApplication')}
  0x00007fa1281aa658: 83ff ff48 | be20 e1b1 | f5a0 7f00 | 00bb 100b | 0000 7505 | bb20 0b00 | 0048 8b04 | 1e48 8d40 
  0x00007fa1281aa678: 0148 8904 | 1e0f 8505 | 0000 00bf | 0a00 0000 

  0x00007fa1281aa688: ;   {metadata(method data for {method} {0x00007fa0f4417f38} 'mainLoop' '()V' in 'com/badlogic/gdx/backends/lwjgl/LwjglApplication')}
  0x00007fa1281aa688: 85ff 48be | 20e1 b1f5 | a07f 0000 | bb30 0b00 | 0075 05bb | 400b 0000 | 488b 041e | 488d 4001 
  0x00007fa1281aa6a8: 4889 041e | 488b 9c24 | b800 0000 | 0f85 1400 | 0000 8b73 | 1448 c1e6 | 038b 7644 | 48c1 e603 
  0x00007fa1281aa6c8: ; implicit exception: dispatches to 0x00007fa1281abf9e
  0x00007fa1281aa6c8: 8b76 5448 | 8bfe 85ff 

  0x00007fa1281aa6d0: ;   {metadata(method data for {method} {0x00007fa0f4417f38} 'mainLoop' '()V' in 'com/badlogic/gdx/backends/lwjgl/LwjglApplication')}
  0x00007fa1281aa6d0: 48be 20e1 | b1f5 a07f | 0000 b850 | 0b00 0075 | 05b8 600b | 0000 488b | 1406 488d | 5201 4889 
  0x00007fa1281aa6f0: 1406 0f85 | 0500 0000 | bf1e 0000 

  0x00007fa1281aa6fc: ;   {metadata(method data for {method} {0x00007fa0f4417f38} 'mainLoop' '()V' in 'com/badlogic/gdx/backends/lwjgl/LwjglApplication')}
  0x00007fa1281aa6fc: 0085 ff48 | be20 e1b1 | f5a0 7f00 | 00b8 800b | 0000 7f05 | b870 0b00 | 0048 8b14 | 0648 8d52 
  0x00007fa1281aa71c: 0148 8914 | 060f 8f22 | 0000 008b | 8424 3401 | 0000 8bb4 | 2438 0100 | 008b 9424 | f400 0000 
  0x00007fa1281aa73c: 4889 9c24 | b800 0000 | e978 0000 | 0048 899c | 24b8 0000 

  0x00007fa1281aa750: ;   {metadata(method data for {method} {0x00007fa0f4417f38} 'mainLoop' '()V' in 'com/badlogic/gdx/backends/lwjgl/LwjglApplication')}
  0x00007fa1281aa750: 0048 be20 | e1b1 f5a0 | 7f00 0048 | 8386 900b 

  0x00007fa1281aa760: ;   {metadata(method data for {method} {0x00007fa0f44ce588} 'sync' '(I)V' in 'org/lwjgl/opengl/Display')}
  0x00007fa1281aa760: 0000 0148 | be88 18da | f4a0 7f00 | 008b 8690 | 0000 0083 | c002 8986 | 9000 0000 | 25fe ff1f 
  0x00007fa1281aa780: 0085 c00f | 841a 1800 

  0x00007fa1281aa788: ;   {metadata(method data for {method} {0x00007fa0f44ce588} 'sync' '(I)V' in 'org/lwjgl/opengl/Display')}
  0x00007fa1281aa788: 0048 be88 | 18da f4a0 | 7f00 0048 | 8386 d800 | 0000 0148 

  0x00007fa1281aa79c: ;   {static_call}
  0x00007fa1281aa79c: 8bf7 90e8 

  0x00007fa1281aa7a0: ; ImmutableOopMap {[184]=Oop [192]=Oop }
                      ;*invokestatic sync {reexecute=0 rethrow=0 return_oop=0}
                      ; - org.lwjgl.opengl.Display::sync@1 (line 411)
                      ; - com.badlogic.gdx.backends.lwjgl.LwjglApplication::mainLoop@753 (line 233)
  0x00007fa1281aa7a0: 7c03 9807 

  0x00007fa1281aa7a4: ;   {post_call_nop}
  0x00007fa1281aa7a4: 0f1f 8400 | 9c3d 0034 | 8b84 2434 | 0100 008b | b424 3801 | 0000 8b94 | 24f4 0000 

  0x00007fa1281aa7c0: ;   {metadata(method data for {method} {0x00007fa0f4417f38} 'mainLoop' '()V' in 'com/badlogic/gdx/backends/lwjgl/LwjglApplication')}
  0x00007fa1281aa7c0: 0048 bf20 | e1b1 f5a0 | 7f00 008b | 9f94 0000 | 0083 c302 | 899f 9400 | 0000 81e3 | fe3f 0000 
  0x00007fa1281aa7e0: 85db 0f84 | dc17 0000 

  0x00007fa1281aa7e8: ; ImmutableOopMap {[184]=Oop [192]=Oop }
                      ;*goto {reexecute=1 rethrow=0 return_oop=0}
                      ; - (reexecute) com.badlogic.gdx.backends.lwjgl.LwjglApplication::mainLoop@756 (line 234)
  0x00007fa1281aa7e8: 4d8b 5730 

  0x00007fa1281aa7ec: ;   {poll}
  0x00007fa1281aa7ec: 4185 0248 | bf20 e1b1 | f5a0 7f00 | 00ff 87a0 | 0b00 0089 | 9424 a400 | 0000 8984 | 24cc 0000 
  0x00007fa1281aa80c: 0089 b424 | c800 0000 | 488b 9c24 | b800 0000 | e977 ceff | ff48 8bbc | 24c0 0000 | 0048 899c 
  0x00007fa1281aa82c: 24b8 0000 | 00e9 2000 | 0000 4889 | 9c24 b800 

  0x00007fa1281aa83c: ;   {metadata(method data for {method} {0x00007fa0f4417f38} 'mainLoop' '()V' in 'com/badlogic/gdx/backends/lwjgl/LwjglApplication')}
  0x00007fa1281aa83c: 0000 48b8 | 20e1 b1f5 | a07f 0000 | ff80 f808 | 0000 488b | bc24 c000 | 0000 488d | b424 6801 
  0x00007fa1281aa85c: 0000 4889 | 7e08 488b | 0741 8b9f | c007 0000 | 81fb 1008 | 0000 0f8d | 7217 0000 | 493b 7c1f 
  0x00007fa1281aa87c: f80f 8425 | 0000 00a8 | 020f 855f | 1700 0048 | 8bd8 4883 | e3fe 4883 | c801 f048 | 0fb1 1f0f 
  0x00007fa1281aa89c: 8549 1700 | 0041 8b9f | c007 0000 | 4989 3c1f | 83c3 0841 | 899f c007 | 0000 488b 

  0x00007fa1281aa8b8: ;   {metadata(method data for {method} {0x00007fa0f4417f38} 'mainLoop' '()V' in 'com/badlogic/gdx/backends/lwjgl/LwjglApplication')}
  0x00007fa1281aa8b8: f748 bb20 | e1b1 f5a0 

  0x00007fa1281aa8c0: ;   {metadata('com/badlogic/gdx/utils/SnapshotArray')}
  0x00007fa1281aa8c0: 7f00 0049 | ba68 9504 | 8200 0000 | 004c 8993 | c00b 0000 | 4883 83c8 | 0b00 0001 

  0x00007fa1281aa8dc: ;   {metadata(method data for {method} {0x00007fa0f4452018} 'begin' '()[Ljava/lang/Object;' in 'com/badlogic/gdx/utils/SnapshotArray')}
  0x00007fa1281aa8dc: 48be 70fd | b1f5 a07f | 0000 8b9e | 9000 0000 | 83c3 0289 | 9e90 0000 | 0081 e3fe | ff1f 0085 
  0x00007fa1281aa8fc: db0f 84fa | 1600 0048 

  0x00007fa1281aa904: ;   {metadata(method data for {method} {0x00007fa0f4452018} 'begin' '()[Ljava/lang/Object;' in 'com/badlogic/gdx/utils/SnapshotArray')}
  0x00007fa1281aa904: 8bf7 48bb | 70fd b1f5 | a07f 0000 | 4883 83d8 | 0000 0001 | 488b f748 | 89bc 24c0 | 0000 000f 
  0x00007fa1281aa924: ;   {optimized virtual_call}
  0x00007fa1281aa924: 1f40 00e8 

  0x00007fa1281aa928: ; ImmutableOopMap {[184]=Oop [192]=Oop [368]=Oop }
                      ;*invokespecial modified {reexecute=0 rethrow=0 return_oop=0}
                      ; - com.badlogic.gdx.utils.SnapshotArray::begin@1 (line 78)
                      ; - com.badlogic.gdx.backends.lwjgl.LwjglApplication::mainLoop@765 (line 237)
  0x00007fa1281aa928: b4a0 1d07 

  0x00007fa1281aa92c: ;   {post_call_nop}
  0x00007fa1281aa92c: 0f1f 8400 | 243f 0036 | 488b bc24 | c000 0000 | 8b77 1448 | c1e6 0341 | 0fbe 5f48 | 85db 0f85 
  0x00007fa1281aa94c: ce16 0000 | 4c8b d649 | c1ea 0344 | 8957 2048 | 8bc7 4833 | c648 c1e8 | 1574 1848 | 85f6 7413 
  0x00007fa1281aa96c: 488b c748 | c1e8 0949 | 0347 5080 | 38ff 7503 | c600 008b | 5f28 ffc3 | 895f 2848 

  0x00007fa1281aa988: ;   {metadata(method data for {method} {0x00007fa0f4417f38} 'mainLoop' '()V' in 'com/badlogic/gdx/backends/lwjgl/LwjglApplication')}
  0x00007fa1281aa988: 85f6 48b8 | 20e1 b1f5 | a07f 0000 | 750c 8088 | e10b 0000 | 01e9 c100 | 0000 8b56 | 0841 ba00 
  0x00007fa1281aa9a8: 0000 8149 | 03d2 483b | 90f0 0b00 | 0075 0d48 | 8380 f80b | 0000 01e9 | 6000 0000 | 483b 9000 
  0x00007fa1281aa9c8: 0c00 0075 | 0d48 8380 | 080c 0000 | 01e9 4a00 | 0000 4883 | b8f0 0b00 | 0000 7517 | 4889 90f0 
  0x00007fa1281aa9e8: 0b00 0048 | c780 f80b | 0000 0100 | 0000 e929 | 0000 0048 | 83b8 000c | 0000 0075 | 1748 8990 
  0x00007fa1281aaa08: 000c 0000 | 48c7 8008 | 0c00 0001 | 0000 00e9 | 0800 0000 | 4883 80e8 | 0b00 0001 

  0x00007fa1281aaa24: ;   {metadata('com/badlogic/gdx/LifecycleListener'[])}
  0x00007fa1281aaa24: 48ba 089d | 0482 0000 | 0000 8b46 | 0841 ba00 | 0000 8149 | 03c2 483b | 5020 0f84 | 1f00 0000 
  0x00007fa1281aaa44: 483b c20f | 8416 0000 

  0x00007fa1281aaa4c: ;   {runtime_call C1 Runtime slow_subtype_check_blob}
  0x00007fa1281aaa4c: 0050 52e8 | 0cbc 2a07 | 5858 85c0 | 0f84 de15 | 0000 e900 | 0000 0048 | 8bde 4889 | 9c24 5801 
  0x00007fa1281aaa6c: 0000 8b47 | 0c89 8424 | 5401 0000 | ba00 0000 | 0048 89bc | 24c0 0000 | 00e9 f801 | 0000 660f 
  0x00007fa1281aaa8c: 1f44 0000 

  0x00007fa1281aaa90: ; implicit exception: dispatches to 0x00007fa1281ac045
  0x00007fa1281aaa90: 3b53 0c0f | 83b6 1500 | 0048 63f2 | 8b74 b310 | 48c1 e603 

  0x00007fa1281aaaa4: ; implicit exception: dispatches to 0x00007fa1281ac05d
  0x00007fa1281aaaa4: 483b 0648 

  0x00007fa1281aaaa8: ;   {metadata(method data for {method} {0x00007fa0f4417f38} 'mainLoop' '()V' in 'com/badlogic/gdx/backends/lwjgl/LwjglApplication')}
  0x00007fa1281aaaa8: 8bce 49b8 | 20e1 b1f5 | a07f 0000 | 8b49 0841 | ba00 0000 | 8149 03ca | 493b 8840 | 0c00 0075 
  0x00007fa1281aaac8: 0d49 8380 | 480c 0000 | 01e9 6000 | 0000 493b | 8850 0c00 | 0075 0d49 | 8380 580c | 0000 01e9 
  0x00007fa1281aaae8: 4a00 0000 | 4983 b840 | 0c00 0000 | 7517 4989 | 8840 0c00 | 0049 c780 | 480c 0000 | 0100 0000 
  0x00007fa1281aab08: e929 0000 | 0049 83b8 | 500c 0000 | 0075 1749 | 8988 500c | 0000 49c7 | 8058 0c00 | 0001 0000 
  0x00007fa1281aab28: 00e9 0800 | 0000 4983 | 8038 0c00 | 0001 8994 | 2450 0100 | 0048 b810 | 178d 00a1 

  0x00007fa1281aab44: ;   {virtual_call}
  0x00007fa1281aab44: 7f00 00e8 

  0x00007fa1281aab48: ; ImmutableOopMap {[184]=Oop [192]=Oop [344]=Oop [368]=Oop }
                      ;*invokeinterface pause {reexecute=0 rethrow=0 return_oop=0}
                      ; - com.badlogic.gdx.backends.lwjgl.LwjglApplication::mainLoop@794 (line 239)
  0x00007fa1281aab48: 94a1 1d07 

  0x00007fa1281aab4c: ;   {post_call_nop}
  0x00007fa1281aab4c: 0f1f 8400 | 4441 0037 | 8b94 2450 | 0100 0048 | 8b9c 2458 | 0100 003b | 530c 0f83 | f614 0000 
  0x00007fa1281aab6c: 4863 f28b | 74b3 1048 | c1e6 0348 | 3b06 488b 

  0x00007fa1281aab7c: ;   {metadata(method data for {method} {0x00007fa0f4417f38} 'mainLoop' '()V' in 'com/badlogic/gdx/backends/lwjgl/LwjglApplication')}
  0x00007fa1281aab7c: fe48 b820 | e1b1 f5a0 | 7f00 008b | 7f08 41ba | 0000 0081 | 4903 fa48 | 3bb8 700c | 0000 750d 
  0x00007fa1281aab9c: 4883 8078 | 0c00 0001 | e960 0000 | 0048 3bb8 | 800c 0000 | 750d 4883 | 8088 0c00 | 0001 e94a 
  0x00007fa1281aabbc: 0000 0048 | 83b8 700c | 0000 0075 | 1748 89b8 | 700c 0000 | 48c7 8078 | 0c00 0001 | 0000 00e9 
  0x00007fa1281aabdc: 2900 0000 | 4883 b880 | 0c00 0000 | 7517 4889 | b880 0c00 | 0048 c780 | 880c 0000 | 0100 0000 
  0x00007fa1281aabfc: e908 0000 | 0048 8380 | 680c 0000 | 0189 9424 | 5001 0000 | 0f1f 4400 | 0048 b838 | 178d 00a1 
  0x00007fa1281aac1c: ;   {virtual_call}
  0x00007fa1281aac1c: 7f00 00e8 

  0x00007fa1281aac20: ; ImmutableOopMap {[184]=Oop [192]=Oop [344]=Oop [368]=Oop }
                      ;*invokeinterface dispose {reexecute=0 rethrow=0 return_oop=0}
                      ; - com.badlogic.gdx.backends.lwjgl.LwjglApplication::mainLoop@804 (line 240)
  0x00007fa1281aac20: bca0 1d07 

  0x00007fa1281aac24: ;   {post_call_nop}
  0x00007fa1281aac24: 0f1f 8400 | 1c42 0038 | 8b94 2450 | 0100 00ff 

  0x00007fa1281aac34: ;   {metadata(method data for {method} {0x00007fa0f4417f38} 'mainLoop' '()V' in 'com/badlogic/gdx/backends/lwjgl/LwjglApplication')}
  0x00007fa1281aac34: c248 be20 | e1b1 f5a0 | 7f00 008b | be94 0000 | 0083 c702 | 89be 9400 | 0000 81e7 | fe3f 0000 
  0x00007fa1281aac54: 85ff 0f84 | 1914 0000 

  0x00007fa1281aac5c: ; ImmutableOopMap {[184]=Oop [192]=Oop [344]=Oop [368]=Oop }
                      ;*goto {reexecute=1 rethrow=0 return_oop=0}
                      ; - (reexecute) com.badlogic.gdx.backends.lwjgl.LwjglApplication::mainLoop@812 (line 238)
  0x00007fa1281aac5c: 4d8b 5730 

  0x00007fa1281aac60: ;   {poll}
  0x00007fa1281aac60: 4185 0248 | be20 e1b1 | f5a0 7f00 | 00ff 8698 | 0c00 008b | 8424 5401 | 0000 488b | 9c24 5801 
  0x00007fa1281aac80: 0000 3bd0 

  0x00007fa1281aac84: ;   {metadata(method data for {method} {0x00007fa0f4417f38} 'mainLoop' '()V' in 'com/badlogic/gdx/backends/lwjgl/LwjglApplication')}
  0x00007fa1281aac84: 48be 20e1 | b1f5 a07f | 0000 b928 | 0c00 007c | 05b9 180c | 0000 4c8b | 040e 4d8d | 4001 4c89 
  0x00007fa1281aaca4: 040e 0f8c | e4fd ffff | 488b bc24 | c000 0000 

  0x00007fa1281aacb4: ;   {metadata(method data for {method} {0x00007fa0f4417f38} 'mainLoop' '()V' in 'com/badlogic/gdx/backends/lwjgl/LwjglApplication')}
  0x00007fa1281aacb4: 488b f748 | bb20 e1b1 | f5a0 7f00 

  0x00007fa1281aacc0: ;   {metadata('com/badlogic/gdx/utils/SnapshotArray')}
  0x00007fa1281aacc0: 0049 ba68 | 9504 8200 | 0000 004c | 8993 b80c | 0000 4883 | 83c0 0c00 | 0001 488b | f748 89bc 
  0x00007fa1281aace0: 24c0 0000 

  0x00007fa1281aace4: ;   {optimized virtual_call}
  0x00007fa1281aace4: 0066 90e8 

  0x00007fa1281aace8: ; ImmutableOopMap {[184]=Oop [192]=Oop [368]=Oop }
                      ;*invokevirtual end {reexecute=0 rethrow=0 return_oop=0}
                      ; - com.badlogic.gdx.backends.lwjgl.LwjglApplication::mainLoop@816 (line 242)
  0x00007fa1281aace8: f49c 1d07 

  0x00007fa1281aacec: ;   {post_call_nop}
  0x00007fa1281aacec: 0f1f 8400 | e442 003a | 488d 8424 | 6801 0000 | 488b 7808 | 418b b7c0 | 0700 0049 | 3b7c 37f8 
  0x00007fa1281aad0c: 0f85 8413 | 0000 4183 | afc0 0700 | 0008 493b | 7c37 f00f | 842a 0000 | 0048 8b07 | a802 0f85 
  0x00007fa1281aad2c: 1200 0000 | 488b f048 | 83ce 01f0 | 480f b137 | 0f84 0d00 | 0000 4183 | 87c0 0700 | 0008 e947 
  0x00007fa1281aad4c: ;   {metadata(method data for {method} {0x00007fa0f4417f38} 'mainLoop' '()V' in 'com/badlogic/gdx/backends/lwjgl/LwjglApplication')}
  0x00007fa1281aad4c: 1300 0048 | be20 e1b1 | f5a0 7f00 | 00ff 86e0 | 0c00 0048 | 8b9c 24b8 | 0000 008b | 7328 48c1 
  0x00007fa1281aad6c: e603 4885 | f60f 8425 

  0x00007fa1281aad74: ;   {metadata('age/of/civilizations2/jakowski/lukasz/AoCGame')}
  0x00007fa1281aad74: 0000 0048 | b960 6504 | 8200 0000 | 008b 5608 | 41ba 0000 | 0081 4903 | d248 3b4a | 400f 8515 
  0x00007fa1281aad94: 1300 00e9 | 0000 0000 | 488b fe48 | 3b06 488b 

  0x00007fa1281aada4: ;   {metadata(method data for {method} {0x00007fa0f4417f38} 'mainLoop' '()V' in 'com/badlogic/gdx/backends/lwjgl/LwjglApplication')}
  0x00007fa1281aada4: fe48 b820 | e1b1 f5a0 

  0x00007fa1281aadac: ;   {metadata('age/of/civilizations2/jakowski/lukasz/AoCGame')}
  0x00007fa1281aadac: 7f00 0049 | ba60 6504 | 8200 0000 | 004c 8990 | 000d 0000 | 4883 8008 | 0d00 0001 | 4889 9c24 
  0x00007fa1281aadcc: b800 0000 | 0f1f 8000 

  0x00007fa1281aadd4: ;   {optimized virtual_call}
  0x00007fa1281aadd4: 0000 00e8 

  0x00007fa1281aadd8: ; ImmutableOopMap {[184]=Oop }
                      ;*invokeinterface pause {reexecute=0 rethrow=0 return_oop=0}
                      ; - com.badlogic.gdx.backends.lwjgl.LwjglApplication::mainLoop@837 (line 244)
  0x00007fa1281aadd8: 049c 1d07 

  0x00007fa1281aaddc: ;   {post_call_nop}
  0x00007fa1281aaddc: 0f1f 8400 | d443 003b | 488b 9c24 | b800 0000 | 8b73 2848 | c1e6 0348 | 85f6 0f84 | 2500 0000 
  0x00007fa1281aadfc: ;   {metadata('age/of/civilizations2/jakowski/lukasz/AoCGame')}
  0x00007fa1281aadfc: 48b9 6065 | 0482 0000 | 0000 8b56 | 0841 ba00 | 0000 8149 | 03d2 483b | 4a40 0f85 | 9a12 0000 
  0x00007fa1281aae1c: e900 0000 | 0048 8bfe 

  0x00007fa1281aae24: ; implicit exception: dispatches to 0x00007fa1281ac0bb
  0x00007fa1281aae24: 483b 0648 

  0x00007fa1281aae28: ;   {metadata(method data for {method} {0x00007fa0f4417f38} 'mainLoop' '()V' in 'com/badlogic/gdx/backends/lwjgl/LwjglApplication')}
  0x00007fa1281aae28: 8bfe 48b8 | 20e1 b1f5 | a07f 0000 

  0x00007fa1281aae34: ;   {metadata('age/of/civilizations2/jakowski/lukasz/AoCGame')}
  0x00007fa1281aae34: 49ba 6065 | 0482 0000 | 0000 4c89 | 9030 0d00 | 0048 8380 | 380d 0000 | 0148 899c | 24b8 0000 
  0x00007fa1281aae54: ;   {optimized virtual_call}
  0x00007fa1281aae54: 0066 90e8 

  0x00007fa1281aae58: ; ImmutableOopMap {[184]=Oop }
                      ;*invokeinterface dispose {reexecute=0 rethrow=0 return_oop=0}
                      ; - com.badlogic.gdx.backends.lwjgl.LwjglApplication::mainLoop@846 (line 245)
  0x00007fa1281aae58: 849b 1d07 

  0x00007fa1281aae5c: ;   {post_call_nop}
  0x00007fa1281aae5c: 0f1f 8400 | 5444 003c 

  0x00007fa1281aae64: ;   {metadata(method data for {method} {0x00007fa0f4417f38} 'mainLoop' '()V' in 'com/badlogic/gdx/backends/lwjgl/LwjglApplication')}
  0x00007fa1281aae64: 48b8 20e1 | b1f5 a07f | 0000 4883 | 8058 0d00 

  0x00007fa1281aae74: ;   {metadata(method data for {method} {0x00007fa0f44d08f8} 'destroy' '()V' in 'org/lwjgl/opengl/Display')}
  0x00007fa1281aae74: 0001 48b8 | 88fe b1f5 | a07f 0000 | 8bb0 9000 | 0000 83c6 | 0289 b090 | 0000 0081 | e6fe ff1f 
  0x00007fa1281aae94: 0085 f60f | 8423 1200 

  0x00007fa1281aae9c: ;   {metadata(method data for {method} {0x00007fa0f44d08f8} 'destroy' '()V' in 'org/lwjgl/opengl/Display')}
  0x00007fa1281aae9c: 0048 b888 | feb1 f5a0 | 7f00 0048 | 8380 d800 

  0x00007fa1281aaeac: ;   {metadata(method data for {method} {0x00007fa0f44d0a60} 'isCreated' '()Z' in 'org/lwjgl/opengl/Display')}
  0x00007fa1281aaeac: 0000 0148 | b858 e3d7 | f4a0 7f00 | 008b b090 | 0000 0083 | c602 89b0 | 9000 0000 | 81e6 feff 
  0x00007fa1281aaecc: 1f00 85f6 | 0f84 0b12 

  0x00007fa1281aaed4: ;   {oop(a 'java/lang/Object'{0x00000007ffcd6d20})}
  0x00007fa1281aaed4: 0000 48be | 206d cdff | 0700 0000 | 488d bc24 | 6801 0000 | 4889 7708 | 488b 0641 | 8b9f c007 
  0x00007fa1281aaef4: 0000 81fb | 1008 0000 | 0f8d 0012 | 0000 493b | 741f f80f | 8425 0000 | 00a8 020f | 85ed 1100 
  0x00007fa1281aaf14: 0048 8bd8 | 4883 e3fe | 4883 c801 | f048 0fb1 | 1e0f 85d7 | 1100 0041 | 8b9f c007 | 0000 4989 
  0x00007fa1281aaf34: 341f 83c3 | 0841 899f | c007 0000 

  0x00007fa1281aaf40: ;   {oop(a 'java/lang/Class'{0x00000007ffcfb020} = 'org/lwjgl/opengl/Display')}
  0x00007fa1281aaf40: 48b8 20b0 | cfff 0700 | 0000 0fbe | b0bd 0000 

  0x00007fa1281aaf50: ;   {oop(a 'java/lang/Object'{0x00000007ffcd6d20})}
  0x00007fa1281aaf50: 0048 b820 | 6dcd ff07 | 0000 0048 | 8d84 2468 | 0100 0048 | 8b58 0841 | 8bbf c007 | 0000 493b 
  0x00007fa1281aaf70: 5c3f f80f | 859c 1100 | 0041 83af | c007 0000 | 0849 3b5c | 3ff0 0f84 | 2a00 0000 | 488b 03a8 
  0x00007fa1281aaf90: 020f 8512 | 0000 0048 | 8bf8 4883 | cf01 f048 | 0fb1 3b0f | 840d 0000 | 0041 8387 | c007 0000 
  0x00007fa1281aafb0: 08e9 5f11 | 0000 83e6 

  0x00007fa1281aafb8: ;   {metadata(method data for {method} {0x00007fa0f44d08f8} 'destroy' '()V' in 'org/lwjgl/opengl/Display')}
  0x00007fa1281aafb8: 0185 f648 | be88 feb1 | f5a0 7f00 | 00bf e800 | 0000 7405 | bff8 0000 | 0048 8b1c | 3e48 8d5b 
  0x00007fa1281aafd8: 0148 891c | 3e0f 84c1 

  0x00007fa1281aafe0: ;   {oop(a 'java/lang/Class'{0x00000007ffcfb020} = 'org/lwjgl/opengl/Display')}
  0x00007fa1281aafe0: 0000 0048 | be20 b0cf | ff07 0000 | 008b b694 | 0000 0048 | c1e6 0348 | 3b06 488b 

  0x00007fa1281aaffc: ;   {metadata(method data for {method} {0x00007fa0f44d08f8} 'destroy' '()V' in 'org/lwjgl/opengl/Display')}
  0x00007fa1281aaffc: fe48 bb88 | feb1 f5a0 | 7f00 008b | 7f08 41ba | 0000 0081 | 4903 fa48 | 3bbb 1001 | 0000 750d 
  0x00007fa1281ab01c: 4883 8318 | 0100 0001 | e960 0000 | 0048 3bbb | 2001 0000 | 750d 4883 | 8328 0100 | 0001 e94a 
  0x00007fa1281ab03c: 0000 0048 | 83bb 1001 | 0000 0075 | 1748 89bb | 1001 0000 | 48c7 8318 | 0100 0001 | 0000 00e9 
  0x00007fa1281ab05c: 2900 0000 | 4883 bb20 | 0100 0000 | 7517 4889 | bb20 0100 | 0048 c783 | 2801 0000 | 0100 0000 
  0x00007fa1281ab07c: e908 0000 | 0048 8383 | 0801 0000 | 010f 1f40 | 0048 b860 | 178d 00a1 

  0x00007fa1281ab094: ;   {virtual_call}
  0x00007fa1281ab094: 7f00 00e8 

  0x00007fa1281ab098: ; ImmutableOopMap {[184]=Oop }
                      ;*invokeinterface destroy {reexecute=0 rethrow=0 return_oop=0}
                      ; - org.lwjgl.opengl.Display::destroy@9 (line 1095)
                      ; - com.badlogic.gdx.backends.lwjgl.LwjglApplication::mainLoop@851 (line 246)
  0x00007fa1281ab098: 449c 1d07 

  0x00007fa1281ab09c: ;   {post_call_nop}
  0x00007fa1281ab09c: 0f1f 8400 | 9446 003d | 488b 9c24 | b800 0000 | 8b73 1848 | c1e6 0348 

  0x00007fa1281ab0b4: ;   {metadata(method data for {method} {0x00007fa0f4417f38} 'mainLoop' '()V' in 'com/badlogic/gdx/backends/lwjgl/LwjglApplication')}
  0x00007fa1281ab0b4: 85f6 48bf | 20e1 b1f5 | a07f 0000 | b868 0d00 | 0074 05b8 | 780d 0000 | 488b 1407 | 488d 5201 
  0x00007fa1281ab0d4: 4889 1407 | 0f84 4600 | 0000 4889 | 9c24 b800 | 0000 483b | 0648 8bfe 

  0x00007fa1281ab0ec: ;   {metadata(method data for {method} {0x00007fa0f4417f38} 'mainLoop' '()V' in 'com/badlogic/gdx/backends/lwjgl/LwjglApplication')}
  0x00007fa1281ab0ec: 48b8 20e1 | b1f5 a07f 

  0x00007fa1281ab0f4: ;   {metadata('com/badlogic/gdx/backends/lwjgl/audio/OpenALAudio')}
  0x00007fa1281ab0f4: 0000 49ba | 20b1 0482 | 0000 0000 | 4c89 9090 | 0d00 0048 | 8380 980d 

  0x00007fa1281ab10c: ;   {optimized virtual_call}
  0x00007fa1281ab10c: 0000 01e8 

  0x00007fa1281ab110: ; ImmutableOopMap {[184]=Oop }
                      ;*invokevirtual dispose {reexecute=0 rethrow=0 return_oop=0}
                      ; - com.badlogic.gdx.backends.lwjgl.LwjglApplication::mainLoop@865 (line 247)
  0x00007fa1281ab110: cc98 1d07 

  0x00007fa1281ab114: ;   {post_call_nop}
  0x00007fa1281ab114: 0f1f 8400 | 0c47 003e | 488b 9c24 | b800 0000 | 8b73 1448 | c1e6 038b | 7644 48c1 | e603 0fbe 
  0x00007fa1281ab134: 765b 85f6 

  0x00007fa1281ab138: ;   {metadata(method data for {method} {0x00007fa0f4417f38} 'mainLoop' '()V' in 'com/badlogic/gdx/backends/lwjgl/LwjglApplication')}
  0x00007fa1281ab138: 48be 20e1 | b1f5 a07f | 0000 bfb8 | 0d00 0074 | 05bf c80d | 0000 488b | 1c3e 488d | 5b01 4889 
  0x00007fa1281ab158: 1c3e 0f84 | 5401 0000 

  0x00007fa1281ab160: ;   {metadata(method data for {method} {0x00007fa0f4417f38} 'mainLoop' '()V' in 'com/badlogic/gdx/backends/lwjgl/LwjglApplication')}
  0x00007fa1281ab160: 48be 20e1 | b1f5 a07f | 0000 4883 | 86d8 0d00 

  0x00007fa1281ab170: ;   {metadata(method data for {method} {0x0000000081184de8} 'exit' '(I)V' in 'java/lang/System')}
  0x00007fa1281ab170: 0001 48be | 2048 3bf4 | a07f 0000 | 8bbe 9000 | 0000 83c7 | 0289 be90 | 0000 0081 | e7fe ff1f 
  0x00007fa1281ab190: 0085 ff0f | 84a6 0f00 

  0x00007fa1281ab198: ;   {metadata(method data for {method} {0x0000000081184de8} 'exit' '(I)V' in 'java/lang/System')}
  0x00007fa1281ab198: 0048 be20 | 483b f4a0 | 7f00 0048 | 8386 d800 

  0x00007fa1281ab1a8: ;   {metadata(method data for {method} {0x0000000081252a28} 'getRuntime' '()Ljava/lang/Runtime;' in 'java/lang/Runtime')}
  0x00007fa1281ab1a8: 0000 0148 | be18 f63a | f4a0 7f00 | 008b be90 | 0000 0083 | c702 89be | 9000 0000 | 81e7 feff 
  0x00007fa1281ab1c8: 1f00 85ff | 0f84 8e0f 

  0x00007fa1281ab1d0: ;   {oop(a 'java/lang/Runtime'{0x000000070c0001a0})}
  0x00007fa1281ab1d0: 0000 48be | a001 000c | 0700 0000 

  0x00007fa1281ab1dc: ;   {metadata(method data for {method} {0x0000000081184de8} 'exit' '(I)V' in 'java/lang/System')}
  0x00007fa1281ab1dc: 48bf 2048 | 3bf4 a07f | 0000 8b76 | 0841 ba00 | 0000 8149 | 03f2 483b | b7f0 0000 | 0075 0d48 
  0x00007fa1281ab1fc: 8387 f800 | 0000 01e9 | 6000 0000 | 483b b700 | 0100 0075 | 0d48 8387 | 0801 0000 | 01e9 4a00 
  0x00007fa1281ab21c: 0000 4883 | bff0 0000 | 0000 7517 | 4889 b7f0 | 0000 0048 | c787 f800 | 0000 0100 | 0000 e929 
  0x00007fa1281ab23c: 0000 0048 | 83bf 0001 | 0000 0075 | 1748 89b7 | 0001 0000 | 48c7 8708 | 0100 0001 | 0000 00e9 
  0x00007fa1281ab25c: 0800 0000 | 4883 87e8 | 0000 0001 

  0x00007fa1281ab268: ;   {metadata(method data for {method} {0x0000000081252b30} 'exit' '(I)V' in 'java/lang/Runtime')}
  0x00007fa1281ab268: 48be 7849 | 3bf4 a07f | 0000 8bbe | 9000 0000 | 83c7 0289 | be90 0000 | 0081 e7fe | ff1f 0085 
  0x00007fa1281ab288: ff0f 84f2 

  0x00007fa1281ab28c: ;   {metadata(method data for {method} {0x0000000081252b30} 'exit' '(I)V' in 'java/lang/Runtime')}
  0x00007fa1281ab28c: 0e00 0048 | be78 493b | f4a0 7f00 | 0048 8386 | d800 0000 | 01be ffff 

  0x00007fa1281ab2a4: ;   {static_call}
  0x00007fa1281ab2a4: ffff 90e8 

  0x00007fa1281ab2a8: ; ImmutableOopMap {}
                      ;*invokestatic exit {reexecute=0 rethrow=0 return_oop=0}
                      ; - java.lang.Runtime::exit@1 (line 177)
                      ; - java.lang.System::exit@4 (line 1541)
                      ; - com.badlogic.gdx.backends.lwjgl.LwjglApplication::mainLoop@882 (line 248)
  0x00007fa1281ab2a8: 349d 1d07 

  0x00007fa1281ab2ac: ;   {post_call_nop}
  0x00007fa1281ab2ac: 0f1f 8400 | a448 003f | 4881 c480 | 0100 005d 

  0x00007fa1281ab2bc: ;   {poll_return}
  0x00007fa1281ab2bc: 493b 6728 | 0f87 dc0e | 0000 c349 | 8b87 c005 | 0000 4d33 | d24d 8997 | c005 0000 | 4d33 d24d 
  0x00007fa1281ab2dc: 8997 c805 | 0000 488b | d048 8d84 | 2468 0100 | 0048 8b78 | 0841 8bb7 | c007 0000 | 493b 7c37 
  0x00007fa1281ab2fc: f80f 85b5 | 0e00 0041 | 83af c007 | 0000 0849 | 3b7c 37f0 | 0f84 2a00 | 0000 488b | 07a8 020f 
  0x00007fa1281ab31c: 8512 0000 | 0048 8bf0 | 4883 ce01 | f048 0fb1 | 370f 840d | 0000 0041 | 8387 c007 | 0000 08e9 
  0x00007fa1281ab33c: 780e 0000 | 488b c2e9 | 210f 0000 | 498b 87c0 | 0500 004d | 33d2 4d89 | 97c0 0500 | 004d 33d2 
  0x00007fa1281ab35c: 4d89 97c8 | 0500 0048 | 8bd0 488d | 8424 6801 | 0000 488b | 7808 418b | b7c0 0700 | 0049 3b7c 
  0x00007fa1281ab37c: 37f8 0f85 | 4a0e 0000 | 4183 afc0 | 0700 0008 | 493b 7c37 | f00f 842a | 0000 0048 | 8b07 a802 
  0x00007fa1281ab39c: 0f85 1200 | 0000 488b | f048 83ce | 01f0 480f | b137 0f84 | 0d00 0000 | 4183 87c0 

  0x00007fa1281ab3b8: ;   {other}
  0x00007fa1281ab3b8: 0700 0008 | e90d 0e00 | 0048 8bc2 | e9a0 0e00 | 0049 8b87 | c005 0000 | 4d33 d24d | 8997 c005 
  0x00007fa1281ab3d8: 0000 4d33 | d24d 8997 | c805 0000 | 488b d048 | 8d84 2468 | 0100 0048 | 8b78 0841 | 8bb7 c007 
  0x00007fa1281ab3f8: 0000 493b | 7c37 f80f | 85df 0d00 | 0041 83af | c007 0000 | 0849 3b7c | 37f0 0f84 | 2a00 0000 
  0x00007fa1281ab418: 488b 07a8 | 020f 8512 | 0000 0048 | 8bf0 4883 | ce01 f048 | 0fb1 370f | 840d 0000 | 0041 8387 
  0x00007fa1281ab438: c007 0000 | 08e9 a20d | 0000 488b | c2e9 1f0e | 0000 498b | 87c0 0500 | 004d 33d2 | 4d89 97c0 
  0x00007fa1281ab458: 0500 004d | 33d2 4d89 | 97c8 0500 | 0048 8bd0 | 488d 8424 | 6801 0000 | 488b 7808 | 418b b7c0 
  0x00007fa1281ab478: 0700 0049 | 3b7c 37f8 | 0f85 740d | 0000 4183 | afc0 0700 | 0008 493b | 7c37 f00f | 842a 0000 
  0x00007fa1281ab498: 0048 8b07 | a802 0f85 | 1200 0000 | 488b f048 | 83ce 01f0 | 480f b137 | 0f84 0d00 | 0000 4183 
  0x00007fa1281ab4b8: ;   {other}
  0x00007fa1281ab4b8: 87c0 0700 | 0008 e937 | 0d00 0048 | 8bc2 e99e | 0d00 0049 | 8b87 c005 | 0000 4d33 | d24d 8997 
  0x00007fa1281ab4d8: c005 0000 | 4d33 d24d | 8997 c805 | 0000 488b | d048 8d84 | 2468 0100 | 0048 8b78 | 0841 8bb7 
  0x00007fa1281ab4f8: c007 0000 | 493b 7c37 | f80f 8509 | 0d00 0041 | 83af c007 | 0000 0849 | 3b7c 37f0 | 0f84 2a00 
  0x00007fa1281ab518: 0000 488b | 07a8 020f | 8512 0000 | 0048 8bf0 | 4883 ce01 | f048 0fb1 | 370f 840d | 0000 0041 
  0x00007fa1281ab538: 8387 c007 | 0000 08e9 | cc0c 0000 | 488b c2e9 | 1d0d 0000 | 498b 87c0 | 0500 004d | 33d2 4d89 
  0x00007fa1281ab558: 97c0 0500 | 004d 33d2 | 4d89 97c8 | 0500 0048 | 8bd8 660f | 1f44 0000 

  0x00007fa1281ab570: ;   {other}
  0x00007fa1281ab570: e9c0 0c00 | 0000 0000 | 0000 498b | 87b0 0100 | 0048 8d78 | 2849 3bbf | c001 0000 | 0f87 ad0c 
  0x00007fa1281ab590: 0000 4989 | bfb0 0100 | 0048 c700 | 0100 0000 | 488b ca41 | ba00 0000 | 8149 2bca | 8948 0848 
  0x00007fa1281ab5b0: 33c9 8948 | 0c48 33c9 | 4889 4810 | 4889 4818 | 4889 4820 

  0x00007fa1281ab5c4: ;   {metadata(method data for {method} {0x00007fa0f4417f38} 'mainLoop' '()V' in 'com/badlogic/gdx/backends/lwjgl/LwjglApplication')}
  0x00007fa1281ab5c4: 488b d048 | be20 e1b1 | f5a0 7f00 | 0048 8386 | 2001 0000 | 0148 8bd3 | 488b f048 | 8984 2460 
  0x00007fa1281ab5e4: ;   {optimized virtual_call}
  0x00007fa1281ab5e4: 0100 00e8 

  0x00007fa1281ab5e8: ; ImmutableOopMap {[352]=Oop }
                      ;*invokespecial <init> {reexecute=0 rethrow=0 return_oop=0}
                      ; - com.badlogic.gdx.backends.lwjgl.LwjglApplication::mainLoop@21 (line 146)
  0x00007fa1281ab5e8: f493 1d07 

  0x00007fa1281ab5ec: ;   {post_call_nop}
  0x00007fa1281ab5ec: 0f1f 8400 | e44b 0040 | 488b 8424 | 6001 0000 | e968 0c00 | 0089 8424 | 00c0 feff | 5548 81ec 
  0x00007fa1281ab60c: 8001 0000 | 4181 7f20 | 0000 0000 

  0x00007fa1281ab618: ;   {runtime_call Stub::Stub Generator method_entry_barrier_stub}
  0x00007fa1281ab618: 7405 e8e1 | 071c 07bf | 6000 0000 | 4863 ff48 | 8b1c 3ebf | 5800 0000 | 4863 ff48 | 8b04 3ebf 
  0x00007fa1281ab638: 5000 0000 | 4863 ff8b | 143e bf48 | 0000 0048 | 63ff 8b0c | 3ebf 4000 | 0000 4863 | ff44 8b04 
  0x00007fa1281ab658: 3e48 8bfe | 4889 9c24 | b000 0000 | 4889 8424 | a800 0000 | 8994 24a0 | 0000 0089 | 8c24 9c00 
  0x00007fa1281ab678: 0000 4489 | 8424 9800 

  0x00007fa1281ab680: ;   {runtime_call}
  0x00007fa1281ab680: 0000 e839 

  0x00007fa1281ab684: ;   {post_call_nop}
  0x00007fa1281ab684: 5897 1f0f | 1f84 0000 | 0000 0044 | 8b84 2498 | 0000 0049 | 8bd0 8b8c | 249c 0000 | 0048 8bc1 
  0x00007fa1281ab6a4: 8bb4 24a0 | 0000 0048 | 8bbc 24a8 | 0000 0048 | 8b9c 24b0 | 0000 0089 | 9424 a400 | 0000 8984 
  0x00007fa1281ab6c4: 24cc 0000 | 0089 b424 | c800 0000 | 4889 bc24 | c000 0000 | e9bb bfff 

  0x00007fa1281ab6dc: ;   {metadata({method} {0x00007fa0f4417f38} 'mainLoop' '()V' in 'com/badlogic/gdx/backends/lwjgl/LwjglApplication')}
  0x00007fa1281ab6dc: ff49 ba38 | 7f41 f4a0 | 7f00 004c | 8954 2408 | 48c7 0424 | ffff ffff 

  0x00007fa1281ab6f4: ;   {runtime_call C1 Runtime counter_overflow_blob}
  0x00007fa1281ab6f4: e867 e12a 

  0x00007fa1281ab6f8: ; ImmutableOopMap {rsi=Oop [120]=Oop }
                      ;*synchronization entry
                      ; - com.badlogic.gdx.backends.lwjgl.LwjglApplication::mainLoop@-1 (line 141)
  0x00007fa1281ab6f8: 07e9 8db4 

  0x00007fa1281ab6fc: ;   {runtime_call C1 Runtime throw_null_pointer_exception_blob}
  0x00007fa1281ab6fc: ffff e8dd 

  0x00007fa1281ab700: ; ImmutableOopMap {rsi=Oop rbx=Oop [120]=Oop [128]=Oop }
                      ;*invokevirtual setupDisplay {reexecute=0 rethrow=0 return_oop=0}
                      ; - com.badlogic.gdx.backends.lwjgl.LwjglApplication::mainLoop@9 (line 144)
                      ;   {runtime_call C1 Runtime throw_incompatible_class_change_error_blob}
  0x00007fa1281ab700: 802a 07e8 

  0x00007fa1281ab704: ; ImmutableOopMap {rsi=Oop rdi=Oop [120]=Oop [128]=Oop }
                      ;*invokeinterface create {reexecute=0 rethrow=0 return_oop=0}
                      ; - com.badlogic.gdx.backends.lwjgl.LwjglApplication::mainLoop@29 (line 149)
  0x00007fa1281ab704: 58ac 2a07 

  0x00007fa1281ab708: ;   {runtime_call C1 Runtime throw_null_pointer_exception_blob}
  0x00007fa1281ab708: e8d3 802a 

  0x00007fa1281ab70c: ; ImmutableOopMap {rsi=Oop rdi=Oop [120]=Oop [128]=Oop }
                      ;*invokeinterface create {reexecute=0 rethrow=0 return_oop=0}
                      ; - com.badlogic.gdx.backends.lwjgl.LwjglApplication::mainLoop@29 (line 149)
                      ;   {runtime_call C1 Runtime throw_null_pointer_exception_blob}
  0x00007fa1281ab70c: 07e8 ce80 

  0x00007fa1281ab710: ; ImmutableOopMap {rsi=Oop rdi=Oop [120]=Oop [128]=Oop }
                      ;*putfield resize {reexecute=1 rethrow=0 return_oop=0}
                      ; - (reexecute) com.badlogic.gdx.backends.lwjgl.LwjglApplication::mainLoop@39 (line 150)
                      ;   {metadata({method} {0x00007fa0f443cf10} 'getWidth' '()I' in 'com/badlogic/gdx/backends/lwjgl/LwjglGraphics')}
  0x00007fa1281ab710: 2a07 49ba | 10cf 43f4 | a07f 0000 | 4c89 5424 | 0848 c704 | 24ff ffff 

  0x00007fa1281ab728: ;   {runtime_call C1 Runtime counter_overflow_blob}
  0x00007fa1281ab728: ffe8 32e1 

  0x00007fa1281ab72c: ; ImmutableOopMap {rsi=Oop rdi=Oop [120]=Oop [128]=Oop }
                      ;*synchronization entry
                      ; - com.badlogic.gdx.backends.lwjgl.LwjglGraphics::getWidth@-1 (line 98)
                      ; - com.badlogic.gdx.backends.lwjgl.LwjglApplication::mainLoop@46 (line 152)
  0x00007fa1281ab72c: 2a07 e98d 

  0x00007fa1281ab730: ;   {runtime_call C1 Runtime throw_null_pointer_exception_blob}
  0x00007fa1281ab730: b5ff ffe8 

  0x00007fa1281ab734: ; ImmutableOopMap {rdi=Oop [120]=Oop [128]=Oop }
                      ;*invokevirtual getWidth {reexecute=0 rethrow=0 return_oop=0}
                      ; - com.badlogic.gdx.backends.lwjgl.LwjglGraphics::getWidth@12 (line 99)
                      ; - com.badlogic.gdx.backends.lwjgl.LwjglApplication::mainLoop@46 (line 152)
  0x00007fa1281ab734: a880 2a07 

  0x00007fa1281ab738: ;   {metadata({method} {0x000000008148f980} 'max' '(II)I' in 'java/lang/Math')}
  0x00007fa1281ab738: 49ba 80f9 | 4881 0000 | 0000 4c89 | 5424 0848 | c704 24ff 

  0x00007fa1281ab74c: ;   {runtime_call C1 Runtime counter_overflow_blob}
  0x00007fa1281ab74c: ffff ffe8 

  0x00007fa1281ab750: ; ImmutableOopMap {[120]=Oop [128]=Oop }
                      ;*synchronization entry
                      ; - java.lang.Math::max@-1 (line 2024)
                      ; - com.badlogic.gdx.backends.lwjgl.LwjglGraphics::getWidth@15 (line 99)
                      ; - com.badlogic.gdx.backends.lwjgl.LwjglApplication::mainLoop@46 (line 152)
  0x00007fa1281ab750: 0ce1 2a07 | e984 b6ff 

  0x00007fa1281ab758: ;   {metadata({method} {0x00007fa0f44d14d0} 'getWidth' '()I' in 'org/lwjgl/opengl/Display')}
  0x00007fa1281ab758: ff49 bad0 | 144d f4a0 | 7f00 004c | 8954 2408 | 48c7 0424 | ffff ffff 

  0x00007fa1281ab770: ;   {runtime_call C1 Runtime counter_overflow_blob}
  0x00007fa1281ab770: e8eb e02a 

  0x00007fa1281ab774: ; ImmutableOopMap {[120]=Oop [128]=Oop }
                      ;*synchronization entry
                      ; - org.lwjgl.opengl.Display::getWidth@-1 (line 1319)
                      ; - com.badlogic.gdx.backends.lwjgl.LwjglGraphics::getWidth@19 (line 101)
                      ; - com.badlogic.gdx.backends.lwjgl.LwjglApplication::mainLoop@46 (line 152)
  0x00007fa1281ab774: 07e9 e1b6 

  0x00007fa1281ab778: ;   {metadata({method} {0x00007fa0f44cdb10} 'getDisplayMode' '()Lorg/lwjgl/opengl/DisplayMode;' in 'org/lwjgl/opengl/Display')}
  0x00007fa1281ab778: ffff 49ba | 10db 4cf4 | a07f 0000 | 4c89 5424 | 0848 c704 | 24ff ffff 

  0x00007fa1281ab790: ;   {runtime_call C1 Runtime counter_overflow_blob}
  0x00007fa1281ab790: ffe8 cae0 

  0x00007fa1281ab794: ; ImmutableOopMap {[120]=Oop [128]=Oop }
                      ;*synchronization entry
                      ; - org.lwjgl.opengl.Display::getDisplayMode@-1 (line 222)
                      ; - org.lwjgl.opengl.Display::getWidth@6 (line 1320)
                      ; - com.badlogic.gdx.backends.lwjgl.LwjglGraphics::getWidth@19 (line 101)
                      ; - com.badlogic.gdx.backends.lwjgl.LwjglApplication::mainLoop@46 (line 152)
  0x00007fa1281ab794: 2a07 e944 

  0x00007fa1281ab798: ;   {runtime_call C1 Runtime throw_null_pointer_exception_blob}
  0x00007fa1281ab798: b7ff ffe8 

  0x00007fa1281ab79c: ; ImmutableOopMap {rsi=Oop [120]=Oop [128]=Oop }
                      ;*invokevirtual getWidth {reexecute=0 rethrow=0 return_oop=0}
                      ; - org.lwjgl.opengl.Display::getWidth@9 (line 1320)
                      ; - com.badlogic.gdx.backends.lwjgl.LwjglGraphics::getWidth@19 (line 101)
                      ; - com.badlogic.gdx.backends.lwjgl.LwjglApplication::mainLoop@46 (line 152)
  0x00007fa1281ab79c: 4080 2a07 

  0x00007fa1281ab7a0: ;   {runtime_call C1 Runtime throw_null_pointer_exception_blob}
  0x00007fa1281ab7a0: e83b 802a 

  0x00007fa1281ab7a4: ; ImmutableOopMap {rsi=Oop [120]=Oop [128]=Oop }
                      ;*invokevirtual getWidth {reexecute=0 rethrow=0 return_oop=0}
                      ; - org.lwjgl.opengl.Display::getWidth@22 (line 1324)
                      ; - com.badlogic.gdx.backends.lwjgl.LwjglGraphics::getWidth@19 (line 101)
                      ; - com.badlogic.gdx.backends.lwjgl.LwjglApplication::mainLoop@46 (line 152)
                      ;   {metadata({method} {0x00007fa0f44d1628} 'getPixelScaleFactor' '()F' in 'org/lwjgl/opengl/Display')}
  0x00007fa1281ab7a4: 0749 ba28 | 164d f4a0 | 7f00 004c | 8954 2408 | 48c7 0424 | ffff ffff 

  0x00007fa1281ab7bc: ;   {runtime_call C1 Runtime counter_overflow_blob}
  0x00007fa1281ab7bc: e89f e02a 

  0x00007fa1281ab7c0: ; ImmutableOopMap {[120]=Oop [128]=Oop }
                      ;*synchronization entry
                      ; - org.lwjgl.opengl.Display::getPixelScaleFactor@-1 (line 1373)
                      ; - com.badlogic.gdx.backends.lwjgl.LwjglGraphics::getWidth@23 (line 101)
                      ; - com.badlogic.gdx.backends.lwjgl.LwjglApplication::mainLoop@46 (line 152)
  0x00007fa1281ab7c0: 07e9 0bb9 

  0x00007fa1281ab7c4: ;   {metadata({method} {0x00007fa0f44e6590} 'getPixelScaleFactor' '()F' in 'org/lwjgl/opengl/LinuxDisplay')}
  0x00007fa1281ab7c4: ffff 49ba | 9065 4ef4 | a07f 0000 | 4c89 5424 | 0848 c704 | 24ff ffff 

  0x00007fa1281ab7dc: ;   {runtime_call C1 Runtime counter_overflow_blob}
  0x00007fa1281ab7dc: ffe8 7ee0 

  0x00007fa1281ab7e0: ; ImmutableOopMap {[120]=Oop [128]=Oop }
                      ;*synchronization entry
                      ; - org.lwjgl.opengl.LinuxDisplay::getPixelScaleFactor@-1 (line 1494)
                      ; - org.lwjgl.opengl.Display::getPixelScaleFactor@3 (line 1373)
                      ; - com.badlogic.gdx.backends.lwjgl.LwjglGraphics::getWidth@23 (line 101)
                      ; - com.badlogic.gdx.backends.lwjgl.LwjglApplication::mainLoop@46 (line 152)
  0x00007fa1281ab7e0: 2a07 e92d 

  0x00007fa1281ab7e4: ;   {runtime_call C1 Runtime throw_null_pointer_exception_blob}
  0x00007fa1281ab7e4: b9ff ffe8 

  0x00007fa1281ab7e8: ; ImmutableOopMap {rsi=Oop rdi=Oop [120]=Oop [128]=Oop }
                      ;*invokevirtual getHeight {reexecute=0 rethrow=0 return_oop=0}
                      ; - com.badlogic.gdx.backends.lwjgl.LwjglApplication::mainLoop@54 (line 153)
  0x00007fa1281ab7e8: f47f 2a07 

  0x00007fa1281ab7ec: ;   {metadata({method} {0x00007fa0f443ce38} 'getHeight' '()I' in 'com/badlogic/gdx/backends/lwjgl/LwjglGraphics')}
  0x00007fa1281ab7ec: 49ba 38ce | 43f4 a07f | 0000 4c89 | 5424 0848 | c704 24ff 

  0x00007fa1281ab800: ;   {runtime_call C1 Runtime counter_overflow_blob}
  0x00007fa1281ab800: ffff ffe8 

  0x00007fa1281ab804: ; ImmutableOopMap {rsi=Oop rdi=Oop [120]=Oop [128]=Oop }
                      ;*synchronization entry
                      ; - com.badlogic.gdx.backends.lwjgl.LwjglGraphics::getHeight@-1 (line 91)
                      ; - com.badlogic.gdx.backends.lwjgl.LwjglApplication::mainLoop@54 (line 153)
  0x00007fa1281ab804: 58e0 2a07 | e989 b9ff 

  0x00007fa1281ab80c: ;   {runtime_call C1 Runtime throw_null_pointer_exception_blob}
  0x00007fa1281ab80c: ffe8 ce7f 

  0x00007fa1281ab810: ; ImmutableOopMap {rdi=Oop [120]=Oop [128]=Oop }
                      ;*invokevirtual getHeight {reexecute=0 rethrow=0 return_oop=0}
                      ; - com.badlogic.gdx.backends.lwjgl.LwjglGraphics::getHeight@12 (line 92)
                      ; - com.badlogic.gdx.backends.lwjgl.LwjglApplication::mainLoop@54 (line 153)
                      ;   {metadata({method} {0x000000008148f980} 'max' '(II)I' in 'java/lang/Math')}
  0x00007fa1281ab810: 2a07 49ba | 80f9 4881 | 0000 0000 | 4c89 5424 | 0848 c704 | 24ff ffff 

  0x00007fa1281ab828: ;   {runtime_call C1 Runtime counter_overflow_blob}
  0x00007fa1281ab828: ffe8 32e0 

  0x00007fa1281ab82c: ; ImmutableOopMap {[120]=Oop [128]=Oop }
                      ;*synchronization entry
                      ; - java.lang.Math::max@-1 (line 2024)
                      ; - com.badlogic.gdx.backends.lwjgl.LwjglGraphics::getHeight@15 (line 92)
                      ; - com.badlogic.gdx.backends.lwjgl.LwjglApplication::mainLoop@54 (line 153)
  0x00007fa1281ab82c: 2a07 e982 

  0x00007fa1281ab830: ;   {metadata({method} {0x00007fa0f44d1588} 'getHeight' '()I' in 'org/lwjgl/opengl/Display')}
  0x00007fa1281ab830: baff ff49 | ba88 154d | f4a0 7f00 | 004c 8954 | 2408 48c7 | 0424 ffff 

  0x00007fa1281ab848: ;   {runtime_call C1 Runtime counter_overflow_blob}
  0x00007fa1281ab848: ffff e811 

  0x00007fa1281ab84c: ; ImmutableOopMap {[120]=Oop [128]=Oop }
                      ;*synchronization entry
                      ; - org.lwjgl.opengl.Display::getHeight@-1 (line 1341)
                      ; - com.badlogic.gdx.backends.lwjgl.LwjglGraphics::getHeight@19 (line 94)
                      ; - com.badlogic.gdx.backends.lwjgl.LwjglApplication::mainLoop@54 (line 153)
  0x00007fa1281ab84c: e02a 07e9 | dfba ffff 

  0x00007fa1281ab854: ;   {metadata({method} {0x00007fa0f44cdb10} 'getDisplayMode' '()Lorg/lwjgl/opengl/DisplayMode;' in 'org/lwjgl/opengl/Display')}
  0x00007fa1281ab854: 49ba 10db | 4cf4 a07f | 0000 4c89 | 5424 0848 | c704 24ff 

  0x00007fa1281ab868: ;   {runtime_call C1 Runtime counter_overflow_blob}
  0x00007fa1281ab868: ffff ffe8 

  0x00007fa1281ab86c: ; ImmutableOopMap {[120]=Oop [128]=Oop }
                      ;*synchronization entry
                      ; - org.lwjgl.opengl.Display::getDisplayMode@-1 (line 222)
                      ; - org.lwjgl.opengl.Display::getHeight@6 (line 1342)
                      ; - com.badlogic.gdx.backends.lwjgl.LwjglGraphics::getHeight@19 (line 94)
                      ; - com.badlogic.gdx.backends.lwjgl.LwjglApplication::mainLoop@54 (line 153)
  0x00007fa1281ab86c: f0df 2a07 | e942 bbff 

  0x00007fa1281ab874: ;   {runtime_call C1 Runtime throw_null_pointer_exception_blob}
  0x00007fa1281ab874: ffe8 667f 

  0x00007fa1281ab878: ; ImmutableOopMap {rsi=Oop [120]=Oop [128]=Oop }
                      ;*invokevirtual getHeight {reexecute=0 rethrow=0 return_oop=0}
                      ; - org.lwjgl.opengl.Display::getHeight@9 (line 1342)
                      ; - com.badlogic.gdx.backends.lwjgl.LwjglGraphics::getHeight@19 (line 94)
                      ; - com.badlogic.gdx.backends.lwjgl.LwjglApplication::mainLoop@54 (line 153)
                      ;   {runtime_call C1 Runtime throw_null_pointer_exception_blob}
  0x00007fa1281ab878: 2a07 e861 

  0x00007fa1281ab87c: ; ImmutableOopMap {rsi=Oop [120]=Oop [128]=Oop }
                      ;*invokevirtual getHeight {reexecute=0 rethrow=0 return_oop=0}
                      ; - org.lwjgl.opengl.Display::getHeight@22 (line 1346)
                      ; - com.badlogic.gdx.backends.lwjgl.LwjglGraphics::getHeight@19 (line 94)
                      ; - com.badlogic.gdx.backends.lwjgl.LwjglApplication::mainLoop@54 (line 153)
                      ;   {metadata({method} {0x00007fa0f44d1628} 'getPixelScaleFactor' '()F' in 'org/lwjgl/opengl/Display')}
  0x00007fa1281ab87c: 7f2a 0749 | ba28 164d | f4a0 7f00 | 004c 8954 | 2408 48c7 | 0424 ffff 

  0x00007fa1281ab894: ;   {runtime_call C1 Runtime counter_overflow_blob}
  0x00007fa1281ab894: ffff e8c5 

  0x00007fa1281ab898: ; ImmutableOopMap {[120]=Oop [128]=Oop }
                      ;*synchronization entry
                      ; - org.lwjgl.opengl.Display::getPixelScaleFactor@-1 (line 1373)
                      ; - com.badlogic.gdx.backends.lwjgl.LwjglGraphics::getHeight@23 (line 94)
                      ; - com.badlogic.gdx.backends.lwjgl.LwjglApplication::mainLoop@54 (line 153)
  0x00007fa1281ab898: df2a 07e9 | 09bd ffff 

  0x00007fa1281ab8a0: ;   {metadata({method} {0x00007fa0f44e6590} 'getPixelScaleFactor' '()F' in 'org/lwjgl/opengl/LinuxDisplay')}
  0x00007fa1281ab8a0: 49ba 9065 | 4ef4 a07f | 0000 4c89 | 5424 0848 | c704 24ff 

  0x00007fa1281ab8b4: ;   {runtime_call C1 Runtime counter_overflow_blob}
  0x00007fa1281ab8b4: ffff ffe8 

  0x00007fa1281ab8b8: ; ImmutableOopMap {[120]=Oop [128]=Oop }
                      ;*synchronization entry
                      ; - org.lwjgl.opengl.LinuxDisplay::getPixelScaleFactor@-1 (line 1494)
                      ; - org.lwjgl.opengl.Display::getPixelScaleFactor@3 (line 1373)
                      ; - com.badlogic.gdx.backends.lwjgl.LwjglGraphics::getHeight@23 (line 94)
                      ; - com.badlogic.gdx.backends.lwjgl.LwjglApplication::mainLoop@54 (line 153)
  0x00007fa1281ab8b8: a4df 2a07 | e92b bdff 

  0x00007fa1281ab8c0: ;   {runtime_call C1 Runtime throw_null_pointer_exception_blob}
  0x00007fa1281ab8c0: ffe8 1a7f 

  0x00007fa1281ab8c4: ; ImmutableOopMap {[120]=Oop [128]=Oop }
                      ;*putfield lastTime {reexecute=1 rethrow=0 return_oop=0}
                      ; - (reexecute) com.badlogic.gdx.backends.lwjgl.LwjglApplication::mainLoop@65 (line 155)
                      ;   {runtime_call C1 Runtime throw_null_pointer_exception_blob}
  0x00007fa1281ab8c4: 2a07 e815 

  0x00007fa1281ab8c8: ; ImmutableOopMap {rbx=Oop [192]=Oop }
                      ;*getfield running {reexecute=1 rethrow=0 return_oop=0}
                      ; - (reexecute) com.badlogic.gdx.backends.lwjgl.LwjglApplication::mainLoop@72 (line 157)
                      ;   {metadata({method} {0x00007fa0f4419488} 'exit' '()V' in 'com/badlogic/gdx/backends/lwjgl/LwjglApplication')}
  0x00007fa1281ab8c8: 7f2a 0749 | ba88 9441 | f4a0 7f00 | 004c 8954 | 2408 48c7 | 0424 ffff 

  0x00007fa1281ab8e0: ;   {runtime_call C1 Runtime counter_overflow_blob}
  0x00007fa1281ab8e0: ffff e879 

  0x00007fa1281ab8e4: ; ImmutableOopMap {[184]=Oop [192]=Oop }
                      ;*synchronization entry
                      ; - com.badlogic.gdx.backends.lwjgl.LwjglApplication::exit@-1 (line 401)
                      ; - com.badlogic.gdx.backends.lwjgl.LwjglApplication::mainLoop@88 (line 159)
  0x00007fa1281ab8e4: df2a 07e9 | a3be ffff 

  0x00007fa1281ab8ec: ;   {metadata(nullptr)}
  0x00007fa1281ab8ec: 48ba 0000 | 0000 0000 | 0000 b800 

  0x00007fa1281ab8f8: ;   {runtime_call C1 Runtime load_klass_patching_blob}
  0x00007fa1281ab8f8: 0f05 0ae8 

  0x00007fa1281ab8fc: ; ImmutableOopMap {[184]=Oop [192]=Oop }
                      ;*new {reexecute=1 rethrow=0 return_oop=0}
                      ; - (reexecute) com.badlogic.gdx.backends.lwjgl.LwjglApplication::exit@1 (line 401)
                      ; - com.badlogic.gdx.backends.lwjgl.LwjglApplication::mainLoop@88 (line 159)
  0x00007fa1281ab8fc: 60cb 2a07 | e98b beff | ff48 8bd2 

  0x00007fa1281ab908: ;   {runtime_call C1 Runtime new_instance_blob}
  0x00007fa1281ab908: e8d3 842a 

  0x00007fa1281ab90c: ; ImmutableOopMap {[184]=Oop [192]=Oop }
                      ;*new {reexecute=0 rethrow=0 return_oop=0}
                      ; - com.badlogic.gdx.backends.lwjgl.LwjglApplication::exit@1 (line 401)
                      ; - com.badlogic.gdx.backends.lwjgl.LwjglApplication::mainLoop@88 (line 159)
  0x00007fa1281ab90c: 07e9 8dbe 

  0x00007fa1281ab910: ;   {runtime_call C1 Runtime throw_null_pointer_exception_blob}
  0x00007fa1281ab910: ffff e8c9 

  0x00007fa1281ab914: ; ImmutableOopMap {rdi=Oop [184]=Oop }
                      ;*monitorenter {reexecute=0 rethrow=0 return_oop=0}
                      ; - com.badlogic.gdx.backends.lwjgl.LwjglApplication::mainLoop@113 (line 164)
  0x00007fa1281ab914: 7e2a 0748 | 897c 2408 | 4889 3424 

  0x00007fa1281ab920: ;   {runtime_call C1 Runtime monitorenter_blob}
  0x00007fa1281ab920: e83b b32a 

  0x00007fa1281ab924: ; ImmutableOopMap {rdi=Oop [184]=Oop [368]=Oop }
                      ;*monitorenter {reexecute=0 rethrow=0 return_oop=0}
                      ; - com.badlogic.gdx.backends.lwjgl.LwjglApplication::mainLoop@113 (line 164)
  0x00007fa1281ab924: 07e9 dcbf 

  0x00007fa1281ab928: ;   {metadata({method} {0x00007fa0f4452018} 'begin' '()[Ljava/lang/Object;' in 'com/badlogic/gdx/utils/SnapshotArray')}
  0x00007fa1281ab928: ffff 49ba | 1820 45f4 | a07f 0000 | 4c89 5424 | 0848 c704 | 24ff ffff 

  0x00007fa1281ab940: ;   {runtime_call C1 Runtime counter_overflow_blob}
  0x00007fa1281ab940: ffe8 1adf 

  0x00007fa1281ab944: ; ImmutableOopMap {rdi=Oop [184]=Oop [368]=Oop }
                      ;*synchronization entry
                      ; - com.badlogic.gdx.utils.SnapshotArray::begin@-1 (line 78)
                      ; - com.badlogic.gdx.backends.lwjgl.LwjglApplication::mainLoop@115 (line 165)
  0x00007fa1281ab944: 2a07 e908 | c0ff ff8b | 5f20 48c1 | e303 4885 | db0f 8445 | c0ff ff48 

  0x00007fa1281ab95c: ;   {runtime_call g1_pre_barrier_slow}
  0x00007fa1281ab95c: 891c 24e8 | fce4 2a07 | e937 c0ff | ff48 8934 

  0x00007fa1281ab96c: ;   {runtime_call C1 Runtime throw_class_cast_exception_blob}
  0x00007fa1281ab96c: 24e8 eea6 

  0x00007fa1281ab970: ; ImmutableOopMap {rdi=Oop [184]=Oop [368]=Oop }
                      ;*checkcast {reexecute=0 rethrow=0 return_oop=0}
                      ; - com.badlogic.gdx.backends.lwjgl.LwjglApplication::mainLoop@118 (line 165)
                      ;   {runtime_call C1 Runtime throw_null_pointer_exception_blob}
  0x00007fa1281ab970: 2a07 e869 

  0x00007fa1281ab974: ; ImmutableOopMap {rbx=Oop [184]=Oop [192]=Oop [232]=Oop [368]=Oop }
                      ;*aaload {reexecute=0 rethrow=0 return_oop=0}
                      ; - com.badlogic.gdx.backends.lwjgl.LwjglApplication::mainLoop@143 (line 167)
                      ;   {runtime_call C1 Runtime throw_null_pointer_exception_blob}
  0x00007fa1281ab974: 7e2a 07e8 

  0x00007fa1281ab978: ; ImmutableOopMap {rbx=Oop [184]=Oop [192]=Oop [232]=Oop [368]=Oop }
                      ;*aaload {reexecute=0 rethrow=0 return_oop=0}
                      ; - com.badlogic.gdx.backends.lwjgl.LwjglApplication::mainLoop@143 (line 167)
  0x00007fa1281ab978: 647e 2a07 | 4889 1424 | 4889 5c24 

  0x00007fa1281ab984: ;   {runtime_call C1 Runtime throw_range_check_failed_blob}
  0x00007fa1281ab984: 08e8 5675 

  0x00007fa1281ab988: ; ImmutableOopMap {rbx=Oop [184]=Oop [192]=Oop [232]=Oop [368]=Oop }
                      ;*aaload {reexecute=0 rethrow=0 return_oop=0}
                      ; - com.badlogic.gdx.backends.lwjgl.LwjglApplication::mainLoop@143 (line 167)
                      ;   {runtime_call C1 Runtime throw_null_pointer_exception_blob}
  0x00007fa1281ab988: 2a07 e851 

  0x00007fa1281ab98c: ; ImmutableOopMap {rbx=Oop rsi=Oop [184]=Oop [192]=Oop [232]=Oop [368]=Oop }
                      ;*invokeinterface pause {reexecute=0 rethrow=0 return_oop=0}
                      ; - com.badlogic.gdx.backends.lwjgl.LwjglApplication::mainLoop@144 (line 167)
                      ;   {metadata({method} {0x00007fa0f4417f38} 'mainLoop' '()V' in 'com/badlogic/gdx/backends/lwjgl/LwjglApplication')}
  0x00007fa1281ab98c: 7e2a 0749 | ba38 7f41 | f4a0 7f00 | 004c 8954 | 2408 48c7 | 0424 9800 

  0x00007fa1281ab9a4: ;   {runtime_call C1 Runtime counter_overflow_blob}
  0x00007fa1281ab9a4: 0000 e8b5 

  0x00007fa1281ab9a8: ; ImmutableOopMap {[184]=Oop [192]=Oop [232]=Oop [368]=Oop }
                      ;*goto {reexecute=1 rethrow=0 return_oop=0}
                      ; - (reexecute) com.badlogic.gdx.backends.lwjgl.LwjglApplication::mainLoop@152 (line 166)
  0x00007fa1281ab9a8: de2a 07e9 | 24c2 ffff | 488d 8424 | 6801 0000 | 4889 0424 

  0x00007fa1281ab9bc: ;   {runtime_call C1 Runtime monitorexit_blob}
  0x00007fa1281ab9bc: e89f b82a | 07e9 f9c2 

  0x00007fa1281ab9c4: ;   {runtime_call C1 Runtime throw_incompatible_class_change_error_blob}
  0x00007fa1281ab9c4: ffff e895 

  0x00007fa1281ab9c8: ; ImmutableOopMap {rbx=Oop rsi=Oop [192]=Oop }
                      ;*invokeinterface pause {reexecute=0 rethrow=0 return_oop=0}
                      ; - com.badlogic.gdx.backends.lwjgl.LwjglApplication::mainLoop@177 (line 170)
                      ;   {runtime_call C1 Runtime throw_null_pointer_exception_blob}
  0x00007fa1281ab9c8: a92a 07e8 

  0x00007fa1281ab9cc: ; ImmutableOopMap {rbx=Oop rsi=Oop [192]=Oop }
                      ;*invokeinterface pause {reexecute=0 rethrow=0 return_oop=0}
                      ; - com.badlogic.gdx.backends.lwjgl.LwjglApplication::mainLoop@177 (line 170)
  0x00007fa1281ab9cc: 107e 2a07 

  0x00007fa1281ab9d0: ;   {runtime_call C1 Runtime throw_null_pointer_exception_blob}
  0x00007fa1281ab9d0: e80b 7e2a 

  0x00007fa1281ab9d4: ; ImmutableOopMap {rdi=Oop [184]=Oop }
                      ;*monitorenter {reexecute=0 rethrow=0 return_oop=0}
                      ; - com.badlogic.gdx.backends.lwjgl.LwjglApplication::mainLoop@199 (line 174)
  0x00007fa1281ab9d4: 0748 897c | 2408 4889 

  0x00007fa1281ab9dc: ;   {runtime_call C1 Runtime monitorenter_blob}
  0x00007fa1281ab9dc: 3424 e87d 

  0x00007fa1281ab9e0: ; ImmutableOopMap {rdi=Oop [184]=Oop [368]=Oop }
                      ;*monitorenter {reexecute=0 rethrow=0 return_oop=0}
                      ; - com.badlogic.gdx.backends.lwjgl.LwjglApplication::mainLoop@199 (line 174)
  0x00007fa1281ab9e0: b22a 07e9 | 34c4 ffff 

  0x00007fa1281ab9e8: ;   {metadata({method} {0x00007fa0f4452018} 'begin' '()[Ljava/lang/Object;' in 'com/badlogic/gdx/utils/SnapshotArray')}
  0x00007fa1281ab9e8: 49ba 1820 | 45f4 a07f | 0000 4c89 | 5424 0848 | c704 24ff 

  0x00007fa1281ab9fc: ;   {runtime_call C1 Runtime counter_overflow_blob}
  0x00007fa1281ab9fc: ffff ffe8 

  0x00007fa1281aba00: ; ImmutableOopMap {rdi=Oop [184]=Oop [368]=Oop }
                      ;*synchronization entry
                      ; - com.badlogic.gdx.utils.SnapshotArray::begin@-1 (line 78)
                      ; - com.badlogic.gdx.backends.lwjgl.LwjglApplication::mainLoop@201 (line 175)
  0x00007fa1281aba00: 5cde 2a07 | e960 c4ff | ff8b 5f20 | 48c1 e303 | 4885 db0f | 849f c4ff | ff48 891c 

  0x00007fa1281aba1c: ;   {runtime_call g1_pre_barrier_slow}
  0x00007fa1281aba1c: 24e8 3ee4 | 2a07 e991 | c4ff ff48 

  0x00007fa1281aba28: ;   {runtime_call C1 Runtime throw_class_cast_exception_blob}
  0x00007fa1281aba28: 8934 24e8 

  0x00007fa1281aba2c: ; ImmutableOopMap {rdi=Oop [184]=Oop [368]=Oop }
                      ;*checkcast {reexecute=0 rethrow=0 return_oop=0}
                      ; - com.badlogic.gdx.backends.lwjgl.LwjglApplication::mainLoop@204 (line 175)
  0x00007fa1281aba2c: 30a6 2a07 

  0x00007fa1281aba30: ;   {runtime_call C1 Runtime throw_null_pointer_exception_blob}
  0x00007fa1281aba30: e8ab 7d2a 

  0x00007fa1281aba34: ; ImmutableOopMap {rbx=Oop [184]=Oop [192]=Oop [248]=Oop [368]=Oop }
                      ;*aaload {reexecute=0 rethrow=0 return_oop=0}
                      ; - com.badlogic.gdx.backends.lwjgl.LwjglApplication::mainLoop@229 (line 177)
                      ;   {runtime_call C1 Runtime throw_null_pointer_exception_blob}
  0x00007fa1281aba34: 07e8 a67d 

  0x00007fa1281aba38: ; ImmutableOopMap {rbx=Oop [184]=Oop [192]=Oop [248]=Oop [368]=Oop }
                      ;*aaload {reexecute=0 rethrow=0 return_oop=0}
                      ; - com.badlogic.gdx.backends.lwjgl.LwjglApplication::mainLoop@229 (line 177)
  0x00007fa1281aba38: 2a07 4889 | 1424 4889 

  0x00007fa1281aba40: ;   {runtime_call C1 Runtime throw_range_check_failed_blob}
  0x00007fa1281aba40: 5c24 08e8 

  0x00007fa1281aba44: ; ImmutableOopMap {rbx=Oop [184]=Oop [192]=Oop [248]=Oop [368]=Oop }
                      ;*aaload {reexecute=0 rethrow=0 return_oop=0}
                      ; - com.badlogic.gdx.backends.lwjgl.LwjglApplication::mainLoop@229 (line 177)
  0x00007fa1281aba44: 9874 2a07 

  0x00007fa1281aba48: ;   {runtime_call C1 Runtime throw_null_pointer_exception_blob}
  0x00007fa1281aba48: e893 7d2a 

  0x00007fa1281aba4c: ; ImmutableOopMap {rbx=Oop rsi=Oop [184]=Oop [192]=Oop [248]=Oop [368]=Oop }
                      ;*invokeinterface resume {reexecute=0 rethrow=0 return_oop=0}
                      ; - com.badlogic.gdx.backends.lwjgl.LwjglApplication::mainLoop@230 (line 177)
                      ;   {metadata({method} {0x00007fa0f4417f38} 'mainLoop' '()V' in 'com/badlogic/gdx/backends/lwjgl/LwjglApplication')}
  0x00007fa1281aba4c: 0749 ba38 | 7f41 f4a0 | 7f00 004c | 8954 2408 | 48c7 0424 | ee00 0000 

  0x00007fa1281aba64: ;   {runtime_call C1 Runtime counter_overflow_blob}
  0x00007fa1281aba64: e8f7 dd2a 

  0x00007fa1281aba68: ; ImmutableOopMap {[184]=Oop [192]=Oop [248]=Oop [368]=Oop }
                      ;*goto {reexecute=1 rethrow=0 return_oop=0}
                      ; - (reexecute) com.badlogic.gdx.backends.lwjgl.LwjglApplication::mainLoop@238 (line 176)
  0x00007fa1281aba68: 07e9 7ec6 | ffff 488d | 8424 6801 | 0000 4889 

  0x00007fa1281aba78: ;   {runtime_call C1 Runtime monitorexit_blob}
  0x00007fa1281aba78: 0424 e8e1 | b72a 07e9 | 53c7 ffff 

  0x00007fa1281aba84: ;   {runtime_call C1 Runtime throw_incompatible_class_change_error_blob}
  0x00007fa1281aba84: e8d7 a82a 

  0x00007fa1281aba88: ; ImmutableOopMap {rbx=Oop rdi=Oop [192]=Oop }
                      ;*invokeinterface resume {reexecute=0 rethrow=0 return_oop=0}
                      ; - com.badlogic.gdx.backends.lwjgl.LwjglApplication::mainLoop@263 (line 180)
                      ;   {runtime_call C1 Runtime throw_null_pointer_exception_blob}
  0x00007fa1281aba88: 07e8 527d 

  0x00007fa1281aba8c: ; ImmutableOopMap {rbx=Oop rdi=Oop [192]=Oop }
                      ;*invokeinterface resume {reexecute=0 rethrow=0 return_oop=0}
                      ; - com.badlogic.gdx.backends.lwjgl.LwjglApplication::mainLoop@263 (line 180)
                      ;   {metadata({method} {0x00007fa0f442fd78} 'resume' '()V' in 'age/of/civilizations2/jakowski/lukasz/AoCGame')}
  0x00007fa1281aba8c: 2a07 49ba | 78fd 42f4 | a07f 0000 | 4c89 5424 | 0848 c704 | 24ff ffff 

  0x00007fa1281abaa4: ;   {runtime_call C1 Runtime counter_overflow_blob}
  0x00007fa1281abaa4: ffe8 b6dd 

  0x00007fa1281abaa8: ; ImmutableOopMap {rbx=Oop rdi=Oop [192]=Oop }
                      ;*synchronization entry
                      ; - age.of.civilizations2.jakowski.lukasz.AoCGame::resume@-1 (line 1438)
                      ; - com.badlogic.gdx.backends.lwjgl.LwjglApplication::mainLoop@263 (line 180)
  0x00007fa1281abaa8: 2a07 e9c7 

  0x00007fa1281abaac: ;   {runtime_call C1 Runtime throw_incompatible_class_change_error_blob}
  0x00007fa1281abaac: c7ff ffe8 

  0x00007fa1281abab0: ; ImmutableOopMap {rsi=Oop [184]=Oop [192]=Oop [256]=Oop }
                      ;*invokeinterface requestRendering {reexecute=0 rethrow=0 return_oop=0}
                      ; - age.of.civilizations2.jakowski.lukasz.AoCGame::resume@12 (line 1440)
                      ; - com.badlogic.gdx.backends.lwjgl.LwjglApplication::mainLoop@263 (line 180)
  0x00007fa1281abab0: aca8 2a07 

  0x00007fa1281abab4: ;   {runtime_call C1 Runtime throw_null_pointer_exception_blob}
  0x00007fa1281abab4: e827 7d2a 

  0x00007fa1281abab8: ; ImmutableOopMap {rsi=Oop [184]=Oop [192]=Oop [256]=Oop }
                      ;*invokeinterface requestRendering {reexecute=0 rethrow=0 return_oop=0}
                      ; - age.of.civilizations2.jakowski.lukasz.AoCGame::resume@12 (line 1440)
                      ; - com.badlogic.gdx.backends.lwjgl.LwjglApplication::mainLoop@263 (line 180)
                      ;   {metadata({method} {0x00007fa0f443f910} 'requestRendering' '()V' in 'com/badlogic/gdx/backends/lwjgl/LwjglGraphics')}
  0x00007fa1281abab8: 0749 ba10 | f943 f4a0 | 7f00 004c | 8954 2408 | 48c7 0424 | ffff ffff 

  0x00007fa1281abad0: ;   {runtime_call C1 Runtime counter_overflow_blob}
  0x00007fa1281abad0: e88b dd2a 

  0x00007fa1281abad4: ; ImmutableOopMap {rsi=Oop [184]=Oop [192]=Oop [256]=Oop }
                      ;*synchronization entry
                      ; - com.badlogic.gdx.backends.lwjgl.LwjglGraphics::requestRendering@-1 (line 578)
                      ; - age.of.civilizations2.jakowski.lukasz.AoCGame::resume@12 (line 1440)
                      ; - com.badlogic.gdx.backends.lwjgl.LwjglApplication::mainLoop@263 (line 180)
  0x00007fa1281abad4: 07e9 14c9 | ffff 4889 | 7424 0848 

  0x00007fa1281abae0: ;   {runtime_call C1 Runtime monitorenter_blob}
  0x00007fa1281abae0: 893c 24e8 

  0x00007fa1281abae4: ; ImmutableOopMap {rsi=Oop [184]=Oop [192]=Oop [256]=Oop [368]=Oop }
                      ;*monitorenter {reexecute=0 rethrow=0 return_oop=0}
                      ; - com.badlogic.gdx.backends.lwjgl.LwjglGraphics::requestRendering@3 (line 578)
                      ; - age.of.civilizations2.jakowski.lukasz.AoCGame::resume@12 (line 1440)
                      ; - com.badlogic.gdx.backends.lwjgl.LwjglApplication::mainLoop@263 (line 180)
  0x00007fa1281abae4: 78b1 2a07 | e961 c9ff | ff48 8d84 | 2468 0100 | 0048 8904 

  0x00007fa1281abaf8: ;   {runtime_call C1 Runtime monitorexit_blob}
  0x00007fa1281abaf8: 24e8 62b7 | 2a07 e9b4 

  0x00007fa1281abb00: ;   {metadata({method} {0x00007fa0f45cb448} 'setRender_3' '(Z)V' in 'age/of/civilizations2/jakowski/lukasz/CFG')}
  0x00007fa1281abb00: c9ff ff49 | ba48 b45c | f4a0 7f00 | 004c 8954 | 2408 48c7 | 0424 ffff 

  0x00007fa1281abb18: ;   {runtime_call C1 Runtime counter_overflow_blob}
  0x00007fa1281abb18: ffff e841 

  0x00007fa1281abb1c: ; ImmutableOopMap {rdi=Oop [184]=Oop [192]=Oop }
                      ;*synchronization entry
                      ; - age.of.civilizations2.jakowski.lukasz.CFG::setRender_3@-1 (line 890)
                      ; - age.of.civilizations2.jakowski.lukasz.AoCGame::resume@18 (line 1441)
                      ; - com.badlogic.gdx.backends.lwjgl.LwjglApplication::mainLoop@263 (line 180)
  0x00007fa1281abb1c: dd2a 07e9 | e4c9 ffff 

  0x00007fa1281abb24: ;   {runtime_call C1 Runtime throw_incompatible_class_change_error_blob}
  0x00007fa1281abb24: e837 a82a 

  0x00007fa1281abb28: ; ImmutableOopMap {rdi=Oop rsi=Oop rbx=Oop [184]=Oop [192]=Oop }
                      ;*invokeinterface update {reexecute=0 rethrow=0 return_oop=0}
                      ; - age.of.civilizations2.jakowski.lukasz.CFG::setRender_3@4 (line 890)
                      ; - age.of.civilizations2.jakowski.lukasz.AoCGame::resume@18 (line 1441)
                      ; - com.badlogic.gdx.backends.lwjgl.LwjglApplication::mainLoop@263 (line 180)
                      ;   {runtime_call C1 Runtime throw_null_pointer_exception_blob}
  0x00007fa1281abb28: 07e8 b27c 

  0x00007fa1281abb2c: ; ImmutableOopMap {rdi=Oop rsi=Oop rbx=Oop [184]=Oop [192]=Oop }
                      ;*invokeinterface update {reexecute=0 rethrow=0 return_oop=0}
                      ; - age.of.civilizations2.jakowski.lukasz.CFG::setRender_3@4 (line 890)
                      ; - age.of.civilizations2.jakowski.lukasz.AoCGame::resume@18 (line 1441)
                      ; - com.badlogic.gdx.backends.lwjgl.LwjglApplication::mainLoop@263 (line 180)
                      ;   {metadata({method} {0x00007fa0f465e940} 'update' '(Z)V' in 'age/of/civilizations2/jakowski/lukasz/CFG$1')}
  0x00007fa1281abb2c: 2a07 49ba | 40e9 65f4 | a07f 0000 | 4c89 5424 | 0848 c704 | 24ff ffff 

  0x00007fa1281abb44: ;   {runtime_call C1 Runtime counter_overflow_blob}
  0x00007fa1281abb44: ffe8 16dd 

  0x00007fa1281abb48: ; ImmutableOopMap {rdi=Oop rsi=Oop [184]=Oop [192]=Oop }
                      ;*synchronization entry
                      ; - age.of.civilizations2.jakowski.lukasz.CFG$1::update@-1 (line 871)
                      ; - age.of.civilizations2.jakowski.lukasz.CFG::setRender_3@4 (line 890)
                      ; - age.of.civilizations2.jakowski.lukasz.AoCGame::resume@18 (line 1441)
                      ; - com.badlogic.gdx.backends.lwjgl.LwjglApplication::mainLoop@263 (line 180)
  0x00007fa1281abb48: 2a07 e939 

  0x00007fa1281abb4c: ;   {metadata({method} {0x00007fa0f4430550} 'resume' '()V' in 'com/badlogic/gdx/ApplicationAdapter')}
  0x00007fa1281abb4c: caff ff49 | ba50 0543 | f4a0 7f00 | 004c 8954 | 2408 48c7 | 0424 ffff 

  0x00007fa1281abb64: ;   {runtime_call C1 Runtime counter_overflow_blob}
  0x00007fa1281abb64: ffff e8f5 

  0x00007fa1281abb68: ; ImmutableOopMap {[184]=Oop [192]=Oop }
                      ;*synchronization entry
                      ; - com.badlogic.gdx.ApplicationAdapter::resume@-1 (line 40)
                      ; - age.of.civilizations2.jakowski.lukasz.AoCGame::resume@22 (line 1442)
                      ; - com.badlogic.gdx.backends.lwjgl.LwjglApplication::mainLoop@263 (line 180)
  0x00007fa1281abb68: dc2a 07e9 | 6fca ffff 

  0x00007fa1281abb70: ;   {runtime_call C1 Runtime throw_null_pointer_exception_blob}
  0x00007fa1281abb70: e86b 7c2a 

  0x00007fa1281abb74: ; ImmutableOopMap {rbx=Oop rsi=Oop [192]=Oop }
                      ;*getfield canvas {reexecute=1 rethrow=0 return_oop=0}
                      ; - (reexecute) com.badlogic.gdx.backends.lwjgl.LwjglApplication::mainLoop@275 (line 185)
                      ;   {runtime_call C1 Runtime throw_null_pointer_exception_blob}
  0x00007fa1281abb74: 07e8 667c 

  0x00007fa1281abb78: ; ImmutableOopMap {rdi=Oop [184]=Oop [192]=Oop }
                      ;*invokevirtual getWidth {reexecute=0 rethrow=0 return_oop=0}
                      ; - com.badlogic.gdx.backends.lwjgl.LwjglApplication::mainLoop@288 (line 186)
                      ;   {runtime_call C1 Runtime throw_null_pointer_exception_blob}
  0x00007fa1281abb78: 2a07 e861 

  0x00007fa1281abb7c: ; ImmutableOopMap {rbx=Oop [192]=Oop }
                      ;*getfield canvas {reexecute=1 rethrow=0 return_oop=0}
                      ; - (reexecute) com.badlogic.gdx.backends.lwjgl.LwjglApplication::mainLoop@297 (line 187)
                      ;   {runtime_call C1 Runtime throw_null_pointer_exception_blob}
  0x00007fa1281abb7c: 7c2a 07e8 

  0x00007fa1281abb80: ; ImmutableOopMap {rbx=Oop rsi=Oop [192]=Oop }
                      ;*invokevirtual getHeight {reexecute=0 rethrow=0 return_oop=0}
                      ; - com.badlogic.gdx.backends.lwjgl.LwjglApplication::mainLoop@300 (line 187)
  0x00007fa1281abb80: 5c7c 2a07 

  0x00007fa1281abb84: ;   {runtime_call C1 Runtime throw_incompatible_class_change_error_blob}
  0x00007fa1281abb84: e8d7 a72a 

  0x00007fa1281abb88: ; ImmutableOopMap {rsi=Oop [184]=Oop [192]=Oop }
                      ;*invokeinterface glViewport {reexecute=0 rethrow=0 return_oop=0}
                      ; - com.badlogic.gdx.backends.lwjgl.LwjglApplication::mainLoop@330 (line 191)
                      ;   {runtime_call C1 Runtime throw_null_pointer_exception_blob}
  0x00007fa1281abb88: 07e8 527c 

  0x00007fa1281abb8c: ; ImmutableOopMap {rsi=Oop [184]=Oop [192]=Oop }
                      ;*invokeinterface glViewport {reexecute=0 rethrow=0 return_oop=0}
                      ; - com.badlogic.gdx.backends.lwjgl.LwjglApplication::mainLoop@330 (line 191)
                      ;   {metadata({method} {0x00007fa0f45b8a78} 'glViewport' '(IIII)V' in 'com/badlogic/gdx/backends/lwjgl/LwjglGL20')}
  0x00007fa1281abb8c: 2a07 49ba | 788a 5bf4 | a07f 0000 | 4c89 5424 | 0848 c704 | 24ff ffff 

  0x00007fa1281abba4: ;   {runtime_call C1 Runtime counter_overflow_blob}
  0x00007fa1281abba4: ffe8 b6dc 

  0x00007fa1281abba8: ; ImmutableOopMap {[184]=Oop [192]=Oop }
                      ;*synchronization entry
                      ; - com.badlogic.gdx.backends.lwjgl.LwjglGL20::glViewport@-1 (line 839)
                      ; - com.badlogic.gdx.backends.lwjgl.LwjglApplication::mainLoop@330 (line 191)
  0x00007fa1281abba8: 2a07 e913 

  0x00007fa1281abbac: ;   {runtime_call C1 Runtime throw_incompatible_class_change_error_blob}
  0x00007fa1281abbac: cdff ffe8 

  0x00007fa1281abbb0: ; ImmutableOopMap {rbx=Oop rsi=Oop [192]=Oop }
                      ;*invokeinterface resize {reexecute=0 rethrow=0 return_oop=0}
                      ; - com.badlogic.gdx.backends.lwjgl.LwjglApplication::mainLoop@341 (line 192)
  0x00007fa1281abbb0: aca7 2a07 

  0x00007fa1281abbb4: ;   {runtime_call C1 Runtime throw_null_pointer_exception_blob}
  0x00007fa1281abbb4: e827 7c2a 

  0x00007fa1281abbb8: ; ImmutableOopMap {rbx=Oop rsi=Oop [192]=Oop }
                      ;*invokeinterface resize {reexecute=0 rethrow=0 return_oop=0}
                      ; - com.badlogic.gdx.backends.lwjgl.LwjglApplication::mainLoop@341 (line 192)
                      ;   {metadata({method} {0x00007fa0f44d1360} 'getX' '()I' in 'org/lwjgl/opengl/Display')}
  0x00007fa1281abbb8: 0749 ba60 | 134d f4a0 | 7f00 004c | 8954 2408 | 48c7 0424 | ffff ffff 

  0x00007fa1281abbd0: ;   {runtime_call C1 Runtime counter_overflow_blob}
  0x00007fa1281abbd0: e88b dc2a 

  0x00007fa1281abbd4: ; ImmutableOopMap {rsi=Oop [184]=Oop [192]=Oop }
                      ;*synchronization entry
                      ; - org.lwjgl.opengl.Display::getX@-1 (line 1277)
                      ; - com.badlogic.gdx.backends.lwjgl.LwjglApplication::mainLoop@359 (line 196)
  0x00007fa1281abbd4: 07e9 37ce 

  0x00007fa1281abbd8: ;   {runtime_call C1 Runtime throw_null_pointer_exception_blob}
  0x00007fa1281abbd8: ffff e801 

  0x00007fa1281abbdc: ; ImmutableOopMap {rsi=Oop [184]=Oop [192]=Oop [272]=Oop }
                      ;*invokevirtual getX {reexecute=0 rethrow=0 return_oop=0}
                      ; - org.lwjgl.opengl.Display::getX@17 (line 1282)
                      ; - com.badlogic.gdx.backends.lwjgl.LwjglApplication::mainLoop@359 (line 196)
                      ;   {runtime_call C1 Runtime throw_null_pointer_exception_blob}
  0x00007fa1281abbdc: 7c2a 07e8 

  0x00007fa1281abbe0: ; ImmutableOopMap {rbx=Oop [192]=Oop }
                      ;*putfield x {reexecute=1 rethrow=0 return_oop=0}
                      ; - (reexecute) com.badlogic.gdx.backends.lwjgl.LwjglApplication::mainLoop@362 (line 196)
  0x00007fa1281abbe0: fc7b 2a07 

  0x00007fa1281abbe4: ;   {runtime_call C1 Runtime throw_null_pointer_exception_blob}
  0x00007fa1281abbe4: e8f7 7b2a 

  0x00007fa1281abbe8: ; ImmutableOopMap {rbx=Oop [192]=Oop }
                      ;*getfield config {reexecute=1 rethrow=0 return_oop=0}
                      ; - (reexecute) com.badlogic.gdx.backends.lwjgl.LwjglApplication::mainLoop@369 (line 197)
                      ;   {metadata({method} {0x00007fa0f44d1418} 'getY' '()I' in 'org/lwjgl/opengl/Display')}
  0x00007fa1281abbe8: 0749 ba18 | 144d f4a0 | 7f00 004c | 8954 2408 | 48c7 0424 | ffff ffff 

  0x00007fa1281abc00: ;   {runtime_call C1 Runtime counter_overflow_blob}
  0x00007fa1281abc00: e85b dc2a 

  0x00007fa1281abc04: ; ImmutableOopMap {rbx=Oop rsi=Oop [192]=Oop }
                      ;*synchronization entry
                      ; - org.lwjgl.opengl.Display::getY@-1 (line 1297)
                      ; - com.badlogic.gdx.backends.lwjgl.LwjglApplication::mainLoop@372 (line 197)
  0x00007fa1281abc04: 07e9 e6cf 

  0x00007fa1281abc08: ;   {runtime_call C1 Runtime throw_null_pointer_exception_blob}
  0x00007fa1281abc08: ffff e8d1 

  0x00007fa1281abc0c: ; ImmutableOopMap {rsi=Oop [184]=Oop [192]=Oop [280]=Oop }
                      ;*invokevirtual getY {reexecute=0 rethrow=0 return_oop=0}
                      ; - org.lwjgl.opengl.Display::getY@17 (line 1302)
                      ; - com.badlogic.gdx.backends.lwjgl.LwjglApplication::mainLoop@372 (line 197)
                      ;   {runtime_call C1 Runtime throw_null_pointer_exception_blob}
  0x00007fa1281abc0c: 7b2a 07e8 

  0x00007fa1281abc10: ; ImmutableOopMap {rbx=Oop [192]=Oop }
                      ;*putfield y {reexecute=1 rethrow=0 return_oop=0}
                      ; - (reexecute) com.badlogic.gdx.backends.lwjgl.LwjglApplication::mainLoop@375 (line 197)
  0x00007fa1281abc10: cc7b 2a07 

  0x00007fa1281abc14: ;   {runtime_call C1 Runtime throw_null_pointer_exception_blob}
  0x00007fa1281abc14: e8c7 7b2a 

  0x00007fa1281abc18: ; ImmutableOopMap {rbx=Oop [192]=Oop }
                      ;*getfield resize {reexecute=1 rethrow=0 return_oop=0}
                      ; - (reexecute) com.badlogic.gdx.backends.lwjgl.LwjglApplication::mainLoop@382 (line 198)
                      ;   {metadata({method} {0x00007fa0f44d12a8} 'wasResized' '()Z' in 'org/lwjgl/opengl/Display')}
  0x00007fa1281abc18: 0749 baa8 | 124d f4a0 | 7f00 004c | 8954 2408 | 48c7 0424 | ffff ffff 

  0x00007fa1281abc30: ;   {runtime_call C1 Runtime counter_overflow_blob}
  0x00007fa1281abc30: e82b dc2a 

  0x00007fa1281abc34: ; ImmutableOopMap {rbx=Oop [192]=Oop }
                      ;*synchronization entry
                      ; - org.lwjgl.opengl.Display::wasResized@-1 (line 1265)
                      ; - com.badlogic.gdx.backends.lwjgl.LwjglApplication::mainLoop@388 (line 198)
  0x00007fa1281abc34: 07e9 c6d1 

  0x00007fa1281abc38: ;   {metadata({method} {0x00007fa0f44d14d0} 'getWidth' '()I' in 'org/lwjgl/opengl/Display')}
  0x00007fa1281abc38: ffff 49ba | d014 4df4 | a07f 0000 | 4c89 5424 | 0848 c704 | 24ff ffff 

  0x00007fa1281abc50: ;   {runtime_call C1 Runtime counter_overflow_blob}
  0x00007fa1281abc50: ffe8 0adc 

  0x00007fa1281abc54: ; ImmutableOopMap {[184]=Oop [192]=Oop }
                      ;*synchronization entry
                      ; - org.lwjgl.opengl.Display::getWidth@-1 (line 1319)
                      ; - com.badlogic.gdx.backends.lwjgl.LwjglApplication::mainLoop@394 (line 199)
  0x00007fa1281abc54: 2a07 e924 

  0x00007fa1281abc58: ;   {metadata({method} {0x00007fa0f44cdb10} 'getDisplayMode' '()Lorg/lwjgl/opengl/DisplayMode;' in 'org/lwjgl/opengl/Display')}
  0x00007fa1281abc58: d2ff ff49 | ba10 db4c | f4a0 7f00 | 004c 8954 | 2408 48c7 | 0424 ffff 

  0x00007fa1281abc70: ;   {runtime_call C1 Runtime counter_overflow_blob}
  0x00007fa1281abc70: ffff e8e9 

  0x00007fa1281abc74: ; ImmutableOopMap {[184]=Oop [192]=Oop }
                      ;*synchronization entry
                      ; - org.lwjgl.opengl.Display::getDisplayMode@-1 (line 222)
                      ; - org.lwjgl.opengl.Display::getWidth@6 (line 1320)
                      ; - com.badlogic.gdx.backends.lwjgl.LwjglApplication::mainLoop@394 (line 199)
  0x00007fa1281abc74: db2a 07e9 | 8bd2 ffff 

  0x00007fa1281abc7c: ;   {runtime_call C1 Runtime throw_null_pointer_exception_blob}
  0x00007fa1281abc7c: e85f 7b2a 

  0x00007fa1281abc80: ; ImmutableOopMap {rsi=Oop [184]=Oop [192]=Oop }
                      ;*invokevirtual getWidth {reexecute=0 rethrow=0 return_oop=0}
                      ; - org.lwjgl.opengl.Display::getWidth@9 (line 1320)
                      ; - com.badlogic.gdx.backends.lwjgl.LwjglApplication::mainLoop@394 (line 199)
                      ;   {runtime_call C1 Runtime throw_null_pointer_exception_blob}
  0x00007fa1281abc80: 07e8 5a7b 

  0x00007fa1281abc84: ; ImmutableOopMap {rsi=Oop [184]=Oop [192]=Oop }
                      ;*invokevirtual getWidth {reexecute=0 rethrow=0 return_oop=0}
                      ; - org.lwjgl.opengl.Display::getWidth@22 (line 1324)
                      ; - com.badlogic.gdx.backends.lwjgl.LwjglApplication::mainLoop@394 (line 199)
                      ;   {metadata({method} {0x00007fa0f44d1628} 'getPixelScaleFactor' '()F' in 'org/lwjgl/opengl/Display')}
  0x00007fa1281abc84: 2a07 49ba | 2816 4df4 | a07f 0000 | 4c89 5424 | 0848 c704 | 24ff ffff 

  0x00007fa1281abc9c: ;   {runtime_call C1 Runtime counter_overflow_blob}
  0x00007fa1281abc9c: ffe8 bedb 

  0x00007fa1281abca0: ; ImmutableOopMap {rbx=Oop [192]=Oop }
                      ;*synchronization entry
                      ; - org.lwjgl.opengl.Display::getPixelScaleFactor@-1 (line 1373)
                      ; - com.badlogic.gdx.backends.lwjgl.LwjglApplication::mainLoop@398 (line 199)
  0x00007fa1281abca0: 2a07 e95a 

  0x00007fa1281abca4: ;   {metadata({method} {0x00007fa0f44e6590} 'getPixelScaleFactor' '()F' in 'org/lwjgl/opengl/LinuxDisplay')}
  0x00007fa1281abca4: d4ff ff49 | ba90 654e | f4a0 7f00 | 004c 8954 | 2408 48c7 | 0424 ffff 

  0x00007fa1281abcbc: ;   {runtime_call C1 Runtime counter_overflow_blob}
  0x00007fa1281abcbc: ffff e89d 

  0x00007fa1281abcc0: ; ImmutableOopMap {rbx=Oop [192]=Oop }
                      ;*synchronization entry
                      ; - org.lwjgl.opengl.LinuxDisplay::getPixelScaleFactor@-1 (line 1494)
                      ; - org.lwjgl.opengl.Display::getPixelScaleFactor@3 (line 1373)
                      ; - com.badlogic.gdx.backends.lwjgl.LwjglApplication::mainLoop@398 (line 199)
  0x00007fa1281abcc0: db2a 07e9 | 7cd4 ffff 

  0x00007fa1281abcc8: ;   {runtime_call C1 Runtime throw_null_pointer_exception_blob}
  0x00007fa1281abcc8: e813 7b2a 

  0x00007fa1281abccc: ; ImmutableOopMap {rbx=Oop [192]=Oop }
                      ;*getfield config {reexecute=1 rethrow=0 return_oop=0}
                      ; - (reexecute) com.badlogic.gdx.backends.lwjgl.LwjglApplication::mainLoop@407 (line 199)
                      ;   {runtime_call C1 Runtime throw_null_pointer_exception_blob}
  0x00007fa1281abccc: 07e8 0e7b 

  0x00007fa1281abcd0: ; ImmutableOopMap {rbx=Oop [192]=Oop }
                      ;*getfield width {reexecute=1 rethrow=0 return_oop=0}
                      ; - (reexecute) com.badlogic.gdx.backends.lwjgl.LwjglApplication::mainLoop@410 (line 199)
                      ;   {metadata({method} {0x00007fa0f44d1588} 'getHeight' '()I' in 'org/lwjgl/opengl/Display')}
  0x00007fa1281abcd0: 2a07 49ba | 8815 4df4 | a07f 0000 | 4c89 5424 | 0848 c704 | 24ff ffff 

  0x00007fa1281abce8: ;   {runtime_call C1 Runtime counter_overflow_blob}
  0x00007fa1281abce8: ffe8 72db 

  0x00007fa1281abcec: ; ImmutableOopMap {[184]=Oop [192]=Oop }
                      ;*synchronization entry
                      ; - org.lwjgl.opengl.Display::getHeight@-1 (line 1341)
                      ; - com.badlogic.gdx.backends.lwjgl.LwjglApplication::mainLoop@416 (line 200)
  0x00007fa1281abcec: 2a07 e9f0 

  0x00007fa1281abcf0: ;   {metadata({method} {0x00007fa0f44cdb10} 'getDisplayMode' '()Lorg/lwjgl/opengl/DisplayMode;' in 'org/lwjgl/opengl/Display')}
  0x00007fa1281abcf0: d4ff ff49 | ba10 db4c | f4a0 7f00 | 004c 8954 | 2408 48c7 | 0424 ffff 

  0x00007fa1281abd08: ;   {runtime_call C1 Runtime counter_overflow_blob}
  0x00007fa1281abd08: ffff e851 

  0x00007fa1281abd0c: ; ImmutableOopMap {[184]=Oop [192]=Oop }
                      ;*synchronization entry
                      ; - org.lwjgl.opengl.Display::getDisplayMode@-1 (line 222)
                      ; - org.lwjgl.opengl.Display::getHeight@6 (line 1342)
                      ; - com.badlogic.gdx.backends.lwjgl.LwjglApplication::mainLoop@416 (line 200)
  0x00007fa1281abd0c: db2a 07e9 | 53d5 ffff 

  0x00007fa1281abd14: ;   {runtime_call C1 Runtime throw_null_pointer_exception_blob}
  0x00007fa1281abd14: e8c7 7a2a 

  0x00007fa1281abd18: ; ImmutableOopMap {rsi=Oop [184]=Oop [192]=Oop }
                      ;*invokevirtual getHeight {reexecute=0 rethrow=0 return_oop=0}
                      ; - org.lwjgl.opengl.Display::getHeight@9 (line 1342)
                      ; - com.badlogic.gdx.backends.lwjgl.LwjglApplication::mainLoop@416 (line 200)
                      ;   {runtime_call C1 Runtime throw_null_pointer_exception_blob}
  0x00007fa1281abd18: 07e8 c27a 

  0x00007fa1281abd1c: ; ImmutableOopMap {rsi=Oop [184]=Oop [192]=Oop }
                      ;*invokevirtual getHeight {reexecute=0 rethrow=0 return_oop=0}
                      ; - org.lwjgl.opengl.Display::getHeight@22 (line 1346)
                      ; - com.badlogic.gdx.backends.lwjgl.LwjglApplication::mainLoop@416 (line 200)
                      ;   {metadata({method} {0x00007fa0f44d1628} 'getPixelScaleFactor' '()F' in 'org/lwjgl/opengl/Display')}
  0x00007fa1281abd1c: 2a07 49ba | 2816 4df4 | a07f 0000 | 4c89 5424 | 0848 c704 | 24ff ffff 

  0x00007fa1281abd34: ;   {runtime_call C1 Runtime counter_overflow_blob}
  0x00007fa1281abd34: ffe8 26db 

  0x00007fa1281abd38: ; ImmutableOopMap {rbx=Oop [192]=Oop }
                      ;*synchronization entry
                      ; - org.lwjgl.opengl.Display::getPixelScaleFactor@-1 (line 1373)
                      ; - com.badlogic.gdx.backends.lwjgl.LwjglApplication::mainLoop@420 (line 200)
  0x00007fa1281abd38: 2a07 e922 

  0x00007fa1281abd3c: ;   {metadata({method} {0x00007fa0f44e6590} 'getPixelScaleFactor' '()F' in 'org/lwjgl/opengl/LinuxDisplay')}
  0x00007fa1281abd3c: d7ff ff49 | ba90 654e | f4a0 7f00 | 004c 8954 | 2408 48c7 | 0424 ffff 

  0x00007fa1281abd54: ;   {runtime_call C1 Runtime counter_overflow_blob}
  0x00007fa1281abd54: ffff e805 

  0x00007fa1281abd58: ; ImmutableOopMap {rbx=Oop [192]=Oop }
                      ;*synchronization entry
                      ; - org.lwjgl.opengl.LinuxDisplay::getPixelScaleFactor@-1 (line 1494)
                      ; - org.lwjgl.opengl.Display::getPixelScaleFactor@3 (line 1373)
                      ; - com.badlogic.gdx.backends.lwjgl.LwjglApplication::mainLoop@420 (line 200)
  0x00007fa1281abd58: db2a 07e9 | 44d7 ffff 

  0x00007fa1281abd60: ;   {runtime_call C1 Runtime throw_null_pointer_exception_blob}
  0x00007fa1281abd60: e87b 7a2a 

  0x00007fa1281abd64: ; ImmutableOopMap {rbx=Oop [192]=Oop }
                      ;*getfield config {reexecute=1 rethrow=0 return_oop=0}
                      ; - (reexecute) com.badlogic.gdx.backends.lwjgl.LwjglApplication::mainLoop@429 (line 200)
                      ;   {runtime_call C1 Runtime throw_null_pointer_exception_blob}
  0x00007fa1281abd64: 07e8 767a 

  0x00007fa1281abd68: ; ImmutableOopMap {rbx=Oop [192]=Oop }
                      ;*getfield height {reexecute=1 rethrow=0 return_oop=0}
                      ; - (reexecute) com.badlogic.gdx.backends.lwjgl.LwjglApplication::mainLoop@432 (line 200)
                      ;   {runtime_call C1 Runtime throw_null_pointer_exception_blob}
  0x00007fa1281abd68: 2a07 e871 

  0x00007fa1281abd6c: ; ImmutableOopMap {rbx=Oop rsi=Oop [192]=Oop }
                      ;*putfield resize {reexecute=1 rethrow=0 return_oop=0}
                      ; - (reexecute) com.badlogic.gdx.backends.lwjgl.LwjglApplication::mainLoop@443 (line 201)
                      ;   {metadata({method} {0x00007fa0f44d14d0} 'getWidth' '()I' in 'org/lwjgl/opengl/Display')}
  0x00007fa1281abd6c: 7a2a 0749 | bad0 144d | f4a0 7f00 | 004c 8954 | 2408 48c7 | 0424 ffff 

  0x00007fa1281abd84: ;   {runtime_call C1 Runtime counter_overflow_blob}
  0x00007fa1281abd84: ffff e8d5 

  0x00007fa1281abd88: ; ImmutableOopMap {rbx=Oop rsi=Oop [192]=Oop }
                      ;*synchronization entry
                      ; - org.lwjgl.opengl.Display::getWidth@-1 (line 1319)
                      ; - com.badlogic.gdx.backends.lwjgl.LwjglApplication::mainLoop@453 (line 202)
  0x00007fa1281abd88: da2a 07e9 | e9d7 ffff 

  0x00007fa1281abd90: ;   {metadata({method} {0x00007fa0f44cdb10} 'getDisplayMode' '()Lorg/lwjgl/opengl/DisplayMode;' in 'org/lwjgl/opengl/Display')}
  0x00007fa1281abd90: 49ba 10db | 4cf4 a07f | 0000 4c89 | 5424 0848 | c704 24ff 

  0x00007fa1281abda4: ;   {runtime_call C1 Runtime counter_overflow_blob}
  0x00007fa1281abda4: ffff ffe8 

  0x00007fa1281abda8: ; ImmutableOopMap {[184]=Oop [192]=Oop [288]=Oop }
                      ;*synchronization entry
                      ; - org.lwjgl.opengl.Display::getDisplayMode@-1 (line 222)
                      ; - org.lwjgl.opengl.Display::getWidth@6 (line 1320)
                      ; - com.badlogic.gdx.backends.lwjgl.LwjglApplication::mainLoop@453 (line 202)
  0x00007fa1281abda8: b4da 2a07 | e95e d8ff 

  0x00007fa1281abdb0: ;   {runtime_call C1 Runtime throw_null_pointer_exception_blob}
  0x00007fa1281abdb0: ffe8 2a7a 

  0x00007fa1281abdb4: ; ImmutableOopMap {rsi=Oop [184]=Oop [192]=Oop [288]=Oop }
                      ;*invokevirtual getWidth {reexecute=0 rethrow=0 return_oop=0}
                      ; - org.lwjgl.opengl.Display::getWidth@9 (line 1320)
                      ; - com.badlogic.gdx.backends.lwjgl.LwjglApplication::mainLoop@453 (line 202)
                      ;   {runtime_call C1 Runtime throw_null_pointer_exception_blob}
  0x00007fa1281abdb4: 2a07 e825 

  0x00007fa1281abdb8: ; ImmutableOopMap {rsi=Oop [184]=Oop [192]=Oop [288]=Oop }
                      ;*invokevirtual getWidth {reexecute=0 rethrow=0 return_oop=0}
                      ; - org.lwjgl.opengl.Display::getWidth@22 (line 1324)
                      ; - com.badlogic.gdx.backends.lwjgl.LwjglApplication::mainLoop@453 (line 202)
                      ;   {metadata({method} {0x00007fa0f44d1628} 'getPixelScaleFactor' '()F' in 'org/lwjgl/opengl/Display')}
  0x00007fa1281abdb8: 7a2a 0749 | ba28 164d | f4a0 7f00 | 004c 8954 | 2408 48c7 | 0424 ffff 

  0x00007fa1281abdd0: ;   {runtime_call C1 Runtime counter_overflow_blob}
  0x00007fa1281abdd0: ffff e889 

  0x00007fa1281abdd4: ; ImmutableOopMap {rbx=Oop rdi=Oop [192]=Oop }
                      ;*synchronization entry
                      ; - org.lwjgl.opengl.Display::getPixelScaleFactor@-1 (line 1373)
                      ; - com.badlogic.gdx.backends.lwjgl.LwjglApplication::mainLoop@457 (line 202)
  0x00007fa1281abdd4: da2a 07e9 | 34da ffff 

  0x00007fa1281abddc: ;   {metadata({method} {0x00007fa0f44e6590} 'getPixelScaleFactor' '()F' in 'org/lwjgl/opengl/LinuxDisplay')}
  0x00007fa1281abddc: 49ba 9065 | 4ef4 a07f | 0000 4c89 | 5424 0848 | c704 24ff 

  0x00007fa1281abdf0: ;   {runtime_call C1 Runtime counter_overflow_blob}
  0x00007fa1281abdf0: ffff ffe8 

  0x00007fa1281abdf4: ; ImmutableOopMap {rbx=Oop rdi=Oop [192]=Oop }
                      ;*synchronization entry
                      ; - org.lwjgl.opengl.LinuxDisplay::getPixelScaleFactor@-1 (line 1494)
                      ; - org.lwjgl.opengl.Display::getPixelScaleFactor@3 (line 1373)
                      ; - com.badlogic.gdx.backends.lwjgl.LwjglApplication::mainLoop@457 (line 202)
  0x00007fa1281abdf4: 68da 2a07 | e955 daff 

  0x00007fa1281abdfc: ;   {runtime_call C1 Runtime throw_null_pointer_exception_blob}
  0x00007fa1281abdfc: ffe8 de79 

  0x00007fa1281abe00: ; ImmutableOopMap {rbx=Oop [192]=Oop }
                      ;*putfield width {reexecute=1 rethrow=0 return_oop=0}
                      ; - (reexecute) com.badlogic.gdx.backends.lwjgl.LwjglApplication::mainLoop@462 (line 202)
                      ;   {runtime_call C1 Runtime throw_null_pointer_exception_blob}
  0x00007fa1281abe00: 2a07 e8d9 

  0x00007fa1281abe04: ; ImmutableOopMap {rbx=Oop [192]=Oop }
                      ;*getfield config {reexecute=1 rethrow=0 return_oop=0}
                      ; - (reexecute) com.badlogic.gdx.backends.lwjgl.LwjglApplication::mainLoop@469 (line 203)
                      ;   {metadata({method} {0x00007fa0f44d1588} 'getHeight' '()I' in 'org/lwjgl/opengl/Display')}
  0x00007fa1281abe04: 792a 0749 | ba88 154d | f4a0 7f00 | 004c 8954 | 2408 48c7 | 0424 ffff 

  0x00007fa1281abe1c: ;   {runtime_call C1 Runtime counter_overflow_blob}
  0x00007fa1281abe1c: ffff e83d 

  0x00007fa1281abe20: ; ImmutableOopMap {rbx=Oop rsi=Oop [192]=Oop }
                      ;*synchronization entry
                      ; - org.lwjgl.opengl.Display::getHeight@-1 (line 1341)
                      ; - com.badlogic.gdx.backends.lwjgl.LwjglApplication::mainLoop@472 (line 203)
  0x00007fa1281abe20: da2a 07e9 | 96da ffff 

  0x00007fa1281abe28: ;   {metadata({method} {0x00007fa0f44cdb10} 'getDisplayMode' '()Lorg/lwjgl/opengl/DisplayMode;' in 'org/lwjgl/opengl/Display')}
  0x00007fa1281abe28: 49ba 10db | 4cf4 a07f | 0000 4c89 | 5424 0848 | c704 24ff 

  0x00007fa1281abe3c: ;   {runtime_call C1 Runtime counter_overflow_blob}
  0x00007fa1281abe3c: ffff ffe8 

  0x00007fa1281abe40: ; ImmutableOopMap {[184]=Oop [192]=Oop [296]=Oop }
                      ;*synchronization entry
                      ; - org.lwjgl.opengl.Display::getDisplayMode@-1 (line 222)
                      ; - org.lwjgl.opengl.Display::getHeight@6 (line 1342)
                      ; - com.badlogic.gdx.backends.lwjgl.LwjglApplication::mainLoop@472 (line 203)
  0x00007fa1281abe40: 1cda 2a07 | e90e dbff 

  0x00007fa1281abe48: ;   {runtime_call C1 Runtime throw_null_pointer_exception_blob}
  0x00007fa1281abe48: ffe8 9279 

  0x00007fa1281abe4c: ; ImmutableOopMap {rsi=Oop [184]=Oop [192]=Oop [296]=Oop }
                      ;*invokevirtual getHeight {reexecute=0 rethrow=0 return_oop=0}
                      ; - org.lwjgl.opengl.Display::getHeight@9 (line 1342)
                      ; - com.badlogic.gdx.backends.lwjgl.LwjglApplication::mainLoop@472 (line 203)
                      ;   {runtime_call C1 Runtime throw_null_pointer_exception_blob}
  0x00007fa1281abe4c: 2a07 e88d 

  0x00007fa1281abe50: ; ImmutableOopMap {rsi=Oop [184]=Oop [192]=Oop [296]=Oop }
                      ;*invokevirtual getHeight {reexecute=0 rethrow=0 return_oop=0}
                      ; - org.lwjgl.opengl.Display::getHeight@22 (line 1346)
                      ; - com.badlogic.gdx.backends.lwjgl.LwjglApplication::mainLoop@472 (line 203)
                      ;   {metadata({method} {0x00007fa0f44d1628} 'getPixelScaleFactor' '()F' in 'org/lwjgl/opengl/Display')}
  0x00007fa1281abe50: 792a 0749 | ba28 164d | f4a0 7f00 | 004c 8954 | 2408 48c7 | 0424 ffff 

  0x00007fa1281abe68: ;   {runtime_call C1 Runtime counter_overflow_blob}
  0x00007fa1281abe68: ffff e8f1 

  0x00007fa1281abe6c: ; ImmutableOopMap {rbx=Oop rdx=Oop [192]=Oop }
                      ;*synchronization entry
                      ; - org.lwjgl.opengl.Display::getPixelScaleFactor@-1 (line 1373)
                      ; - com.badlogic.gdx.backends.lwjgl.LwjglApplication::mainLoop@476 (line 203)
  0x00007fa1281abe6c: d92a 07e9 | e5dc ffff 

  0x00007fa1281abe74: ;   {metadata({method} {0x00007fa0f44e6590} 'getPixelScaleFactor' '()F' in 'org/lwjgl/opengl/LinuxDisplay')}
  0x00007fa1281abe74: 49ba 9065 | 4ef4 a07f | 0000 4c89 | 5424 0848 | c704 24ff 

  0x00007fa1281abe88: ;   {runtime_call C1 Runtime counter_overflow_blob}
  0x00007fa1281abe88: ffff ffe8 

  0x00007fa1281abe8c: ; ImmutableOopMap {rbx=Oop rdx=Oop [192]=Oop }
                      ;*synchronization entry
                      ; - org.lwjgl.opengl.LinuxDisplay::getPixelScaleFactor@-1 (line 1494)
                      ; - org.lwjgl.opengl.Display::getPixelScaleFactor@3 (line 1373)
                      ; - com.badlogic.gdx.backends.lwjgl.LwjglApplication::mainLoop@476 (line 203)
  0x00007fa1281abe8c: d0d9 2a07 | e907 ddff 

  0x00007fa1281abe94: ;   {runtime_call C1 Runtime throw_null_pointer_exception_blob}
  0x00007fa1281abe94: ffe8 4679 

  0x00007fa1281abe98: ; ImmutableOopMap {rbx=Oop [192]=Oop }
                      ;*putfield height {reexecute=1 rethrow=0 return_oop=0}
                      ; - (reexecute) com.badlogic.gdx.backends.lwjgl.LwjglApplication::mainLoop@481 (line 203)
                      ;   {runtime_call C1 Runtime throw_null_pointer_exception_blob}
  0x00007fa1281abe98: 2a07 e841 

  0x00007fa1281abe9c: ; ImmutableOopMap {rbx=Oop rsi=Oop [192]=Oop }
                      ;*getfield config {reexecute=1 rethrow=0 return_oop=0}
                      ; - (reexecute) com.badlogic.gdx.backends.lwjgl.LwjglApplication::mainLoop@493 (line 204)
                      ;   {runtime_call C1 Runtime throw_null_pointer_exception_blob}
  0x00007fa1281abe9c: 792a 07e8 

  0x00007fa1281abea0: ; ImmutableOopMap {rbx=Oop rsi=Oop rdx=Oop [192]=Oop }
                      ;*getfield width {reexecute=1 rethrow=0 return_oop=0}
                      ; - (reexecute) com.badlogic.gdx.backends.lwjgl.LwjglApplication::mainLoop@496 (line 204)
  0x00007fa1281abea0: 3c79 2a07 

  0x00007fa1281abea4: ;   {runtime_call C1 Runtime throw_incompatible_class_change_error_blob}
  0x00007fa1281abea4: e8b7 a42a 

  0x00007fa1281abea8: ; ImmutableOopMap {rbx=Oop rsi=Oop [192]=Oop }
                      ;*invokeinterface glViewport {reexecute=0 rethrow=0 return_oop=0}
                      ; - com.badlogic.gdx.backends.lwjgl.LwjglApplication::mainLoop@509 (line 204)
                      ;   {runtime_call C1 Runtime throw_null_pointer_exception_blob}
  0x00007fa1281abea8: 07e8 3279 

  0x00007fa1281abeac: ; ImmutableOopMap {rbx=Oop rsi=Oop [192]=Oop }
                      ;*invokeinterface glViewport {reexecute=0 rethrow=0 return_oop=0}
                      ; - com.badlogic.gdx.backends.lwjgl.LwjglApplication::mainLoop@509 (line 204)
                      ;   {metadata({method} {0x00007fa0f45b8a78} 'glViewport' '(IIII)V' in 'com/badlogic/gdx/backends/lwjgl/LwjglGL20')}
  0x00007fa1281abeac: 2a07 49ba | 788a 5bf4 | a07f 0000 | 4c89 5424 | 0848 c704 | 24ff ffff 

  0x00007fa1281abec4: ;   {runtime_call C1 Runtime counter_overflow_blob}
  0x00007fa1281abec4: ffe8 96d9 

  0x00007fa1281abec8: ; ImmutableOopMap {rbx=Oop [192]=Oop }
                      ;*synchronization entry
                      ; - com.badlogic.gdx.backends.lwjgl.LwjglGL20::glViewport@-1 (line 839)
                      ; - com.badlogic.gdx.backends.lwjgl.LwjglApplication::mainLoop@509 (line 204)
  0x00007fa1281abec8: 2a07 e99a 

  0x00007fa1281abecc: ;   {runtime_call C1 Runtime throw_null_pointer_exception_blob}
  0x00007fa1281abecc: ddff ffe8 

  0x00007fa1281abed0: ; ImmutableOopMap {rbx=Oop rsi=Oop [192]=Oop }
                      ;*getfield config {reexecute=1 rethrow=0 return_oop=0}
                      ; - (reexecute) com.badlogic.gdx.backends.lwjgl.LwjglApplication::mainLoop@529 (line 205)
  0x00007fa1281abed0: 0c79 2a07 

  0x00007fa1281abed4: ;   {runtime_call C1 Runtime throw_null_pointer_exception_blob}
  0x00007fa1281abed4: e807 792a 

  0x00007fa1281abed8: ; ImmutableOopMap {rbx=Oop rsi=Oop rdx=Oop [192]=Oop }
                      ;*getfield width {reexecute=1 rethrow=0 return_oop=0}
                      ; - (reexecute) com.badlogic.gdx.backends.lwjgl.LwjglApplication::mainLoop@532 (line 205)
                      ;   {runtime_call C1 Runtime throw_incompatible_class_change_error_blob}
  0x00007fa1281abed8: 07e8 82a4 

  0x00007fa1281abedc: ; ImmutableOopMap {rbx=Oop rsi=Oop [192]=Oop }
                      ;*invokeinterface resize {reexecute=0 rethrow=0 return_oop=0}
                      ; - com.badlogic.gdx.backends.lwjgl.LwjglApplication::mainLoop@545 (line 205)
                      ;   {runtime_call C1 Runtime throw_null_pointer_exception_blob}
  0x00007fa1281abedc: 2a07 e8fd 

  0x00007fa1281abee0: ; ImmutableOopMap {rbx=Oop rsi=Oop [192]=Oop }
                      ;*invokeinterface resize {reexecute=0 rethrow=0 return_oop=0}
                      ; - com.badlogic.gdx.backends.lwjgl.LwjglApplication::mainLoop@545 (line 205)
                      ;   {runtime_call C1 Runtime throw_null_pointer_exception_blob}
  0x00007fa1281abee0: 782a 07e8 

  0x00007fa1281abee4: ; ImmutableOopMap {rbx=Oop rsi=Oop [192]=Oop }
                      ;*invokevirtual requestRendering {reexecute=0 rethrow=0 return_oop=0}
                      ; - com.badlogic.gdx.backends.lwjgl.LwjglApplication::mainLoop@554 (line 206)
  0x00007fa1281abee4: f878 2a07 

  0x00007fa1281abee8: ;   {metadata({method} {0x00007fa0f443f910} 'requestRendering' '()V' in 'com/badlogic/gdx/backends/lwjgl/LwjglGraphics')}
  0x00007fa1281abee8: 49ba 10f9 | 43f4 a07f | 0000 4c89 | 5424 0848 | c704 24ff 

  0x00007fa1281abefc: ;   {runtime_call C1 Runtime counter_overflow_blob}
  0x00007fa1281abefc: ffff ffe8 

  0x00007fa1281abf00: ; ImmutableOopMap {rbx=Oop rsi=Oop [192]=Oop }
                      ;*synchronization entry
                      ; - com.badlogic.gdx.backends.lwjgl.LwjglGraphics::requestRendering@-1 (line 578)
                      ; - com.badlogic.gdx.backends.lwjgl.LwjglApplication::mainLoop@554 (line 206)
  0x00007fa1281abf00: 5cd9 2a07 | e9ba deff | ff48 8974 | 2408 4889 

  0x00007fa1281abf10: ;   {runtime_call C1 Runtime monitorenter_blob}
  0x00007fa1281abf10: 3c24 e849 

  0x00007fa1281abf14: ; ImmutableOopMap {rbx=Oop rsi=Oop [192]=Oop [368]=Oop }
                      ;*monitorenter {reexecute=0 rethrow=0 return_oop=0}
                      ; - com.badlogic.gdx.backends.lwjgl.LwjglGraphics::requestRendering@3 (line 578)
                      ; - com.badlogic.gdx.backends.lwjgl.LwjglApplication::mainLoop@554 (line 206)
  0x00007fa1281abf14: ad2a 07e9 | 07df ffff | 488d 8424 | 6801 0000 | 4889 0424 

  0x00007fa1281abf28: ;   {runtime_call C1 Runtime monitorexit_blob}
  0x00007fa1281abf28: e833 b32a | 07e9 5adf 

  0x00007fa1281abf30: ;   {runtime_call C1 Runtime throw_null_pointer_exception_blob}
  0x00007fa1281abf30: ffff e8a9 

  0x00007fa1281abf34: ; ImmutableOopMap {rbx=Oop rax=Oop [192]=Oop }
                      ;*invokevirtual update {reexecute=0 rethrow=0 return_oop=0}
                      ; - com.badlogic.gdx.backends.lwjgl.LwjglApplication::mainLoop@581 (line 215)
                      ;   {metadata({method} {0x00007fa0f44b5950} 'update' '()V' in 'com/badlogic/gdx/backends/lwjgl/LwjglInput')}
  0x00007fa1281abf34: 782a 0749 | ba50 594b | f4a0 7f00 | 004c 8954 | 2408 48c7 | 0424 ffff 

  0x00007fa1281abf4c: ;   {runtime_call C1 Runtime counter_overflow_blob}
  0x00007fa1281abf4c: ffff e80d 

  0x00007fa1281abf50: ; ImmutableOopMap {rbx=Oop rax=Oop [192]=Oop }
                      ;*synchronization entry
                      ; - com.badlogic.gdx.backends.lwjgl.LwjglInput::update@-1 (line 775)
                      ; - com.badlogic.gdx.backends.lwjgl.LwjglApplication::mainLoop@581 (line 215)
  0x00007fa1281abf50: d92a 07e9 | e4e0 ffff 

  0x00007fa1281abf58: ;   {runtime_call C1 Runtime throw_null_pointer_exception_blob}
  0x00007fa1281abf58: e883 782a 

  0x00007fa1281abf5c: ; ImmutableOopMap {rbx=Oop rsi=Oop [192]=Oop }
                      ;*invokevirtual shouldRender {reexecute=0 rethrow=0 return_oop=0}
                      ; - com.badlogic.gdx.backends.lwjgl.LwjglApplication::mainLoop@590 (line 216)
                      ;   {runtime_call C1 Runtime throw_null_pointer_exception_blob}
  0x00007fa1281abf5c: 07e8 7e78 

  0x00007fa1281abf60: ; ImmutableOopMap {rbx=Oop rsi=Oop [192]=Oop }
                      ;*invokevirtual processEvents {reexecute=0 rethrow=0 return_oop=0}
                      ; - com.badlogic.gdx.backends.lwjgl.LwjglApplication::mainLoop@600 (line 217)
                      ;   {runtime_call C1 Runtime throw_null_pointer_exception_blob}
  0x00007fa1281abf60: 2a07 e879 

  0x00007fa1281abf64: ; ImmutableOopMap {rsi=Oop [184]=Oop [192]=Oop }
                      ;*invokevirtual update {reexecute=0 rethrow=0 return_oop=0}
                      ; - com.badlogic.gdx.backends.lwjgl.LwjglApplication::mainLoop@614 (line 218)
                      ;   {runtime_call C1 Runtime throw_null_pointer_exception_blob}
  0x00007fa1281abf64: 782a 07e8 

  0x00007fa1281abf68: ; ImmutableOopMap {rbx=Oop [192]=Oop }
                      ;*getfield config {reexecute=1 rethrow=0 return_oop=0}
                      ; - (reexecute) com.badlogic.gdx.backends.lwjgl.LwjglApplication::mainLoop@626 (line 220)
  0x00007fa1281abf68: 7478 2a07 

  0x00007fa1281abf6c: ;   {runtime_call C1 Runtime throw_null_pointer_exception_blob}
  0x00007fa1281abf6c: e86f 782a 

  0x00007fa1281abf70: ; ImmutableOopMap {rbx=Oop [192]=Oop }
                      ;*getfield backgroundFPS {reexecute=1 rethrow=0 return_oop=0}
                      ; - (reexecute) com.badlogic.gdx.backends.lwjgl.LwjglApplication::mainLoop@629 (line 220)
                      ;   {runtime_call C1 Runtime throw_null_pointer_exception_blob}
  0x00007fa1281abf70: 07e8 6a78 

  0x00007fa1281abf74: ; ImmutableOopMap {rbx=Oop [192]=Oop }
                      ;*getfield config {reexecute=1 rethrow=0 return_oop=0}
                      ; - (reexecute) com.badlogic.gdx.backends.lwjgl.LwjglApplication::mainLoop@648 (line 221)
                      ;   {runtime_call C1 Runtime throw_null_pointer_exception_blob}
  0x00007fa1281abf74: 2a07 e865 

  0x00007fa1281abf78: ; ImmutableOopMap {rbx=Oop [192]=Oop }
                      ;*getfield foregroundFPS {reexecute=1 rethrow=0 return_oop=0}
                      ; - (reexecute) com.badlogic.gdx.backends.lwjgl.LwjglApplication::mainLoop@651 (line 221)
                      ;   {runtime_call C1 Runtime throw_null_pointer_exception_blob}
  0x00007fa1281abf78: 782a 07e8 

  0x00007fa1281abf7c: ; ImmutableOopMap {rbx=Oop [192]=Oop }
                      ;*getfield config {reexecute=1 rethrow=0 return_oop=0}
                      ; - (reexecute) com.badlogic.gdx.backends.lwjgl.LwjglApplication::mainLoop@661 (line 221)
  0x00007fa1281abf7c: 6078 2a07 

  0x00007fa1281abf80: ;   {runtime_call C1 Runtime throw_null_pointer_exception_blob}
  0x00007fa1281abf80: e85b 782a 

  0x00007fa1281abf84: ; ImmutableOopMap {rbx=Oop [192]=Oop }
                      ;*getfield backgroundFPS {reexecute=1 rethrow=0 return_oop=0}
                      ; - (reexecute) com.badlogic.gdx.backends.lwjgl.LwjglApplication::mainLoop@664 (line 221)
                      ;   {runtime_call C1 Runtime throw_null_pointer_exception_blob}
  0x00007fa1281abf84: 07e8 5678 

  0x00007fa1281abf88: ; ImmutableOopMap {rbx=Oop rsi=Oop [192]=Oop }
                      ;*invokevirtual updateTime {reexecute=0 rethrow=0 return_oop=0}
                      ; - com.badlogic.gdx.backends.lwjgl.LwjglApplication::mainLoop@678 (line 223)
                      ;   {runtime_call C1 Runtime throw_null_pointer_exception_blob}
  0x00007fa1281abf88: 2a07 e851 

  0x00007fa1281abf8c: ; ImmutableOopMap {rbx=Oop rsi=Oop [192]=Oop }
                      ;*getfield frameId {reexecute=1 rethrow=0 return_oop=0}
                      ; - (reexecute) com.badlogic.gdx.backends.lwjgl.LwjglApplication::mainLoop@686 (line 224)
                      ;   {runtime_call C1 Runtime throw_incompatible_class_change_error_blob}
  0x00007fa1281abf8c: 782a 07e8 

  0x00007fa1281abf90: ; ImmutableOopMap {rbx=Oop rsi=Oop [192]=Oop }
                      ;*invokeinterface render {reexecute=0 rethrow=0 return_oop=0}
                      ; - com.badlogic.gdx.backends.lwjgl.LwjglApplication::mainLoop@698 (line 225)
  0x00007fa1281abf90: cca3 2a07 

  0x00007fa1281abf94: ;   {runtime_call C1 Runtime throw_null_pointer_exception_blob}
  0x00007fa1281abf94: e847 782a 

  0x00007fa1281abf98: ; ImmutableOopMap {rbx=Oop rsi=Oop [192]=Oop }
                      ;*invokeinterface render {reexecute=0 rethrow=0 return_oop=0}
                      ; - com.badlogic.gdx.backends.lwjgl.LwjglApplication::mainLoop@698 (line 225)
                      ;   {runtime_call C1 Runtime throw_null_pointer_exception_blob}
  0x00007fa1281abf98: 07e8 4278 

  0x00007fa1281abf9c: ; ImmutableOopMap {rbx=Oop [192]=Oop }
                      ;*getfield config {reexecute=1 rethrow=0 return_oop=0}
                      ; - (reexecute) com.badlogic.gdx.backends.lwjgl.LwjglApplication::mainLoop@729 (line 230)
                      ;   {runtime_call C1 Runtime throw_null_pointer_exception_blob}
  0x00007fa1281abf9c: 2a07 e83d 

  0x00007fa1281abfa0: ; ImmutableOopMap {rbx=Oop [192]=Oop }
                      ;*getfield backgroundFPS {reexecute=1 rethrow=0 return_oop=0}
                      ; - (reexecute) com.badlogic.gdx.backends.lwjgl.LwjglApplication::mainLoop@732 (line 230)
                      ;   {metadata({method} {0x00007fa0f44ce588} 'sync' '(I)V' in 'org/lwjgl/opengl/Display')}
  0x00007fa1281abfa0: 782a 0749 | ba88 e54c | f4a0 7f00 | 004c 8954 | 2408 48c7 | 0424 ffff 

  0x00007fa1281abfb8: ;   {runtime_call C1 Runtime counter_overflow_blob}
  0x00007fa1281abfb8: ffff e8a1 

  0x00007fa1281abfbc: ; ImmutableOopMap {[184]=Oop [192]=Oop }
                      ;*synchronization entry
                      ; - org.lwjgl.opengl.Display::sync@-1 (line 411)
                      ; - com.badlogic.gdx.backends.lwjgl.LwjglApplication::mainLoop@753 (line 233)
  0x00007fa1281abfbc: d82a 07e9 | c5e7 ffff 

  0x00007fa1281abfc4: ;   {metadata({method} {0x00007fa0f4417f38} 'mainLoop' '()V' in 'com/badlogic/gdx/backends/lwjgl/LwjglApplication')}
  0x00007fa1281abfc4: 49ba 387f | 41f4 a07f | 0000 4c89 | 5424 0848 | c704 24f4 

  0x00007fa1281abfd8: ;   {runtime_call C1 Runtime counter_overflow_blob}
  0x00007fa1281abfd8: 0200 00e8 

  0x00007fa1281abfdc: ; ImmutableOopMap {[184]=Oop [192]=Oop }
                      ;*goto {reexecute=1 rethrow=0 return_oop=0}
                      ; - (reexecute) com.badlogic.gdx.backends.lwjgl.LwjglApplication::mainLoop@756 (line 234)
  0x00007fa1281abfdc: 80d8 2a07 | e903 e8ff 

  0x00007fa1281abfe4: ;   {runtime_call C1 Runtime throw_null_pointer_exception_blob}
  0x00007fa1281abfe4: ffe8 f677 

  0x00007fa1281abfe8: ; ImmutableOopMap {rdi=Oop [184]=Oop }
                      ;*monitorenter {reexecute=0 rethrow=0 return_oop=0}
                      ; - com.badlogic.gdx.backends.lwjgl.LwjglApplication::mainLoop@763 (line 236)
  0x00007fa1281abfe8: 2a07 4889 | 7c24 0848 

  0x00007fa1281abff0: ;   {runtime_call C1 Runtime monitorenter_blob}
  0x00007fa1281abff0: 8934 24e8 

  0x00007fa1281abff4: ; ImmutableOopMap {rdi=Oop [184]=Oop [368]=Oop }
                      ;*monitorenter {reexecute=0 rethrow=0 return_oop=0}
                      ; - com.badlogic.gdx.backends.lwjgl.LwjglApplication::mainLoop@763 (line 236)
  0x00007fa1281abff4: 68ac 2a07 | e9b9 e8ff 

  0x00007fa1281abffc: ;   {metadata({method} {0x00007fa0f4452018} 'begin' '()[Ljava/lang/Object;' in 'com/badlogic/gdx/utils/SnapshotArray')}
  0x00007fa1281abffc: ff49 ba18 | 2045 f4a0 | 7f00 004c | 8954 2408 | 48c7 0424 | ffff ffff 

  0x00007fa1281ac014: ;   {runtime_call C1 Runtime counter_overflow_blob}
  0x00007fa1281ac014: e847 d82a 

  0x00007fa1281ac018: ; ImmutableOopMap {rdi=Oop [184]=Oop [368]=Oop }
                      ;*synchronization entry
                      ; - com.badlogic.gdx.utils.SnapshotArray::begin@-1 (line 78)
                      ; - com.badlogic.gdx.backends.lwjgl.LwjglApplication::mainLoop@765 (line 237)
  0x00007fa1281ac018: 07e9 e5e8 | ffff 8b5f | 2048 c1e3 | 0348 85db | 0f84 22e9 | ffff 4889 

  0x00007fa1281ac030: ;   {runtime_call g1_pre_barrier_slow}
  0x00007fa1281ac030: 1c24 e829 | de2a 07e9 | 14e9 ffff | 4889 3424 

  0x00007fa1281ac040: ;   {runtime_call C1 Runtime throw_class_cast_exception_blob}
  0x00007fa1281ac040: e81b a02a 

  0x00007fa1281ac044: ; ImmutableOopMap {rdi=Oop [184]=Oop [368]=Oop }
                      ;*checkcast {reexecute=0 rethrow=0 return_oop=0}
                      ; - com.badlogic.gdx.backends.lwjgl.LwjglApplication::mainLoop@768 (line 237)
                      ;   {runtime_call C1 Runtime throw_null_pointer_exception_blob}
  0x00007fa1281ac044: 07e8 9677 

  0x00007fa1281ac048: ; ImmutableOopMap {rbx=Oop [184]=Oop [192]=Oop [344]=Oop [368]=Oop }
                      ;*aaload {reexecute=0 rethrow=0 return_oop=0}
                      ; - com.badlogic.gdx.backends.lwjgl.LwjglApplication::mainLoop@793 (line 239)
                      ;   {runtime_call C1 Runtime throw_null_pointer_exception_blob}
  0x00007fa1281ac048: 2a07 e891 

  0x00007fa1281ac04c: ; ImmutableOopMap {rbx=Oop [184]=Oop [192]=Oop [344]=Oop [368]=Oop }
                      ;*aaload {reexecute=0 rethrow=0 return_oop=0}
                      ; - com.badlogic.gdx.backends.lwjgl.LwjglApplication::mainLoop@793 (line 239)
  0x00007fa1281ac04c: 772a 0748 | 8914 2448 | 895c 2408 

  0x00007fa1281ac058: ;   {runtime_call C1 Runtime throw_range_check_failed_blob}
  0x00007fa1281ac058: e883 6e2a 

  0x00007fa1281ac05c: ; ImmutableOopMap {rbx=Oop [184]=Oop [192]=Oop [344]=Oop [368]=Oop }
                      ;*aaload {reexecute=0 rethrow=0 return_oop=0}
                      ; - com.badlogic.gdx.backends.lwjgl.LwjglApplication::mainLoop@793 (line 239)
                      ;   {runtime_call C1 Runtime throw_null_pointer_exception_blob}
  0x00007fa1281ac05c: 07e8 7e77 

  0x00007fa1281ac060: ; ImmutableOopMap {rbx=Oop rsi=Oop [184]=Oop [192]=Oop [344]=Oop [368]=Oop }
                      ;*invokeinterface pause {reexecute=0 rethrow=0 return_oop=0}
                      ; - com.badlogic.gdx.backends.lwjgl.LwjglApplication::mainLoop@794 (line 239)
  0x00007fa1281ac060: 2a07 4889 | 1424 4889 

  0x00007fa1281ac068: ;   {runtime_call C1 Runtime throw_range_check_failed_blob}
  0x00007fa1281ac068: 5c24 08e8 

  0x00007fa1281ac06c: ; ImmutableOopMap {rbx=Oop [184]=Oop [192]=Oop [344]=Oop [368]=Oop }
                      ;*aaload {reexecute=0 rethrow=0 return_oop=0}
                      ; - com.badlogic.gdx.backends.lwjgl.LwjglApplication::mainLoop@803 (line 240)
  0x00007fa1281ac06c: 706e 2a07 

  0x00007fa1281ac070: ;   {runtime_call C1 Runtime throw_null_pointer_exception_blob}
  0x00007fa1281ac070: e86b 772a 

  0x00007fa1281ac074: ; ImmutableOopMap {rbx=Oop rsi=Oop [184]=Oop [192]=Oop [344]=Oop [368]=Oop }
                      ;*invokeinterface dispose {reexecute=0 rethrow=0 return_oop=0}
                      ; - com.badlogic.gdx.backends.lwjgl.LwjglApplication::mainLoop@804 (line 240)
                      ;   {metadata({method} {0x00007fa0f4417f38} 'mainLoop' '()V' in 'com/badlogic/gdx/backends/lwjgl/LwjglApplication')}
  0x00007fa1281ac074: 0749 ba38 | 7f41 f4a0 | 7f00 004c | 8954 2408 | 48c7 0424 | 2c03 0000 

  0x00007fa1281ac08c: ;   {runtime_call C1 Runtime counter_overflow_blob}
  0x00007fa1281ac08c: e8cf d72a 

  0x00007fa1281ac090: ; ImmutableOopMap {[184]=Oop [192]=Oop [344]=Oop [368]=Oop }
                      ;*goto {reexecute=1 rethrow=0 return_oop=0}
                      ; - (reexecute) com.badlogic.gdx.backends.lwjgl.LwjglApplication::mainLoop@812 (line 238)
  0x00007fa1281ac090: 07e9 c6eb | ffff 488d | 8424 6801 | 0000 4889 

  0x00007fa1281ac0a0: ;   {runtime_call C1 Runtime monitorexit_blob}
  0x00007fa1281ac0a0: 0424 e8b9 | b12a 07e9 | a3ec ffff 

  0x00007fa1281ac0ac: ;   {runtime_call C1 Runtime throw_incompatible_class_change_error_blob}
  0x00007fa1281ac0ac: e8af a22a 

  0x00007fa1281ac0b0: ; ImmutableOopMap {rbx=Oop rsi=Oop }
                      ;*invokeinterface pause {reexecute=0 rethrow=0 return_oop=0}
                      ; - com.badlogic.gdx.backends.lwjgl.LwjglApplication::mainLoop@837 (line 244)
                      ;   {runtime_call C1 Runtime throw_null_pointer_exception_blob}
  0x00007fa1281ac0b0: 07e8 2a77 

  0x00007fa1281ac0b4: ; ImmutableOopMap {rbx=Oop rsi=Oop }
                      ;*invokeinterface pause {reexecute=0 rethrow=0 return_oop=0}
                      ; - com.badlogic.gdx.backends.lwjgl.LwjglApplication::mainLoop@837 (line 244)
                      ;   {runtime_call C1 Runtime throw_incompatible_class_change_error_blob}
  0x00007fa1281ac0b4: 2a07 e8a5 

  0x00007fa1281ac0b8: ; ImmutableOopMap {rbx=Oop rsi=Oop }
                      ;*invokeinterface dispose {reexecute=0 rethrow=0 return_oop=0}
                      ; - com.badlogic.gdx.backends.lwjgl.LwjglApplication::mainLoop@846 (line 245)
                      ;   {runtime_call C1 Runtime throw_null_pointer_exception_blob}
  0x00007fa1281ac0b8: a22a 07e8 

  0x00007fa1281ac0bc: ; ImmutableOopMap {rbx=Oop rsi=Oop }
                      ;*invokeinterface dispose {reexecute=0 rethrow=0 return_oop=0}
                      ; - com.badlogic.gdx.backends.lwjgl.LwjglApplication::mainLoop@846 (line 245)
  0x00007fa1281ac0bc: 2077 2a07 

  0x00007fa1281ac0c0: ;   {metadata({method} {0x00007fa0f44d08f8} 'destroy' '()V' in 'org/lwjgl/opengl/Display')}
  0x00007fa1281ac0c0: 49ba f808 | 4df4 a07f | 0000 4c89 | 5424 0848 | c704 24ff 

  0x00007fa1281ac0d4: ;   {runtime_call C1 Runtime counter_overflow_blob}
  0x00007fa1281ac0d4: ffff ffe8 

  0x00007fa1281ac0d8: ; ImmutableOopMap {[184]=Oop }
                      ;*synchronization entry
                      ; - org.lwjgl.opengl.Display::destroy@-1 (line 1094)
                      ; - com.badlogic.gdx.backends.lwjgl.LwjglApplication::mainLoop@851 (line 246)
  0x00007fa1281ac0d8: 84d7 2a07 | e9bc edff 

  0x00007fa1281ac0e0: ;   {metadata({method} {0x00007fa0f44d0a60} 'isCreated' '()Z' in 'org/lwjgl/opengl/Display')}
  0x00007fa1281ac0e0: ff49 ba60 | 0a4d f4a0 | 7f00 004c | 8954 2408 | 48c7 0424 | ffff ffff 

  0x00007fa1281ac0f8: ;   {runtime_call C1 Runtime counter_overflow_blob}
  0x00007fa1281ac0f8: e863 d72a 

  0x00007fa1281ac0fc: ; ImmutableOopMap {[184]=Oop }
                      ;*synchronization entry
                      ; - org.lwjgl.opengl.Display::isCreated@-1 (line 1111)
                      ; - org.lwjgl.opengl.Display::destroy@0 (line 1094)
                      ; - com.badlogic.gdx.backends.lwjgl.LwjglApplication::mainLoop@851 (line 246)
  0x00007fa1281ac0fc: 07e9 d4ed | ffff 4889 | 7424 0848 

  0x00007fa1281ac108: ;   {runtime_call C1 Runtime monitorenter_blob}
  0x00007fa1281ac108: 893c 24e8 

  0x00007fa1281ac10c: ; ImmutableOopMap {rsi=Oop [184]=Oop [368]=Oop }
                      ;*monitorenter {reexecute=0 rethrow=0 return_oop=0}
                      ; - org.lwjgl.opengl.Display::isCreated@5 (line 1111)
                      ; - org.lwjgl.opengl.Display::destroy@0 (line 1094)
                      ; - com.badlogic.gdx.backends.lwjgl.LwjglApplication::mainLoop@851 (line 246)
  0x00007fa1281ac10c: 50ab 2a07 | e92b eeff | ff48 8d84 | 2468 0100 | 0048 8904 

  0x00007fa1281ac120: ;   {runtime_call C1 Runtime monitorexit_blob}
  0x00007fa1281ac120: 24e8 3ab1 | 2a07 e98b 

  0x00007fa1281ac128: ;   {runtime_call C1 Runtime throw_null_pointer_exception_blob}
  0x00007fa1281ac128: eeff ffe8 

  0x00007fa1281ac12c: ; ImmutableOopMap {rsi=Oop [184]=Oop }
                      ;*invokeinterface destroy {reexecute=0 rethrow=0 return_oop=0}
                      ; - org.lwjgl.opengl.Display::destroy@9 (line 1095)
                      ; - com.badlogic.gdx.backends.lwjgl.LwjglApplication::mainLoop@851 (line 246)
  0x00007fa1281ac12c: b076 2a07 

  0x00007fa1281ac130: ;   {runtime_call C1 Runtime throw_null_pointer_exception_blob}
  0x00007fa1281ac130: e8ab 762a 

  0x00007fa1281ac134: ; ImmutableOopMap {rsi=Oop [184]=Oop }
                      ;*invokevirtual dispose {reexecute=0 rethrow=0 return_oop=0}
                      ; - com.badlogic.gdx.backends.lwjgl.LwjglApplication::mainLoop@865 (line 247)
                      ;   {runtime_call C1 Runtime throw_null_pointer_exception_blob}
  0x00007fa1281ac134: 07e8 a676 

  0x00007fa1281ac138: ; ImmutableOopMap {}
                      ;*getfield config {reexecute=1 rethrow=0 return_oop=0}
                      ; - (reexecute) com.badlogic.gdx.backends.lwjgl.LwjglApplication::mainLoop@872 (line 248)
                      ;   {runtime_call C1 Runtime throw_null_pointer_exception_blob}
  0x00007fa1281ac138: 2a07 e8a1 

  0x00007fa1281ac13c: ; ImmutableOopMap {}
                      ;*getfield forceExit {reexecute=1 rethrow=0 return_oop=0}
                      ; - (reexecute) com.badlogic.gdx.backends.lwjgl.LwjglApplication::mainLoop@875 (line 248)
                      ;   {metadata({method} {0x0000000081184de8} 'exit' '(I)V' in 'java/lang/System')}
  0x00007fa1281ac13c: 762a 0749 | bae8 4d18 | 8100 0000 | 004c 8954 | 2408 48c7 | 0424 ffff 

  0x00007fa1281ac154: ;   {runtime_call C1 Runtime counter_overflow_blob}
  0x00007fa1281ac154: ffff e805 

  0x00007fa1281ac158: ; ImmutableOopMap {}
                      ;*synchronization entry
                      ; - java.lang.System::exit@-1 (line 1541)
                      ; - com.badlogic.gdx.backends.lwjgl.LwjglApplication::mainLoop@882 (line 248)
  0x00007fa1281ac158: d72a 07e9 | 39f0 ffff 

  0x00007fa1281ac160: ;   {metadata({method} {0x0000000081252a28} 'getRuntime' '()Ljava/lang/Runtime;' in 'java/lang/Runtime')}
  0x00007fa1281ac160: 49ba 282a | 2581 0000 | 0000 4c89 | 5424 0848 | c704 24ff 

  0x00007fa1281ac174: ;   {runtime_call C1 Runtime counter_overflow_blob}
  0x00007fa1281ac174: ffff ffe8 

  0x00007fa1281ac178: ; ImmutableOopMap {}
                      ;*synchronization entry
                      ; - java.lang.Runtime::getRuntime@-1 (line 137)
                      ; - java.lang.System::exit@0 (line 1541)
                      ; - com.badlogic.gdx.backends.lwjgl.LwjglApplication::mainLoop@882 (line 248)
  0x00007fa1281ac178: e4d6 2a07 | e951 f0ff 

  0x00007fa1281ac180: ;   {metadata({method} {0x0000000081252b30} 'exit' '(I)V' in 'java/lang/Runtime')}
  0x00007fa1281ac180: ff49 ba30 | 2b25 8100 | 0000 004c | 8954 2408 | 48c7 0424 | ffff ffff 

  0x00007fa1281ac198: ;   {runtime_call C1 Runtime counter_overflow_blob}
  0x00007fa1281ac198: e8c3 d62a 

  0x00007fa1281ac19c: ; ImmutableOopMap {}
                      ;*synchronization entry
                      ; - java.lang.Runtime::exit@-1 (line 177)
                      ; - java.lang.System::exit@4 (line 1541)
                      ; - com.badlogic.gdx.backends.lwjgl.LwjglApplication::mainLoop@882 (line 248)
  0x00007fa1281ac19c: 07e9 edf0 

  0x00007fa1281ac1a0: ;   {internal_word}
  0x00007fa1281ac1a0: ffff 49ba | bcb2 1a28 | a17f 0000 | 4d89 9710 

  0x00007fa1281ac1b0: ;   {runtime_call SafepointBlob}
  0x00007fa1281ac1b0: 0500 00e9 | a8a9 1d07 | 488d 8424 | 6801 0000 | 4889 0424 

  0x00007fa1281ac1c4: ;   {runtime_call C1 Runtime monitorexit_blob}
  0x00007fa1281ac1c4: e897 b02a | 07e9 72f1 | ffff 488d | 8424 6801 | 0000 4889 

  0x00007fa1281ac1d8: ;   {runtime_call C1 Runtime monitorexit_blob}
  0x00007fa1281ac1d8: 0424 e881 | b02a 07e9 | ddf1 ffff | 488d 8424 | 6801 0000 | 4889 0424 

  0x00007fa1281ac1f0: ;   {runtime_call C1 Runtime monitorexit_blob}
  0x00007fa1281ac1f0: e86b b02a | 07e9 48f2 | ffff 488d | 8424 6801 | 0000 4889 

  0x00007fa1281ac204: ;   {runtime_call C1 Runtime monitorexit_blob}
  0x00007fa1281ac204: 0424 e855 | b02a 07e9 | b3f2 ffff | 488d 8424 | 6801 0000 | 4889 0424 

  0x00007fa1281ac21c: ;   {runtime_call C1 Runtime monitorexit_blob}
  0x00007fa1281ac21c: e83f b02a | 07e9 1ef3 

  0x00007fa1281ac224: ;   {metadata(nullptr)}
  0x00007fa1281ac224: ffff 48ba | 0000 0000 | 0000 0000 | b800 0f05 

  0x00007fa1281ac234: ;   {runtime_call C1 Runtime load_klass_patching_blob}
  0x00007fa1281ac234: 0ae8 26c2 

  0x00007fa1281ac238: ; ImmutableOopMap {rbx=Oop }
                      ;*new {reexecute=1 rethrow=0 return_oop=0}
                      ; - (reexecute) com.badlogic.gdx.backends.lwjgl.LwjglApplication::mainLoop@16 (line 146)
  0x00007fa1281ac238: 2a07 e931 | f3ff ff48 

  0x00007fa1281ac240: ;   {runtime_call C1 Runtime fast_new_instance_blob}
  0x00007fa1281ac240: 8bd2 e899 

  0x00007fa1281ac244: ; ImmutableOopMap {rbx=Oop }
                      ;*new {reexecute=0 rethrow=0 return_oop=0}
                      ; - com.badlogic.gdx.backends.lwjgl.LwjglApplication::mainLoop@16 (line 146)
  0x00007fa1281ac244: 7e2a 07e9 | 78f3 ffff | 498b 87c0 | 0500 0049 | c787 c005 | 0000 0000 | 0000 49c7 | 87c8 0500 
  0x00007fa1281ac264: 0000 0000 | 0048 81c4 | 8001 0000 

  0x00007fa1281ac270: ;   {runtime_call C1 Runtime unwind_exception_blob}
  0x00007fa1281ac270: 5de9 6a66 | 2a07 f4f4 
[Stub Code]
  0x00007fa1281ac278: ;   {other}
  0x00007fa1281ac278: 0f1f 4400 

  0x00007fa1281ac27c: ;   {static_stub}
  0x00007fa1281ac27c: 0048 bb00 | 0000 0000 

  0x00007fa1281ac284: ;   {runtime_call nmethod}
  0x00007fa1281ac284: 0000 00e9 | fbff ffff 

  0x00007fa1281ac28c: ;   {static_stub}
  0x00007fa1281ac28c: 9048 bb00 | 0000 0000 

  0x00007fa1281ac294: ;   {runtime_call nmethod}
  0x00007fa1281ac294: 0000 00e9 | fbff ffff 

  0x00007fa1281ac29c: ;   {static_stub}
  0x00007fa1281ac29c: 9048 bb00 | 0000 0000 

  0x00007fa1281ac2a4: ;   {runtime_call nmethod}
  0x00007fa1281ac2a4: 0000 00e9 | fbff ffff 

  0x00007fa1281ac2ac: ;   {static_stub}
  0x00007fa1281ac2ac: 9048 bb00 | 0000 0000 

  0x00007fa1281ac2b4: ;   {runtime_call nmethod}
  0x00007fa1281ac2b4: 0000 00e9 | fbff ffff 

  0x00007fa1281ac2bc: ;   {static_stub}
  0x00007fa1281ac2bc: 9048 bb00 | 0000 0000 

  0x00007fa1281ac2c4: ;   {runtime_call nmethod}
  0x00007fa1281ac2c4: 0000 00e9 | fbff ffff 

  0x00007fa1281ac2cc: ;   {static_stub}
  0x00007fa1281ac2cc: 9048 bb00 | 0000 0000 

  0x00007fa1281ac2d4: ;   {runtime_call nmethod}
  0x00007fa1281ac2d4: 0000 00e9 | fbff ffff 

  0x00007fa1281ac2dc: ;   {static_stub}
  0x00007fa1281ac2dc: 9048 bb00 | 0000 0000 

  0x00007fa1281ac2e4: ;   {runtime_call nmethod}
  0x00007fa1281ac2e4: 0000 00e9 | fbff ffff 

  0x00007fa1281ac2ec: ;   {static_stub}
  0x00007fa1281ac2ec: 9048 bb00 | 0000 0000 

  0x00007fa1281ac2f4: ;   {runtime_call nmethod}
  0x00007fa1281ac2f4: 0000 00e9 | fbff ffff 

  0x00007fa1281ac2fc: ;   {static_stub}
  0x00007fa1281ac2fc: 9048 bb00 | 0000 0000 

  0x00007fa1281ac304: ;   {runtime_call nmethod}
  0x00007fa1281ac304: 0000 00e9 | fbff ffff 

  0x00007fa1281ac30c: ;   {static_stub}
  0x00007fa1281ac30c: 9048 bb00 | 0000 0000 

  0x00007fa1281ac314: ;   {runtime_call nmethod}
  0x00007fa1281ac314: 0000 00e9 | fbff ffff 

  0x00007fa1281ac31c: ;   {static_stub}
  0x00007fa1281ac31c: 9048 bb00 | 0000 0000 

  0x00007fa1281ac324: ;   {runtime_call nmethod}
  0x00007fa1281ac324: 0000 00e9 | fbff ffff 

  0x00007fa1281ac32c: ;   {static_stub}
  0x00007fa1281ac32c: 9048 bb00 | 0000 0000 

  0x00007fa1281ac334: ;   {runtime_call nmethod}
  0x00007fa1281ac334: 0000 00e9 | fbff ffff 

  0x00007fa1281ac33c: ;   {static_stub}
  0x00007fa1281ac33c: 9048 bb00 | 0000 0000 

  0x00007fa1281ac344: ;   {runtime_call nmethod}
  0x00007fa1281ac344: 0000 00e9 | fbff ffff 

  0x00007fa1281ac34c: ;   {static_stub}
  0x00007fa1281ac34c: 9048 bb00 | 0000 0000 

  0x00007fa1281ac354: ;   {runtime_call nmethod}
  0x00007fa1281ac354: 0000 00e9 | fbff ffff 

  0x00007fa1281ac35c: ;   {static_stub}
  0x00007fa1281ac35c: 9048 bb00 | 0000 0000 

  0x00007fa1281ac364: ;   {runtime_call nmethod}
  0x00007fa1281ac364: 0000 00e9 | fbff ffff 

  0x00007fa1281ac36c: ;   {static_stub}
  0x00007fa1281ac36c: 9048 bb00 | 0000 0000 

  0x00007fa1281ac374: ;   {runtime_call nmethod}
  0x00007fa1281ac374: 0000 00e9 | fbff ffff 

  0x00007fa1281ac37c: ;   {static_stub}
  0x00007fa1281ac37c: 9048 bb00 | 0000 0000 

  0x00007fa1281ac384: ;   {runtime_call nmethod}
  0x00007fa1281ac384: 0000 00e9 | fbff ffff 

  0x00007fa1281ac38c: ;   {static_stub}
  0x00007fa1281ac38c: 9048 bb00 | 0000 0000 

  0x00007fa1281ac394: ;   {runtime_call nmethod}
  0x00007fa1281ac394: 0000 00e9 | fbff ffff 

  0x00007fa1281ac39c: ;   {static_stub}
  0x00007fa1281ac39c: 9048 bb00 | 0000 0000 

  0x00007fa1281ac3a4: ;   {runtime_call nmethod}
  0x00007fa1281ac3a4: 0000 00e9 | fbff ffff 

  0x00007fa1281ac3ac: ;   {static_stub}
  0x00007fa1281ac3ac: 9048 bb00 | 0000 0000 

  0x00007fa1281ac3b4: ;   {runtime_call nmethod}
  0x00007fa1281ac3b4: 0000 00e9 | fbff ffff 

  0x00007fa1281ac3bc: ;   {static_stub}
  0x00007fa1281ac3bc: 9048 bb00 | 0000 0000 

  0x00007fa1281ac3c4: ;   {runtime_call nmethod}
  0x00007fa1281ac3c4: 0000 00e9 | fbff ffff 

  0x00007fa1281ac3cc: ;   {static_stub}
  0x00007fa1281ac3cc: 9048 bb00 | 0000 0000 

  0x00007fa1281ac3d4: ;   {runtime_call nmethod}
  0x00007fa1281ac3d4: 0000 00e9 | fbff ffff 

  0x00007fa1281ac3dc: ;   {static_stub}
  0x00007fa1281ac3dc: 9048 bb00 | 0000 0000 

  0x00007fa1281ac3e4: ;   {runtime_call nmethod}
  0x00007fa1281ac3e4: 0000 00e9 | fbff ffff 

  0x00007fa1281ac3ec: ;   {static_stub}
  0x00007fa1281ac3ec: 9048 bb00 | 0000 0000 

  0x00007fa1281ac3f4: ;   {runtime_call nmethod}
  0x00007fa1281ac3f4: 0000 00e9 | fbff ffff 

  0x00007fa1281ac3fc: ;   {static_stub}
  0x00007fa1281ac3fc: 9048 bb00 | 0000 0000 

  0x00007fa1281ac404: ;   {runtime_call nmethod}
  0x00007fa1281ac404: 0000 00e9 | fbff ffff 

  0x00007fa1281ac40c: ;   {static_stub}
  0x00007fa1281ac40c: 9048 bb00 | 0000 0000 

  0x00007fa1281ac414: ;   {runtime_call nmethod}
  0x00007fa1281ac414: 0000 00e9 | fbff ffff 

  0x00007fa1281ac41c: ;   {static_stub}
  0x00007fa1281ac41c: 9048 bb00 | 0000 0000 

  0x00007fa1281ac424: ;   {runtime_call nmethod}
  0x00007fa1281ac424: 0000 00e9 | fbff ffff 

  0x00007fa1281ac42c: ;   {static_stub}
  0x00007fa1281ac42c: 9048 bb00 | 0000 0000 

  0x00007fa1281ac434: ;   {runtime_call nmethod}
  0x00007fa1281ac434: 0000 00e9 | fbff ffff 

  0x00007fa1281ac43c: ;   {static_stub}
  0x00007fa1281ac43c: 9048 bb00 | 0000 0000 

  0x00007fa1281ac444: ;   {runtime_call nmethod}
  0x00007fa1281ac444: 0000 00e9 | fbff ffff 

  0x00007fa1281ac44c: ;   {static_stub}
  0x00007fa1281ac44c: 9048 bb00 | 0000 0000 

  0x00007fa1281ac454: ;   {runtime_call nmethod}
  0x00007fa1281ac454: 0000 00e9 | fbff ffff 

  0x00007fa1281ac45c: ;   {static_stub}
  0x00007fa1281ac45c: 9048 bb00 | 0000 0000 

  0x00007fa1281ac464: ;   {runtime_call nmethod}
  0x00007fa1281ac464: 0000 00e9 | fbff ffff 

  0x00007fa1281ac46c: ;   {static_stub}
  0x00007fa1281ac46c: 9048 bb00 | 0000 0000 

  0x00007fa1281ac474: ;   {runtime_call nmethod}
  0x00007fa1281ac474: 0000 00e9 | fbff ffff 

  0x00007fa1281ac47c: ;   {static_stub}
  0x00007fa1281ac47c: 9048 bb00 | 0000 0000 

  0x00007fa1281ac484: ;   {runtime_call nmethod}
  0x00007fa1281ac484: 0000 00e9 | fbff ffff 

  0x00007fa1281ac48c: ;   {static_stub}
  0x00007fa1281ac48c: 9048 bb00 | 0000 0000 

  0x00007fa1281ac494: ;   {runtime_call nmethod}
  0x00007fa1281ac494: 0000 00e9 | fbff ffff 

  0x00007fa1281ac49c: ;   {static_stub}
  0x00007fa1281ac49c: 9048 bb00 | 0000 0000 

  0x00007fa1281ac4a4: ;   {runtime_call nmethod}
  0x00007fa1281ac4a4: 0000 00e9 | fbff ffff 

  0x00007fa1281ac4ac: ;   {static_stub}
  0x00007fa1281ac4ac: 48bb 0000 | 0000 0000 

  0x00007fa1281ac4b4: ;   {runtime_call nmethod}
  0x00007fa1281ac4b4: 0000 e9fb 

  0x00007fa1281ac4b8: ;   {static_stub}
  0x00007fa1281ac4b8: ffff ff48 | bb00 0000 | 0000 0000 

  0x00007fa1281ac4c4: ;   {runtime_call nmethod}
  0x00007fa1281ac4c4: 00e9 fbff 

  0x00007fa1281ac4c8: ;   {static_stub}
  0x00007fa1281ac4c8: ffff 48bb | 0000 0000 | 0000 0000 

  0x00007fa1281ac4d4: ;   {runtime_call nmethod}
  0x00007fa1281ac4d4: e9fb ffff 

  0x00007fa1281ac4d8: ;   {static_stub}
  0x00007fa1281ac4d8: ff48 bb00 | 0000 0000 

  0x00007fa1281ac4e0: ;   {runtime_call nmethod}
  0x00007fa1281ac4e0: 0000 00e9 | fbff ffff 

  0x00007fa1281ac4e8: ;   {static_stub}
  0x00007fa1281ac4e8: 48bb 0000 | 0000 0000 

  0x00007fa1281ac4f0: ;   {runtime_call nmethod}
  0x00007fa1281ac4f0: 0000 e9fb 

  0x00007fa1281ac4f4: ;   {static_stub}
  0x00007fa1281ac4f4: ffff ff48 | bb00 0000 | 0000 0000 

  0x00007fa1281ac500: ;   {runtime_call nmethod}
  0x00007fa1281ac500: 00e9 fbff 

  0x00007fa1281ac504: ;   {static_stub}
  0x00007fa1281ac504: ffff 48bb | 0000 0000 | 0000 0000 

  0x00007fa1281ac510: ;   {runtime_call nmethod}
  0x00007fa1281ac510: e9fb ffff 

  0x00007fa1281ac514: ;   {static_stub}
  0x00007fa1281ac514: ff48 bb00 | 0000 0000 

  0x00007fa1281ac51c: ;   {runtime_call nmethod}
  0x00007fa1281ac51c: 0000 00e9 | fbff ffff 

  0x00007fa1281ac524: ;   {static_stub}
  0x00007fa1281ac524: 48bb 0000 | 0000 0000 

  0x00007fa1281ac52c: ;   {runtime_call nmethod}
  0x00007fa1281ac52c: 0000 e9fb 

  0x00007fa1281ac530: ;   {static_stub}
  0x00007fa1281ac530: ffff ff48 | bb00 0000 | 0000 0000 

  0x00007fa1281ac53c: ;   {runtime_call nmethod}
  0x00007fa1281ac53c: 00e9 fbff 

  0x00007fa1281ac540: ;   {static_stub}
  0x00007fa1281ac540: ffff 48bb | 0000 0000 | 0000 0000 

  0x00007fa1281ac54c: ;   {runtime_call nmethod}
  0x00007fa1281ac54c: e9fb ffff 

  0x00007fa1281ac550: ;   {static_stub}
  0x00007fa1281ac550: ff48 bb00 | 0000 0000 

  0x00007fa1281ac558: ;   {runtime_call nmethod}
  0x00007fa1281ac558: 0000 00e9 | fbff ffff 

  0x00007fa1281ac560: ;   {static_stub}
  0x00007fa1281ac560: 48bb 0000 | 0000 0000 

  0x00007fa1281ac568: ;   {runtime_call nmethod}
  0x00007fa1281ac568: 0000 e9fb 

  0x00007fa1281ac56c: ;   {static_stub}
  0x00007fa1281ac56c: ffff ff48 | bb00 0000 | 0000 0000 

  0x00007fa1281ac578: ;   {runtime_call nmethod}
  0x00007fa1281ac578: 00e9 fbff 

  0x00007fa1281ac57c: ;   {static_stub}
  0x00007fa1281ac57c: ffff 48bb | 0000 0000 | 0000 0000 

  0x00007fa1281ac588: ;   {runtime_call nmethod}
  0x00007fa1281ac588: e9fb ffff 

  0x00007fa1281ac58c: ;   {static_stub}
  0x00007fa1281ac58c: ff48 bb00 | 0000 0000 

  0x00007fa1281ac594: ;   {runtime_call nmethod}
  0x00007fa1281ac594: 0000 00e9 | fbff ffff 
[Exception Handler]
  0x00007fa1281ac59c: ;   {runtime_call C1 Runtime handle_exception_from_callee_blob}
  0x00007fa1281ac59c: e8bf 942a 

  0x00007fa1281ac5a0: ;   {external_word}
  0x00007fa1281ac5a0: 0748 bf5f | e756 48a1 | 7f00 0048 

  0x00007fa1281ac5ac: ;   {runtime_call}
  0x00007fa1281ac5ac: 83e4 f0e8 | cc64 d41f 

  0x00007fa1281ac5b4: ;   {runtime_call DeoptimizationBlob}
  0x00007fa1281ac5b4: f4e8 a6a8 | 1d07 ebf9 | f4f4 f4f4 
[/MachCode]


---------------  P R O C E S S  ---------------

Threads class SMR info:
_java_thread_list=0x00007fa1008bd9d0, length=15, elements={
0x00007fa1400f6ef0, 0x00007fa1400f8060, 0x00007fa1400f9a10, 0x00007fa1400fb270,
0x00007fa1400fcac0, 0x00007fa1400feca0, 0x00007fa140100670, 0x00007fa14010c740,
0x00007fa14010ec50, 0x00007fa14015f800, 0x00007fa1402baaf0, 0x00007fa1402bc4d0,
0x00007fa1403eedf0, 0x00007fa140019330, 0x00007fa0fcb95220
}

Java Threads: ( => current thread )
  0x00007fa1400f6ef0 JavaThread "Reference Handler"          daemon [_thread_blocked, id=21295, stack(0x00007fa1199fb000,0x00007fa119afb000) (1024K)]
  0x00007fa1400f8060 JavaThread "Finalizer"                  daemon [_thread_blocked, id=21296, stack(0x00007fa119300000,0x00007fa119400000) (1024K)]
  0x00007fa1400f9a10 JavaThread "Signal Dispatcher"          daemon [_thread_blocked, id=21297, stack(0x00007fa1191ff000,0x00007fa1192ff000) (1024K)]
  0x00007fa1400fb270 JavaThread "Service Thread"             daemon [_thread_blocked, id=21298, stack(0x00007fa1190fe000,0x00007fa1191fe000) (1024K)]
  0x00007fa1400fcac0 JavaThread "Monitor Deflation Thread"   daemon [_thread_blocked, id=21299, stack(0x00007fa118ffd000,0x00007fa1190fd000) (1024K)]
  0x00007fa1400feca0 JavaThread "C2 CompilerThread0"         daemon [_thread_blocked, id=21300, stack(0x00007fa118efc000,0x00007fa118ffc000) (1024K)]
  0x00007fa140100670 JavaThread "C1 CompilerThread0"         daemon [_thread_blocked, id=21301, stack(0x00007fa118dfb000,0x00007fa118efb000) (1024K)]
  0x00007fa14010c740 JavaThread "Notification Thread"        daemon [_thread_blocked, id=21302, stack(0x00007fa118cfa000,0x00007fa118dfa000) (1024K)]
  0x00007fa14010ec50 JavaThread "Common-Cleaner"             daemon [_thread_blocked, id=21303, stack(0x00007fa118bf9000,0x00007fa118cf9000) (1024K)]
  0x00007fa14015f800 JavaThread "InnocuousThread-1"          daemon [_thread_blocked, id=21319, stack(0x00007fa118700000,0x00007fa118800000) (1024K)]
  0x00007fa1402baaf0 JavaThread "Java2D Disposer"            daemon [_thread_blocked, id=21321, stack(0x00007fa0f37a6000,0x00007fa0f38a6000) (1024K)]
  0x00007fa1402bc4d0 JavaThread "AWT-XAWT"                   daemon [_thread_in_native, id=21322, stack(0x00007fa0f36a5000,0x00007fa0f37a5000) (1024K)]
=>0x00007fa1403eedf0 JavaThread "LWJGL Application"                 [_thread_in_native, id=21326, stack(0x00007fa0f13e0000,0x00007fa0f14e0000) (1024K)]
  0x00007fa140019330 JavaThread "DestroyJavaVM"                     [_thread_blocked, id=21277, stack(0x00007fa146f00000,0x00007fa147000000) (1024K)]
  0x00007fa0fcb95220 JavaThread "Thread-1"                          [_thread_blocked, id=21352, stack(0x00007fa0dedf9000,0x00007fa0deef9000) (1024K)]
Total: 15

Other Threads:
  0x00007fa1400ee0a0 VMThread "VM Thread"                           [id=21289, stack(0x00007fa119bfd000,0x00007fa119cfd000) (1024K)]
  0x00007fa1400dcdf0 WatcherThread "VM Periodic Task Thread"        [id=21287, stack(0x00007fa119afc000,0x00007fa119bfc000) (1024K)]
  0x00007fa140067bd0 WorkerThread "GC Thread#0"                     [id=21278, stack(0x00007fa144b40000,0x00007fa144c40000) (1024K)]
  0x00007fa1002cb410 WorkerThread "GC Thread#1"                     [id=21320, stack(0x00007fa1180aa000,0x00007fa1181aa000) (1024K)]
  0x00007fa1000f20e0 WorkerThread "GC Thread#2"                     [id=21328, stack(0x00007fa0f12df000,0x00007fa0f13df000) (1024K)]
  0x00007fa1000f29d0 WorkerThread "GC Thread#3"                     [id=21329, stack(0x00007fa0f11de000,0x00007fa0f12de000) (1024K)]
  0x00007fa100374120 WorkerThread "GC Thread#4"                     [id=21349, stack(0x00007fa0df7fb000,0x00007fa0df8fb000) (1024K)]
  0x00007fa100374ca0 WorkerThread "GC Thread#5"                     [id=21350, stack(0x00007fa0df6fa000,0x00007fa0df7fa000) (1024K)]
  0x00007fa1006efa20 WorkerThread "GC Thread#6"                     [id=21393, stack(0x00007fa0deaf6000,0x00007fa0debf6000) (1024K)]
  0x00007fa1007590e0 WorkerThread "GC Thread#7"                     [id=21436, stack(0x00007fa0d7d00000,0x00007fa0d7e00000) (1024K)]
  0x00007fa101132b10 WorkerThread "GC Thread#8"                     [id=21769, stack(0x00007fa0d787e000,0x00007fa0d797e000) (1024K)]
  0x00007fa101975800 WorkerThread "GC Thread#9"                     [id=21836, stack(0x00007fa0debf7000,0x00007fa0decf7000) (1024K)]
  0x00007fa140080230 ConcurrentGCThread "G1 Main Marker"            [id=21279, stack(0x00007fa144a3f000,0x00007fa144b3f000) (1024K)]
  0x00007fa1400813c0 WorkerThread "G1 Conc#0"                       [id=21280, stack(0x00007fa14493e000,0x00007fa144a3e000) (1024K)]
  0x00007fa120005d70 WorkerThread "G1 Conc#1"                       [id=21347, stack(0x00007fa0e1f00000,0x00007fa0e2000000) (1024K)]
  0x00007fa120006f40 WorkerThread "G1 Conc#2"                       [id=21348, stack(0x00007fa0dfafc000,0x00007fa0dfbfc000) (1024K)]
  0x00007fa1400c4eb0 WorkerThread "G1 Refinement Workers#0"         [id=21282, stack(0x00007fa119dff000,0x00007fa119eff000) (1024K)]
  0x00007fa1400c3c60 ConcurrentGCThread "G1 Refine Control"         [id=21281, stack(0x00007fa119f00000,0x00007fa11a000000) (1024K)]
  0x00007fa1400c5fb0 ConcurrentGCThread "G1 Service"                [id=21283, stack(0x00007fa119cfe000,0x00007fa119dfe000) (1024K)]
Total: 19

Threads with active compile tasks:
Total: 0

VM state: not at safepoint (normal execution)

VM Mutex/Monitor currently owned by a thread: None

OutOfMemory and StackOverflow Exception counts:
StackOverflowErrors=2237
LinkageErrors=85

Heap address: 0x000000070c000000, size: 3904 MB, Compressed Oops mode: Zero based, Oop shift amount: 3

CDS archive(s) mapped at: [0x0000000081000000-0x0000000081da7000-0x0000000081da7000), size 14315520, SharedBaseAddress: 0x0000000081000000, ArchiveRelocationMode: 1.
Compressed class space mapped at: 0x0000000082000000-0x00000000c2000000, reserved size: 1073741824
UseCompressedClassPointers 1, UseCompactObjectHeaders 0
Narrow klass pointer bits 32, Max shift 3
Narrow klass base: 0x0000000081000000, Narrow klass shift: 0
Encoding Range: [0x0000000081000000 - 0x0000000181000000), (4294967296 bytes)
Klass Range:    [0x0000000081000000 - 0x00000000c2000000), (1090519040 bytes)
Klass ID Range:  [8 - 1090519033) (1090519025)
Protection zone: [0x0000000081000000 - 0x0000000081001000), (4096 bytes)

GC Precious Log:
 CardTable entry size: 512
 Card Set container configuration: InlinePtr #cards 4 size 8 Array Of Cards #cards 16 size 48 Howl #buckets 8 coarsen threshold 3686 Howl Bitmap #cards 512 size 80 coarsen threshold 460 Card regions per heap region 1 cards per card region 4096
 CPUs: 12 total, 12 available
 Memory: 15608M
 Large Page Support: Disabled
 NUMA Support: Disabled
 Compressed Oops: Enabled (Zero based)
 Heap Region Size: 2M
 Heap Min Capacity: 8M
 Heap Initial Capacity: 8M
 Heap Max Capacity: 3904M
 Pre-touch: Disabled
 Parallel Workers: 10
 Concurrent Workers: 3
 Concurrent Refinement Workers: 10
 Periodic GC: Disabled

Heap:
 garbage-first heap   total reserved 3997696K, committed 219136K, used 129725K [0x000000070c000000, 0x0000000800000000)
  region size 2M, 6 eden (12M), 2 survivor (4M), 57 old (114M), 0 humongous (0M), 42 free (84M)

Heap Regions: E=young(eden), S=young(survivor), O=old, HS=humongous(starts), HC=humongous(continues), CS=collection set, F=free, TAMS=top-at-mark-start, PB=parsable bottom
|    0|0x000000070c000000, 0x000000070c200000, 0x000000070c200000|100%| O|  |TAMS 0x000000070c000000| PB 0x000000070c000000| Untracked |  0
|    1|0x000000070c200000, 0x000000070c400000, 0x000000070c400000|100%| O|  |TAMS 0x000000070c200000| PB 0x000000070c200000| Untracked |  0
|    2|0x000000070c400000, 0x000000070c600000, 0x000000070c600000|100%| O|  |TAMS 0x000000070c400000| PB 0x000000070c400000| Untracked |  0
|    3|0x000000070c600000, 0x000000070c800000, 0x000000070c800000|100%| O|  |TAMS 0x000000070c600000| PB 0x000000070c600000| Untracked |  0
|    4|0x000000070c800000, 0x000000070ca00000, 0x000000070ca00000|100%| O|  |TAMS 0x000000070c800000| PB 0x000000070c800000| Untracked |  0
|    5|0x000000070ca00000, 0x000000070cc00000, 0x000000070cc00000|100%| O|  |TAMS 0x000000070ca00000| PB 0x000000070ca00000| Untracked |  0
|    6|0x000000070cc00000, 0x000000070ce00000, 0x000000070ce00000|100%| O|  |TAMS 0x000000070cc00000| PB 0x000000070cc00000| Untracked |  0
|    7|0x000000070ce00000, 0x000000070d000000, 0x000000070d000000|100%| O|  |TAMS 0x000000070ce00000| PB 0x000000070ce00000| Untracked |  0
|    8|0x000000070d000000, 0x000000070d200000, 0x000000070d200000|100%| O|  |TAMS 0x000000070d000000| PB 0x000000070d000000| Untracked |  0
|    9|0x000000070d200000, 0x000000070d400000, 0x000000070d400000|100%| O|  |TAMS 0x000000070d200000| PB 0x000000070d200000| Untracked |  0
|   10|0x000000070d400000, 0x000000070d600000, 0x000000070d600000|100%| O|  |TAMS 0x000000070d400000| PB 0x000000070d400000| Untracked |  0
|   11|0x000000070d600000, 0x000000070d800000, 0x000000070d800000|100%| O|  |TAMS 0x000000070d600000| PB 0x000000070d600000| Untracked |  0
|   12|0x000000070d800000, 0x000000070da00000, 0x000000070da00000|100%| O|  |TAMS 0x000000070d800000| PB 0x000000070d800000| Untracked |  0
|   13|0x000000070da00000, 0x000000070db1a798, 0x000000070dc00000| 55%| O|  |TAMS 0x000000070da00000| PB 0x000000070da00000| Untracked |  0
|   14|0x000000070dc00000, 0x000000070de00000, 0x000000070de00000|100%| O|  |TAMS 0x000000070dc00000| PB 0x000000070dc00000| Untracked |  0
|   15|0x000000070de00000, 0x000000070e000000, 0x000000070e000000|100%| O|  |TAMS 0x000000070de00000| PB 0x000000070de00000| Untracked |  0
|   16|0x000000070e000000, 0x000000070e200000, 0x000000070e200000|100%| O|  |TAMS 0x000000070e000000| PB 0x000000070e000000| Untracked |  0
|   17|0x000000070e200000, 0x000000070e400000, 0x000000070e400000|100%| O|  |TAMS 0x000000070e200000| PB 0x000000070e200000| Untracked |  0
|   18|0x000000070e400000, 0x000000070e600000, 0x000000070e600000|100%| O|  |TAMS 0x000000070e400000| PB 0x000000070e400000| Untracked |  0
|   19|0x000000070e600000, 0x000000070e800000, 0x000000070e800000|100%| O|  |TAMS 0x000000070e600000| PB 0x000000070e600000| Untracked |  0
|   20|0x000000070e800000, 0x000000070ea00000, 0x000000070ea00000|100%| O|  |TAMS 0x000000070e800000| PB 0x000000070e800000| Untracked |  0
|   21|0x000000070ea00000, 0x000000070ec00000, 0x000000070ec00000|100%| O|  |TAMS 0x000000070ea00000| PB 0x000000070ea00000| Untracked |  0
|   22|0x000000070ec00000, 0x000000070ee00000, 0x000000070ee00000|100%| O|  |TAMS 0x000000070ec00000| PB 0x000000070ec00000| Untracked |  0
|   23|0x000000070ee00000, 0x000000070f000000, 0x000000070f000000|100%| O|  |TAMS 0x000000070ee00000| PB 0x000000070ee00000| Untracked |  0
|   24|0x000000070f000000, 0x000000070f200000, 0x000000070f200000|100%| O|  |TAMS 0x000000070f000000| PB 0x000000070f000000| Untracked |  0
|   25|0x000000070f200000, 0x000000070f400000, 0x000000070f400000|100%| O|  |TAMS 0x000000070f200000| PB 0x000000070f200000| Untracked |  0
|   26|0x000000070f400000, 0x000000070f600000, 0x000000070f600000|100%| O|  |TAMS 0x000000070f400000| PB 0x000000070f400000| Untracked |  0
|   27|0x000000070f600000, 0x000000070f800000, 0x000000070f800000|100%| O|  |TAMS 0x000000070f600000| PB 0x000000070f600000| Untracked |  0
|   28|0x000000070f800000, 0x000000070fa00000, 0x000000070fa00000|100%| O|  |TAMS 0x000000070f800000| PB 0x000000070f800000| Untracked |  0
|   29|0x000000070fa00000, 0x000000070fc00000, 0x000000070fc00000|100%| O|  |TAMS 0x000000070fa00000| PB 0x000000070fa00000| Untracked |  0
|   30|0x000000070fc00000, 0x000000070fe00000, 0x000000070fe00000|100%| O|  |TAMS 0x000000070fc00000| PB 0x000000070fc00000| Untracked |  0
|   31|0x000000070fe00000, 0x0000000710000000, 0x0000000710000000|100%| O|  |TAMS 0x000000070fe00000| PB 0x000000070fe00000| Untracked |  0
|   32|0x0000000710000000, 0x0000000710200000, 0x0000000710200000|100%| O|  |TAMS 0x0000000710000000| PB 0x0000000710000000| Untracked |  0
|   33|0x0000000710200000, 0x0000000710400000, 0x0000000710400000|100%| O|  |TAMS 0x0000000710200000| PB 0x0000000710200000| Untracked |  0
|   34|0x0000000710400000, 0x0000000710600000, 0x0000000710600000|100%| O|  |TAMS 0x0000000710400000| PB 0x0000000710400000| Untracked |  0
|   35|0x0000000710600000, 0x0000000710800000, 0x0000000710800000|100%| O|  |TAMS 0x0000000710600000| PB 0x0000000710600000| Untracked |  0
|   36|0x0000000710800000, 0x0000000710a00000, 0x0000000710a00000|100%| O|  |TAMS 0x0000000710800000| PB 0x0000000710800000| Untracked |  0
|   37|0x0000000710a00000, 0x0000000710c00000, 0x0000000710c00000|100%| O|  |TAMS 0x0000000710a00000| PB 0x0000000710a00000| Untracked |  0
|   38|0x0000000710c00000, 0x0000000710e00000, 0x0000000710e00000|100%| O|  |TAMS 0x0000000710c00000| PB 0x0000000710c00000| Untracked |  0
|   39|0x0000000710e00000, 0x0000000711000000, 0x0000000711000000|100%| O|  |TAMS 0x0000000710e00000| PB 0x0000000710e00000| Untracked |  0
|   40|0x0000000711000000, 0x0000000711200000, 0x0000000711200000|100%| O|  |TAMS 0x0000000711000000| PB 0x0000000711000000| Untracked |  0
|   41|0x0000000711200000, 0x0000000711400000, 0x0000000711400000|100%| O|  |TAMS 0x0000000711200000| PB 0x0000000711200000| Untracked |  0
|   42|0x0000000711400000, 0x0000000711600000, 0x0000000711600000|100%| O|  |TAMS 0x0000000711400000| PB 0x0000000711400000| Untracked |  0
|   43|0x0000000711600000, 0x0000000711800000, 0x0000000711800000|100%| O|  |TAMS 0x0000000711600000| PB 0x0000000711600000| Untracked |  0
|   44|0x0000000711800000, 0x0000000711a00000, 0x0000000711a00000|100%| O|  |TAMS 0x0000000711800000| PB 0x0000000711800000| Untracked |  0
|   45|0x0000000711a00000, 0x0000000711c00000, 0x0000000711c00000|100%| O|  |TAMS 0x0000000711a00000| PB 0x0000000711a00000| Untracked |  0
|   46|0x0000000711c00000, 0x0000000711e00000, 0x0000000711e00000|100%| O|  |TAMS 0x0000000711c00000| PB 0x0000000711c00000| Untracked |  0
|   47|0x0000000711e00000, 0x0000000712000000, 0x0000000712000000|100%| O|  |TAMS 0x0000000711e00000| PB 0x0000000711e00000| Untracked |  0
|   48|0x0000000712000000, 0x0000000712200000, 0x0000000712200000|100%| O|  |TAMS 0x0000000712000000| PB 0x0000000712000000| Untracked |  0
|   49|0x0000000712200000, 0x0000000712400000, 0x0000000712400000|100%| O|  |TAMS 0x0000000712200000| PB 0x0000000712200000| Untracked |  0
|   50|0x0000000712400000, 0x0000000712400000, 0x0000000712600000|  0%| F|  |TAMS 0x0000000712400000| PB 0x0000000712400000| Untracked |  0
|   51|0x0000000712600000, 0x0000000712800000, 0x0000000712800000|100%| O|  |TAMS 0x0000000712600000| PB 0x0000000712600000| Untracked |  0
|   52|0x0000000712800000, 0x0000000712a00000, 0x0000000712a00000|100%| O|  |TAMS 0x0000000712800000| PB 0x0000000712800000| Untracked |  0
|   53|0x0000000712a00000, 0x0000000712c00000, 0x0000000712c00000|100%| O|  |TAMS 0x0000000712a00000| PB 0x0000000712a00000| Untracked |  0
|   54|0x0000000712c00000, 0x0000000712e00000, 0x0000000712e00000|100%| O|  |TAMS 0x0000000712c00000| PB 0x0000000712c00000| Untracked |  0
|   55|0x0000000712e00000, 0x0000000713000000, 0x0000000713000000|100%| O|  |TAMS 0x0000000712e00000| PB 0x0000000712e00000| Untracked |  0
|   56|0x0000000713000000, 0x0000000713000000, 0x0000000713200000|  0%| F|  |TAMS 0x0000000713000000| PB 0x0000000713000000| Untracked |  0
|   57|0x0000000713200000, 0x0000000713400000, 0x0000000713400000|100%| O|  |TAMS 0x0000000713200000| PB 0x0000000713200000| Untracked |  0
|   58|0x0000000713400000, 0x0000000713400000, 0x0000000713600000|  0%| F|  |TAMS 0x0000000713400000| PB 0x0000000713400000| Untracked |  0
|   59|0x0000000713600000, 0x0000000713600000, 0x0000000713800000|  0%| F|  |TAMS 0x0000000713600000| PB 0x0000000713600000| Untracked |  0
|   60|0x0000000713800000, 0x0000000713800000, 0x0000000713a00000|  0%| F|  |TAMS 0x0000000713800000| PB 0x0000000713800000| Untracked |  0
|   61|0x0000000713a00000, 0x0000000713a00000, 0x0000000713c00000|  0%| F|  |TAMS 0x0000000713a00000| PB 0x0000000713a00000| Untracked |  0
|   62|0x0000000713c00000, 0x0000000713c00000, 0x0000000713e00000|  0%| F|  |TAMS 0x0000000713c00000| PB 0x0000000713c00000| Untracked |  0
|   63|0x0000000713e00000, 0x0000000713f94fa8, 0x0000000714000000| 79%| S|CS|TAMS 0x0000000713e00000| PB 0x0000000713e00000| Complete  |  0
|   64|0x0000000714000000, 0x0000000714200000, 0x0000000714200000|100%| S|CS|TAMS 0x0000000714000000| PB 0x0000000714000000| Complete  |  0
|   65|0x0000000714200000, 0x0000000714200000, 0x0000000714400000|  0%| F|  |TAMS 0x0000000714200000| PB 0x0000000714200000| Untracked |  0
|   66|0x0000000714400000, 0x0000000714400000, 0x0000000714600000|  0%| F|  |TAMS 0x0000000714400000| PB 0x0000000714400000| Untracked |  0
|   67|0x0000000714600000, 0x0000000714600000, 0x0000000714800000|  0%| F|  |TAMS 0x0000000714600000| PB 0x0000000714600000| Untracked |  0
|   68|0x0000000714800000, 0x0000000714800000, 0x0000000714a00000|  0%| F|  |TAMS 0x0000000714800000| PB 0x0000000714800000| Untracked |  0
|   69|0x0000000714a00000, 0x0000000714a00000, 0x0000000714c00000|  0%| F|  |TAMS 0x0000000714a00000| PB 0x0000000714a00000| Untracked |  0
|   70|0x0000000714c00000, 0x0000000714c00000, 0x0000000714e00000|  0%| F|  |TAMS 0x0000000714c00000| PB 0x0000000714c00000| Untracked |  0
|   71|0x0000000714e00000, 0x0000000714e00000, 0x0000000715000000|  0%| F|  |TAMS 0x0000000714e00000| PB 0x0000000714e00000| Untracked |  0
|   72|0x0000000715000000, 0x0000000715000000, 0x0000000715200000|  0%| F|  |TAMS 0x0000000715000000| PB 0x0000000715000000| Untracked |  0
|   73|0x0000000715200000, 0x0000000715200000, 0x0000000715400000|  0%| F|  |TAMS 0x0000000715200000| PB 0x0000000715200000| Untracked |  0
|   74|0x0000000715400000, 0x0000000715400000, 0x0000000715600000|  0%| F|  |TAMS 0x0000000715400000| PB 0x0000000715400000| Untracked |  0
|   75|0x0000000715600000, 0x0000000715600000, 0x0000000715800000|  0%| F|  |TAMS 0x0000000715600000| PB 0x0000000715600000| Untracked |  0
|   76|0x0000000715800000, 0x0000000715800000, 0x0000000715a00000|  0%| F|  |TAMS 0x0000000715800000| PB 0x0000000715800000| Untracked |  0
|   77|0x0000000715a00000, 0x0000000715a00000, 0x0000000715c00000|  0%| F|  |TAMS 0x0000000715a00000| PB 0x0000000715a00000| Untracked |  0
|   78|0x0000000715c00000, 0x0000000715c00000, 0x0000000715e00000|  0%| F|  |TAMS 0x0000000715c00000| PB 0x0000000715c00000| Untracked |  0
|   79|0x0000000715e00000, 0x0000000715e00000, 0x0000000716000000|  0%| F|  |TAMS 0x0000000715e00000| PB 0x0000000715e00000| Untracked |  0
|   80|0x0000000716000000, 0x0000000716000000, 0x0000000716200000|  0%| F|  |TAMS 0x0000000716000000| PB 0x0000000716000000| Untracked |  0
|   81|0x0000000716200000, 0x0000000716200000, 0x0000000716400000|  0%| F|  |TAMS 0x0000000716200000| PB 0x0000000716200000| Untracked |  0
|   82|0x0000000716400000, 0x0000000716400000, 0x0000000716600000|  0%| F|  |TAMS 0x0000000716400000| PB 0x0000000716400000| Untracked |  0
|   83|0x0000000716600000, 0x0000000716600000, 0x0000000716800000|  0%| F|  |TAMS 0x0000000716600000| PB 0x0000000716600000| Untracked |  0
|   84|0x0000000716800000, 0x0000000716800000, 0x0000000716a00000|  0%| F|  |TAMS 0x0000000716800000| PB 0x0000000716800000| Untracked |  0
|   85|0x0000000716a00000, 0x0000000716a00000, 0x0000000716c00000|  0%| F|  |TAMS 0x0000000716a00000| PB 0x0000000716a00000| Untracked |  0
|   86|0x0000000716c00000, 0x0000000716c00000, 0x0000000716e00000|  0%| F|  |TAMS 0x0000000716c00000| PB 0x0000000716c00000| Untracked |  0
|   87|0x0000000716e00000, 0x0000000716e00000, 0x0000000717000000|  0%| F|  |TAMS 0x0000000716e00000| PB 0x0000000716e00000| Untracked |  0
|   88|0x0000000717000000, 0x0000000717000000, 0x0000000717200000|  0%| F|  |TAMS 0x0000000717000000| PB 0x0000000717000000| Untracked |  0
|   89|0x0000000717200000, 0x0000000717200000, 0x0000000717400000|  0%| F|  |TAMS 0x0000000717200000| PB 0x0000000717200000| Untracked |  0
|   90|0x0000000717400000, 0x0000000717400000, 0x0000000717600000|  0%| F|  |TAMS 0x0000000717400000| PB 0x0000000717400000| Untracked |  0
|   91|0x0000000717600000, 0x0000000717600000, 0x0000000717800000|  0%| F|  |TAMS 0x0000000717600000| PB 0x0000000717600000| Untracked |  0
|   92|0x0000000717800000, 0x0000000717800000, 0x0000000717a00000|  0%| F|  |TAMS 0x0000000717800000| PB 0x0000000717800000| Untracked |  0
|   93|0x0000000717a00000, 0x0000000717a00000, 0x0000000717c00000|  0%| F|  |TAMS 0x0000000717a00000| PB 0x0000000717a00000| Untracked |  0
|   94|0x0000000717c00000, 0x0000000717c00000, 0x0000000717e00000|  0%| F|  |TAMS 0x0000000717c00000| PB 0x0000000717c00000| Untracked |  0
|   95|0x0000000717e00000, 0x0000000717e00000, 0x0000000718000000|  0%| F|  |TAMS 0x0000000717e00000| PB 0x0000000717e00000| Untracked |  0
|   96|0x0000000718000000, 0x0000000718000000, 0x0000000718200000|  0%| F|  |TAMS 0x0000000718000000| PB 0x0000000718000000| Untracked |  0
|   97|0x0000000718200000, 0x0000000718200000, 0x0000000718400000|  0%| F|  |TAMS 0x0000000718200000| PB 0x0000000718200000| Untracked |  0
|   98|0x0000000718400000, 0x0000000718400000, 0x0000000718600000|  0%| F|  |TAMS 0x0000000718400000| PB 0x0000000718400000| Untracked |  0
|   99|0x0000000718600000, 0x0000000718600000, 0x0000000718800000|  0%| F|  |TAMS 0x0000000718600000| PB 0x0000000718600000| Untracked |  0
|  100|0x0000000718800000, 0x00000007188d70b0, 0x0000000718a00000| 42%| E|CS|TAMS 0x0000000718800000| PB 0x0000000718800000| Complete  |  0
|  101|0x0000000718a00000, 0x0000000718c00000, 0x0000000718c00000|100%| E|CS|TAMS 0x0000000718a00000| PB 0x0000000718a00000| Complete  |  0
|  102|0x0000000718c00000, 0x0000000718e00000, 0x0000000718e00000|100%| E|CS|TAMS 0x0000000718c00000| PB 0x0000000718c00000| Complete  |  0
|  103|0x0000000718e00000, 0x0000000719000000, 0x0000000719000000|100%| E|CS|TAMS 0x0000000718e00000| PB 0x0000000718e00000| Complete  |  0
|  104|0x0000000719000000, 0x0000000719200000, 0x0000000719200000|100%| E|CS|TAMS 0x0000000719000000| PB 0x0000000719000000| Complete  |  0
|  105|0x0000000719200000, 0x0000000719400000, 0x0000000719400000|100%| E|CS|TAMS 0x0000000719200000| PB 0x0000000719200000| Complete  |  0
| 1950|0x00000007ffc00000, 0x00000007ffe00000, 0x00000007ffe00000|100%| O|  |TAMS 0x00000007ffc00000| PB 0x00000007ffc00000| Untracked |  0

Card table byte_map: [0x00007fa144c40000,0x00007fa1453e0000] _byte_map_base: 0x00007fa1413e0000
Refinement table byte_map: [0x00007fa1453e0000,0x00007fa145b80000] _byte_map_base: 0x00007fa141b80000

Marking Bits: (CMBitMap*) 0x00007fa1400688e0
 Bits: [0x00007fa1240fe000, 0x00007fa127dfe000)

Polling page: 0x00007fa148cb0000

Metaspace:
Metaspace        used 30232K, committed 30464K, reserved 1114112K
 class space     used 2389K, committed 2496K, reserved 1048576K

Usage:
  Non-class:     27,19 MB used.
      Class:      2,33 MB used.
       Both:     29,52 MB used.

Virtual space:
  Non-class space:       64,00 MB reserved,      27,31 MB ( 43%) committed,  1 nodes.
      Class space:        1,00 GB reserved,       2,44 MB ( <1%) committed,  1 nodes.
             Both:        1,06 GB reserved,      29,75 MB (  3%) committed. 

Chunk freelists:
   Non-Class:  4,30 MB
       Class:  13,44 MB
        Both:  17,74 MB

MaxMetaspaceSize: unlimited
CompressedClassSpaceSize: 1,00 GB
Initial GC threshold: 21,00 MB
Current GC threshold: 49,38 MB
CDS: on
 - commit_granule_bytes: 65536.
 - commit_granule_words: 8192.
 - virtual_space_node_default_size: 8388608.
 - enlarge_chunks_in_place: 1.
UseCompressedClassPointers 1, UseCompactObjectHeaders 0
Narrow klass pointer bits 32, Max shift 3
Narrow klass base: 0x0000000081000000, Narrow klass shift: 0
Encoding Range: [0x0000000081000000 - 0x0000000181000000), (4294967296 bytes)
Klass Range:    [0x0000000081000000 - 0x00000000c2000000), (1090519040 bytes)
Klass ID Range:  [8 - 1090519033) (1090519025)
Protection zone: [0x0000000081000000 - 0x0000000081001000), (4096 bytes)


Internal statistics:

num_allocs_failed_limit: 6.
num_arena_births: 178.
num_arena_deaths: 0.
num_vsnodes_births: 2.
num_vsnodes_deaths: 0.
num_space_committed: 468.
num_space_uncommitted: 0.
num_chunks_returned_to_freelist: 6.
num_chunks_taken_from_freelist: 1027.
num_chunk_merges: 6.
num_chunk_splits: 824.
num_chunks_enlarged: 695.
num_inconsistent_stats: 0.

CodeHeap 'non-profiled nmethods': size=120032Kb used=16572Kb max_used=16597Kb free=103460Kb
 bounds [0x00007fa12f8c8000, 0x00007fa130918000, 0x00007fa136e00000]
CodeHeap 'profiled nmethods': size=120032Kb used=17795Kb max_used=36393Kb free=102236Kb
 bounds [0x00007fa127dfe000, 0x00007fa12a18e000, 0x00007fa12f336000]
CodeHeap 'non-nmethods': size=5704Kb used=1830Kb max_used=2129Kb free=3873Kb
 bounds [0x00007fa12f336000, 0x00007fa12f5a6000, 0x00007fa12f8c8000]
CodeCache: size=245768Kb, used=36197Kb, max_used=55119Kb, free=209569Kb
 total_blobs=6097, nmethods=5256, adapters=746, full_count=0
Compilation: enabled, stopped_count=0, restarted_count=0

Compilation events (20 events):
Event: 1701,002 Thread 0x00007fa140100670 11690       3       age.of.civilizations2.jakowski.lukasz.Game_Action::updatePlayerData (504 bytes)
Event: 1701,011 Thread 0x00007fa140100670 nmethod 11690 0x00007fa12845b608 code [0x00007fa12845b700, 0x00007fa128466bd8]
Event: 1701,012 Thread 0x00007fa140100670 11691       3       age.of.civilizations2.jakowski.lukasz.MenuManager::getVisibleInGame_WarDetails (32 bytes)
Event: 1701,013 Thread 0x00007fa140100670 nmethod 11691 0x00007fa12928fc88 code [0x00007fa12928fd80, 0x00007fa129290298]
Event: 1701,013 Thread 0x00007fa140100670 11692       3       age.of.civilizations2.jakowski.lukasz.Game_Action::endOfInputOrders (106 bytes)
Event: 1701,015 Thread 0x00007fa140100670 nmethod 11692 0x00007fa12800e508 code [0x00007fa12800e600, 0x00007fa12800f928]
Event: 1702,676 Thread 0x00007fa140100670 11693       3       age.of.civilizations2.jakowski.lukasz.Turn_NewTurn::<init> (5 bytes)
Event: 1702,677 Thread 0x00007fa140100670 nmethod 11693 0x00007fa129b91f08 code [0x00007fa129b92000, 0x00007fa129b92120]
Event: 1702,677 Thread 0x00007fa140100670 11694       3       age.of.civilizations2.jakowski.lukasz.Turn_NewTurn::run (28 bytes)
Event: 1702,677 Thread 0x00007fa140100670 nmethod 11694 0x00007fa1280b5208 code [0x00007fa1280b5300, 0x00007fa1280b6698]
Event: 1702,719 Thread 0x00007fa140100670 11695       3       age.of.civilizations2.jakowski.lukasz.PlagueManager::startDisease (267 bytes)
Event: 1702,723 Thread 0x00007fa140100670 nmethod 11695 0x00007fa127f98f88 code [0x00007fa127f990a0, 0x00007fa127f9b238]
Event: 1702,724 Thread 0x00007fa140100670 11696       3       age.of.civilizations2.jakowski.lukasz.Game_Ages::getAge_DiseaseChance (17 bytes)
Event: 1702,724 Thread 0x00007fa140100670 nmethod 11696 0x00007fa127f98b88 code [0x00007fa127f98c80, 0x00007fa127f98f18]
Event: 1703,108 Thread 0x00007fa140100670 11698       3       age.of.civilizations2.jakowski.lukasz.Game_Calendar::updateAge (90 bytes)
Event: 1703,109 Thread 0x00007fa140100670 nmethod 11698 0x00007fa12811b308 code [0x00007fa12811b400, 0x00007fa12811c618]
Event: 1703,109 Thread 0x00007fa140100670 11697       3       age.of.civilizations2.jakowski.lukasz.Game_Calendar::updateAge (5 bytes)
Event: 1703,109 Thread 0x00007fa140100670 nmethod 11697 0x00007fa12811b008 code [0x00007fa12811b100, 0x00007fa12811b208]
Event: 1703,153 Thread 0x00007fa140100670 11699   !   3       age.of.civilizations2.jakowski.lukasz.Game_Action::updateHRE_Elections (915 bytes)
Event: 1703,162 Thread 0x00007fa140100670 nmethod 11699 0x00007fa1292b8808 code [0x00007fa1292b8900, 0x00007fa1292c5550]

GC Heap Usage History (20 events):
Event: 1664,002 {heap Before GC invocations=376 (full 0):
 garbage-first heap   total reserved 3997696K, committed 225280K, used 211702K [0x000000070c000000, 0x0000000800000000)
  region size 2M, 45 eden (90M), 2 survivor (4M), 57 old (114M), 0 humongous (0M), 6 free (12M)
}
Event: 1664,019 {heap After GC invocations=377 (full 0):
 garbage-first heap   total reserved 3997696K, committed 225280K, used 119633K [0x000000070c000000, 0x0000000800000000)
  region size 2M, 0 eden (0M), 2 survivor (4M), 57 old (114M), 0 humongous (0M), 51 free (102M)
}
Event: 1670,844 {heap Before GC invocations=377 (full 0):
 garbage-first heap   total reserved 3997696K, committed 225280K, used 211793K [0x000000070c000000, 0x0000000800000000)
  region size 2M, 45 eden (90M), 2 survivor (4M), 57 old (114M), 0 humongous (0M), 6 free (12M)
}
Event: 1670,851 {heap After GC invocations=378 (full 0):
 garbage-first heap   total reserved 3997696K, committed 225280K, used 119698K [0x000000070c000000, 0x0000000800000000)
  region size 2M, 0 eden (0M), 2 survivor (4M), 57 old (114M), 0 humongous (0M), 51 free (102M)
}
Event: 1672,836 {heap Before GC invocations=379 (full 0):
 garbage-first heap   total reserved 3997696K, committed 225280K, used 211858K [0x000000070c000000, 0x0000000800000000)
  region size 2M, 45 eden (90M), 2 survivor (4M), 57 old (114M), 0 humongous (0M), 6 free (12M)
}
Event: 1672,847 {heap After GC invocations=380 (full 0):
 garbage-first heap   total reserved 3997696K, committed 225280K, used 119766K [0x000000070c000000, 0x0000000800000000)
  region size 2M, 0 eden (0M), 2 survivor (4M), 57 old (114M), 0 humongous (0M), 51 free (102M)
}
Event: 1675,651 {heap Before GC invocations=380 (full 0):
 garbage-first heap   total reserved 3997696K, committed 225280K, used 211926K [0x000000070c000000, 0x0000000800000000)
  region size 2M, 45 eden (90M), 2 survivor (4M), 57 old (114M), 0 humongous (0M), 6 free (12M)
}
Event: 1675,662 {heap After GC invocations=381 (full 0):
 garbage-first heap   total reserved 3997696K, committed 225280K, used 119340K [0x000000070c000000, 0x0000000800000000)
  region size 2M, 0 eden (0M), 2 survivor (4M), 57 old (114M), 0 humongous (0M), 51 free (102M)
}
Event: 1684,229 {heap Before GC invocations=381 (full 0):
 garbage-first heap   total reserved 3997696K, committed 225280K, used 211500K [0x000000070c000000, 0x0000000800000000)
  region size 2M, 45 eden (90M), 2 survivor (4M), 57 old (114M), 0 humongous (0M), 6 free (12M)
}
Event: 1684,236 {heap After GC invocations=382 (full 0):
 garbage-first heap   total reserved 3997696K, committed 225280K, used 119524K [0x000000070c000000, 0x0000000800000000)
  region size 2M, 0 eden (0M), 2 survivor (4M), 57 old (114M), 0 humongous (0M), 51 free (102M)
}
Event: 1686,306 {heap Before GC invocations=383 (full 0):
 garbage-first heap   total reserved 3997696K, committed 225280K, used 211684K [0x000000070c000000, 0x0000000800000000)
  region size 2M, 45 eden (90M), 2 survivor (4M), 57 old (114M), 0 humongous (0M), 6 free (12M)
}
Event: 1686,313 {heap After GC invocations=384 (full 0):
 garbage-first heap   total reserved 3997696K, committed 219136K, used 119704K [0x000000070c000000, 0x0000000800000000)
  region size 2M, 0 eden (0M), 2 survivor (4M), 57 old (114M), 0 humongous (0M), 48 free (96M)
}
Event: 1691,479 {heap Before GC invocations=384 (full 0):
 garbage-first heap   total reserved 3997696K, committed 219136K, used 205720K [0x000000070c000000, 0x0000000800000000)
  region size 2M, 42 eden (84M), 2 survivor (4M), 57 old (114M), 0 humongous (0M), 6 free (12M)
}
Event: 1691,496 {heap After GC invocations=385 (full 0):
 garbage-first heap   total reserved 3997696K, committed 219136K, used 119089K [0x000000070c000000, 0x0000000800000000)
  region size 2M, 0 eden (0M), 2 survivor (4M), 57 old (114M), 0 humongous (0M), 48 free (96M)
}
Event: 1696,324 {heap Before GC invocations=385 (full 0):
 garbage-first heap   total reserved 3997696K, committed 219136K, used 205105K [0x000000070c000000, 0x0000000800000000)
  region size 2M, 42 eden (84M), 2 survivor (4M), 57 old (114M), 0 humongous (0M), 6 free (12M)
}
Event: 1696,332 {heap After GC invocations=386 (full 0):
 garbage-first heap   total reserved 3997696K, committed 219136K, used 119585K [0x000000070c000000, 0x0000000800000000)
  region size 2M, 0 eden (0M), 2 survivor (4M), 57 old (114M), 0 humongous (0M), 48 free (96M)
}
Event: 1701,515 {heap Before GC invocations=387 (full 0):
 garbage-first heap   total reserved 3997696K, committed 219136K, used 205601K [0x000000070c000000, 0x0000000800000000)
  region size 2M, 42 eden (84M), 2 survivor (4M), 57 old (114M), 0 humongous (0M), 6 free (12M)
}
Event: 1701,526 {heap After GC invocations=388 (full 0):
 garbage-first heap   total reserved 3997696K, committed 219136K, used 120098K [0x000000070c000000, 0x0000000800000000)
  region size 2M, 0 eden (0M), 2 survivor (4M), 58 old (116M), 0 humongous (0M), 47 free (94M)
}
Event: 1702,638 {heap Before GC invocations=388 (full 0):
 garbage-first heap   total reserved 3997696K, committed 219136K, used 204066K [0x000000070c000000, 0x0000000800000000)
  region size 2M, 41 eden (82M), 2 survivor (4M), 58 old (116M), 0 humongous (0M), 6 free (12M)
}
Event: 1702,651 {heap After GC invocations=389 (full 0):
 garbage-first heap   total reserved 3997696K, committed 219136K, used 119485K [0x000000070c000000, 0x0000000800000000)
  region size 2M, 0 eden (0M), 2 survivor (4M), 57 old (114M), 0 humongous (0M), 48 free (96M)
}

Metaspace Usage History (20 events):
Event: 1664,002 {metaspace Before GC invocations=376 (full 0):
 Metaspace       used 30123K, committed 30336K, reserved 1114112K
  class space    used 2389K, committed 2496K, reserved 1048576K
}
Event: 1664,019 {metaspace After GC invocations=377 (full 0):
 Metaspace       used 30123K, committed 30336K, reserved 1114112K
  class space    used 2389K, committed 2496K, reserved 1048576K
}
Event: 1670,844 {metaspace Before GC invocations=377 (full 0):
 Metaspace       used 30125K, committed 30336K, reserved 1114112K
  class space    used 2389K, committed 2496K, reserved 1048576K
}
Event: 1670,851 {metaspace After GC invocations=378 (full 0):
 Metaspace       used 30125K, committed 30336K, reserved 1114112K
  class space    used 2389K, committed 2496K, reserved 1048576K
}
Event: 1672,836 {metaspace Before GC invocations=379 (full 0):
 Metaspace       used 30125K, committed 30336K, reserved 1114112K
  class space    used 2389K, committed 2496K, reserved 1048576K
}
Event: 1672,847 {metaspace After GC invocations=380 (full 0):
 Metaspace       used 30125K, committed 30336K, reserved 1114112K
  class space    used 2389K, committed 2496K, reserved 1048576K
}
Event: 1675,651 {metaspace Before GC invocations=380 (full 0):
 Metaspace       used 30125K, committed 30336K, reserved 1114112K
  class space    used 2389K, committed 2496K, reserved 1048576K
}
Event: 1675,662 {metaspace After GC invocations=381 (full 0):
 Metaspace       used 30125K, committed 30336K, reserved 1114112K
  class space    used 2389K, committed 2496K, reserved 1048576K
}
Event: 1684,229 {metaspace Before GC invocations=381 (full 0):
 Metaspace       used 30147K, committed 30336K, reserved 1114112K
  class space    used 2389K, committed 2496K, reserved 1048576K
}
Event: 1684,237 {metaspace After GC invocations=382 (full 0):
 Metaspace       used 30147K, committed 30336K, reserved 1114112K
  class space    used 2389K, committed 2496K, reserved 1048576K
}
Event: 1686,306 {metaspace Before GC invocations=383 (full 0):
 Metaspace       used 30147K, committed 30336K, reserved 1114112K
  class space    used 2389K, committed 2496K, reserved 1048576K
}
Event: 1686,313 {metaspace After GC invocations=384 (full 0):
 Metaspace       used 30147K, committed 30336K, reserved 1114112K
  class space    used 2389K, committed 2496K, reserved 1048576K
}
Event: 1691,480 {metaspace Before GC invocations=384 (full 0):
 Metaspace       used 30154K, committed 30400K, reserved 1114112K
  class space    used 2389K, committed 2496K, reserved 1048576K
}
Event: 1691,496 {metaspace After GC invocations=385 (full 0):
 Metaspace       used 30154K, committed 30400K, reserved 1114112K
  class space    used 2389K, committed 2496K, reserved 1048576K
}
Event: 1696,324 {metaspace Before GC invocations=385 (full 0):
 Metaspace       used 30157K, committed 30400K, reserved 1114112K
  class space    used 2389K, committed 2496K, reserved 1048576K
}
Event: 1696,332 {metaspace After GC invocations=386 (full 0):
 Metaspace       used 30157K, committed 30400K, reserved 1114112K
  class space    used 2389K, committed 2496K, reserved 1048576K
}
Event: 1701,515 {metaspace Before GC invocations=387 (full 0):
 Metaspace       used 30163K, committed 30400K, reserved 1114112K
  class space    used 2389K, committed 2496K, reserved 1048576K
}
Event: 1701,526 {metaspace After GC invocations=388 (full 0):
 Metaspace       used 30163K, committed 30400K, reserved 1114112K
  class space    used 2389K, committed 2496K, reserved 1048576K
}
Event: 1702,638 {metaspace Before GC invocations=388 (full 0):
 Metaspace       used 30163K, committed 30400K, reserved 1114112K
  class space    used 2389K, committed 2496K, reserved 1048576K
}
Event: 1702,651 {metaspace After GC invocations=389 (full 0):
 Metaspace       used 30163K, committed 30400K, reserved 1114112K
  class space    used 2389K, committed 2496K, reserved 1048576K
}

Dll operation events (20 events):
Event: 0,201 Attempting to load shared library /tmp/steamworks4j/1.8.0/libsteam_api.so
Event: 0,201 Loaded shared library /tmp/steamworks4j/1.8.0/libsteam_api.so
Event: 0,204 Attempting to load shared library /tmp/steamworks4j/1.8.0/libsteamworks4j.so
Event: 0,205 Loaded shared library /tmp/steamworks4j/1.8.0/libsteamworks4j.so
Event: 0,222 Attempting to load shared library /tmp/libgdxmirtemir/b793cc16/libgdx64.so
Event: 0,222 Loaded shared library /tmp/libgdxmirtemir/b793cc16/libgdx64.so
Event: 0,245 Attempting to load shared library /usr/lib/jvm/java-26-openjdk/lib/libverify.so
Event: 0,245 Loaded shared library /usr/lib/jvm/java-26-openjdk/lib/libverify.so
Event: 0,259 Attempting to load shared library /usr/lib/jvm/java-26-openjdk/lib/libawt.so
Event: 0,260 Loaded shared library /usr/lib/jvm/java-26-openjdk/lib/libawt.so
Event: 0,262 Attempting to load shared library /usr/lib/jvm/java-26-openjdk/lib/libawt_xawt.so
Event: 0,264 Loaded shared library /usr/lib/jvm/java-26-openjdk/lib/libawt_xawt.so
Event: 0,301 Attempting to load shared library /usr/lib/jvm/java-26-openjdk/lib/libfontmanager.so
Event: 0,302 Loaded shared library /usr/lib/jvm/java-26-openjdk/lib/libfontmanager.so
Event: 0,331 Attempting to load shared library /usr/lib/jvm/java-26-openjdk/lib/libjawt.so
Event: 0,331 Loaded shared library /usr/lib/jvm/java-26-openjdk/lib/libjawt.so
Event: 0,331 Attempting to load shared library /tmp/libgdxmirtemir/31ce78a2/liblwjgl64.so
Event: 0,331 Loaded shared library /tmp/libgdxmirtemir/31ce78a2/liblwjgl64.so
Event: 2,422 Attempting to load shared library /tmp/libgdxmirtemir/125b804a/libgdx-freetype64.so
Event: 2,422 Loaded shared library /tmp/libgdxmirtemir/125b804a/libgdx-freetype64.so

Deoptimization events (20 events):
Event: 1670,711 Thread 0x00007fa0be16b010 Uncommon trap: trap_request=0xffffff45 fr.pc=0x00007fa12f978de8 relative=0x0000000000000368
Event: 1670,711 Thread 0x00007fa0be16b010 Uncommon trap: reason=unstable_if action=reinterpret pc=0x00007fa12f978de8 method=java.lang.String.startsWith(Ljava/lang/String;I)Z @ 93 c2
Event: 1670,711 Thread 0x00007fa0be16b010 DEOPT PACKING pc=0x00007fa12f978de8 sp=0x00007fa0dedf5ea0
Event: 1670,711 Thread 0x00007fa0be16b010 DEOPT UNPACKING pc=0x00007fa12f45b879 sp=0x00007fa0dedf5e28 mode 2
Event: 1685,361 Thread 0x00007fa0be602610 Uncommon trap: trap_request=0xffffff45 fr.pc=0x00007fa12f9da800 relative=0x0000000000000900
Event: 1685,361 Thread 0x00007fa0be602610 Uncommon trap: reason=unstable_if action=reinterpret pc=0x00007fa12f9da800 method=age.of.civilizations2.jakowski.lukasz.Civilization.runInvests()V @ 286 c2
Event: 1685,361 Thread 0x00007fa0be602610 DEOPT PACKING pc=0x00007fa12f9da800 sp=0x00007fa0dedf68b0
Event: 1685,361 Thread 0x00007fa0be602610 DEOPT UNPACKING pc=0x00007fa12f45b879 sp=0x00007fa0dedf6878 mode 2
Event: 1690,935 Thread 0x00007fa0be602850 Uncommon trap: trap_request=0xffffff45 fr.pc=0x00007fa12fd3404c relative=0x0000000000000e4c
Event: 1690,935 Thread 0x00007fa0be602850 Uncommon trap: reason=unstable_if action=reinterpret pc=0x00007fa12fd3404c method=age.of.civilizations2.jakowski.lukasz.Ideologies_Manager.getIdeologyID(Ljava/lang/String;)I @ 32 c2
Event: 1690,935 Thread 0x00007fa0be602850 DEOPT PACKING pc=0x00007fa12fd3404c sp=0x00007fa0dedf6840
Event: 1690,935 Thread 0x00007fa0be602850 DEOPT UNPACKING pc=0x00007fa12f45b879 sp=0x00007fa0dedf6800 mode 2
Event: 1703,154 Thread 0x00007fa1403eedf0 Uncommon trap: trap_request=0xffffff95 fr.pc=0x00007fa12fe38f38 relative=0x0000000000007b18
Event: 1703,154 Thread 0x00007fa1403eedf0 Uncommon trap: reason=unreached action=reinterpret pc=0x00007fa12fe38f38 method=age.of.civilizations2.jakowski.lukasz.AoCGame.render()V @ 690 c2
Event: 1703,154 Thread 0x00007fa1403eedf0 DEOPT PACKING pc=0x00007fa12fe38f38 sp=0x00007fa0f14de790
Event: 1703,154 Thread 0x00007fa1403eedf0 DEOPT UNPACKING pc=0x00007fa12f45b879 sp=0x00007fa0f14de758 mode 2
Event: 1703,161 Thread 0x00007fa1403eedf0 Uncommon trap: trap_request=0xffffff45 fr.pc=0x00007fa12feaeee0 relative=0x00000000000000e0
Event: 1703,161 Thread 0x00007fa1403eedf0 Uncommon trap: reason=unstable_if action=reinterpret pc=0x00007fa12feaeee0 method=com.badlogic.gdx.graphics.g2d.SpriteBatch.setProjectionMatrix(Lcom/badlogic/gdx/math/Matrix4;)V @ 4 c2
Event: 1703,161 Thread 0x00007fa1403eedf0 DEOPT PACKING pc=0x00007fa12feaeee0 sp=0x00007fa0f14de710
Event: 1703,161 Thread 0x00007fa1403eedf0 DEOPT UNPACKING pc=0x00007fa12f45b879 sp=0x00007fa0f14de6e0 mode 2

Classes loaded (20 events):
Event: 49,960 Loading class java/util/stream/ReferencePipeline$6$1
Event: 49,960 Loading class java/util/stream/ReferencePipeline$6$1 done
Event: 63,575 Loading class java/util/concurrent/Executors$DefaultThreadFactory
Event: 63,575 Loading class java/util/concurrent/Executors$DefaultThreadFactory done
Event: 63,575 Loading class java/util/concurrent/Executors$AutoShutdownDelegatedExecutorService
Event: 63,575 Loading class java/util/concurrent/Executors$DelegatedExecutorService
Event: 63,575 Loading class java/util/concurrent/Executors$DelegatedExecutorService done
Event: 63,575 Loading class java/util/concurrent/Executors$AutoShutdownDelegatedExecutorService done
Event: 137,018 Loading class java/lang/Throwable$WrappedPrintStream
Event: 137,018 Loading class java/lang/Throwable$PrintStreamOrWriter
Event: 137,018 Loading class java/lang/Throwable$PrintStreamOrWriter done
Event: 137,018 Loading class java/lang/Throwable$WrappedPrintStream done
Event: 157,476 Loading class java/io/ObjectStreamClass$MemberSignature
Event: 157,476 Loading class java/io/ObjectStreamClass$MemberSignature done
Event: 157,476 Loading class java/io/ObjectStreamClass$1
Event: 157,476 Loading class java/io/ObjectStreamClass$1 done
Event: 157,476 Loading class java/io/ObjectStreamClass$2
Event: 157,476 Loading class java/io/ObjectStreamClass$2 done
Event: 157,476 Loading class java/io/ObjectStreamClass$3
Event: 157,476 Loading class java/io/ObjectStreamClass$3 done

Classes unloaded (0 events):
No events

Classes redefined (0 events):
No events

Internal exceptions (20 events):
Event: 1691,146 Thread 0x00007fa0be602850 StackOverflowError at 0x00007fa130375690
Event: 1691,146 Thread 0x00007fa0be602850 Exception <a 'java/lang/StackOverflowError'{0x0000000715aa9540}> (0x0000000715aa9540) 
thrown [/usr/src/debug/java-openjdk/jdk26u-jdk-26.0.2-10/src/hotspot/share/runtime/sharedRuntime.cpp, line 732]
Event: 1691,146 Thread 0x00007fa0be602850 StackOverflowError at 0x00007fa12f8c8110
Event: 1691,147 Thread 0x00007fa0be602850 Exception <a 'java/lang/StackOverflowError'{0x0000000715aaeb68}> (0x0000000715aaeb68) 
thrown [/usr/src/debug/java-openjdk/jdk26u-jdk-26.0.2-10/src/hotspot/share/runtime/sharedRuntime.cpp, line 732]
Event: 1691,154 Thread 0x00007fa0be602850 StackOverflowError at 0x00007fa130375690
Event: 1691,154 Thread 0x00007fa0be602850 Exception <a 'java/lang/StackOverflowError'{0x000000071580d740}> (0x000000071580d740) 
thrown [/usr/src/debug/java-openjdk/jdk26u-jdk-26.0.2-10/src/hotspot/share/runtime/sharedRuntime.cpp, line 732]
Event: 1691,154 Thread 0x00007fa0be602850 StackOverflowError at 0x00007fa12f8c8110
Event: 1691,154 Thread 0x00007fa0be602850 Exception <a 'java/lang/StackOverflowError'{0x0000000715812d68}> (0x0000000715812d68) 
thrown [/usr/src/debug/java-openjdk/jdk26u-jdk-26.0.2-10/src/hotspot/share/runtime/sharedRuntime.cpp, line 732]
Event: 1691,168 Thread 0x00007fa0be602850 StackOverflowError at 0x00007fa130375690
Event: 1691,168 Thread 0x00007fa0be602850 Exception <a 'java/lang/StackOverflowError'{0x0000000715971c88}> (0x0000000715971c88) 
thrown [/usr/src/debug/java-openjdk/jdk26u-jdk-26.0.2-10/src/hotspot/share/runtime/sharedRuntime.cpp, line 732]
Event: 1691,169 Thread 0x00007fa0be602850 StackOverflowError at 0x00007fa12f8c8110
Event: 1691,169 Thread 0x00007fa0be602850 Exception <a 'java/lang/StackOverflowError'{0x00000007159772b0}> (0x00000007159772b0) 
thrown [/usr/src/debug/java-openjdk/jdk26u-jdk-26.0.2-10/src/hotspot/share/runtime/sharedRuntime.cpp, line 732]
Event: 1691,182 Thread 0x00007fa0be602850 StackOverflowError at 0x00007fa130375690
Event: 1691,182 Thread 0x00007fa0be602850 Exception <a 'java/lang/StackOverflowError'{0x00000007156d5ca8}> (0x00000007156d5ca8) 
thrown [/usr/src/debug/java-openjdk/jdk26u-jdk-26.0.2-10/src/hotspot/share/runtime/sharedRuntime.cpp, line 732]
Event: 1691,183 Thread 0x00007fa0be602850 StackOverflowError at 0x00007fa12f8c8110
Event: 1691,183 Thread 0x00007fa0be602850 Exception <a 'java/lang/StackOverflowError'{0x00000007157b4858}> (0x00000007157b4858) 
thrown [/usr/src/debug/java-openjdk/jdk26u-jdk-26.0.2-10/src/hotspot/share/runtime/sharedRuntime.cpp, line 732]
Event: 1691,274 Thread 0x00007fa0be602850 StackOverflowError at 0x00007fa130375690
Event: 1691,274 Thread 0x00007fa0be602850 Exception <a 'java/lang/StackOverflowError'{0x0000000714c5e850}> (0x0000000714c5e850) 
thrown [/usr/src/debug/java-openjdk/jdk26u-jdk-26.0.2-10/src/hotspot/share/runtime/sharedRuntime.cpp, line 732]
Event: 1691,274 Thread 0x00007fa0be602850 StackOverflowError at 0x00007fa12f8c8110
Event: 1691,274 Thread 0x00007fa0be602850 Exception <a 'java/lang/StackOverflowError'{0x0000000714c63e78}> (0x0000000714c63e78) 
thrown [/usr/src/debug/java-openjdk/jdk26u-jdk-26.0.2-10/src/hotspot/share/runtime/sharedRuntime.cpp, line 732]

VM Operations (20 events):
Event: 1684,229 Executing safepoint VM operation: G1CollectForAllocation (G1 Evacuation Pause)
Event: 1684,237 Executing safepoint VM operation: G1CollectForAllocation (G1 Evacuation Pause) done
Event: 1684,408 Executing safepoint VM operation: G1PauseRemark
Event: 1684,412 Executing safepoint VM operation: G1PauseRemark done
Event: 1684,443 Executing safepoint VM operation: G1PauseCleanup
Event: 1684,443 Executing safepoint VM operation: G1PauseCleanup done
Event: 1686,306 Executing safepoint VM operation: G1CollectForAllocation (G1 Evacuation Pause)
Event: 1686,313 Executing safepoint VM operation: G1CollectForAllocation (G1 Evacuation Pause) done
Event: 1691,479 Executing safepoint VM operation: G1CollectForAllocation (G1 Evacuation Pause)
Event: 1691,496 Executing safepoint VM operation: G1CollectForAllocation (G1 Evacuation Pause) done
Event: 1696,324 Executing safepoint VM operation: G1CollectForAllocation (G1 Evacuation Pause)
Event: 1696,332 Executing safepoint VM operation: G1CollectForAllocation (G1 Evacuation Pause) done
Event: 1696,506 Executing safepoint VM operation: G1PauseRemark
Event: 1696,515 Executing safepoint VM operation: G1PauseRemark done
Event: 1696,544 Executing safepoint VM operation: G1PauseCleanup
Event: 1696,544 Executing safepoint VM operation: G1PauseCleanup done
Event: 1701,515 Executing safepoint VM operation: G1CollectForAllocation (G1 Evacuation Pause)
Event: 1701,527 Executing safepoint VM operation: G1CollectForAllocation (G1 Evacuation Pause) done
Event: 1702,638 Executing safepoint VM operation: G1CollectForAllocation (G1 Evacuation Pause)
Event: 1702,651 Executing safepoint VM operation: G1CollectForAllocation (G1 Evacuation Pause) done

Memory protections (20 events):
Event: 1691,147 Protecting memory [0x00007fa0decf9000,0x00007fa0decfc000] with protection modes 0
Event: 1691,154 Protecting memory [0x00007fa0decf9000,0x00007fa0decfc000] with protection modes 3
Event: 1691,154 Protecting memory [0x00007fa0decf9000,0x00007fa0decfc000] with protection modes 0
Event: 1691,154 Protecting memory [0x00007fa0decf9000,0x00007fa0decfc000] with protection modes 3
Event: 1691,154 Protecting memory [0x00007fa0decf9000,0x00007fa0decfc000] with protection modes 0
Event: 1691,168 Protecting memory [0x00007fa0decf9000,0x00007fa0decfc000] with protection modes 3
Event: 1691,168 Protecting memory [0x00007fa0decf9000,0x00007fa0decfc000] with protection modes 0
Event: 1691,169 Protecting memory [0x00007fa0decf9000,0x00007fa0decfc000] with protection modes 3
Event: 1691,169 Protecting memory [0x00007fa0decf9000,0x00007fa0decfc000] with protection modes 0
Event: 1691,182 Protecting memory [0x00007fa0decf9000,0x00007fa0decfc000] with protection modes 3
Event: 1691,182 Protecting memory [0x00007fa0decf9000,0x00007fa0decfc000] with protection modes 0
Event: 1691,183 Protecting memory [0x00007fa0decf9000,0x00007fa0decfc000] with protection modes 3
Event: 1691,183 Protecting memory [0x00007fa0decf9000,0x00007fa0decfc000] with protection modes 0
Event: 1691,274 Protecting memory [0x00007fa0decf9000,0x00007fa0decfc000] with protection modes 3
Event: 1691,274 Protecting memory [0x00007fa0decf9000,0x00007fa0decfc000] with protection modes 0
Event: 1691,274 Protecting memory [0x00007fa0decf9000,0x00007fa0decfc000] with protection modes 3
Event: 1691,274 Protecting memory [0x00007fa0decf9000,0x00007fa0decfc000] with protection modes 0
Event: 1692,031 Protecting memory [0x00007fa0decf8000,0x00007fa0decfc000] with protection modes 0
Event: 1701,004 Protecting memory [0x00007fa0decf8000,0x00007fa0decfc000] with protection modes 0
Event: 1702,676 Protecting memory [0x00007fa0decf8000,0x00007fa0decfc000] with protection modes 0

Nmethod flushes (20 events):
Event: 1657,052 Thread 0x00007fa1400ee0a0 flushing  nmethod 0x00007fa130773788
Event: 1657,052 Thread 0x00007fa1400ee0a0 flushing  nmethod 0x00007fa128348988
Event: 1657,052 Thread 0x00007fa1400ee0a0 flushing  nmethod 0x00007fa1284d4788
Event: 1657,052 Thread 0x00007fa1400ee0a0 flushing  nmethod 0x00007fa1292a7c08
Event: 1657,052 Thread 0x00007fa1400ee0a0 flushing  nmethod 0x00007fa128512508
Event: 1670,998 Thread 0x00007fa1400ee0a0 flushing  nmethod 0x00007fa127ed1088
Event: 1670,998 Thread 0x00007fa1400ee0a0 flushing  nmethod 0x00007fa128459508
Event: 1670,999 Thread 0x00007fa1400ee0a0 flushing  nmethod 0x00007fa12f9f7008
Event: 1684,412 Thread 0x00007fa1400ee0a0 flushing  nmethod 0x00007fa130055f08
Event: 1684,412 Thread 0x00007fa1400ee0a0 flushing  nmethod 0x00007fa13043d288
Event: 1684,412 Thread 0x00007fa1400ee0a0 flushing  nmethod 0x00007fa12fa34208
Event: 1684,412 Thread 0x00007fa1400ee0a0 flushing  nmethod 0x00007fa12ff94008
Event: 1684,412 Thread 0x00007fa1400ee0a0 flushing  nmethod 0x00007fa12f978988
Event: 1684,412 Thread 0x00007fa1400ee0a0 flushing  nmethod 0x00007fa12fb3eb88
Event: 1684,412 Thread 0x00007fa1400ee0a0 flushing  nmethod 0x00007fa129158b88
Event: 1684,412 Thread 0x00007fa1400ee0a0 flushing  nmethod 0x00007fa1281c7788
Event: 1684,412 Thread 0x00007fa1400ee0a0 flushing  nmethod 0x00007fa128259608
Event: 1684,412 Thread 0x00007fa1400ee0a0 flushing  nmethod 0x00007fa128dc4b08
Event: 1696,514 Thread 0x00007fa1400ee0a0 flushing  nmethod 0x00007fa128063088
Event: 1696,514 Thread 0x00007fa1400ee0a0 flushing  nmethod 0x00007fa129b91608

Events (20 events):
Event: 1665,119 Thread 0x00007fa0be604f50 Thread exited: 0x00007fa0be604f50
Event: 1670,698 Thread 0x00007fa1403eedf0 Thread added: 0x00007fa0be16b010
Event: 1671,841 Thread 0x00007fa0be16b010 Thread exited: 0x00007fa0be16b010
Event: 1671,912 Thread 0x00007fa1403eedf0 Thread added: 0x00007fa0be16b010
Event: 1672,809 Thread 0x00007fa0be16b010 Thread exited: 0x00007fa0be16b010
Event: 1673,632 Thread 0x00007fa1403eedf0 Thread added: 0x00007fa0be16b010
Event: 1674,629 Thread 0x00007fa0be16b010 Thread exited: 0x00007fa0be16b010
Event: 1674,687 Thread 0x00007fa1403eedf0 Thread added: 0x00007fa0be16b010
Event: 1675,603 Thread 0x00007fa0be16b010 Thread exited: 0x00007fa0be16b010
Event: 1684,027 Thread 0x00007fa1403eedf0 Thread added: 0x00007fa0be602610
Event: 1685,246 Thread 0x00007fa0be602610 Thread exited: 0x00007fa0be602610
Event: 1685,320 Thread 0x00007fa1403eedf0 Thread added: 0x00007fa0be602610
Event: 1686,280 Thread 0x00007fa0be602610 Thread exited: 0x00007fa0be602610
Event: 1690,933 Thread 0x00007fa1403eedf0 Thread added: 0x00007fa0be602850
Event: 1691,966 Thread 0x00007fa0be602850 Thread exited: 0x00007fa0be602850
Event: 1692,031 Thread 0x00007fa1403eedf0 Thread added: 0x00007fa0be602850
Event: 1692,784 Thread 0x00007fa0be602850 Thread exited: 0x00007fa0be602850
Event: 1701,004 Thread 0x00007fa1403eedf0 Thread added: 0x00007fa09920d800
Event: 1702,600 Thread 0x00007fa09920d800 Thread exited: 0x00007fa09920d800
Event: 1702,676 Thread 0x00007fa1403eedf0 Thread added: 0x00007fa09920d800


Dynamic libraries:
81000000-81001000 ---p 00000000 00:00 0 
81001000-81da7000 rw-p 00001000 00:23 2947433                            /usr/lib/jvm/java-26-openjdk/lib/server/classes.jsa
81da7000-82000000 ---p 00000000 00:00 0 
82000000-82040000 rw-p 00000000 00:00 0 
82040000-820c0000 rw-p 00000000 00:00 0 
820c0000-820e0000 rw-p 00000000 00:00 0 
820e0000-82100000 ---p 00000000 00:00 0 
82100000-82290000 rw-p 00000000 00:00 0 
82290000-c2000000 ---p 00000000 00:00 0 
70c000000-719400000 rw-p 00000000 00:00 0 
719400000-7ffc00000 ---p 00000000 00:00 0 
7ffc00000-7ffe00000 rw-p 00000000 00:00 0 
7ffe00000-800000000 ---p 00000000 00:00 0 
55f42e835000-55f42e836000 r--p 00000000 00:23 2947161                    /usr/lib/jvm/java-26-openjdk/bin/java
55f42e836000-55f42e837000 r-xp 00001000 00:23 2947161                    /usr/lib/jvm/java-26-openjdk/bin/java
55f42e837000-55f42e838000 r--p 00002000 00:23 2947161                    /usr/lib/jvm/java-26-openjdk/bin/java
55f42e838000-55f42e839000 r--p 00002000 00:23 2947161                    /usr/lib/jvm/java-26-openjdk/bin/java
55f42e839000-55f42e83a000 rw-p 00003000 00:23 2947161                    /usr/lib/jvm/java-26-openjdk/bin/java
55f465b8d000-55f469491000 rw-p 00000000 00:00 0                          [heap]
7fa088000000-7fa08bfdc000 rw-p 00000000 00:00 0 
7fa08bfdc000-7fa08c000000 ---p 00000000 00:00 0 
7fa090000000-7fa093fd8000 rw-p 00000000 00:00 0 
7fa093fd8000-7fa094000000 ---p 00000000 00:00 0 
7fa098000000-7fa09bc5f000 rw-p 00000000 00:00 0 
7fa09bc5f000-7fa09c000000 ---p 00000000 00:00 0 
7fa0a0000000-7fa0a3ffd000 rw-p 00000000 00:00 0 
7fa0a3ffd000-7fa0a4000000 ---p 00000000 00:00 0 
7fa0a444a000-7fa0a444e000 rw-s 14152e000 00:11 2111                      anon_inode:i915.gem
7fa0a444e000-7fa0a4452000 rw-s 14152a000 00:11 2111                      anon_inode:i915.gem
7fa0a4452000-7fa0a4456000 rw-s 141526000 00:11 2111                      anon_inode:i915.gem
7fa0a4456000-7fa0a445a000 rw-s 141522000 00:11 2111                      anon_inode:i915.gem
7fa0a445a000-7fa0a449a000 rw-s 1414e2000 00:11 2111                      anon_inode:i915.gem
7fa0a463a000-7fa0a463c000 rw-s 141340000 00:11 2111                      anon_inode:i915.gem
7fa0a583c000-7fa0a5e3c000 rw-s 13fb40000 00:11 2111                      anon_inode:i915.gem
7fa0a803c000-7fa0a8a3c000 rw-s 13cf40000 00:11 2111                      anon_inode:i915.gem
7fa0a943c000-7fa0a9a3c000 rw-s 13bf40000 00:11 2111                      anon_inode:i915.gem
7fa0a9e3c000-7fa0aa23c000 rw-s 13b740000 00:11 2111                      anon_inode:i915.gem
7fa0aa83c000-7fa0aac3c000 rw-s 13ad40000 00:11 2111                      anon_inode:i915.gem
7fa0ab63c000-7fa0abc3c000 rw-s 139d40000 00:11 2111                      anon_inode:i915.gem
7fa0abc3c000-7fa0ac03c000 rw-s 139940000 00:11 2111                      anon_inode:i915.gem
7fa0acc3c000-7fa0ad43c000 rw-s 138540000 00:11 2111                      anon_inode:i915.gem
7fa0ad83c000-7fa0adc3c000 rw-s 137d40000 00:11 2111                      anon_inode:i915.gem
7fa0ae03c000-7fa0ae23c000 rw-s 137740000 00:11 2111                      anon_inode:i915.gem
7fa0ae23c000-7fa0ae43c000 rw-s 137540000 00:11 2111                      anon_inode:i915.gem
7fa0ae43c000-7fa0ae63c000 rw-s 11a416000 00:11 2111                      anon_inode:i915.gem
7fa0ae63c000-7fa0ae83c000 rw-s 136d38000 00:11 2111                      anon_inode:i915.gem
7fa0ae83c000-7fa0ae83e000 rw-s 13713e000 00:11 2111                      anon_inode:i915.gem
7fa0ae83e000-7fa0ae840000 rw-s 13713c000 00:11 2111                      anon_inode:i915.gem
7fa0ae840000-7fa0aea40000 rw-s 136f3a000 00:11 2111                      anon_inode:i915.gem
7fa0aea40000-7fa0aec40000 rw-s 128436000 00:11 2111                      anon_inode:i915.gem
7fa0aec40000-7fa0aee40000 rw-s 136b38000 00:11 2111                      anon_inode:i915.gem
7fa0aee40000-7fa0af040000 rw-s 107b62000 00:11 2111                      anon_inode:i915.gem
7fa0af040000-7fa0af240000 rw-s 136738000 00:11 2111                      anon_inode:i915.gem
7fa0af240000-7fa0af440000 rw-s 136938000 00:11 2111                      anon_inode:i915.gem
7fa0af440000-7fa0af480000 rw-s 1364f8000 00:11 2111                      anon_inode:i915.gem
7fa0af480000-7fa0af4c0000 rw-s 1364b8000 00:11 2111                      anon_inode:i915.gem
7fa0af4c0000-7fa0af500000 rw-s 136478000 00:11 2111                      anon_inode:i915.gem
7fa0af500000-7fa0af540000 rw-s 136438000 00:11 2111                      anon_inode:i915.gem
7fa0af540000-7fa0af580000 rw-s 1363f8000 00:11 2111                      anon_inode:i915.gem
7fa0af580000-7fa0af5c0000 rw-s 1363b8000 00:11 2111                      anon_inode:i915.gem
7fa0af5c0000-7fa0af600000 rw-s 136378000 00:11 2111                      anon_inode:i915.gem
7fa0af600000-7fa0af800000 rw-s 136178000 00:11 2111                      anon_inode:i915.gem
7fa0af800000-7fa0af840000 rw-s 136138000 00:11 2111                      anon_inode:i915.gem
7fa0af840000-7fa0af880000 rw-s 1360f8000 00:11 2111                      anon_inode:i915.gem
7fa0af880000-7fa0afa80000 rw-s 135ef8000 00:11 2111                      anon_inode:i915.gem
7fa0afa80000-7fa0afc80000 rw-s 135cf8000 00:11 2111                      anon_inode:i915.gem
7fa0afc80000-7fa0afe80000 rw-s 135af8000 00:11 2111                      anon_inode:i915.gem
7fa0afe80000-7fa0b0080000 rw-s 1358f8000 00:11 2111                      anon_inode:i915.gem
7fa0b0080000-7fa0b0280000 rw-s 1356f8000 00:11 2111                      anon_inode:i915.gem
7fa0b0280000-7fa0b02c0000 rw-s 1356b8000 00:11 2111                      anon_inode:i915.gem
7fa0b02c0000-7fa0b0300000 rw-s 135678000 00:11 2111                      anon_inode:i915.gem
7fa0b0300000-7fa0b0340000 rw-s 135638000 00:11 2111                      anon_inode:i915.gem
7fa0b0340000-7fa0b0380000 rw-s 1355f8000 00:11 2111                      anon_inode:i915.gem
7fa0b0380000-7fa0b03c0000 rw-s 1355b8000 00:11 2111                      anon_inode:i915.gem
7fa0b03c0000-7fa0b05c0000 rw-s 1353b8000 00:11 2111                      anon_inode:i915.gem
7fa0b05c0000-7fa0b05c8000 rw-s 1353b0000 00:11 2111                      anon_inode:i915.gem
7fa0b05c8000-7fa0b05cc000 rw-s 1353ac000 00:11 2111                      anon_inode:i915.gem
7fa0b05cc000-7fa0b05d4000 rw-s 1353a4000 00:11 2111                      anon_inode:i915.gem
7fa0b05d4000-7fa0b05d8000 rw-s 1353a0000 00:11 2111                      anon_inode:i915.gem
7fa0b05d8000-7fa0b05dc000 rw-s 13539c000 00:11 2111                      anon_inode:i915.gem
7fa0b05dc000-7fa0b05e0000 rw-s 135398000 00:11 2111                      anon_inode:i915.gem
7fa0b05e0000-7fa0b05e4000 rw-s 135394000 00:11 2111                      anon_inode:i915.gem
7fa0b05e4000-7fa0b05ec000 rw-s 13538c000 00:11 2111                      anon_inode:i915.gem
7fa0b05ec000-7fa0b05f4000 rw-s 135384000 00:11 2111                      anon_inode:i915.gem
7fa0b05f4000-7fa0b05fc000 rw-s 13537c000 00:11 2111                      anon_inode:i915.gem
7fa0b05fc000-7fa0b0604000 rw-s 135374000 00:11 2111                      anon_inode:i915.gem
7fa0b0604000-7fa0b060c000 rw-s 13536c000 00:11 2111                      anon_inode:i915.gem
7fa0b060c000-7fa0b0614000 rw-s 135364000 00:11 2111                      anon_inode:i915.gem
7fa0b0614000-7fa0b061c000 rw-s 13535c000 00:11 2111                      anon_inode:i915.gem
7fa0b061c000-7fa0b0624000 rw-s 135354000 00:11 2111                      anon_inode:i915.gem
7fa0b0624000-7fa0b062c000 rw-s 13534c000 00:11 2111                      anon_inode:i915.gem
7fa0b062c000-7fa0b0634000 rw-s 135344000 00:11 2111                      anon_inode:i915.gem
7fa0b0634000-7fa0b063c000 rw-s 13533c000 00:11 2111                      anon_inode:i915.gem
7fa0b063c000-7fa0b0644000 rw-s 135334000 00:11 2111                      anon_inode:i915.gem
7fa0b0644000-7fa0b064c000 rw-s 13532c000 00:11 2111                      anon_inode:i915.gem
7fa0b064c000-7fa0b0654000 rw-s 135324000 00:11 2111                      anon_inode:i915.gem
7fa0b0654000-7fa0b0658000 rw-s 135320000 00:11 2111                      anon_inode:i915.gem
7fa0b0658000-7fa0b065c000 rw-s 13531c000 00:11 2111                      anon_inode:i915.gem
7fa0b065c000-7fa0b0660000 rw-s 135318000 00:11 2111                      anon_inode:i915.gem
7fa0b0660000-7fa0b0664000 rw-s 135314000 00:11 2111                      anon_inode:i915.gem
7fa0b0664000-7fa0b0668000 rw-s 135310000 00:11 2111                      anon_inode:i915.gem
7fa0b0668000-7fa0b066c000 rw-s 13530c000 00:11 2111                      anon_inode:i915.gem
7fa0b066c000-7fa0b0674000 rw-s 135304000 00:11 2111                      anon_inode:i915.gem
7fa0b0674000-7fa0b0678000 rw-s 135300000 00:11 2111                      anon_inode:i915.gem
7fa0b0678000-7fa0b067c000 rw-s 1352fc000 00:11 2111                      anon_inode:i915.gem
7fa0b067c000-7fa0b0680000 rw-s 1352f8000 00:11 2111                      anon_inode:i915.gem
7fa0b0680000-7fa0b0684000 rw-s 1352f4000 00:11 2111                      anon_inode:i915.gem
7fa0b0684000-7fa0b0688000 rw-s 1352f0000 00:11 2111                      anon_inode:i915.gem
7fa0b0688000-7fa0b068c000 rw-s 1352ec000 00:11 2111                      anon_inode:i915.gem
7fa0b068c000-7fa0b0694000 rw-s 1352e4000 00:11 2111                      anon_inode:i915.gem
7fa0b0694000-7fa0b0698000 rw-s 1352e0000 00:11 2111                      anon_inode:i915.gem
7fa0b0698000-7fa0b069c000 rw-s 1352dc000 00:11 2111                      anon_inode:i915.gem
7fa0b069c000-7fa0b06a0000 rw-s 1352d8000 00:11 2111                      anon_inode:i915.gem
7fa0b06a0000-7fa0b06a4000 rw-s 1352d4000 00:11 2111                      anon_inode:i915.gem
7fa0b06a4000-7fa0b06ac000 rw-s 1352cc000 00:11 2111                      anon_inode:i915.gem
7fa0b06ac000-7fa0b06b0000 rw-s 1352c8000 00:11 2111                      anon_inode:i915.gem
7fa0b06b0000-7fa0b06b8000 rw-s 1352c0000 00:11 2111                      anon_inode:i915.gem
7fa0b06b8000-7fa0b06bc000 rw-s 1352bc000 00:11 2111                      anon_inode:i915.gem
7fa0b06bc000-7fa0b06c4000 rw-s 1352b4000 00:11 2111                      anon_inode:i915.gem
7fa0b06c4000-7fa0b06cc000 rw-s 1352ac000 00:11 2111                      anon_inode:i915.gem
7fa0b06cc000-7fa0b06d0000 rw-s 1352a8000 00:11 2111                      anon_inode:i915.gem
7fa0b06d0000-7fa0b06d8000 rw-s 1352a0000 00:11 2111                      anon_inode:i915.gem
7fa0b06d8000-7fa0b06e0000 rw-s 135298000 00:11 2111                      anon_inode:i915.gem
7fa0b06e0000-7fa0b06e4000 rw-s 135294000 00:11 2111                      anon_inode:i915.gem
7fa0b06e4000-7fa0b06e8000 rw-s 135290000 00:11 2111                      anon_inode:i915.gem
7fa0b06e8000-7fa0b06f0000 rw-s 135288000 00:11 2111                      anon_inode:i915.gem
7fa0b06f0000-7fa0b06f8000 rw-s 135280000 00:11 2111                      anon_inode:i915.gem
7fa0b06f8000-7fa0b06fc000 rw-s 13527c000 00:11 2111                      anon_inode:i915.gem
7fa0b06fc000-7fa0b0700000 rw-s 135278000 00:11 2111                      anon_inode:i915.gem
7fa0b0700000-7fa0b0708000 rw-s 135270000 00:11 2111                      anon_inode:i915.gem
7fa0b0708000-7fa0b070c000 rw-s 13526c000 00:11 2111                      anon_inode:i915.gem
7fa0b070c000-7fa0b0714000 rw-s 135264000 00:11 2111                      anon_inode:i915.gem
7fa0b0714000-7fa0b0754000 rw-s 135224000 00:11 2111                      anon_inode:i915.gem
7fa0b0754000-7fa0b0794000 rw-s 1351e4000 00:11 2111                      anon_inode:i915.gem
7fa0b0794000-7fa0b07d4000 rw-s 1351a4000 00:11 2111                      anon_inode:i915.gem
7fa0b07d4000-7fa0b0dd4000 rw-s 134ba4000 00:11 2111                      anon_inode:i915.gem
7fa0b0dd4000-7fa0b13d4000 rw-s 1345a4000 00:11 2111                      anon_inode:i915.gem
7fa0b13d4000-7fa0b19d4000 rw-s 133fa4000 00:11 2111                      anon_inode:i915.gem
7fa0b19d4000-7fa0b1dd4000 rw-s 133ba4000 00:11 2111                      anon_inode:i915.gem
7fa0b1dd4000-7fa0b21d4000 rw-s 1337a4000 00:11 2111                      anon_inode:i915.gem
7fa0b21d4000-7fa0b25d4000 rw-s 1333a4000 00:11 2111                      anon_inode:i915.gem
7fa0b25d4000-7fa0b29d4000 rw-s 132fa4000 00:11 2111                      anon_inode:i915.gem
7fa0b29d4000-7fa0b2dd4000 rw-s 132ba4000 00:11 2111                      anon_inode:i915.gem
7fa0b2dd4000-7fa0b31d4000 rw-s 1327a4000 00:11 2111                      anon_inode:i915.gem
7fa0b31d4000-7fa0b35d4000 rw-s 1323a4000 00:11 2111                      anon_inode:i915.gem
7fa0b35d4000-7fa0b3bd4000 rw-s 131da4000 00:11 2111                      anon_inode:i915.gem
7fa0b3bd4000-7fa0b45d4000 rw-s 1313a4000 00:11 2111                      anon_inode:i915.gem
7fa0b45d4000-7fa0b47d4000 rw-s 1311a4000 00:11 2111                      anon_inode:i915.gem
7fa0b47d4000-7fa0b49d4000 rw-s 130fa4000 00:11 2111                      anon_inode:i915.gem
7fa0b49d4000-7fa0b4bd4000 rw-s 130da4000 00:11 2111                      anon_inode:i915.gem
7fa0b4bd4000-7fa0b4dd4000 rw-s 130ba4000 00:11 2111                      anon_inode:i915.gem
7fa0b4dd4000-7fa0b4fd4000 rw-s 1309a4000 00:11 2111                      anon_inode:i915.gem
7fa0b4fd4000-7fa0b51d4000 rw-s 1307a4000 00:11 2111                      anon_inode:i915.gem
7fa0b51d4000-7fa0b53d4000 rw-s 1305a4000 00:11 2111                      anon_inode:i915.gem
7fa0b53d4000-7fa0b55d4000 rw-s 1303a4000 00:11 2111                      anon_inode:i915.gem
7fa0b55d4000-7fa0b57d4000 rw-s 1301a4000 00:11 2111                      anon_inode:i915.gem
7fa0b57d4000-7fa0b59d4000 rw-s 12ffa4000 00:11 2111                      anon_inode:i915.gem
7fa0b59d4000-7fa0b5bd4000 rw-s 12fda4000 00:11 2111                      anon_inode:i915.gem
7fa0b5bd4000-7fa0b5dd4000 rw-s 12fba4000 00:11 2111                      anon_inode:i915.gem
7fa0b5dd4000-7fa0b5fd4000 rw-s 12f9a4000 00:11 2111                      anon_inode:i915.gem
7fa0b5fd4000-7fa0b61d4000 rw-s 12f7a4000 00:11 2111                      anon_inode:i915.gem
7fa0b61d4000-7fa0b63d4000 rw-s 12f5a4000 00:11 2111                      anon_inode:i915.gem
7fa0b63d4000-7fa0b65d4000 rw-s 12f3a4000 00:11 2111                      anon_inode:i915.gem
7fa0b65d4000-7fa0b67d4000 rw-s 12f1a4000 00:11 2111                      anon_inode:i915.gem
7fa0b67d4000-7fa0b69d4000 rw-s 12efa4000 00:11 2111                      anon_inode:i915.gem
7fa0b69d4000-7fa0b6a14000 rw-s 12ef54000 00:11 2111                      anon_inode:i915.gem
7fa0b6a14000-7fa0b6a54000 rw-s 12ef14000 00:11 2111                      anon_inode:i915.gem
7fa0b6a54000-7fa0b6c54000 rw-s 12ed14000 00:11 2111                      anon_inode:i915.gem
7fa0b6c54000-7fa0b6e54000 rw-s 12eb14000 00:11 2111                      anon_inode:i915.gem
7fa0b6e54000-7fa0b7054000 rw-s 12e914000 00:11 2111                      anon_inode:i915.gem
7fa0b7054000-7fa0b7254000 rw-s 12e714000 00:11 2111                      anon_inode:i915.gem
7fa0b7254000-7fa0b7454000 rw-s 12e514000 00:11 2111                      anon_inode:i915.gem
7fa0b7454000-7fa0b7654000 rw-s 12e314000 00:11 2111                      anon_inode:i915.gem
7fa0b7654000-7fa0b7854000 rw-s 12e114000 00:11 2111                      anon_inode:i915.gem
7fa0b7854000-7fa0b7894000 rw-s 12e0d4000 00:11 2111                      anon_inode:i915.gem
7fa0b7894000-7fa0b78d4000 rw-s 12e094000 00:11 2111                      anon_inode:i915.gem
7fa0b78d4000-7fa0b7914000 rw-s 12e054000 00:11 2111                      anon_inode:i915.gem
7fa0b7914000-7fa0b7954000 rw-s 12e014000 00:11 2111                      anon_inode:i915.gem
7fa0b7954000-7fa0b7994000 rw-s 12dfd4000 00:11 2111                      anon_inode:i915.gem
7fa0b7994000-7fa0b7b94000 rw-s 12ddd4000 00:11 2111                      anon_inode:i915.gem
7fa0b7b94000-7fa0b7d94000 rw-s 12dbd4000 00:11 2111                      anon_inode:i915.gem
7fa0b7d94000-7fa0b7f94000 rw-s 12d9d4000 00:11 2111                      anon_inode:i915.gem
7fa0b7f94000-7fa0b7fd4000 rw-s 12d994000 00:11 2111                      anon_inode:i915.gem
7fa0b7fd4000-7fa0b8014000 rw-s 12d954000 00:11 2111                      anon_inode:i915.gem
7fa0b8014000-7fa0b8054000 rw-s 12d914000 00:11 2111                      anon_inode:i915.gem
7fa0b8054000-7fa0b8094000 rw-s 12d8d4000 00:11 2111                      anon_inode:i915.gem
7fa0b8094000-7fa0b8294000 rw-s 12d6d4000 00:11 2111                      anon_inode:i915.gem
7fa0b8294000-7fa0b82d4000 rw-s 12d694000 00:11 2111                      anon_inode:i915.gem
7fa0b82d4000-7fa0b8314000 rw-s 12d654000 00:11 2111                      anon_inode:i915.gem
7fa0b8314000-7fa0b8354000 rw-s 12d614000 00:11 2111                      anon_inode:i915.gem
7fa0b8354000-7fa0b8394000 rw-s 12d5d4000 00:11 2111                      anon_inode:i915.gem
7fa0b8394000-7fa0b83d4000 rw-s 12d594000 00:11 2111                      anon_inode:i915.gem
7fa0b83d4000-7fa0b89d4000 rw-s 12cf94000 00:11 2111                      anon_inode:i915.gem
7fa0b89d4000-7fa0b8dd4000 rw-s 12cb94000 00:11 2111                      anon_inode:i915.gem
7fa0b8dd4000-7fa0b91d4000 rw-s 12c794000 00:11 2111                      anon_inode:i915.gem
7fa0b91d4000-7fa0b9214000 rw-s 12c754000 00:11 2111                      anon_inode:i915.gem
7fa0b9214000-7fa0b9254000 rw-s 12c714000 00:11 2111                      anon_inode:i915.gem
7fa0b9254000-7fa0b9294000 rw-s 12c6d4000 00:11 2111                      anon_inode:i915.gem
7fa0b9294000-7fa0b92d4000 rw-s 12c694000 00:11 2111                      anon_inode:i915.gem
7fa0b92d4000-7fa0b9314000 rw-s 12c654000 00:11 2111                      anon_inode:i915.gem
7fa0b9314000-7fa0b9354000 rw-s 12c614000 00:11 2111                      anon_inode:i915.gem
7fa0b9354000-7fa0b9394000 rw-s 12c5d4000 00:11 2111                      anon_inode:i915.gem
7fa0b9394000-7fa0b93d4000 rw-s 12c594000 00:11 2111                      anon_inode:i915.gem
7fa0b93d4000-7fa0b9414000 rw-s 12c554000 00:11 2111                      anon_inode:i915.gem
7fa0b9414000-7fa0b9614000 rw-s 12c354000 00:11 2111                      anon_inode:i915.gem
7fa0b9614000-7fa0b9814000 rw-s 12c154000 00:11 2111                      anon_inode:i915.gem
7fa0b9814000-7fa0b9854000 rw-s 12c114000 00:11 2111                      anon_inode:i915.gem
7fa0b9854000-7fa0b9c54000 rw-s 12bd14000 00:11 2111                      anon_inode:i915.gem
7fa0b9c54000-7fa0b9c5c000 rw-s 12bd0c000 00:11 2111                      anon_inode:i915.gem
7fa0b9c5c000-7fa0b9c64000 rw-s 12bd04000 00:11 2111                      anon_inode:i915.gem
7fa0b9c64000-7fa0b9c6c000 rw-s 12bcfc000 00:11 2111                      anon_inode:i915.gem
7fa0b9c6c000-7fa0b9c70000 rw-s 12bcf8000 00:11 2111                      anon_inode:i915.gem
7fa0b9c70000-7fa0b9c74000 rw-s 12bcf4000 00:11 2111                      anon_inode:i915.gem
7fa0b9c74000-7fa0b9c7c000 rw-s 12bcec000 00:11 2111                      anon_inode:i915.gem
7fa0b9c7c000-7fa0b9c84000 rw-s 12bce4000 00:11 2111                      anon_inode:i915.gem
7fa0b9c84000-7fa0b9c88000 rw-s 12bce0000 00:11 2111                      anon_inode:i915.gem
7fa0b9c88000-7fa0b9c90000 rw-s 12bcd8000 00:11 2111                      anon_inode:i915.gem
7fa0b9c90000-7fa0b9c98000 rw-s 12bcd0000 00:11 2111                      anon_inode:i915.gem
7fa0b9c98000-7fa0b9ca0000 rw-s 12bcc8000 00:11 2111                      anon_inode:i915.gem
7fa0b9ca0000-7fa0b9ca8000 rw-s 12bcc0000 00:11 2111                      anon_inode:i915.gem
7fa0b9ca8000-7fa0b9cb0000 rw-s 12bcb8000 00:11 2111                      anon_inode:i915.gem
7fa0b9cb0000-7fa0b9cb8000 rw-s 12bcb0000 00:11 2111                      anon_inode:i915.gem
7fa0b9cb8000-7fa0b9cc0000 rw-s 12bca8000 00:11 2111                      anon_inode:i915.gem
7fa0b9cc0000-7fa0b9cc8000 rw-s 12bca0000 00:11 2111                      anon_inode:i915.gem
7fa0b9cc8000-7fa0b9cd0000 rw-s 12bc98000 00:11 2111                      anon_inode:i915.gem
7fa0b9cd0000-7fa0b9cd8000 rw-s 12bc90000 00:11 2111                      anon_inode:i915.gem
7fa0b9cd8000-7fa0b9ce0000 rw-s 12bc88000 00:11 2111                      anon_inode:i915.gem
7fa0b9ce0000-7fa0b9ce8000 rw-s 12bc80000 00:11 2111                      anon_inode:i915.gem
7fa0b9ce8000-7fa0b9cf0000 rw-s 12bc78000 00:11 2111                      anon_inode:i915.gem
7fa0b9cf0000-7fa0b9cf8000 rw-s 12bc70000 00:11 2111                      anon_inode:i915.gem
7fa0b9cf8000-7fa0b9cfc000 rw-s 12bc6c000 00:11 2111                      anon_inode:i915.gem
7fa0b9cfc000-7fa0b9d00000 rw-s 12bc68000 00:11 2111                      anon_inode:i915.gem
7fa0b9d00000-7fa0b9d04000 rw-s 12bc64000 00:11 2111                      anon_inode:i915.gem
7fa0b9d04000-7fa0b9d08000 rw-s 12bc60000 00:11 2111                      anon_inode:i915.gem
7fa0b9d08000-7fa0b9d0c000 rw-s 12bc5c000 00:11 2111                      anon_inode:i915.gem
7fa0b9d0c000-7fa0b9d10000 rw-s 12bc58000 00:11 2111                      anon_inode:i915.gem
7fa0b9d10000-7fa0b9d14000 rw-s 12bc54000 00:11 2111                      anon_inode:i915.gem
7fa0b9d14000-7fa0b9d1c000 rw-s 12bc4c000 00:11 2111                      anon_inode:i915.gem
7fa0b9d1c000-7fa0b9d24000 rw-s 12bc44000 00:11 2111                      anon_inode:i915.gem
7fa0b9d24000-7fa0b9d2c000 rw-s 12bc3c000 00:11 2111                      anon_inode:i915.gem
7fa0b9d2c000-7fa0b9d34000 rw-s 12bc34000 00:11 2111                      anon_inode:i915.gem
7fa0b9d34000-7fa0b9d3c000 rw-s 12bc2c000 00:11 2111                      anon_inode:i915.gem
7fa0b9d3c000-7fa0b9d44000 rw-s 12bc24000 00:11 2111                      anon_inode:i915.gem
7fa0b9d44000-7fa0b9d4c000 rw-s 12bc1c000 00:11 2111                      anon_inode:i915.gem
7fa0b9d4c000-7fa0b9d54000 rw-s 12bc14000 00:11 2111                      anon_inode:i915.gem
7fa0b9d54000-7fa0b9d5c000 rw-s 12bc0c000 00:11 2111                      anon_inode:i915.gem
7fa0b9d5c000-7fa0b9d64000 rw-s 12bc04000 00:11 2111                      anon_inode:i915.gem
7fa0b9d64000-7fa0b9d68000 rw-s 12bc00000 00:11 2111                      anon_inode:i915.gem
7fa0b9d68000-7fa0b9d6c000 rw-s 12bbfc000 00:11 2111                      anon_inode:i915.gem
7fa0b9d6c000-7fa0b9d74000 rw-s 12bbf4000 00:11 2111                      anon_inode:i915.gem
7fa0b9d74000-7fa0b9d78000 rw-s 1248a2000 00:11 2111                      anon_inode:i915.gem
7fa0b9d78000-7fa0b9d7c000 rw-s 12489e000 00:11 2111                      anon_inode:i915.gem
7fa0b9d7c000-7fa0b9d84000 rw-s 124896000 00:11 2111                      anon_inode:i915.gem
7fa0b9d84000-7fa0b9d88000 rw-s 124892000 00:11 2111                      anon_inode:i915.gem
7fa0b9d88000-7fa0b9d8c000 rw-s 12488e000 00:11 2111                      anon_inode:i915.gem
7fa0b9d8c000-7fa0b9d94000 rw-s 124886000 00:11 2111                      anon_inode:i915.gem
7fa0b9d94000-7fa0b9d98000 rw-s 124882000 00:11 2111                      anon_inode:i915.gem
7fa0b9d98000-7fa0b9d9c000 rw-s 12487e000 00:11 2111                      anon_inode:i915.gem
7fa0b9d9c000-7fa0b9da4000 rw-s 124876000 00:11 2111                      anon_inode:i915.gem
7fa0b9da4000-7fa0b9da8000 rw-s 124872000 00:11 2111                      anon_inode:i915.gem
7fa0b9da8000-7fa0b9db0000 rw-s 12486a000 00:11 2111                      anon_inode:i915.gem
7fa0b9db0000-7fa0b9db8000 rw-s 124862000 00:11 2111                      anon_inode:i915.gem
7fa0b9db8000-7fa0b9dc0000 rw-s 12485a000 00:11 2111                      anon_inode:i915.gem
7fa0b9dc0000-7fa0b9dc8000 rw-s 124852000 00:11 2111                      anon_inode:i915.gem
7fa0b9dc8000-7fa0b9dd0000 rw-s 12484a000 00:11 2111                      anon_inode:i915.gem
7fa0b9dd0000-7fa0b9dd8000 rw-s 124842000 00:11 2111                      anon_inode:i915.gem
7fa0b9dd8000-7fa0b9de0000 rw-s 12483a000 00:11 2111                      anon_inode:i915.gem
7fa0b9de0000-7fa0b9de8000 rw-s 124832000 00:11 2111                      anon_inode:i915.gem
7fa0b9de8000-7fa0b9df0000 rw-s 12482a000 00:11 2111                      anon_inode:i915.gem
7fa0b9df0000-7fa0b9df8000 rw-s 124822000 00:11 2111                      anon_inode:i915.gem
7fa0b9df8000-7fa0b9e00000 rw-s 12481a000 00:11 2111                      anon_inode:i915.gem
7fa0b9e00000-7fa0b9e08000 rw-s 124812000 00:11 2111                      anon_inode:i915.gem
7fa0b9e08000-7fa0b9e10000 rw-s 12480a000 00:11 2111                      anon_inode:i915.gem
7fa0b9e10000-7fa0b9e50000 rw-s 1247ca000 00:11 2111                      anon_inode:i915.gem
7fa0b9e50000-7fa0b9e90000 rw-s 12478a000 00:11 2111                      anon_inode:i915.gem
7fa0b9e90000-7fa0ba090000 rw-s 12b9f4000 00:11 2111                      anon_inode:i915.gem
7fa0ba090000-7fa0ba0d0000 rw-s 12474a000 00:11 2111                      anon_inode:i915.gem
7fa0ba0d0000-7fa0ba110000 rw-s 12470a000 00:11 2111                      anon_inode:i915.gem
7fa0ba110000-7fa0ba150000 rw-s 1246ca000 00:11 2111                      anon_inode:i915.gem
7fa0ba150000-7fa0ba350000 rw-s 12b7f4000 00:11 2111                      anon_inode:i915.gem
7fa0ba350000-7fa0ba550000 rw-s 1244ca000 00:11 2111                      anon_inode:i915.gem
7fa0ba550000-7fa0ba558000 rw-s 1244c2000 00:11 2111                      anon_inode:i915.gem
7fa0ba558000-7fa0ba560000 rw-s 1244ba000 00:11 2111                      anon_inode:i915.gem
7fa0ba560000-7fa0ba568000 rw-s 1244b2000 00:11 2111                      anon_inode:i915.gem
7fa0ba568000-7fa0ba570000 rw-s 1244aa000 00:11 2111                      anon_inode:i915.gem
7fa0ba570000-7fa0ba578000 rw-s 1244a2000 00:11 2111                      anon_inode:i915.gem
7fa0ba578000-7fa0ba580000 rw-s 12449a000 00:11 2111                      anon_inode:i915.gem
7fa0ba580000-7fa0ba588000 rw-s 124492000 00:11 2111                      anon_inode:i915.gem
7fa0ba588000-7fa0ba590000 rw-s 12448a000 00:11 2111                      anon_inode:i915.gem
7fa0ba590000-7fa0ba598000 rw-s 124482000 00:11 2111                      anon_inode:i915.gem
7fa0ba598000-7fa0ba5a0000 rw-s 12447a000 00:11 2111                      anon_inode:i915.gem
7fa0ba5a0000-7fa0ba5a8000 rw-s 124472000 00:11 2111                      anon_inode:i915.gem
7fa0ba5a8000-7fa0ba5b0000 rw-s 12446a000 00:11 2111                      anon_inode:i915.gem
7fa0ba5b0000-7fa0ba5b8000 rw-s 124462000 00:11 2111                      anon_inode:i915.gem
7fa0ba5b8000-7fa0ba5c0000 rw-s 12445a000 00:11 2111                      anon_inode:i915.gem
7fa0ba5c0000-7fa0ba5c8000 rw-s 124452000 00:11 2111                      anon_inode:i915.gem
7fa0ba5c8000-7fa0ba5d0000 rw-s 12444a000 00:11 2111                      anon_inode:i915.gem
7fa0ba5d0000-7fa0ba5d8000 rw-s 124442000 00:11 2111                      anon_inode:i915.gem
7fa0ba5d8000-7fa0ba5e0000 rw-s 12443a000 00:11 2111                      anon_inode:i915.gem
7fa0ba5e0000-7fa0ba5e8000 rw-s 124432000 00:11 2111                      anon_inode:i915.gem
7fa0ba5e8000-7fa0ba5f0000 rw-s 12442a000 00:11 2111                      anon_inode:i915.gem
7fa0ba5f0000-7fa0ba5f8000 rw-s 124422000 00:11 2111                      anon_inode:i915.gem
7fa0ba5f8000-7fa0ba600000 rw-s 12441a000 00:11 2111                      anon_inode:i915.gem
7fa0ba600000-7fa0ba608000 rw-s 124412000 00:11 2111                      anon_inode:i915.gem
7fa0ba608000-7fa0ba610000 rw-s 12440a000 00:11 2111                      anon_inode:i915.gem
7fa0ba610000-7fa0ba618000 rw-s 124402000 00:11 2111                      anon_inode:i915.gem
7fa0ba618000-7fa0ba620000 rw-s 1243fa000 00:11 2111                      anon_inode:i915.gem
7fa0ba620000-7fa0ba628000 rw-s 1243f2000 00:11 2111                      anon_inode:i915.gem
7fa0ba628000-7fa0ba630000 rw-s 1243ea000 00:11 2111                      anon_inode:i915.gem
7fa0ba630000-7fa0ba638000 rw-s 1243e2000 00:11 2111                      anon_inode:i915.gem
7fa0ba638000-7fa0ba640000 rw-s 1243da000 00:11 2111                      anon_inode:i915.gem
7fa0ba640000-7fa0ba648000 rw-s 1243d2000 00:11 2111                      anon_inode:i915.gem
7fa0ba648000-7fa0ba650000 rw-s 1243ca000 00:11 2111                      anon_inode:i915.gem
7fa0ba650000-7fa0ba658000 rw-s 1243c2000 00:11 2111                      anon_inode:i915.gem
7fa0ba658000-7fa0ba660000 rw-s 1243ba000 00:11 2111                      anon_inode:i915.gem
7fa0ba660000-7fa0ba668000 rw-s 1243b2000 00:11 2111                      anon_inode:i915.gem
7fa0ba668000-7fa0ba670000 rw-s 1243aa000 00:11 2111                      anon_inode:i915.gem
7fa0ba670000-7fa0ba678000 rw-s 1243a2000 00:11 2111                      anon_inode:i915.gem
7fa0ba678000-7fa0ba680000 rw-s 12439a000 00:11 2111                      anon_inode:i915.gem
7fa0ba680000-7fa0ba688000 rw-s 124392000 00:11 2111                      anon_inode:i915.gem
7fa0ba688000-7fa0ba690000 rw-s 12438a000 00:11 2111                      anon_inode:i915.gem
7fa0ba690000-7fa0ba694000 rw-s 124386000 00:11 2111                      anon_inode:i915.gem
7fa0ba694000-7fa0ba698000 rw-s 124382000 00:11 2111                      anon_inode:i915.gem
7fa0ba698000-7fa0ba69c000 rw-s 12437e000 00:11 2111                      anon_inode:i915.gem
7fa0ba69c000-7fa0ba6a4000 rw-s 124376000 00:11 2111                      anon_inode:i915.gem
7fa0ba6a4000-7fa0ba6a8000 rw-s 124372000 00:11 2111                      anon_inode:i915.gem
7fa0ba6a8000-7fa0ba6b0000 rw-s 12436a000 00:11 2111                      anon_inode:i915.gem
7fa0ba6b0000-7fa0ba6b4000 rw-s 124366000 00:11 2111                      anon_inode:i915.gem
7fa0ba6b4000-7fa0ba6b8000 rw-s 124362000 00:11 2111                      anon_inode:i915.gem
7fa0ba6b8000-7fa0ba6bc000 rw-s 12435e000 00:11 2111                      anon_inode:i915.gem
7fa0ba6bc000-7fa0ba6c0000 rw-s 12435a000 00:11 2111                      anon_inode:i915.gem
7fa0ba6c0000-7fa0ba6c4000 rw-s 124356000 00:11 2111                      anon_inode:i915.gem
7fa0ba6c4000-7fa0ba6cc000 rw-s 12434e000 00:11 2111                      anon_inode:i915.gem
7fa0ba6cc000-7fa0ba6d4000 rw-s 124346000 00:11 2111                      anon_inode:i915.gem
7fa0ba6d4000-7fa0ba6dc000 rw-s 12433e000 00:11 2111                      anon_inode:i915.gem
7fa0ba6dc000-7fa0ba71c000 rw-s 1242fe000 00:11 2111                      anon_inode:i915.gem
7fa0ba71c000-7fa0ba75c000 rw-s 1242be000 00:11 2111                      anon_inode:i915.gem
7fa0ba75c000-7fa0ba79c000 rw-s 12427e000 00:11 2111                      anon_inode:i915.gem
7fa0ba79c000-7fa0ba7dc000 rw-s 12423e000 00:11 2111                      anon_inode:i915.gem
7fa0ba7dc000-7fa0ba7e4000 rw-s 124236000 00:11 2111                      anon_inode:i915.gem
7fa0ba7e4000-7fa0ba7ec000 rw-s 12422e000 00:11 2111                      anon_inode:i915.gem
7fa0ba7ec000-7fa0ba7f4000 rw-s 124226000 00:11 2111                      anon_inode:i915.gem
7fa0ba7f4000-7fa0ba7fc000 rw-s 12421e000 00:11 2111                      anon_inode:i915.gem
7fa0ba7fc000-7fa0ba804000 rw-s 124216000 00:11 2111                      anon_inode:i915.gem
7fa0ba804000-7fa0ba80c000 rw-s 12420e000 00:11 2111                      anon_inode:i915.gem
7fa0ba80c000-7fa0ba814000 rw-s 124206000 00:11 2111                      anon_inode:i915.gem
7fa0ba814000-7fa0ba81c000 rw-s 1241fe000 00:11 2111                      anon_inode:i915.gem
7fa0ba81c000-7fa0ba85c000 rw-s 1241be000 00:11 2111                      anon_inode:i915.gem
7fa0ba85c000-7fa0ba89c000 rw-s 12417e000 00:11 2111                      anon_inode:i915.gem
7fa0ba89c000-7fa0ba8a4000 rw-s 124176000 00:11 2111                      anon_inode:i915.gem
7fa0ba8a4000-7fa0ba8ac000 rw-s 12416e000 00:11 2111                      anon_inode:i915.gem
7fa0ba8ac000-7fa0ba8b4000 rw-s 124166000 00:11 2111                      anon_inode:i915.gem
7fa0ba8b4000-7fa0ba8bc000 rw-s 12415e000 00:11 2111                      anon_inode:i915.gem
7fa0ba8bc000-7fa0ba8c4000 rw-s 124156000 00:11 2111                      anon_inode:i915.gem
7fa0ba8c4000-7fa0ba8cc000 rw-s 12414e000 00:11 2111                      anon_inode:i915.gem
7fa0ba8cc000-7fa0ba8d4000 rw-s 124146000 00:11 2111                      anon_inode:i915.gem
7fa0ba8d4000-7fa0ba8dc000 rw-s 12413e000 00:11 2111                      anon_inode:i915.gem
7fa0ba8dc000-7fa0ba8e4000 rw-s 124136000 00:11 2111                      anon_inode:i915.gem
7fa0ba8e4000-7fa0ba8ec000 rw-s 12412e000 00:11 2111                      anon_inode:i915.gem
7fa0ba8ec000-7fa0ba8f4000 rw-s 124126000 00:11 2111                      anon_inode:i915.gem
7fa0ba8f4000-7fa0ba8fc000 rw-s 12411e000 00:11 2111                      anon_inode:i915.gem
7fa0ba8fc000-7fa0ba904000 rw-s 124116000 00:11 2111                      anon_inode:i915.gem
7fa0ba904000-7fa0ba90c000 rw-s 12410e000 00:11 2111                      anon_inode:i915.gem
7fa0ba90c000-7fa0ba914000 rw-s 124106000 00:11 2111                      anon_inode:i915.gem
7fa0ba914000-7fa0ba918000 rw-s 124102000 00:11 2111                      anon_inode:i915.gem
7fa0ba918000-7fa0ba920000 rw-s 1240fa000 00:11 2111                      anon_inode:i915.gem
7fa0ba920000-7fa0ba928000 rw-s 1240f2000 00:11 2111                      anon_inode:i915.gem
7fa0ba928000-7fa0ba930000 rw-s 1240ea000 00:11 2111                      anon_inode:i915.gem
7fa0ba930000-7fa0ba934000 rw-s 1240e6000 00:11 2111                      anon_inode:i915.gem
7fa0ba934000-7fa0ba93c000 rw-s 1240de000 00:11 2111                      anon_inode:i915.gem
7fa0ba93c000-7fa0ba944000 rw-s 1240d6000 00:11 2111                      anon_inode:i915.gem
7fa0ba944000-7fa0ba94c000 rw-s 1240ce000 00:11 2111                      anon_inode:i915.gem
7fa0ba94c000-7fa0ba954000 rw-s 1240c6000 00:11 2111                      anon_inode:i915.gem
7fa0ba954000-7fa0ba95c000 rw-s 1240be000 00:11 2111                      anon_inode:i915.gem
7fa0ba95c000-7fa0ba964000 rw-s 1240b6000 00:11 2111                      anon_inode:i915.gem
7fa0ba964000-7fa0ba96c000 rw-s 1240ae000 00:11 2111                      anon_inode:i915.gem
7fa0ba96c000-7fa0ba974000 rw-s 1240a6000 00:11 2111                      anon_inode:i915.gem
7fa0ba974000-7fa0ba97c000 rw-s 12409e000 00:11 2111                      anon_inode:i915.gem
7fa0ba97c000-7fa0ba984000 rw-s 124096000 00:11 2111                      anon_inode:i915.gem
7fa0ba984000-7fa0ba98c000 rw-s 12408e000 00:11 2111                      anon_inode:i915.gem
7fa0ba98c000-7fa0ba994000 rw-s 124086000 00:11 2111                      anon_inode:i915.gem
7fa0ba994000-7fa0ba99c000 rw-s 12407e000 00:11 2111                      anon_inode:i915.gem
7fa0ba99c000-7fa0ba9a4000 rw-s 124076000 00:11 2111                      anon_inode:i915.gem
7fa0ba9a4000-7fa0ba9ac000 rw-s 12406e000 00:11 2111                      anon_inode:i915.gem
7fa0ba9ac000-7fa0ba9b4000 rw-s 124066000 00:11 2111                      anon_inode:i915.gem
7fa0ba9b4000-7fa0ba9bc000 rw-s 12405e000 00:11 2111                      anon_inode:i915.gem
7fa0ba9bc000-7fa0ba9c4000 rw-s 124056000 00:11 2111                      anon_inode:i915.gem
7fa0ba9c4000-7fa0ba9cc000 rw-s 12404e000 00:11 2111                      anon_inode:i915.gem
7fa0ba9cc000-7fa0ba9d4000 rw-s 124046000 00:11 2111                      anon_inode:i915.gem
7fa0ba9d4000-7fa0ba9dc000 rw-s 12403e000 00:11 2111                      anon_inode:i915.gem
7fa0ba9dc000-7fa0ba9e4000 rw-s 124036000 00:11 2111                      anon_inode:i915.gem
7fa0ba9e4000-7fa0ba9ec000 rw-s 12402e000 00:11 2111                      anon_inode:i915.gem
7fa0ba9ec000-7fa0ba9f4000 rw-s 124026000 00:11 2111                      anon_inode:i915.gem
7fa0ba9f4000-7fa0ba9fc000 rw-s 12401e000 00:11 2111                      anon_inode:i915.gem
7fa0ba9fc000-7fa0baa04000 rw-s 124016000 00:11 2111                      anon_inode:i915.gem
7fa0baa04000-7fa0baa0c000 rw-s 12400e000 00:11 2111                      anon_inode:i915.gem
7fa0baa0c000-7fa0baa14000 rw-s 124006000 00:11 2111                      anon_inode:i915.gem
7fa0baa14000-7fa0baa1c000 rw-s 123ffe000 00:11 2111                      anon_inode:i915.gem
7fa0baa1c000-7fa0baa24000 rw-s 123ff6000 00:11 2111                      anon_inode:i915.gem
7fa0baa24000-7fa0baa2c000 rw-s 123fee000 00:11 2111                      anon_inode:i915.gem
7fa0baa2c000-7fa0baa34000 rw-s 123fe6000 00:11 2111                      anon_inode:i915.gem
7fa0baa34000-7fa0baa3c000 rw-s 123fde000 00:11 2111                      anon_inode:i915.gem
7fa0baa3c000-7fa0baa44000 rw-s 123fd6000 00:11 2111                      anon_inode:i915.gem
7fa0baa44000-7fa0baa4c000 rw-s 123fce000 00:11 2111                      anon_inode:i915.gem
7fa0baa4c000-7fa0baa54000 rw-s 123fc6000 00:11 2111                      anon_inode:i915.gem
7fa0baa54000-7fa0baa5c000 rw-s 123fbe000 00:11 2111                      anon_inode:i915.gem
7fa0baa5c000-7fa0baa64000 rw-s 123fb6000 00:11 2111                      anon_inode:i915.gem
7fa0baa64000-7fa0baa6c000 rw-s 123fae000 00:11 2111                      anon_inode:i915.gem
7fa0baa6c000-7fa0baa74000 rw-s 123fa6000 00:11 2111                      anon_inode:i915.gem
7fa0baa74000-7fa0baa7c000 rw-s 123f9e000 00:11 2111                      anon_inode:i915.gem
7fa0baa7c000-7fa0baa84000 rw-s 123f96000 00:11 2111                      anon_inode:i915.gem
7fa0baa84000-7fa0baa8c000 rw-s 123f8e000 00:11 2111                      anon_inode:i915.gem
7fa0baa8c000-7fa0baa94000 rw-s 123f86000 00:11 2111                      anon_inode:i915.gem
7fa0baa94000-7fa0baa9c000 rw-s 123f7e000 00:11 2111                      anon_inode:i915.gem
7fa0baa9c000-7fa0baaa4000 rw-s 123f76000 00:11 2111                      anon_inode:i915.gem
7fa0baaa4000-7fa0baaac000 rw-s 123f6e000 00:11 2111                      anon_inode:i915.gem
7fa0baaac000-7fa0baab4000 rw-s 123f66000 00:11 2111                      anon_inode:i915.gem
7fa0baab4000-7fa0baabc000 rw-s 123f5e000 00:11 2111                      anon_inode:i915.gem
7fa0baabc000-7fa0baac4000 rw-s 123f56000 00:11 2111                      anon_inode:i915.gem
7fa0baac4000-7fa0baacc000 rw-s 123f4e000 00:11 2111                      anon_inode:i915.gem
7fa0baacc000-7fa0baad4000 rw-s 123f46000 00:11 2111                      anon_inode:i915.gem
7fa0baad4000-7fa0baadc000 rw-s 123f3e000 00:11 2111                      anon_inode:i915.gem
7fa0baadc000-7fa0baae4000 rw-s 123f36000 00:11 2111                      anon_inode:i915.gem
7fa0baae4000-7fa0baaec000 rw-s 123f2e000 00:11 2111                      anon_inode:i915.gem
7fa0baaec000-7fa0baaf4000 rw-s 123f26000 00:11 2111                      anon_inode:i915.gem
7fa0baaf4000-7fa0baafc000 rw-s 123f1e000 00:11 2111                      anon_inode:i915.gem
7fa0baafc000-7fa0bab04000 rw-s 123f16000 00:11 2111                      anon_inode:i915.gem
7fa0bab04000-7fa0bab0c000 rw-s 123f0e000 00:11 2111                      anon_inode:i915.gem
7fa0bab0c000-7fa0bab14000 rw-s 123f06000 00:11 2111                      anon_inode:i915.gem
7fa0bab14000-7fa0bab1c000 rw-s 123efe000 00:11 2111                      anon_inode:i915.gem
7fa0bab1c000-7fa0bab24000 rw-s 123ef6000 00:11 2111                      anon_inode:i915.gem
7fa0bab24000-7fa0bab2c000 rw-s 123eee000 00:11 2111                      anon_inode:i915.gem
7fa0bab2c000-7fa0bab34000 rw-s 123ee6000 00:11 2111                      anon_inode:i915.gem
7fa0bab34000-7fa0bab3c000 rw-s 123ede000 00:11 2111                      anon_inode:i915.gem
7fa0bab3c000-7fa0bab44000 rw-s 123ed6000 00:11 2111                      anon_inode:i915.gem
7fa0bab44000-7fa0bab4c000 rw-s 123ece000 00:11 2111                      anon_inode:i915.gem
7fa0bab4c000-7fa0bab54000 rw-s 123ec6000 00:11 2111                      anon_inode:i915.gem
7fa0bab54000-7fa0bab5c000 rw-s 123ebe000 00:11 2111                      anon_inode:i915.gem
7fa0bab5c000-7fa0bab64000 rw-s 123eb6000 00:11 2111                      anon_inode:i915.gem
7fa0bab64000-7fa0bab6c000 rw-s 123eae000 00:11 2111                      anon_inode:i915.gem
7fa0bab6c000-7fa0babac000 rw-s 123e6e000 00:11 2111                      anon_inode:i915.gem
7fa0babac000-7fa0babec000 rw-s 123e2e000 00:11 2111                      anon_inode:i915.gem
7fa0babec000-7fa0bac2c000 rw-s 123dee000 00:11 2111                      anon_inode:i915.gem
7fa0bac2c000-7fa0bac34000 rw-s 123de6000 00:11 2111                      anon_inode:i915.gem
7fa0bac34000-7fa0bac3c000 rw-s 123dde000 00:11 2111                      anon_inode:i915.gem
7fa0bac3c000-7fa0bac40000 rw-s 123dda000 00:11 2111                      anon_inode:i915.gem
7fa0bac40000-7fa0bac44000 rw-s 123dd6000 00:11 2111                      anon_inode:i915.gem
7fa0bac44000-7fa0bac4c000 rw-s 123dce000 00:11 2111                      anon_inode:i915.gem
7fa0bac4c000-7fa0bac54000 rw-s 123dc6000 00:11 2111                      anon_inode:i915.gem
7fa0bac54000-7fa0bac5c000 rw-s 123dbe000 00:11 2111                      anon_inode:i915.gem
7fa0bac5c000-7fa0bac64000 rw-s 123db6000 00:11 2111                      anon_inode:i915.gem
7fa0bac64000-7fa0bac6c000 rw-s 123dae000 00:11 2111                      anon_inode:i915.gem
7fa0bac6c000-7fa0bac70000 rw-s 123daa000 00:11 2111                      anon_inode:i915.gem
7fa0bac70000-7fa0bac74000 rw-s 123da6000 00:11 2111                      anon_inode:i915.gem
7fa0bac74000-7fa0bac7c000 rw-s 123d9e000 00:11 2111                      anon_inode:i915.gem
7fa0bac7c000-7fa0bac84000 rw-s 123d96000 00:11 2111                      anon_inode:i915.gem
7fa0bac84000-7fa0bac8c000 rw-s 123d8e000 00:11 2111                      anon_inode:i915.gem
7fa0bac8c000-7fa0bac94000 rw-s 123d86000 00:11 2111                      anon_inode:i915.gem
7fa0bac94000-7fa0bac9c000 rw-s 123d7e000 00:11 2111                      anon_inode:i915.gem
7fa0bac9c000-7fa0baca4000 rw-s 123d76000 00:11 2111                      anon_inode:i915.gem
7fa0baca4000-7fa0bacac000 rw-s 123d6e000 00:11 2111                      anon_inode:i915.gem
7fa0bacac000-7fa0bacb4000 rw-s 123d66000 00:11 2111                      anon_inode:i915.gem
7fa0bacb4000-7fa0bacbc000 rw-s 123d5e000 00:11 2111                      anon_inode:i915.gem
7fa0bacbc000-7fa0bacc4000 rw-s 123d56000 00:11 2111                      anon_inode:i915.gem
7fa0bacc4000-7fa0bacc8000 rw-s 123d52000 00:11 2111                      anon_inode:i915.gem
7fa0bacc8000-7fa0baccc000 rw-s 123d4e000 00:11 2111                      anon_inode:i915.gem
7fa0baccc000-7fa0bacd0000 rw-s 123d4a000 00:11 2111                      anon_inode:i915.gem
7fa0bacd0000-7fa0bacd4000 rw-s 123d46000 00:11 2111                      anon_inode:i915.gem
7fa0bacd4000-7fa0bacd8000 rw-s 123d42000 00:11 2111                      anon_inode:i915.gem
7fa0bacd8000-7fa0bacdc000 rw-s 123d3e000 00:11 2111                      anon_inode:i915.gem
7fa0bacdc000-7fa0bace0000 rw-s 123d3a000 00:11 2111                      anon_inode:i915.gem
7fa0bace0000-7fa0bace4000 rw-s 123d36000 00:11 2111                      anon_inode:i915.gem
7fa0bace4000-7fa0bacec000 rw-s 123d2e000 00:11 2111                      anon_inode:i915.gem
7fa0bacec000-7fa0bacf0000 rw-s 123d2a000 00:11 2111                      anon_inode:i915.gem
7fa0bacf0000-7fa0bacf4000 rw-s 123d26000 00:11 2111                      anon_inode:i915.gem
7fa0bacf4000-7fa0bacf8000 rw-s 123d22000 00:11 2111                      anon_inode:i915.gem
7fa0bacf8000-7fa0bacfc000 rw-s 123d1e000 00:11 2111                      anon_inode:i915.gem
7fa0bacfc000-7fa0bad00000 rw-s 123d1a000 00:11 2111                      anon_inode:i915.gem
7fa0bad00000-7fa0bad04000 rw-s 123d16000 00:11 2111                      anon_inode:i915.gem
7fa0bad04000-7fa0bad08000 rw-s 123d12000 00:11 2111                      anon_inode:i915.gem
7fa0bad08000-7fa0bad0c000 rw-s 123d0e000 00:11 2111                      anon_inode:i915.gem
7fa0bad0c000-7fa0bad10000 rw-s 123d0a000 00:11 2111                      anon_inode:i915.gem
7fa0bad10000-7fa0bad18000 rw-s 123d02000 00:11 2111                      anon_inode:i915.gem
7fa0bad18000-7fa0bad20000 rw-s 123cfa000 00:11 2111                      anon_inode:i915.gem
7fa0bad20000-7fa0bad24000 rw-s 123cf6000 00:11 2111                      anon_inode:i915.gem
7fa0bad24000-7fa0bad2c000 rw-s 123cee000 00:11 2111                      anon_inode:i915.gem
7fa0bad2c000-7fa0bad30000 rw-s 123cea000 00:11 2111                      anon_inode:i915.gem
7fa0bad30000-7fa0bad38000 rw-s 123ce2000 00:11 2111                      anon_inode:i915.gem
7fa0bad38000-7fa0bad3c000 rw-s 123cde000 00:11 2111                      anon_inode:i915.gem
7fa0bad3c000-7fa0bad40000 rw-s 123cda000 00:11 2111                      anon_inode:i915.gem
7fa0bad40000-7fa0bad44000 rw-s 123cd6000 00:11 2111                      anon_inode:i915.gem
7fa0bad44000-7fa0bad48000 rw-s 123cd2000 00:11 2111                      anon_inode:i915.gem
7fa0bad48000-7fa0bad4c000 rw-s 123cce000 00:11 2111                      anon_inode:i915.gem
7fa0bad4c000-7fa0bad50000 rw-s 123cca000 00:11 2111                      anon_inode:i915.gem
7fa0bad50000-7fa0bad58000 rw-s 123cc2000 00:11 2111                      anon_inode:i915.gem
7fa0bad58000-7fa0bad5c000 rw-s 123cbe000 00:11 2111                      anon_inode:i915.gem
7fa0bad5c000-7fa0bad60000 rw-s 123cba000 00:11 2111                      anon_inode:i915.gem
7fa0bad60000-7fa0bad64000 rw-s 123cb6000 00:11 2111                      anon_inode:i915.gem
7fa0bad64000-7fa0bad68000 rw-s 123cb2000 00:11 2111                      anon_inode:i915.gem
7fa0bad68000-7fa0bad6c000 rw-s 123cae000 00:11 2111                      anon_inode:i915.gem
7fa0bad6c000-7fa0bad74000 rw-s 123ca6000 00:11 2111                      anon_inode:i915.gem
7fa0bad74000-7fa0bad7c000 rw-s 123c9e000 00:11 2111                      anon_inode:i915.gem
7fa0bad7c000-7fa0bad84000 rw-s 123c96000 00:11 2111                      anon_inode:i915.gem
7fa0bad84000-7fa0bad8c000 rw-s 123c8e000 00:11 2111                      anon_inode:i915.gem
7fa0bad8c000-7fa0bad94000 rw-s 123c86000 00:11 2111                      anon_inode:i915.gem
7fa0bad94000-7fa0bad9c000 rw-s 123c7e000 00:11 2111                      anon_inode:i915.gem
7fa0bad9c000-7fa0bada4000 rw-s 123c76000 00:11 2111                      anon_inode:i915.gem
7fa0bada4000-7fa0badac000 rw-s 123c6e000 00:11 2111                      anon_inode:i915.gem
7fa0badac000-7fa0badb4000 rw-s 123c66000 00:11 2111                      anon_inode:i915.gem
7fa0badb4000-7fa0badbc000 rw-s 123c5e000 00:11 2111                      anon_inode:i915.gem
7fa0badbc000-7fa0badc4000 rw-s 123c56000 00:11 2111                      anon_inode:i915.gem
7fa0badc4000-7fa0badcc000 rw-s 123c4e000 00:11 2111                      anon_inode:i915.gem
7fa0badcc000-7fa0badd4000 rw-s 123c46000 00:11 2111                      anon_inode:i915.gem
7fa0badd4000-7fa0badd8000 rw-s 123c42000 00:11 2111                      anon_inode:i915.gem
7fa0badd8000-7fa0bade0000 rw-s 123c3a000 00:11 2111                      anon_inode:i915.gem
7fa0bade0000-7fa0bade4000 rw-s 123c36000 00:11 2111                      anon_inode:i915.gem
7fa0bade4000-7fa0bade8000 rw-s 123c32000 00:11 2111                      anon_inode:i915.gem
7fa0bade8000-7fa0badec000 rw-s 123c2e000 00:11 2111                      anon_inode:i915.gem
7fa0badec000-7fa0badf0000 rw-s 123c2a000 00:11 2111                      anon_inode:i915.gem
7fa0badf0000-7fa0badf8000 rw-s 123c1e000 00:11 2111                      anon_inode:i915.gem
7fa0badf8000-7fa0bae00000 rw-s 123c16000 00:11 2111                      anon_inode:i915.gem
7fa0bae00000-7fa0bb400000 rw-s 1235c2000 00:11 2111                      anon_inode:i915.gem
7fa0bb400000-7fa0bbc00000 rw-s 122dc2000 00:11 2111                      anon_inode:i915.gem
7fa0bbc00000-7fa0bc000000 rw-s 1229c2000 00:11 2111                      anon_inode:i915.gem
7fa0bc000000-7fa0bfffb000 rw-p 00000000 00:00 0 
7fa0bfffb000-7fa0c0000000 ---p 00000000 00:00 0 
7fa0c0000000-7fa0c0004000 rw-s 123c26000 00:11 2111                      anon_inode:i915.gem
7fa0c0004000-7fa0c000c000 rw-s 123c0e000 00:11 2111                      anon_inode:i915.gem
7fa0c000c000-7fa0c0014000 rw-s 123c06000 00:11 2111                      anon_inode:i915.gem
7fa0c0014000-7fa0c0018000 rw-s 123c02000 00:11 2111                      anon_inode:i915.gem
7fa0c0018000-7fa0c001c000 rw-s 123bfe000 00:11 2111                      anon_inode:i915.gem
7fa0c001c000-7fa0c0020000 rw-s 123bfa000 00:11 2111                      anon_inode:i915.gem
7fa0c0020000-7fa0c0028000 rw-s 123bf2000 00:11 2111                      anon_inode:i915.gem
7fa0c0028000-7fa0c002c000 rw-s 123bee000 00:11 2111                      anon_inode:i915.gem
7fa0c002c000-7fa0c0030000 rw-s 123bea000 00:11 2111                      anon_inode:i915.gem
7fa0c0030000-7fa0c0034000 rw-s 123be6000 00:11 2111                      anon_inode:i915.gem
7fa0c0034000-7fa0c0038000 rw-s 123be2000 00:11 2111                      anon_inode:i915.gem
7fa0c0038000-7fa0c003c000 rw-s 123bde000 00:11 2111                      anon_inode:i915.gem
7fa0c003c000-7fa0c0040000 rw-s 123bda000 00:11 2111                      anon_inode:i915.gem
7fa0c0040000-7fa0c0044000 rw-s 123bd6000 00:11 2111                      anon_inode:i915.gem
7fa0c0044000-7fa0c0048000 rw-s 123bd2000 00:11 2111                      anon_inode:i915.gem
7fa0c0048000-7fa0c004c000 rw-s 123bce000 00:11 2111                      anon_inode:i915.gem
7fa0c004c000-7fa0c0050000 rw-s 123bca000 00:11 2111                      anon_inode:i915.gem
7fa0c0050000-7fa0c0054000 rw-s 123bc6000 00:11 2111                      anon_inode:i915.gem
7fa0c0054000-7fa0c0056000 rw-s 123bc4000 00:11 2111                      anon_inode:i915.gem
7fa0c0056000-7fa0c0058000 rw-s 123bc2000 00:11 2111                      anon_inode:i915.gem
7fa0c0058000-7fa0c005c000 rw-s 1229be000 00:11 2111                      anon_inode:i915.gem
7fa0c005c000-7fa0c0060000 rw-s 1229ba000 00:11 2111                      anon_inode:i915.gem
7fa0c0060000-7fa0c0064000 rw-s 1229b6000 00:11 2111                      anon_inode:i915.gem
7fa0c0064000-7fa0c0068000 rw-s 1229b2000 00:11 2111                      anon_inode:i915.gem
7fa0c0068000-7fa0c0070000 rw-s 1229aa000 00:11 2111                      anon_inode:i915.gem
7fa0c0070000-7fa0c0074000 rw-s 1229a6000 00:11 2111                      anon_inode:i915.gem
7fa0c0074000-7fa0c007c000 rw-s 12299e000 00:11 2111                      anon_inode:i915.gem
7fa0c007c000-7fa0c0080000 rw-s 12299a000 00:11 2111                      anon_inode:i915.gem
7fa0c0080000-7fa0c0084000 rw-s 122996000 00:11 2111                      anon_inode:i915.gem
7fa0c0084000-7fa0c0088000 rw-s 122992000 00:11 2111                      anon_inode:i915.gem
7fa0c0088000-7fa0c0090000 rw-s 12298a000 00:11 2111                      anon_inode:i915.gem
7fa0c0090000-7fa0c0094000 rw-s 122986000 00:11 2111                      anon_inode:i915.gem
7fa0c0094000-7fa0c009c000 rw-s 12297e000 00:11 2111                      anon_inode:i915.gem
7fa0c009c000-7fa0c00a0000 rw-s 12297a000 00:11 2111                      anon_inode:i915.gem
7fa0c00a0000-7fa0c00a8000 rw-s 122972000 00:11 2111                      anon_inode:i915.gem
7fa0c00a8000-7fa0c00b0000 rw-s 12296a000 00:11 2111                      anon_inode:i915.gem
7fa0c00b0000-7fa0c00b4000 rw-s 122966000 00:11 2111                      anon_inode:i915.gem
7fa0c00b4000-7fa0c00b8000 rw-s 122962000 00:11 2111                      anon_inode:i915.gem
7fa0c00b8000-7fa0c00bc000 rw-s 12295e000 00:11 2111                      anon_inode:i915.gem
7fa0c00bc000-7fa0c00be000 rw-s 12295c000 00:11 2111                      anon_inode:i915.gem
7fa0c00be000-7fa0c00c0000 rw-s 12295a000 00:11 2111                      anon_inode:i915.gem
7fa0c00c0000-7fa0c00c2000 rw-s 122958000 00:11 2111                      anon_inode:i915.gem
7fa0c00c2000-7fa0c00c6000 rw-s 122954000 00:11 2111                      anon_inode:i915.gem
7fa0c00c6000-7fa0c00ca000 rw-s 122950000 00:11 2111                      anon_inode:i915.gem
7fa0c00ca000-7fa0c00ce000 rw-s 12294c000 00:11 2111                      anon_inode:i915.gem
7fa0c00ce000-7fa0c00d0000 rw-s 12294a000 00:11 2111                      anon_inode:i915.gem
7fa0c00d0000-7fa0c00d4000 rw-s 122946000 00:11 2111                      anon_inode:i915.gem
7fa0c00d4000-7fa0c00d8000 rw-s 122942000 00:11 2111                      anon_inode:i915.gem
7fa0c00d8000-7fa0c00da000 rw-s 122940000 00:11 2111                      anon_inode:i915.gem
7fa0c00da000-7fa0c00dc000 rw-s 12292e000 00:11 2111                      anon_inode:i915.gem
7fa0c00dc000-7fa0c00de000 rw-s 12292c000 00:11 2111                      anon_inode:i915.gem
7fa0c00de000-7fa0c00e0000 rw-s 12292a000 00:11 2111                      anon_inode:i915.gem
7fa0c00e0000-7fa0c00e4000 rw-s 122926000 00:11 2111                      anon_inode:i915.gem
7fa0c00e4000-7fa0c00e8000 rw-s 122922000 00:11 2111                      anon_inode:i915.gem
7fa0c00e8000-7fa0c00ec000 rw-s 12291e000 00:11 2111                      anon_inode:i915.gem
7fa0c00ec000-7fa0c00ee000 rw-s 12291c000 00:11 2111                      anon_inode:i915.gem
7fa0c00ee000-7fa0c00f0000 rw-s 12291a000 00:11 2111                      anon_inode:i915.gem
7fa0c00f0000-7fa0c00f2000 rw-s 122918000 00:11 2111                      anon_inode:i915.gem
7fa0c00f2000-7fa0c00f4000 rw-s 122916000 00:11 2111                      anon_inode:i915.gem
7fa0c00f4000-7fa0c00f6000 rw-s 122914000 00:11 2111                      anon_inode:i915.gem
7fa0c00f6000-7fa0c00fe000 rw-s 12290c000 00:11 2111                      anon_inode:i915.gem
7fa0c00fe000-7fa0c0102000 rw-s 122908000 00:11 2111                      anon_inode:i915.gem
7fa0c0102000-7fa0c0106000 rw-s 122904000 00:11 2111                      anon_inode:i915.gem
7fa0c0106000-7fa0c010a000 rw-s 122900000 00:11 2111                      anon_inode:i915.gem
7fa0c010a000-7fa0c010e000 rw-s 1228fc000 00:11 2111                      anon_inode:i915.gem
7fa0c010e000-7fa0c0112000 rw-s 1228f8000 00:11 2111                      anon_inode:i915.gem
7fa0c0112000-7fa0c011a000 rw-s 1228f0000 00:11 2111                      anon_inode:i915.gem
7fa0c011a000-7fa0c011e000 rw-s 1228ec000 00:11 2111                      anon_inode:i915.gem
7fa0c011e000-7fa0c0122000 rw-s 1228e8000 00:11 2111                      anon_inode:i915.gem
7fa0c0122000-7fa0c012a000 rw-s 1228e0000 00:11 2111                      anon_inode:i915.gem
7fa0c012a000-7fa0c0132000 rw-s 1228d8000 00:11 2111                      anon_inode:i915.gem
7fa0c0132000-7fa0c0136000 rw-s 1228d4000 00:11 2111                      anon_inode:i915.gem
7fa0c0136000-7fa0c013a000 rw-s 1228d0000 00:11 2111                      anon_inode:i915.gem
7fa0c013a000-7fa0c0142000 rw-s 1228c8000 00:11 2111                      anon_inode:i915.gem
7fa0c0142000-7fa0c0146000 rw-s 1228c4000 00:11 2111                      anon_inode:i915.gem
7fa0c0146000-7fa0c014a000 rw-s 1228c0000 00:11 2111                      anon_inode:i915.gem
7fa0c014a000-7fa0c0152000 rw-s 1228b8000 00:11 2111                      anon_inode:i915.gem
7fa0c0152000-7fa0c0156000 rw-s 1228b4000 00:11 2111                      anon_inode:i915.gem
7fa0c0156000-7fa0c015e000 rw-s 1228ac000 00:11 2111                      anon_inode:i915.gem
7fa0c015e000-7fa0c0162000 rw-s 1228a8000 00:11 2111                      anon_inode:i915.gem
7fa0c0162000-7fa0c0166000 rw-s 1228a4000 00:11 2111                      anon_inode:i915.gem
7fa0c0166000-7fa0c016e000 rw-s 12289c000 00:11 2111                      anon_inode:i915.gem
7fa0c016e000-7fa0c0176000 rw-s 122894000 00:11 2111                      anon_inode:i915.gem
7fa0c0176000-7fa0c017e000 rw-s 12288c000 00:11 2111                      anon_inode:i915.gem
7fa0c017e000-7fa0c0186000 rw-s 122884000 00:11 2111                      anon_inode:i915.gem
7fa0c0186000-7fa0c018e000 rw-s 12287c000 00:11 2111                      anon_inode:i915.gem
7fa0c018e000-7fa0c0196000 rw-s 122874000 00:11 2111                      anon_inode:i915.gem
7fa0c0196000-7fa0c019e000 rw-s 12286c000 00:11 2111                      anon_inode:i915.gem
7fa0c019e000-7fa0c01a6000 rw-s 122864000 00:11 2111                      anon_inode:i915.gem
7fa0c01a6000-7fa0c01ae000 rw-s 12285c000 00:11 2111                      anon_inode:i915.gem
7fa0c01ae000-7fa0c01b6000 rw-s 122854000 00:11 2111                      anon_inode:i915.gem
7fa0c01b6000-7fa0c01be000 rw-s 12284c000 00:11 2111                      anon_inode:i915.gem
7fa0c01be000-7fa0c01c6000 rw-s 122844000 00:11 2111                      anon_inode:i915.gem
7fa0c01c6000-7fa0c01ce000 rw-s 12283c000 00:11 2111                      anon_inode:i915.gem
7fa0c01ce000-7fa0c01d6000 rw-s 122834000 00:11 2111                      anon_inode:i915.gem
7fa0c01d6000-7fa0c01de000 rw-s 12282c000 00:11 2111                      anon_inode:i915.gem
7fa0c01de000-7fa0c01e6000 rw-s 122824000 00:11 2111                      anon_inode:i915.gem
7fa0c01e6000-7fa0c01ee000 rw-s 12281c000 00:11 2111                      anon_inode:i915.gem
7fa0c01ee000-7fa0c01f6000 rw-s 122814000 00:11 2111                      anon_inode:i915.gem
7fa0c01f6000-7fa0c01fe000 rw-s 12280c000 00:11 2111                      anon_inode:i915.gem
7fa0c01fe000-7fa0c0206000 rw-s 122804000 00:11 2111                      anon_inode:i915.gem
7fa0c0206000-7fa0c020e000 rw-s 1227fc000 00:11 2111                      anon_inode:i915.gem
7fa0c020e000-7fa0c0216000 rw-s 1227f4000 00:11 2111                      anon_inode:i915.gem
7fa0c0216000-7fa0c0256000 rw-s 1227b4000 00:11 2111                      anon_inode:i915.gem
7fa0c0256000-7fa0c0296000 rw-s 122774000 00:11 2111                      anon_inode:i915.gem
7fa0c0296000-7fa0c02d6000 rw-s 122734000 00:11 2111                      anon_inode:i915.gem
7fa0c02d6000-7fa0c0316000 rw-s 1226f4000 00:11 2111                      anon_inode:i915.gem
7fa0c0316000-7fa0c0356000 rw-s 1226b4000 00:11 2111                      anon_inode:i915.gem
7fa0c0356000-7fa0c0396000 rw-s 122674000 00:11 2111                      anon_inode:i915.gem
7fa0c0396000-7fa0c03d6000 rw-s 122634000 00:11 2111                      anon_inode:i915.gem
7fa0c03d6000-7fa0c0416000 rw-s 1225f4000 00:11 2111                      anon_inode:i915.gem
7fa0c0416000-7fa0c0456000 rw-s 1225b4000 00:11 2111                      anon_inode:i915.gem
7fa0c0456000-7fa0c0496000 rw-s 122574000 00:11 2111                      anon_inode:i915.gem
7fa0c0496000-7fa0c04d6000 rw-s 122534000 00:11 2111                      anon_inode:i915.gem
7fa0c04d6000-7fa0c0516000 rw-s 1224f4000 00:11 2111                      anon_inode:i915.gem
7fa0c0516000-7fa0c0556000 rw-s 1224b4000 00:11 2111                      anon_inode:i915.gem
7fa0c0556000-7fa0c055e000 rw-s 1224ac000 00:11 2111                      anon_inode:i915.gem
7fa0c055e000-7fa0c0566000 rw-s 1224a4000 00:11 2111                      anon_inode:i915.gem
7fa0c0566000-7fa0c056e000 rw-s 12249c000 00:11 2111                      anon_inode:i915.gem
7fa0c056e000-7fa0c0576000 rw-s 122494000 00:11 2111                      anon_inode:i915.gem
7fa0c0576000-7fa0c057e000 rw-s 12248c000 00:11 2111                      anon_inode:i915.gem
7fa0c057e000-7fa0c0586000 rw-s 122484000 00:11 2111                      anon_inode:i915.gem
7fa0c0586000-7fa0c058e000 rw-s 12247c000 00:11 2111                      anon_inode:i915.gem
7fa0c058e000-7fa0c0596000 rw-s 122474000 00:11 2111                      anon_inode:i915.gem
7fa0c0596000-7fa0c059e000 rw-s 12246c000 00:11 2111                      anon_inode:i915.gem
7fa0c059e000-7fa0c05a6000 rw-s 122464000 00:11 2111                      anon_inode:i915.gem
7fa0c05a6000-7fa0c05aa000 rw-s 122460000 00:11 2111                      anon_inode:i915.gem
7fa0c05aa000-7fa0c05b2000 rw-s 122458000 00:11 2111                      anon_inode:i915.gem
7fa0c05b2000-7fa0c05ba000 rw-s 122450000 00:11 2111                      anon_inode:i915.gem
7fa0c05ba000-7fa0c05be000 rw-s 12244c000 00:11 2111                      anon_inode:i915.gem
7fa0c05be000-7fa0c05c2000 rw-s 122448000 00:11 2111                      anon_inode:i915.gem
7fa0c05c2000-7fa0c05c6000 rw-s 122444000 00:11 2111                      anon_inode:i915.gem
7fa0c05c6000-7fa0c05ce000 rw-s 12243c000 00:11 2111                      anon_inode:i915.gem
7fa0c05ce000-7fa0c05d6000 rw-s 122434000 00:11 2111                      anon_inode:i915.gem
7fa0c05d6000-7fa0c05da000 rw-s 122430000 00:11 2111                      anon_inode:i915.gem
7fa0c05da000-7fa0c05de000 rw-s 12242c000 00:11 2111                      anon_inode:i915.gem
7fa0c05de000-7fa0c05e2000 rw-s 122428000 00:11 2111                      anon_inode:i915.gem
7fa0c05e2000-7fa0c05e6000 rw-s 122424000 00:11 2111                      anon_inode:i915.gem
7fa0c05e6000-7fa0c05ea000 rw-s 122420000 00:11 2111                      anon_inode:i915.gem
7fa0c05ea000-7fa0c05ee000 rw-s 12241c000 00:11 2111                      anon_inode:i915.gem
7fa0c05ee000-7fa0c05f6000 rw-s 122414000 00:11 2111                      anon_inode:i915.gem
7fa0c05f6000-7fa0c05fe000 rw-s 12240c000 00:11 2111                      anon_inode:i915.gem
7fa0c05fe000-7fa0c0606000 rw-s 122404000 00:11 2111                      anon_inode:i915.gem
7fa0c0606000-7fa0c060e000 rw-s 1223fc000 00:11 2111                      anon_inode:i915.gem
7fa0c060e000-7fa0c0612000 rw-s 1223f8000 00:11 2111                      anon_inode:i915.gem
7fa0c0612000-7fa0c0616000 rw-s 1223f4000 00:11 2111                      anon_inode:i915.gem
7fa0c0616000-7fa0c061a000 rw-s 1223f0000 00:11 2111                      anon_inode:i915.gem
7fa0c061a000-7fa0c061e000 rw-s 1223ec000 00:11 2111                      anon_inode:i915.gem
7fa0c061e000-7fa0c0620000 rw-s 1223ea000 00:11 2111                      anon_inode:i915.gem
7fa0c0620000-7fa0c0624000 rw-s 1223e6000 00:11 2111                      anon_inode:i915.gem
7fa0c0624000-7fa0c0628000 rw-s 1223e2000 00:11 2111                      anon_inode:i915.gem
7fa0c0628000-7fa0c062c000 rw-s 1223de000 00:11 2111                      anon_inode:i915.gem
7fa0c062c000-7fa0c0630000 rw-s 1223da000 00:11 2111                      anon_inode:i915.gem
7fa0c0630000-7fa0c0634000 rw-s 1223d6000 00:11 2111                      anon_inode:i915.gem
7fa0c0634000-7fa0c0638000 rw-s 1223d2000 00:11 2111                      anon_inode:i915.gem
7fa0c0638000-7fa0c063c000 rw-s 1223ce000 00:11 2111                      anon_inode:i915.gem
7fa0c063c000-7fa0c0640000 rw-s 1223ca000 00:11 2111                      anon_inode:i915.gem
7fa0c0640000-7fa0c0644000 rw-s 1223c6000 00:11 2111                      anon_inode:i915.gem
7fa0c0644000-7fa0c0648000 rw-s 1223c2000 00:11 2111                      anon_inode:i915.gem
7fa0c0648000-7fa0c064c000 rw-s 1223be000 00:11 2111                      anon_inode:i915.gem
7fa0c064c000-7fa0c0654000 rw-s 1223b6000 00:11 2111                      anon_inode:i915.gem
7fa0c0654000-7fa0c065c000 rw-s 1223ae000 00:11 2111                      anon_inode:i915.gem
7fa0c065c000-7fa0c069c000 rw-s 12236e000 00:11 2111                      anon_inode:i915.gem
7fa0c069c000-7fa0c06dc000 rw-s 12232e000 00:11 2111                      anon_inode:i915.gem
7fa0c06dc000-7fa0c071c000 rw-s 1222ee000 00:11 2111                      anon_inode:i915.gem
7fa0c071c000-7fa0c0720000 rw-s 1222ea000 00:11 2111                      anon_inode:i915.gem
7fa0c0720000-7fa0c0724000 rw-s 1222e6000 00:11 2111                      anon_inode:i915.gem
7fa0c0724000-7fa0c0728000 rw-s 1222e2000 00:11 2111                      anon_inode:i915.gem
7fa0c0728000-7fa0c0730000 rw-s 1222da000 00:11 2111                      anon_inode:i915.gem
7fa0c0730000-7fa0c0734000 rw-s 1222d6000 00:11 2111                      anon_inode:i915.gem
7fa0c0734000-7fa0c0738000 rw-s 1222d2000 00:11 2111                      anon_inode:i915.gem
7fa0c0738000-7fa0c0740000 rw-s 1222ca000 00:11 2111                      anon_inode:i915.gem
7fa0c0740000-7fa0c0748000 rw-s 1222c2000 00:11 2111                      anon_inode:i915.gem
7fa0c0748000-7fa0c0750000 rw-s 1222ba000 00:11 2111                      anon_inode:i915.gem
7fa0c0750000-7fa0c0758000 rw-s 1222b2000 00:11 2111                      anon_inode:i915.gem
7fa0c0758000-7fa0c0760000 rw-s 1222aa000 00:11 2111                      anon_inode:i915.gem
7fa0c0760000-7fa0c0768000 rw-s 1222a2000 00:11 2111                      anon_inode:i915.gem
7fa0c0768000-7fa0c0770000 rw-s 12229a000 00:11 2111                      anon_inode:i915.gem
7fa0c0770000-7fa0c0778000 rw-s 122292000 00:11 2111                      anon_inode:i915.gem
7fa0c0778000-7fa0c0780000 rw-s 12228a000 00:11 2111                      anon_inode:i915.gem
7fa0c0780000-7fa0c0788000 rw-s 122282000 00:11 2111                      anon_inode:i915.gem
7fa0c0788000-7fa0c0790000 rw-s 12227a000 00:11 2111                      anon_inode:i915.gem
7fa0c0790000-7fa0c0798000 rw-s 122272000 00:11 2111                      anon_inode:i915.gem
7fa0c0798000-7fa0c07a0000 rw-s 12226a000 00:11 2111                      anon_inode:i915.gem
7fa0c07a0000-7fa0c07a8000 rw-s 122262000 00:11 2111                      anon_inode:i915.gem
7fa0c07a8000-7fa0c07b0000 rw-s 12225a000 00:11 2111                      anon_inode:i915.gem
7fa0c07b0000-7fa0c07b8000 rw-s 122252000 00:11 2111                      anon_inode:i915.gem
7fa0c07b8000-7fa0c07c0000 rw-s 12224a000 00:11 2111                      anon_inode:i915.gem
7fa0c07c0000-7fa0c07c8000 rw-s 122242000 00:11 2111                      anon_inode:i915.gem
7fa0c07c8000-7fa0c07d0000 rw-s 12223a000 00:11 2111                      anon_inode:i915.gem
7fa0c07d0000-7fa0c07d8000 rw-s 122232000 00:11 2111                      anon_inode:i915.gem
7fa0c07d8000-7fa0c07e0000 rw-s 12222a000 00:11 2111                      anon_inode:i915.gem
7fa0c07e0000-7fa0c07e8000 rw-s 122222000 00:11 2111                      anon_inode:i915.gem
7fa0c07e8000-7fa0c07ec000 rw-s 12221e000 00:11 2111                      anon_inode:i915.gem
7fa0c07ec000-7fa0c07f4000 rw-s 122216000 00:11 2111                      anon_inode:i915.gem
7fa0c07f4000-7fa0c07f8000 rw-s 122212000 00:11 2111                      anon_inode:i915.gem
7fa0c07f8000-7fa0c07fc000 rw-s 12220e000 00:11 2111                      anon_inode:i915.gem
7fa0c07fc000-7fa0c0800000 rw-s 12220a000 00:11 2111                      anon_inode:i915.gem
7fa0c0800000-7fa0c0808000 rw-s 122202000 00:11 2111                      anon_inode:i915.gem
7fa0c0808000-7fa0c0810000 rw-s 1221fa000 00:11 2111                      anon_inode:i915.gem
7fa0c0810000-7fa0c0818000 rw-s 1221f2000 00:11 2111                      anon_inode:i915.gem
7fa0c0818000-7fa0c0820000 rw-s 1221ea000 00:11 2111                      anon_inode:i915.gem
7fa0c0820000-7fa0c0828000 rw-s 1221e2000 00:11 2111                      anon_inode:i915.gem
7fa0c0828000-7fa0c0830000 rw-s 1221da000 00:11 2111                      anon_inode:i915.gem
7fa0c0830000-7fa0c0838000 rw-s 1221d2000 00:11 2111                      anon_inode:i915.gem
7fa0c0838000-7fa0c0840000 rw-s 1221ca000 00:11 2111                      anon_inode:i915.gem
7fa0c0840000-7fa0c0848000 rw-s 1221c2000 00:11 2111                      anon_inode:i915.gem
7fa0c0848000-7fa0c084c000 rw-s 1221be000 00:11 2111                      anon_inode:i915.gem
7fa0c084c000-7fa0c0850000 rw-s 1221ba000 00:11 2111                      anon_inode:i915.gem
7fa0c0850000-7fa0c0854000 rw-s 1221b6000 00:11 2111                      anon_inode:i915.gem
7fa0c0854000-7fa0c085c000 rw-s 1221ae000 00:11 2111                      anon_inode:i915.gem
7fa0c085c000-7fa0c0864000 rw-s 1221a6000 00:11 2111                      anon_inode:i915.gem
7fa0c0864000-7fa0c0868000 rw-s 1221a2000 00:11 2111                      anon_inode:i915.gem
7fa0c0868000-7fa0c086c000 rw-s 12219e000 00:11 2111                      anon_inode:i915.gem
7fa0c086c000-7fa0c0870000 rw-s 12219a000 00:11 2111                      anon_inode:i915.gem
7fa0c0870000-7fa0c0874000 rw-s 122196000 00:11 2111                      anon_inode:i915.gem
7fa0c0874000-7fa0c087c000 rw-s 12218e000 00:11 2111                      anon_inode:i915.gem
7fa0c087c000-7fa0c0884000 rw-s 122186000 00:11 2111                      anon_inode:i915.gem
7fa0c0884000-7fa0c088c000 rw-s 12217e000 00:11 2111                      anon_inode:i915.gem
7fa0c088c000-7fa0c0894000 rw-s 122176000 00:11 2111                      anon_inode:i915.gem
7fa0c0894000-7fa0c089c000 rw-s 12216e000 00:11 2111                      anon_inode:i915.gem
7fa0c089c000-7fa0c08a4000 rw-s 122166000 00:11 2111                      anon_inode:i915.gem
7fa0c08a4000-7fa0c08ac000 rw-s 12215e000 00:11 2111                      anon_inode:i915.gem
7fa0c08ac000-7fa0c08b4000 rw-s 122156000 00:11 2111                      anon_inode:i915.gem
7fa0c08b4000-7fa0c08bc000 rw-s 12214e000 00:11 2111                      anon_inode:i915.gem
7fa0c08bc000-7fa0c08c4000 rw-s 122146000 00:11 2111                      anon_inode:i915.gem
7fa0c08c4000-7fa0c08c8000 rw-s 122142000 00:11 2111                      anon_inode:i915.gem
7fa0c08c8000-7fa0c08cc000 rw-s 12213e000 00:11 2111                      anon_inode:i915.gem
7fa0c08cc000-7fa0c08d0000 rw-s 12213a000 00:11 2111                      anon_inode:i915.gem
7fa0c08d0000-7fa0c08d4000 rw-s 122136000 00:11 2111                      anon_inode:i915.gem
7fa0c08d4000-7fa0c08d8000 rw-s 122132000 00:11 2111                      anon_inode:i915.gem
7fa0c08d8000-7fa0c08e0000 rw-s 12212a000 00:11 2111                      anon_inode:i915.gem
7fa0c08e0000-7fa0c08e8000 rw-s 122122000 00:11 2111                      anon_inode:i915.gem
7fa0c08e8000-7fa0c08ec000 rw-s 12211e000 00:11 2111                      anon_inode:i915.gem
7fa0c08ec000-7fa0c08f0000 rw-s 12211a000 00:11 2111                      anon_inode:i915.gem
7fa0c08f0000-7fa0c08f4000 rw-s 122116000 00:11 2111                      anon_inode:i915.gem
7fa0c08f4000-7fa0c08f8000 rw-s 122112000 00:11 2111                      anon_inode:i915.gem
7fa0c08f8000-7fa0c0900000 rw-s 12210a000 00:11 2111                      anon_inode:i915.gem
7fa0c0900000-7fa0c0908000 rw-s 122102000 00:11 2111                      anon_inode:i915.gem
7fa0c0908000-7fa0c090c000 rw-s 1220fe000 00:11 2111                      anon_inode:i915.gem
7fa0c090c000-7fa0c0910000 rw-s 1220fa000 00:11 2111                      anon_inode:i915.gem
7fa0c0910000-7fa0c0914000 rw-s 1220f6000 00:11 2111                      anon_inode:i915.gem
7fa0c0914000-7fa0c0918000 rw-s 1220f2000 00:11 2111                      anon_inode:i915.gem
7fa0c0918000-7fa0c0920000 rw-s 1220ea000 00:11 2111                      anon_inode:i915.gem
7fa0c0920000-7fa0c0928000 rw-s 1220e2000 00:11 2111                      anon_inode:i915.gem
7fa0c0928000-7fa0c0930000 rw-s 1220da000 00:11 2111                      anon_inode:i915.gem
7fa0c0930000-7fa0c0938000 rw-s 1220d2000 00:11 2111                      anon_inode:i915.gem
7fa0c0938000-7fa0c093c000 rw-s 1220ce000 00:11 2111                      anon_inode:i915.gem
7fa0c093c000-7fa0c0940000 rw-s 1220ca000 00:11 2111                      anon_inode:i915.gem
7fa0c0940000-7fa0c0944000 rw-s 1220c6000 00:11 2111                      anon_inode:i915.gem
7fa0c0944000-7fa0c0946000 rw-s 1220c4000 00:11 2111                      anon_inode:i915.gem
7fa0c0946000-7fa0c094a000 rw-s 1220c0000 00:11 2111                      anon_inode:i915.gem
7fa0c094a000-7fa0c094e000 rw-s 1220bc000 00:11 2111                      anon_inode:i915.gem
7fa0c094e000-7fa0c0952000 rw-s 1220b8000 00:11 2111                      anon_inode:i915.gem
7fa0c0952000-7fa0c0956000 rw-s 1220b4000 00:11 2111                      anon_inode:i915.gem
7fa0c0956000-7fa0c0958000 rw-s 1220b2000 00:11 2111                      anon_inode:i915.gem
7fa0c0958000-7fa0c095c000 rw-s 1220ae000 00:11 2111                      anon_inode:i915.gem
7fa0c095c000-7fa0c0960000 rw-s 1220aa000 00:11 2111                      anon_inode:i915.gem
7fa0c0960000-7fa0c0964000 rw-s 1220a6000 00:11 2111                      anon_inode:i915.gem
7fa0c0964000-7fa0c0968000 rw-s 1220a2000 00:11 2111                      anon_inode:i915.gem
7fa0c0968000-7fa0c096c000 rw-s 12209e000 00:11 2111                      anon_inode:i915.gem
7fa0c096c000-7fa0c0970000 rw-s 12209a000 00:11 2111                      anon_inode:i915.gem
7fa0c0970000-7fa0c0972000 rw-s 122098000 00:11 2111                      anon_inode:i915.gem
7fa0c0972000-7fa0c0976000 rw-s 122094000 00:11 2111                      anon_inode:i915.gem
7fa0c0976000-7fa0c097a000 rw-s 122090000 00:11 2111                      anon_inode:i915.gem
7fa0c097a000-7fa0c097e000 rw-s 12208c000 00:11 2111                      anon_inode:i915.gem
7fa0c097e000-7fa0c0982000 rw-s 122088000 00:11 2111                      anon_inode:i915.gem
7fa0c0982000-7fa0c0986000 rw-s 122084000 00:11 2111                      anon_inode:i915.gem
7fa0c0986000-7fa0c098a000 rw-s 122080000 00:11 2111                      anon_inode:i915.gem
7fa0c098a000-7fa0c098e000 rw-s 12207c000 00:11 2111                      anon_inode:i915.gem
7fa0c098e000-7fa0c0996000 rw-s 122074000 00:11 2111                      anon_inode:i915.gem
7fa0c0996000-7fa0c099a000 rw-s 122070000 00:11 2111                      anon_inode:i915.gem
7fa0c099a000-7fa0c09a2000 rw-s 122068000 00:11 2111                      anon_inode:i915.gem
7fa0c09a2000-7fa0c09aa000 rw-s 122060000 00:11 2111                      anon_inode:i915.gem
7fa0c09aa000-7fa0c09ae000 rw-s 12205c000 00:11 2111                      anon_inode:i915.gem
7fa0c09ae000-7fa0c09b2000 rw-s 122058000 00:11 2111                      anon_inode:i915.gem
7fa0c09b2000-7fa0c09ba000 rw-s 122050000 00:11 2111                      anon_inode:i915.gem
7fa0c09ba000-7fa0c09be000 rw-s 12204c000 00:11 2111                      anon_inode:i915.gem
7fa0c09be000-7fa0c09c2000 rw-s 122048000 00:11 2111                      anon_inode:i915.gem
7fa0c09c2000-7fa0c09ca000 rw-s 122040000 00:11 2111                      anon_inode:i915.gem
7fa0c09ca000-7fa0c09d2000 rw-s 122038000 00:11 2111                      anon_inode:i915.gem
7fa0c09d2000-7fa0c09da000 rw-s 122030000 00:11 2111                      anon_inode:i915.gem
7fa0c09da000-7fa0c09e2000 rw-s 122028000 00:11 2111                      anon_inode:i915.gem
7fa0c09e2000-7fa0c09ea000 rw-s 122020000 00:11 2111                      anon_inode:i915.gem
7fa0c09ea000-7fa0c09f2000 rw-s 122018000 00:11 2111                      anon_inode:i915.gem
7fa0c09f2000-7fa0c09fa000 rw-s 122010000 00:11 2111                      anon_inode:i915.gem
7fa0c09fa000-7fa0c0a02000 rw-s 122008000 00:11 2111                      anon_inode:i915.gem
7fa0c0a02000-7fa0c0a0a000 rw-s 122000000 00:11 2111                      anon_inode:i915.gem
7fa0c0a0a000-7fa0c0a12000 rw-s 121ff8000 00:11 2111                      anon_inode:i915.gem
7fa0c0a12000-7fa0c0a1a000 rw-s 121ff0000 00:11 2111                      anon_inode:i915.gem
7fa0c0a1a000-7fa0c0a22000 rw-s 121fe8000 00:11 2111                      anon_inode:i915.gem
7fa0c0a22000-7fa0c0a2a000 rw-s 121fe0000 00:11 2111                      anon_inode:i915.gem
7fa0c0a2a000-7fa0c0a32000 rw-s 121fd8000 00:11 2111                      anon_inode:i915.gem
7fa0c0a32000-7fa0c0a3a000 rw-s 121fd0000 00:11 2111                      anon_inode:i915.gem
7fa0c0a3a000-7fa0c0a42000 rw-s 121fc8000 00:11 2111                      anon_inode:i915.gem
7fa0c0a42000-7fa0c0a4a000 rw-s 121fc0000 00:11 2111                      anon_inode:i915.gem
7fa0c0a4a000-7fa0c0a52000 rw-s 121fb8000 00:11 2111                      anon_inode:i915.gem
7fa0c0a52000-7fa0c0a5a000 rw-s 121fb0000 00:11 2111                      anon_inode:i915.gem
7fa0c0a5a000-7fa0c0a62000 rw-s 121fa8000 00:11 2111                      anon_inode:i915.gem
7fa0c0a62000-7fa0c0a6a000 rw-s 121fa0000 00:11 2111                      anon_inode:i915.gem
7fa0c0a6a000-7fa0c0a72000 rw-s 121f98000 00:11 2111                      anon_inode:i915.gem
7fa0c0a72000-7fa0c0a7a000 rw-s 121f90000 00:11 2111                      anon_inode:i915.gem
7fa0c0a7a000-7fa0c0a82000 rw-s 121f88000 00:11 2111                      anon_inode:i915.gem
7fa0c0a82000-7fa0c0a8a000 rw-s 121f80000 00:11 2111                      anon_inode:i915.gem
7fa0c0a8a000-7fa0c0a92000 rw-s 121f78000 00:11 2111                      anon_inode:i915.gem
7fa0c0a92000-7fa0c0a9a000 rw-s 121f70000 00:11 2111                      anon_inode:i915.gem
7fa0c0a9a000-7fa0c0a9e000 rw-s 121f6c000 00:11 2111                      anon_inode:i915.gem
7fa0c0a9e000-7fa0c0aa2000 rw-s 121f68000 00:11 2111                      anon_inode:i915.gem
7fa0c0aa2000-7fa0c0aa6000 rw-s 121f64000 00:11 2111                      anon_inode:i915.gem
7fa0c0aa6000-7fa0c0aaa000 rw-s 121f60000 00:11 2111                      anon_inode:i915.gem
7fa0c0aaa000-7fa0c0ab2000 rw-s 121f58000 00:11 2111                      anon_inode:i915.gem
7fa0c0ab2000-7fa0c0ab6000 rw-s 121f54000 00:11 2111                      anon_inode:i915.gem
7fa0c0ab6000-7fa0c0aba000 rw-s 121f50000 00:11 2111                      anon_inode:i915.gem
7fa0c0aba000-7fa0c0abe000 rw-s 121f4c000 00:11 2111                      anon_inode:i915.gem
7fa0c0abe000-7fa0c0ac2000 rw-s 121f48000 00:11 2111                      anon_inode:i915.gem
7fa0c0ac2000-7fa0c0ac6000 rw-s 121f44000 00:11 2111                      anon_inode:i915.gem
7fa0c0ac6000-7fa0c0aca000 rw-s 121f40000 00:11 2111                      anon_inode:i915.gem
7fa0c0aca000-7fa0c0ace000 rw-s 121f3c000 00:11 2111                      anon_inode:i915.gem
7fa0c0ace000-7fa0c0ad2000 rw-s 121f38000 00:11 2111                      anon_inode:i915.gem
7fa0c0ad2000-7fa0c0ada000 rw-s 121f30000 00:11 2111                      anon_inode:i915.gem
7fa0c0ada000-7fa0c0ae2000 rw-s 121f28000 00:11 2111                      anon_inode:i915.gem
7fa0c0ae2000-7fa0c0aea000 rw-s 121f20000 00:11 2111                      anon_inode:i915.gem
7fa0c0aea000-7fa0c0aee000 rw-s 121f1c000 00:11 2111                      anon_inode:i915.gem
7fa0c0aee000-7fa0c0af2000 rw-s 121f18000 00:11 2111                      anon_inode:i915.gem
7fa0c0af2000-7fa0c0af4000 rw-s 121f16000 00:11 2111                      anon_inode:i915.gem
7fa0c0af4000-7fa0c0af8000 rw-s 121f12000 00:11 2111                      anon_inode:i915.gem
7fa0c0af8000-7fa0c0b00000 rw-s 121f0a000 00:11 2111                      anon_inode:i915.gem
7fa0c0b00000-7fa0c0b08000 rw-s 121f02000 00:11 2111                      anon_inode:i915.gem
7fa0c0b08000-7fa0c0b10000 rw-s 121efa000 00:11 2111                      anon_inode:i915.gem
7fa0c0b10000-7fa0c0b14000 rw-s 121ef6000 00:11 2111                      anon_inode:i915.gem
7fa0c0b14000-7fa0c0b18000 rw-s 121ef2000 00:11 2111                      anon_inode:i915.gem
7fa0c0b18000-7fa0c0b1a000 rw-s 121ef0000 00:11 2111                      anon_inode:i915.gem
7fa0c0b1a000-7fa0c0b1e000 rw-s 121eec000 00:11 2111                      anon_inode:i915.gem
7fa0c0b1e000-7fa0c0b22000 rw-s 121ee8000 00:11 2111                      anon_inode:i915.gem
7fa0c0b22000-7fa0c0b26000 rw-s 121ee4000 00:11 2111                      anon_inode:i915.gem
7fa0c0b26000-7fa0c0b28000 rw-s 121ee2000 00:11 2111                      anon_inode:i915.gem
7fa0c0b28000-7fa0c0b2a000 rw-s 121ee0000 00:11 2111                      anon_inode:i915.gem
7fa0c0b2a000-7fa0c0b2c000 rw-s 121ede000 00:11 2111                      anon_inode:i915.gem
7fa0c0b2c000-7fa0c0b30000 rw-s 121eda000 00:11 2111                      anon_inode:i915.gem
7fa0c0b30000-7fa0c0b34000 rw-s 121ed6000 00:11 2111                      anon_inode:i915.gem
7fa0c0b34000-7fa0c0b38000 rw-s 121ed2000 00:11 2111                      anon_inode:i915.gem
7fa0c0b38000-7fa0c0b40000 rw-s 121eca000 00:11 2111                      anon_inode:i915.gem
7fa0c0b40000-7fa0c0b44000 rw-s 121ec6000 00:11 2111                      anon_inode:i915.gem
7fa0c0b44000-7fa0c0b48000 rw-s 121ec2000 00:11 2111                      anon_inode:i915.gem
7fa0c0b48000-7fa0c0b50000 rw-s 121eba000 00:11 2111                      anon_inode:i915.gem
7fa0c0b50000-7fa0c0b58000 rw-s 121eb2000 00:11 2111                      anon_inode:i915.gem
7fa0c0b58000-7fa0c0b60000 rw-s 121eaa000 00:11 2111                      anon_inode:i915.gem
7fa0c0b60000-7fa0c0b68000 rw-s 121ea2000 00:11 2111                      anon_inode:i915.gem
7fa0c0b68000-7fa0c0b70000 rw-s 121e9a000 00:11 2111                      anon_inode:i915.gem
7fa0c0b70000-7fa0c0b78000 rw-s 121e92000 00:11 2111                      anon_inode:i915.gem
7fa0c0b78000-7fa0c0b80000 rw-s 121e8a000 00:11 2111                      anon_inode:i915.gem
7fa0c0b80000-7fa0c0b84000 rw-s 121e86000 00:11 2111                      anon_inode:i915.gem
7fa0c0b84000-7fa0c0b88000 rw-s 121e82000 00:11 2111                      anon_inode:i915.gem
7fa0c0b88000-7fa0c0b90000 rw-s 121e7a000 00:11 2111                      anon_inode:i915.gem
7fa0c0b90000-7fa0c0b98000 rw-s 121e72000 00:11 2111                      anon_inode:i915.gem
7fa0c0b98000-7fa0c0b9c000 rw-s 121e6e000 00:11 2111                      anon_inode:i915.gem
7fa0c0b9c000-7fa0c0ba0000 rw-s 121e6a000 00:11 2111                      anon_inode:i915.gem
7fa0c0ba0000-7fa0c0ba8000 rw-s 121e62000 00:11 2111                      anon_inode:i915.gem
7fa0c0ba8000-7fa0c0bac000 rw-s 121e5e000 00:11 2111                      anon_inode:i915.gem
7fa0c0bac000-7fa0c0bb4000 rw-s 121e56000 00:11 2111                      anon_inode:i915.gem
7fa0c0bb4000-7fa0c0bb8000 rw-s 121e52000 00:11 2111                      anon_inode:i915.gem
7fa0c0bb8000-7fa0c0bbc000 rw-s 121e4e000 00:11 2111                      anon_inode:i915.gem
7fa0c0bbc000-7fa0c0bc0000 rw-s 121e4a000 00:11 2111                      anon_inode:i915.gem
7fa0c0bc0000-7fa0c0bc4000 rw-s 121e46000 00:11 2111                      anon_inode:i915.gem
7fa0c0bc4000-7fa0c0bc8000 rw-s 121e42000 00:11 2111                      anon_inode:i915.gem
7fa0c0bc8000-7fa0c0bd0000 rw-s 121e3a000 00:11 2111                      anon_inode:i915.gem
7fa0c0bd0000-7fa0c0bd8000 rw-s 121e32000 00:11 2111                      anon_inode:i915.gem
7fa0c0bd8000-7fa0c0be0000 rw-s 121e2a000 00:11 2111                      anon_inode:i915.gem
7fa0c0be0000-7fa0c0be8000 rw-s 121e22000 00:11 2111                      anon_inode:i915.gem
7fa0c0be8000-7fa0c0bf0000 rw-s 121e1a000 00:11 2111                      anon_inode:i915.gem
7fa0c0bf0000-7fa0c0bf8000 rw-s 121e12000 00:11 2111                      anon_inode:i915.gem
7fa0c0bf8000-7fa0c0c00000 rw-s 121e0a000 00:11 2111                      anon_inode:i915.gem
7fa0c0c00000-7fa0c0c08000 rw-s 121e02000 00:11 2111                      anon_inode:i915.gem
7fa0c0c08000-7fa0c0c0c000 rw-s 121dfe000 00:11 2111                      anon_inode:i915.gem
7fa0c0c0c000-7fa0c0c10000 rw-s 121dfa000 00:11 2111                      anon_inode:i915.gem
7fa0c0c10000-7fa0c0c14000 rw-s 121df6000 00:11 2111                      anon_inode:i915.gem
7fa0c0c14000-7fa0c0c18000 rw-s 121df2000 00:11 2111                      anon_inode:i915.gem
7fa0c0c18000-7fa0c0c1c000 rw-s 121dee000 00:11 2111                      anon_inode:i915.gem
7fa0c0c1c000-7fa0c0c20000 rw-s 121dea000 00:11 2111                      anon_inode:i915.gem
7fa0c0c20000-7fa0c0c28000 rw-s 121de2000 00:11 2111                      anon_inode:i915.gem
7fa0c0c28000-7fa0c0c30000 rw-s 121dda000 00:11 2111                      anon_inode:i915.gem
7fa0c0c30000-7fa0c0c38000 rw-s 121dd2000 00:11 2111                      anon_inode:i915.gem
7fa0c0c38000-7fa0c0c40000 rw-s 121dca000 00:11 2111                      anon_inode:i915.gem
7fa0c0c40000-7fa0c0c48000 rw-s 121dc2000 00:11 2111                      anon_inode:i915.gem
7fa0c0c48000-7fa0c0c50000 rw-s 121dba000 00:11 2111                      anon_inode:i915.gem
7fa0c0c50000-7fa0c0c58000 rw-s 121db2000 00:11 2111                      anon_inode:i915.gem
7fa0c0c58000-7fa0c0c60000 rw-s 121daa000 00:11 2111                      anon_inode:i915.gem
7fa0c0c60000-7fa0c0c68000 rw-s 121da2000 00:11 2111                      anon_inode:i915.gem
7fa0c0c68000-7fa0c0c70000 rw-s 121d9a000 00:11 2111                      anon_inode:i915.gem
7fa0c0c70000-7fa0c0c78000 rw-s 121d92000 00:11 2111                      anon_inode:i915.gem
7fa0c0c78000-7fa0c0c80000 rw-s 121d8a000 00:11 2111                      anon_inode:i915.gem
7fa0c0c80000-7fa0c0c88000 rw-s 121d82000 00:11 2111                      anon_inode:i915.gem
7fa0c0c88000-7fa0c0c8c000 rw-s 121d7e000 00:11 2111                      anon_inode:i915.gem
7fa0c0c8c000-7fa0c0c8e000 rw-s 121d7c000 00:11 2111                      anon_inode:i915.gem
7fa0c0c8e000-7fa0c0c90000 rw-s 121d7a000 00:11 2111                      anon_inode:i915.gem
7fa0c0c90000-7fa0c0c92000 rw-s 121d78000 00:11 2111                      anon_inode:i915.gem
7fa0c0c92000-7fa0c0c96000 rw-s 121d74000 00:11 2111                      anon_inode:i915.gem
7fa0c0c96000-7fa0c0c9a000 rw-s 121d70000 00:11 2111                      anon_inode:i915.gem
7fa0c0c9a000-7fa0c0c9e000 rw-s 121d6c000 00:11 2111                      anon_inode:i915.gem
7fa0c0c9e000-7fa0c0ca2000 rw-s 121d68000 00:11 2111                      anon_inode:i915.gem
7fa0c0ca2000-7fa0c0ca6000 rw-s 121d64000 00:11 2111                      anon_inode:i915.gem
7fa0c0ca6000-7fa0c0caa000 rw-s 121d60000 00:11 2111                      anon_inode:i915.gem
7fa0c0caa000-7fa0c0cae000 rw-s 121d5c000 00:11 2111                      anon_inode:i915.gem
7fa0c0cae000-7fa0c0cb2000 rw-s 121d58000 00:11 2111                      anon_inode:i915.gem
7fa0c0cb2000-7fa0c0cba000 rw-s 121d50000 00:11 2111                      anon_inode:i915.gem
7fa0c0cba000-7fa0c0cbe000 rw-s 121d4c000 00:11 2111                      anon_inode:i915.gem
7fa0c0cbe000-7fa0c0cc2000 rw-s 121d48000 00:11 2111                      anon_inode:i915.gem
7fa0c0cc2000-7fa0c0cc6000 rw-s 121d44000 00:11 2111                      anon_inode:i915.gem
7fa0c0cc6000-7fa0c0cca000 rw-s 121d40000 00:11 2111                      anon_inode:i915.gem
7fa0c0cca000-7fa0c0cce000 rw-s 121d3c000 00:11 2111                      anon_inode:i915.gem
7fa0c0cce000-7fa0c0cd6000 rw-s 121d34000 00:11 2111                      anon_inode:i915.gem
7fa0c0cd6000-7fa0c0cde000 rw-s 121d2c000 00:11 2111                      anon_inode:i915.gem
7fa0c0cde000-7fa0c0ce2000 rw-s 121d28000 00:11 2111                      anon_inode:i915.gem
7fa0c0ce2000-7fa0c0cea000 rw-s 121d20000 00:11 2111                      anon_inode:i915.gem
7fa0c0cea000-7fa0c0cf2000 rw-s 121d18000 00:11 2111                      anon_inode:i915.gem
7fa0c0cf2000-7fa0c0cfa000 rw-s 121d10000 00:11 2111                      anon_inode:i915.gem
7fa0c0cfa000-7fa0c0d02000 rw-s 121d08000 00:11 2111                      anon_inode:i915.gem
7fa0c0d02000-7fa0c0d0a000 rw-s 121d00000 00:11 2111                      anon_inode:i915.gem
7fa0c0d0a000-7fa0c0d12000 rw-s 121cf8000 00:11 2111                      anon_inode:i915.gem
7fa0c0d12000-7fa0c0d1a000 rw-s 121cf0000 00:11 2111                      anon_inode:i915.gem
7fa0c0d1a000-7fa0c0d22000 rw-s 121ce8000 00:11 2111                      anon_inode:i915.gem
7fa0c0d22000-7fa0c0d2a000 rw-s 121ce0000 00:11 2111                      anon_inode:i915.gem
7fa0c0d2a000-7fa0c0d32000 rw-s 121cd8000 00:11 2111                      anon_inode:i915.gem
7fa0c0d32000-7fa0c0d3a000 rw-s 121cd0000 00:11 2111                      anon_inode:i915.gem
7fa0c0d3a000-7fa0c0d3e000 rw-s 121ccc000 00:11 2111                      anon_inode:i915.gem
7fa0c0d3e000-7fa0c0d42000 rw-s 121cc8000 00:11 2111                      anon_inode:i915.gem
7fa0c0d42000-7fa0c0d46000 rw-s 121cc4000 00:11 2111                      anon_inode:i915.gem
7fa0c0d46000-7fa0c0d4a000 rw-s 121cc0000 00:11 2111                      anon_inode:i915.gem
7fa0c0d4a000-7fa0c0d52000 rw-s 121cb8000 00:11 2111                      anon_inode:i915.gem
7fa0c0d52000-7fa0c0d5a000 rw-s 121cb0000 00:11 2111                      anon_inode:i915.gem
7fa0c0d5a000-7fa0c0d62000 rw-s 121ca8000 00:11 2111                      anon_inode:i915.gem
7fa0c0d62000-7fa0c0d6a000 rw-s 121ca0000 00:11 2111                      anon_inode:i915.gem
7fa0c0d6a000-7fa0c0d6e000 rw-s 121c9c000 00:11 2111                      anon_inode:i915.gem
7fa0c0d6e000-7fa0c0d76000 rw-s 121c94000 00:11 2111                      anon_inode:i915.gem
7fa0c0d76000-7fa0c0d7e000 rw-s 121c8c000 00:11 2111                      anon_inode:i915.gem
7fa0c0d7e000-7fa0c0d82000 rw-s 121c88000 00:11 2111                      anon_inode:i915.gem
7fa0c0d82000-7fa0c0d8a000 rw-s 121c80000 00:11 2111                      anon_inode:i915.gem
7fa0c0d8a000-7fa0c0d92000 rw-s 121c78000 00:11 2111                      anon_inode:i915.gem
7fa0c0d92000-7fa0c0d9a000 rw-s 121c70000 00:11 2111                      anon_inode:i915.gem
7fa0c0d9a000-7fa0c0d9e000 rw-s 121c6c000 00:11 2111                      anon_inode:i915.gem
7fa0c0d9e000-7fa0c0da6000 rw-s 121c64000 00:11 2111                      anon_inode:i915.gem
7fa0c0da6000-7fa0c0daa000 rw-s 121c60000 00:11 2111                      anon_inode:i915.gem
7fa0c0daa000-7fa0c0dae000 rw-s 121c5c000 00:11 2111                      anon_inode:i915.gem
7fa0c0dae000-7fa0c0db2000 rw-s 121c58000 00:11 2111                      anon_inode:i915.gem
7fa0c0db2000-7fa0c0dba000 rw-s 121c50000 00:11 2111                      anon_inode:i915.gem
7fa0c0dba000-7fa0c0dbe000 rw-s 121c4c000 00:11 2111                      anon_inode:i915.gem
7fa0c0dbe000-7fa0c0dc2000 rw-s 121c48000 00:11 2111                      anon_inode:i915.gem
7fa0c0dc2000-7fa0c0dca000 rw-s 121c40000 00:11 2111                      anon_inode:i915.gem
7fa0c0dca000-7fa0c0dd2000 rw-s 121c38000 00:11 2111                      anon_inode:i915.gem
7fa0c0dd2000-7fa0c0dda000 rw-s 121c30000 00:11 2111                      anon_inode:i915.gem
7fa0c0dda000-7fa0c0dde000 rw-s 121c2c000 00:11 2111                      anon_inode:i915.gem
7fa0c0dde000-7fa0c0de2000 rw-s 121c28000 00:11 2111                      anon_inode:i915.gem
7fa0c0de2000-7fa0c0de6000 rw-s 121c24000 00:11 2111                      anon_inode:i915.gem
7fa0c0de6000-7fa0c0dee000 rw-s 121c1c000 00:11 2111                      anon_inode:i915.gem
7fa0c0dee000-7fa0c0df2000 rw-s 121c18000 00:11 2111                      anon_inode:i915.gem
7fa0c0df2000-7fa0c0df6000 rw-s 121c14000 00:11 2111                      anon_inode:i915.gem
7fa0c0df6000-7fa0c0dfa000 rw-s 121c10000 00:11 2111                      anon_inode:i915.gem
7fa0c0dfa000-7fa0c0dfe000 rw-s 121c0c000 00:11 2111                      anon_inode:i915.gem
7fa0c0dfe000-7fa0c0e06000 rw-s 121c04000 00:11 2111                      anon_inode:i915.gem
7fa0c0e06000-7fa0c0e0e000 rw-s 121bfc000 00:11 2111                      anon_inode:i915.gem
7fa0c0e0e000-7fa0c0e12000 rw-s 121bf8000 00:11 2111                      anon_inode:i915.gem
7fa0c0e12000-7fa0c0e16000 rw-s 121bf4000 00:11 2111                      anon_inode:i915.gem
7fa0c0e16000-7fa0c0e1a000 rw-s 121bf0000 00:11 2111                      anon_inode:i915.gem
7fa0c0e1a000-7fa0c0e22000 rw-s 121be8000 00:11 2111                      anon_inode:i915.gem
7fa0c0e22000-7fa0c0e2a000 rw-s 121be0000 00:11 2111                      anon_inode:i915.gem
7fa0c0e2a000-7fa0c0e32000 rw-s 121bd8000 00:11 2111                      anon_inode:i915.gem
7fa0c0e32000-7fa0c0e36000 rw-s 121bd4000 00:11 2111                      anon_inode:i915.gem
7fa0c0e36000-7fa0c0e3a000 rw-s 121bd0000 00:11 2111                      anon_inode:i915.gem
7fa0c0e3a000-7fa0c0e42000 rw-s 121bc8000 00:11 2111                      anon_inode:i915.gem
7fa0c0e42000-7fa0c0e4a000 rw-s 121bc0000 00:11 2111                      anon_inode:i915.gem
7fa0c0e4a000-7fa0c0e4e000 rw-s 121bbc000 00:11 2111                      anon_inode:i915.gem
7fa0c0e4e000-7fa0c0e52000 rw-s 121bb8000 00:11 2111                      anon_inode:i915.gem
7fa0c0e52000-7fa0c0e56000 rw-s 121bb4000 00:11 2111                      anon_inode:i915.gem
7fa0c0e56000-7fa0c0e5e000 rw-s 121bac000 00:11 2111                      anon_inode:i915.gem
7fa0c0e5e000-7fa0c0e62000 rw-s 121ba8000 00:11 2111                      anon_inode:i915.gem
7fa0c0e62000-7fa0c0e6a000 rw-s 121ba0000 00:11 2111                      anon_inode:i915.gem
7fa0c0e6a000-7fa0c0e72000 rw-s 121b98000 00:11 2111                      anon_inode:i915.gem
7fa0c0e72000-7fa0c0e76000 rw-s 121b94000 00:11 2111                      anon_inode:i915.gem
7fa0c0e76000-7fa0c0e7a000 rw-s 121b90000 00:11 2111                      anon_inode:i915.gem
7fa0c0e7a000-7fa0c0e7e000 rw-s 121b8c000 00:11 2111                      anon_inode:i915.gem
7fa0c0e7e000-7fa0c0e82000 rw-s 121b88000 00:11 2111                      anon_inode:i915.gem
7fa0c0e82000-7fa0c0e86000 rw-s 121b84000 00:11 2111                      anon_inode:i915.gem
7fa0c0e86000-7fa0c0e8a000 rw-s 121b80000 00:11 2111                      anon_inode:i915.gem
7fa0c0e8a000-7fa0c0e8e000 rw-s 121b7c000 00:11 2111                      anon_inode:i915.gem
7fa0c0e8e000-7fa0c0e92000 rw-s 121b78000 00:11 2111                      anon_inode:i915.gem
7fa0c0e92000-7fa0c0e96000 rw-s 121b74000 00:11 2111                      anon_inode:i915.gem
7fa0c0e96000-7fa0c0e9a000 rw-s 121b70000 00:11 2111                      anon_inode:i915.gem
7fa0c0e9a000-7fa0c0ea2000 rw-s 121b68000 00:11 2111                      anon_inode:i915.gem
7fa0c0ea2000-7fa0c0eaa000 rw-s 121b60000 00:11 2111                      anon_inode:i915.gem
7fa0c0eaa000-7fa0c0eb2000 rw-s 121b58000 00:11 2111                      anon_inode:i915.gem
7fa0c0eb2000-7fa0c10b2000 rw-s 121958000 00:11 2111                      anon_inode:i915.gem
7fa0c10b2000-7fa0c10f2000 rw-s 121918000 00:11 2111                      anon_inode:i915.gem
7fa0c10f2000-7fa0c12f2000 rw-s 136538000 00:11 2111                      anon_inode:i915.gem
7fa0c12f2000-7fa0c14f2000 rw-s 121518000 00:11 2111                      anon_inode:i915.gem
7fa0c14f2000-7fa0c16f2000 rw-s 121318000 00:11 2111                      anon_inode:i915.gem
7fa0c16f2000-7fa0c16f6000 rw-s 121314000 00:11 2111                      anon_inode:i915.gem
7fa0c16f6000-7fa0c16f8000 rw-s 121312000 00:11 2111                      anon_inode:i915.gem
7fa0c16f8000-7fa0c16fa000 rw-s 121310000 00:11 2111                      anon_inode:i915.gem
7fa0c16fa000-7fa0c16fc000 rw-s 12130e000 00:11 2111                      anon_inode:i915.gem
7fa0c16fc000-7fa0c1700000 rw-s 12130a000 00:11 2111                      anon_inode:i915.gem
7fa0c1700000-7fa0c1702000 rw-s 121308000 00:11 2111                      anon_inode:i915.gem
7fa0c1702000-7fa0c1704000 rw-s 121306000 00:11 2111                      anon_inode:i915.gem
7fa0c1704000-7fa0c1706000 rw-s 121304000 00:11 2111                      anon_inode:i915.gem
7fa0c1706000-7fa0c1708000 rw-s 121302000 00:11 2111                      anon_inode:i915.gem
7fa0c1708000-7fa0c170a000 rw-s 121300000 00:11 2111                      anon_inode:i915.gem
7fa0c170a000-7fa0c170c000 rw-s 1212fe000 00:11 2111                      anon_inode:i915.gem
7fa0c170c000-7fa0c170e000 rw-s 1212fc000 00:11 2111                      anon_inode:i915.gem
7fa0c170e000-7fa0c1710000 rw-s 1212fa000 00:11 2111                      anon_inode:i915.gem
7fa0c1710000-7fa0c1712000 rw-s 1212f8000 00:11 2111                      anon_inode:i915.gem
7fa0c1712000-7fa0c1714000 rw-s 1212f6000 00:11 2111                      anon_inode:i915.gem
7fa0c1714000-7fa0c1716000 rw-s 1212f4000 00:11 2111                      anon_inode:i915.gem
7fa0c1716000-7fa0c171a000 rw-s 1212f0000 00:11 2111                      anon_inode:i915.gem
7fa0c171a000-7fa0c171e000 rw-s 1212ec000 00:11 2111                      anon_inode:i915.gem
7fa0c171e000-7fa0c1720000 rw-s 1212ea000 00:11 2111                      anon_inode:i915.gem
7fa0c1720000-7fa0c1722000 rw-s 1212e8000 00:11 2111                      anon_inode:i915.gem
7fa0c1722000-7fa0c1724000 rw-s 1212e6000 00:11 2111                      anon_inode:i915.gem
7fa0c1724000-7fa0c1726000 rw-s 1212e4000 00:11 2111                      anon_inode:i915.gem
7fa0c1726000-7fa0c1728000 rw-s 1212e2000 00:11 2111                      anon_inode:i915.gem
7fa0c1728000-7fa0c172a000 rw-s 1212e0000 00:11 2111                      anon_inode:i915.gem
7fa0c172a000-7fa0c172c000 rw-s 1212de000 00:11 2111                      anon_inode:i915.gem
7fa0c172c000-7fa0c1730000 rw-s 1212da000 00:11 2111                      anon_inode:i915.gem
7fa0c1730000-7fa0c1734000 rw-s 1212d6000 00:11 2111                      anon_inode:i915.gem
7fa0c1734000-7fa0c1736000 rw-s 1212d4000 00:11 2111                      anon_inode:i915.gem
7fa0c1736000-7fa0c173a000 rw-s 1212d0000 00:11 2111                      anon_inode:i915.gem
7fa0c173a000-7fa0c193a000 rw-s 1210d0000 00:11 2111                      anon_inode:i915.gem
7fa0c193a000-7fa0c1b3a000 rw-s 120ed0000 00:11 2111                      anon_inode:i915.gem
7fa0c1b3a000-7fa0c1d3a000 rw-s 120cd0000 00:11 2111                      anon_inode:i915.gem
7fa0c1d3a000-7fa0c1f3a000 rw-s 120ad0000 00:11 2111                      anon_inode:i915.gem
7fa0c1f3a000-7fa0c213a000 rw-s 1208d0000 00:11 2111                      anon_inode:i915.gem
7fa0c213a000-7fa0c233a000 rw-s 1206d0000 00:11 2111                      anon_inode:i915.gem
7fa0c233a000-7fa0c237a000 rw-s 120690000 00:11 2111                      anon_inode:i915.gem
7fa0c237a000-7fa0c23ba000 rw-s 120650000 00:11 2111                      anon_inode:i915.gem
7fa0c23ba000-7fa0c23fa000 rw-s 120610000 00:11 2111                      anon_inode:i915.gem
7fa0c23fa000-7fa0c243a000 rw-s 1205d0000 00:11 2111                      anon_inode:i915.gem
7fa0c243a000-7fa0c247a000 rw-s 120590000 00:11 2111                      anon_inode:i915.gem
7fa0c247a000-7fa0c24ba000 rw-s 120550000 00:11 2111                      anon_inode:i915.gem
7fa0c24ba000-7fa0c24fa000 rw-s 120510000 00:11 2111                      anon_inode:i915.gem
7fa0c24fa000-7fa0c253a000 rw-s 1204d0000 00:11 2111                      anon_inode:i915.gem
7fa0c253a000-7fa0c273a000 rw-s 1202d0000 00:11 2111                      anon_inode:i915.gem
7fa0c273a000-7fa0c293a000 rw-s 1200d0000 00:11 2111                      anon_inode:i915.gem
7fa0c293a000-7fa0c2b3a000 rw-s 11fed0000 00:11 2111                      anon_inode:i915.gem
7fa0c2b3a000-7fa0c2d3a000 rw-s 11fcd0000 00:11 2111                      anon_inode:i915.gem
7fa0c2d3a000-7fa0c2f3a000 rw-s 11fad0000 00:11 2111                      anon_inode:i915.gem
7fa0c2f3a000-7fa0c2f7a000 rw-s 11fa90000 00:11 2111                      anon_inode:i915.gem
7fa0c2f7a000-7fa0c2fba000 rw-s 11fa50000 00:11 2111                      anon_inode:i915.gem
7fa0c2fba000-7fa0c2ffa000 rw-s 11fa10000 00:11 2111                      anon_inode:i915.gem
7fa0c2ffa000-7fa0c303a000 rw-s 11f9d0000 00:11 2111                      anon_inode:i915.gem
7fa0c303a000-7fa0c307a000 rw-s 11f990000 00:11 2111                      anon_inode:i915.gem
7fa0c307a000-7fa0c30ba000 rw-s 11f950000 00:11 2111                      anon_inode:i915.gem
7fa0c30ba000-7fa0c30fa000 rw-s 11f910000 00:11 2111                      anon_inode:i915.gem
7fa0c30fa000-7fa0c313a000 rw-s 11f8d0000 00:11 2111                      anon_inode:i915.gem
7fa0c313a000-7fa0c317a000 rw-s 11f890000 00:11 2111                      anon_inode:i915.gem
7fa0c317a000-7fa0c31ba000 rw-s 11f850000 00:11 2111                      anon_inode:i915.gem
7fa0c31ba000-7fa0c33ba000 rw-s 11f650000 00:11 2111                      anon_inode:i915.gem
7fa0c33ba000-7fa0c35ba000 rw-s 11f450000 00:11 2111                      anon_inode:i915.gem
7fa0c35ba000-7fa0c37ba000 rw-s 11f250000 00:11 2111                      anon_inode:i915.gem
7fa0c37ba000-7fa0c3bba000 rw-s 11ee50000 00:11 2111                      anon_inode:i915.gem
7fa0c3bba000-7fa0c3dba000 rw-s 11ec50000 00:11 2111                      anon_inode:i915.gem
7fa0c3dba000-7fa0c3fba000 rw-s 11ea50000 00:11 2111                      anon_inode:i915.gem
7fa0c3fba000-7fa0c3ffa000 rw-s 11ea10000 00:11 2111                      anon_inode:i915.gem
7fa0c3ffa000-7fa0c49fa000 rw-s 11e010000 00:11 2111                      anon_inode:i915.gem
7fa0c49fa000-7fa0c53fa000 rw-s 11d610000 00:11 2111                      anon_inode:i915.gem
7fa0c53fa000-7fa0c55fa000 rw-s 11d410000 00:11 2111                      anon_inode:i915.gem
7fa0c55fa000-7fa0c57fa000 rw-s 11d210000 00:11 2111                      anon_inode:i915.gem
7fa0c57fa000-7fa0c59fa000 rw-s 11d010000 00:11 2111                      anon_inode:i915.gem
7fa0c59fa000-7fa0c5bfa000 rw-s 11ce10000 00:11 2111                      anon_inode:i915.gem
7fa0c5bfa000-7fa0c5dfa000 rw-s 11cc10000 00:11 2111                      anon_inode:i915.gem
7fa0c5dfa000-7fa0c5ffa000 rw-s 11ca10000 00:11 2111                      anon_inode:i915.gem
7fa0c5ffa000-7fa0c61fa000 rw-s 11c810000 00:11 2111                      anon_inode:i915.gem
7fa0c61fa000-7fa0c63fa000 rw-s 11c610000 00:11 2111                      anon_inode:i915.gem
7fa0c63fa000-7fa0c65fa000 rw-s 11c410000 00:11 2111                      anon_inode:i915.gem
7fa0c65fa000-7fa0c69fa000 rw-s 11c010000 00:11 2111                      anon_inode:i915.gem
7fa0c69fa000-7fa0c6a3a000 rw-s 11bfd0000 00:11 2111                      anon_inode:i915.gem
7fa0c6a3a000-7fa0c6a7a000 rw-s 11bf90000 00:11 2111                      anon_inode:i915.gem
7fa0c6a7a000-7fa0c6a7e000 rw-s 11bf8c000 00:11 2111                      anon_inode:i915.gem
7fa0c6a7e000-7fa0c6a86000 rw-s 11bf84000 00:11 2111                      anon_inode:i915.gem
7fa0c6a86000-7fa0c6a8e000 rw-s 11bf7c000 00:11 2111                      anon_inode:i915.gem
7fa0c6a8e000-7fa0c6a96000 rw-s 11bf74000 00:11 2111                      anon_inode:i915.gem
7fa0c6a96000-7fa0c6a9e000 rw-s 11bf6c000 00:11 2111                      anon_inode:i915.gem
7fa0c6a9e000-7fa0c6aa6000 rw-s 11bf64000 00:11 2111                      anon_inode:i915.gem
7fa0c6aa6000-7fa0c6aae000 rw-s 11bf5c000 00:11 2111                      anon_inode:i915.gem
7fa0c6aae000-7fa0c6ab6000 rw-s 11bf54000 00:11 2111                      anon_inode:i915.gem
7fa0c6ab6000-7fa0c6abe000 rw-s 11bf4c000 00:11 2111                      anon_inode:i915.gem
7fa0c6abe000-7fa0c6ac6000 rw-s 11bf44000 00:11 2111                      anon_inode:i915.gem
7fa0c6ac6000-7fa0c6aca000 rw-s 11bf40000 00:11 2111                      anon_inode:i915.gem
7fa0c6aca000-7fa0c6ad2000 rw-s 11bf38000 00:11 2111                      anon_inode:i915.gem
7fa0c6ad2000-7fa0c6ada000 rw-s 11bf30000 00:11 2111                      anon_inode:i915.gem
7fa0c6ada000-7fa0c6ae2000 rw-s 11bf28000 00:11 2111                      anon_inode:i915.gem
7fa0c6ae2000-7fa0c6ae4000 rw-s 11bf26000 00:11 2111                      anon_inode:i915.gem
7fa0c6ae4000-7fa0c6ae8000 rw-s 11bf22000 00:11 2111                      anon_inode:i915.gem
7fa0c6ae8000-7fa0c6af0000 rw-s 11bf1a000 00:11 2111                      anon_inode:i915.gem
7fa0c6af0000-7fa0c6af8000 rw-s 11bf12000 00:11 2111                      anon_inode:i915.gem
7fa0c6af8000-7fa0c6afc000 rw-s 11bf0e000 00:11 2111                      anon_inode:i915.gem
7fa0c6afc000-7fa0c6b04000 rw-s 11bf06000 00:11 2111                      anon_inode:i915.gem
7fa0c6b04000-7fa0c6b0c000 rw-s 11befe000 00:11 2111                      anon_inode:i915.gem
7fa0c6b0c000-7fa0c6b10000 rw-s 11befa000 00:11 2111                      anon_inode:i915.gem
7fa0c6b10000-7fa0c6b14000 rw-s 11bef6000 00:11 2111                      anon_inode:i915.gem
7fa0c6b14000-7fa0c6b18000 rw-s 10975e000 00:11 2111                      anon_inode:i915.gem
7fa0c6b18000-7fa0c6b20000 rw-s 11beee000 00:11 2111                      anon_inode:i915.gem
7fa0c6b20000-7fa0c6b28000 rw-s 11bee6000 00:11 2111                      anon_inode:i915.gem
7fa0c6b28000-7fa0c6b30000 rw-s 11bede000 00:11 2111                      anon_inode:i915.gem
7fa0c6b30000-7fa0c6b38000 rw-s 11bed6000 00:11 2111                      anon_inode:i915.gem
7fa0c6b38000-7fa0c6b40000 rw-s 11bece000 00:11 2111                      anon_inode:i915.gem
7fa0c6b40000-7fa0c6b48000 rw-s 11bec6000 00:11 2111                      anon_inode:i915.gem
7fa0c6b48000-7fa0c6b50000 rw-s 11bebe000 00:11 2111                      anon_inode:i915.gem
7fa0c6b50000-7fa0c6b58000 rw-s 11beb6000 00:11 2111                      anon_inode:i915.gem
7fa0c6b58000-7fa0c6b60000 rw-s 11beae000 00:11 2111                      anon_inode:i915.gem
7fa0c6b60000-7fa0c6b68000 rw-s 11bea6000 00:11 2111                      anon_inode:i915.gem
7fa0c6b68000-7fa0c6b70000 rw-s 11be9e000 00:11 2111                      anon_inode:i915.gem
7fa0c6b70000-7fa0c6b78000 rw-s 11be96000 00:11 2111                      anon_inode:i915.gem
7fa0c6b78000-7fa0c6b7a000 rw-s 10975c000 00:11 2111                      anon_inode:i915.gem
7fa0c6b7a000-7fa0c6b82000 rw-s 11be8e000 00:11 2111                      anon_inode:i915.gem
7fa0c6b82000-7fa0c6b84000 rw-s 116b3a000 00:11 2111                      anon_inode:i915.gem
7fa0c6b84000-7fa0c6b8c000 rw-s 11be86000 00:11 2111                      anon_inode:i915.gem
7fa0c6b8c000-7fa0c6b94000 rw-s 11be7e000 00:11 2111                      anon_inode:i915.gem
7fa0c6b94000-7fa0c6b9c000 rw-s 11be76000 00:11 2111                      anon_inode:i915.gem
7fa0c6b9c000-7fa0c6ba4000 rw-s 11be6e000 00:11 2111                      anon_inode:i915.gem
7fa0c6ba4000-7fa0c6bac000 rw-s 11be66000 00:11 2111                      anon_inode:i915.gem
7fa0c6bac000-7fa0c6bb4000 rw-s 11be5e000 00:11 2111                      anon_inode:i915.gem
7fa0c6bb4000-7fa0c6bbc000 rw-s 11be56000 00:11 2111                      anon_inode:i915.gem
7fa0c6bbc000-7fa0c6bc4000 rw-s 109754000 00:11 2111                      anon_inode:i915.gem
7fa0c6bc4000-7fa0c6bcc000 rw-s 10974c000 00:11 2111                      anon_inode:i915.gem
7fa0c6bcc000-7fa0c6c0c000 rw-s 11be16000 00:11 2111                      anon_inode:i915.gem
7fa0c6c0c000-7fa0c6c4c000 rw-s 11bdd6000 00:11 2111                      anon_inode:i915.gem
7fa0c6c4c000-7fa0c6c8c000 rw-s 11bd96000 00:11 2111                      anon_inode:i915.gem
7fa0c6c8c000-7fa0c6ccc000 rw-s 11bd56000 00:11 2111                      anon_inode:i915.gem
7fa0c6ccc000-7fa0c6d0c000 rw-s 11bd16000 00:11 2111                      anon_inode:i915.gem
7fa0c6d0c000-7fa0c6d4c000 rw-s 11bcd6000 00:11 2111                      anon_inode:i915.gem
7fa0c6d4c000-7fa0c6d8c000 rw-s 11bc96000 00:11 2111                      anon_inode:i915.gem
7fa0c6d8c000-7fa0c6dcc000 rw-s 11bc56000 00:11 2111                      anon_inode:i915.gem
7fa0c6dcc000-7fa0c6fcc000 rw-s 11ba56000 00:11 2111                      anon_inode:i915.gem
7fa0c6fcc000-7fa0c700c000 rw-s 11ba16000 00:11 2111                      anon_inode:i915.gem
7fa0c700c000-7fa0c704c000 rw-s 11b9d6000 00:11 2111                      anon_inode:i915.gem
7fa0c704c000-7fa0c708c000 rw-s 11b996000 00:11 2111                      anon_inode:i915.gem
7fa0c708c000-7fa0c70cc000 rw-s 11b956000 00:11 2111                      anon_inode:i915.gem
7fa0c70cc000-7fa0c72cc000 rw-s 11b756000 00:11 2111                      anon_inode:i915.gem
7fa0c72cc000-7fa0c74cc000 rw-s 11b556000 00:11 2111                      anon_inode:i915.gem
7fa0c74cc000-7fa0c76cc000 rw-s 11b356000 00:11 2111                      anon_inode:i915.gem
7fa0c76cc000-7fa0c78cc000 rw-s 11b156000 00:11 2111                      anon_inode:i915.gem
7fa0c78cc000-7fa0c7acc000 rw-s 11af56000 00:11 2111                      anon_inode:i915.gem
7fa0c7acc000-7fa0c7ccc000 rw-s 11ad56000 00:11 2111                      anon_inode:i915.gem
7fa0c7ccc000-7fa0c7ecc000 rw-s 11ab56000 00:11 2111                      anon_inode:i915.gem
7fa0c7f4c000-7fa0c7f8c000 rw-s 11aa96000 00:11 2111                      anon_inode:i915.gem
7fa0c7f8c000-7fa0c7fcc000 rw-s 11aa56000 00:11 2111                      anon_inode:i915.gem
7fa0c7fcc000-7fa0c800c000 rw-s 11aa16000 00:11 2111                      anon_inode:i915.gem
7fa0c808c000-7fa0c80cc000 rw-s 11a956000 00:11 2111                      anon_inode:i915.gem
7fa0c80cc000-7fa0c810c000 rw-s 11a916000 00:11 2111                      anon_inode:i915.gem
7fa0c818c000-7fa0c838c000 rw-s 11a696000 00:11 2111                      anon_inode:i915.gem
7fa0c840c000-7fa0c860c000 rw-s 119a16000 00:11 2111                      anon_inode:i915.gem
7fa0c860c000-7fa0c880c000 rw-s 11a216000 00:11 2111                      anon_inode:i915.gem
7fa0c890c000-7fa0c8b0c000 rw-s 119f16000 00:11 2111                      anon_inode:i915.gem
7fa0c8b0c000-7fa0c8d0c000 rw-s 119d16000 00:11 2111                      anon_inode:i915.gem
7fa0c8d0c000-7fa0c8d4c000 rw-s 119cd6000 00:11 2111                      anon_inode:i915.gem
7fa0c8d4c000-7fa0c8d8c000 rw-s 119c96000 00:11 2111                      anon_inode:i915.gem
7fa0c8d8c000-7fa0c8dcc000 rw-s 119c56000 00:11 2111                      anon_inode:i915.gem
7fa0c8dcc000-7fa0c8e0c000 rw-s 119c16000 00:11 2111                      anon_inode:i915.gem
7fa0c8f0c000-7fa0c910c000 rw-s 121718000 00:11 2111                      anon_inode:i915.gem
7fa0c910c000-7fa0c930c000 rw-s 119716000 00:11 2111                      anon_inode:i915.gem
7fa0c930c000-7fa0c950c000 rw-s 119516000 00:11 2111                      anon_inode:i915.gem
7fa0c950c000-7fa0c970c000 rw-s 119316000 00:11 2111                      anon_inode:i915.gem
7fa0c970c000-7fa0c9710000 rw-s 119a12000 00:11 2111                      anon_inode:i915.gem
7fa0c9710000-7fa0c9714000 rw-s 119a0e000 00:11 2111                      anon_inode:i915.gem
7fa0c9714000-7fa0c9718000 rw-s 119a0a000 00:11 2111                      anon_inode:i915.gem
7fa0c9798000-7fa0c97a8000 rw-s 106e32000 00:11 2111                      anon_inode:i915.gem
7fa0c97a8000-7fa0c97b8000 rw-s 1270c6000 00:11 2111                      anon_inode:i915.gem
7fa0c97b8000-7fa0c97bc000 rw-s 119966000 00:11 2111                      anon_inode:i915.gem
7fa0c97bc000-7fa0c97cc000 rw-s 1192b6000 00:11 2111                      anon_inode:i915.gem
7fa0c97cc000-7fa0c97dc000 rw-s 127b06000 00:11 2111                      anon_inode:i915.gem
7fa0c97dc000-7fa0c97ec000 rw-s 127b16000 00:11 2111                      anon_inode:i915.gem
7fa0c97ec000-7fa0c97fc000 rw-s 127af6000 00:11 2111                      anon_inode:i915.gem
7fa0c97fc000-7fa0c980c000 rw-s 127ac6000 00:11 2111                      anon_inode:i915.gem
7fa0c980c000-7fa0c984c000 rw-s 1191d6000 00:11 2111                      anon_inode:i915.gem
7fa0c984c000-7fa0c9a4c000 rw-s 118fd6000 00:11 2111                      anon_inode:i915.gem
7fa0c9a4c000-7fa0c9c4c000 rw-s 118dd6000 00:11 2111                      anon_inode:i915.gem
7fa0c9c4c000-7fa0c9c8c000 rw-s 118d96000 00:11 2111                      anon_inode:i915.gem
7fa0c9c8c000-7fa0c9e8c000 rw-s 118b96000 00:11 2111                      anon_inode:i915.gem
7fa0c9e8c000-7fa0ca08c000 rw-s 118996000 00:11 2111                      anon_inode:i915.gem
7fa0ca08c000-7fa0ca28c000 rw-s 118796000 00:11 2111                      anon_inode:i915.gem
7fa0ca28c000-7fa0ca2cc000 rw-s 118756000 00:11 2111                      anon_inode:i915.gem
7fa0ca2cc000-7fa0ca30c000 rw-s 118716000 00:11 2111                      anon_inode:i915.gem
7fa0ca30c000-7fa0ca34c000 rw-s 1096ec000 00:11 2111                      anon_inode:i915.gem
7fa0ca34c000-7fa0ca54c000 rw-s 118516000 00:11 2111                      anon_inode:i915.gem
7fa0ca54c000-7fa0ca74c000 rw-s 118316000 00:11 2111                      anon_inode:i915.gem
7fa0ca74c000-7fa0ca78c000 rw-s 1096ac000 00:11 2111                      anon_inode:i915.gem
7fa0ca78c000-7fa0ca7cc000 rw-s 116ae2000 00:11 2111                      anon_inode:i915.gem
7fa0ca7cc000-7fa0ca9cc000 rw-s 118116000 00:11 2111                      anon_inode:i915.gem
7fa0ca9cc000-7fa0cadcc000 rw-s 117d16000 00:11 2111                      anon_inode:i915.gem
7fa0cadcc000-7fa0cb1cc000 rw-s 117916000 00:11 2111                      anon_inode:i915.gem
7fa0cb1cc000-7fa0cb3cc000 rw-s 1168e2000 00:11 2111                      anon_inode:i915.gem
7fa0cb3cc000-7fa0cb7cc000 rw-s 1164e2000 00:11 2111                      anon_inode:i915.gem
7fa0cb7cc000-7fa0cbbcc000 rw-s 1160e2000 00:11 2111                      anon_inode:i915.gem
7fa0cbbcc000-7fa0cbfcc000 rw-s 115ce2000 00:11 2111                      anon_inode:i915.gem
7fa0cbfcc000-7fa0cbfd0000 rw-s 115ade000 00:11 2111                      anon_inode:i915.gem
7fa0cbfd0000-7fa0cbfd2000 rw-s 115adc000 00:11 2111                      anon_inode:i915.gem
7fa0cbfd2000-7fa0cbfd4000 rw-s 115ada000 00:11 2111                      anon_inode:i915.gem
7fa0cbfd4000-7fa0cbfd6000 rw-s 115ad8000 00:11 2111                      anon_inode:i915.gem
7fa0cbfd6000-7fa0cbfd8000 rw-s 115ad6000 00:11 2111                      anon_inode:i915.gem
7fa0cbfd8000-7fa0cbfdc000 rw-s 115ad2000 00:11 2111                      anon_inode:i915.gem
7fa0cbfdc000-7fa0cbfde000 rw-s 115ad0000 00:11 2111                      anon_inode:i915.gem
7fa0cbfde000-7fa0cbfe0000 rw-s 115ace000 00:11 2111                      anon_inode:i915.gem
7fa0cbfe0000-7fa0cbfe2000 rw-s 115acc000 00:11 2111                      anon_inode:i915.gem
7fa0cbfe2000-7fa0cbfe4000 rw-s 115aca000 00:11 2111                      anon_inode:i915.gem
7fa0cbfe4000-7fa0cbfe8000 rw-s 115ac6000 00:11 2111                      anon_inode:i915.gem
7fa0cbfe8000-7fa0cbfea000 rw-s 115ac4000 00:11 2111                      anon_inode:i915.gem
7fa0cbfea000-7fa0cbfee000 rw-s 115ac0000 00:11 2111                      anon_inode:i915.gem
7fa0cbfee000-7fa0cbff2000 rw-s 115abc000 00:11 2111                      anon_inode:i915.gem
7fa0cbff2000-7fa0cbff4000 rw-s 115aba000 00:11 2111                      anon_inode:i915.gem
7fa0cbff4000-7fa0cbff6000 rw-s 115ab8000 00:11 2111                      anon_inode:i915.gem
7fa0cbff6000-7fa0cbff8000 rw-s 115ab6000 00:11 2111                      anon_inode:i915.gem
7fa0cbff8000-7fa0cbffa000 rw-s 115ab4000 00:11 2111                      anon_inode:i915.gem
7fa0cbffa000-7fa0cbffc000 rw-s 115ab2000 00:11 2111                      anon_inode:i915.gem
7fa0cbffc000-7fa0cc000000 rw-s 115aae000 00:11 2111                      anon_inode:i915.gem
7fa0cc000000-7fa0cc004000 rw-s 115aaa000 00:11 2111                      anon_inode:i915.gem
7fa0cc004000-7fa0cc00c000 rw-s 115aa2000 00:11 2111                      anon_inode:i915.gem
7fa0cc00c000-7fa0cc04c000 rw-s 115a62000 00:11 2111                      anon_inode:i915.gem
7fa0cc04c000-7fa0cc08c000 rw-s 115a22000 00:11 2111                      anon_inode:i915.gem
7fa0cc08c000-7fa0cc28c000 rw-s 115822000 00:11 2111                      anon_inode:i915.gem
7fa0cc28c000-7fa0cc2cc000 rw-s 1157e2000 00:11 2111                      anon_inode:i915.gem
7fa0cc2cc000-7fa0cc30c000 rw-s 1157a2000 00:11 2111                      anon_inode:i915.gem
7fa0cc30c000-7fa0cc50c000 rw-s 1155a2000 00:11 2111                      anon_inode:i915.gem
7fa0cc50c000-7fa0cc54c000 rw-s 115562000 00:11 2111                      anon_inode:i915.gem
7fa0cc54c000-7fa0cc58c000 rw-s 115522000 00:11 2111                      anon_inode:i915.gem
7fa0cc58c000-7fa0cc5cc000 rw-s 1154e2000 00:11 2111                      anon_inode:i915.gem
7fa0cc5cc000-7fa0cc9cc000 rw-s 1092ac000 00:11 2111                      anon_inode:i915.gem
7fa0cc9cc000-7fa0cc9d0000 rw-s 1154de000 00:11 2111                      anon_inode:i915.gem
7fa0cc9d0000-7fa0cc9d4000 rw-s 1154da000 00:11 2111                      anon_inode:i915.gem
7fa0cc9d4000-7fa0cc9dc000 rw-s 1154d2000 00:11 2111                      anon_inode:i915.gem
7fa0cc9dc000-7fa0cc9e4000 rw-s 1154ca000 00:11 2111                      anon_inode:i915.gem
7fa0cc9e4000-7fa0cc9e8000 rw-s 1154c6000 00:11 2111                      anon_inode:i915.gem
7fa0cc9e8000-7fa0cc9ec000 rw-s 1154c2000 00:11 2111                      anon_inode:i915.gem
7fa0cc9ec000-7fa0cc9f4000 rw-s 1154ba000 00:11 2111                      anon_inode:i915.gem
7fa0cc9f4000-7fa0cc9fc000 rw-s 1154b2000 00:11 2111                      anon_inode:i915.gem
7fa0cc9fc000-7fa0cca00000 rw-s 1154ae000 00:11 2111                      anon_inode:i915.gem
7fa0cca00000-7fa0cca04000 rw-s 1154aa000 00:11 2111                      anon_inode:i915.gem
7fa0cca04000-7fa0cca08000 rw-s 1154a6000 00:11 2111                      anon_inode:i915.gem
7fa0cca08000-7fa0cca0c000 rw-s 1154a2000 00:11 2111                      anon_inode:i915.gem
7fa0cca0c000-7fa0cca10000 rw-s 11549e000 00:11 2111                      anon_inode:i915.gem
7fa0cca10000-7fa0cca14000 rw-s 11549a000 00:11 2111                      anon_inode:i915.gem
7fa0cca14000-7fa0cca18000 rw-s 115496000 00:11 2111                      anon_inode:i915.gem
7fa0cca18000-7fa0cca1c000 rw-s 115492000 00:11 2111                      anon_inode:i915.gem
7fa0cca1c000-7fa0cca20000 rw-s 11548e000 00:11 2111                      anon_inode:i915.gem
7fa0cca20000-7fa0cca24000 rw-s 11548a000 00:11 2111                      anon_inode:i915.gem
7fa0cca24000-7fa0cca28000 rw-s 115486000 00:11 2111                      anon_inode:i915.gem
7fa0cca28000-7fa0cca2c000 rw-s 115482000 00:11 2111                      anon_inode:i915.gem
7fa0cca2c000-7fa0cca30000 rw-s 11547e000 00:11 2111                      anon_inode:i915.gem
7fa0cca30000-7fa0cca34000 rw-s 11547a000 00:11 2111                      anon_inode:i915.gem
7fa0cca34000-7fa0cca38000 rw-s 115476000 00:11 2111                      anon_inode:i915.gem
7fa0cca38000-7fa0cca40000 rw-s 11546e000 00:11 2111                      anon_inode:i915.gem
7fa0cca40000-7fa0cca44000 rw-s 11546a000 00:11 2111                      anon_inode:i915.gem
7fa0cca44000-7fa0cca4c000 rw-s 115462000 00:11 2111                      anon_inode:i915.gem
7fa0cca4c000-7fa0cca54000 rw-s 11545a000 00:11 2111                      anon_inode:i915.gem
7fa0cca54000-7fa0cca5c000 rw-s 115452000 00:11 2111                      anon_inode:i915.gem
7fa0cca5c000-7fa0cca60000 rw-s 11544e000 00:11 2111                      anon_inode:i915.gem
7fa0cca60000-7fa0cca68000 rw-s 115446000 00:11 2111                      anon_inode:i915.gem
7fa0cca68000-7fa0cca70000 rw-s 11543e000 00:11 2111                      anon_inode:i915.gem
7fa0cca70000-7fa0cca78000 rw-s 115436000 00:11 2111                      anon_inode:i915.gem
7fa0cca78000-7fa0cca80000 rw-s 11542e000 00:11 2111                      anon_inode:i915.gem
7fa0cca80000-7fa0cca88000 rw-s 115426000 00:11 2111                      anon_inode:i915.gem
7fa0cca88000-7fa0cca90000 rw-s 11541e000 00:11 2111                      anon_inode:i915.gem
7fa0cca90000-7fa0cca98000 rw-s 115416000 00:11 2111                      anon_inode:i915.gem
7fa0cca98000-7fa0ccaa0000 rw-s 11540e000 00:11 2111                      anon_inode:i915.gem
7fa0ccaa0000-7fa0ccaa4000 rw-s 11540a000 00:11 2111                      anon_inode:i915.gem
7fa0ccaa4000-7fa0ccaa8000 rw-s 115406000 00:11 2111                      anon_inode:i915.gem
7fa0ccaa8000-7fa0ccab0000 rw-s 1153fe000 00:11 2111                      anon_inode:i915.gem
7fa0ccab0000-7fa0ccab8000 rw-s 1153f6000 00:11 2111                      anon_inode:i915.gem
7fa0ccab8000-7fa0ccac0000 rw-s 1153ee000 00:11 2111                      anon_inode:i915.gem
7fa0ccac0000-7fa0ccac8000 rw-s 1153e6000 00:11 2111                      anon_inode:i915.gem
7fa0ccac8000-7fa0ccad0000 rw-s 1153de000 00:11 2111                      anon_inode:i915.gem
7fa0ccad0000-7fa0ccad8000 rw-s 1153d6000 00:11 2111                      anon_inode:i915.gem
7fa0ccad8000-7fa0ccadc000 rw-s 1153d2000 00:11 2111                      anon_inode:i915.gem
7fa0ccadc000-7fa0ccae0000 rw-s 1153ce000 00:11 2111                      anon_inode:i915.gem
7fa0ccae0000-7fa0ccae4000 rw-s 1153ca000 00:11 2111                      anon_inode:i915.gem
7fa0ccae4000-7fa0ccce4000 rw-s 1151ca000 00:11 2111                      anon_inode:i915.gem
7fa0ccce4000-7fa0ccee4000 rw-s 114fca000 00:11 2111                      anon_inode:i915.gem
7fa0ccee4000-7fa0cceec000 rw-s 114fc2000 00:11 2111                      anon_inode:i915.gem
7fa0cceec000-7fa0ccef4000 rw-s 114fba000 00:11 2111                      anon_inode:i915.gem
7fa0ccef4000-7fa0ccefc000 rw-s 114fb2000 00:11 2111                      anon_inode:i915.gem
7fa0ccefc000-7fa0ccf04000 rw-s 114faa000 00:11 2111                      anon_inode:i915.gem
7fa0ccf04000-7fa0ccf0c000 rw-s 114fa2000 00:11 2111                      anon_inode:i915.gem
7fa0ccf0c000-7fa0ccf14000 rw-s 114f9a000 00:11 2111                      anon_inode:i915.gem
7fa0ccf14000-7fa0ccf1c000 rw-s 114f92000 00:11 2111                      anon_inode:i915.gem
7fa0ccf1c000-7fa0ccf20000 rw-s 114f8e000 00:11 2111                      anon_inode:i915.gem
7fa0ccf20000-7fa0ccf28000 rw-s 114f86000 00:11 2111                      anon_inode:i915.gem
7fa0ccf28000-7fa0ccf2c000 rw-s 114f82000 00:11 2111                      anon_inode:i915.gem
7fa0ccf2c000-7fa0ccf30000 rw-s 114f7e000 00:11 2111                      anon_inode:i915.gem
7fa0ccf30000-7fa0ccf38000 rw-s 114f76000 00:11 2111                      anon_inode:i915.gem
7fa0ccf38000-7fa0ccf40000 rw-s 114f6e000 00:11 2111                      anon_inode:i915.gem
7fa0ccf40000-7fa0ccf48000 rw-s 114f66000 00:11 2111                      anon_inode:i915.gem
7fa0ccf48000-7fa0ccf50000 rw-s 114f5e000 00:11 2111                      anon_inode:i915.gem
7fa0ccf50000-7fa0ccf58000 rw-s 114f56000 00:11 2111                      anon_inode:i915.gem
7fa0ccf58000-7fa0ccf60000 rw-s 114f4e000 00:11 2111                      anon_inode:i915.gem
7fa0ccf60000-7fa0ccf68000 rw-s 114f46000 00:11 2111                      anon_inode:i915.gem
7fa0ccf68000-7fa0ccf70000 rw-s 114f3e000 00:11 2111                      anon_inode:i915.gem
7fa0ccf70000-7fa0ccf78000 rw-s 114f36000 00:11 2111                      anon_inode:i915.gem
7fa0ccf78000-7fa0ccf80000 rw-s 114f2e000 00:11 2111                      anon_inode:i915.gem
7fa0ccf80000-7fa0ccf88000 rw-s 114f26000 00:11 2111                      anon_inode:i915.gem
7fa0ccf88000-7fa0ccf90000 rw-s 114f1e000 00:11 2111                      anon_inode:i915.gem
7fa0ccf90000-7fa0ccf98000 rw-s 114f16000 00:11 2111                      anon_inode:i915.gem
7fa0ccf98000-7fa0ccfa0000 rw-s 114f0e000 00:11 2111                      anon_inode:i915.gem
7fa0ccfa0000-7fa0ccfa4000 rw-s 114f0a000 00:11 2111                      anon_inode:i915.gem
7fa0ccfa4000-7fa0ccfa8000 rw-s 114f06000 00:11 2111                      anon_inode:i915.gem
7fa0ccfa8000-7fa0ccfac000 rw-s 114f02000 00:11 2111                      anon_inode:i915.gem
7fa0ccfac000-7fa0ccfae000 rw-s 114f00000 00:11 2111                      anon_inode:i915.gem
7fa0ccfae000-7fa0ccfb0000 rw-s 114efe000 00:11 2111                      anon_inode:i915.gem
7fa0ccfb0000-7fa0ccfb2000 rw-s 114efc000 00:11 2111                      anon_inode:i915.gem
7fa0ccfb2000-7fa0ccfb4000 rw-s 114efa000 00:11 2111                      anon_inode:i915.gem
7fa0ccfb4000-7fa0ccfb6000 rw-s 114ef8000 00:11 2111                      anon_inode:i915.gem
7fa0ccfb6000-7fa0ccfba000 rw-s 114ef4000 00:11 2111                      anon_inode:i915.gem
7fa0ccfba000-7fa0ccfbc000 rw-s 114ef2000 00:11 2111                      anon_inode:i915.gem
7fa0ccfbc000-7fa0ccfbe000 rw-s 114ef0000 00:11 2111                      anon_inode:i915.gem
7fa0ccfbe000-7fa0ccfc0000 rw-s 114eee000 00:11 2111                      anon_inode:i915.gem
7fa0ccfc0000-7fa0ccfc2000 rw-s 114eec000 00:11 2111                      anon_inode:i915.gem
7fa0ccfc2000-7fa0ccfc4000 rw-s 114eea000 00:11 2111                      anon_inode:i915.gem
7fa0ccfc4000-7fa0ccfc6000 rw-s 114ee8000 00:11 2111                      anon_inode:i915.gem
7fa0ccfc6000-7fa0ccfce000 rw-s 114ee0000 00:11 2111                      anon_inode:i915.gem
7fa0ccfce000-7fa0ccfd2000 rw-s 114edc000 00:11 2111                      anon_inode:i915.gem
7fa0ccfd2000-7fa0ccfd6000 rw-s 114ed8000 00:11 2111                      anon_inode:i915.gem
7fa0ccfd6000-7fa0ccfda000 rw-s 114ed4000 00:11 2111                      anon_inode:i915.gem
7fa0ccfda000-7fa0ccfde000 rw-s 114ed0000 00:11 2111                      anon_inode:i915.gem
7fa0ccfde000-7fa0ccfe0000 rw-s 114ece000 00:11 2111                      anon_inode:i915.gem
7fa0ccfe0000-7fa0ccfe2000 rw-s 114ecc000 00:11 2111                      anon_inode:i915.gem
7fa0ccfe2000-7fa0ccfe4000 rw-s 114eca000 00:11 2111                      anon_inode:i915.gem
7fa0ccfe4000-7fa0ccfe8000 rw-s 114ec6000 00:11 2111                      anon_inode:i915.gem
7fa0ccfe8000-7fa0ccfea000 rw-s 114ec4000 00:11 2111                      anon_inode:i915.gem
7fa0ccfea000-7fa0ccfec000 rw-s 114ec2000 00:11 2111                      anon_inode:i915.gem
7fa0ccfec000-7fa0ccff0000 rw-s 114ebe000 00:11 2111                      anon_inode:i915.gem
7fa0ccff0000-7fa0ccff2000 rw-s 114ebc000 00:11 2111                      anon_inode:i915.gem
7fa0ccff2000-7fa0ccff4000 rw-s 114eba000 00:11 2111                      anon_inode:i915.gem
7fa0ccff4000-7fa0ccffc000 rw-s 114eb2000 00:11 2111                      anon_inode:i915.gem
7fa0ccffc000-7fa0cd004000 rw-s 114eaa000 00:11 2111                      anon_inode:i915.gem
7fa0cd004000-7fa0cd00c000 rw-s 114ea2000 00:11 2111                      anon_inode:i915.gem
7fa0cd00c000-7fa0cd010000 rw-s 114e9e000 00:11 2111                      anon_inode:i915.gem
7fa0cd010000-7fa0cd018000 rw-s 114e96000 00:11 2111                      anon_inode:i915.gem
7fa0cd018000-7fa0cd020000 rw-s 114e8e000 00:11 2111                      anon_inode:i915.gem
7fa0cd020000-7fa0cd028000 rw-s 114e86000 00:11 2111                      anon_inode:i915.gem
7fa0cd028000-7fa0cd02c000 rw-s 114e82000 00:11 2111                      anon_inode:i915.gem
7fa0cd02c000-7fa0cd034000 rw-s 114e7a000 00:11 2111                      anon_inode:i915.gem
7fa0cd034000-7fa0cd038000 rw-s 114e76000 00:11 2111                      anon_inode:i915.gem
7fa0cd038000-7fa0cd03c000 rw-s 114e72000 00:11 2111                      anon_inode:i915.gem
7fa0cd03c000-7fa0cd040000 rw-s 114e6e000 00:11 2111                      anon_inode:i915.gem
7fa0cd040000-7fa0cd044000 rw-s 114e6a000 00:11 2111                      anon_inode:i915.gem
7fa0cd044000-7fa0cd04c000 rw-s 114e62000 00:11 2111                      anon_inode:i915.gem
7fa0cd04c000-7fa0cd050000 rw-s 114e5e000 00:11 2111                      anon_inode:i915.gem
7fa0cd050000-7fa0cd054000 rw-s 114e5a000 00:11 2111                      anon_inode:i915.gem
7fa0cd054000-7fa0cd05c000 rw-s 114e52000 00:11 2111                      anon_inode:i915.gem
7fa0cd05c000-7fa0cd064000 rw-s 114e4a000 00:11 2111                      anon_inode:i915.gem
7fa0cd064000-7fa0cd06c000 rw-s 114e42000 00:11 2111                      anon_inode:i915.gem
7fa0cd06c000-7fa0cd074000 rw-s 114e3a000 00:11 2111                      anon_inode:i915.gem
7fa0cd074000-7fa0cd07c000 rw-s 114e32000 00:11 2111                      anon_inode:i915.gem
7fa0cd07c000-7fa0cd084000 rw-s 114e2a000 00:11 2111                      anon_inode:i915.gem
7fa0cd084000-7fa0cd08c000 rw-s 114e22000 00:11 2111                      anon_inode:i915.gem
7fa0cd08c000-7fa0cd094000 rw-s 114e1a000 00:11 2111                      anon_inode:i915.gem
7fa0cd094000-7fa0cd09c000 rw-s 114e12000 00:11 2111                      anon_inode:i915.gem
7fa0cd09c000-7fa0cd0a4000 rw-s 114e0a000 00:11 2111                      anon_inode:i915.gem
7fa0cd0a4000-7fa0cd0ac000 rw-s 114e02000 00:11 2111                      anon_inode:i915.gem
7fa0cd0ac000-7fa0cd0b4000 rw-s 114dfa000 00:11 2111                      anon_inode:i915.gem
7fa0cd0b4000-7fa0cd0bc000 rw-s 114df2000 00:11 2111                      anon_inode:i915.gem
7fa0cd0bc000-7fa0cd0c4000 rw-s 114dea000 00:11 2111                      anon_inode:i915.gem
7fa0cd0c4000-7fa0cd0cc000 rw-s 114de2000 00:11 2111                      anon_inode:i915.gem
7fa0cd0cc000-7fa0cd0d4000 rw-s 114dda000 00:11 2111                      anon_inode:i915.gem
7fa0cd0d4000-7fa0cd0dc000 rw-s 114dd2000 00:11 2111                      anon_inode:i915.gem
7fa0cd0dc000-7fa0cd0e4000 rw-s 114dca000 00:11 2111                      anon_inode:i915.gem
7fa0cd0e4000-7fa0cd0ec000 rw-s 114dc2000 00:11 2111                      anon_inode:i915.gem
7fa0cd0ec000-7fa0cd0f4000 rw-s 114dba000 00:11 2111                      anon_inode:i915.gem
7fa0cd0f4000-7fa0cd0fc000 rw-s 114db2000 00:11 2111                      anon_inode:i915.gem
7fa0cd0fc000-7fa0cd104000 rw-s 114daa000 00:11 2111                      anon_inode:i915.gem
7fa0cd104000-7fa0cd10c000 rw-s 114da2000 00:11 2111                      anon_inode:i915.gem
7fa0cd10c000-7fa0cd114000 rw-s 114d9a000 00:11 2111                      anon_inode:i915.gem
7fa0cd114000-7fa0cd11c000 rw-s 114d92000 00:11 2111                      anon_inode:i915.gem
7fa0cd11c000-7fa0cd124000 rw-s 114d8a000 00:11 2111                      anon_inode:i915.gem
7fa0cd124000-7fa0cd12c000 rw-s 114d82000 00:11 2111                      anon_inode:i915.gem
7fa0cd12c000-7fa0cd130000 rw-s 114d7e000 00:11 2111                      anon_inode:i915.gem
7fa0cd130000-7fa0cd138000 rw-s 114d76000 00:11 2111                      anon_inode:i915.gem
7fa0cd138000-7fa0cd13c000 rw-s 114d72000 00:11 2111                      anon_inode:i915.gem
7fa0cd13c000-7fa0cd144000 rw-s 114d6a000 00:11 2111                      anon_inode:i915.gem
7fa0cd144000-7fa0cd148000 rw-s 114d66000 00:11 2111                      anon_inode:i915.gem
7fa0cd148000-7fa0cd150000 rw-s 114d5e000 00:11 2111                      anon_inode:i915.gem
7fa0cd150000-7fa0cd154000 rw-s 114d5a000 00:11 2111                      anon_inode:i915.gem
7fa0cd154000-7fa0cd15c000 rw-s 114d52000 00:11 2111                      anon_inode:i915.gem
7fa0cd15c000-7fa0cd15e000 rw-s 114d50000 00:11 2111                      anon_inode:i915.gem
7fa0cd15e000-7fa0cd162000 rw-s 114d4c000 00:11 2111                      anon_inode:i915.gem
7fa0cd162000-7fa0cd16a000 rw-s 114d44000 00:11 2111                      anon_inode:i915.gem
7fa0cd16a000-7fa0cd172000 rw-s 114d3c000 00:11 2111                      anon_inode:i915.gem
7fa0cd172000-7fa0cd17a000 rw-s 114d34000 00:11 2111                      anon_inode:i915.gem
7fa0cd17a000-7fa0cd182000 rw-s 114d2c000 00:11 2111                      anon_inode:i915.gem
7fa0cd182000-7fa0cd18a000 rw-s 114d24000 00:11 2111                      anon_inode:i915.gem
7fa0cd18a000-7fa0cd192000 rw-s 114d1c000 00:11 2111                      anon_inode:i915.gem
7fa0cd192000-7fa0cd19a000 rw-s 114d14000 00:11 2111                      anon_inode:i915.gem
7fa0cd19a000-7fa0cd1a2000 rw-s 114d0c000 00:11 2111                      anon_inode:i915.gem
7fa0cd1a2000-7fa0cd1aa000 rw-s 114d04000 00:11 2111                      anon_inode:i915.gem
7fa0cd1aa000-7fa0cd1ae000 rw-s 114d00000 00:11 2111                      anon_inode:i915.gem
7fa0cd1ae000-7fa0cd1b2000 rw-s 114cfc000 00:11 2111                      anon_inode:i915.gem
7fa0cd1b2000-7fa0cd1b6000 rw-s 114cf8000 00:11 2111                      anon_inode:i915.gem
7fa0cd1b6000-7fa0cd1ba000 rw-s 114cf4000 00:11 2111                      anon_inode:i915.gem
7fa0cd1ba000-7fa0cd1be000 rw-s 114cf0000 00:11 2111                      anon_inode:i915.gem
7fa0cd1be000-7fa0cd1c6000 rw-s 114ce8000 00:11 2111                      anon_inode:i915.gem
7fa0cd1c6000-7fa0cd1ce000 rw-s 114ce0000 00:11 2111                      anon_inode:i915.gem
7fa0cd1ce000-7fa0cd1d2000 rw-s 114cdc000 00:11 2111                      anon_inode:i915.gem
7fa0cd1d2000-7fa0cd212000 rw-s 114c9c000 00:11 2111                      anon_inode:i915.gem
7fa0cd212000-7fa0cd21a000 rw-s 114c94000 00:11 2111                      anon_inode:i915.gem
7fa0cd21a000-7fa0cd21e000 rw-s 114c90000 00:11 2111                      anon_inode:i915.gem
7fa0cd21e000-7fa0cd226000 rw-s 114c88000 00:11 2111                      anon_inode:i915.gem
7fa0cd226000-7fa0cd22a000 rw-s 114c84000 00:11 2111                      anon_inode:i915.gem
7fa0cd22a000-7fa0cd22e000 rw-s 114c80000 00:11 2111                      anon_inode:i915.gem
7fa0cd22e000-7fa0cd232000 rw-s 114c7c000 00:11 2111                      anon_inode:i915.gem
7fa0cd232000-7fa0cd236000 rw-s 114c78000 00:11 2111                      anon_inode:i915.gem
7fa0cd236000-7fa0cd23a000 rw-s 114c74000 00:11 2111                      anon_inode:i915.gem
7fa0cd23a000-7fa0cd23e000 rw-s 114c70000 00:11 2111                      anon_inode:i915.gem
7fa0cd23e000-7fa0cd246000 rw-s 114c68000 00:11 2111                      anon_inode:i915.gem
7fa0cd246000-7fa0cd24e000 rw-s 114c60000 00:11 2111                      anon_inode:i915.gem
7fa0cd24e000-7fa0cd256000 rw-s 114c58000 00:11 2111                      anon_inode:i915.gem
7fa0cd256000-7fa0cd25a000 rw-s 114c54000 00:11 2111                      anon_inode:i915.gem
7fa0cd25a000-7fa0cd262000 rw-s 114c4c000 00:11 2111                      anon_inode:i915.gem
7fa0cd262000-7fa0cd266000 rw-s 114c48000 00:11 2111                      anon_inode:i915.gem
7fa0cd266000-7fa0cd26a000 rw-s 114c44000 00:11 2111                      anon_inode:i915.gem
7fa0cd26a000-7fa0cd272000 rw-s 114c3c000 00:11 2111                      anon_inode:i915.gem
7fa0cd272000-7fa0cd276000 rw-s 114c38000 00:11 2111                      anon_inode:i915.gem
7fa0cd276000-7fa0cd27a000 rw-s 114c34000 00:11 2111                      anon_inode:i915.gem
7fa0cd27a000-7fa0cd27e000 rw-s 114c30000 00:11 2111                      anon_inode:i915.gem
7fa0cd27e000-7fa0cd2be000 rw-s 114bf0000 00:11 2111                      anon_inode:i915.gem
7fa0cd2be000-7fa0cd2fe000 rw-s 114bb0000 00:11 2111                      anon_inode:i915.gem
7fa0cd2fe000-7fa0cd33e000 rw-s 114b70000 00:11 2111                      anon_inode:i915.gem
7fa0cd33e000-7fa0cd346000 rw-s 114b68000 00:11 2111                      anon_inode:i915.gem
7fa0cd346000-7fa0cd34e000 rw-s 114b60000 00:11 2111                      anon_inode:i915.gem
7fa0cd34e000-7fa0cd352000 rw-s 114b5c000 00:11 2111                      anon_inode:i915.gem
7fa0cd352000-7fa0cd35a000 rw-s 114b54000 00:11 2111                      anon_inode:i915.gem
7fa0cd35a000-7fa0cd362000 rw-s 114b4c000 00:11 2111                      anon_inode:i915.gem
7fa0cd362000-7fa0cd36a000 rw-s 114b44000 00:11 2111                      anon_inode:i915.gem
7fa0cd36a000-7fa0cd372000 rw-s 114b3c000 00:11 2111                      anon_inode:i915.gem
7fa0cd372000-7fa0cd37a000 rw-s 114b34000 00:11 2111                      anon_inode:i915.gem
7fa0cd37a000-7fa0cd382000 rw-s 114b2c000 00:11 2111                      anon_inode:i915.gem
7fa0cd382000-7fa0cd386000 rw-s 114b28000 00:11 2111                      anon_inode:i915.gem
7fa0cd386000-7fa0cd38a000 rw-s 114b24000 00:11 2111                      anon_inode:i915.gem
7fa0cd38a000-7fa0cd392000 rw-s 114b1c000 00:11 2111                      anon_inode:i915.gem
7fa0cd392000-7fa0cd396000 rw-s 114b18000 00:11 2111                      anon_inode:i915.gem
7fa0cd396000-7fa0cd39e000 rw-s 114b10000 00:11 2111                      anon_inode:i915.gem
7fa0cd39e000-7fa0cd3a6000 rw-s 114b08000 00:11 2111                      anon_inode:i915.gem
7fa0cd3a6000-7fa0cd3ae000 rw-s 114b00000 00:11 2111                      anon_inode:i915.gem
7fa0cd3ae000-7fa0cd3b6000 rw-s 114af8000 00:11 2111                      anon_inode:i915.gem
7fa0cd3b6000-7fa0cd3be000 rw-s 114af0000 00:11 2111                      anon_inode:i915.gem
7fa0cd3be000-7fa0cd3c2000 rw-s 114aec000 00:11 2111                      anon_inode:i915.gem
7fa0cd3c2000-7fa0cd3c6000 rw-s 114ae8000 00:11 2111                      anon_inode:i915.gem
7fa0cd3c6000-7fa0cd3ce000 rw-s 114ae0000 00:11 2111                      anon_inode:i915.gem
7fa0cd3ce000-7fa0cd3d6000 rw-s 114ad8000 00:11 2111                      anon_inode:i915.gem
7fa0cd3d6000-7fa0cd3de000 rw-s 114ad0000 00:11 2111                      anon_inode:i915.gem
7fa0cd3de000-7fa0cd3e6000 rw-s 114ac8000 00:11 2111                      anon_inode:i915.gem
7fa0cd3e6000-7fa0cd3ee000 rw-s 114ac0000 00:11 2111                      anon_inode:i915.gem
7fa0cd3ee000-7fa0cd3f6000 rw-s 114ab8000 00:11 2111                      anon_inode:i915.gem
7fa0cd3f6000-7fa0cd3fe000 rw-s 114ab0000 00:11 2111                      anon_inode:i915.gem
7fa0cd3fe000-7fa0cd406000 rw-s 114aa8000 00:11 2111                      anon_inode:i915.gem
7fa0cd406000-7fa0cd40e000 rw-s 114aa0000 00:11 2111                      anon_inode:i915.gem
7fa0cd40e000-7fa0cd80e000 rw-s 1146a0000 00:11 2111                      anon_inode:i915.gem
7fa0cd80e000-7fa0cda0e000 rw-s 1144a0000 00:11 2111                      anon_inode:i915.gem
7fa0cda0e000-7fa0cde0e000 rw-s 1140a0000 00:11 2111                      anon_inode:i915.gem
7fa0cde0e000-7fa0ce00e000 rw-s 113ea0000 00:11 2111                      anon_inode:i915.gem
7fa0ce00e000-7fa0ce20e000 rw-s 113ca0000 00:11 2111                      anon_inode:i915.gem
7fa0ce20e000-7fa0ce40e000 rw-s 113aa0000 00:11 2111                      anon_inode:i915.gem
7fa0ce40e000-7fa0ce410000 rw-s 113a9e000 00:11 2111                      anon_inode:i915.gem
7fa0ce410000-7fa0ce418000 rw-s 113a96000 00:11 2111                      anon_inode:i915.gem
7fa0ce418000-7fa0ce420000 rw-s 113a8e000 00:11 2111                      anon_inode:i915.gem
7fa0ce420000-7fa0ce428000 rw-s 113a86000 00:11 2111                      anon_inode:i915.gem
7fa0ce428000-7fa0ce430000 rw-s 113a7e000 00:11 2111                      anon_inode:i915.gem
7fa0ce430000-7fa0ce438000 rw-s 113a76000 00:11 2111                      anon_inode:i915.gem
7fa0ce438000-7fa0ce440000 rw-s 113a6e000 00:11 2111                      anon_inode:i915.gem
7fa0ce440000-7fa0ce448000 rw-s 113a66000 00:11 2111                      anon_inode:i915.gem
7fa0ce448000-7fa0ce450000 rw-s 113a5e000 00:11 2111                      anon_inode:i915.gem
7fa0ce450000-7fa0ce458000 rw-s 113a56000 00:11 2111                      anon_inode:i915.gem
7fa0ce458000-7fa0ce45c000 rw-s 113a52000 00:11 2111                      anon_inode:i915.gem
7fa0ce45c000-7fa0ce460000 rw-s 113a4e000 00:11 2111                      anon_inode:i915.gem
7fa0ce460000-7fa0ce464000 rw-s 113a4a000 00:11 2111                      anon_inode:i915.gem
7fa0ce464000-7fa0ce468000 rw-s 113a46000 00:11 2111                      anon_inode:i915.gem
7fa0ce468000-7fa0ce46c000 rw-s 113a42000 00:11 2111                      anon_inode:i915.gem
7fa0ce46c000-7fa0ce474000 rw-s 113a3a000 00:11 2111                      anon_inode:i915.gem
7fa0ce474000-7fa0ce478000 rw-s 113a36000 00:11 2111                      anon_inode:i915.gem
7fa0ce478000-7fa0ce47c000 rw-s 113a32000 00:11 2111                      anon_inode:i915.gem
7fa0ce47c000-7fa0ce480000 rw-s 113a2e000 00:11 2111                      anon_inode:i915.gem
7fa0ce480000-7fa0ce484000 rw-s 113a2a000 00:11 2111                      anon_inode:i915.gem
7fa0ce484000-7fa0ce488000 rw-s 113a26000 00:11 2111                      anon_inode:i915.gem
7fa0ce488000-7fa0ce48c000 rw-s 113a22000 00:11 2111                      anon_inode:i915.gem
7fa0ce48c000-7fa0ce490000 rw-s 113a1e000 00:11 2111                      anon_inode:i915.gem
7fa0ce490000-7fa0ce494000 rw-s 113a1a000 00:11 2111                      anon_inode:i915.gem
7fa0ce494000-7fa0ce498000 rw-s 113a16000 00:11 2111                      anon_inode:i915.gem
7fa0ce498000-7fa0ce49c000 rw-s 113a12000 00:11 2111                      anon_inode:i915.gem
7fa0ce49c000-7fa0ce4a0000 rw-s 113a0e000 00:11 2111                      anon_inode:i915.gem
7fa0ce4a0000-7fa0ce4a4000 rw-s 113a0a000 00:11 2111                      anon_inode:i915.gem
7fa0ce4a4000-7fa0ce4a8000 rw-s 113a06000 00:11 2111                      anon_inode:i915.gem
7fa0ce4a8000-7fa0ce4ac000 rw-s 113a02000 00:11 2111                      anon_inode:i915.gem
7fa0ce4ac000-7fa0ce4b0000 rw-s 1139fe000 00:11 2111                      anon_inode:i915.gem
7fa0ce4b0000-7fa0ce4b4000 rw-s 1139fa000 00:11 2111                      anon_inode:i915.gem
7fa0ce4b4000-7fa0ce4b8000 rw-s 1139f6000 00:11 2111                      anon_inode:i915.gem
7fa0ce4b8000-7fa0ce4bc000 rw-s 1139f2000 00:11 2111                      anon_inode:i915.gem
7fa0ce4bc000-7fa0ce4c4000 rw-s 1139ea000 00:11 2111                      anon_inode:i915.gem
7fa0ce4c4000-7fa0ce4c8000 rw-s 1139e6000 00:11 2111                      anon_inode:i915.gem
7fa0ce4c8000-7fa0ce4d0000 rw-s 1139de000 00:11 2111                      anon_inode:i915.gem
7fa0ce4d0000-7fa0ce4d4000 rw-s 1139da000 00:11 2111                      anon_inode:i915.gem
7fa0ce4d4000-7fa0ce4d8000 rw-s 1139d6000 00:11 2111                      anon_inode:i915.gem
7fa0ce4d8000-7fa0ce4e0000 rw-s 1139ce000 00:11 2111                      anon_inode:i915.gem
7fa0ce4e0000-7fa0ce520000 rw-s 11398e000 00:11 2111                      anon_inode:i915.gem
7fa0ce520000-7fa0ce560000 rw-s 11394e000 00:11 2111                      anon_inode:i915.gem
7fa0ce560000-7fa0ce568000 rw-s 113946000 00:11 2111                      anon_inode:i915.gem
7fa0ce568000-7fa0ce570000 rw-s 11393e000 00:11 2111                      anon_inode:i915.gem
7fa0ce570000-7fa0ce578000 rw-s 113936000 00:11 2111                      anon_inode:i915.gem
7fa0ce578000-7fa0ce580000 rw-s 11392e000 00:11 2111                      anon_inode:i915.gem
7fa0ce580000-7fa0ce588000 rw-s 113926000 00:11 2111                      anon_inode:i915.gem
7fa0ce588000-7fa0ce590000 rw-s 11391e000 00:11 2111                      anon_inode:i915.gem
7fa0ce590000-7fa0ce5d0000 rw-s 1138de000 00:11 2111                      anon_inode:i915.gem
7fa0ce5d0000-7fa0ce610000 rw-s 11389e000 00:11 2111                      anon_inode:i915.gem
7fa0ce610000-7fa0ce650000 rw-s 11385e000 00:11 2111                      anon_inode:i915.gem
7fa0ce650000-7fa0ce690000 rw-s 11381e000 00:11 2111                      anon_inode:i915.gem
7fa0ce690000-7fa0ce698000 rw-s 113816000 00:11 2111                      anon_inode:i915.gem
7fa0ce698000-7fa0ce6a0000 rw-s 11380e000 00:11 2111                      anon_inode:i915.gem
7fa0ce6a0000-7fa0ce6a4000 rw-s 11380a000 00:11 2111                      anon_inode:i915.gem
7fa0ce6a4000-7fa0ce6a8000 rw-s 113806000 00:11 2111                      anon_inode:i915.gem
7fa0ce6a8000-7fa0ce6aa000 rw-s 113804000 00:11 2111                      anon_inode:i915.gem
7fa0ce6aa000-7fa0ce6ae000 rw-s 113800000 00:11 2111                      anon_inode:i915.gem
7fa0ce6ae000-7fa0ce6b6000 rw-s 1137f8000 00:11 2111                      anon_inode:i915.gem
7fa0ce6b6000-7fa0ce6ba000 rw-s 1137f4000 00:11 2111                      anon_inode:i915.gem
7fa0ce6ba000-7fa0ce6bc000 rw-s 1137f2000 00:11 2111                      anon_inode:i915.gem
7fa0ce6bc000-7fa0ce6be000 rw-s 1137f0000 00:11 2111                      anon_inode:i915.gem
7fa0ce6be000-7fa0ce6c2000 rw-s 1137ec000 00:11 2111                      anon_inode:i915.gem
7fa0ce6c2000-7fa0ce6c4000 rw-s 1137ea000 00:11 2111                      anon_inode:i915.gem
7fa0ce6c4000-7fa0ce6c6000 rw-s 1137e8000 00:11 2111                      anon_inode:i915.gem
7fa0ce6c6000-7fa0ce6c8000 rw-s 1137e6000 00:11 2111                      anon_inode:i915.gem
7fa0ce6c8000-7fa0ce6ca000 rw-s 1137e4000 00:11 2111                      anon_inode:i915.gem
7fa0ce6ca000-7fa0ce6cc000 rw-s 1137e2000 00:11 2111                      anon_inode:i915.gem
7fa0ce6cc000-7fa0ce6d0000 rw-s 1137de000 00:11 2111                      anon_inode:i915.gem
7fa0ce6d0000-7fa0ce6d4000 rw-s 1137da000 00:11 2111                      anon_inode:i915.gem
7fa0ce6d4000-7fa0ce6d8000 rw-s 1137d6000 00:11 2111                      anon_inode:i915.gem
7fa0ce6d8000-7fa0ce8d8000 rw-s 1135d6000 00:11 2111                      anon_inode:i915.gem
7fa0ce8d8000-7fa0cead8000 rw-s 1133d6000 00:11 2111                      anon_inode:i915.gem
7fa0cead8000-7fa0cecd8000 rw-s 1131d6000 00:11 2111                      anon_inode:i915.gem
7fa0cecd8000-7fa0ceed8000 rw-s 112fd6000 00:11 2111                      anon_inode:i915.gem
7fa0ceed8000-7fa0ceedc000 rw-s 112fd2000 00:11 2111                      anon_inode:i915.gem
7fa0ceedc000-7fa0ceede000 rw-s 112fd0000 00:11 2111                      anon_inode:i915.gem
7fa0ceede000-7fa0ceee2000 rw-s 112fcc000 00:11 2111                      anon_inode:i915.gem
7fa0ceee2000-7fa0ceee6000 rw-s 112fc8000 00:11 2111                      anon_inode:i915.gem
7fa0ceee6000-7fa0ceeea000 rw-s 112fc4000 00:11 2111                      anon_inode:i915.gem
7fa0ceeea000-7fa0ceeec000 rw-s 112fc2000 00:11 2111                      anon_inode:i915.gem
7fa0ceeec000-7fa0ceef4000 rw-s 112fba000 00:11 2111                      anon_inode:i915.gem
7fa0ceef4000-7fa0ceef6000 rw-s 112fb8000 00:11 2111                      anon_inode:i915.gem
7fa0ceef6000-7fa0ceef8000 rw-s 112fb6000 00:11 2111                      anon_inode:i915.gem
7fa0ceef8000-7fa0ceefc000 rw-s 112fb2000 00:11 2111                      anon_inode:i915.gem
7fa0ceefc000-7fa0cef04000 rw-s 112faa000 00:11 2111                      anon_inode:i915.gem
7fa0cef04000-7fa0cef0c000 rw-s 112fa2000 00:11 2111                      anon_inode:i915.gem
7fa0cef0c000-7fa0cef14000 rw-s 112f9a000 00:11 2111                      anon_inode:i915.gem
7fa0cef14000-7fa0cef1c000 rw-s 112f92000 00:11 2111                      anon_inode:i915.gem
7fa0cef1c000-7fa0cef24000 rw-s 112f8a000 00:11 2111                      anon_inode:i915.gem
7fa0cef24000-7fa0cef2c000 rw-s 112f82000 00:11 2111                      anon_inode:i915.gem
7fa0cef2c000-7fa0cef34000 rw-s 112f7a000 00:11 2111                      anon_inode:i915.gem
7fa0cef34000-7fa0cef3c000 rw-s 112f72000 00:11 2111                      anon_inode:i915.gem
7fa0cef3c000-7fa0cef44000 rw-s 112f6a000 00:11 2111                      anon_inode:i915.gem
7fa0cef44000-7fa0cef4c000 rw-s 112f62000 00:11 2111                      anon_inode:i915.gem
7fa0cef4c000-7fa0cef54000 rw-s 112f5a000 00:11 2111                      anon_inode:i915.gem
7fa0cef54000-7fa0cef94000 rw-s 112f1a000 00:11 2111                      anon_inode:i915.gem
7fa0cef94000-7fa0cefd4000 rw-s 112eda000 00:11 2111                      anon_inode:i915.gem
7fa0cefd4000-7fa0cf014000 rw-s 112e9a000 00:11 2111                      anon_inode:i915.gem
7fa0cf014000-7fa0cf054000 rw-s 112e5a000 00:11 2111                      anon_inode:i915.gem
7fa0cf054000-7fa0cf05c000 rw-s 112e52000 00:11 2111                      anon_inode:i915.gem
7fa0cf05c000-7fa0cf060000 rw-s 112e4e000 00:11 2111                      anon_inode:i915.gem
7fa0cf060000-7fa0cf068000 rw-s 112e46000 00:11 2111                      anon_inode:i915.gem
7fa0cf068000-7fa0cf06c000 rw-s 112e42000 00:11 2111                      anon_inode:i915.gem
7fa0cf06c000-7fa0cf074000 rw-s 112e3a000 00:11 2111                      anon_inode:i915.gem
7fa0cf074000-7fa0cf078000 rw-s 112e36000 00:11 2111                      anon_inode:i915.gem
7fa0cf078000-7fa0cf080000 rw-s 112e2e000 00:11 2111                      anon_inode:i915.gem
7fa0cf080000-7fa0cf084000 rw-s 112e2a000 00:11 2111                      anon_inode:i915.gem
7fa0cf084000-7fa0cf088000 rw-s 112e26000 00:11 2111                      anon_inode:i915.gem
7fa0cf088000-7fa0cf090000 rw-s 112e1e000 00:11 2111                      anon_inode:i915.gem
7fa0cf090000-7fa0cf098000 rw-s 112e16000 00:11 2111                      anon_inode:i915.gem
7fa0cf098000-7fa0cf0a0000 rw-s 112e0e000 00:11 2111                      anon_inode:i915.gem
7fa0cf0a0000-7fa0cf0a8000 rw-s 112e06000 00:11 2111                      anon_inode:i915.gem
7fa0cf0a8000-7fa0cf0ac000 rw-s 112e02000 00:11 2111                      anon_inode:i915.gem
7fa0cf0ac000-7fa0cf0b4000 rw-s 112dfa000 00:11 2111                      anon_inode:i915.gem
7fa0cf0b4000-7fa0cf0b8000 rw-s 112df6000 00:11 2111                      anon_inode:i915.gem
7fa0cf0b8000-7fa0cf0bc000 rw-s 112df2000 00:11 2111                      anon_inode:i915.gem
7fa0cf0bc000-7fa0cf0c4000 rw-s 112dea000 00:11 2111                      anon_inode:i915.gem
7fa0cf0c4000-7fa0cf0cc000 rw-s 112de2000 00:11 2111                      anon_inode:i915.gem
7fa0cf0cc000-7fa0cf0d4000 rw-s 112dda000 00:11 2111                      anon_inode:i915.gem
7fa0cf0d4000-7fa0cf0dc000 rw-s 112dd2000 00:11 2111                      anon_inode:i915.gem
7fa0cf0dc000-7fa0cf0e0000 rw-s 112dce000 00:11 2111                      anon_inode:i915.gem
7fa0cf0e0000-7fa0cf0e4000 rw-s 112dca000 00:11 2111                      anon_inode:i915.gem
7fa0cf0e4000-7fa0cf0e8000 rw-s 112dc6000 00:11 2111                      anon_inode:i915.gem
7fa0cf0e8000-7fa0cf0f0000 rw-s 112dbe000 00:11 2111                      anon_inode:i915.gem
7fa0cf0f0000-7fa0cf0f8000 rw-s 112db6000 00:11 2111                      anon_inode:i915.gem
7fa0cf0f8000-7fa0cf0fc000 rw-s 112db2000 00:11 2111                      anon_inode:i915.gem
7fa0cf0fc000-7fa0cf100000 rw-s 112dae000 00:11 2111                      anon_inode:i915.gem
7fa0cf100000-7fa0cf104000 rw-s 112daa000 00:11 2111                      anon_inode:i915.gem
7fa0cf104000-7fa0cf108000 rw-s 112da6000 00:11 2111                      anon_inode:i915.gem
7fa0cf108000-7fa0cf10c000 rw-s 112da2000 00:11 2111                      anon_inode:i915.gem
7fa0cf10c000-7fa0cf110000 rw-s 112d9e000 00:11 2111                      anon_inode:i915.gem
7fa0cf110000-7fa0cf118000 rw-s 112d96000 00:11 2111                      anon_inode:i915.gem
7fa0cf118000-7fa0cf11c000 rw-s 112d92000 00:11 2111                      anon_inode:i915.gem
7fa0cf11c000-7fa0cf120000 rw-s 112d8e000 00:11 2111                      anon_inode:i915.gem
7fa0cf120000-7fa0cf128000 rw-s 112d86000 00:11 2111                      anon_inode:i915.gem
7fa0cf128000-7fa0cf12c000 rw-s 112d82000 00:11 2111                      anon_inode:i915.gem
7fa0cf12c000-7fa0cf134000 rw-s 112d7a000 00:11 2111                      anon_inode:i915.gem
7fa0cf134000-7fa0cf13c000 rw-s 112d72000 00:11 2111                      anon_inode:i915.gem
7fa0cf13c000-7fa0cf140000 rw-s 112d6e000 00:11 2111                      anon_inode:i915.gem
7fa0cf140000-7fa0cf144000 rw-s 112d6a000 00:11 2111                      anon_inode:i915.gem
7fa0cf144000-7fa0cf148000 rw-s 112d66000 00:11 2111                      anon_inode:i915.gem
7fa0cf148000-7fa0cf150000 rw-s 112d5e000 00:11 2111                      anon_inode:i915.gem
7fa0cf150000-7fa0cf158000 rw-s 112d56000 00:11 2111                      anon_inode:i915.gem
7fa0cf158000-7fa0cf15c000 rw-s 112d52000 00:11 2111                      anon_inode:i915.gem
7fa0cf15c000-7fa0cf160000 rw-s 112d4e000 00:11 2111                      anon_inode:i915.gem
7fa0cf160000-7fa0cf168000 rw-s 112d46000 00:11 2111                      anon_inode:i915.gem
7fa0cf168000-7fa0cf170000 rw-s 112d3e000 00:11 2111                      anon_inode:i915.gem
7fa0cf170000-7fa0cf178000 rw-s 112d36000 00:11 2111                      anon_inode:i915.gem
7fa0cf178000-7fa0cf180000 rw-s 112d2e000 00:11 2111                      anon_inode:i915.gem
7fa0cf180000-7fa0cf184000 rw-s 112d2a000 00:11 2111                      anon_inode:i915.gem
7fa0cf184000-7fa0cf18c000 rw-s 112d22000 00:11 2111                      anon_inode:i915.gem
7fa0cf18c000-7fa0cf194000 rw-s 112d1a000 00:11 2111                      anon_inode:i915.gem
7fa0cf194000-7fa0cf19c000 rw-s 112d12000 00:11 2111                      anon_inode:i915.gem
7fa0cf19c000-7fa0cf1a4000 rw-s 112d0a000 00:11 2111                      anon_inode:i915.gem
7fa0cf1a4000-7fa0cf1a8000 rw-s 112d06000 00:11 2111                      anon_inode:i915.gem
7fa0cf1a8000-7fa0cf1ac000 rw-s 112d02000 00:11 2111                      anon_inode:i915.gem
7fa0cf1ac000-7fa0cf3ac000 rw-s 112b02000 00:11 2111                      anon_inode:i915.gem
7fa0cf3ac000-7fa0cf3b4000 rw-s 112afa000 00:11 2111                      anon_inode:i915.gem
7fa0cf3b4000-7fa0cf3bc000 rw-s 112af2000 00:11 2111                      anon_inode:i915.gem
7fa0cf3bc000-7fa0cf3c0000 rw-s 112aee000 00:11 2111                      anon_inode:i915.gem
7fa0cf3c0000-7fa0cf3c2000 rw-s 112aec000 00:11 2111                      anon_inode:i915.gem
7fa0cf3c2000-7fa0cf402000 rw-s 112aac000 00:11 2111                      anon_inode:i915.gem
7fa0cf402000-7fa0cf602000 rw-s 1128ac000 00:11 2111                      anon_inode:i915.gem
7fa0cf602000-7fa0cf642000 rw-s 11286c000 00:11 2111                      anon_inode:i915.gem
7fa0cf642000-7fa0cf682000 rw-s 11282c000 00:11 2111                      anon_inode:i915.gem
7fa0cf682000-7fa0cf6c2000 rw-s 1127ec000 00:11 2111                      anon_inode:i915.gem
7fa0cf6c2000-7fa0cfac2000 rw-s 1123ec000 00:11 2111                      anon_inode:i915.gem
7fa0cfac2000-7fa0cfaca000 rw-s 1123e4000 00:11 2111                      anon_inode:i915.gem
7fa0cfaca000-7fa0cfacc000 rw-s 1123e2000 00:11 2111                      anon_inode:i915.gem
7fa0cfacc000-7fa0cface000 rw-s 1123e0000 00:11 2111                      anon_inode:i915.gem
7fa0cface000-7fa0cfad0000 rw-s 1123de000 00:11 2111                      anon_inode:i915.gem
7fa0cfad0000-7fa0cfad2000 rw-s 1123dc000 00:11 2111                      anon_inode:i915.gem
7fa0cfad2000-7fa0cfad4000 rw-s 1123da000 00:11 2111                      anon_inode:i915.gem
7fa0cfad4000-7fa0cfad6000 rw-s 1123d8000 00:11 2111                      anon_inode:i915.gem
7fa0cfad6000-7fa0cfad8000 rw-s 1123d6000 00:11 2111                      anon_inode:i915.gem
7fa0cfad8000-7fa0cfadc000 rw-s 1123d2000 00:11 2111                      anon_inode:i915.gem
7fa0cfadc000-7fa0cfae0000 rw-s 1123ce000 00:11 2111                      anon_inode:i915.gem
7fa0cfae7000-7fa0cfae9000 rw-s 1123c5000 00:11 2111                      anon_inode:i915.gem
7fa0cfaf6000-7fa0cfaf8000 rw-s 1123ba000 00:11 2111                      anon_inode:i915.gem
7fa0cfaf8000-7fa0cfafa000 rw-s 1123b8000 00:11 2111                      anon_inode:i915.gem
7fa0cfafa000-7fa0cfafc000 rw-s 1123b6000 00:11 2111                      anon_inode:i915.gem
7fa0cfafc000-7fa0cfafe000 rw-s 1123b4000 00:11 2111                      anon_inode:i915.gem
7fa0cfafe000-7fa0cfb00000 rw-s 1123b2000 00:11 2111                      anon_inode:i915.gem
7fa0cfb00000-7fa0cfb02000 rw-s 1123b0000 00:11 2111                      anon_inode:i915.gem
7fa0cfb02000-7fa0cfb04000 rw-s 1123ae000 00:11 2111                      anon_inode:i915.gem
7fa0cfb04000-7fa0cfb06000 rw-s 1123ac000 00:11 2111                      anon_inode:i915.gem
7fa0cfb06000-7fa0cfb08000 rw-s 1123aa000 00:11 2111                      anon_inode:i915.gem
7fa0cfb08000-7fa0cfb0a000 rw-s 1123a8000 00:11 2111                      anon_inode:i915.gem
7fa0cfb0a000-7fa0cfb0c000 rw-s 1123a6000 00:11 2111                      anon_inode:i915.gem
7fa0cfb0c000-7fa0cfb0e000 rw-s 1123a4000 00:11 2111                      anon_inode:i915.gem
7fa0cfb0e000-7fa0cfb10000 rw-s 1123a2000 00:11 2111                      anon_inode:i915.gem
7fa0cfb10000-7fa0cfb18000 rw-s 11239a000 00:11 2111                      anon_inode:i915.gem
7fa0cfb18000-7fa0cfb20000 rw-s 112392000 00:11 2111                      anon_inode:i915.gem
7fa0cfb20000-7fa0cfb24000 rw-s 11238e000 00:11 2111                      anon_inode:i915.gem
7fa0cfb24000-7fa0cfb28000 rw-s 11238a000 00:11 2111                      anon_inode:i915.gem
7fa0cfb28000-7fa0cfb2c000 rw-s 112386000 00:11 2111                      anon_inode:i915.gem
7fa0cfb2c000-7fa0cfb30000 rw-s 112382000 00:11 2111                      anon_inode:i915.gem
7fa0cfb30000-7fa0cfb34000 rw-s 11237e000 00:11 2111                      anon_inode:i915.gem
7fa0cfb34000-7fa0cfb38000 rw-s 11237a000 00:11 2111                      anon_inode:i915.gem
7fa0cfb38000-7fa0cfb3c000 rw-s 112376000 00:11 2111                      anon_inode:i915.gem
7fa0cfb3c000-7fa0cfb40000 rw-s 112372000 00:11 2111                      anon_inode:i915.gem
7fa0cfb40000-7fa0cfb44000 rw-s 11236e000 00:11 2111                      anon_inode:i915.gem
7fa0cfb44000-7fa0cfb48000 rw-s 11236a000 00:11 2111                      anon_inode:i915.gem
7fa0cfb48000-7fa0cfb50000 rw-s 112362000 00:11 2111                      anon_inode:i915.gem
7fa0cfb50000-7fa0cfd50000 rw-s 112162000 00:11 2111                      anon_inode:i915.gem
7fa0cfd50000-7fa0cff50000 rw-s 111f62000 00:11 2111                      anon_inode:i915.gem
7fa0cff50000-7fa0d0150000 rw-s 111d62000 00:11 2111                      anon_inode:i915.gem
7fa0d0150000-7fa0d0190000 rw-s 111d22000 00:11 2111                      anon_inode:i915.gem
7fa0d0190000-7fa0d01d0000 rw-s 111ce2000 00:11 2111                      anon_inode:i915.gem
7fa0d01d0000-7fa0d0210000 rw-s 111ca2000 00:11 2111                      anon_inode:i915.gem
7fa0d0210000-7fa0d0218000 rw-s 111c9a000 00:11 2111                      anon_inode:i915.gem
7fa0d0218000-7fa0d021c000 rw-s 111c96000 00:11 2111                      anon_inode:i915.gem
7fa0d021c000-7fa0d0220000 rw-s 111c92000 00:11 2111                      anon_inode:i915.gem
7fa0d0220000-7fa0d0228000 rw-s 111c8a000 00:11 2111                      anon_inode:i915.gem
7fa0d0228000-7fa0d0230000 rw-s 111c82000 00:11 2111                      anon_inode:i915.gem
7fa0d0230000-7fa0d0238000 rw-s 111c7a000 00:11 2111                      anon_inode:i915.gem
7fa0d0238000-7fa0d023c000 rw-s 111c76000 00:11 2111                      anon_inode:i915.gem
7fa0d023c000-7fa0d0244000 rw-s 111c6e000 00:11 2111                      anon_inode:i915.gem
7fa0d0244000-7fa0d0248000 rw-s 111c6a000 00:11 2111                      anon_inode:i915.gem
7fa0d0248000-7fa0d0250000 rw-s 111c62000 00:11 2111                      anon_inode:i915.gem
7fa0d0250000-7fa0d0258000 rw-s 111c5a000 00:11 2111                      anon_inode:i915.gem
7fa0d0258000-7fa0d025c000 rw-s 111c56000 00:11 2111                      anon_inode:i915.gem
7fa0d025c000-7fa0d0264000 rw-s 111c4e000 00:11 2111                      anon_inode:i915.gem
7fa0d0264000-7fa0d0268000 rw-s 111c4a000 00:11 2111                      anon_inode:i915.gem
7fa0d0268000-7fa0d0270000 rw-s 111c42000 00:11 2111                      anon_inode:i915.gem
7fa0d0270000-7fa0d0278000 rw-s 111c3a000 00:11 2111                      anon_inode:i915.gem
7fa0d0278000-7fa0d027c000 rw-s 111c36000 00:11 2111                      anon_inode:i915.gem
7fa0d027c000-7fa0d0280000 rw-s 111c32000 00:11 2111                      anon_inode:i915.gem
7fa0d0280000-7fa0d0284000 rw-s 111c2e000 00:11 2111                      anon_inode:i915.gem
7fa0d0284000-7fa0d028c000 rw-s 111c26000 00:11 2111                      anon_inode:i915.gem
7fa0d028c000-7fa0d0290000 rw-s 111c22000 00:11 2111                      anon_inode:i915.gem
7fa0d0290000-7fa0d0294000 rw-s 111c1e000 00:11 2111                      anon_inode:i915.gem
7fa0d0294000-7fa0d0298000 rw-s 111c1a000 00:11 2111                      anon_inode:i915.gem
7fa0d0298000-7fa0d029c000 rw-s 111c16000 00:11 2111                      anon_inode:i915.gem
7fa0d029c000-7fa0d02a4000 rw-s 111c0e000 00:11 2111                      anon_inode:i915.gem
7fa0d02a4000-7fa0d02ac000 rw-s 111c06000 00:11 2111                      anon_inode:i915.gem
7fa0d02ac000-7fa0d02b0000 rw-s 111c02000 00:11 2111                      anon_inode:i915.gem
7fa0d02b0000-7fa0d02b8000 rw-s 111bfa000 00:11 2111                      anon_inode:i915.gem
7fa0d02b8000-7fa0d02c0000 rw-s 111bf2000 00:11 2111                      anon_inode:i915.gem
7fa0d02c0000-7fa0d02c4000 rw-s 111bee000 00:11 2111                      anon_inode:i915.gem
7fa0d02c4000-7fa0d02c8000 rw-s 111bea000 00:11 2111                      anon_inode:i915.gem
7fa0d02c8000-7fa0d02cc000 rw-s 111be6000 00:11 2111                      anon_inode:i915.gem
7fa0d02cc000-7fa0d02d0000 rw-s 111be2000 00:11 2111                      anon_inode:i915.gem
7fa0d02d0000-7fa0d02d4000 rw-s 111bde000 00:11 2111                      anon_inode:i915.gem
7fa0d02d4000-7fa0d02dc000 rw-s 111bd6000 00:11 2111                      anon_inode:i915.gem
7fa0d02dc000-7fa0d02e4000 rw-s 111bce000 00:11 2111                      anon_inode:i915.gem
7fa0d02e4000-7fa0d02ec000 rw-s 111bc6000 00:11 2111                      anon_inode:i915.gem
7fa0d02ec000-7fa0d02f0000 rw-s 111bc2000 00:11 2111                      anon_inode:i915.gem
7fa0d02f0000-7fa0d02f4000 rw-s 111bbe000 00:11 2111                      anon_inode:i915.gem
7fa0d02f4000-7fa0d02fc000 rw-s 111bb6000 00:11 2111                      anon_inode:i915.gem
7fa0d02fc000-7fa0d0304000 rw-s 111bae000 00:11 2111                      anon_inode:i915.gem
7fa0d0304000-7fa0d030c000 rw-s 111ba6000 00:11 2111                      anon_inode:i915.gem
7fa0d030c000-7fa0d0314000 rw-s 111b9e000 00:11 2111                      anon_inode:i915.gem
7fa0d0314000-7fa0d031c000 rw-s 111b96000 00:11 2111                      anon_inode:i915.gem
7fa0d031c000-7fa0d0324000 rw-s 111b8e000 00:11 2111                      anon_inode:i915.gem
7fa0d0324000-7fa0d032c000 rw-s 111b86000 00:11 2111                      anon_inode:i915.gem
7fa0d032c000-7fa0d0334000 rw-s 111b7e000 00:11 2111                      anon_inode:i915.gem
7fa0d0334000-7fa0d033c000 rw-s 111b76000 00:11 2111                      anon_inode:i915.gem
7fa0d033c000-7fa0d0344000 rw-s 111b6e000 00:11 2111                      anon_inode:i915.gem
7fa0d0344000-7fa0d034c000 rw-s 111b66000 00:11 2111                      anon_inode:i915.gem
7fa0d034c000-7fa0d0354000 rw-s 111b5e000 00:11 2111                      anon_inode:i915.gem
7fa0d0354000-7fa0d0358000 rw-s 111b5a000 00:11 2111                      anon_inode:i915.gem
7fa0d0358000-7fa0d035c000 rw-s 111b56000 00:11 2111                      anon_inode:i915.gem
7fa0d035c000-7fa0d0364000 rw-s 111b4e000 00:11 2111                      anon_inode:i915.gem
7fa0d0364000-7fa0d0368000 rw-s 111b4a000 00:11 2111                      anon_inode:i915.gem
7fa0d0368000-7fa0d036c000 rw-s 111b46000 00:11 2111                      anon_inode:i915.gem
7fa0d036c000-7fa0d0374000 rw-s 111b3e000 00:11 2111                      anon_inode:i915.gem
7fa0d0374000-7fa0d0378000 rw-s 111b3a000 00:11 2111                      anon_inode:i915.gem
7fa0d0378000-7fa0d037c000 rw-s 111b36000 00:11 2111                      anon_inode:i915.gem
7fa0d037c000-7fa0d0380000 rw-s 111b32000 00:11 2111                      anon_inode:i915.gem
7fa0d0380000-7fa0d0384000 rw-s 111b2e000 00:11 2111                      anon_inode:i915.gem
7fa0d0384000-7fa0d0388000 rw-s 111b2a000 00:11 2111                      anon_inode:i915.gem
7fa0d0388000-7fa0d038c000 rw-s 111b26000 00:11 2111                      anon_inode:i915.gem
7fa0d038c000-7fa0d0390000 rw-s 111b22000 00:11 2111                      anon_inode:i915.gem
7fa0d0390000-7fa0d0394000 rw-s 111b1e000 00:11 2111                      anon_inode:i915.gem
7fa0d0394000-7fa0d039c000 rw-s 111b16000 00:11 2111                      anon_inode:i915.gem
7fa0d039c000-7fa0d03a0000 rw-s 111b12000 00:11 2111                      anon_inode:i915.gem
7fa0d03a0000-7fa0d03a8000 rw-s 111b0a000 00:11 2111                      anon_inode:i915.gem
7fa0d03a8000-7fa0d03ac000 rw-s 111b06000 00:11 2111                      anon_inode:i915.gem
7fa0d03ac000-7fa0d03b0000 rw-s 111b02000 00:11 2111                      anon_inode:i915.gem
7fa0d03b0000-7fa0d03b4000 rw-s 111afe000 00:11 2111                      anon_inode:i915.gem
7fa0d03b4000-7fa0d03b8000 rw-s 111afa000 00:11 2111                      anon_inode:i915.gem
7fa0d03b8000-7fa0d03bc000 rw-s 111af6000 00:11 2111                      anon_inode:i915.gem
7fa0d03bc000-7fa0d03c0000 rw-s 111af2000 00:11 2111                      anon_inode:i915.gem
7fa0d03c0000-7fa0d03c4000 rw-s 111aee000 00:11 2111                      anon_inode:i915.gem
7fa0d03c4000-7fa0d03cc000 rw-s 111ae6000 00:11 2111                      anon_inode:i915.gem
7fa0d03cc000-7fa0d03d4000 rw-s 111ade000 00:11 2111                      anon_inode:i915.gem
7fa0d03d4000-7fa0d03dc000 rw-s 111ad6000 00:11 2111                      anon_inode:i915.gem
7fa0d03dc000-7fa0d03e0000 rw-s 111ad2000 00:11 2111                      anon_inode:i915.gem
7fa0d03e0000-7fa0d03e8000 rw-s 111aca000 00:11 2111                      anon_inode:i915.gem
7fa0d03e8000-7fa0d03f0000 rw-s 111ac2000 00:11 2111                      anon_inode:i915.gem
7fa0d03f0000-7fa0d03f4000 rw-s 111abe000 00:11 2111                      anon_inode:i915.gem
7fa0d03f4000-7fa0d03f8000 rw-s 111aba000 00:11 2111                      anon_inode:i915.gem
7fa0d03f8000-7fa0d0400000 rw-s 111ab2000 00:11 2111                      anon_inode:i915.gem
7fa0d0400000-7fa0d0408000 rw-s 111aaa000 00:11 2111                      anon_inode:i915.gem
7fa0d0408000-7fa0d0410000 rw-s 111aa2000 00:11 2111                      anon_inode:i915.gem
7fa0d0410000-7fa0d0418000 rw-s 111a9a000 00:11 2111                      anon_inode:i915.gem
7fa0d0418000-7fa0d0420000 rw-s 111a92000 00:11 2111                      anon_inode:i915.gem
7fa0d0420000-7fa0d0428000 rw-s 111a8a000 00:11 2111                      anon_inode:i915.gem
7fa0d0428000-7fa0d0430000 rw-s 111a82000 00:11 2111                      anon_inode:i915.gem
7fa0d0430000-7fa0d0438000 rw-s 111a7a000 00:11 2111                      anon_inode:i915.gem
7fa0d0438000-7fa0d0440000 rw-s 111a72000 00:11 2111                      anon_inode:i915.gem
7fa0d0440000-7fa0d0448000 rw-s 111a6a000 00:11 2111                      anon_inode:i915.gem
7fa0d0448000-7fa0d0450000 rw-s 111a62000 00:11 2111                      anon_inode:i915.gem
7fa0d0450000-7fa0d0458000 rw-s 111a5a000 00:11 2111                      anon_inode:i915.gem
7fa0d0458000-7fa0d0460000 rw-s 111a52000 00:11 2111                      anon_inode:i915.gem
7fa0d0460000-7fa0d0468000 rw-s 111a4a000 00:11 2111                      anon_inode:i915.gem
7fa0d0468000-7fa0d0470000 rw-s 111a42000 00:11 2111                      anon_inode:i915.gem
7fa0d0470000-7fa0d0478000 rw-s 111a3a000 00:11 2111                      anon_inode:i915.gem
7fa0d0478000-7fa0d0480000 rw-s 111a32000 00:11 2111                      anon_inode:i915.gem
7fa0d0480000-7fa0d0488000 rw-s 111a2a000 00:11 2111                      anon_inode:i915.gem
7fa0d0488000-7fa0d0490000 rw-s 111a22000 00:11 2111                      anon_inode:i915.gem
7fa0d0490000-7fa0d0498000 rw-s 111a1a000 00:11 2111                      anon_inode:i915.gem
7fa0d0498000-7fa0d04a0000 rw-s 111a12000 00:11 2111                      anon_inode:i915.gem
7fa0d04a0000-7fa0d04a8000 rw-s 111a0a000 00:11 2111                      anon_inode:i915.gem
7fa0d04a8000-7fa0d04b0000 rw-s 111a02000 00:11 2111                      anon_inode:i915.gem
7fa0d04b0000-7fa0d04b8000 rw-s 1119fa000 00:11 2111                      anon_inode:i915.gem
7fa0d04b8000-7fa0d04c0000 rw-s 1119f2000 00:11 2111                      anon_inode:i915.gem
7fa0d04c0000-7fa0d04c8000 rw-s 1119ea000 00:11 2111                      anon_inode:i915.gem
7fa0d04c8000-7fa0d04d0000 rw-s 1119e2000 00:11 2111                      anon_inode:i915.gem
7fa0d04d0000-7fa0d04d8000 rw-s 1119da000 00:11 2111                      anon_inode:i915.gem
7fa0d04d8000-7fa0d04e0000 rw-s 1119d2000 00:11 2111                      anon_inode:i915.gem
7fa0d04e0000-7fa0d04e8000 rw-s 1119ca000 00:11 2111                      anon_inode:i915.gem
7fa0d04e8000-7fa0d04f0000 rw-s 1119c2000 00:11 2111                      anon_inode:i915.gem
7fa0d04f0000-7fa0d04f8000 rw-s 1119ba000 00:11 2111                      anon_inode:i915.gem
7fa0d04f8000-7fa0d0500000 rw-s 1119b2000 00:11 2111                      anon_inode:i915.gem
7fa0d0500000-7fa0d0508000 rw-s 1119aa000 00:11 2111                      anon_inode:i915.gem
7fa0d0508000-7fa0d0510000 rw-s 1119a2000 00:11 2111                      anon_inode:i915.gem
7fa0d0510000-7fa0d0518000 rw-s 11199a000 00:11 2111                      anon_inode:i915.gem
7fa0d0518000-7fa0d0520000 rw-s 111992000 00:11 2111                      anon_inode:i915.gem
7fa0d0520000-7fa0d0528000 rw-s 11198a000 00:11 2111                      anon_inode:i915.gem
7fa0d0528000-7fa0d0530000 rw-s 111982000 00:11 2111                      anon_inode:i915.gem
7fa0d0530000-7fa0d0538000 rw-s 11197a000 00:11 2111                      anon_inode:i915.gem
7fa0d0538000-7fa0d0540000 rw-s 111972000 00:11 2111                      anon_inode:i915.gem
7fa0d0540000-7fa0d0548000 rw-s 11196a000 00:11 2111                      anon_inode:i915.gem
7fa0d0548000-7fa0d0550000 rw-s 111962000 00:11 2111                      anon_inode:i915.gem
7fa0d0550000-7fa0d0558000 rw-s 11195a000 00:11 2111                      anon_inode:i915.gem
7fa0d0558000-7fa0d0560000 rw-s 111952000 00:11 2111                      anon_inode:i915.gem
7fa0d0560000-7fa0d0568000 rw-s 11194a000 00:11 2111                      anon_inode:i915.gem
7fa0d0568000-7fa0d0570000 rw-s 111942000 00:11 2111                      anon_inode:i915.gem
7fa0d0570000-7fa0d0578000 rw-s 11193a000 00:11 2111                      anon_inode:i915.gem
7fa0d0578000-7fa0d0580000 rw-s 111932000 00:11 2111                      anon_inode:i915.gem
7fa0d0580000-7fa0d0588000 rw-s 11192a000 00:11 2111                      anon_inode:i915.gem
7fa0d0588000-7fa0d0590000 rw-s 111922000 00:11 2111                      anon_inode:i915.gem
7fa0d0590000-7fa0d0598000 rw-s 11191a000 00:11 2111                      anon_inode:i915.gem
7fa0d0598000-7fa0d05a0000 rw-s 111912000 00:11 2111                      anon_inode:i915.gem
7fa0d05a0000-7fa0d05a8000 rw-s 11190a000 00:11 2111                      anon_inode:i915.gem
7fa0d05a8000-7fa0d05b0000 rw-s 111902000 00:11 2111                      anon_inode:i915.gem
7fa0d05b0000-7fa0d05b8000 rw-s 1118fa000 00:11 2111                      anon_inode:i915.gem
7fa0d05b8000-7fa0d05c0000 rw-s 1118f2000 00:11 2111                      anon_inode:i915.gem
7fa0d05c0000-7fa0d05c8000 rw-s 1118ea000 00:11 2111                      anon_inode:i915.gem
7fa0d05c8000-7fa0d05d0000 rw-s 1118e2000 00:11 2111                      anon_inode:i915.gem
7fa0d05d0000-7fa0d05d8000 rw-s 1118da000 00:11 2111                      anon_inode:i915.gem
7fa0d05d8000-7fa0d05e0000 rw-s 1118d2000 00:11 2111                      anon_inode:i915.gem
7fa0d05e0000-7fa0d05e8000 rw-s 1118ca000 00:11 2111                      anon_inode:i915.gem
7fa0d05e8000-7fa0d05f0000 rw-s 1118c2000 00:11 2111                      anon_inode:i915.gem
7fa0d05f0000-7fa0d05f8000 rw-s 1118ba000 00:11 2111                      anon_inode:i915.gem
7fa0d05f8000-7fa0d0600000 rw-s 1118b2000 00:11 2111                      anon_inode:i915.gem
7fa0d0600000-7fa0d0608000 rw-s 1118aa000 00:11 2111                      anon_inode:i915.gem
7fa0d0608000-7fa0d0610000 rw-s 1118a2000 00:11 2111                      anon_inode:i915.gem
7fa0d0610000-7fa0d0618000 rw-s 11189a000 00:11 2111                      anon_inode:i915.gem
7fa0d0618000-7fa0d0620000 rw-s 111892000 00:11 2111                      anon_inode:i915.gem
7fa0d0620000-7fa0d0628000 rw-s 11188a000 00:11 2111                      anon_inode:i915.gem
7fa0d0628000-7fa0d0630000 rw-s 111882000 00:11 2111                      anon_inode:i915.gem
7fa0d0630000-7fa0d0638000 rw-s 11187a000 00:11 2111                      anon_inode:i915.gem
7fa0d0638000-7fa0d0640000 rw-s 111872000 00:11 2111                      anon_inode:i915.gem
7fa0d0640000-7fa0d0648000 rw-s 11186a000 00:11 2111                      anon_inode:i915.gem
7fa0d0648000-7fa0d0650000 rw-s 111862000 00:11 2111                      anon_inode:i915.gem
7fa0d0650000-7fa0d0658000 rw-s 11185a000 00:11 2111                      anon_inode:i915.gem
7fa0d0658000-7fa0d0660000 rw-s 111852000 00:11 2111                      anon_inode:i915.gem
7fa0d0660000-7fa0d0668000 rw-s 11184a000 00:11 2111                      anon_inode:i915.gem
7fa0d0668000-7fa0d0670000 rw-s 111842000 00:11 2111                      anon_inode:i915.gem
7fa0d0670000-7fa0d0678000 rw-s 11183a000 00:11 2111                      anon_inode:i915.gem
7fa0d0678000-7fa0d0680000 rw-s 111832000 00:11 2111                      anon_inode:i915.gem
7fa0d0680000-7fa0d0688000 rw-s 11182a000 00:11 2111                      anon_inode:i915.gem
7fa0d0688000-7fa0d0690000 rw-s 111822000 00:11 2111                      anon_inode:i915.gem
7fa0d0690000-7fa0d0698000 rw-s 11181a000 00:11 2111                      anon_inode:i915.gem
7fa0d0698000-7fa0d06a0000 rw-s 111812000 00:11 2111                      anon_inode:i915.gem
7fa0d06a0000-7fa0d06a8000 rw-s 11180a000 00:11 2111                      anon_inode:i915.gem
7fa0d06a8000-7fa0d06b0000 rw-s 111802000 00:11 2111                      anon_inode:i915.gem
7fa0d06b0000-7fa0d06b8000 rw-s 1117fa000 00:11 2111                      anon_inode:i915.gem
7fa0d06b8000-7fa0d06c0000 rw-s 1117f2000 00:11 2111                      anon_inode:i915.gem
7fa0d06c0000-7fa0d06c8000 rw-s 1117ea000 00:11 2111                      anon_inode:i915.gem
7fa0d06c8000-7fa0d06d0000 rw-s 1117e2000 00:11 2111                      anon_inode:i915.gem
7fa0d06d0000-7fa0d06d8000 rw-s 1117da000 00:11 2111                      anon_inode:i915.gem
7fa0d06d8000-7fa0d06e0000 rw-s 1117d2000 00:11 2111                      anon_inode:i915.gem
7fa0d06e0000-7fa0d06e8000 rw-s 1117ca000 00:11 2111                      anon_inode:i915.gem
7fa0d06e8000-7fa0d06f0000 rw-s 1117c2000 00:11 2111                      anon_inode:i915.gem
7fa0d06f0000-7fa0d06f8000 rw-s 1117ba000 00:11 2111                      anon_inode:i915.gem
7fa0d06f8000-7fa0d0700000 rw-s 1117b2000 00:11 2111                      anon_inode:i915.gem
7fa0d0700000-7fa0d0708000 rw-s 1117aa000 00:11 2111                      anon_inode:i915.gem
7fa0d0708000-7fa0d0710000 rw-s 1117a2000 00:11 2111                      anon_inode:i915.gem
7fa0d0710000-7fa0d0718000 rw-s 11179a000 00:11 2111                      anon_inode:i915.gem
7fa0d0718000-7fa0d0720000 rw-s 111792000 00:11 2111                      anon_inode:i915.gem
7fa0d0720000-7fa0d0728000 rw-s 11178a000 00:11 2111                      anon_inode:i915.gem
7fa0d0728000-7fa0d0730000 rw-s 111782000 00:11 2111                      anon_inode:i915.gem
7fa0d0730000-7fa0d0738000 rw-s 11177a000 00:11 2111                      anon_inode:i915.gem
7fa0d0738000-7fa0d0740000 rw-s 111772000 00:11 2111                      anon_inode:i915.gem
7fa0d0740000-7fa0d0748000 rw-s 11176a000 00:11 2111                      anon_inode:i915.gem
7fa0d0748000-7fa0d0750000 rw-s 111762000 00:11 2111                      anon_inode:i915.gem
7fa0d0750000-7fa0d0758000 rw-s 11175a000 00:11 2111                      anon_inode:i915.gem
7fa0d0758000-7fa0d075c000 rw-s 111756000 00:11 2111                      anon_inode:i915.gem
7fa0d075c000-7fa0d0764000 rw-s 11174e000 00:11 2111                      anon_inode:i915.gem
7fa0d0764000-7fa0d076c000 rw-s 111746000 00:11 2111                      anon_inode:i915.gem
7fa0d076c000-7fa0d0774000 rw-s 11173e000 00:11 2111                      anon_inode:i915.gem
7fa0d0774000-7fa0d0778000 rw-s 11173a000 00:11 2111                      anon_inode:i915.gem
7fa0d0778000-7fa0d077c000 rw-s 111736000 00:11 2111                      anon_inode:i915.gem
7fa0d077c000-7fa0d0780000 rw-s 111732000 00:11 2111                      anon_inode:i915.gem
7fa0d0780000-7fa0d0784000 rw-s 11172e000 00:11 2111                      anon_inode:i915.gem
7fa0d0784000-7fa0d078c000 rw-s 111726000 00:11 2111                      anon_inode:i915.gem
7fa0d078c000-7fa0d0794000 rw-s 11171e000 00:11 2111                      anon_inode:i915.gem
7fa0d0794000-7fa0d079c000 rw-s 111716000 00:11 2111                      anon_inode:i915.gem
7fa0d079c000-7fa0d07a4000 rw-s 11170e000 00:11 2111                      anon_inode:i915.gem
7fa0d07a4000-7fa0d07ac000 rw-s 111706000 00:11 2111                      anon_inode:i915.gem
7fa0d07ac000-7fa0d07b4000 rw-s 1116fe000 00:11 2111                      anon_inode:i915.gem
7fa0d07b4000-7fa0d07bc000 rw-s 1116f6000 00:11 2111                      anon_inode:i915.gem
7fa0d07bc000-7fa0d07c4000 rw-s 1116ee000 00:11 2111                      anon_inode:i915.gem
7fa0d07c4000-7fa0d0804000 rw-s 1116ae000 00:11 2111                      anon_inode:i915.gem
7fa0d0804000-7fa0d0844000 rw-s 11166e000 00:11 2111                      anon_inode:i915.gem
7fa0d0844000-7fa0d0884000 rw-s 11162e000 00:11 2111                      anon_inode:i915.gem
7fa0d0884000-7fa0d08c4000 rw-s 1115ee000 00:11 2111                      anon_inode:i915.gem
7fa0d08c4000-7fa0d0904000 rw-s 1115ae000 00:11 2111                      anon_inode:i915.gem
7fa0d0904000-7fa0d0944000 rw-s 11156e000 00:11 2111                      anon_inode:i915.gem
7fa0d0944000-7fa0d0984000 rw-s 11152e000 00:11 2111                      anon_inode:i915.gem
7fa0d0984000-7fa0d09c4000 rw-s 1114ee000 00:11 2111                      anon_inode:i915.gem
7fa0d09c4000-7fa0d0bc4000 rw-s 1112ee000 00:11 2111                      anon_inode:i915.gem
7fa0d0bc4000-7fa0d0dc4000 rw-s 1110ee000 00:11 2111                      anon_inode:i915.gem
7fa0d0dc4000-7fa0d0fc4000 rw-s 110eee000 00:11 2111                      anon_inode:i915.gem
7fa0d0fc4000-7fa0d11c4000 rw-s 110cee000 00:11 2111                      anon_inode:i915.gem
7fa0d11c4000-7fa0d13c4000 rw-s 110aee000 00:11 2111                      anon_inode:i915.gem
7fa0d13c4000-7fa0d15c4000 rw-s 1108ee000 00:11 2111                      anon_inode:i915.gem
7fa0d15c4000-7fa0d1604000 rw-s 1108ae000 00:11 2111                      anon_inode:i915.gem
7fa0d1604000-7fa0d1644000 rw-s 11086e000 00:11 2111                      anon_inode:i915.gem
7fa0d1644000-7fa0d1648000 rw-s 11086a000 00:11 2111                      anon_inode:i915.gem
7fa0d1648000-7fa0d1650000 rw-s 110862000 00:11 2111                      anon_inode:i915.gem
7fa0d1650000-7fa0d1652000 rw-s 110860000 00:11 2111                      anon_inode:i915.gem
7fa0d1652000-7fa0d1656000 rw-s 11085c000 00:11 2111                      anon_inode:i915.gem
7fa0d1656000-7fa0d165a000 rw-s 110858000 00:11 2111                      anon_inode:i915.gem
7fa0d165a000-7fa0d165c000 rw-s 110856000 00:11 2111                      anon_inode:i915.gem
7fa0d165c000-7fa0d165e000 rw-s 110854000 00:11 2111                      anon_inode:i915.gem
7fa0d165e000-7fa0d1662000 rw-s 110850000 00:11 2111                      anon_inode:i915.gem
7fa0d1662000-7fa0d1664000 rw-s 11084e000 00:11 2111                      anon_inode:i915.gem
7fa0d1664000-7fa0d1668000 rw-s 11084a000 00:11 2111                      anon_inode:i915.gem
7fa0d1668000-7fa0d166a000 rw-s 110848000 00:11 2111                      anon_inode:i915.gem
7fa0d166a000-7fa0d166e000 rw-s 110844000 00:11 2111                      anon_inode:i915.gem
7fa0d166e000-7fa0d1672000 rw-s 110840000 00:11 2111                      anon_inode:i915.gem
7fa0d1672000-7fa0d1676000 rw-s 11083c000 00:11 2111                      anon_inode:i915.gem
7fa0d1676000-7fa0d167a000 rw-s 110838000 00:11 2111                      anon_inode:i915.gem
7fa0d167a000-7fa0d167c000 rw-s 110836000 00:11 2111                      anon_inode:i915.gem
7fa0d167c000-7fa0d1680000 rw-s 110832000 00:11 2111                      anon_inode:i915.gem
7fa0d1680000-7fa0d1684000 rw-s 11082e000 00:11 2111                      anon_inode:i915.gem
7fa0d1684000-7fa0d1686000 rw-s 11082c000 00:11 2111                      anon_inode:i915.gem
7fa0d1686000-7fa0d1688000 rw-s 11082a000 00:11 2111                      anon_inode:i915.gem
7fa0d1688000-7fa0d168c000 rw-s 110826000 00:11 2111                      anon_inode:i915.gem
7fa0d168c000-7fa0d1690000 rw-s 110822000 00:11 2111                      anon_inode:i915.gem
7fa0d1690000-7fa0d1694000 rw-s 11081e000 00:11 2111                      anon_inode:i915.gem
7fa0d1694000-7fa0d1698000 rw-s 11081a000 00:11 2111                      anon_inode:i915.gem
7fa0d1698000-7fa0d169c000 rw-s 110816000 00:11 2111                      anon_inode:i915.gem
7fa0d169c000-7fa0d16a4000 rw-s 11080e000 00:11 2111                      anon_inode:i915.gem
7fa0d16a4000-7fa0d16a8000 rw-s 11080a000 00:11 2111                      anon_inode:i915.gem
7fa0d16a8000-7fa0d16ac000 rw-s 110806000 00:11 2111                      anon_inode:i915.gem
7fa0d16ac000-7fa0d16b0000 rw-s 110802000 00:11 2111                      anon_inode:i915.gem
7fa0d16b0000-7fa0d16b4000 rw-s 1107fe000 00:11 2111                      anon_inode:i915.gem
7fa0d16b4000-7fa0d16b8000 rw-s 1107fa000 00:11 2111                      anon_inode:i915.gem
7fa0d16b8000-7fa0d16bc000 rw-s 1107f6000 00:11 2111                      anon_inode:i915.gem
7fa0d16bc000-7fa0d16c0000 rw-s 1107f2000 00:11 2111                      anon_inode:i915.gem
7fa0d16c0000-7fa0d16c4000 rw-s 1107ee000 00:11 2111                      anon_inode:i915.gem
7fa0d16c4000-7fa0d16c8000 rw-s 1107ea000 00:11 2111                      anon_inode:i915.gem
7fa0d16c8000-7fa0d16cc000 rw-s 1107e6000 00:11 2111                      anon_inode:i915.gem
7fa0d16cc000-7fa0d16d0000 rw-s 1107e2000 00:11 2111                      anon_inode:i915.gem
7fa0d16d0000-7fa0d16d4000 rw-s 1107de000 00:11 2111                      anon_inode:i915.gem
7fa0d16d4000-7fa0d16dc000 rw-s 1107d6000 00:11 2111                      anon_inode:i915.gem
7fa0d16dc000-7fa0d16e0000 rw-s 1107d2000 00:11 2111                      anon_inode:i915.gem
7fa0d16e0000-7fa0d16e4000 rw-s 1107ce000 00:11 2111                      anon_inode:i915.gem
7fa0d16e4000-7fa0d16e8000 rw-s 1107ca000 00:11 2111                      anon_inode:i915.gem
7fa0d16e8000-7fa0d16ec000 rw-s 1107c6000 00:11 2111                      anon_inode:i915.gem
7fa0d16ec000-7fa0d16f0000 rw-s 1107c2000 00:11 2111                      anon_inode:i915.gem
7fa0d16f0000-7fa0d16f2000 rw-s 1107c0000 00:11 2111                      anon_inode:i915.gem
7fa0d16f2000-7fa0d16f4000 rw-s 1107be000 00:11 2111                      anon_inode:i915.gem
7fa0d16f4000-7fa0d16f8000 rw-s 1107ba000 00:11 2111                      anon_inode:i915.gem
7fa0d16f8000-7fa0d16fc000 rw-s 1107b6000 00:11 2111                      anon_inode:i915.gem
7fa0d16fc000-7fa0d1700000 rw-s 1107b2000 00:11 2111                      anon_inode:i915.gem
7fa0d1700000-7fa0d1704000 rw-s 1107ae000 00:11 2111                      anon_inode:i915.gem
7fa0d1704000-7fa0d1708000 rw-s 1107aa000 00:11 2111                      anon_inode:i915.gem
7fa0d1708000-7fa0d170c000 rw-s 1107a6000 00:11 2111                      anon_inode:i915.gem
7fa0d170c000-7fa0d1710000 rw-s 1107a2000 00:11 2111                      anon_inode:i915.gem
7fa0d1710000-7fa0d1714000 rw-s 11079e000 00:11 2111                      anon_inode:i915.gem
7fa0d1714000-7fa0d1718000 rw-s 11079a000 00:11 2111                      anon_inode:i915.gem
7fa0d1718000-7fa0d171c000 rw-s 110796000 00:11 2111                      anon_inode:i915.gem
7fa0d171c000-7fa0d1720000 rw-s 110792000 00:11 2111                      anon_inode:i915.gem
7fa0d1720000-7fa0d1722000 rw-s 110790000 00:11 2111                      anon_inode:i915.gem
7fa0d1722000-7fa0d1724000 rw-s 11078e000 00:11 2111                      anon_inode:i915.gem
7fa0d1724000-7fa0d1728000 rw-s 11078a000 00:11 2111                      anon_inode:i915.gem
7fa0d1728000-7fa0d172a000 rw-s 110788000 00:11 2111                      anon_inode:i915.gem
7fa0d172a000-7fa0d172e000 rw-s 110784000 00:11 2111                      anon_inode:i915.gem
7fa0d172e000-7fa0d1730000 rw-s 110782000 00:11 2111                      anon_inode:i915.gem
7fa0d1730000-7fa0d1738000 rw-s 11077a000 00:11 2111                      anon_inode:i915.gem
7fa0d1738000-7fa0d1740000 rw-s 110772000 00:11 2111                      anon_inode:i915.gem
7fa0d1740000-7fa0d1748000 rw-s 11076a000 00:11 2111                      anon_inode:i915.gem
7fa0d1748000-7fa0d1750000 rw-s 110762000 00:11 2111                      anon_inode:i915.gem
7fa0d1750000-7fa0d1758000 rw-s 11075a000 00:11 2111                      anon_inode:i915.gem
7fa0d1758000-7fa0d1760000 rw-s 110752000 00:11 2111                      anon_inode:i915.gem
7fa0d1760000-7fa0d1768000 rw-s 11074a000 00:11 2111                      anon_inode:i915.gem
7fa0d1768000-7fa0d1770000 rw-s 110742000 00:11 2111                      anon_inode:i915.gem
7fa0d1770000-7fa0d1778000 rw-s 11073a000 00:11 2111                      anon_inode:i915.gem
7fa0d1778000-7fa0d1780000 rw-s 110732000 00:11 2111                      anon_inode:i915.gem
7fa0d1780000-7fa0d1788000 rw-s 11072a000 00:11 2111                      anon_inode:i915.gem
7fa0d1788000-7fa0d1790000 rw-s 110722000 00:11 2111                      anon_inode:i915.gem
7fa0d1790000-7fa0d1798000 rw-s 11071a000 00:11 2111                      anon_inode:i915.gem
7fa0d1798000-7fa0d17a0000 rw-s 110712000 00:11 2111                      anon_inode:i915.gem
7fa0d17a0000-7fa0d17a8000 rw-s 11070a000 00:11 2111                      anon_inode:i915.gem
7fa0d17a8000-7fa0d17b0000 rw-s 110702000 00:11 2111                      anon_inode:i915.gem
7fa0d17b0000-7fa0d17b8000 rw-s 1106fa000 00:11 2111                      anon_inode:i915.gem
7fa0d17b8000-7fa0d17c0000 rw-s 1106f2000 00:11 2111                      anon_inode:i915.gem
7fa0d17c0000-7fa0d17c8000 rw-s 1106ea000 00:11 2111                      anon_inode:i915.gem
7fa0d17c8000-7fa0d17cc000 rw-s 1106e6000 00:11 2111                      anon_inode:i915.gem
7fa0d17cc000-7fa0d17d4000 rw-s 1106de000 00:11 2111                      anon_inode:i915.gem
7fa0d17d4000-7fa0d17d8000 rw-s 1106da000 00:11 2111                      anon_inode:i915.gem
7fa0d17d8000-7fa0d17e0000 rw-s 1106d2000 00:11 2111                      anon_inode:i915.gem
7fa0d17e0000-7fa0d17e4000 rw-s 1106ce000 00:11 2111                      anon_inode:i915.gem
7fa0d17e4000-7fa0d17e8000 rw-s 1106ca000 00:11 2111                      anon_inode:i915.gem
7fa0d17e8000-7fa0d17ec000 rw-s 1106c6000 00:11 2111                      anon_inode:i915.gem
7fa0d17ec000-7fa0d17f0000 rw-s 1106c2000 00:11 2111                      anon_inode:i915.gem
7fa0d17f0000-7fa0d17f4000 rw-s 1106be000 00:11 2111                      anon_inode:i915.gem
7fa0d17f4000-7fa0d17fc000 rw-s 1106b6000 00:11 2111                      anon_inode:i915.gem
7fa0d17fc000-7fa0d1800000 rw-s 1106b2000 00:11 2111                      anon_inode:i915.gem
7fa0d1800000-7fa0d1804000 rw-s 1106ae000 00:11 2111                      anon_inode:i915.gem
7fa0d1804000-7fa0d180c000 rw-s 1106a6000 00:11 2111                      anon_inode:i915.gem
7fa0d180c000-7fa0d1810000 rw-s 1106a2000 00:11 2111                      anon_inode:i915.gem
7fa0d1810000-7fa0d1814000 rw-s 11069e000 00:11 2111                      anon_inode:i915.gem
7fa0d1814000-7fa0d181c000 rw-s 110696000 00:11 2111                      anon_inode:i915.gem
7fa0d181c000-7fa0d1820000 rw-s 110692000 00:11 2111                      anon_inode:i915.gem
7fa0d1820000-7fa0d1824000 rw-s 11068e000 00:11 2111                      anon_inode:i915.gem
7fa0d1824000-7fa0d1828000 rw-s 11068a000 00:11 2111                      anon_inode:i915.gem
7fa0d1828000-7fa0d182c000 rw-s 110686000 00:11 2111                      anon_inode:i915.gem
7fa0d182c000-7fa0d1830000 rw-s 110682000 00:11 2111                      anon_inode:i915.gem
7fa0d1830000-7fa0d1834000 rw-s 11067e000 00:11 2111                      anon_inode:i915.gem
7fa0d1834000-7fa0d1838000 rw-s 11067a000 00:11 2111                      anon_inode:i915.gem
7fa0d1838000-7fa0d183c000 rw-s 110676000 00:11 2111                      anon_inode:i915.gem
7fa0d183c000-7fa0d1840000 rw-s 110672000 00:11 2111                      anon_inode:i915.gem
7fa0d1840000-7fa0d1844000 rw-s 11066e000 00:11 2111                      anon_inode:i915.gem
7fa0d1844000-7fa0d184c000 rw-s 110666000 00:11 2111                      anon_inode:i915.gem
7fa0d184c000-7fa0d1850000 rw-s 110662000 00:11 2111                      anon_inode:i915.gem
7fa0d1850000-7fa0d1852000 rw-s 110660000 00:11 2111                      anon_inode:i915.gem
7fa0d1852000-7fa0d1856000 rw-s 11065c000 00:11 2111                      anon_inode:i915.gem
7fa0d1856000-7fa0d185a000 rw-s 110658000 00:11 2111                      anon_inode:i915.gem
7fa0d185a000-7fa0d185c000 rw-s 110656000 00:11 2111                      anon_inode:i915.gem
7fa0d185c000-7fa0d1860000 rw-s 110652000 00:11 2111                      anon_inode:i915.gem
7fa0d1860000-7fa0d1864000 rw-s 11064e000 00:11 2111                      anon_inode:i915.gem
7fa0d1864000-7fa0d1866000 rw-s 11064c000 00:11 2111                      anon_inode:i915.gem
7fa0d1866000-7fa0d1868000 rw-s 11064a000 00:11 2111                      anon_inode:i915.gem
7fa0d1868000-7fa0d1870000 rw-s 110642000 00:11 2111                      anon_inode:i915.gem
7fa0d1870000-7fa0d1874000 rw-s 11063e000 00:11 2111                      anon_inode:i915.gem
7fa0d1874000-7fa0d187c000 rw-s 110636000 00:11 2111                      anon_inode:i915.gem
7fa0d187c000-7fa0d1880000 rw-s 110632000 00:11 2111                      anon_inode:i915.gem
7fa0d1880000-7fa0d1888000 rw-s 11062a000 00:11 2111                      anon_inode:i915.gem
7fa0d1888000-7fa0d188a000 rw-s 110628000 00:11 2111                      anon_inode:i915.gem
7fa0d188a000-7fa0d1892000 rw-s 110620000 00:11 2111                      anon_inode:i915.gem
7fa0d1892000-7fa0d1894000 rw-s 11061e000 00:11 2111                      anon_inode:i915.gem
7fa0d1894000-7fa0d1896000 rw-s 11061c000 00:11 2111                      anon_inode:i915.gem
7fa0d1896000-7fa0d189a000 rw-s 110618000 00:11 2111                      anon_inode:i915.gem
7fa0d189a000-7fa0d189e000 rw-s 110614000 00:11 2111                      anon_inode:i915.gem
7fa0d189e000-7fa0d18a6000 rw-s 11060c000 00:11 2111                      anon_inode:i915.gem
7fa0d18a6000-7fa0d18aa000 rw-s 110608000 00:11 2111                      anon_inode:i915.gem
7fa0d18aa000-7fa0d18b2000 rw-s 110600000 00:11 2111                      anon_inode:i915.gem
7fa0d18b2000-7fa0d18b6000 rw-s 1105fc000 00:11 2111                      anon_inode:i915.gem
7fa0d18b6000-7fa0d18ba000 rw-s 1105f8000 00:11 2111                      anon_inode:i915.gem
7fa0d18ba000-7fa0d18c2000 rw-s 1105f0000 00:11 2111                      anon_inode:i915.gem
7fa0d18c2000-7fa0d18ca000 rw-s 1105e8000 00:11 2111                      anon_inode:i915.gem
7fa0d18ca000-7fa0d18d2000 rw-s 1105e0000 00:11 2111                      anon_inode:i915.gem
7fa0d18d2000-7fa0d18da000 rw-s 1105d8000 00:11 2111                      anon_inode:i915.gem
7fa0d18da000-7fa0d18e2000 rw-s 1105d0000 00:11 2111                      anon_inode:i915.gem
7fa0d18e2000-7fa0d18ea000 rw-s 1105c8000 00:11 2111                      anon_inode:i915.gem
7fa0d18ea000-7fa0d18f2000 rw-s 1105c0000 00:11 2111                      anon_inode:i915.gem
7fa0d18f2000-7fa0d18fa000 rw-s 1105b8000 00:11 2111                      anon_inode:i915.gem
7fa0d18fa000-7fa0d1902000 rw-s 1105b0000 00:11 2111                      anon_inode:i915.gem
7fa0d1902000-7fa0d190a000 rw-s 1105a8000 00:11 2111                      anon_inode:i915.gem
7fa0d190a000-7fa0d1912000 rw-s 1105a0000 00:11 2111                      anon_inode:i915.gem
7fa0d1912000-7fa0d191a000 rw-s 110598000 00:11 2111                      anon_inode:i915.gem
7fa0d191a000-7fa0d1922000 rw-s 110590000 00:11 2111                      anon_inode:i915.gem
7fa0d1922000-7fa0d192a000 rw-s 110588000 00:11 2111                      anon_inode:i915.gem
7fa0d192a000-7fa0d1932000 rw-s 110580000 00:11 2111                      anon_inode:i915.gem
7fa0d1932000-7fa0d1936000 rw-s 11057c000 00:11 2111                      anon_inode:i915.gem
7fa0d1936000-7fa0d193e000 rw-s 110574000 00:11 2111                      anon_inode:i915.gem
7fa0d193e000-7fa0d1946000 rw-s 11056c000 00:11 2111                      anon_inode:i915.gem
7fa0d1946000-7fa0d194e000 rw-s 110564000 00:11 2111                      anon_inode:i915.gem
7fa0d194e000-7fa0d1952000 rw-s 110560000 00:11 2111                      anon_inode:i915.gem
7fa0d1952000-7fa0d1956000 rw-s 11055c000 00:11 2111                      anon_inode:i915.gem
7fa0d1956000-7fa0d195a000 rw-s 110558000 00:11 2111                      anon_inode:i915.gem
7fa0d195a000-7fa0d195c000 rw-s 110556000 00:11 2111                      anon_inode:i915.gem
7fa0d195c000-7fa0d1964000 rw-s 11054e000 00:11 2111                      anon_inode:i915.gem
7fa0d1964000-7fa0d196c000 rw-s 110546000 00:11 2111                      anon_inode:i915.gem
7fa0d196c000-7fa0d1974000 rw-s 11053e000 00:11 2111                      anon_inode:i915.gem
7fa0d1974000-7fa0d1978000 rw-s 11053a000 00:11 2111                      anon_inode:i915.gem
7fa0d1978000-7fa0d197a000 rw-s 110538000 00:11 2111                      anon_inode:i915.gem
7fa0d197a000-7fa0d197c000 rw-s 110536000 00:11 2111                      anon_inode:i915.gem
7fa0d197c000-7fa0d1980000 rw-s 110532000 00:11 2111                      anon_inode:i915.gem
7fa0d1980000-7fa0d1984000 rw-s 11052e000 00:11 2111                      anon_inode:i915.gem
7fa0d1984000-7fa0d1988000 rw-s 11052a000 00:11 2111                      anon_inode:i915.gem
7fa0d1988000-7fa0d198a000 rw-s 110528000 00:11 2111                      anon_inode:i915.gem
7fa0d198a000-7fa0d198e000 rw-s 110524000 00:11 2111                      anon_inode:i915.gem
7fa0d198e000-7fa0d1992000 rw-s 110520000 00:11 2111                      anon_inode:i915.gem
7fa0d1992000-7fa0d1996000 rw-s 11051c000 00:11 2111                      anon_inode:i915.gem
7fa0d1996000-7fa0d199a000 rw-s 110518000 00:11 2111                      anon_inode:i915.gem
7fa0d199a000-7fa0d199e000 rw-s 110514000 00:11 2111                      anon_inode:i915.gem
7fa0d199e000-7fa0d19a2000 rw-s 110510000 00:11 2111                      anon_inode:i915.gem
7fa0d19a2000-7fa0d19a6000 rw-s 11050c000 00:11 2111                      anon_inode:i915.gem
7fa0d19a6000-7fa0d19aa000 rw-s 110508000 00:11 2111                      anon_inode:i915.gem
7fa0d19aa000-7fa0d19b2000 rw-s 110500000 00:11 2111                      anon_inode:i915.gem
7fa0d19b2000-7fa0d19ba000 rw-s 1104f8000 00:11 2111                      anon_inode:i915.gem
7fa0d19ba000-7fa0d19c2000 rw-s 1104f0000 00:11 2111                      anon_inode:i915.gem
7fa0d19c2000-7fa0d19ca000 rw-s 1104e8000 00:11 2111                      anon_inode:i915.gem
7fa0d19ca000-7fa0d19d2000 rw-s 1104e0000 00:11 2111                      anon_inode:i915.gem
7fa0d19d2000-7fa0d19da000 rw-s 1104d8000 00:11 2111                      anon_inode:i915.gem
7fa0d19da000-7fa0d19e2000 rw-s 1104d0000 00:11 2111                      anon_inode:i915.gem
7fa0d19e2000-7fa0d19ea000 rw-s 1104c8000 00:11 2111                      anon_inode:i915.gem
7fa0d19ea000-7fa0d19f2000 rw-s 1104c0000 00:11 2111                      anon_inode:i915.gem
7fa0d19f2000-7fa0d19fa000 rw-s 1104b8000 00:11 2111                      anon_inode:i915.gem
7fa0d19fa000-7fa0d1a02000 rw-s 1104b0000 00:11 2111                      anon_inode:i915.gem
7fa0d1a02000-7fa0d1a0a000 rw-s 1104a8000 00:11 2111                      anon_inode:i915.gem
7fa0d1a0a000-7fa0d1a12000 rw-s 1104a0000 00:11 2111                      anon_inode:i915.gem
7fa0d1a12000-7fa0d1a1a000 rw-s 110498000 00:11 2111                      anon_inode:i915.gem
7fa0d1a1a000-7fa0d1a22000 rw-s 110490000 00:11 2111                      anon_inode:i915.gem
7fa0d1a22000-7fa0d1a2a000 rw-s 110488000 00:11 2111                      anon_inode:i915.gem
7fa0d1a2a000-7fa0d1a32000 rw-s 110480000 00:11 2111                      anon_inode:i915.gem
7fa0d1a32000-7fa0d1a3a000 rw-s 1103f8000 00:11 2111                      anon_inode:i915.gem
7fa0d1a3a000-7fa0d1a42000 rw-s 1103f0000 00:11 2111                      anon_inode:i915.gem
7fa0d1a42000-7fa0d1a4a000 rw-s 1103e8000 00:11 2111                      anon_inode:i915.gem
7fa0d1a4a000-7fa0d1a52000 rw-s 1103e0000 00:11 2111                      anon_inode:i915.gem
7fa0d1a52000-7fa0d1a5a000 rw-s 1103d8000 00:11 2111                      anon_inode:i915.gem
7fa0d1a5a000-7fa0d1a62000 rw-s 1103d0000 00:11 2111                      anon_inode:i915.gem
7fa0d1a62000-7fa0d1a6a000 rw-s 1103c8000 00:11 2111                      anon_inode:i915.gem
7fa0d1a6a000-7fa0d1a72000 rw-s 1103c0000 00:11 2111                      anon_inode:i915.gem
7fa0d1a72000-7fa0d1a7a000 rw-s 1103b8000 00:11 2111                      anon_inode:i915.gem
7fa0d1a7a000-7fa0d1a82000 rw-s 1103b0000 00:11 2111                      anon_inode:i915.gem
7fa0d1a82000-7fa0d1a8a000 rw-s 1103a8000 00:11 2111                      anon_inode:i915.gem
7fa0d1a8a000-7fa0d1a92000 rw-s 1103a0000 00:11 2111                      anon_inode:i915.gem
7fa0d1a92000-7fa0d1a9a000 rw-s 110398000 00:11 2111                      anon_inode:i915.gem
7fa0d1a9a000-7fa0d1aa2000 rw-s 110390000 00:11 2111                      anon_inode:i915.gem
7fa0d1aa2000-7fa0d1aaa000 rw-s 110388000 00:11 2111                      anon_inode:i915.gem
7fa0d1aaa000-7fa0d1ab2000 rw-s 110380000 00:11 2111                      anon_inode:i915.gem
7fa0d1ab2000-7fa0d1aba000 rw-s 110378000 00:11 2111                      anon_inode:i915.gem
7fa0d1aba000-7fa0d1ac2000 rw-s 110370000 00:11 2111                      anon_inode:i915.gem
7fa0d1ac2000-7fa0d1aca000 rw-s 110368000 00:11 2111                      anon_inode:i915.gem
7fa0d1aca000-7fa0d1ad2000 rw-s 110360000 00:11 2111                      anon_inode:i915.gem
7fa0d1ad2000-7fa0d1ada000 rw-s 110358000 00:11 2111                      anon_inode:i915.gem
7fa0d1ada000-7fa0d1ae2000 rw-s 110350000 00:11 2111                      anon_inode:i915.gem
7fa0d1ae2000-7fa0d1b22000 rw-s 110310000 00:11 2111                      anon_inode:i915.gem
7fa0d1b22000-7fa0d1b62000 rw-s 1102d0000 00:11 2111                      anon_inode:i915.gem
7fa0d1b62000-7fa0d1b66000 rw-s 1102cc000 00:11 2111                      anon_inode:i915.gem
7fa0d1b66000-7fa0d1b6e000 rw-s 1102c4000 00:11 2111                      anon_inode:i915.gem
7fa0d1b6e000-7fa0d1b76000 rw-s 1102bc000 00:11 2111                      anon_inode:i915.gem
7fa0d1b76000-7fa0d1b7e000 rw-s 1102b4000 00:11 2111                      anon_inode:i915.gem
7fa0d1b7e000-7fa0d1b82000 rw-s 1102b0000 00:11 2111                      anon_inode:i915.gem
7fa0d1b82000-7fa0d1b86000 rw-s 1102ac000 00:11 2111                      anon_inode:i915.gem
7fa0d1b86000-7fa0d1b8e000 rw-s 1102a4000 00:11 2111                      anon_inode:i915.gem
7fa0d1b8e000-7fa0d1b96000 rw-s 11029c000 00:11 2111                      anon_inode:i915.gem
7fa0d1b96000-7fa0d1b9e000 rw-s 110294000 00:11 2111                      anon_inode:i915.gem
7fa0d1b9e000-7fa0d1ba6000 rw-s 11028c000 00:11 2111                      anon_inode:i915.gem
7fa0d1ba6000-7fa0d1bae000 rw-s 110284000 00:11 2111                      anon_inode:i915.gem
7fa0d1bae000-7fa0d1bb6000 rw-s 11027c000 00:11 2111                      anon_inode:i915.gem
7fa0d1bb6000-7fa0d1bbe000 rw-s 110274000 00:11 2111                      anon_inode:i915.gem
7fa0d1bbe000-7fa0d1bc6000 rw-s 11026c000 00:11 2111                      anon_inode:i915.gem
7fa0d1bc6000-7fa0d1bce000 rw-s 110264000 00:11 2111                      anon_inode:i915.gem
7fa0d1bce000-7fa0d1bd6000 rw-s 11025c000 00:11 2111                      anon_inode:i915.gem
7fa0d1bd6000-7fa0d1bde000 rw-s 110254000 00:11 2111                      anon_inode:i915.gem
7fa0d1bde000-7fa0d1be6000 rw-s 11024c000 00:11 2111                      anon_inode:i915.gem
7fa0d1be6000-7fa0d1bee000 rw-s 110244000 00:11 2111                      anon_inode:i915.gem
7fa0d1bee000-7fa0d1bf6000 rw-s 11023c000 00:11 2111                      anon_inode:i915.gem
7fa0d1bf6000-7fa0d1bfe000 rw-s 110234000 00:11 2111                      anon_inode:i915.gem
7fa0d1bfe000-7fa0d1c06000 rw-s 11022c000 00:11 2111                      anon_inode:i915.gem
7fa0d1c06000-7fa0d1c0a000 rw-s 110228000 00:11 2111                      anon_inode:i915.gem
7fa0d1c0a000-7fa0d1c12000 rw-s 110220000 00:11 2111                      anon_inode:i915.gem
7fa0d1c12000-7fa0d1c16000 rw-s 11021c000 00:11 2111                      anon_inode:i915.gem
7fa0d1c16000-7fa0d1c1a000 rw-s 110218000 00:11 2111                      anon_inode:i915.gem
7fa0d1c1a000-7fa0d1c22000 rw-s 110210000 00:11 2111                      anon_inode:i915.gem
7fa0d1c22000-7fa0d1c26000 rw-s 11020c000 00:11 2111                      anon_inode:i915.gem
7fa0d1c26000-7fa0d1c2a000 rw-s 110208000 00:11 2111                      anon_inode:i915.gem
7fa0d1c2a000-7fa0d1c32000 rw-s 110200000 00:11 2111                      anon_inode:i915.gem
7fa0d1c32000-7fa0d1c3a000 rw-s 1101f8000 00:11 2111                      anon_inode:i915.gem
7fa0d1c3a000-7fa0d1c42000 rw-s 1101f0000 00:11 2111                      anon_inode:i915.gem
7fa0d1c42000-7fa0d1c4a000 rw-s 1101e8000 00:11 2111                      anon_inode:i915.gem
7fa0d1c4a000-7fa0d1c4e000 rw-s 1101e4000 00:11 2111                      anon_inode:i915.gem
7fa0d1c4e000-7fa0d1c52000 rw-s 1101e0000 00:11 2111                      anon_inode:i915.gem
7fa0d1c52000-7fa0d1c56000 rw-s 1101dc000 00:11 2111                      anon_inode:i915.gem
7fa0d1c56000-7fa0d1c5e000 rw-s 1101d4000 00:11 2111                      anon_inode:i915.gem
7fa0d1c5e000-7fa0d1c62000 rw-s 1101d0000 00:11 2111                      anon_inode:i915.gem
7fa0d1c62000-7fa0d1c6a000 rw-s 1101c8000 00:11 2111                      anon_inode:i915.gem
7fa0d1c6a000-7fa0d1c6e000 rw-s 1101c4000 00:11 2111                      anon_inode:i915.gem
7fa0d1c6e000-7fa0d1c76000 rw-s 1101bc000 00:11 2111                      anon_inode:i915.gem
7fa0d1c76000-7fa0d1c7a000 rw-s 1101b8000 00:11 2111                      anon_inode:i915.gem
7fa0d1c7a000-7fa0d1c82000 rw-s 1101b0000 00:11 2111                      anon_inode:i915.gem
7fa0d1c82000-7fa0d1c86000 rw-s 1101ac000 00:11 2111                      anon_inode:i915.gem
7fa0d1c86000-7fa0d1c8e000 rw-s 1101a4000 00:11 2111                      anon_inode:i915.gem
7fa0d1c8e000-7fa0d1c96000 rw-s 11019c000 00:11 2111                      anon_inode:i915.gem
7fa0d1c96000-7fa0d1c9e000 rw-s 110194000 00:11 2111                      anon_inode:i915.gem
7fa0d1c9e000-7fa0d1ca2000 rw-s 110190000 00:11 2111                      anon_inode:i915.gem
7fa0d1ca2000-7fa0d1caa000 rw-s 110188000 00:11 2111                      anon_inode:i915.gem
7fa0d1caa000-7fa0d1cae000 rw-s 110184000 00:11 2111                      anon_inode:i915.gem
7fa0d1cae000-7fa0d1cb2000 rw-s 110180000 00:11 2111                      anon_inode:i915.gem
7fa0d1cb2000-7fa0d1cb6000 rw-s 11017c000 00:11 2111                      anon_inode:i915.gem
7fa0d1cb6000-7fa0d1cba000 rw-s 110178000 00:11 2111                      anon_inode:i915.gem
7fa0d1cba000-7fa0d1cbe000 rw-s 110174000 00:11 2111                      anon_inode:i915.gem
7fa0d1cbe000-7fa0d1cfe000 rw-s 110134000 00:11 2111                      anon_inode:i915.gem
7fa0d1cfe000-7fa0d1d3e000 rw-s 1100f4000 00:11 2111                      anon_inode:i915.gem
7fa0d1d3e000-7fa0d1d42000 rw-s 1100f0000 00:11 2111                      anon_inode:i915.gem
7fa0d1d42000-7fa0d1d46000 rw-s 1100ec000 00:11 2111                      anon_inode:i915.gem
7fa0d1d46000-7fa0d1d4e000 rw-s 1100e4000 00:11 2111                      anon_inode:i915.gem
7fa0d1d4e000-7fa0d1d56000 rw-s 1100dc000 00:11 2111                      anon_inode:i915.gem
7fa0d1d56000-7fa0d1d5a000 rw-s 1100d8000 00:11 2111                      anon_inode:i915.gem
7fa0d1d5a000-7fa0d1d62000 rw-s 1100d0000 00:11 2111                      anon_inode:i915.gem
7fa0d1d62000-7fa0d1d6a000 rw-s 1100c8000 00:11 2111                      anon_inode:i915.gem
7fa0d1d6a000-7fa0d1d6e000 rw-s 1100c4000 00:11 2111                      anon_inode:i915.gem
7fa0d1d6e000-7fa0d1d76000 rw-s 1100bc000 00:11 2111                      anon_inode:i915.gem
7fa0d1d76000-7fa0d1d7e000 rw-s 1100b4000 00:11 2111                      anon_inode:i915.gem
7fa0d1d7e000-7fa0d1d86000 rw-s 1100ac000 00:11 2111                      anon_inode:i915.gem
7fa0d1d86000-7fa0d1d8a000 rw-s 1100a8000 00:11 2111                      anon_inode:i915.gem
7fa0d1d8a000-7fa0d1d8e000 rw-s 1100a4000 00:11 2111                      anon_inode:i915.gem
7fa0d1d8e000-7fa0d1d96000 rw-s 11009c000 00:11 2111                      anon_inode:i915.gem
7fa0d1d96000-7fa0d1d9e000 rw-s 110094000 00:11 2111                      anon_inode:i915.gem
7fa0d1d9e000-7fa0d1da6000 rw-s 11008c000 00:11 2111                      anon_inode:i915.gem
7fa0d1da6000-7fa0d1dae000 rw-s 110084000 00:11 2111                      anon_inode:i915.gem
7fa0d1dae000-7fa0d1dee000 rw-s 110044000 00:11 2111                      anon_inode:i915.gem
7fa0d1dee000-7fa0d1fee000 rw-s 10fe44000 00:11 2111                      anon_inode:i915.gem
7fa0d1fee000-7fa0d202e000 rw-s 10fe04000 00:11 2111                      anon_inode:i915.gem
7fa0d202e000-7fa0d2036000 rw-s 10fdfc000 00:11 2111                      anon_inode:i915.gem
7fa0d2036000-7fa0d203e000 rw-s 10fdf4000 00:11 2111                      anon_inode:i915.gem
7fa0d203e000-7fa0d2046000 rw-s 10fdec000 00:11 2111                      anon_inode:i915.gem
7fa0d2046000-7fa0d204e000 rw-s 10fde4000 00:11 2111                      anon_inode:i915.gem
7fa0d204e000-7fa0d2056000 rw-s 10fddc000 00:11 2111                      anon_inode:i915.gem
7fa0d2056000-7fa0d205e000 rw-s 10fdd4000 00:11 2111                      anon_inode:i915.gem
7fa0d205e000-7fa0d2066000 rw-s 10fdcc000 00:11 2111                      anon_inode:i915.gem
7fa0d2066000-7fa0d206e000 rw-s 10fdc4000 00:11 2111                      anon_inode:i915.gem
7fa0d206e000-7fa0d2076000 rw-s 10fdbc000 00:11 2111                      anon_inode:i915.gem
7fa0d2076000-7fa0d207e000 rw-s 10fdb4000 00:11 2111                      anon_inode:i915.gem
7fa0d207e000-7fa0d2086000 rw-s 10fdac000 00:11 2111                      anon_inode:i915.gem
7fa0d2086000-7fa0d208e000 rw-s 10fda4000 00:11 2111                      anon_inode:i915.gem
7fa0d208e000-7fa0d2096000 rw-s 10fd9c000 00:11 2111                      anon_inode:i915.gem
7fa0d2096000-7fa0d209e000 rw-s 10fd94000 00:11 2111                      anon_inode:i915.gem
7fa0d209e000-7fa0d20a6000 rw-s 10fd8c000 00:11 2111                      anon_inode:i915.gem
7fa0d20a6000-7fa0d20ae000 rw-s 10fd84000 00:11 2111                      anon_inode:i915.gem
7fa0d20ae000-7fa0d20b6000 rw-s 10fd7c000 00:11 2111                      anon_inode:i915.gem
7fa0d20b6000-7fa0d20be000 rw-s 10fd74000 00:11 2111                      anon_inode:i915.gem
7fa0d20be000-7fa0d20c6000 rw-s 10fd6c000 00:11 2111                      anon_inode:i915.gem
7fa0d20c6000-7fa0d20ce000 rw-s 10fd64000 00:11 2111                      anon_inode:i915.gem
7fa0d20ce000-7fa0d20d6000 rw-s 10fd5c000 00:11 2111                      anon_inode:i915.gem
7fa0d20d6000-7fa0d20de000 rw-s 10fd54000 00:11 2111                      anon_inode:i915.gem
7fa0d20de000-7fa0d20e6000 rw-s 10fd4c000 00:11 2111                      anon_inode:i915.gem
7fa0d20e6000-7fa0d20ee000 rw-s 10fd44000 00:11 2111                      anon_inode:i915.gem
7fa0d20ee000-7fa0d20f6000 rw-s 10fd3c000 00:11 2111                      anon_inode:i915.gem
7fa0d20f6000-7fa0d20fe000 rw-s 10fd34000 00:11 2111                      anon_inode:i915.gem
7fa0d20fe000-7fa0d2106000 rw-s 10fd2c000 00:11 2111                      anon_inode:i915.gem
7fa0d2106000-7fa0d210a000 rw-s 10fd28000 00:11 2111                      anon_inode:i915.gem
7fa0d210a000-7fa0d2112000 rw-s 10fd20000 00:11 2111                      anon_inode:i915.gem
7fa0d2112000-7fa0d2116000 rw-s 10fd1c000 00:11 2111                      anon_inode:i915.gem
7fa0d2116000-7fa0d211e000 rw-s 10fd14000 00:11 2111                      anon_inode:i915.gem
7fa0d211e000-7fa0d2126000 rw-s 10fd0c000 00:11 2111                      anon_inode:i915.gem
7fa0d2126000-7fa0d212a000 rw-s 10fd08000 00:11 2111                      anon_inode:i915.gem
7fa0d212a000-7fa0d212e000 rw-s 10fd04000 00:11 2111                      anon_inode:i915.gem
7fa0d212e000-7fa0d2136000 rw-s 10fcfc000 00:11 2111                      anon_inode:i915.gem
7fa0d2136000-7fa0d213a000 rw-s 10fcf8000 00:11 2111                      anon_inode:i915.gem
7fa0d213a000-7fa0d2142000 rw-s 10fcf0000 00:11 2111                      anon_inode:i915.gem
7fa0d2142000-7fa0d214a000 rw-s 10fce8000 00:11 2111                      anon_inode:i915.gem
7fa0d214a000-7fa0d2152000 rw-s 10fce0000 00:11 2111                      anon_inode:i915.gem
7fa0d2152000-7fa0d2156000 rw-s 10fcdc000 00:11 2111                      anon_inode:i915.gem
7fa0d2156000-7fa0d215e000 rw-s 10fcd4000 00:11 2111                      anon_inode:i915.gem
7fa0d215e000-7fa0d2162000 rw-s 10fcd0000 00:11 2111                      anon_inode:i915.gem
7fa0d2162000-7fa0d216a000 rw-s 10fcc8000 00:11 2111                      anon_inode:i915.gem
7fa0d216a000-7fa0d2172000 rw-s 10fcc0000 00:11 2111                      anon_inode:i915.gem
7fa0d2172000-7fa0d217a000 rw-s 10fcb8000 00:11 2111                      anon_inode:i915.gem
7fa0d217a000-7fa0d217e000 rw-s 10fcb4000 00:11 2111                      anon_inode:i915.gem
7fa0d217e000-7fa0d2182000 rw-s 10fcb0000 00:11 2111                      anon_inode:i915.gem
7fa0d2182000-7fa0d2186000 rw-s 10fcac000 00:11 2111                      anon_inode:i915.gem
7fa0d2186000-7fa0d218a000 rw-s 10fca8000 00:11 2111                      anon_inode:i915.gem
7fa0d218a000-7fa0d218e000 rw-s 10fca4000 00:11 2111                      anon_inode:i915.gem
7fa0d218e000-7fa0d2192000 rw-s 10fca0000 00:11 2111                      anon_inode:i915.gem
7fa0d2192000-7fa0d2196000 rw-s 10fc9c000 00:11 2111                      anon_inode:i915.gem
7fa0d2196000-7fa0d219a000 rw-s 10fc98000 00:11 2111                      anon_inode:i915.gem
7fa0d219a000-7fa0d219e000 rw-s 10fc94000 00:11 2111                      anon_inode:i915.gem
7fa0d219e000-7fa0d21a2000 rw-s 10fc90000 00:11 2111                      anon_inode:i915.gem
7fa0d21a2000-7fa0d21a6000 rw-s 10fc8c000 00:11 2111                      anon_inode:i915.gem
7fa0d21a6000-7fa0d21aa000 rw-s 10fc88000 00:11 2111                      anon_inode:i915.gem
7fa0d21aa000-7fa0d21ae000 rw-s 10fc84000 00:11 2111                      anon_inode:i915.gem
7fa0d21ae000-7fa0d21b2000 rw-s 10fc80000 00:11 2111                      anon_inode:i915.gem
7fa0d21b2000-7fa0d21b6000 rw-s 10fc7c000 00:11 2111                      anon_inode:i915.gem
7fa0d21b6000-7fa0d21ba000 rw-s 10fc78000 00:11 2111                      anon_inode:i915.gem
7fa0d21ba000-7fa0d21be000 rw-s 10fc74000 00:11 2111                      anon_inode:i915.gem
7fa0d21be000-7fa0d21c2000 rw-s 10fc70000 00:11 2111                      anon_inode:i915.gem
7fa0d21c2000-7fa0d21ca000 rw-s 10fc68000 00:11 2111                      anon_inode:i915.gem
7fa0d21ca000-7fa0d21ce000 rw-s 10fc64000 00:11 2111                      anon_inode:i915.gem
7fa0d21ce000-7fa0d21d6000 rw-s 10fc5c000 00:11 2111                      anon_inode:i915.gem
7fa0d21d6000-7fa0d21da000 rw-s 10fc58000 00:11 2111                      anon_inode:i915.gem
7fa0d21da000-7fa0d21e2000 rw-s 10fc50000 00:11 2111                      anon_inode:i915.gem
7fa0d21e2000-7fa0d21e6000 rw-s 10fc4c000 00:11 2111                      anon_inode:i915.gem
7fa0d21e6000-7fa0d21ea000 rw-s 10fc48000 00:11 2111                      anon_inode:i915.gem
7fa0d21ea000-7fa0d21ec000 rw-s 10fc46000 00:11 2111                      anon_inode:i915.gem
7fa0d21ec000-7fa0d21ee000 rw-s 10fc44000 00:11 2111                      anon_inode:i915.gem
7fa0d21ee000-7fa0d21f0000 rw-s 10fc42000 00:11 2111                      anon_inode:i915.gem
7fa0d21f0000-7fa0d21f4000 rw-s 10fc3e000 00:11 2111                      anon_inode:i915.gem
7fa0d21f4000-7fa0d21f8000 rw-s 10fc3a000 00:11 2111                      anon_inode:i915.gem
7fa0d21f8000-7fa0d21fc000 rw-s 10fc36000 00:11 2111                      anon_inode:i915.gem
7fa0d21fc000-7fa0d2204000 rw-s 10fc2e000 00:11 2111                      anon_inode:i915.gem
7fa0d2204000-7fa0d2208000 rw-s 10fc2a000 00:11 2111                      anon_inode:i915.gem
7fa0d2208000-7fa0d2210000 rw-s 10fc22000 00:11 2111                      anon_inode:i915.gem
7fa0d2210000-7fa0d2218000 rw-s 10fc1a000 00:11 2111                      anon_inode:i915.gem
7fa0d2218000-7fa0d221c000 rw-s 10fc16000 00:11 2111                      anon_inode:i915.gem
7fa0d221c000-7fa0d2220000 rw-s 10fc12000 00:11 2111                      anon_inode:i915.gem
7fa0d2220000-7fa0d2224000 rw-s 10fc0e000 00:11 2111                      anon_inode:i915.gem
7fa0d2224000-7fa0d2228000 rw-s 10fc0a000 00:11 2111                      anon_inode:i915.gem
7fa0d2228000-7fa0d222c000 rw-s 10fc06000 00:11 2111                      anon_inode:i915.gem
7fa0d222c000-7fa0d2230000 rw-s 10fc02000 00:11 2111                      anon_inode:i915.gem
7fa0d2230000-7fa0d2234000 rw-s 10bd5e000 00:11 2111                      anon_inode:i915.gem
7fa0d2234000-7fa0d2238000 rw-s 10bd5a000 00:11 2111                      anon_inode:i915.gem
7fa0d2238000-7fa0d2278000 rw-s 10fbc2000 00:11 2111                      anon_inode:i915.gem
7fa0d2278000-7fa0d22b8000 rw-s 10fb82000 00:11 2111                      anon_inode:i915.gem
7fa0d22b8000-7fa0d22f8000 rw-s 10fb42000 00:11 2111                      anon_inode:i915.gem
7fa0d22f8000-7fa0d2338000 rw-s 10fb02000 00:11 2111                      anon_inode:i915.gem
7fa0d2338000-7fa0d2378000 rw-s 10fac2000 00:11 2111                      anon_inode:i915.gem
7fa0d2378000-7fa0d23b8000 rw-s 10fa82000 00:11 2111                      anon_inode:i915.gem
7fa0d23b8000-7fa0d25b8000 rw-s 10f882000 00:11 2111                      anon_inode:i915.gem
7fa0d25b8000-7fa0d25f8000 rw-s 10f842000 00:11 2111                      anon_inode:i915.gem
7fa0d25f8000-7fa0d2638000 rw-s 10f802000 00:11 2111                      anon_inode:i915.gem
7fa0d2638000-7fa0d2678000 rw-s 10f7c2000 00:11 2111                      anon_inode:i915.gem
7fa0d2678000-7fa0d26b8000 rw-s 10f782000 00:11 2111                      anon_inode:i915.gem
7fa0d26b8000-7fa0d26f8000 rw-s 10f742000 00:11 2111                      anon_inode:i915.gem
7fa0d26f8000-7fa0d2738000 rw-s 10f702000 00:11 2111                      anon_inode:i915.gem
7fa0d2738000-7fa0d2778000 rw-s 10f6c2000 00:11 2111                      anon_inode:i915.gem
7fa0d2778000-7fa0d27b8000 rw-s 10f682000 00:11 2111                      anon_inode:i915.gem
7fa0d27b8000-7fa0d27f8000 rw-s 10f642000 00:11 2111                      anon_inode:i915.gem
7fa0d27f8000-7fa0d2838000 rw-s 10f602000 00:11 2111                      anon_inode:i915.gem
7fa0d2838000-7fa0d2878000 rw-s 10f5c2000 00:11 2111                      anon_inode:i915.gem
7fa0d2878000-7fa0d28b8000 rw-s 10f582000 00:11 2111                      anon_inode:i915.gem
7fa0d28b8000-7fa0d28f8000 rw-s 10f542000 00:11 2111                      anon_inode:i915.gem
7fa0d28f8000-7fa0d2938000 rw-s 10f502000 00:11 2111                      anon_inode:i915.gem
7fa0d2938000-7fa0d2978000 rw-s 10f4c2000 00:11 2111                      anon_inode:i915.gem
7fa0d2978000-7fa0d29b8000 rw-s 10f482000 00:11 2111                      anon_inode:i915.gem
7fa0d29b8000-7fa0d29f8000 rw-s 10f442000 00:11 2111                      anon_inode:i915.gem
7fa0d29f8000-7fa0d2a38000 rw-s 10f402000 00:11 2111                      anon_inode:i915.gem
7fa0d2a38000-7fa0d2a78000 rw-s 10f3c2000 00:11 2111                      anon_inode:i915.gem
7fa0d2a78000-7fa0d2ab8000 rw-s 10f382000 00:11 2111                      anon_inode:i915.gem
7fa0d2ab8000-7fa0d2af8000 rw-s 10f342000 00:11 2111                      anon_inode:i915.gem
7fa0d2af8000-7fa0d2b38000 rw-s 10f302000 00:11 2111                      anon_inode:i915.gem
7fa0d2b38000-7fa0d2b78000 rw-s 10f2c2000 00:11 2111                      anon_inode:i915.gem
7fa0d2b78000-7fa0d2bb8000 rw-s 10f282000 00:11 2111                      anon_inode:i915.gem
7fa0d2bb8000-7fa0d2bf8000 rw-s 10f242000 00:11 2111                      anon_inode:i915.gem
7fa0d2bf8000-7fa0d2c38000 rw-s 10f202000 00:11 2111                      anon_inode:i915.gem
7fa0d2c38000-7fa0d2c78000 rw-s 10f1c2000 00:11 2111                      anon_inode:i915.gem
7fa0d2c78000-7fa0d2cb8000 rw-s 10f182000 00:11 2111                      anon_inode:i915.gem
7fa0d2cb8000-7fa0d2cf8000 rw-s 10f142000 00:11 2111                      anon_inode:i915.gem
7fa0d2cf8000-7fa0d2d38000 rw-s 10f102000 00:11 2111                      anon_inode:i915.gem
7fa0d2d38000-7fa0d2d78000 rw-s 10f0c2000 00:11 2111                      anon_inode:i915.gem
7fa0d2d78000-7fa0d2db8000 rw-s 10f082000 00:11 2111                      anon_inode:i915.gem
7fa0d2db8000-7fa0d2df8000 rw-s 10f042000 00:11 2111                      anon_inode:i915.gem
7fa0d2df8000-7fa0d2e38000 rw-s 10f002000 00:11 2111                      anon_inode:i915.gem
7fa0d2e38000-7fa0d2e78000 rw-s 10efc2000 00:11 2111                      anon_inode:i915.gem
7fa0d2e78000-7fa0d2eb8000 rw-s 10ef82000 00:11 2111                      anon_inode:i915.gem
7fa0d2eb8000-7fa0d2ef8000 rw-s 10ef42000 00:11 2111                      anon_inode:i915.gem
7fa0d2ef8000-7fa0d2f38000 rw-s 10ef02000 00:11 2111                      anon_inode:i915.gem
7fa0d2f38000-7fa0d2f78000 rw-s 10eec2000 00:11 2111                      anon_inode:i915.gem
7fa0d2f78000-7fa0d2fb8000 rw-s 10ee82000 00:11 2111                      anon_inode:i915.gem
7fa0d2fb8000-7fa0d2ff8000 rw-s 10ee42000 00:11 2111                      anon_inode:i915.gem
7fa0d2ff8000-7fa0d3038000 rw-s 10ee02000 00:11 2111                      anon_inode:i915.gem
7fa0d3038000-7fa0d3078000 rw-s 10edc2000 00:11 2111                      anon_inode:i915.gem
7fa0d3078000-7fa0d30b8000 rw-s 10ed82000 00:11 2111                      anon_inode:i915.gem
7fa0d30b8000-7fa0d30f8000 rw-s 10ed42000 00:11 2111                      anon_inode:i915.gem
7fa0d30f8000-7fa0d3138000 rw-s 10ed02000 00:11 2111                      anon_inode:i915.gem
7fa0d3147000-7fa0d3157000 rw-s 1192c6000 00:11 2111                      anon_inode:i915.gem
7fa0d3157000-7fa0d3167000 rw-s 127166000 00:11 2111                      anon_inode:i915.gem
7fa0d3167000-7fa0d3177000 rw-s 127176000 00:11 2111                      anon_inode:i915.gem
7fa0d3177000-7fa0d3178000 rw-p 00000000 00:00 0 
7fa0d3178000-7fa0d317c000 ---p 00000000 00:00 0 
7fa0d317c000-7fa0d3278000 rw-p 00000000 00:00 0 
7fa0d3278000-7fa0d32b8000 rw-s 10eb82000 00:11 2111                      anon_inode:i915.gem
7fa0d32b8000-7fa0d32c8000 rw-s 127186000 00:11 2111                      anon_inode:i915.gem
7fa0d32c8000-7fa0d32d8000 rw-s 119286000 00:11 2111                      anon_inode:i915.gem
7fa0d32d8000-7fa0d3318000 rw-s 10eb22000 00:11 2111                      anon_inode:i915.gem
7fa0d3318000-7fa0d3358000 rw-s 10eae2000 00:11 2111                      anon_inode:i915.gem
7fa0d3358000-7fa0d3368000 rw-s 1271a6000 00:11 2111                      anon_inode:i915.gem
7fa0d3368000-7fa0d3378000 rw-s 127ad6000 00:11 2111                      anon_inode:i915.gem
7fa0d3378000-7fa0d33b8000 rw-s 10ea82000 00:11 2111                      anon_inode:i915.gem
7fa0d33b8000-7fa0d33f8000 rw-s 10e842000 00:11 2111                      anon_inode:i915.gem
7fa0d33f8000-7fa0d3438000 rw-s 10e802000 00:11 2111                      anon_inode:i915.gem
7fa0d3438000-7fa0d3478000 rw-s 10e7c2000 00:11 2111                      anon_inode:i915.gem
7fa0d3478000-7fa0d34b8000 rw-s 10e782000 00:11 2111                      anon_inode:i915.gem
7fa0d34b8000-7fa0d34f8000 rw-s 10e742000 00:11 2111                      anon_inode:i915.gem
7fa0d34f8000-7fa0d3538000 rw-s 10e702000 00:11 2111                      anon_inode:i915.gem
7fa0d3538000-7fa0d3578000 rw-s 10e6c2000 00:11 2111                      anon_inode:i915.gem
7fa0d3578000-7fa0d35b8000 rw-s 10e682000 00:11 2111                      anon_inode:i915.gem
7fa0d35b8000-7fa0d37b8000 rw-s 10e482000 00:11 2111                      anon_inode:i915.gem
7fa0d37b8000-7fa0d37f8000 rw-s 10e442000 00:11 2111                      anon_inode:i915.gem
7fa0d37f8000-7fa0d3838000 rw-s 10e402000 00:11 2111                      anon_inode:i915.gem
7fa0d3838000-7fa0d3878000 rw-s 10e3c2000 00:11 2111                      anon_inode:i915.gem
7fa0d3878000-7fa0d3888000 rw-s 106d02000 00:11 2111                      anon_inode:i915.gem
7fa0d3888000-7fa0d3898000 rw-s 119266000 00:11 2111                      anon_inode:i915.gem
7fa0d3898000-7fa0d38a8000 rw-s 127196000 00:11 2111                      anon_inode:i915.gem
7fa0d38a8000-7fa0d38b8000 rw-s 1192a6000 00:11 2111                      anon_inode:i915.gem
7fa0d38b8000-7fa0d38c8000 rw-s 119296000 00:11 2111                      anon_inode:i915.gem
7fa0d38c8000-7fa0d38d8000 rw-s 119276000 00:11 2111                      anon_inode:i915.gem
7fa0d38d8000-7fa0d38e8000 rw-s 106e42000 00:11 2111                      anon_inode:i915.gem
7fa0d38e8000-7fa0d38f8000 rw-s 127156000 00:11 2111                      anon_inode:i915.gem
7fa0d38f8000-7fa0d3938000 rw-s 10bcea000 00:11 2111                      anon_inode:i915.gem
7fa0d3938000-7fa0d3978000 rw-s 10bcaa000 00:11 2111                      anon_inode:i915.gem
7fa0d3978000-7fa0d39b8000 rw-s 10bc6a000 00:11 2111                      anon_inode:i915.gem
7fa0d39b8000-7fa0d39f8000 rw-s 10bc2a000 00:11 2111                      anon_inode:i915.gem
7fa0d39f8000-7fa0d3bf8000 rw-s 10e162000 00:11 2111                      anon_inode:i915.gem
7fa0d3bf8000-7fa0d3df8000 rw-s 10df62000 00:11 2111                      anon_inode:i915.gem
7fa0d3df8000-7fa0d3ff8000 rw-s 10dd62000 00:11 2111                      anon_inode:i915.gem
7fa0d3ff8000-7fa0d41f8000 rw-s 10db62000 00:11 2111                      anon_inode:i915.gem
7fa0d41f8000-7fa0d43f8000 rw-s 10d962000 00:11 2111                      anon_inode:i915.gem
7fa0d43f8000-7fa0d45f8000 rw-s 10d762000 00:11 2111                      anon_inode:i915.gem
7fa0d45f8000-7fa0d47f8000 rw-s 10d562000 00:11 2111                      anon_inode:i915.gem
7fa0d47f8000-7fa0d49f8000 rw-s 10755b000 00:11 2111                      anon_inode:i915.gem
7fa0d49f8000-7fa0d4bf8000 rw-s 129414000 00:11 2111                      anon_inode:i915.gem
7fa0d4bf8000-7fa0d4ff8000 rw-s 10d162000 00:11 2111                      anon_inode:i915.gem
7fa0d4ff8000-7fa0d5000000 rw-s 109744000 00:11 2111                      anon_inode:i915.gem
7fa0d5000000-7fa0d5008000 rw-s 10973c000 00:11 2111                      anon_inode:i915.gem
7fa0d5008000-7fa0d5010000 rw-s 109734000 00:11 2111                      anon_inode:i915.gem
7fa0d5010000-7fa0d5018000 rw-s 10972c000 00:11 2111                      anon_inode:i915.gem
7fa0d5018000-7fa0d5020000 rw-s 116b32000 00:11 2111                      anon_inode:i915.gem
7fa0d5020000-7fa0d5028000 rw-s 116b2a000 00:11 2111                      anon_inode:i915.gem
7fa0d5028000-7fa0d5030000 rw-s 116b22000 00:11 2111                      anon_inode:i915.gem
7fa0d5030000-7fa0d5230000 rw-s 115ae2000 00:11 2111                      anon_inode:i915.gem
7fa0d5230000-7fa0d5630000 rw-s 108eac000 00:11 2111                      anon_inode:i915.gem
7fa0d5630000-7fa0d5634000 rw-s 108ea8000 00:11 2111                      anon_inode:i915.gem
7fa0d5634000-7fa0d5638000 rw-s 108ea4000 00:11 2111                      anon_inode:i915.gem
7fa0d5638000-7fa0d563a000 rw-s 108ea2000 00:11 2111                      anon_inode:i915.gem
7fa0d563a000-7fa0d563e000 rw-s 108e9e000 00:11 2111                      anon_inode:i915.gem
7fa0d563e000-7fa0d5642000 rw-s 108e9a000 00:11 2111                      anon_inode:i915.gem
7fa0d5642000-7fa0d5646000 rw-s 108e96000 00:11 2111                      anon_inode:i915.gem
7fa0d5646000-7fa0d564a000 rw-s 108e92000 00:11 2111                      anon_inode:i915.gem
7fa0d564a000-7fa0d564e000 rw-s 108e8e000 00:11 2111                      anon_inode:i915.gem
7fa0d564e000-7fa0d5652000 rw-s 108e8a000 00:11 2111                      anon_inode:i915.gem
7fa0d5652000-7fa0d565a000 rw-s 108e82000 00:11 2111                      anon_inode:i915.gem
7fa0d565a000-7fa0d565c000 rw-s 108e80000 00:11 2111                      anon_inode:i915.gem
7fa0d565c000-7fa0d5660000 rw-s 108e7c000 00:11 2111                      anon_inode:i915.gem
7fa0d5660000-7fa0d5664000 rw-s 108e78000 00:11 2111                      anon_inode:i915.gem
7fa0d5664000-7fa0d5666000 rw-s 108e76000 00:11 2111                      anon_inode:i915.gem
7fa0d5666000-7fa0d566e000 rw-s 108e6e000 00:11 2111                      anon_inode:i915.gem
7fa0d566e000-7fa0d5676000 rw-s 108e66000 00:11 2111                      anon_inode:i915.gem
7fa0d5676000-7fa0d567e000 rw-s 108e5e000 00:11 2111                      anon_inode:i915.gem
7fa0d567e000-7fa0d5686000 rw-s 108e56000 00:11 2111                      anon_inode:i915.gem
7fa0d5686000-7fa0d568a000 rw-s 108e52000 00:11 2111                      anon_inode:i915.gem
7fa0d568a000-7fa0d568e000 rw-s 108e4e000 00:11 2111                      anon_inode:i915.gem
7fa0d568e000-7fa0d5696000 rw-s 108e46000 00:11 2111                      anon_inode:i915.gem
7fa0d5696000-7fa0d569e000 rw-s 108e3e000 00:11 2111                      anon_inode:i915.gem
7fa0d569e000-7fa0d56a6000 rw-s 108e36000 00:11 2111                      anon_inode:i915.gem
7fa0d56a6000-7fa0d56ae000 rw-s 108e2e000 00:11 2111                      anon_inode:i915.gem
7fa0d56ae000-7fa0d56b2000 rw-s 108e2a000 00:11 2111                      anon_inode:i915.gem
7fa0d56b2000-7fa0d56b6000 rw-s 108e26000 00:11 2111                      anon_inode:i915.gem
7fa0d56b6000-7fa0d56ba000 rw-s 108e22000 00:11 2111                      anon_inode:i915.gem
7fa0d56ba000-7fa0d56c2000 rw-s 108e1a000 00:11 2111                      anon_inode:i915.gem
7fa0d56c2000-7fa0d56ca000 rw-s 108e12000 00:11 2111                      anon_inode:i915.gem
7fa0d56ca000-7fa0d56d2000 rw-s 108e0a000 00:11 2111                      anon_inode:i915.gem
7fa0d56d2000-7fa0d56d6000 rw-s 108e06000 00:11 2111                      anon_inode:i915.gem
7fa0d56d6000-7fa0d56de000 rw-s 108dfe000 00:11 2111                      anon_inode:i915.gem
7fa0d56de000-7fa0d56e2000 rw-s 108dfa000 00:11 2111                      anon_inode:i915.gem
7fa0d56e2000-7fa0d56ea000 rw-s 108df2000 00:11 2111                      anon_inode:i915.gem
7fa0d56ea000-7fa0d56f2000 rw-s 108dea000 00:11 2111                      anon_inode:i915.gem
7fa0d56f2000-7fa0d56fa000 rw-s 108de2000 00:11 2111                      anon_inode:i915.gem
7fa0d56fa000-7fa0d5702000 rw-s 108dda000 00:11 2111                      anon_inode:i915.gem
7fa0d5702000-7fa0d5706000 rw-s 108dd6000 00:11 2111                      anon_inode:i915.gem
7fa0d5706000-7fa0d570a000 rw-s 108dd2000 00:11 2111                      anon_inode:i915.gem
7fa0d570a000-7fa0d570e000 rw-s 108dce000 00:11 2111                      anon_inode:i915.gem
7fa0d570e000-7fa0d5712000 rw-s 108dca000 00:11 2111                      anon_inode:i915.gem
7fa0d5712000-7fa0d571a000 rw-s 108dc2000 00:11 2111                      anon_inode:i915.gem
7fa0d571a000-7fa0d571e000 rw-s 108dbe000 00:11 2111                      anon_inode:i915.gem
7fa0d571e000-7fa0d5722000 rw-s 108dba000 00:11 2111                      anon_inode:i915.gem
7fa0d5722000-7fa0d5726000 rw-s 10d15e000 00:11 2111                      anon_inode:i915.gem
7fa0d5726000-7fa0d572e000 rw-s 108db2000 00:11 2111                      anon_inode:i915.gem
7fa0d572e000-7fa0d5736000 rw-s 108daa000 00:11 2111                      anon_inode:i915.gem
7fa0d5736000-7fa0d573e000 rw-s 108da2000 00:11 2111                      anon_inode:i915.gem
7fa0d573e000-7fa0d5746000 rw-s 108d9a000 00:11 2111                      anon_inode:i915.gem
7fa0d5746000-7fa0d574e000 rw-s 108d92000 00:11 2111                      anon_inode:i915.gem
7fa0d574e000-7fa0d5756000 rw-s 108d8a000 00:11 2111                      anon_inode:i915.gem
7fa0d5756000-7fa0d575e000 rw-s 108d82000 00:11 2111                      anon_inode:i915.gem
7fa0d575e000-7fa0d5766000 rw-s 108d7a000 00:11 2111                      anon_inode:i915.gem
7fa0d5766000-7fa0d576e000 rw-s 108d72000 00:11 2111                      anon_inode:i915.gem
7fa0d576e000-7fa0d5776000 rw-s 108d6a000 00:11 2111                      anon_inode:i915.gem
7fa0d5776000-7fa0d577e000 rw-s 108d62000 00:11 2111                      anon_inode:i915.gem
7fa0d577e000-7fa0d5786000 rw-s 10d156000 00:11 2111                      anon_inode:i915.gem
7fa0d5786000-7fa0d578e000 rw-s 10d14e000 00:11 2111                      anon_inode:i915.gem
7fa0d578e000-7fa0d5796000 rw-s 10d146000 00:11 2111                      anon_inode:i915.gem
7fa0d5796000-7fa0d579a000 rw-s 10d142000 00:11 2111                      anon_inode:i915.gem
7fa0d579a000-7fa0d57a2000 rw-s 10d13a000 00:11 2111                      anon_inode:i915.gem
7fa0d57a2000-7fa0d57aa000 rw-s 10d132000 00:11 2111                      anon_inode:i915.gem
7fa0d57aa000-7fa0d57b2000 rw-s 10d12a000 00:11 2111                      anon_inode:i915.gem
7fa0d57b2000-7fa0d57ba000 rw-s 10d122000 00:11 2111                      anon_inode:i915.gem
7fa0d57ba000-7fa0d57c2000 rw-s 10d11a000 00:11 2111                      anon_inode:i915.gem
7fa0d57c2000-7fa0d57ca000 rw-s 10d112000 00:11 2111                      anon_inode:i915.gem
7fa0d57ca000-7fa0d57d2000 rw-s 10d10a000 00:11 2111                      anon_inode:i915.gem
7fa0d57d2000-7fa0d57da000 rw-s 10d102000 00:11 2111                      anon_inode:i915.gem
7fa0d57da000-7fa0d57de000 rw-s 10d0fe000 00:11 2111                      anon_inode:i915.gem
7fa0d57de000-7fa0d57e2000 rw-s 10d0fa000 00:11 2111                      anon_inode:i915.gem
7fa0d57e2000-7fa0d57e6000 rw-s 10d0f6000 00:11 2111                      anon_inode:i915.gem
7fa0d57e6000-7fa0d57ea000 rw-s 10d0f2000 00:11 2111                      anon_inode:i915.gem
7fa0d57ea000-7fa0d57ee000 rw-s 10d0ee000 00:11 2111                      anon_inode:i915.gem
7fa0d57ee000-7fa0d57f2000 rw-s 10d0ea000 00:11 2111                      anon_inode:i915.gem
7fa0d57f2000-7fa0d57f6000 rw-s 10d0e6000 00:11 2111                      anon_inode:i915.gem
7fa0d57f6000-7fa0d57fa000 rw-s 10d0e2000 00:11 2111                      anon_inode:i915.gem
7fa0d57fa000-7fa0d5802000 rw-s 10d0da000 00:11 2111                      anon_inode:i915.gem
7fa0d5802000-7fa0d580a000 rw-s 10d0d2000 00:11 2111                      anon_inode:i915.gem
7fa0d580a000-7fa0d5812000 rw-s 10d0ca000 00:11 2111                      anon_inode:i915.gem
7fa0d5812000-7fa0d581a000 rw-s 10d0c2000 00:11 2111                      anon_inode:i915.gem
7fa0d581a000-7fa0d5822000 rw-s 10d0ba000 00:11 2111                      anon_inode:i915.gem
7fa0d5822000-7fa0d582a000 rw-s 10d0b2000 00:11 2111                      anon_inode:i915.gem
7fa0d582a000-7fa0d5832000 rw-s 10d0aa000 00:11 2111                      anon_inode:i915.gem
7fa0d5832000-7fa0d583a000 rw-s 10d0a2000 00:11 2111                      anon_inode:i915.gem
7fa0d583a000-7fa0d5842000 rw-s 10d09a000 00:11 2111                      anon_inode:i915.gem
7fa0d5842000-7fa0d584a000 rw-s 10d092000 00:11 2111                      anon_inode:i915.gem
7fa0d584a000-7fa0d5852000 rw-s 10d08a000 00:11 2111                      anon_inode:i915.gem
7fa0d5852000-7fa0d585a000 rw-s 10d082000 00:11 2111                      anon_inode:i915.gem
7fa0d585a000-7fa0d5862000 rw-s 10d07a000 00:11 2111                      anon_inode:i915.gem
7fa0d5862000-7fa0d586a000 rw-s 10d072000 00:11 2111                      anon_inode:i915.gem
7fa0d586a000-7fa0d5872000 rw-s 10d06a000 00:11 2111                      anon_inode:i915.gem
7fa0d5872000-7fa0d587a000 rw-s 10d062000 00:11 2111                      anon_inode:i915.gem
7fa0d587a000-7fa0d5882000 rw-s 10d05a000 00:11 2111                      anon_inode:i915.gem
7fa0d5882000-7fa0d588a000 rw-s 10d052000 00:11 2111                      anon_inode:i915.gem
7fa0d588a000-7fa0d5892000 rw-s 10d04a000 00:11 2111                      anon_inode:i915.gem
7fa0d5892000-7fa0d589a000 rw-s 10d042000 00:11 2111                      anon_inode:i915.gem
7fa0d589a000-7fa0d58a2000 rw-s 10d03a000 00:11 2111                      anon_inode:i915.gem
7fa0d58a2000-7fa0d58a6000 rw-s 10d036000 00:11 2111                      anon_inode:i915.gem
7fa0d58a6000-7fa0d58aa000 rw-s 10d032000 00:11 2111                      anon_inode:i915.gem
7fa0d58aa000-7fa0d58ae000 rw-s 10d02e000 00:11 2111                      anon_inode:i915.gem
7fa0d58ae000-7fa0d58b2000 rw-s 10d02a000 00:11 2111                      anon_inode:i915.gem
7fa0d58b2000-7fa0d58b6000 rw-s 10d026000 00:11 2111                      anon_inode:i915.gem
7fa0d58b6000-7fa0d58ba000 rw-s 10d022000 00:11 2111                      anon_inode:i915.gem
7fa0d58ba000-7fa0d58be000 rw-s 10d01e000 00:11 2111                      anon_inode:i915.gem
7fa0d58be000-7fa0d58c2000 rw-s 10d01a000 00:11 2111                      anon_inode:i915.gem
7fa0d58c2000-7fa0d5902000 rw-s 10cfda000 00:11 2111                      anon_inode:i915.gem
7fa0d5902000-7fa0d5942000 rw-s 10cf9a000 00:11 2111                      anon_inode:i915.gem
7fa0d5942000-7fa0d594a000 rw-s 10cf92000 00:11 2111                      anon_inode:i915.gem
7fa0d594a000-7fa0d594e000 rw-s 10cf8e000 00:11 2111                      anon_inode:i915.gem
7fa0d594e000-7fa0d5952000 rw-s 10cf8a000 00:11 2111                      anon_inode:i915.gem
7fa0d5952000-7fa0d595a000 rw-s 10cf82000 00:11 2111                      anon_inode:i915.gem
7fa0d595a000-7fa0d595e000 rw-s 10cf7e000 00:11 2111                      anon_inode:i915.gem
7fa0d595e000-7fa0d5966000 rw-s 10cf76000 00:11 2111                      anon_inode:i915.gem
7fa0d5966000-7fa0d596e000 rw-s 10cf6e000 00:11 2111                      anon_inode:i915.gem
7fa0d596e000-7fa0d5976000 rw-s 10cf66000 00:11 2111                      anon_inode:i915.gem
7fa0d5976000-7fa0d597e000 rw-s 10cf5e000 00:11 2111                      anon_inode:i915.gem
7fa0d597e000-7fa0d5986000 rw-s 10cf56000 00:11 2111                      anon_inode:i915.gem
7fa0d5986000-7fa0d598e000 rw-s 10cf4e000 00:11 2111                      anon_inode:i915.gem
7fa0d598e000-7fa0d5996000 rw-s 10cf46000 00:11 2111                      anon_inode:i915.gem
7fa0d5996000-7fa0d599e000 rw-s 10cf3e000 00:11 2111                      anon_inode:i915.gem
7fa0d599e000-7fa0d59a6000 rw-s 10cf36000 00:11 2111                      anon_inode:i915.gem
7fa0d59a6000-7fa0d59ae000 rw-s 10cf2e000 00:11 2111                      anon_inode:i915.gem
7fa0d59ae000-7fa0d59b6000 rw-s 10cf26000 00:11 2111                      anon_inode:i915.gem
7fa0d59b6000-7fa0d59be000 rw-s 10cf1e000 00:11 2111                      anon_inode:i915.gem
7fa0d59be000-7fa0d59c6000 rw-s 10cf16000 00:11 2111                      anon_inode:i915.gem
7fa0d59c6000-7fa0d59ce000 rw-s 10cf0e000 00:11 2111                      anon_inode:i915.gem
7fa0d59ce000-7fa0d59d6000 rw-s 10cf06000 00:11 2111                      anon_inode:i915.gem
7fa0d59d6000-7fa0d59de000 rw-s 10cefe000 00:11 2111                      anon_inode:i915.gem
7fa0d59de000-7fa0d59e6000 rw-s 10cef6000 00:11 2111                      anon_inode:i915.gem
7fa0d59e6000-7fa0d59ee000 rw-s 10ceee000 00:11 2111                      anon_inode:i915.gem
7fa0d59ee000-7fa0d59f6000 rw-s 10cee6000 00:11 2111                      anon_inode:i915.gem
7fa0d59f6000-7fa0d59fe000 rw-s 10cede000 00:11 2111                      anon_inode:i915.gem
7fa0d59fe000-7fa0d5a06000 rw-s 10ced6000 00:11 2111                      anon_inode:i915.gem
7fa0d5a06000-7fa0d5a0e000 rw-s 10cece000 00:11 2111                      anon_inode:i915.gem
7fa0d5a0e000-7fa0d5a16000 rw-s 10cec6000 00:11 2111                      anon_inode:i915.gem
7fa0d5a16000-7fa0d5a1e000 rw-s 10cebe000 00:11 2111                      anon_inode:i915.gem
7fa0d5a1e000-7fa0d5a26000 rw-s 10ceb6000 00:11 2111                      anon_inode:i915.gem
7fa0d5a26000-7fa0d5a2e000 rw-s 10ceae000 00:11 2111                      anon_inode:i915.gem
7fa0d5a2e000-7fa0d5a36000 rw-s 10cea6000 00:11 2111                      anon_inode:i915.gem
7fa0d5a36000-7fa0d5a3e000 rw-s 10ce9e000 00:11 2111                      anon_inode:i915.gem
7fa0d5a3e000-7fa0d5a46000 rw-s 10ce96000 00:11 2111                      anon_inode:i915.gem
7fa0d5a46000-7fa0d5a4e000 rw-s 10ce8e000 00:11 2111                      anon_inode:i915.gem
7fa0d5a4e000-7fa0d5a56000 rw-s 10ce86000 00:11 2111                      anon_inode:i915.gem
7fa0d5a56000-7fa0d5a5e000 rw-s 10ce7e000 00:11 2111                      anon_inode:i915.gem
7fa0d5a5e000-7fa0d5a66000 rw-s 10ce76000 00:11 2111                      anon_inode:i915.gem
7fa0d5a66000-7fa0d5a6e000 rw-s 10ce6e000 00:11 2111                      anon_inode:i915.gem
7fa0d5a6e000-7fa0d5a76000 rw-s 10ce66000 00:11 2111                      anon_inode:i915.gem
7fa0d5a76000-7fa0d5a7e000 rw-s 10ce5e000 00:11 2111                      anon_inode:i915.gem
7fa0d5a7e000-7fa0d5a86000 rw-s 10ce56000 00:11 2111                      anon_inode:i915.gem
7fa0d5a86000-7fa0d5a8e000 rw-s 10ce4e000 00:11 2111                      anon_inode:i915.gem
7fa0d5a8e000-7fa0d5a96000 rw-s 10ce46000 00:11 2111                      anon_inode:i915.gem
7fa0d5a96000-7fa0d5a9e000 rw-s 10ce3e000 00:11 2111                      anon_inode:i915.gem
7fa0d5a9e000-7fa0d5aa6000 rw-s 10ce36000 00:11 2111                      anon_inode:i915.gem
7fa0d5aa6000-7fa0d5aae000 rw-s 10ce2e000 00:11 2111                      anon_inode:i915.gem
7fa0d5aae000-7fa0d5ab6000 rw-s 10ce26000 00:11 2111                      anon_inode:i915.gem
7fa0d5ab6000-7fa0d5abe000 rw-s 10ce1e000 00:11 2111                      anon_inode:i915.gem
7fa0d5abe000-7fa0d5ac2000 rw-s 10ce1a000 00:11 2111                      anon_inode:i915.gem
7fa0d5ac2000-7fa0d5b02000 rw-s 10cdda000 00:11 2111                      anon_inode:i915.gem
7fa0d5b02000-7fa0d5b42000 rw-s 10cd9a000 00:11 2111                      anon_inode:i915.gem
7fa0d5b42000-7fa0d5b82000 rw-s 10cd5a000 00:11 2111                      anon_inode:i915.gem
7fa0d5b82000-7fa0d5bc2000 rw-s 10cd1a000 00:11 2111                      anon_inode:i915.gem
7fa0d5bc2000-7fa0d5c02000 rw-s 10ccda000 00:11 2111                      anon_inode:i915.gem
7fa0d5c02000-7fa0d5c42000 rw-s 10cc9a000 00:11 2111                      anon_inode:i915.gem
7fa0d5c42000-7fa0d5c4a000 rw-s 10cc92000 00:11 2111                      anon_inode:i915.gem
7fa0d5c4a000-7fa0d5c52000 rw-s 10cc8a000 00:11 2111                      anon_inode:i915.gem
7fa0d5c52000-7fa0d5c5a000 rw-s 10cc82000 00:11 2111                      anon_inode:i915.gem
7fa0d5c5a000-7fa0d5c62000 rw-s 10cc7a000 00:11 2111                      anon_inode:i915.gem
7fa0d5c62000-7fa0d5c6a000 rw-s 10cc72000 00:11 2111                      anon_inode:i915.gem
7fa0d5c6a000-7fa0d5c72000 rw-s 10cc6a000 00:11 2111                      anon_inode:i915.gem
7fa0d5c72000-7fa0d5c7a000 rw-s 10cc62000 00:11 2111                      anon_inode:i915.gem
7fa0d5c7a000-7fa0d5c82000 rw-s 10cc5a000 00:11 2111                      anon_inode:i915.gem
7fa0d5c82000-7fa0d5c8a000 rw-s 10cc52000 00:11 2111                      anon_inode:i915.gem
7fa0d5c8a000-7fa0d5c92000 rw-s 10cc4a000 00:11 2111                      anon_inode:i915.gem
7fa0d5c92000-7fa0d5c96000 rw-s 10cc46000 00:11 2111                      anon_inode:i915.gem
7fa0d5c96000-7fa0d5c9e000 rw-s 10cc3e000 00:11 2111                      anon_inode:i915.gem
7fa0d5c9e000-7fa0d5ca6000 rw-s 10cc36000 00:11 2111                      anon_inode:i915.gem
7fa0d5ca6000-7fa0d5caa000 rw-s 10cc32000 00:11 2111                      anon_inode:i915.gem
7fa0d5caa000-7fa0d5cb2000 rw-s 10cc2a000 00:11 2111                      anon_inode:i915.gem
7fa0d5cb2000-7fa0d5cba000 rw-s 10cc22000 00:11 2111                      anon_inode:i915.gem
7fa0d5cba000-7fa0d5cc2000 rw-s 10cc1a000 00:11 2111                      anon_inode:i915.gem
7fa0d5cc2000-7fa0d5cca000 rw-s 10cc12000 00:11 2111                      anon_inode:i915.gem
7fa0d5cca000-7fa0d5cd2000 rw-s 10cc0a000 00:11 2111                      anon_inode:i915.gem
7fa0d5cd2000-7fa0d5cda000 rw-s 10cc02000 00:11 2111                      anon_inode:i915.gem
7fa0d5cda000-7fa0d5cde000 rw-s 10cbfe000 00:11 2111                      anon_inode:i915.gem
7fa0d5cde000-7fa0d5ce6000 rw-s 10cbf6000 00:11 2111                      anon_inode:i915.gem
7fa0d5ce6000-7fa0d5cee000 rw-s 10cbee000 00:11 2111                      anon_inode:i915.gem
7fa0d5cee000-7fa0d5cf6000 rw-s 10cbe6000 00:11 2111                      anon_inode:i915.gem
7fa0d5cf6000-7fa0d5cfa000 rw-s 10cbe2000 00:11 2111                      anon_inode:i915.gem
7fa0d5cfa000-7fa0d5d02000 rw-s 10cbda000 00:11 2111                      anon_inode:i915.gem
7fa0d5d02000-7fa0d5d06000 rw-s 10cbd6000 00:11 2111                      anon_inode:i915.gem
7fa0d5d06000-7fa0d5d0a000 rw-s 10cbd2000 00:11 2111                      anon_inode:i915.gem
7fa0d5d0a000-7fa0d5d12000 rw-s 10cbca000 00:11 2111                      anon_inode:i915.gem
7fa0d5d12000-7fa0d5d16000 rw-s 10cbc6000 00:11 2111                      anon_inode:i915.gem
7fa0d5d16000-7fa0d5d1a000 rw-s 10cbc2000 00:11 2111                      anon_inode:i915.gem
7fa0d5d1a000-7fa0d5d22000 rw-s 10cbba000 00:11 2111                      anon_inode:i915.gem
7fa0d5d22000-7fa0d5d2a000 rw-s 10cbb2000 00:11 2111                      anon_inode:i915.gem
7fa0d5d2a000-7fa0d5d32000 rw-s 10cbaa000 00:11 2111                      anon_inode:i915.gem
7fa0d5d32000-7fa0d5d3a000 rw-s 10cba2000 00:11 2111                      anon_inode:i915.gem
7fa0d5d3a000-7fa0d5d3e000 rw-s 129410000 00:11 2111                      anon_inode:i915.gem
7fa0d5d3e000-7fa0d5d46000 rw-s 10cb9a000 00:11 2111                      anon_inode:i915.gem
7fa0d5d46000-7fa0d5d4e000 rw-s 10cb92000 00:11 2111                      anon_inode:i915.gem
7fa0d5d4e000-7fa0d5d56000 rw-s 10cb8a000 00:11 2111                      anon_inode:i915.gem
7fa0d5d56000-7fa0d5d5e000 rw-s 10cb82000 00:11 2111                      anon_inode:i915.gem
7fa0d5d5e000-7fa0d5d66000 rw-s 10cb7a000 00:11 2111                      anon_inode:i915.gem
7fa0d5d66000-7fa0d5d6e000 rw-s 10cb72000 00:11 2111                      anon_inode:i915.gem
7fa0d5d6e000-7fa0d5d76000 rw-s 10cb6a000 00:11 2111                      anon_inode:i915.gem
7fa0d5d76000-7fa0d5d7e000 rw-s 10cb62000 00:11 2111                      anon_inode:i915.gem
7fa0d5d7e000-7fa0d5d86000 rw-s 129408000 00:11 2111                      anon_inode:i915.gem
7fa0d5d86000-7fa0d5d8e000 rw-s 129400000 00:11 2111                      anon_inode:i915.gem
7fa0d5d8e000-7fa0d5d96000 rw-s 1293f8000 00:11 2111                      anon_inode:i915.gem
7fa0d5d96000-7fa0d5d9e000 rw-s 1293f0000 00:11 2111                      anon_inode:i915.gem
7fa0d5d9e000-7fa0d5da6000 rw-s 1293e8000 00:11 2111                      anon_inode:i915.gem
7fa0d5da6000-7fa0d5fa6000 rw-s 10c962000 00:11 2111                      anon_inode:i915.gem
7fa0d5fa6000-7fa0d61a6000 rw-s 10c762000 00:11 2111                      anon_inode:i915.gem
7fa0d61a6000-7fa0d61e6000 rw-s 1293a8000 00:11 2111                      anon_inode:i915.gem
7fa0d61e6000-7fa0d6226000 rw-s 129368000 00:11 2111                      anon_inode:i915.gem
7fa0d6226000-7fa0d6266000 rw-s 129328000 00:11 2111                      anon_inode:i915.gem
7fa0d6266000-7fa0d62a6000 rw-s 1292e8000 00:11 2111                      anon_inode:i915.gem
7fa0d62a6000-7fa0d62e6000 rw-s 1292a8000 00:11 2111                      anon_inode:i915.gem
7fa0d62e6000-7fa0d62ee000 rw-s 1292a0000 00:11 2111                      anon_inode:i915.gem
7fa0d62ee000-7fa0d62f6000 rw-s 129298000 00:11 2111                      anon_inode:i915.gem
7fa0d62f6000-7fa0d62fa000 rw-s 129294000 00:11 2111                      anon_inode:i915.gem
7fa0d62fa000-7fa0d62fe000 rw-s 129290000 00:11 2111                      anon_inode:i915.gem
7fa0d62fe000-7fa0d6302000 rw-s 12928c000 00:11 2111                      anon_inode:i915.gem
7fa0d6302000-7fa0d6304000 rw-s 12928a000 00:11 2111                      anon_inode:i915.gem
7fa0d6304000-7fa0d630c000 rw-s 129282000 00:11 2111                      anon_inode:i915.gem
7fa0d630c000-7fa0d6314000 rw-s 12927a000 00:11 2111                      anon_inode:i915.gem
7fa0d6314000-7fa0d6316000 rw-s 129278000 00:11 2111                      anon_inode:i915.gem
7fa0d6316000-7fa0d631e000 rw-s 129270000 00:11 2111                      anon_inode:i915.gem
7fa0d631e000-7fa0d6320000 rw-s 12926e000 00:11 2111                      anon_inode:i915.gem
7fa0d6320000-7fa0d6322000 rw-s 12926c000 00:11 2111                      anon_inode:i915.gem
7fa0d6322000-7fa0d632a000 rw-s 129264000 00:11 2111                      anon_inode:i915.gem
7fa0d632a000-7fa0d6332000 rw-s 12925c000 00:11 2111                      anon_inode:i915.gem
7fa0d6332000-7fa0d6334000 rw-s 12925a000 00:11 2111                      anon_inode:i915.gem
7fa0d6334000-7fa0d6336000 rw-s 129258000 00:11 2111                      anon_inode:i915.gem
7fa0d6336000-7fa0d6338000 rw-s 129256000 00:11 2111                      anon_inode:i915.gem
7fa0d6338000-7fa0d633a000 rw-s 129254000 00:11 2111                      anon_inode:i915.gem
7fa0d633a000-7fa0d633c000 rw-s 129252000 00:11 2111                      anon_inode:i915.gem
7fa0d633c000-7fa0d6340000 rw-s 12924e000 00:11 2111                      anon_inode:i915.gem
7fa0d6340000-7fa0d6342000 rw-s 12924c000 00:11 2111                      anon_inode:i915.gem
7fa0d6342000-7fa0d6344000 rw-s 12924a000 00:11 2111                      anon_inode:i915.gem
7fa0d6344000-7fa0d6348000 rw-s 129246000 00:11 2111                      anon_inode:i915.gem
7fa0d6348000-7fa0d634c000 rw-s 129242000 00:11 2111                      anon_inode:i915.gem
7fa0d634c000-7fa0d6350000 rw-s 12923e000 00:11 2111                      anon_inode:i915.gem
7fa0d6350000-7fa0d6354000 rw-s 12923a000 00:11 2111                      anon_inode:i915.gem
7fa0d6354000-7fa0d6358000 rw-s 129236000 00:11 2111                      anon_inode:i915.gem
7fa0d6358000-7fa0d635c000 rw-s 129232000 00:11 2111                      anon_inode:i915.gem
7fa0d635c000-7fa0d6360000 rw-s 12922e000 00:11 2111                      anon_inode:i915.gem
7fa0d6360000-7fa0d6364000 rw-s 12922a000 00:11 2111                      anon_inode:i915.gem
7fa0d6364000-7fa0d6366000 rw-s 129228000 00:11 2111                      anon_inode:i915.gem
7fa0d6366000-7fa0d6368000 rw-s 129226000 00:11 2111                      anon_inode:i915.gem
7fa0d6368000-7fa0d6370000 rw-s 12921e000 00:11 2111                      anon_inode:i915.gem
7fa0d6370000-7fa0d6374000 rw-s 12921a000 00:11 2111                      anon_inode:i915.gem
7fa0d6374000-7fa0d637c000 rw-s 129212000 00:11 2111                      anon_inode:i915.gem
7fa0d637c000-7fa0d6380000 rw-s 12920e000 00:11 2111                      anon_inode:i915.gem
7fa0d6380000-7fa0d6384000 rw-s 12920a000 00:11 2111                      anon_inode:i915.gem
7fa0d6384000-7fa0d6388000 rw-s 129206000 00:11 2111                      anon_inode:i915.gem
7fa0d6388000-7fa0d638c000 rw-s 129202000 00:11 2111                      anon_inode:i915.gem
7fa0d638c000-7fa0d6390000 rw-s 1291fe000 00:11 2111                      anon_inode:i915.gem
7fa0d6390000-7fa0d6394000 rw-s 1291fa000 00:11 2111                      anon_inode:i915.gem
7fa0d6394000-7fa0d639c000 rw-s 1291f2000 00:11 2111                      anon_inode:i915.gem
7fa0d639c000-7fa0d63a0000 rw-s 1291ee000 00:11 2111                      anon_inode:i915.gem
7fa0d63a0000-7fa0d63a4000 rw-s 1291ea000 00:11 2111                      anon_inode:i915.gem
7fa0d63a4000-7fa0d63a8000 rw-s 1291e6000 00:11 2111                      anon_inode:i915.gem
7fa0d63a8000-7fa0d63ac000 rw-s 1291e2000 00:11 2111                      anon_inode:i915.gem
7fa0d63ac000-7fa0d63b0000 rw-s 1291de000 00:11 2111                      anon_inode:i915.gem
7fa0d63b0000-7fa0d63b4000 rw-s 1291da000 00:11 2111                      anon_inode:i915.gem
7fa0d63b4000-7fa0d63b8000 rw-s 1291d6000 00:11 2111                      anon_inode:i915.gem
7fa0d63b8000-7fa0d63bc000 rw-s 1291d2000 00:11 2111                      anon_inode:i915.gem
7fa0d63bc000-7fa0d63c0000 rw-s 1291ce000 00:11 2111                      anon_inode:i915.gem
7fa0d63c0000-7fa0d63c4000 rw-s 1291ca000 00:11 2111                      anon_inode:i915.gem
7fa0d63c4000-7fa0d63c8000 rw-s 1291c6000 00:11 2111                      anon_inode:i915.gem
7fa0d63c8000-7fa0d63d0000 rw-s 1291be000 00:11 2111                      anon_inode:i915.gem
7fa0d63d0000-7fa0d63d4000 rw-s 1291ba000 00:11 2111                      anon_inode:i915.gem
7fa0d63d4000-7fa0d63d8000 rw-s 1291b6000 00:11 2111                      anon_inode:i915.gem
7fa0d63d8000-7fa0d63dc000 rw-s 1291b2000 00:11 2111                      anon_inode:i915.gem
7fa0d63dc000-7fa0d63e0000 rw-s 1291ae000 00:11 2111                      anon_inode:i915.gem
7fa0d63e0000-7fa0d63e4000 rw-s 1291aa000 00:11 2111                      anon_inode:i915.gem
7fa0d63e4000-7fa0d63e6000 rw-s 1291a8000 00:11 2111                      anon_inode:i915.gem
7fa0d63e6000-7fa0d63e8000 rw-s 126ab3000 00:11 2111                      anon_inode:i915.gem
7fa0d63e8000-7fa0d63ec000 rw-s 1291a4000 00:11 2111                      anon_inode:i915.gem
7fa0d63ec000-7fa0d63f0000 rw-s 1291a0000 00:11 2111                      anon_inode:i915.gem
7fa0d63f0000-7fa0d63f8000 rw-s 129198000 00:11 2111                      anon_inode:i915.gem
7fa0d63f8000-7fa0d63fc000 rw-s 129194000 00:11 2111                      anon_inode:i915.gem
7fa0d63fc000-7fa0d6400000 rw-s 129190000 00:11 2111                      anon_inode:i915.gem
7fa0d6400000-7fa0d6408000 rw-s 129188000 00:11 2111                      anon_inode:i915.gem
7fa0d6408000-7fa0d6410000 rw-s 129180000 00:11 2111                      anon_inode:i915.gem
7fa0d6410000-7fa0d6414000 rw-s 12917c000 00:11 2111                      anon_inode:i915.gem
7fa0d6414000-7fa0d641c000 rw-s 129174000 00:11 2111                      anon_inode:i915.gem
7fa0d641c000-7fa0d6420000 rw-s 129170000 00:11 2111                      anon_inode:i915.gem
7fa0d6420000-7fa0d6428000 rw-s 129168000 00:11 2111                      anon_inode:i915.gem
7fa0d6428000-7fa0d6430000 rw-s 129160000 00:11 2111                      anon_inode:i915.gem
7fa0d6430000-7fa0d6438000 rw-s 129158000 00:11 2111                      anon_inode:i915.gem
7fa0d6438000-7fa0d6440000 rw-s 129150000 00:11 2111                      anon_inode:i915.gem
7fa0d6440000-7fa0d6444000 rw-s 12914c000 00:11 2111                      anon_inode:i915.gem
7fa0d6444000-7fa0d6448000 rw-s 129148000 00:11 2111                      anon_inode:i915.gem
7fa0d6448000-7fa0d644c000 rw-s 129144000 00:11 2111                      anon_inode:i915.gem
7fa0d644c000-7fa0d6450000 rw-s 129140000 00:11 2111                      anon_inode:i915.gem
7fa0d6450000-7fa0d6458000 rw-s 129138000 00:11 2111                      anon_inode:i915.gem
7fa0d6458000-7fa0d6460000 rw-s 129130000 00:11 2111                      anon_inode:i915.gem
7fa0d6460000-7fa0d6468000 rw-s 129128000 00:11 2111                      anon_inode:i915.gem
7fa0d6468000-7fa0d6470000 rw-s 129120000 00:11 2111                      anon_inode:i915.gem
7fa0d6470000-7fa0d6478000 rw-s 129118000 00:11 2111                      anon_inode:i915.gem
7fa0d6478000-7fa0d6480000 rw-s 129110000 00:11 2111                      anon_inode:i915.gem
7fa0d6480000-7fa0d6488000 rw-s 129108000 00:11 2111                      anon_inode:i915.gem
7fa0d6488000-7fa0d648c000 rw-s 129104000 00:11 2111                      anon_inode:i915.gem
7fa0d648c000-7fa0d6494000 rw-s 1290fc000 00:11 2111                      anon_inode:i915.gem
7fa0d6494000-7fa0d6498000 rw-s 1290f8000 00:11 2111                      anon_inode:i915.gem
7fa0d6498000-7fa0d64a0000 rw-s 1290f0000 00:11 2111                      anon_inode:i915.gem
7fa0d64a0000-7fa0d64a8000 rw-s 1290e8000 00:11 2111                      anon_inode:i915.gem
7fa0d64a8000-7fa0d64b0000 rw-s 1290e0000 00:11 2111                      anon_inode:i915.gem
7fa0d64b0000-7fa0d64b8000 rw-s 1290d8000 00:11 2111                      anon_inode:i915.gem
7fa0d64b8000-7fa0d64c0000 rw-s 1290d0000 00:11 2111                      anon_inode:i915.gem
7fa0d64c0000-7fa0d64c8000 rw-s 1290c8000 00:11 2111                      anon_inode:i915.gem
7fa0d64c8000-7fa0d64d0000 rw-s 1290c0000 00:11 2111                      anon_inode:i915.gem
7fa0d64d0000-7fa0d64d8000 rw-s 1290b8000 00:11 2111                      anon_inode:i915.gem
7fa0d64d8000-7fa0d64e0000 rw-s 1290b0000 00:11 2111                      anon_inode:i915.gem
7fa0d64e0000-7fa0d64e4000 rw-s 1290ac000 00:11 2111                      anon_inode:i915.gem
7fa0d64e4000-7fa0d64ec000 rw-s 1290a4000 00:11 2111                      anon_inode:i915.gem
7fa0d64ec000-7fa0d64f4000 rw-s 12909c000 00:11 2111                      anon_inode:i915.gem
7fa0d64f4000-7fa0d64fc000 rw-s 129094000 00:11 2111                      anon_inode:i915.gem
7fa0d64fc000-7fa0d6504000 rw-s 12908c000 00:11 2111                      anon_inode:i915.gem
7fa0d6504000-7fa0d6508000 rw-s 129088000 00:11 2111                      anon_inode:i915.gem
7fa0d6508000-7fa0d6510000 rw-s 129080000 00:11 2111                      anon_inode:i915.gem
7fa0d6510000-7fa0d6518000 rw-s 129078000 00:11 2111                      anon_inode:i915.gem
7fa0d6518000-7fa0d6520000 rw-s 129070000 00:11 2111                      anon_inode:i915.gem
7fa0d6520000-7fa0d6528000 rw-s 129068000 00:11 2111                      anon_inode:i915.gem
7fa0d6528000-7fa0d6530000 rw-s 129060000 00:11 2111                      anon_inode:i915.gem
7fa0d6530000-7fa0d6538000 rw-s 129058000 00:11 2111                      anon_inode:i915.gem
7fa0d6538000-7fa0d653c000 rw-s 129054000 00:11 2111                      anon_inode:i915.gem
7fa0d653c000-7fa0d6540000 rw-s 129050000 00:11 2111                      anon_inode:i915.gem
7fa0d6540000-7fa0d6544000 rw-s 12904c000 00:11 2111                      anon_inode:i915.gem
7fa0d6544000-7fa0d654c000 rw-s 129044000 00:11 2111                      anon_inode:i915.gem
7fa0d654c000-7fa0d6554000 rw-s 12903c000 00:11 2111                      anon_inode:i915.gem
7fa0d6554000-7fa0d655c000 rw-s 129034000 00:11 2111                      anon_inode:i915.gem
7fa0d655c000-7fa0d6564000 rw-s 12902c000 00:11 2111                      anon_inode:i915.gem
7fa0d6564000-7fa0d656c000 rw-s 129024000 00:11 2111                      anon_inode:i915.gem
7fa0d656c000-7fa0d6574000 rw-s 12901c000 00:11 2111                      anon_inode:i915.gem
7fa0d6574000-7fa0d657c000 rw-s 129014000 00:11 2111                      anon_inode:i915.gem
7fa0d657c000-7fa0d6584000 rw-s 126aab000 00:11 2111                      anon_inode:i915.gem
7fa0d6584000-7fa0d658c000 rw-s 126aa3000 00:11 2111                      anon_inode:i915.gem
7fa0d658c000-7fa0d6594000 rw-s 126a9b000 00:11 2111                      anon_inode:i915.gem
7fa0d6594000-7fa0d659c000 rw-s 126a93000 00:11 2111                      anon_inode:i915.gem
7fa0d659c000-7fa0d65a4000 rw-s 126a8b000 00:11 2111                      anon_inode:i915.gem
7fa0d65a4000-7fa0d65ac000 rw-s 126a83000 00:11 2111                      anon_inode:i915.gem
7fa0d65ac000-7fa0d65b4000 rw-s 126a7b000 00:11 2111                      anon_inode:i915.gem
7fa0d65b4000-7fa0d65bc000 rw-s 126a73000 00:11 2111                      anon_inode:i915.gem
7fa0d65bc000-7fa0d65c4000 rw-s 126a6b000 00:11 2111                      anon_inode:i915.gem
7fa0d65c4000-7fa0d65cc000 rw-s 126a63000 00:11 2111                      anon_inode:i915.gem
7fa0d65cc000-7fa0d65d4000 rw-s 126a5b000 00:11 2111                      anon_inode:i915.gem
7fa0d65d4000-7fa0d65dc000 rw-s 126a53000 00:11 2111                      anon_inode:i915.gem
7fa0d65dc000-7fa0d65e4000 rw-s 126a4b000 00:11 2111                      anon_inode:i915.gem
7fa0d65e4000-7fa0d65ec000 rw-s 126a43000 00:11 2111                      anon_inode:i915.gem
7fa0d65ec000-7fa0d662c000 rw-s 126a03000 00:11 2111                      anon_inode:i915.gem
7fa0d662c000-7fa0d666c000 rw-s 1269c3000 00:11 2111                      anon_inode:i915.gem
7fa0d666c000-7fa0d66ac000 rw-s 126983000 00:11 2111                      anon_inode:i915.gem
7fa0d66ac000-7fa0d66ae000 rw-s 126981000 00:11 2111                      anon_inode:i915.gem
7fa0d66ae000-7fa0d66b0000 rw-s 12697f000 00:11 2111                      anon_inode:i915.gem
7fa0d66b0000-7fa0d66b8000 rw-s 126977000 00:11 2111                      anon_inode:i915.gem
7fa0d66b8000-7fa0d66c0000 rw-s 12696f000 00:11 2111                      anon_inode:i915.gem
7fa0d66c0000-7fa0d66c8000 rw-s 126967000 00:11 2111                      anon_inode:i915.gem
7fa0d66c8000-7fa0d66d0000 rw-s 12695f000 00:11 2111                      anon_inode:i915.gem
7fa0d66d0000-7fa0d66d8000 rw-s 126957000 00:11 2111                      anon_inode:i915.gem
7fa0d66d8000-7fa0d66e0000 rw-s 12694f000 00:11 2111                      anon_inode:i915.gem
7fa0d66e0000-7fa0d66e8000 rw-s 126947000 00:11 2111                      anon_inode:i915.gem
7fa0d66e8000-7fa0d66f0000 rw-s 12693f000 00:11 2111                      anon_inode:i915.gem
7fa0d66f0000-7fa0d66f8000 rw-s 126937000 00:11 2111                      anon_inode:i915.gem
7fa0d66f8000-7fa0d66fa000 rw-s 126935000 00:11 2111                      anon_inode:i915.gem
7fa0d66fa000-7fa0d66fc000 rw-s 126933000 00:11 2111                      anon_inode:i915.gem
7fa0d66fc000-7fa0d66fe000 rw-s 126931000 00:11 2111                      anon_inode:i915.gem
7fa0d66fe000-7fa0d6700000 rw-s 12692f000 00:11 2111                      anon_inode:i915.gem
7fa0d6700000-7fa0d6702000 rw-s 12692d000 00:11 2111                      anon_inode:i915.gem
7fa0d6702000-7fa0d6704000 rw-s 12692b000 00:11 2111                      anon_inode:i915.gem
7fa0d6704000-7fa0d670c000 rw-s 126923000 00:11 2111                      anon_inode:i915.gem
7fa0d670c000-7fa0d6714000 rw-s 12691b000 00:11 2111                      anon_inode:i915.gem
7fa0d6714000-7fa0d671c000 rw-s 126913000 00:11 2111                      anon_inode:i915.gem
7fa0d671c000-7fa0d6724000 rw-s 12690b000 00:11 2111                      anon_inode:i915.gem
7fa0d6724000-7fa0d6728000 rw-s 126907000 00:11 2111                      anon_inode:i915.gem
7fa0d6728000-7fa0d6730000 rw-s 1268ff000 00:11 2111                      anon_inode:i915.gem
7fa0d6730000-7fa0d6738000 rw-s 1268f7000 00:11 2111                      anon_inode:i915.gem
7fa0d6738000-7fa0d673c000 rw-s 1268f3000 00:11 2111                      anon_inode:i915.gem
7fa0d673c000-7fa0d6740000 rw-s 1268ef000 00:11 2111                      anon_inode:i915.gem
7fa0d6740000-7fa0d6744000 rw-s 1268eb000 00:11 2111                      anon_inode:i915.gem
7fa0d6744000-7fa0d6748000 rw-s 101802000 00:11 2111                      anon_inode:i915.gem
7fa0d6748000-7fa0d6750000 rw-s 10ea7a000 00:11 2111                      anon_inode:i915.gem
7fa0d6750000-7fa0d6758000 rw-s 10ea72000 00:11 2111                      anon_inode:i915.gem
7fa0d6758000-7fa0d6760000 rw-s 10ea6a000 00:11 2111                      anon_inode:i915.gem
7fa0d6760000-7fa0d6768000 rw-s 10ea62000 00:11 2111                      anon_inode:i915.gem
7fa0d6768000-7fa0d6770000 rw-s 10ea5a000 00:11 2111                      anon_inode:i915.gem
7fa0d6770000-7fa0d6778000 rw-s 10ea52000 00:11 2111                      anon_inode:i915.gem
7fa0d6778000-7fa0d67b8000 rw-s 10e9e2000 00:11 2111                      anon_inode:i915.gem
7fa0d67b8000-7fa0d67f8000 rw-s 10e9a2000 00:11 2111                      anon_inode:i915.gem
7fa0d67f8000-7fa0d69f8000 rw-s 128e14000 00:11 2111                      anon_inode:i915.gem
7fa0d69f8000-7fa0d6bf8000 rw-s 128c14000 00:11 2111                      anon_inode:i915.gem
7fa0d6bf8000-7fa0d6ff8000 rw-s 10715b000 00:11 2111                      anon_inode:i915.gem
7fa0d6ff8000-7fa0d71f8000 rw-s 106f5b000 00:11 2111                      anon_inode:i915.gem
7fa0d71f8000-7fa0d7200000 rw-s 10bc22000 00:11 2111                      anon_inode:i915.gem
7fa0d7200000-7fa0d7208000 rw-s 10bc1a000 00:11 2111                      anon_inode:i915.gem
7fa0d7208000-7fa0d7210000 rw-s 10bc12000 00:11 2111                      anon_inode:i915.gem
7fa0d7210000-7fa0d7218000 rw-s 10bc0a000 00:11 2111                      anon_inode:i915.gem
7fa0d7218000-7fa0d7220000 rw-s 10bc02000 00:11 2111                      anon_inode:i915.gem
7fa0d7220000-7fa0d7228000 rw-s 10bbfa000 00:11 2111                      anon_inode:i915.gem
7fa0d7228000-7fa0d7230000 rw-s 10bbf2000 00:11 2111                      anon_inode:i915.gem
7fa0d7230000-7fa0d7238000 rw-s 10bbea000 00:11 2111                      anon_inode:i915.gem
7fa0d7238000-7fa0d7240000 rw-s 10bbe2000 00:11 2111                      anon_inode:i915.gem
7fa0d7240000-7fa0d7248000 rw-s 10bbda000 00:11 2111                      anon_inode:i915.gem
7fa0d7248000-7fa0d7250000 rw-s 10bbd2000 00:11 2111                      anon_inode:i915.gem
7fa0d7250000-7fa0d7258000 rw-s 10bbca000 00:11 2111                      anon_inode:i915.gem
7fa0d7258000-7fa0d7260000 rw-s 10bbc2000 00:11 2111                      anon_inode:i915.gem
7fa0d7260000-7fa0d7268000 rw-s 10bbba000 00:11 2111                      anon_inode:i915.gem
7fa0d7268000-7fa0d7270000 rw-s 10bbb2000 00:11 2111                      anon_inode:i915.gem
7fa0d7270000-7fa0d7278000 rw-s 10bbaa000 00:11 2111                      anon_inode:i915.gem
7fa0d7278000-7fa0d7280000 rw-s 10bba2000 00:11 2111                      anon_inode:i915.gem
7fa0d7280000-7fa0d7288000 rw-s 10bb9a000 00:11 2111                      anon_inode:i915.gem
7fa0d7288000-7fa0d7290000 rw-s 10bb92000 00:11 2111                      anon_inode:i915.gem
7fa0d7290000-7fa0d7298000 rw-s 10bb8a000 00:11 2111                      anon_inode:i915.gem
7fa0d7298000-7fa0d72a0000 rw-s 10bb82000 00:11 2111                      anon_inode:i915.gem
7fa0d72a0000-7fa0d72a8000 rw-s 10bb7a000 00:11 2111                      anon_inode:i915.gem
7fa0d72a8000-7fa0d72b0000 rw-s 10bb72000 00:11 2111                      anon_inode:i915.gem
7fa0d72b0000-7fa0d72b8000 rw-s 10bb6a000 00:11 2111                      anon_inode:i915.gem
7fa0d72b8000-7fa0d72c0000 rw-s 10bb62000 00:11 2111                      anon_inode:i915.gem
7fa0d72c0000-7fa0d72c8000 rw-s 10bb5a000 00:11 2111                      anon_inode:i915.gem
7fa0d72c8000-7fa0d72d0000 rw-s 10bb52000 00:11 2111                      anon_inode:i915.gem
7fa0d72d0000-7fa0d72d8000 rw-s 10bb4a000 00:11 2111                      anon_inode:i915.gem
7fa0d72d8000-7fa0d72e0000 rw-s 10bb42000 00:11 2111                      anon_inode:i915.gem
7fa0d72e0000-7fa0d72e8000 rw-s 10bb3a000 00:11 2111                      anon_inode:i915.gem
7fa0d72e8000-7fa0d72f0000 rw-s 10bb32000 00:11 2111                      anon_inode:i915.gem
7fa0d72f0000-7fa0d72f8000 rw-s 10bb2a000 00:11 2111                      anon_inode:i915.gem
7fa0d72f8000-7fa0d7300000 rw-s 10bb22000 00:11 2111                      anon_inode:i915.gem
7fa0d7300000-7fa0d7308000 rw-s 10bb1a000 00:11 2111                      anon_inode:i915.gem
7fa0d7308000-7fa0d7310000 rw-s 10bb12000 00:11 2111                      anon_inode:i915.gem
7fa0d7310000-7fa0d7318000 rw-s 10bb0a000 00:11 2111                      anon_inode:i915.gem
7fa0d7318000-7fa0d7320000 rw-s 10bb02000 00:11 2111                      anon_inode:i915.gem
7fa0d7320000-7fa0d7328000 rw-s 10bafa000 00:11 2111                      anon_inode:i915.gem
7fa0d7328000-7fa0d7330000 rw-s 10baf2000 00:11 2111                      anon_inode:i915.gem
7fa0d7330000-7fa0d7338000 rw-s 10baea000 00:11 2111                      anon_inode:i915.gem
7fa0d7338000-7fa0d7340000 rw-s 10bae2000 00:11 2111                      anon_inode:i915.gem
7fa0d7340000-7fa0d7348000 rw-s 10bada000 00:11 2111                      anon_inode:i915.gem
7fa0d7348000-7fa0d7350000 rw-s 10bad2000 00:11 2111                      anon_inode:i915.gem
7fa0d7350000-7fa0d7358000 rw-s 10baca000 00:11 2111                      anon_inode:i915.gem
7fa0d7358000-7fa0d7360000 rw-s 10bac2000 00:11 2111                      anon_inode:i915.gem
7fa0d7360000-7fa0d7368000 rw-s 10baba000 00:11 2111                      anon_inode:i915.gem
7fa0d7368000-7fa0d7370000 rw-s 10bab2000 00:11 2111                      anon_inode:i915.gem
7fa0d7370000-7fa0d7378000 rw-s 10baaa000 00:11 2111                      anon_inode:i915.gem
7fa0d7378000-7fa0d737c000 rw-s 10baa6000 00:11 2111                      anon_inode:i915.gem
7fa0d737c000-7fa0d7384000 rw-s 10ba9e000 00:11 2111                      anon_inode:i915.gem
7fa0d7384000-7fa0d7388000 rw-s 10ba9a000 00:11 2111                      anon_inode:i915.gem
7fa0d7388000-7fa0d7390000 rw-s 10ba92000 00:11 2111                      anon_inode:i915.gem
7fa0d7390000-7fa0d7398000 rw-s 10ba8a000 00:11 2111                      anon_inode:i915.gem
7fa0d7398000-7fa0d73a0000 rw-s 10ba82000 00:11 2111                      anon_inode:i915.gem
7fa0d73a0000-7fa0d73a8000 rw-s 10ba7a000 00:11 2111                      anon_inode:i915.gem
7fa0d73a8000-7fa0d73b0000 rw-s 10ba72000 00:11 2111                      anon_inode:i915.gem
7fa0d73b0000-7fa0d73b8000 rw-s 10ba6a000 00:11 2111                      anon_inode:i915.gem
7fa0d73b8000-7fa0d73bc000 rw-s 10ba66000 00:11 2111                      anon_inode:i915.gem
7fa0d73bc000-7fa0d73c0000 rw-s 10ba62000 00:11 2111                      anon_inode:i915.gem
7fa0d73c0000-7fa0d73c4000 rw-s 10ba5e000 00:11 2111                      anon_inode:i915.gem
7fa0d73c4000-7fa0d73c8000 rw-s 10ba5a000 00:11 2111                      anon_inode:i915.gem
7fa0d73c8000-7fa0d73d0000 rw-s 10ba52000 00:11 2111                      anon_inode:i915.gem
7fa0d73d0000-7fa0d73d8000 rw-s 10ba4a000 00:11 2111                      anon_inode:i915.gem
7fa0d73d8000-7fa0d73da000 rw-s 10ba48000 00:11 2111                      anon_inode:i915.gem
7fa0d73da000-7fa0d73de000 rw-s 10ba44000 00:11 2111                      anon_inode:i915.gem
7fa0d73de000-7fa0d73e2000 rw-s 10ba40000 00:11 2111                      anon_inode:i915.gem
7fa0d73e2000-7fa0d73e6000 rw-s 10ba3c000 00:11 2111                      anon_inode:i915.gem
7fa0d73e6000-7fa0d73ea000 rw-s 10ba38000 00:11 2111                      anon_inode:i915.gem
7fa0d73ea000-7fa0d73ec000 rw-s 10ba36000 00:11 2111                      anon_inode:i915.gem
7fa0d73ec000-7fa0d73ee000 rw-s 10ba34000 00:11 2111                      anon_inode:i915.gem
7fa0d73ee000-7fa0d73f2000 rw-s 10ba30000 00:11 2111                      anon_inode:i915.gem
7fa0d73f2000-7fa0d73f6000 rw-s 10ba2c000 00:11 2111                      anon_inode:i915.gem
7fa0d73f6000-7fa0d73fe000 rw-s 10ba24000 00:11 2111                      anon_inode:i915.gem
7fa0d73fe000-7fa0d7400000 rw-s 10ba22000 00:11 2111                      anon_inode:i915.gem
7fa0d7400000-7fa0d7404000 rw-s 10ba1e000 00:11 2111                      anon_inode:i915.gem
7fa0d7404000-7fa0d7408000 rw-s 10ba1a000 00:11 2111                      anon_inode:i915.gem
7fa0d7408000-7fa0d740a000 rw-s 10ba18000 00:11 2111                      anon_inode:i915.gem
7fa0d740a000-7fa0d740c000 rw-s 10ba16000 00:11 2111                      anon_inode:i915.gem
7fa0d740c000-7fa0d7410000 rw-s 10ba12000 00:11 2111                      anon_inode:i915.gem
7fa0d7410000-7fa0d7414000 rw-s 10ba0e000 00:11 2111                      anon_inode:i915.gem
7fa0d7414000-7fa0d7416000 rw-s 10ba0c000 00:11 2111                      anon_inode:i915.gem
7fa0d7416000-7fa0d7418000 rw-s 10ba0a000 00:11 2111                      anon_inode:i915.gem
7fa0d7418000-7fa0d741a000 rw-s 10ba08000 00:11 2111                      anon_inode:i915.gem
7fa0d741a000-7fa0d741e000 rw-s 10ba04000 00:11 2111                      anon_inode:i915.gem
7fa0d741e000-7fa0d7420000 rw-s 10ba02000 00:11 2111                      anon_inode:i915.gem
7fa0d7420000-7fa0d7422000 rw-s 10ba00000 00:11 2111                      anon_inode:i915.gem
7fa0d7422000-7fa0d7426000 rw-s 10b9fc000 00:11 2111                      anon_inode:i915.gem
7fa0d7426000-7fa0d742a000 rw-s 10b9f8000 00:11 2111                      anon_inode:i915.gem
7fa0d742a000-7fa0d742e000 rw-s 10b9f4000 00:11 2111                      anon_inode:i915.gem
7fa0d742e000-7fa0d7432000 rw-s 10b9f0000 00:11 2111                      anon_inode:i915.gem
7fa0d7432000-7fa0d7436000 rw-s 10b9ec000 00:11 2111                      anon_inode:i915.gem
7fa0d7436000-7fa0d743a000 rw-s 10b9e8000 00:11 2111                      anon_inode:i915.gem
7fa0d743a000-7fa0d743e000 rw-s 10b9e4000 00:11 2111                      anon_inode:i915.gem
7fa0d743e000-7fa0d7442000 rw-s 10b9e0000 00:11 2111                      anon_inode:i915.gem
7fa0d7442000-7fa0d7446000 rw-s 10b9dc000 00:11 2111                      anon_inode:i915.gem
7fa0d7446000-7fa0d744a000 rw-s 10b9d8000 00:11 2111                      anon_inode:i915.gem
7fa0d744a000-7fa0d744e000 rw-s 10b9d4000 00:11 2111                      anon_inode:i915.gem
7fa0d744e000-7fa0d7452000 rw-s 10b9d0000 00:11 2111                      anon_inode:i915.gem
7fa0d7452000-7fa0d7456000 rw-s 10b9cc000 00:11 2111                      anon_inode:i915.gem
7fa0d7456000-7fa0d745a000 rw-s 10b9c8000 00:11 2111                      anon_inode:i915.gem
7fa0d745a000-7fa0d745e000 rw-s 10b9c4000 00:11 2111                      anon_inode:i915.gem
7fa0d745e000-7fa0d7462000 rw-s 10b9c0000 00:11 2111                      anon_inode:i915.gem
7fa0d7462000-7fa0d7466000 rw-s 10b9bc000 00:11 2111                      anon_inode:i915.gem
7fa0d7466000-7fa0d7468000 rw-s 10b9ba000 00:11 2111                      anon_inode:i915.gem
7fa0d7468000-7fa0d746c000 rw-s 10b9b6000 00:11 2111                      anon_inode:i915.gem
7fa0d746c000-7fa0d746e000 rw-s 10b9b4000 00:11 2111                      anon_inode:i915.gem
7fa0d746e000-7fa0d7470000 rw-s 10b9b2000 00:11 2111                      anon_inode:i915.gem
7fa0d7470000-7fa0d7472000 rw-s 10b9b0000 00:11 2111                      anon_inode:i915.gem
7fa0d7472000-7fa0d7476000 rw-s 10b9ac000 00:11 2111                      anon_inode:i915.gem
7fa0d7476000-7fa0d747a000 rw-s 10b9a8000 00:11 2111                      anon_inode:i915.gem
7fa0d747a000-7fa0d747e000 rw-s 10b9a4000 00:11 2111                      anon_inode:i915.gem
7fa0d747e000-7fa0d7482000 rw-s 10b9a0000 00:11 2111                      anon_inode:i915.gem
7fa0d7482000-7fa0d7486000 rw-s 10b99c000 00:11 2111                      anon_inode:i915.gem
7fa0d7486000-7fa0d748a000 rw-s 10b998000 00:11 2111                      anon_inode:i915.gem
7fa0d748a000-7fa0d748c000 rw-s 10b996000 00:11 2111                      anon_inode:i915.gem
7fa0d748c000-7fa0d7490000 rw-s 10b992000 00:11 2111                      anon_inode:i915.gem
7fa0d7490000-7fa0d7494000 rw-s 10b98e000 00:11 2111                      anon_inode:i915.gem
7fa0d7494000-7fa0d749c000 rw-s 10b986000 00:11 2111                      anon_inode:i915.gem
7fa0d749c000-7fa0d74a0000 rw-s 10b982000 00:11 2111                      anon_inode:i915.gem
7fa0d74a0000-7fa0d74a4000 rw-s 10b97e000 00:11 2111                      anon_inode:i915.gem
7fa0d74a4000-7fa0d74a8000 rw-s 10b97a000 00:11 2111                      anon_inode:i915.gem
7fa0d74a8000-7fa0d74ac000 rw-s 10b976000 00:11 2111                      anon_inode:i915.gem
7fa0d74ac000-7fa0d74b0000 rw-s 10b972000 00:11 2111                      anon_inode:i915.gem
7fa0d74b0000-7fa0d74b4000 rw-s 10b96e000 00:11 2111                      anon_inode:i915.gem
7fa0d74b4000-7fa0d74b8000 rw-s 10b96a000 00:11 2111                      anon_inode:i915.gem
7fa0d74b8000-7fa0d74bc000 rw-s 10b966000 00:11 2111                      anon_inode:i915.gem
7fa0d74bc000-7fa0d74c0000 rw-s 10b962000 00:11 2111                      anon_inode:i915.gem
7fa0d74c0000-7fa0d74c4000 rw-s 104985000 00:11 2111                      anon_inode:i915.gem
7fa0d74c4000-7fa0d74c8000 rw-s 104981000 00:11 2111                      anon_inode:i915.gem
7fa0d74c8000-7fa0d74ca000 rw-s 10497f000 00:11 2111                      anon_inode:i915.gem
7fa0d74ca000-7fa0d74cc000 rw-s 10497d000 00:11 2111                      anon_inode:i915.gem
7fa0d74cc000-7fa0d74d0000 rw-s 104979000 00:11 2111                      anon_inode:i915.gem
7fa0d74d0000-7fa0d74d4000 rw-s 10c6de000 00:11 2111                      anon_inode:i915.gem
7fa0d74d4000-7fa0d74d8000 rw-s 10c6da000 00:11 2111                      anon_inode:i915.gem
7fa0d74d8000-7fa0d74dc000 rw-s 10c6d6000 00:11 2111                      anon_inode:i915.gem
7fa0d74dc000-7fa0d74e0000 rw-s 10c6d2000 00:11 2111                      anon_inode:i915.gem
7fa0d74e0000-7fa0d74e4000 rw-s 105e80000 00:11 2111                      anon_inode:i915.gem
7fa0d74e4000-7fa0d74ec000 rw-s 10c6aa000 00:11 2111                      anon_inode:i915.gem
7fa0d74ec000-7fa0d74f4000 rw-s 10c6a2000 00:11 2111                      anon_inode:i915.gem
7fa0d74f4000-7fa0d74f8000 rw-s 105e7c000 00:11 2111                      anon_inode:i915.gem
7fa0d74f8000-7fa0d74fc000 rw-s 105e78000 00:11 2111                      anon_inode:i915.gem
7fa0d74fc000-7fa0d7500000 rw-s 105e74000 00:11 2111                      anon_inode:i915.gem
7fa0d7500000-7fa0d7504000 rw-s 105f4c000 00:11 2111                      anon_inode:i915.gem
7fa0d7504000-7fa0d7508000 rw-s 105f48000 00:11 2111                      anon_inode:i915.gem
7fa0d7508000-7fa0d750c000 rw-s 105f44000 00:11 2111                      anon_inode:i915.gem
7fa0d750c000-7fa0d7510000 rw-s 105f40000 00:11 2111                      anon_inode:i915.gem
7fa0d7510000-7fa0d7518000 rw-s 116c2e000 00:11 2111                      anon_inode:i915.gem
7fa0d7518000-7fa0d751a000 rw-s 116c2c000 00:11 2111                      anon_inode:i915.gem
7fa0d751a000-7fa0d751e000 rw-s 116c28000 00:11 2111                      anon_inode:i915.gem
7fa0d751e000-7fa0d7520000 rw-s 116c26000 00:11 2111                      anon_inode:i915.gem
7fa0d7520000-7fa0d7522000 rw-s 101be8000 00:11 2111                      anon_inode:i915.gem
7fa0d7522000-7fa0d7526000 rw-s 1047db000 00:11 2111                      anon_inode:i915.gem
7fa0d7526000-7fa0d752a000 rw-s 1047d7000 00:11 2111                      anon_inode:i915.gem
7fa0d752a000-7fa0d752e000 rw-s 1047d3000 00:11 2111                      anon_inode:i915.gem
7fa0d752e000-7fa0d7532000 rw-s 1047cf000 00:11 2111                      anon_inode:i915.gem
7fa0d7532000-7fa0d7536000 rw-s 101be4000 00:11 2111                      anon_inode:i915.gem
7fa0d7536000-7fa0d7538000 rw-s 101be2000 00:11 2111                      anon_inode:i915.gem
7fa0d7538000-7fa0d753c000 rw-s 1044b8000 00:11 2111                      anon_inode:i915.gem
7fa0d753c000-7fa0d7540000 rw-s 1044b4000 00:11 2111                      anon_inode:i915.gem
7fa0d7540000-7fa0d7542000 rw-s 105f14000 00:11 2111                      anon_inode:i915.gem
7fa0d7542000-7fa0d7546000 rw-s 10338e000 00:11 2111                      anon_inode:i915.gem
7fa0d7546000-7fa0d754a000 rw-s 10338a000 00:11 2111                      anon_inode:i915.gem
7fa0d754a000-7fa0d754c000 rw-s 1033f6000 00:11 2111                      anon_inode:i915.gem
7fa0d754c000-7fa0d7550000 rw-s 116c1d000 00:11 2111                      anon_inode:i915.gem
7fa0d7550000-7fa0d7552000 rw-s 128c12000 00:11 2111                      anon_inode:i915.gem
7fa0d7552000-7fa0d7554000 rw-s 128c10000 00:11 2111                      anon_inode:i915.gem
7fa0d7554000-7fa0d7556000 rw-s 128c0e000 00:11 2111                      anon_inode:i915.gem
7fa0d7556000-7fa0d7558000 rw-s 128c0c000 00:11 2111                      anon_inode:i915.gem
7fa0d7558000-7fa0d755a000 rw-s 128c0a000 00:11 2111                      anon_inode:i915.gem
7fa0d755a000-7fa0d755c000 rw-s 128c08000 00:11 2111                      anon_inode:i915.gem
7fa0d755c000-7fa0d755e000 rw-s 128c06000 00:11 2111                      anon_inode:i915.gem
7fa0d755e000-7fa0d7562000 rw-s 128c02000 00:11 2111                      anon_inode:i915.gem
7fa0d7562000-7fa0d7564000 rw-s 128c00000 00:11 2111                      anon_inode:i915.gem
7fa0d7564000-7fa0d7566000 rw-s 128bfe000 00:11 2111                      anon_inode:i915.gem
7fa0d7566000-7fa0d7568000 rw-s 128bfc000 00:11 2111                      anon_inode:i915.gem
7fa0d7568000-7fa0d756a000 rw-s 128bfa000 00:11 2111                      anon_inode:i915.gem
7fa0d756a000-7fa0d7572000 rw-s 128bf2000 00:11 2111                      anon_inode:i915.gem
7fa0d7572000-7fa0d7574000 rw-s 128bf0000 00:11 2111                      anon_inode:i915.gem
7fa0d7574000-7fa0d7578000 rw-s 128bec000 00:11 2111                      anon_inode:i915.gem
7fa0d7578000-7fa0d757a000 rw-s 128bea000 00:11 2111                      anon_inode:i915.gem
7fa0d757a000-7fa0d757c000 rw-s 128be8000 00:11 2111                      anon_inode:i915.gem
7fa0d757c000-7fa0d7580000 rw-s 128be4000 00:11 2111                      anon_inode:i915.gem
7fa0d7580000-7fa0d7584000 rw-s 128be0000 00:11 2111                      anon_inode:i915.gem
7fa0d7584000-7fa0d7588000 rw-s 128bdc000 00:11 2111                      anon_inode:i915.gem
7fa0d7588000-7fa0d758c000 rw-s 128bd8000 00:11 2111                      anon_inode:i915.gem
7fa0d758c000-7fa0d7590000 rw-s 128bd4000 00:11 2111                      anon_inode:i915.gem
7fa0d7590000-7fa0d7592000 rw-s 128bd2000 00:11 2111                      anon_inode:i915.gem
7fa0d7592000-7fa0d7594000 rw-s 128bd0000 00:11 2111                      anon_inode:i915.gem
7fa0d7594000-7fa0d7598000 rw-s 128bcc000 00:11 2111                      anon_inode:i915.gem
7fa0d7598000-7fa0d759a000 rw-s 128bca000 00:11 2111                      anon_inode:i915.gem
7fa0d759a000-7fa0d759c000 rw-s 128bc8000 00:11 2111                      anon_inode:i915.gem
7fa0d759c000-7fa0d75a0000 rw-s 128bc4000 00:11 2111                      anon_inode:i915.gem
7fa0d75a0000-7fa0d75a4000 rw-s 128bc0000 00:11 2111                      anon_inode:i915.gem
7fa0d75a4000-7fa0d75a8000 rw-s 128bbc000 00:11 2111                      anon_inode:i915.gem
7fa0d75a8000-7fa0d75ac000 rw-s 128bb8000 00:11 2111                      anon_inode:i915.gem
7fa0d75ac000-7fa0d75b0000 rw-s 128bb4000 00:11 2111                      anon_inode:i915.gem
7fa0d75b0000-7fa0d75b4000 rw-s 128bb0000 00:11 2111                      anon_inode:i915.gem
7fa0d75b4000-7fa0d75b8000 rw-s 128bac000 00:11 2111                      anon_inode:i915.gem
7fa0d75b8000-7fa0d75bc000 rw-s 128ba8000 00:11 2111                      anon_inode:i915.gem
7fa0d75bc000-7fa0d75c0000 rw-s 128ba4000 00:11 2111                      anon_inode:i915.gem
7fa0d75c0000-7fa0d75c4000 rw-s 128ba0000 00:11 2111                      anon_inode:i915.gem
7fa0d75c4000-7fa0d75c8000 rw-s 128b9c000 00:11 2111                      anon_inode:i915.gem
7fa0d75c8000-7fa0d75cc000 rw-s 128b98000 00:11 2111                      anon_inode:i915.gem
7fa0d75cc000-7fa0d75d0000 rw-s 128b94000 00:11 2111                      anon_inode:i915.gem
7fa0d75d0000-7fa0d75d4000 rw-s 128b90000 00:11 2111                      anon_inode:i915.gem
7fa0d75d4000-7fa0d75d8000 rw-s 128b8c000 00:11 2111                      anon_inode:i915.gem
7fa0d75d8000-7fa0d75dc000 rw-s 128b88000 00:11 2111                      anon_inode:i915.gem
7fa0d75dc000-7fa0d75e0000 rw-s 128b84000 00:11 2111                      anon_inode:i915.gem
7fa0d75e0000-7fa0d75e4000 rw-s 128b80000 00:11 2111                      anon_inode:i915.gem
7fa0d75e4000-7fa0d75e8000 rw-s 128b7c000 00:11 2111                      anon_inode:i915.gem
7fa0d75e8000-7fa0d75f0000 rw-s 128b74000 00:11 2111                      anon_inode:i915.gem
7fa0d75f0000-7fa0d75f8000 rw-s 128b6c000 00:11 2111                      anon_inode:i915.gem
7fa0d75f8000-7fa0d75fc000 rw-s 128b68000 00:11 2111                      anon_inode:i915.gem
7fa0d75fc000-7fa0d7600000 rw-s 128b64000 00:11 2111                      anon_inode:i915.gem
7fa0d7600000-7fa0d7604000 rw-s 128b60000 00:11 2111                      anon_inode:i915.gem
7fa0d7604000-7fa0d7608000 rw-s 128b5c000 00:11 2111                      anon_inode:i915.gem
7fa0d7608000-7fa0d760c000 rw-s 128b58000 00:11 2111                      anon_inode:i915.gem
7fa0d760c000-7fa0d7610000 rw-s 128b54000 00:11 2111                      anon_inode:i915.gem
7fa0d7610000-7fa0d7614000 rw-s 128b50000 00:11 2111                      anon_inode:i915.gem
7fa0d7614000-7fa0d7618000 rw-s 128b4c000 00:11 2111                      anon_inode:i915.gem
7fa0d7618000-7fa0d761c000 rw-s 128b48000 00:11 2111                      anon_inode:i915.gem
7fa0d761c000-7fa0d7620000 rw-s 128b44000 00:11 2111                      anon_inode:i915.gem
7fa0d7620000-7fa0d7624000 rw-s 128b40000 00:11 2111                      anon_inode:i915.gem
7fa0d7625000-7fa0d7627000 rw-s 128b3d000 00:11 2111                      anon_inode:i915.gem
7fa0d7628000-7fa0d762a000 rw-s 128b3a000 00:11 2111                      anon_inode:i915.gem
7fa0d762b000-7fa0d762d000 rw-s 128b37000 00:11 2111                      anon_inode:i915.gem
7fa0d762d000-7fa0d762f000 rw-s 128b35000 00:11 2111                      anon_inode:i915.gem
7fa0d762f000-7fa0d7631000 rw-s 128b33000 00:11 2111                      anon_inode:i915.gem
7fa0d7632000-7fa0d7634000 rw-s 128b30000 00:11 2111                      anon_inode:i915.gem
7fa0d7634000-7fa0d7636000 rw-s 128b2e000 00:11 2111                      anon_inode:i915.gem
7fa0d7636000-7fa0d7638000 rw-s 128b2c000 00:11 2111                      anon_inode:i915.gem
7fa0d7638000-7fa0d763a000 rw-s 128b2a000 00:11 2111                      anon_inode:i915.gem
7fa0d763a000-7fa0d763c000 rw-s 128b28000 00:11 2111                      anon_inode:i915.gem
7fa0d763c000-7fa0d763e000 rw-s 128b26000 00:11 2111                      anon_inode:i915.gem
7fa0d763e000-7fa0d7640000 rw-s 128b24000 00:11 2111                      anon_inode:i915.gem
7fa0d7640000-7fa0d7642000 rw-s 128b22000 00:11 2111                      anon_inode:i915.gem
7fa0d7642000-7fa0d7644000 rw-s 128b20000 00:11 2111                      anon_inode:i915.gem
7fa0d7644000-7fa0d7646000 rw-s 128b1e000 00:11 2111                      anon_inode:i915.gem
7fa0d7646000-7fa0d7648000 rw-s 128b1c000 00:11 2111                      anon_inode:i915.gem
7fa0d7648000-7fa0d764a000 rw-s 128b1a000 00:11 2111                      anon_inode:i915.gem
7fa0d764a000-7fa0d764c000 rw-s 128b18000 00:11 2111                      anon_inode:i915.gem
7fa0d764c000-7fa0d764e000 rw-s 128b16000 00:11 2111                      anon_inode:i915.gem
7fa0d764e000-7fa0d7650000 rw-s 128b14000 00:11 2111                      anon_inode:i915.gem
7fa0d7650000-7fa0d7654000 rw-s 128b10000 00:11 2111                      anon_inode:i915.gem
7fa0d7654000-7fa0d7658000 rw-s 128b0c000 00:11 2111                      anon_inode:i915.gem
7fa0d7658000-7fa0d765a000 rw-s 128b0a000 00:11 2111                      anon_inode:i915.gem
7fa0d765a000-7fa0d7662000 rw-s 128b02000 00:11 2111                      anon_inode:i915.gem
7fa0d7662000-7fa0d7666000 rw-s 128afe000 00:11 2111                      anon_inode:i915.gem
7fa0d7666000-7fa0d766a000 rw-s 128afa000 00:11 2111                      anon_inode:i915.gem
7fa0d766a000-7fa0d766c000 rw-s 128af8000 00:11 2111                      anon_inode:i915.gem
7fa0d766d000-7fa0d766f000 rw-s 128af5000 00:11 2111                      anon_inode:i915.gem
7fa0d766f000-7fa0d7671000 rw-s 128af2000 00:11 2111                      anon_inode:i915.gem
7fa0d7671000-7fa0d7673000 rw-s 128af0000 00:11 2111                      anon_inode:i915.gem
7fa0d7673000-7fa0d7677000 rw-s 128aec000 00:11 2111                      anon_inode:i915.gem
7fa0d7677000-7fa0d7679000 rw-s 128aea000 00:11 2111                      anon_inode:i915.gem
7fa0d7679000-7fa0d767d000 rw-s 128ae4000 00:11 2111                      anon_inode:i915.gem
7fa0d767d000-7fa0d768d000 rw-s 119256000 00:11 2111                      anon_inode:i915.gem
7fa0d768d000-7fa0d769d000 rw-s 119306000 00:11 2111                      anon_inode:i915.gem
7fa0d769d000-7fa0d76dd000 rw-s 128a76000 00:11 2111                      anon_inode:i915.gem
7fa0d76dd000-7fa0d76ed000 rw-s 127b26000 00:11 2111                      anon_inode:i915.gem
7fa0d76ed000-7fa0d76fd000 rw-s 106d32000 00:11 2111                      anon_inode:i915.gem
7fa0d76fd000-7fa0d770d000 rw-s 106cc2000 00:11 2111                      anon_inode:i915.gem
7fa0d770d000-7fa0d771d000 rw-s 10e392000 00:11 2111                      anon_inode:i915.gem
7fa0d771d000-7fa0d775d000 rw-s 1289f6000 00:11 2111                      anon_inode:i915.gem
7fa0d775d000-7fa0d776d000 rw-s 128686000 00:11 2111                      anon_inode:i915.gem
7fa0d776d000-7fa0d777d000 rw-s 1192d6000 00:11 2111                      anon_inode:i915.gem
7fa0d777d000-7fa0d77bd000 rw-s 128996000 00:11 2111                      anon_inode:i915.gem
7fa0d77bd000-7fa0d77cd000 rw-s 106ca2000 00:11 2111                      anon_inode:i915.gem
7fa0d77cd000-7fa0d77dd000 rw-s 106cd2000 00:11 2111                      anon_inode:i915.gem
7fa0d77dd000-7fa0d77ed000 rw-s 106cf2000 00:11 2111                      anon_inode:i915.gem
7fa0d77ed000-7fa0d77fd000 rw-s 106cb2000 00:11 2111                      anon_inode:i915.gem
7fa0d77fd000-7fa0d783d000 rw-s 128916000 00:11 2111                      anon_inode:i915.gem
7fa0d783d000-7fa0d787d000 rw-s 1288b6000 00:11 2111                      anon_inode:i915.gem
7fa0d787d000-7fa0d787e000 rw-p 00000000 00:00 0 
7fa0d787e000-7fa0d7882000 ---p 00000000 00:00 0 
7fa0d7882000-7fa0d797f000 rw-p 00000000 00:00 0 
7fa0d797f000-7fa0d7983000 ---p 00000000 00:00 0 
7fa0d7983000-7fa0d7a7f000 rw-p 00000000 00:00 0 
7fa0d7a7f000-7fa0d7c7f000 rw-s 107962000 00:11 2111                      anon_inode:i915.gem
7fa0d7c7f000-7fa0d7c8f000 rw-s 106c92000 00:11 2111                      anon_inode:i915.gem
7fa0d7c8f000-7fa0d7c9f000 rw-s 11996a000 00:11 2111                      anon_inode:i915.gem
7fa0d7c9f000-7fa0d7caf000 rw-s 1286a6000 00:11 2111                      anon_inode:i915.gem
7fa0d7caf000-7fa0d7cbf000 rw-s 106c82000 00:11 2111                      anon_inode:i915.gem
7fa0d7cbf000-7fa0d7ccf000 rw-s 1199fa000 00:11 2111                      anon_inode:i915.gem
7fa0d7ccf000-7fa0d7cdf000 rw-s 106e22000 00:11 2111                      anon_inode:i915.gem
7fa0d7cdf000-7fa0d7cef000 rw-s 106d12000 00:11 2111                      anon_inode:i915.gem
7fa0d7cef000-7fa0d7cff000 rw-s 11a9f6000 00:11 2111                      anon_inode:i915.gem
7fa0d7cff000-7fa0d7d00000 rw-p 00000000 00:00 0 
7fa0d7d00000-7fa0d7d04000 ---p 00000000 00:00 0 
7fa0d7d04000-7fa0d7e00000 rw-p 00000000 00:00 0 
7fa0d7e00000-7fa0d7e02000 rw-s 128ae8000 00:11 2111                      anon_inode:i915.gem
7fa0d7e02000-7fa0d7e04000 rw-s 128ae2000 00:11 2111                      anon_inode:i915.gem
7fa0d7e04000-7fa0d7e08000 rw-s 128ade000 00:11 2111                      anon_inode:i915.gem
7fa0d7e08000-7fa0d7e0c000 rw-s 128ada000 00:11 2111                      anon_inode:i915.gem
7fa0d7e0c000-7fa0d7e10000 rw-s 128ad6000 00:11 2111                      anon_inode:i915.gem
7fa0d7e10000-7fa0d7e20000 rw-s 128666000 00:11 2111                      anon_inode:i915.gem
7fa0d7e20000-7fa0d7e30000 rw-s 128696000 00:11 2111                      anon_inode:i915.gem
7fa0d7e30000-7fa0d7e70000 rw-s 128876000 00:11 2111                      anon_inode:i915.gem
7fa0d7e70000-7fa0d7eb0000 rw-s 128836000 00:11 2111                      anon_inode:i915.gem
7fa0d7eb0000-7fa0d7ef0000 rw-s 1287f6000 00:11 2111                      anon_inode:i915.gem
7fa0d7ef0000-7fa0d7ef8000 rw-s 12b586000 00:11 2111                      anon_inode:i915.gem
7fa0d7ef8000-7fa0d7f38000 rw-s 1287b6000 00:11 2111                      anon_inode:i915.gem
7fa0d7f38000-7fa0d7f78000 rw-s 128776000 00:11 2111                      anon_inode:i915.gem
7fa0d7f78000-7fa0d7f80000 rw-s 12b57e000 00:11 2111                      anon_inode:i915.gem
7fa0d7f80000-7fa0d7fc0000 rw-s 128736000 00:11 2111                      anon_inode:i915.gem
7fa0d7fc0000-7fa0d8000000 rw-s 1286f6000 00:11 2111                      anon_inode:i915.gem
7fa0d8000000-7fa0d8040000 rw-s 1286b6000 00:11 2111                      anon_inode:i915.gem
7fa0d8040000-7fa0d8050000 rw-s 1199ea000 00:11 2111                      anon_inode:i915.gem
7fa0d8050000-7fa0d8060000 rw-s 11a9b6000 00:11 2111                      anon_inode:i915.gem
7fa0d8060000-7fa0d8070000 rw-s 11a9d6000 00:11 2111                      anon_inode:i915.gem
7fa0d8070000-7fa0d8080000 rw-s 128656000 00:11 2111                      anon_inode:i915.gem
7fa0d8080000-7fa0d8090000 rw-s 110440000 00:11 2111                      anon_inode:i915.gem
7fa0d8090000-7fa0d80a0000 rw-s 128676000 00:11 2111                      anon_inode:i915.gem
7fa0d80a0000-7fa0d80b0000 rw-s 11a9e6000 00:11 2111                      anon_inode:i915.gem
7fa0d80b0000-7fa0d80c0000 rw-s 128646000 00:11 2111                      anon_inode:i915.gem
7fa0d80c0000-7fa0d80d0000 rw-s 11998a000 00:11 2111                      anon_inode:i915.gem
7fa0d80d0000-7fa0d80f0000 rw-s 1192e6000 00:11 2111                      anon_inode:i915.gem
7fa0d80f0000-7fa0d8170000 rw-s 128136000 00:11 2111                      anon_inode:i915.gem
7fa0d8170000-7fa0d8180000 rw-s 1199ca000 00:11 2111                      anon_inode:i915.gem
7fa0d8180000-7fa0d8190000 rw-s 1199da000 00:11 2111                      anon_inode:i915.gem
7fa0d8190000-7fa0d81b0000 rw-s 11999a000 00:11 2111                      anon_inode:i915.gem
7fa0d81b0000-7fa0d81c0000 rw-s 106e62000 00:11 2111                      anon_inode:i915.gem
7fa0d81c0000-7fa0d81d0000 rw-s 106e52000 00:11 2111                      anon_inode:i915.gem
7fa0d81d0000-7fa0d81e0000 rw-s 1199ba000 00:11 2111                      anon_inode:i915.gem
7fa0d81e0000-7fa0d81f0000 rw-s 106e12000 00:11 2111                      anon_inode:i915.gem
7fa0d81f0000-7fa0d8200000 rw-s 106da2000 00:11 2111                      anon_inode:i915.gem
7fa0d8200000-7fa0d8210000 rw-s 106dc2000 00:11 2111                      anon_inode:i915.gem
7fa0d8210000-7fa0d8220000 rw-s 10e3b2000 00:11 2111                      anon_inode:i915.gem
7fa0d8220000-7fa0d82a0000 rw-s 1277b6000 00:11 2111                      anon_inode:i915.gem
7fa0d82a0000-7fa0d82b0000 rw-s 11997a000 00:11 2111                      anon_inode:i915.gem
7fa0d82b0000-7fa0d82c0000 rw-s 106dd2000 00:11 2111                      anon_inode:i915.gem
7fa0d82c0000-7fa0d84c0000 rw-s 128236000 00:11 2111                      anon_inode:i915.gem
7fa0d84c0000-7fa0d84d0000 rw-s 110460000 00:11 2111                      anon_inode:i915.gem
7fa0d84d0000-7fa0d84d4000 rw-s 128222000 00:11 2111                      anon_inode:i915.gem
7fa0d84d4000-7fa0d84d8000 rw-s 12821e000 00:11 2111                      anon_inode:i915.gem
7fa0d84d8000-7fa0d84e8000 rw-s 11aa06000 00:11 2111                      anon_inode:i915.gem
7fa0d84e8000-7fa0d84f8000 rw-s 128636000 00:11 2111                      anon_inode:i915.gem
7fa0d84f8000-7fa0d8508000 rw-s 106be2000 00:11 2111                      anon_inode:i915.gem
7fa0d8508000-7fa0d8518000 rw-s 11a9c6000 00:11 2111                      anon_inode:i915.gem
7fa0d8518000-7fa0d8528000 rw-s 110430000 00:11 2111                      anon_inode:i915.gem
7fa0d8528000-7fa0d8538000 rw-s 11a996000 00:11 2111                      anon_inode:i915.gem
7fa0d8538000-7fa0d853c000 rw-s 1281ba000 00:11 2111                      anon_inode:i915.gem
7fa0d853c000-7fa0d8540000 rw-s 1281b6000 00:11 2111                      anon_inode:i915.gem
7fa0d8540000-7fa0d8550000 rw-s 11a9a6000 00:11 2111                      anon_inode:i915.gem
7fa0d8550000-7fa0d8560000 rw-s 10ad4a000 00:11 2111                      anon_inode:i915.gem
7fa0d8560000-7fa0d8570000 rw-s 11a896000 00:11 2111                      anon_inode:i915.gem
7fa0d8570000-7fa0d8580000 rw-s 1175e6000 00:11 2111                      anon_inode:i915.gem
7fa0d8580000-7fa0d8590000 rw-s 10c616000 00:11 2111                      anon_inode:i915.gem
7fa0d8590000-7fa0d85a0000 rw-s 10c626000 00:11 2111                      anon_inode:i915.gem
7fa0d85a0000-7fa0d85b0000 rw-s 1281fe000 00:11 2111                      anon_inode:i915.gem
7fa0d85b0000-7fa0d85c0000 rw-s 1281de000 00:11 2111                      anon_inode:i915.gem
7fa0d85c0000-7fa0d87c0000 rw-s 127f36000 00:11 2111                      anon_inode:i915.gem
7fa0d87c0000-7fa0d89c0000 rw-s 127d36000 00:11 2111                      anon_inode:i915.gem
7fa0d89c0000-7fa0d8bc0000 rw-s 127b36000 00:11 2111                      anon_inode:i915.gem
7fa0d8bc0000-7fa0d8bd0000 rw-s 10c606000 00:11 2111                      anon_inode:i915.gem
7fa0d8bd0000-7fa0d8be0000 rw-s 10c5e6000 00:11 2111                      anon_inode:i915.gem
7fa0d8be0000-7fa0d8bf0000 rw-s 110470000 00:11 2111                      anon_inode:i915.gem
7fa0d8bf0000-7fa0d8c00000 rw-s 110400000 00:11 2111                      anon_inode:i915.gem
7fa0d8c00000-7fa0d8c10000 rw-s 10c636000 00:11 2111                      anon_inode:i915.gem
7fa0d8c10000-7fa0d8c20000 rw-s 10c646000 00:11 2111                      anon_inode:i915.gem
7fa0d8c20000-7fa0d8c30000 rw-s 10c656000 00:11 2111                      anon_inode:i915.gem
7fa0d8c30000-7fa0d8c40000 rw-s 110410000 00:11 2111                      anon_inode:i915.gem
7fa0d8c40000-7fa0d8cc0000 rw-s 1174ae000 00:11 2111                      anon_inode:i915.gem
7fa0d8cc0000-7fa0d8ec0000 rw-s 127836000 00:11 2111                      anon_inode:i915.gem
7fa0d8ec0000-7fa0d8ed0000 rw-s 11a906000 00:11 2111                      anon_inode:i915.gem
7fa0d8ed0000-7fa0d8ee0000 rw-s 11a8f6000 00:11 2111                      anon_inode:i915.gem
7fa0d8ee0000-7fa0d8ef0000 rw-s 11a8e6000 00:11 2111                      anon_inode:i915.gem
7fa0d8ef0000-7fa0d8f00000 rw-s 110450000 00:11 2111                      anon_inode:i915.gem
7fa0d8f00000-7fa0d8f10000 rw-s 11a8d6000 00:11 2111                      anon_inode:i915.gem
7fa0d8f10000-7fa0d8f20000 rw-s 110420000 00:11 2111                      anon_inode:i915.gem
7fa0d8f20000-7fa0d8f40000 rw-s 11a8b6000 00:11 2111                      anon_inode:i915.gem
7fa0d8f40000-7fa0d8f80000 rw-s 12b53e000 00:11 2111                      anon_inode:i915.gem
7fa0d8f80000-7fa0d9180000 rw-s 1275b6000 00:11 2111                      anon_inode:i915.gem
7fa0d9180000-7fa0d9380000 rw-s 1273b6000 00:11 2111                      anon_inode:i915.gem
7fa0d9380000-7fa0d9580000 rw-s 1271b6000 00:11 2111                      anon_inode:i915.gem
7fa0d9580000-7fa0d9590000 rw-s 10e362000 00:11 2111                      anon_inode:i915.gem
7fa0d9590000-7fa0d95a0000 rw-s 10e372000 00:11 2111                      anon_inode:i915.gem
7fa0d95a0000-7fa0d95b0000 rw-s 10c5f6000 00:11 2111                      anon_inode:i915.gem
7fa0d95b0000-7fa0d95c0000 rw-s 11a8a6000 00:11 2111                      anon_inode:i915.gem
7fa0d95c0000-7fa0d95d0000 rw-s 1281ee000 00:11 2111                      anon_inode:i915.gem
7fa0d95d0000-7fa0d95e0000 rw-s 12820e000 00:11 2111                      anon_inode:i915.gem
7fa0d95e0000-7fa0d95f0000 rw-s 106c02000 00:11 2111                      anon_inode:i915.gem
7fa0d95f0000-7fa0d9600000 rw-s 10e882000 00:11 2111                      anon_inode:i915.gem
7fa0d9600000-7fa0d9800000 rw-s 126eb6000 00:11 2111                      anon_inode:i915.gem
7fa0d9800000-7fa0d9a00000 rw-s 126cb6000 00:11 2111                      anon_inode:i915.gem
7fa0d9a00000-7fa0d9c00000 rw-s 126ab6000 00:11 2111                      anon_inode:i915.gem
7fa0d9c00000-7fa0d9caa000 r-xp 00000000 00:38 404                        /tmp/libgdxmirtemir/125b804a/libgdx-freetype64.so
7fa0d9caa000-7fa0d9eaa000 ---p 000aa000 00:38 404                        /tmp/libgdxmirtemir/125b804a/libgdx-freetype64.so
7fa0d9eaa000-7fa0d9eb0000 r--p 000aa000 00:38 404                        /tmp/libgdxmirtemir/125b804a/libgdx-freetype64.so
7fa0d9eb0000-7fa0d9eb1000 rw-p 000b0000 00:38 404                        /tmp/libgdxmirtemir/125b804a/libgdx-freetype64.so
7fa0d9eb2000-7fa0d9eb4000 rw-s 12b592000 00:11 2111                      anon_inode:i915.gem
7fa0d9eb4000-7fa0d9eb8000 rw-s 12b58e000 00:11 2111                      anon_inode:i915.gem
7fa0d9eb8000-7fa0d9f38000 rw-s 10acca000 00:11 2111                      anon_inode:i915.gem
7fa0d9f38000-7fa0d9f40000 rw-s 10ea4a000 00:11 2111                      anon_inode:i915.gem
7fa0d9f40000-7fa0d9f48000 rw-s 10ea42000 00:11 2111                      anon_inode:i915.gem
7fa0d9f48000-7fa0d9f50000 rw-s 10ea3a000 00:11 2111                      anon_inode:i915.gem
7fa0d9f50000-7fa0d9f58000 rw-s 10ea32000 00:11 2111                      anon_inode:i915.gem
7fa0d9f58000-7fa0d9f60000 rw-s 10ea2a000 00:11 2111                      anon_inode:i915.gem
7fa0d9f60000-7fa0d9f68000 rw-s 10ea22000 00:11 2111                      anon_inode:i915.gem
7fa0d9f68000-7fa0d9fa8000 rw-s 10e962000 00:11 2111                      anon_inode:i915.gem
7fa0d9fa8000-7fa0d9fb0000 rw-s 10e95a000 00:11 2111                      anon_inode:i915.gem
7fa0d9fb0000-7fa0d9fb8000 rw-s 10e952000 00:11 2111                      anon_inode:i915.gem
7fa0d9fb8000-7fa0d9fc0000 rw-s 10e94a000 00:11 2111                      anon_inode:i915.gem
7fa0d9fc0000-7fa0d9fc8000 rw-s 10e942000 00:11 2111                      anon_inode:i915.gem
7fa0d9fc8000-7fa0d9fd0000 rw-s 1017fa000 00:11 2111                      anon_inode:i915.gem
7fa0d9fd0000-7fa0d9fd8000 rw-s 1017f2000 00:11 2111                      anon_inode:i915.gem
7fa0d9fd8000-7fa0d9fe0000 rw-s 1017ea000 00:11 2111                      anon_inode:i915.gem
7fa0d9fe0000-7fa0d9fe8000 rw-s 1017e2000 00:11 2111                      anon_inode:i915.gem
7fa0d9fe8000-7fa0d9ff0000 rw-s 1017da000 00:11 2111                      anon_inode:i915.gem
7fa0d9ff0000-7fa0d9ff8000 rw-s 1017d2000 00:11 2111                      anon_inode:i915.gem
7fa0d9ff8000-7fa0da000000 rw-s 1017ca000 00:11 2111                      anon_inode:i915.gem
7fa0da000000-7fa0da040000 rw-s 10e902000 00:11 2111                      anon_inode:i915.gem
7fa0da040000-7fa0da080000 rw-s 10e8c2000 00:11 2111                      anon_inode:i915.gem
7fa0da080000-7fa0da280000 rw-s 1266eb000 00:11 2111                      anon_inode:i915.gem
7fa0da280000-7fa0da480000 rw-s 1264eb000 00:11 2111                      anon_inode:i915.gem
7fa0da480000-7fa0da484000 rw-s 1017c6000 00:11 2111                      anon_inode:i915.gem
7fa0da484000-7fa0da48c000 rw-s 1017be000 00:11 2111                      anon_inode:i915.gem
7fa0da48c000-7fa0da48e000 rw-s 1017bc000 00:11 2111                      anon_inode:i915.gem
7fa0da48e000-7fa0da492000 rw-s 1017b8000 00:11 2111                      anon_inode:i915.gem
7fa0da492000-7fa0da496000 rw-s 1017b4000 00:11 2111                      anon_inode:i915.gem
7fa0da496000-7fa0da49e000 rw-s 1017ac000 00:11 2111                      anon_inode:i915.gem
7fa0da49e000-7fa0da4a0000 rw-s 1017aa000 00:11 2111                      anon_inode:i915.gem
7fa0da4a0000-7fa0da4a8000 rw-s 1017a2000 00:11 2111                      anon_inode:i915.gem
7fa0da4a8000-7fa0da4ac000 rw-s 10179e000 00:11 2111                      anon_inode:i915.gem
7fa0da4ac000-7fa0da4b0000 rw-s 10179a000 00:11 2111                      anon_inode:i915.gem
7fa0da4b0000-7fa0da4b4000 rw-s 101796000 00:11 2111                      anon_inode:i915.gem
7fa0da4b4000-7fa0da4b8000 rw-s 101792000 00:11 2111                      anon_inode:i915.gem
7fa0da4b8000-7fa0da4bc000 rw-s 10178e000 00:11 2111                      anon_inode:i915.gem
7fa0da4bc000-7fa0da4c0000 rw-s 104759000 00:11 2111                      anon_inode:i915.gem
7fa0da4c0000-7fa0da4c8000 rw-s 101786000 00:11 2111                      anon_inode:i915.gem
7fa0da4c8000-7fa0da4cc000 rw-s 104755000 00:11 2111                      anon_inode:i915.gem
7fa0da4cc000-7fa0da4d4000 rw-s 10474d000 00:11 2111                      anon_inode:i915.gem
7fa0da4d4000-7fa0da4dc000 rw-s 104745000 00:11 2111                      anon_inode:i915.gem
7fa0da4dc000-7fa0da4e4000 rw-s 10473d000 00:11 2111                      anon_inode:i915.gem
7fa0da4e4000-7fa0da4e8000 rw-s 104739000 00:11 2111                      anon_inode:i915.gem
7fa0da4e8000-7fa0da4f0000 rw-s 104731000 00:11 2111                      anon_inode:i915.gem
7fa0da4f0000-7fa0da4f4000 rw-s 10472d000 00:11 2111                      anon_inode:i915.gem
7fa0da4f4000-7fa0da4f8000 rw-s 104729000 00:11 2111                      anon_inode:i915.gem
7fa0da4f8000-7fa0da4fc000 rw-s 104725000 00:11 2111                      anon_inode:i915.gem
7fa0da4fc000-7fa0da504000 rw-s 10471d000 00:11 2111                      anon_inode:i915.gem
7fa0da504000-7fa0da508000 rw-s 1264e7000 00:11 2111                      anon_inode:i915.gem
7fa0da508000-7fa0da510000 rw-s 1264df000 00:11 2111                      anon_inode:i915.gem
7fa0da510000-7fa0da514000 rw-s 1264da000 00:11 2111                      anon_inode:i915.gem
7fa0da514000-7fa0da518000 rw-s 1264d6000 00:11 2111                      anon_inode:i915.gem
7fa0da518000-7fa0da520000 rw-s 1264ce000 00:11 2111                      anon_inode:i915.gem
7fa0da520000-7fa0da524000 rw-s 1264ca000 00:11 2111                      anon_inode:i915.gem
7fa0da524000-7fa0da528000 rw-s 1264c6000 00:11 2111                      anon_inode:i915.gem
7fa0da528000-7fa0da530000 rw-s 1264be000 00:11 2111                      anon_inode:i915.gem
7fa0da530000-7fa0da534000 rw-s 1264ba000 00:11 2111                      anon_inode:i915.gem
7fa0da534000-7fa0da538000 rw-s 1264b6000 00:11 2111                      anon_inode:i915.gem
7fa0da538000-7fa0da938000 rw-s 1260b6000 00:11 2111                      anon_inode:i915.gem
7fa0da938000-7fa0dad38000 rw-s 125cb6000 00:11 2111                      anon_inode:i915.gem
7fa0dad38000-7fa0db138000 rw-s 1258b6000 00:11 2111                      anon_inode:i915.gem
7fa0db138000-7fa0db538000 rw-s 1254b6000 00:11 2111                      anon_inode:i915.gem
7fa0db538000-7fa0db938000 rw-s 1250b6000 00:11 2111                      anon_inode:i915.gem
7fa0db938000-7fa0dbd38000 rw-s 124cb6000 00:11 2111                      anon_inode:i915.gem
7fa0dbd38000-7fa0dc138000 rw-s 1248b6000 00:11 2111                      anon_inode:i915.gem
7fa0dc138000-7fa0dc538000 rw-s 12b13e000 00:11 2111                      anon_inode:i915.gem
7fa0dc538000-7fa0dcb38000 rw-s 12ab3e000 00:11 2111                      anon_inode:i915.gem
7fa0dcb38000-7fa0dcf38000 rw-s 12a73e000 00:11 2111                      anon_inode:i915.gem
7fa0dcf38000-7fa0dcf3c000 rw-s 12a73a000 00:11 2111                      anon_inode:i915.gem
7fa0dcf3c000-7fa0dcf40000 rw-s 12a736000 00:11 2111                      anon_inode:i915.gem
7fa0dcf40000-7fa0dcf44000 rw-s 12a732000 00:11 2111                      anon_inode:i915.gem
7fa0dcf44000-7fa0dcf48000 rw-s 12a72e000 00:11 2111                      anon_inode:i915.gem
7fa0dcf48000-7fa0dcf4a000 rw-s 12a72c000 00:11 2111                      anon_inode:i915.gem
7fa0dcf4a000-7fa0dcf4c000 rw-s 12a72a000 00:11 2111                      anon_inode:i915.gem
7fa0dcf4c000-7fa0dcf4e000 rw-s 12a728000 00:11 2111                      anon_inode:i915.gem
7fa0dcf4e000-7fa0dcf50000 rw-s 12a726000 00:11 2111                      anon_inode:i915.gem
7fa0dcf50000-7fa0dcf52000 rw-s 12a724000 00:11 2111                      anon_inode:i915.gem
7fa0dcf52000-7fa0dcf54000 rw-s 12a722000 00:11 2111                      anon_inode:i915.gem
7fa0dcf54000-7fa0dcf58000 rw-s 12a71e000 00:11 2111                      anon_inode:i915.gem
7fa0dcf58000-7fa0dcf5c000 rw-s 12a71a000 00:11 2111                      anon_inode:i915.gem
7fa0dcf5c000-7fa0dcf60000 rw-s 12a716000 00:11 2111                      anon_inode:i915.gem
7fa0dcf60000-7fa0dcf64000 rw-s 12a712000 00:11 2111                      anon_inode:i915.gem
7fa0dcf64000-7fa0dcf68000 rw-s 12a70e000 00:11 2111                      anon_inode:i915.gem
7fa0dcf68000-7fa0dcf70000 rw-s 12a706000 00:11 2111                      anon_inode:i915.gem
7fa0dcf70000-7fa0dcf74000 rw-s 12a702000 00:11 2111                      anon_inode:i915.gem
7fa0dcf74000-7fa0dcf78000 rw-s 12a6fe000 00:11 2111                      anon_inode:i915.gem
7fa0dcf78000-7fa0dcf7c000 rw-s 12a6fa000 00:11 2111                      anon_inode:i915.gem
7fa0dcf7c000-7fa0dcf7e000 rw-s 12a6f8000 00:11 2111                      anon_inode:i915.gem
7fa0dcf7e000-7fa0dcf80000 rw-s 12a6f6000 00:11 2111                      anon_inode:i915.gem
7fa0dcf80000-7fa0dcf82000 rw-s 12a6f4000 00:11 2111                      anon_inode:i915.gem
7fa0dcf82000-7fa0dcf86000 rw-s 12a6f0000 00:11 2111                      anon_inode:i915.gem
7fa0dcf86000-7fa0dcf8a000 rw-s 12a6ec000 00:11 2111                      anon_inode:i915.gem
7fa0dcf8a000-7fa0dcf8c000 rw-s 12a6ea000 00:11 2111                      anon_inode:i915.gem
7fa0dcf8c000-7fa0dcf8e000 rw-s 12a6e8000 00:11 2111                      anon_inode:i915.gem
7fa0dcf8e000-7fa0dcf90000 rw-s 12a6e6000 00:11 2111                      anon_inode:i915.gem
7fa0dcf90000-7fa0dcf92000 rw-s 12a6e4000 00:11 2111                      anon_inode:i915.gem
7fa0dcf92000-7fa0dcf94000 rw-s 12a6e2000 00:11 2111                      anon_inode:i915.gem
7fa0dcf94000-7fa0dcf96000 rw-s 12a6e0000 00:11 2111                      anon_inode:i915.gem
7fa0dcf96000-7fa0dcf98000 rw-s 12a6de000 00:11 2111                      anon_inode:i915.gem
7fa0dcf98000-7fa0dcf9a000 rw-s 12a6dc000 00:11 2111                      anon_inode:i915.gem
7fa0dcf9a000-7fa0dcf9e000 rw-s 12a6d8000 00:11 2111                      anon_inode:i915.gem
7fa0dcf9e000-7fa0dcfa2000 rw-s 12a6d4000 00:11 2111                      anon_inode:i915.gem
7fa0dcfa2000-7fa0dcfa4000 rw-s 12a6d2000 00:11 2111                      anon_inode:i915.gem
7fa0dcfa4000-7fa0dcfa8000 rw-s 12a6ce000 00:11 2111                      anon_inode:i915.gem
7fa0dcfa8000-7fa0dcfac000 rw-s 12a6ca000 00:11 2111                      anon_inode:i915.gem
7fa0dcfac000-7fa0dcfae000 rw-s 12a6c8000 00:11 2111                      anon_inode:i915.gem
7fa0dcfae000-7fa0dcfb0000 rw-s 12a6c6000 00:11 2111                      anon_inode:i915.gem
7fa0dcfb0000-7fa0dcfb2000 rw-s 12a6c4000 00:11 2111                      anon_inode:i915.gem
7fa0dcfb2000-7fa0dcfb6000 rw-s 12a6c0000 00:11 2111                      anon_inode:i915.gem
7fa0dcfb6000-7fa0dcfb8000 rw-s 12a6be000 00:11 2111                      anon_inode:i915.gem
7fa0dcfb8000-7fa0dcfbc000 rw-s 12a6ba000 00:11 2111                      anon_inode:i915.gem
7fa0dcfbc000-7fa0dcfbe000 rw-s 12a6b8000 00:11 2111                      anon_inode:i915.gem
7fa0dcfbe000-7fa0dcfc0000 rw-s 12a6b6000 00:11 2111                      anon_inode:i915.gem
7fa0dcfc0000-7fa0dcfc2000 rw-s 12a6b4000 00:11 2111                      anon_inode:i915.gem
7fa0dcfc2000-7fa0dcfc6000 rw-s 12a6b0000 00:11 2111                      anon_inode:i915.gem
7fa0dcfc6000-7fa0dcfca000 rw-s 12a6ac000 00:11 2111                      anon_inode:i915.gem
7fa0dcfca000-7fa0dd00a000 rw-s 12a66c000 00:11 2111                      anon_inode:i915.gem
7fa0dd00a000-7fa0dd00e000 rw-s 12a668000 00:11 2111                      anon_inode:i915.gem
7fa0dd00e000-7fa0dd012000 rw-s 12a664000 00:11 2111                      anon_inode:i915.gem
7fa0dd012000-7fa0dd016000 rw-s 12a660000 00:11 2111                      anon_inode:i915.gem
7fa0dd016000-7fa0dd018000 rw-s 12a65e000 00:11 2111                      anon_inode:i915.gem
7fa0dd018000-7fa0dd01c000 rw-s 12a65a000 00:11 2111                      anon_inode:i915.gem
7fa0dd01c000-7fa0dd024000 rw-s 12a652000 00:11 2111                      anon_inode:i915.gem
7fa0dd024000-7fa0dd028000 rw-s 12a64e000 00:11 2111                      anon_inode:i915.gem
7fa0dd028000-7fa0dd02c000 rw-s 12a64a000 00:11 2111                      anon_inode:i915.gem
7fa0dd02c000-7fa0dd030000 rw-s 12a646000 00:11 2111                      anon_inode:i915.gem
7fa0dd030000-7fa0dd034000 rw-s 12a642000 00:11 2111                      anon_inode:i915.gem
7fa0dd034000-7fa0dd038000 rw-s 12a63e000 00:11 2111                      anon_inode:i915.gem
7fa0dd038000-7fa0dd03c000 rw-s 12a63a000 00:11 2111                      anon_inode:i915.gem
7fa0dd03c000-7fa0dd040000 rw-s 12a636000 00:11 2111                      anon_inode:i915.gem
7fa0dd040000-7fa0dd044000 rw-s 12a632000 00:11 2111                      anon_inode:i915.gem
7fa0dd044000-7fa0dd048000 rw-s 12a62e000 00:11 2111                      anon_inode:i915.gem
7fa0dd048000-7fa0dd04c000 rw-s 12a62a000 00:11 2111                      anon_inode:i915.gem
7fa0dd04c000-7fa0dd050000 rw-s 12a626000 00:11 2111                      anon_inode:i915.gem
7fa0dd050000-7fa0dd054000 rw-s 12a622000 00:11 2111                      anon_inode:i915.gem
7fa0dd054000-7fa0dd058000 rw-s 12a61e000 00:11 2111                      anon_inode:i915.gem
7fa0dd058000-7fa0dd05a000 rw-s 12a61c000 00:11 2111                      anon_inode:i915.gem
7fa0dd05a000-7fa0dd05e000 rw-s 12a618000 00:11 2111                      anon_inode:i915.gem
7fa0dd05e000-7fa0dd062000 rw-s 12a614000 00:11 2111                      anon_inode:i915.gem
7fa0dd062000-7fa0dd064000 rw-s 12a612000 00:11 2111                      anon_inode:i915.gem
7fa0dd064000-7fa0dd068000 rw-s 12a60e000 00:11 2111                      anon_inode:i915.gem
7fa0dd068000-7fa0dd06c000 rw-s 12a60a000 00:11 2111                      anon_inode:i915.gem
7fa0dd06c000-7fa0dd070000 rw-s 12a606000 00:11 2111                      anon_inode:i915.gem
7fa0dd070000-7fa0dd074000 rw-s 12a602000 00:11 2111                      anon_inode:i915.gem
7fa0dd074000-7fa0dd078000 rw-s 12a5fe000 00:11 2111                      anon_inode:i915.gem
7fa0dd078000-7fa0dd07c000 rw-s 12a5fa000 00:11 2111                      anon_inode:i915.gem
7fa0dd07c000-7fa0dd080000 rw-s 12a5f6000 00:11 2111                      anon_inode:i915.gem
7fa0dd080000-7fa0dd084000 rw-s 12a5f2000 00:11 2111                      anon_inode:i915.gem
7fa0dd084000-7fa0dd088000 rw-s 12a5ee000 00:11 2111                      anon_inode:i915.gem
7fa0dd088000-7fa0dd08c000 rw-s 12a5ea000 00:11 2111                      anon_inode:i915.gem
7fa0dd08c000-7fa0dd090000 rw-s 12a5e6000 00:11 2111                      anon_inode:i915.gem
7fa0dd090000-7fa0dd094000 rw-s 12a5e2000 00:11 2111                      anon_inode:i915.gem
7fa0dd094000-7fa0dd098000 rw-s 12a5de000 00:11 2111                      anon_inode:i915.gem
7fa0dd098000-7fa0dd09c000 rw-s 12a5da000 00:11 2111                      anon_inode:i915.gem
7fa0dd09c000-7fa0dd0a0000 rw-s 12a5d6000 00:11 2111                      anon_inode:i915.gem
7fa0dd0a0000-7fa0dd0a4000 rw-s 12a5d2000 00:11 2111                      anon_inode:i915.gem
7fa0dd0a4000-7fa0dd0a8000 rw-s 12a5ce000 00:11 2111                      anon_inode:i915.gem
7fa0dd0a8000-7fa0dd0ac000 rw-s 12a5ca000 00:11 2111                      anon_inode:i915.gem
7fa0dd0b2000-7fa0dd0b6000 rw-s 12a5c0000 00:11 2111                      anon_inode:i915.gem
7fa0dd0b8000-7fa0dd0bc000 rw-s 12a5ba000 00:11 2111                      anon_inode:i915.gem
7fa0dd0bc000-7fa0dd0c0000 rw-s 12a5b6000 00:11 2111                      anon_inode:i915.gem
7fa0dd0c1000-7fa0dd0c5000 rw-s 12a5b1000 00:11 2111                      anon_inode:i915.gem
7fa0dd0c5000-7fa0dd0c9000 rw-s 12a5ad000 00:11 2111                      anon_inode:i915.gem
7fa0dd0c9000-7fa0dd0cd000 rw-s 12a5a9000 00:11 2111                      anon_inode:i915.gem
7fa0dd0cd000-7fa0dd0d1000 rw-s 12a5a5000 00:11 2111                      anon_inode:i915.gem
7fa0dd0d2000-7fa0dd0d6000 rw-s 12a5a0000 00:11 2111                      anon_inode:i915.gem
7fa0dd0d7000-7fa0dd0db000 rw-s 12a59b000 00:11 2111                      anon_inode:i915.gem
7fa0dd0df000-7fa0dd0e1000 rw-s 13713a000 00:11 2111                      anon_inode:i915.gem
7fa0dd0e3000-7fa0dd0e7000 rw-s 12a58f000 00:11 2111                      anon_inode:i915.gem
7fa0dd0e7000-7fa0dd0eb000 rw-s 12a58b000 00:11 2111                      anon_inode:i915.gem
7fa0dd0eb000-7fa0dd0ef000 rw-s 12a587000 00:11 2111                      anon_inode:i915.gem
7fa0dd0ef000-7fa0dd0f3000 rw-s 12a583000 00:11 2111                      anon_inode:i915.gem
7fa0dd0f3000-7fa0dd0f5000 rw-s 12a581000 00:11 2111                      anon_inode:i915.gem
7fa0dd0f5000-7fa0dd0f7000 rw-s 12a57f000 00:11 2111                      anon_inode:i915.gem
7fa0dd0f7000-7fa0dd0fb000 rw-s 12a57b000 00:11 2111                      anon_inode:i915.gem
7fa0dd0fb000-7fa0dd0fd000 rw-s 12a579000 00:11 2111                      anon_inode:i915.gem
7fa0dd0fd000-7fa0dd0ff000 rw-s 12a577000 00:11 2111                      anon_inode:i915.gem
7fa0dd0ff000-7fa0dd101000 rw-s 12a575000 00:11 2111                      anon_inode:i915.gem
7fa0dd101000-7fa0dd103000 rw-s 12a573000 00:11 2111                      anon_inode:i915.gem
7fa0dd103000-7fa0dd105000 rw-s 12a571000 00:11 2111                      anon_inode:i915.gem
7fa0dd105000-7fa0dd109000 rw-s 12a56d000 00:11 2111                      anon_inode:i915.gem
7fa0dd109000-7fa0dd10d000 rw-s 12a569000 00:11 2111                      anon_inode:i915.gem
7fa0dd10d000-7fa0dd111000 rw-s 12a565000 00:11 2111                      anon_inode:i915.gem
7fa0dd111000-7fa0dd113000 rw-s 12a563000 00:11 2111                      anon_inode:i915.gem
7fa0dd113000-7fa0dd115000 rw-s 12a561000 00:11 2111                      anon_inode:i915.gem
7fa0dd115000-7fa0dd117000 rw-s 12a55f000 00:11 2111                      anon_inode:i915.gem
7fa0dd117000-7fa0dd11b000 rw-s 12a55b000 00:11 2111                      anon_inode:i915.gem
7fa0dd11b000-7fa0dd11d000 rw-s 12a559000 00:11 2111                      anon_inode:i915.gem
7fa0dd11d000-7fa0dd11f000 rw-s 12a557000 00:11 2111                      anon_inode:i915.gem
7fa0dd11f000-7fa0dd121000 rw-s 12a555000 00:11 2111                      anon_inode:i915.gem
7fa0dd121000-7fa0dd125000 rw-s 12a551000 00:11 2111                      anon_inode:i915.gem
7fa0dd125000-7fa0dd129000 rw-s 12a54d000 00:11 2111                      anon_inode:i915.gem
7fa0dd129000-7fa0dd12b000 rw-s 12a54b000 00:11 2111                      anon_inode:i915.gem
7fa0dd12b000-7fa0dd12d000 rw-s 12a549000 00:11 2111                      anon_inode:i915.gem
7fa0dd12d000-7fa0dd12f000 rw-s 12a547000 00:11 2111                      anon_inode:i915.gem
7fa0dd12f000-7fa0dd131000 rw-s 12a545000 00:11 2111                      anon_inode:i915.gem
7fa0dd131000-7fa0dd133000 rw-s 12a543000 00:11 2111                      anon_inode:i915.gem
7fa0dd133000-7fa0dd135000 rw-s 12a541000 00:11 2111                      anon_inode:i915.gem
7fa0dd135000-7fa0dd139000 rw-s 12a53d000 00:11 2111                      anon_inode:i915.gem
7fa0dd139000-7fa0dd13d000 rw-s 12a539000 00:11 2111                      anon_inode:i915.gem
7fa0dd13d000-7fa0dd141000 rw-s 12a535000 00:11 2111                      anon_inode:i915.gem
7fa0dd141000-7fa0dd145000 rw-s 12a531000 00:11 2111                      anon_inode:i915.gem
7fa0dd145000-7fa0dd149000 rw-s 12a52d000 00:11 2111                      anon_inode:i915.gem
7fa0dd149000-7fa0dd14d000 rw-s 12a529000 00:11 2111                      anon_inode:i915.gem
7fa0dd14d000-7fa0dd151000 rw-s 12a525000 00:11 2111                      anon_inode:i915.gem
7fa0dd151000-7fa0dd155000 rw-s 12a521000 00:11 2111                      anon_inode:i915.gem
7fa0dd155000-7fa0dd159000 rw-s 12a51d000 00:11 2111                      anon_inode:i915.gem
7fa0dd159000-7fa0dd15d000 rw-s 12a519000 00:11 2111                      anon_inode:i915.gem
7fa0dd15d000-7fa0dd161000 rw-s 12a515000 00:11 2111                      anon_inode:i915.gem
7fa0dd161000-7fa0dd165000 rw-s 12a511000 00:11 2111                      anon_inode:i915.gem
7fa0dd165000-7fa0dd169000 rw-s 12a50d000 00:11 2111                      anon_inode:i915.gem
7fa0dd169000-7fa0dd16d000 rw-s 12a509000 00:11 2111                      anon_inode:i915.gem
7fa0dd16d000-7fa0dd171000 rw-s 12a505000 00:11 2111                      anon_inode:i915.gem
7fa0dd171000-7fa0dd175000 rw-s 12a501000 00:11 2111                      anon_inode:i915.gem
7fa0dd175000-7fa0dd179000 rw-s 12a4fd000 00:11 2111                      anon_inode:i915.gem
7fa0dd179000-7fa0dd17d000 rw-s 12a4f9000 00:11 2111                      anon_inode:i915.gem
7fa0dd17d000-7fa0dd181000 rw-s 12a4f5000 00:11 2111                      anon_inode:i915.gem
7fa0dd181000-7fa0dd189000 rw-s 12a4ed000 00:11 2111                      anon_inode:i915.gem
7fa0dd189000-7fa0dd18d000 rw-s 12a4e9000 00:11 2111                      anon_inode:i915.gem
7fa0dd18d000-7fa0dd191000 rw-s 12a4e5000 00:11 2111                      anon_inode:i915.gem
7fa0dd191000-7fa0dd195000 rw-s 12a4e1000 00:11 2111                      anon_inode:i915.gem
7fa0dd195000-7fa0dd199000 rw-s 12a4dd000 00:11 2111                      anon_inode:i915.gem
7fa0dd199000-7fa0dd19d000 rw-s 12a4d9000 00:11 2111                      anon_inode:i915.gem
7fa0dd19d000-7fa0dd1a1000 rw-s 12a4d5000 00:11 2111                      anon_inode:i915.gem
7fa0dd1a1000-7fa0dd1a5000 rw-s 12a4d1000 00:11 2111                      anon_inode:i915.gem
7fa0dd1a5000-7fa0dd1a9000 rw-s 12a4cd000 00:11 2111                      anon_inode:i915.gem
7fa0dd1a9000-7fa0dd1b1000 rw-s 12a4c5000 00:11 2111                      anon_inode:i915.gem
7fa0dd1b1000-7fa0dd1b5000 rw-s 12a4c1000 00:11 2111                      anon_inode:i915.gem
7fa0dd1b5000-7fa0dd1b9000 rw-s 12a4bd000 00:11 2111                      anon_inode:i915.gem
7fa0dd1b9000-7fa0dd1bd000 rw-s 12a4b9000 00:11 2111                      anon_inode:i915.gem
7fa0dd1bd000-7fa0dd1c1000 rw-s 12a4b5000 00:11 2111                      anon_inode:i915.gem
7fa0dd1c1000-7fa0dd1c5000 rw-s 12a4b1000 00:11 2111                      anon_inode:i915.gem
7fa0dd1c5000-7fa0dd1c9000 rw-s 12a4ad000 00:11 2111                      anon_inode:i915.gem
7fa0dd1c9000-7fa0dd1cd000 rw-s 12a4a9000 00:11 2111                      anon_inode:i915.gem
7fa0dd1cd000-7fa0dd1d1000 rw-s 12a4a5000 00:11 2111                      anon_inode:i915.gem
7fa0dd1d1000-7fa0dd1d5000 rw-s 12a4a1000 00:11 2111                      anon_inode:i915.gem
7fa0dd1d5000-7fa0dd1d9000 rw-s 12a49d000 00:11 2111                      anon_inode:i915.gem
7fa0dd1d9000-7fa0dd1dd000 rw-s 12a499000 00:11 2111                      anon_inode:i915.gem
7fa0dd1dd000-7fa0dd1e1000 rw-s 12a495000 00:11 2111                      anon_inode:i915.gem
7fa0dd1e1000-7fa0dd1e5000 rw-s 12a491000 00:11 2111                      anon_inode:i915.gem
7fa0dd1e5000-7fa0dd1e9000 rw-s 12a48d000 00:11 2111                      anon_inode:i915.gem
7fa0dd1e9000-7fa0dd1f1000 rw-s 12a485000 00:11 2111                      anon_inode:i915.gem
7fa0dd1f1000-7fa0dd1f9000 rw-s 12a47d000 00:11 2111                      anon_inode:i915.gem
7fa0dd1f9000-7fa0dd1fd000 rw-s 12a479000 00:11 2111                      anon_inode:i915.gem
7fa0dd1fd000-7fa0dd205000 rw-s 12a471000 00:11 2111                      anon_inode:i915.gem
7fa0dd205000-7fa0dd209000 rw-s 12a46d000 00:11 2111                      anon_inode:i915.gem
7fa0dd209000-7fa0dd20d000 rw-s 12a469000 00:11 2111                      anon_inode:i915.gem
7fa0dd20d000-7fa0dd211000 rw-s 12a465000 00:11 2111                      anon_inode:i915.gem
7fa0dd211000-7fa0dd215000 rw-s 12a461000 00:11 2111                      anon_inode:i915.gem
7fa0dd215000-7fa0dd219000 rw-s 12a45d000 00:11 2111                      anon_inode:i915.gem
7fa0dd219000-7fa0dd21b000 rw-s 12a45b000 00:11 2111                      anon_inode:i915.gem
7fa0dd21b000-7fa0dd21d000 rw-s 12a459000 00:11 2111                      anon_inode:i915.gem
7fa0dd21d000-7fa0dd21f000 rw-s 12a457000 00:11 2111                      anon_inode:i915.gem
7fa0dd21f000-7fa0dd223000 rw-s 12a453000 00:11 2111                      anon_inode:i915.gem
7fa0dd223000-7fa0dd227000 rw-s 12a44f000 00:11 2111                      anon_inode:i915.gem
7fa0dd227000-7fa0dd229000 rw-s 12a44d000 00:11 2111                      anon_inode:i915.gem
7fa0dd229000-7fa0dd22b000 rw-s 12a44b000 00:11 2111                      anon_inode:i915.gem
7fa0dd22b000-7fa0dd22d000 rw-s 12a449000 00:11 2111                      anon_inode:i915.gem
7fa0dd22d000-7fa0dd22f000 rw-s 12a447000 00:11 2111                      anon_inode:i915.gem
7fa0dd22f000-7fa0dd231000 rw-s 12a445000 00:11 2111                      anon_inode:i915.gem
7fa0dd231000-7fa0dd235000 rw-s 12a441000 00:11 2111                      anon_inode:i915.gem
7fa0dd235000-7fa0dd239000 rw-s 12a43d000 00:11 2111                      anon_inode:i915.gem
7fa0dd239000-7fa0dd23d000 rw-s 12a439000 00:11 2111                      anon_inode:i915.gem
7fa0dd23d000-7fa0dd241000 rw-s 12a435000 00:11 2111                      anon_inode:i915.gem
7fa0dd241000-7fa0dd245000 rw-s 12a431000 00:11 2111                      anon_inode:i915.gem
7fa0dd245000-7fa0dd247000 rw-s 12a42f000 00:11 2111                      anon_inode:i915.gem
7fa0dd247000-7fa0dd249000 rw-s 12a42d000 00:11 2111                      anon_inode:i915.gem
7fa0dd249000-7fa0dd24b000 rw-s 12a42b000 00:11 2111                      anon_inode:i915.gem
7fa0dd24b000-7fa0dd24d000 rw-s 12a429000 00:11 2111                      anon_inode:i915.gem
7fa0dd24d000-7fa0dd251000 rw-s 12a425000 00:11 2111                      anon_inode:i915.gem
7fa0dd251000-7fa0dd253000 rw-s 12a423000 00:11 2111                      anon_inode:i915.gem
7fa0dd253000-7fa0dd255000 rw-s 12a421000 00:11 2111                      anon_inode:i915.gem
7fa0dd256000-7fa0dd258000 rw-s 12a41e000 00:11 2111                      anon_inode:i915.gem
7fa0dd259000-7fa0dd25b000 rw-s 12a41b000 00:11 2111                      anon_inode:i915.gem
7fa0dd25b000-7fa0dd25f000 rw-s 12a417000 00:11 2111                      anon_inode:i915.gem
7fa0dd25f000-7fa0dd261000 rw-s 12a415000 00:11 2111                      anon_inode:i915.gem
7fa0dd261000-7fa0dd263000 rw-s 12a413000 00:11 2111                      anon_inode:i915.gem
7fa0dd263000-7fa0dd265000 rw-s 12a411000 00:11 2111                      anon_inode:i915.gem
7fa0dd265000-7fa0dd267000 rw-s 12a40f000 00:11 2111                      anon_inode:i915.gem
7fa0dd267000-7fa0dd269000 rw-s 12a40d000 00:11 2111                      anon_inode:i915.gem
7fa0dd269000-7fa0dd26b000 rw-s 12a40b000 00:11 2111                      anon_inode:i915.gem
7fa0dd26c000-7fa0dd26e000 rw-s 12a408000 00:11 2111                      anon_inode:i915.gem
7fa0dd26e000-7fa0dd272000 rw-s 12a404000 00:11 2111                      anon_inode:i915.gem
7fa0dd272000-7fa0dd274000 rw-s 12a402000 00:11 2111                      anon_inode:i915.gem
7fa0dd274000-7fa0dd276000 rw-s 12a400000 00:11 2111                      anon_inode:i915.gem
7fa0dd276000-7fa0dd278000 rw-s 12a3fe000 00:11 2111                      anon_inode:i915.gem
7fa0dd278000-7fa0dd27c000 rw-s 12a3fa000 00:11 2111                      anon_inode:i915.gem
7fa0dd27c000-7fa0dd280000 rw-s 12a3f6000 00:11 2111                      anon_inode:i915.gem
7fa0dd280000-7fa0dd284000 rw-s 12a3f2000 00:11 2111                      anon_inode:i915.gem
7fa0dd284000-7fa0dd286000 rw-s 12a3f0000 00:11 2111                      anon_inode:i915.gem
7fa0dd286000-7fa0dd28a000 rw-s 12a3ec000 00:11 2111                      anon_inode:i915.gem
7fa0dd28a000-7fa0dd28c000 rw-s 12a3ea000 00:11 2111                      anon_inode:i915.gem
7fa0dd28c000-7fa0dd28e000 rw-s 12a3e8000 00:11 2111                      anon_inode:i915.gem
7fa0dd28e000-7fa0dd290000 rw-s 12a3e6000 00:11 2111                      anon_inode:i915.gem
7fa0dd290000-7fa0dd292000 rw-s 12a3e4000 00:11 2111                      anon_inode:i915.gem
7fa0dd292000-7fa0dd294000 rw-s 12a3e2000 00:11 2111                      anon_inode:i915.gem
7fa0dd294000-7fa0dd296000 rw-s 12a3e0000 00:11 2111                      anon_inode:i915.gem
7fa0dd299000-7fa0dd29d000 rw-s 12a3d9000 00:11 2111                      anon_inode:i915.gem
7fa0dd29d000-7fa0dd29f000 rw-s 12a3d7000 00:11 2111                      anon_inode:i915.gem
7fa0dd29f000-7fa0dd2a1000 rw-s 12a3d5000 00:11 2111                      anon_inode:i915.gem
7fa0dd2a2000-7fa0dd2a4000 rw-s 12a3d2000 00:11 2111                      anon_inode:i915.gem
7fa0dd2a4000-7fa0dd2a8000 rw-s 12a3ce000 00:11 2111                      anon_inode:i915.gem
7fa0dd2ab000-7fa0dd2ad000 rw-s 12a3ca000 00:11 2111                      anon_inode:i915.gem
7fa0dd2b6000-7fa0dd2b8000 rw-s 12a3c8000 00:11 2111                      anon_inode:i915.gem
7fa0dd2b8000-7fa0dd2bc000 rw-s 12a3c4000 00:11 2111                      anon_inode:i915.gem
7fa0dd2bd000-7fa0dd2c1000 rw-s 12a3c0000 00:11 2111                      anon_inode:i915.gem
7fa0dd2c2000-7fa0dd2c4000 rw-s 12a3be000 00:11 2111                      anon_inode:i915.gem
7fa0dd2c4000-7fa0dd2c8000 rw-s 12a3ba000 00:11 2111                      anon_inode:i915.gem
7fa0dd2c8000-7fa0dd2cc000 rw-s 12a3b6000 00:11 2111                      anon_inode:i915.gem
7fa0dd2cc000-7fa0dd2d0000 rw-s 12a3b2000 00:11 2111                      anon_inode:i915.gem
7fa0dd2d0000-7fa0dd2d2000 rw-s 12a3b0000 00:11 2111                      anon_inode:i915.gem
7fa0dd2d2000-7fa0dd2d4000 rw-s 12a3ae000 00:11 2111                      anon_inode:i915.gem
7fa0dd2d6000-7fa0dd2d8000 rw-s 12a3ac000 00:11 2111                      anon_inode:i915.gem
7fa0dd2d9000-7fa0dd2db000 rw-s 136f38000 00:11 2111                      anon_inode:i915.gem
7fa0dd2db000-7fa0dd2dd000 rw-s 12a595000 00:11 2111                      anon_inode:i915.gem
7fa0dd2dd000-7fa0dd2e1000 rw-s 12a3a8000 00:11 2111                      anon_inode:i915.gem
7fa0dd2e1000-7fa0dd2e3000 rw-s 12a3a6000 00:11 2111                      anon_inode:i915.gem
7fa0dd2e4000-7fa0dd2e6000 rw-s 12a3a4000 00:11 2111                      anon_inode:i915.gem
7fa0dd2e7000-7fa0dd2ef000 rw-s 12a39c000 00:11 2111                      anon_inode:i915.gem
7fa0dd2ef000-7fa0dd2f7000 rw-s 12a394000 00:11 2111                      anon_inode:i915.gem
7fa0dd2f7000-7fa0dd2ff000 rw-s 1178ee000 00:11 2111                      anon_inode:i915.gem
7fa0dd2ff000-7fa0dd303000 rw-s 1178ea000 00:11 2111                      anon_inode:i915.gem
7fa0dd303000-7fa0dd30b000 rw-s 1178e2000 00:11 2111                      anon_inode:i915.gem
7fa0dd30b000-7fa0dd30f000 rw-s 1178de000 00:11 2111                      anon_inode:i915.gem
7fa0dd30f000-7fa0dd317000 rw-s 1178d6000 00:11 2111                      anon_inode:i915.gem
7fa0dd317000-7fa0dd31b000 rw-s 1178d2000 00:11 2111                      anon_inode:i915.gem
7fa0dd31b000-7fa0dd323000 rw-s 1178ca000 00:11 2111                      anon_inode:i915.gem
7fa0dd323000-7fa0dd32b000 rw-s 1178c2000 00:11 2111                      anon_inode:i915.gem
7fa0dd32b000-7fa0dd333000 rw-s 1178ba000 00:11 2111                      anon_inode:i915.gem
7fa0dd333000-7fa0dd33b000 rw-s 1178b2000 00:11 2111                      anon_inode:i915.gem
7fa0dd33b000-7fa0dd343000 rw-s 1178aa000 00:11 2111                      anon_inode:i915.gem
7fa0dd343000-7fa0dd34b000 rw-s 1178a2000 00:11 2111                      anon_inode:i915.gem
7fa0dd34b000-7fa0dd353000 rw-s 11789a000 00:11 2111                      anon_inode:i915.gem
7fa0dd353000-7fa0dd35b000 rw-s 117892000 00:11 2111                      anon_inode:i915.gem
7fa0dd35b000-7fa0dd363000 rw-s 11788a000 00:11 2111                      anon_inode:i915.gem
7fa0dd363000-7fa0dd36b000 rw-s 117882000 00:11 2111                      anon_inode:i915.gem
7fa0dd36b000-7fa0dd373000 rw-s 11787a000 00:11 2111                      anon_inode:i915.gem
7fa0dd373000-7fa0dd37b000 rw-s 117872000 00:11 2111                      anon_inode:i915.gem
7fa0dd37b000-7fa0dd383000 rw-s 11786a000 00:11 2111                      anon_inode:i915.gem
7fa0dd383000-7fa0dd38b000 rw-s 117862000 00:11 2111                      anon_inode:i915.gem
7fa0dd38b000-7fa0dd38f000 rw-s 11785e000 00:11 2111                      anon_inode:i915.gem
7fa0dd38f000-7fa0dd393000 rw-s 11785a000 00:11 2111                      anon_inode:i915.gem
7fa0dd393000-7fa0dd397000 rw-s 117856000 00:11 2111                      anon_inode:i915.gem
7fa0dd397000-7fa0dd39b000 rw-s 117852000 00:11 2111                      anon_inode:i915.gem
7fa0dd39b000-7fa0dd39f000 rw-s 11784e000 00:11 2111                      anon_inode:i915.gem
7fa0dd39f000-7fa0dd3a3000 rw-s 11784a000 00:11 2111                      anon_inode:i915.gem
7fa0dd3a3000-7fa0dd3a7000 rw-s 117846000 00:11 2111                      anon_inode:i915.gem
7fa0dd3a7000-7fa0dd3ab000 rw-s 117842000 00:11 2111                      anon_inode:i915.gem
7fa0dd3ab000-7fa0dd3af000 rw-s 11783e000 00:11 2111                      anon_inode:i915.gem
7fa0dd3af000-7fa0dd3b3000 rw-s 11783a000 00:11 2111                      anon_inode:i915.gem
7fa0dd3b3000-7fa0dd3bb000 rw-s 117832000 00:11 2111                      anon_inode:i915.gem
7fa0dd3bb000-7fa0dd3bf000 rw-s 11782e000 00:11 2111                      anon_inode:i915.gem
7fa0dd3bf000-7fa0dd3c3000 rw-s 11782a000 00:11 2111                      anon_inode:i915.gem
7fa0dd3c3000-7fa0dd3c7000 rw-s 117826000 00:11 2111                      anon_inode:i915.gem
7fa0dd3c7000-7fa0dd3cf000 rw-s 11781e000 00:11 2111                      anon_inode:i915.gem
7fa0dd3cf000-7fa0dd3d7000 rw-s 117816000 00:11 2111                      anon_inode:i915.gem
7fa0dd3d7000-7fa0dd3df000 rw-s 11780e000 00:11 2111                      anon_inode:i915.gem
7fa0dd3df000-7fa0dd3e7000 rw-s 117806000 00:11 2111                      anon_inode:i915.gem
7fa0dd3e7000-7fa0dd3eb000 rw-s 117802000 00:11 2111                      anon_inode:i915.gem
7fa0dd3eb000-7fa0dd3ed000 rw-s 117800000 00:11 2111                      anon_inode:i915.gem
7fa0dd3ed000-7fa0dd3f1000 rw-s 1177fc000 00:11 2111                      anon_inode:i915.gem
7fa0dd3f1000-7fa0dd3f5000 rw-s 1177f8000 00:11 2111                      anon_inode:i915.gem
7fa0dd3f5000-7fa0dd3f9000 rw-s 1177f4000 00:11 2111                      anon_inode:i915.gem
7fa0dd3f9000-7fa0dd3fd000 rw-s 1177f0000 00:11 2111                      anon_inode:i915.gem
7fa0dd3fd000-7fa0dd401000 rw-s 1177ec000 00:11 2111                      anon_inode:i915.gem
7fa0dd401000-7fa0dd403000 rw-s 1177ea000 00:11 2111                      anon_inode:i915.gem
7fa0dd403000-7fa0dd407000 rw-s 1177e6000 00:11 2111                      anon_inode:i915.gem
7fa0dd407000-7fa0dd40b000 rw-s 1177e2000 00:11 2111                      anon_inode:i915.gem
7fa0dd40b000-7fa0dd40f000 rw-s 1177de000 00:11 2111                      anon_inode:i915.gem
7fa0dd40f000-7fa0dd411000 rw-s 1177dc000 00:11 2111                      anon_inode:i915.gem
7fa0dd411000-7fa0dd415000 rw-s 1177d8000 00:11 2111                      anon_inode:i915.gem
7fa0dd415000-7fa0dd417000 rw-s 1177d6000 00:11 2111                      anon_inode:i915.gem
7fa0dd417000-7fa0dd41b000 rw-s 1177d2000 00:11 2111                      anon_inode:i915.gem
7fa0dd41b000-7fa0dd41f000 rw-s 1177ce000 00:11 2111                      anon_inode:i915.gem
7fa0dd41f000-7fa0dd421000 rw-s 1177cc000 00:11 2111                      anon_inode:i915.gem
7fa0dd421000-7fa0dd425000 rw-s 1177c6000 00:11 2111                      anon_inode:i915.gem
7fa0dd425000-7fa0dd429000 rw-s 1177c2000 00:11 2111                      anon_inode:i915.gem
7fa0dd429000-7fa0dd42d000 rw-s 1177be000 00:11 2111                      anon_inode:i915.gem
7fa0dd42d000-7fa0dd431000 rw-s 1177ba000 00:11 2111                      anon_inode:i915.gem
7fa0dd431000-7fa0dd435000 rw-s 1177b6000 00:11 2111                      anon_inode:i915.gem
7fa0dd435000-7fa0dd439000 rw-s 1177b2000 00:11 2111                      anon_inode:i915.gem
7fa0dd439000-7fa0dd43d000 rw-s 1177ae000 00:11 2111                      anon_inode:i915.gem
7fa0dd43d000-7fa0dd441000 rw-s 1177aa000 00:11 2111                      anon_inode:i915.gem
7fa0dd441000-7fa0dd445000 rw-s 1177a6000 00:11 2111                      anon_inode:i915.gem
7fa0dd445000-7fa0dd449000 rw-s 1177a2000 00:11 2111                      anon_inode:i915.gem
7fa0dd449000-7fa0dd44d000 rw-s 11779e000 00:11 2111                      anon_inode:i915.gem
7fa0dd44d000-7fa0dd451000 rw-s 11779a000 00:11 2111                      anon_inode:i915.gem
7fa0dd451000-7fa0dd455000 rw-s 117796000 00:11 2111                      anon_inode:i915.gem
7fa0dd455000-7fa0dd459000 rw-s 117792000 00:11 2111                      anon_inode:i915.gem
7fa0dd459000-7fa0dd45d000 rw-s 11778e000 00:11 2111                      anon_inode:i915.gem
7fa0dd45d000-7fa0dd461000 rw-s 11778a000 00:11 2111                      anon_inode:i915.gem
7fa0dd461000-7fa0dd465000 rw-s 117786000 00:11 2111                      anon_inode:i915.gem
7fa0dd465000-7fa0dd469000 rw-s 117782000 00:11 2111                      anon_inode:i915.gem
7fa0dd469000-7fa0dd46d000 rw-s 11777e000 00:11 2111                      anon_inode:i915.gem
7fa0dd46d000-7fa0dd471000 rw-s 11777a000 00:11 2111                      anon_inode:i915.gem
7fa0dd471000-7fa0dd479000 rw-s 117772000 00:11 2111                      anon_inode:i915.gem
7fa0dd479000-7fa0dd481000 rw-s 11776a000 00:11 2111                      anon_inode:i915.gem
7fa0dd481000-7fa0dd489000 rw-s 117762000 00:11 2111                      anon_inode:i915.gem
7fa0dd489000-7fa0dd491000 rw-s 11775a000 00:11 2111                      anon_inode:i915.gem
7fa0dd491000-7fa0dd499000 rw-s 117752000 00:11 2111                      anon_inode:i915.gem
7fa0dd499000-7fa0dd4a1000 rw-s 11774a000 00:11 2111                      anon_inode:i915.gem
7fa0dd4a1000-7fa0dd4a9000 rw-s 117742000 00:11 2111                      anon_inode:i915.gem
7fa0dd4a9000-7fa0dd4b1000 rw-s 11773a000 00:11 2111                      anon_inode:i915.gem
7fa0dd4b1000-7fa0dd4b9000 rw-s 117732000 00:11 2111                      anon_inode:i915.gem
7fa0dd4b9000-7fa0dd4c1000 rw-s 11772a000 00:11 2111                      anon_inode:i915.gem
7fa0dd4c1000-7fa0dd4c9000 rw-s 117722000 00:11 2111                      anon_inode:i915.gem
7fa0dd4c9000-7fa0dd4d1000 rw-s 11771a000 00:11 2111                      anon_inode:i915.gem
7fa0dd4d1000-7fa0dd4d9000 rw-s 117712000 00:11 2111                      anon_inode:i915.gem
7fa0dd4d9000-7fa0dd4e1000 rw-s 11770a000 00:11 2111                      anon_inode:i915.gem
7fa0dd4e1000-7fa0dd4e9000 rw-s 117702000 00:11 2111                      anon_inode:i915.gem
7fa0dd4e9000-7fa0dd4f1000 rw-s 1176fa000 00:11 2111                      anon_inode:i915.gem
7fa0dd4f1000-7fa0dd4f9000 rw-s 1176f2000 00:11 2111                      anon_inode:i915.gem
7fa0dd4f9000-7fa0dd501000 rw-s 1176ea000 00:11 2111                      anon_inode:i915.gem
7fa0dd501000-7fa0dd505000 rw-s 1176e6000 00:11 2111                      anon_inode:i915.gem
7fa0dd505000-7fa0dd50d000 rw-s 1176de000 00:11 2111                      anon_inode:i915.gem
7fa0dd50d000-7fa0dd511000 rw-s 1176da000 00:11 2111                      anon_inode:i915.gem
7fa0dd511000-7fa0dd519000 rw-s 1176d2000 00:11 2111                      anon_inode:i915.gem
7fa0dd519000-7fa0dd521000 rw-s 1176ca000 00:11 2111                      anon_inode:i915.gem
7fa0dd521000-7fa0dd525000 rw-s 1176c6000 00:11 2111                      anon_inode:i915.gem
7fa0dd525000-7fa0dd52d000 rw-s 1176be000 00:11 2111                      anon_inode:i915.gem
7fa0dd52d000-7fa0dd535000 rw-s 1176b6000 00:11 2111                      anon_inode:i915.gem
7fa0dd535000-7fa0dd53d000 rw-s 1176ae000 00:11 2111                      anon_inode:i915.gem
7fa0dd53d000-7fa0dd545000 rw-s 1176a6000 00:11 2111                      anon_inode:i915.gem
7fa0dd545000-7fa0dd54d000 rw-s 11769e000 00:11 2111                      anon_inode:i915.gem
7fa0dd54d000-7fa0dd555000 rw-s 117696000 00:11 2111                      anon_inode:i915.gem
7fa0dd555000-7fa0dd55d000 rw-s 11768e000 00:11 2111                      anon_inode:i915.gem
7fa0dd55d000-7fa0dd565000 rw-s 117686000 00:11 2111                      anon_inode:i915.gem
7fa0dd565000-7fa0dd56d000 rw-s 11767e000 00:11 2111                      anon_inode:i915.gem
7fa0dd56d000-7fa0dd571000 rw-s 11767a000 00:11 2111                      anon_inode:i915.gem
7fa0dd571000-7fa0dd575000 rw-s 117676000 00:11 2111                      anon_inode:i915.gem
7fa0dd575000-7fa0dd579000 rw-s 117672000 00:11 2111                      anon_inode:i915.gem
7fa0dd579000-7fa0dd57d000 rw-s 11766e000 00:11 2111                      anon_inode:i915.gem
7fa0dd57d000-7fa0dd581000 rw-s 11766a000 00:11 2111                      anon_inode:i915.gem
7fa0dd581000-7fa0dd589000 rw-s 117662000 00:11 2111                      anon_inode:i915.gem
7fa0dd589000-7fa0dd591000 rw-s 11765a000 00:11 2111                      anon_inode:i915.gem
7fa0dd591000-7fa0dd599000 rw-s 117652000 00:11 2111                      anon_inode:i915.gem
7fa0dd599000-7fa0dd59d000 rw-s 11764e000 00:11 2111                      anon_inode:i915.gem
7fa0dd59d000-7fa0dd5a5000 rw-s 117646000 00:11 2111                      anon_inode:i915.gem
7fa0dd5a5000-7fa0dd5a9000 rw-s 117642000 00:11 2111                      anon_inode:i915.gem
7fa0dd5a9000-7fa0dd5ad000 rw-s 11763e000 00:11 2111                      anon_inode:i915.gem
7fa0dd5ad000-7fa0dd5b1000 rw-s 10c66e000 00:11 2111                      anon_inode:i915.gem
7fa0dd5b1000-7fa0dd5b5000 rw-s 106e72000 00:11 2111                      anon_inode:i915.gem
7fa0dd5b5000-7fa0dd5bd000 rw-s 117636000 00:11 2111                      anon_inode:i915.gem
7fa0dd5bd000-7fa0dd5c5000 rw-s 11762e000 00:11 2111                      anon_inode:i915.gem
7fa0dd5c5000-7fa0dd5cd000 rw-s 117626000 00:11 2111                      anon_inode:i915.gem
7fa0dd5cd000-7fa0dd5d5000 rw-s 11761e000 00:11 2111                      anon_inode:i915.gem
7fa0dd5d5000-7fa0dd5e5000 rw-s 10ac72000 00:11 2111                      anon_inode:i915.gem
7fa0dd5e5000-7fa0dd5ed000 rw-s 117606000 00:11 2111                      anon_inode:i915.gem
7fa0dd5ed000-7fa0dd5fd000 rw-s 128966000 00:11 2111                      anon_inode:i915.gem
7fa0dd5fd000-7fa0dd61d000 rw-s 10bd2a000 00:11 2111                      anon_inode:i915.gem
7fa0dd61d000-7fa0dd62d000 rw-s 10e892000 00:11 2111                      anon_inode:i915.gem
7fa0dd62d000-7fa0dd63d000 rw-s 1281ce000 00:11 2111                      anon_inode:i915.gem
7fa0dd63d000-7fa0dd64d000 rw-s 1281be000 00:11 2111                      anon_inode:i915.gem
7fa0dd64d000-7fa0dd655000 rw-s 11759e000 00:11 2111                      anon_inode:i915.gem
7fa0dd655000-7fa0dd65d000 rw-s 117596000 00:11 2111                      anon_inode:i915.gem
7fa0dd65d000-7fa0dd665000 rw-s 11758e000 00:11 2111                      anon_inode:i915.gem
7fa0dd665000-7fa0dd66d000 rw-s 117586000 00:11 2111                      anon_inode:i915.gem
7fa0dd66d000-7fa0dd675000 rw-s 11757e000 00:11 2111                      anon_inode:i915.gem
7fa0dd675000-7fa0dd67d000 rw-s 117576000 00:11 2111                      anon_inode:i915.gem
7fa0dd67d000-7fa0dd685000 rw-s 11756e000 00:11 2111                      anon_inode:i915.gem
7fa0dd685000-7fa0dd68d000 rw-s 117566000 00:11 2111                      anon_inode:i915.gem
7fa0dd68d000-7fa0dd695000 rw-s 11755e000 00:11 2111                      anon_inode:i915.gem
7fa0dd695000-7fa0dd69d000 rw-s 117556000 00:11 2111                      anon_inode:i915.gem
7fa0dd69d000-7fa0dd6a5000 rw-s 11754e000 00:11 2111                      anon_inode:i915.gem
7fa0dd6a5000-7fa0dd6ad000 rw-s 117546000 00:11 2111                      anon_inode:i915.gem
7fa0dd6ad000-7fa0dd6b5000 rw-s 11753e000 00:11 2111                      anon_inode:i915.gem
7fa0dd6b5000-7fa0dd6bd000 rw-s 117536000 00:11 2111                      anon_inode:i915.gem
7fa0dd6bd000-7fa0dd6c5000 rw-s 11752e000 00:11 2111                      anon_inode:i915.gem
7fa0dd6c5000-7fa0dd6d5000 rw-s 119926000 00:11 2111                      anon_inode:i915.gem
7fa0dd6d5000-7fa0dd6e5000 rw-s 106c12000 00:11 2111                      anon_inode:i915.gem
7fa0dd6e5000-7fa0dd6f5000 rw-s 103d9e000 00:11 2111                      anon_inode:i915.gem
7fa0dd6f5000-7fa0dd705000 rw-s 128a36000 00:11 2111                      anon_inode:i915.gem
7fa0dd705000-7fa0dd715000 rw-s 128986000 00:11 2111                      anon_inode:i915.gem
7fa0dd715000-7fa0dd725000 rw-s 102bb8000 00:11 2111                      anon_inode:i915.gem
7fa0dd725000-7fa0dd735000 rw-s 10ac02000 00:11 2111                      anon_inode:i915.gem
7fa0dd735000-7fa0dd745000 rw-s 128a66000 00:11 2111                      anon_inode:i915.gem
7fa0dd745000-7fa0dd785000 rw-s 11746e000 00:11 2111                      anon_inode:i915.gem
7fa0dd785000-7fa0dd7c5000 rw-s 11742e000 00:11 2111                      anon_inode:i915.gem
7fa0dd7c5000-7fa0dd7cd000 rw-s 117426000 00:11 2111                      anon_inode:i915.gem
7fa0dd7cd000-7fa0dd7d5000 rw-s 11741e000 00:11 2111                      anon_inode:i915.gem
7fa0dd7d5000-7fa0dd7dd000 rw-s 117416000 00:11 2111                      anon_inode:i915.gem
7fa0dd7dd000-7fa0dd7e5000 rw-s 11740e000 00:11 2111                      anon_inode:i915.gem
7fa0dd7e5000-7fa0dd7ed000 rw-s 117406000 00:11 2111                      anon_inode:i915.gem
7fa0dd7ed000-7fa0dd7f5000 rw-s 1173fe000 00:11 2111                      anon_inode:i915.gem
7fa0dd7f5000-7fa0dd7fd000 rw-s 1173f6000 00:11 2111                      anon_inode:i915.gem
7fa0dd7fd000-7fa0dd805000 rw-s 1173ee000 00:11 2111                      anon_inode:i915.gem
7fa0dd805000-7fa0dd80d000 rw-s 1173e6000 00:11 2111                      anon_inode:i915.gem
7fa0dd80d000-7fa0dd815000 rw-s 1173de000 00:11 2111                      anon_inode:i915.gem
7fa0dd815000-7fa0dd81d000 rw-s 1173d6000 00:11 2111                      anon_inode:i915.gem
7fa0dd81d000-7fa0dd825000 rw-s 1173ce000 00:11 2111                      anon_inode:i915.gem
7fa0dd825000-7fa0dd82d000 rw-s 1173c6000 00:11 2111                      anon_inode:i915.gem
7fa0dd82d000-7fa0dd835000 rw-s 1173be000 00:11 2111                      anon_inode:i915.gem
7fa0dd835000-7fa0dd83d000 rw-s 1173b6000 00:11 2111                      anon_inode:i915.gem
7fa0dd83d000-7fa0dd845000 rw-s 1173ae000 00:11 2111                      anon_inode:i915.gem
7fa0dd845000-7fa0dd84d000 rw-s 1173a6000 00:11 2111                      anon_inode:i915.gem
7fa0dd84d000-7fa0dd855000 rw-s 11739e000 00:11 2111                      anon_inode:i915.gem
7fa0dd855000-7fa0dd85d000 rw-s 117396000 00:11 2111                      anon_inode:i915.gem
7fa0dd85d000-7fa0dd865000 rw-s 10ac92000 00:11 2111                      anon_inode:i915.gem
7fa0dd865000-7fa0dd875000 rw-s 128906000 00:11 2111                      anon_inode:i915.gem
7fa0dd875000-7fa0dd885000 rw-s 10ac42000 00:11 2111                      anon_inode:i915.gem
7fa0dd885000-7fa0dd8a5000 rw-s 128a46000 00:11 2111                      anon_inode:i915.gem
7fa0dd8a5000-7fa0dd925000 rw-s 11aad6000 00:11 2111                      anon_inode:i915.gem
7fa0dd925000-7fa0dd935000 rw-s 10ab8a000 00:11 2111                      anon_inode:i915.gem
7fa0dd935000-7fa0dd945000 rw-s 10abd2000 00:11 2111                      anon_inode:i915.gem
7fa0dd945000-7fa0dd955000 rw-s 10abc2000 00:11 2111                      anon_inode:i915.gem
7fa0dd955000-7fa0dd965000 rw-s 10e382000 00:11 2111                      anon_inode:i915.gem
7fa0dd965000-7fa0dd975000 rw-s 106e02000 00:11 2111                      anon_inode:i915.gem
7fa0dd975000-7fa0dd985000 rw-s 106df2000 00:11 2111                      anon_inode:i915.gem
7fa0dd985000-7fa0dd995000 rw-s 106de2000 00:11 2111                      anon_inode:i915.gem
7fa0dd995000-7fa0dd9a5000 rw-s 10e3a2000 00:11 2111                      anon_inode:i915.gem
7fa0dd9a5000-7fa0dd9b5000 rw-s 106ce2000 00:11 2111                      anon_inode:i915.gem
7fa0dd9b5000-7fa0dd9c5000 rw-s 106db2000 00:11 2111                      anon_inode:i915.gem
7fa0dd9c5000-7fa0dd9d5000 rw-s 106d22000 00:11 2111                      anon_inode:i915.gem
7fa0dd9d5000-7fa0dd9e5000 rw-s 10ac62000 00:11 2111                      anon_inode:i915.gem
7fa0dd9e5000-7fa0dd9f5000 rw-s 10ac52000 00:11 2111                      anon_inode:i915.gem
7fa0dd9f5000-7fa0dda05000 rw-s 10ac82000 00:11 2111                      anon_inode:i915.gem
7fa0dda05000-7fa0dda15000 rw-s 102071000 00:11 2111                      anon_inode:i915.gem
7fa0dda15000-7fa0dda25000 rw-s 102061000 00:11 2111                      anon_inode:i915.gem
7fa0dda25000-7fa0dda35000 rw-s 12a2b4000 00:11 2111                      anon_inode:i915.gem
7fa0dda35000-7fa0dda45000 rw-s 12a2a4000 00:11 2111                      anon_inode:i915.gem
7fa0dda45000-7fa0dda65000 rw-s 10c6b2000 00:11 2111                      anon_inode:i915.gem
7fa0dda65000-7fa0dda75000 rw-s 103318000 00:11 2111                      anon_inode:i915.gem
7fa0dda75000-7fa0dda85000 rw-s 103308000 00:11 2111                      anon_inode:i915.gem
7fa0dda85000-7fa0dda95000 rw-s 101c3f000 00:11 2111                      anon_inode:i915.gem
7fa0dda95000-7fa0ddaa5000 rw-s 12b7ac000 00:11 2111                      anon_inode:i915.gem
7fa0ddaa5000-7fa0ddab5000 rw-s 12b79c000 00:11 2111                      anon_inode:i915.gem
7fa0ddab5000-7fa0ddaf5000 rw-s 106d42000 00:11 2111                      anon_inode:i915.gem
7fa0ddaf5000-7fa0ddb05000 rw-s 1018ca000 00:11 2111                      anon_inode:i915.gem
7fa0ddb05000-7fa0ddb15000 rw-s 128956000 00:11 2111                      anon_inode:i915.gem
7fa0ddb15000-7fa0ddb25000 rw-s 106d92000 00:11 2111                      anon_inode:i915.gem
7fa0ddb25000-7fa0ddb35000 rw-s 106d82000 00:11 2111                      anon_inode:i915.gem
7fa0ddb35000-7fa0ddb45000 rw-s 1018da000 00:11 2111                      anon_inode:i915.gem
7fa0ddb45000-7fa0ddb55000 rw-s 128976000 00:11 2111                      anon_inode:i915.gem
7fa0ddb55000-7fa0ddb65000 rw-s 101cff000 00:11 2111                      anon_inode:i915.gem
7fa0ddb65000-7fa0ddb75000 rw-s 102ba8000 00:11 2111                      anon_inode:i915.gem
7fa0ddb75000-7fa0ddb85000 rw-s 10abe2000 00:11 2111                      anon_inode:i915.gem
7fa0ddb85000-7fa0ddb95000 rw-s 116c0d000 00:11 2111                      anon_inode:i915.gem
7fa0ddb95000-7fa0ddba5000 rw-s 1032c8000 00:11 2111                      anon_inode:i915.gem
7fa0ddba5000-7fa0ddbc5000 rw-s 1175a6000 00:11 2111                      anon_inode:i915.gem
7fa0ddbc5000-7fa0ddbd5000 rw-s 119936000 00:11 2111                      anon_inode:i915.gem
7fa0ddbd5000-7fa0ddbe5000 rw-s 10c5d6000 00:11 2111                      anon_inode:i915.gem
7fa0ddbe5000-7fa0ddbf5000 rw-s 10c5c6000 00:11 2111                      anon_inode:i915.gem
7fa0ddbf5000-7fa0ddc05000 rw-s 1288f6000 00:11 2111                      anon_inode:i915.gem
7fa0ddc05000-7fa0ddc15000 rw-s 10ac32000 00:11 2111                      anon_inode:i915.gem
7fa0ddc15000-7fa0ddc1d000 rw-s 10ac2a000 00:11 2111                      anon_inode:i915.gem
7fa0ddc1d000-7fa0ddc25000 rw-s 10ac22000 00:11 2111                      anon_inode:i915.gem
7fa0ddc25000-7fa0ddc2d000 rw-s 10ac1a000 00:11 2111                      anon_inode:i915.gem
7fa0ddc2d000-7fa0ddc35000 rw-s 10ac12000 00:11 2111                      anon_inode:i915.gem
7fa0ddc35000-7fa0ddc45000 rw-s 103368000 00:11 2111                      anon_inode:i915.gem
7fa0ddc45000-7fa0ddc55000 rw-s 103de5000 00:11 2111                      anon_inode:i915.gem
7fa0ddc55000-7fa0ddc65000 rw-s 101c4f000 00:11 2111                      anon_inode:i915.gem
7fa0ddc65000-7fa0ddc75000 rw-s 102c28000 00:11 2111                      anon_inode:i915.gem
7fa0ddc75000-7fa0ddc85000 rw-s 102c18000 00:11 2111                      anon_inode:i915.gem
7fa0ddc85000-7fa0ddc95000 rw-s 122930000 00:11 2111                      anon_inode:i915.gem
7fa0ddc95000-7fa0ddca5000 rw-s 10ead2000 00:11 2111                      anon_inode:i915.gem
7fa0ddca5000-7fa0ddcb5000 rw-s 10eac2000 00:11 2111                      anon_inode:i915.gem
7fa0ddcb5000-7fa0ddcc5000 rw-s 119916000 00:11 2111                      anon_inode:i915.gem
7fa0ddcc5000-7fa0ddcd5000 rw-s 1033b2000 00:11 2111                      anon_inode:i915.gem
7fa0ddcd5000-7fa0ddce5000 rw-s 1175f6000 00:11 2111                      anon_inode:i915.gem
7fa0ddce5000-7fa0ddcf5000 rw-s 10bd4a000 00:11 2111                      anon_inode:i915.gem
7fa0ddcf5000-7fa0ddd05000 rw-s 106bf2000 00:11 2111                      anon_inode:i915.gem
7fa0ddd05000-7fa0ddd15000 rw-s 116bfd000 00:11 2111                      anon_inode:i915.gem
7fa0ddd15000-7fa0ddd35000 rw-s 10e8a2000 00:11 2111                      anon_inode:i915.gem
7fa0ddd35000-7fa0ddf35000 rw-s 117036000 00:11 2111                      anon_inode:i915.gem
7fa0ddf35000-7fa0de135000 rw-s 116e36000 00:11 2111                      anon_inode:i915.gem
7fa0de135000-7fa0de335000 rw-s 116c36000 00:11 2111                      anon_inode:i915.gem
7fa0de335000-7fa0de735000 rw-s 10a762000 00:11 2111                      anon_inode:i915.gem
7fa0de735000-7fa0de745000 rw-s 12b7d4000 00:11 2111                      anon_inode:i915.gem
7fa0de745000-7fa0de747000 rw-s 1177ca000 00:11 2111                      anon_inode:i915.gem
7fa0de747000-7fa0de74f000 rw-s 10abaa000 00:11 2111                      anon_inode:i915.gem
7fa0de74f000-7fa0de75f000 rw-s 102e08000 00:11 2111                      anon_inode:i915.gem
7fa0de75f000-7fa0de767000 rw-s 10ab72000 00:11 2111                      anon_inode:i915.gem
7fa0de767000-7fa0de76f000 rw-s 10ab6a000 00:11 2111                      anon_inode:i915.gem
7fa0de76f000-7fa0de777000 rw-s 10ab62000 00:11 2111                      anon_inode:i915.gem
7fa0de777000-7fa0de77f000 rw-s 10c666000 00:11 2111                      anon_inode:i915.gem
7fa0de787000-7fa0de797000 rw-s 10eb70000 00:11 2111                      anon_inode:i915.gem
7fa0de79f000-7fa0de7a7000 rw-s 10c5be000 00:11 2111                      anon_inode:i915.gem
7fa0de7a7000-7fa0de7af000 rw-s 10c5b6000 00:11 2111                      anon_inode:i915.gem
7fa0de7af000-7fa0de7b7000 rw-s 10c5ae000 00:11 2111                      anon_inode:i915.gem
7fa0de7b7000-7fa0de7bf000 rw-s 10c5a6000 00:11 2111                      anon_inode:i915.gem
7fa0de7bf000-7fa0de7c7000 rw-s 10c59e000 00:11 2111                      anon_inode:i915.gem
7fa0de7c7000-7fa0de7cf000 rw-s 10c596000 00:11 2111                      anon_inode:i915.gem
7fa0de7cf000-7fa0de7d7000 rw-s 10c58e000 00:11 2111                      anon_inode:i915.gem
7fa0de7d7000-7fa0de7df000 rw-s 10c586000 00:11 2111                      anon_inode:i915.gem
7fa0de7df000-7fa0de7e7000 rw-s 10c57e000 00:11 2111                      anon_inode:i915.gem
7fa0de7e7000-7fa0de7ef000 rw-s 10c576000 00:11 2111                      anon_inode:i915.gem
7fa0de7ef000-7fa0de7f7000 rw-s 10c56e000 00:11 2111                      anon_inode:i915.gem
7fa0de7f7000-7fa0de7f9000 rw-s 105d70000 00:11 2111                      anon_inode:i915.gem
7fa0de7f9000-7fa0de7fd000 rw-s 10c56a000 00:11 2111                      anon_inode:i915.gem
7fa0de7fd000-7fa0de801000 rw-s 10c566000 00:11 2111                      anon_inode:i915.gem
7fa0de801000-7fa0de805000 rw-s 10c562000 00:11 2111                      anon_inode:i915.gem
7fa0de805000-7fa0de80d000 rw-s 105d68000 00:11 2111                      anon_inode:i915.gem
7fa0de80d000-7fa0de80f000 rw-s 105d66000 00:11 2111                      anon_inode:i915.gem
7fa0de80f000-7fa0de811000 rw-s 103e25000 00:11 2111                      anon_inode:i915.gem
7fa0de811000-7fa0de813000 rw-s 103e1e000 00:11 2111                      anon_inode:i915.gem
7fa0de813000-7fa0de817000 rw-s 105d62000 00:11 2111                      anon_inode:i915.gem
7fa0de817000-7fa0de819000 rw-s 10397e000 00:11 2111                      anon_inode:i915.gem
7fa0de819000-7fa0de821000 rw-s 105d5a000 00:11 2111                      anon_inode:i915.gem
7fa0de821000-7fa0de825000 rw-s 105d56000 00:11 2111                      anon_inode:i915.gem
7fa0de825000-7fa0de82d000 rw-s 105d4e000 00:11 2111                      anon_inode:i915.gem
7fa0de82d000-7fa0de831000 rw-s 105d4a000 00:11 2111                      anon_inode:i915.gem
7fa0de831000-7fa0de835000 rw-s 105d46000 00:11 2111                      anon_inode:i915.gem
7fa0de835000-7fa0de839000 rw-s 105d42000 00:11 2111                      anon_inode:i915.gem
7fa0de839000-7fa0de83d000 rw-s 105d3e000 00:11 2111                      anon_inode:i915.gem
7fa0de83d000-7fa0de841000 rw-s 105d3a000 00:11 2111                      anon_inode:i915.gem
7fa0de841000-7fa0de845000 rw-s 105d36000 00:11 2111                      anon_inode:i915.gem
7fa0de845000-7fa0de849000 rw-s 105d32000 00:11 2111                      anon_inode:i915.gem
7fa0de849000-7fa0de84b000 rw-s 101c3b000 00:11 2111                      anon_inode:i915.gem
7fa0de84b000-7fa0de84d000 rw-s 103e32000 00:11 2111                      anon_inode:i915.gem
7fa0de84d000-7fa0de851000 rw-s 105d2e000 00:11 2111                      anon_inode:i915.gem
7fa0de851000-7fa0de853000 rw-s 1049af000 00:11 2111                      anon_inode:i915.gem
7fa0de853000-7fa0de857000 rw-s 105d2a000 00:11 2111                      anon_inode:i915.gem
7fa0de857000-7fa0de85b000 rw-s 105d26000 00:11 2111                      anon_inode:i915.gem
7fa0de85b000-7fa0de863000 rw-s 105d1e000 00:11 2111                      anon_inode:i915.gem
7fa0de863000-7fa0de86b000 rw-s 105d16000 00:11 2111                      anon_inode:i915.gem
7fa0de86b000-7fa0de86d000 rw-s 10479a000 00:11 2111                      anon_inode:i915.gem
7fa0de86d000-7fa0de86f000 rw-s 101d2c000 00:11 2111                      anon_inode:i915.gem
7fa0de86f000-7fa0de873000 rw-s 105d12000 00:11 2111                      anon_inode:i915.gem
7fa0de873000-7fa0de875000 rw-s 106f45000 00:11 2111                      anon_inode:i915.gem
7fa0de875000-7fa0de877000 rw-s 10775f000 00:11 2111                      anon_inode:i915.gem
7fa0de877000-7fa0de87b000 rw-s 105d0e000 00:11 2111                      anon_inode:i915.gem
7fa0de87b000-7fa0de87f000 rw-s 105d0a000 00:11 2111                      anon_inode:i915.gem
7fa0de87f000-7fa0de887000 rw-s 105d02000 00:11 2111                      anon_inode:i915.gem
7fa0de887000-7fa0de889000 rw-s 103e09000 00:11 2111                      anon_inode:i915.gem
7fa0de889000-7fa0de88b000 rw-s 104105000 00:11 2111                      anon_inode:i915.gem
7fa0de88b000-7fa0de88d000 rw-s 101d64000 00:11 2111                      anon_inode:i915.gem
7fa0de88d000-7fa0de895000 rw-s 105cfa000 00:11 2111                      anon_inode:i915.gem
7fa0de895000-7fa0de89d000 rw-s 105cf2000 00:11 2111                      anon_inode:i915.gem
7fa0de89d000-7fa0de8a5000 rw-s 105cea000 00:11 2111                      anon_inode:i915.gem
7fa0de8a5000-7fa0de8a9000 rw-s 129890000 00:11 2111                      anon_inode:i915.gem
7fa0de8a9000-7fa0de8ad000 rw-s 12988c000 00:11 2111                      anon_inode:i915.gem
7fa0de8ad000-7fa0de8b5000 rw-s 129884000 00:11 2111                      anon_inode:i915.gem
7fa0de8b5000-7fa0de8b9000 rw-s 129880000 00:11 2111                      anon_inode:i915.gem
7fa0de8b9000-7fa0de8bd000 rw-s 12987c000 00:11 2111                      anon_inode:i915.gem
7fa0de8bd000-7fa0de8c1000 rw-s 129878000 00:11 2111                      anon_inode:i915.gem
7fa0de8c1000-7fa0de8c9000 rw-s 129870000 00:11 2111                      anon_inode:i915.gem
7fa0de8c9000-7fa0de8d1000 rw-s 129868000 00:11 2111                      anon_inode:i915.gem
7fa0de8d1000-7fa0de8d5000 rw-s 129864000 00:11 2111                      anon_inode:i915.gem
7fa0de8d5000-7fa0de8dd000 rw-s 12985c000 00:11 2111                      anon_inode:i915.gem
7fa0de8dd000-7fa0de8e5000 rw-s 129854000 00:11 2111                      anon_inode:i915.gem
7fa0de8e5000-7fa0de8ed000 rw-s 12984c000 00:11 2111                      anon_inode:i915.gem
7fa0de8ed000-7fa0de8f5000 rw-s 129844000 00:11 2111                      anon_inode:i915.gem
7fa0de8f5000-7fa0deaf5000 rw-s 12b594000 00:11 2111                      anon_inode:i915.gem
7fa0deaf5000-7fa0deaf6000 rw-p 00000000 00:00 0 
7fa0deaf6000-7fa0deafa000 ---p 00000000 00:00 0 
7fa0deafa000-7fa0debf7000 rw-p 00000000 00:00 0 
7fa0debf7000-7fa0debfb000 ---p 00000000 00:00 0 
7fa0debfb000-7fa0decf8000 rw-p 00000000 00:00 0 
7fa0decf8000-7fa0decfc000 ---p 00000000 00:00 0 
7fa0decfc000-7fa0dedf9000 rw-p 00000000 00:00 0 
7fa0dedf9000-7fa0dedfd000 ---p 00000000 00:00 0 
7fa0dedfd000-7fa0deef9000 rw-p 00000000 00:00 0 
7fa0deef9000-7fa0deefb000 rw-s 103972000 00:11 2111                      anon_inode:i915.gem
7fa0deefb000-7fa0deeff000 rw-s 101b86000 00:11 2111                      anon_inode:i915.gem
7fa0deeff000-7fa0def07000 rw-s 12983c000 00:11 2111                      anon_inode:i915.gem
7fa0def07000-7fa0def0f000 rw-s 129834000 00:11 2111                      anon_inode:i915.gem
7fa0def0f000-7fa0def17000 rw-s 12982c000 00:11 2111                      anon_inode:i915.gem
7fa0def17000-7fa0def1f000 rw-s 129824000 00:11 2111                      anon_inode:i915.gem
7fa0def1f000-7fa0def27000 rw-s 101b7e000 00:11 2111                      anon_inode:i915.gem
7fa0def27000-7fa0def2f000 rw-s 101b76000 00:11 2111                      anon_inode:i915.gem
7fa0def2f000-7fa0def37000 rw-s 101b6e000 00:11 2111                      anon_inode:i915.gem
7fa0def37000-7fa0def3f000 rw-s 101b66000 00:11 2111                      anon_inode:i915.gem
7fa0def3f000-7fa0def47000 rw-s 101b5e000 00:11 2111                      anon_inode:i915.gem
7fa0def47000-7fa0df147000 rw-s 129624000 00:11 2111                      anon_inode:i915.gem
7fa0df147000-7fa0df14f000 rw-s 101b56000 00:11 2111                      anon_inode:i915.gem
7fa0df14f000-7fa0df157000 rw-s 101b4e000 00:11 2111                      anon_inode:i915.gem
7fa0df157000-7fa0df15f000 rw-s 101b46000 00:11 2111                      anon_inode:i915.gem
7fa0df15f000-7fa0df167000 rw-s 101b3e000 00:11 2111                      anon_inode:i915.gem
7fa0df167000-7fa0df16b000 rw-s 101b3a000 00:11 2111                      anon_inode:i915.gem
7fa0df16b000-7fa0df16f000 rw-s 101b36000 00:11 2111                      anon_inode:i915.gem
7fa0df16f000-7fa0df173000 rw-s 101b32000 00:11 2111                      anon_inode:i915.gem
7fa0df173000-7fa0df177000 rw-s 101b2e000 00:11 2111                      anon_inode:i915.gem
7fa0df177000-7fa0df17b000 rw-s 101b2a000 00:11 2111                      anon_inode:i915.gem
7fa0df17b000-7fa0df18b000 rw-s 102e40000 00:11 2111                      anon_inode:i915.gem
7fa0df18b000-7fa0df18f000 rw-s 101b16000 00:11 2111                      anon_inode:i915.gem
7fa0df18f000-7fa0df193000 rw-s 101b12000 00:11 2111                      anon_inode:i915.gem
7fa0df193000-7fa0df197000 rw-s 101d60000 00:11 2111                      anon_inode:i915.gem
7fa0df197000-7fa0df19b000 rw-s 104101000 00:11 2111                      anon_inode:i915.gem
7fa0df19b000-7fa0df19f000 rw-s 103e05000 00:11 2111                      anon_inode:i915.gem
7fa0df19f000-7fa0df1a3000 rw-s 10775b000 00:11 2111                      anon_inode:i915.gem
7fa0df1a3000-7fa0df1a7000 rw-s 106f41000 00:11 2111                      anon_inode:i915.gem
7fa0df1a7000-7fa0df1af000 rw-s 101b0a000 00:11 2111                      anon_inode:i915.gem
7fa0df1af000-7fa0df1b3000 rw-s 101d28000 00:11 2111                      anon_inode:i915.gem
7fa0df1b3000-7fa0df1b7000 rw-s 10254c000 00:11 2111                      anon_inode:i915.gem
7fa0df1b7000-7fa0df1bb000 rw-s 103e2a000 00:11 2111                      anon_inode:i915.gem
7fa0df1bb000-7fa0df1c3000 rw-s 102e60000 00:11 2111                      anon_inode:i915.gem
7fa0df1c3000-7fa0df1cb000 rw-s 102e58000 00:11 2111                      anon_inode:i915.gem
7fa0df1cb000-7fa0df1cf000 rw-s 104462000 00:11 2111                      anon_inode:i915.gem
7fa0df1cf000-7fa0df1d3000 rw-s 10395b000 00:11 2111                      anon_inode:i915.gem
7fa0df1d3000-7fa0df1db000 rw-s 102e50000 00:11 2111                      anon_inode:i915.gem
7fa0df1db000-7fa0df1eb000 rw-s 102de8000 00:11 2111                      anon_inode:i915.gem
7fa0df1eb000-7fa0df1f3000 rw-s 102e38000 00:11 2111                      anon_inode:i915.gem
7fa0df1f3000-7fa0df1f7000 rw-s 104170000 00:11 2111                      anon_inode:i915.gem
7fa0df1f7000-7fa0df1fb000 rw-s 116c21000 00:11 2111                      anon_inode:i915.gem
7fa0df1fb000-7fa0df1ff000 rw-s 1038a9000 00:11 2111                      anon_inode:i915.gem
7fa0df1ff000-7fa0df207000 rw-s 102e30000 00:11 2111                      anon_inode:i915.gem
7fa0df207000-7fa0df20b000 rw-s 105db0000 00:11 2111                      anon_inode:i915.gem
7fa0df20b000-7fa0df213000 rw-s 102e28000 00:11 2111                      anon_inode:i915.gem
7fa0df213000-7fa0df21b000 rw-s 102e20000 00:11 2111                      anon_inode:i915.gem
7fa0df21b000-7fa0df223000 rw-s 102e18000 00:11 2111                      anon_inode:i915.gem
7fa0df223000-7fa0df233000 rw-s 12ef94000 00:11 2111                      anon_inode:i915.gem
7fa0df233000-7fa0df23b000 rw-s 102e00000 00:11 2111                      anon_inode:i915.gem
7fa0df23b000-7fa0df243000 rw-s 102df8000 00:11 2111                      anon_inode:i915.gem
7fa0df243000-7fa0df247000 rw-s 105e6f000 00:11 2111                      anon_inode:i915.gem
7fa0df247000-7fa0df24b000 rw-s 102528000 00:11 2111                      anon_inode:i915.gem
7fa0df24b000-7fa0df24f000 rw-s 102c7d000 00:11 2111                      anon_inode:i915.gem
7fa0df24f000-7fa0df25f000 rw-s 10ab7a000 00:11 2111                      anon_inode:i915.gem
7fa0df25f000-7fa0df263000 rw-s 102cd3000 00:11 2111                      anon_inode:i915.gem
7fa0df263000-7fa0df26b000 rw-s 102c50000 00:11 2111                      anon_inode:i915.gem
7fa0df26b000-7fa0df273000 rw-s 102c48000 00:11 2111                      anon_inode:i915.gem
7fa0df273000-7fa0df277000 rw-s 102c8e000 00:11 2111                      anon_inode:i915.gem
7fa0df277000-7fa0df27b000 rw-s 101bba000 00:11 2111                      anon_inode:i915.gem
7fa0df27b000-7fa0df283000 rw-s 102c40000 00:11 2111                      anon_inode:i915.gem
7fa0df283000-7fa0df287000 rw-s 1033f2000 00:11 2111                      anon_inode:i915.gem
7fa0df287000-7fa0df28f000 rw-s 102c38000 00:11 2111                      anon_inode:i915.gem
7fa0df28f000-7fa0df29f000 rw-s 10abb2000 00:11 2111                      anon_inode:i915.gem
7fa0df29f000-7fa0df2a7000 rw-s 12b7bc000 00:11 2111                      anon_inode:i915.gem
7fa0df2a7000-7fa0df2af000 rw-s 12a30c000 00:11 2111                      anon_inode:i915.gem
7fa0df2af000-7fa0df2bf000 rw-s 128226000 00:11 2111                      anon_inode:i915.gem
7fa0df2bf000-7fa0df2c1000 rw-s 10eb66000 00:11 2111                      anon_inode:i915.gem
7fa0df2c1000-7fa0df2c3000 rw-s 10eb64000 00:11 2111                      anon_inode:i915.gem
7fa0df2c5000-7fa0df2c7000 rw-s 105a6e000 00:11 2111                      anon_inode:i915.gem
7fa0df2c7000-7fa0df2c9000 rw-s 105a6c000 00:11 2111                      anon_inode:i915.gem
7fa0df2c9000-7fa0df2cb000 rw-s 117913000 00:11 2111                      anon_inode:i915.gem
7fa0df2cb000-7fa0df2cf000 rw-s 105a68000 00:11 2111                      anon_inode:i915.gem
7fa0df2cf000-7fa0df2df000 rw-s 105a58000 00:11 2111                      anon_inode:i915.gem
7fa0df2df000-7fa0df2e7000 rw-s 12a304000 00:11 2111                      anon_inode:i915.gem
7fa0df2e7000-7fa0df327000 rw-s 102bd8000 00:11 2111                      anon_inode:i915.gem
7fa0df327000-7fa0df367000 rw-s 12a2c4000 00:11 2111                      anon_inode:i915.gem
7fa0df368000-7fa0df370000 rw-s 105a50000 00:11 2111                      anon_inode:i915.gem
7fa0df372000-7fa0df374000 rw-s 11790f000 00:11 2111                      anon_inode:i915.gem
7fa0df374000-7fa0df376000 rw-s 11790d000 00:11 2111                      anon_inode:i915.gem
7fa0df376000-7fa0df378000 rw-s 11790b000 00:11 2111                      anon_inode:i915.gem
7fa0df378000-7fa0df37a000 rw-s 117909000 00:11 2111                      anon_inode:i915.gem
7fa0df37a000-7fa0df37c000 rw-s 117907000 00:11 2111                      anon_inode:i915.gem
7fa0df37c000-7fa0df380000 rw-s 117903000 00:11 2111                      anon_inode:i915.gem
7fa0df382000-7fa0df384000 rw-s 1178ff000 00:11 2111                      anon_inode:i915.gem
7fa0df387000-7fa0df3c7000 rw-s 103328000 00:11 2111                      anon_inode:i915.gem
7fa0df3cd000-7fa0df3dd000 rw-s 11760e000 00:11 2111                      anon_inode:i915.gem
7fa0df3dd000-7fa0df3df000 rw-s 103e7f000 00:11 2111                      anon_inode:i915.gem
7fa0df3e7000-7fa0df427000 rw-s 10410f000 00:11 2111                      anon_inode:i915.gem
7fa0df42b000-7fa0df42d000 rw-s 103e71000 00:11 2111                      anon_inode:i915.gem
7fa0df432000-7fa0df434000 rw-s 1033db000 00:11 2111                      anon_inode:i915.gem
7fa0df43f000-7fa0df441000 rw-s 1033d8000 00:11 2111                      anon_inode:i915.gem
7fa0df441000-7fa0df443000 rw-s 1033d6000 00:11 2111                      anon_inode:i915.gem
7fa0df443000-7fa0df445000 rw-s 1033d4000 00:11 2111                      anon_inode:i915.gem
7fa0df445000-7fa0df447000 rw-s 1033d2000 00:11 2111                      anon_inode:i915.gem
7fa0df447000-7fa0df44f000 rw-s 12b794000 00:11 2111                      anon_inode:i915.gem
7fa0df44f000-7fa0df457000 rw-s 10445a000 00:11 2111                      anon_inode:i915.gem
7fa0df457000-7fa0df45f000 rw-s 104452000 00:11 2111                      anon_inode:i915.gem
7fa0df45f000-7fa0df467000 rw-s 10444a000 00:11 2111                      anon_inode:i915.gem
7fa0df467000-7fa0df46f000 rw-s 104442000 00:11 2111                      anon_inode:i915.gem
7fa0df46f000-7fa0df477000 rw-s 10443a000 00:11 2111                      anon_inode:i915.gem
7fa0df477000-7fa0df47f000 rw-s 101d20000 00:11 2111                      anon_inode:i915.gem
7fa0df47f000-7fa0df487000 rw-s 106f39000 00:11 2111                      anon_inode:i915.gem
7fa0df487000-7fa0df497000 rw-s 10442a000 00:11 2111                      anon_inode:i915.gem
7fa0df497000-7fa0df49f000 rw-s 105e67000 00:11 2111                      anon_inode:i915.gem
7fa0df49f000-7fa0df4a7000 rw-s 105da8000 00:11 2111                      anon_inode:i915.gem
7fa0df4a7000-7fa0df4b7000 rw-s 101b1a000 00:11 2111                      anon_inode:i915.gem
7fa0df4b7000-7fa0df6b7000 rw-s 10422a000 00:11 2111                      anon_inode:i915.gem
7fa0df6b9000-7fa0df6c9000 rw-s 1032d8000 00:11 2111                      anon_inode:i915.gem
7fa0df6c9000-7fa0df6d9000 rw-s 10abf2000 00:11 2111                      anon_inode:i915.gem
7fa0df6d9000-7fa0df6f9000 rw-s 119946000 00:11 2111                      anon_inode:i915.gem
7fa0df6f9000-7fa0df8fb000 rw-p 00000000 00:00 0 
7fa0df8fb000-7fa0dfafb000 rw-s 10c362000 00:11 2111                      anon_inode:i915.gem
7fa0dfafb000-7fa0e1c00000 rw-p 00000000 00:00 0 
7fa0e1c00000-7fa0e1e01000 rw-s 00000000 00:23 12600862                   /home/mirtemir/.cache/mesa_shader_cache/index
7fa0e1e01000-7fa0e1e03000 rw-s 103616000 00:11 2111                      anon_inode:i915.gem
7fa0e1e03000-7fa0e1e07000 rw-s 101d69000 00:11 2111                      anon_inode:i915.gem
7fa0e1e07000-7fa0e1e17000 rw-s 103e81000 00:11 2111                      anon_inode:i915.gem
7fa0e1e17000-7fa0e1e1f000 rw-s 101d0f000 00:11 2111                      anon_inode:i915.gem
7fa0e1e1f000-7fa0e1e2f000 rw-s 12b7c4000 00:11 2111                      anon_inode:i915.gem
7fa0e1e2f000-7fa0e1e6f000 rw-s 116bbd000 00:11 2111                      anon_inode:i915.gem
7fa0e1e6f000-7fa0e1eaf000 rw-s 105410000 00:11 2111                      anon_inode:i915.gem
7fa0e1eaf000-7fa0e1ebf000 rw-s 103e0e000 00:11 2111                      anon_inode:i915.gem
7fa0e1ebf000-7fa0e1ec3000 rw-s 103927000 00:11 2111                      anon_inode:i915.gem
7fa0e1ec3000-7fa0e1ec7000 rw-s 102522000 00:11 2111                      anon_inode:i915.gem
7fa0e1ec7000-7fa0e1ecf000 rw-s 103911000 00:11 2111                      anon_inode:i915.gem
7fa0e1ecf000-7fa0e1edf000 rw-s 101bec000 00:11 2111                      anon_inode:i915.gem
7fa0e1edf000-7fa0e1eff000 rw-s 105cca000 00:11 2111                      anon_inode:i915.gem
7fa0e1eff000-7fa0e2000000 rw-p 00000000 00:00 0 
7fa0e2000000-7fa0e2200000 rw-s 12a0a4000 00:11 2111                      anon_inode:i915.gem
7fa0e2200000-7fa0e4194000 r--p 00000000 00:23 22647                      /usr/lib/libicudata.so.78.3
7fa0e4194000-7fa0e4195000 r--p 01f93000 00:23 22647                      /usr/lib/libicudata.so.78.3
7fa0e4196000-7fa0e4198000 rw-s 106f17000 00:11 2111                      anon_inode:i915.gem
7fa0e4198000-7fa0e41a0000 rw-s 10251a000 00:11 2111                      anon_inode:i915.gem
7fa0e41a0000-7fa0e41b0000 rw-s 106f06000 00:11 2111                      anon_inode:i915.gem
7fa0e41b0000-7fa0e41d0000 rw-s 10c682000 00:11 2111                      anon_inode:i915.gem
7fa0e41d0000-7fa0e41e0000 rw-s 102eb8000 00:11 2111                      anon_inode:i915.gem
7fa0e41e0000-7fa0e4200000 rw-s 103db5000 00:11 2111                      anon_inode:i915.gem
7fa0e4200000-7fa0e4248000 r--p 00000000 00:23 22662                      /usr/lib/libicuuc.so.78.3
7fa0e4248000-7fa0e439e000 r-xp 00048000 00:23 22662                      /usr/lib/libicuuc.so.78.3
7fa0e439e000-7fa0e4438000 r--p 0019e000 00:23 22662                      /usr/lib/libicuuc.so.78.3
7fa0e4438000-7fa0e444b000 r--p 00238000 00:23 22662                      /usr/lib/libicuuc.so.78.3
7fa0e444b000-7fa0e444c000 rw-p 0024b000 00:23 22662                      /usr/lib/libicuuc.so.78.3
7fa0e444c000-7fa0e444e000 rw-p 00000000 00:00 0 
7fa0e444e000-7fa0e4450000 rw-s 104466000 00:11 2111                      anon_inode:i915.gem
7fa0e4450000-7fa0e4458000 rw-s 10391f000 00:11 2111                      anon_inode:i915.gem
7fa0e4458000-7fa0e4468000 rw-s 101b8a000 00:11 2111                      anon_inode:i915.gem
7fa0e4468000-7fa0e446a000 rw-s 103e2e000 00:11 2111                      anon_inode:i915.gem
7fa0e446a000-7fa0e446e000 rw-s 102ddc000 00:11 2111                      anon_inode:i915.gem
7fa0e446e000-7fa0e447e000 rw-s 10ab9a000 00:11 2111                      anon_inode:i915.gem
7fa0e447e000-7fa0e4486000 rw-s 104989000 00:11 2111                      anon_inode:i915.gem
7fa0e4486000-7fa0e4488000 rw-s 10477d000 00:11 2111                      anon_inode:i915.gem
7fa0e4488000-7fa0e4498000 rw-s 1033a2000 00:11 2111                      anon_inode:i915.gem
7fa0e4498000-7fa0e44a8000 rw-s 103dd5000 00:11 2111                      anon_inode:i915.gem
7fa0e44a8000-7fa0e44b8000 rw-s 105ca0000 00:11 2111                      anon_inode:i915.gem
7fa0e44b8000-7fa0e44c0000 rw-s 10ad5a000 00:11 2111                      anon_inode:i915.gem
7fa0e44c0000-7fa0e44c8000 rw-s 104792000 00:11 2111                      anon_inode:i915.gem
7fa0e44c8000-7fa0e44ca000 rw-s 1033d0000 00:11 2111                      anon_inode:i915.gem
7fa0e44ca000-7fa0e44cc000 rw-s 1033ce000 00:11 2111                      anon_inode:i915.gem
7fa0e44cc000-7fa0e44ce000 rw-s 1033cc000 00:11 2111                      anon_inode:i915.gem
7fa0e44ce000-7fa0e44d0000 rw-s 1033ca000 00:11 2111                      anon_inode:i915.gem
7fa0e44d0000-7fa0e44d2000 rw-s 1033c8000 00:11 2111                      anon_inode:i915.gem
7fa0e44d2000-7fa0e44d4000 rw-s 1033c6000 00:11 2111                      anon_inode:i915.gem
7fa0e44d4000-7fa0e44d6000 rw-s 1033c4000 00:11 2111                      anon_inode:i915.gem
7fa0e44d6000-7fa0e44d8000 rw-s 1033c2000 00:11 2111                      anon_inode:i915.gem
7fa0e44da000-7fa0e44dc000 rw-s 101bb6000 00:11 2111                      anon_inode:i915.gem
7fa0e44dc000-7fa0e44de000 rw-s 101bb4000 00:11 2111                      anon_inode:i915.gem
7fa0e44de000-7fa0e44e0000 rw-s 101bb2000 00:11 2111                      anon_inode:i915.gem
7fa0e44e0000-7fa0e44e2000 rw-s 101bb0000 00:11 2111                      anon_inode:i915.gem
7fa0e44e2000-7fa0e44e4000 rw-s 101bae000 00:11 2111                      anon_inode:i915.gem
7fa0e44e4000-7fa0e44e6000 rw-s 101bac000 00:11 2111                      anon_inode:i915.gem
7fa0e44e6000-7fa0e44e8000 rw-s 101baa000 00:11 2111                      anon_inode:i915.gem
7fa0e44e8000-7fa0e44f0000 rw-s 1049a7000 00:11 2111                      anon_inode:i915.gem
7fa0e44f0000-7fa0e44f8000 rw-s 1020f2000 00:11 2111                      anon_inode:i915.gem
7fa0e44f8000-7fa0e4500000 rw-s 1040c3000 00:11 2111                      anon_inode:i915.gem
7fa0e4500000-7fa0e4504000 rw-s 101bc8000 00:11 2111                      anon_inode:i915.gem
7fa0e4504000-7fa0e450c000 rw-s 105f16000 00:11 2111                      anon_inode:i915.gem
7fa0e450c000-7fa0e451c000 rw-s 105d98000 00:11 2111                      anon_inode:i915.gem
7fa0e451c000-7fa0e4520000 rw-s 101bc2000 00:11 2111                      anon_inode:i915.gem
7fa0e4520000-7fa0e4528000 rw-s 105cc0000 00:11 2111                      anon_inode:i915.gem
7fa0e4528000-7fa0e4538000 rw-s 10394b000 00:11 2111                      anon_inode:i915.gem
7fa0e4538000-7fa0e4578000 rw-s 10446c000 00:11 2111                      anon_inode:i915.gem
7fa0e4578000-7fa0e4585000 r--p 00000000 00:23 5102                       /usr/lib/libncursesw.so.6.6
7fa0e4585000-7fa0e45dd000 r-xp 0000d000 00:23 5102                       /usr/lib/libncursesw.so.6.6
7fa0e45dd000-7fa0e45f5000 r--p 00065000 00:23 5102                       /usr/lib/libncursesw.so.6.6
7fa0e45f5000-7fa0e45fa000 r--p 0007c000 00:23 5102                       /usr/lib/libncursesw.so.6.6
7fa0e45fa000-7fa0e45fb000 rw-p 00081000 00:23 5102                       /usr/lib/libncursesw.so.6.6
7fa0e45fb000-7fa0e45fd000 r--p 00000000 00:23 126494                     /usr/lib/libpciaccess.so.0.11.1
7fa0e45fd000-7fa0e4602000 r-xp 00002000 00:23 126494                     /usr/lib/libpciaccess.so.0.11.1
7fa0e4602000-7fa0e4604000 r--p 00007000 00:23 126494                     /usr/lib/libpciaccess.so.0.11.1
7fa0e4604000-7fa0e4605000 r--p 00008000 00:23 126494                     /usr/lib/libpciaccess.so.0.11.1
7fa0e4605000-7fa0e4606000 rw-p 00009000 00:23 126494                     /usr/lib/libpciaccess.so.0.11.1
7fa0e4606000-7fa0e4620000 r--p 00000000 00:23 713814                     /usr/lib/libxml2.so.16.1.3
7fa0e4620000-7fa0e471e000 r-xp 0001a000 00:23 713814                     /usr/lib/libxml2.so.16.1.3
7fa0e471e000-7fa0e4765000 r--p 00118000 00:23 713814                     /usr/lib/libxml2.so.16.1.3
7fa0e4765000-7fa0e476e000 r--p 0015f000 00:23 713814                     /usr/lib/libxml2.so.16.1.3
7fa0e476e000-7fa0e476f000 rw-p 00168000 00:23 713814                     /usr/lib/libxml2.so.16.1.3
7fa0e476f000-7fa0e4770000 rw-p 00000000 00:00 0 
7fa0e4770000-7fa0e4776000 r--p 00000000 00:23 1298937                    /usr/lib/libedit.so.0.0.78
7fa0e4776000-7fa0e47a7000 r-xp 00006000 00:23 1298937                    /usr/lib/libedit.so.0.0.78
7fa0e47a7000-7fa0e47b5000 r--p 00037000 00:23 1298937                    /usr/lib/libedit.so.0.0.78
7fa0e47b5000-7fa0e47b8000 r--p 00044000 00:23 1298937                    /usr/lib/libedit.so.0.0.78
7fa0e47b8000-7fa0e47b9000 rw-p 00047000 00:23 1298937                    /usr/lib/libedit.so.0.0.78
7fa0e47b9000-7fa0e47bc000 rw-p 00000000 00:00 0 
7fa0e47bc000-7fa0e47be000 r--p 00000000 00:23 3183693                    /usr/lib/libffi.so.8.5.0
7fa0e47be000-7fa0e47c7000 r-xp 00002000 00:23 3183693                    /usr/lib/libffi.so.8.5.0
7fa0e47c7000-7fa0e47c9000 r--p 0000b000 00:23 3183693                    /usr/lib/libffi.so.8.5.0
7fa0e47c9000-7fa0e47ca000 r--p 0000c000 00:23 3183693                    /usr/lib/libffi.so.8.5.0
7fa0e47ca000-7fa0e47cb000 rw-p 0000d000 00:23 3183693                    /usr/lib/libffi.so.8.5.0
7fa0e47cb000-7fa0e47ce000 r--p 00000000 00:23 1472431                    /usr/lib/libdrm_intel.so.1.134.0
7fa0e47ce000-7fa0e47e9000 r-xp 00003000 00:23 1472431                    /usr/lib/libdrm_intel.so.1.134.0
7fa0e47e9000-7fa0e47f3000 r--p 0001e000 00:23 1472431                    /usr/lib/libdrm_intel.so.1.134.0
7fa0e47f3000-7fa0e47f4000 r--p 00028000 00:23 1472431                    /usr/lib/libdrm_intel.so.1.134.0
7fa0e47f4000-7fa0e47f5000 rw-p 00029000 00:23 1472431                    /usr/lib/libdrm_intel.so.1.134.0
7fa0e47f5000-7fa0e47f8000 r--p 00000000 00:23 3186408                    /usr/lib/libelf-0.195.so
7fa0e47f8000-7fa0e480c000 r-xp 00003000 00:23 3186408                    /usr/lib/libelf-0.195.so
7fa0e480c000-7fa0e4811000 r--p 00017000 00:23 3186408                    /usr/lib/libelf-0.195.so
7fa0e4811000-7fa0e4812000 r--p 0001b000 00:23 3186408                    /usr/lib/libelf-0.195.so
7fa0e4812000-7fa0e4813000 rw-p 0001c000 00:23 3186408                    /usr/lib/libelf-0.195.so
7fa0e4813000-7fa0e482c000 r--p 00000000 00:23 3186374                    /usr/lib/libSPIRV-Tools.so
7fa0e482c000-7fa0e4975000 r-xp 00019000 00:23 3186374                    /usr/lib/libSPIRV-Tools.so
7fa0e4975000-7fa0e49fc000 r--p 00162000 00:23 3186374                    /usr/lib/libSPIRV-Tools.so
7fa0e49fc000-7fa0e49ff000 r--p 001e9000 00:23 3186374                    /usr/lib/libSPIRV-Tools.so
7fa0e49ff000-7fa0e4a00000 rw-p 001ec000 00:23 3186374                    /usr/lib/libSPIRV-Tools.so
7fa0e4a00000-7fa0e8d30000 r--p 00000000 00:23 2455173                    /usr/lib/libLLVM.so.22.1
7fa0e8d30000-7fa0ed5f2000 r-xp 0432f000 00:23 2455173                    /usr/lib/libLLVM.so.22.1
7fa0ed5f2000-7fa0ed81a000 r--p 08bf0000 00:23 2455173                    /usr/lib/libLLVM.so.22.1
7fa0ed81a000-7fa0ed824000 rw-p 08e17000 00:23 2455173                    /usr/lib/libLLVM.so.22.1
7fa0ed824000-7fa0ed8d0000 rw-p 00000000 00:00 0 
7fa0ed8d0000-7fa0ed8d2000 rw-s 102550000 00:11 2111                      anon_inode:i915.gem
7fa0ed8d2000-7fa0ed8d6000 rw-s 104965000 00:11 2111                      anon_inode:i915.gem
7fa0ed8d6000-7fa0ed8d9000 r--p 00000000 00:23 1472428                    /usr/lib/libdrm_amdgpu.so.1.134.0
7fa0ed8d9000-7fa0ed8e0000 r-xp 00003000 00:23 1472428                    /usr/lib/libdrm_amdgpu.so.1.134.0
7fa0ed8e0000-7fa0ed8e2000 r--p 0000a000 00:23 1472428                    /usr/lib/libdrm_amdgpu.so.1.134.0
7fa0ed8e2000-7fa0ed8e3000 r--p 0000c000 00:23 1472428                    /usr/lib/libdrm_amdgpu.so.1.134.0
7fa0ed8e3000-7fa0ed8e4000 rw-p 0000d000 00:23 1472428                    /usr/lib/libdrm_amdgpu.so.1.134.0
7fa0ed8e4000-7fa0ed8e7000 r--p 00000000 00:23 122707                     /usr/lib/libxcb-sync.so.1.0.0
7fa0ed8e7000-7fa0ed8ea000 r-xp 00003000 00:23 122707                     /usr/lib/libxcb-sync.so.1.0.0
7fa0ed8ea000-7fa0ed8eb000 r--p 00006000 00:23 122707                     /usr/lib/libxcb-sync.so.1.0.0
7fa0ed8eb000-7fa0ed8ec000 r--p 00007000 00:23 122707                     /usr/lib/libxcb-sync.so.1.0.0
7fa0ed8ec000-7fa0ed8ed000 rw-p 00008000 00:23 122707                     /usr/lib/libxcb-sync.so.1.0.0
7fa0ed8ed000-7fa0ed8f8000 r--p 00000000 00:23 16834                      /usr/lib/libzstd.so.1.5.7
7fa0ed8f8000-7fa0ed9e8000 r-xp 0000b000 00:23 16834                      /usr/lib/libzstd.so.1.5.7
7fa0ed9e8000-7fa0ed9fe000 r--p 000fb000 00:23 16834                      /usr/lib/libzstd.so.1.5.7
7fa0ed9fe000-7fa0ed9ff000 r--p 00110000 00:23 16834                      /usr/lib/libzstd.so.1.5.7
7fa0ed9ff000-7fa0eda00000 rw-p 00111000 00:23 16834                      /usr/lib/libzstd.so.1.5.7
7fa0eda00000-7fa0eda1a000 r--p 00000000 00:23 3186830                    /usr/lib/libgallium-26.1.6-arch3.1.so
7fa0eda1a000-7fa0ef9e3000 r-xp 0001a000 00:23 3186830                    /usr/lib/libgallium-26.1.6-arch3.1.so
7fa0ef9e3000-7fa0f0c25000 r--p 01fe3000 00:23 3186830                    /usr/lib/libgallium-26.1.6-arch3.1.so
7fa0f0c25000-7fa0f0d99000 r--p 03225000 00:23 3186830                    /usr/lib/libgallium-26.1.6-arch3.1.so
7fa0f0d99000-7fa0f0dcf000 rw-p 03399000 00:23 3186830                    /usr/lib/libgallium-26.1.6-arch3.1.so
7fa0f0dcf000-7fa0f0f9c000 rw-p 00000000 00:00 0 
7fa0f0f9d000-7fa0f0f9f000 rw-s 1040b1000 00:11 2111                      anon_inode:i915.gem
7fa0f0f9f000-7fa0f0fa6000 r--p 00000000 00:23 122686                     /usr/lib/libxcb-randr.so.0.1.0
7fa0f0fa6000-7fa0f0fac000 r-xp 00007000 00:23 122686                     /usr/lib/libxcb-randr.so.0.1.0
7fa0f0fac000-7fa0f0faf000 r--p 0000d000 00:23 122686                     /usr/lib/libxcb-randr.so.0.1.0
7fa0f0faf000-7fa0f0fb0000 r--p 00010000 00:23 122686                     /usr/lib/libxcb-randr.so.0.1.0
7fa0f0fb0000-7fa0f0fb1000 rw-p 00011000 00:23 122686                     /usr/lib/libxcb-randr.so.0.1.0
7fa0f0fb1000-7fa0f0fb3000 r--p 00000000 00:23 1205277                    /usr/lib/libsensors.so.5.0.0
7fa0f0fb3000-7fa0f0fbd000 r-xp 00002000 00:23 1205277                    /usr/lib/libsensors.so.5.0.0
7fa0f0fbd000-7fa0f0fc1000 r--p 0000c000 00:23 1205277                    /usr/lib/libsensors.so.5.0.0
7fa0f0fc1000-7fa0f0fc2000 r--p 00010000 00:23 1205277                    /usr/lib/libsensors.so.5.0.0
7fa0f0fc2000-7fa0f0fc3000 rw-p 00011000 00:23 1205277                    /usr/lib/libsensors.so.5.0.0
7fa0f0fc3000-7fa0f0fc6000 r--p 00000000 00:23 122713                     /usr/lib/libxcb-xfixes.so.0.0.0
7fa0f0fc6000-7fa0f0fc9000 r-xp 00003000 00:23 122713                     /usr/lib/libxcb-xfixes.so.0.0.0
7fa0f0fc9000-7fa0f0fca000 r--p 00006000 00:23 122713                     /usr/lib/libxcb-xfixes.so.0.0.0
7fa0f0fca000-7fa0f0fcb000 r--p 00007000 00:23 122713                     /usr/lib/libxcb-xfixes.so.0.0.0
7fa0f0fcb000-7fa0f0fcc000 rw-p 00008000 00:23 122713                     /usr/lib/libxcb-xfixes.so.0.0.0
7fa0f0fcc000-7fa0f0fce000 r--p 00000000 00:23 122677                     /usr/lib/libxcb-dri3.so.0.1.0
7fa0f0fce000-7fa0f0fd0000 r-xp 00002000 00:23 122677                     /usr/lib/libxcb-dri3.so.0.1.0
7fa0f0fd0000-7fa0f0fd1000 r--p 00004000 00:23 122677                     /usr/lib/libxcb-dri3.so.0.1.0
7fa0f0fd1000-7fa0f0fd2000 r--p 00004000 00:23 122677                     /usr/lib/libxcb-dri3.so.0.1.0
7fa0f0fd2000-7fa0f0fd3000 rw-p 00005000 00:23 122677                     /usr/lib/libxcb-dri3.so.0.1.0
7fa0f0fd3000-7fa0f0fd5000 r--p 00000000 00:23 3183318                    /usr/lib/libexpat.so.1.12.3
7fa0f0fd5000-7fa0f0ffe000 r-xp 00002000 00:23 3183318                    /usr/lib/libexpat.so.1.12.3
7fa0f0ffe000-7fa0f1007000 r--p 0002b000 00:23 3183318                    /usr/lib/libexpat.so.1.12.3
7fa0f1007000-7fa0f1009000 r--p 00033000 00:23 3183318                    /usr/lib/libexpat.so.1.12.3
7fa0f1009000-7fa0f100a000 rw-p 00035000 00:23 3183318                    /usr/lib/libexpat.so.1.12.3
7fa0f100a000-7fa0f1016000 r--p 00000000 00:23 122680                     /usr/lib/libxcb-glx.so.0.0.0
7fa0f1016000-7fa0f101f000 r-xp 0000c000 00:23 122680                     /usr/lib/libxcb-glx.so.0.0.0
7fa0f101f000-7fa0f1024000 r--p 00015000 00:23 122680                     /usr/lib/libxcb-glx.so.0.0.0
7fa0f1024000-7fa0f1026000 r--p 0001a000 00:23 122680                     /usr/lib/libxcb-glx.so.0.0.0
7fa0f1026000-7fa0f1027000 rw-p 0001c000 00:23 122680                     /usr/lib/libxcb-glx.so.0.0.0
7fa0f1027000-7fa0f102c000 r--p 00000000 00:23 1472425                    /usr/lib/libdrm.so.2.134.0
7fa0f102c000-7fa0f103a000 r-xp 00005000 00:23 1472425                    /usr/lib/libdrm.so.2.134.0
7fa0f103a000-7fa0f103e000 r--p 00013000 00:23 1472425                    /usr/lib/libdrm.so.2.134.0
7fa0f103e000-7fa0f103f000 r--p 00017000 00:23 1472425                    /usr/lib/libdrm.so.2.134.0
7fa0f103f000-7fa0f1040000 rw-p 00018000 00:23 1472425                    /usr/lib/libdrm.so.2.134.0
7fa0f1040000-7fa0f1045000 r--p 00000000 00:23 3186829                    /usr/lib/libGLX_mesa.so.0.0.0
7fa0f1045000-7fa0f1086000 r-xp 00005000 00:23 3186829                    /usr/lib/libGLX_mesa.so.0.0.0
7fa0f1086000-7fa0f1097000 r--p 00046000 00:23 3186829                    /usr/lib/libGLX_mesa.so.0.0.0
7fa0f1097000-7fa0f109b000 r--p 00056000 00:23 3186829                    /usr/lib/libGLX_mesa.so.0.0.0
7fa0f109b000-7fa0f109c000 rw-p 0005a000 00:23 3186829                    /usr/lib/libGLX_mesa.so.0.0.0
7fa0f109c000-7fa0f109e000 r--p 00000000 00:23 129281                     /usr/lib/libGLX.so.0.0.0
7fa0f109e000-7fa0f10b9000 r-xp 00002000 00:23 129281                     /usr/lib/libGLX.so.0.0.0
7fa0f10b9000-7fa0f10bc000 r--p 0001d000 00:23 129281                     /usr/lib/libGLX.so.0.0.0
7fa0f10bc000-7fa0f10bd000 r--p 00020000 00:23 129281                     /usr/lib/libGLX.so.0.0.0
7fa0f10bd000-7fa0f10be000 rw-p 00021000 00:23 129281                     /usr/lib/libGLX.so.0.0.0
7fa0f10be000-7fa0f10ce000 rw-p 00000000 00:00 0 
7fa0f10ce000-7fa0f10d0000 r--p 00000000 00:23 129284                     /usr/lib/libGLdispatch.so.0.0.0
7fa0f10d0000-7fa0f110f000 r-xp 00002000 00:23 129284                     /usr/lib/libGLdispatch.so.0.0.0
7fa0f110f000-7fa0f1122000 r--p 00041000 00:23 129284                     /usr/lib/libGLdispatch.so.0.0.0
7fa0f1122000-7fa0f113e000 r--p 00054000 00:23 129284                     /usr/lib/libGLdispatch.so.0.0.0
7fa0f113e000-7fa0f113f000 rw-p 00070000 00:23 129284                     /usr/lib/libGLdispatch.so.0.0.0
7fa0f113f000-7fa0f1147000 rw-p 00000000 00:00 0 
7fa0f1147000-7fa0f1176000 r--p 00000000 00:23 129275                     /usr/lib/libGL.so.1.7.0
7fa0f1176000-7fa0f1195000 r-xp 0002f000 00:23 129275                     /usr/lib/libGL.so.1.7.0
7fa0f1195000-7fa0f11aa000 r--p 0004e000 00:23 129275                     /usr/lib/libGL.so.1.7.0
7fa0f11aa000-7fa0f11b8000 r--p 00062000 00:23 129275                     /usr/lib/libGL.so.1.7.0
7fa0f11b8000-7fa0f11b9000 rw-p 00070000 00:23 129275                     /usr/lib/libGL.so.1.7.0
7fa0f11b9000-7fa0f11ba000 rw-p 00000000 00:00 0 
7fa0f11ba000-7fa0f11bb000 rw-p 00000000 00:00 0 
7fa0f11bb000-7fa0f11bf000 ---p 00000000 00:00 0 
7fa0f11bf000-7fa0f13e0000 rw-p 00000000 00:00 0 
7fa0f13e0000-7fa0f13e4000 ---p 00000000 00:00 0 
7fa0f13e4000-7fa0f14e0000 rw-p 00000000 00:00 0 
7fa0f14e0000-7fa0f14e9000 rw-s 00008000 00:01 10324                      /memfd:pipewire-memfd:flags=0x0000000f,type=2,size=65664 (deleted)
7fa0f14e9000-7fa0f14f2000 rw-s 00000000 00:01 10324                      /memfd:pipewire-memfd:flags=0x0000000f,type=2,size=65664 (deleted)
7fa0f14f2000-7fa0f14f4000 r--p 00000000 00:23 2614902                    /usr/lib/spa-0.2/audioconvert/libspa-audioconvert.so
7fa0f14f4000-7fa0f155d000 r-xp 00002000 00:23 2614902                    /usr/lib/spa-0.2/audioconvert/libspa-audioconvert.so
7fa0f155d000-7fa0f15ca000 r--p 0006b000 00:23 2614902                    /usr/lib/spa-0.2/audioconvert/libspa-audioconvert.so
7fa0f15ca000-7fa0f15d8000 r--p 000d8000 00:23 2614902                    /usr/lib/spa-0.2/audioconvert/libspa-audioconvert.so
7fa0f15d8000-7fa0f15db000 rw-p 000e6000 00:23 2614902                    /usr/lib/spa-0.2/audioconvert/libspa-audioconvert.so
7fa0f15db000-7fa0f25dd000 rw-p 00000000 00:00 0 
7fa0f25dd000-7fa0f25df000 r--p 00000000 00:23 2614745                    /usr/lib/pipewire-0.3/libpipewire-module-session-manager.so
7fa0f25df000-7fa0f2601000 r-xp 00002000 00:23 2614745                    /usr/lib/pipewire-0.3/libpipewire-module-session-manager.so
7fa0f2601000-7fa0f2607000 r--p 00024000 00:23 2614745                    /usr/lib/pipewire-0.3/libpipewire-module-session-manager.so
7fa0f2607000-7fa0f2609000 r--p 00029000 00:23 2614745                    /usr/lib/pipewire-0.3/libpipewire-module-session-manager.so
7fa0f2609000-7fa0f260a000 rw-p 0002b000 00:23 2614745                    /usr/lib/pipewire-0.3/libpipewire-module-session-manager.so
7fa0f260a000-7fa0f2617000 r--p 00000000 00:23 2614708                    /usr/lib/libpipewire-0.3.so.0.1608.0
7fa0f2617000-7fa0f26b4000 r-xp 0000d000 00:23 2614708                    /usr/lib/libpipewire-0.3.so.0.1608.0
7fa0f26b4000-7fa0f26d6000 r--p 000aa000 00:23 2614708                    /usr/lib/libpipewire-0.3.so.0.1608.0
7fa0f26d6000-7fa0f26ff000 r--p 000cc000 00:23 2614708                    /usr/lib/libpipewire-0.3.so.0.1608.0
7fa0f26ff000-7fa0f2700000 rw-p 000f5000 00:23 2614708                    /usr/lib/libpipewire-0.3.so.0.1608.0
7fa0f2700000-7fa0f2701000 rw-p 00000000 00:00 0 
7fa0f2701000-7fa0f2723000 r--p 00000000 00:23 2034389                    /usr/lib/libasound.so.2.0.0
7fa0f2723000-7fa0f27e6000 r-xp 00022000 00:23 2034389                    /usr/lib/libasound.so.2.0.0
7fa0f27e6000-7fa0f2819000 r--p 000e5000 00:23 2034389                    /usr/lib/libasound.so.2.0.0
7fa0f2819000-7fa0f2821000 r--p 00117000 00:23 2034389                    /usr/lib/libasound.so.2.0.0
7fa0f2821000-7fa0f2822000 rw-p 0011f000 00:23 2034389                    /usr/lib/libasound.so.2.0.0
7fa0f2822000-7fa0f2827000 r--p 00000000 00:23 3182523                    /usr/lib/libmvec.so.1
7fa0f2827000-7fa0f284a000 r-xp 00005000 00:23 3182523                    /usr/lib/libmvec.so.1
7fa0f284a000-7fa0f2921000 r--p 00028000 00:23 3182523                    /usr/lib/libmvec.so.1
7fa0f2921000-7fa0f2922000 r--p 000ff000 00:23 3182523                    /usr/lib/libmvec.so.1
7fa0f2922000-7fa0f2923000 rw-p 00100000 00:23 3182523                    /usr/lib/libmvec.so.1
7fa0f2923000-7fa0f2928000 r--p 00000000 00:23 2679537                    /usr/lib/libmp3lame.so.0.0.0
7fa0f2928000-7fa0f296c000 r-xp 00005000 00:23 2679537                    /usr/lib/libmp3lame.so.0.0.0
7fa0f296c000-7fa0f2979000 r--p 00049000 00:23 2679537                    /usr/lib/libmp3lame.so.0.0.0
7fa0f2979000-7fa0f297a000 r--p 00056000 00:23 2679537                    /usr/lib/libmp3lame.so.0.0.0
7fa0f297a000-7fa0f297b000 rw-p 00057000 00:23 2679537                    /usr/lib/libmp3lame.so.0.0.0
7fa0f297b000-7fa0f298c000 rw-p 00000000 00:00 0 
7fa0f298c000-7fa0f2990000 r--p 00000000 00:23 3188656                    /usr/lib/libmpg123.so.0.49.4
7fa0f2990000-7fa0f29e3000 r-xp 00004000 00:23 3188656                    /usr/lib/libmpg123.so.0.49.4
7fa0f29e3000-7fa0f29fe000 r--p 00057000 00:23 3188656                    /usr/lib/libmpg123.so.0.49.4
7fa0f29fe000-7fa0f29ff000 r--p 00072000 00:23 3188656                    /usr/lib/libmpg123.so.0.49.4
7fa0f29ff000-7fa0f2a00000 rw-p 00073000 00:23 3188656                    /usr/lib/libmpg123.so.0.49.4
7fa0f2a00000-7fa0f2a03000 r--p 00000000 00:23 163438                     /usr/lib/libopus.so.0.11.1
7fa0f2a03000-7fa0f2abb000 r-xp 00003000 00:23 163438                     /usr/lib/libopus.so.0.11.1
7fa0f2abb000-7fa0f2e38000 r--p 000bb000 00:23 163438                     /usr/lib/libopus.so.0.11.1
7fa0f2e38000-7fa0f2e3c000 r--p 00437000 00:23 163438                     /usr/lib/libopus.so.0.11.1
7fa0f2e3c000-7fa0f2e3d000 rw-p 0043b000 00:23 163438                     /usr/lib/libopus.so.0.11.1
7fa0f2e3e000-7fa0f2e42000 rw-s 105d74000 00:11 2111                      anon_inode:i915.gem
7fa0f2e42000-7fa0f2e4b000 rw-s 00008000 00:01 8469                       /memfd:pipewire-memfd:flags=0x0000000f,type=2,size=65664 (deleted)
7fa0f2e4b000-7fa0f2e54000 r--p 00000000 00:23 163393                     /usr/lib/libFLAC.so.14.0.0
7fa0f2e54000-7fa0f2ead000 r-xp 00009000 00:23 163393                     /usr/lib/libFLAC.so.14.0.0
7fa0f2ead000-7fa0f2eb6000 r--p 00062000 00:23 163393                     /usr/lib/libFLAC.so.14.0.0
7fa0f2eb6000-7fa0f2eb7000 r--p 0006b000 00:23 163393                     /usr/lib/libFLAC.so.14.0.0
7fa0f2eb7000-7fa0f2eb8000 rw-p 0006c000 00:23 163393                     /usr/lib/libFLAC.so.14.0.0
7fa0f2eb8000-7fa0f2ecd000 r--p 00000000 00:23 2747883                    /usr/lib/libsystemd.so.0.44.0
7fa0f2ecd000-7fa0f2fa6000 r-xp 00015000 00:23 2747883                    /usr/lib/libsystemd.so.0.44.0
7fa0f2fa6000-7fa0f2ff5000 r--p 000ee000 00:23 2747883                    /usr/lib/libsystemd.so.0.44.0
7fa0f2ff5000-7fa0f2ffe000 r--p 0013c000 00:23 2747883                    /usr/lib/libsystemd.so.0.44.0
7fa0f2ffe000-7fa0f2fff000 rw-p 00145000 00:23 2747883                    /usr/lib/libsystemd.so.0.44.0
7fa0f2fff000-7fa0f3000000 rw-p 00000000 00:00 0 
7fa0f3000000-7fa0f3055000 r-xp 00000000 00:38 402                        /tmp/libgdxmirtemir/31ce78a2/libopenal64.so
7fa0f3055000-7fa0f3254000 ---p 00055000 00:38 402                        /tmp/libgdxmirtemir/31ce78a2/libopenal64.so
7fa0f3254000-7fa0f3257000 r--p 00054000 00:38 402                        /tmp/libgdxmirtemir/31ce78a2/libopenal64.so
7fa0f3257000-7fa0f3258000 rw-p 00057000 00:38 402                        /tmp/libgdxmirtemir/31ce78a2/libopenal64.so
7fa0f3258000-7fa0f3259000 rw-p 00000000 00:00 0 
7fa0f3259000-7fa0f325a000 r--p 00000000 00:23 128960                     /usr/lib/libxshmfence.so.1.0.0
7fa0f325a000-7fa0f325b000 r-xp 00001000 00:23 128960                     /usr/lib/libxshmfence.so.1.0.0
7fa0f325b000-7fa0f325c000 r--p 00002000 00:23 128960                     /usr/lib/libxshmfence.so.1.0.0
7fa0f325c000-7fa0f325d000 r--p 00002000 00:23 128960                     /usr/lib/libxshmfence.so.1.0.0
7fa0f325d000-7fa0f325e000 rw-p 00003000 00:23 128960                     /usr/lib/libxshmfence.so.1.0.0
7fa0f325e000-7fa0f3267000 rw-s 00000000 00:01 8469                       /memfd:pipewire-memfd:flags=0x0000000f,type=2,size=65664 (deleted)
7fa0f3267000-7fa0f326a000 r--p 00000000 00:23 2614742                    /usr/lib/pipewire-0.3/libpipewire-module-protocol-native.so
7fa0f326a000-7fa0f328c000 r-xp 00003000 00:23 2614742                    /usr/lib/pipewire-0.3/libpipewire-module-protocol-native.so
7fa0f328c000-7fa0f3298000 r--p 00025000 00:23 2614742                    /usr/lib/pipewire-0.3/libpipewire-module-protocol-native.so
7fa0f3298000-7fa0f32a3000 r--p 00030000 00:23 2614742                    /usr/lib/pipewire-0.3/libpipewire-module-protocol-native.so
7fa0f32a3000-7fa0f32a4000 rw-p 0003b000 00:23 2614742                    /usr/lib/pipewire-0.3/libpipewire-module-protocol-native.so
7fa0f32a4000-7fa0f32a5000 r--p 00000000 00:23 163415                     /usr/lib/libvorbisenc.so.2.0.12
7fa0f32a5000-7fa0f32aa000 r-xp 00001000 00:23 163415                     /usr/lib/libvorbisenc.so.2.0.12
7fa0f32aa000-7fa0f3321000 r--p 00006000 00:23 163415                     /usr/lib/libvorbisenc.so.2.0.12
7fa0f3321000-7fa0f333d000 r--p 0007c000 00:23 163415                     /usr/lib/libvorbisenc.so.2.0.12
7fa0f333d000-7fa0f333e000 rw-p 00098000 00:23 163415                     /usr/lib/libvorbisenc.so.2.0.12
7fa0f333e000-7fa0f3343000 r--p 00000000 00:23 163466                     /usr/lib/libsndfile.so.1.0.37
7fa0f3343000-7fa0f33de000 r-xp 00005000 00:23 163466                     /usr/lib/libsndfile.so.1.0.37
7fa0f33de000-7fa0f33fa000 r--p 000a0000 00:23 163466                     /usr/lib/libsndfile.so.1.0.37
7fa0f33fa000-7fa0f33fd000 r--p 000bc000 00:23 163466                     /usr/lib/libsndfile.so.1.0.37
7fa0f33fd000-7fa0f33fe000 rw-p 000bf000 00:23 163466                     /usr/lib/libsndfile.so.1.0.37
7fa0f33fe000-7fa0f3400000 rw-p 00000000 00:00 0 
7fa0f3400000-7fa0f3470000 r-xp 00000000 00:38 401                        /tmp/libgdxmirtemir/31ce78a2/liblwjgl64.so
7fa0f3470000-7fa0f3670000 ---p 00070000 00:38 401                        /tmp/libgdxmirtemir/31ce78a2/liblwjgl64.so
7fa0f3670000-7fa0f3672000 r--p 00070000 00:38 401                        /tmp/libgdxmirtemir/31ce78a2/liblwjgl64.so
7fa0f3672000-7fa0f3673000 rw-p 00072000 00:38 401                        /tmp/libgdxmirtemir/31ce78a2/liblwjgl64.so
7fa0f3673000-7fa0f3674000 r--p 00000000 00:23 122683                     /usr/lib/libxcb-present.so.0.0.0
7fa0f3674000-7fa0f3675000 r-xp 00001000 00:23 122683                     /usr/lib/libxcb-present.so.0.0.0
7fa0f3675000-7fa0f3676000 r--p 00002000 00:23 122683                     /usr/lib/libxcb-present.so.0.0.0
7fa0f3676000-7fa0f3677000 r--p 00002000 00:23 122683                     /usr/lib/libxcb-present.so.0.0.0
7fa0f3677000-7fa0f3678000 rw-p 00003000 00:23 122683                     /usr/lib/libxcb-present.so.0.0.0
7fa0f3678000-7fa0f367a000 r--p 00000000 00:23 2614739                    /usr/lib/pipewire-0.3/libpipewire-module-metadata.so
7fa0f367a000-7fa0f3685000 r-xp 00002000 00:23 2614739                    /usr/lib/pipewire-0.3/libpipewire-module-metadata.so
7fa0f3685000-7fa0f3687000 r--p 0000d000 00:23 2614739                    /usr/lib/pipewire-0.3/libpipewire-module-metadata.so
7fa0f3687000-7fa0f3688000 r--p 0000e000 00:23 2614739                    /usr/lib/pipewire-0.3/libpipewire-module-metadata.so
7fa0f3688000-7fa0f3689000 rw-p 0000f000 00:23 2614739                    /usr/lib/pipewire-0.3/libpipewire-module-metadata.so
7fa0f3689000-7fa0f368b000 r--p 00000000 00:23 2614734                    /usr/lib/pipewire-0.3/libpipewire-module-adapter.so
7fa0f368b000-7fa0f368f000 r-xp 00002000 00:23 2614734                    /usr/lib/pipewire-0.3/libpipewire-module-adapter.so
7fa0f368f000-7fa0f3691000 r--p 00006000 00:23 2614734                    /usr/lib/pipewire-0.3/libpipewire-module-adapter.so
7fa0f3691000-7fa0f3692000 r--p 00007000 00:23 2614734                    /usr/lib/pipewire-0.3/libpipewire-module-adapter.so
7fa0f3692000-7fa0f3693000 rw-p 00008000 00:23 2614734                    /usr/lib/pipewire-0.3/libpipewire-module-adapter.so
7fa0f3693000-7fa0f3695000 r--p 00000000 00:23 2614735                    /usr/lib/pipewire-0.3/libpipewire-module-client-device.so
7fa0f3695000-7fa0f36a1000 r-xp 00002000 00:23 2614735                    /usr/lib/pipewire-0.3/libpipewire-module-client-device.so
7fa0f36a1000-7fa0f36a2000 r--p 0000e000 00:23 2614735                    /usr/lib/pipewire-0.3/libpipewire-module-client-device.so
7fa0f36a2000-7fa0f36a3000 r--p 0000f000 00:23 2614735                    /usr/lib/pipewire-0.3/libpipewire-module-client-device.so
7fa0f36a3000-7fa0f36a4000 rw-p 00010000 00:23 2614735                    /usr/lib/pipewire-0.3/libpipewire-module-client-device.so
7fa0f36a4000-7fa0f36a5000 rw-p 00000000 00:00 0 
7fa0f36a5000-7fa0f36a9000 ---p 00000000 00:00 0 
7fa0f36a9000-7fa0f37a6000 rw-p 00000000 00:00 0 
7fa0f37a6000-7fa0f37aa000 ---p 00000000 00:00 0 
7fa0f37aa000-7fa0f38a6000 rw-p 00000000 00:00 0 
7fa0f38a6000-7fa0f38a9000 r--p 00000000 00:23 18974                      /usr/lib/libpcre2-8.so.0.15.0
7fa0f38a9000-7fa0f393d000 r-xp 00003000 00:23 18974                      /usr/lib/libpcre2-8.so.0.15.0
7fa0f393d000-7fa0f396c000 r--p 00097000 00:23 18974                      /usr/lib/libpcre2-8.so.0.15.0
7fa0f396c000-7fa0f396d000 r--p 000c5000 00:23 18974                      /usr/lib/libpcre2-8.so.0.15.0
7fa0f396d000-7fa0f396e000 rw-p 000c6000 00:23 18974                      /usr/lib/libpcre2-8.so.0.15.0
7fa0f396e000-7fa0f398c000 r--p 00000000 00:23 3184066                    /usr/lib/libglib-2.0.so.0.8800.3
7fa0f398c000-7fa0f3a5a000 r-xp 0001e000 00:23 3184066                    /usr/lib/libglib-2.0.so.0.8800.3
7fa0f3a5a000-7fa0f3aee000 r--p 000ec000 00:23 3184066                    /usr/lib/libglib-2.0.so.0.8800.3
7fa0f3aee000-7fa0f3aef000 r--p 00180000 00:23 3184066                    /usr/lib/libglib-2.0.so.0.8800.3
7fa0f3aef000-7fa0f3af0000 rw-p 00181000 00:23 3184066                    /usr/lib/libglib-2.0.so.0.8800.3
7fa0f3af0000-7fa0f3af1000 rw-p 00000000 00:00 0 
7fa0f3af1000-7fa0f3af7000 r--p 00000000 00:23 574874                     /usr/lib/libfreetype.so.6.20.6
7fa0f3af7000-7fa0f3bcc000 r-xp 00006000 00:23 574874                     /usr/lib/libfreetype.so.6.20.6
7fa0f3bcc000-7fa0f3bf7000 r--p 000db000 00:23 574874                     /usr/lib/libfreetype.so.6.20.6
7fa0f3bf7000-7fa0f3bff000 r--p 00106000 00:23 574874                     /usr/lib/libfreetype.so.6.20.6
7fa0f3bff000-7fa0f3c00000 rw-p 0010e000 00:23 574874                     /usr/lib/libfreetype.so.6.20.6
7fa0f3c00000-7fa0f3c38000 r-xp 00000000 00:38 398                        /tmp/libgdxmirtemir/b793cc16/libgdx64.so
7fa0f3c38000-7fa0f3e37000 ---p 00038000 00:38 398                        /tmp/libgdxmirtemir/b793cc16/libgdx64.so
7fa0f3e37000-7fa0f3e38000 r--p 00037000 00:38 398                        /tmp/libgdxmirtemir/b793cc16/libgdx64.so
7fa0f3e38000-7fa0f3e39000 rw-p 00038000 00:38 398                        /tmp/libgdxmirtemir/b793cc16/libgdx64.so
7fa0f3e39000-7fa0f3e3b000 rw-s 101c34000 00:11 2111                      anon_inode:i915.gem
7fa0f3e3b000-7fa0f3e3c000 r--p 00000000 00:23 122704                     /usr/lib/libxcb-shm.so.0.0.0
7fa0f3e3c000-7fa0f3e3d000 r-xp 00001000 00:23 122704                     /usr/lib/libxcb-shm.so.0.0.0
7fa0f3e3d000-7fa0f3e3e000 r--p 00002000 00:23 122704                     /usr/lib/libxcb-shm.so.0.0.0
7fa0f3e3e000-7fa0f3e3f000 r--p 00002000 00:23 122704                     /usr/lib/libxcb-shm.so.0.0.0
7fa0f3e3f000-7fa0f3e40000 rw-p 00003000 00:23 122704                     /usr/lib/libxcb-shm.so.0.0.0
7fa0f3e40000-7fa0f3e43000 r--p 00000000 00:23 2614736                    /usr/lib/pipewire-0.3/libpipewire-module-client-node.so
7fa0f3e43000-7fa0f3e60000 r-xp 00003000 00:23 2614736                    /usr/lib/pipewire-0.3/libpipewire-module-client-node.so
7fa0f3e60000-7fa0f3e66000 r--p 00020000 00:23 2614736                    /usr/lib/pipewire-0.3/libpipewire-module-client-node.so
7fa0f3e66000-7fa0f3e68000 r--p 00025000 00:23 2614736                    /usr/lib/pipewire-0.3/libpipewire-module-client-node.so
7fa0f3e68000-7fa0f3e69000 rw-p 00027000 00:23 2614736                    /usr/lib/pipewire-0.3/libpipewire-module-client-node.so
7fa0f3e69000-7fa0f3e6b000 r--p 00000000 00:23 2614753                    /usr/lib/spa-0.2/support/libspa-support.so
7fa0f3e6b000-7fa0f3e8b000 r-xp 00002000 00:23 2614753                    /usr/lib/spa-0.2/support/libspa-support.so
7fa0f3e8b000-7fa0f3e92000 r--p 00022000 00:23 2614753                    /usr/lib/spa-0.2/support/libspa-support.so
7fa0f3e92000-7fa0f3e9a000 r--p 00029000 00:23 2614753                    /usr/lib/spa-0.2/support/libspa-support.so
7fa0f3e9a000-7fa0f3e9b000 rw-p 00031000 00:23 2614753                    /usr/lib/spa-0.2/support/libspa-support.so
7fa0f3e9b000-7fa0f3ea8000 r--p 00000000 00:23 3184335                    /usr/lib/libharfbuzz.so.0.61430.0
7fa0f3ea8000-7fa0f3fc9000 r-xp 0000d000 00:23 3184335                    /usr/lib/libharfbuzz.so.0.61430.0
7fa0f3fc9000-7fa0f3ffd000 r--p 0012e000 00:23 3184335                    /usr/lib/libharfbuzz.so.0.61430.0
7fa0f3ffd000-7fa0f3fff000 r--p 00161000 00:23 3184335                    /usr/lib/libharfbuzz.so.0.61430.0
7fa0f3fff000-7fa0f4000000 rw-p 00163000 00:23 3184335                    /usr/lib/libharfbuzz.so.0.61430.0
7fa0f4000000-7fa0f4400000 rw-p 00000000 00:00 0 
7fa0f4400000-7fa0f4900000 rw-p 00000000 00:00 0 
7fa0f4900000-7fa0f4a00000 rw-p 00000000 00:00 0 
7fa0f4a00000-7fa0f5500000 rw-p 00000000 00:00 0 
7fa0f5500000-7fa0f5590000 rw-p 00000000 00:00 0 
7fa0f5590000-7fa0f5600000 ---p 00000000 00:00 0 
7fa0f5600000-7fa0f5680000 rw-p 00000000 00:00 0 
7fa0f5680000-7fa0f5760000 rw-p 00000000 00:00 0 
7fa0f5760000-7fa0f5980000 rw-p 00000000 00:00 0 
7fa0f5980000-7fa0f5bc0000 rw-p 00000000 00:00 0 
7fa0f5bc0000-7fa0f8000000 ---p 00000000 00:00 0 
7fa0f8000000-7fa0f972b000 rw-p 00000000 00:00 0 
7fa0f972b000-7fa0fc000000 ---p 00000000 00:00 0 
7fa0fc000000-7fa0ffffd000 rw-p 00000000 00:00 0 
7fa0ffffd000-7fa100000000 ---p 00000000 00:00 0 
7fa100000000-7fa103c87000 rw-p 00000000 00:00 0 
7fa103c87000-7fa104000000 ---p 00000000 00:00 0 
7fa104000000-7fa108000000 rw-p 00000000 00:00 0 
7fa108000000-7fa109e39000 rw-p 00000000 00:00 0 
7fa109e39000-7fa10c000000 ---p 00000000 00:00 0 
7fa10c000000-7fa10ffef000 rw-p 00000000 00:00 0 
7fa10ffef000-7fa110000000 ---p 00000000 00:00 0 
7fa110000000-7fa113f38000 rw-p 00000000 00:00 0 
7fa113f38000-7fa114000000 ---p 00000000 00:00 0 
7fa114000000-7fa117f9c000 rw-p 00000000 00:00 0 
7fa117f9c000-7fa118000000 ---p 00000000 00:00 0 
7fa118000000-7fa118001000 rw-s 00000000 00:01 1546                       /memfd:xshmfence (deleted)
7fa118001000-7fa118002000 rw-s 00000000 00:01 6538                       /memfd:xshmfence (deleted)
7fa118002000-7fa118003000 r--p 00000000 00:23 125096                     /usr/lib/libX11-xcb.so.1.0.0
7fa118003000-7fa118004000 r-xp 00001000 00:23 125096                     /usr/lib/libX11-xcb.so.1.0.0
7fa118004000-7fa118005000 r--p 00002000 00:23 125096                     /usr/lib/libX11-xcb.so.1.0.0
7fa118005000-7fa118006000 r--p 00002000 00:23 125096                     /usr/lib/libX11-xcb.so.1.0.0
7fa118006000-7fa118007000 rw-p 00003000 00:23 125096                     /usr/lib/libX11-xcb.so.1.0.0
7fa118007000-7fa11800b000 r--p 00000000 00:23 163412                     /usr/lib/libvorbis.so.0.4.9
7fa11800b000-7fa11803c000 r-xp 00004000 00:23 163412                     /usr/lib/libvorbis.so.0.4.9
7fa11803c000-7fa11804e000 r--p 00035000 00:23 163412                     /usr/lib/libvorbis.so.0.4.9
7fa11804e000-7fa11804f000 r--p 00046000 00:23 163412                     /usr/lib/libvorbis.so.0.4.9
7fa11804f000-7fa118050000 rw-p 00047000 00:23 163412                     /usr/lib/libvorbis.so.0.4.9
7fa118050000-7fa11805e000 r--p 00000000 00:23 26507                      /usr/lib/libdbus-1.so.3.38.3
7fa11805e000-7fa118094000 r-xp 0000e000 00:23 26507                      /usr/lib/libdbus-1.so.3.38.3
7fa118094000-7fa1180a6000 r--p 00044000 00:23 26507                      /usr/lib/libdbus-1.so.3.38.3
7fa1180a6000-7fa1180a8000 r--p 00055000 00:23 26507                      /usr/lib/libdbus-1.so.3.38.3
7fa1180a8000-7fa1180a9000 rw-p 00057000 00:23 26507                      /usr/lib/libdbus-1.so.3.38.3
7fa1180a9000-7fa1181aa000 rw-p 00000000 00:00 0 
7fa1181aa000-7fa1181c1000 r--p 00000000 00:23 125099                     /usr/lib/libX11.so.6.4.0
7fa1181c1000-7fa118273000 r-xp 00017000 00:23 125099                     /usr/lib/libX11.so.6.4.0
7fa118273000-7fa118307000 r--p 000c9000 00:23 125099                     /usr/lib/libX11.so.6.4.0
7fa118307000-7fa11830a000 r--p 0015d000 00:23 125099                     /usr/lib/libX11.so.6.4.0
7fa11830a000-7fa11830d000 rw-p 00160000 00:23 125099                     /usr/lib/libX11.so.6.4.0
7fa11830d000-7fa11830e000 rw-p 00000000 00:00 0 
7fa11830e000-7fa118312000 r--p 00000000 00:23 2947389                    /usr/lib/jvm/java-26-openjdk/lib/libawt.so
7fa118312000-7fa1183c1000 r-xp 00004000 00:23 2947389                    /usr/lib/jvm/java-26-openjdk/lib/libawt.so
7fa1183c1000-7fa1183cf000 r--p 000b3000 00:23 2947389                    /usr/lib/jvm/java-26-openjdk/lib/libawt.so
7fa1183cf000-7fa1183d0000 r--p 000c0000 00:23 2947389                    /usr/lib/jvm/java-26-openjdk/lib/libawt.so
7fa1183d0000-7fa1183db000 rw-p 000c1000 00:23 2947389                    /usr/lib/jvm/java-26-openjdk/lib/libawt.so
7fa1183db000-7fa118400000 rw-p 00000000 00:00 0 
7fa118400000-7fa118440000 r-xp 00000000 00:38 395                        /tmp/steamworks4j/1.8.0/libsteamworks4j.so
7fa118440000-7fa11863f000 ---p 00040000 00:38 395                        /tmp/steamworks4j/1.8.0/libsteamworks4j.so
7fa11863f000-7fa118643000 r--p 0003f000 00:38 395                        /tmp/steamworks4j/1.8.0/libsteamworks4j.so
7fa118643000-7fa118644000 rw-p 00043000 00:38 395                        /tmp/steamworks4j/1.8.0/libsteamworks4j.so
7fa118644000-7fa118648000 rw-s 1040cd000 00:11 2111                      anon_inode:i915.gem
7fa118648000-7fa11864a000 r--p 00000000 00:23 2614743                    /usr/lib/pipewire-0.3/libpipewire-module-rt.so
7fa11864a000-7fa11864e000 r-xp 00002000 00:23 2614743                    /usr/lib/pipewire-0.3/libpipewire-module-rt.so
7fa11864e000-7fa118650000 r--p 00006000 00:23 2614743                    /usr/lib/pipewire-0.3/libpipewire-module-rt.so
7fa118650000-7fa118651000 r--p 00007000 00:23 2614743                    /usr/lib/pipewire-0.3/libpipewire-module-rt.so
7fa118651000-7fa118652000 rw-p 00008000 00:23 2614743                    /usr/lib/pipewire-0.3/libpipewire-module-rt.so
7fa118652000-7fa118659000 r--s 00000000 00:23 3303891                    /usr/lib/gconv/gconv-modules.cache
7fa118659000-7fa11865c000 r--p 00000000 00:23 2614883                    /usr/lib/alsa-lib/libasound_module_pcm_pipewire.so
7fa11865c000-7fa11866c000 r-xp 00003000 00:23 2614883                    /usr/lib/alsa-lib/libasound_module_pcm_pipewire.so
7fa11866c000-7fa118670000 r--p 00013000 00:23 2614883                    /usr/lib/alsa-lib/libasound_module_pcm_pipewire.so
7fa118670000-7fa118672000 r--p 00016000 00:23 2614883                    /usr/lib/alsa-lib/libasound_module_pcm_pipewire.so
7fa118672000-7fa118673000 rw-p 00018000 00:23 2614883                    /usr/lib/alsa-lib/libasound_module_pcm_pipewire.so
7fa118673000-7fa118687000 r--p 00000000 00:23 163665                     /usr/lib/pulseaudio/libpulsecommon-17.0.so
7fa118687000-7fa1186d6000 r-xp 00014000 00:23 163665                     /usr/lib/pulseaudio/libpulsecommon-17.0.so
7fa1186d6000-7fa1186fc000 r--p 00063000 00:23 163665                     /usr/lib/pulseaudio/libpulsecommon-17.0.so
7fa1186fc000-7fa1186fe000 r--p 00089000 00:23 163665                     /usr/lib/pulseaudio/libpulsecommon-17.0.so
7fa1186fe000-7fa1186ff000 rw-p 0008b000 00:23 163665                     /usr/lib/pulseaudio/libpulsecommon-17.0.so
7fa1186ff000-7fa118700000 rw-p 00000000 00:00 0 
7fa118700000-7fa118704000 ---p 00000000 00:00 0 
7fa118704000-7fa118800000 rw-p 00000000 00:00 0 
7fa118800000-7fa118846000 r-xp 00000000 00:38 393                        /tmp/steamworks4j/1.8.0/libsteam_api.so
7fa118846000-7fa118a46000 ---p 00046000 00:38 393                        /tmp/steamworks4j/1.8.0/libsteam_api.so
7fa118a46000-7fa118a4a000 r--p 00046000 00:38 393                        /tmp/steamworks4j/1.8.0/libsteam_api.so
7fa118a4a000-7fa118a4b000 rw-p 0004a000 00:38 393                        /tmp/steamworks4j/1.8.0/libsteam_api.so
7fa118a4b000-7fa118a5c000 rw-p 00000000 00:00 0 
7fa118a5d000-7fa118a5e000 rw-s 00000000 00:01 4235                       /memfd:xshmfence (deleted)
7fa118a5e000-7fa118a5f000 rw-s 00000000 00:01 6539                       /memfd:xshmfence (deleted)
7fa118a5f000-7fa118a60000 r--p 00000000 00:23 2614751                    /usr/lib/spa-0.2/support/libspa-dbus.so
7fa118a60000-7fa118a63000 r-xp 00001000 00:23 2614751                    /usr/lib/spa-0.2/support/libspa-dbus.so
7fa118a63000-7fa118a64000 r--p 00004000 00:23 2614751                    /usr/lib/spa-0.2/support/libspa-dbus.so
7fa118a64000-7fa118a65000 r--p 00005000 00:23 2614751                    /usr/lib/spa-0.2/support/libspa-dbus.so
7fa118a65000-7fa118a66000 rw-p 00006000 00:23 2614751                    /usr/lib/spa-0.2/support/libspa-dbus.so
7fa118a66000-7fa118a68000 r--p 00000000 00:23 163270                     /usr/lib/libogg.so.0.8.6
7fa118a68000-7fa118a6c000 r-xp 00002000 00:23 163270                     /usr/lib/libogg.so.0.8.6
7fa118a6c000-7fa118a6f000 r--p 00006000 00:23 163270                     /usr/lib/libogg.so.0.8.6
7fa118a6f000-7fa118a70000 r--p 00009000 00:23 163270                     /usr/lib/libogg.so.0.8.6
7fa118a70000-7fa118a71000 rw-p 0000a000 00:23 163270                     /usr/lib/libogg.so.0.8.6
7fa118a71000-7fa118a73000 r--p 00000000 00:23 163597                     /usr/lib/libasyncns.so.0.3.1
7fa118a73000-7fa118a76000 r-xp 00002000 00:23 163597                     /usr/lib/libasyncns.so.0.3.1
7fa118a76000-7fa118a77000 r--p 00005000 00:23 163597                     /usr/lib/libasyncns.so.0.3.1
7fa118a77000-7fa118a78000 r--p 00005000 00:23 163597                     /usr/lib/libasyncns.so.0.3.1
7fa118a78000-7fa118a79000 rw-p 00006000 00:23 163597                     /usr/lib/libasyncns.so.0.3.1
7fa118a79000-7fa118a85000 r--p 00000000 00:23 163660                     /usr/lib/libpulse.so.0.24.3
7fa118a85000-7fa118ab9000 r-xp 0000c000 00:23 163660                     /usr/lib/libpulse.so.0.24.3
7fa118ab9000-7fa118acf000 r--p 00040000 00:23 163660                     /usr/lib/libpulse.so.0.24.3
7fa118acf000-7fa118ad1000 r--p 00055000 00:23 163660                     /usr/lib/libpulse.so.0.24.3
7fa118ad1000-7fa118ad2000 rw-p 00057000 00:23 163660                     /usr/lib/libpulse.so.0.24.3
7fa118ad2000-7fa118ad3000 r--p 00000000 00:23 128971                     /usr/lib/libXxf86vm.so.1.0.0
7fa118ad3000-7fa118ad7000 r-xp 00001000 00:23 128971                     /usr/lib/libXxf86vm.so.1.0.0
7fa118ad7000-7fa118ad8000 r--p 00005000 00:23 128971                     /usr/lib/libXxf86vm.so.1.0.0
7fa118ad8000-7fa118ad9000 r--p 00005000 00:23 128971                     /usr/lib/libXxf86vm.so.1.0.0
7fa118ad9000-7fa118ada000 rw-p 00006000 00:23 128971                     /usr/lib/libXxf86vm.so.1.0.0
7fa118ada000-7fa118adc000 r--p 00000000 00:23 145770                     /usr/lib/libXrandr.so.2.2.0
7fa118adc000-7fa118ae5000 r-xp 00002000 00:23 145770                     /usr/lib/libXrandr.so.2.2.0
7fa118ae5000-7fa118ae7000 r--p 0000b000 00:23 145770                     /usr/lib/libXrandr.so.2.2.0
7fa118ae7000-7fa118ae8000 r--p 0000c000 00:23 145770                     /usr/lib/libXrandr.so.2.2.0
7fa118ae8000-7fa118ae9000 rw-p 0000d000 00:23 145770                     /usr/lib/libXrandr.so.2.2.0
7fa118ae9000-7fa118aec000 r--p 00000000 00:23 145671                     /usr/lib/libXcursor.so.1.0.2
7fa118aec000-7fa118af3000 r-xp 00003000 00:23 145671                     /usr/lib/libXcursor.so.1.0.2
7fa118af3000-7fa118af5000 r--p 0000a000 00:23 145671                     /usr/lib/libXcursor.so.1.0.2
7fa118af5000-7fa118af6000 r--p 0000b000 00:23 145671                     /usr/lib/libXcursor.so.1.0.2
7fa118af6000-7fa118af7000 rw-p 0000c000 00:23 145671                     /usr/lib/libXcursor.so.1.0.2
7fa118af7000-7fa118af8000 rw-p 00000000 00:00 0 
7fa118af8000-7fa118afc000 ---p 00000000 00:00 0 
7fa118afc000-7fa118bf9000 rw-p 00000000 00:00 0 
7fa118bf9000-7fa118bfd000 ---p 00000000 00:00 0 
7fa118bfd000-7fa118cfa000 rw-p 00000000 00:00 0 
7fa118cfa000-7fa118cfe000 ---p 00000000 00:00 0 
7fa118cfe000-7fa118dfb000 rw-p 00000000 00:00 0 
7fa118dfb000-7fa118dff000 ---p 00000000 00:00 0 
7fa118dff000-7fa118efc000 rw-p 00000000 00:00 0 
7fa118efc000-7fa118f00000 ---p 00000000 00:00 0 
7fa118f00000-7fa118ffd000 rw-p 00000000 00:00 0 
7fa118ffd000-7fa119001000 ---p 00000000 00:00 0 
7fa119001000-7fa1190fe000 rw-p 00000000 00:00 0 
7fa1190fe000-7fa119102000 ---p 00000000 00:00 0 
7fa119102000-7fa1191ff000 rw-p 00000000 00:00 0 
7fa1191ff000-7fa119203000 ---p 00000000 00:00 0 
7fa119203000-7fa119300000 rw-p 00000000 00:00 0 
7fa119300000-7fa119304000 ---p 00000000 00:00 0 
7fa119304000-7fa119400000 rw-p 00000000 00:00 0 
7fa119400000-7fa119966000 r--p 00000000 00:23 3303889                    /usr/lib/locale/locale-archive
7fa119966000-7fa119967000 rw-s 101cb8000 00:11 2111                      anon_inode:i915.gem
7fa119967000-7fa119968000 rw-s 101cb5000 00:11 2111                      anon_inode:i915.gem
7fa119968000-7fa119969000 rw-s 103e38000 00:11 2111                      anon_inode:i915.gem
7fa119969000-7fa11996a000 rw-s 106f58000 00:11 2111                      anon_inode:i915.gem
7fa11996a000-7fa11996c000 r--p 00000000 00:23 143878                     /usr/lib/libXfixes.so.3.1.0
7fa11996c000-7fa11996f000 r-xp 00002000 00:23 143878                     /usr/lib/libXfixes.so.3.1.0
7fa11996f000-7fa119970000 r--p 00005000 00:23 143878                     /usr/lib/libXfixes.so.3.1.0
7fa119970000-7fa119971000 r--p 00006000 00:23 143878                     /usr/lib/libXfixes.so.3.1.0
7fa119971000-7fa119972000 rw-p 00007000 00:23 143878                     /usr/lib/libXfixes.so.3.1.0
7fa119972000-7fa119973000 r--p 00000000 00:23 19847                      /usr/lib/libbrotlicommon.so.1.2.0
7fa119973000-7fa119974000 r-xp 00001000 00:23 19847                      /usr/lib/libbrotlicommon.so.1.2.0
7fa119974000-7fa119993000 r--p 00002000 00:23 19847                      /usr/lib/libbrotlicommon.so.1.2.0
7fa119993000-7fa119994000 r--p 00021000 00:23 19847                      /usr/lib/libbrotlicommon.so.1.2.0
7fa119994000-7fa119995000 rw-p 00022000 00:23 19847                      /usr/lib/libbrotlicommon.so.1.2.0
7fa119995000-7fa119996000 r--p 00000000 00:23 19850                      /usr/lib/libbrotlidec.so.1.2.0
7fa119996000-7fa1199a0000 r-xp 00001000 00:23 19850                      /usr/lib/libbrotlidec.so.1.2.0
7fa1199a0000-7fa1199a3000 r--p 0000b000 00:23 19850                      /usr/lib/libbrotlidec.so.1.2.0
7fa1199a3000-7fa1199a4000 r--p 0000d000 00:23 19850                      /usr/lib/libbrotlidec.so.1.2.0
7fa1199a4000-7fa1199a5000 rw-p 0000e000 00:23 19850                      /usr/lib/libbrotlidec.so.1.2.0
7fa1199a5000-7fa1199ab000 r--p 00000000 00:23 2272394                    /usr/lib/libpng16.so.16.58.0
7fa1199ab000-7fa1199ed000 r-xp 00006000 00:23 2272394                    /usr/lib/libpng16.so.16.58.0
7fa1199ed000-7fa1199f8000 r--p 00048000 00:23 2272394                    /usr/lib/libpng16.so.16.58.0
7fa1199f8000-7fa1199f9000 r--p 00053000 00:23 2272394                    /usr/lib/libpng16.so.16.58.0
7fa1199f9000-7fa1199fa000 rw-p 00054000 00:23 2272394                    /usr/lib/libpng16.so.16.58.0
7fa1199fa000-7fa1199fb000 rw-p 00000000 00:00 0 
7fa1199fb000-7fa1199ff000 ---p 00000000 00:00 0 
7fa1199ff000-7fa11a000000 rw-p 00000000 00:00 0 
7fa11a000000-7fa11f73d000 rw-p 00000000 00:00 0 
7fa11f73d000-7fa120000000 ---p 00000000 00:00 0 
7fa120000000-7fa1229c9000 rw-p 00000000 00:00 0 
7fa1229c9000-7fa124000000 ---p 00000000 00:00 0 
7fa124000000-7fa124001000 r--p 00000000 00:23 2614752                    /usr/lib/spa-0.2/support/libspa-journal.so
7fa124001000-7fa124003000 r-xp 00001000 00:23 2614752                    /usr/lib/spa-0.2/support/libspa-journal.so
7fa124003000-7fa124004000 r--p 00003000 00:23 2614752                    /usr/lib/spa-0.2/support/libspa-journal.so
7fa124004000-7fa124005000 r--p 00003000 00:23 2614752                    /usr/lib/spa-0.2/support/libspa-journal.so
7fa124005000-7fa124006000 rw-p 00004000 00:23 2614752                    /usr/lib/spa-0.2/support/libspa-journal.so
7fa124006000-7fa124008000 r--p 00000000 00:23 18700                      /usr/lib/libbz2.so.1.0.8
7fa124008000-7fa124015000 r-xp 00002000 00:23 18700                      /usr/lib/libbz2.so.1.0.8
7fa124015000-7fa124017000 r--p 0000f000 00:23 18700                      /usr/lib/libbz2.so.1.0.8
7fa124017000-7fa124018000 r--p 00010000 00:23 18700                      /usr/lib/libbz2.so.1.0.8
7fa124018000-7fa124019000 rw-p 00011000 00:23 18700                      /usr/lib/libbz2.so.1.0.8
7fa124019000-7fa12401c000 r--p 00000000 00:23 150814                     /usr/lib/libz.so.1.3.1.zlib-ng
7fa12401c000-7fa124046000 r-xp 00003000 00:23 150814                     /usr/lib/libz.so.1.3.1.zlib-ng
7fa124046000-7fa12404f000 r--p 0002d000 00:23 150814                     /usr/lib/libz.so.1.3.1.zlib-ng
7fa12404f000-7fa124050000 r--p 00035000 00:23 150814                     /usr/lib/libz.so.1.3.1.zlib-ng
7fa124050000-7fa124051000 rw-p 00036000 00:23 150814                     /usr/lib/libz.so.1.3.1.zlib-ng
7fa124051000-7fa12405f000 r--p 00000000 00:23 2947391                    /usr/lib/jvm/java-26-openjdk/lib/libawt_xawt.so
7fa12405f000-7fa1240a3000 r-xp 0000e000 00:23 2947391                    /usr/lib/jvm/java-26-openjdk/lib/libawt_xawt.so
7fa1240a3000-7fa1240b7000 r--p 00052000 00:23 2947391                    /usr/lib/jvm/java-26-openjdk/lib/libawt_xawt.so
7fa1240b7000-7fa1240b9000 r--p 00066000 00:23 2947391                    /usr/lib/jvm/java-26-openjdk/lib/libawt_xawt.so
7fa1240b9000-7fa1240ba000 rw-p 00068000 00:23 2947391                    /usr/lib/jvm/java-26-openjdk/lib/libawt_xawt.so
7fa1240ba000-7fa1240bb000 rw-p 00000000 00:00 0 
7fa1240bb000-7fa1240bc000 r--p 00000000 00:23 2947420                    /usr/lib/jvm/java-26-openjdk/lib/libsimdsort.so
7fa1240bc000-7fa1240f6000 r-xp 00001000 00:23 2947420                    /usr/lib/jvm/java-26-openjdk/lib/libsimdsort.so
7fa1240f6000-7fa1240fc000 r--p 0003b000 00:23 2947420                    /usr/lib/jvm/java-26-openjdk/lib/libsimdsort.so
7fa1240fc000-7fa1240fd000 r--p 00040000 00:23 2947420                    /usr/lib/jvm/java-26-openjdk/lib/libsimdsort.so
7fa1240fd000-7fa1240fe000 rw-p 00041000 00:23 2947420                    /usr/lib/jvm/java-26-openjdk/lib/libsimdsort.so
7fa1240fe000-7fa12444e000 rw-p 00000000 00:00 0 
7fa12444e000-7fa127dee000 ---p 00000000 00:00 0 
7fa127dee000-7fa127df6000 rw-p 00000000 00:00 0 
7fa127df6000-7fa127dfe000 ---p 00000000 00:00 0 
7fa127dfe000-7fa12a18e000 rwxp 00000000 00:00 0 
7fa12a18e000-7fa12f336000 ---p 00000000 00:00 0 
7fa12f336000-7fa12f5a6000 rwxp 00000000 00:00 0 
7fa12f5a6000-7fa12f8c8000 ---p 00000000 00:00 0 
7fa12f8c8000-7fa130918000 rwxp 00000000 00:00 0 
7fa130918000-7fa136e00000 ---p 00000000 00:00 0 
7fa136e00000-7fa13fe21000 r--s 00000000 00:23 2947425                    /usr/lib/jvm/java-26-openjdk/lib/modules
7fa13fe21000-7fa13fe22000 rw-s 00000000 00:01 10323                      /memfd:pipewire-memfd:flags=0x0000000f,type=2,size=4096 (deleted)
7fa13fe22000-7fa13fe23000 r--p 00000000 00:23 3182540                    /usr/lib/librt.so.1
7fa13fe23000-7fa13fe24000 r-xp 00001000 00:23 3182540                    /usr/lib/librt.so.1
7fa13fe24000-7fa13fe25000 r--p 00002000 00:23 3182540                    /usr/lib/librt.so.1
7fa13fe25000-7fa13fe26000 r--p 00002000 00:23 3182540                    /usr/lib/librt.so.1
7fa13fe26000-7fa13fe27000 rw-p 00003000 00:23 3182540                    /usr/lib/librt.so.1
7fa13fe27000-7fa13fe29000 r--p 00000000 00:23 1472158                    /usr/lib/libgraphite2.so.3.3.1
7fa13fe29000-7fa13fe42000 r-xp 00002000 00:23 1472158                    /usr/lib/libgraphite2.so.3.3.1
7fa13fe42000-7fa13fe47000 r--p 0001b000 00:23 1472158                    /usr/lib/libgraphite2.so.3.3.1
7fa13fe47000-7fa13fe49000 r--p 0001f000 00:23 1472158                    /usr/lib/libgraphite2.so.3.3.1
7fa13fe49000-7fa13fe4a000 rw-p 00021000 00:23 1472158                    /usr/lib/libgraphite2.so.3.3.1
7fa13fe4a000-7fa13fe4e000 r--p 00000000 00:23 2947394                    /usr/lib/jvm/java-26-openjdk/lib/libfontmanager.so
7fa13fe4e000-7fa13fe57000 r-xp 00004000 00:23 2947394                    /usr/lib/jvm/java-26-openjdk/lib/libfontmanager.so
7fa13fe57000-7fa13fe59000 r--p 0000d000 00:23 2947394                    /usr/lib/jvm/java-26-openjdk/lib/libfontmanager.so
7fa13fe59000-7fa13fe5a000 r--p 0000f000 00:23 2947394                    /usr/lib/jvm/java-26-openjdk/lib/libfontmanager.so
7fa13fe5a000-7fa13fe5b000 rw-p 00010000 00:23 2947394                    /usr/lib/jvm/java-26-openjdk/lib/libfontmanager.so
7fa13fe5b000-7fa13fe5d000 r--p 00000000 00:23 510670                     /usr/lib/libXdmcp.so.6.0.0
7fa13fe5d000-7fa13fe5f000 r-xp 00002000 00:23 510670                     /usr/lib/libXdmcp.so.6.0.0
7fa13fe5f000-7fa13fe61000 r--p 00004000 00:23 510670                     /usr/lib/libXdmcp.so.6.0.0
7fa13fe61000-7fa13fe62000 r--p 00005000 00:23 510670                     /usr/lib/libXdmcp.so.6.0.0
7fa13fe62000-7fa13fe63000 rw-p 00006000 00:23 510670                     /usr/lib/libXdmcp.so.6.0.0
7fa13fe63000-7fa143ff4000 rw-p 00000000 00:00 0 
7fa143ff4000-7fa144000000 ---p 00000000 00:00 0 
7fa144000000-7fa144001000 rw-s 00000000 00:01 34                         /memfd:pipewire-memfd:flags=0x0000000f,type=2,size=2312 (deleted)
7fa144001000-7fa144002000 rw-s 00000000 00:01 10322                      /memfd:pipewire-memfd:flags=0x0000000f,type=2,size=2312 (deleted)
7fa144002000-7fa144003000 r--p 00000000 00:23 2947402                    /usr/lib/jvm/java-26-openjdk/lib/libjawt.so
7fa144003000-7fa144004000 r-xp 00001000 00:23 2947402                    /usr/lib/jvm/java-26-openjdk/lib/libjawt.so
7fa144004000-7fa144005000 r--p 00002000 00:23 2947402                    /usr/lib/jvm/java-26-openjdk/lib/libjawt.so
7fa144005000-7fa144006000 r--p 00002000 00:23 2947402                    /usr/lib/jvm/java-26-openjdk/lib/libjawt.so
7fa144006000-7fa144007000 rw-p 00003000 00:23 2947402                    /usr/lib/jvm/java-26-openjdk/lib/libjawt.so
7fa144007000-7fa144013000 r--p 00000000 00:23 122734                     /usr/lib/libxcb.so.1.1.0
7fa144013000-7fa144029000 r-xp 0000c000 00:23 122734                     /usr/lib/libxcb.so.1.1.0
7fa144029000-7fa144032000 r--p 00022000 00:23 122734                     /usr/lib/libxcb.so.1.1.0
7fa144032000-7fa144033000 r--p 0002a000 00:23 122734                     /usr/lib/libxcb.so.1.1.0
7fa144033000-7fa144034000 rw-p 0002b000 00:23 122734                     /usr/lib/libxcb.so.1.1.0
7fa144034000-7fa14493d000 rw-p 00000000 00:00 0 
7fa14493d000-7fa144c40000 rw-p 00000000 00:00 0 
7fa144c40000-7fa144caa000 rw-p 00000000 00:00 0 
7fa144caa000-7fa1453de000 ---p 00000000 00:00 0 
7fa1453de000-7fa1453df000 rw-p 00000000 00:00 0 
7fa1453df000-7fa1453e0000 ---p 00000000 00:00 0 
7fa1453e0000-7fa14544a000 rw-p 00000000 00:00 0 
7fa14544a000-7fa145b7e000 ---p 00000000 00:00 0 
7fa145b7e000-7fa145b7f000 rw-p 00000000 00:00 0 
7fa145b7f000-7fa145b80000 ---p 00000000 00:00 0 
7fa145b80000-7fa145bea000 rw-p 00000000 00:00 0 
7fa145bea000-7fa14631e000 ---p 00000000 00:00 0 
7fa14631e000-7fa14631f000 rw-p 00000000 00:00 0 
7fa14631f000-7fa146320000 ---p 00000000 00:00 0 
7fa146320000-7fa146d4b000 rw-p 00000000 00:00 0 
7fa146d4b000-7fa146e15000 ---p 00000000 00:00 0 
7fa146e15000-7fa146e5d000 rw-p 00000000 00:00 0 
7fa146e5d000-7fa146f00000 ---p 00000000 00:00 0 
7fa146f00000-7fa146f04000 ---p 00000000 00:00 0 
7fa146f04000-7fa147000000 rw-p 00000000 00:00 0 
7fa147000000-7fa14709a000 r--p 00000000 00:23 3183337                    /usr/lib/libstdc++.so.6.0.36
7fa14709a000-7fa147278000 r-xp 0009a000 00:23 3183337                    /usr/lib/libstdc++.so.6.0.36
7fa147278000-7fa147317000 r--p 00278000 00:23 3183337                    /usr/lib/libstdc++.so.6.0.36
7fa147317000-7fa147328000 r--p 00317000 00:23 3183337                    /usr/lib/libstdc++.so.6.0.36
7fa147328000-7fa147329000 rw-p 00328000 00:23 3183337                    /usr/lib/libstdc++.so.6.0.36
7fa147329000-7fa14732d000 rw-p 00000000 00:00 0 
7fa14732d000-7fa14732e000 rw-s 00000000 00:01 364                        /memfd:pipewire-memfd:flags=0x0000000f,type=2,size=2312 (deleted)
7fa14732e000-7fa14732f000 r--p 00000000 00:23 145754                     /usr/lib/libXinerama.so.1.0.0
7fa14732f000-7fa147330000 r-xp 00001000 00:23 145754                     /usr/lib/libXinerama.so.1.0.0
7fa147330000-7fa147331000 r--p 00002000 00:23 145754                     /usr/lib/libXinerama.so.1.0.0
7fa147331000-7fa147332000 r--p 00002000 00:23 145754                     /usr/lib/libXinerama.so.1.0.0
7fa147332000-7fa147333000 rw-p 00003000 00:23 145754                     /usr/lib/libXinerama.so.1.0.0
7fa147333000-7fa147335000 r--p 00000000 00:23 143981                     /usr/lib/libXtst.so.6.1.0
7fa147335000-7fa147338000 r-xp 00002000 00:23 143981                     /usr/lib/libXtst.so.6.1.0
7fa147338000-7fa147339000 r--p 00005000 00:23 143981                     /usr/lib/libXtst.so.6.1.0
7fa147339000-7fa14733a000 r--p 00006000 00:23 143981                     /usr/lib/libXtst.so.6.1.0
7fa14733a000-7fa14733b000 rw-p 00007000 00:23 143981                     /usr/lib/libXtst.so.6.1.0
7fa14733b000-7fa14733d000 r--p 00000000 00:23 126420                     /usr/lib/libXrender.so.1.3.0
7fa14733d000-7fa147345000 r-xp 00002000 00:23 126420                     /usr/lib/libXrender.so.1.3.0
7fa147345000-7fa147347000 r--p 0000a000 00:23 126420                     /usr/lib/libXrender.so.1.3.0
7fa147347000-7fa147348000 r--p 0000b000 00:23 126420                     /usr/lib/libXrender.so.1.3.0
7fa147348000-7fa147349000 rw-p 0000c000 00:23 126420                     /usr/lib/libXrender.so.1.3.0
7fa147349000-7fa1473cb000 rw-p 00000000 00:00 0 
7fa1473cb000-7fa1473cc000 rw-p 00000000 00:00 0 
7fa1473cc000-7fa1473cd000 r--p 00000000 00:23 122609                     /usr/lib/libXau.so.6.0.0
7fa1473cd000-7fa1473ce000 r-xp 00001000 00:23 122609                     /usr/lib/libXau.so.6.0.0
7fa1473ce000-7fa1473cf000 r--p 00002000 00:23 122609                     /usr/lib/libXau.so.6.0.0
7fa1473cf000-7fa1473d0000 r--p 00002000 00:23 122609                     /usr/lib/libXau.so.6.0.0
7fa1473d0000-7fa1473d1000 rw-p 00003000 00:23 122609                     /usr/lib/libXau.so.6.0.0
7fa1473d1000-7fa1473d4000 r--p 00000000 00:23 1299050                    /usr/lib/libXi.so.6.1.0
7fa1473d4000-7fa1473e3000 r-xp 00003000 00:23 1299050                    /usr/lib/libXi.so.6.1.0
7fa1473e3000-7fa1473e6000 r--p 00012000 00:23 1299050                    /usr/lib/libXi.so.6.1.0
7fa1473e6000-7fa1473e7000 r--p 00014000 00:23 1299050                    /usr/lib/libXi.so.6.1.0
7fa1473e7000-7fa1473e8000 rw-p 00015000 00:23 1299050                    /usr/lib/libXi.so.6.1.0
7fa1473e8000-7fa1473ec000 r--p 00000000 00:23 126342                     /usr/lib/libXext.so.6.4.0
7fa1473ec000-7fa1473fb000 r-xp 00004000 00:23 126342                     /usr/lib/libXext.so.6.4.0
7fa1473fb000-7fa1473fe000 r--p 00013000 00:23 126342                     /usr/lib/libXext.so.6.4.0
7fa1473fe000-7fa1473ff000 r--p 00016000 00:23 126342                     /usr/lib/libXext.so.6.4.0
7fa1473ff000-7fa147400000 rw-p 00017000 00:23 126342                     /usr/lib/libXext.so.6.4.0
7fa147400000-7fa14740e000 r--p 00000000 00:23 2947438                    /usr/lib/jvm/java-26-openjdk/lib/server/libjvm.so
7fa14740e000-7fa1484a9000 r-xp 0000e000 00:23 2947438                    /usr/lib/jvm/java-26-openjdk/lib/server/libjvm.so
7fa1484a9000-7fa1486ec000 r--p 010a9000 00:23 2947438                    /usr/lib/jvm/java-26-openjdk/lib/server/libjvm.so
7fa1486ec000-7fa1487de000 r--p 012eb000 00:23 2947438                    /usr/lib/jvm/java-26-openjdk/lib/server/libjvm.so
7fa1487de000-7fa1487ff000 rw-p 013dd000 00:23 2947438                    /usr/lib/jvm/java-26-openjdk/lib/server/libjvm.so
7fa1487ff000-7fa148882000 rw-p 00000000 00:00 0 
7fa148882000-7fa148884000 r--p 00000000 00:23 2947423                    /usr/lib/jvm/java-26-openjdk/lib/libverify.so
7fa148884000-7fa14888e000 r-xp 00002000 00:23 2947423                    /usr/lib/jvm/java-26-openjdk/lib/libverify.so
7fa14888e000-7fa148890000 r--p 0000c000 00:23 2947423                    /usr/lib/jvm/java-26-openjdk/lib/libverify.so
7fa148890000-7fa148892000 r--p 0000d000 00:23 2947423                    /usr/lib/jvm/java-26-openjdk/lib/libverify.so
7fa148892000-7fa148893000 rw-p 0000f000 00:23 2947423                    /usr/lib/jvm/java-26-openjdk/lib/libverify.so
7fa148893000-7fa148895000 r--p 00000000 00:23 2947424                    /usr/lib/jvm/java-26-openjdk/lib/libzip.so
7fa148895000-7fa1488a2000 r-xp 00002000 00:23 2947424                    /usr/lib/jvm/java-26-openjdk/lib/libzip.so
7fa1488a2000-7fa1488a8000 r--p 0000f000 00:23 2947424                    /usr/lib/jvm/java-26-openjdk/lib/libzip.so
7fa1488a8000-7fa1488a9000 r--p 00014000 00:23 2947424                    /usr/lib/jvm/java-26-openjdk/lib/libzip.so
7fa1488a9000-7fa1488aa000 rw-p 00015000 00:23 2947424                    /usr/lib/jvm/java-26-openjdk/lib/libzip.so
7fa1488aa000-7fa1488ac000 r--p 00000000 00:23 2947414                    /usr/lib/jvm/java-26-openjdk/lib/libnet.so
7fa1488ac000-7fa1488b3000 r-xp 00002000 00:23 2947414                    /usr/lib/jvm/java-26-openjdk/lib/libnet.so
7fa1488b3000-7fa1488b5000 r--p 00009000 00:23 2947414                    /usr/lib/jvm/java-26-openjdk/lib/libnet.so
7fa1488b5000-7fa1488b6000 r--p 0000a000 00:23 2947414                    /usr/lib/jvm/java-26-openjdk/lib/libnet.so
7fa1488b6000-7fa1488b7000 rw-p 0000b000 00:23 2947414                    /usr/lib/jvm/java-26-openjdk/lib/libnet.so
7fa1488b7000-7fa1488f8000 rw-p 00000000 00:00 0 
7fa1488f8000-7fa148908000 r--p 00000000 00:23 3182518                    /usr/lib/libm.so.6
7fa148908000-7fa14899e000 r-xp 00010000 00:23 3182518                    /usr/lib/libm.so.6
7fa14899e000-7fa1489fe000 r--p 000a6000 00:23 3182518                    /usr/lib/libm.so.6
7fa1489fe000-7fa1489ff000 r--p 00105000 00:23 3182518                    /usr/lib/libm.so.6
7fa1489ff000-7fa148a00000 rw-p 00106000 00:23 3182518                    /usr/lib/libm.so.6
7fa148a00000-7fa148a24000 r--p 00000000 00:23 3182508                    /usr/lib/libc.so.6
7fa148a24000-7fa148bd4000 r-xp 00024000 00:23 3182508                    /usr/lib/libc.so.6
7fa148bd4000-7fa148c4c000 r--p 001d4000 00:23 3182508                    /usr/lib/libc.so.6
7fa148c4c000-7fa148c50000 r--p 0024c000 00:23 3182508                    /usr/lib/libc.so.6
7fa148c50000-7fa148c52000 rw-p 00250000 00:23 3182508                    /usr/lib/libc.so.6
7fa148c52000-7fa148c5a000 rw-p 00000000 00:00 0 
7fa148c5a000-7fa148c5b000 r--p 00000000 00:23 3182535                    /usr/lib/libpthread.so.0
7fa148c5b000-7fa148c5c000 r-xp 00001000 00:23 3182535                    /usr/lib/libpthread.so.0
7fa148c5c000-7fa148c5d000 r--p 00002000 00:23 3182535                    /usr/lib/libpthread.so.0
7fa148c5d000-7fa148c5e000 r--p 00002000 00:23 3182535                    /usr/lib/libpthread.so.0
7fa148c5e000-7fa148c5f000 rw-p 00003000 00:23 3182535                    /usr/lib/libpthread.so.0
7fa148c5f000-7fa148c60000 r--p 00000000 00:23 3182513                    /usr/lib/libdl.so.2
7fa148c60000-7fa148c61000 r-xp 00001000 00:23 3182513                    /usr/lib/libdl.so.2
7fa148c61000-7fa148c62000 r--p 00002000 00:23 3182513                    /usr/lib/libdl.so.2
7fa148c62000-7fa148c63000 r--p 00002000 00:23 3182513                    /usr/lib/libdl.so.2
7fa148c63000-7fa148c64000 rw-p 00003000 00:23 3182513                    /usr/lib/libdl.so.2
7fa148c64000-7fa148c6b000 r--p 00000000 00:23 2947415                    /usr/lib/jvm/java-26-openjdk/lib/libnio.so
7fa148c6b000-7fa148c74000 r-xp 00007000 00:23 2947415                    /usr/lib/jvm/java-26-openjdk/lib/libnio.so
7fa148c74000-7fa148c79000 r--p 00010000 00:23 2947415                    /usr/lib/jvm/java-26-openjdk/lib/libnio.so
7fa148c79000-7fa148c7a000 r--p 00014000 00:23 2947415                    /usr/lib/jvm/java-26-openjdk/lib/libnio.so
7fa148c7a000-7fa148c7b000 rw-p 00015000 00:23 2947415                    /usr/lib/jvm/java-26-openjdk/lib/libnio.so
7fa148c7b000-7fa148c80000 rw-p 00000000 00:00 0 
7fa148c80000-7fa148c87000 ---p 00000000 00:00 0 
7fa148c87000-7fa148c91000 r--p 00000000 00:23 2947400                    /usr/lib/jvm/java-26-openjdk/lib/libjava.so
7fa148c91000-7fa148ca0000 r-xp 0000a000 00:23 2947400                    /usr/lib/jvm/java-26-openjdk/lib/libjava.so
7fa148ca0000-7fa148ca5000 r--p 00019000 00:23 2947400                    /usr/lib/jvm/java-26-openjdk/lib/libjava.so
7fa148ca5000-7fa148ca6000 r--p 0001e000 00:23 2947400                    /usr/lib/jvm/java-26-openjdk/lib/libjava.so
7fa148ca6000-7fa148ca7000 rw-p 0001f000 00:23 2947400                    /usr/lib/jvm/java-26-openjdk/lib/libjava.so
7fa148ca7000-7fa148ca8000 rw-p 00000000 00:00 0 
7fa148ca8000-7fa148cb0000 rw-s 00000000 00:38 493                        /tmp/hsperfdata_mirtemir/21276
7fa148cb0000-7fa148cb1000 ---p 00000000 00:00 0 
7fa148cb1000-7fa148cb2000 r--p 00000000 00:00 0 
7fa148cb2000-7fa148cb3000 ---p 00000000 00:00 0 
7fa148cb3000-7fa148cb4000 r--p 00000000 00:23 2947404                    /usr/lib/jvm/java-26-openjdk/lib/libjimage.so
7fa148cb4000-7fa148cb6000 r-xp 00001000 00:23 2947404                    /usr/lib/jvm/java-26-openjdk/lib/libjimage.so
7fa148cb6000-7fa148cb7000 r--p 00003000 00:23 2947404                    /usr/lib/jvm/java-26-openjdk/lib/libjimage.so
7fa148cb7000-7fa148cb8000 r--p 00003000 00:23 2947404                    /usr/lib/jvm/java-26-openjdk/lib/libjimage.so
7fa148cb8000-7fa148cb9000 rw-p 00004000 00:23 2947404                    /usr/lib/jvm/java-26-openjdk/lib/libjimage.so
7fa148cb9000-7fa148cbd000 r--p 00000000 00:23 3183329                    /usr/lib/libgcc_s.so.1
7fa148cbd000-7fa148ce9000 r-xp 00004000 00:23 3183329                    /usr/lib/libgcc_s.so.1
7fa148ce9000-7fa148ced000 r--p 00030000 00:23 3183329                    /usr/lib/libgcc_s.so.1
7fa148ced000-7fa148cee000 r--p 00034000 00:23 3183329                    /usr/lib/libgcc_s.so.1
7fa148cee000-7fa148cef000 rw-p 00035000 00:23 3183329                    /usr/lib/libgcc_s.so.1
7fa148cef000-7fa148cf2000 rw-p 00000000 00:00 0 
7fa148cf2000-7fa148cf4000 r--p 00000000 00:23 2947405                    /usr/lib/jvm/java-26-openjdk/lib/libjli.so
7fa148cf4000-7fa148d04000 r-xp 00002000 00:23 2947405                    /usr/lib/jvm/java-26-openjdk/lib/libjli.so
7fa148d04000-7fa148d0a000 r--p 00012000 00:23 2947405                    /usr/lib/jvm/java-26-openjdk/lib/libjli.so
7fa148d0a000-7fa148d0b000 r--p 00017000 00:23 2947405                    /usr/lib/jvm/java-26-openjdk/lib/libjli.so
7fa148d0b000-7fa148d0c000 rw-p 00018000 00:23 2947405                    /usr/lib/jvm/java-26-openjdk/lib/libjli.so
7fa148d0c000-7fa148d0e000 rw-p 00000000 00:00 0 
7fa148d0e000-7fa148d43000 r--p 00000000 00:23 3346466                    /etc/ld.so.cache
7fa148d43000-7fa148d47000 r--p 00000000 00:00 0                          [vvar]
7fa148d47000-7fa148d49000 r--p 00000000 00:00 0                          [vvar_vclock]
7fa148d49000-7fa148d4b000 r-xp 00000000 00:00 0                          [vdso]
7fa148d4b000-7fa148d4c000 r--p 00000000 00:23 3182499                    /usr/lib/ld-linux-x86-64.so.2
7fa148d4c000-7fa148d7e000 r-xp 00001000 00:23 3182499                    /usr/lib/ld-linux-x86-64.so.2
7fa148d7e000-7fa148d8e000 r--p 00033000 00:23 3182499                    /usr/lib/ld-linux-x86-64.so.2
7fa148d8e000-7fa148d90000 r--p 00042000 00:23 3182499                    /usr/lib/ld-linux-x86-64.so.2
7fa148d90000-7fa148d91000 rw-p 00044000 00:23 3182499                    /usr/lib/ld-linux-x86-64.so.2
7fa148d91000-7fa148d92000 rw-p 00000000 00:00 0 
7fff31fde000-7fff31fff000 rw-p 00000000 00:00 0                          [stack]
ffffffffff600000-ffffffffff601000 --xp 00000000 00:00 0                  [vsyscall]
Total number of mappings: 4711

JVMTI agents: none


VM Arguments:
java_command: /home/mirtemir/AOC2/AoC II MEGAMOD v6.0/BE2.jar
java_class_path (initial): /home/mirtemir/AOC2/AoC II MEGAMOD v6.0/BE2.jar
Launcher Type: SUN_STANDARD

[Global flags]
     bool AOTAdapterCaching                        = false                                  {diagnostic} {ergonomic}
     bool AOTInvokeDynamicLinking                  = false                                  {diagnostic} {ergonomic}
     bool AOTRecordTraining                        = false                                  {diagnostic} {ergonomic}
     bool AOTReplayTraining                        = false                                  {diagnostic} {ergonomic}
     bool AOTStubCaching                           = false                                  {diagnostic} {ergonomic}
     intx CICompilerCount                          = 4                                         {product} {ergonomic}
     uint ConcGCThreads                            = 3                                         {product} {ergonomic}
     uint G1ConcRefinementThreads                  = 10                                        {product} {ergonomic}
     uint G1EagerReclaimRemSetThreshold            = 16                                   {experimental} {ergonomic}
   size_t G1HeapRegionSize                         = 2097152                                   {product} {ergonomic}
     uint G1RemSetArrayOfCardsEntries              = 16                                   {experimental} {ergonomic}
     uint G1RemSetHowlMaxNumBuckets                = 8                                    {experimental} {ergonomic}
     uint G1RemSetHowlNumBuckets                   = 8                                    {experimental} {ergonomic}
   size_t InitialHeapSize                          = 8388608                                   {product} {ergonomic}
     bool IntelJccErratumMitigation                = false                             {ARCH diagnostic} {ergonomic}
   size_t MarkStackSize                            = 4194304                                   {product} {ergonomic}
   size_t MarkStackSizeMax                         = 536870912                                 {product} {ergonomic}
   size_t MaxHeapSize                              = 4093640704                                {product} {ergonomic}
   size_t MaxNewSize                               = 2455764992                                {product} {ergonomic}
 uint64_t MaxRAM                                   = 16367132672                               {product} {ergonomic}
   size_t MinHeapDeltaBytes                        = 2097152                                   {product} {ergonomic}
   size_t MinHeapSize                              = 8388608                                   {product} {ergonomic}
   size_t NonNMethodCodeHeapSize                   = 5840896                                {pd product} {ergonomic}
   size_t NonProfiledCodeHeapSize                  = 122912768                              {pd product} {ergonomic}
   size_t ProfiledCodeHeapSize                     = 122912768                              {pd product} {ergonomic}
   size_t ReservedCodeCacheSize                    = 251666432                              {pd product} {ergonomic}
     bool SegmentedCodeCache                       = true                                      {product} {ergonomic}
   size_t SoftMaxHeapSize                          = 4093640704                             {manageable} {ergonomic}
     bool UseCompressedOops                        = true                           {product lp64_product} {ergonomic}
     bool UseCondCardMark                          = true                                      {product} {ergonomic}
     bool UseFastUnorderedTimeStamps               = true                                 {experimental} {ergonomic}
     bool UseG1GC                                  = true                                      {product} {ergonomic}
      int X86ICacheSync                            = 3                                 {ARCH diagnostic} {ergonomic}

Logging:
Log output configuration:
 #0: stdout all=warning uptime,level,tags foldmultilines=false
 #1: stderr all=off uptime,level,tags foldmultilines=false

Release file:
IMPLEMENTOR="Arch Linux"
JAVA_RUNTIME_VERSION="26.0.2"
JAVA_VERSION="26.0.2"
JAVA_VERSION_DATE="2026-07-21"
LIBC="gnu"
MODULES="java.base java.compiler java.datatransfer java.xml java.prefs java.desktop java.instrument java.logging java.management java.security.sasl java.naming java.rmi java.management.rmi java.net.http java.scripting java.security.jgss java.transaction.xa java.sql java.sql.rowset java.xml.crypto java.se java.smartcardio jdk.accessibility jdk.internal.jvmstat jdk.attach jdk.charsets jdk.internal.opt jdk.zipfs jdk.compiler jdk.crypto.cryptoki jdk.crypto.ec jdk.dynalink jdk.internal.ed jdk.editpad jdk.internal.vm.ci jdk.graal.compiler jdk.graal.compiler.management jdk.hotspot.agent jdk.httpserver jdk.incubator.vector jdk.internal.le jdk.internal.md jdk.jartool jdk.javadoc jdk.jcmd jdk.management jdk.management.agent jdk.jconsole jdk.jdeps jdk.jdwp.agent jdk.jdi jdk.jfr jdk.jlink jdk.jpackage jdk.jshell jdk.jstatd jdk.localedata jdk.management.jfr jdk.naming.dns jdk.naming.rmi jdk.net jdk.nio.mapmode jdk.sctp jdk.security.auth jdk.security.jgss jdk.unsupported jdk.unsupported.desktop jdk.xml.dom"
OS_ARCH="x86_64"
OS_NAME="Linux"
SOURCE=""

Environment Variables:
PATH=/home/mirtemir/.pyenv/shims:/home/mirtemir/.opencode/bin:/home/mirtemir/.cargo/bin:/home/mirtemir/.local/bin:/usr/local/sbin:/usr/local/bin:/usr/bin:/var/lib/flatpak/exports/bin:/usr/lib/jvm/default/bin:/usr/bin/site_perl:/usr/bin/vendor_perl:/usr/bin/core_perl
SHELL=/bin/fish
DISPLAY=:0
WAYLAND_DISPLAY=wayland-0
LANG=ru_RU.UTF-8
LC_ALL=ky_KG.UTF-8
LC_NUMERIC=ky_KG
LC_TIME=ky_KG

Active Locale:
LC_ALL=ky_KG.UTF-8
LC_COLLATE=ky_KG.UTF-8
LC_CTYPE=ky_KG.UTF-8
LC_MESSAGES=ky_KG.UTF-8
LC_MONETARY=ky_KG.UTF-8
LC_NUMERIC=ky_KG.UTF-8
LC_TIME=ky_KG.UTF-8

Signal Handlers:
   SIGSEGV: 0x00007fa1483c7bd0 in libjvm.so+16546768, mask=11100100010111111101111111111110, flags=SA_RESTART|SA_SIGINFO, unblocked
    SIGBUS: 0x00007fa1483c7bd0 in libjvm.so+16546768, mask=11100100010111111101111111111110, flags=SA_RESTART|SA_SIGINFO, unblocked
    SIGFPE: 0x00007fa1483c7bd0 in libjvm.so+16546768, mask=11100100010111111101111111111110, flags=SA_RESTART|SA_SIGINFO, unblocked
   SIGPIPE: 0x00007fa14820b980 in libjvm.so+14727552, mask=11100100010111111101111111111110, flags=SA_RESTART|SA_SIGINFO, blocked
   SIGXFSZ: 0x00007fa14820b980 in libjvm.so+14727552, mask=11100100010111111101111111111110, flags=SA_RESTART|SA_SIGINFO, blocked
    SIGILL: 0x00007fa1483c7bd0 in libjvm.so+16546768, mask=11100100010111111101111111111110, flags=SA_RESTART|SA_SIGINFO, unblocked
   SIGUSR2: 0x00007fa14820dbd0 in libjvm.so+14736336, mask=00000000000000000000000000000000, flags=SA_RESTART|SA_SIGINFO, blocked
    SIGHUP: 0x00007fa148209690 in libjvm.so+14718608, mask=11100100010111111101111111111110, flags=SA_RESTART|SA_SIGINFO, blocked
    SIGINT: 0x00007fa148209690 in libjvm.so+14718608, mask=11100100010111111101111111111110, flags=SA_RESTART|SA_SIGINFO, blocked
   SIGTERM: 0x00007fa148209690 in libjvm.so+14718608, mask=11100100010111111101111111111110, flags=SA_RESTART|SA_SIGINFO, blocked
   SIGQUIT: 0x00007fa148209690 in libjvm.so+14718608, mask=11100100010111111101111111111110, flags=SA_RESTART|SA_SIGINFO, blocked
   SIGTRAP: 0x00007fa1483c7bd0 in libjvm.so+16546768, mask=11100100010111111101111111111110, flags=SA_RESTART|SA_SIGINFO, unblocked


Compilation memory statistics disabled.

Periodic native trim disabled

---------------  S Y S T E M  ---------------

OS:
CentOS Linux release 7.9.2009 (Core)
uname: Linux 7.1.8-1-cachyos-bore-lto #1 SMP PREEMPT_DYNAMIC Tue, 11 Aug 2026 08:48:25 +0000 x86_64
OS uptime: 0 days 3:04 hours
libc: glibc 2.44 NPTL 2.44 
rlimit (soft/hard): STACK 8192k/infinity , CORE infinity/infinity , NPROC 61455/61455 , NOFILE 1048576/1048576 , AS infinity/infinity , CPU infinity/infinity , DATA infinity/infinity , FSIZE infinity/infinity , MEMLOCK 8192k/8192k
load average: 3,35 3,53 3,61

/proc/meminfo:
MemTotal:       15983528 kB
MemFree:         3362220 kB
MemAvailable:    7834484 kB
Buffers:              92 kB
Cached:          7918628 kB
SwapCached:          408 kB
Active:          2048756 kB
Inactive:        6096004 kB
Active(anon):     962748 kB
Inactive(anon):  2949680 kB
Active(file):    1086008 kB
Inactive(file):  3146324 kB
Unevictable:     2917336 kB
Mlocked:             764 kB
SwapTotal:      19179108 kB
SwapFree:       18355064 kB
Zswap:                 0 kB
Zswapped:              0 kB
Dirty:              4464 kB
Writeback:             0 kB
AnonPages:       3099588 kB
Mapped:           943096 kB
Shmem:           3373668 kB
KReclaimable:     581752 kB
Slab:             885956 kB
SReclaimable:     581752 kB
SUnreclaim:       304204 kB
KernelStack:       16816 kB
PageTables:        47240 kB
SecPageTables:      2056 kB
NFS_Unstable:          0 kB
Bounce:                0 kB
WritebackTmp:          0 kB
CommitLimit:    27170872 kB
Committed_AS:   21209924 kB
VmallocTotal:   34359738367 kB
VmallocUsed:      198916 kB
VmallocChunk:          0 kB
Percpu:            11904 kB
HardwareCorrupted:     0 kB
AnonHugePages:   1181696 kB
ShmemHugePages:  2306048 kB
ShmemPmdMapped:        0 kB
FileHugePages:    296960 kB
FilePmdMapped:    296960 kB
CmaTotal:              0 kB
CmaFree:               0 kB
Unaccepted:            0 kB
Balloon:               0 kB
GPUActive:             0 kB
GPUReclaim:            0 kB
HugePages_Total:       0
HugePages_Free:        0
HugePages_Rsvd:        0
HugePages_Surp:        0
Hugepagesize:       2048 kB
Hugetlb:               0 kB
DirectMap4k:      372296 kB
DirectMap2M:     8685568 kB
DirectMap1G:     7340032 kB

/sys/kernel/mm/transparent_hugepage/enabled: [always] madvise never
/sys/kernel/mm/transparent_hugepage/hpage_pmd_size: 2097152
/sys/kernel/mm/transparent_hugepage/shmem_enabled: always within_size [advise] never deny force
/sys/kernel/mm/transparent_hugepage/defrag (defrag/compaction efforts parameter): always defer [defer+madvise] madvise never

Process Memory:
Virtual Size: 7968488K (peak: 8103224K)
Resident Set Size: 1330928K (peak: 1401492K) (anon: 1223984K, file: 104912K, shmem: 2032K)
Swapped out: 0K
C-Heap outstanding allocations: 163312K, retained: 848291K
glibc malloc tunables: (default)

/proc/sys/kernel/threads-max (system-wide limit on the number of threads): 122911
/proc/sys/vm/max_map_count (maximum number of memory map areas a process may have): 1048576
/proc/sys/vm/swappiness (control to define how aggressively the kernel swaps out anonymous memory): 150
/proc/sys/kernel/pid_max (system-wide limit on number of process identifiers): 4194304

container information not found.
Steal ticks since vm start: 0
Steal ticks percentage since vm start:  0,000

CPU: total 12 (initial active 12) (hybrid) family 6 model 186 stepping 2 microcode 0x6134, cx8, cmov, fxsr, ht, mmx, 3dnowpref, sse, sse2, sse3, ssse3, sse4.1, sse4.2, popcnt, lzcnt, tsc, tscinvbit, avx, avx2, aes, erms, clmul, bmi1, bmi2, adx, sha, fma, vzeroupper, clflush, clflushopt, clwb, serialize, rdtscp, rdpid, fsrm, gfni, f16c, pku, ospke, cet_ibt, cet_ss, hybrid
CPU Model and flags from /proc/cpuinfo:
model name	: 13th Gen Intel(R) Core(TM) i5-13420H
flags		: fpu vme de pse tsc msr pae mce cx8 apic sep mtrr pge mca cmov pat pse36 clflush dts acpi mmx fxsr sse sse2 ss ht tm pbe syscall nx pdpe1gb rdtscp lm constant_tsc art arch_perfmon pebs bts rep_good nopl xtopology nonstop_tsc cpuid aperfmperf tsc_known_freq pni pclmulqdq dtes64 monitor ds_cpl vmx smx est tm2 ssse3 sdbg fma cx16 xtpr pdcm pcid sse4_1 sse4_2 x2apic movbe popcnt tsc_deadline_timer aes xsave avx f16c rdrand lahf_lm abm 3dnowprefetch cpuid_fault epb ssbd ibrs ibpb stibp ibrs_enhanced tpr_shadow flexpriority ept vpid ept_ad fsgsbase tsc_adjust bmi1 avx2 smep bmi2 erms invpcid rdseed adx smap clflushopt clwb intel_pt sha_ni xsaveopt xsavec xgetbv1 xsaves split_lock_detect user_shstk avx_vnni dtherm ida arat pln pts hwp hwp_notify hwp_act_window hwp_epp hwp_pkg_req hfi vnmi umip pku ospke waitpkg gfni vaes vpclmulqdq rdpid movdiri movdir64b fsrm md_clear serialize arch_lbr ibt flush_l1d arch_capabilities

Online cpus: 0-11
Offline cpus: 
BIOS frequency limitation: <Not Available>
Frequency switch latency (ns): 0
Available cpu frequencies: <Not Available>
Current governor: powersave
Core performance/turbo boost: <Not Available>

Memory: 4k page, physical 15983528k(7834484k free), swap 19179108k(18355064k free)
Page Sizes: 4k

vm_info: OpenJDK 64-Bit Server VM (26.0.2) for linux-amd64 JRE (26.0.2), built on 2026-07-25T19:40:36Z with gcc 16.1.1 20260625

END.
