#
# A fatal error has been detected by the Java Runtime Environment:
#
#  SIGSEGV (0xb) at pc=0x00007f7b52617606, pid=377949, tid=377999
#
# JRE version: OpenJDK Runtime Environment (26.0.2) (build 26.0.2)
# Java VM: OpenJDK 64-Bit Server VM (26.0.2, mixed mode, sharing, tiered, compressed oops, compressed class ptrs, g1 gc, linux-amd64)
# Problematic frame:
# C  [libgallium-26.2.1-arch3.1.so+0x417606]
#
# Core dump will be written. Default location: Determined by the following: "/usr/lib/systemd/systemd-coredump %P %u %g %s %t %c %h %d %F %I" (alternatively, falling back to /home/mirtemir/AOC2/AoC II MEGAMOD v6.0/core.377949)
#
# If you would like to submit a bug report, please visit:
#   https://bugreport.java.com/bugreport/crash.jsp
# The crash happened outside the Java Virtual Machine in native code.
# See problematic frame for where to report the bug.
#

---------------  S U M M A R Y ------------

Command Line: BE2.jar

Host: 13th Gen Intel(R) Core(TM) i5-13420H, 12 cores, 15G, CentOS Linux release 7.9.2009 (Core)
Time: Fri Aug 28 19:04:18 2026 +06 elapsed time: 224.654392 seconds (0d 0h 3m 44s)

---------------  T H R E A D  ---------------

Current thread (0x00007f7ba837db70):  JavaThread "LWJGL Application"        [_thread_in_native, id=377999, stack(0x00007f7b55bff000,0x00007f7b55cff000) (1024K)]

Stack: [0x00007f7b55bff000,0x00007f7b55cff000],  sp=0x00007f7b55cfd150,  free space=1016k
Native frames: (J=compiled Java code, j=interpreted, Vv=VM code, C=native code)
C  [libgallium-26.2.1-arch3.1.so+0x417606]
Java frames: (J=compiled Java code, j=interpreted, Vv=VM code)
J 2208  org.lwjgl.opengl.GL11.nglDrawElements(IIIJJ)V (0 bytes) @ 0x00007f7b979c6f56 [0x00007f7b979c6f00+0x0000000000000056]
J 3743 c2 com.badlogic.gdx.graphics.g2d.SpriteBatch.flush()V (185 bytes) @ 0x00007f7b97b069f0 [0x00007f7b97b05e80+0x0000000000000b70]
j  com.badlogic.gdx.graphics.g2d.SpriteBatch.setProjectionMatrix(Lcom/badlogic/gdx/math/Matrix4;)V+8
j  age.of.civilizations2.jakowski.lukasz.AoCGame.render()V+394
j  com.badlogic.gdx.backends.lwjgl.LwjglApplication.mainLoop()V+698
j  com.badlogic.gdx.backends.lwjgl.LwjglApplication$1.run()V+27
v  ~StubRoutines::Stub Generator call_stub_stub 0x00007f7b973375a2

siginfo: si_signo: 11 (SIGSEGV), si_code: 1 (SEGV_MAPERR), si_addr: 0x0000000000000018

Registers:
RAX=0x0000000000000000, RBX=0x0000000000000001, RCX=0x0000000000000000, RDX=0x00007f7b6dee6840
RSP=0x00007f7b55cfd150, RBP=0x00007f7b55cfd300, RSI=0x0000000000000000, RDI=0x0000000000000000
R8 =0x00007f7b6dee68b8, R9 =0x0000000000000001, R10=0x0000000000000001, R11=0x00007f7b6dee6660
R12=0x0000000000000040, R13=0x00007f7b55cfd174, R14=0x0000000000000000, R15=0x0000000000000000
RIP=0x00007f7b52617606, EFLAGS=0x0000000000010202, CSGSFS=0x002b000000000033, ERR=0x0000000000000004
  TRAPNO=0x000000000000000e

XMM[0]=0x0000000000000000 0x000000003f800000
XMM[1]=0x0000000000000000 0x0000000000000000
XMM[2]=0x0000000000000000 0x3f8000003f800000
XMM[3]=0x0000000000000000 0x0000112c0000112c
XMM[4]=0x0000000000000000 0x0000000000000000
XMM[5]=0x0000000000000000 0x0000000000000000
XMM[6]=0x0000000000000000 0x0000000000000000
XMM[7]=0x0000000000000000 0x0000000000000000
XMM[8]=0x0000000000000000 0x0000000000000000
XMM[9]=0x0000000000000000 0x0000000000000000
XMM[10]=0x0000000000000000 0x0000000000000000
XMM[11]=0x0000002000000020 0x0000002000000020
XMM[12]=0x0000000000000000 0x0000000000000000
XMM[13]=0x0000000000000000 0x00000000bf800000
XMM[14]=0x0000000000000000 0x0000000000000000
XMM[15]=0x0000000000000000 0x0000000000000000
  MXCSR=0x00001fa3


Register to memory mapping:

RAX=0x0 is null
RBX=0x0000000000000001 is an unknown value
RCX=0x0 is null
RDX=0x00007f7b6dee6840 points into unknown readable memory: 0x0100140600000000 | 00 00 00 00 06 14 00 01
RSP=0x00007f7b55cfd150 is pointing into the stack for thread: 0x00007f7ba837db70
RBP=0x00007f7b55cfd300 is pointing into the stack for thread: 0x00007f7ba837db70
RSI=0x0 is null
RDI=0x0 is null
R8 =0x00007f7b6dee68b8 points into unknown readable memory: 0x0000000000000000 | 00 00 00 00 00 00 00 00
R9 =0x0000000000000001 is an unknown value
R10=0x0000000000000001 is an unknown value
R11=0x00007f7b6dee6660 points into unknown readable memory: 0x0000000300000000 | 00 00 00 00 03 00 00 00
R12=0x0000000000000040 is an unknown value
R13=0x00007f7b55cfd174 is pointing into the stack for thread: 0x00007f7ba837db70
R14=0x0 is null
R15=0x0 is null

Top of Stack: (sp=0x00007f7b55cfd150)
0x00007f7b55cfd150:   00007f7af3c954a0 00007f7aeb7c4d60   .T..z...`M|.z...
0x00007f7b55cfd160:   00007f7b6dd6f2d0 00007f7b6df03190   ...m{....1.m{...
0x00007f7b55cfd170:   0000000000000000 f8213ff781ebb000   .............?!.
0x00007f7b55cfd180:   0000000000000000 0000000000001000   ................
0x00007f7b55cfd190:   00000000000002ac 0000000000000020   ........ .......
0x00007f7b55cfd1a0:   00000000019edb80 00007f7ace26c480   ..........&.z...
0x00007f7b55cfd1b0:   00007f7b881088a0 00007f7b55cfd330   ....{...0..U{...
0x00007f7b55cfd1c0:   00007f7b6c000030 00007f7bb06bdb74   0..l{...t.k.{...
0x00007f7b55cfd1d0:   0000000000000001 00007f7aed096170   ........pa..z...
0x00007f7b55cfd1e0:   0000000000000000 00007f7ae95c4760   ........`G\.z...
0x00007f7b55cfd1f0:   00007f7b6ea12a90 0000000000000004   .*.n{...........
0x00007f7b55cfd200:   00007f7af3cfc250 00007f7b5260a515   P...z.....`R{...
0x00007f7b55cfd210:   0000000000000004 0000000000000000   ................
0x00007f7b55cfd220:   0000000000000000 0000000000000000   ................
0x00007f7b55cfd230:   0000000000000000 0000000000000000   ................
0x00007f7b55cfd240:   00007f7af3cfc250 00007f7b881088a0   P...z.......{...
0x00007f7b55cfd250:   00007f7aea48f1e0 00007f7b525384eb   ..H.z.....SR{...
0x00007f7b55cfd260:   0000000000000001 0000000000000000   ................
0x00007f7b55cfd270:   0000000000000000 0000000000000000   ................
0x00007f7b55cfd280:   0000000000000000 0000000000000000   ................
0x00007f7b55cfd290:   00007f7b55cfd3e0 f8213ff781ebb000   ...U{........?!.
0x00007f7b55cfd2a0:   0000000000000000 0000000000000000   ................
0x00007f7b55cfd2b0:   0000000000000000 0000000000000000   ................
0x00007f7b55cfd2c0:   0000000000000000 0000000000000000   ................
0x00007f7b55cfd2d0:   0000000000000003 00007f7ad913e238   ........8...z...
0x00007f7b55cfd2e0:   0000000000000000 00007f7aea48f1e0   ..........H.z...
0x00007f7b55cfd2f0:   00007f7aee8e9710 0000000000000000   ....z...........
0x00007f7b55cfd300:   0000000000000000 0000000000000000   ................
0x00007f7b55cfd310:   0000000000000000 0000000000000002   ................
0x00007f7b55cfd320:   0000000000000000 00007f7b6c188ad8   ...........l{...
0x00007f7b55cfd330:   0000000000080000 0000000000000000   ................
0x00007f7b55cfd340:   0000000000000000 0000000000000000   ................

Instructions: (pc=0x00007f7b52617606)
  0x00007f7b52617506:   ec f8 03 00 00 48 89 9c 24 c8 03 00 00 48 89 fb
  0x00007f7b52617516:   4c 89 b4 24 e8 03 00 00 4c 89 bc 24 f0 03 00 00
  0x00007f7b52617526:   4c 8b 3f 48 89 ac 24 d0 03 00 00 49 8b 97 68 20
  0x00007f7b52617536:   0a 00 64 48 8b 04 25 28 00 00 00 48 89 84 24 b8
  0x00007f7b52617546:   03 00 00 89 f0 48 8b b7 90 13 00 00 4c 8b b2 f0
  0x00007f7b52617556:   01 00 00 8b 7e 38 c6 83 f3 02 00 00 00 21 c7 0f
  0x00007f7b52617566:   84 95 01 00 00 4d 8b 9f c0 f3 09 00 4c 89 a4 24
  0x00007f7b52617576:   d8 03 00 00 45 31 d2 48 8d ac 24 b0 01 00 00 48
  0x00007f7b52617586:   89 14 24 4d 63 a3 2c 09 00 00 48 89 74 24 08 4c
  0x00007f7b52617596:   89 7c 24 10 48 89 5c 24 18 49 c1 e4 05 4c 89 ac
  0x00007f7b526175a6:   24 e0 03 00 00 4c 8d 6c 24 24 31 c0 48 8d 15 67
  0x00007f7b526175b6:   3e e2 01 44 89 d6 89 fb f3 0f bc c7 41 b9 01 00
  0x00007f7b526175c6:   00 00 41 83 c2 01 48 89 c1 4c 01 e0 0f b6 14 10
  0x00007f7b526175d6:   48 89 f0 48 c1 e6 04 41 d3 e1 49 89 d0 48 c1 e2
  0x00007f7b526175e6:   05 44 31 cf 49 c1 e0 05 4c 01 da 47 0f b6 44 03
  0x00007f7b526175f6:   2e 4f 8d 04 80 4f 8d 04 c3 4d 8b b8 28 04 00 00
=>0x00007f7b52617606:   4d 8b 7f 18 c6 44 35 00 00 4c 89 7c 35 08 44 8b
  0x00007f7b52617616:   7a 20 45 03 b8 18 04 00 00 0f b7 52 28 44 89 7c
  0x00007f7b52617626:   35 04 48 63 f0 45 31 ff 41 0f a3 ce 48 8d 34 76
  0x00007f7b52617636:   4d 8b 80 20 04 00 00 41 88 54 b5 03 0f 92 c2 83
  0x00007f7b52617646:   e0 7f c1 e2 07 66 45 89 7c b5 00 09 d0 4d 89 44
  0x00007f7b52617656:   b5 04 41 88 44 b5 02 41 39 d9 0f 85 4a ff ff ff
  0x00007f7b52617666:   48 8b 14 24 48 8b 74 24 08 4c 8b 7c 24 10 48 8b
  0x00007f7b52617676:   5c 24 18 4c 8b a4 24 d8 03 00 00 4c 8b ac 24 e0
  0x00007f7b52617686:   03 00 00 0f b6 82 e4 07 00 00 0f b6 56 20 49 89
  0x00007f7b52617696:   e8 31 c9 48 8b 7b 18 48 8d 74 24 20 01 d0 44 89
  0x00007f7b526176a6:   d2 89 44 24 20 67 e8 8f 34 3f 00 41 c6 87 ca f3
  0x00007f7b526176b6:   09 00 00 c6 83 e8 bb 00 00 00 48 8b 84 24 b8 03
  0x00007f7b526176c6:   00 00 64 48 2b 04 25 28 00 00 00 75 3d 48 8b 9c
  0x00007f7b526176d6:   24 c8 03 00 00 48 8b ac 24 d0 03 00 00 4c 8b b4
  0x00007f7b526176e6:   24 e8 03 00 00 4c 8b bc 24 f0 03 00 00 48 81 c4
  0x00007f7b526176f6:   f8 03 00 00 c3 0f 1f 44 00 00 45 31 d2 48 8d ac


Stack slot to memory mapping:

stack at sp + 0 slots: 0x00007f7af3c954a0 points into unknown readable memory: 0x00007f7af2907d40 | 40 7d 90 f2 7a 7f 00 00
stack at sp + 1 slots: 0x00007f7aeb7c4d60 points into unknown readable memory: 0x0000000000000000 | 00 00 00 00 00 00 00 00
stack at sp + 2 slots: 0x00007f7b6dd6f2d0 points into unknown readable memory: 0x00007f7b6de3d1b0 | b0 d1 e3 6d 7b 7f 00 00
stack at sp + 3 slots: 0x00007f7b6df03190 points into unknown readable memory: 0x00007f7b6dd6f2d0 | d0 f2 d6 6d 7b 7f 00 00
stack at sp + 4 slots: 0x0 is null
stack at sp + 5 slots: 0xf8213ff781ebb000 is an unknown value
stack at sp + 6 slots: 0x0 is null
stack at sp + 7 slots: 0x0000000000001000 is an unknown value

Lock stack of current Java thread (top to bottom):


Compiled method (n/a) 224662 2208     n 0       org.lwjgl.opengl.GL11::nglDrawElements (native)
 total in heap  [0x00007f7b979c6e08,0x00007f7b979c7068] = 608
 main code      [0x00007f7b979c6f00,0x00007f7b979c705d] = 349
 stub code      [0x00007f7b979c705d,0x00007f7b979c7060] = 3
 oops           [0x00007f7b979c7060,0x00007f7b979c7068] = 8
 mutable data [0x00007f7b2dc1b760,0x00007f7b2dc1b780] = 32
 relocation     [0x00007f7b2dc1b760,0x00007f7b2dc1b780] = 32

[Constant Pool (empty)]


Loading hsdis library failed, undisassembled code is shown in MachCode section
[MachCode]
[Entry Point]
  # {method} {0x00007f7b5c5783c0} 'nglDrawElements' '(IIIJJ)V' in 'org/lwjgl/opengl/GL11'
  # parm0:    rsi       = int
  # parm1:    rdx       = int
  # parm2:    rcx       = int
  # parm3:    r8:r8     = long
  # parm4:    r9:r9     = long
  #           [sp+0x60]  (sp of caller)
  0x00007f7b979c6f00: 6690 448b | 5608 443b 

  0x00007f7b979c6f08: ;   {runtime_call Shared Runtime ic_miss_blob}
  0x00007f7b979c6f08: 5008 0f85 | d0d7 9bff 
[Verified Entry Point]
  0x00007f7b979c6f10: 8984 2400 | c0fe ff55 | 488b ec48 | 83ec 5090 | 4181 7f20 | 1d00 0000 

  0x00007f7b979c6f28: ;   {runtime_call Stub::Stub Generator method_entry_barrier_stub}
  0x00007f7b979c6f28: 7405 e8d1 | 4e9a ff4c | 890c 244d | 8bc8 4c8b | c148 8bca 

  0x00007f7b979c6f3c: ;   {oop(a 'java/lang/Class'{0x00000007ffd2a090} = 'org/lwjgl/opengl/GL11')}
  0x00007f7b979c6f3c: 488b d649 | be90 a0d2 | ff07 0000 | 004c 8974 | 2438 4c8d | 7424 3849 | 8bf6 c5f8 

  0x00007f7b979c6f58: ;   {internal_word}
  0x00007f7b979c6f58: 7749 ba56 | 6f9c 977b | 7f00 004d | 8997 7004 | 0000 4989 | a768 0400 | 0049 8dbf | 8804 0000 
  0x00007f7b979c6f78: 41c7 8704 | 0500 0004 

  0x00007f7b979c6f80: ;   {runtime_call Java_org_lwjgl_opengl_GL11_nglDrawElements}
  0x00007f7b979c6f80: 0000 00e8 | 988c 88c3 | c5f8 7741 | c787 0405 | 0000 0500 | 0000 f083 | 4424 c000 | 493b 6f28 
  0x00007f7b979c6fa0: 0f87 0e00 | 0000 4183 | bf00 0500 | 0000 0f84 | 1c00 0000 | c5f8 7749 | 8bff 4c8b | e448 83ec 
  0x00007f7b979c6fc0: 0048 83e4 

  0x00007f7b979c6fc4: ;   {runtime_call}
  0x00007f7b979c6fc4: f0e8 168a | c117 498b | e44d 33e4 | 41c7 8704 | 0500 0008 | 0000 0041 | 83bf 8805 | 0000 020f 
  0x00007f7b979c6fe4: 8459 0000 | 0049 c787 | 6804 0000 | 0000 0000 | 49c7 8770 | 0400 0000 | 0000 00c5 | f877 498b 
  0x00007f7b979c7004: 8fe8 0400 | 00c7 8100 | 0100 0000 | 0000 00c9 

  0x00007f7b979c7014: ;   {poll_return}
  0x00007f7b979c7014: 41f6 4728 

  0x00007f7b979c7018: ;   {internal_word}
  0x00007f7b979c7018: 0174 1649 | ba14 709c | 977b 7f00 | 004d 8997 | 1005 0000 

  0x00007f7b979c702c: ;   {runtime_call SafepointBlob}
  0x00007f7b979c702c: e92f fb9b | ff49 837f | 0800 0f85 | 0100 0000 

  0x00007f7b979c703c: ;   {runtime_call Stub::Stub Generator forward_exception_stub}
  0x00007f7b979c703c: c3e9 9e04 | 97ff c5f8 | 774c 8be4 | 4883 ec00 | 4883 e4f0 

  0x00007f7b979c7050: ;   {runtime_call}
  0x00007f7b979c7050: e87b 1411 | 1849 8be4 | 4d33 e4eb | 8cf4 f4f4 
[/MachCode]


Compiled method (c2) 224665 3743       4       com.badlogic.gdx.graphics.g2d.SpriteBatch::flush (185 bytes)
 total in heap  [0x00007f7b97b05d88,0x00007f7b97b08f48] = 12736
 main code      [0x00007f7b97b05e80,0x00007f7b97b08eb0] = 12336
 stub code      [0x00007f7b97b08eb0,0x00007f7b97b08f40] = 144
 oops           [0x00007f7b97b08f40,0x00007f7b97b08f48] = 8
 mutable data [0x00007f7af39b0be0,0x00007f7af39b12b0] = 1744
 relocation     [0x00007f7af39b0be0,0x00007f7af39b0f90] = 944
 metadata       [0x00007f7af39b0f90,0x00007f7af39b12b0] = 800
 immutable data [0x00007f7af3973330,0x00007f7af39759fc] = 9932
 dependencies   [0x00007f7af3973330,0x00007f7af3973440] = 272
 nul chk table  [0x00007f7af3973440,0x00007f7af39735f0] = 432
 handler table  [0x00007f7af39735f0,0x00007f7af39736e0] = 240
 scopes pcs     [0x00007f7af39736e0,0x00007f7af3974100] = 2592
 scopes data    [0x00007f7af3974100,0x00007f7af39759f8] = 6392

[Constant Pool (empty)]


Loading hsdis library failed, undisassembled code is shown in MachCode section
[MachCode]
[Instructions begin]
  0x00007f7b97b05e80: 6690 448b | 5608 443b 

  0x00007f7b97b05e88: ;   {runtime_call Shared Runtime ic_miss_blob}
  0x00007f7b97b05e88: 5008 0f85 | 50e8 87ff 
[Verified Entry Point]
  0x00007f7b97b05e90: 8984 2400 | c0fe ff55 | 4881 ec90 | 0000 0090 | 4181 7f20 | 1d00 0000 | 0f85 f62f | 0000 4c8b 
  0x00007f7b97b05eb0: ce44 8b5e | 0c45 85db | 0f84 810f | 0000 448b | 462c 458b | d341 c1fa | 1f4d 63db | 4d69 db67 
  0x00007f7b97b05ed0: 6666 6649 | c1fb 2345 | 8bdb 452b | da45 3bd8 | 0f8f 9112 | 0000 ff46 | 2844 8b56 | 3cff 4624 
  0x00007f7b97b05ef0: ; implicit exception: dispatches to 0x00007f7b97b08b38
  0x00007f7b97b05ef0: 478b 44d4 | 0c43 8b4c 

  0x00007f7b97b05ef8: ;   {oop(a 'java/lang/Class'{0x000000070c1bdd00} = 'com/badlogic/gdx/Gdx')}
  0x00007f7b97b05ef8: d410 49ba | 00dd 1b0c | 0700 0000 | 418b 9290 | 0000 0045 | 8b54 d408 | 428d 1c9d | 0000 0000 
  0x00007f7b97b05f18: 428d 1c5b 

  0x00007f7b97b05f1c: ;   {metadata('com/badlogic/gdx/backends/lwjgl/LwjglGL20')}
  0x00007f7b97b05f1c: 4181 fa00 | 8008 010f | 85ff 1b00 

  0x00007f7b97b05f28: ;   {oop(a 'java/lang/Class'{0x000000070c199dd8} = 'org/lwjgl/opengl/GLContext')}
  0x00007f7b97b05f28: 0049 bad8 | 9d19 0c07 | 0000 0045 | 8b5a 7c43 | 8b7c dc0c | 4c8b d749 | c1e2 0349 | 8b97 5004 
  0x00007f7b97b05f48: 0000 488b | 124c 3bd2 | 0f85 da1d | 0000 438b | 6cdc 1085 | ed0f 840d | 1f00 0049 | 8bbc ec30 
  0x00007f7b97b05f68: 1900 0048 | 85ff 0f84 | 241f 0000 | 4889 5424 | 1089 5c24 | 0848 8bee | 418b f08b | d148 8bcf 
  0x00007f7b97b05f88: ;   {static_call}
  0x00007f7b97b05f88: c5f8 77e8 

  0x00007f7b97b05f8c: ; ImmutableOopMap {rbp=Oop [16]=Oop }
                      ;*invokestatic nglBindTexture {reexecute=0 rethrow=0 return_oop=0}
                      ; - org.lwjgl.opengl.GL11::glBindTexture@16 (line 654)
                      ; - com.badlogic.gdx.backends.lwjgl.LwjglGL20::glBindTexture@2 (line 93)
                      ; - com.badlogic.gdx.graphics.GLTexture::bind@11 (line 66)
                      ; - com.badlogic.gdx.graphics.g2d.SpriteBatch::flush@58 (line 962)
  0x00007f7b97b05f8c: 009a dfff 

  0x00007f7b97b05f90: ;   {post_call_nop}
  0x00007f7b97b05f90: 0f1f 8400 | 0802 0000 | 488b cd44 | 8b49 3444 | 8b41 3844 | 8b59 0c43 | 8b6c cc10 

  0x00007f7b97b05fac: ; implicit exception: dispatches to 0x00007f7b97b08ba4
  0x00007f7b97b05fac: 458b 54ec 

  0x00007f7b97b05fb0: ;   {metadata('com/badlogic/gdx/graphics/glutils/VertexArray')}
  0x00007f7b97b05fb0: 0841 81fa | 005e 0901 | 0f85 961b | 0000 498d | 1cec 8b53 | 1841 8b74 | d408 468d | 149d 0000 
  0x00007f7b97b05fd0: ;   {metadata('java/nio/DirectByteBuffer')}
  0x00007f7b97b05fd0: 0000 81fe | 982a 2e00 | 0f85 a21b | 0000 498d | 3cd4 8b6f | 2044 3bd5 | 0f8f ee1e | 0000 4585 
  0x00007f7b97b05ff0: d20f 8c25 | 1f00 0044 | 8957 1c8b | 6f18 413b | ea0f 8f51 | 1f00 008b | 6f0c 413b | ea0f 8f85 
  0x00007f7b97b06010: 1f00 0048 | 8bef 4889 | 5c24 2844 | 895c 2420 | 4889 4c24 | 184f 8d14 | cc4c 8954 | 2430 4489 
  0x00007f7b97b06030: 4c24 0c49 | 8bf0 48c1 | e603 4533 | c048 8bd7 | 418b cb90 

  0x00007f7b97b06044: ;   {static_call}
  0x00007f7b97b06044: c5f8 77e8 

  0x00007f7b97b06048: ; ImmutableOopMap {rbp=Oop [12]=NarrowOop [16]=Oop [24]=Oop [40]=Oop [48]=Oop }
                      ;*invokestatic copyJni {reexecute=0 rethrow=0 return_oop=0}
                      ; - com.badlogic.gdx.utils.BufferUtils::copy@35 (line 54)
                      ; - com.badlogic.gdx.graphics.glutils.VertexArray::setVertices@7 (line 84)
                      ; - com.badlogic.gdx.graphics.Mesh::setVertices@7 (line 197)
                      ; - com.badlogic.gdx.graphics.g2d.SpriteBatch::flush@76 (line 964)
  0x00007f7b97b06048: c441 eaff 

  0x00007f7b97b0604c: ;   {post_call_nop}
  0x00007f7b97b0604c: 0f1f 8400 | c402 0001 | 4c8b d541 | 8b6a 1c85 | ed0f 8c75 | 1f00 0041 | 8b6a 0c85 | ed0f 8fa5 
  0x00007f7b97b0606c: 1f00 0045 | 8962 184c | 8b54 2428 | 458b 4214 

  0x00007f7b97b0607c: ; implicit exception: dispatches to 0x00007f7b97b08bf0
  0x00007f7b97b0607c: 438b 6cc4 | 1c85 ed0f | 8cc7 1f00 | 0043 8b4c | c40c 85c9 | 0f8f f21f | 0000 4789 | 64c4 1843 
  0x00007f7b97b0609c: 8b6c c420 | 448b 5c24 | 2044 3bdd | 0f8f 1620 | 0000 4585 | db0f 8c39 | 2000 0047 | 895c c41c 
  0x00007f7b97b060bc: 413b cb0f | 8f4b 2000 | 0044 8b54 | 240c 438b | 6cd4 1445 | 8b5c ec08 

  0x00007f7b97b060d4: ;   {metadata('com/badlogic/gdx/graphics/glutils/IndexArray')}
  0x00007f7b97b060d4: 4181 fb78 | 6509 010f | 85d7 1a00 | 004d 8d1c | ec45 8b43 | 1043 8b6c | c41c 85ed | 0f8c 3e20 
  0x00007f7b97b060f4: 0000 438b | 4cc4 0c85 | c90f 8f55 | 2000 0047 | 8964 c418 | 438b 6cc4 | 2044 8b5c | 2408 443b 
  0x00007f7b97b06114: dd0f 8f61 | 2000 0045 | 85db 0f8c | 8c20 0000 | 4789 5cc4 | 1c41 3bcb | 0f8f 9e20 | 0000 488b 
  0x00007f7b97b06134: 4c24 180f | b669 3185 | ed0f 85b1 

  0x00007f7b97b06140: ;   {oop(a 'java/lang/Class'{0x000000070c1bdd00} = 'com/badlogic/gdx/Gdx')}
  0x00007f7b97b06140: 2000 0049 | b800 dd1b | 0c07 0000 | 0041 8ba8 | 9000 0000 

  0x00007f7b97b06154: ; implicit exception: dispatches to 0x00007f7b97b08c38
  0x00007f7b97b06154: 458b 44ec 

  0x00007f7b97b06158: ;   {metadata('com/badlogic/gdx/backends/lwjgl/LwjglGL20')}
  0x00007f7b97b06158: 0841 81f8 | 0080 0801 | 0f85 6a1a 

  0x00007f7b97b06164: ;   {oop(a 'java/lang/Class'{0x000000070c199dd8} = 'org/lwjgl/opengl/GLContext')}
  0x00007f7b97b06164: 0000 49b8 | d89d 190c | 0700 0000 | 458b 487c 

  0x00007f7b97b06174: ; implicit exception: dispatches to 0x00007f7b97b08c50
  0x00007f7b97b06174: 438b 6ccc | 0c4c 8bc5 | 49c1 e003 | 488b 5c24 | 104c 3bc3 | 0f85 d21b | 0000 438b | 6ccc 1085 
  0x00007f7b97b06194: ed0f 8479 | 2000 0049 | 8b94 ec60 | 1a00 0048 | 85d2 0f84 | 8820 0000 | 488b e9be | e20b 0000 
  0x00007f7b97b061b4: ;   {static_call}
  0x00007f7b97b061b4: c5f8 77e8 

  0x00007f7b97b061b8: ; ImmutableOopMap {rbp=Oop [12]=NarrowOop [16]=Oop [48]=Oop }
                      ;*invokestatic nglEnable {reexecute=0 rethrow=0 return_oop=0}
                      ; - org.lwjgl.opengl.GL11::glEnable@15 (line 1015)
                      ; - com.badlogic.gdx.backends.lwjgl.LwjglGL20::glEnable@1 (line 292)
                      ; - com.badlogic.gdx.graphics.g2d.SpriteBatch::flush@125 (line 971)
  0x00007f7b97b061b8: 5407 ecff 

  0x00007f7b97b061bc: ;   {post_call_nop}
  0x00007f7b97b061bc: 0f1f 8400 | 3404 0002 | 4c8b cd45 | 8b59 1841 | 83fb ff0f | 849f 2000 | 0045 8b51 

  0x00007f7b97b061d8: ;   {oop(a 'java/lang/Class'{0x000000070c1bdd00} = 'com/badlogic/gdx/Gdx')}
  0x00007f7b97b061d8: 1c49 b800 | dd1b 0c07 | 0000 0041 | 8ba8 9000 | 0000 418b 

  0x00007f7b97b061ec: ;   {metadata('com/badlogic/gdx/backends/lwjgl/LwjglGL20')}
  0x00007f7b97b061ec: 4cec 0881 | f900 8008 | 010f 85f5 

  0x00007f7b97b061f8: ;   {oop(a 'java/lang/Class'{0x000000070c199dd8} = 'org/lwjgl/opengl/GLContext')}
  0x00007f7b97b061f8: 1900 0049 | b8d8 9d19 | 0c07 0000 | 0041 8b48 | 7c41 8b6c | cc0c 4c8b | c549 c1e0 | 0348 8b5c 
  0x00007f7b97b06218: 2410 4c3b | c30f 8569 | 1b00 0041 | 8b6c cc10 | 85ed 0f84 | 6020 0000 | 498b 8cec | 2019 0000 
  0x00007f7b97b06238: 4885 c90f | 8473 2000 | 0045 8bc2 | 4889 5c24 | 1849 8be9 | 418b f341 | 8bd0 6690 

  0x00007f7b97b06254: ;   {static_call}
  0x00007f7b97b06254: c5f8 77e8 

  0x00007f7b97b06258: ; ImmutableOopMap {rbp=Oop [12]=NarrowOop [24]=Oop [48]=Oop }
                      ;*invokestatic nglBlendFunc {reexecute=0 rethrow=0 return_oop=0}
                      ; - org.lwjgl.opengl.GL11::glBlendFunc@16 (line 627)
                      ; - com.badlogic.gdx.backends.lwjgl.LwjglGL20::glBlendFunc@2 (line 109)
                      ; - com.badlogic.gdx.graphics.g2d.SpriteBatch::flush@149 (line 972)
  0x00007f7b97b06258: b409 ecff 

  0x00007f7b97b0625c: ;   {post_call_nop}
  0x00007f7b97b0625c: 0f1f 8400 | d404 0003 | 4c8b c545 | 8b50 5045 | 85d2 0f84 | 8020 0000 | 8b4c 2408 | 85c9 0f84 
  0x00007f7b97b0627c: 9020 0000 | 448b 4c24 | 0c43 0fb6 | 7ccc 0c85 | ff0f 8495 | 2000 0043 | 8b6c cc10 

  0x00007f7b97b06298: ; implicit exception: dispatches to 0x00007f7b97b08ca0
  0x00007f7b97b06298: 458b 5cec 

  0x00007f7b97b0629c: ;   {metadata('com/badlogic/gdx/graphics/glutils/VertexArray')}
  0x00007f7b97b0629c: 0841 81fb | 005e 0901 | 0f85 6a19 | 0000 498d | 14ec 448b | 5a10 438b | 5cdc 1841 | 8b44 dc0c 
  0x00007f7b97b062bc: 448b 5a14 

  0x00007f7b97b062c0: ; implicit exception: dispatches to 0x00007f7b97b08ce8
  0x00007f7b97b062c0: 438b 5cdc | 1c44 8bd8 | 897c 242c | 4489 4c24 | 2889 4c24 | 144c 8944 | 2420 448b | 4a18 4889 
  0x00007f7b97b062e0: 5424 08c1 | e302 478b 

  0x00007f7b97b062e8: ;   {metadata('java/nio/DirectByteBuffer')}
  0x00007f7b97b062e8: 44cc 0841 | 81f8 982a | 2e00 0f85 | 4819 0000 | 49c1 e103 | 418b 6920 | 3bdd 0f8f | 4820 0000 
  0x00007f7b97b06308: 85db 0f8c | 7c20 0000 | 4189 591c | 418b 6918 | 3beb 0f8f | bc20 0000 | 418b 690c | 3beb 0f8f 
  0x00007f7b97b06328: ec20 0000 | 418b ca4f | 8d0c d485 | c00f 8606 | 0500 0033 | dbe9 6107 | 0000 33db | 83fa 200f 
  0x00007f7b97b06348: 8c75 0100 | 0045 33d2 | c5dd efe4 | c5c5 efff | c5cd eff6 | c441 3def 

  0x00007f7b97b06360: ;   {external_word}
  0x00007f7b97b06360: c049 bb20 | 66eb af7b | 7f00 0045 | 8b0b c4c1 | 796e c9c4 | e27d 58c9 | 448b da41 | 83e3 e041 
  0x00007f7b97b06380: 0faf d9c4 | 217a 7e24 | 17c4 217a | 7e5c 1708 | c421 7a7e | 5417 10c4 | 217a 7e4c | 1718 c4e2 
  0x00007f7b97b063a0: 5d40 e1c4 | 427d 31e4 | c4c1 5dfe | e4c4 e245 | 40f9 c442 | 7d31 dbc4 | c145 fefb | c4e2 4d40 
  0x00007f7b97b063c0: f1c4 427d | 31d2 c4c1 | 4dfe f2c4 | 623d 40c1 | c442 7d31 | c9c4 413d | fec1 4183 | c220 453b 
  0x00007f7b97b063e0: d37c 9c4a | 8d3c 1f41 

  0x00007f7b97b063e8: ;   {external_word}
  0x00007f7b97b063e8: 2bd3 49bb | 2466 ebaf | 7b7f 0000 | c4c1 7e6f | 03c4 e25d 

  0x00007f7b97b063fc: ;   {external_word}
  0x00007f7b97b063fc: 40e0 49bb | 4466 ebaf | 7b7f 0000 | c4c1 7e6f | 1bc4 e245 

  0x00007f7b97b06410: ;   {external_word}
  0x00007f7b97b06410: 40fb 49bb | 6466 ebaf | 7b7f 0000 | c4c1 7e6f | 13c4 e24d 

  0x00007f7b97b06424: ;   {external_word}
  0x00007f7b97b06424: 40f2 49bb | 8466 ebaf | 7b7f 0000 | c4c1 7e6f | 2bc4 623d | 40c5 c462 | 5d02 e4c4 | 437d 39e3 
  0x00007f7b97b06444: 01c4 4119 | fee3 c442 | 1902 e4c5 | 796e dbc4 | 4119 fee3 | c579 7ee3 | c462 4502 | d7c4 437d 
  0x00007f7b97b06464: 39d1 01c4 | 4129 fed1 | c442 2902 | d2c5 796e | cbc4 4129 | fed1 c579 | 7ed3 c462 | 4d02 e6c4 
  0x00007f7b97b06484: 437d 39e3 | 01c4 4119 | fee3 c442 | 1902 e4c5 | 796e dbc4 | 4119 fee3 | c579 7ee3 | c442 3d02 
  0x00007f7b97b064a4: d0c4 437d | 39d1 01c4 | 4129 fed1 | c442 2902 | d2c5 796e | cbc4 4129 | fed1 c579 | 7ed3 41ba 
  0x00007f7b97b064c4: 0100 0000 | 443b d20f | 8d2e 0000 | 0041 b9c1 | 0300 0041 | 0faf d946 | 0fb6 5c17 | ff45 8bcb 
  0x00007f7b97b064e4: 41c1 e105 | 452b cb41 | 03d9 460f | b60c 1741 | 03d9 4183 | c202 443b | d27c d27f | 1244 8bdb 
  0x00007f7b97b06504: c1e3 0541 | 2bdb 460f | b64c 17ff | 4103 d985 | db0f 8465 | 0c00 0044 | 8b54 244c | 4389 5cd4 
  0x00007f7b97b06524: ;   {other}
  0x00007f7b97b06524: 0c44 8bdb | 0f1f 8400 | 0000 0000 | 458b cb44 | 8b54 2450 | 4723 4cd4 | 2045 8bd1 | 448b 4424 
  0x00007f7b97b06544: 5043 8b6c | c430 458b | 44ec 0c45 | 3bc8 0f83 | b40c 0000 | 4d8d 04ec | 438b 6c88 | 1044 8b4c 
  0x00007f7b97b06564: 244c 443b | cd0f 8455 | 0100 0045 | 8b4c ec08 

  0x00007f7b97b06574: ;   {metadata('java/lang/String')}
  0x00007f7b97b06574: 4181 f968 | 8917 000f | 85ff 2200 | 0044 8b44 | 244c 470f | be4c c410 | 4d8d 04ec | 410f be58 
  0x00007f7b97b06594: 1044 3bcb | 0f85 620f | 0000 458b | 4814 8b4c | 244c 458b | 44cc 1443 | 8b7c cc0c | 438b 4cc4 
  0x00007f7b97b065b4: 0c3b cf0f | 8543 0f00 | 004b 8d74 | cc10 4b8d | 7cc4 1085 | c90f 84dc | 0000 008b | c183 e01f 
  0x00007f7b97b065d4: 83e1 e00f | 8452 0000 | 0048 8d3c | 0f48 8d34 | 0e48 f7d9 | c5fe 6f0c | 0fc5 fe6f | 040e c5f5 
  0x00007f7b97b065f4: efc8 c4e2 | 7d17 c90f | 85b1 0000 | 0048 83c1 | 2075 e185 | c00f 849c | 0000 00c5 | fe6f 4c07 
  0x00007f7b97b06614: e0c5 fe6f | 4406 e0c5 | f5ef c8c4 | e27d 17c9 | 0f85 8800 | 0000 e97c | 0000 008b | c883 e00f 
  0x00007f7b97b06634: 83e1 f00f | 842a 0000 | 0048 8d3c | 0f48 8d34 | 0e48 f7d9 | c5fa 6f0c | 0fc5 fa6f | 040e c5f1 
  0x00007f7b97b06654: efc8 c4e2 | 7917 c90f | 8551 0000 | 0048 83c1 | 1075 e18b | c883 e1fc | 7419 488d 

  0x00007f7b97b06670: ;   {other}
  0x00007f7b97b06670: 3c0f 488d | 340e 48f7 | d98b 1c0f | 3b1c 0e75 | 3148 83c1 | 0475 f2a8 | 0274 120f | b71f 0fb7 
  0x00007f7b97b06690: 0e3b d975 | 1d48 8d7f | 0248 8d76 | 02a8 0174 | 0a0f b61f | 0fb6 0e3b | d975 07b8 | 0100 0000 
  0x00007f7b97b066b0: eb02 33c0 | c5f5 efc9 | c5fd efc0 | 85c0 0f84 | 3c0e 0000 | 448b 5c24 | 5043 8b6c | dc34 458b 
  0x00007f7b97b066d0: 44ec 0c45 | 3bd0 0f83 | a40b 0000 | 4d8d 1cec | 478b 5493 | 1044 8954 | 244c 4585 | d20f 8c4d 
  0x00007f7b97b066f0: ;   {oop(a 'java/lang/Class'{0x000000070c1bdd00} = 'com/badlogic/gdx/Gdx')}
  0x00007f7b97b066f0: 0f00 0049 | ba00 dd1b | 0c07 0000 | 0045 8b9a | 9400 0000 | 448b 4424 | 3843 0fb6 | 6cc4 1d85 
  0x00007f7b97b06710: ed0f 8595 | 0f00 0047 | 8b54 dc08 

  0x00007f7b97b0671c: ;   {metadata('com/badlogic/gdx/backends/lwjgl/LwjglGL20')}
  0x00007f7b97b0671c: 4181 fa00 | 8008 010f | 85a7 0c00 

  0x00007f7b97b06728: ;   {oop(a 'java/lang/Class'{0x000000070c199dd8} = 'org/lwjgl/opengl/GLContext')}
  0x00007f7b97b06728: 0049 bad8 | 9d19 0c07 | 0000 0045 | 8b52 7c43 | 8b6c d40c | 4c8b dd49 | c1e3 034c | 8b44 2418 
  0x00007f7b97b06748: 4d3b d80f | 8577 0e00 | 0043 8b6c | d410 85ed | 0f84 ae0f | 0000 498b | 94ec e823 | 0000 4885 
  0x00007f7b97b06768: d20f 84f5 | 0f00 008b | 7424 4c48 | 8b6c 2430 

  0x00007f7b97b06778: ;   {static_call}
  0x00007f7b97b06778: c5f8 77e8 

  0x00007f7b97b0677c: ; ImmutableOopMap {rbp=Oop [8]=Oop [24]=Oop [32]=Oop [40]=NarrowOop [48]=Oop [56]=NarrowOop [64]=Oop [72]=NarrowOop [88]=Oop }
                      ;*invokestatic nglEnableVertexAttribArray {reexecute=0 rethrow=0 return_oop=0}
                      ; - org.lwjgl.opengl.GL20::glEnableVertexAttribArray@15 (line 912)
                      ; - com.badlogic.gdx.backends.lwjgl.LwjglGL20::glEnableVertexAttribArray@1 (line 296)
                      ; - com.badlogic.gdx.graphics.glutils.ShaderProgram::enableVertexAttribute@10 (line 742)
                      ; - com.badlogic.gdx.graphics.glutils.VertexArray::bind@71 (line 111)
                      ; - com.badlogic.gdx.graphics.Mesh::bind@6 (line 380)
                      ; - com.badlogic.gdx.graphics.Mesh::bind@3 (line 371)
                      ; - com.badlogic.gdx.graphics.Mesh::render@13 (line 479)
                      ; - com.badlogic.gdx.graphics.Mesh::render@10 (line 449)
                      ; - com.badlogic.gdx.graphics.g2d.SpriteBatch::flush@176 (line 975)
  0x00007f7b97b0677c: 9099 e9ff 

  0x00007f7b97b06780: ;   {post_call_nop}
  0x00007f7b97b06780: 0f1f 8400 | f809 0004 | 4c8b 5424 | 0845 8b52 | 1844 8b44 | 2448 478b | 5cc4 1847 | 8b44 d408 
  0x00007f7b97b067a0: ;   {metadata('java/nio/DirectByteBuffer')}
  0x00007f7b97b067a0: 4181 f898 | 2a2e 000f | 85ab 0c00 | 004f 8d04 | d441 8b68 | 1c44 3bdd | 0f8f 2a10 | 0000 4585 
  0x00007f7b97b067c0: db0f 8c99 | 1000 0041 | 8b68 0c41 | 3beb 0f8f | 4011 0000 | 4589 5818 | 4c8b 5c24 | 0845 8b43 
  0x00007f7b97b067e0: 1043 8b7c | c40c 448b | 4424 4843 | 8b4c c410 | 49c1 e203 | 478b 44c4 | 1444 8b4c | 2448 470f 
  0x00007f7b97b06800: b64c cc24 | 488b 7424 | 408b 5424 | 4c4c 8914 | 2448 8b6c | 2430 6690 

  0x00007f7b97b06818: ;   {optimized virtual_call}
  0x00007f7b97b06818: c5f8 77e8 

  0x00007f7b97b0681c: ; ImmutableOopMap {rbp=Oop [8]=Oop [24]=Oop [32]=Oop [40]=NarrowOop [48]=Oop [56]=NarrowOop [64]=Oop }
                      ;*invokevirtual setVertexAttribute {reexecute=0 rethrow=0 return_oop=0}
                      ; - com.badlogic.gdx.graphics.glutils.VertexArray::bind@116 (line 114)
                      ; - com.badlogic.gdx.graphics.Mesh::bind@6 (line 380)
                      ; - com.badlogic.gdx.graphics.Mesh::bind@3 (line 371)
                      ; - com.badlogic.gdx.graphics.Mesh::render@13 (line 479)
                      ; - com.badlogic.gdx.graphics.Mesh::render@10 (line 449)
                      ; - com.badlogic.gdx.graphics.g2d.SpriteBatch::flush@176 (line 975)
  0x00007f7b97b0681c: f04c f4ff 

  0x00007f7b97b06820: ;   {post_call_nop}
  0x00007f7b97b06820: 0f1f 8400 | 980a 0005 | 8b5c 2410 | ffc3 3b5c | 243c 0f8c | 5d02 0000 | 8b4c 2438 | 4c8b 4c24 
  0x00007f7b97b06840: 404c 8b54 | 2408 41c6 | 420c 0144 | 8b54 2428 | 438b 6cd4 | 1445 8b44 

  0x00007f7b97b06858: ;   {metadata('com/badlogic/gdx/graphics/glutils/IndexArray')}
  0x00007f7b97b06858: ec08 4181 | f878 6509 | 010f 8525 | 1400 004d | 8d1c ec41 | 0fb6 6b0c | 85ed 0f85 | dc1b 0000 
  0x00007f7b97b06878: 418b 5b10 

  0x00007f7b97b0687c: ; implicit exception: dispatches to 0x00007f7b97b08d30
  0x00007f7b97b0687c: 418b 54dc | 1c85 d20f | 8e2f 1500 | 0043 0fb6 | 6cd4 0d85 | ed0f 84e5 | 1b00 0045 | 8b5c dc18 
  0x00007f7b97b0689c: 85d2 0f8c | f41b 0000 | 458b 44dc | 0c45 85c0 | 0f8f 3e1c | 0000 4489 | 5c24 2889 | 5424 104c 
  0x00007f7b97b068bc: 894c 2438 | 894c 240c | 4489 5424 | 0845 8964 | dc18 418b | 6cdc 2044 | 8b5c 2414 | 443b dd0f 
  0x00007f7b97b068dc: 8f6f 1c00 | 0044 8b54 | 2414 4589 | 54dc 1c45 | 3bc2 0f8f | 981c 0000 | 895c 2414 

  0x00007f7b97b068f8: ;   {oop(a 'java/lang/Class'{0x000000070c1bdd00} = 'com/badlogic/gdx/Gdx')}
  0x00007f7b97b068f8: 49bb 00dd | 1b0c 0700 | 0000 418b | ab94 0000 | 0045 8b44 

  0x00007f7b97b0690c: ;   {metadata('com/badlogic/gdx/backends/lwjgl/LwjglGL20')}
  0x00007f7b97b0690c: ec08 4181 | f800 8008 | 010f 8599 

  0x00007f7b97b06918: ;   {oop(a 'java/lang/Class'{0x000000070c199dd8} = 'org/lwjgl/opengl/GLContext')}
  0x00007f7b97b06918: 1300 0049 | bbd8 9d19 | 0c07 0000 | 0045 8b43 | 7c43 8b6c | c40c 4c8b | dd49 c1e3 | 034c 8b4c 
  0x00007f7b97b06938: 2418 4d3b | d90f 85a9 | 1400 0047 | 8b5c c410 | 4585 db0f | 8487 1c00 | 004f 8b8c | dc88 1a00 
  0x00007f7b97b06958: 004d 85c9 | 0f84 aa1c | 0000 478b | 84dc ac3f | 0000 438b | 4cc4 1041 | 8b5c cc10 | 418b 6ccc 
  0x00007f7b97b06978: 0c45 8b44 | dc0c 413b | e80f 832d | 1100 004d | 8d04 dc41 | 8b4c a810 

  0x00007f7b97b06990: ; implicit exception: dispatches to 0x00007f7b97b08dc0
  0x00007f7b97b06990: 418b 6ccc | 1885 ed0f | 8567 1400 | 0041 8b6c | cc0c 85ed | 0f85 c61c | 0000 4585 | d20f 8e51 
  0x00007f7b97b069b0: 0700 0041 

  0x00007f7b97b069b4: ;   {oop(a 'org/lwjgl/MemoryUtilSun$AccessorUnsafe'{0x000000070c199dc0})}
  0x00007f7b97b069b4: 8bd2 49ba | c09d 190c | 0700 0000 | 4d8b 5a10 | 453b 620c | 0f84 3a11 | 0000 448b | 4424 144b 
  0x00007f7b97b069d4: 8d2c c44e | 8b44 1d00 | be04 0000 | 00b9 0314 | 0000 6690 

  0x00007f7b97b069e8: ;   {static_call}
  0x00007f7b97b069e8: c5f8 77e8 

  0x00007f7b97b069ec: ; ImmutableOopMap {rbp=Oop [8]=NarrowOop [12]=NarrowOop [20]=NarrowOop [24]=Oop [32]=Oop [48]=Oop [56]=Oop }
                      ;*invokestatic nglDrawElements {reexecute=0 rethrow=0 return_oop=0}
                      ; - org.lwjgl.opengl.GL11::glDrawElements@34 (line 1110)
                      ; - com.badlogic.gdx.backends.lwjgl.LwjglGL20::glDrawElements@21 (line 281)
                      ; - com.badlogic.gdx.graphics.Mesh::render@88 (line 488)
                      ; - com.badlogic.gdx.graphics.Mesh::render@10 (line 449)
                      ; - com.badlogic.gdx.graphics.g2d.SpriteBatch::flush@176 (line 975)
  0x00007f7b97b069ec: 2005 ecff 

  0x00007f7b97b069f0: ;   {post_call_nop}
  0x00007f7b97b069f0: 0f1f 8400 | 680c 0006 | 448b 4424 | 1443 8b6c | c41c 448b | 5424 2844 | 3bd5 0f8f | 981c 0000 
  0x00007f7b97b06a10: 4585 d20f | 8ccf 1c00 | 0047 8b4c | c40c 453b | ca0f 8fe5 | 1c00 0047 | 8954 c418 | 438b 6cc4 
  0x00007f7b97b06a30: 2044 8b5c | 2410 443b | dd0f 8f0d | 1d00 0047 | 895c c41c | 453b d30f | 8f2b 1d00 | 0045 3bcb 
  0x00007f7b97b06a50: 0f8f 421d | 0000 448b | 4c24 0843 | 8b6c cc10 

  0x00007f7b97b06a60: ; implicit exception: dispatches to 0x00007f7b97b08dd8
  0x00007f7b97b06a60: 458b 54ec 

  0x00007f7b97b06a64: ;   {metadata('com/badlogic/gdx/graphics/glutils/VertexArray')}
  0x00007f7b97b06a64: 0841 81fa | 005e 0901 | 0f85 8a12 | 0000 498d | 0cec 448b | 5910 478b | 54dc 1847 | 8b54 d40c 
  0x00007f7b97b06a84: 4585 d20f | 866c 0300 | 0045 33c0 | e9cf 0300 | 008b 4c24 | 3844 8b5c | 243c 4c8b | 4c24 404c 
  0x00007f7b97b06aa4: 8b44 2408 | 458b 5010 

  0x00007f7b97b06aac: ; implicit exception: dispatches to 0x00007f7b97b08954
  0x00007f7b97b06aac: 478b 54d4 | 1889 5c24 | 104c 894c | 2440 4489 | 5c24 3c89 | 4c24 3847 | 8b5c d40c | 413b db0f 
  0x00007f7b97b06acc: 83f1 0600 | 0049 c1e2 | 0345 8b54 | 9a10 4489 | 5424 4847 | 8b5c d428 | 4489 5c24 | 4c45 8b54 
  0x00007f7b97b06aec: cc34 4489 | 5424 5045 | 85d2 0f84 | f406 0000 | 448b 5424 | 4c47 8b5c | d40c 448b | 4424 484f 
  0x00007f7b97b06b0c: 8d14 c44c | 8954 2458 | 4585 db0f | 8513 faff | ff44 8b54 | 244c 470f | b65c d411 | 4585 db0f 
  0x00007f7b97b06b2c: 85da 0500 | 0045 8bda | 438b 6cdc | 1443 807c | dc10 000f | 85d5 0500 | 0041 8b54 | ec0c 498d 
  0x00007f7b97b06b4c: 7cec 1083 | fa02 0f8d | eaf7 ffff | 83fa 010f | 8577 1c00 | 0085 d20f 

  0x00007f7b97b06b64: ;   {other}
  0x00007f7b97b06b64: 8681 1c00 | 0044 0fb6 | 1f41 8bdb | e99e f9ff | ff66 6666 | 0f1f 8400 | 0000 0000 | 4489 4c24 
  0x00007f7b97b06b84: 0848 894c | 2410 4489 | 5424 2844 | 8944 242c | 8954 2440 | 4489 5c24 | 4489 4424 | 4844 8bd6 
  0x00007f7b97b06ba4: 448b 5c24 | 4844 8bce | 4723 4cdc | 2045 8bd9 | 448b 4424 | 4843 8b6c | c430 458b | 44ec 0c45 
  0x00007f7b97b06bc4: 3bc8 0f83 | 4807 0000 | 4d8d 04ec | 438b 6c88 | 1044 8b4c | 2440 443b | cd0f 8451 | 0100 0045 
  0x00007f7b97b06be4: 8b44 ec08 

  0x00007f7b97b06be8: ;   {metadata('java/lang/String')}
  0x00007f7b97b06be8: 4181 f868 | 8917 000f | 85eb 1c00 | 0047 0fbe | 44cc 104d | 8d0c ec41 | 0fbe 4910 | 443b c10f 
  0x00007f7b97b06c08: 8577 0900 | 0045 8b41 | 148b 4c24 | 4041 8b5c | cc14 478b | 4cc4 0c41 | 8b4c dc0c | 413b c90f 
  0x00007f7b97b06c28: 8557 0900 | 004b 8d74 | c410 498d | 7cdc 1085 | c90f 84dc | 0000 008b | c183 e01f | 83e1 e00f 
  0x00007f7b97b06c48: 8452 0000 | 0048 8d3c | 0f48 8d34 | 0e48 f7d9 | c5fe 6f0c | 0fc5 fe6f | 040e c5f5 | efc8 c4e2 
  0x00007f7b97b06c68: 7d17 c90f | 85b1 0000 | 0048 83c1 | 2075 e185 | c00f 849c | 0000 00c5 | fe6f 4c07 | e0c5 fe6f 
  0x00007f7b97b06c88: 4406 e0c5 | f5ef c8c4 | e27d 17c9 | 0f85 8800 | 0000 e97c | 0000 008b | c883 e00f | 83e1 f00f 
  0x00007f7b97b06ca8: 842a 0000 | 0048 8d3c | 0f48 8d34 | 0e48 f7d9 | c5fa 6f0c | 0fc5 fa6f | 040e c5f1 | efc8 c4e2 
  0x00007f7b97b06cc8: 7917 c90f | 8551 0000 | 0048 83c1 | 1075 e18b | c883 e1fc | 7419 488d | 3c0f 488d 

  0x00007f7b97b06ce4: ;   {other}
  0x00007f7b97b06ce4: 340e 48f7 | d98b 1c0f | 3b1c 0e75 | 3148 83c1 | 0475 f2a8 | 0274 120f | b71f 0fb7 | 0e3b d975 
  0x00007f7b97b06d04: 1d48 8d7f | 0248 8d76 | 02a8 0174 | 0a0f b61f | 0fb6 0e3b | d975 07b8 | 0100 0000 | eb02 33c0 
  0x00007f7b97b06d24: c5f5 efc9 | c5fd efc0 | 85c0 0f84 | 5008 0000 | 448b 5424 | 4843 8b6c | d434 458b | 54ec 0c45 
  0x00007f7b97b06d44: 3bda 0f83 | 3c06 0000 | 4d8d 14ec | 478b 549a | 1041 83fa | fe0f 8469 | 0c00 0045 | 8bc2 4183 
  0x00007f7b97b06d64: faff 0f84 | a00c 0000 | 448b 5424 | 4447 8b5c 

  0x00007f7b97b06d74: ;   {metadata('com/badlogic/gdx/backends/lwjgl/LwjglGL20')}
  0x00007f7b97b06d74: d408 4181 | fb00 8008 | 010f 855d 

  0x00007f7b97b06d80: ;   {oop(a 'java/lang/Class'{0x000000070c199dd8} = 'org/lwjgl/opengl/GLContext')}
  0x00007f7b97b06d80: 0700 0049 | bad8 9d19 | 0c07 0000 | 0045 8b5a | 7c43 8b6c | dc0c 4c8b | d549 c1e2 | 034c 8b4c 
  0x00007f7b97b06da0: 2418 4d3b | d10f 8559 | 0800 0043 | 8b6c dc10 | 85ed 0f84 | 740c 0000 | 498b 94ec | f023 0000 
  0x00007f7b97b06dc0: 4885 d20f | 849b 0c00 | 0045 8bd0 | 418b f290 

  0x00007f7b97b06dd0: ;   {static_call}
  0x00007f7b97b06dd0: c5f8 77e8 

  0x00007f7b97b06dd4: ; ImmutableOopMap {[8]=NarrowOop [12]=NarrowOop [16]=Oop [24]=Oop [32]=Oop [48]=Oop [56]=Oop }
                      ;*invokestatic nglDisableVertexAttribArray {reexecute=0 rethrow=0 return_oop=0}
                      ; - org.lwjgl.opengl.GL20::glDisableVertexAttribArray@15 (line 920)
                      ; - com.badlogic.gdx.backends.lwjgl.LwjglGL20::glDisableVertexAttribArray@1 (line 272)
                      ; - com.badlogic.gdx.graphics.glutils.ShaderProgram::disableVertexAttribute@22 (line 719)
                      ; - com.badlogic.gdx.graphics.glutils.VertexArray::unbind@34 (line 145)
                      ; - com.badlogic.gdx.graphics.Mesh::unbind@6 (line 398)
                      ; - com.badlogic.gdx.graphics.Mesh::unbind@3 (line 389)
                      ; - com.badlogic.gdx.graphics.Mesh::render@178 (line 501)
                      ; - com.badlogic.gdx.graphics.Mesh::render@10 (line 449)
                      ; - com.badlogic.gdx.graphics.g2d.SpriteBatch::flush@176 (line 975)
  0x00007f7b97b06dd4: 3899 e9ff 

  0x00007f7b97b06dd8: ;   {post_call_nop}
  0x00007f7b97b06dd8: 0f1f 8400 | 5010 0007 | 448b 4424 | 2c41 ffc0 | 443b 4424 | 287c 6644 | 8b4c 2408 | 488b 4c24 
  0x00007f7b97b06df8: 1044 8861 | 0c43 8b6c | cc14 458b 

  0x00007f7b97b06e04: ;   {metadata('com/badlogic/gdx/graphics/glutils/IndexArray')}
  0x00007f7b97b06e04: 54ec 0841 | 81fa 7865 | 0901 0f85 | 000f 0000 | 4d8d 14ec | 410f b66a | 0c85 ed0f | 8597 1900 
  0x00007f7b97b06e24: 0045 8b52 | 1043 8b6c | d41c 85ed | 0f8e 2210 | 0000 4c8b | 5424 2045 | 8962 0cc5 | f877 4881 
  0x00007f7b97b06e44: c490 0000 

  0x00007f7b97b06e48: ;   {poll_return}
  0x00007f7b97b06e48: 005d 493b | 6728 0f87 | 3a20 0000 | c344 8b4c | 2408 488b | 4c24 1044 | 8b54 2428 | 448b 5910 
  0x00007f7b97b06e68: ; implicit exception: dispatches to 0x00007f7b97b08a48
  0x00007f7b97b06e68: 438b 6cdc | 1841 8b5c | ec0c 443b | c30f 834d | 0400 004d | 8d1c ec47 | 8b5c 8310 

  0x00007f7b97b06e84: ; implicit exception: dispatches to 0x00007f7b97b08a78
  0x00007f7b97b06e84: 438b 54dc | 288b 5c24 | 0c41 0fb6 

  0x00007f7b97b06e90: ;   {oop(a 'java/lang/Class'{0x000000070c1bdd00} = 'com/badlogic/gdx/Gdx')}
  0x00007f7b97b06e90: 44dc 1d49 | bb00 dd1b | 0c07 0000 | 0045 8b9b | 9400 0000 | 85c0 0f85 | e00a 0000 | 418b 44dc 
  0x00007f7b97b06eb0: 3485 c00f | 8443 0400 | 0041 8b74 | d40c 85f6 | 0f85 bafc | ffff 8944 | 2448 4489 | 5c24 4489 
  0x00007f7b97b06ed0: 5424 4044 | 8944 242c | 4489 5424 | 2848 894c | 2410 4489 | 4c24 0845 | 0fb6 54d4 | 1145 85d2 
  0x00007f7b97b06ef0: 0f85 1d02 | 0000 418b | 6cd4 1441 | 807c d410 | 000f 8544 | 0200 0041 | 8b54 ec0c | 498d 7cec 
  0x00007f7b97b06f10: 1083 fa02 | 0f8c 8b02 | 0000 33db | 83fa 200f | 8c75 0100 | 0045 33c0 | c5d5 efed | c5cd eff6 
  0x00007f7b97b06f30: c5c5 efff | c441 3def 

  0x00007f7b97b06f38: ;   {external_word}
  0x00007f7b97b06f38: c049 ba20 | 66eb af7b | 7f00 0045 | 8b1a c4c1 | 796e c3c4 | e27d 58c0 | 448b d241 | 83e2 e041 
  0x00007f7b97b06f58: 0faf dbc4 | 217a 7e14 | 07c4 217a | 7e4c 0708 | c421 7a7e | 5c07 10c4 | 217a 7e64 | 0718 c4e2 
  0x00007f7b97b06f78: 5540 e8c4 | 427d 31d2 | c4c1 55fe | eac4 e24d | 40f0 c442 | 7d31 c9c4 | c14d fef1 | c4e2 4540 
  0x00007f7b97b06f98: f8c4 427d | 31db c4c1 | 45fe fbc4 | 623d 40c0 | c442 7d31 | e4c4 413d | fec4 4183 | c020 453b 
  0x00007f7b97b06fb8: c27c 9c4a | 8d3c 1741 

  0x00007f7b97b06fc0: ;   {external_word}
  0x00007f7b97b06fc0: 2bd2 49ba | 2466 ebaf | 7b7f 0000 | c4c1 7e6f | 0ac4 e255 

  0x00007f7b97b06fd4: ;   {external_word}
  0x00007f7b97b06fd4: 40e9 49ba | 4466 ebaf | 7b7f 0000 | c4c1 7e6f | 12c4 e24d 

  0x00007f7b97b06fe8: ;   {external_word}
  0x00007f7b97b06fe8: 40f2 49ba | 6466 ebaf | 7b7f 0000 | c4c1 7e6f | 1ac4 e245 

  0x00007f7b97b06ffc: ;   {external_word}
  0x00007f7b97b06ffc: 40fb 49ba | 8466 ebaf | 7b7f 0000 | c4c1 7e6f | 22c4 623d | 40c4 c462 | 5502 d5c4 | 437d 39d1 
  0x00007f7b97b0701c: 01c4 4129 | fed1 c442 | 2902 d2c5 | 796e cbc4 | 4129 fed1 | c579 7ed3 | c462 4d02 | dec4 437d 
  0x00007f7b97b0703c: 39dc 01c4 | 4121 fedc | c442 2102 | dbc5 796e | e3c4 4121 | fedc c579 | 7edb c462 | 4502 d7c4 
  0x00007f7b97b0705c: 437d 39d1 | 01c4 4129 | fed1 c442 | 2902 d2c5 | 796e cbc4 | 4129 fed1 | c579 7ed3 | c442 3d02 
  0x00007f7b97b0707c: d8c4 437d | 39dc 01c4 | 4121 fedc | c442 2102 | dbc5 796e | e3c4 4121 | fedc c579 | 7edb 41b8 
  0x00007f7b97b0709c: 0100 0000 | 443b c20f | 8d2e 0000 | 0041 bbc1 | 0300 0041 | 0faf db46 | 0fb6 5407 | ff45 8bda 
  0x00007f7b97b070bc: 41c1 e305 | 452b da41 | 03db 460f | b61c 0741 | 03db 4183 | c002 443b | c27c d27f | 1244 8bd3 
  0x00007f7b97b070dc: c1e3 0541 | 2bda 460f | b65c 07ff | 4103 db8b | f385 f60f | 849e 0000 | 0044 8b54 | 2440 4389 
  0x00007f7b97b070fc: ;   {other}
  0x00007f7b97b070fc: 74d4 0ce9 | 9dfa ffff | 33d2 e9ab | f8ff ff45 | 33db e91d | f4ff ff33 | f6e9 87fa | ffff 488b 
  0x00007f7b97b0711c: f548 c1e6 | 034f 8d14 | dc44 8b44 | 2450 4b8d | 2cc4 4c89 | 5424 7090 

  0x00007f7b97b07134: ;   {static_call}
  0x00007f7b97b07134: c5f8 77e8 

  0x00007f7b97b07138: ; ImmutableOopMap {rbp=Oop [8]=Oop [24]=Oop [32]=Oop [40]=NarrowOop [48]=Oop [56]=NarrowOop [64]=Oop [72]=NarrowOop [76]=NarrowOop [80]=NarrowOop [88]=Oop [112]=Oop }
                      ;*invokestatic hashCode {reexecute=0 rethrow=0 return_oop=0}
                      ; - java.lang.String::hashCode@37 (line 2720)
                      ; - com.badlogic.gdx.utils.ObjectIntMap::get@1 (line 279)
                      ; - com.badlogic.gdx.graphics.glutils.ShaderProgram::getAttributeLocation@6 (line 865)
                      ; - com.badlogic.gdx.graphics.glutils.VertexArray::bind@55 (line 109)
                      ; - com.badlogic.gdx.graphics.Mesh::bind@6 (line 380)
                      ; - com.badlogic.gdx.graphics.Mesh::bind@3 (line 371)
                      ; - com.badlogic.gdx.graphics.Mesh::render@13 (line 479)
                      ; - com.badlogic.gdx.graphics.Mesh::render@10 (line 449)
                      ; - com.badlogic.gdx.graphics.g2d.SpriteBatch::flush@176 (line 975)
  0x00007f7b97b07138: a4de 87ff 

  0x00007f7b97b0713c: ;   {post_call_nop}
  0x00007f7b97b0713c: 0f1f 8400 | b413 0008 | 8bd8 e9c8 | f3ff ff48 | 8bf5 48c1 | e603 4d8d | 14c4 498d | 2cd4 4c89 
  0x00007f7b97b0715c: 5424 5890 

  0x00007f7b97b07160: ;   {static_call}
  0x00007f7b97b07160: c5f8 77e8 

  0x00007f7b97b07164: ; ImmutableOopMap {rbp=Oop [8]=NarrowOop [12]=NarrowOop [16]=Oop [24]=Oop [32]=Oop [48]=Oop [56]=Oop [64]=NarrowOop [68]=NarrowOop [72]=NarrowOop [88]=Oop }
                      ;*invokestatic hashCode {reexecute=0 rethrow=0 return_oop=0}
                      ; - java.lang.String::hashCode@37 (line 2720)
                      ; - com.badlogic.gdx.utils.ObjectIntMap::get@1 (line 279)
                      ; - com.badlogic.gdx.graphics.glutils.ShaderProgram::fetchAttributeLocation@11 (line 290)
                      ; - com.badlogic.gdx.graphics.glutils.ShaderProgram::disableVertexAttribute@10 (line 717)
                      ; - com.badlogic.gdx.graphics.glutils.VertexArray::unbind@34 (line 145)
                      ; - com.badlogic.gdx.graphics.Mesh::unbind@6 (line 398)
                      ; - com.badlogic.gdx.graphics.Mesh::unbind@3 (line 389)
                      ; - com.badlogic.gdx.graphics.Mesh::render@178 (line 501)
                      ; - com.badlogic.gdx.graphics.Mesh::render@10 (line 449)
                      ; - com.badlogic.gdx.graphics.g2d.SpriteBatch::flush@176 (line 975)
  0x00007f7b97b07164: 78de 87ff 

  0x00007f7b97b07168: ;   {post_call_nop}
  0x00007f7b97b07168: 0f1f 8400 | e013 0009 | 8bf0 e976 | ffff ff44 | 895e 2ce9 | 66ed ffff | 448b 5c24 | 4c43 c644 
  0x00007f7b97b07188: dc11 0145 | 33db e99d | f3ff ff44 | 8b5c 2440 | 43c6 44dc | 1101 33f6 | e9fc f9ff | ff83 fa01 
  0x00007f7b97b071a8: 0f85 3516 | 0000 85d2 | 0f86 6e16 | 0000 440f | b617 418b | f2e9 2bff | ffff bee4 | ffff ff48 
  0x00007f7b97b071c8: 8b6c 2408 | 4489 5424 | 0c48 ff74 | 2420 488f | 4424 1889 | 4c24 3090 

  0x00007f7b97b071e0: ;   {runtime_call UncommonTrapBlob}
  0x00007f7b97b071e0: c5f8 77e8 

  0x00007f7b97b071e4: ; ImmutableOopMap {rbp=Oop [12]=NarrowOop [24]=Oop [40]=NarrowOop [48]=NarrowOop [56]=NarrowOop }
                      ;*aaload {reexecute=0 rethrow=0 return_oop=0}
                      ; - com.badlogic.gdx.graphics.VertexAttributes::get@5 (line 109)
                      ; - com.badlogic.gdx.graphics.glutils.VertexArray::bind@44 (line 108)
                      ; - com.badlogic.gdx.graphics.Mesh::bind@6 (line 380)
                      ; - com.badlogic.gdx.graphics.Mesh::bind@3 (line 371)
                      ; - com.badlogic.gdx.graphics.Mesh::render@13 (line 479)
                      ; - com.badlogic.gdx.graphics.Mesh::render@10 (line 449)
                      ; - com.badlogic.gdx.graphics.g2d.SpriteBatch::flush@176 (line 975)
  0x00007f7b97b071e4: f845 95ff 

  0x00007f7b97b071e8: ;   {post_call_nop}
  0x00007f7b97b071e8: 0f1f 8400 | 6014 000a | bef6 ffff | ff8b 6c24 | 4c66 6690 

  0x00007f7b97b071fc: ;   {runtime_call UncommonTrapBlob}
  0x00007f7b97b071fc: c5f8 77e8 

  0x00007f7b97b07200: ; ImmutableOopMap {rbp=NarrowOop }
                      ;*invokevirtual get {reexecute=0 rethrow=0 return_oop=0}
                      ; - com.badlogic.gdx.graphics.glutils.ShaderProgram::getAttributeLocation@6 (line 865)
                      ; - com.badlogic.gdx.graphics.glutils.VertexArray::bind@55 (line 109)
                      ; - com.badlogic.gdx.graphics.Mesh::bind@6 (line 380)
                      ; - com.badlogic.gdx.graphics.Mesh::bind@3 (line 371)
                      ; - com.badlogic.gdx.graphics.Mesh::render@13 (line 479)
                      ; - com.badlogic.gdx.graphics.Mesh::render@10 (line 449)
                      ; - com.badlogic.gdx.graphics.g2d.SpriteBatch::flush@176 (line 975)
  0x00007f7b97b07200: dc45 95ff 

  0x00007f7b97b07204: ;   {post_call_nop}
  0x00007f7b97b07204: 0f1f 8400 | 7c14 000b | bee4 ffff | ff48 ff74 | 2420 488f | 4424 1848 | 8944 24f8 | 8b44 2438 
  0x00007f7b97b07224: 8944 2424 | 488b 4424 | f848 8944 | 24f8 8b44 | 243c 8944 | 2434 488b | 4424 f848 | 8944 24f8 
  0x00007f7b97b07244: 8b44 2448 | 8944 2438 | 488b 4424 | f848 8944 | 24f8 8b44 | 2450 8944 | 243c 488b | 4424 f844 
  0x00007f7b97b07264: 895c 2444 | 4489 4c24 | 5066 6690 

  0x00007f7b97b07270: ;   {runtime_call UncommonTrapBlob}
  0x00007f7b97b07270: c5f8 77e8 

  0x00007f7b97b07274: ; ImmutableOopMap {rbp=NarrowOop [8]=Oop [24]=Oop [36]=NarrowOop [40]=NarrowOop [56]=NarrowOop [60]=NarrowOop [76]=NarrowOop }
                      ;*aaload {reexecute=0 rethrow=0 return_oop=0}
                      ; - com.badlogic.gdx.utils.ObjectIntMap::get@20 (line 281)
                      ; - com.badlogic.gdx.graphics.glutils.ShaderProgram::getAttributeLocation@6 (line 865)
                      ; - com.badlogic.gdx.graphics.glutils.VertexArray::bind@55 (line 109)
                      ; - com.badlogic.gdx.graphics.Mesh::bind@6 (line 380)
                      ; - com.badlogic.gdx.graphics.Mesh::bind@3 (line 371)
                      ; - com.badlogic.gdx.graphics.Mesh::render@13 (line 479)
                      ; - com.badlogic.gdx.graphics.Mesh::render@10 (line 449)
                      ; - com.badlogic.gdx.graphics.g2d.SpriteBatch::flush@176 (line 975)
  0x00007f7b97b07274: 6845 95ff 

  0x00007f7b97b07278: ;   {post_call_nop}
  0x00007f7b97b07278: 0f1f 8400 | f014 000c | bee4 ffff | ff48 ff74 | 2420 488f | 4424 1848 | 8944 24f8 | 8b44 2438 
  0x00007f7b97b07298: 8944 2424 | 488b 4424 | f848 8944 | 24f8 8b44 | 243c 8944 | 2434 488b | 4424 f844 | 8954 243c 
  0x00007f7b97b072b8: ;   {runtime_call UncommonTrapBlob}
  0x00007f7b97b072b8: c5f8 77e8 

  0x00007f7b97b072bc: ; ImmutableOopMap {rbp=NarrowOop [8]=Oop [24]=Oop [36]=NarrowOop [40]=NarrowOop [72]=NarrowOop }
                      ;*iaload {reexecute=0 rethrow=0 return_oop=0}
                      ; - com.badlogic.gdx.utils.ObjectIntMap::get@82 (line 288)
                      ; - com.badlogic.gdx.graphics.glutils.ShaderProgram::getAttributeLocation@6 (line 865)
                      ; - com.badlogic.gdx.graphics.glutils.VertexArray::bind@55 (line 109)
                      ; - com.badlogic.gdx.graphics.Mesh::bind@6 (line 380)
                      ; - com.badlogic.gdx.graphics.Mesh::bind@3 (line 371)
                      ; - com.badlogic.gdx.graphics.Mesh::render@13 (line 479)
                      ; - com.badlogic.gdx.graphics.Mesh::render@10 (line 449)
                      ; - com.badlogic.gdx.graphics.g2d.SpriteBatch::flush@176 (line 975)
  0x00007f7b97b072bc: 2045 95ff 

  0x00007f7b97b072c0: ;   {post_call_nop}
  0x00007f7b97b072c0: 0f1f 8400 | 3815 000d | bee4 ffff | ff48 ff74 | 2420 488f | 4424 1044 | 894c 2408 | 4889 4c24 
  0x00007f7b97b072e0: 1844 8954 | 2420 4489 | 4424 2c90 

  0x00007f7b97b072ec: ;   {runtime_call UncommonTrapBlob}
  0x00007f7b97b072ec: c5f8 77e8 

  0x00007f7b97b072f0: ; ImmutableOopMap {rbp=NarrowOop [8]=NarrowOop [12]=NarrowOop [16]=Oop [24]=Oop }
                      ;*aaload {reexecute=0 rethrow=0 return_oop=0}
                      ; - com.badlogic.gdx.graphics.VertexAttributes::get@5 (line 109)
                      ; - com.badlogic.gdx.graphics.glutils.VertexArray::unbind@28 (line 145)
                      ; - com.badlogic.gdx.graphics.Mesh::unbind@6 (line 398)
                      ; - com.badlogic.gdx.graphics.Mesh::unbind@3 (line 389)
                      ; - com.badlogic.gdx.graphics.Mesh::render@178 (line 501)
                      ; - com.badlogic.gdx.graphics.Mesh::render@10 (line 449)
                      ; - com.badlogic.gdx.graphics.g2d.SpriteBatch::flush@176 (line 975)
  0x00007f7b97b072f0: ec44 95ff 

  0x00007f7b97b072f4: ;   {post_call_nop}
  0x00007f7b97b072f4: 0f1f 8400 | 6c15 000e | bef6 ffff | ff8b ea90 

  0x00007f7b97b07304: ;   {runtime_call UncommonTrapBlob}
  0x00007f7b97b07304: c5f8 77e8 

  0x00007f7b97b07308: ; ImmutableOopMap {rbp=NarrowOop }
                      ;*invokevirtual get {reexecute=0 rethrow=0 return_oop=0}
                      ; - com.badlogic.gdx.graphics.glutils.ShaderProgram::fetchAttributeLocation@11 (line 290)
                      ; - com.badlogic.gdx.graphics.glutils.ShaderProgram::disableVertexAttribute@10 (line 717)
                      ; - com.badlogic.gdx.graphics.glutils.VertexArray::unbind@34 (line 145)
                      ; - com.badlogic.gdx.graphics.Mesh::unbind@6 (line 398)
                      ; - com.badlogic.gdx.graphics.Mesh::unbind@3 (line 389)
                      ; - com.badlogic.gdx.graphics.Mesh::render@178 (line 501)
                      ; - com.badlogic.gdx.graphics.Mesh::render@10 (line 449)
                      ; - com.badlogic.gdx.graphics.g2d.SpriteBatch::flush@176 (line 975)
  0x00007f7b97b07308: d444 95ff 

  0x00007f7b97b0730c: ;   {post_call_nop}
  0x00007f7b97b0730c: 0f1f 8400 | 8415 000f | bee4 ffff | ff48 ff74 | 2420 488f | 4424 1848 | 8944 24f8 | 8b44 2428 
  0x00007f7b97b0732c: 8944 2420 | 488b 4424 | f848 8944 | 24f8 8b44 | 242c 8944 | 2424 488b | 4424 f848 | 8944 24f8 
  0x00007f7b97b0734c: 8b44 2444 | 8944 2434 | 488b 4424 | f848 8944 | 24f8 8b44 | 2448 8944 | 2438 488b | 4424 f844 
  0x00007f7b97b0736c: 8954 2444 | 4489 4c24 | 4c66 6690 

  0x00007f7b97b07378: ;   {runtime_call UncommonTrapBlob}
  0x00007f7b97b07378: c5f8 77e8 

  0x00007f7b97b0737c: ; ImmutableOopMap {rbp=NarrowOop [8]=NarrowOop [12]=NarrowOop [16]=Oop [24]=Oop [52]=NarrowOop [56]=NarrowOop [64]=NarrowOop }
                      ;*aaload {reexecute=0 rethrow=0 return_oop=0}
                      ; - com.badlogic.gdx.utils.ObjectIntMap::get@20 (line 281)
                      ; - com.badlogic.gdx.graphics.glutils.ShaderProgram::fetchAttributeLocation@11 (line 290)
                      ; - com.badlogic.gdx.graphics.glutils.ShaderProgram::disableVertexAttribute@10 (line 717)
                      ; - com.badlogic.gdx.graphics.glutils.VertexArray::unbind@34 (line 145)
                      ; - com.badlogic.gdx.graphics.Mesh::unbind@6 (line 398)
                      ; - com.badlogic.gdx.graphics.Mesh::unbind@3 (line 389)
                      ; - com.badlogic.gdx.graphics.Mesh::render@178 (line 501)
                      ; - com.badlogic.gdx.graphics.Mesh::render@10 (line 449)
                      ; - com.badlogic.gdx.graphics.g2d.SpriteBatch::flush@176 (line 975)
  0x00007f7b97b0737c: 6044 95ff 

  0x00007f7b97b07380: ;   {post_call_nop}
  0x00007f7b97b07380: 0f1f 8400 | f815 0010 | bee4 ffff | ff48 ff74 | 2420 488f | 4424 1848 | 8944 24f8 | 8b44 2428 
  0x00007f7b97b073a0: 8944 2420 | 488b 4424 | f848 8944 | 24f8 8b44 | 242c 8944 | 2424 488b | 4424 f844 | 895c 2438 
  0x00007f7b97b073c0: ;   {runtime_call UncommonTrapBlob}
  0x00007f7b97b073c0: c5f8 77e8 

  0x00007f7b97b073c4: ; ImmutableOopMap {rbp=NarrowOop [8]=NarrowOop [12]=NarrowOop [16]=Oop [24]=Oop [64]=NarrowOop [68]=NarrowOop }
                      ;*iaload {reexecute=0 rethrow=0 return_oop=0}
                      ; - com.badlogic.gdx.utils.ObjectIntMap::get@82 (line 288)
                      ; - com.badlogic.gdx.graphics.glutils.ShaderProgram::fetchAttributeLocation@11 (line 290)
                      ; - com.badlogic.gdx.graphics.glutils.ShaderProgram::disableVertexAttribute@10 (line 717)
                      ; - com.badlogic.gdx.graphics.glutils.VertexArray::unbind@34 (line 145)
                      ; - com.badlogic.gdx.graphics.Mesh::unbind@6 (line 398)
                      ; - com.badlogic.gdx.graphics.Mesh::unbind@3 (line 389)
                      ; - com.badlogic.gdx.graphics.Mesh::render@178 (line 501)
                      ; - com.badlogic.gdx.graphics.Mesh::render@10 (line 449)
                      ; - com.badlogic.gdx.graphics.g2d.SpriteBatch::flush@176 (line 975)
  0x00007f7b97b073c4: 1844 95ff 

  0x00007f7b97b073c8: ;   {post_call_nop}
  0x00007f7b97b073c8: 0f1f 8400 | 4016 0011 | bede ffff | ff48 8b6c | 2408 4889 | 4424 f88b | 4424 1089 | 4424 0848 
  0x00007f7b97b073e8: 8b44 24f8 | 48ff 7424 | 2048 8f44 | 2418 4889 | 4424 f88b | 4424 2889 | 4424 0c48 | 8b44 24f8 
  0x00007f7b97b07408: 4889 4424 | f88b 4424 | 2c89 4424 | 2048 8b44 | 24f8 4489 | 4424 2848 | 8944 24f8 | 8b44 243c 
  0x00007f7b97b07428: 8944 242c | 488b 4424 | f848 8944 | 24f8 8b44 | 244c 8944 | 2434 488b | 4424 f844 | 895c 2438 
  0x00007f7b97b07448: ;   {runtime_call UncommonTrapBlob}
  0x00007f7b97b07448: c5f8 77e8 

  0x00007f7b97b0744c: ; ImmutableOopMap {rbp=Oop [12]=NarrowOop [24]=Oop [40]=NarrowOop [56]=NarrowOop [72]=NarrowOop }
                      ;*invokeinterface glEnableVertexAttribArray {reexecute=0 rethrow=0 return_oop=0}
                      ; - com.badlogic.gdx.graphics.glutils.ShaderProgram::enableVertexAttribute@10 (line 742)
                      ; - com.badlogic.gdx.graphics.glutils.VertexArray::bind@71 (line 111)
                      ; - com.badlogic.gdx.graphics.Mesh::bind@6 (line 380)
                      ; - com.badlogic.gdx.graphics.Mesh::bind@3 (line 371)
                      ; - com.badlogic.gdx.graphics.Mesh::render@13 (line 479)
                      ; - com.badlogic.gdx.graphics.Mesh::render@10 (line 449)
                      ; - com.badlogic.gdx.graphics.g2d.SpriteBatch::flush@176 (line 975)
  0x00007f7b97b0744c: 9043 95ff 

  0x00007f7b97b07450: ;   {post_call_nop}
  0x00007f7b97b07450: 0f1f 8400 | c816 0012 | bede ffff | ff48 8b6c | 2408 4889 | 4424 f88b | 4424 1089 | 4424 0848 
  0x00007f7b97b07470: 8b44 24f8 | 48ff 7424 | 2048 8f44 | 2418 4889 | 4424 f88b | 4424 2889 | 4424 0c48 | 8b44 24f8 
  0x00007f7b97b07490: 4889 4424 | f88b 4424 | 3889 4424 | 1048 8b44 | 24f8 4889 | 4424 f88b | 4424 2c89 | 4424 2048 
  0x00007f7b97b074b0: 8b44 24f8 | 4889 4424 | f88b 4424 | 3c89 4424 | 2c48 8b44 | 24f8 4489 | 5424 3844 | 895c 243c 
  0x00007f7b97b074d0: ;   {runtime_call UncommonTrapBlob}
  0x00007f7b97b074d0: c5f8 77e8 

  0x00007f7b97b074d4: ; ImmutableOopMap {rbp=Oop [12]=NarrowOop [16]=NarrowOop [24]=Oop [56]=NarrowOop [72]=NarrowOop }
                      ;*invokevirtual position {reexecute=0 rethrow=0 return_oop=0}
                      ; - com.badlogic.gdx.graphics.glutils.VertexArray::bind@83 (line 113)
                      ; - com.badlogic.gdx.graphics.Mesh::bind@6 (line 380)
                      ; - com.badlogic.gdx.graphics.Mesh::bind@3 (line 371)
                      ; - com.badlogic.gdx.graphics.Mesh::render@13 (line 479)
                      ; - com.badlogic.gdx.graphics.Mesh::render@10 (line 449)
                      ; - com.badlogic.gdx.graphics.g2d.SpriteBatch::flush@176 (line 975)
  0x00007f7b97b074d4: 0843 95ff 

  0x00007f7b97b074d8: ;   {post_call_nop}
  0x00007f7b97b074d8: 0f1f 8400 | 5017 0013 | bede ffff | ff48 8b6c | 2420 4489 | 4424 2490 

  0x00007f7b97b074f0: ;   {runtime_call UncommonTrapBlob}
  0x00007f7b97b074f0: c5f8 77e8 

  0x00007f7b97b074f4: ; ImmutableOopMap {rbp=Oop [8]=NarrowOop [12]=NarrowOop [16]=Oop [68]=NarrowOop }
                      ;*invokeinterface glDisableVertexAttribArray {reexecute=0 rethrow=0 return_oop=0}
                      ; - com.badlogic.gdx.graphics.glutils.ShaderProgram::disableVertexAttribute@22 (line 719)
                      ; - com.badlogic.gdx.graphics.glutils.VertexArray::unbind@34 (line 145)
                      ; - com.badlogic.gdx.graphics.Mesh::unbind@6 (line 398)
                      ; - com.badlogic.gdx.graphics.Mesh::unbind@3 (line 389)
                      ; - com.badlogic.gdx.graphics.Mesh::render@178 (line 501)
                      ; - com.badlogic.gdx.graphics.Mesh::render@10 (line 449)
                      ; - com.badlogic.gdx.graphics.g2d.SpriteBatch::flush@176 (line 975)
  0x00007f7b97b074f4: e842 95ff 

  0x00007f7b97b074f8: ;   {post_call_nop}
  0x00007f7b97b074f8: 0f1f 8400 | 7017 0014 | be45 ffff | ff48 8b6c | 2408 4889 | 4424 f88b | 4424 1089 | 4424 0848 
  0x00007f7b97b07518: 8b44 24f8 | 48ff 7424 | 2048 8f44 | 2418 4889 | 4424 f88b | 4424 2889 | 4424 0c48 | 8b44 24f8 
  0x00007f7b97b07538: 4889 4424 | f88b 4424 | 3889 4424 | 1048 8b44 | 24f8 4889 | 4424 f88b | 4424 2c89 | 4424 2048 
  0x00007f7b97b07558: 8b44 24f8 | 4889 4424 | f88b 4424 | 3c89 4424 | 2c48 8b44 | 24f8 4489 | 5c24 3c90 

  0x00007f7b97b07574: ;   {runtime_call UncommonTrapBlob}
  0x00007f7b97b07574: c5f8 77e8 

  0x00007f7b97b07578: ; ImmutableOopMap {rbp=Oop [12]=NarrowOop [16]=NarrowOop [24]=Oop [72]=NarrowOop [76]=NarrowOop [80]=NarrowOop }
                      ;*ifne {reexecute=1 rethrow=0 return_oop=0}
                      ; - (reexecute) com.badlogic.gdx.utils.ObjectIntMap::get@24 (line 281)
                      ; - com.badlogic.gdx.graphics.glutils.ShaderProgram::getAttributeLocation@6 (line 865)
                      ; - com.badlogic.gdx.graphics.glutils.VertexArray::bind@55 (line 109)
                      ; - com.badlogic.gdx.graphics.Mesh::bind@6 (line 380)
                      ; - com.badlogic.gdx.graphics.Mesh::bind@3 (line 371)
                      ; - com.badlogic.gdx.graphics.Mesh::render@13 (line 479)
                      ; - com.badlogic.gdx.graphics.Mesh::render@10 (line 449)
                      ; - com.badlogic.gdx.graphics.g2d.SpriteBatch::flush@176 (line 975)
  0x00007f7b97b07578: 6442 95ff 

  0x00007f7b97b0757c: ;   {post_call_nop}
  0x00007f7b97b0757c: 0f1f 8400 | f417 0015 | be45 ffff | ff48 8b6c | 2420 4889 | 4424 f88b | 4424 2889 | 4424 1848 
  0x00007f7b97b0759c: 8b44 24f8 | 4889 4424 | f88b 4424 | 2c89 4424 | 1c48 8b44 | 24f8 4489 | 5424 3890 

  0x00007f7b97b075b8: ;   {runtime_call UncommonTrapBlob}
  0x00007f7b97b075b8: c5f8 77e8 

  0x00007f7b97b075bc: ; ImmutableOopMap {rbp=Oop [8]=NarrowOop [12]=NarrowOop [16]=Oop [64]=NarrowOop [68]=NarrowOop [72]=NarrowOop }
                      ;*ifne {reexecute=1 rethrow=0 return_oop=0}
                      ; - (reexecute) com.badlogic.gdx.utils.ObjectIntMap::get@24 (line 281)
                      ; - com.badlogic.gdx.graphics.glutils.ShaderProgram::fetchAttributeLocation@11 (line 290)
                      ; - com.badlogic.gdx.graphics.glutils.ShaderProgram::disableVertexAttribute@10 (line 717)
                      ; - com.badlogic.gdx.graphics.glutils.VertexArray::unbind@34 (line 145)
                      ; - com.badlogic.gdx.graphics.Mesh::unbind@6 (line 398)
                      ; - com.badlogic.gdx.graphics.Mesh::unbind@3 (line 389)
                      ; - com.badlogic.gdx.graphics.Mesh::render@178 (line 501)
                      ; - com.badlogic.gdx.graphics.Mesh::render@10 (line 449)
                      ; - com.badlogic.gdx.graphics.g2d.SpriteBatch::flush@176 (line 975)
  0x00007f7b97b075bc: 2042 95ff 

  0x00007f7b97b075c0: ;   {post_call_nop}
  0x00007f7b97b075c0: 0f1f 8400 | 3818 0016 | be45 ffff | ff48 8944 | 24f8 8b44 | 2448 8944 | 2440 488b | 4424 f848 
  0x00007f7b97b075e0: 8944 24f8 | 8b44 244c | 8944 2444 | 488b 4424 | f866 6690 

  0x00007f7b97b075f4: ;   {runtime_call UncommonTrapBlob}
  0x00007f7b97b075f4: c5f8 77e8 

  0x00007f7b97b075f8: ; ImmutableOopMap {rbp=NarrowOop [8]=Oop [24]=Oop [32]=Oop [40]=NarrowOop [56]=NarrowOop [64]=NarrowOop }
                      ;*if_acmpne {reexecute=1 rethrow=0 return_oop=0}
                      ; - (reexecute) org.lwjgl.opengl.GLContext::getCapabilitiesImpl@11 (line 132)
                      ; - org.lwjgl.opengl.GLContext::getCapabilities@0 (line 122)
                      ; - org.lwjgl.opengl.GL20::glEnableVertexAttribArray@0 (line 909)
                      ; - com.badlogic.gdx.backends.lwjgl.LwjglGL20::glEnableVertexAttribArray@1 (line 296)
                      ; - com.badlogic.gdx.graphics.glutils.ShaderProgram::enableVertexAttribute@10 (line 742)
                      ; - com.badlogic.gdx.graphics.glutils.VertexArray::bind@71 (line 111)
                      ; - com.badlogic.gdx.graphics.Mesh::bind@6 (line 380)
                      ; - com.badlogic.gdx.graphics.Mesh::bind@3 (line 371)
                      ; - com.badlogic.gdx.graphics.Mesh::render@13 (line 479)
                      ; - com.badlogic.gdx.graphics.Mesh::render@10 (line 449)
                      ; - com.badlogic.gdx.graphics.g2d.SpriteBatch::flush@176 (line 975)
  0x00007f7b97b075f8: e441 95ff 

  0x00007f7b97b075fc: ;   {post_call_nop}
  0x00007f7b97b075fc: 0f1f 8400 | 7418 0017 | be45 ffff | ff48 ff74 | 2420 488f | 4424 1848 | 8944 24f8 | 8b44 2428 
  0x00007f7b97b0761c: 8944 2420 | 488b 4424 | f844 8944 | 2428 4c89 | 4c24 3090 

  0x00007f7b97b07630: ;   {runtime_call UncommonTrapBlob}
  0x00007f7b97b07630: c5f8 77e8 

  0x00007f7b97b07634: ; ImmutableOopMap {rbp=NarrowOop [8]=NarrowOop [12]=NarrowOop [16]=Oop [24]=Oop [48]=Oop }
                      ;*if_acmpne {reexecute=1 rethrow=0 return_oop=0}
                      ; - (reexecute) org.lwjgl.opengl.GLContext::getCapabilitiesImpl@11 (line 132)
                      ; - org.lwjgl.opengl.GLContext::getCapabilities@0 (line 122)
                      ; - org.lwjgl.opengl.GL20::glDisableVertexAttribArray@0 (line 917)
                      ; - com.badlogic.gdx.backends.lwjgl.LwjglGL20::glDisableVertexAttribArray@1 (line 272)
                      ; - com.badlogic.gdx.graphics.glutils.ShaderProgram::disableVertexAttribute@22 (line 719)
                      ; - com.badlogic.gdx.graphics.glutils.VertexArray::unbind@34 (line 145)
                      ; - com.badlogic.gdx.graphics.Mesh::unbind@6 (line 398)
                      ; - com.badlogic.gdx.graphics.Mesh::unbind@3 (line 389)
                      ; - com.badlogic.gdx.graphics.Mesh::render@178 (line 501)
                      ; - com.badlogic.gdx.graphics.Mesh::render@10 (line 449)
                      ; - com.badlogic.gdx.graphics.g2d.SpriteBatch::flush@176 (line 975)
  0x00007f7b97b07634: a841 95ff 

  0x00007f7b97b07638: ;   {post_call_nop}
  0x00007f7b97b07638: 0f1f 8400 | b018 0018 | be45 ffff | ff48 8b6c | 2408 4889 | 4424 f88b | 4424 1089 | 4424 0848 
  0x00007f7b97b07658: 8b44 24f8 | 48ff 7424 | 2048 8f44 | 2418 4889 | 4424 f88b | 4424 2889 | 4424 0c48 | 8b44 24f8 
  0x00007f7b97b07678: 4889 4424 | f88b 4424 | 3889 4424 | 1048 8b44 | 24f8 4889 | 4424 f88b | 4424 2c89 | 4424 2048 
  0x00007f7b97b07698: 8b44 24f8 

  0x00007f7b97b0769c: ;   {runtime_call UncommonTrapBlob}
  0x00007f7b97b0769c: c5f8 77e8 

  0x00007f7b97b076a0: ; ImmutableOopMap {rbp=Oop [12]=NarrowOop [16]=NarrowOop [24]=Oop }
                      ;*ifge {reexecute=1 rethrow=0 return_oop=0}
                      ; - (reexecute) com.badlogic.gdx.graphics.glutils.VertexArray::bind@62 (line 110)
                      ; - com.badlogic.gdx.graphics.Mesh::bind@6 (line 380)
                      ; - com.badlogic.gdx.graphics.Mesh::bind@3 (line 371)
                      ; - com.badlogic.gdx.graphics.Mesh::render@13 (line 479)
                      ; - com.badlogic.gdx.graphics.Mesh::render@10 (line 449)
                      ; - com.badlogic.gdx.graphics.g2d.SpriteBatch::flush@176 (line 975)
  0x00007f7b97b076a0: 3c41 95ff 

  0x00007f7b97b076a4: ;   {post_call_nop}
  0x00007f7b97b076a4: 0f1f 8400 | 1c19 0019 | be45 ffff | ff48 ff74 | 2420 488f | 4424 1844 | 8944 2430 | 4889 4424 
  0x00007f7b97b076c4: f88b 4424 | 3c89 4424 | 3448 8b44 | 24f8 4889 | 4424 f88b | 4424 4889 | 4424 3c48 | 8b44 24f8 
  0x00007f7b97b076e4: 4889 4424 | f88b 4424 | 4c89 4424 | 4048 8b44 | 24f8 4489 | 5c24 4890 

  0x00007f7b97b076fc: ;   {runtime_call UncommonTrapBlob}
  0x00007f7b97b076fc: c5f8 77e8 

  0x00007f7b97b07700: ; ImmutableOopMap {[8]=Oop [24]=Oop [40]=NarrowOop [48]=NarrowOop [56]=NarrowOop [60]=NarrowOop [72]=NarrowOop }
                      ;*ifeq {reexecute=1 rethrow=0 return_oop=0}
                      ; - (reexecute) com.badlogic.gdx.graphics.glutils.ShaderProgram::checkManaged@4 (line 746)
                      ; - com.badlogic.gdx.graphics.glutils.ShaderProgram::enableVertexAttribute@5 (line 741)
                      ; - com.badlogic.gdx.graphics.glutils.VertexArray::bind@71 (line 111)
                      ; - com.badlogic.gdx.graphics.Mesh::bind@6 (line 380)
                      ; - com.badlogic.gdx.graphics.Mesh::bind@3 (line 371)
                      ; - com.badlogic.gdx.graphics.Mesh::render@13 (line 479)
                      ; - com.badlogic.gdx.graphics.Mesh::render@10 (line 449)
                      ; - com.badlogic.gdx.graphics.g2d.SpriteBatch::flush@176 (line 975)
  0x00007f7b97b07700: dc40 95ff 

  0x00007f7b97b07704: ;   {post_call_nop}
  0x00007f7b97b07704: 0f1f 8400 | 7c19 001a | be45 ffff | ff48 ff74 | 2420 488f | 4424 1848 | 8944 24f8 | 8b44 2438 
  0x00007f7b97b07724: 8944 2424 | 488b 4424 | f848 8944 | 24f8 8b44 | 243c 8944 | 2434 488b | 4424 f848 | 8944 24f8 
  0x00007f7b97b07744: 8b44 244c | 8944 243c | 488b 4424 | f866 6690 

  0x00007f7b97b07754: ;   {runtime_call UncommonTrapBlob}
  0x00007f7b97b07754: c5f8 77e8 

  0x00007f7b97b07758: ; ImmutableOopMap {rbp=NarrowOop [8]=Oop [24]=Oop [36]=NarrowOop [40]=NarrowOop [72]=NarrowOop }
                      ;*ifnonnull {reexecute=1 rethrow=0 return_oop=0}
                      ; - (reexecute) org.lwjgl.opengl.GLContext::getCapabilities@5 (line 123)
                      ; - org.lwjgl.opengl.GL20::glEnableVertexAttribArray@0 (line 909)
                      ; - com.badlogic.gdx.backends.lwjgl.LwjglGL20::glEnableVertexAttribArray@1 (line 296)
                      ; - com.badlogic.gdx.graphics.glutils.ShaderProgram::enableVertexAttribute@10 (line 742)
                      ; - com.badlogic.gdx.graphics.glutils.VertexArray::bind@71 (line 111)
                      ; - com.badlogic.gdx.graphics.Mesh::bind@6 (line 380)
                      ; - com.badlogic.gdx.graphics.Mesh::bind@3 (line 371)
                      ; - com.badlogic.gdx.graphics.Mesh::render@13 (line 479)
                      ; - com.badlogic.gdx.graphics.Mesh::render@10 (line 449)
                      ; - com.badlogic.gdx.graphics.g2d.SpriteBatch::flush@176 (line 975)
  0x00007f7b97b07758: 8440 95ff 

  0x00007f7b97b0775c: ;   {post_call_nop}
  0x00007f7b97b0775c: 0f1f 8400 | d419 001b | 4533 db49 | 3bd3 bdff | ffff ff7c | 0840 0f95 | c540 0fb6 | edbe 45ff 
  0x00007f7b97b0777c: ffff 48ff | 7424 2048 | 8f44 2418 | 4889 4424 | f88b 4424 | 3889 4424 | 2448 8b44 | 24f8 4889 
  0x00007f7b97b0779c: 4424 f88b | 4424 3c89 | 4424 3448 | 8b44 24f8 | 4889 4424 | f88b 4424 | 4889 4424 | 3848 8b44 
  0x00007f7b97b077bc: 24f8 4889 | 4424 f88b | 4424 4c89 | 4424 3c48 | 8b44 24f8 | 4889 5424 | 4866 6690 

  0x00007f7b97b077d8: ;   {runtime_call UncommonTrapBlob}
  0x00007f7b97b077d8: c5f8 77e8 

  0x00007f7b97b077dc: ; ImmutableOopMap {[8]=Oop [24]=Oop [36]=NarrowOop [40]=NarrowOop [56]=NarrowOop }
                      ;*ifne {reexecute=1 rethrow=0 return_oop=0}
                      ; - (reexecute) org.lwjgl.BufferChecks::checkFunctionAddress@9 (line 57)
                      ; - org.lwjgl.opengl.GL20::glEnableVertexAttribArray@10 (line 911)
                      ; - com.badlogic.gdx.backends.lwjgl.LwjglGL20::glEnableVertexAttribArray@1 (line 296)
                      ; - com.badlogic.gdx.graphics.glutils.ShaderProgram::enableVertexAttribute@10 (line 742)
                      ; - com.badlogic.gdx.graphics.glutils.VertexArray::bind@71 (line 111)
                      ; - com.badlogic.gdx.graphics.Mesh::bind@6 (line 380)
                      ; - com.badlogic.gdx.graphics.Mesh::bind@3 (line 371)
                      ; - com.badlogic.gdx.graphics.Mesh::render@13 (line 479)
                      ; - com.badlogic.gdx.graphics.Mesh::render@10 (line 449)
                      ; - com.badlogic.gdx.graphics.g2d.SpriteBatch::flush@176 (line 975)
  0x00007f7b97b077dc: 0040 95ff 

  0x00007f7b97b077e0: ;   {post_call_nop}
  0x00007f7b97b077e0: 0f1f 8400 | 581a 001c | be45 ffff | ff48 ff74 | 2420 488f | 4424 1848 | 8944 24f8 | 8b44 2438 
  0x00007f7b97b07800: 8944 2424 | 488b 4424 | f848 8944 | 24f8 8b44 | 243c 8944 | 2434 488b | 4424 f848 | 8944 24f8 
  0x00007f7b97b07820: 8b44 2448 | 8944 2438 | 488b 4424 | f848 8944 | 24f8 8b44 | 244c 8944 | 243c 488b | 4424 f84c 
  0x00007f7b97b07840: 8944 2448 | 4c89 4424 | 5044 895c | 245c 6690 

  0x00007f7b97b07850: ;   {runtime_call UncommonTrapBlob}
  0x00007f7b97b07850: c5f8 77e8 

  0x00007f7b97b07854: ; ImmutableOopMap {[8]=Oop [24]=Oop [36]=NarrowOop [40]=NarrowOop [56]=NarrowOop [72]=Oop [80]=Oop }
                      ;*if_icmple {reexecute=1 rethrow=0 return_oop=0}
                      ; - (reexecute) java.nio.Buffer::position@5 (line 325)
                      ; - java.nio.ByteBuffer::position@2 (line 1576)
                      ; - java.nio.MappedByteBuffer::position@2 (line 329)
                      ; - java.nio.MappedByteBuffer::position@2 (line 74)
                      ; - com.badlogic.gdx.graphics.glutils.VertexArray::bind@83 (line 113)
                      ; - com.badlogic.gdx.graphics.Mesh::bind@6 (line 380)
                      ; - com.badlogic.gdx.graphics.Mesh::bind@3 (line 371)
                      ; - com.badlogic.gdx.graphics.Mesh::render@13 (line 479)
                      ; - com.badlogic.gdx.graphics.Mesh::render@10 (line 449)
                      ; - com.badlogic.gdx.graphics.g2d.SpriteBatch::flush@176 (line 975)
  0x00007f7b97b07854: 883f 95ff 

  0x00007f7b97b07858: ;   {post_call_nop}
  0x00007f7b97b07858: 0f1f 8400 | d01a 001d | be45 ffff | ff48 8b6c | 2408 4889 | 4424 f88b | 4424 1089 | 4424 0848 
  0x00007f7b97b07878: 8b44 24f8 | 48ff 7424 | 2048 8f44 | 2418 4889 | 4424 f88b | 4424 2889 | 4424 0c48 | 8b44 24f8 
  0x00007f7b97b07898: 4889 4424 | f88b 4424 | 3889 4424 | 1048 8b44 | 24f8 4889 | 4424 f88b | 4424 2c89 | 4424 2048 
  0x00007f7b97b078b8: 8b44 24f8 | 4889 4424 | f88b 4424 | 3c89 4424 | 2c48 8b44 | 24f8 4889 | 4424 f88b | 4424 4889 
  0x00007f7b97b078d8: 4424 3048 | 8b44 24f8 | 4889 4424 | f88b 4424 | 4c89 4424 | 3448 8b44 | 24f8 4c89 | 4424 404c 
  0x00007f7b97b078f8: 8944 2448 | 4489 5c24 | 5466 6690 

  0x00007f7b97b07904: ;   {runtime_call UncommonTrapBlob}
  0x00007f7b97b07904: c5f8 77e8 

  0x00007f7b97b07908: ; ImmutableOopMap {rbp=Oop [12]=NarrowOop [16]=NarrowOop [24]=Oop [48]=NarrowOop [64]=Oop [72]=Oop }
                      ;*ifge {reexecute=1 rethrow=0 return_oop=0}
                      ; - (reexecute) java.nio.Buffer::position@14 (line 325)
                      ; - java.nio.ByteBuffer::position@2 (line 1576)
                      ; - java.nio.MappedByteBuffer::position@2 (line 329)
                      ; - java.nio.MappedByteBuffer::position@2 (line 74)
                      ; - com.badlogic.gdx.graphics.glutils.VertexArray::bind@83 (line 113)
                      ; - com.badlogic.gdx.graphics.Mesh::bind@6 (line 380)
                      ; - com.badlogic.gdx.graphics.Mesh::bind@3 (line 371)
                      ; - com.badlogic.gdx.graphics.Mesh::render@13 (line 479)
                      ; - com.badlogic.gdx.graphics.Mesh::render@10 (line 449)
                      ; - com.badlogic.gdx.graphics.g2d.SpriteBatch::flush@176 (line 975)
  0x00007f7b97b07908: d43e 95ff 

  0x00007f7b97b0790c: ;   {post_call_nop}
  0x00007f7b97b0790c: 0f1f 8400 | 841b 001e | be45 ffff | ff48 ff74 | 2420 488f | 4424 1848 | 8944 24f8 | 8b44 2438 
  0x00007f7b97b0792c: 8944 2424 | 488b 4424 | f848 8944 | 24f8 8b44 | 243c 8944 | 2434 488b | 4424 f848 | 8944 24f8 
  0x00007f7b97b0794c: 8b44 2448 | 8944 2438 | 488b 4424 | f848 8944 | 24f8 8b44 | 244c 8944 | 243c 488b | 4424 f84c 
  0x00007f7b97b0796c: 8944 2448 | 4c89 4424 | 5044 895c | 245c 6690 

  0x00007f7b97b0797c: ;   {runtime_call UncommonTrapBlob}
  0x00007f7b97b0797c: c5f8 77e8 

  0x00007f7b97b07980: ; ImmutableOopMap {[8]=Oop [24]=Oop [36]=NarrowOop [40]=NarrowOop [56]=NarrowOop [72]=Oop [80]=Oop }
                      ;*if_icmple {reexecute=1 rethrow=0 return_oop=0}
                      ; - (reexecute) java.nio.Buffer::position@37 (line 327)
                      ; - java.nio.ByteBuffer::position@2 (line 1576)
                      ; - java.nio.MappedByteBuffer::position@2 (line 329)
                      ; - java.nio.MappedByteBuffer::position@2 (line 74)
                      ; - com.badlogic.gdx.graphics.glutils.VertexArray::bind@83 (line 113)
                      ; - com.badlogic.gdx.graphics.Mesh::bind@6 (line 380)
                      ; - com.badlogic.gdx.graphics.Mesh::bind@3 (line 371)
                      ; - com.badlogic.gdx.graphics.Mesh::render@13 (line 479)
                      ; - com.badlogic.gdx.graphics.Mesh::render@10 (line 449)
                      ; - com.badlogic.gdx.graphics.g2d.SpriteBatch::flush@176 (line 975)
  0x00007f7b97b07980: 5c3e 95ff 

  0x00007f7b97b07984: ;   {post_call_nop}
  0x00007f7b97b07984: 0f1f 8400 | fc1b 001f | be45 ffff | ff48 8b6c | 2420 4489 | 4c24 0848 | 894c 2410 | 4489 5424 
  0x00007f7b97b079a4: 1844 8944 | 241c 8954 | 2424 4489 | 5c24 2889 | 4424 3090 

  0x00007f7b97b079b8: ;   {runtime_call UncommonTrapBlob}
  0x00007f7b97b079b8: c5f8 77e8 

  0x00007f7b97b079bc: ; ImmutableOopMap {rbp=Oop [8]=NarrowOop [12]=NarrowOop [16]=Oop [36]=NarrowOop [40]=NarrowOop }
                      ;*ifeq {reexecute=1 rethrow=0 return_oop=0}
                      ; - (reexecute) com.badlogic.gdx.graphics.glutils.ShaderProgram::checkManaged@4 (line 746)
                      ; - com.badlogic.gdx.graphics.glutils.ShaderProgram::disableVertexAttribute@5 (line 716)
                      ; - com.badlogic.gdx.graphics.glutils.VertexArray::unbind@34 (line 145)
                      ; - com.badlogic.gdx.graphics.Mesh::unbind@6 (line 398)
                      ; - com.badlogic.gdx.graphics.Mesh::unbind@3 (line 389)
                      ; - com.badlogic.gdx.graphics.Mesh::render@178 (line 501)
                      ; - com.badlogic.gdx.graphics.Mesh::render@10 (line 449)
                      ; - com.badlogic.gdx.graphics.g2d.SpriteBatch::flush@176 (line 975)
  0x00007f7b97b079bc: 203e 95ff 

  0x00007f7b97b079c0: ;   {post_call_nop}
  0x00007f7b97b079c0: 0f1f 8400 | 381c 0020 | be45 ffff | ff48 8b6c | 2420 4889 | 4424 f88b | 4424 2889 | 4424 1848 
  0x00007f7b97b079e0: 8b44 24f8 | 4889 4424 | f88b 4424 | 2c89 4424 | 1c48 8b44 | 24f8 4489 | 5424 3090 

  0x00007f7b97b079fc: ;   {runtime_call UncommonTrapBlob}
  0x00007f7b97b079fc: c5f8 77e8 

  0x00007f7b97b07a00: ; ImmutableOopMap {rbp=Oop [8]=NarrowOop [12]=NarrowOop [16]=Oop [64]=NarrowOop [68]=NarrowOop }
                      ;*if_icmpne {reexecute=1 rethrow=0 return_oop=0}
                      ; - (reexecute) com.badlogic.gdx.graphics.glutils.ShaderProgram::fetchAttributeLocation@18 (line 290)
                      ; - com.badlogic.gdx.graphics.glutils.ShaderProgram::disableVertexAttribute@10 (line 717)
                      ; - com.badlogic.gdx.graphics.glutils.VertexArray::unbind@34 (line 145)
                      ; - com.badlogic.gdx.graphics.Mesh::unbind@6 (line 398)
                      ; - com.badlogic.gdx.graphics.Mesh::unbind@3 (line 389)
                      ; - com.badlogic.gdx.graphics.Mesh::render@178 (line 501)
                      ; - com.badlogic.gdx.graphics.Mesh::render@10 (line 449)
                      ; - com.badlogic.gdx.graphics.g2d.SpriteBatch::flush@176 (line 975)
  0x00007f7b97b07a00: dc3d 95ff 

  0x00007f7b97b07a04: ;   {post_call_nop}
  0x00007f7b97b07a04: 0f1f 8400 | 7c1c 0021 | be45 ffff | ff48 8b6c | 2420 4489 | 5424 2090 

  0x00007f7b97b07a1c: ;   {runtime_call UncommonTrapBlob}
  0x00007f7b97b07a1c: c5f8 77e8 

  0x00007f7b97b07a20: ; ImmutableOopMap {rbp=Oop [8]=NarrowOop [12]=NarrowOop [16]=Oop }
                      ;*if_icmpne {reexecute=1 rethrow=0 return_oop=0}
                      ; - (reexecute) com.badlogic.gdx.graphics.glutils.ShaderProgram::disableVertexAttribute@16 (line 718)
                      ; - com.badlogic.gdx.graphics.glutils.VertexArray::unbind@34 (line 145)
                      ; - com.badlogic.gdx.graphics.Mesh::unbind@6 (line 398)
                      ; - com.badlogic.gdx.graphics.Mesh::unbind@3 (line 389)
                      ; - com.badlogic.gdx.graphics.Mesh::render@178 (line 501)
                      ; - com.badlogic.gdx.graphics.Mesh::render@10 (line 449)
                      ; - com.badlogic.gdx.graphics.g2d.SpriteBatch::flush@176 (line 975)
  0x00007f7b97b07a20: bc3d 95ff 

  0x00007f7b97b07a24: ;   {post_call_nop}
  0x00007f7b97b07a24: 0f1f 8400 | 9c1c 0022 | be45 ffff | ff48 ff74 | 2420 488f | 4424 1848 | 8944 24f8 | 8b44 2428 
  0x00007f7b97b07a44: 8944 2420 | 488b 4424 | f844 8944 | 2428 6690 

  0x00007f7b97b07a54: ;   {runtime_call UncommonTrapBlob}
  0x00007f7b97b07a54: c5f8 77e8 

  0x00007f7b97b07a58: ; ImmutableOopMap {rbp=NarrowOop [8]=NarrowOop [12]=NarrowOop [16]=Oop [24]=Oop }
                      ;*ifnonnull {reexecute=1 rethrow=0 return_oop=0}
                      ; - (reexecute) org.lwjgl.opengl.GLContext::getCapabilities@5 (line 123)
                      ; - org.lwjgl.opengl.GL20::glDisableVertexAttribArray@0 (line 917)
                      ; - com.badlogic.gdx.backends.lwjgl.LwjglGL20::glDisableVertexAttribArray@1 (line 272)
                      ; - com.badlogic.gdx.graphics.glutils.ShaderProgram::disableVertexAttribute@22 (line 719)
                      ; - com.badlogic.gdx.graphics.glutils.VertexArray::unbind@34 (line 145)
                      ; - com.badlogic.gdx.graphics.Mesh::unbind@6 (line 398)
                      ; - com.badlogic.gdx.graphics.Mesh::unbind@3 (line 389)
                      ; - com.badlogic.gdx.graphics.Mesh::render@178 (line 501)
                      ; - com.badlogic.gdx.graphics.Mesh::render@10 (line 449)
                      ; - com.badlogic.gdx.graphics.g2d.SpriteBatch::flush@176 (line 975)
  0x00007f7b97b07a58: 843d 95ff 

  0x00007f7b97b07a5c: ;   {post_call_nop}
  0x00007f7b97b07a5c: 0f1f 8400 | d41c 0023 | 4533 d249 | 3bd2 bdff | ffff ff7c | 0840 0f95 | c540 0fb6 | edbe 45ff 
  0x00007f7b97b07a7c: ffff 48ff | 7424 2048 | 8f44 2418 | 4889 4424 | f88b 4424 | 2889 4424 | 2048 8b44 | 24f8 4489 
  0x00007f7b97b07a9c: 4424 2848 | 8954 2430 

  0x00007f7b97b07aa4: ;   {runtime_call UncommonTrapBlob}
  0x00007f7b97b07aa4: c5f8 77e8 

  0x00007f7b97b07aa8: ; ImmutableOopMap {[8]=NarrowOop [12]=NarrowOop [16]=Oop [24]=Oop }
                      ;*ifne {reexecute=1 rethrow=0 return_oop=0}
                      ; - (reexecute) org.lwjgl.BufferChecks::checkFunctionAddress@9 (line 57)
                      ; - org.lwjgl.opengl.GL20::glDisableVertexAttribArray@10 (line 919)
                      ; - com.badlogic.gdx.backends.lwjgl.LwjglGL20::glDisableVertexAttribArray@1 (line 272)
                      ; - com.badlogic.gdx.graphics.glutils.ShaderProgram::disableVertexAttribute@22 (line 719)
                      ; - com.badlogic.gdx.graphics.glutils.VertexArray::unbind@34 (line 145)
                      ; - com.badlogic.gdx.graphics.Mesh::unbind@6 (line 398)
                      ; - com.badlogic.gdx.graphics.Mesh::unbind@3 (line 389)
                      ; - com.badlogic.gdx.graphics.Mesh::render@178 (line 501)
                      ; - com.badlogic.gdx.graphics.Mesh::render@10 (line 449)
                      ; - com.badlogic.gdx.graphics.g2d.SpriteBatch::flush@176 (line 975)
  0x00007f7b97b07aa8: 343d 95ff 

  0x00007f7b97b07aac: ;   {post_call_nop}
  0x00007f7b97b07aac: 0f1f 8400 | 241d 0024 | bee4 ffff | ff48 ff74 | 2420 488f | 4424 1848 | 8944 24f8 | 8b44 242c 
  0x00007f7b97b07acc: 8944 2420 | 488b 4424 | f848 8944 | 24f8 8b44 | 2428 8944 | 2424 488b | 4424 f84c | 894c 2430 
  0x00007f7b97b07aec: 4489 5c24 | 2c89 5c24 | 3866 6690 

  0x00007f7b97b07af8: ;   {runtime_call UncommonTrapBlob}
  0x00007f7b97b07af8: c5f8 77e8 

  0x00007f7b97b07afc: ; ImmutableOopMap {[8]=NarrowOop [12]=NarrowOop [20]=NarrowOop [24]=Oop [44]=NarrowOop [56]=NarrowOop }
                      ;*aaload {reexecute=0 rethrow=0 return_oop=0}
                      ; - org.lwjgl.opengl.ReferencesStack::getReferences@8 (line 41)
                      ; - org.lwjgl.opengl.StateTracker::getReferences@7 (line 85)
                      ; - org.lwjgl.opengl.StateTracker::getElementArrayBufferBound@1 (line 143)
                      ; - org.lwjgl.opengl.GLChecks::ensureElementVBOdisabled@7 (line 82)
                      ; - org.lwjgl.opengl.GL11::glDrawElements@14 (line 1108)
                      ; - com.badlogic.gdx.backends.lwjgl.LwjglGL20::glDrawElements@21 (line 281)
                      ; - com.badlogic.gdx.graphics.Mesh::render@88 (line 488)
                      ; - com.badlogic.gdx.graphics.Mesh::render@10 (line 449)
                      ; - com.badlogic.gdx.graphics.g2d.SpriteBatch::flush@176 (line 975)
  0x00007f7b97b07afc: e03c 95ff 

  0x00007f7b97b07b00: ;   {post_call_nop}
  0x00007f7b97b07b00: 0f1f 8400 | 781d 0025 | bef6 ffff | ff8b 6c24 | 144c 895c | 2408 6690 

  0x00007f7b97b07b18: ;   {runtime_call UncommonTrapBlob}
  0x00007f7b97b07b18: c5f8 77e8 

  0x00007f7b97b07b1c: ; ImmutableOopMap {rbp=NarrowOop }
                      ;*invokevirtual getLong {reexecute=0 rethrow=0 return_oop=0}
                      ; - org.lwjgl.MemoryUtilSun$AccessorUnsafe::getAddress@9 (line 70)
                      ; - org.lwjgl.MemoryUtil::getAddress0@4 (line 113)
                      ; - org.lwjgl.MemoryUtil::getAddress@1 (line 129)
                      ; - org.lwjgl.MemoryUtil::getAddress@5 (line 127)
                      ; - org.lwjgl.opengl.GL11::glDrawElements@30 (line 1110)
                      ; - com.badlogic.gdx.backends.lwjgl.LwjglGL20::glDrawElements@21 (line 281)
                      ; - com.badlogic.gdx.graphics.Mesh::render@88 (line 488)
                      ; - com.badlogic.gdx.graphics.Mesh::render@10 (line 449)
                      ; - com.badlogic.gdx.graphics.g2d.SpriteBatch::flush@176 (line 975)
  0x00007f7b97b07b1c: c03c 95ff 

  0x00007f7b97b07b20: ;   {post_call_nop}
  0x00007f7b97b07b20: 0f1f 8400 | 981d 0026 | bede ffff | ff49 8be9 | 895c 2408 | 8954 240c | 4489 4424 | 1089 4c24 
  0x00007f7b97b07b40: 1466 6690 

  0x00007f7b97b07b44: ;   {runtime_call UncommonTrapBlob}
  0x00007f7b97b07b44: c5f8 77e8 

  0x00007f7b97b07b48: ; ImmutableOopMap {rbp=Oop [12]=NarrowOop }
                      ;*invokeinterface glBindTexture {reexecute=0 rethrow=0 return_oop=0}
                      ; - com.badlogic.gdx.graphics.GLTexture::bind@11 (line 66)
                      ; - com.badlogic.gdx.graphics.g2d.SpriteBatch::flush@58 (line 962)
  0x00007f7b97b07b48: 943c 95ff 

  0x00007f7b97b07b4c: ;   {post_call_nop}
  0x00007f7b97b07b4c: 0f1f 8400 | c41d 0027 | bede ffff | ff48 894c | 2410 4489 | 4c24 1844 | 8944 241c | 4489 5c24 
  0x00007f7b97b07b6c: 2066 6690 

  0x00007f7b97b07b70: ;   {runtime_call UncommonTrapBlob}
  0x00007f7b97b07b70: c5f8 77e8 

  0x00007f7b97b07b74: ; ImmutableOopMap {rbp=NarrowOop [16]=Oop [24]=NarrowOop [28]=NarrowOop }
                      ;*invokeinterface setVertices {reexecute=0 rethrow=0 return_oop=0}
                      ; - com.badlogic.gdx.graphics.Mesh::setVertices@7 (line 197)
                      ; - com.badlogic.gdx.graphics.g2d.SpriteBatch::flush@76 (line 964)
  0x00007f7b97b07b74: 683c 95ff 

  0x00007f7b97b07b78: ;   {post_call_nop}
  0x00007f7b97b07b78: 0f1f 8400 | f01d 0028 | bede ffff | ff48 8be9 | 4489 4c24 | 1048 895c | 2418 4489 | 4424 2044 
  0x00007f7b97b07b98: 895c 2428 | 8954 242c | 4489 5424 | 3066 6690 

  0x00007f7b97b07ba8: ;   {runtime_call UncommonTrapBlob}
  0x00007f7b97b07ba8: c5f8 77e8 

  0x00007f7b97b07bac: ; ImmutableOopMap {rbp=Oop [16]=NarrowOop [24]=Oop [32]=NarrowOop [44]=NarrowOop }
                      ;*invokevirtual limit {reexecute=0 rethrow=0 return_oop=0}
                      ; - com.badlogic.gdx.utils.BufferUtils::copy@11 (line 51)
                      ; - com.badlogic.gdx.graphics.glutils.VertexArray::setVertices@7 (line 84)
                      ; - com.badlogic.gdx.graphics.Mesh::setVertices@7 (line 197)
                      ; - com.badlogic.gdx.graphics.g2d.SpriteBatch::flush@76 (line 964)
  0x00007f7b97b07bac: 303c 95ff 

  0x00007f7b97b07bb0: ;   {post_call_nop}
  0x00007f7b97b07bb0: 0f1f 8400 | 281e 0029 | bede ffff | ff66 6690 

  0x00007f7b97b07bc0: ;   {runtime_call UncommonTrapBlob}
  0x00007f7b97b07bc0: c5f8 77e8 

  0x00007f7b97b07bc4: ; ImmutableOopMap {rbp=NarrowOop [12]=NarrowOop [24]=Oop }
                      ;*invokeinterface getBuffer {reexecute=0 rethrow=0 return_oop=0}
                      ; - com.badlogic.gdx.graphics.Mesh::getIndicesBuffer@4 (line 797)
                      ; - com.badlogic.gdx.graphics.g2d.SpriteBatch::flush@81 (line 965)
  0x00007f7b97b07bc4: 183c 95ff 

  0x00007f7b97b07bc8: ;   {post_call_nop}
  0x00007f7b97b07bc8: 0f1f 8400 | 401e 002a | bede ffff | ff44 895c | 2410 4489 | 5424 1490 

  0x00007f7b97b07be0: ;   {runtime_call UncommonTrapBlob}
  0x00007f7b97b07be0: c5f8 77e8 

  0x00007f7b97b07be4: ; ImmutableOopMap {rbp=NarrowOop [20]=NarrowOop [24]=Oop }
                      ;*invokeinterface glEnable {reexecute=0 rethrow=0 return_oop=0}
                      ; - com.badlogic.gdx.graphics.g2d.SpriteBatch::flush@125 (line 971)
  0x00007f7b97b07be4: f83b 95ff 

  0x00007f7b97b07be8: ;   {post_call_nop}
  0x00007f7b97b07be8: 0f1f 8400 | 601e 002b | bede ffff | ff4c 894c | 2410 4489 | 5c24 1844 | 8954 241c 

  0x00007f7b97b07c04: ;   {runtime_call UncommonTrapBlob}
  0x00007f7b97b07c04: c5f8 77e8 

  0x00007f7b97b07c08: ; ImmutableOopMap {rbp=NarrowOop [12]=NarrowOop [16]=Oop }
                      ;*invokeinterface glBlendFunc {reexecute=0 rethrow=0 return_oop=0}
                      ; - com.badlogic.gdx.graphics.g2d.SpriteBatch::flush@149 (line 972)
  0x00007f7b97b07c08: d43b 95ff 

  0x00007f7b97b07c0c: ;   {post_call_nop}
  0x00007f7b97b07c0c: 0f1f 8400 | 841e 002c | bede ffff | ff4c 8944 | 2408 894c | 2418 897c | 241c 4489 | 4c24 2044 
  0x00007f7b97b07c2c: 8954 2424 

  0x00007f7b97b07c30: ;   {runtime_call UncommonTrapBlob}
  0x00007f7b97b07c30: c5f8 77e8 

  0x00007f7b97b07c34: ; ImmutableOopMap {rbp=NarrowOop [8]=Oop [32]=NarrowOop [36]=NarrowOop }
                      ;*invokeinterface bind {reexecute=0 rethrow=0 return_oop=0}
                      ; - com.badlogic.gdx.graphics.Mesh::bind@6 (line 380)
                      ; - com.badlogic.gdx.graphics.Mesh::bind@3 (line 371)
                      ; - com.badlogic.gdx.graphics.Mesh::render@13 (line 479)
                      ; - com.badlogic.gdx.graphics.Mesh::render@10 (line 449)
                      ; - com.badlogic.gdx.graphics.g2d.SpriteBatch::flush@176 (line 975)
  0x00007f7b97b07c34: a83b 95ff 

  0x00007f7b97b07c38: ;   {post_call_nop}
  0x00007f7b97b07c38: 0f1f 8400 | b01e 002d | bede ffff | ff48 8bea | 48ff 7424 | 2048 8f44 | 2408 4889 | 4424 f88b 
  0x00007f7b97b07c58: 4424 2889 | 4424 1048 | 8b44 24f8 | 897c 241c | 4489 5424 | 2489 4424 | 2844 894c | 242c 895c 
  0x00007f7b97b07c78: 2430 6690 

  0x00007f7b97b07c7c: ;   {runtime_call UncommonTrapBlob}
  0x00007f7b97b07c7c: c5f8 77e8 

  0x00007f7b97b07c80: ; ImmutableOopMap {rbp=Oop [8]=Oop [16]=NarrowOop [36]=NarrowOop [44]=NarrowOop }
                      ;*invokevirtual limit {reexecute=0 rethrow=0 return_oop=0}
                      ; - com.badlogic.gdx.graphics.glutils.VertexArray::bind@21 (line 105)
                      ; - com.badlogic.gdx.graphics.Mesh::bind@6 (line 380)
                      ; - com.badlogic.gdx.graphics.Mesh::bind@3 (line 371)
                      ; - com.badlogic.gdx.graphics.Mesh::render@13 (line 479)
                      ; - com.badlogic.gdx.graphics.Mesh::render@10 (line 449)
                      ; - com.badlogic.gdx.graphics.g2d.SpriteBatch::flush@176 (line 975)
  0x00007f7b97b07c80: 5c3b 95ff 

  0x00007f7b97b07c84: ;   {post_call_nop}
  0x00007f7b97b07c84: 0f1f 8400 | fc1e 002e | bede ffff | ff48 ff74 | 2420 488f | 4424 0889 | 4c24 1844 | 8954 2420 
  0x00007f7b97b07ca4: ;   {runtime_call UncommonTrapBlob}
  0x00007f7b97b07ca4: c5f8 77e8 

  0x00007f7b97b07ca8: ; ImmutableOopMap {rbp=NarrowOop [8]=Oop [24]=NarrowOop [32]=NarrowOop [40]=NarrowOop }
                      ;*invokeinterface getNumIndices {reexecute=0 rethrow=0 return_oop=0}
                      ; - com.badlogic.gdx.graphics.Mesh::bind@15 (line 381)
                      ; - com.badlogic.gdx.graphics.Mesh::bind@3 (line 371)
                      ; - com.badlogic.gdx.graphics.Mesh::render@13 (line 479)
                      ; - com.badlogic.gdx.graphics.Mesh::render@10 (line 449)
                      ; - com.badlogic.gdx.graphics.g2d.SpriteBatch::flush@176 (line 975)
  0x00007f7b97b07ca8: 343b 95ff 

  0x00007f7b97b07cac: ;   {post_call_nop}
  0x00007f7b97b07cac: 0f1f 8400 | 241f 002f | bede ffff | ff48 ff74 | 2420 488f | 4424 1848 | 8944 24f8 | 8b44 242c 
  0x00007f7b97b07ccc: 8944 2420 | 488b 4424 | f848 8944 | 24f8 8b44 | 2428 8944 | 2424 488b | 4424 f844 | 8954 2428 
  0x00007f7b97b07cec: ;   {runtime_call UncommonTrapBlob}
  0x00007f7b97b07cec: c5f8 77e8 

  0x00007f7b97b07cf0: ; ImmutableOopMap {rbp=NarrowOop [8]=NarrowOop [12]=NarrowOop [20]=NarrowOop [24]=Oop }
                      ;*invokeinterface glDrawElements {reexecute=0 rethrow=0 return_oop=0}
                      ; - com.badlogic.gdx.graphics.Mesh::render@88 (line 488)
                      ; - com.badlogic.gdx.graphics.Mesh::render@10 (line 449)
                      ; - com.badlogic.gdx.graphics.g2d.SpriteBatch::flush@176 (line 975)
  0x00007f7b97b07cf0: ec3a 95ff 

  0x00007f7b97b07cf4: ;   {post_call_nop}
  0x00007f7b97b07cf4: 0f1f 8400 | 6c1f 0030 | bede ffff | ff66 6690 

  0x00007f7b97b07d04: ;   {runtime_call UncommonTrapBlob}
  0x00007f7b97b07d04: c5f8 77e8 

  0x00007f7b97b07d08: ; ImmutableOopMap {rbp=NarrowOop [8]=NarrowOop [12]=NarrowOop [32]=Oop }
                      ;*invokeinterface unbind {reexecute=0 rethrow=0 return_oop=0}
                      ; - com.badlogic.gdx.graphics.Mesh::unbind@6 (line 398)
                      ; - com.badlogic.gdx.graphics.Mesh::unbind@3 (line 389)
                      ; - com.badlogic.gdx.graphics.Mesh::render@178 (line 501)
                      ; - com.badlogic.gdx.graphics.Mesh::render@10 (line 449)
                      ; - com.badlogic.gdx.graphics.g2d.SpriteBatch::flush@176 (line 975)
  0x00007f7b97b07d08: d43a 95ff 

  0x00007f7b97b07d0c: ;   {post_call_nop}
  0x00007f7b97b07d0c: 0f1f 8400 | 841f 0031 | bede ffff | ff44 894c | 2410 6690 

  0x00007f7b97b07d20: ;   {runtime_call UncommonTrapBlob}
  0x00007f7b97b07d20: c5f8 77e8 

  0x00007f7b97b07d24: ; ImmutableOopMap {rbp=NarrowOop [16]=NarrowOop [32]=Oop }
                      ;*invokeinterface getNumIndices {reexecute=0 rethrow=0 return_oop=0}
                      ; - com.badlogic.gdx.graphics.Mesh::unbind@15 (line 399)
                      ; - com.badlogic.gdx.graphics.Mesh::unbind@3 (line 389)
                      ; - com.badlogic.gdx.graphics.Mesh::render@178 (line 501)
                      ; - com.badlogic.gdx.graphics.Mesh::render@10 (line 449)
                      ; - com.badlogic.gdx.graphics.g2d.SpriteBatch::flush@176 (line 975)
  0x00007f7b97b07d24: b83a 95ff 

  0x00007f7b97b07d28: ;   {post_call_nop}
  0x00007f7b97b07d28: 0f1f 8400 | a01f 0032 | be45 ffff | ff49 8be9 | 895c 2408 | 4489 4424 | 0c89 4c24 | 1089 7c24 
  0x00007f7b97b07d48: 1448 8954 | 2418 6690 

  0x00007f7b97b07d50: ;   {runtime_call UncommonTrapBlob}
  0x00007f7b97b07d50: c5f8 77e8 

  0x00007f7b97b07d54: ; ImmutableOopMap {rbp=Oop [20]=NarrowOop [24]=Oop }
                      ;*if_acmpne {reexecute=1 rethrow=0 return_oop=0}
                      ; - (reexecute) org.lwjgl.opengl.GLContext::getCapabilitiesImpl@11 (line 132)
                      ; - org.lwjgl.opengl.GLContext::getCapabilities@0 (line 122)
                      ; - org.lwjgl.opengl.GL11::glBindTexture@0 (line 651)
                      ; - com.badlogic.gdx.backends.lwjgl.LwjglGL20::glBindTexture@2 (line 93)
                      ; - com.badlogic.gdx.graphics.GLTexture::bind@11 (line 66)
                      ; - com.badlogic.gdx.graphics.g2d.SpriteBatch::flush@58 (line 962)
  0x00007f7b97b07d54: 883a 95ff 

  0x00007f7b97b07d58: ;   {post_call_nop}
  0x00007f7b97b07d58: 0f1f 8400 | d01f 0033 | be45 ffff | ff48 894c | 2408 4489 | 5c24 1044 | 8954 2414 | 4889 5c24 
  0x00007f7b97b07d78: 1866 6690 

  0x00007f7b97b07d7c: ;   {runtime_call UncommonTrapBlob}
  0x00007f7b97b07d7c: c5f8 77e8 

  0x00007f7b97b07d80: ; ImmutableOopMap {rbp=NarrowOop [8]=Oop [20]=NarrowOop [24]=Oop }
                      ;*if_acmpne {reexecute=1 rethrow=0 return_oop=0}
                      ; - (reexecute) org.lwjgl.opengl.GLContext::getCapabilitiesImpl@11 (line 132)
                      ; - org.lwjgl.opengl.GLContext::getCapabilities@0 (line 122)
                      ; - org.lwjgl.opengl.GL11::glEnable@0 (line 1012)
                      ; - com.badlogic.gdx.backends.lwjgl.LwjglGL20::glEnable@1 (line 292)
                      ; - com.badlogic.gdx.graphics.g2d.SpriteBatch::flush@125 (line 971)
  0x00007f7b97b07d80: 5c3a 95ff 

  0x00007f7b97b07d84: ;   {post_call_nop}
  0x00007f7b97b07d84: 0f1f 8400 | fc1f 0034 | be45 ffff | ff4c 894c | 2410 4489 | 5c24 1844 | 8954 241c | 4889 5c24 
  0x00007f7b97b07da4: 2066 6690 

  0x00007f7b97b07da8: ;   {runtime_call UncommonTrapBlob}
  0x00007f7b97b07da8: c5f8 77e8 

  0x00007f7b97b07dac: ; ImmutableOopMap {rbp=NarrowOop [12]=NarrowOop [16]=Oop [32]=Oop }
                      ;*if_acmpne {reexecute=1 rethrow=0 return_oop=0}
                      ; - (reexecute) org.lwjgl.opengl.GLContext::getCapabilitiesImpl@11 (line 132)
                      ; - org.lwjgl.opengl.GLContext::getCapabilities@0 (line 122)
                      ; - org.lwjgl.opengl.GL11::glBlendFunc@0 (line 624)
                      ; - com.badlogic.gdx.backends.lwjgl.LwjglGL20::glBlendFunc@2 (line 109)
                      ; - com.badlogic.gdx.graphics.g2d.SpriteBatch::flush@149 (line 972)
  0x00007f7b97b07dac: 303a 95ff 

  0x00007f7b97b07db0: ;   {post_call_nop}
  0x00007f7b97b07db0: 0f1f 8400 | 2820 0035 | be45 ffff | ff48 8b6c | 2420 894c | 240c 4889 | 4424 f88b | 4424 1489 
  0x00007f7b97b07dd0: 4424 1048 | 8b44 24f8 | 8954 2418 

  0x00007f7b97b07ddc: ;   {runtime_call UncommonTrapBlob}
  0x00007f7b97b07ddc: c5f8 77e8 

  0x00007f7b97b07de0: ; ImmutableOopMap {rbp=Oop [12]=NarrowOop [40]=NarrowOop }
                      ;*ifle {reexecute=1 rethrow=0 return_oop=0}
                      ; - (reexecute) com.badlogic.gdx.graphics.Mesh::bind@20 (line 381)
                      ; - com.badlogic.gdx.graphics.Mesh::bind@3 (line 371)
                      ; - com.badlogic.gdx.graphics.Mesh::render@13 (line 479)
                      ; - com.badlogic.gdx.graphics.Mesh::render@10 (line 449)
                      ; - com.badlogic.gdx.graphics.g2d.SpriteBatch::flush@176 (line 975)
  0x00007f7b97b07de0: fc39 95ff 

  0x00007f7b97b07de4: ;   {post_call_nop}
  0x00007f7b97b07de4: 0f1f 8400 | 5c20 0036 | be45 ffff | ff66 6690 

  0x00007f7b97b07df4: ;   {runtime_call UncommonTrapBlob}
  0x00007f7b97b07df4: c5f8 77e8 

  0x00007f7b97b07df8: ; ImmutableOopMap {rbp=NarrowOop [8]=NarrowOop [12]=NarrowOop [20]=NarrowOop [24]=Oop [32]=Oop }
                      ;*if_acmpne {reexecute=1 rethrow=0 return_oop=0}
                      ; - (reexecute) org.lwjgl.opengl.GLContext::getCapabilitiesImpl@11 (line 132)
                      ; - org.lwjgl.opengl.GLContext::getCapabilities@0 (line 122)
                      ; - org.lwjgl.opengl.GL11::glDrawElements@0 (line 1105)
                      ; - com.badlogic.gdx.backends.lwjgl.LwjglGL20::glDrawElements@21 (line 281)
                      ; - com.badlogic.gdx.graphics.Mesh::render@88 (line 488)
                      ; - com.badlogic.gdx.graphics.Mesh::render@10 (line 449)
                      ; - com.badlogic.gdx.graphics.g2d.SpriteBatch::flush@176 (line 975)
  0x00007f7b97b07df8: e439 95ff 

  0x00007f7b97b07dfc: ;   {post_call_nop}
  0x00007f7b97b07dfc: 0f1f 8400 | 7420 0037 | be45 ffff | ff48 ff74 | 2420 488f | 4424 1848 | 8944 24f8 | 8b44 242c 
  0x00007f7b97b07e1c: 8944 2420 | 488b 4424 | f848 8944 | 24f8 8b44 | 2428 8944 | 2424 488b | 4424 f84c | 894c 2430 
  0x00007f7b97b07e3c: 4489 5c24 | 2c89 4c24 | 3866 6690 

  0x00007f7b97b07e48: ;   {runtime_call UncommonTrapBlob}
  0x00007f7b97b07e48: c5f8 77e8 

  0x00007f7b97b07e4c: ; ImmutableOopMap {[8]=NarrowOop [12]=NarrowOop [20]=NarrowOop [24]=Oop [44]=NarrowOop [56]=NarrowOop }
                      ;*ifne {reexecute=1 rethrow=0 return_oop=0}
                      ; - (reexecute) org.lwjgl.opengl.StateTracker::getElementArrayBufferBound@9 (line 145)
                      ; - org.lwjgl.opengl.GLChecks::ensureElementVBOdisabled@7 (line 82)
                      ; - org.lwjgl.opengl.GL11::glDrawElements@14 (line 1108)
                      ; - com.badlogic.gdx.backends.lwjgl.LwjglGL20::glDrawElements@21 (line 281)
                      ; - com.badlogic.gdx.graphics.Mesh::render@88 (line 488)
                      ; - com.badlogic.gdx.graphics.Mesh::render@10 (line 449)
                      ; - com.badlogic.gdx.graphics.g2d.SpriteBatch::flush@176 (line 975)
  0x00007f7b97b07e4c: 9039 95ff 

  0x00007f7b97b07e50: ;   {post_call_nop}
  0x00007f7b97b07e50: 0f1f 8400 | c820 0038 | be45 ffff | ff66 6690 

  0x00007f7b97b07e60: ;   {runtime_call UncommonTrapBlob}
  0x00007f7b97b07e60: c5f8 77e8 

  0x00007f7b97b07e64: ; ImmutableOopMap {[32]=Oop }
                      ;*ifle {reexecute=1 rethrow=0 return_oop=0}
                      ; - (reexecute) com.badlogic.gdx.graphics.Mesh::unbind@20 (line 399)
                      ; - com.badlogic.gdx.graphics.Mesh::unbind@3 (line 389)
                      ; - com.badlogic.gdx.graphics.Mesh::render@178 (line 501)
                      ; - com.badlogic.gdx.graphics.Mesh::render@10 (line 449)
                      ; - com.badlogic.gdx.graphics.g2d.SpriteBatch::flush@176 (line 975)
  0x00007f7b97b07e64: 7839 95ff 

  0x00007f7b97b07e68: ;   {post_call_nop}
  0x00007f7b97b07e68: 0f1f 8400 | e020 0039 | be45 ffff | ff4c 894c | 2408 895c | 2410 4489 | 4424 1489 | 4c24 1890 
  0x00007f7b97b07e88: ;   {runtime_call UncommonTrapBlob}
  0x00007f7b97b07e88: c5f8 77e8 

  0x00007f7b97b07e8c: ; ImmutableOopMap {rbp=NarrowOop [8]=Oop }
                      ;*ifnonnull {reexecute=1 rethrow=0 return_oop=0}
                      ; - (reexecute) org.lwjgl.opengl.GLContext::getCapabilities@5 (line 123)
                      ; - org.lwjgl.opengl.GL11::glBindTexture@0 (line 651)
                      ; - com.badlogic.gdx.backends.lwjgl.LwjglGL20::glBindTexture@2 (line 93)
                      ; - com.badlogic.gdx.graphics.GLTexture::bind@11 (line 66)
                      ; - com.badlogic.gdx.graphics.g2d.SpriteBatch::flush@58 (line 962)
  0x00007f7b97b07e8c: 5039 95ff 

  0x00007f7b97b07e90: ;   {post_call_nop}
  0x00007f7b97b07e90: 0f1f 8400 | 0821 003a | 4533 d249 | 3bfa bdff | ffff ff7c | 0840 0f95 | c540 0fb6 | edbe 45ff 
  0x00007f7b97b07eb0: ffff 4c89 | 4c24 0889 | 5c24 1044 | 8944 2414 | 894c 2418 | 4889 7c24 | 2066 6690 

  0x00007f7b97b07ecc: ;   {runtime_call UncommonTrapBlob}
  0x00007f7b97b07ecc: c5f8 77e8 

  0x00007f7b97b07ed0: ; ImmutableOopMap {[8]=Oop }
                      ;*ifne {reexecute=1 rethrow=0 return_oop=0}
                      ; - (reexecute) org.lwjgl.BufferChecks::checkFunctionAddress@9 (line 57)
                      ; - org.lwjgl.opengl.GL11::glBindTexture@10 (line 653)
                      ; - com.badlogic.gdx.backends.lwjgl.LwjglGL20::glBindTexture@2 (line 93)
                      ; - com.badlogic.gdx.graphics.GLTexture::bind@11 (line 66)
                      ; - com.badlogic.gdx.graphics.g2d.SpriteBatch::flush@58 (line 962)
  0x00007f7b97b07ed0: 0c39 95ff 

  0x00007f7b97b07ed4: ;   {post_call_nop}
  0x00007f7b97b07ed4: 0f1f 8400 | 4c21 003b | be45 ffff | ff48 894c | 2410 4489 | 4c24 1848 | 895c 2420 | 4489 4424 
  0x00007f7b97b07ef4: 2844 895c | 242c 4889 | 7c24 3848 | 897c 2440 | 4489 5424 | 5466 6690 

  0x00007f7b97b07f0c: ;   {runtime_call UncommonTrapBlob}
  0x00007f7b97b07f0c: c5f8 77e8 

  0x00007f7b97b07f10: ; ImmutableOopMap {[16]=Oop [24]=NarrowOop [32]=Oop [40]=NarrowOop [56]=Oop [64]=Oop }
                      ;*if_icmple {reexecute=1 rethrow=0 return_oop=0}
                      ; - (reexecute) java.nio.Buffer::limit@5 (line 378)
                      ; - java.nio.ByteBuffer::limit@2 (line 1590)
                      ; - java.nio.MappedByteBuffer::limit@2 (line 339)
                      ; - java.nio.MappedByteBuffer::limit@2 (line 74)
                      ; - com.badlogic.gdx.utils.BufferUtils::copy@11 (line 51)
                      ; - com.badlogic.gdx.graphics.glutils.VertexArray::setVertices@7 (line 84)
                      ; - com.badlogic.gdx.graphics.Mesh::setVertices@7 (line 197)
                      ; - com.badlogic.gdx.graphics.g2d.SpriteBatch::flush@76 (line 964)
  0x00007f7b97b07f10: cc38 95ff 

  0x00007f7b97b07f14: ;   {post_call_nop}
  0x00007f7b97b07f14: 0f1f 8400 | 8c21 003c | be45 ffff | ff48 8be9 | 4489 4c24 | 1048 895c | 2418 4489 | 4424 2044 
  0x00007f7b97b07f34: 895c 2424 | 4889 7c24 | 3048 897c | 2438 4489 | 5424 4c90 

  0x00007f7b97b07f48: ;   {runtime_call UncommonTrapBlob}
  0x00007f7b97b07f48: c5f8 77e8 

  0x00007f7b97b07f4c: ; ImmutableOopMap {rbp=Oop [16]=NarrowOop [24]=Oop [32]=NarrowOop [48]=Oop [56]=Oop }
                      ;*ifge {reexecute=1 rethrow=0 return_oop=0}
                      ; - (reexecute) java.nio.Buffer::limit@14 (line 378)
                      ; - java.nio.ByteBuffer::limit@2 (line 1590)
                      ; - java.nio.MappedByteBuffer::limit@2 (line 339)
                      ; - java.nio.MappedByteBuffer::limit@2 (line 74)
                      ; - com.badlogic.gdx.utils.BufferUtils::copy@11 (line 51)
                      ; - com.badlogic.gdx.graphics.glutils.VertexArray::setVertices@7 (line 84)
                      ; - com.badlogic.gdx.graphics.Mesh::setVertices@7 (line 197)
                      ; - com.badlogic.gdx.graphics.g2d.SpriteBatch::flush@76 (line 964)
  0x00007f7b97b07f4c: 9038 95ff 

  0x00007f7b97b07f50: ;   {post_call_nop}
  0x00007f7b97b07f50: 0f1f 8400 | c821 003d | be45 ffff | ff48 894c | 2410 4489 | 4c24 1848 | 895c 2420 | 4489 4424 
  0x00007f7b97b07f70: 2844 895c | 242c 4889 | 7c24 3848 | 897c 2440 | 4489 5424 | 5466 6690 

  0x00007f7b97b07f88: ;   {runtime_call UncommonTrapBlob}
  0x00007f7b97b07f88: c5f8 77e8 

  0x00007f7b97b07f8c: ; ImmutableOopMap {[16]=Oop [24]=NarrowOop [32]=Oop [40]=NarrowOop [56]=Oop [64]=Oop }
                      ;*if_icmple {reexecute=1 rethrow=0 return_oop=0}
                      ; - (reexecute) java.nio.Buffer::limit@42 (line 381)
                      ; - java.nio.ByteBuffer::limit@2 (line 1590)
                      ; - java.nio.MappedByteBuffer::limit@2 (line 339)
                      ; - java.nio.MappedByteBuffer::limit@2 (line 74)
                      ; - com.badlogic.gdx.utils.BufferUtils::copy@11 (line 51)
                      ; - com.badlogic.gdx.graphics.glutils.VertexArray::setVertices@7 (line 84)
                      ; - com.badlogic.gdx.graphics.Mesh::setVertices@7 (line 197)
                      ; - com.badlogic.gdx.graphics.g2d.SpriteBatch::flush@76 (line 964)
  0x00007f7b97b07f8c: 5038 95ff 

  0x00007f7b97b07f90: ;   {post_call_nop}
  0x00007f7b97b07f90: 0f1f 8400 | 0822 003e | be45 ffff | ff48 894c | 2410 4489 | 4c24 1848 | 895c 2420 | 4489 4424 
  0x00007f7b97b07fb0: 2844 895c | 242c 4889 | 7c24 3848 | 897c 2440 | 4489 5424 | 5066 6690 

  0x00007f7b97b07fc8: ;   {runtime_call UncommonTrapBlob}
  0x00007f7b97b07fc8: c5f8 77e8 

  0x00007f7b97b07fcc: ; ImmutableOopMap {[16]=Oop [24]=NarrowOop [32]=Oop [40]=NarrowOop [56]=Oop [64]=Oop }
                      ;*if_icmple {reexecute=1 rethrow=0 return_oop=0}
                      ; - (reexecute) java.nio.Buffer::limit@55 (line 382)
                      ; - java.nio.ByteBuffer::limit@2 (line 1590)
                      ; - java.nio.MappedByteBuffer::limit@2 (line 339)
                      ; - java.nio.MappedByteBuffer::limit@2 (line 74)
                      ; - com.badlogic.gdx.utils.BufferUtils::copy@11 (line 51)
                      ; - com.badlogic.gdx.graphics.glutils.VertexArray::setVertices@7 (line 84)
                      ; - com.badlogic.gdx.graphics.Mesh::setVertices@7 (line 197)
                      ; - com.badlogic.gdx.graphics.g2d.SpriteBatch::flush@76 (line 964)
  0x00007f7b97b07fcc: 1038 95ff 

  0x00007f7b97b07fd0: ;   {post_call_nop}
  0x00007f7b97b07fd0: 0f1f 8400 | 4822 003f | be45 ffff | ff48 ff74 | 2418 488f | 4424 1048 | 8944 24f8 | 8b44 2420 
  0x00007f7b97b07ff0: 8944 241c | 488b 4424 | f84c 8954 | 2430 4c89 | 5424 3890 

  0x00007f7b97b08004: ;   {runtime_call UncommonTrapBlob}
  0x00007f7b97b08004: c5f8 77e8 

  0x00007f7b97b08008: ; ImmutableOopMap {[12]=NarrowOop [16]=Oop [40]=Oop [48]=Oop [56]=Oop }
                      ;*if_icmple {reexecute=1 rethrow=0 return_oop=0}
                      ; - (reexecute) java.nio.Buffer::position@5 (line 325)
                      ; - java.nio.ByteBuffer::position@2 (line 1576)
                      ; - java.nio.MappedByteBuffer::position@2 (line 329)
                      ; - java.nio.MappedByteBuffer::position@2 (line 74)
                      ; - com.badlogic.gdx.utils.BufferUtils::copy@40 (line 55)
                      ; - com.badlogic.gdx.graphics.glutils.VertexArray::setVertices@7 (line 84)
                      ; - com.badlogic.gdx.graphics.Mesh::setVertices@7 (line 197)
                      ; - com.badlogic.gdx.graphics.g2d.SpriteBatch::flush@76 (line 964)
  0x00007f7b97b08008: d437 95ff 

  0x00007f7b97b0800c: ;   {post_call_nop}
  0x00007f7b97b0800c: 0f1f 8400 | 8422 0040 | be45 ffff | ff48 ff74 | 2418 488f | 4424 1048 | 8944 24f8 | 8b44 2420 
  0x00007f7b97b0802c: 8944 241c | 488b 4424 | f84c 8954 | 2430 4c89 | 5424 3890 

  0x00007f7b97b08040: ;   {runtime_call UncommonTrapBlob}
  0x00007f7b97b08040: c5f8 77e8 

  0x00007f7b97b08044: ; ImmutableOopMap {[12]=NarrowOop [16]=Oop [40]=Oop [48]=Oop [56]=Oop }
                      ;*if_icmple {reexecute=1 rethrow=0 return_oop=0}
                      ; - (reexecute) java.nio.Buffer::position@37 (line 327)
                      ; - java.nio.ByteBuffer::position@2 (line 1576)
                      ; - java.nio.MappedByteBuffer::position@2 (line 329)
                      ; - java.nio.MappedByteBuffer::position@2 (line 74)
                      ; - com.badlogic.gdx.utils.BufferUtils::copy@40 (line 55)
                      ; - com.badlogic.gdx.graphics.glutils.VertexArray::setVertices@7 (line 84)
                      ; - com.badlogic.gdx.graphics.Mesh::setVertices@7 (line 197)
                      ; - com.badlogic.gdx.graphics.g2d.SpriteBatch::flush@76 (line 964)
  0x00007f7b97b08044: 9837 95ff 

  0x00007f7b97b08048: ;   {post_call_nop}
  0x00007f7b97b08048: 0f1f 8400 | c022 0041 | be45 ffff | ff48 ff74 | 2418 488f | 4424 1048 | 8944 24f8 | 8b44 2420 
  0x00007f7b97b08068: 8944 241c | 488b 4424 | f844 8944 | 2424 6690 

  0x00007f7b97b08078: ;   {runtime_call UncommonTrapBlob}
  0x00007f7b97b08078: c5f8 77e8 

  0x00007f7b97b0807c: ; ImmutableOopMap {[12]=NarrowOop [16]=Oop [36]=NarrowOop [40]=Oop }
                      ;*if_icmple {reexecute=1 rethrow=0 return_oop=0}
                      ; - (reexecute) java.nio.Buffer::position@5 (line 325)
                      ; - java.nio.FloatBuffer::position@2 (line 1576)
                      ; - java.nio.FloatBuffer::position@2 (line 292)
                      ; - com.badlogic.gdx.graphics.glutils.VertexArray::setVertices@15 (line 85)
                      ; - com.badlogic.gdx.graphics.Mesh::setVertices@7 (line 197)
                      ; - com.badlogic.gdx.graphics.g2d.SpriteBatch::flush@76 (line 964)
  0x00007f7b97b0807c: 6037 95ff 

  0x00007f7b97b08080: ;   {post_call_nop}
  0x00007f7b97b08080: 0f1f 8400 | f822 0042 | be45 ffff | ff48 8b6c | 2418 4c89 | 5424 1848 | 8944 24f8 | 8b44 2420 
  0x00007f7b97b080a0: 8944 2414 | 488b 4424 | f844 8944 | 2424 894c | 2428 6690 

  0x00007f7b97b080b4: ;   {runtime_call UncommonTrapBlob}
  0x00007f7b97b080b4: c5f8 77e8 

  0x00007f7b97b080b8: ; ImmutableOopMap {rbp=Oop [12]=NarrowOop [24]=Oop [36]=NarrowOop }
                      ;*if_icmple {reexecute=1 rethrow=0 return_oop=0}
                      ; - (reexecute) java.nio.Buffer::position@37 (line 327)
                      ; - java.nio.FloatBuffer::position@2 (line 1576)
                      ; - java.nio.FloatBuffer::position@2 (line 292)
                      ; - com.badlogic.gdx.graphics.glutils.VertexArray::setVertices@15 (line 85)
                      ; - com.badlogic.gdx.graphics.Mesh::setVertices@7 (line 197)
                      ; - com.badlogic.gdx.graphics.g2d.SpriteBatch::flush@76 (line 964)
  0x00007f7b97b080b8: 2437 95ff 

  0x00007f7b97b080bc: ;   {post_call_nop}
  0x00007f7b97b080bc: 0f1f 8400 | 3423 0043 | be45 ffff | ff48 ff74 | 2418 488f | 4424 1044 | 8944 2420 | 4489 5c24 
  0x00007f7b97b080dc: 2866 6690 

  0x00007f7b97b080e0: ;   {runtime_call UncommonTrapBlob}
  0x00007f7b97b080e0: c5f8 77e8 

  0x00007f7b97b080e4: ; ImmutableOopMap {[12]=NarrowOop [16]=Oop [32]=NarrowOop }
                      ;*if_icmple {reexecute=1 rethrow=0 return_oop=0}
                      ; - (reexecute) java.nio.Buffer::limit@5 (line 378)
                      ; - java.nio.FloatBuffer::limit@2 (line 1590)
                      ; - java.nio.FloatBuffer::limit@2 (line 292)
                      ; - com.badlogic.gdx.graphics.glutils.VertexArray::setVertices@24 (line 86)
                      ; - com.badlogic.gdx.graphics.Mesh::setVertices@7 (line 197)
                      ; - com.badlogic.gdx.graphics.g2d.SpriteBatch::flush@76 (line 964)
  0x00007f7b97b080e4: f836 95ff 

  0x00007f7b97b080e8: ;   {post_call_nop}
  0x00007f7b97b080e8: 0f1f 8400 | 6023 0044 | be45 ffff | ff48 8b6c | 2418 4489 | 4424 1890 

  0x00007f7b97b08100: ;   {runtime_call UncommonTrapBlob}
  0x00007f7b97b08100: c5f8 77e8 

  0x00007f7b97b08104: ; ImmutableOopMap {rbp=Oop [12]=NarrowOop [24]=NarrowOop }
                      ;*ifge {reexecute=1 rethrow=0 return_oop=0}
                      ; - (reexecute) java.nio.Buffer::limit@14 (line 378)
                      ; - java.nio.FloatBuffer::limit@2 (line 1590)
                      ; - java.nio.FloatBuffer::limit@2 (line 292)
                      ; - com.badlogic.gdx.graphics.glutils.VertexArray::setVertices@24 (line 86)
                      ; - com.badlogic.gdx.graphics.Mesh::setVertices@7 (line 197)
                      ; - com.badlogic.gdx.graphics.g2d.SpriteBatch::flush@76 (line 964)
  0x00007f7b97b08104: d836 95ff 

  0x00007f7b97b08108: ;   {post_call_nop}
  0x00007f7b97b08108: 0f1f 8400 | 8023 0045 | be45 ffff | ff48 8b6c | 2418 4489 | 4424 1889 | 4c24 1c90 

  0x00007f7b97b08124: ;   {runtime_call UncommonTrapBlob}
  0x00007f7b97b08124: c5f8 77e8 

  0x00007f7b97b08128: ; ImmutableOopMap {rbp=Oop [12]=NarrowOop [24]=NarrowOop }
                      ;*if_icmple {reexecute=1 rethrow=0 return_oop=0}
                      ; - (reexecute) java.nio.Buffer::limit@55 (line 382)
                      ; - java.nio.FloatBuffer::limit@2 (line 1590)
                      ; - java.nio.FloatBuffer::limit@2 (line 292)
                      ; - com.badlogic.gdx.graphics.glutils.VertexArray::setVertices@24 (line 86)
                      ; - com.badlogic.gdx.graphics.Mesh::setVertices@7 (line 197)
                      ; - com.badlogic.gdx.graphics.g2d.SpriteBatch::flush@76 (line 964)
  0x00007f7b97b08128: b436 95ff 

  0x00007f7b97b0812c: ;   {post_call_nop}
  0x00007f7b97b0812c: 0f1f 8400 | a423 0046 | be45 ffff | ff48 ff74 | 2418 488f | 4424 1044 | 8944 241c 

  0x00007f7b97b08148: ;   {runtime_call UncommonTrapBlob}
  0x00007f7b97b08148: c5f8 77e8 

  0x00007f7b97b0814c: ; ImmutableOopMap {[12]=NarrowOop [16]=Oop [28]=NarrowOop }
                      ;*if_icmple {reexecute=1 rethrow=0 return_oop=0}
                      ; - (reexecute) java.nio.Buffer::position@5 (line 325)
                      ; - java.nio.ShortBuffer::position@2 (line 1576)
                      ; - java.nio.ShortBuffer::position@2 (line 292)
                      ; - com.badlogic.gdx.graphics.g2d.SpriteBatch::flush@85 (line 965)
  0x00007f7b97b0814c: 9036 95ff 

  0x00007f7b97b08150: ;   {post_call_nop}
  0x00007f7b97b08150: 0f1f 8400 | c823 0047 | be45 ffff | ff48 8b6c | 2418 4489 | 4424 1489 | 4c24 1890 

  0x00007f7b97b0816c: ;   {runtime_call UncommonTrapBlob}
  0x00007f7b97b0816c: c5f8 77e8 

  0x00007f7b97b08170: ; ImmutableOopMap {rbp=Oop [12]=NarrowOop [20]=NarrowOop }
                      ;*if_icmple {reexecute=1 rethrow=0 return_oop=0}
                      ; - (reexecute) java.nio.Buffer::position@37 (line 327)
                      ; - java.nio.ShortBuffer::position@2 (line 1576)
                      ; - java.nio.ShortBuffer::position@2 (line 292)
                      ; - com.badlogic.gdx.graphics.g2d.SpriteBatch::flush@85 (line 965)
  0x00007f7b97b08170: 6c36 95ff 

  0x00007f7b97b08174: ;   {post_call_nop}
  0x00007f7b97b08174: 0f1f 8400 | ec23 0048 | be45 ffff | ff48 ff74 | 2418 488f | 4424 0844 | 8954 2414 | 4489 4424 
  0x00007f7b97b08194: 1c44 895c | 2420 4489 | 5c24 2490 

  0x00007f7b97b081a0: ;   {runtime_call UncommonTrapBlob}
  0x00007f7b97b081a0: c5f8 77e8 

  0x00007f7b97b081a4: ; ImmutableOopMap {[8]=Oop [20]=NarrowOop [28]=NarrowOop }
                      ;*if_icmple {reexecute=1 rethrow=0 return_oop=0}
                      ; - (reexecute) java.nio.Buffer::limit@5 (line 378)
                      ; - java.nio.ShortBuffer::limit@2 (line 1590)
                      ; - java.nio.ShortBuffer::limit@2 (line 292)
                      ; - com.badlogic.gdx.graphics.g2d.SpriteBatch::flush@94 (line 966)
  0x00007f7b97b081a4: 3836 95ff 

  0x00007f7b97b081a8: ;   {post_call_nop}
  0x00007f7b97b081a8: 0f1f 8400 | 2024 0049 | be45 ffff | ff48 8b6c | 2418 4489 | 4424 1490 

  0x00007f7b97b081c0: ;   {runtime_call UncommonTrapBlob}
  0x00007f7b97b081c0: c5f8 77e8 

  0x00007f7b97b081c4: ; ImmutableOopMap {rbp=Oop [12]=NarrowOop [20]=NarrowOop }
                      ;*ifge {reexecute=1 rethrow=0 return_oop=0}
                      ; - (reexecute) java.nio.Buffer::limit@14 (line 378)
                      ; - java.nio.ShortBuffer::limit@2 (line 1590)
                      ; - java.nio.ShortBuffer::limit@2 (line 292)
                      ; - com.badlogic.gdx.graphics.g2d.SpriteBatch::flush@94 (line 966)
  0x00007f7b97b081c4: 1836 95ff 

  0x00007f7b97b081c8: ;   {post_call_nop}
  0x00007f7b97b081c8: 0f1f 8400 | 4024 004a | be45 ffff | ff48 8b6c | 2418 4489 | 4424 1489 | 4c24 1890 

  0x00007f7b97b081e4: ;   {runtime_call UncommonTrapBlob}
  0x00007f7b97b081e4: c5f8 77e8 

  0x00007f7b97b081e8: ; ImmutableOopMap {rbp=Oop [12]=NarrowOop [20]=NarrowOop }
                      ;*if_icmple {reexecute=1 rethrow=0 return_oop=0}
                      ; - (reexecute) java.nio.Buffer::limit@55 (line 382)
                      ; - java.nio.ShortBuffer::limit@2 (line 1590)
                      ; - java.nio.ShortBuffer::limit@2 (line 292)
                      ; - com.badlogic.gdx.graphics.g2d.SpriteBatch::flush@94 (line 966)
  0x00007f7b97b081e8: f435 95ff 

  0x00007f7b97b081ec: ;   {post_call_nop}
  0x00007f7b97b081ec: 0f1f 8400 | 6424 004b | be45 ffff | ff44 895c | 2410 4489 | 5424 1490 

  0x00007f7b97b08204: ;   {runtime_call UncommonTrapBlob}
  0x00007f7b97b08204: c5f8 77e8 

  0x00007f7b97b08208: ; ImmutableOopMap {[20]=NarrowOop [24]=Oop }
                      ;*ifeq {reexecute=1 rethrow=0 return_oop=0}
                      ; - (reexecute) com.badlogic.gdx.graphics.g2d.SpriteBatch::flush@102 (line 968)
  0x00007f7b97b08208: d435 95ff 

  0x00007f7b97b0820c: ;   {post_call_nop}
  0x00007f7b97b0820c: 0f1f 8400 | 8424 004c | be45 ffff | ff44 895c | 2410 4489 | 5424 1490 

  0x00007f7b97b08224: ;   {runtime_call UncommonTrapBlob}
  0x00007f7b97b08224: c5f8 77e8 

  0x00007f7b97b08228: ; ImmutableOopMap {rbp=NarrowOop [20]=NarrowOop [24]=Oop }
                      ;*ifnonnull {reexecute=1 rethrow=0 return_oop=0}
                      ; - (reexecute) org.lwjgl.opengl.GLContext::getCapabilities@5 (line 123)
                      ; - org.lwjgl.opengl.GL11::glEnable@0 (line 1012)
                      ; - com.badlogic.gdx.backends.lwjgl.LwjglGL20::glEnable@1 (line 292)
                      ; - com.badlogic.gdx.graphics.g2d.SpriteBatch::flush@125 (line 971)
  0x00007f7b97b08228: b435 95ff 

  0x00007f7b97b0822c: ;   {post_call_nop}
  0x00007f7b97b0822c: 0f1f 8400 | a424 004d | 4533 c049 | 3bd0 bdff | ffff ff7c | 0840 0f95 | c540 0fb6 | edbe 45ff 
  0x00007f7b97b0824c: ffff 4889 | 4c24 0844 | 895c 2410 | 4489 5424 | 1448 8954 | 2418 6690 

  0x00007f7b97b08264: ;   {runtime_call UncommonTrapBlob}
  0x00007f7b97b08264: c5f8 77e8 

  0x00007f7b97b08268: ; ImmutableOopMap {[8]=Oop [20]=NarrowOop }
                      ;*ifne {reexecute=1 rethrow=0 return_oop=0}
                      ; - (reexecute) org.lwjgl.BufferChecks::checkFunctionAddress@9 (line 57)
                      ; - org.lwjgl.opengl.GL11::glEnable@10 (line 1014)
                      ; - com.badlogic.gdx.backends.lwjgl.LwjglGL20::glEnable@1 (line 292)
                      ; - com.badlogic.gdx.graphics.g2d.SpriteBatch::flush@125 (line 971)
  0x00007f7b97b08268: 7435 95ff 

  0x00007f7b97b0826c: ;   {post_call_nop}
  0x00007f7b97b0826c: 0f1f 8400 | e424 004e | be45 ffff | ff44 895c | 2410 6690 

  0x00007f7b97b08280: ;   {runtime_call UncommonTrapBlob}
  0x00007f7b97b08280: c5f8 77e8 

  0x00007f7b97b08284: ; ImmutableOopMap {rbp=Oop [12]=NarrowOop }
                      ;*if_icmpeq {reexecute=1 rethrow=0 return_oop=0}
                      ; - (reexecute) com.badlogic.gdx.graphics.g2d.SpriteBatch::flush@135 (line 972)
  0x00007f7b97b08284: 5835 95ff 

  0x00007f7b97b08288: ;   {post_call_nop}
  0x00007f7b97b08288: 0f1f 8400 | 0025 004f | be45 ffff | ff4c 894c | 2410 4489 | 5c24 1844 | 8954 241c 

  0x00007f7b97b082a4: ;   {runtime_call UncommonTrapBlob}
  0x00007f7b97b082a4: c5f8 77e8 

  0x00007f7b97b082a8: ; ImmutableOopMap {rbp=NarrowOop [12]=NarrowOop [16]=Oop }
                      ;*ifnonnull {reexecute=1 rethrow=0 return_oop=0}
                      ; - (reexecute) org.lwjgl.opengl.GLContext::getCapabilities@5 (line 123)
                      ; - org.lwjgl.opengl.GL11::glBlendFunc@0 (line 624)
                      ; - com.badlogic.gdx.backends.lwjgl.LwjglGL20::glBlendFunc@2 (line 109)
                      ; - com.badlogic.gdx.graphics.g2d.SpriteBatch::flush@149 (line 972)
  0x00007f7b97b082a8: 3435 95ff 

  0x00007f7b97b082ac: ;   {post_call_nop}
  0x00007f7b97b082ac: 0f1f 8400 | 2425 0050 | 4533 c049 | 3bc8 bdff | ffff ff7c | 0840 0f95 | c540 0fb6 | edbe 45ff 
  0x00007f7b97b082cc: ffff 4c89 | 4c24 1044 | 895c 2418 | 4489 5424 | 1c48 894c | 2420 6690 

  0x00007f7b97b082e4: ;   {runtime_call UncommonTrapBlob}
  0x00007f7b97b082e4: c5f8 77e8 

  0x00007f7b97b082e8: ; ImmutableOopMap {[12]=NarrowOop [16]=Oop }
                      ;*ifne {reexecute=1 rethrow=0 return_oop=0}
                      ; - (reexecute) org.lwjgl.BufferChecks::checkFunctionAddress@9 (line 57)
                      ; - org.lwjgl.opengl.GL11::glBlendFunc@10 (line 626)
                      ; - com.badlogic.gdx.backends.lwjgl.LwjglGL20::glBlendFunc@2 (line 109)
                      ; - com.badlogic.gdx.graphics.g2d.SpriteBatch::flush@149 (line 972)
  0x00007f7b97b082e8: f434 95ff 

  0x00007f7b97b082ec: ;   {post_call_nop}
  0x00007f7b97b082ec: 0f1f 8400 | 6425 0051 | be45 ffff | ff44 8954 | 2410 6690 

  0x00007f7b97b08300: ;   {runtime_call UncommonTrapBlob}
  0x00007f7b97b08300: c5f8 77e8 

  0x00007f7b97b08304: ; ImmutableOopMap {rbp=Oop [12]=NarrowOop [16]=NarrowOop }
                      ;*ifnull {reexecute=1 rethrow=0 return_oop=0}
                      ; - (reexecute) com.badlogic.gdx.graphics.g2d.SpriteBatch::flush@159 (line 975)
  0x00007f7b97b08304: d834 95ff 

  0x00007f7b97b08308: ;   {post_call_nop}
  0x00007f7b97b08308: 0f1f 8400 | 8025 0052 | be45 ffff | ff66 6690 

  0x00007f7b97b08318: ;   {runtime_call UncommonTrapBlob}
  0x00007f7b97b08318: c5f8 77e8 

  0x00007f7b97b0831c: ; ImmutableOopMap {rbp=Oop }
                      ;*ifne {reexecute=1 rethrow=0 return_oop=0}
                      ; - (reexecute) com.badlogic.gdx.graphics.Mesh::render@2 (line 477)
                      ; - com.badlogic.gdx.graphics.Mesh::render@10 (line 449)
                      ; - com.badlogic.gdx.graphics.g2d.SpriteBatch::flush@176 (line 975)
  0x00007f7b97b0831c: c034 95ff 

  0x00007f7b97b08320: ;   {post_call_nop}
  0x00007f7b97b08320: 0f1f 8400 | 9825 0053 | be45 ffff | ff44 894c | 2408 4489 | 5424 0c89 | 4c24 1089 | 7c24 1890 
  0x00007f7b97b08340: ;   {runtime_call UncommonTrapBlob}
  0x00007f7b97b08340: c5f8 77e8 

  0x00007f7b97b08344: ; ImmutableOopMap {rbp=Oop [8]=NarrowOop [12]=NarrowOop }
                      ;*ifeq {reexecute=1 rethrow=0 return_oop=0}
                      ; - (reexecute) com.badlogic.gdx.graphics.Mesh::render@8 (line 479)
                      ; - com.badlogic.gdx.graphics.Mesh::render@10 (line 449)
                      ; - com.badlogic.gdx.graphics.g2d.SpriteBatch::flush@176 (line 975)
  0x00007f7b97b08344: 9834 95ff 

  0x00007f7b97b08348: ;   {post_call_nop}
  0x00007f7b97b08348: 0f1f 8400 | c025 0054 | be45 ffff | ff48 ff74 | 2420 488f | 4424 1889 | 7c24 2444 | 8954 242c 
  0x00007f7b97b08368: 8944 2430 | 4c89 4c24 | 404c 894c | 2448 895c | 2450 6690 

  0x00007f7b97b0837c: ;   {runtime_call UncommonTrapBlob}
  0x00007f7b97b0837c: c5f8 77e8 

  0x00007f7b97b08380: ; ImmutableOopMap {[8]=Oop [24]=Oop [40]=NarrowOop [44]=NarrowOop [64]=Oop [72]=Oop }
                      ;*if_icmple {reexecute=1 rethrow=0 return_oop=0}
                      ; - (reexecute) java.nio.Buffer::limit@5 (line 378)
                      ; - java.nio.ByteBuffer::limit@2 (line 1590)
                      ; - java.nio.MappedByteBuffer::limit@2 (line 339)
                      ; - java.nio.MappedByteBuffer::limit@2 (line 74)
                      ; - com.badlogic.gdx.graphics.glutils.VertexArray::bind@21 (line 105)
                      ; - com.badlogic.gdx.graphics.Mesh::bind@6 (line 380)
                      ; - com.badlogic.gdx.graphics.Mesh::bind@3 (line 371)
                      ; - com.badlogic.gdx.graphics.Mesh::render@13 (line 479)
                      ; - com.badlogic.gdx.graphics.Mesh::render@10 (line 449)
                      ; - com.badlogic.gdx.graphics.g2d.SpriteBatch::flush@176 (line 975)
  0x00007f7b97b08380: 5c34 95ff 

  0x00007f7b97b08384: ;   {post_call_nop}
  0x00007f7b97b08384: 0f1f 8400 | fc25 0055 | be45 ffff | ff48 8bea | 48ff 7424 | 2048 8f44 | 2408 4889 | 4424 f88b 
  0x00007f7b97b083a4: 4424 2889 | 4424 1048 | 8b44 24f8 | 897c 241c | 4489 5424 | 2489 4424 | 284c 894c | 2438 4c89 
  0x00007f7b97b083c4: 4c24 4089 | 5c24 4890 

  0x00007f7b97b083cc: ;   {runtime_call UncommonTrapBlob}
  0x00007f7b97b083cc: c5f8 77e8 

  0x00007f7b97b083d0: ; ImmutableOopMap {rbp=Oop [8]=Oop [16]=NarrowOop [36]=NarrowOop [56]=Oop [64]=Oop }
                      ;*ifge {reexecute=1 rethrow=0 return_oop=0}
                      ; - (reexecute) java.nio.Buffer::limit@14 (line 378)
                      ; - java.nio.ByteBuffer::limit@2 (line 1590)
                      ; - java.nio.MappedByteBuffer::limit@2 (line 339)
                      ; - java.nio.MappedByteBuffer::limit@2 (line 74)
                      ; - com.badlogic.gdx.graphics.glutils.VertexArray::bind@21 (line 105)
                      ; - com.badlogic.gdx.graphics.Mesh::bind@6 (line 380)
                      ; - com.badlogic.gdx.graphics.Mesh::bind@3 (line 371)
                      ; - com.badlogic.gdx.graphics.Mesh::render@13 (line 479)
                      ; - com.badlogic.gdx.graphics.Mesh::render@10 (line 449)
                      ; - com.badlogic.gdx.graphics.g2d.SpriteBatch::flush@176 (line 975)
  0x00007f7b97b083d0: 0c34 95ff 

  0x00007f7b97b083d4: ;   {post_call_nop}
  0x00007f7b97b083d4: 0f1f 8400 | 4c26 0056 | be45 ffff | ff48 ff74 | 2420 488f | 4424 1889 | 7c24 2444 | 8954 242c 
  0x00007f7b97b083f4: 8944 2430 | 4c89 4c24 | 404c 894c | 2448 895c | 2450 6690 

  0x00007f7b97b08408: ;   {runtime_call UncommonTrapBlob}
  0x00007f7b97b08408: c5f8 77e8 

  0x00007f7b97b0840c: ; ImmutableOopMap {[8]=Oop [24]=Oop [40]=NarrowOop [44]=NarrowOop [64]=Oop [72]=Oop }
                      ;*if_icmple {reexecute=1 rethrow=0 return_oop=0}
                      ; - (reexecute) java.nio.Buffer::limit@42 (line 381)
                      ; - java.nio.ByteBuffer::limit@2 (line 1590)
                      ; - java.nio.MappedByteBuffer::limit@2 (line 339)
                      ; - java.nio.MappedByteBuffer::limit@2 (line 74)
                      ; - com.badlogic.gdx.graphics.glutils.VertexArray::bind@21 (line 105)
                      ; - com.badlogic.gdx.graphics.Mesh::bind@6 (line 380)
                      ; - com.badlogic.gdx.graphics.Mesh::bind@3 (line 371)
                      ; - com.badlogic.gdx.graphics.Mesh::render@13 (line 479)
                      ; - com.badlogic.gdx.graphics.Mesh::render@10 (line 449)
                      ; - com.badlogic.gdx.graphics.g2d.SpriteBatch::flush@176 (line 975)
  0x00007f7b97b0840c: d033 95ff 

  0x00007f7b97b08410: ;   {post_call_nop}
  0x00007f7b97b08410: 0f1f 8400 | 8826 0057 | be45 ffff | ff48 ff74 | 2420 488f | 4424 1889 | 7c24 2444 | 8954 242c 
  0x00007f7b97b08430: 8944 2430 | 4c89 4c24 | 404c 894c | 2448 895c | 2434 6690 

  0x00007f7b97b08444: ;   {runtime_call UncommonTrapBlob}
  0x00007f7b97b08444: c5f8 77e8 

  0x00007f7b97b08448: ; ImmutableOopMap {[8]=Oop [24]=Oop [40]=NarrowOop [44]=NarrowOop [64]=Oop [72]=Oop }
                      ;*if_icmple {reexecute=1 rethrow=0 return_oop=0}
                      ; - (reexecute) java.nio.Buffer::limit@55 (line 382)
                      ; - java.nio.ByteBuffer::limit@2 (line 1590)
                      ; - java.nio.MappedByteBuffer::limit@2 (line 339)
                      ; - java.nio.MappedByteBuffer::limit@2 (line 74)
                      ; - com.badlogic.gdx.graphics.glutils.VertexArray::bind@21 (line 105)
                      ; - com.badlogic.gdx.graphics.Mesh::bind@6 (line 380)
                      ; - com.badlogic.gdx.graphics.Mesh::bind@3 (line 371)
                      ; - com.badlogic.gdx.graphics.Mesh::render@13 (line 479)
                      ; - com.badlogic.gdx.graphics.Mesh::render@10 (line 449)
                      ; - com.badlogic.gdx.graphics.g2d.SpriteBatch::flush@176 (line 975)
  0x00007f7b97b08448: 9433 95ff 

  0x00007f7b97b0844c: ;   {post_call_nop}
  0x00007f7b97b0844c: 0f1f 8400 | c426 0058 | be45 ffff | ff48 ff74 | 2420 488f | 4424 0889 | 4c24 1844 | 8954 2420 
  0x00007f7b97b0846c: ;   {runtime_call UncommonTrapBlob}
  0x00007f7b97b0846c: c5f8 77e8 

  0x00007f7b97b08470: ; ImmutableOopMap {[8]=Oop [24]=NarrowOop [32]=NarrowOop [40]=NarrowOop }
                      ;*ifeq {reexecute=1 rethrow=0 return_oop=0}
                      ; - (reexecute) com.badlogic.gdx.graphics.glutils.IndexArray::getNumIndices@4 (line 49)
                      ; - com.badlogic.gdx.graphics.Mesh::bind@15 (line 381)
                      ; - com.badlogic.gdx.graphics.Mesh::bind@3 (line 371)
                      ; - com.badlogic.gdx.graphics.Mesh::render@13 (line 479)
                      ; - com.badlogic.gdx.graphics.Mesh::render@10 (line 449)
                      ; - com.badlogic.gdx.graphics.g2d.SpriteBatch::flush@176 (line 975)
  0x00007f7b97b08470: 6c33 95ff 

  0x00007f7b97b08474: ;   {post_call_nop}
  0x00007f7b97b08474: 0f1f 8400 | ec26 0059 | be45 ffff | ff89 4c24 | 1866 6690 

  0x00007f7b97b08488: ;   {runtime_call UncommonTrapBlob}
  0x00007f7b97b08488: c5f8 77e8 

  0x00007f7b97b0848c: ; ImmutableOopMap {[24]=NarrowOop [32]=Oop [40]=NarrowOop }
                      ;*ifeq {reexecute=1 rethrow=0 return_oop=0}
                      ; - (reexecute) com.badlogic.gdx.graphics.Mesh::render@20 (line 481)
                      ; - com.badlogic.gdx.graphics.Mesh::render@10 (line 449)
                      ; - com.badlogic.gdx.graphics.g2d.SpriteBatch::flush@176 (line 975)
  0x00007f7b97b0848c: 5033 95ff 

  0x00007f7b97b08490: ;   {post_call_nop}
  0x00007f7b97b08490: 0f1f 8400 | 0827 005a | be45 ffff | ff48 8b6c | 2420 4489 | 5424 0889 | 4c24 0c48 | 8944 24f8 
  0x00007f7b97b084b0: 8b44 2414 | 8944 2410 | 488b 4424 | f848 8944 | 24f8 8b44 | 242c 8944 | 2414 488b | 4424 f844 
  0x00007f7b97b084d0: 895c 241c | 895c 2424 | 895c 2428 | 8954 242c 

  0x00007f7b97b084e0: ;   {runtime_call UncommonTrapBlob}
  0x00007f7b97b084e0: c5f8 77e8 

  0x00007f7b97b084e4: ; ImmutableOopMap {rbp=Oop [8]=NarrowOop [12]=NarrowOop [36]=NarrowOop [40]=NarrowOop }
                      ;*if_icmple {reexecute=1 rethrow=0 return_oop=0}
                      ; - (reexecute) java.nio.Buffer::position@5 (line 325)
                      ; - java.nio.ShortBuffer::position@2 (line 1576)
                      ; - java.nio.ShortBuffer::position@2 (line 292)
                      ; - com.badlogic.gdx.graphics.Mesh::render@63 (line 486)
                      ; - com.badlogic.gdx.graphics.Mesh::render@10 (line 449)
                      ; - com.badlogic.gdx.graphics.g2d.SpriteBatch::flush@176 (line 975)
  0x00007f7b97b084e4: f832 95ff 

  0x00007f7b97b084e8: ;   {post_call_nop}
  0x00007f7b97b084e8: 0f1f 8400 | 6027 005b | be45 ffff | ff48 8b6c | 2420 4489 | 5424 0889 | 4c24 0c48 | 8944 24f8 
  0x00007f7b97b08508: 8b44 2414 | 8944 2410 | 488b 4424 | f848 8944 | 24f8 8b44 | 242c 8944 | 2414 488b | 4424 f844 
  0x00007f7b97b08528: 895c 241c | 8954 2420 | 895c 2424 | 895c 2428 | 4489 4424 | 2c66 6690 

  0x00007f7b97b08540: ;   {runtime_call UncommonTrapBlob}
  0x00007f7b97b08540: c5f8 77e8 

  0x00007f7b97b08544: ; ImmutableOopMap {rbp=Oop [8]=NarrowOop [12]=NarrowOop [36]=NarrowOop [40]=NarrowOop }
                      ;*if_icmple {reexecute=1 rethrow=0 return_oop=0}
                      ; - (reexecute) java.nio.Buffer::position@37 (line 327)
                      ; - java.nio.ShortBuffer::position@2 (line 1576)
                      ; - java.nio.ShortBuffer::position@2 (line 292)
                      ; - com.badlogic.gdx.graphics.Mesh::render@63 (line 486)
                      ; - com.badlogic.gdx.graphics.Mesh::render@10 (line 449)
                      ; - com.badlogic.gdx.graphics.g2d.SpriteBatch::flush@176 (line 975)
  0x00007f7b97b08544: 9832 95ff 

  0x00007f7b97b08548: ;   {post_call_nop}
  0x00007f7b97b08548: 0f1f 8400 | c027 005c | be45 ffff | ff48 ff74 | 2420 488f | 4424 1848 | 8944 24f8 | 8b44 242c 
  0x00007f7b97b08568: 8944 2420 | 488b 4424 | f889 5c24 | 2c89 5c24 | 3066 6690 

  0x00007f7b97b0857c: ;   {runtime_call UncommonTrapBlob}
  0x00007f7b97b0857c: c5f8 77e8 

  0x00007f7b97b08580: ; ImmutableOopMap {[8]=NarrowOop [12]=NarrowOop [24]=Oop [44]=NarrowOop [48]=NarrowOop }
                      ;*if_icmple {reexecute=1 rethrow=0 return_oop=0}
                      ; - (reexecute) java.nio.Buffer::limit@5 (line 378)
                      ; - java.nio.ShortBuffer::limit@2 (line 1590)
                      ; - java.nio.ShortBuffer::limit@2 (line 292)
                      ; - com.badlogic.gdx.graphics.Mesh::render@73 (line 487)
                      ; - com.badlogic.gdx.graphics.Mesh::render@10 (line 449)
                      ; - com.badlogic.gdx.graphics.g2d.SpriteBatch::flush@176 (line 975)
  0x00007f7b97b08580: 5c32 95ff 

  0x00007f7b97b08584: ;   {post_call_nop}
  0x00007f7b97b08584: 0f1f 8400 | fc27 005d | be45 ffff | ff48 8b6c | 2420 4889 | 4424 f88b | 4424 2c89 | 4424 1848 
  0x00007f7b97b085a4: 8b44 24f8 | 4889 4424 | f88b 4424 | 2889 4424 | 2048 8b44 | 24f8 895c | 2424 895c | 2428 4489 
  0x00007f7b97b085c4: 4424 2c90 

  0x00007f7b97b085c8: ;   {runtime_call UncommonTrapBlob}
  0x00007f7b97b085c8: c5f8 77e8 

  0x00007f7b97b085cc: ; ImmutableOopMap {rbp=Oop [8]=NarrowOop [12]=NarrowOop [36]=NarrowOop [40]=NarrowOop }
                      ;*if_icmple {reexecute=1 rethrow=0 return_oop=0}
                      ; - (reexecute) java.nio.Buffer::limit@55 (line 382)
                      ; - java.nio.ShortBuffer::limit@2 (line 1590)
                      ; - java.nio.ShortBuffer::limit@2 (line 292)
                      ; - com.badlogic.gdx.graphics.Mesh::render@73 (line 487)
                      ; - com.badlogic.gdx.graphics.Mesh::render@10 (line 449)
                      ; - com.badlogic.gdx.graphics.g2d.SpriteBatch::flush@176 (line 975)
  0x00007f7b97b085cc: 1032 95ff 

  0x00007f7b97b085d0: ;   {post_call_nop}
  0x00007f7b97b085d0: 0f1f 8400 | 4828 005e | be45 ffff | ff48 8b6c | 2420 4889 | 4424 f88b | 4424 2889 | 4424 1c48 
  0x00007f7b97b085f0: 8b44 24f8 | 4489 5c24 | 2866 6690 

  0x00007f7b97b085fc: ;   {runtime_call UncommonTrapBlob}
  0x00007f7b97b085fc: c5f8 77e8 

  0x00007f7b97b08600: ; ImmutableOopMap {rbp=Oop [8]=NarrowOop [12]=NarrowOop [20]=NarrowOop [40]=NarrowOop }
                      ;*ifnonnull {reexecute=1 rethrow=0 return_oop=0}
                      ; - (reexecute) org.lwjgl.opengl.GLContext::getCapabilities@5 (line 123)
                      ; - org.lwjgl.opengl.GL11::glDrawElements@0 (line 1105)
                      ; - com.badlogic.gdx.backends.lwjgl.LwjglGL20::glDrawElements@21 (line 281)
                      ; - com.badlogic.gdx.graphics.Mesh::render@88 (line 488)
                      ; - com.badlogic.gdx.graphics.Mesh::render@10 (line 449)
                      ; - com.badlogic.gdx.graphics.g2d.SpriteBatch::flush@176 (line 975)
  0x00007f7b97b08600: dc31 95ff 

  0x00007f7b97b08604: ;   {post_call_nop}
  0x00007f7b97b08604: 0f1f 8400 | 7c28 005f | 4533 d24d | 3bca bdff | ffff ff7c | 0840 0f95 | c540 0fb6 | edbe 45ff 
  0x00007f7b97b08624: ffff 48ff | 7424 2048 | 8f44 2418 | 4889 4424 | f88b 4424 | 2c89 4424 | 2048 8b44 | 24f8 4889 
  0x00007f7b97b08644: 4424 f88b | 4424 2889 | 4424 2448 | 8b44 24f8 | 4489 5c24 | 2c4c 894c | 2430 6690 

  0x00007f7b97b08660: ;   {runtime_call UncommonTrapBlob}
  0x00007f7b97b08660: c5f8 77e8 

  0x00007f7b97b08664: ; ImmutableOopMap {[8]=NarrowOop [12]=NarrowOop [20]=NarrowOop [24]=Oop [44]=NarrowOop }
                      ;*ifne {reexecute=1 rethrow=0 return_oop=0}
                      ; - (reexecute) org.lwjgl.BufferChecks::checkFunctionAddress@9 (line 57)
                      ; - org.lwjgl.opengl.GL11::glDrawElements@10 (line 1107)
                      ; - com.badlogic.gdx.backends.lwjgl.LwjglGL20::glDrawElements@21 (line 281)
                      ; - com.badlogic.gdx.graphics.Mesh::render@88 (line 488)
                      ; - com.badlogic.gdx.graphics.Mesh::render@10 (line 449)
                      ; - com.badlogic.gdx.graphics.g2d.SpriteBatch::flush@176 (line 975)
  0x00007f7b97b08664: 7831 95ff 

  0x00007f7b97b08668: ;   {post_call_nop}
  0x00007f7b97b08668: 0f1f 8400 | e028 0060 | be45 ffff | ff48 ff74 | 2420 488f | 4424 1848 | 8944 24f8 | 8b44 2428 
  0x00007f7b97b08688: 8944 2424 | 488b 4424 | f84c 894c | 2430 6690 

  0x00007f7b97b08698: ;   {runtime_call UncommonTrapBlob}
  0x00007f7b97b08698: c5f8 77e8 

  0x00007f7b97b0869c: ; ImmutableOopMap {[8]=NarrowOop [12]=NarrowOop [20]=NarrowOop [24]=Oop }
                      ;*ifeq {reexecute=1 rethrow=0 return_oop=0}
                      ; - (reexecute) org.lwjgl.opengl.GLChecks::ensureElementVBOdisabled@10 (line 82)
                      ; - org.lwjgl.opengl.GL11::glDrawElements@14 (line 1108)
                      ; - com.badlogic.gdx.backends.lwjgl.LwjglGL20::glDrawElements@21 (line 281)
                      ; - com.badlogic.gdx.graphics.Mesh::render@88 (line 488)
                      ; - com.badlogic.gdx.graphics.Mesh::render@10 (line 449)
                      ; - com.badlogic.gdx.graphics.g2d.SpriteBatch::flush@176 (line 975)
  0x00007f7b97b0869c: 4031 95ff 

  0x00007f7b97b086a0: ;   {post_call_nop}
  0x00007f7b97b086a0: 0f1f 8400 | 1829 0061 | be45 ffff | ff48 ff74 | 2420 488f | 4424 1848 | 8944 24f8 | 8b44 242c 
  0x00007f7b97b086c0: 8944 2414 | 488b 4424 | f844 8944 | 2424 4489 | 4424 2844 | 8954 2430 

  0x00007f7b97b086d8: ;   {runtime_call UncommonTrapBlob}
  0x00007f7b97b086d8: c5f8 77e8 

  0x00007f7b97b086dc: ; ImmutableOopMap {[8]=NarrowOop [12]=NarrowOop [24]=Oop [36]=NarrowOop [40]=NarrowOop }
                      ;*if_icmple {reexecute=1 rethrow=0 return_oop=0}
                      ; - (reexecute) java.nio.Buffer::position@5 (line 325)
                      ; - java.nio.ShortBuffer::position@2 (line 1576)
                      ; - java.nio.ShortBuffer::position@2 (line 292)
                      ; - com.badlogic.gdx.graphics.Mesh::render@97 (line 489)
                      ; - com.badlogic.gdx.graphics.Mesh::render@10 (line 449)
                      ; - com.badlogic.gdx.graphics.g2d.SpriteBatch::flush@176 (line 975)
  0x00007f7b97b086dc: 0031 95ff 

  0x00007f7b97b086e0: ;   {post_call_nop}
  0x00007f7b97b086e0: 0f1f 8400 | 5829 0062 | be45 ffff | ff48 8b6c | 2420 4489 | 4424 1c44 | 8944 2420 

  0x00007f7b97b086fc: ;   {runtime_call UncommonTrapBlob}
  0x00007f7b97b086fc: c5f8 77e8 

  0x00007f7b97b08700: ; ImmutableOopMap {rbp=Oop [8]=NarrowOop [12]=NarrowOop [28]=NarrowOop [32]=NarrowOop }
                      ;*ifge {reexecute=1 rethrow=0 return_oop=0}
                      ; - (reexecute) java.nio.Buffer::position@14 (line 325)
                      ; - java.nio.ShortBuffer::position@2 (line 1576)
                      ; - java.nio.ShortBuffer::position@2 (line 292)
                      ; - com.badlogic.gdx.graphics.Mesh::render@97 (line 489)
                      ; - com.badlogic.gdx.graphics.Mesh::render@10 (line 449)
                      ; - com.badlogic.gdx.graphics.g2d.SpriteBatch::flush@176 (line 975)
  0x00007f7b97b08700: dc30 95ff 

  0x00007f7b97b08704: ;   {post_call_nop}
  0x00007f7b97b08704: 0f1f 8400 | 7c29 0063 | be45 ffff | ff48 8b6c | 2420 4889 | 4424 f88b | 4424 2c89 | 4424 1448 
  0x00007f7b97b08724: 8b44 24f8 | 4489 4424 | 1c44 8944 | 2420 4489 | 4c24 2844 | 8954 242c 

  0x00007f7b97b0873c: ;   {runtime_call UncommonTrapBlob}
  0x00007f7b97b0873c: c5f8 77e8 

  0x00007f7b97b08740: ; ImmutableOopMap {rbp=Oop [8]=NarrowOop [12]=NarrowOop [28]=NarrowOop [32]=NarrowOop }
                      ;*if_icmple {reexecute=1 rethrow=0 return_oop=0}
                      ; - (reexecute) java.nio.Buffer::position@37 (line 327)
                      ; - java.nio.ShortBuffer::position@2 (line 1576)
                      ; - java.nio.ShortBuffer::position@2 (line 292)
                      ; - com.badlogic.gdx.graphics.Mesh::render@97 (line 489)
                      ; - com.badlogic.gdx.graphics.Mesh::render@10 (line 449)
                      ; - com.badlogic.gdx.graphics.g2d.SpriteBatch::flush@176 (line 975)
  0x00007f7b97b08740: 9c30 95ff 

  0x00007f7b97b08744: ;   {post_call_nop}
  0x00007f7b97b08744: 0f1f 8400 | bc29 0064 | be45 ffff | ff48 ff74 | 2420 488f | 4424 1044 | 8944 2420 | 4489 5c24 
  0x00007f7b97b08764: 2866 6690 

  0x00007f7b97b08768: ;   {runtime_call UncommonTrapBlob}
  0x00007f7b97b08768: c5f8 77e8 

  0x00007f7b97b0876c: ; ImmutableOopMap {[8]=NarrowOop [12]=NarrowOop [16]=Oop [32]=NarrowOop }
                      ;*if_icmple {reexecute=1 rethrow=0 return_oop=0}
                      ; - (reexecute) java.nio.Buffer::limit@5 (line 378)
                      ; - java.nio.ShortBuffer::limit@2 (line 1590)
                      ; - java.nio.ShortBuffer::limit@2 (line 292)
                      ; - com.badlogic.gdx.graphics.Mesh::render@105 (line 490)
                      ; - com.badlogic.gdx.graphics.Mesh::render@10 (line 449)
                      ; - com.badlogic.gdx.graphics.g2d.SpriteBatch::flush@176 (line 975)
  0x00007f7b97b0876c: 7030 95ff 

  0x00007f7b97b08770: ;   {post_call_nop}
  0x00007f7b97b08770: 0f1f 8400 | e829 0065 | be45 ffff | ff48 8b6c | 2420 4489 | 5c24 2490 

  0x00007f7b97b08788: ;   {runtime_call UncommonTrapBlob}
  0x00007f7b97b08788: c5f8 77e8 

  0x00007f7b97b0878c: ; ImmutableOopMap {rbp=Oop [8]=NarrowOop [12]=NarrowOop [20]=NarrowOop }
                      ;*if_icmple {reexecute=1 rethrow=0 return_oop=0}
                      ; - (reexecute) java.nio.Buffer::limit@42 (line 381)
                      ; - java.nio.ShortBuffer::limit@2 (line 1590)
                      ; - java.nio.ShortBuffer::limit@2 (line 292)
                      ; - com.badlogic.gdx.graphics.Mesh::render@105 (line 490)
                      ; - com.badlogic.gdx.graphics.Mesh::render@10 (line 449)
                      ; - com.badlogic.gdx.graphics.g2d.SpriteBatch::flush@176 (line 975)
  0x00007f7b97b0878c: 5030 95ff 

  0x00007f7b97b08790: ;   {post_call_nop}
  0x00007f7b97b08790: 0f1f 8400 | 082a 0066 | be45 ffff | ff48 8b6c | 2420 4489 | 4c24 1c44 | 895c 2420 

  0x00007f7b97b087ac: ;   {runtime_call UncommonTrapBlob}
  0x00007f7b97b087ac: c5f8 77e8 

  0x00007f7b97b087b0: ; ImmutableOopMap {rbp=Oop [8]=NarrowOop [12]=NarrowOop [20]=NarrowOop }
                      ;*if_icmple {reexecute=1 rethrow=0 return_oop=0}
                      ; - (reexecute) java.nio.Buffer::limit@55 (line 382)
                      ; - java.nio.ShortBuffer::limit@2 (line 1590)
                      ; - java.nio.ShortBuffer::limit@2 (line 292)
                      ; - com.badlogic.gdx.graphics.Mesh::render@105 (line 490)
                      ; - com.badlogic.gdx.graphics.Mesh::render@10 (line 449)
                      ; - com.badlogic.gdx.graphics.g2d.SpriteBatch::flush@176 (line 975)
  0x00007f7b97b087b0: 2c30 95ff 

  0x00007f7b97b087b4: ;   {post_call_nop}
  0x00007f7b97b087b4: 0f1f 8400 | 2c2a 0067 | be45 ffff | ff44 894c | 2410 6690 

  0x00007f7b97b087c8: ;   {runtime_call UncommonTrapBlob}
  0x00007f7b97b087c8: c5f8 77e8 

  0x00007f7b97b087cc: ; ImmutableOopMap {[16]=NarrowOop [32]=Oop }
                      ;*ifeq {reexecute=1 rethrow=0 return_oop=0}
                      ; - (reexecute) com.badlogic.gdx.graphics.glutils.IndexArray::getNumIndices@4 (line 49)
                      ; - com.badlogic.gdx.graphics.Mesh::unbind@15 (line 399)
                      ; - com.badlogic.gdx.graphics.Mesh::unbind@3 (line 389)
                      ; - com.badlogic.gdx.graphics.Mesh::render@178 (line 501)
                      ; - com.badlogic.gdx.graphics.Mesh::render@10 (line 449)
                      ; - com.badlogic.gdx.graphics.g2d.SpriteBatch::flush@176 (line 975)
  0x00007f7b97b087cc: 1030 95ff 

  0x00007f7b97b087d0: ;   {post_call_nop}
  0x00007f7b97b087d0: 0f1f 8400 | 482a 0068 | 4533 d241 | 8bda e930 | ddff ff33 | f6e9 03e9 | ffff bee4 | ffff ff48 
  0x00007f7b97b087f0: ff74 2420 | 488f 4424 | 1889 4c24 | 3048 8944 | 24f8 8b44 | 243c 8944 | 2434 488b | 4424 f844 
  0x00007f7b97b08810: 895c 2444 

  0x00007f7b97b08814: ;   {runtime_call UncommonTrapBlob}
  0x00007f7b97b08814: c5f8 77e8 

  0x00007f7b97b08818: ; ImmutableOopMap {rbp=NarrowOop [8]=Oop [24]=Oop [40]=NarrowOop [48]=NarrowOop [68]=NarrowOop [72]=NarrowOop [76]=NarrowOop [80]=NarrowOop }
                      ;*baload {reexecute=0 rethrow=0 return_oop=0}
                      ; - jdk.internal.util.ArraysSupport::hashCodeOfUnsigned@38 (line 275)
                      ; - java.lang.StringLatin1::hashCode@5 (line 307)
                      ; - java.lang.String::hashCode@27 (line 2719)
                      ; - com.badlogic.gdx.utils.ObjectIntMap::get@1 (line 279)
                      ; - com.badlogic.gdx.graphics.glutils.ShaderProgram::getAttributeLocation@6 (line 865)
                      ; - com.badlogic.gdx.graphics.glutils.VertexArray::bind@55 (line 109)
                      ; - com.badlogic.gdx.graphics.Mesh::bind@6 (line 380)
                      ; - com.badlogic.gdx.graphics.Mesh::bind@3 (line 371)
                      ; - com.badlogic.gdx.graphics.Mesh::render@13 (line 479)
                      ; - com.badlogic.gdx.graphics.Mesh::render@10 (line 449)
                      ; - com.badlogic.gdx.graphics.g2d.SpriteBatch::flush@176 (line 975)
  0x00007f7b97b08818: c42f 95ff 

  0x00007f7b97b0881c: ;   {post_call_nop}
  0x00007f7b97b0881c: 0f1f 8400 | 942a 0069 | bee4 ffff | ff48 ff74 | 2420 488f | 4424 1848 | 8944 24f8 | 8b44 2428 
  0x00007f7b97b0883c: 8944 2420 | 488b 4424 | f844 8944 | 2424 4889 | 4424 f88b | 4424 4489 | 4424 2848 | 8b44 24f8 
  0x00007f7b97b0885c: 4889 4424 | f88b 4424 | 4089 4424 | 3048 8b44 | 24f8 6690 

  0x00007f7b97b08870: ;   {runtime_call UncommonTrapBlob}
  0x00007f7b97b08870: c5f8 77e8 

  0x00007f7b97b08874: ; ImmutableOopMap {rbp=NarrowOop [8]=NarrowOop [12]=NarrowOop [16]=Oop [24]=Oop [40]=NarrowOop [48]=NarrowOop [72]=NarrowOop }
                      ;*baload {reexecute=0 rethrow=0 return_oop=0}
                      ; - jdk.internal.util.ArraysSupport::hashCodeOfUnsigned@38 (line 275)
                      ; - java.lang.StringLatin1::hashCode@5 (line 307)
                      ; - java.lang.String::hashCode@27 (line 2719)
                      ; - com.badlogic.gdx.utils.ObjectIntMap::get@1 (line 279)
                      ; - com.badlogic.gdx.graphics.glutils.ShaderProgram::fetchAttributeLocation@11 (line 290)
                      ; - com.badlogic.gdx.graphics.glutils.ShaderProgram::disableVertexAttribute@10 (line 717)
                      ; - com.badlogic.gdx.graphics.glutils.VertexArray::unbind@34 (line 145)
                      ; - com.badlogic.gdx.graphics.Mesh::unbind@6 (line 398)
                      ; - com.badlogic.gdx.graphics.Mesh::unbind@3 (line 389)
                      ; - com.badlogic.gdx.graphics.Mesh::render@178 (line 501)
                      ; - com.badlogic.gdx.graphics.Mesh::render@10 (line 449)
                      ; - com.badlogic.gdx.graphics.g2d.SpriteBatch::flush@176 (line 975)
  0x00007f7b97b08874: 682f 95ff 

  0x00007f7b97b08878: ;   {post_call_nop}
  0x00007f7b97b08878: 0f1f 8400 | f02a 006a | bede ffff | ff48 ff74 | 2420 488f | 4424 1848 | 8944 24f8 | 8b44 2438 
  0x00007f7b97b08898: 8944 2424 | 488b 4424 | f848 8944 | 24f8 8b44 | 243c 8944 | 2434 488b | 4424 f848 | 8944 24f8 
  0x00007f7b97b088b8: 8b44 2448 | 8944 2438 | 488b 4424 | f844 895c | 2444 4489 | 5424 4890 

  0x00007f7b97b088d0: ;   {runtime_call UncommonTrapBlob}
  0x00007f7b97b088d0: c5f8 77e8 

  0x00007f7b97b088d4: ; ImmutableOopMap {rbp=NarrowOop [8]=Oop [24]=Oop [36]=NarrowOop [40]=NarrowOop [56]=NarrowOop [76]=NarrowOop [80]=NarrowOop }
                      ;*instanceof {reexecute=0 rethrow=0 return_oop=0}
                      ; - java.lang.String::equals@8 (line 2087)
                      ; - com.badlogic.gdx.utils.ObjectIntMap::get@21 (line 281)
                      ; - com.badlogic.gdx.graphics.glutils.ShaderProgram::getAttributeLocation@6 (line 865)
                      ; - com.badlogic.gdx.graphics.glutils.VertexArray::bind@55 (line 109)
                      ; - com.badlogic.gdx.graphics.Mesh::bind@6 (line 380)
                      ; - com.badlogic.gdx.graphics.Mesh::bind@3 (line 371)
                      ; - com.badlogic.gdx.graphics.Mesh::render@13 (line 479)
                      ; - com.badlogic.gdx.graphics.Mesh::render@10 (line 449)
                      ; - com.badlogic.gdx.graphics.g2d.SpriteBatch::flush@176 (line 975)
  0x00007f7b97b088d4: 082f 95ff 

  0x00007f7b97b088d8: ;   {post_call_nop}
  0x00007f7b97b088d8: 0f1f 8400 | 502b 006b | bede ffff | ff48 ff74 | 2420 488f | 4424 1848 | 8944 24f8 | 8b44 2428 
  0x00007f7b97b088f8: 8944 2420 | 488b 4424 | f848 8944 | 24f8 8b44 | 242c 8944 | 2424 488b | 4424 f848 | 8944 24f8 
  0x00007f7b97b08918: 8b44 2444 | 8944 2434 | 488b 4424 | f848 8944 | 24f8 8b44 | 2448 8944 | 2438 488b | 4424 f844 
  0x00007f7b97b08938: 8954 2444 | 4489 5c24 | 4866 6690 

  0x00007f7b97b08944: ;   {runtime_call UncommonTrapBlob}
  0x00007f7b97b08944: c5f8 77e8 

  0x00007f7b97b08948: ; ImmutableOopMap {rbp=NarrowOop [8]=NarrowOop [12]=NarrowOop [16]=Oop [24]=Oop [52]=NarrowOop [56]=NarrowOop [64]=NarrowOop }
                      ;*instanceof {reexecute=0 rethrow=0 return_oop=0}
                      ; - java.lang.String::equals@8 (line 2087)
                      ; - com.badlogic.gdx.utils.ObjectIntMap::get@21 (line 281)
                      ; - com.badlogic.gdx.graphics.glutils.ShaderProgram::fetchAttributeLocation@11 (line 290)
                      ; - com.badlogic.gdx.graphics.glutils.ShaderProgram::disableVertexAttribute@10 (line 717)
                      ; - com.badlogic.gdx.graphics.glutils.VertexArray::unbind@34 (line 145)
                      ; - com.badlogic.gdx.graphics.Mesh::unbind@6 (line 398)
                      ; - com.badlogic.gdx.graphics.Mesh::unbind@3 (line 389)
                      ; - com.badlogic.gdx.graphics.Mesh::render@178 (line 501)
                      ; - com.badlogic.gdx.graphics.Mesh::render@10 (line 449)
                      ; - com.badlogic.gdx.graphics.g2d.SpriteBatch::flush@176 (line 975)
  0x00007f7b97b08948: 942e 95ff 

  0x00007f7b97b0894c: ;   {post_call_nop}
  0x00007f7b97b0894c: 0f1f 8400 | c42b 006c | bef6 ffff | ff8b eb90 

  0x00007f7b97b0895c: ;   {runtime_call UncommonTrapBlob}
  0x00007f7b97b0895c: c5f8 77e8 

  0x00007f7b97b08960: ; ImmutableOopMap {}
                      ;*invokevirtual get {reexecute=0 rethrow=0 return_oop=0}
                      ; - com.badlogic.gdx.graphics.glutils.VertexArray::bind@44 (line 108)
                      ; - com.badlogic.gdx.graphics.Mesh::bind@6 (line 380)
                      ; - com.badlogic.gdx.graphics.Mesh::bind@3 (line 371)
                      ; - com.badlogic.gdx.graphics.Mesh::render@13 (line 479)
                      ; - com.badlogic.gdx.graphics.Mesh::render@10 (line 449)
                      ; - com.badlogic.gdx.graphics.g2d.SpriteBatch::flush@176 (line 975)
  0x00007f7b97b08960: 7c2e 95ff 

  0x00007f7b97b08964: ;   {post_call_nop}
  0x00007f7b97b08964: 0f1f 8400 | dc2b 006d | bef6 ffff | ff8b eb90 

  0x00007f7b97b08974: ;   {runtime_call UncommonTrapBlob}
  0x00007f7b97b08974: c5f8 77e8 

  0x00007f7b97b08978: ; ImmutableOopMap {}
                      ;*aaload {reexecute=0 rethrow=0 return_oop=0}
                      ; - com.badlogic.gdx.graphics.VertexAttributes::get@5 (line 109)
                      ; - com.badlogic.gdx.graphics.glutils.VertexArray::bind@44 (line 108)
                      ; - com.badlogic.gdx.graphics.Mesh::bind@6 (line 380)
                      ; - com.badlogic.gdx.graphics.Mesh::bind@3 (line 371)
                      ; - com.badlogic.gdx.graphics.Mesh::render@13 (line 479)
                      ; - com.badlogic.gdx.graphics.Mesh::render@10 (line 449)
                      ; - com.badlogic.gdx.graphics.g2d.SpriteBatch::flush@176 (line 975)
  0x00007f7b97b08978: 642e 95ff 

  0x00007f7b97b0897c: ;   {post_call_nop}
  0x00007f7b97b0897c: 0f1f 8400 | f42b 006e | bef6 ffff | ff66 6690 

  0x00007f7b97b0898c: ;   {runtime_call UncommonTrapBlob}
  0x00007f7b97b0898c: c5f8 77e8 

  0x00007f7b97b08990: ; ImmutableOopMap {}
                      ;*getfield alias {reexecute=1 rethrow=0 return_oop=0}
                      ; - (reexecute) com.badlogic.gdx.graphics.glutils.VertexArray::bind@52 (line 109)
                      ; - com.badlogic.gdx.graphics.Mesh::bind@6 (line 380)
                      ; - com.badlogic.gdx.graphics.Mesh::bind@3 (line 371)
                      ; - com.badlogic.gdx.graphics.Mesh::render@13 (line 479)
                      ; - com.badlogic.gdx.graphics.Mesh::render@10 (line 449)
                      ; - com.badlogic.gdx.graphics.g2d.SpriteBatch::flush@176 (line 975)
  0x00007f7b97b08990: 4c2e 95ff 

  0x00007f7b97b08994: ;   {post_call_nop}
  0x00007f7b97b08994: 0f1f 8400 | 0c2c 006f | bef6 ffff | ff66 6690 

  0x00007f7b97b089a4: ;   {runtime_call UncommonTrapBlob}
  0x00007f7b97b089a4: c5f8 77e8 

  0x00007f7b97b089a8: ; ImmutableOopMap {}
                      ;*invokevirtual hashCode {reexecute=0 rethrow=0 return_oop=0}
                      ; - com.badlogic.gdx.utils.ObjectIntMap::get@1 (line 279)
                      ; - com.badlogic.gdx.graphics.glutils.ShaderProgram::getAttributeLocation@6 (line 865)
                      ; - com.badlogic.gdx.graphics.glutils.VertexArray::bind@55 (line 109)
                      ; - com.badlogic.gdx.graphics.Mesh::bind@6 (line 380)
                      ; - com.badlogic.gdx.graphics.Mesh::bind@3 (line 371)
                      ; - com.badlogic.gdx.graphics.Mesh::render@13 (line 479)
                      ; - com.badlogic.gdx.graphics.Mesh::render@10 (line 449)
                      ; - com.badlogic.gdx.graphics.g2d.SpriteBatch::flush@176 (line 975)
  0x00007f7b97b089a8: 342e 95ff 

  0x00007f7b97b089ac: ;   {post_call_nop}
  0x00007f7b97b089ac: 0f1f 8400 | 242c 0070 | bef6 ffff | ff41 8be9 

  0x00007f7b97b089bc: ;   {runtime_call UncommonTrapBlob}
  0x00007f7b97b089bc: c5f8 77e8 

  0x00007f7b97b089c0: ; ImmutableOopMap {}
                      ;*aaload {reexecute=0 rethrow=0 return_oop=0}
                      ; - com.badlogic.gdx.utils.ObjectIntMap::get@20 (line 281)
                      ; - com.badlogic.gdx.graphics.glutils.ShaderProgram::getAttributeLocation@6 (line 865)
                      ; - com.badlogic.gdx.graphics.glutils.VertexArray::bind@55 (line 109)
                      ; - com.badlogic.gdx.graphics.Mesh::bind@6 (line 380)
                      ; - com.badlogic.gdx.graphics.Mesh::bind@3 (line 371)
                      ; - com.badlogic.gdx.graphics.Mesh::render@13 (line 479)
                      ; - com.badlogic.gdx.graphics.Mesh::render@10 (line 449)
                      ; - com.badlogic.gdx.graphics.g2d.SpriteBatch::flush@176 (line 975)
  0x00007f7b97b089c0: 1c2e 95ff 

  0x00007f7b97b089c4: ;   {post_call_nop}
  0x00007f7b97b089c4: 0f1f 8400 | 3c2c 0071 | bef6 ffff | ff41 8bea 

  0x00007f7b97b089d4: ;   {runtime_call UncommonTrapBlob}
  0x00007f7b97b089d4: c5f8 77e8 

  0x00007f7b97b089d8: ; ImmutableOopMap {}
                      ;*iaload {reexecute=0 rethrow=0 return_oop=0}
                      ; - com.badlogic.gdx.utils.ObjectIntMap::get@82 (line 288)
                      ; - com.badlogic.gdx.graphics.glutils.ShaderProgram::getAttributeLocation@6 (line 865)
                      ; - com.badlogic.gdx.graphics.glutils.VertexArray::bind@55 (line 109)
                      ; - com.badlogic.gdx.graphics.Mesh::bind@6 (line 380)
                      ; - com.badlogic.gdx.graphics.Mesh::bind@3 (line 371)
                      ; - com.badlogic.gdx.graphics.Mesh::render@13 (line 479)
                      ; - com.badlogic.gdx.graphics.Mesh::render@10 (line 449)
                      ; - com.badlogic.gdx.graphics.g2d.SpriteBatch::flush@176 (line 975)
  0x00007f7b97b089d8: 042e 95ff 

  0x00007f7b97b089dc: ;   {post_call_nop}
  0x00007f7b97b089dc: 0f1f 8400 | 542c 0072 | bef6 ffff | ff8b 6c24 | 4c66 6690 

  0x00007f7b97b089f0: ;   {runtime_call UncommonTrapBlob}
  0x00007f7b97b089f0: c5f8 77e8 

  0x00007f7b97b089f4: ; ImmutableOopMap {}
                      ;*invokeinterface glEnableVertexAttribArray {reexecute=0 rethrow=0 return_oop=0}
                      ; - com.badlogic.gdx.graphics.glutils.ShaderProgram::enableVertexAttribute@10 (line 742)
                      ; - com.badlogic.gdx.graphics.glutils.VertexArray::bind@71 (line 111)
                      ; - com.badlogic.gdx.graphics.Mesh::bind@6 (line 380)
                      ; - com.badlogic.gdx.graphics.Mesh::bind@3 (line 371)
                      ; - com.badlogic.gdx.graphics.Mesh::render@13 (line 479)
                      ; - com.badlogic.gdx.graphics.Mesh::render@10 (line 449)
                      ; - com.badlogic.gdx.graphics.g2d.SpriteBatch::flush@176 (line 975)
  0x00007f7b97b089f4: e82d 95ff 

  0x00007f7b97b089f8: ;   {post_call_nop}
  0x00007f7b97b089f8: 0f1f 8400 | 702c 0073 | bef6 ffff | ff66 6690 

  0x00007f7b97b08a08: ;   {runtime_call UncommonTrapBlob}
  0x00007f7b97b08a08: c5f8 77e8 

  0x00007f7b97b08a0c: ; ImmutableOopMap {}
                      ;*getfield owner {reexecute=1 rethrow=0 return_oop=0}
                      ; - (reexecute) org.lwjgl.opengl.GLContext::getCapabilitiesImpl@5 (line 132)
                      ; - org.lwjgl.opengl.GLContext::getCapabilities@0 (line 122)
                      ; - org.lwjgl.opengl.GL20::glEnableVertexAttribArray@0 (line 909)
                      ; - com.badlogic.gdx.backends.lwjgl.LwjglGL20::glEnableVertexAttribArray@1 (line 296)
                      ; - com.badlogic.gdx.graphics.glutils.ShaderProgram::enableVertexAttribute@10 (line 742)
                      ; - com.badlogic.gdx.graphics.glutils.VertexArray::bind@71 (line 111)
                      ; - com.badlogic.gdx.graphics.Mesh::bind@6 (line 380)
                      ; - com.badlogic.gdx.graphics.Mesh::bind@3 (line 371)
                      ; - com.badlogic.gdx.graphics.Mesh::render@13 (line 479)
                      ; - com.badlogic.gdx.graphics.Mesh::render@10 (line 449)
                      ; - com.badlogic.gdx.graphics.g2d.SpriteBatch::flush@176 (line 975)
  0x00007f7b97b08a0c: d02d 95ff 

  0x00007f7b97b08a10: ;   {post_call_nop}
  0x00007f7b97b08a10: 0f1f 8400 | 882c 0074 | bef6 ffff | ff41 8beb 

  0x00007f7b97b08a20: ;   {runtime_call UncommonTrapBlob}
  0x00007f7b97b08a20: c5f8 77e8 

  0x00007f7b97b08a24: ; ImmutableOopMap {}
                      ;*invokevirtual position {reexecute=0 rethrow=0 return_oop=0}
                      ; - com.badlogic.gdx.graphics.glutils.VertexArray::bind@83 (line 113)
                      ; - com.badlogic.gdx.graphics.Mesh::bind@6 (line 380)
                      ; - com.badlogic.gdx.graphics.Mesh::bind@3 (line 371)
                      ; - com.badlogic.gdx.graphics.Mesh::render@13 (line 479)
                      ; - com.badlogic.gdx.graphics.Mesh::render@10 (line 449)
                      ; - com.badlogic.gdx.graphics.g2d.SpriteBatch::flush@176 (line 975)
  0x00007f7b97b08a24: b82d 95ff 

  0x00007f7b97b08a28: ;   {post_call_nop}
  0x00007f7b97b08a28: 0f1f 8400 | a02c 0075 | bef6 ffff | ff66 6690 

  0x00007f7b97b08a38: ;   {runtime_call UncommonTrapBlob}
  0x00007f7b97b08a38: c5f8 77e8 

  0x00007f7b97b08a3c: ; ImmutableOopMap {}
                      ;*getfield vertexSize {reexecute=1 rethrow=0 return_oop=0}
                      ; - (reexecute) com.badlogic.gdx.graphics.glutils.VertexArray::bind@109 (line 114)
                      ; - com.badlogic.gdx.graphics.Mesh::bind@6 (line 380)
                      ; - com.badlogic.gdx.graphics.Mesh::bind@3 (line 371)
                      ; - com.badlogic.gdx.graphics.Mesh::render@13 (line 479)
                      ; - com.badlogic.gdx.graphics.Mesh::render@10 (line 449)
                      ; - com.badlogic.gdx.graphics.g2d.SpriteBatch::flush@176 (line 975)
  0x00007f7b97b08a3c: a02d 95ff 

  0x00007f7b97b08a40: ;   {post_call_nop}
  0x00007f7b97b08a40: 0f1f 8400 | b82c 0076 | bef6 ffff | ff41 8be8 

  0x00007f7b97b08a50: ;   {runtime_call UncommonTrapBlob}
  0x00007f7b97b08a50: c5f8 77e8 

  0x00007f7b97b08a54: ; ImmutableOopMap {}
                      ;*invokevirtual get {reexecute=0 rethrow=0 return_oop=0}
                      ; - com.badlogic.gdx.graphics.glutils.VertexArray::unbind@28 (line 145)
                      ; - com.badlogic.gdx.graphics.Mesh::unbind@6 (line 398)
                      ; - com.badlogic.gdx.graphics.Mesh::unbind@3 (line 389)
                      ; - com.badlogic.gdx.graphics.Mesh::render@178 (line 501)
                      ; - com.badlogic.gdx.graphics.Mesh::render@10 (line 449)
                      ; - com.badlogic.gdx.graphics.g2d.SpriteBatch::flush@176 (line 975)
  0x00007f7b97b08a54: 882d 95ff 

  0x00007f7b97b08a58: ;   {post_call_nop}
  0x00007f7b97b08a58: 0f1f 8400 | d02c 0077 | bef6 ffff | ff41 8be8 

  0x00007f7b97b08a68: ;   {runtime_call UncommonTrapBlob}
  0x00007f7b97b08a68: c5f8 77e8 

  0x00007f7b97b08a6c: ; ImmutableOopMap {}
                      ;*aaload {reexecute=0 rethrow=0 return_oop=0}
                      ; - com.badlogic.gdx.graphics.VertexAttributes::get@5 (line 109)
                      ; - com.badlogic.gdx.graphics.glutils.VertexArray::unbind@28 (line 145)
                      ; - com.badlogic.gdx.graphics.Mesh::unbind@6 (line 398)
                      ; - com.badlogic.gdx.graphics.Mesh::unbind@3 (line 389)
                      ; - com.badlogic.gdx.graphics.Mesh::render@178 (line 501)
                      ; - com.badlogic.gdx.graphics.Mesh::render@10 (line 449)
                      ; - com.badlogic.gdx.graphics.g2d.SpriteBatch::flush@176 (line 975)
  0x00007f7b97b08a6c: 702d 95ff 

  0x00007f7b97b08a70: ;   {post_call_nop}
  0x00007f7b97b08a70: 0f1f 8400 | e82c 0078 | bef6 ffff | ff66 6690 

  0x00007f7b97b08a80: ;   {runtime_call UncommonTrapBlob}
  0x00007f7b97b08a80: c5f8 77e8 

  0x00007f7b97b08a84: ; ImmutableOopMap {}
                      ;*getfield alias {reexecute=1 rethrow=0 return_oop=0}
                      ; - (reexecute) com.badlogic.gdx.graphics.glutils.VertexArray::unbind@31 (line 145)
                      ; - com.badlogic.gdx.graphics.Mesh::unbind@6 (line 398)
                      ; - com.badlogic.gdx.graphics.Mesh::unbind@3 (line 389)
                      ; - com.badlogic.gdx.graphics.Mesh::render@178 (line 501)
                      ; - com.badlogic.gdx.graphics.Mesh::render@10 (line 449)
                      ; - com.badlogic.gdx.graphics.g2d.SpriteBatch::flush@176 (line 975)
  0x00007f7b97b08a84: 582d 95ff 

  0x00007f7b97b08a88: ;   {post_call_nop}
  0x00007f7b97b08a88: 0f1f 8400 | 002d 0079 | bef6 ffff | ff66 6690 

  0x00007f7b97b08a98: ;   {runtime_call UncommonTrapBlob}
  0x00007f7b97b08a98: c5f8 77e8 

  0x00007f7b97b08a9c: ; ImmutableOopMap {}
                      ;*invokevirtual hashCode {reexecute=0 rethrow=0 return_oop=0}
                      ; - com.badlogic.gdx.utils.ObjectIntMap::get@1 (line 279)
                      ; - com.badlogic.gdx.graphics.glutils.ShaderProgram::fetchAttributeLocation@11 (line 290)
                      ; - com.badlogic.gdx.graphics.glutils.ShaderProgram::disableVertexAttribute@10 (line 717)
                      ; - com.badlogic.gdx.graphics.glutils.VertexArray::unbind@34 (line 145)
                      ; - com.badlogic.gdx.graphics.Mesh::unbind@6 (line 398)
                      ; - com.badlogic.gdx.graphics.Mesh::unbind@3 (line 389)
                      ; - com.badlogic.gdx.graphics.Mesh::render@178 (line 501)
                      ; - com.badlogic.gdx.graphics.Mesh::render@10 (line 449)
                      ; - com.badlogic.gdx.graphics.g2d.SpriteBatch::flush@176 (line 975)
  0x00007f7b97b08a9c: 402d 95ff 

  0x00007f7b97b08aa0: ;   {post_call_nop}
  0x00007f7b97b08aa0: 0f1f 8400 | 182d 007a | bef6 ffff | ff41 8be9 

  0x00007f7b97b08ab0: ;   {runtime_call UncommonTrapBlob}
  0x00007f7b97b08ab0: c5f8 77e8 

  0x00007f7b97b08ab4: ; ImmutableOopMap {}
                      ;*aaload {reexecute=0 rethrow=0 return_oop=0}
                      ; - com.badlogic.gdx.utils.ObjectIntMap::get@20 (line 281)
                      ; - com.badlogic.gdx.graphics.glutils.ShaderProgram::fetchAttributeLocation@11 (line 290)
                      ; - com.badlogic.gdx.graphics.glutils.ShaderProgram::disableVertexAttribute@10 (line 717)
                      ; - com.badlogic.gdx.graphics.glutils.VertexArray::unbind@34 (line 145)
                      ; - com.badlogic.gdx.graphics.Mesh::unbind@6 (line 398)
                      ; - com.badlogic.gdx.graphics.Mesh::unbind@3 (line 389)
                      ; - com.badlogic.gdx.graphics.Mesh::render@178 (line 501)
                      ; - com.badlogic.gdx.graphics.Mesh::render@10 (line 449)
                      ; - com.badlogic.gdx.graphics.g2d.SpriteBatch::flush@176 (line 975)
  0x00007f7b97b08ab4: 282d 95ff 

  0x00007f7b97b08ab8: ;   {post_call_nop}
  0x00007f7b97b08ab8: 0f1f 8400 | 302d 007b | bef6 ffff | ff41 8beb 

  0x00007f7b97b08ac8: ;   {runtime_call UncommonTrapBlob}
  0x00007f7b97b08ac8: c5f8 77e8 

  0x00007f7b97b08acc: ; ImmutableOopMap {}
                      ;*iaload {reexecute=0 rethrow=0 return_oop=0}
                      ; - com.badlogic.gdx.utils.ObjectIntMap::get@82 (line 288)
                      ; - com.badlogic.gdx.graphics.glutils.ShaderProgram::fetchAttributeLocation@11 (line 290)
                      ; - com.badlogic.gdx.graphics.glutils.ShaderProgram::disableVertexAttribute@10 (line 717)
                      ; - com.badlogic.gdx.graphics.glutils.VertexArray::unbind@34 (line 145)
                      ; - com.badlogic.gdx.graphics.Mesh::unbind@6 (line 398)
                      ; - com.badlogic.gdx.graphics.Mesh::unbind@3 (line 389)
                      ; - com.badlogic.gdx.graphics.Mesh::render@178 (line 501)
                      ; - com.badlogic.gdx.graphics.Mesh::render@10 (line 449)
                      ; - com.badlogic.gdx.graphics.g2d.SpriteBatch::flush@176 (line 975)
  0x00007f7b97b08acc: 102d 95ff 

  0x00007f7b97b08ad0: ;   {post_call_nop}
  0x00007f7b97b08ad0: 0f1f 8400 | 482d 007c | bef6 ffff | ff41 8be8 

  0x00007f7b97b08ae0: ;   {runtime_call UncommonTrapBlob}
  0x00007f7b97b08ae0: c5f8 77e8 

  0x00007f7b97b08ae4: ; ImmutableOopMap {}
                      ;*invokeinterface glDisableVertexAttribArray {reexecute=0 rethrow=0 return_oop=0}
                      ; - com.badlogic.gdx.graphics.glutils.ShaderProgram::disableVertexAttribute@22 (line 719)
                      ; - com.badlogic.gdx.graphics.glutils.VertexArray::unbind@34 (line 145)
                      ; - com.badlogic.gdx.graphics.Mesh::unbind@6 (line 398)
                      ; - com.badlogic.gdx.graphics.Mesh::unbind@3 (line 389)
                      ; - com.badlogic.gdx.graphics.Mesh::render@178 (line 501)
                      ; - com.badlogic.gdx.graphics.Mesh::render@10 (line 449)
                      ; - com.badlogic.gdx.graphics.g2d.SpriteBatch::flush@176 (line 975)
  0x00007f7b97b08ae4: f82c 95ff 

  0x00007f7b97b08ae8: ;   {post_call_nop}
  0x00007f7b97b08ae8: 0f1f 8400 | 602d 007d | bef6 ffff | ff66 6690 

  0x00007f7b97b08af8: ;   {runtime_call UncommonTrapBlob}
  0x00007f7b97b08af8: c5f8 77e8 

  0x00007f7b97b08afc: ; ImmutableOopMap {}
                      ;*getfield owner {reexecute=1 rethrow=0 return_oop=0}
                      ; - (reexecute) org.lwjgl.opengl.GLContext::getCapabilitiesImpl@5 (line 132)
                      ; - org.lwjgl.opengl.GLContext::getCapabilities@0 (line 122)
                      ; - org.lwjgl.opengl.GL20::glDisableVertexAttribArray@0 (line 917)
                      ; - com.badlogic.gdx.backends.lwjgl.LwjglGL20::glDisableVertexAttribArray@1 (line 272)
                      ; - com.badlogic.gdx.graphics.glutils.ShaderProgram::disableVertexAttribute@22 (line 719)
                      ; - com.badlogic.gdx.graphics.glutils.VertexArray::unbind@34 (line 145)
                      ; - com.badlogic.gdx.graphics.Mesh::unbind@6 (line 398)
                      ; - com.badlogic.gdx.graphics.Mesh::unbind@3 (line 389)
                      ; - com.badlogic.gdx.graphics.Mesh::render@178 (line 501)
                      ; - com.badlogic.gdx.graphics.Mesh::render@10 (line 449)
                      ; - com.badlogic.gdx.graphics.g2d.SpriteBatch::flush@176 (line 975)
  0x00007f7b97b08afc: e02c 95ff 

  0x00007f7b97b08b00: ;   {post_call_nop}
  0x00007f7b97b08b00: 0f1f 8400 | 782d 007e | bef6 ffff | ff66 6690 

  0x00007f7b97b08b10: ;   {runtime_call UncommonTrapBlob}
  0x00007f7b97b08b10: c5f8 77e8 

  0x00007f7b97b08b14: ; ImmutableOopMap {}
                      ;*arraylength {reexecute=0 rethrow=0 return_oop=0}
                      ; - java.lang.StringLatin1::hashCode@3 (line 307)
                      ; - java.lang.String::hashCode@27 (line 2719)
                      ; - com.badlogic.gdx.utils.ObjectIntMap::get@1 (line 279)
                      ; - com.badlogic.gdx.graphics.glutils.ShaderProgram::getAttributeLocation@6 (line 865)
                      ; - com.badlogic.gdx.graphics.glutils.VertexArray::bind@55 (line 109)
                      ; - com.badlogic.gdx.graphics.Mesh::bind@6 (line 380)
                      ; - com.badlogic.gdx.graphics.Mesh::bind@3 (line 371)
                      ; - com.badlogic.gdx.graphics.Mesh::render@13 (line 479)
                      ; - com.badlogic.gdx.graphics.Mesh::render@10 (line 449)
                      ; - com.badlogic.gdx.graphics.g2d.SpriteBatch::flush@176 (line 975)
  0x00007f7b97b08b14: c82c 95ff 

  0x00007f7b97b08b18: ;   {post_call_nop}
  0x00007f7b97b08b18: 0f1f 8400 | 902d 007f | bef6 ffff | ff66 6690 

  0x00007f7b97b08b28: ;   {runtime_call UncommonTrapBlob}
  0x00007f7b97b08b28: c5f8 77e8 

  0x00007f7b97b08b2c: ; ImmutableOopMap {}
                      ;*arraylength {reexecute=0 rethrow=0 return_oop=0}
                      ; - java.lang.StringLatin1::hashCode@3 (line 307)
                      ; - java.lang.String::hashCode@27 (line 2719)
                      ; - com.badlogic.gdx.utils.ObjectIntMap::get@1 (line 279)
                      ; - com.badlogic.gdx.graphics.glutils.ShaderProgram::fetchAttributeLocation@11 (line 290)
                      ; - com.badlogic.gdx.graphics.glutils.ShaderProgram::disableVertexAttribute@10 (line 717)
                      ; - com.badlogic.gdx.graphics.glutils.VertexArray::unbind@34 (line 145)
                      ; - com.badlogic.gdx.graphics.Mesh::unbind@6 (line 398)
                      ; - com.badlogic.gdx.graphics.Mesh::unbind@3 (line 389)
                      ; - com.badlogic.gdx.graphics.Mesh::render@178 (line 501)
                      ; - com.badlogic.gdx.graphics.Mesh::render@10 (line 449)
                      ; - com.badlogic.gdx.graphics.g2d.SpriteBatch::flush@176 (line 975)
  0x00007f7b97b08b2c: b02c 95ff 

  0x00007f7b97b08b30: ;   {post_call_nop}
  0x00007f7b97b08b30: 0f1f 8400 | a82d 0080 | bef6 ffff | ff66 6690 

  0x00007f7b97b08b40: ;   {runtime_call UncommonTrapBlob}
  0x00007f7b97b08b40: c5f8 77e8 

  0x00007f7b97b08b44: ; ImmutableOopMap {}
                      ;*invokevirtual bind {reexecute=0 rethrow=0 return_oop=0}
                      ; - com.badlogic.gdx.graphics.g2d.SpriteBatch::flush@58 (line 962)
  0x00007f7b97b08b44: 982c 95ff 

  0x00007f7b97b08b48: ;   {post_call_nop}
  0x00007f7b97b08b48: 0f1f 8400 | c02d 0081 | bef6 ffff | ff41 8be8 | 894c 2408 

  0x00007f7b97b08b5c: ;   {runtime_call UncommonTrapBlob}
  0x00007f7b97b08b5c: c5f8 77e8 

  0x00007f7b97b08b60: ; ImmutableOopMap {}
                      ;*invokeinterface glBindTexture {reexecute=0 rethrow=0 return_oop=0}
                      ; - com.badlogic.gdx.graphics.GLTexture::bind@11 (line 66)
                      ; - com.badlogic.gdx.graphics.g2d.SpriteBatch::flush@58 (line 962)
  0x00007f7b97b08b60: 7c2c 95ff 

  0x00007f7b97b08b64: ;   {post_call_nop}
  0x00007f7b97b08b64: 0f1f 8400 | dc2d 0082 | bef6 ffff | ff66 6690 

  0x00007f7b97b08b74: ;   {runtime_call UncommonTrapBlob}
  0x00007f7b97b08b74: c5f8 77e8 

  0x00007f7b97b08b78: ; ImmutableOopMap {}
                      ;*getfield owner {reexecute=1 rethrow=0 return_oop=0}
                      ; - (reexecute) org.lwjgl.opengl.GLContext::getCapabilitiesImpl@5 (line 132)
                      ; - org.lwjgl.opengl.GLContext::getCapabilities@0 (line 122)
                      ; - org.lwjgl.opengl.GL11::glBindTexture@0 (line 651)
                      ; - com.badlogic.gdx.backends.lwjgl.LwjglGL20::glBindTexture@2 (line 93)
                      ; - com.badlogic.gdx.graphics.GLTexture::bind@11 (line 66)
                      ; - com.badlogic.gdx.graphics.g2d.SpriteBatch::flush@58 (line 962)
  0x00007f7b97b08b78: 642c 95ff 

  0x00007f7b97b08b7c: ;   {post_call_nop}
  0x00007f7b97b08b7c: 0f1f 8400 | f42d 0083 | bef6 ffff | ff41 8be8 | 4489 5c24 | 0866 6690 

  0x00007f7b97b08b94: ;   {runtime_call UncommonTrapBlob}
  0x00007f7b97b08b94: c5f8 77e8 

  0x00007f7b97b08b98: ; ImmutableOopMap {rbp=NarrowOop }
                      ;*invokevirtual setVertices {reexecute=0 rethrow=0 return_oop=0}
                      ; - com.badlogic.gdx.graphics.g2d.SpriteBatch::flush@76 (line 964)
  0x00007f7b97b08b98: 442c 95ff 

  0x00007f7b97b08b9c: ;   {post_call_nop}
  0x00007f7b97b08b9c: 0f1f 8400 | 142e 0084 | bef6 ffff | ff41 8be8 | 4489 5c24 | 0866 6690 

  0x00007f7b97b08bb4: ;   {runtime_call UncommonTrapBlob}
  0x00007f7b97b08bb4: c5f8 77e8 

  0x00007f7b97b08bb8: ; ImmutableOopMap {rbp=NarrowOop }
                      ;*invokeinterface setVertices {reexecute=0 rethrow=0 return_oop=0}
                      ; - com.badlogic.gdx.graphics.Mesh::setVertices@7 (line 197)
                      ; - com.badlogic.gdx.graphics.g2d.SpriteBatch::flush@76 (line 964)
  0x00007f7b97b08bb8: 242c 95ff 

  0x00007f7b97b08bbc: ;   {post_call_nop}
  0x00007f7b97b08bbc: 0f1f 8400 | 342e 0085 | bef4 ffff | ff48 8be9 | 4489 4c24 | 1048 895c | 2418 4489 | 4424 2044 
  0x00007f7b97b08bdc: 895c 2424 

  0x00007f7b97b08be0: ;   {runtime_call UncommonTrapBlob}
  0x00007f7b97b08be0: c5f8 77e8 

  0x00007f7b97b08be4: ; ImmutableOopMap {rbp=Oop [16]=NarrowOop [24]=Oop [32]=NarrowOop }
                      ;*instanceof {reexecute=0 rethrow=0 return_oop=0}
                      ; - com.badlogic.gdx.utils.BufferUtils::copy@1 (line 50)
                      ; - com.badlogic.gdx.graphics.glutils.VertexArray::setVertices@7 (line 84)
                      ; - com.badlogic.gdx.graphics.Mesh::setVertices@7 (line 197)
                      ; - com.badlogic.gdx.graphics.g2d.SpriteBatch::flush@76 (line 964)
  0x00007f7b97b08be4: f82b 95ff 

  0x00007f7b97b08be8: ;   {post_call_nop}
  0x00007f7b97b08be8: 0f1f 8400 | 602e 0086 | bef6 ffff | ff66 6690 

  0x00007f7b97b08bf8: ;   {runtime_call UncommonTrapBlob}
  0x00007f7b97b08bf8: c5f8 77e8 

  0x00007f7b97b08bfc: ; ImmutableOopMap {}
                      ;*invokevirtual position {reexecute=0 rethrow=0 return_oop=0}
                      ; - com.badlogic.gdx.graphics.glutils.VertexArray::setVertices@15 (line 85)
                      ; - com.badlogic.gdx.graphics.Mesh::setVertices@7 (line 197)
                      ; - com.badlogic.gdx.graphics.g2d.SpriteBatch::flush@76 (line 964)
  0x00007f7b97b08bfc: e02b 95ff 

  0x00007f7b97b08c00: ;   {post_call_nop}
  0x00007f7b97b08c00: 0f1f 8400 | 782e 0087 | bef6 ffff | ff66 6690 

  0x00007f7b97b08c10: ;   {runtime_call UncommonTrapBlob}
  0x00007f7b97b08c10: c5f8 77e8 

  0x00007f7b97b08c14: ; ImmutableOopMap {}
                      ;*invokeinterface getBuffer {reexecute=0 rethrow=0 return_oop=0}
                      ; - com.badlogic.gdx.graphics.Mesh::getIndicesBuffer@4 (line 797)
                      ; - com.badlogic.gdx.graphics.g2d.SpriteBatch::flush@81 (line 965)
  0x00007f7b97b08c14: c82b 95ff 

  0x00007f7b97b08c18: ;   {post_call_nop}
  0x00007f7b97b08c18: 0f1f 8400 | 902e 0088 | bef6 ffff | ff66 6690 

  0x00007f7b97b08c28: ;   {runtime_call UncommonTrapBlob}
  0x00007f7b97b08c28: c5f8 77e8 

  0x00007f7b97b08c2c: ; ImmutableOopMap {}
                      ;*invokevirtual position {reexecute=0 rethrow=0 return_oop=0}
                      ; - com.badlogic.gdx.graphics.g2d.SpriteBatch::flush@85 (line 965)
  0x00007f7b97b08c2c: b02b 95ff 

  0x00007f7b97b08c30: ;   {post_call_nop}
  0x00007f7b97b08c30: 0f1f 8400 | a82e 0089 | bef6 ffff | ff66 6690 

  0x00007f7b97b08c40: ;   {runtime_call UncommonTrapBlob}
  0x00007f7b97b08c40: c5f8 77e8 

  0x00007f7b97b08c44: ; ImmutableOopMap {}
                      ;*invokeinterface glEnable {reexecute=0 rethrow=0 return_oop=0}
                      ; - com.badlogic.gdx.graphics.g2d.SpriteBatch::flush@125 (line 971)
  0x00007f7b97b08c44: 982b 95ff 

  0x00007f7b97b08c48: ;   {post_call_nop}
  0x00007f7b97b08c48: 0f1f 8400 | c02e 008a | bef6 ffff | ff66 6690 

  0x00007f7b97b08c58: ;   {runtime_call UncommonTrapBlob}
  0x00007f7b97b08c58: c5f8 77e8 

  0x00007f7b97b08c5c: ; ImmutableOopMap {}
                      ;*getfield owner {reexecute=1 rethrow=0 return_oop=0}
                      ; - (reexecute) org.lwjgl.opengl.GLContext::getCapabilitiesImpl@5 (line 132)
                      ; - org.lwjgl.opengl.GLContext::getCapabilities@0 (line 122)
                      ; - org.lwjgl.opengl.GL11::glEnable@0 (line 1012)
                      ; - com.badlogic.gdx.backends.lwjgl.LwjglGL20::glEnable@1 (line 292)
                      ; - com.badlogic.gdx.graphics.g2d.SpriteBatch::flush@125 (line 971)
  0x00007f7b97b08c5c: 802b 95ff 

  0x00007f7b97b08c60: ;   {post_call_nop}
  0x00007f7b97b08c60: 0f1f 8400 | d82e 008b | bef6 ffff | ff41 8beb | 4489 5424 | 0866 6690 

  0x00007f7b97b08c78: ;   {runtime_call UncommonTrapBlob}
  0x00007f7b97b08c78: c5f8 77e8 

  0x00007f7b97b08c7c: ; ImmutableOopMap {}
                      ;*invokeinterface glBlendFunc {reexecute=0 rethrow=0 return_oop=0}
                      ; - com.badlogic.gdx.graphics.g2d.SpriteBatch::flush@149 (line 972)
  0x00007f7b97b08c7c: 602b 95ff 

  0x00007f7b97b08c80: ;   {post_call_nop}
  0x00007f7b97b08c80: 0f1f 8400 | f82e 008c | bef6 ffff | ff66 6690 

  0x00007f7b97b08c90: ;   {runtime_call UncommonTrapBlob}
  0x00007f7b97b08c90: c5f8 77e8 

  0x00007f7b97b08c94: ; ImmutableOopMap {}
                      ;*getfield owner {reexecute=1 rethrow=0 return_oop=0}
                      ; - (reexecute) org.lwjgl.opengl.GLContext::getCapabilitiesImpl@5 (line 132)
                      ; - org.lwjgl.opengl.GLContext::getCapabilities@0 (line 122)
                      ; - org.lwjgl.opengl.GL11::glBlendFunc@0 (line 624)
                      ; - com.badlogic.gdx.backends.lwjgl.LwjglGL20::glBlendFunc@2 (line 109)
                      ; - com.badlogic.gdx.graphics.g2d.SpriteBatch::flush@149 (line 972)
  0x00007f7b97b08c94: 482b 95ff 

  0x00007f7b97b08c98: ;   {post_call_nop}
  0x00007f7b97b08c98: 0f1f 8400 | 102f 008d | bef6 ffff | ff41 8bea 

  0x00007f7b97b08ca8: ;   {runtime_call UncommonTrapBlob}
  0x00007f7b97b08ca8: c5f8 77e8 

  0x00007f7b97b08cac: ; ImmutableOopMap {rbp=NarrowOop }
                      ;*invokeinterface bind {reexecute=0 rethrow=0 return_oop=0}
                      ; - com.badlogic.gdx.graphics.Mesh::bind@6 (line 380)
                      ; - com.badlogic.gdx.graphics.Mesh::bind@3 (line 371)
                      ; - com.badlogic.gdx.graphics.Mesh::render@13 (line 479)
                      ; - com.badlogic.gdx.graphics.Mesh::render@10 (line 449)
                      ; - com.badlogic.gdx.graphics.g2d.SpriteBatch::flush@176 (line 975)
  0x00007f7b97b08cac: 302b 95ff 

  0x00007f7b97b08cb0: ;   {post_call_nop}
  0x00007f7b97b08cb0: 0f1f 8400 | 282f 008e | bef6 ffff | ff66 6690 

  0x00007f7b97b08cc0: ;   {runtime_call UncommonTrapBlob}
  0x00007f7b97b08cc0: c5f8 77e8 

  0x00007f7b97b08cc4: ; ImmutableOopMap {}
                      ;*invokevirtual size {reexecute=0 rethrow=0 return_oop=0}
                      ; - com.badlogic.gdx.graphics.glutils.VertexArray::bind@4 (line 104)
                      ; - com.badlogic.gdx.graphics.Mesh::bind@6 (line 380)
                      ; - com.badlogic.gdx.graphics.Mesh::bind@3 (line 371)
                      ; - com.badlogic.gdx.graphics.Mesh::render@13 (line 479)
                      ; - com.badlogic.gdx.graphics.Mesh::render@10 (line 449)
                      ; - com.badlogic.gdx.graphics.g2d.SpriteBatch::flush@176 (line 975)
  0x00007f7b97b08cc4: 182b 95ff 

  0x00007f7b97b08cc8: ;   {post_call_nop}
  0x00007f7b97b08cc8: 0f1f 8400 | 402f 008f | bef6 ffff | ff66 6690 

  0x00007f7b97b08cd8: ;   {runtime_call UncommonTrapBlob}
  0x00007f7b97b08cd8: c5f8 77e8 

  0x00007f7b97b08cdc: ; ImmutableOopMap {}
                      ;*arraylength {reexecute=0 rethrow=0 return_oop=0}
                      ; - com.badlogic.gdx.graphics.VertexAttributes::size@4 (line 103)
                      ; - com.badlogic.gdx.graphics.glutils.VertexArray::bind@4 (line 104)
                      ; - com.badlogic.gdx.graphics.Mesh::bind@6 (line 380)
                      ; - com.badlogic.gdx.graphics.Mesh::bind@3 (line 371)
                      ; - com.badlogic.gdx.graphics.Mesh::render@13 (line 479)
                      ; - com.badlogic.gdx.graphics.Mesh::render@10 (line 449)
                      ; - com.badlogic.gdx.graphics.g2d.SpriteBatch::flush@176 (line 975)
  0x00007f7b97b08cdc: 002b 95ff 

  0x00007f7b97b08ce0: ;   {post_call_nop}
  0x00007f7b97b08ce0: 0f1f 8400 | 582f 0090 | bef6 ffff | ff66 6690 

  0x00007f7b97b08cf0: ;   {runtime_call UncommonTrapBlob}
  0x00007f7b97b08cf0: c5f8 77e8 

  0x00007f7b97b08cf4: ; ImmutableOopMap {}
                      ;*invokevirtual limit {reexecute=0 rethrow=0 return_oop=0}
                      ; - com.badlogic.gdx.graphics.glutils.VertexArray::bind@16 (line 105)
                      ; - com.badlogic.gdx.graphics.Mesh::bind@6 (line 380)
                      ; - com.badlogic.gdx.graphics.Mesh::bind@3 (line 371)
                      ; - com.badlogic.gdx.graphics.Mesh::render@13 (line 479)
                      ; - com.badlogic.gdx.graphics.Mesh::render@10 (line 449)
                      ; - com.badlogic.gdx.graphics.g2d.SpriteBatch::flush@176 (line 975)
  0x00007f7b97b08cf4: e82a 95ff 

  0x00007f7b97b08cf8: ;   {post_call_nop}
  0x00007f7b97b08cf8: 0f1f 8400 | 702f 0091 | bef6 ffff | ff8b eb90 

  0x00007f7b97b08d08: ;   {runtime_call UncommonTrapBlob}
  0x00007f7b97b08d08: c5f8 77e8 

  0x00007f7b97b08d0c: ; ImmutableOopMap {}
                      ;*invokevirtual limit {reexecute=0 rethrow=0 return_oop=0}
                      ; - com.badlogic.gdx.graphics.glutils.VertexArray::bind@21 (line 105)
                      ; - com.badlogic.gdx.graphics.Mesh::bind@6 (line 380)
                      ; - com.badlogic.gdx.graphics.Mesh::bind@3 (line 371)
                      ; - com.badlogic.gdx.graphics.Mesh::render@13 (line 479)
                      ; - com.badlogic.gdx.graphics.Mesh::render@10 (line 449)
                      ; - com.badlogic.gdx.graphics.g2d.SpriteBatch::flush@176 (line 975)
  0x00007f7b97b08d0c: d02a 95ff 

  0x00007f7b97b08d10: ;   {post_call_nop}
  0x00007f7b97b08d10: 0f1f 8400 | 882f 0092 | bef6 ffff | ff66 6690 

  0x00007f7b97b08d20: ;   {runtime_call UncommonTrapBlob}
  0x00007f7b97b08d20: c5f8 77e8 

  0x00007f7b97b08d24: ; ImmutableOopMap {}
                      ;*invokeinterface getNumIndices {reexecute=0 rethrow=0 return_oop=0}
                      ; - com.badlogic.gdx.graphics.Mesh::bind@15 (line 381)
                      ; - com.badlogic.gdx.graphics.Mesh::bind@3 (line 371)
                      ; - com.badlogic.gdx.graphics.Mesh::render@13 (line 479)
                      ; - com.badlogic.gdx.graphics.Mesh::render@10 (line 449)
                      ; - com.badlogic.gdx.graphics.g2d.SpriteBatch::flush@176 (line 975)
  0x00007f7b97b08d24: b82a 95ff 

  0x00007f7b97b08d28: ;   {post_call_nop}
  0x00007f7b97b08d28: 0f1f 8400 | a02f 0093 | bef6 ffff | ff66 6690 

  0x00007f7b97b08d38: ;   {runtime_call UncommonTrapBlob}
  0x00007f7b97b08d38: c5f8 77e8 

  0x00007f7b97b08d3c: ; ImmutableOopMap {}
                      ;*invokevirtual limit {reexecute=0 rethrow=0 return_oop=0}
                      ; - com.badlogic.gdx.graphics.glutils.IndexArray::getNumIndices@15 (line 49)
                      ; - com.badlogic.gdx.graphics.Mesh::bind@15 (line 381)
                      ; - com.badlogic.gdx.graphics.Mesh::bind@3 (line 371)
                      ; - com.badlogic.gdx.graphics.Mesh::render@13 (line 479)
                      ; - com.badlogic.gdx.graphics.Mesh::render@10 (line 449)
                      ; - com.badlogic.gdx.graphics.g2d.SpriteBatch::flush@176 (line 975)
  0x00007f7b97b08d3c: a02a 95ff 

  0x00007f7b97b08d40: ;   {post_call_nop}
  0x00007f7b97b08d40: 0f1f 8400 | b82f 0094 | bef6 ffff | ff41 8bea 

  0x00007f7b97b08d50: ;   {runtime_call UncommonTrapBlob}
  0x00007f7b97b08d50: c5f8 77e8 

  0x00007f7b97b08d54: ; ImmutableOopMap {[20]=NarrowOop }
                      ;*invokeinterface glDrawElements {reexecute=0 rethrow=0 return_oop=0}
                      ; - com.badlogic.gdx.graphics.Mesh::render@88 (line 488)
                      ; - com.badlogic.gdx.graphics.Mesh::render@10 (line 449)
                      ; - com.badlogic.gdx.graphics.g2d.SpriteBatch::flush@176 (line 975)
  0x00007f7b97b08d54: 882a 95ff 

  0x00007f7b97b08d58: ;   {post_call_nop}
  0x00007f7b97b08d58: 0f1f 8400 | d02f 0095 | bef6 ffff | ff66 6690 

  0x00007f7b97b08d68: ;   {runtime_call UncommonTrapBlob}
  0x00007f7b97b08d68: c5f8 77e8 

  0x00007f7b97b08d6c: ; ImmutableOopMap {}
                      ;*getfield owner {reexecute=1 rethrow=0 return_oop=0}
                      ; - (reexecute) org.lwjgl.opengl.GLContext::getCapabilitiesImpl@5 (line 132)
                      ; - org.lwjgl.opengl.GLContext::getCapabilities@0 (line 122)
                      ; - org.lwjgl.opengl.GL11::glDrawElements@0 (line 1105)
                      ; - com.badlogic.gdx.backends.lwjgl.LwjglGL20::glDrawElements@21 (line 281)
                      ; - com.badlogic.gdx.graphics.Mesh::render@88 (line 488)
                      ; - com.badlogic.gdx.graphics.Mesh::render@10 (line 449)
                      ; - com.badlogic.gdx.graphics.g2d.SpriteBatch::flush@176 (line 975)
  0x00007f7b97b08d6c: 702a 95ff 

  0x00007f7b97b08d70: ;   {post_call_nop}
  0x00007f7b97b08d70: 0f1f 8400 | e82f 0096 | bef6 ffff | ff66 6690 

  0x00007f7b97b08d80: ;   {runtime_call UncommonTrapBlob}
  0x00007f7b97b08d80: c5f8 77e8 

  0x00007f7b97b08d84: ; ImmutableOopMap {}
                      ;*getfield references_stack {reexecute=1 rethrow=0 return_oop=0}
                      ; - (reexecute) org.lwjgl.opengl.StateTracker::getReferences@4 (line 85)
                      ; - org.lwjgl.opengl.StateTracker::getElementArrayBufferBound@1 (line 143)
                      ; - org.lwjgl.opengl.GLChecks::ensureElementVBOdisabled@7 (line 82)
                      ; - org.lwjgl.opengl.GL11::glDrawElements@14 (line 1108)
                      ; - com.badlogic.gdx.backends.lwjgl.LwjglGL20::glDrawElements@21 (line 281)
                      ; - com.badlogic.gdx.graphics.Mesh::render@88 (line 488)
                      ; - com.badlogic.gdx.graphics.Mesh::render@10 (line 449)
                      ; - com.badlogic.gdx.graphics.g2d.SpriteBatch::flush@176 (line 975)
  0x00007f7b97b08d84: 582a 95ff 

  0x00007f7b97b08d88: ;   {post_call_nop}
  0x00007f7b97b08d88: 0f1f 8400 | 0030 0097 | bef6 ffff | ff66 6690 

  0x00007f7b97b08d98: ;   {runtime_call UncommonTrapBlob}
  0x00007f7b97b08d98: c5f8 77e8 

  0x00007f7b97b08d9c: ; ImmutableOopMap {}
                      ;*invokevirtual getReferences {reexecute=0 rethrow=0 return_oop=0}
                      ; - org.lwjgl.opengl.StateTracker::getReferences@7 (line 85)
                      ; - org.lwjgl.opengl.StateTracker::getElementArrayBufferBound@1 (line 143)
                      ; - org.lwjgl.opengl.GLChecks::ensureElementVBOdisabled@7 (line 82)
                      ; - org.lwjgl.opengl.GL11::glDrawElements@14 (line 1108)
                      ; - com.badlogic.gdx.backends.lwjgl.LwjglGL20::glDrawElements@21 (line 281)
                      ; - com.badlogic.gdx.graphics.Mesh::render@88 (line 488)
                      ; - com.badlogic.gdx.graphics.Mesh::render@10 (line 449)
                      ; - com.badlogic.gdx.graphics.g2d.SpriteBatch::flush@176 (line 975)
  0x00007f7b97b08d9c: 402a 95ff 

  0x00007f7b97b08da0: ;   {post_call_nop}
  0x00007f7b97b08da0: 0f1f 8400 | 1830 0098 | bef6 ffff | ff66 6690 

  0x00007f7b97b08db0: ;   {runtime_call UncommonTrapBlob}
  0x00007f7b97b08db0: c5f8 77e8 

  0x00007f7b97b08db4: ; ImmutableOopMap {}
                      ;*aaload {reexecute=0 rethrow=0 return_oop=0}
                      ; - org.lwjgl.opengl.ReferencesStack::getReferences@8 (line 41)
                      ; - org.lwjgl.opengl.StateTracker::getReferences@7 (line 85)
                      ; - org.lwjgl.opengl.StateTracker::getElementArrayBufferBound@1 (line 143)
                      ; - org.lwjgl.opengl.GLChecks::ensureElementVBOdisabled@7 (line 82)
                      ; - org.lwjgl.opengl.GL11::glDrawElements@14 (line 1108)
                      ; - com.badlogic.gdx.backends.lwjgl.LwjglGL20::glDrawElements@21 (line 281)
                      ; - com.badlogic.gdx.graphics.Mesh::render@88 (line 488)
                      ; - com.badlogic.gdx.graphics.Mesh::render@10 (line 449)
                      ; - com.badlogic.gdx.graphics.g2d.SpriteBatch::flush@176 (line 975)
  0x00007f7b97b08db4: 282a 95ff 

  0x00007f7b97b08db8: ;   {post_call_nop}
  0x00007f7b97b08db8: 0f1f 8400 | 3030 0099 | bef6 ffff | ff66 6690 

  0x00007f7b97b08dc8: ;   {runtime_call UncommonTrapBlob}
  0x00007f7b97b08dc8: c5f8 77e8 

  0x00007f7b97b08dcc: ; ImmutableOopMap {}
                      ;*getfield vertexArrayObject {reexecute=1 rethrow=0 return_oop=0}
                      ; - (reexecute) org.lwjgl.opengl.StateTracker::getElementArrayBufferBound@6 (line 145)
                      ; - org.lwjgl.opengl.GLChecks::ensureElementVBOdisabled@7 (line 82)
                      ; - org.lwjgl.opengl.GL11::glDrawElements@14 (line 1108)
                      ; - com.badlogic.gdx.backends.lwjgl.LwjglGL20::glDrawElements@21 (line 281)
                      ; - com.badlogic.gdx.graphics.Mesh::render@88 (line 488)
                      ; - com.badlogic.gdx.graphics.Mesh::render@10 (line 449)
                      ; - com.badlogic.gdx.graphics.g2d.SpriteBatch::flush@176 (line 975)
  0x00007f7b97b08dcc: 102a 95ff 

  0x00007f7b97b08dd0: ;   {post_call_nop}
  0x00007f7b97b08dd0: 0f1f 8400 | 4830 009a | bef6 ffff | ff8b 6c24 | 0c66 6690 

  0x00007f7b97b08de4: ;   {runtime_call UncommonTrapBlob}
  0x00007f7b97b08de4: c5f8 77e8 

  0x00007f7b97b08de8: ; ImmutableOopMap {rbp=NarrowOop }
                      ;*invokeinterface unbind {reexecute=0 rethrow=0 return_oop=0}
                      ; - com.badlogic.gdx.graphics.Mesh::unbind@6 (line 398)
                      ; - com.badlogic.gdx.graphics.Mesh::unbind@3 (line 389)
                      ; - com.badlogic.gdx.graphics.Mesh::render@178 (line 501)
                      ; - com.badlogic.gdx.graphics.Mesh::render@10 (line 449)
                      ; - com.badlogic.gdx.graphics.g2d.SpriteBatch::flush@176 (line 975)
  0x00007f7b97b08de8: f429 95ff 

  0x00007f7b97b08dec: ;   {post_call_nop}
  0x00007f7b97b08dec: 0f1f 8400 | 6430 009b | bef6 ffff | ff66 6690 

  0x00007f7b97b08dfc: ;   {runtime_call UncommonTrapBlob}
  0x00007f7b97b08dfc: c5f8 77e8 

  0x00007f7b97b08e00: ; ImmutableOopMap {}
                      ;*invokevirtual size {reexecute=0 rethrow=0 return_oop=0}
                      ; - com.badlogic.gdx.graphics.glutils.VertexArray::unbind@4 (line 142)
                      ; - com.badlogic.gdx.graphics.Mesh::unbind@6 (line 398)
                      ; - com.badlogic.gdx.graphics.Mesh::unbind@3 (line 389)
                      ; - com.badlogic.gdx.graphics.Mesh::render@178 (line 501)
                      ; - com.badlogic.gdx.graphics.Mesh::render@10 (line 449)
                      ; - com.badlogic.gdx.graphics.g2d.SpriteBatch::flush@176 (line 975)
  0x00007f7b97b08e00: dc29 95ff 

  0x00007f7b97b08e04: ;   {post_call_nop}
  0x00007f7b97b08e04: 0f1f 8400 | 7c30 009c | bef6 ffff | ff66 6690 

  0x00007f7b97b08e14: ;   {runtime_call UncommonTrapBlob}
  0x00007f7b97b08e14: c5f8 77e8 

  0x00007f7b97b08e18: ; ImmutableOopMap {}
                      ;*arraylength {reexecute=0 rethrow=0 return_oop=0}
                      ; - com.badlogic.gdx.graphics.VertexAttributes::size@4 (line 103)
                      ; - com.badlogic.gdx.graphics.glutils.VertexArray::unbind@4 (line 142)
                      ; - com.badlogic.gdx.graphics.Mesh::unbind@6 (line 398)
                      ; - com.badlogic.gdx.graphics.Mesh::unbind@3 (line 389)
                      ; - com.badlogic.gdx.graphics.Mesh::render@178 (line 501)
                      ; - com.badlogic.gdx.graphics.Mesh::render@10 (line 449)
                      ; - com.badlogic.gdx.graphics.g2d.SpriteBatch::flush@176 (line 975)
  0x00007f7b97b08e18: c429 95ff 

  0x00007f7b97b08e1c: ;   {post_call_nop}
  0x00007f7b97b08e1c: 0f1f 8400 | 9430 009d | bef6 ffff | ff66 6690 

  0x00007f7b97b08e2c: ;   {runtime_call UncommonTrapBlob}
  0x00007f7b97b08e2c: c5f8 77e8 

  0x00007f7b97b08e30: ; ImmutableOopMap {}
                      ;*invokeinterface getNumIndices {reexecute=0 rethrow=0 return_oop=0}
                      ; - com.badlogic.gdx.graphics.Mesh::unbind@15 (line 399)
                      ; - com.badlogic.gdx.graphics.Mesh::unbind@3 (line 389)
                      ; - com.badlogic.gdx.graphics.Mesh::render@178 (line 501)
                      ; - com.badlogic.gdx.graphics.Mesh::render@10 (line 449)
                      ; - com.badlogic.gdx.graphics.g2d.SpriteBatch::flush@176 (line 975)
  0x00007f7b97b08e30: ac29 95ff 

  0x00007f7b97b08e34: ;   {post_call_nop}
  0x00007f7b97b08e34: 0f1f 8400 | ac30 009e | bef6 ffff | ff66 6690 

  0x00007f7b97b08e44: ;   {runtime_call UncommonTrapBlob}
  0x00007f7b97b08e44: c5f8 77e8 

  0x00007f7b97b08e48: ; ImmutableOopMap {}
                      ;*invokevirtual limit {reexecute=0 rethrow=0 return_oop=0}
                      ; - com.badlogic.gdx.graphics.glutils.IndexArray::getNumIndices@15 (line 49)
                      ; - com.badlogic.gdx.graphics.Mesh::unbind@15 (line 399)
                      ; - com.badlogic.gdx.graphics.Mesh::unbind@3 (line 389)
                      ; - com.badlogic.gdx.graphics.Mesh::render@178 (line 501)
                      ; - com.badlogic.gdx.graphics.Mesh::render@10 (line 449)
                      ; - com.badlogic.gdx.graphics.g2d.SpriteBatch::flush@176 (line 975)
  0x00007f7b97b08e48: 9429 95ff 

  0x00007f7b97b08e4c: ;   {post_call_nop}
  0x00007f7b97b08e4c: 0f1f 8400 | c430 009f | 488b f0eb | 25eb 1b48 | 8bf0 eb1e | 488b f0eb | 1948 8bf0 | eb14 488b 
  0x00007f7b97b08e6c: f0eb 0f48 | 8bf0 eb0a | eb00 488b | f0eb 0348 | 8bf0 c5f8 | 7748 81c4 | 9000 0000 

  0x00007f7b97b08e88: ;   {runtime_call C2 Runtime rethrow_blob}
  0x00007f7b97b08e88: 5de9 d29d 

  0x00007f7b97b08e8c: ;   {internal_word}
  0x00007f7b97b08e8c: 95ff 49ba | 4a6e b097 | 7b7f 0000 | 4d89 9710 

  0x00007f7b97b08e9c: ;   {runtime_call SafepointBlob}
  0x00007f7b97b08e9c: 0500 00e9 | bcdc 87ff 

  0x00007f7b97b08ea4: ;   {runtime_call Stub::Stub Generator method_entry_barrier_stub}
  0x00007f7b97b08ea4: e857 2f86 | ffe9 00d0 | ffff f4f4 
[Stub Code]
  0x00007f7b97b08eb0: ;   {static_stub}
  0x00007f7b97b08eb0: 48bb 0000 | 0000 0000 

  0x00007f7b97b08eb8: ;   {runtime_call nmethod}
  0x00007f7b97b08eb8: 0000 e9fb 

  0x00007f7b97b08ebc: ;   {static_stub}
  0x00007f7b97b08ebc: ffff ff48 | bb00 0000 | 0000 0000 

  0x00007f7b97b08ec8: ;   {runtime_call nmethod}
  0x00007f7b97b08ec8: 00e9 fbff 

  0x00007f7b97b08ecc: ;   {static_stub}
  0x00007f7b97b08ecc: ffff 48bb | 0000 0000 | 0000 0000 

  0x00007f7b97b08ed8: ;   {runtime_call nmethod}
  0x00007f7b97b08ed8: e9fb ffff 

  0x00007f7b97b08edc: ;   {static_stub}
  0x00007f7b97b08edc: ff48 bb00 | 0000 0000 

  0x00007f7b97b08ee4: ;   {runtime_call nmethod}
  0x00007f7b97b08ee4: 0000 00e9 | fbff ffff 

  0x00007f7b97b08eec: ;   {static_stub}
  0x00007f7b97b08eec: 48bb 0000 | 0000 0000 

  0x00007f7b97b08ef4: ;   {runtime_call nmethod}
  0x00007f7b97b08ef4: 0000 e9fb 

  0x00007f7b97b08ef8: ;   {static_stub}
  0x00007f7b97b08ef8: ffff ff48 | bb00 0000 | 0000 0000 

  0x00007f7b97b08f04: ;   {runtime_call nmethod}
  0x00007f7b97b08f04: 00e9 fbff 

  0x00007f7b97b08f08: ;   {static_stub}
  0x00007f7b97b08f08: ffff 48bb | 0000 0000 | 0000 0000 

  0x00007f7b97b08f14: ;   {runtime_call nmethod}
  0x00007f7b97b08f14: e9fb ffff 

  0x00007f7b97b08f18: ;   {static_stub}
  0x00007f7b97b08f18: ff48 bb00 | 0000 0000 

  0x00007f7b97b08f20: ;   {runtime_call nmethod}
  0x00007f7b97b08f20: 0000 00e9 | fbff ffff 

  0x00007f7b97b08f28: ;   {static_stub}
  0x00007f7b97b08f28: 48bb 0000 | 0000 0000 

  0x00007f7b97b08f30: ;   {runtime_call nmethod}
  0x00007f7b97b08f30: 0000 e9fb 

  0x00007f7b97b08f34: ;   {runtime_call DeoptimizationBlob}
  0x00007f7b97b08f34: ffff ffe8 | 24df 87ff 
[Deopt Handler Entry Point]
  0x00007f7b97b08f3c: ebf9 f4f4 
[/MachCode]


---------------  P R O C E S S  ---------------

Threads class SMR info:
_java_thread_list=0x00007f7b8633e9d0, length=15, elements={
0x00007f7ba80e9230, 0x00007f7ba80ea3a0, 0x00007f7ba80ebeb0, 0x00007f7ba80ed720,
0x00007f7ba80eef80, 0x00007f7ba80f1170, 0x00007f7ba80f2b50, 0x00007f7ba80fec30,
0x00007f7ba8101150, 0x00007f7ba81b1420, 0x00007f7ba82d7180, 0x00007f7ba82d8740,
0x00007f7ba837db70, 0x00007f7ba8018470, 0x00007f7b6e911890
}

Java Threads: ( => current thread )
  0x00007f7ba80e9230 JavaThread "Reference Handler"          daemon [_thread_blocked, id=377980, stack(0x00007f7b818fa000,0x00007f7b819fa000) (1024K)]
  0x00007f7ba80ea3a0 JavaThread "Finalizer"                  daemon [_thread_blocked, id=377981, stack(0x00007f7b81100000,0x00007f7b81200000) (1024K)]
  0x00007f7ba80ebeb0 JavaThread "Signal Dispatcher"          daemon [_thread_blocked, id=377982, stack(0x00007f7b80fff000,0x00007f7b810ff000) (1024K)]
  0x00007f7ba80ed720 JavaThread "Service Thread"             daemon [_thread_blocked, id=377983, stack(0x00007f7b80efe000,0x00007f7b80ffe000) (1024K)]
  0x00007f7ba80eef80 JavaThread "Monitor Deflation Thread"   daemon [_thread_blocked, id=377984, stack(0x00007f7b80dfd000,0x00007f7b80efd000) (1024K)]
  0x00007f7ba80f1170 JavaThread "C2 CompilerThread0"         daemon [_thread_in_native, id=377985, stack(0x00007f7b80cfc000,0x00007f7b80dfc000) (1024K)]
  0x00007f7ba80f2b50 JavaThread "C1 CompilerThread0"         daemon [_thread_blocked, id=377986, stack(0x00007f7b80bfb000,0x00007f7b80cfb000) (1024K)]
  0x00007f7ba80fec30 JavaThread "Notification Thread"        daemon [_thread_blocked, id=377987, stack(0x00007f7b80afa000,0x00007f7b80bfa000) (1024K)]
  0x00007f7ba8101150 JavaThread "Common-Cleaner"             daemon [_thread_blocked, id=377988, stack(0x00007f7b809f9000,0x00007f7b80af9000) (1024K)]
  0x00007f7ba81b1420 JavaThread "InnocuousThread-1"          daemon [_thread_blocked, id=377992, stack(0x00007f7b80500000,0x00007f7b80600000) (1024K)]
  0x00007f7ba82d7180 JavaThread "Java2D Disposer"            daemon [_thread_blocked, id=377994, stack(0x00007f7b5b607000,0x00007f7b5b707000) (1024K)]
  0x00007f7ba82d8740 JavaThread "AWT-XAWT"                   daemon [_thread_in_native, id=377995, stack(0x00007f7b5b506000,0x00007f7b5b606000) (1024K)]
=>0x00007f7ba837db70 JavaThread "LWJGL Application"                 [_thread_in_native, id=377999, stack(0x00007f7b55bff000,0x00007f7b55cff000) (1024K)]
  0x00007f7ba8018470 JavaThread "DestroyJavaVM"                     [_thread_blocked, id=377968, stack(0x00007f7bae900000,0x00007f7baea00000) (1024K)]
  0x00007f7b6e911890 JavaThread "Thread-1"                          [_thread_blocked, id=378046, stack(0x00007f7b808f8000,0x00007f7b809f8000) (1024K)]
Total: 15

Other Threads:
  0x00007f7ba80e03e0 VMThread "VM Thread"                           [id=377979, stack(0x00007f7b817f9000,0x00007f7b818f9000) (1024K)]
  0x00007f7ba80ced10 WatcherThread "VM Periodic Task Thread"        [id=377978, stack(0x00007f7b819fb000,0x00007f7b81afb000) (1024K)]
  0x00007f7ba8066680 WorkerThread "GC Thread#0"                     [id=377969, stack(0x00007f7bac742000,0x00007f7bac842000) (1024K)]
  0x00007f7b600084f0 WorkerThread "GC Thread#1"                     [id=377993, stack(0x00007f7b5b708000,0x00007f7b5b808000) (1024K)]
  0x00007f7b60009830 WorkerThread "GC Thread#2"                     [id=378002, stack(0x00007f7b55afe000,0x00007f7b55bfe000) (1024K)]
  0x00007f7b6000a230 WorkerThread "GC Thread#3"                     [id=378003, stack(0x00007f7b559fd000,0x00007f7b55afd000) (1024K)]
  0x00007f7b60012870 WorkerThread "GC Thread#4"                     [id=378042, stack(0x00007f7b3eaf0000,0x00007f7b3ebf0000) (1024K)]
  0x00007f7b60013050 WorkerThread "GC Thread#5"                     [id=378043, stack(0x00007f7b3cf16000,0x00007f7b3d016000) (1024K)]
  0x00007f7b600223c0 WorkerThread "GC Thread#6"                     [id=378052, stack(0x00007f7b3b770000,0x00007f7b3b870000) (1024K)]
  0x00007f7b60145e30 WorkerThread "GC Thread#7"                     [id=378067, stack(0x00007f7b3b56e000,0x00007f7b3b66e000) (1024K)]
  0x00007f7ba807ec10 ConcurrentGCThread "G1 Main Marker"            [id=377970, stack(0x00007f7bac641000,0x00007f7bac741000) (1024K)]
  0x00007f7ba807fce0 WorkerThread "G1 Conc#0"                       [id=377971, stack(0x00007f7bac540000,0x00007f7bac640000) (1024K)]
  0x00007f7b88007af0 WorkerThread "G1 Conc#1"                       [id=378047, stack(0x00007f7b3ce15000,0x00007f7b3cf15000) (1024K)]
  0x00007f7ba80b6e00 WorkerThread "G1 Refinement Workers#0"         [id=377973, stack(0x00007f7b81bfd000,0x00007f7b81cfd000) (1024K)]
  0x00007f7ba80b5bb0 ConcurrentGCThread "G1 Refine Control"         [id=377972, stack(0x00007f7b81cfe000,0x00007f7b81dfe000) (1024K)]
  0x00007f7ba80b7f10 ConcurrentGCThread "G1 Service"                [id=377974, stack(0x00007f7b81afc000,0x00007f7b81bfc000) (1024K)]
Total: 16

Threads with active compile tasks:
C2 CompilerThread0  224742 9096   !   4       age.of.civilizations2.jakowski.lukasz.AI_Build_Farm::<init> (434 bytes)
Total: 1

VM state: not at safepoint (normal execution)

VM Mutex/Monitor currently owned by a thread: None

OutOfMemory and StackOverflow Exception counts:
StackOverflowErrors=1860
LinkageErrors=131

Heap address: 0x000000070c000000, size: 3904 MB, Compressed Oops mode: Zero based, Oop shift amount: 3

CDS archive(s) mapped at: [0x0000000042000000-0x0000000042da7000-0x0000000042da7000), size 14315520, SharedBaseAddress: 0x0000000042000000, ArchiveRelocationMode: 1.
Compressed class space mapped at: 0x0000000043000000-0x0000000083000000, reserved size: 1073741824
UseCompressedClassPointers 1, UseCompactObjectHeaders 0
Narrow klass pointer bits 32, Max shift 3
Narrow klass base: 0x0000000042000000, Narrow klass shift: 0
Encoding Range: [0x0000000042000000 - 0x0000000142000000), (4294967296 bytes)
Klass Range:    [0x0000000042000000 - 0x0000000083000000), (1090519040 bytes)
Klass ID Range:  [8 - 1090519033) (1090519025)
Protection zone: [0x0000000042000000 - 0x0000000042001000), (4096 bytes)

GC Precious Log:
 CardTable entry size: 512
 Card Set container configuration: InlinePtr #cards 4 size 8 Array Of Cards #cards 16 size 48 Howl #buckets 8 coarsen threshold 3686 Howl Bitmap #cards 512 size 80 coarsen threshold 460 Card regions per heap region 1 cards per card region 4096
 CPUs: 12 total, 8 available
 Memory: 15608M
 Large Page Support: Disabled
 NUMA Support: Disabled
 Compressed Oops: Enabled (Zero based)
 Heap Region Size: 2M
 Heap Min Capacity: 8M
 Heap Initial Capacity: 8M
 Heap Max Capacity: 3904M
 Pre-touch: Disabled
 Parallel Workers: 8
 Concurrent Workers: 2
 Concurrent Refinement Workers: 8
 Periodic GC: Disabled

Heap:
 garbage-first heap   total reserved 3997696K, committed 202752K, used 152254K [0x000000070c000000, 0x0000000800000000)
  region size 2M, 42 eden (84M), 2 survivor (4M), 33 old (66M), 0 humongous (0M), 22 free (44M)

Heap Regions: E=young(eden), S=young(survivor), O=old, HS=humongous(starts), HC=humongous(continues), CS=collection set, F=free, TAMS=top-at-mark-start, PB=parsable bottom
|    0|0x000000070c000000, 0x000000070c200000, 0x000000070c200000|100%| O|  |TAMS 0x000000070c000000| PB 0x000000070c000000| Untracked |  0
|    1|0x000000070c200000, 0x000000070c400000, 0x000000070c400000|100%| O|  |TAMS 0x000000070c200000| PB 0x000000070c200000| Untracked |  0
|    2|0x000000070c400000, 0x000000070c600000, 0x000000070c600000|100%| O|  |TAMS 0x000000070c400000| PB 0x000000070c400000| Untracked |  0
|    3|0x000000070c600000, 0x000000070c800000, 0x000000070c800000|100%| O|  |TAMS 0x000000070c600000| PB 0x000000070c600000| Untracked |  0
|    4|0x000000070c800000, 0x000000070ca00000, 0x000000070ca00000|100%| O|  |TAMS 0x000000070c800000| PB 0x000000070c800000| Untracked |  0
|    5|0x000000070ca00000, 0x000000070cc00000, 0x000000070cc00000|100%| O|  |TAMS 0x000000070ca00000| PB 0x000000070ca00000| Untracked |  0
|    6|0x000000070cc00000, 0x000000070ce00000, 0x000000070ce00000|100%| O|  |TAMS 0x000000070cc00000| PB 0x000000070cc00000| Untracked |  0
|    7|0x000000070ce00000, 0x000000070ce43070, 0x000000070d000000| 13%| O|  |TAMS 0x000000070ce00000| PB 0x000000070ce00000| Untracked |  0
|    8|0x000000070d000000, 0x000000070d200000, 0x000000070d200000|100%| O|  |TAMS 0x000000070d000000| PB 0x000000070d000000| Untracked |  0
|    9|0x000000070d200000, 0x000000070d400000, 0x000000070d400000|100%| O|  |TAMS 0x000000070d200000| PB 0x000000070d200000| Untracked |  0
|   10|0x000000070d400000, 0x000000070d600000, 0x000000070d600000|100%| O|  |TAMS 0x000000070d400000| PB 0x000000070d400000| Untracked |  0
|   11|0x000000070d600000, 0x000000070d800000, 0x000000070d800000|100%| O|  |TAMS 0x000000070d600000| PB 0x000000070d600000| Untracked |  0
|   12|0x000000070d800000, 0x000000070da00000, 0x000000070da00000|100%| O|  |TAMS 0x000000070d800000| PB 0x000000070d800000| Untracked |  0
|   13|0x000000070da00000, 0x000000070dc00000, 0x000000070dc00000|100%| O|  |TAMS 0x000000070da00000| PB 0x000000070da00000| Untracked |  0
|   14|0x000000070dc00000, 0x000000070de00000, 0x000000070de00000|100%| O|  |TAMS 0x000000070dc00000| PB 0x000000070dc00000| Untracked |  0
|   15|0x000000070de00000, 0x000000070e000000, 0x000000070e000000|100%| O|  |TAMS 0x000000070de00000| PB 0x000000070de00000| Untracked |  0
|   16|0x000000070e000000, 0x000000070e000000, 0x000000070e200000|  0%| F|  |TAMS 0x000000070e000000| PB 0x000000070e000000| Untracked |  0
|   17|0x000000070e200000, 0x000000070e400000, 0x000000070e400000|100%| O|  |TAMS 0x000000070e200000| PB 0x000000070e200000| Untracked |  0
|   18|0x000000070e400000, 0x000000070e600000, 0x000000070e600000|100%| O|  |TAMS 0x000000070e400000| PB 0x000000070e400000| Untracked |  0
|   19|0x000000070e600000, 0x000000070e800000, 0x000000070e800000|100%| O|  |TAMS 0x000000070e600000| PB 0x000000070e600000| Untracked |  0
|   20|0x000000070e800000, 0x000000070ea00000, 0x000000070ea00000|100%| O|  |TAMS 0x000000070e800000| PB 0x000000070e800000| Untracked |  0
|   21|0x000000070ea00000, 0x000000070ec00000, 0x000000070ec00000|100%| O|  |TAMS 0x000000070ea00000| PB 0x000000070ea00000| Untracked |  0
|   22|0x000000070ec00000, 0x000000070ee00000, 0x000000070ee00000|100%| O|  |TAMS 0x000000070ec00000| PB 0x000000070ec00000| Untracked |  0
|   23|0x000000070ee00000, 0x000000070f000000, 0x000000070f000000|100%| O|  |TAMS 0x000000070ee00000| PB 0x000000070ee00000| Untracked |  0
|   24|0x000000070f000000, 0x000000070f200000, 0x000000070f200000|100%| O|  |TAMS 0x000000070f000000| PB 0x000000070f000000| Untracked |  0
|   25|0x000000070f200000, 0x000000070f400000, 0x000000070f400000|100%| O|  |TAMS 0x000000070f200000| PB 0x000000070f200000| Untracked |  0
|   26|0x000000070f400000, 0x000000070f600000, 0x000000070f600000|100%| O|Cm|TAMS 0x000000070f400000| PB 0x000000070f400000| Complete  |  0
|   27|0x000000070f600000, 0x000000070f800000, 0x000000070f800000|100%| O|  |TAMS 0x000000070f600000| PB 0x000000070f600000| Untracked |  0
|   28|0x000000070f800000, 0x000000070fa00000, 0x000000070fa00000|100%| O|  |TAMS 0x000000070f800000| PB 0x000000070f800000| Untracked |  0
|   29|0x000000070fa00000, 0x000000070fa00000, 0x000000070fc00000|  0%| F|  |TAMS 0x000000070fa00000| PB 0x000000070fa00000| Untracked |  0
|   30|0x000000070fc00000, 0x000000070fde93d8, 0x000000070fe00000| 95%| O|  |TAMS 0x000000070fc00000| PB 0x000000070fc00000| Untracked |  0
|   31|0x000000070fe00000, 0x000000070fe00000, 0x0000000710000000|  0%| F|  |TAMS 0x000000070fe00000| PB 0x000000070fe00000| Untracked |  0
|   32|0x0000000710000000, 0x0000000710200000, 0x0000000710200000|100%| O|  |TAMS 0x0000000710000000| PB 0x0000000710000000| Untracked |  0
|   33|0x0000000710200000, 0x0000000710400000, 0x0000000710400000|100%| O|  |TAMS 0x0000000710200000| PB 0x0000000710200000| Untracked |  0
|   34|0x0000000710400000, 0x0000000710400000, 0x0000000710600000|  0%| F|  |TAMS 0x0000000710400000| PB 0x0000000710400000| Untracked |  0
|   35|0x0000000710600000, 0x0000000710600000, 0x0000000710800000|  0%| F|  |TAMS 0x0000000710600000| PB 0x0000000710600000| Untracked |  0
|   36|0x0000000710800000, 0x0000000710883610, 0x0000000710a00000| 25%| S|CS|TAMS 0x0000000710800000| PB 0x0000000710800000| Complete  |  0
|   37|0x0000000710a00000, 0x0000000710c00000, 0x0000000710c00000|100%| S|CS|TAMS 0x0000000710a00000| PB 0x0000000710a00000| Complete  |  0
|   38|0x0000000710c00000, 0x0000000710c00000, 0x0000000710e00000|  0%| F|  |TAMS 0x0000000710c00000| PB 0x0000000710c00000| Untracked |  0
|   39|0x0000000710e00000, 0x0000000710e00000, 0x0000000711000000|  0%| F|  |TAMS 0x0000000710e00000| PB 0x0000000710e00000| Untracked |  0
|   40|0x0000000711000000, 0x0000000711000000, 0x0000000711200000|  0%| F|  |TAMS 0x0000000711000000| PB 0x0000000711000000| Untracked |  0
|   41|0x0000000711200000, 0x0000000711200000, 0x0000000711400000|  0%| F|  |TAMS 0x0000000711200000| PB 0x0000000711200000| Untracked |  0
|   42|0x0000000711400000, 0x0000000711400000, 0x0000000711600000|  0%| F|  |TAMS 0x0000000711400000| PB 0x0000000711400000| Untracked |  0
|   43|0x0000000711600000, 0x0000000711600000, 0x0000000711800000|  0%| F|  |TAMS 0x0000000711600000| PB 0x0000000711600000| Untracked |  0
|   44|0x0000000711800000, 0x0000000711800000, 0x0000000711a00000|  0%| F|  |TAMS 0x0000000711800000| PB 0x0000000711800000| Untracked |  0
|   45|0x0000000711a00000, 0x0000000711a00000, 0x0000000711c00000|  0%| F|  |TAMS 0x0000000711a00000| PB 0x0000000711a00000| Untracked |  0
|   46|0x0000000711c00000, 0x0000000711c00000, 0x0000000711e00000|  0%| F|  |TAMS 0x0000000711c00000| PB 0x0000000711c00000| Untracked |  0
|   47|0x0000000711e00000, 0x0000000711e00000, 0x0000000712000000|  0%| F|  |TAMS 0x0000000711e00000| PB 0x0000000711e00000| Untracked |  0
|   48|0x0000000712000000, 0x0000000712000000, 0x0000000712200000|  0%| F|  |TAMS 0x0000000712000000| PB 0x0000000712000000| Untracked |  0
|   49|0x0000000712200000, 0x0000000712200000, 0x0000000712400000|  0%| F|  |TAMS 0x0000000712200000| PB 0x0000000712200000| Untracked |  0
|   50|0x0000000712400000, 0x0000000712400000, 0x0000000712600000|  0%| F|  |TAMS 0x0000000712400000| PB 0x0000000712400000| Untracked |  0
|   51|0x0000000712600000, 0x0000000712600000, 0x0000000712800000|  0%| F|  |TAMS 0x0000000712600000| PB 0x0000000712600000| Untracked |  0
|   52|0x0000000712800000, 0x0000000712800000, 0x0000000712a00000|  0%| F|  |TAMS 0x0000000712800000| PB 0x0000000712800000| Untracked |  0
|   53|0x0000000712a00000, 0x0000000712a00000, 0x0000000712c00000|  0%| F|  |TAMS 0x0000000712a00000| PB 0x0000000712a00000| Untracked |  0
|   54|0x0000000712c00000, 0x0000000712c00000, 0x0000000712e00000|  0%| F|  |TAMS 0x0000000712c00000| PB 0x0000000712c00000| Untracked |  0
|   55|0x0000000712e00000, 0x0000000712f85250, 0x0000000713000000| 76%| E|CS|TAMS 0x0000000712e00000| PB 0x0000000712e00000| Complete  |  0
|   56|0x0000000713000000, 0x0000000713200000, 0x0000000713200000|100%| E|CS|TAMS 0x0000000713000000| PB 0x0000000713000000| Complete  |  0
|   57|0x0000000713200000, 0x0000000713400000, 0x0000000713400000|100%| E|CS|TAMS 0x0000000713200000| PB 0x0000000713200000| Complete  |  0
|   58|0x0000000713400000, 0x0000000713600000, 0x0000000713600000|100%| E|CS|TAMS 0x0000000713400000| PB 0x0000000713400000| Complete  |  0
|   59|0x0000000713600000, 0x0000000713800000, 0x0000000713800000|100%| E|CS|TAMS 0x0000000713600000| PB 0x0000000713600000| Complete  |  0
|   60|0x0000000713800000, 0x0000000713a00000, 0x0000000713a00000|100%| E|CS|TAMS 0x0000000713800000| PB 0x0000000713800000| Complete  |  0
|   61|0x0000000713a00000, 0x0000000713c00000, 0x0000000713c00000|100%| E|CS|TAMS 0x0000000713a00000| PB 0x0000000713a00000| Complete  |  0
|   62|0x0000000713c00000, 0x0000000713e00000, 0x0000000713e00000|100%| E|CS|TAMS 0x0000000713c00000| PB 0x0000000713c00000| Complete  |  0
|   63|0x0000000713e00000, 0x0000000714000000, 0x0000000714000000|100%| E|CS|TAMS 0x0000000713e00000| PB 0x0000000713e00000| Complete  |  0
|   64|0x0000000714000000, 0x0000000714200000, 0x0000000714200000|100%| E|CS|TAMS 0x0000000714000000| PB 0x0000000714000000| Complete  |  0
|   65|0x0000000714200000, 0x0000000714400000, 0x0000000714400000|100%| E|CS|TAMS 0x0000000714200000| PB 0x0000000714200000| Complete  |  0
|   66|0x0000000714400000, 0x0000000714600000, 0x0000000714600000|100%| E|CS|TAMS 0x0000000714400000| PB 0x0000000714400000| Complete  |  0
|   67|0x0000000714600000, 0x0000000714800000, 0x0000000714800000|100%| E|CS|TAMS 0x0000000714600000| PB 0x0000000714600000| Complete  |  0
|   68|0x0000000714800000, 0x0000000714a00000, 0x0000000714a00000|100%| E|CS|TAMS 0x0000000714800000| PB 0x0000000714800000| Complete  |  0
|   69|0x0000000714a00000, 0x0000000714c00000, 0x0000000714c00000|100%| E|CS|TAMS 0x0000000714a00000| PB 0x0000000714a00000| Complete  |  0
|   70|0x0000000714c00000, 0x0000000714e00000, 0x0000000714e00000|100%| E|CS|TAMS 0x0000000714c00000| PB 0x0000000714c00000| Complete  |  0
|   71|0x0000000714e00000, 0x0000000715000000, 0x0000000715000000|100%| E|CS|TAMS 0x0000000714e00000| PB 0x0000000714e00000| Complete  |  0
|   72|0x0000000715000000, 0x0000000715200000, 0x0000000715200000|100%| E|CS|TAMS 0x0000000715000000| PB 0x0000000715000000| Complete  |  0
|   73|0x0000000715200000, 0x0000000715400000, 0x0000000715400000|100%| E|CS|TAMS 0x0000000715200000| PB 0x0000000715200000| Complete  |  0
|   74|0x0000000715400000, 0x0000000715600000, 0x0000000715600000|100%| E|CS|TAMS 0x0000000715400000| PB 0x0000000715400000| Complete  |  0
|   75|0x0000000715600000, 0x0000000715800000, 0x0000000715800000|100%| E|CS|TAMS 0x0000000715600000| PB 0x0000000715600000| Complete  |  0
|   76|0x0000000715800000, 0x0000000715a00000, 0x0000000715a00000|100%| E|CS|TAMS 0x0000000715800000| PB 0x0000000715800000| Complete  |  0
|   77|0x0000000715a00000, 0x0000000715c00000, 0x0000000715c00000|100%| E|CS|TAMS 0x0000000715a00000| PB 0x0000000715a00000| Complete  |  0
|   78|0x0000000715c00000, 0x0000000715e00000, 0x0000000715e00000|100%| E|CS|TAMS 0x0000000715c00000| PB 0x0000000715c00000| Complete  |  0
|   79|0x0000000715e00000, 0x0000000716000000, 0x0000000716000000|100%| E|CS|TAMS 0x0000000715e00000| PB 0x0000000715e00000| Complete  |  0
|   80|0x0000000716000000, 0x0000000716200000, 0x0000000716200000|100%| E|CS|TAMS 0x0000000716000000| PB 0x0000000716000000| Complete  |  0
|   81|0x0000000716200000, 0x0000000716400000, 0x0000000716400000|100%| E|CS|TAMS 0x0000000716200000| PB 0x0000000716200000| Complete  |  0
|   82|0x0000000716400000, 0x0000000716600000, 0x0000000716600000|100%| E|CS|TAMS 0x0000000716400000| PB 0x0000000716400000| Complete  |  0
|   83|0x0000000716600000, 0x0000000716800000, 0x0000000716800000|100%| E|CS|TAMS 0x0000000716600000| PB 0x0000000716600000| Complete  |  0
|   84|0x0000000716800000, 0x0000000716a00000, 0x0000000716a00000|100%| E|CS|TAMS 0x0000000716800000| PB 0x0000000716800000| Complete  |  0
|   85|0x0000000716a00000, 0x0000000716c00000, 0x0000000716c00000|100%| E|CS|TAMS 0x0000000716a00000| PB 0x0000000716a00000| Complete  |  0
|   86|0x0000000716c00000, 0x0000000716e00000, 0x0000000716e00000|100%| E|CS|TAMS 0x0000000716c00000| PB 0x0000000716c00000| Complete  |  0
|   87|0x0000000716e00000, 0x0000000717000000, 0x0000000717000000|100%| E|CS|TAMS 0x0000000716e00000| PB 0x0000000716e00000| Complete  |  0
|   88|0x0000000717000000, 0x0000000717200000, 0x0000000717200000|100%| E|CS|TAMS 0x0000000717000000| PB 0x0000000717000000| Complete  |  0
|   89|0x0000000717200000, 0x0000000717400000, 0x0000000717400000|100%| E|CS|TAMS 0x0000000717200000| PB 0x0000000717200000| Complete  |  0
|   90|0x0000000717400000, 0x0000000717600000, 0x0000000717600000|100%| E|CS|TAMS 0x0000000717400000| PB 0x0000000717400000| Complete  |  0
|   91|0x0000000717600000, 0x0000000717800000, 0x0000000717800000|100%| E|CS|TAMS 0x0000000717600000| PB 0x0000000717600000| Complete  |  0
|   92|0x0000000717800000, 0x0000000717a00000, 0x0000000717a00000|100%| E|CS|TAMS 0x0000000717800000| PB 0x0000000717800000| Complete  |  0
|   93|0x0000000717a00000, 0x0000000717c00000, 0x0000000717c00000|100%| E|CS|TAMS 0x0000000717a00000| PB 0x0000000717a00000| Complete  |  0
|   94|0x0000000717c00000, 0x0000000717e00000, 0x0000000717e00000|100%| E|CS|TAMS 0x0000000717c00000| PB 0x0000000717c00000| Complete  |  0
|   95|0x0000000717e00000, 0x0000000718000000, 0x0000000718000000|100%| E|CS|TAMS 0x0000000717e00000| PB 0x0000000717e00000| Complete  |  0
|   96|0x0000000718000000, 0x0000000718200000, 0x0000000718200000|100%| E|CS|TAMS 0x0000000718000000| PB 0x0000000718000000| Complete  |  0
| 1950|0x00000007ffc00000, 0x00000007ffe00000, 0x00000007ffe00000|100%| O|  |TAMS 0x00000007ffc00000| PB 0x00000007ffc00000| Untracked |  0
| 1951|0x00000007ffe00000, 0x0000000800000000, 0x0000000800000000|100%| O|  |TAMS 0x00000007ffe00000| PB 0x00000007ffe00000| Untracked |  0

Card table byte_map: [0x00007f7bac842000,0x00007f7bacfe2000] _byte_map_base: 0x00007f7ba8fe2000
Refinement table byte_map: [0x00007f7bacfe2000,0x00007f7bad782000] _byte_map_base: 0x00007f7ba9782000

Marking Bits: (CMBitMap*) 0x00007f7ba80672d0
 Bits: [0x00007f7b8c0fe000, 0x00007f7b8fdfe000)

Polling page: 0x00007f7bb0869000

Metaspace:
Metaspace        used 28577K, committed 28928K, reserved 1114112K
 class space     used 2302K, committed 2496K, reserved 1048576K

Usage:
  Non-class:     25,66 MB used.
      Class:      2,25 MB used.
       Both:     27,91 MB used.

Virtual space:
  Non-class space:       64,00 MB reserved,      25,81 MB ( 40%) committed,  1 nodes.
      Class space:        1,00 GB reserved,       2,44 MB ( <1%) committed,  1 nodes.
             Both:        1,06 GB reserved,      28,25 MB (  3%) committed. 

Chunk freelists:
   Non-Class:  5,88 MB
       Class:  13,47 MB
        Both:  19,34 MB

MaxMetaspaceSize: unlimited
CompressedClassSpaceSize: 1,00 GB
Initial GC threshold: 21,00 MB
Current GC threshold: 46,88 MB
CDS: on
 - commit_granule_bytes: 65536.
 - commit_granule_words: 8192.
 - virtual_space_node_default_size: 8388608.
 - enlarge_chunks_in_place: 1.
UseCompressedClassPointers 1, UseCompactObjectHeaders 0
Narrow klass pointer bits 32, Max shift 3
Narrow klass base: 0x0000000042000000, Narrow klass shift: 0
Encoding Range: [0x0000000042000000 - 0x0000000142000000), (4294967296 bytes)
Klass Range:    [0x0000000042000000 - 0x0000000083000000), (1090519040 bytes)
Klass ID Range:  [8 - 1090519033) (1090519025)
Protection zone: [0x0000000042000000 - 0x0000000042001000), (4096 bytes)


Internal statistics:

num_allocs_failed_limit: 3.
num_arena_births: 430.
num_arena_deaths: 0.
num_vsnodes_births: 2.
num_vsnodes_deaths: 0.
num_space_committed: 442.
num_space_uncommitted: 0.
num_chunks_returned_to_freelist: 3.
num_chunks_taken_from_freelist: 1372.
num_chunk_merges: 3.
num_chunk_splits: 958.
num_chunks_enlarged: 703.
num_inconsistent_stats: 0.

CodeHeap 'non-profiled nmethods': size=120032Kb used=8624Kb max_used=13129Kb free=111407Kb
 bounds [0x00007f7b978c8000, 0x00007f7b985f8000, 0x00007f7b9ee00000]
CodeHeap 'profiled nmethods': size=120032Kb used=12875Kb max_used=35604Kb free=107156Kb
 bounds [0x00007f7b8fdfe000, 0x00007f7b920ce000, 0x00007f7b97336000]
CodeHeap 'non-nmethods': size=5704Kb used=1889Kb max_used=2312Kb free=3814Kb
 bounds [0x00007f7b97336000, 0x00007f7b975d6000, 0x00007f7b978c8000]
CodeCache: size=245768Kb, used=23388Kb, max_used=51045Kb, free=222377Kb
 total_blobs=4632, nmethods=3741, adapters=795, full_count=0
Compilation: enabled, stopped_count=0, restarted_count=0

Compilation events (20 events):
Event: 223,802 Thread 0x00007f7ba80f1170 nmethod 9088 0x00007f7b98190388 code [0x00007f7b98190480, 0x00007f7b98190518]
Event: 223,904 Thread 0x00007f7ba80f2b50 9089       3       age.of.civilizations2.jakowski.lukasz.Civilization::getTagsCanForm (14 bytes)
Event: 223,904 Thread 0x00007f7ba80f2b50 nmethod 9089 0x00007f7b8fe71488 code [0x00007f7b8fe71580, 0x00007f7b8fe71818]
Event: 223,951 Thread 0x00007f7ba80f2b50 9090       3       age.of.civilizations2.jakowski.lukasz.Game_Calendar::getCanColonize_TechLevel (23 bytes)
Event: 223,952 Thread 0x00007f7ba80f2b50 nmethod 9090 0x00007f7b90804508 code [0x00007f7b90804600, 0x00007f7b90804c90]
Event: 224,031 Thread 0x00007f7ba80f1170 9091       4       age.of.civilizations2.jakowski.lukasz.BuildingsManager::getWorkshop_MaxLevel_CanBuild (46 bytes)
Event: 224,042 Thread 0x00007f7ba80f1170 nmethod 9091 0x00007f7b9799c108 code [0x00007f7b9799c220, 0x00007f7b9799c858]
Event: 224,104 Thread 0x00007f7ba80f1170 9093   !   4       age.of.civilizations2.jakowski.lukasz.Game_Action::moveArmy (927 bytes)
Event: 224,117 Thread 0x00007f7ba80f2b50 9094   !   3       age.of.civilizations2.jakowski.lukasz.Event_Conditions_Allies::outCondition (54 bytes)
Event: 224,119 Thread 0x00007f7ba80f2b50 nmethod 9094 0x00007f7b8fe20d08 code [0x00007f7b8fe20e00, 0x00007f7b8fe22068]
Event: 224,334 Thread 0x00007f7ba80f1170 nmethod 9093 0x00007f7b97b7e188 code [0x00007f7b97b7e280, 0x00007f7b97b87968]
Event: 224,428 Thread 0x00007f7ba80f1170 9095   !   4       age.of.civilizations2.jakowski.lukasz.AI_Style::buildBuildings (1239 bytes)
Event: 224,557 Thread 0x00007f7ba80f2b50 9097   !   2       age.of.civilizations2.jakowski.lukasz.AI_Style::colonizeProvinces (831 bytes)
Event: 224,562 Thread 0x00007f7ba80f2b50 nmethod 9097 0x00007f7b9009cc08 code [0x00007f7b9009cd20, 0x00007f7b900a05a8]
Event: 224,636 Thread 0x00007f7ba80f2b50 9099       3       jdk.internal.misc.VM::isModuleSystemInited (13 bytes)
Event: 224,636 Thread 0x00007f7ba80f2b50 nmethod 9099 0x00007f7b8feb2a08 code [0x00007f7b8feb2b00, 0x00007f7b8feb2c30]
Event: 224,636 Thread 0x00007f7ba80f2b50 9100       3       java.lang.StringLatin1::getChars (12 bytes)
Event: 224,636 Thread 0x00007f7ba80f2b50 nmethod 9100 0x00007f7b8ff61e88 code [0x00007f7b8ff61f80, 0x00007f7b8ff62090]
Event: 224,636 Thread 0x00007f7ba80f2b50 9101       2       java.lang.String::getChars (55 bytes)
Event: 224,637 Thread 0x00007f7ba80f2b50 nmethod 9101 0x00007f7b90a7a188 code [0x00007f7b90a7a280, 0x00007f7b90a7a520]

GC Heap Usage History (20 events):
Event: 193,994 {heap Before GC invocations=60 (full 0):
 garbage-first heap   total reserved 3997696K, committed 202752K, used 185154K [0x000000070c000000, 0x0000000800000000)
  region size 2M, 57 eden (114M), 2 survivor (4M), 32 old (64M), 0 humongous (0M), 8 free (16M)
}
Event: 193,999 {heap After GC invocations=61 (full 0):
 garbage-first heap   total reserved 3997696K, committed 202752K, used 68586K [0x000000070c000000, 0x0000000800000000)
  region size 2M, 0 eden (0M), 2 survivor (4M), 32 old (64M), 0 humongous (0M), 65 free (130M)
}
Event: 197,055 {heap Before GC invocations=62 (full 0):
 garbage-first heap   total reserved 3997696K, committed 202752K, used 185322K [0x000000070c000000, 0x0000000800000000)
  region size 2M, 57 eden (114M), 2 survivor (4M), 32 old (64M), 0 humongous (0M), 8 free (16M)
}
Event: 197,059 {heap After GC invocations=63 (full 0):
 garbage-first heap   total reserved 3997696K, committed 202752K, used 68744K [0x000000070c000000, 0x0000000800000000)
  region size 2M, 0 eden (0M), 2 survivor (4M), 32 old (64M), 0 humongous (0M), 65 free (130M)
}
Event: 199,074 {heap Before GC invocations=63 (full 0):
 garbage-first heap   total reserved 3997696K, committed 202752K, used 185480K [0x000000070c000000, 0x0000000800000000)
  region size 2M, 57 eden (114M), 2 survivor (4M), 32 old (64M), 0 humongous (0M), 8 free (16M)
}
Event: 199,083 {heap After GC invocations=64 (full 0):
 garbage-first heap   total reserved 3997696K, committed 202752K, used 68461K [0x000000070c000000, 0x0000000800000000)
  region size 2M, 0 eden (0M), 2 survivor (4M), 32 old (64M), 0 humongous (0M), 65 free (130M)
}
Event: 199,333 {heap Before GC invocations=64 (full 0):
 garbage-first heap   total reserved 3997696K, committed 202752K, used 84845K [0x000000070c000000, 0x0000000800000000)
  region size 2M, 10 eden (20M), 2 survivor (4M), 32 old (64M), 0 humongous (0M), 55 free (110M)
}
Event: 199,341 {heap After GC invocations=65 (full 0):
 garbage-first heap   total reserved 3997696K, committed 196608K, used 70226K [0x000000070c000000, 0x0000000800000000)
  region size 2M, 0 eden (0M), 3 survivor (6M), 32 old (64M), 0 humongous (0M), 61 free (122M)
}
Event: 203,353 {heap Before GC invocations=66 (full 0):
 garbage-first heap   total reserved 3997696K, committed 196608K, used 193106K [0x000000070c000000, 0x0000000800000000)
  region size 2M, 51 eden (102M), 3 survivor (6M), 32 old (64M), 10 humongous (20M), 0 free (0M)
}
Event: 203,357 {heap After GC invocations=67 (full 0):
 garbage-first heap   total reserved 3997696K, committed 202752K, used 68720K [0x000000070c000000, 0x0000000800000000)
  region size 2M, 0 eden (0M), 2 survivor (4M), 33 old (66M), 0 humongous (0M), 64 free (128M)
}
Event: 206,995 {heap Before GC invocations=67 (full 0):
 garbage-first heap   total reserved 3997696K, committed 202752K, used 185456K [0x000000070c000000, 0x0000000800000000)
  region size 2M, 57 eden (114M), 2 survivor (4M), 33 old (66M), 0 humongous (0M), 7 free (14M)
}
Event: 207,000 {heap After GC invocations=68 (full 0):
 garbage-first heap   total reserved 3997696K, committed 202752K, used 68099K [0x000000070c000000, 0x0000000800000000)
  region size 2M, 0 eden (0M), 2 survivor (4M), 32 old (64M), 0 humongous (0M), 65 free (130M)
}
Event: 211,062 {heap Before GC invocations=68 (full 0):
 garbage-first heap   total reserved 3997696K, committed 202752K, used 184835K [0x000000070c000000, 0x0000000800000000)
  region size 2M, 57 eden (114M), 2 survivor (4M), 32 old (64M), 0 humongous (0M), 8 free (16M)
}
Event: 211,070 {heap After GC invocations=69 (full 0):
 garbage-first heap   total reserved 3997696K, committed 202752K, used 68261K [0x000000070c000000, 0x0000000800000000)
  region size 2M, 0 eden (0M), 2 survivor (4M), 32 old (64M), 0 humongous (0M), 65 free (130M)
}
Event: 213,794 {heap Before GC invocations=70 (full 0):
 garbage-first heap   total reserved 3997696K, committed 202752K, used 184997K [0x000000070c000000, 0x0000000800000000)
  region size 2M, 57 eden (114M), 2 survivor (4M), 32 old (64M), 0 humongous (0M), 8 free (16M)
}
Event: 213,797 {heap After GC invocations=71 (full 0):
 garbage-first heap   total reserved 3997696K, committed 202752K, used 68219K [0x000000070c000000, 0x0000000800000000)
  region size 2M, 0 eden (0M), 2 survivor (4M), 32 old (64M), 0 humongous (0M), 65 free (130M)
}
Event: 218,743 {heap Before GC invocations=71 (full 0):
 garbage-first heap   total reserved 3997696K, committed 202752K, used 184955K [0x000000070c000000, 0x0000000800000000)
  region size 2M, 57 eden (114M), 2 survivor (4M), 32 old (64M), 0 humongous (0M), 8 free (16M)
}
Event: 218,746 {heap After GC invocations=72 (full 0):
 garbage-first heap   total reserved 3997696K, committed 202752K, used 68056K [0x000000070c000000, 0x0000000800000000)
  region size 2M, 0 eden (0M), 2 survivor (4M), 33 old (66M), 0 humongous (0M), 64 free (128M)
}
Event: 221,636 {heap Before GC invocations=72 (full 0):
 garbage-first heap   total reserved 3997696K, committed 202752K, used 184792K [0x000000070c000000, 0x0000000800000000)
  region size 2M, 57 eden (114M), 2 survivor (4M), 33 old (66M), 0 humongous (0M), 7 free (14M)
}
Event: 221,639 {heap After GC invocations=73 (full 0):
 garbage-first heap   total reserved 3997696K, committed 202752K, used 68286K [0x000000070c000000, 0x0000000800000000)
  region size 2M, 0 eden (0M), 2 survivor (4M), 33 old (66M), 0 humongous (0M), 64 free (128M)
}

Metaspace Usage History (20 events):
Event: 193,994 {metaspace Before GC invocations=60 (full 0):
 Metaspace       used 28251K, committed 28608K, reserved 1114112K
  class space    used 2293K, committed 2496K, reserved 1048576K
}
Event: 193,999 {metaspace After GC invocations=61 (full 0):
 Metaspace       used 28251K, committed 28608K, reserved 1114112K
  class space    used 2293K, committed 2496K, reserved 1048576K
}
Event: 197,055 {metaspace Before GC invocations=62 (full 0):
 Metaspace       used 28284K, committed 28608K, reserved 1114112K
  class space    used 2294K, committed 2496K, reserved 1048576K
}
Event: 197,059 {metaspace After GC invocations=63 (full 0):
 Metaspace       used 28284K, committed 28608K, reserved 1114112K
  class space    used 2294K, committed 2496K, reserved 1048576K
}
Event: 199,074 {metaspace Before GC invocations=63 (full 0):
 Metaspace       used 28310K, committed 28736K, reserved 1114112K
  class space    used 2296K, committed 2496K, reserved 1048576K
}
Event: 199,083 {metaspace After GC invocations=64 (full 0):
 Metaspace       used 28310K, committed 28736K, reserved 1114112K
  class space    used 2296K, committed 2496K, reserved 1048576K
}
Event: 199,333 {metaspace Before GC invocations=64 (full 0):
 Metaspace       used 28378K, committed 28800K, reserved 1114112K
  class space    used 2298K, committed 2496K, reserved 1048576K
}
Event: 199,341 {metaspace After GC invocations=65 (full 0):
 Metaspace       used 28378K, committed 28800K, reserved 1114112K
  class space    used 2298K, committed 2496K, reserved 1048576K
}
Event: 203,353 {metaspace Before GC invocations=66 (full 0):
 Metaspace       used 28421K, committed 28800K, reserved 1114112K
  class space    used 2302K, committed 2496K, reserved 1048576K
}
Event: 203,357 {metaspace After GC invocations=67 (full 0):
 Metaspace       used 28421K, committed 28800K, reserved 1114112K
  class space    used 2302K, committed 2496K, reserved 1048576K
}
Event: 206,995 {metaspace Before GC invocations=67 (full 0):
 Metaspace       used 28437K, committed 28800K, reserved 1114112K
  class space    used 2302K, committed 2496K, reserved 1048576K
}
Event: 207,000 {metaspace After GC invocations=68 (full 0):
 Metaspace       used 28437K, committed 28800K, reserved 1114112K
  class space    used 2302K, committed 2496K, reserved 1048576K
}
Event: 211,062 {metaspace Before GC invocations=68 (full 0):
 Metaspace       used 28487K, committed 28864K, reserved 1114112K
  class space    used 2302K, committed 2496K, reserved 1048576K
}
Event: 211,070 {metaspace After GC invocations=69 (full 0):
 Metaspace       used 28487K, committed 28864K, reserved 1114112K
  class space    used 2302K, committed 2496K, reserved 1048576K
}
Event: 213,794 {metaspace Before GC invocations=70 (full 0):
 Metaspace       used 28498K, committed 28864K, reserved 1114112K
  class space    used 2302K, committed 2496K, reserved 1048576K
}
Event: 213,797 {metaspace After GC invocations=71 (full 0):
 Metaspace       used 28498K, committed 28864K, reserved 1114112K
  class space    used 2302K, committed 2496K, reserved 1048576K
}
Event: 218,743 {metaspace Before GC invocations=71 (full 0):
 Metaspace       used 28532K, committed 28928K, reserved 1114112K
  class space    used 2302K, committed 2496K, reserved 1048576K
}
Event: 218,746 {metaspace After GC invocations=72 (full 0):
 Metaspace       used 28532K, committed 28928K, reserved 1114112K
  class space    used 2302K, committed 2496K, reserved 1048576K
}
Event: 221,636 {metaspace Before GC invocations=72 (full 0):
 Metaspace       used 28541K, committed 28928K, reserved 1114112K
  class space    used 2302K, committed 2496K, reserved 1048576K
}
Event: 221,639 {metaspace After GC invocations=73 (full 0):
 Metaspace       used 28541K, committed 28928K, reserved 1114112K
  class space    used 2302K, committed 2496K, reserved 1048576K
}

Dll operation events (20 events):
Event: 0,046 Attempting to load shared library /tmp/steamworks4j/1.8.0/libsteam_api.so
Event: 0,046 Loaded shared library /tmp/steamworks4j/1.8.0/libsteam_api.so
Event: 0,048 Attempting to load shared library /tmp/steamworks4j/1.8.0/libsteamworks4j.so
Event: 0,048 Loaded shared library /tmp/steamworks4j/1.8.0/libsteamworks4j.so
Event: 0,061 Attempting to load shared library /tmp/libgdxmirtemir/b793cc16/libgdx64.so
Event: 0,061 Loaded shared library /tmp/libgdxmirtemir/b793cc16/libgdx64.so
Event: 0,074 Attempting to load shared library /usr/lib/jvm/java-26-openjdk/lib/libverify.so
Event: 0,074 Loaded shared library /usr/lib/jvm/java-26-openjdk/lib/libverify.so
Event: 0,079 Attempting to load shared library /usr/lib/jvm/java-26-openjdk/lib/libawt.so
Event: 0,079 Loaded shared library /usr/lib/jvm/java-26-openjdk/lib/libawt.so
Event: 0,080 Attempting to load shared library /usr/lib/jvm/java-26-openjdk/lib/libawt_xawt.so
Event: 0,080 Loaded shared library /usr/lib/jvm/java-26-openjdk/lib/libawt_xawt.so
Event: 0,093 Attempting to load shared library /usr/lib/jvm/java-26-openjdk/lib/libfontmanager.so
Event: 0,093 Loaded shared library /usr/lib/jvm/java-26-openjdk/lib/libfontmanager.so
Event: 0,113 Attempting to load shared library /usr/lib/jvm/java-26-openjdk/lib/libjawt.so
Event: 0,113 Loaded shared library /usr/lib/jvm/java-26-openjdk/lib/libjawt.so
Event: 0,114 Attempting to load shared library /tmp/libgdxmirtemir/31ce78a2/liblwjgl64.so
Event: 0,114 Loaded shared library /tmp/libgdxmirtemir/31ce78a2/liblwjgl64.so
Event: 1,802 Attempting to load shared library /tmp/libgdxmirtemir/125b804a/libgdx-freetype64.so
Event: 1,802 Loaded shared library /tmp/libgdxmirtemir/125b804a/libgdx-freetype64.so

Deoptimization events (20 events):
Event: 223,084 Thread 0x00007f7ba837db70 DEOPT PACKING pc=0x00007f7b97c580b4 sp=0x00007f7b55cfd850
Event: 223,084 Thread 0x00007f7ba837db70 DEOPT UNPACKING pc=0x00007f7b9745b879 sp=0x00007f7b55cfd820 mode 2
Event: 223,201 Thread 0x00007f7ba837db70 DEOPT PACKING pc=0x00007f7b90862895 sp=0x00007f7b55cfd750
Event: 223,201 Thread 0x00007f7ba837db70 DEOPT UNPACKING pc=0x00007f7b973872ef sp=0x00007f7b55cfcc68 mode 0
Event: 223,227 Thread 0x00007f7af33b6150 DEOPT PACKING pc=0x00007f7b909665f4 sp=0x00007f7b3b96f6f0
Event: 223,227 Thread 0x00007f7af33b6150 DEOPT UNPACKING pc=0x00007f7b973872ef sp=0x00007f7b3b96ed40 mode 0
Event: 223,905 Thread 0x00007f7af33b6150 Uncommon trap: trap_request=0xffffff66 fr.pc=0x00007f7b97b6bc80 relative=0x0000000000002860
Event: 223,905 Thread 0x00007f7af33b6150 Uncommon trap: reason=loop_limit_check action=maybe_recompile pc=0x00007f7b97b6bc80 method=age.of.civilizations2.jakowski.lukasz.AI.expandToNeutralProvinces_Run(I)V @ 25 c2
Event: 223,905 Thread 0x00007f7af33b6150 DEOPT PACKING pc=0x00007f7b97b6bc80 sp=0x00007f7b3b96f350
Event: 223,905 Thread 0x00007f7af33b6150 DEOPT UNPACKING pc=0x00007f7b9745b879 sp=0x00007f7b3b96f258 mode 2
Event: 223,914 Thread 0x00007f7af33b6150 Uncommon trap: trap_request=0xffffff66 fr.pc=0x00007f7b9843aafc relative=0x000000000000225c
Event: 223,914 Thread 0x00007f7af33b6150 Uncommon trap: reason=loop_limit_check action=maybe_recompile pc=0x00007f7b9843aafc method=age.of.civilizations2.jakowski.lukasz.AI_Style.colonizeProvinces(I)V @ 39 c2
Event: 223,914 Thread 0x00007f7af33b6150 DEOPT PACKING pc=0x00007f7b9843aafc sp=0x00007f7b3b96f360
Event: 223,915 Thread 0x00007f7af33b6150 DEOPT UNPACKING pc=0x00007f7b9745b879 sp=0x00007f7b3b96f318 mode 2
Event: 224,485 Thread 0x00007f7af33b6150 DEOPT PACKING pc=0x00007f7b912b5fec sp=0x00007f7b3b96f2f0
Event: 224,485 Thread 0x00007f7af33b6150 DEOPT UNPACKING pc=0x00007f7b973872ef sp=0x00007f7b3b96ecc0 mode 0
Event: 224,646 Thread 0x00007f7ba837db70 Uncommon trap: trap_request=0xffffff45 fr.pc=0x00007f7b983abae0 relative=0x00000000000000e0
Event: 224,646 Thread 0x00007f7ba837db70 Uncommon trap: reason=unstable_if action=reinterpret pc=0x00007f7b983abae0 method=com.badlogic.gdx.graphics.g2d.SpriteBatch.setProjectionMatrix(Lcom/badlogic/gdx/math/Matrix4;)V @ 4 c2
Event: 224,646 Thread 0x00007f7ba837db70 DEOPT PACKING pc=0x00007f7b983abae0 sp=0x00007f7b55cfd7e0
Event: 224,646 Thread 0x00007f7ba837db70 DEOPT UNPACKING pc=0x00007f7b9745b879 sp=0x00007f7b55cfd7b0 mode 2

Classes loaded (20 events):
Event: 10,945 Loading class sun/util/resources/LocaleData$LocaleDataResourceBundleProvider
Event: 10,945 Loading class java/util/spi/ResourceBundleProvider
Event: 10,945 Loading class java/util/spi/ResourceBundleProvider done
Event: 10,945 Loading class sun/util/resources/LocaleData$LocaleDataResourceBundleProvider done
Event: 10,949 Loading class java/math/BigDecimal
Event: 10,949 Loading class java/math/BigDecimal done
Event: 10,949 Loading class java/text/FieldPosition$Delegate
Event: 10,950 Loading class java/text/FieldPosition$Delegate done
Event: 10,950 Loading class java/text/MessageFormat$Field
Event: 10,950 Loading class java/text/MessageFormat$Field done
Event: 10,957 Loading class jdk/internal/math/FormattedFPDecimal
Event: 10,957 Loading class jdk/internal/math/FormattedFPDecimal done
Event: 45,608 Loading class java/lang/Throwable$WrappedPrintStream
Event: 45,611 Loading class java/lang/Throwable$PrintStreamOrWriter
Event: 45,611 Loading class java/lang/Throwable$PrintStreamOrWriter done
Event: 45,611 Loading class java/lang/Throwable$WrappedPrintStream done
Event: 199,278 Loading class java/nio/charset/UnmappableCharacterException
Event: 199,280 Loading class java/nio/charset/UnmappableCharacterException done
Event: 199,280 Loading class java/util/stream/IntStream
Event: 199,281 Loading class java/util/stream/IntStream done

Classes unloaded (0 events):
No events

Classes redefined (0 events):
No events

Internal exceptions (20 events):
Event: 224,483 Thread 0x00007f7af33b6150 StackOverflowError at 0x00007f7b97fef210
Event: 224,483 Thread 0x00007f7af33b6150 Exception <a 'java/lang/StackOverflowError'{0x00000007134ead60}> (0x00000007134ead60) 
thrown [/usr/src/debug/java-openjdk/jdk26u-jdk-26.0.2-10/src/hotspot/share/runtime/sharedRuntime.cpp, line 732]
Event: 224,483 Thread 0x00007f7af33b6150 StackOverflowError at 0x00007f7b98275e90
Event: 224,483 Thread 0x00007f7af33b6150 Exception <a 'java/lang/StackOverflowError'{0x00000007134f0388}> (0x00000007134f0388) 
thrown [/usr/src/debug/java-openjdk/jdk26u-jdk-26.0.2-10/src/hotspot/share/runtime/sharedRuntime.cpp, line 732]
Event: 224,484 Thread 0x00007f7af33b6150 StackOverflowError at 0x00007f7b97fef210
Event: 224,484 Thread 0x00007f7af33b6150 Exception <a 'java/lang/StackOverflowError'{0x00000007135310d8}> (0x00000007135310d8) 
thrown [/usr/src/debug/java-openjdk/jdk26u-jdk-26.0.2-10/src/hotspot/share/runtime/sharedRuntime.cpp, line 732]
Event: 224,484 Thread 0x00007f7af33b6150 StackOverflowError at 0x00007f7b98275e90
Event: 224,484 Thread 0x00007f7af33b6150 Exception <a 'java/lang/StackOverflowError'{0x0000000713536700}> (0x0000000713536700) 
thrown [/usr/src/debug/java-openjdk/jdk26u-jdk-26.0.2-10/src/hotspot/share/runtime/sharedRuntime.cpp, line 732]
Event: 224,484 Thread 0x00007f7af33b6150 StackOverflowError at 0x00007f7b97fef210
Event: 224,484 Thread 0x00007f7af33b6150 Exception <a 'java/lang/StackOverflowError'{0x0000000713577450}> (0x0000000713577450) 
thrown [/usr/src/debug/java-openjdk/jdk26u-jdk-26.0.2-10/src/hotspot/share/runtime/sharedRuntime.cpp, line 732]
Event: 224,485 Thread 0x00007f7af33b6150 StackOverflowError at 0x00007f7b98275e90
Event: 224,485 Thread 0x00007f7af33b6150 Exception <a 'java/lang/StackOverflowError'{0x000000071357ca78}> (0x000000071357ca78) 
thrown [/usr/src/debug/java-openjdk/jdk26u-jdk-26.0.2-10/src/hotspot/share/runtime/sharedRuntime.cpp, line 732]
Event: 224,487 Thread 0x00007f7af33b6150 StackOverflowError at 0x00007f7b97fef210
Event: 224,487 Thread 0x00007f7af33b6150 Exception <a 'java/lang/StackOverflowError'{0x00000007135be030}> (0x00000007135be030) 
thrown [/usr/src/debug/java-openjdk/jdk26u-jdk-26.0.2-10/src/hotspot/share/runtime/sharedRuntime.cpp, line 732]
Event: 224,487 Thread 0x00007f7af33b6150 StackOverflowError at 0x00007f7b98275e90
Event: 224,487 Thread 0x00007f7af33b6150 Exception <a 'java/lang/StackOverflowError'{0x00000007135c3658}> (0x00000007135c3658) 
thrown [/usr/src/debug/java-openjdk/jdk26u-jdk-26.0.2-10/src/hotspot/share/runtime/sharedRuntime.cpp, line 732]
Event: 224,488 Thread 0x00007f7af33b6150 StackOverflowError at 0x00007f7b97fef210
Event: 224,488 Thread 0x00007f7af33b6150 Exception <a 'java/lang/StackOverflowError'{0x0000000713201a10}> (0x0000000713201a10) 
thrown [/usr/src/debug/java-openjdk/jdk26u-jdk-26.0.2-10/src/hotspot/share/runtime/sharedRuntime.cpp, line 732]
Event: 224,488 Thread 0x00007f7af33b6150 StackOverflowError at 0x00007f7b98275e90
Event: 224,488 Thread 0x00007f7af33b6150 Exception <a 'java/lang/StackOverflowError'{0x0000000713207038}> (0x0000000713207038) 
thrown [/usr/src/debug/java-openjdk/jdk26u-jdk-26.0.2-10/src/hotspot/share/runtime/sharedRuntime.cpp, line 732]

VM Operations (20 events):
Event: 203,353 Executing safepoint VM operation: G1CollectForAllocation (G1 Evacuation Pause)
Event: 203,357 Executing safepoint VM operation: G1CollectForAllocation (G1 Evacuation Pause) done
Event: 206,995 Executing safepoint VM operation: G1CollectForAllocation (G1 Evacuation Pause)
Event: 207,000 Executing safepoint VM operation: G1CollectForAllocation (G1 Evacuation Pause) done
Event: 211,061 Executing safepoint VM operation: G1CollectForAllocation (G1 Evacuation Pause)
Event: 211,070 Executing safepoint VM operation: G1CollectForAllocation (G1 Evacuation Pause) done
Event: 211,117 Executing safepoint VM operation: G1PauseRemark
Event: 211,130 Executing safepoint VM operation: G1PauseRemark done
Event: 211,147 Executing safepoint VM operation: G1PauseCleanup
Event: 211,148 Executing safepoint VM operation: G1PauseCleanup done
Event: 213,794 Executing safepoint VM operation: G1CollectForAllocation (G1 Evacuation Pause)
Event: 213,797 Executing safepoint VM operation: G1CollectForAllocation (G1 Evacuation Pause) done
Event: 218,742 Executing safepoint VM operation: G1CollectForAllocation (G1 Evacuation Pause)
Event: 218,746 Executing safepoint VM operation: G1CollectForAllocation (G1 Evacuation Pause) done
Event: 221,636 Executing safepoint VM operation: G1CollectForAllocation (G1 Evacuation Pause)
Event: 221,639 Executing safepoint VM operation: G1CollectForAllocation (G1 Evacuation Pause) done
Event: 221,675 Executing safepoint VM operation: G1PauseRemark
Event: 221,677 Executing safepoint VM operation: G1PauseRemark done
Event: 221,694 Executing safepoint VM operation: G1PauseCleanup
Event: 221,694 Executing safepoint VM operation: G1PauseCleanup done

Memory protections (20 events):
Event: 224,483 Protecting memory [0x00007f7b3b872000,0x00007f7b3b875000] with protection modes 0
Event: 224,483 Protecting memory [0x00007f7b3b872000,0x00007f7b3b875000] with protection modes 3
Event: 224,483 Protecting memory [0x00007f7b3b872000,0x00007f7b3b875000] with protection modes 0
Event: 224,484 Protecting memory [0x00007f7b3b872000,0x00007f7b3b875000] with protection modes 3
Event: 224,484 Protecting memory [0x00007f7b3b872000,0x00007f7b3b875000] with protection modes 0
Event: 224,484 Protecting memory [0x00007f7b3b872000,0x00007f7b3b875000] with protection modes 3
Event: 224,484 Protecting memory [0x00007f7b3b872000,0x00007f7b3b875000] with protection modes 0
Event: 224,484 Protecting memory [0x00007f7b3b872000,0x00007f7b3b875000] with protection modes 3
Event: 224,484 Protecting memory [0x00007f7b3b872000,0x00007f7b3b875000] with protection modes 0
Event: 224,485 Protecting memory [0x00007f7b3b872000,0x00007f7b3b875000] with protection modes 3
Event: 224,485 Protecting memory [0x00007f7b3b872000,0x00007f7b3b875000] with protection modes 0
Event: 224,487 Protecting memory [0x00007f7b3b872000,0x00007f7b3b875000] with protection modes 3
Event: 224,487 Protecting memory [0x00007f7b3b872000,0x00007f7b3b875000] with protection modes 0
Event: 224,487 Protecting memory [0x00007f7b3b872000,0x00007f7b3b875000] with protection modes 3
Event: 224,487 Protecting memory [0x00007f7b3b872000,0x00007f7b3b875000] with protection modes 0
Event: 224,488 Protecting memory [0x00007f7b3b872000,0x00007f7b3b875000] with protection modes 3
Event: 224,488 Protecting memory [0x00007f7b3b872000,0x00007f7b3b875000] with protection modes 0
Event: 224,488 Protecting memory [0x00007f7b3b872000,0x00007f7b3b875000] with protection modes 3
Event: 224,488 Protecting memory [0x00007f7b3b872000,0x00007f7b3b875000] with protection modes 0
Event: 224,612 Protecting memory [0x00007f7b3b871000,0x00007f7b3b875000] with protection modes 0

Nmethod flushes (20 events):
Event: 221,677 Thread 0x00007f7ba80e03e0 flushing  nmethod 0x00007f7b91adb588
Event: 221,677 Thread 0x00007f7ba80e03e0 flushing  nmethod 0x00007f7b92031288
Event: 221,677 Thread 0x00007f7ba80e03e0 flushing  nmethod 0x00007f7b97e81088
Event: 221,677 Thread 0x00007f7ba80e03e0 flushing  nmethod 0x00007f7b8ff2ab88
Event: 221,677 Thread 0x00007f7ba80e03e0 flushing  nmethod 0x00007f7b90082e88
Event: 221,677 Thread 0x00007f7ba80e03e0 flushing  nmethod 0x00007f7b901f0a08
Event: 221,677 Thread 0x00007f7ba80e03e0 flushing  nmethod 0x00007f7b905da488
Event: 221,677 Thread 0x00007f7ba80e03e0 flushing  nmethod 0x00007f7b90d8dd08
Event: 221,677 Thread 0x00007f7ba80e03e0 flushing  nmethod 0x00007f7b915cfb08
Event: 221,677 Thread 0x00007f7ba80e03e0 flushing  nmethod 0x00007f7b980c5808
Event: 221,677 Thread 0x00007f7ba80e03e0 flushing  nmethod 0x00007f7b90137e88
Event: 221,677 Thread 0x00007f7ba80e03e0 flushing  nmethod 0x00007f7b9013f208
Event: 221,677 Thread 0x00007f7ba80e03e0 flushing  nmethod 0x00007f7b90146c08
Event: 221,677 Thread 0x00007f7ba80e03e0 flushing osr nmethod 0x00007f7b9032ab88
Event: 221,677 Thread 0x00007f7ba80e03e0 flushing  nmethod 0x00007f7b908ebb08
Event: 221,677 Thread 0x00007f7ba80e03e0 flushing  nmethod 0x00007f7b908f2b08
Event: 221,677 Thread 0x00007f7ba80e03e0 flushing  nmethod 0x00007f7b90902888
Event: 221,677 Thread 0x00007f7ba80e03e0 flushing  nmethod 0x00007f7b90903908
Event: 221,677 Thread 0x00007f7ba80e03e0 flushing  nmethod 0x00007f7b90baaa08
Event: 221,677 Thread 0x00007f7ba80e03e0 flushing  nmethod 0x00007f7b90baed08

Events (20 events):
Event: 222,141 Thread 0x00007f7af33b6150 Thread exited: 0x00007f7af33b6150
Event: 222,169 Thread 0x00007f7ba837db70 Thread added: 0x00007f7af33b6150
Event: 222,516 Thread 0x00007f7af33b6150 Thread exited: 0x00007f7af33b6150
Event: 222,568 Thread 0x00007f7ba837db70 Thread added: 0x00007f7af33b6150
Event: 222,609 Thread 0x00007f7af33b6150 Thread exited: 0x00007f7af33b6150
Event: 222,695 Thread 0x00007f7ba837db70 Thread added: 0x00007f7af33b6150
Event: 223,031 Thread 0x00007f7af33b6150 Thread exited: 0x00007f7af33b6150
Event: 223,064 Thread 0x00007f7ba837db70 Thread added: 0x00007f7af33b6150
Event: 223,099 Thread 0x00007f7af33b6150 Thread exited: 0x00007f7af33b6150
Event: 223,227 Thread 0x00007f7ba837db70 Thread added: 0x00007f7af33b6150
Event: 223,548 Thread 0x00007f7af33b6150 Thread exited: 0x00007f7af33b6150
Event: 223,583 Thread 0x00007f7ba837db70 Thread added: 0x00007f7af33b6150
Event: 223,621 Thread 0x00007f7af33b6150 Thread exited: 0x00007f7af33b6150
Event: 223,710 Thread 0x00007f7ba837db70 Thread added: 0x00007f7af33b6150
Event: 224,043 Thread 0x00007f7af33b6150 Thread exited: 0x00007f7af33b6150
Event: 224,082 Thread 0x00007f7ba837db70 Thread added: 0x00007f7af33b6150
Event: 224,131 Thread 0x00007f7af33b6150 Thread exited: 0x00007f7af33b6150
Event: 224,242 Thread 0x00007f7ba837db70 Thread added: 0x00007f7af33b6150
Event: 224,574 Thread 0x00007f7af33b6150 Thread exited: 0x00007f7af33b6150
Event: 224,610 Thread 0x00007f7ba837db70 Thread added: 0x00007f7af33b6150


Dynamic libraries:
42000000-42001000 ---p 00000000 00:00 0 
42001000-42da7000 rw-p 00001000 00:23 2947433                            /usr/lib/jvm/java-26-openjdk/lib/server/classes.jsa
42da7000-43000000 ---p 00000000 00:00 0 
43000000-43040000 rw-p 00000000 00:00 0 
43040000-430c0000 rw-p 00000000 00:00 0 
430c0000-430e0000 rw-p 00000000 00:00 0 
430e0000-43100000 ---p 00000000 00:00 0 
43100000-43290000 rw-p 00000000 00:00 0 
43290000-83000000 ---p 00000000 00:00 0 
70c000000-718200000 rw-p 00000000 00:00 0 
718200000-7ffc00000 ---p 00000000 00:00 0 
7ffc00000-800000000 rw-p 00000000 00:00 0 
55949d909000-55949d90a000 r--p 00000000 00:23 2947161                    /usr/lib/jvm/java-26-openjdk/bin/java
55949d90a000-55949d90b000 r-xp 00001000 00:23 2947161                    /usr/lib/jvm/java-26-openjdk/bin/java
55949d90b000-55949d90c000 r--p 00002000 00:23 2947161                    /usr/lib/jvm/java-26-openjdk/bin/java
55949d90c000-55949d90d000 r--p 00002000 00:23 2947161                    /usr/lib/jvm/java-26-openjdk/bin/java
55949d90d000-55949d90e000 rw-p 00003000 00:23 2947161                    /usr/lib/jvm/java-26-openjdk/bin/java
5594c2dbd000-5594c6bda000 rw-p 00000000 00:00 0                          [heap]
7f7ac0000000-7f7ac2d16000 rw-p 00000000 00:00 0 
7f7ac2d16000-7f7ac4000000 ---p 00000000 00:00 0 
7f7ac8000000-7f7acaf9f000 rw-p 00000000 00:00 0 
7f7acaf9f000-7f7acc000000 ---p 00000000 00:00 0 
7f7acc000000-7f7acfc5a000 rw-p 00000000 00:00 0 
7f7acfc5a000-7f7ad0000000 ---p 00000000 00:00 0 
7f7ad0000000-7f7ad3f10000 rw-p 00000000 00:00 0 
7f7ad3f10000-7f7ad4000000 ---p 00000000 00:00 0 
7f7ad4000000-7f7ad7ff8000 rw-p 00000000 00:00 0 
7f7ad7ff8000-7f7ad8000000 ---p 00000000 00:00 0 
7f7ad8000000-7f7adbd0e000 rw-p 00000000 00:00 0 
7f7adbd0e000-7f7adc000000 ---p 00000000 00:00 0 
7f7ae0000000-7f7ae3210000 rw-p 00000000 00:00 0 
7f7ae3210000-7f7ae4000000 ---p 00000000 00:00 0 
7f7ae8000000-7f7aebff9000 rw-p 00000000 00:00 0 
7f7aebff9000-7f7aec000000 ---p 00000000 00:00 0 
7f7aec000000-7f7af0000000 rw-p 00000000 00:00 0 
7f7af0000000-7f7af3ffc000 rw-p 00000000 00:00 0 
7f7af3ffc000-7f7af4000000 ---p 00000000 00:00 0 
7f7af8000000-7f7afbffb000 rw-p 00000000 00:00 0 
7f7afbffb000-7f7afc000000 ---p 00000000 00:00 0 
7f7afc000000-7f7affffc000 rw-p 00000000 00:00 0 
7f7affffc000-7f7b00000000 ---p 00000000 00:00 0 
7f7b00000000-7f7b03fd3000 rw-p 00000000 00:00 0 
7f7b03fd3000-7f7b04000000 ---p 00000000 00:00 0 
7f7b04000000-7f7b07fe3000 rw-p 00000000 00:00 0 
7f7b07fe3000-7f7b08000000 ---p 00000000 00:00 0 
7f7b08000000-7f7b0bff2000 rw-p 00000000 00:00 0 
7f7b0bff2000-7f7b0c000000 ---p 00000000 00:00 0 
7f7b10000000-7f7b13ff3000 rw-p 00000000 00:00 0 
7f7b13ff3000-7f7b14000000 ---p 00000000 00:00 0 
7f7b14000000-7f7b17f91000 rw-p 00000000 00:00 0 
7f7b17f91000-7f7b18000000 ---p 00000000 00:00 0 
7f7b18000000-7f7b1be33000 rw-p 00000000 00:00 0 
7f7b1be33000-7f7b1c000000 ---p 00000000 00:00 0 
7f7b1c000000-7f7b1fef5000 rw-p 00000000 00:00 0 
7f7b1fef5000-7f7b20000000 ---p 00000000 00:00 0 
7f7b20000000-7f7b237ff000 rw-p 00000000 00:00 0 
7f7b237ff000-7f7b24000000 ---p 00000000 00:00 0 
7f7b2757e000-7f7b28e5e000 rw-p 00000000 00:00 0 
7f7b2a720000-7f7b2ffd5000 rw-p 00000000 00:00 0 
7f7b2ffd5000-7f7b30000000 ---p 00000000 00:00 0 
7f7b31200000-7f7b312aa000 r-xp 00000000 00:3b 1945                       /tmp/libgdxmirtemir/125b804a/libgdx-freetype64.so
7f7b312aa000-7f7b314aa000 ---p 000aa000 00:3b 1945                       /tmp/libgdxmirtemir/125b804a/libgdx-freetype64.so
7f7b314aa000-7f7b314b0000 r--p 000aa000 00:3b 1945                       /tmp/libgdxmirtemir/125b804a/libgdx-freetype64.so
7f7b314b0000-7f7b314b1000 rw-p 000b0000 00:3b 1945                       /tmp/libgdxmirtemir/125b804a/libgdx-freetype64.so
7f7b315c7000-7f7b3b428000 rw-p 00000000 00:00 0 
7f7b3b46c000-7f7b3b46d000 rw-p 00000000 00:00 0 
7f7b3b46d000-7f7b3b471000 ---p 00000000 00:00 0 
7f7b3b471000-7f7b3b56e000 rw-p 00000000 00:00 0 
7f7b3b56e000-7f7b3b572000 ---p 00000000 00:00 0 
7f7b3b572000-7f7b3b66f000 rw-p 00000000 00:00 0 
7f7b3b66f000-7f7b3b673000 ---p 00000000 00:00 0 
7f7b3b673000-7f7b3b770000 rw-p 00000000 00:00 0 
7f7b3b770000-7f7b3b774000 ---p 00000000 00:00 0 
7f7b3b774000-7f7b3b871000 rw-p 00000000 00:00 0 
7f7b3b871000-7f7b3b875000 ---p 00000000 00:00 0 
7f7b3b875000-7f7b3b971000 rw-p 00000000 00:00 0 
7f7b3b971000-7f7b3c400000 rw-p 00000000 00:00 0 
7f7b3c400000-7f7b3ce00000 rwxp 00000000 00:00 0 
7f7b3ce14000-7f7b3d016000 rw-p 00000000 00:00 0 
7f7b3d016000-7f7b3d800000 rw-p 00000000 00:00 0 
7f7b3d800000-7f7b3dff8000 rw-s 00000000 00:01 262164                     /SYSV00000000 (deleted)
7f7b3dfff000-7f7b3e800000 rw-p 00000000 00:00 0 
7f7b3e800000-7f7b3ea01000 rw-s 00000000 00:23 21655901                   /home/mirtemir/.cache/mesa_shader_cache/index
7f7b3eaef000-7f7b46c00000 rw-p 00000000 00:00 0 
7f7b46c00000-7f7b48b94000 r--p 00000000 00:23 22647                      /usr/lib/libicudata.so.78.3
7f7b48b94000-7f7b48b95000 r--p 01f93000 00:23 22647                      /usr/lib/libicudata.so.78.3
7f7b48c00000-7f7b48c48000 r--p 00000000 00:23 22662                      /usr/lib/libicuuc.so.78.3
7f7b48c48000-7f7b48d9e000 r-xp 00048000 00:23 22662                      /usr/lib/libicuuc.so.78.3
7f7b48d9e000-7f7b48e38000 r--p 0019e000 00:23 22662                      /usr/lib/libicuuc.so.78.3
7f7b48e38000-7f7b48e4b000 r--p 00238000 00:23 22662                      /usr/lib/libicuuc.so.78.3
7f7b48e4b000-7f7b48e4c000 rw-p 0024b000 00:23 22662                      /usr/lib/libicuuc.so.78.3
7f7b48e4c000-7f7b48e4e000 rw-p 00000000 00:00 0 
7f7b48ea2000-7f7b48ea3000 r--p 00000000 00:00 0 
7f7b48ea3000-7f7b48ea4000 r-xp 00000000 00:00 0 
7f7b48ea4000-7f7b48ea5000 r--p 00000000 00:00 0 
7f7b48ea5000-7f7b48ea6000 r-xp 00000000 00:00 0 
7f7b48ea6000-7f7b48ea7000 rw-p 00000000 00:00 0 
7f7b48ea7000-7f7b48ea8000 r--p 00000000 00:00 0 
7f7b48ea8000-7f7b48ea9000 r-xp 00000000 00:00 0 
7f7b48ea9000-7f7b48ec3000 r--p 00000000 00:23 713814                     /usr/lib/libxml2.so.16.1.3
7f7b48ec3000-7f7b48fc1000 r-xp 0001a000 00:23 713814                     /usr/lib/libxml2.so.16.1.3
7f7b48fc1000-7f7b49008000 r--p 00118000 00:23 713814                     /usr/lib/libxml2.so.16.1.3
7f7b49008000-7f7b49011000 r--p 0015f000 00:23 713814                     /usr/lib/libxml2.so.16.1.3
7f7b49011000-7f7b49012000 rw-p 00168000 00:23 713814                     /usr/lib/libxml2.so.16.1.3
7f7b49012000-7f7b49013000 rw-p 00000000 00:00 0 
7f7b49013000-7f7b4902c000 r--p 00000000 00:23 3186374                    /usr/lib/libSPIRV-Tools.so
7f7b4902c000-7f7b49175000 r-xp 00019000 00:23 3186374                    /usr/lib/libSPIRV-Tools.so
7f7b49175000-7f7b491fc000 r--p 00162000 00:23 3186374                    /usr/lib/libSPIRV-Tools.so
7f7b491fc000-7f7b491ff000 r--p 001e9000 00:23 3186374                    /usr/lib/libSPIRV-Tools.so
7f7b491ff000-7f7b49200000 rw-p 001ec000 00:23 3186374                    /usr/lib/libSPIRV-Tools.so
7f7b49200000-7f7b4d530000 r--p 00000000 00:23 2455173                    /usr/lib/libLLVM.so.22.1
7f7b4d530000-7f7b51df2000 r-xp 0432f000 00:23 2455173                    /usr/lib/libLLVM.so.22.1
7f7b51df2000-7f7b5201a000 r--p 08bf0000 00:23 2455173                    /usr/lib/libLLVM.so.22.1
7f7b5201a000-7f7b52024000 rw-p 08e17000 00:23 2455173                    /usr/lib/libLLVM.so.22.1
7f7b52024000-7f7b520d1000 rw-p 00000000 00:00 0 
7f7b520d1000-7f7b520d2000 r--p 00000000 00:00 0 
7f7b520d2000-7f7b520d3000 r-xp 00000000 00:00 0 
7f7b520d3000-7f7b520d4000 rw-p 00000000 00:00 0 
7f7b520d4000-7f7b520d5000 r--p 00000000 00:00 0 
7f7b520d5000-7f7b520d7000 r-xp 00000000 00:00 0 
7f7b520d7000-7f7b520d8000 rw-p 00000000 00:00 0 
7f7b520d8000-7f7b520d9000 r--p 00000000 00:00 0 
7f7b520d9000-7f7b520db000 r-xp 00000000 00:00 0 
7f7b520db000-7f7b520dc000 rw-p 00000000 00:00 0 
7f7b520dc000-7f7b520dd000 r--p 00000000 00:00 0 
7f7b520dd000-7f7b520df000 r-xp 00000000 00:00 0 
7f7b520df000-7f7b520e0000 rw-p 00000000 00:00 0 
7f7b520e0000-7f7b520e1000 r--p 00000000 00:00 0 
7f7b520e1000-7f7b520e3000 r-xp 00000000 00:00 0 
7f7b520e3000-7f7b520e4000 rw-p 00000000 00:00 0 
7f7b520e4000-7f7b520e5000 r--p 00000000 00:00 0 
7f7b520e5000-7f7b520e7000 r-xp 00000000 00:00 0 
7f7b520e7000-7f7b520e8000 rw-p 00000000 00:00 0 
7f7b520e8000-7f7b520ea000 r--p 00000000 00:00 0 
7f7b520ea000-7f7b520eb000 r-xp 00000000 00:00 0 
7f7b520eb000-7f7b520ec000 rw-p 00000000 00:00 0 
7f7b520ec000-7f7b520ee000 r-xp 00000000 00:00 0 
7f7b520ee000-7f7b520ef000 rw-p 00000000 00:00 0 
7f7b520ef000-7f7b520f0000 r--p 00000000 00:00 0 
7f7b520f0000-7f7b520f1000 r-xp 00000000 00:00 0 
7f7b520f1000-7f7b520f2000 rw-p 00000000 00:00 0 
7f7b520f2000-7f7b520f3000 r--p 00000000 00:00 0 
7f7b520f3000-7f7b520f4000 r-xp 00000000 00:00 0 
7f7b520f4000-7f7b520f5000 rw-p 00000000 00:00 0 
7f7b520f5000-7f7b520f6000 r--p 00000000 00:00 0 
7f7b520f6000-7f7b520f7000 r-xp 00000000 00:00 0 
7f7b520f7000-7f7b520f8000 r--p 00000000 00:00 0 
7f7b520f8000-7f7b520f9000 r-xp 00000000 00:00 0 
7f7b520f9000-7f7b520fa000 rw-p 00000000 00:00 0 
7f7b520fa000-7f7b520fb000 r--p 00000000 00:00 0 
7f7b520fb000-7f7b520fc000 r-xp 00000000 00:00 0 
7f7b520fc000-7f7b520fd000 r--p 00000000 00:00 0 
7f7b520fd000-7f7b520fe000 rw-p 00000000 00:00 0 
7f7b520fe000-7f7b520ff000 r-xp 00000000 00:00 0 
7f7b520ff000-7f7b52100000 r--p 00000000 00:00 0 
7f7b52100000-7f7b52101000 r-xp 00000000 00:00 0 
7f7b52101000-7f7b52102000 rw-p 00000000 00:00 0 
7f7b52102000-7f7b52103000 r--p 00000000 00:00 0 
7f7b52103000-7f7b52104000 r-xp 00000000 00:00 0 
7f7b52104000-7f7b52105000 rw-p 00000000 00:00 0 
7f7b52105000-7f7b52106000 r--p 00000000 00:00 0 
7f7b52106000-7f7b52107000 r-xp 00000000 00:00 0 
7f7b52107000-7f7b52108000 rw-p 00000000 00:00 0 
7f7b52108000-7f7b52109000 r--p 00000000 00:00 0 
7f7b52109000-7f7b5210a000 r-xp 00000000 00:00 0 
7f7b5210a000-7f7b5210b000 rw-p 00000000 00:00 0 
7f7b5210b000-7f7b5210c000 r--p 00000000 00:00 0 
7f7b5210c000-7f7b5210d000 r-xp 00000000 00:00 0 
7f7b5210d000-7f7b5210e000 r--p 00000000 00:00 0 
7f7b5210e000-7f7b5210f000 r-xp 00000000 00:00 0 
7f7b5210f000-7f7b52110000 rw-p 00000000 00:00 0 
7f7b52110000-7f7b52111000 r--p 00000000 00:00 0 
7f7b52111000-7f7b52112000 r-xp 00000000 00:00 0 
7f7b52112000-7f7b52113000 rw-p 00000000 00:00 0 
7f7b52113000-7f7b52114000 r--p 00000000 00:00 0 
7f7b52114000-7f7b52115000 r-xp 00000000 00:00 0 
7f7b52115000-7f7b52116000 rw-p 00000000 00:00 0 
7f7b52116000-7f7b52117000 r--p 00000000 00:00 0 
7f7b52117000-7f7b52118000 r-xp 00000000 00:00 0 
7f7b52118000-7f7b52119000 rw-p 00000000 00:00 0 
7f7b52119000-7f7b5211a000 r--p 00000000 00:00 0 
7f7b5211a000-7f7b5211b000 r-xp 00000000 00:00 0 
7f7b5211b000-7f7b5211c000 rw-p 00000000 00:00 0 
7f7b5211c000-7f7b5211d000 r--p 00000000 00:00 0 
7f7b5211d000-7f7b5211e000 rw-p 00000000 00:00 0 
7f7b5211e000-7f7b5211f000 r-xp 00000000 00:00 0 
7f7b5211f000-7f7b52120000 r--p 00000000 00:00 0 
7f7b52120000-7f7b52121000 r-xp 00000000 00:00 0 
7f7b52121000-7f7b52122000 rw-p 00000000 00:00 0 
7f7b52122000-7f7b52123000 r--p 00000000 00:00 0 
7f7b52123000-7f7b52124000 r-xp 00000000 00:00 0 
7f7b52124000-7f7b52125000 rw-p 00000000 00:00 0 
7f7b52125000-7f7b52126000 r--p 00000000 00:00 0 
7f7b52126000-7f7b52127000 r-xp 00000000 00:00 0 
7f7b52127000-7f7b52128000 rw-p 00000000 00:00 0 
7f7b52128000-7f7b52129000 r--p 00000000 00:00 0 
7f7b52129000-7f7b5212a000 r-xp 00000000 00:00 0 
7f7b5212a000-7f7b5212b000 rw-p 00000000 00:00 0 
7f7b5212b000-7f7b5212c000 r--p 00000000 00:00 0 
7f7b5212c000-7f7b5212d000 rw-p 00000000 00:00 0 
7f7b5212d000-7f7b5212e000 r-xp 00000000 00:00 0 
7f7b5212e000-7f7b5212f000 r--p 00000000 00:00 0 
7f7b5212f000-7f7b52130000 r-xp 00000000 00:00 0 
7f7b52130000-7f7b52131000 rw-p 00000000 00:00 0 
7f7b52131000-7f7b5213e000 r--p 00000000 00:23 5102                       /usr/lib/libncursesw.so.6.6
7f7b5213e000-7f7b52196000 r-xp 0000d000 00:23 5102                       /usr/lib/libncursesw.so.6.6
7f7b52196000-7f7b521ae000 r--p 00065000 00:23 5102                       /usr/lib/libncursesw.so.6.6
7f7b521ae000-7f7b521b3000 r--p 0007c000 00:23 5102                       /usr/lib/libncursesw.so.6.6
7f7b521b3000-7f7b521b4000 rw-p 00081000 00:23 5102                       /usr/lib/libncursesw.so.6.6
7f7b521b4000-7f7b521ba000 r--p 00000000 00:23 1298937                    /usr/lib/libedit.so.0.0.78
7f7b521ba000-7f7b521eb000 r-xp 00006000 00:23 1298937                    /usr/lib/libedit.so.0.0.78
7f7b521eb000-7f7b521f9000 r--p 00037000 00:23 1298937                    /usr/lib/libedit.so.0.0.78
7f7b521f9000-7f7b521fc000 r--p 00044000 00:23 1298937                    /usr/lib/libedit.so.0.0.78
7f7b521fc000-7f7b521fd000 rw-p 00047000 00:23 1298937                    /usr/lib/libedit.so.0.0.78
7f7b521fd000-7f7b52200000 rw-p 00000000 00:00 0 
7f7b52200000-7f7b5221b000 r--p 00000000 00:23 3449444                    /usr/lib/libgallium-26.2.1-arch3.1.so
7f7b5221b000-7f7b5428c000 r-xp 0001b000 00:23 3449444                    /usr/lib/libgallium-26.2.1-arch3.1.so
7f7b5428c000-7f7b55532000 r--p 0208c000 00:23 3449444                    /usr/lib/libgallium-26.2.1-arch3.1.so
7f7b55532000-7f7b556b0000 r--p 03331000 00:23 3449444                    /usr/lib/libgallium-26.2.1-arch3.1.so
7f7b556b0000-7f7b556ee000 rw-p 034af000 00:23 3449444                    /usr/lib/libgallium-26.2.1-arch3.1.so
7f7b556ee000-7f7b558bc000 rw-p 00000000 00:00 0 
7f7b558bc000-7f7b558bd000 r--p 00000000 00:00 0 
7f7b558bd000-7f7b558be000 r-xp 00000000 00:00 0 
7f7b558be000-7f7b558bf000 rw-p 00000000 00:00 0 
7f7b558bf000-7f7b558c0000 r--p 00000000 00:00 0 
7f7b558c0000-7f7b558c1000 r-xp 00000000 00:00 0 
7f7b558c1000-7f7b558c2000 rw-p 00000000 00:00 0 
7f7b558c2000-7f7b558c3000 r--p 00000000 00:00 0 
7f7b558c3000-7f7b558c4000 r-xp 00000000 00:00 0 
7f7b558c4000-7f7b558c5000 rw-p 00000000 00:00 0 
7f7b558c5000-7f7b558c6000 r--p 00000000 00:00 0 
7f7b558c6000-7f7b558c7000 r-xp 00000000 00:00 0 
7f7b558c7000-7f7b558c8000 r--p 00000000 00:00 0 
7f7b558c8000-7f7b558c9000 r-xp 00000000 00:00 0 
7f7b558c9000-7f7b558ca000 r--p 00000000 00:00 0 
7f7b558ca000-7f7b558cb000 r-xp 00000000 00:00 0 
7f7b558cb000-7f7b558cc000 rw-p 00000000 00:00 0 
7f7b558cc000-7f7b558cd000 r--p 00000000 00:00 0 
7f7b558cd000-7f7b558ce000 rw-p 00000000 00:00 0 
7f7b558ce000-7f7b558cf000 r-xp 00000000 00:00 0 
7f7b558cf000-7f7b558d0000 r--p 00000000 00:00 0 
7f7b558d0000-7f7b558d1000 r-xp 00000000 00:00 0 
7f7b558d1000-7f7b558d2000 rw-p 00000000 00:00 0 
7f7b558d2000-7f7b558d3000 r--p 00000000 00:00 0 
7f7b558d3000-7f7b558d4000 rw-p 00000000 00:00 0 
7f7b558d4000-7f7b558d5000 r-xp 00000000 00:00 0 
7f7b558d5000-7f7b558d6000 r--p 00000000 00:00 0 
7f7b558d6000-7f7b558d7000 r-xp 00000000 00:00 0 
7f7b558d7000-7f7b558d8000 rw-p 00000000 00:00 0 
7f7b558d8000-7f7b558d9000 r--p 00000000 00:00 0 
7f7b558d9000-7f7b558da000 rw-p 00000000 00:00 0 
7f7b558da000-7f7b558dc000 r--p 00000000 00:23 3183693                    /usr/lib/libffi.so.8.5.0
7f7b558dc000-7f7b558e5000 r-xp 00002000 00:23 3183693                    /usr/lib/libffi.so.8.5.0
7f7b558e5000-7f7b558e7000 r--p 0000b000 00:23 3183693                    /usr/lib/libffi.so.8.5.0
7f7b558e7000-7f7b558e8000 r--p 0000c000 00:23 3183693                    /usr/lib/libffi.so.8.5.0
7f7b558e8000-7f7b558e9000 rw-p 0000d000 00:23 3183693                    /usr/lib/libffi.so.8.5.0
7f7b558e9000-7f7b558f4000 r--p 00000000 00:23 16834                      /usr/lib/libzstd.so.1.5.7
7f7b558f4000-7f7b559e4000 r-xp 0000b000 00:23 16834                      /usr/lib/libzstd.so.1.5.7
7f7b559e4000-7f7b559fa000 r--p 000fb000 00:23 16834                      /usr/lib/libzstd.so.1.5.7
7f7b559fa000-7f7b559fb000 r--p 00110000 00:23 16834                      /usr/lib/libzstd.so.1.5.7
7f7b559fb000-7f7b559fc000 rw-p 00111000 00:23 16834                      /usr/lib/libzstd.so.1.5.7
7f7b559fc000-7f7b55bff000 rw-p 00000000 00:00 0 
7f7b55bff000-7f7b55c03000 ---p 00000000 00:00 0 
7f7b55c03000-7f7b55e00000 rw-p 00000000 00:00 0 
7f7b55e00000-7f7b59e00000 rw-s 00000000 00:01 30110                      /memfd:pulseaudio (deleted)
7f7b59e00000-7f7b59e01000 r-xp 00000000 00:00 0 
7f7b59e01000-7f7b59e02000 r--p 00000000 00:00 0 
7f7b59e02000-7f7b59e03000 r-xp 00000000 00:00 0 
7f7b59e03000-7f7b59e04000 r--p 00000000 00:00 0 
7f7b59e04000-7f7b59e05000 r-xp 00000000 00:00 0 
7f7b59e05000-7f7b59e06000 r--p 00000000 00:00 0 
7f7b59e06000-7f7b59e09000 r--p 00000000 00:23 1472431                    /usr/lib/libdrm_intel.so.1.134.0
7f7b59e09000-7f7b59e24000 r-xp 00003000 00:23 1472431                    /usr/lib/libdrm_intel.so.1.134.0
7f7b59e24000-7f7b59e2e000 r--p 0001e000 00:23 1472431                    /usr/lib/libdrm_intel.so.1.134.0
7f7b59e2e000-7f7b59e2f000 r--p 00028000 00:23 1472431                    /usr/lib/libdrm_intel.so.1.134.0
7f7b59e2f000-7f7b59e30000 rw-p 00029000 00:23 1472431                    /usr/lib/libdrm_intel.so.1.134.0
7f7b59e30000-7f7b59e33000 r--p 00000000 00:23 3393268                    /usr/lib/libelf-0.196.so
7f7b59e33000-7f7b59e47000 r-xp 00003000 00:23 3393268                    /usr/lib/libelf-0.196.so
7f7b59e47000-7f7b59e4c000 r--p 00017000 00:23 3393268                    /usr/lib/libelf-0.196.so
7f7b59e4c000-7f7b59e4d000 r--p 0001b000 00:23 3393268                    /usr/lib/libelf-0.196.so
7f7b59e4d000-7f7b59e4e000 rw-p 0001c000 00:23 3393268                    /usr/lib/libelf-0.196.so
7f7b59e4e000-7f7b59e50000 r--p 00000000 00:23 3183318                    /usr/lib/libexpat.so.1.12.3
7f7b59e50000-7f7b59e79000 r-xp 00002000 00:23 3183318                    /usr/lib/libexpat.so.1.12.3
7f7b59e79000-7f7b59e82000 r--p 0002b000 00:23 3183318                    /usr/lib/libexpat.so.1.12.3
7f7b59e82000-7f7b59e84000 r--p 00033000 00:23 3183318                    /usr/lib/libexpat.so.1.12.3
7f7b59e84000-7f7b59e85000 rw-p 00035000 00:23 3183318                    /usr/lib/libexpat.so.1.12.3
7f7b59e85000-7f7b59e87000 r--p 00000000 00:23 129284                     /usr/lib/libGLdispatch.so.0.0.0
7f7b59e87000-7f7b59ec6000 r-xp 00002000 00:23 129284                     /usr/lib/libGLdispatch.so.0.0.0
7f7b59ec6000-7f7b59ed9000 r--p 00041000 00:23 129284                     /usr/lib/libGLdispatch.so.0.0.0
7f7b59ed9000-7f7b59ef5000 r--p 00054000 00:23 129284                     /usr/lib/libGLdispatch.so.0.0.0
7f7b59ef5000-7f7b59ef6000 rw-p 00070000 00:23 129284                     /usr/lib/libGLdispatch.so.0.0.0
7f7b59ef6000-7f7b59efe000 rw-p 00000000 00:00 0 
7f7b59efe000-7f7b5a6ff000 rw-p 00000000 00:00 0 
7f7b5a6ff000-7f7b5a704000 r--p 00000000 00:23 3182523                    /usr/lib/libmvec.so.1
7f7b5a704000-7f7b5a727000 r-xp 00005000 00:23 3182523                    /usr/lib/libmvec.so.1
7f7b5a727000-7f7b5a7fe000 r--p 00028000 00:23 3182523                    /usr/lib/libmvec.so.1
7f7b5a7fe000-7f7b5a7ff000 r--p 000ff000 00:23 3182523                    /usr/lib/libmvec.so.1
7f7b5a7ff000-7f7b5a800000 rw-p 00100000 00:23 3182523                    /usr/lib/libmvec.so.1
7f7b5a800000-7f7b5a803000 r--p 00000000 00:23 163438                     /usr/lib/libopus.so.0.11.1
7f7b5a803000-7f7b5a8bb000 r-xp 00003000 00:23 163438                     /usr/lib/libopus.so.0.11.1
7f7b5a8bb000-7f7b5ac38000 r--p 000bb000 00:23 163438                     /usr/lib/libopus.so.0.11.1
7f7b5ac38000-7f7b5ac3c000 r--p 00437000 00:23 163438                     /usr/lib/libopus.so.0.11.1
7f7b5ac3c000-7f7b5ac3d000 rw-p 0043b000 00:23 163438                     /usr/lib/libopus.so.0.11.1
7f7b5ac3d000-7f7b5ac3e000 r-xp 00000000 00:00 0 
7f7b5ac3e000-7f7b5ac3f000 rw-p 00000000 00:00 0 
7f7b5ac3f000-7f7b5ac40000 r--p 00000000 00:00 0 
7f7b5ac40000-7f7b5ac41000 r-xp 00000000 00:00 0 
7f7b5ac41000-7f7b5ac42000 r--p 00000000 00:00 0 
7f7b5ac42000-7f7b5ac43000 r-xp 00000000 00:00 0 
7f7b5ac43000-7f7b5ac44000 r--p 00000000 00:00 0 
7f7b5ac44000-7f7b5ac45000 r-xp 00000000 00:00 0 
7f7b5ac45000-7f7b5ac48000 r--p 00000000 00:23 1472428                    /usr/lib/libdrm_amdgpu.so.1.134.0
7f7b5ac48000-7f7b5ac4f000 r-xp 00003000 00:23 1472428                    /usr/lib/libdrm_amdgpu.so.1.134.0
7f7b5ac4f000-7f7b5ac51000 r--p 0000a000 00:23 1472428                    /usr/lib/libdrm_amdgpu.so.1.134.0
7f7b5ac51000-7f7b5ac52000 r--p 0000c000 00:23 1472428                    /usr/lib/libdrm_amdgpu.so.1.134.0
7f7b5ac52000-7f7b5ac53000 rw-p 0000d000 00:23 1472428                    /usr/lib/libdrm_amdgpu.so.1.134.0
7f7b5ac53000-7f7b5ac58000 r--p 00000000 00:23 3449443                    /usr/lib/libGLX_mesa.so.0.0.0
7f7b5ac58000-7f7b5ac9a000 r-xp 00005000 00:23 3449443                    /usr/lib/libGLX_mesa.so.0.0.0
7f7b5ac9a000-7f7b5acab000 r--p 00047000 00:23 3449443                    /usr/lib/libGLX_mesa.so.0.0.0
7f7b5acab000-7f7b5acaf000 r--p 00058000 00:23 3449443                    /usr/lib/libGLX_mesa.so.0.0.0
7f7b5acaf000-7f7b5acb0000 rw-p 0005c000 00:23 3449443                    /usr/lib/libGLX_mesa.so.0.0.0
7f7b5acb0000-7f7b5acdf000 r--p 00000000 00:23 129275                     /usr/lib/libGL.so.1.7.0
7f7b5acdf000-7f7b5acfe000 r-xp 0002f000 00:23 129275                     /usr/lib/libGL.so.1.7.0
7f7b5acfe000-7f7b5ad13000 r--p 0004e000 00:23 129275                     /usr/lib/libGL.so.1.7.0
7f7b5ad13000-7f7b5ad21000 r--p 00062000 00:23 129275                     /usr/lib/libGL.so.1.7.0
7f7b5ad21000-7f7b5ad22000 rw-p 00070000 00:23 129275                     /usr/lib/libGL.so.1.7.0
7f7b5ad22000-7f7b5ad23000 rw-p 00000000 00:00 0 
7f7b5ad23000-7f7b5ad28000 r--p 00000000 00:23 2679537                    /usr/lib/libmp3lame.so.0.0.0
7f7b5ad28000-7f7b5ad6c000 r-xp 00005000 00:23 2679537                    /usr/lib/libmp3lame.so.0.0.0
7f7b5ad6c000-7f7b5ad79000 r--p 00049000 00:23 2679537                    /usr/lib/libmp3lame.so.0.0.0
7f7b5ad79000-7f7b5ad7a000 r--p 00056000 00:23 2679537                    /usr/lib/libmp3lame.so.0.0.0
7f7b5ad7a000-7f7b5ad7b000 rw-p 00057000 00:23 2679537                    /usr/lib/libmp3lame.so.0.0.0
7f7b5ad7b000-7f7b5ad8c000 rw-p 00000000 00:00 0 
7f7b5ad8c000-7f7b5ad90000 r--p 00000000 00:23 3188656                    /usr/lib/libmpg123.so.0.49.4
7f7b5ad90000-7f7b5ade3000 r-xp 00004000 00:23 3188656                    /usr/lib/libmpg123.so.0.49.4
7f7b5ade3000-7f7b5adfe000 r--p 00057000 00:23 3188656                    /usr/lib/libmpg123.so.0.49.4
7f7b5adfe000-7f7b5adff000 r--p 00072000 00:23 3188656                    /usr/lib/libmpg123.so.0.49.4
7f7b5adff000-7f7b5ae00000 rw-p 00073000 00:23 3188656                    /usr/lib/libmpg123.so.0.49.4
7f7b5ae00000-7f7b5ae55000 r-xp 00000000 00:3b 1943                       /tmp/libgdxmirtemir/31ce78a2/libopenal64.so
7f7b5ae55000-7f7b5b054000 ---p 00055000 00:3b 1943                       /tmp/libgdxmirtemir/31ce78a2/libopenal64.so
7f7b5b054000-7f7b5b057000 r--p 00054000 00:3b 1943                       /tmp/libgdxmirtemir/31ce78a2/libopenal64.so
7f7b5b057000-7f7b5b058000 rw-p 00057000 00:3b 1943                       /tmp/libgdxmirtemir/31ce78a2/libopenal64.so
7f7b5b058000-7f7b5b059000 rw-p 00000000 00:00 0 
7f7b5b059000-7f7b5b05b000 r--p 00000000 00:23 126494                     /usr/lib/libpciaccess.so.0.11.1
7f7b5b05b000-7f7b5b060000 r-xp 00002000 00:23 126494                     /usr/lib/libpciaccess.so.0.11.1
7f7b5b060000-7f7b5b062000 r--p 00007000 00:23 126494                     /usr/lib/libpciaccess.so.0.11.1
7f7b5b062000-7f7b5b063000 r--p 00008000 00:23 126494                     /usr/lib/libpciaccess.so.0.11.1
7f7b5b063000-7f7b5b064000 rw-p 00009000 00:23 126494                     /usr/lib/libpciaccess.so.0.11.1
7f7b5b064000-7f7b5b065000 r--p 00000000 00:23 128960                     /usr/lib/libxshmfence.so.1.0.0
7f7b5b065000-7f7b5b066000 r-xp 00001000 00:23 128960                     /usr/lib/libxshmfence.so.1.0.0
7f7b5b066000-7f7b5b067000 r--p 00002000 00:23 128960                     /usr/lib/libxshmfence.so.1.0.0
7f7b5b067000-7f7b5b068000 r--p 00002000 00:23 128960                     /usr/lib/libxshmfence.so.1.0.0
7f7b5b068000-7f7b5b069000 rw-p 00003000 00:23 128960                     /usr/lib/libxshmfence.so.1.0.0
7f7b5b069000-7f7b5b06c000 r--p 00000000 00:23 122707                     /usr/lib/libxcb-sync.so.1.0.0
7f7b5b06c000-7f7b5b06f000 r-xp 00003000 00:23 122707                     /usr/lib/libxcb-sync.so.1.0.0
7f7b5b06f000-7f7b5b070000 r--p 00006000 00:23 122707                     /usr/lib/libxcb-sync.so.1.0.0
7f7b5b070000-7f7b5b071000 r--p 00007000 00:23 122707                     /usr/lib/libxcb-sync.so.1.0.0
7f7b5b071000-7f7b5b072000 rw-p 00008000 00:23 122707                     /usr/lib/libxcb-sync.so.1.0.0
7f7b5b072000-7f7b5b074000 r--p 00000000 00:23 129281                     /usr/lib/libGLX.so.0.0.0
7f7b5b074000-7f7b5b08f000 r-xp 00002000 00:23 129281                     /usr/lib/libGLX.so.0.0.0
7f7b5b08f000-7f7b5b092000 r--p 0001d000 00:23 129281                     /usr/lib/libGLX.so.0.0.0
7f7b5b092000-7f7b5b093000 r--p 00020000 00:23 129281                     /usr/lib/libGLX.so.0.0.0
7f7b5b093000-7f7b5b094000 rw-p 00021000 00:23 129281                     /usr/lib/libGLX.so.0.0.0
7f7b5b094000-7f7b5b0a4000 rw-p 00000000 00:00 0 
7f7b5b0a4000-7f7b5b0a5000 r--p 00000000 00:23 163415                     /usr/lib/libvorbisenc.so.2.0.12
7f7b5b0a5000-7f7b5b0aa000 r-xp 00001000 00:23 163415                     /usr/lib/libvorbisenc.so.2.0.12
7f7b5b0aa000-7f7b5b121000 r--p 00006000 00:23 163415                     /usr/lib/libvorbisenc.so.2.0.12
7f7b5b121000-7f7b5b13d000 r--p 0007c000 00:23 163415                     /usr/lib/libvorbisenc.so.2.0.12
7f7b5b13d000-7f7b5b13e000 rw-p 00098000 00:23 163415                     /usr/lib/libvorbisenc.so.2.0.12
7f7b5b13e000-7f7b5b143000 r--p 00000000 00:23 163466                     /usr/lib/libsndfile.so.1.0.37
7f7b5b143000-7f7b5b1de000 r-xp 00005000 00:23 163466                     /usr/lib/libsndfile.so.1.0.37
7f7b5b1de000-7f7b5b1fa000 r--p 000a0000 00:23 163466                     /usr/lib/libsndfile.so.1.0.37
7f7b5b1fa000-7f7b5b1fd000 r--p 000bc000 00:23 163466                     /usr/lib/libsndfile.so.1.0.37
7f7b5b1fd000-7f7b5b1fe000 rw-p 000bf000 00:23 163466                     /usr/lib/libsndfile.so.1.0.37
7f7b5b1fe000-7f7b5b200000 rw-p 00000000 00:00 0 
7f7b5b200000-7f7b5b270000 r-xp 00000000 00:3b 1942                       /tmp/libgdxmirtemir/31ce78a2/liblwjgl64.so
7f7b5b270000-7f7b5b470000 ---p 00070000 00:3b 1942                       /tmp/libgdxmirtemir/31ce78a2/liblwjgl64.so
7f7b5b470000-7f7b5b472000 r--p 00070000 00:3b 1942                       /tmp/libgdxmirtemir/31ce78a2/liblwjgl64.so
7f7b5b472000-7f7b5b473000 rw-p 00072000 00:3b 1942                       /tmp/libgdxmirtemir/31ce78a2/liblwjgl64.so
7f7b5b473000-7f7b5b474000 r--p 00000000 00:00 0 
7f7b5b474000-7f7b5b47b000 r--p 00000000 00:23 122686                     /usr/lib/libxcb-randr.so.0.1.0
7f7b5b47b000-7f7b5b481000 r-xp 00007000 00:23 122686                     /usr/lib/libxcb-randr.so.0.1.0
7f7b5b481000-7f7b5b484000 r--p 0000d000 00:23 122686                     /usr/lib/libxcb-randr.so.0.1.0
7f7b5b484000-7f7b5b485000 r--p 00010000 00:23 122686                     /usr/lib/libxcb-randr.so.0.1.0
7f7b5b485000-7f7b5b486000 rw-p 00011000 00:23 122686                     /usr/lib/libxcb-randr.so.0.1.0
7f7b5b486000-7f7b5b488000 r--p 00000000 00:23 1205277                    /usr/lib/libsensors.so.5.0.0
7f7b5b488000-7f7b5b492000 r-xp 00002000 00:23 1205277                    /usr/lib/libsensors.so.5.0.0
7f7b5b492000-7f7b5b496000 r--p 0000c000 00:23 1205277                    /usr/lib/libsensors.so.5.0.0
7f7b5b496000-7f7b5b497000 r--p 00010000 00:23 1205277                    /usr/lib/libsensors.so.5.0.0
7f7b5b497000-7f7b5b498000 rw-p 00011000 00:23 1205277                    /usr/lib/libsensors.so.5.0.0
7f7b5b498000-7f7b5b4a1000 r--p 00000000 00:23 163393                     /usr/lib/libFLAC.so.14.0.0
7f7b5b4a1000-7f7b5b4fa000 r-xp 00009000 00:23 163393                     /usr/lib/libFLAC.so.14.0.0
7f7b5b4fa000-7f7b5b503000 r--p 00062000 00:23 163393                     /usr/lib/libFLAC.so.14.0.0
7f7b5b503000-7f7b5b504000 r--p 0006b000 00:23 163393                     /usr/lib/libFLAC.so.14.0.0
7f7b5b504000-7f7b5b505000 rw-p 0006c000 00:23 163393                     /usr/lib/libFLAC.so.14.0.0
7f7b5b505000-7f7b5b506000 rw-p 00000000 00:00 0 
7f7b5b506000-7f7b5b50a000 ---p 00000000 00:00 0 
7f7b5b50a000-7f7b5b607000 rw-p 00000000 00:00 0 
7f7b5b607000-7f7b5b60b000 ---p 00000000 00:00 0 
7f7b5b60b000-7f7b5b808000 rw-p 00000000 00:00 0 
7f7b5b808000-7f7b5b826000 r--p 00000000 00:23 3184066                    /usr/lib/libglib-2.0.so.0.8800.3
7f7b5b826000-7f7b5b8f4000 r-xp 0001e000 00:23 3184066                    /usr/lib/libglib-2.0.so.0.8800.3
7f7b5b8f4000-7f7b5b988000 r--p 000ec000 00:23 3184066                    /usr/lib/libglib-2.0.so.0.8800.3
7f7b5b988000-7f7b5b989000 r--p 00180000 00:23 3184066                    /usr/lib/libglib-2.0.so.0.8800.3
7f7b5b989000-7f7b5b98a000 rw-p 00181000 00:23 3184066                    /usr/lib/libglib-2.0.so.0.8800.3
7f7b5b98a000-7f7b5b98b000 rw-p 00000000 00:00 0 
7f7b5b98b000-7f7b5b991000 r--p 00000000 00:23 574874                     /usr/lib/libfreetype.so.6.20.6
7f7b5b991000-7f7b5ba66000 r-xp 00006000 00:23 574874                     /usr/lib/libfreetype.so.6.20.6
7f7b5ba66000-7f7b5ba91000 r--p 000db000 00:23 574874                     /usr/lib/libfreetype.so.6.20.6
7f7b5ba91000-7f7b5ba99000 r--p 00106000 00:23 574874                     /usr/lib/libfreetype.so.6.20.6
7f7b5ba99000-7f7b5ba9a000 rw-p 0010e000 00:23 574874                     /usr/lib/libfreetype.so.6.20.6
7f7b5ba9a000-7f7b5baa7000 r--p 00000000 00:23 3348081                    /usr/lib/libharfbuzz.so.0.61431.0
7f7b5baa7000-7f7b5bbc9000 r-xp 0000d000 00:23 3348081                    /usr/lib/libharfbuzz.so.0.61431.0
7f7b5bbc9000-7f7b5bbfd000 r--p 0012f000 00:23 3348081                    /usr/lib/libharfbuzz.so.0.61431.0
7f7b5bbfd000-7f7b5bbff000 r--p 00162000 00:23 3348081                    /usr/lib/libharfbuzz.so.0.61431.0
7f7b5bbff000-7f7b5bc00000 rw-p 00164000 00:23 3348081                    /usr/lib/libharfbuzz.so.0.61431.0
7f7b5bc00000-7f7b5bc38000 r-xp 00000000 00:3b 1939                       /tmp/libgdxmirtemir/b793cc16/libgdx64.so
7f7b5bc38000-7f7b5be37000 ---p 00038000 00:3b 1939                       /tmp/libgdxmirtemir/b793cc16/libgdx64.so
7f7b5be37000-7f7b5be38000 r--p 00037000 00:3b 1939                       /tmp/libgdxmirtemir/b793cc16/libgdx64.so
7f7b5be38000-7f7b5be39000 rw-p 00038000 00:3b 1939                       /tmp/libgdxmirtemir/b793cc16/libgdx64.so
7f7b5be39000-7f7b5be3c000 r--p 00000000 00:23 122713                     /usr/lib/libxcb-xfixes.so.0.0.0
7f7b5be3c000-7f7b5be3f000 r-xp 00003000 00:23 122713                     /usr/lib/libxcb-xfixes.so.0.0.0
7f7b5be3f000-7f7b5be40000 r--p 00006000 00:23 122713                     /usr/lib/libxcb-xfixes.so.0.0.0
7f7b5be40000-7f7b5be41000 r--p 00007000 00:23 122713                     /usr/lib/libxcb-xfixes.so.0.0.0
7f7b5be41000-7f7b5be42000 rw-p 00008000 00:23 122713                     /usr/lib/libxcb-xfixes.so.0.0.0
7f7b5be42000-7f7b5be43000 r--p 00000000 00:23 122683                     /usr/lib/libxcb-present.so.0.0.0
7f7b5be43000-7f7b5be44000 r-xp 00001000 00:23 122683                     /usr/lib/libxcb-present.so.0.0.0
7f7b5be44000-7f7b5be45000 r--p 00002000 00:23 122683                     /usr/lib/libxcb-present.so.0.0.0
7f7b5be45000-7f7b5be46000 r--p 00002000 00:23 122683                     /usr/lib/libxcb-present.so.0.0.0
7f7b5be46000-7f7b5be47000 rw-p 00003000 00:23 122683                     /usr/lib/libxcb-present.so.0.0.0
7f7b5be47000-7f7b5be49000 r--p 00000000 00:23 122677                     /usr/lib/libxcb-dri3.so.0.1.0
7f7b5be49000-7f7b5be4b000 r-xp 00002000 00:23 122677                     /usr/lib/libxcb-dri3.so.0.1.0
7f7b5be4b000-7f7b5be4c000 r--p 00004000 00:23 122677                     /usr/lib/libxcb-dri3.so.0.1.0
7f7b5be4c000-7f7b5be4d000 r--p 00004000 00:23 122677                     /usr/lib/libxcb-dri3.so.0.1.0
7f7b5be4d000-7f7b5be4e000 rw-p 00005000 00:23 122677                     /usr/lib/libxcb-dri3.so.0.1.0
7f7b5be4e000-7f7b5be4f000 r--p 00000000 00:23 122704                     /usr/lib/libxcb-shm.so.0.0.0
7f7b5be4f000-7f7b5be50000 r-xp 00001000 00:23 122704                     /usr/lib/libxcb-shm.so.0.0.0
7f7b5be50000-7f7b5be51000 r--p 00002000 00:23 122704                     /usr/lib/libxcb-shm.so.0.0.0
7f7b5be51000-7f7b5be52000 r--p 00002000 00:23 122704                     /usr/lib/libxcb-shm.so.0.0.0
7f7b5be52000-7f7b5be53000 rw-p 00003000 00:23 122704                     /usr/lib/libxcb-shm.so.0.0.0
7f7b5be53000-7f7b5be57000 r--p 00000000 00:23 163412                     /usr/lib/libvorbis.so.0.4.9
7f7b5be57000-7f7b5be88000 r-xp 00004000 00:23 163412                     /usr/lib/libvorbis.so.0.4.9
7f7b5be88000-7f7b5be9a000 r--p 00035000 00:23 163412                     /usr/lib/libvorbis.so.0.4.9
7f7b5be9a000-7f7b5be9b000 r--p 00046000 00:23 163412                     /usr/lib/libvorbis.so.0.4.9
7f7b5be9b000-7f7b5be9c000 rw-p 00047000 00:23 163412                     /usr/lib/libvorbis.so.0.4.9
7f7b5be9c000-7f7b5beb3000 r--p 00000000 00:23 125099                     /usr/lib/libX11.so.6.4.0
7f7b5beb3000-7f7b5bf65000 r-xp 00017000 00:23 125099                     /usr/lib/libX11.so.6.4.0
7f7b5bf65000-7f7b5bff9000 r--p 000c9000 00:23 125099                     /usr/lib/libX11.so.6.4.0
7f7b5bff9000-7f7b5bffc000 r--p 0015d000 00:23 125099                     /usr/lib/libX11.so.6.4.0
7f7b5bffc000-7f7b5bfff000 rw-p 00160000 00:23 125099                     /usr/lib/libX11.so.6.4.0
7f7b5bfff000-7f7b5c400000 rw-p 00000000 00:00 0 
7f7b5c400000-7f7b5c700000 rw-p 00000000 00:00 0 
7f7b5c700000-7f7b5c800000 rw-p 00000000 00:00 0 
7f7b5c800000-7f7b5d100000 rw-p 00000000 00:00 0 
7f7b5d100000-7f7b5d1b0000 rw-p 00000000 00:00 0 
7f7b5d1b0000-7f7b5d200000 ---p 00000000 00:00 0 
7f7b5d200000-7f7b5d5c0000 rw-p 00000000 00:00 0 
7f7b5d5c0000-7f7b5d6a0000 rw-p 00000000 00:00 0 
7f7b5d6a0000-7f7b5d6e0000 rw-p 00000000 00:00 0 
7f7b5d6e0000-7f7b5d800000 rw-p 00000000 00:00 0 
7f7b5d800000-7f7b5d900000 rw-p 00000000 00:00 0 
7f7b5d900000-7f7b5da20000 rw-p 00000000 00:00 0 
7f7b5da20000-7f7b60000000 ---p 00000000 00:00 0 
7f7b60000000-7f7b63d99000 rw-p 00000000 00:00 0 
7f7b63d99000-7f7b64000000 ---p 00000000 00:00 0 
7f7b64000000-7f7b67fd4000 rw-p 00000000 00:00 0 
7f7b67fd4000-7f7b68000000 ---p 00000000 00:00 0 
7f7b68000000-7f7b6bff9000 rw-p 00000000 00:00 0 
7f7b6bff9000-7f7b6c000000 ---p 00000000 00:00 0 
7f7b6c000000-7f7b6ff24000 rw-p 00000000 00:00 0 
7f7b6ff24000-7f7b70000000 ---p 00000000 00:00 0 
7f7b70000000-7f7b73027000 rw-p 00000000 00:00 0 
7f7b73027000-7f7b74000000 ---p 00000000 00:00 0 
7f7b74000000-7f7b77238000 rw-p 00000000 00:00 0 
7f7b77238000-7f7b78000000 ---p 00000000 00:00 0 
7f7b78000000-7f7b7bf90000 rw-p 00000000 00:00 0 
7f7b7bf90000-7f7b7c000000 ---p 00000000 00:00 0 
7f7b7c000000-7f7b7e67f000 rw-p 00000000 00:00 0 
7f7b7e67f000-7f7b80000000 ---p 00000000 00:00 0 
7f7b80000000-7f7b80001000 r-xp 00000000 00:00 0 
7f7b80001000-7f7b80002000 r--p 00000000 00:23 125096                     /usr/lib/libX11-xcb.so.1.0.0
7f7b80002000-7f7b80003000 r-xp 00001000 00:23 125096                     /usr/lib/libX11-xcb.so.1.0.0
7f7b80003000-7f7b80004000 r--p 00002000 00:23 125096                     /usr/lib/libX11-xcb.so.1.0.0
7f7b80004000-7f7b80005000 r--p 00002000 00:23 125096                     /usr/lib/libX11-xcb.so.1.0.0
7f7b80005000-7f7b80006000 rw-p 00003000 00:23 125096                     /usr/lib/libX11-xcb.so.1.0.0
7f7b80006000-7f7b80012000 r--p 00000000 00:23 122680                     /usr/lib/libxcb-glx.so.0.0.0
7f7b80012000-7f7b8001b000 r-xp 0000c000 00:23 122680                     /usr/lib/libxcb-glx.so.0.0.0
7f7b8001b000-7f7b80020000 r--p 00015000 00:23 122680                     /usr/lib/libxcb-glx.so.0.0.0
7f7b80020000-7f7b80022000 r--p 0001a000 00:23 122680                     /usr/lib/libxcb-glx.so.0.0.0
7f7b80022000-7f7b80023000 rw-p 0001c000 00:23 122680                     /usr/lib/libxcb-glx.so.0.0.0
7f7b80023000-7f7b80024000 rw-p 00000000 00:00 0 
7f7b80024000-7f7b80028000 ---p 00000000 00:00 0 
7f7b80028000-7f7b80046000 rw-p 00000000 00:00 0 
7f7b80046000-7f7b80049000 r--p 00000000 00:23 18974                      /usr/lib/libpcre2-8.so.0.15.0
7f7b80049000-7f7b800dd000 r-xp 00003000 00:23 18974                      /usr/lib/libpcre2-8.so.0.15.0
7f7b800dd000-7f7b8010c000 r--p 00097000 00:23 18974                      /usr/lib/libpcre2-8.so.0.15.0
7f7b8010c000-7f7b8010d000 r--p 000c5000 00:23 18974                      /usr/lib/libpcre2-8.so.0.15.0
7f7b8010d000-7f7b8010e000 rw-p 000c6000 00:23 18974                      /usr/lib/libpcre2-8.so.0.15.0
7f7b8010e000-7f7b80112000 r--p 00000000 00:23 2947389                    /usr/lib/jvm/java-26-openjdk/lib/libawt.so
7f7b80112000-7f7b801c1000 r-xp 00004000 00:23 2947389                    /usr/lib/jvm/java-26-openjdk/lib/libawt.so
7f7b801c1000-7f7b801cf000 r--p 000b3000 00:23 2947389                    /usr/lib/jvm/java-26-openjdk/lib/libawt.so
7f7b801cf000-7f7b801d0000 r--p 000c0000 00:23 2947389                    /usr/lib/jvm/java-26-openjdk/lib/libawt.so
7f7b801d0000-7f7b801db000 rw-p 000c1000 00:23 2947389                    /usr/lib/jvm/java-26-openjdk/lib/libawt.so
7f7b801db000-7f7b80200000 rw-p 00000000 00:00 0 
7f7b80200000-7f7b80240000 r-xp 00000000 00:3b 1936                       /tmp/steamworks4j/1.8.0/libsteamworks4j.so
7f7b80240000-7f7b8043f000 ---p 00040000 00:3b 1936                       /tmp/steamworks4j/1.8.0/libsteamworks4j.so
7f7b8043f000-7f7b80443000 r--p 0003f000 00:3b 1936                       /tmp/steamworks4j/1.8.0/libsteamworks4j.so
7f7b80443000-7f7b80444000 rw-p 00043000 00:3b 1936                       /tmp/steamworks4j/1.8.0/libsteamworks4j.so
7f7b80444000-7f7b80445000 r--p 00000000 00:00 0 
7f7b80445000-7f7b80446000 r-xp 00000000 00:00 0 
7f7b80446000-7f7b80447000 r--p 00000000 00:00 0 
7f7b80447000-7f7b80448000 r-xp 00000000 00:00 0 
7f7b80448000-7f7b8044d000 r--p 00000000 00:23 1472425                    /usr/lib/libdrm.so.2.134.0
7f7b8044d000-7f7b8045b000 r-xp 00005000 00:23 1472425                    /usr/lib/libdrm.so.2.134.0
7f7b8045b000-7f7b8045f000 r--p 00013000 00:23 1472425                    /usr/lib/libdrm.so.2.134.0
7f7b8045f000-7f7b80460000 r--p 00017000 00:23 1472425                    /usr/lib/libdrm.so.2.134.0
7f7b80460000-7f7b80461000 rw-p 00018000 00:23 1472425                    /usr/lib/libdrm.so.2.134.0
7f7b80461000-7f7b80468000 r--s 00000000 00:23 3303891                    /usr/lib/gconv/gconv-modules.cache
7f7b80468000-7f7b8046a000 r--p 00000000 00:23 163270                     /usr/lib/libogg.so.0.8.6
7f7b8046a000-7f7b8046e000 r-xp 00002000 00:23 163270                     /usr/lib/libogg.so.0.8.6
7f7b8046e000-7f7b80471000 r--p 00006000 00:23 163270                     /usr/lib/libogg.so.0.8.6
7f7b80471000-7f7b80472000 r--p 00009000 00:23 163270                     /usr/lib/libogg.so.0.8.6
7f7b80472000-7f7b80473000 rw-p 0000a000 00:23 163270                     /usr/lib/libogg.so.0.8.6
7f7b80473000-7f7b80487000 r--p 00000000 00:23 163665                     /usr/lib/pulseaudio/libpulsecommon-17.0.so
7f7b80487000-7f7b804d6000 r-xp 00014000 00:23 163665                     /usr/lib/pulseaudio/libpulsecommon-17.0.so
7f7b804d6000-7f7b804fc000 r--p 00063000 00:23 163665                     /usr/lib/pulseaudio/libpulsecommon-17.0.so
7f7b804fc000-7f7b804fe000 r--p 00089000 00:23 163665                     /usr/lib/pulseaudio/libpulsecommon-17.0.so
7f7b804fe000-7f7b804ff000 rw-p 0008b000 00:23 163665                     /usr/lib/pulseaudio/libpulsecommon-17.0.so
7f7b804ff000-7f7b80500000 rw-p 00000000 00:00 0 
7f7b80500000-7f7b80504000 ---p 00000000 00:00 0 
7f7b80504000-7f7b80600000 rw-p 00000000 00:00 0 
7f7b80600000-7f7b80646000 r-xp 00000000 00:3b 1934                       /tmp/steamworks4j/1.8.0/libsteam_api.so
7f7b80646000-7f7b80846000 ---p 00046000 00:3b 1934                       /tmp/steamworks4j/1.8.0/libsteam_api.so
7f7b80846000-7f7b8084a000 r--p 00046000 00:3b 1934                       /tmp/steamworks4j/1.8.0/libsteam_api.so
7f7b8084a000-7f7b8084b000 rw-p 0004a000 00:3b 1934                       /tmp/steamworks4j/1.8.0/libsteam_api.so
7f7b8084b000-7f7b8085c000 rw-p 00000000 00:00 0 
7f7b8085c000-7f7b8085e000 r--p 00000000 00:23 163597                     /usr/lib/libasyncns.so.0.3.1
7f7b8085e000-7f7b80861000 r-xp 00002000 00:23 163597                     /usr/lib/libasyncns.so.0.3.1
7f7b80861000-7f7b80862000 r--p 00005000 00:23 163597                     /usr/lib/libasyncns.so.0.3.1
7f7b80862000-7f7b80863000 r--p 00005000 00:23 163597                     /usr/lib/libasyncns.so.0.3.1
7f7b80863000-7f7b80864000 rw-p 00006000 00:23 163597                     /usr/lib/libasyncns.so.0.3.1
7f7b80864000-7f7b80870000 r--p 00000000 00:23 163660                     /usr/lib/libpulse.so.0.24.3
7f7b80870000-7f7b808a4000 r-xp 0000c000 00:23 163660                     /usr/lib/libpulse.so.0.24.3
7f7b808a4000-7f7b808ba000 r--p 00040000 00:23 163660                     /usr/lib/libpulse.so.0.24.3
7f7b808ba000-7f7b808bc000 r--p 00055000 00:23 163660                     /usr/lib/libpulse.so.0.24.3
7f7b808bc000-7f7b808bd000 rw-p 00057000 00:23 163660                     /usr/lib/libpulse.so.0.24.3
7f7b808bd000-7f7b808be000 r--p 00000000 00:23 128971                     /usr/lib/libXxf86vm.so.1.0.0
7f7b808be000-7f7b808c2000 r-xp 00001000 00:23 128971                     /usr/lib/libXxf86vm.so.1.0.0
7f7b808c2000-7f7b808c3000 r--p 00005000 00:23 128971                     /usr/lib/libXxf86vm.so.1.0.0
7f7b808c3000-7f7b808c4000 r--p 00005000 00:23 128971                     /usr/lib/libXxf86vm.so.1.0.0
7f7b808c4000-7f7b808c5000 rw-p 00006000 00:23 128971                     /usr/lib/libXxf86vm.so.1.0.0
7f7b808c5000-7f7b808c7000 r--p 00000000 00:23 145770                     /usr/lib/libXrandr.so.2.2.0
7f7b808c7000-7f7b808d0000 r-xp 00002000 00:23 145770                     /usr/lib/libXrandr.so.2.2.0
7f7b808d0000-7f7b808d2000 r--p 0000b000 00:23 145770                     /usr/lib/libXrandr.so.2.2.0
7f7b808d2000-7f7b808d3000 r--p 0000c000 00:23 145770                     /usr/lib/libXrandr.so.2.2.0
7f7b808d3000-7f7b808d4000 rw-p 0000d000 00:23 145770                     /usr/lib/libXrandr.so.2.2.0
7f7b808d4000-7f7b808d5000 r--p 00000000 00:23 19847                      /usr/lib/libbrotlicommon.so.1.2.0
7f7b808d5000-7f7b808d6000 r-xp 00001000 00:23 19847                      /usr/lib/libbrotlicommon.so.1.2.0
7f7b808d6000-7f7b808f5000 r--p 00002000 00:23 19847                      /usr/lib/libbrotlicommon.so.1.2.0
7f7b808f5000-7f7b808f6000 r--p 00021000 00:23 19847                      /usr/lib/libbrotlicommon.so.1.2.0
7f7b808f6000-7f7b808f7000 rw-p 00022000 00:23 19847                      /usr/lib/libbrotlicommon.so.1.2.0
7f7b808f7000-7f7b808f8000 rw-p 00000000 00:00 0 
7f7b808f8000-7f7b808fc000 ---p 00000000 00:00 0 
7f7b808fc000-7f7b809f9000 rw-p 00000000 00:00 0 
7f7b809f9000-7f7b809fd000 ---p 00000000 00:00 0 
7f7b809fd000-7f7b80afa000 rw-p 00000000 00:00 0 
7f7b80afa000-7f7b80afe000 ---p 00000000 00:00 0 
7f7b80afe000-7f7b80bfb000 rw-p 00000000 00:00 0 
7f7b80bfb000-7f7b80bff000 ---p 00000000 00:00 0 
7f7b80bff000-7f7b80cfc000 rw-p 00000000 00:00 0 
7f7b80cfc000-7f7b80d00000 ---p 00000000 00:00 0 
7f7b80d00000-7f7b80dfd000 rw-p 00000000 00:00 0 
7f7b80dfd000-7f7b80e01000 ---p 00000000 00:00 0 
7f7b80e01000-7f7b80efe000 rw-p 00000000 00:00 0 
7f7b80efe000-7f7b80f02000 ---p 00000000 00:00 0 
7f7b80f02000-7f7b80fff000 rw-p 00000000 00:00 0 
7f7b80fff000-7f7b81003000 ---p 00000000 00:00 0 
7f7b81003000-7f7b81100000 rw-p 00000000 00:00 0 
7f7b81100000-7f7b81104000 ---p 00000000 00:00 0 
7f7b81104000-7f7b81200000 rw-p 00000000 00:00 0 
7f7b81200000-7f7b81766000 r--p 00000000 00:23 3303889                    /usr/lib/locale/locale-archive
7f7b81766000-7f7b81767000 r--p 00000000 00:23 3182540                    /usr/lib/librt.so.1
7f7b81767000-7f7b81768000 r-xp 00001000 00:23 3182540                    /usr/lib/librt.so.1
7f7b81768000-7f7b81769000 r--p 00002000 00:23 3182540                    /usr/lib/librt.so.1
7f7b81769000-7f7b8176a000 r--p 00002000 00:23 3182540                    /usr/lib/librt.so.1
7f7b8176a000-7f7b8176b000 rw-p 00003000 00:23 3182540                    /usr/lib/librt.so.1
7f7b8176b000-7f7b81771000 r--p 00000000 00:23 2272394                    /usr/lib/libpng16.so.16.58.0
7f7b81771000-7f7b817b3000 r-xp 00006000 00:23 2272394                    /usr/lib/libpng16.so.16.58.0
7f7b817b3000-7f7b817be000 r--p 00048000 00:23 2272394                    /usr/lib/libpng16.so.16.58.0
7f7b817be000-7f7b817bf000 r--p 00053000 00:23 2272394                    /usr/lib/libpng16.so.16.58.0
7f7b817bf000-7f7b817c0000 rw-p 00054000 00:23 2272394                    /usr/lib/libpng16.so.16.58.0
7f7b817c0000-7f7b817c3000 r--p 00000000 00:23 150814                     /usr/lib/libz.so.1.3.1.zlib-ng
7f7b817c3000-7f7b817ed000 r-xp 00003000 00:23 150814                     /usr/lib/libz.so.1.3.1.zlib-ng
7f7b817ed000-7f7b817f6000 r--p 0002d000 00:23 150814                     /usr/lib/libz.so.1.3.1.zlib-ng
7f7b817f6000-7f7b817f7000 r--p 00035000 00:23 150814                     /usr/lib/libz.so.1.3.1.zlib-ng
7f7b817f7000-7f7b817f8000 rw-p 00036000 00:23 150814                     /usr/lib/libz.so.1.3.1.zlib-ng
7f7b817f8000-7f7b818fa000 rw-p 00000000 00:00 0 
7f7b818fa000-7f7b818fe000 ---p 00000000 00:00 0 
7f7b818fe000-7f7b81dfe000 rw-p 00000000 00:00 0 
7f7b81dfe000-7f7b87ffd000 rw-p 00000000 00:00 0 
7f7b87ffd000-7f7b88000000 ---p 00000000 00:00 0 
7f7b88000000-7f7b8b336000 rw-p 00000000 00:00 0 
7f7b8b336000-7f7b8c000000 ---p 00000000 00:00 0 
7f7b8c000000-7f7b8c001000 r--p 00000000 00:00 0 
7f7b8c001000-7f7b8c002000 r-xp 00000000 00:00 0 
7f7b8c002000-7f7b8c003000 r--p 00000000 00:00 0 
7f7b8c003000-7f7b8c004000 r--p 00000000 00:23 2947402                    /usr/lib/jvm/java-26-openjdk/lib/libjawt.so
7f7b8c004000-7f7b8c005000 r-xp 00001000 00:23 2947402                    /usr/lib/jvm/java-26-openjdk/lib/libjawt.so
7f7b8c005000-7f7b8c006000 r--p 00002000 00:23 2947402                    /usr/lib/jvm/java-26-openjdk/lib/libjawt.so
7f7b8c006000-7f7b8c007000 r--p 00002000 00:23 2947402                    /usr/lib/jvm/java-26-openjdk/lib/libjawt.so
7f7b8c007000-7f7b8c008000 rw-p 00003000 00:23 2947402                    /usr/lib/jvm/java-26-openjdk/lib/libjawt.so
7f7b8c008000-7f7b8c00a000 r--p 00000000 00:23 143878                     /usr/lib/libXfixes.so.3.1.0
7f7b8c00a000-7f7b8c00d000 r-xp 00002000 00:23 143878                     /usr/lib/libXfixes.so.3.1.0
7f7b8c00d000-7f7b8c00e000 r--p 00005000 00:23 143878                     /usr/lib/libXfixes.so.3.1.0
7f7b8c00e000-7f7b8c00f000 r--p 00006000 00:23 143878                     /usr/lib/libXfixes.so.3.1.0
7f7b8c00f000-7f7b8c010000 rw-p 00007000 00:23 143878                     /usr/lib/libXfixes.so.3.1.0
7f7b8c010000-7f7b8c013000 r--p 00000000 00:23 145671                     /usr/lib/libXcursor.so.1.0.2
7f7b8c013000-7f7b8c01a000 r-xp 00003000 00:23 145671                     /usr/lib/libXcursor.so.1.0.2
7f7b8c01a000-7f7b8c01c000 r--p 0000a000 00:23 145671                     /usr/lib/libXcursor.so.1.0.2
7f7b8c01c000-7f7b8c01d000 r--p 0000b000 00:23 145671                     /usr/lib/libXcursor.so.1.0.2
7f7b8c01d000-7f7b8c01e000 rw-p 0000c000 00:23 145671                     /usr/lib/libXcursor.so.1.0.2
7f7b8c01e000-7f7b8c01f000 r--p 00000000 00:23 19850                      /usr/lib/libbrotlidec.so.1.2.0
7f7b8c01f000-7f7b8c029000 r-xp 00001000 00:23 19850                      /usr/lib/libbrotlidec.so.1.2.0
7f7b8c029000-7f7b8c02c000 r--p 0000b000 00:23 19850                      /usr/lib/libbrotlidec.so.1.2.0
7f7b8c02c000-7f7b8c02d000 r--p 0000d000 00:23 19850                      /usr/lib/libbrotlidec.so.1.2.0
7f7b8c02d000-7f7b8c02e000 rw-p 0000e000 00:23 19850                      /usr/lib/libbrotlidec.so.1.2.0
7f7b8c02e000-7f7b8c030000 r--p 00000000 00:23 1472158                    /usr/lib/libgraphite2.so.3.3.1
7f7b8c030000-7f7b8c049000 r-xp 00002000 00:23 1472158                    /usr/lib/libgraphite2.so.3.3.1
7f7b8c049000-7f7b8c04e000 r--p 0001b000 00:23 1472158                    /usr/lib/libgraphite2.so.3.3.1
7f7b8c04e000-7f7b8c050000 r--p 0001f000 00:23 1472158                    /usr/lib/libgraphite2.so.3.3.1
7f7b8c050000-7f7b8c051000 rw-p 00021000 00:23 1472158                    /usr/lib/libgraphite2.so.3.3.1
7f7b8c051000-7f7b8c05f000 r--p 00000000 00:23 2947391                    /usr/lib/jvm/java-26-openjdk/lib/libawt_xawt.so
7f7b8c05f000-7f7b8c0a3000 r-xp 0000e000 00:23 2947391                    /usr/lib/jvm/java-26-openjdk/lib/libawt_xawt.so
7f7b8c0a3000-7f7b8c0b7000 r--p 00052000 00:23 2947391                    /usr/lib/jvm/java-26-openjdk/lib/libawt_xawt.so
7f7b8c0b7000-7f7b8c0b9000 r--p 00066000 00:23 2947391                    /usr/lib/jvm/java-26-openjdk/lib/libawt_xawt.so
7f7b8c0b9000-7f7b8c0ba000 rw-p 00068000 00:23 2947391                    /usr/lib/jvm/java-26-openjdk/lib/libawt_xawt.so
7f7b8c0ba000-7f7b8c0bb000 rw-p 00000000 00:00 0 
7f7b8c0bb000-7f7b8c0bc000 r--p 00000000 00:23 2947420                    /usr/lib/jvm/java-26-openjdk/lib/libsimdsort.so
7f7b8c0bc000-7f7b8c0f6000 r-xp 00001000 00:23 2947420                    /usr/lib/jvm/java-26-openjdk/lib/libsimdsort.so
7f7b8c0f6000-7f7b8c0fc000 r--p 0003b000 00:23 2947420                    /usr/lib/jvm/java-26-openjdk/lib/libsimdsort.so
7f7b8c0fc000-7f7b8c0fd000 r--p 00040000 00:23 2947420                    /usr/lib/jvm/java-26-openjdk/lib/libsimdsort.so
7f7b8c0fd000-7f7b8c0fe000 rw-p 00041000 00:23 2947420                    /usr/lib/jvm/java-26-openjdk/lib/libsimdsort.so
7f7b8c0fe000-7f7b8c406000 rw-p 00000000 00:00 0 
7f7b8c406000-7f7b8fdee000 ---p 00000000 00:00 0 
7f7b8fdee000-7f7b8fdfe000 rw-p 00000000 00:00 0 
7f7b8fdfe000-7f7b920ce000 rwxp 00000000 00:00 0 
7f7b920ce000-7f7b97336000 ---p 00000000 00:00 0 
7f7b97336000-7f7b975d6000 rwxp 00000000 00:00 0 
7f7b975d6000-7f7b978c8000 ---p 00000000 00:00 0 
7f7b978c8000-7f7b985f8000 rwxp 00000000 00:00 0 
7f7b985f8000-7f7b9ee00000 ---p 00000000 00:00 0 
7f7b9ee00000-7f7ba7e21000 r--s 00000000 00:23 2947425                    /usr/lib/jvm/java-26-openjdk/lib/modules
7f7ba7e21000-7f7ba7e22000 r-xp 00000000 00:00 0 
7f7ba7e22000-7f7ba7e23000 r--p 00000000 00:00 0 
7f7ba7e23000-7f7ba7e25000 r--p 00000000 00:23 18700                      /usr/lib/libbz2.so.1.0.8
7f7ba7e25000-7f7ba7e32000 r-xp 00002000 00:23 18700                      /usr/lib/libbz2.so.1.0.8
7f7ba7e32000-7f7ba7e34000 r--p 0000f000 00:23 18700                      /usr/lib/libbz2.so.1.0.8
7f7ba7e34000-7f7ba7e35000 r--p 00010000 00:23 18700                      /usr/lib/libbz2.so.1.0.8
7f7ba7e35000-7f7ba7e36000 rw-p 00011000 00:23 18700                      /usr/lib/libbz2.so.1.0.8
7f7ba7e36000-7f7ba7e42000 r--p 00000000 00:23 122734                     /usr/lib/libxcb.so.1.1.0
7f7ba7e42000-7f7ba7e58000 r-xp 0000c000 00:23 122734                     /usr/lib/libxcb.so.1.1.0
7f7ba7e58000-7f7ba7e61000 r--p 00022000 00:23 122734                     /usr/lib/libxcb.so.1.1.0
7f7ba7e61000-7f7ba7e62000 r--p 0002a000 00:23 122734                     /usr/lib/libxcb.so.1.1.0
7f7ba7e62000-7f7ba7e63000 rw-p 0002b000 00:23 122734                     /usr/lib/libxcb.so.1.1.0
7f7ba7e63000-7f7bab1fc000 rw-p 00000000 00:00 0 
7f7bab1fc000-7f7bac000000 ---p 00000000 00:00 0 
7f7bac000000-7f7bac004000 r--p 00000000 00:23 2947394                    /usr/lib/jvm/java-26-openjdk/lib/libfontmanager.so
7f7bac004000-7f7bac00d000 r-xp 00004000 00:23 2947394                    /usr/lib/jvm/java-26-openjdk/lib/libfontmanager.so
7f7bac00d000-7f7bac00f000 r--p 0000d000 00:23 2947394                    /usr/lib/jvm/java-26-openjdk/lib/libfontmanager.so
7f7bac00f000-7f7bac010000 r--p 0000f000 00:23 2947394                    /usr/lib/jvm/java-26-openjdk/lib/libfontmanager.so
7f7bac010000-7f7bac011000 rw-p 00010000 00:23 2947394                    /usr/lib/jvm/java-26-openjdk/lib/libfontmanager.so
7f7bac011000-7f7bac012000 r--p 00000000 00:23 145754                     /usr/lib/libXinerama.so.1.0.0
7f7bac012000-7f7bac013000 r-xp 00001000 00:23 145754                     /usr/lib/libXinerama.so.1.0.0
7f7bac013000-7f7bac014000 r--p 00002000 00:23 145754                     /usr/lib/libXinerama.so.1.0.0
7f7bac014000-7f7bac015000 r--p 00002000 00:23 145754                     /usr/lib/libXinerama.so.1.0.0
7f7bac015000-7f7bac016000 rw-p 00003000 00:23 145754                     /usr/lib/libXinerama.so.1.0.0
7f7bac016000-7f7bac018000 r--p 00000000 00:23 510670                     /usr/lib/libXdmcp.so.6.0.0
7f7bac018000-7f7bac01a000 r-xp 00002000 00:23 510670                     /usr/lib/libXdmcp.so.6.0.0
7f7bac01a000-7f7bac01c000 r--p 00004000 00:23 510670                     /usr/lib/libXdmcp.so.6.0.0
7f7bac01c000-7f7bac01d000 r--p 00005000 00:23 510670                     /usr/lib/libXdmcp.so.6.0.0
7f7bac01d000-7f7bac01e000 rw-p 00006000 00:23 510670                     /usr/lib/libXdmcp.so.6.0.0
7f7bac01e000-7f7bac01f000 r--p 00000000 00:23 122609                     /usr/lib/libXau.so.6.0.0
7f7bac01f000-7f7bac020000 r-xp 00001000 00:23 122609                     /usr/lib/libXau.so.6.0.0
7f7bac020000-7f7bac021000 r--p 00002000 00:23 122609                     /usr/lib/libXau.so.6.0.0
7f7bac021000-7f7bac022000 r--p 00002000 00:23 122609                     /usr/lib/libXau.so.6.0.0
7f7bac022000-7f7bac023000 rw-p 00003000 00:23 122609                     /usr/lib/libXau.so.6.0.0
7f7bac023000-7f7bac026000 r--p 00000000 00:23 1299050                    /usr/lib/libXi.so.6.1.0
7f7bac026000-7f7bac035000 r-xp 00003000 00:23 1299050                    /usr/lib/libXi.so.6.1.0
7f7bac035000-7f7bac038000 r--p 00012000 00:23 1299050                    /usr/lib/libXi.so.6.1.0
7f7bac038000-7f7bac039000 r--p 00014000 00:23 1299050                    /usr/lib/libXi.so.6.1.0
7f7bac039000-7f7bac03a000 rw-p 00015000 00:23 1299050                    /usr/lib/libXi.so.6.1.0
7f7bac03a000-7f7bac53f000 rw-p 00000000 00:00 0 
7f7bac53f000-7f7bac842000 rw-p 00000000 00:00 0 
7f7bac842000-7f7bac8a3000 rw-p 00000000 00:00 0 
7f7bac8a3000-7f7bacfe0000 ---p 00000000 00:00 0 
7f7bacfe0000-7f7bad043000 rw-p 00000000 00:00 0 
7f7bad043000-7f7bad780000 ---p 00000000 00:00 0 
7f7bad780000-7f7bad7e3000 rw-p 00000000 00:00 0 
7f7bad7e3000-7f7badf20000 ---p 00000000 00:00 0 
7f7badf20000-7f7bae745000 rw-p 00000000 00:00 0 
7f7bae745000-7f7bae815000 ---p 00000000 00:00 0 
7f7bae815000-7f7bae85b000 rw-p 00000000 00:00 0 
7f7bae85b000-7f7bae900000 ---p 00000000 00:00 0 
7f7bae900000-7f7bae904000 ---p 00000000 00:00 0 
7f7bae904000-7f7baea00000 rw-p 00000000 00:00 0 
7f7baea00000-7f7baea9a000 r--p 00000000 00:23 3183337                    /usr/lib/libstdc++.so.6.0.36
7f7baea9a000-7f7baec78000 r-xp 0009a000 00:23 3183337                    /usr/lib/libstdc++.so.6.0.36
7f7baec78000-7f7baed17000 r--p 00278000 00:23 3183337                    /usr/lib/libstdc++.so.6.0.36
7f7baed17000-7f7baed28000 r--p 00317000 00:23 3183337                    /usr/lib/libstdc++.so.6.0.36
7f7baed28000-7f7baed29000 rw-p 00328000 00:23 3183337                    /usr/lib/libstdc++.so.6.0.36
7f7baed29000-7f7baed2d000 rw-p 00000000 00:00 0 
7f7baed2d000-7f7baed2e000 r-xp 00000000 00:00 0 
7f7baed2e000-7f7baed2f000 r--p 00000000 00:00 0 
7f7baed2f000-7f7baed30000 r-xp 00000000 00:00 0 
7f7baed30000-7f7baed31000 rw-s 00000000 00:01 27571                      /memfd:lp_dma_buf (deleted)
7f7baed31000-7f7baed35000 r--p 00000000 00:23 126342                     /usr/lib/libXext.so.6.4.0
7f7baed35000-7f7baed44000 r-xp 00004000 00:23 126342                     /usr/lib/libXext.so.6.4.0
7f7baed44000-7f7baed47000 r--p 00013000 00:23 126342                     /usr/lib/libXext.so.6.4.0
7f7baed47000-7f7baed48000 r--p 00016000 00:23 126342                     /usr/lib/libXext.so.6.4.0
7f7baed48000-7f7baed49000 rw-p 00017000 00:23 126342                     /usr/lib/libXext.so.6.4.0
7f7baed49000-7f7baedca000 rw-p 00000000 00:00 0 
7f7baedca000-7f7baedcc000 r--p 00000000 00:23 126420                     /usr/lib/libXrender.so.1.3.0
7f7baedcc000-7f7baedd4000 r-xp 00002000 00:23 126420                     /usr/lib/libXrender.so.1.3.0
7f7baedd4000-7f7baedd6000 r--p 0000a000 00:23 126420                     /usr/lib/libXrender.so.1.3.0
7f7baedd6000-7f7baedd7000 r--p 0000b000 00:23 126420                     /usr/lib/libXrender.so.1.3.0
7f7baedd7000-7f7baedd8000 rw-p 0000c000 00:23 126420                     /usr/lib/libXrender.so.1.3.0
7f7baedd8000-7f7baedda000 r--p 00000000 00:23 2947423                    /usr/lib/jvm/java-26-openjdk/lib/libverify.so
7f7baedda000-7f7baede4000 r-xp 00002000 00:23 2947423                    /usr/lib/jvm/java-26-openjdk/lib/libverify.so
7f7baede4000-7f7baede6000 r--p 0000c000 00:23 2947423                    /usr/lib/jvm/java-26-openjdk/lib/libverify.so
7f7baede6000-7f7baede8000 r--p 0000d000 00:23 2947423                    /usr/lib/jvm/java-26-openjdk/lib/libverify.so
7f7baede8000-7f7baede9000 rw-p 0000f000 00:23 2947423                    /usr/lib/jvm/java-26-openjdk/lib/libverify.so
7f7baede9000-7f7baedeb000 r--p 00000000 00:23 2947424                    /usr/lib/jvm/java-26-openjdk/lib/libzip.so
7f7baedeb000-7f7baedf8000 r-xp 00002000 00:23 2947424                    /usr/lib/jvm/java-26-openjdk/lib/libzip.so
7f7baedf8000-7f7baedfe000 r--p 0000f000 00:23 2947424                    /usr/lib/jvm/java-26-openjdk/lib/libzip.so
7f7baedfe000-7f7baedff000 r--p 00014000 00:23 2947424                    /usr/lib/jvm/java-26-openjdk/lib/libzip.so
7f7baedff000-7f7baee00000 rw-p 00015000 00:23 2947424                    /usr/lib/jvm/java-26-openjdk/lib/libzip.so
7f7baee00000-7f7baee0e000 r--p 00000000 00:23 2947438                    /usr/lib/jvm/java-26-openjdk/lib/server/libjvm.so
7f7baee0e000-7f7bafea9000 r-xp 0000e000 00:23 2947438                    /usr/lib/jvm/java-26-openjdk/lib/server/libjvm.so
7f7bafea9000-7f7bb00ec000 r--p 010a9000 00:23 2947438                    /usr/lib/jvm/java-26-openjdk/lib/server/libjvm.so
7f7bb00ec000-7f7bb01de000 r--p 012eb000 00:23 2947438                    /usr/lib/jvm/java-26-openjdk/lib/server/libjvm.so
7f7bb01de000-7f7bb01ff000 rw-p 013dd000 00:23 2947438                    /usr/lib/jvm/java-26-openjdk/lib/server/libjvm.so
7f7bb01ff000-7f7bb0282000 rw-p 00000000 00:00 0 
7f7bb0282000-7f7bb0284000 r--p 00000000 00:23 143981                     /usr/lib/libXtst.so.6.1.0
7f7bb0284000-7f7bb0287000 r-xp 00002000 00:23 143981                     /usr/lib/libXtst.so.6.1.0
7f7bb0287000-7f7bb0288000 r--p 00005000 00:23 143981                     /usr/lib/libXtst.so.6.1.0
7f7bb0288000-7f7bb0289000 r--p 00006000 00:23 143981                     /usr/lib/libXtst.so.6.1.0
7f7bb0289000-7f7bb028a000 rw-p 00007000 00:23 143981                     /usr/lib/libXtst.so.6.1.0
7f7bb028a000-7f7bb028b000 r--p 00000000 00:23 3182535                    /usr/lib/libpthread.so.0
7f7bb028b000-7f7bb028c000 r-xp 00001000 00:23 3182535                    /usr/lib/libpthread.so.0
7f7bb028c000-7f7bb028d000 r--p 00002000 00:23 3182535                    /usr/lib/libpthread.so.0
7f7bb028d000-7f7bb028e000 r--p 00002000 00:23 3182535                    /usr/lib/libpthread.so.0
7f7bb028e000-7f7bb028f000 rw-p 00003000 00:23 3182535                    /usr/lib/libpthread.so.0
7f7bb028f000-7f7bb0291000 r--p 00000000 00:23 2947414                    /usr/lib/jvm/java-26-openjdk/lib/libnet.so
7f7bb0291000-7f7bb0298000 r-xp 00002000 00:23 2947414                    /usr/lib/jvm/java-26-openjdk/lib/libnet.so
7f7bb0298000-7f7bb029a000 r--p 00009000 00:23 2947414                    /usr/lib/jvm/java-26-openjdk/lib/libnet.so
7f7bb029a000-7f7bb029b000 r--p 0000a000 00:23 2947414                    /usr/lib/jvm/java-26-openjdk/lib/libnet.so
7f7bb029b000-7f7bb029c000 rw-p 0000b000 00:23 2947414                    /usr/lib/jvm/java-26-openjdk/lib/libnet.so
7f7bb029c000-7f7bb02a3000 r--p 00000000 00:23 2947415                    /usr/lib/jvm/java-26-openjdk/lib/libnio.so
7f7bb02a3000-7f7bb02ac000 r-xp 00007000 00:23 2947415                    /usr/lib/jvm/java-26-openjdk/lib/libnio.so
7f7bb02ac000-7f7bb02b1000 r--p 00010000 00:23 2947415                    /usr/lib/jvm/java-26-openjdk/lib/libnio.so
7f7bb02b1000-7f7bb02b2000 r--p 00014000 00:23 2947415                    /usr/lib/jvm/java-26-openjdk/lib/libnio.so
7f7bb02b2000-7f7bb02b3000 rw-p 00015000 00:23 2947415                    /usr/lib/jvm/java-26-openjdk/lib/libnio.so
7f7bb02b3000-7f7bb02fa000 rw-p 00000000 00:00 0 
7f7bb02fa000-7f7bb0300000 ---p 00000000 00:00 0 
7f7bb0300000-7f7bb030a000 r--p 00000000 00:23 2947400                    /usr/lib/jvm/java-26-openjdk/lib/libjava.so
7f7bb030a000-7f7bb0319000 r-xp 0000a000 00:23 2947400                    /usr/lib/jvm/java-26-openjdk/lib/libjava.so
7f7bb0319000-7f7bb031e000 r--p 00019000 00:23 2947400                    /usr/lib/jvm/java-26-openjdk/lib/libjava.so
7f7bb031e000-7f7bb031f000 r--p 0001e000 00:23 2947400                    /usr/lib/jvm/java-26-openjdk/lib/libjava.so
7f7bb031f000-7f7bb0320000 rw-p 0001f000 00:23 2947400                    /usr/lib/jvm/java-26-openjdk/lib/libjava.so
7f7bb0320000-7f7bb0321000 rw-p 00000000 00:00 0 
7f7bb0321000-7f7bb0331000 r--p 00000000 00:23 3182518                    /usr/lib/libm.so.6
7f7bb0331000-7f7bb03c7000 r-xp 00010000 00:23 3182518                    /usr/lib/libm.so.6
7f7bb03c7000-7f7bb0427000 r--p 000a6000 00:23 3182518                    /usr/lib/libm.so.6
7f7bb0427000-7f7bb0428000 r--p 00105000 00:23 3182518                    /usr/lib/libm.so.6
7f7bb0428000-7f7bb0429000 rw-p 00106000 00:23 3182518                    /usr/lib/libm.so.6
7f7bb0429000-7f7bb043e000 r--p 00000000 00:23 2747883                    /usr/lib/libsystemd.so.0.44.0
7f7bb043e000-7f7bb0517000 r-xp 00015000 00:23 2747883                    /usr/lib/libsystemd.so.0.44.0
7f7bb0517000-7f7bb0566000 r--p 000ee000 00:23 2747883                    /usr/lib/libsystemd.so.0.44.0
7f7bb0566000-7f7bb056f000 r--p 0013c000 00:23 2747883                    /usr/lib/libsystemd.so.0.44.0
7f7bb056f000-7f7bb0570000 rw-p 00145000 00:23 2747883                    /usr/lib/libsystemd.so.0.44.0
7f7bb0570000-7f7bb0571000 rw-p 00000000 00:00 0 
7f7bb0571000-7f7bb0575000 r--p 00000000 00:23 3183329                    /usr/lib/libgcc_s.so.1
7f7bb0575000-7f7bb05a1000 r-xp 00004000 00:23 3183329                    /usr/lib/libgcc_s.so.1
7f7bb05a1000-7f7bb05a5000 r--p 00030000 00:23 3183329                    /usr/lib/libgcc_s.so.1
7f7bb05a5000-7f7bb05a6000 r--p 00034000 00:23 3183329                    /usr/lib/libgcc_s.so.1
7f7bb05a6000-7f7bb05a7000 rw-p 00035000 00:23 3183329                    /usr/lib/libgcc_s.so.1
7f7bb05a7000-7f7bb05b5000 r--p 00000000 00:23 26507                      /usr/lib/libdbus-1.so.3.38.3
7f7bb05b5000-7f7bb05eb000 r-xp 0000e000 00:23 26507                      /usr/lib/libdbus-1.so.3.38.3
7f7bb05eb000-7f7bb05fd000 r--p 00044000 00:23 26507                      /usr/lib/libdbus-1.so.3.38.3
7f7bb05fd000-7f7bb05ff000 r--p 00055000 00:23 26507                      /usr/lib/libdbus-1.so.3.38.3
7f7bb05ff000-7f7bb0600000 rw-p 00057000 00:23 26507                      /usr/lib/libdbus-1.so.3.38.3
7f7bb0600000-7f7bb0624000 r--p 00000000 00:23 3182508                    /usr/lib/libc.so.6
7f7bb0624000-7f7bb07d4000 r-xp 00024000 00:23 3182508                    /usr/lib/libc.so.6
7f7bb07d4000-7f7bb084c000 r--p 001d4000 00:23 3182508                    /usr/lib/libc.so.6
7f7bb084c000-7f7bb0850000 r--p 0024c000 00:23 3182508                    /usr/lib/libc.so.6
7f7bb0850000-7f7bb0852000 rw-p 00250000 00:23 3182508                    /usr/lib/libc.so.6
7f7bb0852000-7f7bb085b000 rw-p 00000000 00:00 0 
7f7bb085b000-7f7bb085c000 rw-p 00000000 00:00 0 
7f7bb085c000-7f7bb085d000 r--p 00000000 00:23 3182513                    /usr/lib/libdl.so.2
7f7bb085d000-7f7bb085e000 r-xp 00001000 00:23 3182513                    /usr/lib/libdl.so.2
7f7bb085e000-7f7bb085f000 r--p 00002000 00:23 3182513                    /usr/lib/libdl.so.2
7f7bb085f000-7f7bb0860000 r--p 00002000 00:23 3182513                    /usr/lib/libdl.so.2
7f7bb0860000-7f7bb0861000 rw-p 00003000 00:23 3182513                    /usr/lib/libdl.so.2
7f7bb0861000-7f7bb0869000 rw-s 00000000 00:3b 46816                      /tmp/hsperfdata_mirtemir/377949
7f7bb0869000-7f7bb086a000 ---p 00000000 00:00 0 
7f7bb086a000-7f7bb086b000 r--p 00000000 00:00 0 
7f7bb086b000-7f7bb086c000 ---p 00000000 00:00 0 
7f7bb086c000-7f7bb086d000 r--p 00000000 00:23 2947404                    /usr/lib/jvm/java-26-openjdk/lib/libjimage.so
7f7bb086d000-7f7bb086f000 r-xp 00001000 00:23 2947404                    /usr/lib/jvm/java-26-openjdk/lib/libjimage.so
7f7bb086f000-7f7bb0870000 r--p 00003000 00:23 2947404                    /usr/lib/jvm/java-26-openjdk/lib/libjimage.so
7f7bb0870000-7f7bb0871000 r--p 00003000 00:23 2947404                    /usr/lib/jvm/java-26-openjdk/lib/libjimage.so
7f7bb0871000-7f7bb0872000 rw-p 00004000 00:23 2947404                    /usr/lib/jvm/java-26-openjdk/lib/libjimage.so
7f7bb0872000-7f7bb0874000 r--p 00000000 00:23 2361344                    /usr/lib/libgamemode.so.0.0.0
7f7bb0874000-7f7bb0876000 r-xp 00002000 00:23 2361344                    /usr/lib/libgamemode.so.0.0.0
7f7bb0876000-7f7bb0877000 r--p 00004000 00:23 2361344                    /usr/lib/libgamemode.so.0.0.0
7f7bb0877000-7f7bb0878000 r--p 00004000 00:23 2361344                    /usr/lib/libgamemode.so.0.0.0
7f7bb0878000-7f7bb0879000 rw-p 00005000 00:23 2361344                    /usr/lib/libgamemode.so.0.0.0
7f7bb0879000-7f7bb087c000 rw-p 00000000 00:00 0 
7f7bb087c000-7f7bb087e000 r--p 00000000 00:23 2947405                    /usr/lib/jvm/java-26-openjdk/lib/libjli.so
7f7bb087e000-7f7bb088e000 r-xp 00002000 00:23 2947405                    /usr/lib/jvm/java-26-openjdk/lib/libjli.so
7f7bb088e000-7f7bb0894000 r--p 00012000 00:23 2947405                    /usr/lib/jvm/java-26-openjdk/lib/libjli.so
7f7bb0894000-7f7bb0895000 r--p 00017000 00:23 2947405                    /usr/lib/jvm/java-26-openjdk/lib/libjli.so
7f7bb0895000-7f7bb0896000 rw-p 00018000 00:23 2947405                    /usr/lib/jvm/java-26-openjdk/lib/libjli.so
7f7bb0896000-7f7bb0897000 r--p 00000000 00:23 2361347                    /usr/lib/libgamemodeauto.so.0.0.0
7f7bb0897000-7f7bb0899000 r-xp 00001000 00:23 2361347                    /usr/lib/libgamemodeauto.so.0.0.0
7f7bb0899000-7f7bb089a000 r--p 00003000 00:23 2361347                    /usr/lib/libgamemodeauto.so.0.0.0
7f7bb089a000-7f7bb089b000 r--p 00003000 00:23 2361347                    /usr/lib/libgamemodeauto.so.0.0.0
7f7bb089b000-7f7bb089c000 rw-p 00004000 00:23 2361347                    /usr/lib/libgamemodeauto.so.0.0.0
7f7bb089c000-7f7bb089e000 rw-p 00000000 00:00 0 
7f7bb089e000-7f7bb08d2000 r--p 00000000 00:23 3682133                    /etc/ld.so.cache
7f7bb08d2000-7f7bb08d6000 r--p 00000000 00:00 0                          [vvar]
7f7bb08d6000-7f7bb08d8000 r--p 00000000 00:00 0                          [vvar_vclock]
7f7bb08d8000-7f7bb08da000 r-xp 00000000 00:00 0                          [vdso]
7f7bb08da000-7f7bb08db000 r--p 00000000 00:23 3182499                    /usr/lib/ld-linux-x86-64.so.2
7f7bb08db000-7f7bb090d000 r-xp 00001000 00:23 3182499                    /usr/lib/ld-linux-x86-64.so.2
7f7bb090d000-7f7bb091d000 r--p 00033000 00:23 3182499                    /usr/lib/ld-linux-x86-64.so.2
7f7bb091d000-7f7bb091f000 r--p 00042000 00:23 3182499                    /usr/lib/ld-linux-x86-64.so.2
7f7bb091f000-7f7bb0920000 rw-p 00044000 00:23 3182499                    /usr/lib/ld-linux-x86-64.so.2
7f7bb0920000-7f7bb0921000 rw-p 00000000 00:00 0 
7ffd6bd60000-7ffd6bd81000 rw-p 00000000 00:00 0                          [stack]
ffffffffff600000-ffffffffff601000 --xp 00000000 00:00 0                  [vsyscall]
Total number of mappings: 841

JVMTI agents: none


VM Arguments:
java_command: BE2.jar
java_class_path (initial): BE2.jar
Launcher Type: SUN_STANDARD

[Global flags]
     bool AOTAdapterCaching                        = false                                  {diagnostic} {ergonomic}
     bool AOTInvokeDynamicLinking                  = false                                  {diagnostic} {ergonomic}
     bool AOTRecordTraining                        = false                                  {diagnostic} {ergonomic}
     bool AOTReplayTraining                        = false                                  {diagnostic} {ergonomic}
     bool AOTStubCaching                           = false                                  {diagnostic} {ergonomic}
     intx CICompilerCount                          = 4                                         {product} {ergonomic}
     uint ConcGCThreads                            = 2                                         {product} {ergonomic}
     uint G1ConcRefinementThreads                  = 8                                         {product} {ergonomic}
     uint G1EagerReclaimRemSetThreshold            = 16                                   {experimental} {ergonomic}
   size_t G1HeapRegionSize                         = 2097152                                   {product} {ergonomic}
     uint G1RemSetArrayOfCardsEntries              = 16                                   {experimental} {ergonomic}
     uint G1RemSetHowlMaxNumBuckets                = 8                                    {experimental} {ergonomic}
     uint G1RemSetHowlNumBuckets                   = 8                                    {experimental} {ergonomic}
   size_t InitialHeapSize                          = 8388608                                   {product} {ergonomic}
     bool IntelJccErratumMitigation                = false                             {ARCH diagnostic} {ergonomic}
   size_t MarkStackSize                            = 4194304                                   {product} {ergonomic}
   size_t MarkStackSizeMax                         = 536870912                                 {product} {ergonomic}
   size_t MaxHeapSize                              = 4093640704                                {product} {ergonomic}
   size_t MaxNewSize                               = 2455764992                                {product} {ergonomic}
 uint64_t MaxRAM                                   = 16366788608                               {product} {ergonomic}
   size_t MinHeapDeltaBytes                        = 2097152                                   {product} {ergonomic}
   size_t MinHeapSize                              = 8388608                                   {product} {ergonomic}
   size_t NonNMethodCodeHeapSize                   = 5840896                                {pd product} {ergonomic}
   size_t NonProfiledCodeHeapSize                  = 122912768                              {pd product} {ergonomic}
   size_t ProfiledCodeHeapSize                     = 122912768                              {pd product} {ergonomic}
   size_t ReservedCodeCacheSize                    = 251666432                              {pd product} {ergonomic}
     bool SegmentedCodeCache                       = true                                      {product} {ergonomic}
   size_t SoftMaxHeapSize                          = 4093640704                             {manageable} {ergonomic}
     bool UseCompressedOops                        = true                           {product lp64_product} {ergonomic}
     bool UseCondCardMark                          = true                                      {product} {ergonomic}
     bool UseFastUnorderedTimeStamps               = true                                 {experimental} {ergonomic}
     bool UseG1GC                                  = true                                      {product} {ergonomic}
      int X86ICacheSync                            = 3                                 {ARCH diagnostic} {ergonomic}

Logging:
Log output configuration:
 #0: stdout all=warning uptime,level,tags foldmultilines=false
 #1: stderr all=off uptime,level,tags foldmultilines=false

Release file:
IMPLEMENTOR="Arch Linux"
JAVA_RUNTIME_VERSION="26.0.2"
JAVA_VERSION="26.0.2"
JAVA_VERSION_DATE="2026-07-21"
LIBC="gnu"
MODULES="java.base java.compiler java.datatransfer java.xml java.prefs java.desktop java.instrument java.logging java.management java.security.sasl java.naming java.rmi java.management.rmi java.net.http java.scripting java.security.jgss java.transaction.xa java.sql java.sql.rowset java.xml.crypto java.se java.smartcardio jdk.accessibility jdk.internal.jvmstat jdk.attach jdk.charsets jdk.internal.opt jdk.zipfs jdk.compiler jdk.crypto.cryptoki jdk.crypto.ec jdk.dynalink jdk.internal.ed jdk.editpad jdk.internal.vm.ci jdk.graal.compiler jdk.graal.compiler.management jdk.hotspot.agent jdk.httpserver jdk.incubator.vector jdk.internal.le jdk.internal.md jdk.jartool jdk.javadoc jdk.jcmd jdk.management jdk.management.agent jdk.jconsole jdk.jdeps jdk.jdwp.agent jdk.jdi jdk.jfr jdk.jlink jdk.jpackage jdk.jshell jdk.jstatd jdk.localedata jdk.management.jfr jdk.naming.dns jdk.naming.rmi jdk.net jdk.nio.mapmode jdk.sctp jdk.security.auth jdk.security.jgss jdk.unsupported jdk.unsupported.desktop jdk.xml.dom"
OS_ARCH="x86_64"
OS_NAME="Linux"
SOURCE=""

Environment Variables:
PATH=/home/mirtemir/.pyenv/shims:/home/mirtemir/.opencode/bin:/home/mirtemir/.cargo/bin:/home/mirtemir/.local/bin:/usr/local/sbin:/usr/local/bin:/usr/bin:/var/lib/flatpak/exports/bin:/usr/lib/jvm/default/bin:/usr/bin/site_perl:/usr/bin/vendor_perl:/usr/bin/core_perl
LD_PRELOAD=libgamemodeauto.so.0
SHELL=/bin/fish
DISPLAY=:0
WAYLAND_DISPLAY=wayland-1
LANG=ru_RU.UTF-8
LC_ALL=ky_KG.UTF-8
LC_NUMERIC=ky_KG
LC_TIME=ky_KG
TERM=xterm-kitty

Active Locale:
LC_ALL=ky_KG.UTF-8
LC_COLLATE=ky_KG.UTF-8
LC_CTYPE=ky_KG.UTF-8
LC_MESSAGES=ky_KG.UTF-8
LC_MONETARY=ky_KG.UTF-8
LC_NUMERIC=ky_KG.UTF-8
LC_TIME=ky_KG.UTF-8

Signal Handlers:
   SIGSEGV: 0x00007f7bafdc7bd0 in libjvm.so+16546768, mask=11100100010111111101111111111110, flags=SA_RESTART|SA_SIGINFO, unblocked
    SIGBUS: 0x00007f7bafdc7bd0 in libjvm.so+16546768, mask=11100100010111111101111111111110, flags=SA_RESTART|SA_SIGINFO, unblocked
    SIGFPE: 0x00007f7bafdc7bd0 in libjvm.so+16546768, mask=11100100010111111101111111111110, flags=SA_RESTART|SA_SIGINFO, unblocked
   SIGPIPE: 0x00007f7bafc0b980 in libjvm.so+14727552, mask=11100100010111111101111111111110, flags=SA_RESTART|SA_SIGINFO, blocked
   SIGXFSZ: 0x00007f7bafc0b980 in libjvm.so+14727552, mask=11100100010111111101111111111110, flags=SA_RESTART|SA_SIGINFO, blocked
    SIGILL: 0x00007f7bafdc7bd0 in libjvm.so+16546768, mask=11100100010111111101111111111110, flags=SA_RESTART|SA_SIGINFO, unblocked
   SIGUSR2: 0x00007f7bafc0dbd0 in libjvm.so+14736336, mask=00000000000000000000000000000000, flags=SA_RESTART|SA_SIGINFO, blocked
    SIGHUP: 0x00007f7bafc09690 in libjvm.so+14718608, mask=11100100010111111101111111111110, flags=SA_RESTART|SA_SIGINFO, blocked
    SIGINT: 0x00007f7bafc09690 in libjvm.so+14718608, mask=11100100010111111101111111111110, flags=SA_RESTART|SA_SIGINFO, blocked
   SIGTERM: 0x00007f7bafc09690 in libjvm.so+14718608, mask=11100100010111111101111111111110, flags=SA_RESTART|SA_SIGINFO, blocked
   SIGQUIT: 0x00007f7bafc09690 in libjvm.so+14718608, mask=11100100010111111101111111111110, flags=SA_RESTART|SA_SIGINFO, blocked
   SIGTRAP: 0x00007f7bafdc7bd0 in libjvm.so+16546768, mask=11100100010111111101111111111110, flags=SA_RESTART|SA_SIGINFO, unblocked


Compilation memory statistics disabled.

Periodic native trim disabled

---------------  S Y S T E M  ---------------

OS:
CentOS Linux release 7.9.2009 (Core)
uname: Linux 7.2.0-1-cachyos-bore-lto #1 SMP PREEMPT_DYNAMIC Thu, 20 Aug 2026 16:00:34 +0000 x86_64
OS uptime: 0 days 7:45 hours
libc: glibc 2.44 NPTL 2.44 
rlimit (soft/hard): STACK 8192k/infinity , CORE infinity/infinity , NPROC 61455/61455 , NOFILE 1048576/1048576 , AS infinity/infinity , CPU infinity/infinity , DATA infinity/infinity , FSIZE infinity/infinity , MEMLOCK 8192k/8192k
load average: 7,42 5,11 4,06

/proc/meminfo:
MemTotal:       15983192 kB
MemFree:         4147920 kB
MemAvailable:    5752156 kB
Buffers:              24 kB
Cached:          2043888 kB
SwapCached:         8348 kB
Active:          3479752 kB
Inactive:        4324340 kB
Active(anon):    3170964 kB
Inactive(anon):  3412836 kB
Active(file):     308788 kB
Inactive(file):   911504 kB
Unevictable:      544860 kB
Mlocked:             304 kB
SwapTotal:      19179108 kB
SwapFree:       11865504 kB
Zswap:                 0 kB
Zswapped:              0 kB
Dirty:               840 kB
Writeback:             0 kB
AnonPages:       6296080 kB
Mapped:           468456 kB
Shmem:            510452 kB
KReclaimable:     725760 kB
Slab:            1070048 kB
SReclaimable:     725760 kB
SUnreclaim:       344288 kB
KernelStack:       27920 kB
PageTables:       109000 kB
SecPageTables:      2056 kB
NFS_Unstable:          0 kB
Bounce:                0 kB
WritebackTmp:          0 kB
CommitLimit:    27170704 kB
Committed_AS:   41992200 kB
VmallocTotal:   34359738367 kB
VmallocUsed:      199336 kB
VmallocChunk:          0 kB
Percpu:            16384 kB
HardwareCorrupted:     0 kB
AnonHugePages:    987136 kB
ShmemHugePages:   139264 kB
ShmemPmdMapped:        0 kB
FileHugePages:         0 kB
FilePmdMapped:         0 kB
CmaTotal:              0 kB
CmaFree:               0 kB
Unaccepted:            0 kB
Balloon:               0 kB
GPUActive:             0 kB
GPUReclaim:            0 kB
HugePages_Total:       0
HugePages_Free:        0
HugePages_Rsvd:        0
HugePages_Surp:        0
Hugepagesize:       2048 kB
Hugetlb:               0 kB
DirectMap4k:     2735688 kB
DirectMap2M:    13662208 kB
DirectMap1G:           0 kB

/sys/kernel/mm/transparent_hugepage/enabled: [always] madvise never
/sys/kernel/mm/transparent_hugepage/hpage_pmd_size: 2097152
/sys/kernel/mm/transparent_hugepage/shmem_enabled: always within_size [advise] never deny force
/sys/kernel/mm/transparent_hugepage/defrag (defrag/compaction efforts parameter): always defer [defer+madvise] madvise never

Process Memory:
Virtual Size: 8638472K (peak: 8815000K)
Resident Set Size: 2322676K (peak: 2444216K) (anon: 2259728K, file: 53384K, shmem: 9564K)
Swapped out: 127860K
C-Heap outstanding allocations: 1201745K, retained: 1050366K
glibc malloc tunables: (default)

/proc/sys/kernel/threads-max (system-wide limit on the number of threads): 122911
/proc/sys/vm/max_map_count (maximum number of memory map areas a process may have): 1048576
/proc/sys/vm/swappiness (control to define how aggressively the kernel swaps out anonymous memory): 150
/proc/sys/kernel/pid_max (system-wide limit on number of process identifiers): 4194304

container information not found.
Steal ticks since vm start: 0
Steal ticks percentage since vm start:  0,000

CPU: total 12 (initial active 8) (hybrid) family 6 model 186 stepping 2 microcode 0x6134, cx8, cmov, fxsr, ht, mmx, 3dnowpref, sse, sse2, sse3, ssse3, sse4.1, sse4.2, popcnt, lzcnt, tsc, tscinvbit, avx, avx2, aes, erms, clmul, bmi1, bmi2, adx, sha, fma, vzeroupper, clflush, clflushopt, clwb, serialize, rdtscp, rdpid, fsrm, gfni, f16c, pku, ospke, cet_ibt, cet_ss, hybrid
CPU Model and flags from /proc/cpuinfo:
model name	: 13th Gen Intel(R) Core(TM) i5-13420H
flags		: fpu vme de pse tsc msr pae mce cx8 apic sep mtrr pge mca cmov pat pse36 clflush dts acpi mmx fxsr sse sse2 ss ht tm pbe syscall nx pdpe1gb rdtscp lm constant_tsc art arch_perfmon pebs bts rep_good nopl xtopology nonstop_tsc cpuid aperfmperf tsc_known_freq pni pclmulqdq dtes64 monitor ds_cpl vmx smx est tm2 ssse3 sdbg fma cx16 xtpr pdcm pcid sse4_1 sse4_2 x2apic movbe popcnt tsc_deadline_timer aes xsave avx f16c rdrand lahf_lm abm 3dnowprefetch cpuid_fault epb ssbd ibrs ibpb stibp ibrs_enhanced tpr_shadow flexpriority ept vpid ept_ad fsgsbase tsc_adjust bmi1 avx2 smep bmi2 erms invpcid rdseed adx smap clflushopt clwb intel_pt sha_ni xsaveopt xsavec xgetbv1 xsaves split_lock_detect user_shstk avx_vnni dtherm ida arat pln pts hwp hwp_notify hwp_act_window hwp_epp hwp_pkg_req hfi vnmi umip pku ospke waitpkg gfni vaes vpclmulqdq rdpid movdiri movdir64b fsrm md_clear serialize arch_lbr ibt flush_l1d arch_capabilities

Online cpus: 0-11
Offline cpus: 
BIOS frequency limitation: <Not Available>
Frequency switch latency (ns): 0
Available cpu frequencies: <Not Available>
Current governor: performance
Core performance/turbo boost: <Not Available>

Memory: 4k page, physical 15983192k(5752176k free), swap 19179108k(11865568k free)
Page Sizes: 4k

vm_info: OpenJDK 64-Bit Server VM (26.0.2) for linux-amd64 JRE (26.0.2), built on 2026-07-25T19:40:36Z with gcc 16.1.1 20260625

END.
