#
# A fatal error has been detected by the Java Runtime Environment:
#
#  SIGSEGV (0xb) at pc=0x00007f46e4a17606, pid=63983, tid=64013
#
# JRE version: OpenJDK Runtime Environment (26.0.2) (build 26.0.2)
# Java VM: OpenJDK 64-Bit Server VM (26.0.2, mixed mode, sharing, tiered, compressed oops, compressed class ptrs, g1 gc, linux-amd64)
# Problematic frame:
# C  [libgallium-26.2.1-arch3.1.so+0x417606]
#
# Core dump will be written. Default location: Determined by the following: "/usr/lib/systemd/systemd-coredump %P %u %g %s %t %c %h %d %F %I" (alternatively, falling back to /home/mirtemir/AOC2/AoC II MEGAMOD v6.0/core.63983)
#
# If you would like to submit a bug report, please visit:
#   https://bugreport.java.com/bugreport/crash.jsp
# The crash happened outside the Java Virtual Machine in native code.
# See problematic frame for where to report the bug.
#

---------------  S U M M A R Y ------------

Command Line: BE2.jar

Host: 13th Gen Intel(R) Core(TM) i5-13420H, 12 cores, 15G, CentOS Linux release 7.9.2009 (Core)
Time: Fri Aug 28 13:05:27 2026 +06 elapsed time: 208.472672 seconds (0d 0h 3m 28s)

---------------  T H R E A D  ---------------

Current thread (0x00007f473c3058a0):  JavaThread "LWJGL Application"        [_thread_in_native, id=64013, stack(0x00007f470c094000,0x00007f470c194000) (1024K)]

Stack: [0x00007f470c094000,0x00007f470c194000],  sp=0x00007f470c191ff0,  free space=1015k
Native frames: (J=compiled Java code, j=interpreted, Vv=VM code, C=native code)
C  [libgallium-26.2.1-arch3.1.so+0x417606]
Java frames: (J=compiled Java code, j=interpreted, Vv=VM code)
J 2149  org.lwjgl.opengl.GL11.nglDrawElements(IIIJJ)V (0 bytes) @ 0x00007f472b9c9a56 [0x00007f472b9c9a00+0x0000000000000056]
J 3676 c2 com.badlogic.gdx.graphics.g2d.SpriteBatch.flush()V (185 bytes) @ 0x00007f472bafe970 [0x00007f472bafde00+0x0000000000000b70]
J 7714 c1 age.of.civilizations2.jakowski.lukasz.AoCGame.render()V (958 bytes) @ 0x00007f4725f16344 [0x00007f4725f140a0+0x00000000000022a4]
j  com.badlogic.gdx.backends.lwjgl.LwjglApplication.mainLoop()V+698
j  com.badlogic.gdx.backends.lwjgl.LwjglApplication$1.run()V+27
v  ~StubRoutines::Stub Generator call_stub_stub 0x00007f472b3375a2

siginfo: si_signo: 11 (SIGSEGV), si_code: 1 (SEGV_MAPERR), si_addr: 0x0000000000000018

Registers:
RAX=0x0000000000000000, RBX=0x0000000000000001, RCX=0x0000000000000000, RDX=0x00007f46f44a7120
RSP=0x00007f470c191ff0, RBP=0x00007f470c1921a0, RSI=0x0000000000000000, RDI=0x0000000000000000
R8 =0x00007f46f44a7198, R9 =0x0000000000000001, R10=0x0000000000000001, R11=0x00007f46f44a6f40
R12=0x0000000000000040, R13=0x00007f470c192014, R14=0x0000000000000000, R15=0x0000000000000000
RIP=0x00007f46e4a17606, EFLAGS=0x0000000000010202, CSGSFS=0x002b000000000033, ERR=0x0000000000000004
  TRAPNO=0x000000000000000e

XMM[0]=0x0000000000000000 0x000000100006d640
XMM[1]=0x0000000000000000 0x0000000000000010
XMM[2]=0x9393565293935450 0x9393545093935652
XMM[3]=0x0000000000000000 0x00000000b0b0b0b0
XMM[4]=0x0000000000000000 0x0000000044070000
XMM[5]=0x0000000000000000 0x0000000044700000
XMM[6]=0xffffffffffffffff 0xffffffffffffffff
XMM[7]=0xffffffffffffffff 0xffffffffffffffff
XMM[8]=0xffffffffffffffff 0xffffffffffffffff
XMM[9]=0x8080808080808080 0x8080808080808080
XMM[10]=0x8080808080808080 0x8080808080808080
XMM[11]=0x0b800b800a800a80 0x0980098008800880
XMM[12]=0x0f800f800e800e80 0x0d800d800c800c80
XMM[13]=0x0380038002800280 0x0180018000800080
XMM[14]=0x0780078006800680 0x0580058004800480
XMM[15]=0x0000000154442bd4 0x00000001c6e41596
  MXCSR=0x00001fa3


Register to memory mapping:

RAX=0x0 is null
RBX=0x0000000000000001 is an unknown value
RCX=0x0 is null
RDX=0x00007f46f44a7120 points into unknown readable memory: 0x0100140600000000 | 00 00 00 00 06 14 00 01
RSP=0x00007f470c191ff0 is pointing into the stack for thread: 0x00007f473c3058a0
RBP=0x00007f470c1921a0 is pointing into the stack for thread: 0x00007f473c3058a0
RSI=0x0 is null
RDI=0x0 is null
R8 =0x00007f46f44a7198 points into unknown readable memory: 0x0000000000000000 | 00 00 00 00 00 00 00 00
R9 =0x0000000000000001 is an unknown value
R10=0x0000000000000001 is an unknown value
R11=0x00007f46f44a6f40 points into unknown readable memory: 0x0000000300000000 | 00 00 00 00 03 00 00 00
R12=0x0000000000000040 is an unknown value
R13=0x00007f470c192014 is pointing into the stack for thread: 0x00007f473c3058a0
R14=0x0 is null
R15=0x0 is null

Top of Stack: (sp=0x00007f470c191ff0)
0x00007f470c191ff0:   00007f46f7a05f70 00007f46ce6fe880   p_..F.....o.F...
0x00007f470c192000:   00007f46f435b260 00007f46f44c3ac0   `.5.F....:L.F...
0x00007f470c192010:   0000000000000000 00000000000002ac   ................
0x00007f470c192020:   0000000000000000 0000000000001000   ................
0x00007f470c192030:   00000000000002ac 00007f46f44c0000   ..........L.F...
0x00007f470c192040:   0000000000000000 0000000000001c00   ................
0x00007f470c192050:   0000000000000000 0000000000000000   ................
0x00007f470c192060:   0000000000000000 0000000000000000   ................
0x00007f470c192070:   0000000000000001 00007f46f7945740   ........@W..F...
0x00007f470c192080:   0000000000000000 00007f46cede3f30   ........0?..F...
0x00007f470c192090:   00007f46f4e4c650 0000000000000000   P...F...........
0x00007f470c1920a0:   0000000000000000 00007f46e4a0a515   ............F...
0x00007f470c1920b0:   0000000000000004 0000000000000000   ................
0x00007f470c1920c0:   0000000000000000 0000000000000000   ................
0x00007f470c1920d0:   0000000000000000 0000000000000000   ................
0x00007f470c1920e0:   00007f46b35f0900 00007f4718079a30   .._.F...0...G...
0x00007f470c1920f0:   00007f46f7992fb0 00007f46e49384eb   ./..F.......F...
0x00007f470c192100:   0000000000000001 0000000000000000   ................
0x00007f470c192110:   0000000000000000 0000000000000000   ................
0x00007f470c192120:   00007f4600000000 00007f46f6a9d810   ....F.......F...
0x00007f470c192130:   0000000000000000 a0dd45c52bc63b00   .........;.+.E..
0x00007f470c192140:   0000000000000000 0000000000000000   ................
0x00007f470c192150:   0000000000000000 0000000000000000   ................
0x00007f470c192160:   0000000000000000 0000000000000000   ................
0x00007f470c192170:   0000000000000003 00007f46cdf88668   ........h...F...
0x00007f470c192180:   0000000000000000 00007f46f7992fb0   ........./..F...
0x00007f470c192190:   00007f46ce9d00a0 0000000000000000   ....F...........
0x00007f470c1921a0:   0000000000000000 0000000000000000   ................
0x00007f470c1921b0:   0000000000000000 0000000000000002   ................
0x00007f470c1921c0:   0000000000000000 00007f46f41d8368   ........h...F...
0x00007f470c1921d0:   0000000000080000 0000000000000000   ................
0x00007f470c1921e0:   0000000000000000 00007f46e470aee1   ..........p.F...

Instructions: (pc=0x00007f46e4a17606)
  0x00007f46e4a17506:   ec f8 03 00 00 48 89 9c 24 c8 03 00 00 48 89 fb
  0x00007f46e4a17516:   4c 89 b4 24 e8 03 00 00 4c 89 bc 24 f0 03 00 00
  0x00007f46e4a17526:   4c 8b 3f 48 89 ac 24 d0 03 00 00 49 8b 97 68 20
  0x00007f46e4a17536:   0a 00 64 48 8b 04 25 28 00 00 00 48 89 84 24 b8
  0x00007f46e4a17546:   03 00 00 89 f0 48 8b b7 90 13 00 00 4c 8b b2 f0
  0x00007f46e4a17556:   01 00 00 8b 7e 38 c6 83 f3 02 00 00 00 21 c7 0f
  0x00007f46e4a17566:   84 95 01 00 00 4d 8b 9f c0 f3 09 00 4c 89 a4 24
  0x00007f46e4a17576:   d8 03 00 00 45 31 d2 48 8d ac 24 b0 01 00 00 48
  0x00007f46e4a17586:   89 14 24 4d 63 a3 2c 09 00 00 48 89 74 24 08 4c
  0x00007f46e4a17596:   89 7c 24 10 48 89 5c 24 18 49 c1 e4 05 4c 89 ac
  0x00007f46e4a175a6:   24 e0 03 00 00 4c 8d 6c 24 24 31 c0 48 8d 15 67
  0x00007f46e4a175b6:   3e e2 01 44 89 d6 89 fb f3 0f bc c7 41 b9 01 00
  0x00007f46e4a175c6:   00 00 41 83 c2 01 48 89 c1 4c 01 e0 0f b6 14 10
  0x00007f46e4a175d6:   48 89 f0 48 c1 e6 04 41 d3 e1 49 89 d0 48 c1 e2
  0x00007f46e4a175e6:   05 44 31 cf 49 c1 e0 05 4c 01 da 47 0f b6 44 03
  0x00007f46e4a175f6:   2e 4f 8d 04 80 4f 8d 04 c3 4d 8b b8 28 04 00 00
=>0x00007f46e4a17606:   4d 8b 7f 18 c6 44 35 00 00 4c 89 7c 35 08 44 8b
  0x00007f46e4a17616:   7a 20 45 03 b8 18 04 00 00 0f b7 52 28 44 89 7c
  0x00007f46e4a17626:   35 04 48 63 f0 45 31 ff 41 0f a3 ce 48 8d 34 76
  0x00007f46e4a17636:   4d 8b 80 20 04 00 00 41 88 54 b5 03 0f 92 c2 83
  0x00007f46e4a17646:   e0 7f c1 e2 07 66 45 89 7c b5 00 09 d0 4d 89 44
  0x00007f46e4a17656:   b5 04 41 88 44 b5 02 41 39 d9 0f 85 4a ff ff ff
  0x00007f46e4a17666:   48 8b 14 24 48 8b 74 24 08 4c 8b 7c 24 10 48 8b
  0x00007f46e4a17676:   5c 24 18 4c 8b a4 24 d8 03 00 00 4c 8b ac 24 e0
  0x00007f46e4a17686:   03 00 00 0f b6 82 e4 07 00 00 0f b6 56 20 49 89
  0x00007f46e4a17696:   e8 31 c9 48 8b 7b 18 48 8d 74 24 20 01 d0 44 89
  0x00007f46e4a176a6:   d2 89 44 24 20 67 e8 8f 34 3f 00 41 c6 87 ca f3
  0x00007f46e4a176b6:   09 00 00 c6 83 e8 bb 00 00 00 48 8b 84 24 b8 03
  0x00007f46e4a176c6:   00 00 64 48 2b 04 25 28 00 00 00 75 3d 48 8b 9c
  0x00007f46e4a176d6:   24 c8 03 00 00 48 8b ac 24 d0 03 00 00 4c 8b b4
  0x00007f46e4a176e6:   24 e8 03 00 00 4c 8b bc 24 f0 03 00 00 48 81 c4
  0x00007f46e4a176f6:   f8 03 00 00 c3 0f 1f 44 00 00 45 31 d2 48 8d ac


Stack slot to memory mapping:

stack at sp + 0 slots: 0x00007f46f7a05f70 points into unknown readable memory: 0x00007f46cd318760 | 60 87 31 cd 46 7f 00 00
stack at sp + 1 slots: 0x00007f46ce6fe880 points into unknown readable memory: 0x0000000000000000 | 00 00 00 00 00 00 00 00
stack at sp + 2 slots: 0x00007f46f435b260 points into unknown readable memory: 0x00007f46f4429140 | 40 91 42 f4 46 7f 00 00
stack at sp + 3 slots: 0x00007f46f44c3ac0 points into unknown readable memory: 0x00007f46f435b260 | 60 b2 35 f4 46 7f 00 00
stack at sp + 4 slots: 0x0 is null
stack at sp + 5 slots: 0x00000000000002ac is an unknown value
stack at sp + 6 slots: 0x0 is null
stack at sp + 7 slots: 0x0000000000001000 is an unknown value

Lock stack of current Java thread (top to bottom):


Compiled method (n/a) 208475 2149     n 0       org.lwjgl.opengl.GL11::nglDrawElements (native)
 total in heap  [0x00007f472b9c9908,0x00007f472b9c9b68] = 608
 main code      [0x00007f472b9c9a00,0x00007f472b9c9b5d] = 349
 stub code      [0x00007f472b9c9b5d,0x00007f472b9c9b60] = 3
 oops           [0x00007f472b9c9b60,0x00007f472b9c9b68] = 8
 mutable data [0x00007f46f5bb8ea0,0x00007f46f5bb8ec0] = 32
 relocation     [0x00007f46f5bb8ea0,0x00007f46f5bb8ec0] = 32

[Constant Pool (empty)]


Loading hsdis library failed, undisassembled code is shown in MachCode section
[MachCode]
[Entry Point]
  # {method} {0x00007f46f05783c0} 'nglDrawElements' '(IIIJJ)V' in 'org/lwjgl/opengl/GL11'
  # parm0:    rsi       = int
  # parm1:    rdx       = int
  # parm2:    rcx       = int
  # parm3:    r8:r8     = long
  # parm4:    r9:r9     = long
  #           [sp+0x60]  (sp of caller)
  0x00007f472b9c9a00: 6690 448b | 5608 443b 

  0x00007f472b9c9a08: ;   {runtime_call Shared Runtime ic_miss_blob}
  0x00007f472b9c9a08: 5008 0f85 | d0ac 9bff 
[Verified Entry Point]
  0x00007f472b9c9a10: 8984 2400 | c0fe ff55 | 488b ec48 | 83ec 5090 | 4181 7f20 | 1700 0000 

  0x00007f472b9c9a28: ;   {runtime_call Stub::Stub Generator method_entry_barrier_stub}
  0x00007f472b9c9a28: 7405 e8d1 | 239a ff4c | 890c 244d | 8bc8 4c8b | c148 8bca 

  0x00007f472b9c9a3c: ;   {oop(a 'java/lang/Class'{0x00000007ffd12e78} = 'org/lwjgl/opengl/GL11')}
  0x00007f472b9c9a3c: 488b d649 | be78 2ed1 | ff07 0000 | 004c 8974 | 2438 4c8d | 7424 3849 | 8bf6 c5f8 

  0x00007f472b9c9a58: ;   {internal_word}
  0x00007f472b9c9a58: 7749 ba56 | 9a9c 2b47 | 7f00 004d | 8997 7004 | 0000 4989 | a768 0400 | 0049 8dbf | 8804 0000 
  0x00007f472b9c9a78: 41c7 8704 | 0500 0004 

  0x00007f472b9c9a80: ;   {runtime_call Java_org_lwjgl_opengl_GL11_nglDrawElements}
  0x00007f472b9c9a80: 0000 00e8 | 9861 c8e1 | c5f8 7741 | c787 0405 | 0000 0500 | 0000 f083 | 4424 c000 | 493b 6f28 
  0x00007f472b9c9aa0: 0f87 0e00 | 0000 4183 | bf00 0500 | 0000 0f84 | 1c00 0000 | c5f8 7749 | 8bff 4c8b | e448 83ec 
  0x00007f472b9c9ac0: 0048 83e4 

  0x00007f472b9c9ac4: ;   {runtime_call}
  0x00007f472b9c9ac4: f0e8 165f | 0116 498b | e44d 33e4 | 41c7 8704 | 0500 0008 | 0000 0041 | 83bf 8805 | 0000 020f 
  0x00007f472b9c9ae4: 8459 0000 | 0049 c787 | 6804 0000 | 0000 0000 | 49c7 8770 | 0400 0000 | 0000 00c5 | f877 498b 
  0x00007f472b9c9b04: 8fe8 0400 | 00c7 8100 | 0100 0000 | 0000 00c9 

  0x00007f472b9c9b14: ;   {poll_return}
  0x00007f472b9c9b14: 41f6 4728 

  0x00007f472b9c9b18: ;   {internal_word}
  0x00007f472b9c9b18: 0174 1649 | ba14 9b9c | 2b47 7f00 | 004d 8997 | 1005 0000 

  0x00007f472b9c9b2c: ;   {runtime_call SafepointBlob}
  0x00007f472b9c9b2c: e92f d09b | ff49 837f | 0800 0f85 | 0100 0000 

  0x00007f472b9c9b3c: ;   {runtime_call Stub::Stub Generator forward_exception_stub}
  0x00007f472b9c9b3c: c3e9 9ed9 | 96ff c5f8 | 774c 8be4 | 4883 ec00 | 4883 e4f0 

  0x00007f472b9c9b50: ;   {runtime_call}
  0x00007f472b9c9b50: e87b e950 | 1649 8be4 | 4d33 e4eb | 8cf4 f4f4 
[/MachCode]


Compiled method (c2) 208478 3676       4       com.badlogic.gdx.graphics.g2d.SpriteBatch::flush (185 bytes)
 total in heap  [0x00007f472bafdd08,0x00007f472bb00ec8] = 12736
 main code      [0x00007f472bafde00,0x00007f472bb00e30] = 12336
 stub code      [0x00007f472bb00e30,0x00007f472bb00ec0] = 144
 oops           [0x00007f472bb00ec0,0x00007f472bb00ec8] = 8
 mutable data [0x00007f46fc1069e0,0x00007f46fc1070b0] = 1744
 relocation     [0x00007f46fc1069e0,0x00007f46fc106d90] = 944
 metadata       [0x00007f46fc106d90,0x00007f46fc1070b0] = 800
 immutable data [0x00007f46fc1d9510,0x00007f46fc1dbbdc] = 9932
 dependencies   [0x00007f46fc1d9510,0x00007f46fc1d9620] = 272
 nul chk table  [0x00007f46fc1d9620,0x00007f46fc1d97d0] = 432
 handler table  [0x00007f46fc1d97d0,0x00007f46fc1d98c0] = 240
 scopes pcs     [0x00007f46fc1d98c0,0x00007f46fc1da2e0] = 2592
 scopes data    [0x00007f46fc1da2e0,0x00007f46fc1dbbd8] = 6392

[Constant Pool (empty)]


Loading hsdis library failed, undisassembled code is shown in MachCode section
[MachCode]
[Instructions begin]
  0x00007f472bafde00: 6690 448b | 5608 443b 

  0x00007f472bafde08: ;   {runtime_call Shared Runtime ic_miss_blob}
  0x00007f472bafde08: 5008 0f85 | d068 88ff 
[Verified Entry Point]
  0x00007f472bafde10: 8984 2400 | c0fe ff55 | 4881 ec90 | 0000 0090 | 4181 7f20 | 1700 0000 | 0f85 f62f | 0000 4c8b 
  0x00007f472bafde30: ce44 8b5e | 0c45 85db | 0f84 810f | 0000 448b | 462c 458b | d341 c1fa | 1f4d 63db | 4d69 db67 
  0x00007f472bafde50: 6666 6649 | c1fb 2345 | 8bdb 452b | da45 3bd8 | 0f8f 9112 | 0000 ff46 | 2844 8b56 | 3cff 4624 
  0x00007f472bafde70: ; implicit exception: dispatches to 0x00007f472bb00ab8
  0x00007f472bafde70: 478b 44d4 | 0c43 8b4c 

  0x00007f472bafde78: ;   {oop(a 'java/lang/Class'{0x000000070c1c43e8} = 'com/badlogic/gdx/Gdx')}
  0x00007f472bafde78: d410 49ba | e843 1c0c | 0700 0000 | 418b 9290 | 0000 0045 | 8b54 d408 | 428d 1c9d | 0000 0000 
  0x00007f472bafde98: 428d 1c5b 

  0x00007f472bafde9c: ;   {metadata('com/badlogic/gdx/backends/lwjgl/LwjglGL20')}
  0x00007f472bafde9c: 4181 fa00 | 8008 010f | 85ff 1b00 

  0x00007f472bafdea8: ;   {oop(a 'java/lang/Class'{0x00000007ffd13740} = 'org/lwjgl/opengl/GLContext')}
  0x00007f472bafdea8: 0049 ba40 | 37d1 ff07 | 0000 0045 | 8b5a 7c43 | 8b7c dc0c | 4c8b d749 | c1e2 0349 | 8b97 5004 
  0x00007f472bafdec8: 0000 488b | 124c 3bd2 | 0f85 da1d | 0000 438b | 6cdc 1085 | ed0f 840d | 1f00 0049 | 8bbc ec30 
  0x00007f472bafdee8: 1900 0048 | 85ff 0f84 | 241f 0000 | 4889 5424 | 1089 5c24 | 0848 8bee | 418b f08b | d148 8bcf 
  0x00007f472bafdf08: ;   {static_call}
  0x00007f472bafdf08: c5f8 77e8 

  0x00007f472bafdf0c: ; ImmutableOopMap {rbp=Oop [16]=Oop }
                      ;*invokestatic nglBindTexture {reexecute=0 rethrow=0 return_oop=0}
                      ; - org.lwjgl.opengl.GL11::glBindTexture@16 (line 654)
                      ; - com.badlogic.gdx.backends.lwjgl.LwjglGL20::glBindTexture@2 (line 93)
                      ; - com.badlogic.gdx.graphics.GLTexture::bind@11 (line 66)
                      ; - com.badlogic.gdx.graphics.g2d.SpriteBatch::flush@58 (line 962)
  0x00007f472bafdf0c: 8026 e0ff 

  0x00007f472bafdf10: ;   {post_call_nop}
  0x00007f472bafdf10: 0f1f 8400 | 0802 0000 | 488b cd44 | 8b49 3444 | 8b41 3844 | 8b59 0c43 | 8b6c cc10 

  0x00007f472bafdf2c: ; implicit exception: dispatches to 0x00007f472bb00b24
  0x00007f472bafdf2c: 458b 54ec 

  0x00007f472bafdf30: ;   {metadata('com/badlogic/gdx/graphics/glutils/VertexArray')}
  0x00007f472bafdf30: 0841 81fa | c878 0901 | 0f85 961b | 0000 498d | 1cec 8b53 | 1841 8b74 | d408 468d | 149d 0000 
  0x00007f472bafdf50: ;   {metadata('java/nio/DirectByteBuffer')}
  0x00007f472bafdf50: 0000 81fe | 982a 2e00 | 0f85 a21b | 0000 498d | 3cd4 8b6f | 2044 3bd5 | 0f8f ee1e | 0000 4585 
  0x00007f472bafdf70: d20f 8c25 | 1f00 0044 | 8957 1c8b | 6f18 413b | ea0f 8f51 | 1f00 008b | 6f0c 413b | ea0f 8f85 
  0x00007f472bafdf90: 1f00 0048 | 8bef 4889 | 5c24 2844 | 895c 2420 | 4889 4c24 | 184f 8d14 | cc4c 8954 | 2430 4489 
  0x00007f472bafdfb0: 4c24 0c49 | 8bf0 48c1 | e603 4533 | c048 8bd7 | 418b cb90 

  0x00007f472bafdfc4: ;   {static_call}
  0x00007f472bafdfc4: c5f8 77e8 

  0x00007f472bafdfc8: ; ImmutableOopMap {rbp=Oop [12]=NarrowOop [16]=Oop [24]=Oop [40]=Oop [48]=Oop }
                      ;*invokestatic copyJni {reexecute=0 rethrow=0 return_oop=0}
                      ; - com.badlogic.gdx.utils.BufferUtils::copy@35 (line 54)
                      ; - com.badlogic.gdx.graphics.glutils.VertexArray::setVertices@7 (line 84)
                      ; - com.badlogic.gdx.graphics.Mesh::setVertices@7 (line 197)
                      ; - com.badlogic.gdx.graphics.g2d.SpriteBatch::flush@76 (line 964)
  0x00007f472bafdfc8: c4d5 eaff 

  0x00007f472bafdfcc: ;   {post_call_nop}
  0x00007f472bafdfcc: 0f1f 8400 | c402 0001 | 4c8b d541 | 8b6a 1c85 | ed0f 8c75 | 1f00 0041 | 8b6a 0c85 | ed0f 8fa5 
  0x00007f472bafdfec: 1f00 0045 | 8962 184c | 8b54 2428 | 458b 4214 

  0x00007f472bafdffc: ; implicit exception: dispatches to 0x00007f472bb00b70
  0x00007f472bafdffc: 438b 6cc4 | 1c85 ed0f | 8cc7 1f00 | 0043 8b4c | c40c 85c9 | 0f8f f21f | 0000 4789 | 64c4 1843 
  0x00007f472bafe01c: 8b6c c420 | 448b 5c24 | 2044 3bdd | 0f8f 1620 | 0000 4585 | db0f 8c39 | 2000 0047 | 895c c41c 
  0x00007f472bafe03c: 413b cb0f | 8f4b 2000 | 0044 8b54 | 240c 438b | 6cd4 1445 | 8b5c ec08 

  0x00007f472bafe054: ;   {metadata('com/badlogic/gdx/graphics/glutils/IndexArray')}
  0x00007f472bafe054: 4181 fb10 | 5209 010f | 85d7 1a00 | 004d 8d1c | ec45 8b43 | 1043 8b6c | c41c 85ed | 0f8c 3e20 
  0x00007f472bafe074: 0000 438b | 4cc4 0c85 | c90f 8f55 | 2000 0047 | 8964 c418 | 438b 6cc4 | 2044 8b5c | 2408 443b 
  0x00007f472bafe094: dd0f 8f61 | 2000 0045 | 85db 0f8c | 8c20 0000 | 4789 5cc4 | 1c41 3bcb | 0f8f 9e20 | 0000 488b 
  0x00007f472bafe0b4: 4c24 180f | b669 3185 | ed0f 85b1 

  0x00007f472bafe0c0: ;   {oop(a 'java/lang/Class'{0x000000070c1c43e8} = 'com/badlogic/gdx/Gdx')}
  0x00007f472bafe0c0: 2000 0049 | b8e8 431c | 0c07 0000 | 0041 8ba8 | 9000 0000 

  0x00007f472bafe0d4: ; implicit exception: dispatches to 0x00007f472bb00bb8
  0x00007f472bafe0d4: 458b 44ec 

  0x00007f472bafe0d8: ;   {metadata('com/badlogic/gdx/backends/lwjgl/LwjglGL20')}
  0x00007f472bafe0d8: 0841 81f8 | 0080 0801 | 0f85 6a1a 

  0x00007f472bafe0e4: ;   {oop(a 'java/lang/Class'{0x00000007ffd13740} = 'org/lwjgl/opengl/GLContext')}
  0x00007f472bafe0e4: 0000 49b8 | 4037 d1ff | 0700 0000 | 458b 487c 

  0x00007f472bafe0f4: ; implicit exception: dispatches to 0x00007f472bb00bd0
  0x00007f472bafe0f4: 438b 6ccc | 0c4c 8bc5 | 49c1 e003 | 488b 5c24 | 104c 3bc3 | 0f85 d21b | 0000 438b | 6ccc 1085 
  0x00007f472bafe114: ed0f 8479 | 2000 0049 | 8b94 ec60 | 1a00 0048 | 85d2 0f84 | 8820 0000 | 488b e9be | e20b 0000 
  0x00007f472bafe134: ;   {static_call}
  0x00007f472bafe134: c5f8 77e8 

  0x00007f472bafe138: ; ImmutableOopMap {rbp=Oop [12]=NarrowOop [16]=Oop [48]=Oop }
                      ;*invokestatic nglEnable {reexecute=0 rethrow=0 return_oop=0}
                      ; - org.lwjgl.opengl.GL11::glEnable@15 (line 1015)
                      ; - com.badlogic.gdx.backends.lwjgl.LwjglGL20::glEnable@1 (line 292)
                      ; - com.badlogic.gdx.graphics.g2d.SpriteBatch::flush@125 (line 971)
  0x00007f472bafe138: d481 ecff 

  0x00007f472bafe13c: ;   {post_call_nop}
  0x00007f472bafe13c: 0f1f 8400 | 3404 0002 | 4c8b cd45 | 8b59 1841 | 83fb ff0f | 849f 2000 | 0045 8b51 

  0x00007f472bafe158: ;   {oop(a 'java/lang/Class'{0x000000070c1c43e8} = 'com/badlogic/gdx/Gdx')}
  0x00007f472bafe158: 1c49 b8e8 | 431c 0c07 | 0000 0041 | 8ba8 9000 | 0000 418b 

  0x00007f472bafe16c: ;   {metadata('com/badlogic/gdx/backends/lwjgl/LwjglGL20')}
  0x00007f472bafe16c: 4cec 0881 | f900 8008 | 010f 85f5 

  0x00007f472bafe178: ;   {oop(a 'java/lang/Class'{0x00000007ffd13740} = 'org/lwjgl/opengl/GLContext')}
  0x00007f472bafe178: 1900 0049 | b840 37d1 | ff07 0000 | 0041 8b48 | 7c41 8b6c | cc0c 4c8b | c549 c1e0 | 0348 8b5c 
  0x00007f472bafe198: 2410 4c3b | c30f 8569 | 1b00 0041 | 8b6c cc10 | 85ed 0f84 | 6020 0000 | 498b 8cec | 2019 0000 
  0x00007f472bafe1b8: 4885 c90f | 8473 2000 | 0045 8bc2 | 4889 5c24 | 1849 8be9 | 418b f341 | 8bd0 6690 

  0x00007f472bafe1d4: ;   {static_call}
  0x00007f472bafe1d4: c5f8 77e8 

  0x00007f472bafe1d8: ; ImmutableOopMap {rbp=Oop [12]=NarrowOop [24]=Oop [48]=Oop }
                      ;*invokestatic nglBlendFunc {reexecute=0 rethrow=0 return_oop=0}
                      ; - org.lwjgl.opengl.GL11::glBlendFunc@16 (line 627)
                      ; - com.badlogic.gdx.backends.lwjgl.LwjglGL20::glBlendFunc@2 (line 109)
                      ; - com.badlogic.gdx.graphics.g2d.SpriteBatch::flush@149 (line 972)
  0x00007f472bafe1d8: 34b5 ecff 

  0x00007f472bafe1dc: ;   {post_call_nop}
  0x00007f472bafe1dc: 0f1f 8400 | d404 0003 | 4c8b c545 | 8b50 5045 | 85d2 0f84 | 8020 0000 | 8b4c 2408 | 85c9 0f84 
  0x00007f472bafe1fc: 9020 0000 | 448b 4c24 | 0c43 0fb6 | 7ccc 0c85 | ff0f 8495 | 2000 0043 | 8b6c cc10 

  0x00007f472bafe218: ; implicit exception: dispatches to 0x00007f472bb00c20
  0x00007f472bafe218: 458b 5cec 

  0x00007f472bafe21c: ;   {metadata('com/badlogic/gdx/graphics/glutils/VertexArray')}
  0x00007f472bafe21c: 0841 81fb | c878 0901 | 0f85 6a19 | 0000 498d | 14ec 448b | 5a10 438b | 5cdc 1841 | 8b44 dc0c 
  0x00007f472bafe23c: 448b 5a14 

  0x00007f472bafe240: ; implicit exception: dispatches to 0x00007f472bb00c68
  0x00007f472bafe240: 438b 5cdc | 1c44 8bd8 | 897c 242c | 4489 4c24 | 2889 4c24 | 144c 8944 | 2420 448b | 4a18 4889 
  0x00007f472bafe260: 5424 08c1 | e302 478b 

  0x00007f472bafe268: ;   {metadata('java/nio/DirectByteBuffer')}
  0x00007f472bafe268: 44cc 0841 | 81f8 982a | 2e00 0f85 | 4819 0000 | 49c1 e103 | 418b 6920 | 3bdd 0f8f | 4820 0000 
  0x00007f472bafe288: 85db 0f8c | 7c20 0000 | 4189 591c | 418b 6918 | 3beb 0f8f | bc20 0000 | 418b 690c | 3beb 0f8f 
  0x00007f472bafe2a8: ec20 0000 | 418b ca4f | 8d0c d485 | c00f 8606 | 0500 0033 | dbe9 6107 | 0000 33db | 83fa 200f 
  0x00007f472bafe2c8: 8c75 0100 | 0045 33d2 | c5dd efe4 | c5c5 efff | c5cd eff6 | c441 3def 

  0x00007f472bafe2e0: ;   {external_word}
  0x00007f472bafe2e0: c049 bb20 | 662b 4247 | 7f00 0045 | 8b0b c4c1 | 796e c9c4 | e27d 58c9 | 448b da41 | 83e3 e041 
  0x00007f472bafe300: 0faf d9c4 | 217a 7e24 | 17c4 217a | 7e5c 1708 | c421 7a7e | 5417 10c4 | 217a 7e4c | 1718 c4e2 
  0x00007f472bafe320: 5d40 e1c4 | 427d 31e4 | c4c1 5dfe | e4c4 e245 | 40f9 c442 | 7d31 dbc4 | c145 fefb | c4e2 4d40 
  0x00007f472bafe340: f1c4 427d | 31d2 c4c1 | 4dfe f2c4 | 623d 40c1 | c442 7d31 | c9c4 413d | fec1 4183 | c220 453b 
  0x00007f472bafe360: d37c 9c4a | 8d3c 1f41 

  0x00007f472bafe368: ;   {external_word}
  0x00007f472bafe368: 2bd3 49bb | 2466 2b42 | 477f 0000 | c4c1 7e6f | 03c4 e25d 

  0x00007f472bafe37c: ;   {external_word}
  0x00007f472bafe37c: 40e0 49bb | 4466 2b42 | 477f 0000 | c4c1 7e6f | 1bc4 e245 

  0x00007f472bafe390: ;   {external_word}
  0x00007f472bafe390: 40fb 49bb | 6466 2b42 | 477f 0000 | c4c1 7e6f | 13c4 e24d 

  0x00007f472bafe3a4: ;   {external_word}
  0x00007f472bafe3a4: 40f2 49bb | 8466 2b42 | 477f 0000 | c4c1 7e6f | 2bc4 623d | 40c5 c462 | 5d02 e4c4 | 437d 39e3 
  0x00007f472bafe3c4: 01c4 4119 | fee3 c442 | 1902 e4c5 | 796e dbc4 | 4119 fee3 | c579 7ee3 | c462 4502 | d7c4 437d 
  0x00007f472bafe3e4: 39d1 01c4 | 4129 fed1 | c442 2902 | d2c5 796e | cbc4 4129 | fed1 c579 | 7ed3 c462 | 4d02 e6c4 
  0x00007f472bafe404: 437d 39e3 | 01c4 4119 | fee3 c442 | 1902 e4c5 | 796e dbc4 | 4119 fee3 | c579 7ee3 | c442 3d02 
  0x00007f472bafe424: d0c4 437d | 39d1 01c4 | 4129 fed1 | c442 2902 | d2c5 796e | cbc4 4129 | fed1 c579 | 7ed3 41ba 
  0x00007f472bafe444: 0100 0000 | 443b d20f | 8d2e 0000 | 0041 b9c1 | 0300 0041 | 0faf d946 | 0fb6 5c17 | ff45 8bcb 
  0x00007f472bafe464: 41c1 e105 | 452b cb41 | 03d9 460f | b60c 1741 | 03d9 4183 | c202 443b | d27c d27f | 1244 8bdb 
  0x00007f472bafe484: c1e3 0541 | 2bdb 460f | b64c 17ff | 4103 d985 | db0f 8465 | 0c00 0044 | 8b54 244c | 4389 5cd4 
  0x00007f472bafe4a4: ;   {other}
  0x00007f472bafe4a4: 0c44 8bdb | 0f1f 8400 | 0000 0000 | 458b cb44 | 8b54 2450 | 4723 4cd4 | 2045 8bd1 | 448b 4424 
  0x00007f472bafe4c4: 5043 8b6c | c430 458b | 44ec 0c45 | 3bc8 0f83 | b40c 0000 | 4d8d 04ec | 438b 6c88 | 1044 8b4c 
  0x00007f472bafe4e4: 244c 443b | cd0f 8455 | 0100 0045 | 8b4c ec08 

  0x00007f472bafe4f4: ;   {metadata('java/lang/String')}
  0x00007f472bafe4f4: 4181 f968 | 8917 000f | 85ff 2200 | 0044 8b44 | 244c 470f | be4c c410 | 4d8d 04ec | 410f be58 
  0x00007f472bafe514: 1044 3bcb | 0f85 620f | 0000 458b | 4814 8b4c | 244c 458b | 44cc 1443 | 8b7c cc0c | 438b 4cc4 
  0x00007f472bafe534: 0c3b cf0f | 8543 0f00 | 004b 8d74 | cc10 4b8d | 7cc4 1085 | c90f 84dc | 0000 008b | c183 e01f 
  0x00007f472bafe554: 83e1 e00f | 8452 0000 | 0048 8d3c | 0f48 8d34 | 0e48 f7d9 | c5fe 6f0c | 0fc5 fe6f | 040e c5f5 
  0x00007f472bafe574: efc8 c4e2 | 7d17 c90f | 85b1 0000 | 0048 83c1 | 2075 e185 | c00f 849c | 0000 00c5 | fe6f 4c07 
  0x00007f472bafe594: e0c5 fe6f | 4406 e0c5 | f5ef c8c4 | e27d 17c9 | 0f85 8800 | 0000 e97c | 0000 008b | c883 e00f 
  0x00007f472bafe5b4: 83e1 f00f | 842a 0000 | 0048 8d3c | 0f48 8d34 | 0e48 f7d9 | c5fa 6f0c | 0fc5 fa6f | 040e c5f1 
  0x00007f472bafe5d4: efc8 c4e2 | 7917 c90f | 8551 0000 | 0048 83c1 | 1075 e18b | c883 e1fc | 7419 488d 

  0x00007f472bafe5f0: ;   {other}
  0x00007f472bafe5f0: 3c0f 488d | 340e 48f7 | d98b 1c0f | 3b1c 0e75 | 3148 83c1 | 0475 f2a8 | 0274 120f | b71f 0fb7 
  0x00007f472bafe610: 0e3b d975 | 1d48 8d7f | 0248 8d76 | 02a8 0174 | 0a0f b61f | 0fb6 0e3b | d975 07b8 | 0100 0000 
  0x00007f472bafe630: eb02 33c0 | c5f5 efc9 | c5fd efc0 | 85c0 0f84 | 3c0e 0000 | 448b 5c24 | 5043 8b6c | dc34 458b 
  0x00007f472bafe650: 44ec 0c45 | 3bd0 0f83 | a40b 0000 | 4d8d 1cec | 478b 5493 | 1044 8954 | 244c 4585 | d20f 8c4d 
  0x00007f472bafe670: ;   {oop(a 'java/lang/Class'{0x000000070c1c43e8} = 'com/badlogic/gdx/Gdx')}
  0x00007f472bafe670: 0f00 0049 | bae8 431c | 0c07 0000 | 0045 8b9a | 9400 0000 | 448b 4424 | 3843 0fb6 | 6cc4 1d85 
  0x00007f472bafe690: ed0f 8595 | 0f00 0047 | 8b54 dc08 

  0x00007f472bafe69c: ;   {metadata('com/badlogic/gdx/backends/lwjgl/LwjglGL20')}
  0x00007f472bafe69c: 4181 fa00 | 8008 010f | 85a7 0c00 

  0x00007f472bafe6a8: ;   {oop(a 'java/lang/Class'{0x00000007ffd13740} = 'org/lwjgl/opengl/GLContext')}
  0x00007f472bafe6a8: 0049 ba40 | 37d1 ff07 | 0000 0045 | 8b52 7c43 | 8b6c d40c | 4c8b dd49 | c1e3 034c | 8b44 2418 
  0x00007f472bafe6c8: 4d3b d80f | 8577 0e00 | 0043 8b6c | d410 85ed | 0f84 ae0f | 0000 498b | 94ec e823 | 0000 4885 
  0x00007f472bafe6e8: d20f 84f5 | 0f00 008b | 7424 4c48 | 8b6c 2430 

  0x00007f472bafe6f8: ;   {static_call}
  0x00007f472bafe6f8: c5f8 77e8 

  0x00007f472bafe6fc: ; ImmutableOopMap {rbp=Oop [8]=Oop [24]=Oop [32]=Oop [40]=NarrowOop [48]=Oop [56]=NarrowOop [64]=Oop [72]=NarrowOop [88]=Oop }
                      ;*invokestatic nglEnableVertexAttribArray {reexecute=0 rethrow=0 return_oop=0}
                      ; - org.lwjgl.opengl.GL20::glEnableVertexAttribArray@15 (line 912)
                      ; - com.badlogic.gdx.backends.lwjgl.LwjglGL20::glEnableVertexAttribArray@1 (line 296)
                      ; - com.badlogic.gdx.graphics.glutils.ShaderProgram::enableVertexAttribute@10 (line 742)
                      ; - com.badlogic.gdx.graphics.glutils.VertexArray::bind@71 (line 111)
                      ; - com.badlogic.gdx.graphics.Mesh::bind@6 (line 380)
                      ; - com.badlogic.gdx.graphics.Mesh::bind@3 (line 371)
                      ; - com.badlogic.gdx.graphics.Mesh::render@13 (line 479)
                      ; - com.badlogic.gdx.graphics.Mesh::render@10 (line 449)
                      ; - com.badlogic.gdx.graphics.g2d.SpriteBatch::flush@176 (line 975)
  0x00007f472bafe6fc: 104c eaff 

  0x00007f472bafe700: ;   {post_call_nop}
  0x00007f472bafe700: 0f1f 8400 | f809 0004 | 4c8b 5424 | 0845 8b52 | 1844 8b44 | 2448 478b | 5cc4 1847 | 8b44 d408 
  0x00007f472bafe720: ;   {metadata('java/nio/DirectByteBuffer')}
  0x00007f472bafe720: 4181 f898 | 2a2e 000f | 85ab 0c00 | 004f 8d04 | d441 8b68 | 1c44 3bdd | 0f8f 2a10 | 0000 4585 
  0x00007f472bafe740: db0f 8c99 | 1000 0041 | 8b68 0c41 | 3beb 0f8f | 4011 0000 | 4589 5818 | 4c8b 5c24 | 0845 8b43 
  0x00007f472bafe760: 1043 8b7c | c40c 448b | 4424 4843 | 8b4c c410 | 49c1 e203 | 478b 44c4 | 1444 8b4c | 2448 470f 
  0x00007f472bafe780: b64c cc24 | 488b 7424 | 408b 5424 | 4c4c 8914 | 2448 8b6c | 2430 6690 

  0x00007f472bafe798: ;   {optimized virtual_call}
  0x00007f472bafe798: c5f8 77e8 

  0x00007f472bafe79c: ; ImmutableOopMap {rbp=Oop [8]=Oop [24]=Oop [32]=Oop [40]=NarrowOop [48]=Oop [56]=NarrowOop [64]=Oop }
                      ;*invokevirtual setVertexAttribute {reexecute=0 rethrow=0 return_oop=0}
                      ; - com.badlogic.gdx.graphics.glutils.VertexArray::bind@116 (line 114)
                      ; - com.badlogic.gdx.graphics.Mesh::bind@6 (line 380)
                      ; - com.badlogic.gdx.graphics.Mesh::bind@3 (line 371)
                      ; - com.badlogic.gdx.graphics.Mesh::render@13 (line 479)
                      ; - com.badlogic.gdx.graphics.Mesh::render@10 (line 449)
                      ; - com.badlogic.gdx.graphics.g2d.SpriteBatch::flush@176 (line 975)
  0x00007f472bafe79c: f098 f4ff 

  0x00007f472bafe7a0: ;   {post_call_nop}
  0x00007f472bafe7a0: 0f1f 8400 | 980a 0005 | 8b5c 2410 | ffc3 3b5c | 243c 0f8c | 5d02 0000 | 8b4c 2438 | 4c8b 4c24 
  0x00007f472bafe7c0: 404c 8b54 | 2408 41c6 | 420c 0144 | 8b54 2428 | 438b 6cd4 | 1445 8b44 

  0x00007f472bafe7d8: ;   {metadata('com/badlogic/gdx/graphics/glutils/IndexArray')}
  0x00007f472bafe7d8: ec08 4181 | f810 5209 | 010f 8525 | 1400 004d | 8d1c ec41 | 0fb6 6b0c | 85ed 0f85 | dc1b 0000 
  0x00007f472bafe7f8: 418b 5b10 

  0x00007f472bafe7fc: ; implicit exception: dispatches to 0x00007f472bb00cb0
  0x00007f472bafe7fc: 418b 54dc | 1c85 d20f | 8e2f 1500 | 0043 0fb6 | 6cd4 0d85 | ed0f 84e5 | 1b00 0045 | 8b5c dc18 
  0x00007f472bafe81c: 85d2 0f8c | f41b 0000 | 458b 44dc | 0c45 85c0 | 0f8f 3e1c | 0000 4489 | 5c24 2889 | 5424 104c 
  0x00007f472bafe83c: 894c 2438 | 894c 240c | 4489 5424 | 0845 8964 | dc18 418b | 6cdc 2044 | 8b5c 2414 | 443b dd0f 
  0x00007f472bafe85c: 8f6f 1c00 | 0044 8b54 | 2414 4589 | 54dc 1c45 | 3bc2 0f8f | 981c 0000 | 895c 2414 

  0x00007f472bafe878: ;   {oop(a 'java/lang/Class'{0x000000070c1c43e8} = 'com/badlogic/gdx/Gdx')}
  0x00007f472bafe878: 49bb e843 | 1c0c 0700 | 0000 418b | ab94 0000 | 0045 8b44 

  0x00007f472bafe88c: ;   {metadata('com/badlogic/gdx/backends/lwjgl/LwjglGL20')}
  0x00007f472bafe88c: ec08 4181 | f800 8008 | 010f 8599 

  0x00007f472bafe898: ;   {oop(a 'java/lang/Class'{0x00000007ffd13740} = 'org/lwjgl/opengl/GLContext')}
  0x00007f472bafe898: 1300 0049 | bb40 37d1 | ff07 0000 | 0045 8b43 | 7c43 8b6c | c40c 4c8b | dd49 c1e3 | 034c 8b4c 
  0x00007f472bafe8b8: 2418 4d3b | d90f 85a9 | 1400 0047 | 8b5c c410 | 4585 db0f | 8487 1c00 | 004f 8b8c | dc88 1a00 
  0x00007f472bafe8d8: 004d 85c9 | 0f84 aa1c | 0000 478b | 84dc ac3f | 0000 438b | 4cc4 1041 | 8b5c cc10 | 418b 6ccc 
  0x00007f472bafe8f8: 0c45 8b44 | dc0c 413b | e80f 832d | 1100 004d | 8d04 dc41 | 8b4c a810 

  0x00007f472bafe910: ; implicit exception: dispatches to 0x00007f472bb00d40
  0x00007f472bafe910: 418b 6ccc | 1885 ed0f | 8567 1400 | 0041 8b6c | cc0c 85ed | 0f85 c61c | 0000 4585 | d20f 8e51 
  0x00007f472bafe930: 0700 0041 

  0x00007f472bafe934: ;   {oop(a 'org/lwjgl/MemoryUtilSun$AccessorUnsafe'{0x000000070c194fb8})}
  0x00007f472bafe934: 8bd2 49ba | b84f 190c | 0700 0000 | 4d8b 5a10 | 453b 620c | 0f84 3a11 | 0000 448b | 4424 144b 
  0x00007f472bafe954: 8d2c c44e | 8b44 1d00 | be04 0000 | 00b9 0314 | 0000 6690 

  0x00007f472bafe968: ;   {static_call}
  0x00007f472bafe968: c5f8 77e8 

  0x00007f472bafe96c: ; ImmutableOopMap {rbp=Oop [8]=NarrowOop [12]=NarrowOop [20]=NarrowOop [24]=Oop [32]=Oop [48]=Oop [56]=Oop }
                      ;*invokestatic nglDrawElements {reexecute=0 rethrow=0 return_oop=0}
                      ; - org.lwjgl.opengl.GL11::glDrawElements@34 (line 1110)
                      ; - com.badlogic.gdx.backends.lwjgl.LwjglGL20::glDrawElements@21 (line 281)
                      ; - com.badlogic.gdx.graphics.Mesh::render@88 (line 488)
                      ; - com.badlogic.gdx.graphics.Mesh::render@10 (line 449)
                      ; - com.badlogic.gdx.graphics.g2d.SpriteBatch::flush@176 (line 975)
  0x00007f472bafe96c: a0b0 ecff 

  0x00007f472bafe970: ;   {post_call_nop}
  0x00007f472bafe970: 0f1f 8400 | 680c 0006 | 448b 4424 | 1443 8b6c | c41c 448b | 5424 2844 | 3bd5 0f8f | 981c 0000 
  0x00007f472bafe990: 4585 d20f | 8ccf 1c00 | 0047 8b4c | c40c 453b | ca0f 8fe5 | 1c00 0047 | 8954 c418 | 438b 6cc4 
  0x00007f472bafe9b0: 2044 8b5c | 2410 443b | dd0f 8f0d | 1d00 0047 | 895c c41c | 453b d30f | 8f2b 1d00 | 0045 3bcb 
  0x00007f472bafe9d0: 0f8f 421d | 0000 448b | 4c24 0843 | 8b6c cc10 

  0x00007f472bafe9e0: ; implicit exception: dispatches to 0x00007f472bb00d58
  0x00007f472bafe9e0: 458b 54ec 

  0x00007f472bafe9e4: ;   {metadata('com/badlogic/gdx/graphics/glutils/VertexArray')}
  0x00007f472bafe9e4: 0841 81fa | c878 0901 | 0f85 8a12 | 0000 498d | 0cec 448b | 5910 478b | 54dc 1847 | 8b54 d40c 
  0x00007f472bafea04: 4585 d20f | 866c 0300 | 0045 33c0 | e9cf 0300 | 008b 4c24 | 3844 8b5c | 243c 4c8b | 4c24 404c 
  0x00007f472bafea24: 8b44 2408 | 458b 5010 

  0x00007f472bafea2c: ; implicit exception: dispatches to 0x00007f472bb008d4
  0x00007f472bafea2c: 478b 54d4 | 1889 5c24 | 104c 894c | 2440 4489 | 5c24 3c89 | 4c24 3847 | 8b5c d40c | 413b db0f 
  0x00007f472bafea4c: 83f1 0600 | 0049 c1e2 | 0345 8b54 | 9a10 4489 | 5424 4847 | 8b5c d428 | 4489 5c24 | 4c45 8b54 
  0x00007f472bafea6c: cc34 4489 | 5424 5045 | 85d2 0f84 | f406 0000 | 448b 5424 | 4c47 8b5c | d40c 448b | 4424 484f 
  0x00007f472bafea8c: 8d14 c44c | 8954 2458 | 4585 db0f | 8513 faff | ff44 8b54 | 244c 470f | b65c d411 | 4585 db0f 
  0x00007f472bafeaac: 85da 0500 | 0045 8bda | 438b 6cdc | 1443 807c | dc10 000f | 85d5 0500 | 0041 8b54 | ec0c 498d 
  0x00007f472bafeacc: 7cec 1083 | fa02 0f8d | eaf7 ffff | 83fa 010f | 8577 1c00 | 0085 d20f 

  0x00007f472bafeae4: ;   {other}
  0x00007f472bafeae4: 8681 1c00 | 0044 0fb6 | 1f41 8bdb | e99e f9ff | ff66 6666 | 0f1f 8400 | 0000 0000 | 4489 4c24 
  0x00007f472bafeb04: 0848 894c | 2410 4489 | 5424 2844 | 8944 242c | 8954 2440 | 4489 5c24 | 4489 4424 | 4844 8bd6 
  0x00007f472bafeb24: 448b 5c24 | 4844 8bce | 4723 4cdc | 2045 8bd9 | 448b 4424 | 4843 8b6c | c430 458b | 44ec 0c45 
  0x00007f472bafeb44: 3bc8 0f83 | 4807 0000 | 4d8d 04ec | 438b 6c88 | 1044 8b4c | 2440 443b | cd0f 8451 | 0100 0045 
  0x00007f472bafeb64: 8b44 ec08 

  0x00007f472bafeb68: ;   {metadata('java/lang/String')}
  0x00007f472bafeb68: 4181 f868 | 8917 000f | 85eb 1c00 | 0047 0fbe | 44cc 104d | 8d0c ec41 | 0fbe 4910 | 443b c10f 
  0x00007f472bafeb88: 8577 0900 | 0045 8b41 | 148b 4c24 | 4041 8b5c | cc14 478b | 4cc4 0c41 | 8b4c dc0c | 413b c90f 
  0x00007f472bafeba8: 8557 0900 | 004b 8d74 | c410 498d | 7cdc 1085 | c90f 84dc | 0000 008b | c183 e01f | 83e1 e00f 
  0x00007f472bafebc8: 8452 0000 | 0048 8d3c | 0f48 8d34 | 0e48 f7d9 | c5fe 6f0c | 0fc5 fe6f | 040e c5f5 | efc8 c4e2 
  0x00007f472bafebe8: 7d17 c90f | 85b1 0000 | 0048 83c1 | 2075 e185 | c00f 849c | 0000 00c5 | fe6f 4c07 | e0c5 fe6f 
  0x00007f472bafec08: 4406 e0c5 | f5ef c8c4 | e27d 17c9 | 0f85 8800 | 0000 e97c | 0000 008b | c883 e00f | 83e1 f00f 
  0x00007f472bafec28: 842a 0000 | 0048 8d3c | 0f48 8d34 | 0e48 f7d9 | c5fa 6f0c | 0fc5 fa6f | 040e c5f1 | efc8 c4e2 
  0x00007f472bafec48: 7917 c90f | 8551 0000 | 0048 83c1 | 1075 e18b | c883 e1fc | 7419 488d | 3c0f 488d 

  0x00007f472bafec64: ;   {other}
  0x00007f472bafec64: 340e 48f7 | d98b 1c0f | 3b1c 0e75 | 3148 83c1 | 0475 f2a8 | 0274 120f | b71f 0fb7 | 0e3b d975 
  0x00007f472bafec84: 1d48 8d7f | 0248 8d76 | 02a8 0174 | 0a0f b61f | 0fb6 0e3b | d975 07b8 | 0100 0000 | eb02 33c0 
  0x00007f472bafeca4: c5f5 efc9 | c5fd efc0 | 85c0 0f84 | 5008 0000 | 448b 5424 | 4843 8b6c | d434 458b | 54ec 0c45 
  0x00007f472bafecc4: 3bda 0f83 | 3c06 0000 | 4d8d 14ec | 478b 549a | 1041 83fa | fe0f 8469 | 0c00 0045 | 8bc2 4183 
  0x00007f472bafece4: faff 0f84 | a00c 0000 | 448b 5424 | 4447 8b5c 

  0x00007f472bafecf4: ;   {metadata('com/badlogic/gdx/backends/lwjgl/LwjglGL20')}
  0x00007f472bafecf4: d408 4181 | fb00 8008 | 010f 855d 

  0x00007f472bafed00: ;   {oop(a 'java/lang/Class'{0x00000007ffd13740} = 'org/lwjgl/opengl/GLContext')}
  0x00007f472bafed00: 0700 0049 | ba40 37d1 | ff07 0000 | 0045 8b5a | 7c43 8b6c | dc0c 4c8b | d549 c1e2 | 034c 8b4c 
  0x00007f472bafed20: 2418 4d3b | d10f 8559 | 0800 0043 | 8b6c dc10 | 85ed 0f84 | 740c 0000 | 498b 94ec | f023 0000 
  0x00007f472bafed40: 4885 d20f | 849b 0c00 | 0045 8bd0 | 418b f290 

  0x00007f472bafed50: ;   {static_call}
  0x00007f472bafed50: c5f8 77e8 

  0x00007f472bafed54: ; ImmutableOopMap {[8]=NarrowOop [12]=NarrowOop [16]=Oop [24]=Oop [32]=Oop [48]=Oop [56]=Oop }
                      ;*invokestatic nglDisableVertexAttribArray {reexecute=0 rethrow=0 return_oop=0}
                      ; - org.lwjgl.opengl.GL20::glDisableVertexAttribArray@15 (line 920)
                      ; - com.badlogic.gdx.backends.lwjgl.LwjglGL20::glDisableVertexAttribArray@1 (line 272)
                      ; - com.badlogic.gdx.graphics.glutils.ShaderProgram::disableVertexAttribute@22 (line 719)
                      ; - com.badlogic.gdx.graphics.glutils.VertexArray::unbind@34 (line 145)
                      ; - com.badlogic.gdx.graphics.Mesh::unbind@6 (line 398)
                      ; - com.badlogic.gdx.graphics.Mesh::unbind@3 (line 389)
                      ; - com.badlogic.gdx.graphics.Mesh::render@178 (line 501)
                      ; - com.badlogic.gdx.graphics.Mesh::render@10 (line 449)
                      ; - com.badlogic.gdx.graphics.g2d.SpriteBatch::flush@176 (line 975)
  0x00007f472bafed54: b84b eaff 

  0x00007f472bafed58: ;   {post_call_nop}
  0x00007f472bafed58: 0f1f 8400 | 5010 0007 | 448b 4424 | 2c41 ffc0 | 443b 4424 | 287c 6644 | 8b4c 2408 | 488b 4c24 
  0x00007f472bafed78: 1044 8861 | 0c43 8b6c | cc14 458b 

  0x00007f472bafed84: ;   {metadata('com/badlogic/gdx/graphics/glutils/IndexArray')}
  0x00007f472bafed84: 54ec 0841 | 81fa 1052 | 0901 0f85 | 000f 0000 | 4d8d 14ec | 410f b66a | 0c85 ed0f | 8597 1900 
  0x00007f472bafeda4: 0045 8b52 | 1043 8b6c | d41c 85ed | 0f8e 2210 | 0000 4c8b | 5424 2045 | 8962 0cc5 | f877 4881 
  0x00007f472bafedc4: c490 0000 

  0x00007f472bafedc8: ;   {poll_return}
  0x00007f472bafedc8: 005d 493b | 6728 0f87 | 3a20 0000 | c344 8b4c | 2408 488b | 4c24 1044 | 8b54 2428 | 448b 5910 
  0x00007f472bafede8: ; implicit exception: dispatches to 0x00007f472bb009c8
  0x00007f472bafede8: 438b 6cdc | 1841 8b5c | ec0c 443b | c30f 834d | 0400 004d | 8d1c ec47 | 8b5c 8310 

  0x00007f472bafee04: ; implicit exception: dispatches to 0x00007f472bb009f8
  0x00007f472bafee04: 438b 54dc | 288b 5c24 | 0c41 0fb6 

  0x00007f472bafee10: ;   {oop(a 'java/lang/Class'{0x000000070c1c43e8} = 'com/badlogic/gdx/Gdx')}
  0x00007f472bafee10: 44dc 1d49 | bbe8 431c | 0c07 0000 | 0045 8b9b | 9400 0000 | 85c0 0f85 | e00a 0000 | 418b 44dc 
  0x00007f472bafee30: 3485 c00f | 8443 0400 | 0041 8b74 | d40c 85f6 | 0f85 bafc | ffff 8944 | 2448 4489 | 5c24 4489 
  0x00007f472bafee50: 5424 4044 | 8944 242c | 4489 5424 | 2848 894c | 2410 4489 | 4c24 0845 | 0fb6 54d4 | 1145 85d2 
  0x00007f472bafee70: 0f85 1d02 | 0000 418b | 6cd4 1441 | 807c d410 | 000f 8544 | 0200 0041 | 8b54 ec0c | 498d 7cec 
  0x00007f472bafee90: 1083 fa02 | 0f8c 8b02 | 0000 33db | 83fa 200f | 8c75 0100 | 0045 33c0 | c5d5 efed | c5cd eff6 
  0x00007f472bafeeb0: c5c5 efff | c441 3def 

  0x00007f472bafeeb8: ;   {external_word}
  0x00007f472bafeeb8: c049 ba20 | 662b 4247 | 7f00 0045 | 8b1a c4c1 | 796e c3c4 | e27d 58c0 | 448b d241 | 83e2 e041 
  0x00007f472bafeed8: 0faf dbc4 | 217a 7e14 | 07c4 217a | 7e4c 0708 | c421 7a7e | 5c07 10c4 | 217a 7e64 | 0718 c4e2 
  0x00007f472bafeef8: 5540 e8c4 | 427d 31d2 | c4c1 55fe | eac4 e24d | 40f0 c442 | 7d31 c9c4 | c14d fef1 | c4e2 4540 
  0x00007f472bafef18: f8c4 427d | 31db c4c1 | 45fe fbc4 | 623d 40c0 | c442 7d31 | e4c4 413d | fec4 4183 | c020 453b 
  0x00007f472bafef38: c27c 9c4a | 8d3c 1741 

  0x00007f472bafef40: ;   {external_word}
  0x00007f472bafef40: 2bd2 49ba | 2466 2b42 | 477f 0000 | c4c1 7e6f | 0ac4 e255 

  0x00007f472bafef54: ;   {external_word}
  0x00007f472bafef54: 40e9 49ba | 4466 2b42 | 477f 0000 | c4c1 7e6f | 12c4 e24d 

  0x00007f472bafef68: ;   {external_word}
  0x00007f472bafef68: 40f2 49ba | 6466 2b42 | 477f 0000 | c4c1 7e6f | 1ac4 e245 

  0x00007f472bafef7c: ;   {external_word}
  0x00007f472bafef7c: 40fb 49ba | 8466 2b42 | 477f 0000 | c4c1 7e6f | 22c4 623d | 40c4 c462 | 5502 d5c4 | 437d 39d1 
  0x00007f472bafef9c: 01c4 4129 | fed1 c442 | 2902 d2c5 | 796e cbc4 | 4129 fed1 | c579 7ed3 | c462 4d02 | dec4 437d 
  0x00007f472bafefbc: 39dc 01c4 | 4121 fedc | c442 2102 | dbc5 796e | e3c4 4121 | fedc c579 | 7edb c462 | 4502 d7c4 
  0x00007f472bafefdc: 437d 39d1 | 01c4 4129 | fed1 c442 | 2902 d2c5 | 796e cbc4 | 4129 fed1 | c579 7ed3 | c442 3d02 
  0x00007f472bafeffc: d8c4 437d | 39dc 01c4 | 4121 fedc | c442 2102 | dbc5 796e | e3c4 4121 | fedc c579 | 7edb 41b8 
  0x00007f472baff01c: 0100 0000 | 443b c20f | 8d2e 0000 | 0041 bbc1 | 0300 0041 | 0faf db46 | 0fb6 5407 | ff45 8bda 
  0x00007f472baff03c: 41c1 e305 | 452b da41 | 03db 460f | b61c 0741 | 03db 4183 | c002 443b | c27c d27f | 1244 8bd3 
  0x00007f472baff05c: c1e3 0541 | 2bda 460f | b65c 07ff | 4103 db8b | f385 f60f | 849e 0000 | 0044 8b54 | 2440 4389 
  0x00007f472baff07c: ;   {other}
  0x00007f472baff07c: 74d4 0ce9 | 9dfa ffff | 33d2 e9ab | f8ff ff45 | 33db e91d | f4ff ff33 | f6e9 87fa | ffff 488b 
  0x00007f472baff09c: f548 c1e6 | 034f 8d14 | dc44 8b44 | 2450 4b8d | 2cc4 4c89 | 5424 7090 

  0x00007f472baff0b4: ;   {static_call}
  0x00007f472baff0b4: c5f8 77e8 

  0x00007f472baff0b8: ; ImmutableOopMap {rbp=Oop [8]=Oop [24]=Oop [32]=Oop [40]=NarrowOop [48]=Oop [56]=NarrowOop [64]=Oop [72]=NarrowOop [76]=NarrowOop [80]=NarrowOop [88]=Oop [112]=Oop }
                      ;*invokestatic hashCode {reexecute=0 rethrow=0 return_oop=0}
                      ; - java.lang.String::hashCode@37 (line 2720)
                      ; - com.badlogic.gdx.utils.ObjectIntMap::get@1 (line 279)
                      ; - com.badlogic.gdx.graphics.glutils.ShaderProgram::getAttributeLocation@6 (line 865)
                      ; - com.badlogic.gdx.graphics.glutils.VertexArray::bind@55 (line 109)
                      ; - com.badlogic.gdx.graphics.Mesh::bind@6 (line 380)
                      ; - com.badlogic.gdx.graphics.Mesh::bind@3 (line 371)
                      ; - com.badlogic.gdx.graphics.Mesh::render@13 (line 479)
                      ; - com.badlogic.gdx.graphics.Mesh::render@10 (line 449)
                      ; - com.badlogic.gdx.graphics.g2d.SpriteBatch::flush@176 (line 975)
  0x00007f472baff0b8: 245f 88ff 

  0x00007f472baff0bc: ;   {post_call_nop}
  0x00007f472baff0bc: 0f1f 8400 | b413 0008 | 8bd8 e9c8 | f3ff ff48 | 8bf5 48c1 | e603 4d8d | 14c4 498d | 2cd4 4c89 
  0x00007f472baff0dc: 5424 5890 

  0x00007f472baff0e0: ;   {static_call}
  0x00007f472baff0e0: c5f8 77e8 

  0x00007f472baff0e4: ; ImmutableOopMap {rbp=Oop [8]=NarrowOop [12]=NarrowOop [16]=Oop [24]=Oop [32]=Oop [48]=Oop [56]=Oop [64]=NarrowOop [68]=NarrowOop [72]=NarrowOop [88]=Oop }
                      ;*invokestatic hashCode {reexecute=0 rethrow=0 return_oop=0}
                      ; - java.lang.String::hashCode@37 (line 2720)
                      ; - com.badlogic.gdx.utils.ObjectIntMap::get@1 (line 279)
                      ; - com.badlogic.gdx.graphics.glutils.ShaderProgram::fetchAttributeLocation@11 (line 290)
                      ; - com.badlogic.gdx.graphics.glutils.ShaderProgram::disableVertexAttribute@10 (line 717)
                      ; - com.badlogic.gdx.graphics.glutils.VertexArray::unbind@34 (line 145)
                      ; - com.badlogic.gdx.graphics.Mesh::unbind@6 (line 398)
                      ; - com.badlogic.gdx.graphics.Mesh::unbind@3 (line 389)
                      ; - com.badlogic.gdx.graphics.Mesh::render@178 (line 501)
                      ; - com.badlogic.gdx.graphics.Mesh::render@10 (line 449)
                      ; - com.badlogic.gdx.graphics.g2d.SpriteBatch::flush@176 (line 975)
  0x00007f472baff0e4: f85e 88ff 

  0x00007f472baff0e8: ;   {post_call_nop}
  0x00007f472baff0e8: 0f1f 8400 | e013 0009 | 8bf0 e976 | ffff ff44 | 895e 2ce9 | 66ed ffff | 448b 5c24 | 4c43 c644 
  0x00007f472baff108: dc11 0145 | 33db e99d | f3ff ff44 | 8b5c 2440 | 43c6 44dc | 1101 33f6 | e9fc f9ff | ff83 fa01 
  0x00007f472baff128: 0f85 3516 | 0000 85d2 | 0f86 6e16 | 0000 440f | b617 418b | f2e9 2bff | ffff bee4 | ffff ff48 
  0x00007f472baff148: 8b6c 2408 | 4489 5424 | 0c48 ff74 | 2420 488f | 4424 1889 | 4c24 3090 

  0x00007f472baff160: ;   {runtime_call UncommonTrapBlob}
  0x00007f472baff160: c5f8 77e8 

  0x00007f472baff164: ; ImmutableOopMap {rbp=Oop [12]=NarrowOop [24]=Oop [40]=NarrowOop [48]=NarrowOop [56]=NarrowOop }
                      ;*aaload {reexecute=0 rethrow=0 return_oop=0}
                      ; - com.badlogic.gdx.graphics.VertexAttributes::get@5 (line 109)
                      ; - com.badlogic.gdx.graphics.glutils.VertexArray::bind@44 (line 108)
                      ; - com.badlogic.gdx.graphics.Mesh::bind@6 (line 380)
                      ; - com.badlogic.gdx.graphics.Mesh::bind@3 (line 371)
                      ; - com.badlogic.gdx.graphics.Mesh::render@13 (line 479)
                      ; - com.badlogic.gdx.graphics.Mesh::render@10 (line 449)
                      ; - com.badlogic.gdx.graphics.g2d.SpriteBatch::flush@176 (line 975)
  0x00007f472baff164: 78c6 95ff 

  0x00007f472baff168: ;   {post_call_nop}
  0x00007f472baff168: 0f1f 8400 | 6014 000a | bef6 ffff | ff8b 6c24 | 4c66 6690 

  0x00007f472baff17c: ;   {runtime_call UncommonTrapBlob}
  0x00007f472baff17c: c5f8 77e8 

  0x00007f472baff180: ; ImmutableOopMap {rbp=NarrowOop }
                      ;*invokevirtual get {reexecute=0 rethrow=0 return_oop=0}
                      ; - com.badlogic.gdx.graphics.glutils.ShaderProgram::getAttributeLocation@6 (line 865)
                      ; - com.badlogic.gdx.graphics.glutils.VertexArray::bind@55 (line 109)
                      ; - com.badlogic.gdx.graphics.Mesh::bind@6 (line 380)
                      ; - com.badlogic.gdx.graphics.Mesh::bind@3 (line 371)
                      ; - com.badlogic.gdx.graphics.Mesh::render@13 (line 479)
                      ; - com.badlogic.gdx.graphics.Mesh::render@10 (line 449)
                      ; - com.badlogic.gdx.graphics.g2d.SpriteBatch::flush@176 (line 975)
  0x00007f472baff180: 5cc6 95ff 

  0x00007f472baff184: ;   {post_call_nop}
  0x00007f472baff184: 0f1f 8400 | 7c14 000b | bee4 ffff | ff48 ff74 | 2420 488f | 4424 1848 | 8944 24f8 | 8b44 2438 
  0x00007f472baff1a4: 8944 2424 | 488b 4424 | f848 8944 | 24f8 8b44 | 243c 8944 | 2434 488b | 4424 f848 | 8944 24f8 
  0x00007f472baff1c4: 8b44 2448 | 8944 2438 | 488b 4424 | f848 8944 | 24f8 8b44 | 2450 8944 | 243c 488b | 4424 f844 
  0x00007f472baff1e4: 895c 2444 | 4489 4c24 | 5066 6690 

  0x00007f472baff1f0: ;   {runtime_call UncommonTrapBlob}
  0x00007f472baff1f0: c5f8 77e8 

  0x00007f472baff1f4: ; ImmutableOopMap {rbp=NarrowOop [8]=Oop [24]=Oop [36]=NarrowOop [40]=NarrowOop [56]=NarrowOop [60]=NarrowOop [76]=NarrowOop }
                      ;*aaload {reexecute=0 rethrow=0 return_oop=0}
                      ; - com.badlogic.gdx.utils.ObjectIntMap::get@20 (line 281)
                      ; - com.badlogic.gdx.graphics.glutils.ShaderProgram::getAttributeLocation@6 (line 865)
                      ; - com.badlogic.gdx.graphics.glutils.VertexArray::bind@55 (line 109)
                      ; - com.badlogic.gdx.graphics.Mesh::bind@6 (line 380)
                      ; - com.badlogic.gdx.graphics.Mesh::bind@3 (line 371)
                      ; - com.badlogic.gdx.graphics.Mesh::render@13 (line 479)
                      ; - com.badlogic.gdx.graphics.Mesh::render@10 (line 449)
                      ; - com.badlogic.gdx.graphics.g2d.SpriteBatch::flush@176 (line 975)
  0x00007f472baff1f4: e8c5 95ff 

  0x00007f472baff1f8: ;   {post_call_nop}
  0x00007f472baff1f8: 0f1f 8400 | f014 000c | bee4 ffff | ff48 ff74 | 2420 488f | 4424 1848 | 8944 24f8 | 8b44 2438 
  0x00007f472baff218: 8944 2424 | 488b 4424 | f848 8944 | 24f8 8b44 | 243c 8944 | 2434 488b | 4424 f844 | 8954 243c 
  0x00007f472baff238: ;   {runtime_call UncommonTrapBlob}
  0x00007f472baff238: c5f8 77e8 

  0x00007f472baff23c: ; ImmutableOopMap {rbp=NarrowOop [8]=Oop [24]=Oop [36]=NarrowOop [40]=NarrowOop [72]=NarrowOop }
                      ;*iaload {reexecute=0 rethrow=0 return_oop=0}
                      ; - com.badlogic.gdx.utils.ObjectIntMap::get@82 (line 288)
                      ; - com.badlogic.gdx.graphics.glutils.ShaderProgram::getAttributeLocation@6 (line 865)
                      ; - com.badlogic.gdx.graphics.glutils.VertexArray::bind@55 (line 109)
                      ; - com.badlogic.gdx.graphics.Mesh::bind@6 (line 380)
                      ; - com.badlogic.gdx.graphics.Mesh::bind@3 (line 371)
                      ; - com.badlogic.gdx.graphics.Mesh::render@13 (line 479)
                      ; - com.badlogic.gdx.graphics.Mesh::render@10 (line 449)
                      ; - com.badlogic.gdx.graphics.g2d.SpriteBatch::flush@176 (line 975)
  0x00007f472baff23c: a0c5 95ff 

  0x00007f472baff240: ;   {post_call_nop}
  0x00007f472baff240: 0f1f 8400 | 3815 000d | bee4 ffff | ff48 ff74 | 2420 488f | 4424 1044 | 894c 2408 | 4889 4c24 
  0x00007f472baff260: 1844 8954 | 2420 4489 | 4424 2c90 

  0x00007f472baff26c: ;   {runtime_call UncommonTrapBlob}
  0x00007f472baff26c: c5f8 77e8 

  0x00007f472baff270: ; ImmutableOopMap {rbp=NarrowOop [8]=NarrowOop [12]=NarrowOop [16]=Oop [24]=Oop }
                      ;*aaload {reexecute=0 rethrow=0 return_oop=0}
                      ; - com.badlogic.gdx.graphics.VertexAttributes::get@5 (line 109)
                      ; - com.badlogic.gdx.graphics.glutils.VertexArray::unbind@28 (line 145)
                      ; - com.badlogic.gdx.graphics.Mesh::unbind@6 (line 398)
                      ; - com.badlogic.gdx.graphics.Mesh::unbind@3 (line 389)
                      ; - com.badlogic.gdx.graphics.Mesh::render@178 (line 501)
                      ; - com.badlogic.gdx.graphics.Mesh::render@10 (line 449)
                      ; - com.badlogic.gdx.graphics.g2d.SpriteBatch::flush@176 (line 975)
  0x00007f472baff270: 6cc5 95ff 

  0x00007f472baff274: ;   {post_call_nop}
  0x00007f472baff274: 0f1f 8400 | 6c15 000e | bef6 ffff | ff8b ea90 

  0x00007f472baff284: ;   {runtime_call UncommonTrapBlob}
  0x00007f472baff284: c5f8 77e8 

  0x00007f472baff288: ; ImmutableOopMap {rbp=NarrowOop }
                      ;*invokevirtual get {reexecute=0 rethrow=0 return_oop=0}
                      ; - com.badlogic.gdx.graphics.glutils.ShaderProgram::fetchAttributeLocation@11 (line 290)
                      ; - com.badlogic.gdx.graphics.glutils.ShaderProgram::disableVertexAttribute@10 (line 717)
                      ; - com.badlogic.gdx.graphics.glutils.VertexArray::unbind@34 (line 145)
                      ; - com.badlogic.gdx.graphics.Mesh::unbind@6 (line 398)
                      ; - com.badlogic.gdx.graphics.Mesh::unbind@3 (line 389)
                      ; - com.badlogic.gdx.graphics.Mesh::render@178 (line 501)
                      ; - com.badlogic.gdx.graphics.Mesh::render@10 (line 449)
                      ; - com.badlogic.gdx.graphics.g2d.SpriteBatch::flush@176 (line 975)
  0x00007f472baff288: 54c5 95ff 

  0x00007f472baff28c: ;   {post_call_nop}
  0x00007f472baff28c: 0f1f 8400 | 8415 000f | bee4 ffff | ff48 ff74 | 2420 488f | 4424 1848 | 8944 24f8 | 8b44 2428 
  0x00007f472baff2ac: 8944 2420 | 488b 4424 | f848 8944 | 24f8 8b44 | 242c 8944 | 2424 488b | 4424 f848 | 8944 24f8 
  0x00007f472baff2cc: 8b44 2444 | 8944 2434 | 488b 4424 | f848 8944 | 24f8 8b44 | 2448 8944 | 2438 488b | 4424 f844 
  0x00007f472baff2ec: 8954 2444 | 4489 4c24 | 4c66 6690 

  0x00007f472baff2f8: ;   {runtime_call UncommonTrapBlob}
  0x00007f472baff2f8: c5f8 77e8 

  0x00007f472baff2fc: ; ImmutableOopMap {rbp=NarrowOop [8]=NarrowOop [12]=NarrowOop [16]=Oop [24]=Oop [52]=NarrowOop [56]=NarrowOop [64]=NarrowOop }
                      ;*aaload {reexecute=0 rethrow=0 return_oop=0}
                      ; - com.badlogic.gdx.utils.ObjectIntMap::get@20 (line 281)
                      ; - com.badlogic.gdx.graphics.glutils.ShaderProgram::fetchAttributeLocation@11 (line 290)
                      ; - com.badlogic.gdx.graphics.glutils.ShaderProgram::disableVertexAttribute@10 (line 717)
                      ; - com.badlogic.gdx.graphics.glutils.VertexArray::unbind@34 (line 145)
                      ; - com.badlogic.gdx.graphics.Mesh::unbind@6 (line 398)
                      ; - com.badlogic.gdx.graphics.Mesh::unbind@3 (line 389)
                      ; - com.badlogic.gdx.graphics.Mesh::render@178 (line 501)
                      ; - com.badlogic.gdx.graphics.Mesh::render@10 (line 449)
                      ; - com.badlogic.gdx.graphics.g2d.SpriteBatch::flush@176 (line 975)
  0x00007f472baff2fc: e0c4 95ff 

  0x00007f472baff300: ;   {post_call_nop}
  0x00007f472baff300: 0f1f 8400 | f815 0010 | bee4 ffff | ff48 ff74 | 2420 488f | 4424 1848 | 8944 24f8 | 8b44 2428 
  0x00007f472baff320: 8944 2420 | 488b 4424 | f848 8944 | 24f8 8b44 | 242c 8944 | 2424 488b | 4424 f844 | 895c 2438 
  0x00007f472baff340: ;   {runtime_call UncommonTrapBlob}
  0x00007f472baff340: c5f8 77e8 

  0x00007f472baff344: ; ImmutableOopMap {rbp=NarrowOop [8]=NarrowOop [12]=NarrowOop [16]=Oop [24]=Oop [64]=NarrowOop [68]=NarrowOop }
                      ;*iaload {reexecute=0 rethrow=0 return_oop=0}
                      ; - com.badlogic.gdx.utils.ObjectIntMap::get@82 (line 288)
                      ; - com.badlogic.gdx.graphics.glutils.ShaderProgram::fetchAttributeLocation@11 (line 290)
                      ; - com.badlogic.gdx.graphics.glutils.ShaderProgram::disableVertexAttribute@10 (line 717)
                      ; - com.badlogic.gdx.graphics.glutils.VertexArray::unbind@34 (line 145)
                      ; - com.badlogic.gdx.graphics.Mesh::unbind@6 (line 398)
                      ; - com.badlogic.gdx.graphics.Mesh::unbind@3 (line 389)
                      ; - com.badlogic.gdx.graphics.Mesh::render@178 (line 501)
                      ; - com.badlogic.gdx.graphics.Mesh::render@10 (line 449)
                      ; - com.badlogic.gdx.graphics.g2d.SpriteBatch::flush@176 (line 975)
  0x00007f472baff344: 98c4 95ff 

  0x00007f472baff348: ;   {post_call_nop}
  0x00007f472baff348: 0f1f 8400 | 4016 0011 | bede ffff | ff48 8b6c | 2408 4889 | 4424 f88b | 4424 1089 | 4424 0848 
  0x00007f472baff368: 8b44 24f8 | 48ff 7424 | 2048 8f44 | 2418 4889 | 4424 f88b | 4424 2889 | 4424 0c48 | 8b44 24f8 
  0x00007f472baff388: 4889 4424 | f88b 4424 | 2c89 4424 | 2048 8b44 | 24f8 4489 | 4424 2848 | 8944 24f8 | 8b44 243c 
  0x00007f472baff3a8: 8944 242c | 488b 4424 | f848 8944 | 24f8 8b44 | 244c 8944 | 2434 488b | 4424 f844 | 895c 2438 
  0x00007f472baff3c8: ;   {runtime_call UncommonTrapBlob}
  0x00007f472baff3c8: c5f8 77e8 

  0x00007f472baff3cc: ; ImmutableOopMap {rbp=Oop [12]=NarrowOop [24]=Oop [40]=NarrowOop [56]=NarrowOop [72]=NarrowOop }
                      ;*invokeinterface glEnableVertexAttribArray {reexecute=0 rethrow=0 return_oop=0}
                      ; - com.badlogic.gdx.graphics.glutils.ShaderProgram::enableVertexAttribute@10 (line 742)
                      ; - com.badlogic.gdx.graphics.glutils.VertexArray::bind@71 (line 111)
                      ; - com.badlogic.gdx.graphics.Mesh::bind@6 (line 380)
                      ; - com.badlogic.gdx.graphics.Mesh::bind@3 (line 371)
                      ; - com.badlogic.gdx.graphics.Mesh::render@13 (line 479)
                      ; - com.badlogic.gdx.graphics.Mesh::render@10 (line 449)
                      ; - com.badlogic.gdx.graphics.g2d.SpriteBatch::flush@176 (line 975)
  0x00007f472baff3cc: 10c4 95ff 

  0x00007f472baff3d0: ;   {post_call_nop}
  0x00007f472baff3d0: 0f1f 8400 | c816 0012 | bede ffff | ff48 8b6c | 2408 4889 | 4424 f88b | 4424 1089 | 4424 0848 
  0x00007f472baff3f0: 8b44 24f8 | 48ff 7424 | 2048 8f44 | 2418 4889 | 4424 f88b | 4424 2889 | 4424 0c48 | 8b44 24f8 
  0x00007f472baff410: 4889 4424 | f88b 4424 | 3889 4424 | 1048 8b44 | 24f8 4889 | 4424 f88b | 4424 2c89 | 4424 2048 
  0x00007f472baff430: 8b44 24f8 | 4889 4424 | f88b 4424 | 3c89 4424 | 2c48 8b44 | 24f8 4489 | 5424 3844 | 895c 243c 
  0x00007f472baff450: ;   {runtime_call UncommonTrapBlob}
  0x00007f472baff450: c5f8 77e8 

  0x00007f472baff454: ; ImmutableOopMap {rbp=Oop [12]=NarrowOop [16]=NarrowOop [24]=Oop [56]=NarrowOop [72]=NarrowOop }
                      ;*invokevirtual position {reexecute=0 rethrow=0 return_oop=0}
                      ; - com.badlogic.gdx.graphics.glutils.VertexArray::bind@83 (line 113)
                      ; - com.badlogic.gdx.graphics.Mesh::bind@6 (line 380)
                      ; - com.badlogic.gdx.graphics.Mesh::bind@3 (line 371)
                      ; - com.badlogic.gdx.graphics.Mesh::render@13 (line 479)
                      ; - com.badlogic.gdx.graphics.Mesh::render@10 (line 449)
                      ; - com.badlogic.gdx.graphics.g2d.SpriteBatch::flush@176 (line 975)
  0x00007f472baff454: 88c3 95ff 

  0x00007f472baff458: ;   {post_call_nop}
  0x00007f472baff458: 0f1f 8400 | 5017 0013 | bede ffff | ff48 8b6c | 2420 4489 | 4424 2490 

  0x00007f472baff470: ;   {runtime_call UncommonTrapBlob}
  0x00007f472baff470: c5f8 77e8 

  0x00007f472baff474: ; ImmutableOopMap {rbp=Oop [8]=NarrowOop [12]=NarrowOop [16]=Oop [68]=NarrowOop }
                      ;*invokeinterface glDisableVertexAttribArray {reexecute=0 rethrow=0 return_oop=0}
                      ; - com.badlogic.gdx.graphics.glutils.ShaderProgram::disableVertexAttribute@22 (line 719)
                      ; - com.badlogic.gdx.graphics.glutils.VertexArray::unbind@34 (line 145)
                      ; - com.badlogic.gdx.graphics.Mesh::unbind@6 (line 398)
                      ; - com.badlogic.gdx.graphics.Mesh::unbind@3 (line 389)
                      ; - com.badlogic.gdx.graphics.Mesh::render@178 (line 501)
                      ; - com.badlogic.gdx.graphics.Mesh::render@10 (line 449)
                      ; - com.badlogic.gdx.graphics.g2d.SpriteBatch::flush@176 (line 975)
  0x00007f472baff474: 68c3 95ff 

  0x00007f472baff478: ;   {post_call_nop}
  0x00007f472baff478: 0f1f 8400 | 7017 0014 | be45 ffff | ff48 8b6c | 2408 4889 | 4424 f88b | 4424 1089 | 4424 0848 
  0x00007f472baff498: 8b44 24f8 | 48ff 7424 | 2048 8f44 | 2418 4889 | 4424 f88b | 4424 2889 | 4424 0c48 | 8b44 24f8 
  0x00007f472baff4b8: 4889 4424 | f88b 4424 | 3889 4424 | 1048 8b44 | 24f8 4889 | 4424 f88b | 4424 2c89 | 4424 2048 
  0x00007f472baff4d8: 8b44 24f8 | 4889 4424 | f88b 4424 | 3c89 4424 | 2c48 8b44 | 24f8 4489 | 5c24 3c90 

  0x00007f472baff4f4: ;   {runtime_call UncommonTrapBlob}
  0x00007f472baff4f4: c5f8 77e8 

  0x00007f472baff4f8: ; ImmutableOopMap {rbp=Oop [12]=NarrowOop [16]=NarrowOop [24]=Oop [72]=NarrowOop [76]=NarrowOop [80]=NarrowOop }
                      ;*ifne {reexecute=1 rethrow=0 return_oop=0}
                      ; - (reexecute) com.badlogic.gdx.utils.ObjectIntMap::get@24 (line 281)
                      ; - com.badlogic.gdx.graphics.glutils.ShaderProgram::getAttributeLocation@6 (line 865)
                      ; - com.badlogic.gdx.graphics.glutils.VertexArray::bind@55 (line 109)
                      ; - com.badlogic.gdx.graphics.Mesh::bind@6 (line 380)
                      ; - com.badlogic.gdx.graphics.Mesh::bind@3 (line 371)
                      ; - com.badlogic.gdx.graphics.Mesh::render@13 (line 479)
                      ; - com.badlogic.gdx.graphics.Mesh::render@10 (line 449)
                      ; - com.badlogic.gdx.graphics.g2d.SpriteBatch::flush@176 (line 975)
  0x00007f472baff4f8: e4c2 95ff 

  0x00007f472baff4fc: ;   {post_call_nop}
  0x00007f472baff4fc: 0f1f 8400 | f417 0015 | be45 ffff | ff48 8b6c | 2420 4889 | 4424 f88b | 4424 2889 | 4424 1848 
  0x00007f472baff51c: 8b44 24f8 | 4889 4424 | f88b 4424 | 2c89 4424 | 1c48 8b44 | 24f8 4489 | 5424 3890 

  0x00007f472baff538: ;   {runtime_call UncommonTrapBlob}
  0x00007f472baff538: c5f8 77e8 

  0x00007f472baff53c: ; ImmutableOopMap {rbp=Oop [8]=NarrowOop [12]=NarrowOop [16]=Oop [64]=NarrowOop [68]=NarrowOop [72]=NarrowOop }
                      ;*ifne {reexecute=1 rethrow=0 return_oop=0}
                      ; - (reexecute) com.badlogic.gdx.utils.ObjectIntMap::get@24 (line 281)
                      ; - com.badlogic.gdx.graphics.glutils.ShaderProgram::fetchAttributeLocation@11 (line 290)
                      ; - com.badlogic.gdx.graphics.glutils.ShaderProgram::disableVertexAttribute@10 (line 717)
                      ; - com.badlogic.gdx.graphics.glutils.VertexArray::unbind@34 (line 145)
                      ; - com.badlogic.gdx.graphics.Mesh::unbind@6 (line 398)
                      ; - com.badlogic.gdx.graphics.Mesh::unbind@3 (line 389)
                      ; - com.badlogic.gdx.graphics.Mesh::render@178 (line 501)
                      ; - com.badlogic.gdx.graphics.Mesh::render@10 (line 449)
                      ; - com.badlogic.gdx.graphics.g2d.SpriteBatch::flush@176 (line 975)
  0x00007f472baff53c: a0c2 95ff 

  0x00007f472baff540: ;   {post_call_nop}
  0x00007f472baff540: 0f1f 8400 | 3818 0016 | be45 ffff | ff48 8944 | 24f8 8b44 | 2448 8944 | 2440 488b | 4424 f848 
  0x00007f472baff560: 8944 24f8 | 8b44 244c | 8944 2444 | 488b 4424 | f866 6690 

  0x00007f472baff574: ;   {runtime_call UncommonTrapBlob}
  0x00007f472baff574: c5f8 77e8 

  0x00007f472baff578: ; ImmutableOopMap {rbp=NarrowOop [8]=Oop [24]=Oop [32]=Oop [40]=NarrowOop [56]=NarrowOop [64]=NarrowOop }
                      ;*if_acmpne {reexecute=1 rethrow=0 return_oop=0}
                      ; - (reexecute) org.lwjgl.opengl.GLContext::getCapabilitiesImpl@11 (line 132)
                      ; - org.lwjgl.opengl.GLContext::getCapabilities@0 (line 122)
                      ; - org.lwjgl.opengl.GL20::glEnableVertexAttribArray@0 (line 909)
                      ; - com.badlogic.gdx.backends.lwjgl.LwjglGL20::glEnableVertexAttribArray@1 (line 296)
                      ; - com.badlogic.gdx.graphics.glutils.ShaderProgram::enableVertexAttribute@10 (line 742)
                      ; - com.badlogic.gdx.graphics.glutils.VertexArray::bind@71 (line 111)
                      ; - com.badlogic.gdx.graphics.Mesh::bind@6 (line 380)
                      ; - com.badlogic.gdx.graphics.Mesh::bind@3 (line 371)
                      ; - com.badlogic.gdx.graphics.Mesh::render@13 (line 479)
                      ; - com.badlogic.gdx.graphics.Mesh::render@10 (line 449)
                      ; - com.badlogic.gdx.graphics.g2d.SpriteBatch::flush@176 (line 975)
  0x00007f472baff578: 64c2 95ff 

  0x00007f472baff57c: ;   {post_call_nop}
  0x00007f472baff57c: 0f1f 8400 | 7418 0017 | be45 ffff | ff48 ff74 | 2420 488f | 4424 1848 | 8944 24f8 | 8b44 2428 
  0x00007f472baff59c: 8944 2420 | 488b 4424 | f844 8944 | 2428 4c89 | 4c24 3090 

  0x00007f472baff5b0: ;   {runtime_call UncommonTrapBlob}
  0x00007f472baff5b0: c5f8 77e8 

  0x00007f472baff5b4: ; ImmutableOopMap {rbp=NarrowOop [8]=NarrowOop [12]=NarrowOop [16]=Oop [24]=Oop [48]=Oop }
                      ;*if_acmpne {reexecute=1 rethrow=0 return_oop=0}
                      ; - (reexecute) org.lwjgl.opengl.GLContext::getCapabilitiesImpl@11 (line 132)
                      ; - org.lwjgl.opengl.GLContext::getCapabilities@0 (line 122)
                      ; - org.lwjgl.opengl.GL20::glDisableVertexAttribArray@0 (line 917)
                      ; - com.badlogic.gdx.backends.lwjgl.LwjglGL20::glDisableVertexAttribArray@1 (line 272)
                      ; - com.badlogic.gdx.graphics.glutils.ShaderProgram::disableVertexAttribute@22 (line 719)
                      ; - com.badlogic.gdx.graphics.glutils.VertexArray::unbind@34 (line 145)
                      ; - com.badlogic.gdx.graphics.Mesh::unbind@6 (line 398)
                      ; - com.badlogic.gdx.graphics.Mesh::unbind@3 (line 389)
                      ; - com.badlogic.gdx.graphics.Mesh::render@178 (line 501)
                      ; - com.badlogic.gdx.graphics.Mesh::render@10 (line 449)
                      ; - com.badlogic.gdx.graphics.g2d.SpriteBatch::flush@176 (line 975)
  0x00007f472baff5b4: 28c2 95ff 

  0x00007f472baff5b8: ;   {post_call_nop}
  0x00007f472baff5b8: 0f1f 8400 | b018 0018 | be45 ffff | ff48 8b6c | 2408 4889 | 4424 f88b | 4424 1089 | 4424 0848 
  0x00007f472baff5d8: 8b44 24f8 | 48ff 7424 | 2048 8f44 | 2418 4889 | 4424 f88b | 4424 2889 | 4424 0c48 | 8b44 24f8 
  0x00007f472baff5f8: 4889 4424 | f88b 4424 | 3889 4424 | 1048 8b44 | 24f8 4889 | 4424 f88b | 4424 2c89 | 4424 2048 
  0x00007f472baff618: 8b44 24f8 

  0x00007f472baff61c: ;   {runtime_call UncommonTrapBlob}
  0x00007f472baff61c: c5f8 77e8 

  0x00007f472baff620: ; ImmutableOopMap {rbp=Oop [12]=NarrowOop [16]=NarrowOop [24]=Oop }
                      ;*ifge {reexecute=1 rethrow=0 return_oop=0}
                      ; - (reexecute) com.badlogic.gdx.graphics.glutils.VertexArray::bind@62 (line 110)
                      ; - com.badlogic.gdx.graphics.Mesh::bind@6 (line 380)
                      ; - com.badlogic.gdx.graphics.Mesh::bind@3 (line 371)
                      ; - com.badlogic.gdx.graphics.Mesh::render@13 (line 479)
                      ; - com.badlogic.gdx.graphics.Mesh::render@10 (line 449)
                      ; - com.badlogic.gdx.graphics.g2d.SpriteBatch::flush@176 (line 975)
  0x00007f472baff620: bcc1 95ff 

  0x00007f472baff624: ;   {post_call_nop}
  0x00007f472baff624: 0f1f 8400 | 1c19 0019 | be45 ffff | ff48 ff74 | 2420 488f | 4424 1844 | 8944 2430 | 4889 4424 
  0x00007f472baff644: f88b 4424 | 3c89 4424 | 3448 8b44 | 24f8 4889 | 4424 f88b | 4424 4889 | 4424 3c48 | 8b44 24f8 
  0x00007f472baff664: 4889 4424 | f88b 4424 | 4c89 4424 | 4048 8b44 | 24f8 4489 | 5c24 4890 

  0x00007f472baff67c: ;   {runtime_call UncommonTrapBlob}
  0x00007f472baff67c: c5f8 77e8 

  0x00007f472baff680: ; ImmutableOopMap {[8]=Oop [24]=Oop [40]=NarrowOop [48]=NarrowOop [56]=NarrowOop [60]=NarrowOop [72]=NarrowOop }
                      ;*ifeq {reexecute=1 rethrow=0 return_oop=0}
                      ; - (reexecute) com.badlogic.gdx.graphics.glutils.ShaderProgram::checkManaged@4 (line 746)
                      ; - com.badlogic.gdx.graphics.glutils.ShaderProgram::enableVertexAttribute@5 (line 741)
                      ; - com.badlogic.gdx.graphics.glutils.VertexArray::bind@71 (line 111)
                      ; - com.badlogic.gdx.graphics.Mesh::bind@6 (line 380)
                      ; - com.badlogic.gdx.graphics.Mesh::bind@3 (line 371)
                      ; - com.badlogic.gdx.graphics.Mesh::render@13 (line 479)
                      ; - com.badlogic.gdx.graphics.Mesh::render@10 (line 449)
                      ; - com.badlogic.gdx.graphics.g2d.SpriteBatch::flush@176 (line 975)
  0x00007f472baff680: 5cc1 95ff 

  0x00007f472baff684: ;   {post_call_nop}
  0x00007f472baff684: 0f1f 8400 | 7c19 001a | be45 ffff | ff48 ff74 | 2420 488f | 4424 1848 | 8944 24f8 | 8b44 2438 
  0x00007f472baff6a4: 8944 2424 | 488b 4424 | f848 8944 | 24f8 8b44 | 243c 8944 | 2434 488b | 4424 f848 | 8944 24f8 
  0x00007f472baff6c4: 8b44 244c | 8944 243c | 488b 4424 | f866 6690 

  0x00007f472baff6d4: ;   {runtime_call UncommonTrapBlob}
  0x00007f472baff6d4: c5f8 77e8 

  0x00007f472baff6d8: ; ImmutableOopMap {rbp=NarrowOop [8]=Oop [24]=Oop [36]=NarrowOop [40]=NarrowOop [72]=NarrowOop }
                      ;*ifnonnull {reexecute=1 rethrow=0 return_oop=0}
                      ; - (reexecute) org.lwjgl.opengl.GLContext::getCapabilities@5 (line 123)
                      ; - org.lwjgl.opengl.GL20::glEnableVertexAttribArray@0 (line 909)
                      ; - com.badlogic.gdx.backends.lwjgl.LwjglGL20::glEnableVertexAttribArray@1 (line 296)
                      ; - com.badlogic.gdx.graphics.glutils.ShaderProgram::enableVertexAttribute@10 (line 742)
                      ; - com.badlogic.gdx.graphics.glutils.VertexArray::bind@71 (line 111)
                      ; - com.badlogic.gdx.graphics.Mesh::bind@6 (line 380)
                      ; - com.badlogic.gdx.graphics.Mesh::bind@3 (line 371)
                      ; - com.badlogic.gdx.graphics.Mesh::render@13 (line 479)
                      ; - com.badlogic.gdx.graphics.Mesh::render@10 (line 449)
                      ; - com.badlogic.gdx.graphics.g2d.SpriteBatch::flush@176 (line 975)
  0x00007f472baff6d8: 04c1 95ff 

  0x00007f472baff6dc: ;   {post_call_nop}
  0x00007f472baff6dc: 0f1f 8400 | d419 001b | 4533 db49 | 3bd3 bdff | ffff ff7c | 0840 0f95 | c540 0fb6 | edbe 45ff 
  0x00007f472baff6fc: ffff 48ff | 7424 2048 | 8f44 2418 | 4889 4424 | f88b 4424 | 3889 4424 | 2448 8b44 | 24f8 4889 
  0x00007f472baff71c: 4424 f88b | 4424 3c89 | 4424 3448 | 8b44 24f8 | 4889 4424 | f88b 4424 | 4889 4424 | 3848 8b44 
  0x00007f472baff73c: 24f8 4889 | 4424 f88b | 4424 4c89 | 4424 3c48 | 8b44 24f8 | 4889 5424 | 4866 6690 

  0x00007f472baff758: ;   {runtime_call UncommonTrapBlob}
  0x00007f472baff758: c5f8 77e8 

  0x00007f472baff75c: ; ImmutableOopMap {[8]=Oop [24]=Oop [36]=NarrowOop [40]=NarrowOop [56]=NarrowOop }
                      ;*ifne {reexecute=1 rethrow=0 return_oop=0}
                      ; - (reexecute) org.lwjgl.BufferChecks::checkFunctionAddress@9 (line 57)
                      ; - org.lwjgl.opengl.GL20::glEnableVertexAttribArray@10 (line 911)
                      ; - com.badlogic.gdx.backends.lwjgl.LwjglGL20::glEnableVertexAttribArray@1 (line 296)
                      ; - com.badlogic.gdx.graphics.glutils.ShaderProgram::enableVertexAttribute@10 (line 742)
                      ; - com.badlogic.gdx.graphics.glutils.VertexArray::bind@71 (line 111)
                      ; - com.badlogic.gdx.graphics.Mesh::bind@6 (line 380)
                      ; - com.badlogic.gdx.graphics.Mesh::bind@3 (line 371)
                      ; - com.badlogic.gdx.graphics.Mesh::render@13 (line 479)
                      ; - com.badlogic.gdx.graphics.Mesh::render@10 (line 449)
                      ; - com.badlogic.gdx.graphics.g2d.SpriteBatch::flush@176 (line 975)
  0x00007f472baff75c: 80c0 95ff 

  0x00007f472baff760: ;   {post_call_nop}
  0x00007f472baff760: 0f1f 8400 | 581a 001c | be45 ffff | ff48 ff74 | 2420 488f | 4424 1848 | 8944 24f8 | 8b44 2438 
  0x00007f472baff780: 8944 2424 | 488b 4424 | f848 8944 | 24f8 8b44 | 243c 8944 | 2434 488b | 4424 f848 | 8944 24f8 
  0x00007f472baff7a0: 8b44 2448 | 8944 2438 | 488b 4424 | f848 8944 | 24f8 8b44 | 244c 8944 | 243c 488b | 4424 f84c 
  0x00007f472baff7c0: 8944 2448 | 4c89 4424 | 5044 895c | 245c 6690 

  0x00007f472baff7d0: ;   {runtime_call UncommonTrapBlob}
  0x00007f472baff7d0: c5f8 77e8 

  0x00007f472baff7d4: ; ImmutableOopMap {[8]=Oop [24]=Oop [36]=NarrowOop [40]=NarrowOop [56]=NarrowOop [72]=Oop [80]=Oop }
                      ;*if_icmple {reexecute=1 rethrow=0 return_oop=0}
                      ; - (reexecute) java.nio.Buffer::position@5 (line 325)
                      ; - java.nio.ByteBuffer::position@2 (line 1576)
                      ; - java.nio.MappedByteBuffer::position@2 (line 329)
                      ; - java.nio.MappedByteBuffer::position@2 (line 74)
                      ; - com.badlogic.gdx.graphics.glutils.VertexArray::bind@83 (line 113)
                      ; - com.badlogic.gdx.graphics.Mesh::bind@6 (line 380)
                      ; - com.badlogic.gdx.graphics.Mesh::bind@3 (line 371)
                      ; - com.badlogic.gdx.graphics.Mesh::render@13 (line 479)
                      ; - com.badlogic.gdx.graphics.Mesh::render@10 (line 449)
                      ; - com.badlogic.gdx.graphics.g2d.SpriteBatch::flush@176 (line 975)
  0x00007f472baff7d4: 08c0 95ff 

  0x00007f472baff7d8: ;   {post_call_nop}
  0x00007f472baff7d8: 0f1f 8400 | d01a 001d | be45 ffff | ff48 8b6c | 2408 4889 | 4424 f88b | 4424 1089 | 4424 0848 
  0x00007f472baff7f8: 8b44 24f8 | 48ff 7424 | 2048 8f44 | 2418 4889 | 4424 f88b | 4424 2889 | 4424 0c48 | 8b44 24f8 
  0x00007f472baff818: 4889 4424 | f88b 4424 | 3889 4424 | 1048 8b44 | 24f8 4889 | 4424 f88b | 4424 2c89 | 4424 2048 
  0x00007f472baff838: 8b44 24f8 | 4889 4424 | f88b 4424 | 3c89 4424 | 2c48 8b44 | 24f8 4889 | 4424 f88b | 4424 4889 
  0x00007f472baff858: 4424 3048 | 8b44 24f8 | 4889 4424 | f88b 4424 | 4c89 4424 | 3448 8b44 | 24f8 4c89 | 4424 404c 
  0x00007f472baff878: 8944 2448 | 4489 5c24 | 5466 6690 

  0x00007f472baff884: ;   {runtime_call UncommonTrapBlob}
  0x00007f472baff884: c5f8 77e8 

  0x00007f472baff888: ; ImmutableOopMap {rbp=Oop [12]=NarrowOop [16]=NarrowOop [24]=Oop [48]=NarrowOop [64]=Oop [72]=Oop }
                      ;*ifge {reexecute=1 rethrow=0 return_oop=0}
                      ; - (reexecute) java.nio.Buffer::position@14 (line 325)
                      ; - java.nio.ByteBuffer::position@2 (line 1576)
                      ; - java.nio.MappedByteBuffer::position@2 (line 329)
                      ; - java.nio.MappedByteBuffer::position@2 (line 74)
                      ; - com.badlogic.gdx.graphics.glutils.VertexArray::bind@83 (line 113)
                      ; - com.badlogic.gdx.graphics.Mesh::bind@6 (line 380)
                      ; - com.badlogic.gdx.graphics.Mesh::bind@3 (line 371)
                      ; - com.badlogic.gdx.graphics.Mesh::render@13 (line 479)
                      ; - com.badlogic.gdx.graphics.Mesh::render@10 (line 449)
                      ; - com.badlogic.gdx.graphics.g2d.SpriteBatch::flush@176 (line 975)
  0x00007f472baff888: 54bf 95ff 

  0x00007f472baff88c: ;   {post_call_nop}
  0x00007f472baff88c: 0f1f 8400 | 841b 001e | be45 ffff | ff48 ff74 | 2420 488f | 4424 1848 | 8944 24f8 | 8b44 2438 
  0x00007f472baff8ac: 8944 2424 | 488b 4424 | f848 8944 | 24f8 8b44 | 243c 8944 | 2434 488b | 4424 f848 | 8944 24f8 
  0x00007f472baff8cc: 8b44 2448 | 8944 2438 | 488b 4424 | f848 8944 | 24f8 8b44 | 244c 8944 | 243c 488b | 4424 f84c 
  0x00007f472baff8ec: 8944 2448 | 4c89 4424 | 5044 895c | 245c 6690 

  0x00007f472baff8fc: ;   {runtime_call UncommonTrapBlob}
  0x00007f472baff8fc: c5f8 77e8 

  0x00007f472baff900: ; ImmutableOopMap {[8]=Oop [24]=Oop [36]=NarrowOop [40]=NarrowOop [56]=NarrowOop [72]=Oop [80]=Oop }
                      ;*if_icmple {reexecute=1 rethrow=0 return_oop=0}
                      ; - (reexecute) java.nio.Buffer::position@37 (line 327)
                      ; - java.nio.ByteBuffer::position@2 (line 1576)
                      ; - java.nio.MappedByteBuffer::position@2 (line 329)
                      ; - java.nio.MappedByteBuffer::position@2 (line 74)
                      ; - com.badlogic.gdx.graphics.glutils.VertexArray::bind@83 (line 113)
                      ; - com.badlogic.gdx.graphics.Mesh::bind@6 (line 380)
                      ; - com.badlogic.gdx.graphics.Mesh::bind@3 (line 371)
                      ; - com.badlogic.gdx.graphics.Mesh::render@13 (line 479)
                      ; - com.badlogic.gdx.graphics.Mesh::render@10 (line 449)
                      ; - com.badlogic.gdx.graphics.g2d.SpriteBatch::flush@176 (line 975)
  0x00007f472baff900: dcbe 95ff 

  0x00007f472baff904: ;   {post_call_nop}
  0x00007f472baff904: 0f1f 8400 | fc1b 001f | be45 ffff | ff48 8b6c | 2420 4489 | 4c24 0848 | 894c 2410 | 4489 5424 
  0x00007f472baff924: 1844 8944 | 241c 8954 | 2424 4489 | 5c24 2889 | 4424 3090 

  0x00007f472baff938: ;   {runtime_call UncommonTrapBlob}
  0x00007f472baff938: c5f8 77e8 

  0x00007f472baff93c: ; ImmutableOopMap {rbp=Oop [8]=NarrowOop [12]=NarrowOop [16]=Oop [36]=NarrowOop [40]=NarrowOop }
                      ;*ifeq {reexecute=1 rethrow=0 return_oop=0}
                      ; - (reexecute) com.badlogic.gdx.graphics.glutils.ShaderProgram::checkManaged@4 (line 746)
                      ; - com.badlogic.gdx.graphics.glutils.ShaderProgram::disableVertexAttribute@5 (line 716)
                      ; - com.badlogic.gdx.graphics.glutils.VertexArray::unbind@34 (line 145)
                      ; - com.badlogic.gdx.graphics.Mesh::unbind@6 (line 398)
                      ; - com.badlogic.gdx.graphics.Mesh::unbind@3 (line 389)
                      ; - com.badlogic.gdx.graphics.Mesh::render@178 (line 501)
                      ; - com.badlogic.gdx.graphics.Mesh::render@10 (line 449)
                      ; - com.badlogic.gdx.graphics.g2d.SpriteBatch::flush@176 (line 975)
  0x00007f472baff93c: a0be 95ff 

  0x00007f472baff940: ;   {post_call_nop}
  0x00007f472baff940: 0f1f 8400 | 381c 0020 | be45 ffff | ff48 8b6c | 2420 4889 | 4424 f88b | 4424 2889 | 4424 1848 
  0x00007f472baff960: 8b44 24f8 | 4889 4424 | f88b 4424 | 2c89 4424 | 1c48 8b44 | 24f8 4489 | 5424 3090 

  0x00007f472baff97c: ;   {runtime_call UncommonTrapBlob}
  0x00007f472baff97c: c5f8 77e8 

  0x00007f472baff980: ; ImmutableOopMap {rbp=Oop [8]=NarrowOop [12]=NarrowOop [16]=Oop [64]=NarrowOop [68]=NarrowOop }
                      ;*if_icmpne {reexecute=1 rethrow=0 return_oop=0}
                      ; - (reexecute) com.badlogic.gdx.graphics.glutils.ShaderProgram::fetchAttributeLocation@18 (line 290)
                      ; - com.badlogic.gdx.graphics.glutils.ShaderProgram::disableVertexAttribute@10 (line 717)
                      ; - com.badlogic.gdx.graphics.glutils.VertexArray::unbind@34 (line 145)
                      ; - com.badlogic.gdx.graphics.Mesh::unbind@6 (line 398)
                      ; - com.badlogic.gdx.graphics.Mesh::unbind@3 (line 389)
                      ; - com.badlogic.gdx.graphics.Mesh::render@178 (line 501)
                      ; - com.badlogic.gdx.graphics.Mesh::render@10 (line 449)
                      ; - com.badlogic.gdx.graphics.g2d.SpriteBatch::flush@176 (line 975)
  0x00007f472baff980: 5cbe 95ff 

  0x00007f472baff984: ;   {post_call_nop}
  0x00007f472baff984: 0f1f 8400 | 7c1c 0021 | be45 ffff | ff48 8b6c | 2420 4489 | 5424 2090 

  0x00007f472baff99c: ;   {runtime_call UncommonTrapBlob}
  0x00007f472baff99c: c5f8 77e8 

  0x00007f472baff9a0: ; ImmutableOopMap {rbp=Oop [8]=NarrowOop [12]=NarrowOop [16]=Oop }
                      ;*if_icmpne {reexecute=1 rethrow=0 return_oop=0}
                      ; - (reexecute) com.badlogic.gdx.graphics.glutils.ShaderProgram::disableVertexAttribute@16 (line 718)
                      ; - com.badlogic.gdx.graphics.glutils.VertexArray::unbind@34 (line 145)
                      ; - com.badlogic.gdx.graphics.Mesh::unbind@6 (line 398)
                      ; - com.badlogic.gdx.graphics.Mesh::unbind@3 (line 389)
                      ; - com.badlogic.gdx.graphics.Mesh::render@178 (line 501)
                      ; - com.badlogic.gdx.graphics.Mesh::render@10 (line 449)
                      ; - com.badlogic.gdx.graphics.g2d.SpriteBatch::flush@176 (line 975)
  0x00007f472baff9a0: 3cbe 95ff 

  0x00007f472baff9a4: ;   {post_call_nop}
  0x00007f472baff9a4: 0f1f 8400 | 9c1c 0022 | be45 ffff | ff48 ff74 | 2420 488f | 4424 1848 | 8944 24f8 | 8b44 2428 
  0x00007f472baff9c4: 8944 2420 | 488b 4424 | f844 8944 | 2428 6690 

  0x00007f472baff9d4: ;   {runtime_call UncommonTrapBlob}
  0x00007f472baff9d4: c5f8 77e8 

  0x00007f472baff9d8: ; ImmutableOopMap {rbp=NarrowOop [8]=NarrowOop [12]=NarrowOop [16]=Oop [24]=Oop }
                      ;*ifnonnull {reexecute=1 rethrow=0 return_oop=0}
                      ; - (reexecute) org.lwjgl.opengl.GLContext::getCapabilities@5 (line 123)
                      ; - org.lwjgl.opengl.GL20::glDisableVertexAttribArray@0 (line 917)
                      ; - com.badlogic.gdx.backends.lwjgl.LwjglGL20::glDisableVertexAttribArray@1 (line 272)
                      ; - com.badlogic.gdx.graphics.glutils.ShaderProgram::disableVertexAttribute@22 (line 719)
                      ; - com.badlogic.gdx.graphics.glutils.VertexArray::unbind@34 (line 145)
                      ; - com.badlogic.gdx.graphics.Mesh::unbind@6 (line 398)
                      ; - com.badlogic.gdx.graphics.Mesh::unbind@3 (line 389)
                      ; - com.badlogic.gdx.graphics.Mesh::render@178 (line 501)
                      ; - com.badlogic.gdx.graphics.Mesh::render@10 (line 449)
                      ; - com.badlogic.gdx.graphics.g2d.SpriteBatch::flush@176 (line 975)
  0x00007f472baff9d8: 04be 95ff 

  0x00007f472baff9dc: ;   {post_call_nop}
  0x00007f472baff9dc: 0f1f 8400 | d41c 0023 | 4533 d249 | 3bd2 bdff | ffff ff7c | 0840 0f95 | c540 0fb6 | edbe 45ff 
  0x00007f472baff9fc: ffff 48ff | 7424 2048 | 8f44 2418 | 4889 4424 | f88b 4424 | 2889 4424 | 2048 8b44 | 24f8 4489 
  0x00007f472baffa1c: 4424 2848 | 8954 2430 

  0x00007f472baffa24: ;   {runtime_call UncommonTrapBlob}
  0x00007f472baffa24: c5f8 77e8 

  0x00007f472baffa28: ; ImmutableOopMap {[8]=NarrowOop [12]=NarrowOop [16]=Oop [24]=Oop }
                      ;*ifne {reexecute=1 rethrow=0 return_oop=0}
                      ; - (reexecute) org.lwjgl.BufferChecks::checkFunctionAddress@9 (line 57)
                      ; - org.lwjgl.opengl.GL20::glDisableVertexAttribArray@10 (line 919)
                      ; - com.badlogic.gdx.backends.lwjgl.LwjglGL20::glDisableVertexAttribArray@1 (line 272)
                      ; - com.badlogic.gdx.graphics.glutils.ShaderProgram::disableVertexAttribute@22 (line 719)
                      ; - com.badlogic.gdx.graphics.glutils.VertexArray::unbind@34 (line 145)
                      ; - com.badlogic.gdx.graphics.Mesh::unbind@6 (line 398)
                      ; - com.badlogic.gdx.graphics.Mesh::unbind@3 (line 389)
                      ; - com.badlogic.gdx.graphics.Mesh::render@178 (line 501)
                      ; - com.badlogic.gdx.graphics.Mesh::render@10 (line 449)
                      ; - com.badlogic.gdx.graphics.g2d.SpriteBatch::flush@176 (line 975)
  0x00007f472baffa28: b4bd 95ff 

  0x00007f472baffa2c: ;   {post_call_nop}
  0x00007f472baffa2c: 0f1f 8400 | 241d 0024 | bee4 ffff | ff48 ff74 | 2420 488f | 4424 1848 | 8944 24f8 | 8b44 242c 
  0x00007f472baffa4c: 8944 2420 | 488b 4424 | f848 8944 | 24f8 8b44 | 2428 8944 | 2424 488b | 4424 f84c | 894c 2430 
  0x00007f472baffa6c: 4489 5c24 | 2c89 5c24 | 3866 6690 

  0x00007f472baffa78: ;   {runtime_call UncommonTrapBlob}
  0x00007f472baffa78: c5f8 77e8 

  0x00007f472baffa7c: ; ImmutableOopMap {[8]=NarrowOop [12]=NarrowOop [20]=NarrowOop [24]=Oop [44]=NarrowOop [56]=NarrowOop }
                      ;*aaload {reexecute=0 rethrow=0 return_oop=0}
                      ; - org.lwjgl.opengl.ReferencesStack::getReferences@8 (line 41)
                      ; - org.lwjgl.opengl.StateTracker::getReferences@7 (line 85)
                      ; - org.lwjgl.opengl.StateTracker::getElementArrayBufferBound@1 (line 143)
                      ; - org.lwjgl.opengl.GLChecks::ensureElementVBOdisabled@7 (line 82)
                      ; - org.lwjgl.opengl.GL11::glDrawElements@14 (line 1108)
                      ; - com.badlogic.gdx.backends.lwjgl.LwjglGL20::glDrawElements@21 (line 281)
                      ; - com.badlogic.gdx.graphics.Mesh::render@88 (line 488)
                      ; - com.badlogic.gdx.graphics.Mesh::render@10 (line 449)
                      ; - com.badlogic.gdx.graphics.g2d.SpriteBatch::flush@176 (line 975)
  0x00007f472baffa7c: 60bd 95ff 

  0x00007f472baffa80: ;   {post_call_nop}
  0x00007f472baffa80: 0f1f 8400 | 781d 0025 | bef6 ffff | ff8b 6c24 | 144c 895c | 2408 6690 

  0x00007f472baffa98: ;   {runtime_call UncommonTrapBlob}
  0x00007f472baffa98: c5f8 77e8 

  0x00007f472baffa9c: ; ImmutableOopMap {rbp=NarrowOop }
                      ;*invokevirtual getLong {reexecute=0 rethrow=0 return_oop=0}
                      ; - org.lwjgl.MemoryUtilSun$AccessorUnsafe::getAddress@9 (line 70)
                      ; - org.lwjgl.MemoryUtil::getAddress0@4 (line 113)
                      ; - org.lwjgl.MemoryUtil::getAddress@1 (line 129)
                      ; - org.lwjgl.MemoryUtil::getAddress@5 (line 127)
                      ; - org.lwjgl.opengl.GL11::glDrawElements@30 (line 1110)
                      ; - com.badlogic.gdx.backends.lwjgl.LwjglGL20::glDrawElements@21 (line 281)
                      ; - com.badlogic.gdx.graphics.Mesh::render@88 (line 488)
                      ; - com.badlogic.gdx.graphics.Mesh::render@10 (line 449)
                      ; - com.badlogic.gdx.graphics.g2d.SpriteBatch::flush@176 (line 975)
  0x00007f472baffa9c: 40bd 95ff 

  0x00007f472baffaa0: ;   {post_call_nop}
  0x00007f472baffaa0: 0f1f 8400 | 981d 0026 | bede ffff | ff49 8be9 | 895c 2408 | 8954 240c | 4489 4424 | 1089 4c24 
  0x00007f472baffac0: 1466 6690 

  0x00007f472baffac4: ;   {runtime_call UncommonTrapBlob}
  0x00007f472baffac4: c5f8 77e8 

  0x00007f472baffac8: ; ImmutableOopMap {rbp=Oop [12]=NarrowOop }
                      ;*invokeinterface glBindTexture {reexecute=0 rethrow=0 return_oop=0}
                      ; - com.badlogic.gdx.graphics.GLTexture::bind@11 (line 66)
                      ; - com.badlogic.gdx.graphics.g2d.SpriteBatch::flush@58 (line 962)
  0x00007f472baffac8: 14bd 95ff 

  0x00007f472baffacc: ;   {post_call_nop}
  0x00007f472baffacc: 0f1f 8400 | c41d 0027 | bede ffff | ff48 894c | 2410 4489 | 4c24 1844 | 8944 241c | 4489 5c24 
  0x00007f472baffaec: 2066 6690 

  0x00007f472baffaf0: ;   {runtime_call UncommonTrapBlob}
  0x00007f472baffaf0: c5f8 77e8 

  0x00007f472baffaf4: ; ImmutableOopMap {rbp=NarrowOop [16]=Oop [24]=NarrowOop [28]=NarrowOop }
                      ;*invokeinterface setVertices {reexecute=0 rethrow=0 return_oop=0}
                      ; - com.badlogic.gdx.graphics.Mesh::setVertices@7 (line 197)
                      ; - com.badlogic.gdx.graphics.g2d.SpriteBatch::flush@76 (line 964)
  0x00007f472baffaf4: e8bc 95ff 

  0x00007f472baffaf8: ;   {post_call_nop}
  0x00007f472baffaf8: 0f1f 8400 | f01d 0028 | bede ffff | ff48 8be9 | 4489 4c24 | 1048 895c | 2418 4489 | 4424 2044 
  0x00007f472baffb18: 895c 2428 | 8954 242c | 4489 5424 | 3066 6690 

  0x00007f472baffb28: ;   {runtime_call UncommonTrapBlob}
  0x00007f472baffb28: c5f8 77e8 

  0x00007f472baffb2c: ; ImmutableOopMap {rbp=Oop [16]=NarrowOop [24]=Oop [32]=NarrowOop [44]=NarrowOop }
                      ;*invokevirtual limit {reexecute=0 rethrow=0 return_oop=0}
                      ; - com.badlogic.gdx.utils.BufferUtils::copy@11 (line 51)
                      ; - com.badlogic.gdx.graphics.glutils.VertexArray::setVertices@7 (line 84)
                      ; - com.badlogic.gdx.graphics.Mesh::setVertices@7 (line 197)
                      ; - com.badlogic.gdx.graphics.g2d.SpriteBatch::flush@76 (line 964)
  0x00007f472baffb2c: b0bc 95ff 

  0x00007f472baffb30: ;   {post_call_nop}
  0x00007f472baffb30: 0f1f 8400 | 281e 0029 | bede ffff | ff66 6690 

  0x00007f472baffb40: ;   {runtime_call UncommonTrapBlob}
  0x00007f472baffb40: c5f8 77e8 

  0x00007f472baffb44: ; ImmutableOopMap {rbp=NarrowOop [12]=NarrowOop [24]=Oop }
                      ;*invokeinterface getBuffer {reexecute=0 rethrow=0 return_oop=0}
                      ; - com.badlogic.gdx.graphics.Mesh::getIndicesBuffer@4 (line 797)
                      ; - com.badlogic.gdx.graphics.g2d.SpriteBatch::flush@81 (line 965)
  0x00007f472baffb44: 98bc 95ff 

  0x00007f472baffb48: ;   {post_call_nop}
  0x00007f472baffb48: 0f1f 8400 | 401e 002a | bede ffff | ff44 895c | 2410 4489 | 5424 1490 

  0x00007f472baffb60: ;   {runtime_call UncommonTrapBlob}
  0x00007f472baffb60: c5f8 77e8 

  0x00007f472baffb64: ; ImmutableOopMap {rbp=NarrowOop [20]=NarrowOop [24]=Oop }
                      ;*invokeinterface glEnable {reexecute=0 rethrow=0 return_oop=0}
                      ; - com.badlogic.gdx.graphics.g2d.SpriteBatch::flush@125 (line 971)
  0x00007f472baffb64: 78bc 95ff 

  0x00007f472baffb68: ;   {post_call_nop}
  0x00007f472baffb68: 0f1f 8400 | 601e 002b | bede ffff | ff4c 894c | 2410 4489 | 5c24 1844 | 8954 241c 

  0x00007f472baffb84: ;   {runtime_call UncommonTrapBlob}
  0x00007f472baffb84: c5f8 77e8 

  0x00007f472baffb88: ; ImmutableOopMap {rbp=NarrowOop [12]=NarrowOop [16]=Oop }
                      ;*invokeinterface glBlendFunc {reexecute=0 rethrow=0 return_oop=0}
                      ; - com.badlogic.gdx.graphics.g2d.SpriteBatch::flush@149 (line 972)
  0x00007f472baffb88: 54bc 95ff 

  0x00007f472baffb8c: ;   {post_call_nop}
  0x00007f472baffb8c: 0f1f 8400 | 841e 002c | bede ffff | ff4c 8944 | 2408 894c | 2418 897c | 241c 4489 | 4c24 2044 
  0x00007f472baffbac: 8954 2424 

  0x00007f472baffbb0: ;   {runtime_call UncommonTrapBlob}
  0x00007f472baffbb0: c5f8 77e8 

  0x00007f472baffbb4: ; ImmutableOopMap {rbp=NarrowOop [8]=Oop [32]=NarrowOop [36]=NarrowOop }
                      ;*invokeinterface bind {reexecute=0 rethrow=0 return_oop=0}
                      ; - com.badlogic.gdx.graphics.Mesh::bind@6 (line 380)
                      ; - com.badlogic.gdx.graphics.Mesh::bind@3 (line 371)
                      ; - com.badlogic.gdx.graphics.Mesh::render@13 (line 479)
                      ; - com.badlogic.gdx.graphics.Mesh::render@10 (line 449)
                      ; - com.badlogic.gdx.graphics.g2d.SpriteBatch::flush@176 (line 975)
  0x00007f472baffbb4: 28bc 95ff 

  0x00007f472baffbb8: ;   {post_call_nop}
  0x00007f472baffbb8: 0f1f 8400 | b01e 002d | bede ffff | ff48 8bea | 48ff 7424 | 2048 8f44 | 2408 4889 | 4424 f88b 
  0x00007f472baffbd8: 4424 2889 | 4424 1048 | 8b44 24f8 | 897c 241c | 4489 5424 | 2489 4424 | 2844 894c | 242c 895c 
  0x00007f472baffbf8: 2430 6690 

  0x00007f472baffbfc: ;   {runtime_call UncommonTrapBlob}
  0x00007f472baffbfc: c5f8 77e8 

  0x00007f472baffc00: ; ImmutableOopMap {rbp=Oop [8]=Oop [16]=NarrowOop [36]=NarrowOop [44]=NarrowOop }
                      ;*invokevirtual limit {reexecute=0 rethrow=0 return_oop=0}
                      ; - com.badlogic.gdx.graphics.glutils.VertexArray::bind@21 (line 105)
                      ; - com.badlogic.gdx.graphics.Mesh::bind@6 (line 380)
                      ; - com.badlogic.gdx.graphics.Mesh::bind@3 (line 371)
                      ; - com.badlogic.gdx.graphics.Mesh::render@13 (line 479)
                      ; - com.badlogic.gdx.graphics.Mesh::render@10 (line 449)
                      ; - com.badlogic.gdx.graphics.g2d.SpriteBatch::flush@176 (line 975)
  0x00007f472baffc00: dcbb 95ff 

  0x00007f472baffc04: ;   {post_call_nop}
  0x00007f472baffc04: 0f1f 8400 | fc1e 002e | bede ffff | ff48 ff74 | 2420 488f | 4424 0889 | 4c24 1844 | 8954 2420 
  0x00007f472baffc24: ;   {runtime_call UncommonTrapBlob}
  0x00007f472baffc24: c5f8 77e8 

  0x00007f472baffc28: ; ImmutableOopMap {rbp=NarrowOop [8]=Oop [24]=NarrowOop [32]=NarrowOop [40]=NarrowOop }
                      ;*invokeinterface getNumIndices {reexecute=0 rethrow=0 return_oop=0}
                      ; - com.badlogic.gdx.graphics.Mesh::bind@15 (line 381)
                      ; - com.badlogic.gdx.graphics.Mesh::bind@3 (line 371)
                      ; - com.badlogic.gdx.graphics.Mesh::render@13 (line 479)
                      ; - com.badlogic.gdx.graphics.Mesh::render@10 (line 449)
                      ; - com.badlogic.gdx.graphics.g2d.SpriteBatch::flush@176 (line 975)
  0x00007f472baffc28: b4bb 95ff 

  0x00007f472baffc2c: ;   {post_call_nop}
  0x00007f472baffc2c: 0f1f 8400 | 241f 002f | bede ffff | ff48 ff74 | 2420 488f | 4424 1848 | 8944 24f8 | 8b44 242c 
  0x00007f472baffc4c: 8944 2420 | 488b 4424 | f848 8944 | 24f8 8b44 | 2428 8944 | 2424 488b | 4424 f844 | 8954 2428 
  0x00007f472baffc6c: ;   {runtime_call UncommonTrapBlob}
  0x00007f472baffc6c: c5f8 77e8 

  0x00007f472baffc70: ; ImmutableOopMap {rbp=NarrowOop [8]=NarrowOop [12]=NarrowOop [20]=NarrowOop [24]=Oop }
                      ;*invokeinterface glDrawElements {reexecute=0 rethrow=0 return_oop=0}
                      ; - com.badlogic.gdx.graphics.Mesh::render@88 (line 488)
                      ; - com.badlogic.gdx.graphics.Mesh::render@10 (line 449)
                      ; - com.badlogic.gdx.graphics.g2d.SpriteBatch::flush@176 (line 975)
  0x00007f472baffc70: 6cbb 95ff 

  0x00007f472baffc74: ;   {post_call_nop}
  0x00007f472baffc74: 0f1f 8400 | 6c1f 0030 | bede ffff | ff66 6690 

  0x00007f472baffc84: ;   {runtime_call UncommonTrapBlob}
  0x00007f472baffc84: c5f8 77e8 

  0x00007f472baffc88: ; ImmutableOopMap {rbp=NarrowOop [8]=NarrowOop [12]=NarrowOop [32]=Oop }
                      ;*invokeinterface unbind {reexecute=0 rethrow=0 return_oop=0}
                      ; - com.badlogic.gdx.graphics.Mesh::unbind@6 (line 398)
                      ; - com.badlogic.gdx.graphics.Mesh::unbind@3 (line 389)
                      ; - com.badlogic.gdx.graphics.Mesh::render@178 (line 501)
                      ; - com.badlogic.gdx.graphics.Mesh::render@10 (line 449)
                      ; - com.badlogic.gdx.graphics.g2d.SpriteBatch::flush@176 (line 975)
  0x00007f472baffc88: 54bb 95ff 

  0x00007f472baffc8c: ;   {post_call_nop}
  0x00007f472baffc8c: 0f1f 8400 | 841f 0031 | bede ffff | ff44 894c | 2410 6690 

  0x00007f472baffca0: ;   {runtime_call UncommonTrapBlob}
  0x00007f472baffca0: c5f8 77e8 

  0x00007f472baffca4: ; ImmutableOopMap {rbp=NarrowOop [16]=NarrowOop [32]=Oop }
                      ;*invokeinterface getNumIndices {reexecute=0 rethrow=0 return_oop=0}
                      ; - com.badlogic.gdx.graphics.Mesh::unbind@15 (line 399)
                      ; - com.badlogic.gdx.graphics.Mesh::unbind@3 (line 389)
                      ; - com.badlogic.gdx.graphics.Mesh::render@178 (line 501)
                      ; - com.badlogic.gdx.graphics.Mesh::render@10 (line 449)
                      ; - com.badlogic.gdx.graphics.g2d.SpriteBatch::flush@176 (line 975)
  0x00007f472baffca4: 38bb 95ff 

  0x00007f472baffca8: ;   {post_call_nop}
  0x00007f472baffca8: 0f1f 8400 | a01f 0032 | be45 ffff | ff49 8be9 | 895c 2408 | 4489 4424 | 0c89 4c24 | 1089 7c24 
  0x00007f472baffcc8: 1448 8954 | 2418 6690 

  0x00007f472baffcd0: ;   {runtime_call UncommonTrapBlob}
  0x00007f472baffcd0: c5f8 77e8 

  0x00007f472baffcd4: ; ImmutableOopMap {rbp=Oop [20]=NarrowOop [24]=Oop }
                      ;*if_acmpne {reexecute=1 rethrow=0 return_oop=0}
                      ; - (reexecute) org.lwjgl.opengl.GLContext::getCapabilitiesImpl@11 (line 132)
                      ; - org.lwjgl.opengl.GLContext::getCapabilities@0 (line 122)
                      ; - org.lwjgl.opengl.GL11::glBindTexture@0 (line 651)
                      ; - com.badlogic.gdx.backends.lwjgl.LwjglGL20::glBindTexture@2 (line 93)
                      ; - com.badlogic.gdx.graphics.GLTexture::bind@11 (line 66)
                      ; - com.badlogic.gdx.graphics.g2d.SpriteBatch::flush@58 (line 962)
  0x00007f472baffcd4: 08bb 95ff 

  0x00007f472baffcd8: ;   {post_call_nop}
  0x00007f472baffcd8: 0f1f 8400 | d01f 0033 | be45 ffff | ff48 894c | 2408 4489 | 5c24 1044 | 8954 2414 | 4889 5c24 
  0x00007f472baffcf8: 1866 6690 

  0x00007f472baffcfc: ;   {runtime_call UncommonTrapBlob}
  0x00007f472baffcfc: c5f8 77e8 

  0x00007f472baffd00: ; ImmutableOopMap {rbp=NarrowOop [8]=Oop [20]=NarrowOop [24]=Oop }
                      ;*if_acmpne {reexecute=1 rethrow=0 return_oop=0}
                      ; - (reexecute) org.lwjgl.opengl.GLContext::getCapabilitiesImpl@11 (line 132)
                      ; - org.lwjgl.opengl.GLContext::getCapabilities@0 (line 122)
                      ; - org.lwjgl.opengl.GL11::glEnable@0 (line 1012)
                      ; - com.badlogic.gdx.backends.lwjgl.LwjglGL20::glEnable@1 (line 292)
                      ; - com.badlogic.gdx.graphics.g2d.SpriteBatch::flush@125 (line 971)
  0x00007f472baffd00: dcba 95ff 

  0x00007f472baffd04: ;   {post_call_nop}
  0x00007f472baffd04: 0f1f 8400 | fc1f 0034 | be45 ffff | ff4c 894c | 2410 4489 | 5c24 1844 | 8954 241c | 4889 5c24 
  0x00007f472baffd24: 2066 6690 

  0x00007f472baffd28: ;   {runtime_call UncommonTrapBlob}
  0x00007f472baffd28: c5f8 77e8 

  0x00007f472baffd2c: ; ImmutableOopMap {rbp=NarrowOop [12]=NarrowOop [16]=Oop [32]=Oop }
                      ;*if_acmpne {reexecute=1 rethrow=0 return_oop=0}
                      ; - (reexecute) org.lwjgl.opengl.GLContext::getCapabilitiesImpl@11 (line 132)
                      ; - org.lwjgl.opengl.GLContext::getCapabilities@0 (line 122)
                      ; - org.lwjgl.opengl.GL11::glBlendFunc@0 (line 624)
                      ; - com.badlogic.gdx.backends.lwjgl.LwjglGL20::glBlendFunc@2 (line 109)
                      ; - com.badlogic.gdx.graphics.g2d.SpriteBatch::flush@149 (line 972)
  0x00007f472baffd2c: b0ba 95ff 

  0x00007f472baffd30: ;   {post_call_nop}
  0x00007f472baffd30: 0f1f 8400 | 2820 0035 | be45 ffff | ff48 8b6c | 2420 894c | 240c 4889 | 4424 f88b | 4424 1489 
  0x00007f472baffd50: 4424 1048 | 8b44 24f8 | 8954 2418 

  0x00007f472baffd5c: ;   {runtime_call UncommonTrapBlob}
  0x00007f472baffd5c: c5f8 77e8 

  0x00007f472baffd60: ; ImmutableOopMap {rbp=Oop [12]=NarrowOop [40]=NarrowOop }
                      ;*ifle {reexecute=1 rethrow=0 return_oop=0}
                      ; - (reexecute) com.badlogic.gdx.graphics.Mesh::bind@20 (line 381)
                      ; - com.badlogic.gdx.graphics.Mesh::bind@3 (line 371)
                      ; - com.badlogic.gdx.graphics.Mesh::render@13 (line 479)
                      ; - com.badlogic.gdx.graphics.Mesh::render@10 (line 449)
                      ; - com.badlogic.gdx.graphics.g2d.SpriteBatch::flush@176 (line 975)
  0x00007f472baffd60: 7cba 95ff 

  0x00007f472baffd64: ;   {post_call_nop}
  0x00007f472baffd64: 0f1f 8400 | 5c20 0036 | be45 ffff | ff66 6690 

  0x00007f472baffd74: ;   {runtime_call UncommonTrapBlob}
  0x00007f472baffd74: c5f8 77e8 

  0x00007f472baffd78: ; ImmutableOopMap {rbp=NarrowOop [8]=NarrowOop [12]=NarrowOop [20]=NarrowOop [24]=Oop [32]=Oop }
                      ;*if_acmpne {reexecute=1 rethrow=0 return_oop=0}
                      ; - (reexecute) org.lwjgl.opengl.GLContext::getCapabilitiesImpl@11 (line 132)
                      ; - org.lwjgl.opengl.GLContext::getCapabilities@0 (line 122)
                      ; - org.lwjgl.opengl.GL11::glDrawElements@0 (line 1105)
                      ; - com.badlogic.gdx.backends.lwjgl.LwjglGL20::glDrawElements@21 (line 281)
                      ; - com.badlogic.gdx.graphics.Mesh::render@88 (line 488)
                      ; - com.badlogic.gdx.graphics.Mesh::render@10 (line 449)
                      ; - com.badlogic.gdx.graphics.g2d.SpriteBatch::flush@176 (line 975)
  0x00007f472baffd78: 64ba 95ff 

  0x00007f472baffd7c: ;   {post_call_nop}
  0x00007f472baffd7c: 0f1f 8400 | 7420 0037 | be45 ffff | ff48 ff74 | 2420 488f | 4424 1848 | 8944 24f8 | 8b44 242c 
  0x00007f472baffd9c: 8944 2420 | 488b 4424 | f848 8944 | 24f8 8b44 | 2428 8944 | 2424 488b | 4424 f84c | 894c 2430 
  0x00007f472baffdbc: 4489 5c24 | 2c89 4c24 | 3866 6690 

  0x00007f472baffdc8: ;   {runtime_call UncommonTrapBlob}
  0x00007f472baffdc8: c5f8 77e8 

  0x00007f472baffdcc: ; ImmutableOopMap {[8]=NarrowOop [12]=NarrowOop [20]=NarrowOop [24]=Oop [44]=NarrowOop [56]=NarrowOop }
                      ;*ifne {reexecute=1 rethrow=0 return_oop=0}
                      ; - (reexecute) org.lwjgl.opengl.StateTracker::getElementArrayBufferBound@9 (line 145)
                      ; - org.lwjgl.opengl.GLChecks::ensureElementVBOdisabled@7 (line 82)
                      ; - org.lwjgl.opengl.GL11::glDrawElements@14 (line 1108)
                      ; - com.badlogic.gdx.backends.lwjgl.LwjglGL20::glDrawElements@21 (line 281)
                      ; - com.badlogic.gdx.graphics.Mesh::render@88 (line 488)
                      ; - com.badlogic.gdx.graphics.Mesh::render@10 (line 449)
                      ; - com.badlogic.gdx.graphics.g2d.SpriteBatch::flush@176 (line 975)
  0x00007f472baffdcc: 10ba 95ff 

  0x00007f472baffdd0: ;   {post_call_nop}
  0x00007f472baffdd0: 0f1f 8400 | c820 0038 | be45 ffff | ff66 6690 

  0x00007f472baffde0: ;   {runtime_call UncommonTrapBlob}
  0x00007f472baffde0: c5f8 77e8 

  0x00007f472baffde4: ; ImmutableOopMap {[32]=Oop }
                      ;*ifle {reexecute=1 rethrow=0 return_oop=0}
                      ; - (reexecute) com.badlogic.gdx.graphics.Mesh::unbind@20 (line 399)
                      ; - com.badlogic.gdx.graphics.Mesh::unbind@3 (line 389)
                      ; - com.badlogic.gdx.graphics.Mesh::render@178 (line 501)
                      ; - com.badlogic.gdx.graphics.Mesh::render@10 (line 449)
                      ; - com.badlogic.gdx.graphics.g2d.SpriteBatch::flush@176 (line 975)
  0x00007f472baffde4: f8b9 95ff 

  0x00007f472baffde8: ;   {post_call_nop}
  0x00007f472baffde8: 0f1f 8400 | e020 0039 | be45 ffff | ff4c 894c | 2408 895c | 2410 4489 | 4424 1489 | 4c24 1890 
  0x00007f472baffe08: ;   {runtime_call UncommonTrapBlob}
  0x00007f472baffe08: c5f8 77e8 

  0x00007f472baffe0c: ; ImmutableOopMap {rbp=NarrowOop [8]=Oop }
                      ;*ifnonnull {reexecute=1 rethrow=0 return_oop=0}
                      ; - (reexecute) org.lwjgl.opengl.GLContext::getCapabilities@5 (line 123)
                      ; - org.lwjgl.opengl.GL11::glBindTexture@0 (line 651)
                      ; - com.badlogic.gdx.backends.lwjgl.LwjglGL20::glBindTexture@2 (line 93)
                      ; - com.badlogic.gdx.graphics.GLTexture::bind@11 (line 66)
                      ; - com.badlogic.gdx.graphics.g2d.SpriteBatch::flush@58 (line 962)
  0x00007f472baffe0c: d0b9 95ff 

  0x00007f472baffe10: ;   {post_call_nop}
  0x00007f472baffe10: 0f1f 8400 | 0821 003a | 4533 d249 | 3bfa bdff | ffff ff7c | 0840 0f95 | c540 0fb6 | edbe 45ff 
  0x00007f472baffe30: ffff 4c89 | 4c24 0889 | 5c24 1044 | 8944 2414 | 894c 2418 | 4889 7c24 | 2066 6690 

  0x00007f472baffe4c: ;   {runtime_call UncommonTrapBlob}
  0x00007f472baffe4c: c5f8 77e8 

  0x00007f472baffe50: ; ImmutableOopMap {[8]=Oop }
                      ;*ifne {reexecute=1 rethrow=0 return_oop=0}
                      ; - (reexecute) org.lwjgl.BufferChecks::checkFunctionAddress@9 (line 57)
                      ; - org.lwjgl.opengl.GL11::glBindTexture@10 (line 653)
                      ; - com.badlogic.gdx.backends.lwjgl.LwjglGL20::glBindTexture@2 (line 93)
                      ; - com.badlogic.gdx.graphics.GLTexture::bind@11 (line 66)
                      ; - com.badlogic.gdx.graphics.g2d.SpriteBatch::flush@58 (line 962)
  0x00007f472baffe50: 8cb9 95ff 

  0x00007f472baffe54: ;   {post_call_nop}
  0x00007f472baffe54: 0f1f 8400 | 4c21 003b | be45 ffff | ff48 894c | 2410 4489 | 4c24 1848 | 895c 2420 | 4489 4424 
  0x00007f472baffe74: 2844 895c | 242c 4889 | 7c24 3848 | 897c 2440 | 4489 5424 | 5466 6690 

  0x00007f472baffe8c: ;   {runtime_call UncommonTrapBlob}
  0x00007f472baffe8c: c5f8 77e8 

  0x00007f472baffe90: ; ImmutableOopMap {[16]=Oop [24]=NarrowOop [32]=Oop [40]=NarrowOop [56]=Oop [64]=Oop }
                      ;*if_icmple {reexecute=1 rethrow=0 return_oop=0}
                      ; - (reexecute) java.nio.Buffer::limit@5 (line 378)
                      ; - java.nio.ByteBuffer::limit@2 (line 1590)
                      ; - java.nio.MappedByteBuffer::limit@2 (line 339)
                      ; - java.nio.MappedByteBuffer::limit@2 (line 74)
                      ; - com.badlogic.gdx.utils.BufferUtils::copy@11 (line 51)
                      ; - com.badlogic.gdx.graphics.glutils.VertexArray::setVertices@7 (line 84)
                      ; - com.badlogic.gdx.graphics.Mesh::setVertices@7 (line 197)
                      ; - com.badlogic.gdx.graphics.g2d.SpriteBatch::flush@76 (line 964)
  0x00007f472baffe90: 4cb9 95ff 

  0x00007f472baffe94: ;   {post_call_nop}
  0x00007f472baffe94: 0f1f 8400 | 8c21 003c | be45 ffff | ff48 8be9 | 4489 4c24 | 1048 895c | 2418 4489 | 4424 2044 
  0x00007f472baffeb4: 895c 2424 | 4889 7c24 | 3048 897c | 2438 4489 | 5424 4c90 

  0x00007f472baffec8: ;   {runtime_call UncommonTrapBlob}
  0x00007f472baffec8: c5f8 77e8 

  0x00007f472baffecc: ; ImmutableOopMap {rbp=Oop [16]=NarrowOop [24]=Oop [32]=NarrowOop [48]=Oop [56]=Oop }
                      ;*ifge {reexecute=1 rethrow=0 return_oop=0}
                      ; - (reexecute) java.nio.Buffer::limit@14 (line 378)
                      ; - java.nio.ByteBuffer::limit@2 (line 1590)
                      ; - java.nio.MappedByteBuffer::limit@2 (line 339)
                      ; - java.nio.MappedByteBuffer::limit@2 (line 74)
                      ; - com.badlogic.gdx.utils.BufferUtils::copy@11 (line 51)
                      ; - com.badlogic.gdx.graphics.glutils.VertexArray::setVertices@7 (line 84)
                      ; - com.badlogic.gdx.graphics.Mesh::setVertices@7 (line 197)
                      ; - com.badlogic.gdx.graphics.g2d.SpriteBatch::flush@76 (line 964)
  0x00007f472baffecc: 10b9 95ff 

  0x00007f472baffed0: ;   {post_call_nop}
  0x00007f472baffed0: 0f1f 8400 | c821 003d | be45 ffff | ff48 894c | 2410 4489 | 4c24 1848 | 895c 2420 | 4489 4424 
  0x00007f472baffef0: 2844 895c | 242c 4889 | 7c24 3848 | 897c 2440 | 4489 5424 | 5466 6690 

  0x00007f472bafff08: ;   {runtime_call UncommonTrapBlob}
  0x00007f472bafff08: c5f8 77e8 

  0x00007f472bafff0c: ; ImmutableOopMap {[16]=Oop [24]=NarrowOop [32]=Oop [40]=NarrowOop [56]=Oop [64]=Oop }
                      ;*if_icmple {reexecute=1 rethrow=0 return_oop=0}
                      ; - (reexecute) java.nio.Buffer::limit@42 (line 381)
                      ; - java.nio.ByteBuffer::limit@2 (line 1590)
                      ; - java.nio.MappedByteBuffer::limit@2 (line 339)
                      ; - java.nio.MappedByteBuffer::limit@2 (line 74)
                      ; - com.badlogic.gdx.utils.BufferUtils::copy@11 (line 51)
                      ; - com.badlogic.gdx.graphics.glutils.VertexArray::setVertices@7 (line 84)
                      ; - com.badlogic.gdx.graphics.Mesh::setVertices@7 (line 197)
                      ; - com.badlogic.gdx.graphics.g2d.SpriteBatch::flush@76 (line 964)
  0x00007f472bafff0c: d0b8 95ff 

  0x00007f472bafff10: ;   {post_call_nop}
  0x00007f472bafff10: 0f1f 8400 | 0822 003e | be45 ffff | ff48 894c | 2410 4489 | 4c24 1848 | 895c 2420 | 4489 4424 
  0x00007f472bafff30: 2844 895c | 242c 4889 | 7c24 3848 | 897c 2440 | 4489 5424 | 5066 6690 

  0x00007f472bafff48: ;   {runtime_call UncommonTrapBlob}
  0x00007f472bafff48: c5f8 77e8 

  0x00007f472bafff4c: ; ImmutableOopMap {[16]=Oop [24]=NarrowOop [32]=Oop [40]=NarrowOop [56]=Oop [64]=Oop }
                      ;*if_icmple {reexecute=1 rethrow=0 return_oop=0}
                      ; - (reexecute) java.nio.Buffer::limit@55 (line 382)
                      ; - java.nio.ByteBuffer::limit@2 (line 1590)
                      ; - java.nio.MappedByteBuffer::limit@2 (line 339)
                      ; - java.nio.MappedByteBuffer::limit@2 (line 74)
                      ; - com.badlogic.gdx.utils.BufferUtils::copy@11 (line 51)
                      ; - com.badlogic.gdx.graphics.glutils.VertexArray::setVertices@7 (line 84)
                      ; - com.badlogic.gdx.graphics.Mesh::setVertices@7 (line 197)
                      ; - com.badlogic.gdx.graphics.g2d.SpriteBatch::flush@76 (line 964)
  0x00007f472bafff4c: 90b8 95ff 

  0x00007f472bafff50: ;   {post_call_nop}
  0x00007f472bafff50: 0f1f 8400 | 4822 003f | be45 ffff | ff48 ff74 | 2418 488f | 4424 1048 | 8944 24f8 | 8b44 2420 
  0x00007f472bafff70: 8944 241c | 488b 4424 | f84c 8954 | 2430 4c89 | 5424 3890 

  0x00007f472bafff84: ;   {runtime_call UncommonTrapBlob}
  0x00007f472bafff84: c5f8 77e8 

  0x00007f472bafff88: ; ImmutableOopMap {[12]=NarrowOop [16]=Oop [40]=Oop [48]=Oop [56]=Oop }
                      ;*if_icmple {reexecute=1 rethrow=0 return_oop=0}
                      ; - (reexecute) java.nio.Buffer::position@5 (line 325)
                      ; - java.nio.ByteBuffer::position@2 (line 1576)
                      ; - java.nio.MappedByteBuffer::position@2 (line 329)
                      ; - java.nio.MappedByteBuffer::position@2 (line 74)
                      ; - com.badlogic.gdx.utils.BufferUtils::copy@40 (line 55)
                      ; - com.badlogic.gdx.graphics.glutils.VertexArray::setVertices@7 (line 84)
                      ; - com.badlogic.gdx.graphics.Mesh::setVertices@7 (line 197)
                      ; - com.badlogic.gdx.graphics.g2d.SpriteBatch::flush@76 (line 964)
  0x00007f472bafff88: 54b8 95ff 

  0x00007f472bafff8c: ;   {post_call_nop}
  0x00007f472bafff8c: 0f1f 8400 | 8422 0040 | be45 ffff | ff48 ff74 | 2418 488f | 4424 1048 | 8944 24f8 | 8b44 2420 
  0x00007f472bafffac: 8944 241c | 488b 4424 | f84c 8954 | 2430 4c89 | 5424 3890 

  0x00007f472bafffc0: ;   {runtime_call UncommonTrapBlob}
  0x00007f472bafffc0: c5f8 77e8 

  0x00007f472bafffc4: ; ImmutableOopMap {[12]=NarrowOop [16]=Oop [40]=Oop [48]=Oop [56]=Oop }
                      ;*if_icmple {reexecute=1 rethrow=0 return_oop=0}
                      ; - (reexecute) java.nio.Buffer::position@37 (line 327)
                      ; - java.nio.ByteBuffer::position@2 (line 1576)
                      ; - java.nio.MappedByteBuffer::position@2 (line 329)
                      ; - java.nio.MappedByteBuffer::position@2 (line 74)
                      ; - com.badlogic.gdx.utils.BufferUtils::copy@40 (line 55)
                      ; - com.badlogic.gdx.graphics.glutils.VertexArray::setVertices@7 (line 84)
                      ; - com.badlogic.gdx.graphics.Mesh::setVertices@7 (line 197)
                      ; - com.badlogic.gdx.graphics.g2d.SpriteBatch::flush@76 (line 964)
  0x00007f472bafffc4: 18b8 95ff 

  0x00007f472bafffc8: ;   {post_call_nop}
  0x00007f472bafffc8: 0f1f 8400 | c022 0041 | be45 ffff | ff48 ff74 | 2418 488f | 4424 1048 | 8944 24f8 | 8b44 2420 
  0x00007f472bafffe8: 8944 241c | 488b 4424 | f844 8944 | 2424 6690 

  0x00007f472baffff8: ;   {runtime_call UncommonTrapBlob}
  0x00007f472baffff8: c5f8 77e8 

  0x00007f472baffffc: ; ImmutableOopMap {[12]=NarrowOop [16]=Oop [36]=NarrowOop [40]=Oop }
                      ;*if_icmple {reexecute=1 rethrow=0 return_oop=0}
                      ; - (reexecute) java.nio.Buffer::position@5 (line 325)
                      ; - java.nio.FloatBuffer::position@2 (line 1576)
                      ; - java.nio.FloatBuffer::position@2 (line 292)
                      ; - com.badlogic.gdx.graphics.glutils.VertexArray::setVertices@15 (line 85)
                      ; - com.badlogic.gdx.graphics.Mesh::setVertices@7 (line 197)
                      ; - com.badlogic.gdx.graphics.g2d.SpriteBatch::flush@76 (line 964)
  0x00007f472baffffc: e0b7 95ff 

  0x00007f472bb00000: ;   {post_call_nop}
  0x00007f472bb00000: 0f1f 8400 | f822 0042 | be45 ffff | ff48 8b6c | 2418 4c89 | 5424 1848 | 8944 24f8 | 8b44 2420 
  0x00007f472bb00020: 8944 2414 | 488b 4424 | f844 8944 | 2424 894c | 2428 6690 

  0x00007f472bb00034: ;   {runtime_call UncommonTrapBlob}
  0x00007f472bb00034: c5f8 77e8 

  0x00007f472bb00038: ; ImmutableOopMap {rbp=Oop [12]=NarrowOop [24]=Oop [36]=NarrowOop }
                      ;*if_icmple {reexecute=1 rethrow=0 return_oop=0}
                      ; - (reexecute) java.nio.Buffer::position@37 (line 327)
                      ; - java.nio.FloatBuffer::position@2 (line 1576)
                      ; - java.nio.FloatBuffer::position@2 (line 292)
                      ; - com.badlogic.gdx.graphics.glutils.VertexArray::setVertices@15 (line 85)
                      ; - com.badlogic.gdx.graphics.Mesh::setVertices@7 (line 197)
                      ; - com.badlogic.gdx.graphics.g2d.SpriteBatch::flush@76 (line 964)
  0x00007f472bb00038: a4b7 95ff 

  0x00007f472bb0003c: ;   {post_call_nop}
  0x00007f472bb0003c: 0f1f 8400 | 3423 0043 | be45 ffff | ff48 ff74 | 2418 488f | 4424 1044 | 8944 2420 | 4489 5c24 
  0x00007f472bb0005c: 2866 6690 

  0x00007f472bb00060: ;   {runtime_call UncommonTrapBlob}
  0x00007f472bb00060: c5f8 77e8 

  0x00007f472bb00064: ; ImmutableOopMap {[12]=NarrowOop [16]=Oop [32]=NarrowOop }
                      ;*if_icmple {reexecute=1 rethrow=0 return_oop=0}
                      ; - (reexecute) java.nio.Buffer::limit@5 (line 378)
                      ; - java.nio.FloatBuffer::limit@2 (line 1590)
                      ; - java.nio.FloatBuffer::limit@2 (line 292)
                      ; - com.badlogic.gdx.graphics.glutils.VertexArray::setVertices@24 (line 86)
                      ; - com.badlogic.gdx.graphics.Mesh::setVertices@7 (line 197)
                      ; - com.badlogic.gdx.graphics.g2d.SpriteBatch::flush@76 (line 964)
  0x00007f472bb00064: 78b7 95ff 

  0x00007f472bb00068: ;   {post_call_nop}
  0x00007f472bb00068: 0f1f 8400 | 6023 0044 | be45 ffff | ff48 8b6c | 2418 4489 | 4424 1890 

  0x00007f472bb00080: ;   {runtime_call UncommonTrapBlob}
  0x00007f472bb00080: c5f8 77e8 

  0x00007f472bb00084: ; ImmutableOopMap {rbp=Oop [12]=NarrowOop [24]=NarrowOop }
                      ;*ifge {reexecute=1 rethrow=0 return_oop=0}
                      ; - (reexecute) java.nio.Buffer::limit@14 (line 378)
                      ; - java.nio.FloatBuffer::limit@2 (line 1590)
                      ; - java.nio.FloatBuffer::limit@2 (line 292)
                      ; - com.badlogic.gdx.graphics.glutils.VertexArray::setVertices@24 (line 86)
                      ; - com.badlogic.gdx.graphics.Mesh::setVertices@7 (line 197)
                      ; - com.badlogic.gdx.graphics.g2d.SpriteBatch::flush@76 (line 964)
  0x00007f472bb00084: 58b7 95ff 

  0x00007f472bb00088: ;   {post_call_nop}
  0x00007f472bb00088: 0f1f 8400 | 8023 0045 | be45 ffff | ff48 8b6c | 2418 4489 | 4424 1889 | 4c24 1c90 

  0x00007f472bb000a4: ;   {runtime_call UncommonTrapBlob}
  0x00007f472bb000a4: c5f8 77e8 

  0x00007f472bb000a8: ; ImmutableOopMap {rbp=Oop [12]=NarrowOop [24]=NarrowOop }
                      ;*if_icmple {reexecute=1 rethrow=0 return_oop=0}
                      ; - (reexecute) java.nio.Buffer::limit@55 (line 382)
                      ; - java.nio.FloatBuffer::limit@2 (line 1590)
                      ; - java.nio.FloatBuffer::limit@2 (line 292)
                      ; - com.badlogic.gdx.graphics.glutils.VertexArray::setVertices@24 (line 86)
                      ; - com.badlogic.gdx.graphics.Mesh::setVertices@7 (line 197)
                      ; - com.badlogic.gdx.graphics.g2d.SpriteBatch::flush@76 (line 964)
  0x00007f472bb000a8: 34b7 95ff 

  0x00007f472bb000ac: ;   {post_call_nop}
  0x00007f472bb000ac: 0f1f 8400 | a423 0046 | be45 ffff | ff48 ff74 | 2418 488f | 4424 1044 | 8944 241c 

  0x00007f472bb000c8: ;   {runtime_call UncommonTrapBlob}
  0x00007f472bb000c8: c5f8 77e8 

  0x00007f472bb000cc: ; ImmutableOopMap {[12]=NarrowOop [16]=Oop [28]=NarrowOop }
                      ;*if_icmple {reexecute=1 rethrow=0 return_oop=0}
                      ; - (reexecute) java.nio.Buffer::position@5 (line 325)
                      ; - java.nio.ShortBuffer::position@2 (line 1576)
                      ; - java.nio.ShortBuffer::position@2 (line 292)
                      ; - com.badlogic.gdx.graphics.g2d.SpriteBatch::flush@85 (line 965)
  0x00007f472bb000cc: 10b7 95ff 

  0x00007f472bb000d0: ;   {post_call_nop}
  0x00007f472bb000d0: 0f1f 8400 | c823 0047 | be45 ffff | ff48 8b6c | 2418 4489 | 4424 1489 | 4c24 1890 

  0x00007f472bb000ec: ;   {runtime_call UncommonTrapBlob}
  0x00007f472bb000ec: c5f8 77e8 

  0x00007f472bb000f0: ; ImmutableOopMap {rbp=Oop [12]=NarrowOop [20]=NarrowOop }
                      ;*if_icmple {reexecute=1 rethrow=0 return_oop=0}
                      ; - (reexecute) java.nio.Buffer::position@37 (line 327)
                      ; - java.nio.ShortBuffer::position@2 (line 1576)
                      ; - java.nio.ShortBuffer::position@2 (line 292)
                      ; - com.badlogic.gdx.graphics.g2d.SpriteBatch::flush@85 (line 965)
  0x00007f472bb000f0: ecb6 95ff 

  0x00007f472bb000f4: ;   {post_call_nop}
  0x00007f472bb000f4: 0f1f 8400 | ec23 0048 | be45 ffff | ff48 ff74 | 2418 488f | 4424 0844 | 8954 2414 | 4489 4424 
  0x00007f472bb00114: 1c44 895c | 2420 4489 | 5c24 2490 

  0x00007f472bb00120: ;   {runtime_call UncommonTrapBlob}
  0x00007f472bb00120: c5f8 77e8 

  0x00007f472bb00124: ; ImmutableOopMap {[8]=Oop [20]=NarrowOop [28]=NarrowOop }
                      ;*if_icmple {reexecute=1 rethrow=0 return_oop=0}
                      ; - (reexecute) java.nio.Buffer::limit@5 (line 378)
                      ; - java.nio.ShortBuffer::limit@2 (line 1590)
                      ; - java.nio.ShortBuffer::limit@2 (line 292)
                      ; - com.badlogic.gdx.graphics.g2d.SpriteBatch::flush@94 (line 966)
  0x00007f472bb00124: b8b6 95ff 

  0x00007f472bb00128: ;   {post_call_nop}
  0x00007f472bb00128: 0f1f 8400 | 2024 0049 | be45 ffff | ff48 8b6c | 2418 4489 | 4424 1490 

  0x00007f472bb00140: ;   {runtime_call UncommonTrapBlob}
  0x00007f472bb00140: c5f8 77e8 

  0x00007f472bb00144: ; ImmutableOopMap {rbp=Oop [12]=NarrowOop [20]=NarrowOop }
                      ;*ifge {reexecute=1 rethrow=0 return_oop=0}
                      ; - (reexecute) java.nio.Buffer::limit@14 (line 378)
                      ; - java.nio.ShortBuffer::limit@2 (line 1590)
                      ; - java.nio.ShortBuffer::limit@2 (line 292)
                      ; - com.badlogic.gdx.graphics.g2d.SpriteBatch::flush@94 (line 966)
  0x00007f472bb00144: 98b6 95ff 

  0x00007f472bb00148: ;   {post_call_nop}
  0x00007f472bb00148: 0f1f 8400 | 4024 004a | be45 ffff | ff48 8b6c | 2418 4489 | 4424 1489 | 4c24 1890 

  0x00007f472bb00164: ;   {runtime_call UncommonTrapBlob}
  0x00007f472bb00164: c5f8 77e8 

  0x00007f472bb00168: ; ImmutableOopMap {rbp=Oop [12]=NarrowOop [20]=NarrowOop }
                      ;*if_icmple {reexecute=1 rethrow=0 return_oop=0}
                      ; - (reexecute) java.nio.Buffer::limit@55 (line 382)
                      ; - java.nio.ShortBuffer::limit@2 (line 1590)
                      ; - java.nio.ShortBuffer::limit@2 (line 292)
                      ; - com.badlogic.gdx.graphics.g2d.SpriteBatch::flush@94 (line 966)
  0x00007f472bb00168: 74b6 95ff 

  0x00007f472bb0016c: ;   {post_call_nop}
  0x00007f472bb0016c: 0f1f 8400 | 6424 004b | be45 ffff | ff44 895c | 2410 4489 | 5424 1490 

  0x00007f472bb00184: ;   {runtime_call UncommonTrapBlob}
  0x00007f472bb00184: c5f8 77e8 

  0x00007f472bb00188: ; ImmutableOopMap {[20]=NarrowOop [24]=Oop }
                      ;*ifeq {reexecute=1 rethrow=0 return_oop=0}
                      ; - (reexecute) com.badlogic.gdx.graphics.g2d.SpriteBatch::flush@102 (line 968)
  0x00007f472bb00188: 54b6 95ff 

  0x00007f472bb0018c: ;   {post_call_nop}
  0x00007f472bb0018c: 0f1f 8400 | 8424 004c | be45 ffff | ff44 895c | 2410 4489 | 5424 1490 

  0x00007f472bb001a4: ;   {runtime_call UncommonTrapBlob}
  0x00007f472bb001a4: c5f8 77e8 

  0x00007f472bb001a8: ; ImmutableOopMap {rbp=NarrowOop [20]=NarrowOop [24]=Oop }
                      ;*ifnonnull {reexecute=1 rethrow=0 return_oop=0}
                      ; - (reexecute) org.lwjgl.opengl.GLContext::getCapabilities@5 (line 123)
                      ; - org.lwjgl.opengl.GL11::glEnable@0 (line 1012)
                      ; - com.badlogic.gdx.backends.lwjgl.LwjglGL20::glEnable@1 (line 292)
                      ; - com.badlogic.gdx.graphics.g2d.SpriteBatch::flush@125 (line 971)
  0x00007f472bb001a8: 34b6 95ff 

  0x00007f472bb001ac: ;   {post_call_nop}
  0x00007f472bb001ac: 0f1f 8400 | a424 004d | 4533 c049 | 3bd0 bdff | ffff ff7c | 0840 0f95 | c540 0fb6 | edbe 45ff 
  0x00007f472bb001cc: ffff 4889 | 4c24 0844 | 895c 2410 | 4489 5424 | 1448 8954 | 2418 6690 

  0x00007f472bb001e4: ;   {runtime_call UncommonTrapBlob}
  0x00007f472bb001e4: c5f8 77e8 

  0x00007f472bb001e8: ; ImmutableOopMap {[8]=Oop [20]=NarrowOop }
                      ;*ifne {reexecute=1 rethrow=0 return_oop=0}
                      ; - (reexecute) org.lwjgl.BufferChecks::checkFunctionAddress@9 (line 57)
                      ; - org.lwjgl.opengl.GL11::glEnable@10 (line 1014)
                      ; - com.badlogic.gdx.backends.lwjgl.LwjglGL20::glEnable@1 (line 292)
                      ; - com.badlogic.gdx.graphics.g2d.SpriteBatch::flush@125 (line 971)
  0x00007f472bb001e8: f4b5 95ff 

  0x00007f472bb001ec: ;   {post_call_nop}
  0x00007f472bb001ec: 0f1f 8400 | e424 004e | be45 ffff | ff44 895c | 2410 6690 

  0x00007f472bb00200: ;   {runtime_call UncommonTrapBlob}
  0x00007f472bb00200: c5f8 77e8 

  0x00007f472bb00204: ; ImmutableOopMap {rbp=Oop [12]=NarrowOop }
                      ;*if_icmpeq {reexecute=1 rethrow=0 return_oop=0}
                      ; - (reexecute) com.badlogic.gdx.graphics.g2d.SpriteBatch::flush@135 (line 972)
  0x00007f472bb00204: d8b5 95ff 

  0x00007f472bb00208: ;   {post_call_nop}
  0x00007f472bb00208: 0f1f 8400 | 0025 004f | be45 ffff | ff4c 894c | 2410 4489 | 5c24 1844 | 8954 241c 

  0x00007f472bb00224: ;   {runtime_call UncommonTrapBlob}
  0x00007f472bb00224: c5f8 77e8 

  0x00007f472bb00228: ; ImmutableOopMap {rbp=NarrowOop [12]=NarrowOop [16]=Oop }
                      ;*ifnonnull {reexecute=1 rethrow=0 return_oop=0}
                      ; - (reexecute) org.lwjgl.opengl.GLContext::getCapabilities@5 (line 123)
                      ; - org.lwjgl.opengl.GL11::glBlendFunc@0 (line 624)
                      ; - com.badlogic.gdx.backends.lwjgl.LwjglGL20::glBlendFunc@2 (line 109)
                      ; - com.badlogic.gdx.graphics.g2d.SpriteBatch::flush@149 (line 972)
  0x00007f472bb00228: b4b5 95ff 

  0x00007f472bb0022c: ;   {post_call_nop}
  0x00007f472bb0022c: 0f1f 8400 | 2425 0050 | 4533 c049 | 3bc8 bdff | ffff ff7c | 0840 0f95 | c540 0fb6 | edbe 45ff 
  0x00007f472bb0024c: ffff 4c89 | 4c24 1044 | 895c 2418 | 4489 5424 | 1c48 894c | 2420 6690 

  0x00007f472bb00264: ;   {runtime_call UncommonTrapBlob}
  0x00007f472bb00264: c5f8 77e8 

  0x00007f472bb00268: ; ImmutableOopMap {[12]=NarrowOop [16]=Oop }
                      ;*ifne {reexecute=1 rethrow=0 return_oop=0}
                      ; - (reexecute) org.lwjgl.BufferChecks::checkFunctionAddress@9 (line 57)
                      ; - org.lwjgl.opengl.GL11::glBlendFunc@10 (line 626)
                      ; - com.badlogic.gdx.backends.lwjgl.LwjglGL20::glBlendFunc@2 (line 109)
                      ; - com.badlogic.gdx.graphics.g2d.SpriteBatch::flush@149 (line 972)
  0x00007f472bb00268: 74b5 95ff 

  0x00007f472bb0026c: ;   {post_call_nop}
  0x00007f472bb0026c: 0f1f 8400 | 6425 0051 | be45 ffff | ff44 8954 | 2410 6690 

  0x00007f472bb00280: ;   {runtime_call UncommonTrapBlob}
  0x00007f472bb00280: c5f8 77e8 

  0x00007f472bb00284: ; ImmutableOopMap {rbp=Oop [12]=NarrowOop [16]=NarrowOop }
                      ;*ifnull {reexecute=1 rethrow=0 return_oop=0}
                      ; - (reexecute) com.badlogic.gdx.graphics.g2d.SpriteBatch::flush@159 (line 975)
  0x00007f472bb00284: 58b5 95ff 

  0x00007f472bb00288: ;   {post_call_nop}
  0x00007f472bb00288: 0f1f 8400 | 8025 0052 | be45 ffff | ff66 6690 

  0x00007f472bb00298: ;   {runtime_call UncommonTrapBlob}
  0x00007f472bb00298: c5f8 77e8 

  0x00007f472bb0029c: ; ImmutableOopMap {rbp=Oop }
                      ;*ifne {reexecute=1 rethrow=0 return_oop=0}
                      ; - (reexecute) com.badlogic.gdx.graphics.Mesh::render@2 (line 477)
                      ; - com.badlogic.gdx.graphics.Mesh::render@10 (line 449)
                      ; - com.badlogic.gdx.graphics.g2d.SpriteBatch::flush@176 (line 975)
  0x00007f472bb0029c: 40b5 95ff 

  0x00007f472bb002a0: ;   {post_call_nop}
  0x00007f472bb002a0: 0f1f 8400 | 9825 0053 | be45 ffff | ff44 894c | 2408 4489 | 5424 0c89 | 4c24 1089 | 7c24 1890 
  0x00007f472bb002c0: ;   {runtime_call UncommonTrapBlob}
  0x00007f472bb002c0: c5f8 77e8 

  0x00007f472bb002c4: ; ImmutableOopMap {rbp=Oop [8]=NarrowOop [12]=NarrowOop }
                      ;*ifeq {reexecute=1 rethrow=0 return_oop=0}
                      ; - (reexecute) com.badlogic.gdx.graphics.Mesh::render@8 (line 479)
                      ; - com.badlogic.gdx.graphics.Mesh::render@10 (line 449)
                      ; - com.badlogic.gdx.graphics.g2d.SpriteBatch::flush@176 (line 975)
  0x00007f472bb002c4: 18b5 95ff 

  0x00007f472bb002c8: ;   {post_call_nop}
  0x00007f472bb002c8: 0f1f 8400 | c025 0054 | be45 ffff | ff48 ff74 | 2420 488f | 4424 1889 | 7c24 2444 | 8954 242c 
  0x00007f472bb002e8: 8944 2430 | 4c89 4c24 | 404c 894c | 2448 895c | 2450 6690 

  0x00007f472bb002fc: ;   {runtime_call UncommonTrapBlob}
  0x00007f472bb002fc: c5f8 77e8 

  0x00007f472bb00300: ; ImmutableOopMap {[8]=Oop [24]=Oop [40]=NarrowOop [44]=NarrowOop [64]=Oop [72]=Oop }
                      ;*if_icmple {reexecute=1 rethrow=0 return_oop=0}
                      ; - (reexecute) java.nio.Buffer::limit@5 (line 378)
                      ; - java.nio.ByteBuffer::limit@2 (line 1590)
                      ; - java.nio.MappedByteBuffer::limit@2 (line 339)
                      ; - java.nio.MappedByteBuffer::limit@2 (line 74)
                      ; - com.badlogic.gdx.graphics.glutils.VertexArray::bind@21 (line 105)
                      ; - com.badlogic.gdx.graphics.Mesh::bind@6 (line 380)
                      ; - com.badlogic.gdx.graphics.Mesh::bind@3 (line 371)
                      ; - com.badlogic.gdx.graphics.Mesh::render@13 (line 479)
                      ; - com.badlogic.gdx.graphics.Mesh::render@10 (line 449)
                      ; - com.badlogic.gdx.graphics.g2d.SpriteBatch::flush@176 (line 975)
  0x00007f472bb00300: dcb4 95ff 

  0x00007f472bb00304: ;   {post_call_nop}
  0x00007f472bb00304: 0f1f 8400 | fc25 0055 | be45 ffff | ff48 8bea | 48ff 7424 | 2048 8f44 | 2408 4889 | 4424 f88b 
  0x00007f472bb00324: 4424 2889 | 4424 1048 | 8b44 24f8 | 897c 241c | 4489 5424 | 2489 4424 | 284c 894c | 2438 4c89 
  0x00007f472bb00344: 4c24 4089 | 5c24 4890 

  0x00007f472bb0034c: ;   {runtime_call UncommonTrapBlob}
  0x00007f472bb0034c: c5f8 77e8 

  0x00007f472bb00350: ; ImmutableOopMap {rbp=Oop [8]=Oop [16]=NarrowOop [36]=NarrowOop [56]=Oop [64]=Oop }
                      ;*ifge {reexecute=1 rethrow=0 return_oop=0}
                      ; - (reexecute) java.nio.Buffer::limit@14 (line 378)
                      ; - java.nio.ByteBuffer::limit@2 (line 1590)
                      ; - java.nio.MappedByteBuffer::limit@2 (line 339)
                      ; - java.nio.MappedByteBuffer::limit@2 (line 74)
                      ; - com.badlogic.gdx.graphics.glutils.VertexArray::bind@21 (line 105)
                      ; - com.badlogic.gdx.graphics.Mesh::bind@6 (line 380)
                      ; - com.badlogic.gdx.graphics.Mesh::bind@3 (line 371)
                      ; - com.badlogic.gdx.graphics.Mesh::render@13 (line 479)
                      ; - com.badlogic.gdx.graphics.Mesh::render@10 (line 449)
                      ; - com.badlogic.gdx.graphics.g2d.SpriteBatch::flush@176 (line 975)
  0x00007f472bb00350: 8cb4 95ff 

  0x00007f472bb00354: ;   {post_call_nop}
  0x00007f472bb00354: 0f1f 8400 | 4c26 0056 | be45 ffff | ff48 ff74 | 2420 488f | 4424 1889 | 7c24 2444 | 8954 242c 
  0x00007f472bb00374: 8944 2430 | 4c89 4c24 | 404c 894c | 2448 895c | 2450 6690 

  0x00007f472bb00388: ;   {runtime_call UncommonTrapBlob}
  0x00007f472bb00388: c5f8 77e8 

  0x00007f472bb0038c: ; ImmutableOopMap {[8]=Oop [24]=Oop [40]=NarrowOop [44]=NarrowOop [64]=Oop [72]=Oop }
                      ;*if_icmple {reexecute=1 rethrow=0 return_oop=0}
                      ; - (reexecute) java.nio.Buffer::limit@42 (line 381)
                      ; - java.nio.ByteBuffer::limit@2 (line 1590)
                      ; - java.nio.MappedByteBuffer::limit@2 (line 339)
                      ; - java.nio.MappedByteBuffer::limit@2 (line 74)
                      ; - com.badlogic.gdx.graphics.glutils.VertexArray::bind@21 (line 105)
                      ; - com.badlogic.gdx.graphics.Mesh::bind@6 (line 380)
                      ; - com.badlogic.gdx.graphics.Mesh::bind@3 (line 371)
                      ; - com.badlogic.gdx.graphics.Mesh::render@13 (line 479)
                      ; - com.badlogic.gdx.graphics.Mesh::render@10 (line 449)
                      ; - com.badlogic.gdx.graphics.g2d.SpriteBatch::flush@176 (line 975)
  0x00007f472bb0038c: 50b4 95ff 

  0x00007f472bb00390: ;   {post_call_nop}
  0x00007f472bb00390: 0f1f 8400 | 8826 0057 | be45 ffff | ff48 ff74 | 2420 488f | 4424 1889 | 7c24 2444 | 8954 242c 
  0x00007f472bb003b0: 8944 2430 | 4c89 4c24 | 404c 894c | 2448 895c | 2434 6690 

  0x00007f472bb003c4: ;   {runtime_call UncommonTrapBlob}
  0x00007f472bb003c4: c5f8 77e8 

  0x00007f472bb003c8: ; ImmutableOopMap {[8]=Oop [24]=Oop [40]=NarrowOop [44]=NarrowOop [64]=Oop [72]=Oop }
                      ;*if_icmple {reexecute=1 rethrow=0 return_oop=0}
                      ; - (reexecute) java.nio.Buffer::limit@55 (line 382)
                      ; - java.nio.ByteBuffer::limit@2 (line 1590)
                      ; - java.nio.MappedByteBuffer::limit@2 (line 339)
                      ; - java.nio.MappedByteBuffer::limit@2 (line 74)
                      ; - com.badlogic.gdx.graphics.glutils.VertexArray::bind@21 (line 105)
                      ; - com.badlogic.gdx.graphics.Mesh::bind@6 (line 380)
                      ; - com.badlogic.gdx.graphics.Mesh::bind@3 (line 371)
                      ; - com.badlogic.gdx.graphics.Mesh::render@13 (line 479)
                      ; - com.badlogic.gdx.graphics.Mesh::render@10 (line 449)
                      ; - com.badlogic.gdx.graphics.g2d.SpriteBatch::flush@176 (line 975)
  0x00007f472bb003c8: 14b4 95ff 

  0x00007f472bb003cc: ;   {post_call_nop}
  0x00007f472bb003cc: 0f1f 8400 | c426 0058 | be45 ffff | ff48 ff74 | 2420 488f | 4424 0889 | 4c24 1844 | 8954 2420 
  0x00007f472bb003ec: ;   {runtime_call UncommonTrapBlob}
  0x00007f472bb003ec: c5f8 77e8 

  0x00007f472bb003f0: ; ImmutableOopMap {[8]=Oop [24]=NarrowOop [32]=NarrowOop [40]=NarrowOop }
                      ;*ifeq {reexecute=1 rethrow=0 return_oop=0}
                      ; - (reexecute) com.badlogic.gdx.graphics.glutils.IndexArray::getNumIndices@4 (line 49)
                      ; - com.badlogic.gdx.graphics.Mesh::bind@15 (line 381)
                      ; - com.badlogic.gdx.graphics.Mesh::bind@3 (line 371)
                      ; - com.badlogic.gdx.graphics.Mesh::render@13 (line 479)
                      ; - com.badlogic.gdx.graphics.Mesh::render@10 (line 449)
                      ; - com.badlogic.gdx.graphics.g2d.SpriteBatch::flush@176 (line 975)
  0x00007f472bb003f0: ecb3 95ff 

  0x00007f472bb003f4: ;   {post_call_nop}
  0x00007f472bb003f4: 0f1f 8400 | ec26 0059 | be45 ffff | ff89 4c24 | 1866 6690 

  0x00007f472bb00408: ;   {runtime_call UncommonTrapBlob}
  0x00007f472bb00408: c5f8 77e8 

  0x00007f472bb0040c: ; ImmutableOopMap {[24]=NarrowOop [32]=Oop [40]=NarrowOop }
                      ;*ifeq {reexecute=1 rethrow=0 return_oop=0}
                      ; - (reexecute) com.badlogic.gdx.graphics.Mesh::render@20 (line 481)
                      ; - com.badlogic.gdx.graphics.Mesh::render@10 (line 449)
                      ; - com.badlogic.gdx.graphics.g2d.SpriteBatch::flush@176 (line 975)
  0x00007f472bb0040c: d0b3 95ff 

  0x00007f472bb00410: ;   {post_call_nop}
  0x00007f472bb00410: 0f1f 8400 | 0827 005a | be45 ffff | ff48 8b6c | 2420 4489 | 5424 0889 | 4c24 0c48 | 8944 24f8 
  0x00007f472bb00430: 8b44 2414 | 8944 2410 | 488b 4424 | f848 8944 | 24f8 8b44 | 242c 8944 | 2414 488b | 4424 f844 
  0x00007f472bb00450: 895c 241c | 895c 2424 | 895c 2428 | 8954 242c 

  0x00007f472bb00460: ;   {runtime_call UncommonTrapBlob}
  0x00007f472bb00460: c5f8 77e8 

  0x00007f472bb00464: ; ImmutableOopMap {rbp=Oop [8]=NarrowOop [12]=NarrowOop [36]=NarrowOop [40]=NarrowOop }
                      ;*if_icmple {reexecute=1 rethrow=0 return_oop=0}
                      ; - (reexecute) java.nio.Buffer::position@5 (line 325)
                      ; - java.nio.ShortBuffer::position@2 (line 1576)
                      ; - java.nio.ShortBuffer::position@2 (line 292)
                      ; - com.badlogic.gdx.graphics.Mesh::render@63 (line 486)
                      ; - com.badlogic.gdx.graphics.Mesh::render@10 (line 449)
                      ; - com.badlogic.gdx.graphics.g2d.SpriteBatch::flush@176 (line 975)
  0x00007f472bb00464: 78b3 95ff 

  0x00007f472bb00468: ;   {post_call_nop}
  0x00007f472bb00468: 0f1f 8400 | 6027 005b | be45 ffff | ff48 8b6c | 2420 4489 | 5424 0889 | 4c24 0c48 | 8944 24f8 
  0x00007f472bb00488: 8b44 2414 | 8944 2410 | 488b 4424 | f848 8944 | 24f8 8b44 | 242c 8944 | 2414 488b | 4424 f844 
  0x00007f472bb004a8: 895c 241c | 8954 2420 | 895c 2424 | 895c 2428 | 4489 4424 | 2c66 6690 

  0x00007f472bb004c0: ;   {runtime_call UncommonTrapBlob}
  0x00007f472bb004c0: c5f8 77e8 

  0x00007f472bb004c4: ; ImmutableOopMap {rbp=Oop [8]=NarrowOop [12]=NarrowOop [36]=NarrowOop [40]=NarrowOop }
                      ;*if_icmple {reexecute=1 rethrow=0 return_oop=0}
                      ; - (reexecute) java.nio.Buffer::position@37 (line 327)
                      ; - java.nio.ShortBuffer::position@2 (line 1576)
                      ; - java.nio.ShortBuffer::position@2 (line 292)
                      ; - com.badlogic.gdx.graphics.Mesh::render@63 (line 486)
                      ; - com.badlogic.gdx.graphics.Mesh::render@10 (line 449)
                      ; - com.badlogic.gdx.graphics.g2d.SpriteBatch::flush@176 (line 975)
  0x00007f472bb004c4: 18b3 95ff 

  0x00007f472bb004c8: ;   {post_call_nop}
  0x00007f472bb004c8: 0f1f 8400 | c027 005c | be45 ffff | ff48 ff74 | 2420 488f | 4424 1848 | 8944 24f8 | 8b44 242c 
  0x00007f472bb004e8: 8944 2420 | 488b 4424 | f889 5c24 | 2c89 5c24 | 3066 6690 

  0x00007f472bb004fc: ;   {runtime_call UncommonTrapBlob}
  0x00007f472bb004fc: c5f8 77e8 

  0x00007f472bb00500: ; ImmutableOopMap {[8]=NarrowOop [12]=NarrowOop [24]=Oop [44]=NarrowOop [48]=NarrowOop }
                      ;*if_icmple {reexecute=1 rethrow=0 return_oop=0}
                      ; - (reexecute) java.nio.Buffer::limit@5 (line 378)
                      ; - java.nio.ShortBuffer::limit@2 (line 1590)
                      ; - java.nio.ShortBuffer::limit@2 (line 292)
                      ; - com.badlogic.gdx.graphics.Mesh::render@73 (line 487)
                      ; - com.badlogic.gdx.graphics.Mesh::render@10 (line 449)
                      ; - com.badlogic.gdx.graphics.g2d.SpriteBatch::flush@176 (line 975)
  0x00007f472bb00500: dcb2 95ff 

  0x00007f472bb00504: ;   {post_call_nop}
  0x00007f472bb00504: 0f1f 8400 | fc27 005d | be45 ffff | ff48 8b6c | 2420 4889 | 4424 f88b | 4424 2c89 | 4424 1848 
  0x00007f472bb00524: 8b44 24f8 | 4889 4424 | f88b 4424 | 2889 4424 | 2048 8b44 | 24f8 895c | 2424 895c | 2428 4489 
  0x00007f472bb00544: 4424 2c90 

  0x00007f472bb00548: ;   {runtime_call UncommonTrapBlob}
  0x00007f472bb00548: c5f8 77e8 

  0x00007f472bb0054c: ; ImmutableOopMap {rbp=Oop [8]=NarrowOop [12]=NarrowOop [36]=NarrowOop [40]=NarrowOop }
                      ;*if_icmple {reexecute=1 rethrow=0 return_oop=0}
                      ; - (reexecute) java.nio.Buffer::limit@55 (line 382)
                      ; - java.nio.ShortBuffer::limit@2 (line 1590)
                      ; - java.nio.ShortBuffer::limit@2 (line 292)
                      ; - com.badlogic.gdx.graphics.Mesh::render@73 (line 487)
                      ; - com.badlogic.gdx.graphics.Mesh::render@10 (line 449)
                      ; - com.badlogic.gdx.graphics.g2d.SpriteBatch::flush@176 (line 975)
  0x00007f472bb0054c: 90b2 95ff 

  0x00007f472bb00550: ;   {post_call_nop}
  0x00007f472bb00550: 0f1f 8400 | 4828 005e | be45 ffff | ff48 8b6c | 2420 4889 | 4424 f88b | 4424 2889 | 4424 1c48 
  0x00007f472bb00570: 8b44 24f8 | 4489 5c24 | 2866 6690 

  0x00007f472bb0057c: ;   {runtime_call UncommonTrapBlob}
  0x00007f472bb0057c: c5f8 77e8 

  0x00007f472bb00580: ; ImmutableOopMap {rbp=Oop [8]=NarrowOop [12]=NarrowOop [20]=NarrowOop [40]=NarrowOop }
                      ;*ifnonnull {reexecute=1 rethrow=0 return_oop=0}
                      ; - (reexecute) org.lwjgl.opengl.GLContext::getCapabilities@5 (line 123)
                      ; - org.lwjgl.opengl.GL11::glDrawElements@0 (line 1105)
                      ; - com.badlogic.gdx.backends.lwjgl.LwjglGL20::glDrawElements@21 (line 281)
                      ; - com.badlogic.gdx.graphics.Mesh::render@88 (line 488)
                      ; - com.badlogic.gdx.graphics.Mesh::render@10 (line 449)
                      ; - com.badlogic.gdx.graphics.g2d.SpriteBatch::flush@176 (line 975)
  0x00007f472bb00580: 5cb2 95ff 

  0x00007f472bb00584: ;   {post_call_nop}
  0x00007f472bb00584: 0f1f 8400 | 7c28 005f | 4533 d24d | 3bca bdff | ffff ff7c | 0840 0f95 | c540 0fb6 | edbe 45ff 
  0x00007f472bb005a4: ffff 48ff | 7424 2048 | 8f44 2418 | 4889 4424 | f88b 4424 | 2c89 4424 | 2048 8b44 | 24f8 4889 
  0x00007f472bb005c4: 4424 f88b | 4424 2889 | 4424 2448 | 8b44 24f8 | 4489 5c24 | 2c4c 894c | 2430 6690 

  0x00007f472bb005e0: ;   {runtime_call UncommonTrapBlob}
  0x00007f472bb005e0: c5f8 77e8 

  0x00007f472bb005e4: ; ImmutableOopMap {[8]=NarrowOop [12]=NarrowOop [20]=NarrowOop [24]=Oop [44]=NarrowOop }
                      ;*ifne {reexecute=1 rethrow=0 return_oop=0}
                      ; - (reexecute) org.lwjgl.BufferChecks::checkFunctionAddress@9 (line 57)
                      ; - org.lwjgl.opengl.GL11::glDrawElements@10 (line 1107)
                      ; - com.badlogic.gdx.backends.lwjgl.LwjglGL20::glDrawElements@21 (line 281)
                      ; - com.badlogic.gdx.graphics.Mesh::render@88 (line 488)
                      ; - com.badlogic.gdx.graphics.Mesh::render@10 (line 449)
                      ; - com.badlogic.gdx.graphics.g2d.SpriteBatch::flush@176 (line 975)
  0x00007f472bb005e4: f8b1 95ff 

  0x00007f472bb005e8: ;   {post_call_nop}
  0x00007f472bb005e8: 0f1f 8400 | e028 0060 | be45 ffff | ff48 ff74 | 2420 488f | 4424 1848 | 8944 24f8 | 8b44 2428 
  0x00007f472bb00608: 8944 2424 | 488b 4424 | f84c 894c | 2430 6690 

  0x00007f472bb00618: ;   {runtime_call UncommonTrapBlob}
  0x00007f472bb00618: c5f8 77e8 

  0x00007f472bb0061c: ; ImmutableOopMap {[8]=NarrowOop [12]=NarrowOop [20]=NarrowOop [24]=Oop }
                      ;*ifeq {reexecute=1 rethrow=0 return_oop=0}
                      ; - (reexecute) org.lwjgl.opengl.GLChecks::ensureElementVBOdisabled@10 (line 82)
                      ; - org.lwjgl.opengl.GL11::glDrawElements@14 (line 1108)
                      ; - com.badlogic.gdx.backends.lwjgl.LwjglGL20::glDrawElements@21 (line 281)
                      ; - com.badlogic.gdx.graphics.Mesh::render@88 (line 488)
                      ; - com.badlogic.gdx.graphics.Mesh::render@10 (line 449)
                      ; - com.badlogic.gdx.graphics.g2d.SpriteBatch::flush@176 (line 975)
  0x00007f472bb0061c: c0b1 95ff 

  0x00007f472bb00620: ;   {post_call_nop}
  0x00007f472bb00620: 0f1f 8400 | 1829 0061 | be45 ffff | ff48 ff74 | 2420 488f | 4424 1848 | 8944 24f8 | 8b44 242c 
  0x00007f472bb00640: 8944 2414 | 488b 4424 | f844 8944 | 2424 4489 | 4424 2844 | 8954 2430 

  0x00007f472bb00658: ;   {runtime_call UncommonTrapBlob}
  0x00007f472bb00658: c5f8 77e8 

  0x00007f472bb0065c: ; ImmutableOopMap {[8]=NarrowOop [12]=NarrowOop [24]=Oop [36]=NarrowOop [40]=NarrowOop }
                      ;*if_icmple {reexecute=1 rethrow=0 return_oop=0}
                      ; - (reexecute) java.nio.Buffer::position@5 (line 325)
                      ; - java.nio.ShortBuffer::position@2 (line 1576)
                      ; - java.nio.ShortBuffer::position@2 (line 292)
                      ; - com.badlogic.gdx.graphics.Mesh::render@97 (line 489)
                      ; - com.badlogic.gdx.graphics.Mesh::render@10 (line 449)
                      ; - com.badlogic.gdx.graphics.g2d.SpriteBatch::flush@176 (line 975)
  0x00007f472bb0065c: 80b1 95ff 

  0x00007f472bb00660: ;   {post_call_nop}
  0x00007f472bb00660: 0f1f 8400 | 5829 0062 | be45 ffff | ff48 8b6c | 2420 4489 | 4424 1c44 | 8944 2420 

  0x00007f472bb0067c: ;   {runtime_call UncommonTrapBlob}
  0x00007f472bb0067c: c5f8 77e8 

  0x00007f472bb00680: ; ImmutableOopMap {rbp=Oop [8]=NarrowOop [12]=NarrowOop [28]=NarrowOop [32]=NarrowOop }
                      ;*ifge {reexecute=1 rethrow=0 return_oop=0}
                      ; - (reexecute) java.nio.Buffer::position@14 (line 325)
                      ; - java.nio.ShortBuffer::position@2 (line 1576)
                      ; - java.nio.ShortBuffer::position@2 (line 292)
                      ; - com.badlogic.gdx.graphics.Mesh::render@97 (line 489)
                      ; - com.badlogic.gdx.graphics.Mesh::render@10 (line 449)
                      ; - com.badlogic.gdx.graphics.g2d.SpriteBatch::flush@176 (line 975)
  0x00007f472bb00680: 5cb1 95ff 

  0x00007f472bb00684: ;   {post_call_nop}
  0x00007f472bb00684: 0f1f 8400 | 7c29 0063 | be45 ffff | ff48 8b6c | 2420 4889 | 4424 f88b | 4424 2c89 | 4424 1448 
  0x00007f472bb006a4: 8b44 24f8 | 4489 4424 | 1c44 8944 | 2420 4489 | 4c24 2844 | 8954 242c 

  0x00007f472bb006bc: ;   {runtime_call UncommonTrapBlob}
  0x00007f472bb006bc: c5f8 77e8 

  0x00007f472bb006c0: ; ImmutableOopMap {rbp=Oop [8]=NarrowOop [12]=NarrowOop [28]=NarrowOop [32]=NarrowOop }
                      ;*if_icmple {reexecute=1 rethrow=0 return_oop=0}
                      ; - (reexecute) java.nio.Buffer::position@37 (line 327)
                      ; - java.nio.ShortBuffer::position@2 (line 1576)
                      ; - java.nio.ShortBuffer::position@2 (line 292)
                      ; - com.badlogic.gdx.graphics.Mesh::render@97 (line 489)
                      ; - com.badlogic.gdx.graphics.Mesh::render@10 (line 449)
                      ; - com.badlogic.gdx.graphics.g2d.SpriteBatch::flush@176 (line 975)
  0x00007f472bb006c0: 1cb1 95ff 

  0x00007f472bb006c4: ;   {post_call_nop}
  0x00007f472bb006c4: 0f1f 8400 | bc29 0064 | be45 ffff | ff48 ff74 | 2420 488f | 4424 1044 | 8944 2420 | 4489 5c24 
  0x00007f472bb006e4: 2866 6690 

  0x00007f472bb006e8: ;   {runtime_call UncommonTrapBlob}
  0x00007f472bb006e8: c5f8 77e8 

  0x00007f472bb006ec: ; ImmutableOopMap {[8]=NarrowOop [12]=NarrowOop [16]=Oop [32]=NarrowOop }
                      ;*if_icmple {reexecute=1 rethrow=0 return_oop=0}
                      ; - (reexecute) java.nio.Buffer::limit@5 (line 378)
                      ; - java.nio.ShortBuffer::limit@2 (line 1590)
                      ; - java.nio.ShortBuffer::limit@2 (line 292)
                      ; - com.badlogic.gdx.graphics.Mesh::render@105 (line 490)
                      ; - com.badlogic.gdx.graphics.Mesh::render@10 (line 449)
                      ; - com.badlogic.gdx.graphics.g2d.SpriteBatch::flush@176 (line 975)
  0x00007f472bb006ec: f0b0 95ff 

  0x00007f472bb006f0: ;   {post_call_nop}
  0x00007f472bb006f0: 0f1f 8400 | e829 0065 | be45 ffff | ff48 8b6c | 2420 4489 | 5c24 2490 

  0x00007f472bb00708: ;   {runtime_call UncommonTrapBlob}
  0x00007f472bb00708: c5f8 77e8 

  0x00007f472bb0070c: ; ImmutableOopMap {rbp=Oop [8]=NarrowOop [12]=NarrowOop [20]=NarrowOop }
                      ;*if_icmple {reexecute=1 rethrow=0 return_oop=0}
                      ; - (reexecute) java.nio.Buffer::limit@42 (line 381)
                      ; - java.nio.ShortBuffer::limit@2 (line 1590)
                      ; - java.nio.ShortBuffer::limit@2 (line 292)
                      ; - com.badlogic.gdx.graphics.Mesh::render@105 (line 490)
                      ; - com.badlogic.gdx.graphics.Mesh::render@10 (line 449)
                      ; - com.badlogic.gdx.graphics.g2d.SpriteBatch::flush@176 (line 975)
  0x00007f472bb0070c: d0b0 95ff 

  0x00007f472bb00710: ;   {post_call_nop}
  0x00007f472bb00710: 0f1f 8400 | 082a 0066 | be45 ffff | ff48 8b6c | 2420 4489 | 4c24 1c44 | 895c 2420 

  0x00007f472bb0072c: ;   {runtime_call UncommonTrapBlob}
  0x00007f472bb0072c: c5f8 77e8 

  0x00007f472bb00730: ; ImmutableOopMap {rbp=Oop [8]=NarrowOop [12]=NarrowOop [20]=NarrowOop }
                      ;*if_icmple {reexecute=1 rethrow=0 return_oop=0}
                      ; - (reexecute) java.nio.Buffer::limit@55 (line 382)
                      ; - java.nio.ShortBuffer::limit@2 (line 1590)
                      ; - java.nio.ShortBuffer::limit@2 (line 292)
                      ; - com.badlogic.gdx.graphics.Mesh::render@105 (line 490)
                      ; - com.badlogic.gdx.graphics.Mesh::render@10 (line 449)
                      ; - com.badlogic.gdx.graphics.g2d.SpriteBatch::flush@176 (line 975)
  0x00007f472bb00730: acb0 95ff 

  0x00007f472bb00734: ;   {post_call_nop}
  0x00007f472bb00734: 0f1f 8400 | 2c2a 0067 | be45 ffff | ff44 894c | 2410 6690 

  0x00007f472bb00748: ;   {runtime_call UncommonTrapBlob}
  0x00007f472bb00748: c5f8 77e8 

  0x00007f472bb0074c: ; ImmutableOopMap {[16]=NarrowOop [32]=Oop }
                      ;*ifeq {reexecute=1 rethrow=0 return_oop=0}
                      ; - (reexecute) com.badlogic.gdx.graphics.glutils.IndexArray::getNumIndices@4 (line 49)
                      ; - com.badlogic.gdx.graphics.Mesh::unbind@15 (line 399)
                      ; - com.badlogic.gdx.graphics.Mesh::unbind@3 (line 389)
                      ; - com.badlogic.gdx.graphics.Mesh::render@178 (line 501)
                      ; - com.badlogic.gdx.graphics.Mesh::render@10 (line 449)
                      ; - com.badlogic.gdx.graphics.g2d.SpriteBatch::flush@176 (line 975)
  0x00007f472bb0074c: 90b0 95ff 

  0x00007f472bb00750: ;   {post_call_nop}
  0x00007f472bb00750: 0f1f 8400 | 482a 0068 | 4533 d241 | 8bda e930 | ddff ff33 | f6e9 03e9 | ffff bee4 | ffff ff48 
  0x00007f472bb00770: ff74 2420 | 488f 4424 | 1889 4c24 | 3048 8944 | 24f8 8b44 | 243c 8944 | 2434 488b | 4424 f844 
  0x00007f472bb00790: 895c 2444 

  0x00007f472bb00794: ;   {runtime_call UncommonTrapBlob}
  0x00007f472bb00794: c5f8 77e8 

  0x00007f472bb00798: ; ImmutableOopMap {rbp=NarrowOop [8]=Oop [24]=Oop [40]=NarrowOop [48]=NarrowOop [68]=NarrowOop [72]=NarrowOop [76]=NarrowOop [80]=NarrowOop }
                      ;*baload {reexecute=0 rethrow=0 return_oop=0}
                      ; - jdk.internal.util.ArraysSupport::hashCodeOfUnsigned@38 (line 275)
                      ; - java.lang.StringLatin1::hashCode@5 (line 307)
                      ; - java.lang.String::hashCode@27 (line 2719)
                      ; - com.badlogic.gdx.utils.ObjectIntMap::get@1 (line 279)
                      ; - com.badlogic.gdx.graphics.glutils.ShaderProgram::getAttributeLocation@6 (line 865)
                      ; - com.badlogic.gdx.graphics.glutils.VertexArray::bind@55 (line 109)
                      ; - com.badlogic.gdx.graphics.Mesh::bind@6 (line 380)
                      ; - com.badlogic.gdx.graphics.Mesh::bind@3 (line 371)
                      ; - com.badlogic.gdx.graphics.Mesh::render@13 (line 479)
                      ; - com.badlogic.gdx.graphics.Mesh::render@10 (line 449)
                      ; - com.badlogic.gdx.graphics.g2d.SpriteBatch::flush@176 (line 975)
  0x00007f472bb00798: 44b0 95ff 

  0x00007f472bb0079c: ;   {post_call_nop}
  0x00007f472bb0079c: 0f1f 8400 | 942a 0069 | bee4 ffff | ff48 ff74 | 2420 488f | 4424 1848 | 8944 24f8 | 8b44 2428 
  0x00007f472bb007bc: 8944 2420 | 488b 4424 | f844 8944 | 2424 4889 | 4424 f88b | 4424 4489 | 4424 2848 | 8b44 24f8 
  0x00007f472bb007dc: 4889 4424 | f88b 4424 | 4089 4424 | 3048 8b44 | 24f8 6690 

  0x00007f472bb007f0: ;   {runtime_call UncommonTrapBlob}
  0x00007f472bb007f0: c5f8 77e8 

  0x00007f472bb007f4: ; ImmutableOopMap {rbp=NarrowOop [8]=NarrowOop [12]=NarrowOop [16]=Oop [24]=Oop [40]=NarrowOop [48]=NarrowOop [72]=NarrowOop }
                      ;*baload {reexecute=0 rethrow=0 return_oop=0}
                      ; - jdk.internal.util.ArraysSupport::hashCodeOfUnsigned@38 (line 275)
                      ; - java.lang.StringLatin1::hashCode@5 (line 307)
                      ; - java.lang.String::hashCode@27 (line 2719)
                      ; - com.badlogic.gdx.utils.ObjectIntMap::get@1 (line 279)
                      ; - com.badlogic.gdx.graphics.glutils.ShaderProgram::fetchAttributeLocation@11 (line 290)
                      ; - com.badlogic.gdx.graphics.glutils.ShaderProgram::disableVertexAttribute@10 (line 717)
                      ; - com.badlogic.gdx.graphics.glutils.VertexArray::unbind@34 (line 145)
                      ; - com.badlogic.gdx.graphics.Mesh::unbind@6 (line 398)
                      ; - com.badlogic.gdx.graphics.Mesh::unbind@3 (line 389)
                      ; - com.badlogic.gdx.graphics.Mesh::render@178 (line 501)
                      ; - com.badlogic.gdx.graphics.Mesh::render@10 (line 449)
                      ; - com.badlogic.gdx.graphics.g2d.SpriteBatch::flush@176 (line 975)
  0x00007f472bb007f4: e8af 95ff 

  0x00007f472bb007f8: ;   {post_call_nop}
  0x00007f472bb007f8: 0f1f 8400 | f02a 006a | bede ffff | ff48 ff74 | 2420 488f | 4424 1848 | 8944 24f8 | 8b44 2438 
  0x00007f472bb00818: 8944 2424 | 488b 4424 | f848 8944 | 24f8 8b44 | 243c 8944 | 2434 488b | 4424 f848 | 8944 24f8 
  0x00007f472bb00838: 8b44 2448 | 8944 2438 | 488b 4424 | f844 895c | 2444 4489 | 5424 4890 

  0x00007f472bb00850: ;   {runtime_call UncommonTrapBlob}
  0x00007f472bb00850: c5f8 77e8 

  0x00007f472bb00854: ; ImmutableOopMap {rbp=NarrowOop [8]=Oop [24]=Oop [36]=NarrowOop [40]=NarrowOop [56]=NarrowOop [76]=NarrowOop [80]=NarrowOop }
                      ;*instanceof {reexecute=0 rethrow=0 return_oop=0}
                      ; - java.lang.String::equals@8 (line 2087)
                      ; - com.badlogic.gdx.utils.ObjectIntMap::get@21 (line 281)
                      ; - com.badlogic.gdx.graphics.glutils.ShaderProgram::getAttributeLocation@6 (line 865)
                      ; - com.badlogic.gdx.graphics.glutils.VertexArray::bind@55 (line 109)
                      ; - com.badlogic.gdx.graphics.Mesh::bind@6 (line 380)
                      ; - com.badlogic.gdx.graphics.Mesh::bind@3 (line 371)
                      ; - com.badlogic.gdx.graphics.Mesh::render@13 (line 479)
                      ; - com.badlogic.gdx.graphics.Mesh::render@10 (line 449)
                      ; - com.badlogic.gdx.graphics.g2d.SpriteBatch::flush@176 (line 975)
  0x00007f472bb00854: 88af 95ff 

  0x00007f472bb00858: ;   {post_call_nop}
  0x00007f472bb00858: 0f1f 8400 | 502b 006b | bede ffff | ff48 ff74 | 2420 488f | 4424 1848 | 8944 24f8 | 8b44 2428 
  0x00007f472bb00878: 8944 2420 | 488b 4424 | f848 8944 | 24f8 8b44 | 242c 8944 | 2424 488b | 4424 f848 | 8944 24f8 
  0x00007f472bb00898: 8b44 2444 | 8944 2434 | 488b 4424 | f848 8944 | 24f8 8b44 | 2448 8944 | 2438 488b | 4424 f844 
  0x00007f472bb008b8: 8954 2444 | 4489 5c24 | 4866 6690 

  0x00007f472bb008c4: ;   {runtime_call UncommonTrapBlob}
  0x00007f472bb008c4: c5f8 77e8 

  0x00007f472bb008c8: ; ImmutableOopMap {rbp=NarrowOop [8]=NarrowOop [12]=NarrowOop [16]=Oop [24]=Oop [52]=NarrowOop [56]=NarrowOop [64]=NarrowOop }
                      ;*instanceof {reexecute=0 rethrow=0 return_oop=0}
                      ; - java.lang.String::equals@8 (line 2087)
                      ; - com.badlogic.gdx.utils.ObjectIntMap::get@21 (line 281)
                      ; - com.badlogic.gdx.graphics.glutils.ShaderProgram::fetchAttributeLocation@11 (line 290)
                      ; - com.badlogic.gdx.graphics.glutils.ShaderProgram::disableVertexAttribute@10 (line 717)
                      ; - com.badlogic.gdx.graphics.glutils.VertexArray::unbind@34 (line 145)
                      ; - com.badlogic.gdx.graphics.Mesh::unbind@6 (line 398)
                      ; - com.badlogic.gdx.graphics.Mesh::unbind@3 (line 389)
                      ; - com.badlogic.gdx.graphics.Mesh::render@178 (line 501)
                      ; - com.badlogic.gdx.graphics.Mesh::render@10 (line 449)
                      ; - com.badlogic.gdx.graphics.g2d.SpriteBatch::flush@176 (line 975)
  0x00007f472bb008c8: 14af 95ff 

  0x00007f472bb008cc: ;   {post_call_nop}
  0x00007f472bb008cc: 0f1f 8400 | c42b 006c | bef6 ffff | ff8b eb90 

  0x00007f472bb008dc: ;   {runtime_call UncommonTrapBlob}
  0x00007f472bb008dc: c5f8 77e8 

  0x00007f472bb008e0: ; ImmutableOopMap {}
                      ;*invokevirtual get {reexecute=0 rethrow=0 return_oop=0}
                      ; - com.badlogic.gdx.graphics.glutils.VertexArray::bind@44 (line 108)
                      ; - com.badlogic.gdx.graphics.Mesh::bind@6 (line 380)
                      ; - com.badlogic.gdx.graphics.Mesh::bind@3 (line 371)
                      ; - com.badlogic.gdx.graphics.Mesh::render@13 (line 479)
                      ; - com.badlogic.gdx.graphics.Mesh::render@10 (line 449)
                      ; - com.badlogic.gdx.graphics.g2d.SpriteBatch::flush@176 (line 975)
  0x00007f472bb008e0: fcae 95ff 

  0x00007f472bb008e4: ;   {post_call_nop}
  0x00007f472bb008e4: 0f1f 8400 | dc2b 006d | bef6 ffff | ff8b eb90 

  0x00007f472bb008f4: ;   {runtime_call UncommonTrapBlob}
  0x00007f472bb008f4: c5f8 77e8 

  0x00007f472bb008f8: ; ImmutableOopMap {}
                      ;*aaload {reexecute=0 rethrow=0 return_oop=0}
                      ; - com.badlogic.gdx.graphics.VertexAttributes::get@5 (line 109)
                      ; - com.badlogic.gdx.graphics.glutils.VertexArray::bind@44 (line 108)
                      ; - com.badlogic.gdx.graphics.Mesh::bind@6 (line 380)
                      ; - com.badlogic.gdx.graphics.Mesh::bind@3 (line 371)
                      ; - com.badlogic.gdx.graphics.Mesh::render@13 (line 479)
                      ; - com.badlogic.gdx.graphics.Mesh::render@10 (line 449)
                      ; - com.badlogic.gdx.graphics.g2d.SpriteBatch::flush@176 (line 975)
  0x00007f472bb008f8: e4ae 95ff 

  0x00007f472bb008fc: ;   {post_call_nop}
  0x00007f472bb008fc: 0f1f 8400 | f42b 006e | bef6 ffff | ff66 6690 

  0x00007f472bb0090c: ;   {runtime_call UncommonTrapBlob}
  0x00007f472bb0090c: c5f8 77e8 

  0x00007f472bb00910: ; ImmutableOopMap {}
                      ;*getfield alias {reexecute=1 rethrow=0 return_oop=0}
                      ; - (reexecute) com.badlogic.gdx.graphics.glutils.VertexArray::bind@52 (line 109)
                      ; - com.badlogic.gdx.graphics.Mesh::bind@6 (line 380)
                      ; - com.badlogic.gdx.graphics.Mesh::bind@3 (line 371)
                      ; - com.badlogic.gdx.graphics.Mesh::render@13 (line 479)
                      ; - com.badlogic.gdx.graphics.Mesh::render@10 (line 449)
                      ; - com.badlogic.gdx.graphics.g2d.SpriteBatch::flush@176 (line 975)
  0x00007f472bb00910: ccae 95ff 

  0x00007f472bb00914: ;   {post_call_nop}
  0x00007f472bb00914: 0f1f 8400 | 0c2c 006f | bef6 ffff | ff66 6690 

  0x00007f472bb00924: ;   {runtime_call UncommonTrapBlob}
  0x00007f472bb00924: c5f8 77e8 

  0x00007f472bb00928: ; ImmutableOopMap {}
                      ;*invokevirtual hashCode {reexecute=0 rethrow=0 return_oop=0}
                      ; - com.badlogic.gdx.utils.ObjectIntMap::get@1 (line 279)
                      ; - com.badlogic.gdx.graphics.glutils.ShaderProgram::getAttributeLocation@6 (line 865)
                      ; - com.badlogic.gdx.graphics.glutils.VertexArray::bind@55 (line 109)
                      ; - com.badlogic.gdx.graphics.Mesh::bind@6 (line 380)
                      ; - com.badlogic.gdx.graphics.Mesh::bind@3 (line 371)
                      ; - com.badlogic.gdx.graphics.Mesh::render@13 (line 479)
                      ; - com.badlogic.gdx.graphics.Mesh::render@10 (line 449)
                      ; - com.badlogic.gdx.graphics.g2d.SpriteBatch::flush@176 (line 975)
  0x00007f472bb00928: b4ae 95ff 

  0x00007f472bb0092c: ;   {post_call_nop}
  0x00007f472bb0092c: 0f1f 8400 | 242c 0070 | bef6 ffff | ff41 8be9 

  0x00007f472bb0093c: ;   {runtime_call UncommonTrapBlob}
  0x00007f472bb0093c: c5f8 77e8 

  0x00007f472bb00940: ; ImmutableOopMap {}
                      ;*aaload {reexecute=0 rethrow=0 return_oop=0}
                      ; - com.badlogic.gdx.utils.ObjectIntMap::get@20 (line 281)
                      ; - com.badlogic.gdx.graphics.glutils.ShaderProgram::getAttributeLocation@6 (line 865)
                      ; - com.badlogic.gdx.graphics.glutils.VertexArray::bind@55 (line 109)
                      ; - com.badlogic.gdx.graphics.Mesh::bind@6 (line 380)
                      ; - com.badlogic.gdx.graphics.Mesh::bind@3 (line 371)
                      ; - com.badlogic.gdx.graphics.Mesh::render@13 (line 479)
                      ; - com.badlogic.gdx.graphics.Mesh::render@10 (line 449)
                      ; - com.badlogic.gdx.graphics.g2d.SpriteBatch::flush@176 (line 975)
  0x00007f472bb00940: 9cae 95ff 

  0x00007f472bb00944: ;   {post_call_nop}
  0x00007f472bb00944: 0f1f 8400 | 3c2c 0071 | bef6 ffff | ff41 8bea 

  0x00007f472bb00954: ;   {runtime_call UncommonTrapBlob}
  0x00007f472bb00954: c5f8 77e8 

  0x00007f472bb00958: ; ImmutableOopMap {}
                      ;*iaload {reexecute=0 rethrow=0 return_oop=0}
                      ; - com.badlogic.gdx.utils.ObjectIntMap::get@82 (line 288)
                      ; - com.badlogic.gdx.graphics.glutils.ShaderProgram::getAttributeLocation@6 (line 865)
                      ; - com.badlogic.gdx.graphics.glutils.VertexArray::bind@55 (line 109)
                      ; - com.badlogic.gdx.graphics.Mesh::bind@6 (line 380)
                      ; - com.badlogic.gdx.graphics.Mesh::bind@3 (line 371)
                      ; - com.badlogic.gdx.graphics.Mesh::render@13 (line 479)
                      ; - com.badlogic.gdx.graphics.Mesh::render@10 (line 449)
                      ; - com.badlogic.gdx.graphics.g2d.SpriteBatch::flush@176 (line 975)
  0x00007f472bb00958: 84ae 95ff 

  0x00007f472bb0095c: ;   {post_call_nop}
  0x00007f472bb0095c: 0f1f 8400 | 542c 0072 | bef6 ffff | ff8b 6c24 | 4c66 6690 

  0x00007f472bb00970: ;   {runtime_call UncommonTrapBlob}
  0x00007f472bb00970: c5f8 77e8 

  0x00007f472bb00974: ; ImmutableOopMap {}
                      ;*invokeinterface glEnableVertexAttribArray {reexecute=0 rethrow=0 return_oop=0}
                      ; - com.badlogic.gdx.graphics.glutils.ShaderProgram::enableVertexAttribute@10 (line 742)
                      ; - com.badlogic.gdx.graphics.glutils.VertexArray::bind@71 (line 111)
                      ; - com.badlogic.gdx.graphics.Mesh::bind@6 (line 380)
                      ; - com.badlogic.gdx.graphics.Mesh::bind@3 (line 371)
                      ; - com.badlogic.gdx.graphics.Mesh::render@13 (line 479)
                      ; - com.badlogic.gdx.graphics.Mesh::render@10 (line 449)
                      ; - com.badlogic.gdx.graphics.g2d.SpriteBatch::flush@176 (line 975)
  0x00007f472bb00974: 68ae 95ff 

  0x00007f472bb00978: ;   {post_call_nop}
  0x00007f472bb00978: 0f1f 8400 | 702c 0073 | bef6 ffff | ff66 6690 

  0x00007f472bb00988: ;   {runtime_call UncommonTrapBlob}
  0x00007f472bb00988: c5f8 77e8 

  0x00007f472bb0098c: ; ImmutableOopMap {}
                      ;*getfield owner {reexecute=1 rethrow=0 return_oop=0}
                      ; - (reexecute) org.lwjgl.opengl.GLContext::getCapabilitiesImpl@5 (line 132)
                      ; - org.lwjgl.opengl.GLContext::getCapabilities@0 (line 122)
                      ; - org.lwjgl.opengl.GL20::glEnableVertexAttribArray@0 (line 909)
                      ; - com.badlogic.gdx.backends.lwjgl.LwjglGL20::glEnableVertexAttribArray@1 (line 296)
                      ; - com.badlogic.gdx.graphics.glutils.ShaderProgram::enableVertexAttribute@10 (line 742)
                      ; - com.badlogic.gdx.graphics.glutils.VertexArray::bind@71 (line 111)
                      ; - com.badlogic.gdx.graphics.Mesh::bind@6 (line 380)
                      ; - com.badlogic.gdx.graphics.Mesh::bind@3 (line 371)
                      ; - com.badlogic.gdx.graphics.Mesh::render@13 (line 479)
                      ; - com.badlogic.gdx.graphics.Mesh::render@10 (line 449)
                      ; - com.badlogic.gdx.graphics.g2d.SpriteBatch::flush@176 (line 975)
  0x00007f472bb0098c: 50ae 95ff 

  0x00007f472bb00990: ;   {post_call_nop}
  0x00007f472bb00990: 0f1f 8400 | 882c 0074 | bef6 ffff | ff41 8beb 

  0x00007f472bb009a0: ;   {runtime_call UncommonTrapBlob}
  0x00007f472bb009a0: c5f8 77e8 

  0x00007f472bb009a4: ; ImmutableOopMap {}
                      ;*invokevirtual position {reexecute=0 rethrow=0 return_oop=0}
                      ; - com.badlogic.gdx.graphics.glutils.VertexArray::bind@83 (line 113)
                      ; - com.badlogic.gdx.graphics.Mesh::bind@6 (line 380)
                      ; - com.badlogic.gdx.graphics.Mesh::bind@3 (line 371)
                      ; - com.badlogic.gdx.graphics.Mesh::render@13 (line 479)
                      ; - com.badlogic.gdx.graphics.Mesh::render@10 (line 449)
                      ; - com.badlogic.gdx.graphics.g2d.SpriteBatch::flush@176 (line 975)
  0x00007f472bb009a4: 38ae 95ff 

  0x00007f472bb009a8: ;   {post_call_nop}
  0x00007f472bb009a8: 0f1f 8400 | a02c 0075 | bef6 ffff | ff66 6690 

  0x00007f472bb009b8: ;   {runtime_call UncommonTrapBlob}
  0x00007f472bb009b8: c5f8 77e8 

  0x00007f472bb009bc: ; ImmutableOopMap {}
                      ;*getfield vertexSize {reexecute=1 rethrow=0 return_oop=0}
                      ; - (reexecute) com.badlogic.gdx.graphics.glutils.VertexArray::bind@109 (line 114)
                      ; - com.badlogic.gdx.graphics.Mesh::bind@6 (line 380)
                      ; - com.badlogic.gdx.graphics.Mesh::bind@3 (line 371)
                      ; - com.badlogic.gdx.graphics.Mesh::render@13 (line 479)
                      ; - com.badlogic.gdx.graphics.Mesh::render@10 (line 449)
                      ; - com.badlogic.gdx.graphics.g2d.SpriteBatch::flush@176 (line 975)
  0x00007f472bb009bc: 20ae 95ff 

  0x00007f472bb009c0: ;   {post_call_nop}
  0x00007f472bb009c0: 0f1f 8400 | b82c 0076 | bef6 ffff | ff41 8be8 

  0x00007f472bb009d0: ;   {runtime_call UncommonTrapBlob}
  0x00007f472bb009d0: c5f8 77e8 

  0x00007f472bb009d4: ; ImmutableOopMap {}
                      ;*invokevirtual get {reexecute=0 rethrow=0 return_oop=0}
                      ; - com.badlogic.gdx.graphics.glutils.VertexArray::unbind@28 (line 145)
                      ; - com.badlogic.gdx.graphics.Mesh::unbind@6 (line 398)
                      ; - com.badlogic.gdx.graphics.Mesh::unbind@3 (line 389)
                      ; - com.badlogic.gdx.graphics.Mesh::render@178 (line 501)
                      ; - com.badlogic.gdx.graphics.Mesh::render@10 (line 449)
                      ; - com.badlogic.gdx.graphics.g2d.SpriteBatch::flush@176 (line 975)
  0x00007f472bb009d4: 08ae 95ff 

  0x00007f472bb009d8: ;   {post_call_nop}
  0x00007f472bb009d8: 0f1f 8400 | d02c 0077 | bef6 ffff | ff41 8be8 

  0x00007f472bb009e8: ;   {runtime_call UncommonTrapBlob}
  0x00007f472bb009e8: c5f8 77e8 

  0x00007f472bb009ec: ; ImmutableOopMap {}
                      ;*aaload {reexecute=0 rethrow=0 return_oop=0}
                      ; - com.badlogic.gdx.graphics.VertexAttributes::get@5 (line 109)
                      ; - com.badlogic.gdx.graphics.glutils.VertexArray::unbind@28 (line 145)
                      ; - com.badlogic.gdx.graphics.Mesh::unbind@6 (line 398)
                      ; - com.badlogic.gdx.graphics.Mesh::unbind@3 (line 389)
                      ; - com.badlogic.gdx.graphics.Mesh::render@178 (line 501)
                      ; - com.badlogic.gdx.graphics.Mesh::render@10 (line 449)
                      ; - com.badlogic.gdx.graphics.g2d.SpriteBatch::flush@176 (line 975)
  0x00007f472bb009ec: f0ad 95ff 

  0x00007f472bb009f0: ;   {post_call_nop}
  0x00007f472bb009f0: 0f1f 8400 | e82c 0078 | bef6 ffff | ff66 6690 

  0x00007f472bb00a00: ;   {runtime_call UncommonTrapBlob}
  0x00007f472bb00a00: c5f8 77e8 

  0x00007f472bb00a04: ; ImmutableOopMap {}
                      ;*getfield alias {reexecute=1 rethrow=0 return_oop=0}
                      ; - (reexecute) com.badlogic.gdx.graphics.glutils.VertexArray::unbind@31 (line 145)
                      ; - com.badlogic.gdx.graphics.Mesh::unbind@6 (line 398)
                      ; - com.badlogic.gdx.graphics.Mesh::unbind@3 (line 389)
                      ; - com.badlogic.gdx.graphics.Mesh::render@178 (line 501)
                      ; - com.badlogic.gdx.graphics.Mesh::render@10 (line 449)
                      ; - com.badlogic.gdx.graphics.g2d.SpriteBatch::flush@176 (line 975)
  0x00007f472bb00a04: d8ad 95ff 

  0x00007f472bb00a08: ;   {post_call_nop}
  0x00007f472bb00a08: 0f1f 8400 | 002d 0079 | bef6 ffff | ff66 6690 

  0x00007f472bb00a18: ;   {runtime_call UncommonTrapBlob}
  0x00007f472bb00a18: c5f8 77e8 

  0x00007f472bb00a1c: ; ImmutableOopMap {}
                      ;*invokevirtual hashCode {reexecute=0 rethrow=0 return_oop=0}
                      ; - com.badlogic.gdx.utils.ObjectIntMap::get@1 (line 279)
                      ; - com.badlogic.gdx.graphics.glutils.ShaderProgram::fetchAttributeLocation@11 (line 290)
                      ; - com.badlogic.gdx.graphics.glutils.ShaderProgram::disableVertexAttribute@10 (line 717)
                      ; - com.badlogic.gdx.graphics.glutils.VertexArray::unbind@34 (line 145)
                      ; - com.badlogic.gdx.graphics.Mesh::unbind@6 (line 398)
                      ; - com.badlogic.gdx.graphics.Mesh::unbind@3 (line 389)
                      ; - com.badlogic.gdx.graphics.Mesh::render@178 (line 501)
                      ; - com.badlogic.gdx.graphics.Mesh::render@10 (line 449)
                      ; - com.badlogic.gdx.graphics.g2d.SpriteBatch::flush@176 (line 975)
  0x00007f472bb00a1c: c0ad 95ff 

  0x00007f472bb00a20: ;   {post_call_nop}
  0x00007f472bb00a20: 0f1f 8400 | 182d 007a | bef6 ffff | ff41 8be9 

  0x00007f472bb00a30: ;   {runtime_call UncommonTrapBlob}
  0x00007f472bb00a30: c5f8 77e8 

  0x00007f472bb00a34: ; ImmutableOopMap {}
                      ;*aaload {reexecute=0 rethrow=0 return_oop=0}
                      ; - com.badlogic.gdx.utils.ObjectIntMap::get@20 (line 281)
                      ; - com.badlogic.gdx.graphics.glutils.ShaderProgram::fetchAttributeLocation@11 (line 290)
                      ; - com.badlogic.gdx.graphics.glutils.ShaderProgram::disableVertexAttribute@10 (line 717)
                      ; - com.badlogic.gdx.graphics.glutils.VertexArray::unbind@34 (line 145)
                      ; - com.badlogic.gdx.graphics.Mesh::unbind@6 (line 398)
                      ; - com.badlogic.gdx.graphics.Mesh::unbind@3 (line 389)
                      ; - com.badlogic.gdx.graphics.Mesh::render@178 (line 501)
                      ; - com.badlogic.gdx.graphics.Mesh::render@10 (line 449)
                      ; - com.badlogic.gdx.graphics.g2d.SpriteBatch::flush@176 (line 975)
  0x00007f472bb00a34: a8ad 95ff 

  0x00007f472bb00a38: ;   {post_call_nop}
  0x00007f472bb00a38: 0f1f 8400 | 302d 007b | bef6 ffff | ff41 8beb 

  0x00007f472bb00a48: ;   {runtime_call UncommonTrapBlob}
  0x00007f472bb00a48: c5f8 77e8 

  0x00007f472bb00a4c: ; ImmutableOopMap {}
                      ;*iaload {reexecute=0 rethrow=0 return_oop=0}
                      ; - com.badlogic.gdx.utils.ObjectIntMap::get@82 (line 288)
                      ; - com.badlogic.gdx.graphics.glutils.ShaderProgram::fetchAttributeLocation@11 (line 290)
                      ; - com.badlogic.gdx.graphics.glutils.ShaderProgram::disableVertexAttribute@10 (line 717)
                      ; - com.badlogic.gdx.graphics.glutils.VertexArray::unbind@34 (line 145)
                      ; - com.badlogic.gdx.graphics.Mesh::unbind@6 (line 398)
                      ; - com.badlogic.gdx.graphics.Mesh::unbind@3 (line 389)
                      ; - com.badlogic.gdx.graphics.Mesh::render@178 (line 501)
                      ; - com.badlogic.gdx.graphics.Mesh::render@10 (line 449)
                      ; - com.badlogic.gdx.graphics.g2d.SpriteBatch::flush@176 (line 975)
  0x00007f472bb00a4c: 90ad 95ff 

  0x00007f472bb00a50: ;   {post_call_nop}
  0x00007f472bb00a50: 0f1f 8400 | 482d 007c | bef6 ffff | ff41 8be8 

  0x00007f472bb00a60: ;   {runtime_call UncommonTrapBlob}
  0x00007f472bb00a60: c5f8 77e8 

  0x00007f472bb00a64: ; ImmutableOopMap {}
                      ;*invokeinterface glDisableVertexAttribArray {reexecute=0 rethrow=0 return_oop=0}
                      ; - com.badlogic.gdx.graphics.glutils.ShaderProgram::disableVertexAttribute@22 (line 719)
                      ; - com.badlogic.gdx.graphics.glutils.VertexArray::unbind@34 (line 145)
                      ; - com.badlogic.gdx.graphics.Mesh::unbind@6 (line 398)
                      ; - com.badlogic.gdx.graphics.Mesh::unbind@3 (line 389)
                      ; - com.badlogic.gdx.graphics.Mesh::render@178 (line 501)
                      ; - com.badlogic.gdx.graphics.Mesh::render@10 (line 449)
                      ; - com.badlogic.gdx.graphics.g2d.SpriteBatch::flush@176 (line 975)
  0x00007f472bb00a64: 78ad 95ff 

  0x00007f472bb00a68: ;   {post_call_nop}
  0x00007f472bb00a68: 0f1f 8400 | 602d 007d | bef6 ffff | ff66 6690 

  0x00007f472bb00a78: ;   {runtime_call UncommonTrapBlob}
  0x00007f472bb00a78: c5f8 77e8 

  0x00007f472bb00a7c: ; ImmutableOopMap {}
                      ;*getfield owner {reexecute=1 rethrow=0 return_oop=0}
                      ; - (reexecute) org.lwjgl.opengl.GLContext::getCapabilitiesImpl@5 (line 132)
                      ; - org.lwjgl.opengl.GLContext::getCapabilities@0 (line 122)
                      ; - org.lwjgl.opengl.GL20::glDisableVertexAttribArray@0 (line 917)
                      ; - com.badlogic.gdx.backends.lwjgl.LwjglGL20::glDisableVertexAttribArray@1 (line 272)
                      ; - com.badlogic.gdx.graphics.glutils.ShaderProgram::disableVertexAttribute@22 (line 719)
                      ; - com.badlogic.gdx.graphics.glutils.VertexArray::unbind@34 (line 145)
                      ; - com.badlogic.gdx.graphics.Mesh::unbind@6 (line 398)
                      ; - com.badlogic.gdx.graphics.Mesh::unbind@3 (line 389)
                      ; - com.badlogic.gdx.graphics.Mesh::render@178 (line 501)
                      ; - com.badlogic.gdx.graphics.Mesh::render@10 (line 449)
                      ; - com.badlogic.gdx.graphics.g2d.SpriteBatch::flush@176 (line 975)
  0x00007f472bb00a7c: 60ad 95ff 

  0x00007f472bb00a80: ;   {post_call_nop}
  0x00007f472bb00a80: 0f1f 8400 | 782d 007e | bef6 ffff | ff66 6690 

  0x00007f472bb00a90: ;   {runtime_call UncommonTrapBlob}
  0x00007f472bb00a90: c5f8 77e8 

  0x00007f472bb00a94: ; ImmutableOopMap {}
                      ;*arraylength {reexecute=0 rethrow=0 return_oop=0}
                      ; - java.lang.StringLatin1::hashCode@3 (line 307)
                      ; - java.lang.String::hashCode@27 (line 2719)
                      ; - com.badlogic.gdx.utils.ObjectIntMap::get@1 (line 279)
                      ; - com.badlogic.gdx.graphics.glutils.ShaderProgram::getAttributeLocation@6 (line 865)
                      ; - com.badlogic.gdx.graphics.glutils.VertexArray::bind@55 (line 109)
                      ; - com.badlogic.gdx.graphics.Mesh::bind@6 (line 380)
                      ; - com.badlogic.gdx.graphics.Mesh::bind@3 (line 371)
                      ; - com.badlogic.gdx.graphics.Mesh::render@13 (line 479)
                      ; - com.badlogic.gdx.graphics.Mesh::render@10 (line 449)
                      ; - com.badlogic.gdx.graphics.g2d.SpriteBatch::flush@176 (line 975)
  0x00007f472bb00a94: 48ad 95ff 

  0x00007f472bb00a98: ;   {post_call_nop}
  0x00007f472bb00a98: 0f1f 8400 | 902d 007f | bef6 ffff | ff66 6690 

  0x00007f472bb00aa8: ;   {runtime_call UncommonTrapBlob}
  0x00007f472bb00aa8: c5f8 77e8 

  0x00007f472bb00aac: ; ImmutableOopMap {}
                      ;*arraylength {reexecute=0 rethrow=0 return_oop=0}
                      ; - java.lang.StringLatin1::hashCode@3 (line 307)
                      ; - java.lang.String::hashCode@27 (line 2719)
                      ; - com.badlogic.gdx.utils.ObjectIntMap::get@1 (line 279)
                      ; - com.badlogic.gdx.graphics.glutils.ShaderProgram::fetchAttributeLocation@11 (line 290)
                      ; - com.badlogic.gdx.graphics.glutils.ShaderProgram::disableVertexAttribute@10 (line 717)
                      ; - com.badlogic.gdx.graphics.glutils.VertexArray::unbind@34 (line 145)
                      ; - com.badlogic.gdx.graphics.Mesh::unbind@6 (line 398)
                      ; - com.badlogic.gdx.graphics.Mesh::unbind@3 (line 389)
                      ; - com.badlogic.gdx.graphics.Mesh::render@178 (line 501)
                      ; - com.badlogic.gdx.graphics.Mesh::render@10 (line 449)
                      ; - com.badlogic.gdx.graphics.g2d.SpriteBatch::flush@176 (line 975)
  0x00007f472bb00aac: 30ad 95ff 

  0x00007f472bb00ab0: ;   {post_call_nop}
  0x00007f472bb00ab0: 0f1f 8400 | a82d 0080 | bef6 ffff | ff66 6690 

  0x00007f472bb00ac0: ;   {runtime_call UncommonTrapBlob}
  0x00007f472bb00ac0: c5f8 77e8 

  0x00007f472bb00ac4: ; ImmutableOopMap {}
                      ;*invokevirtual bind {reexecute=0 rethrow=0 return_oop=0}
                      ; - com.badlogic.gdx.graphics.g2d.SpriteBatch::flush@58 (line 962)
  0x00007f472bb00ac4: 18ad 95ff 

  0x00007f472bb00ac8: ;   {post_call_nop}
  0x00007f472bb00ac8: 0f1f 8400 | c02d 0081 | bef6 ffff | ff41 8be8 | 894c 2408 

  0x00007f472bb00adc: ;   {runtime_call UncommonTrapBlob}
  0x00007f472bb00adc: c5f8 77e8 

  0x00007f472bb00ae0: ; ImmutableOopMap {}
                      ;*invokeinterface glBindTexture {reexecute=0 rethrow=0 return_oop=0}
                      ; - com.badlogic.gdx.graphics.GLTexture::bind@11 (line 66)
                      ; - com.badlogic.gdx.graphics.g2d.SpriteBatch::flush@58 (line 962)
  0x00007f472bb00ae0: fcac 95ff 

  0x00007f472bb00ae4: ;   {post_call_nop}
  0x00007f472bb00ae4: 0f1f 8400 | dc2d 0082 | bef6 ffff | ff66 6690 

  0x00007f472bb00af4: ;   {runtime_call UncommonTrapBlob}
  0x00007f472bb00af4: c5f8 77e8 

  0x00007f472bb00af8: ; ImmutableOopMap {}
                      ;*getfield owner {reexecute=1 rethrow=0 return_oop=0}
                      ; - (reexecute) org.lwjgl.opengl.GLContext::getCapabilitiesImpl@5 (line 132)
                      ; - org.lwjgl.opengl.GLContext::getCapabilities@0 (line 122)
                      ; - org.lwjgl.opengl.GL11::glBindTexture@0 (line 651)
                      ; - com.badlogic.gdx.backends.lwjgl.LwjglGL20::glBindTexture@2 (line 93)
                      ; - com.badlogic.gdx.graphics.GLTexture::bind@11 (line 66)
                      ; - com.badlogic.gdx.graphics.g2d.SpriteBatch::flush@58 (line 962)
  0x00007f472bb00af8: e4ac 95ff 

  0x00007f472bb00afc: ;   {post_call_nop}
  0x00007f472bb00afc: 0f1f 8400 | f42d 0083 | bef6 ffff | ff41 8be8 | 4489 5c24 | 0866 6690 

  0x00007f472bb00b14: ;   {runtime_call UncommonTrapBlob}
  0x00007f472bb00b14: c5f8 77e8 

  0x00007f472bb00b18: ; ImmutableOopMap {rbp=NarrowOop }
                      ;*invokevirtual setVertices {reexecute=0 rethrow=0 return_oop=0}
                      ; - com.badlogic.gdx.graphics.g2d.SpriteBatch::flush@76 (line 964)
  0x00007f472bb00b18: c4ac 95ff 

  0x00007f472bb00b1c: ;   {post_call_nop}
  0x00007f472bb00b1c: 0f1f 8400 | 142e 0084 | bef6 ffff | ff41 8be8 | 4489 5c24 | 0866 6690 

  0x00007f472bb00b34: ;   {runtime_call UncommonTrapBlob}
  0x00007f472bb00b34: c5f8 77e8 

  0x00007f472bb00b38: ; ImmutableOopMap {rbp=NarrowOop }
                      ;*invokeinterface setVertices {reexecute=0 rethrow=0 return_oop=0}
                      ; - com.badlogic.gdx.graphics.Mesh::setVertices@7 (line 197)
                      ; - com.badlogic.gdx.graphics.g2d.SpriteBatch::flush@76 (line 964)
  0x00007f472bb00b38: a4ac 95ff 

  0x00007f472bb00b3c: ;   {post_call_nop}
  0x00007f472bb00b3c: 0f1f 8400 | 342e 0085 | bef4 ffff | ff48 8be9 | 4489 4c24 | 1048 895c | 2418 4489 | 4424 2044 
  0x00007f472bb00b5c: 895c 2424 

  0x00007f472bb00b60: ;   {runtime_call UncommonTrapBlob}
  0x00007f472bb00b60: c5f8 77e8 

  0x00007f472bb00b64: ; ImmutableOopMap {rbp=Oop [16]=NarrowOop [24]=Oop [32]=NarrowOop }
                      ;*instanceof {reexecute=0 rethrow=0 return_oop=0}
                      ; - com.badlogic.gdx.utils.BufferUtils::copy@1 (line 50)
                      ; - com.badlogic.gdx.graphics.glutils.VertexArray::setVertices@7 (line 84)
                      ; - com.badlogic.gdx.graphics.Mesh::setVertices@7 (line 197)
                      ; - com.badlogic.gdx.graphics.g2d.SpriteBatch::flush@76 (line 964)
  0x00007f472bb00b64: 78ac 95ff 

  0x00007f472bb00b68: ;   {post_call_nop}
  0x00007f472bb00b68: 0f1f 8400 | 602e 0086 | bef6 ffff | ff66 6690 

  0x00007f472bb00b78: ;   {runtime_call UncommonTrapBlob}
  0x00007f472bb00b78: c5f8 77e8 

  0x00007f472bb00b7c: ; ImmutableOopMap {}
                      ;*invokevirtual position {reexecute=0 rethrow=0 return_oop=0}
                      ; - com.badlogic.gdx.graphics.glutils.VertexArray::setVertices@15 (line 85)
                      ; - com.badlogic.gdx.graphics.Mesh::setVertices@7 (line 197)
                      ; - com.badlogic.gdx.graphics.g2d.SpriteBatch::flush@76 (line 964)
  0x00007f472bb00b7c: 60ac 95ff 

  0x00007f472bb00b80: ;   {post_call_nop}
  0x00007f472bb00b80: 0f1f 8400 | 782e 0087 | bef6 ffff | ff66 6690 

  0x00007f472bb00b90: ;   {runtime_call UncommonTrapBlob}
  0x00007f472bb00b90: c5f8 77e8 

  0x00007f472bb00b94: ; ImmutableOopMap {}
                      ;*invokeinterface getBuffer {reexecute=0 rethrow=0 return_oop=0}
                      ; - com.badlogic.gdx.graphics.Mesh::getIndicesBuffer@4 (line 797)
                      ; - com.badlogic.gdx.graphics.g2d.SpriteBatch::flush@81 (line 965)
  0x00007f472bb00b94: 48ac 95ff 

  0x00007f472bb00b98: ;   {post_call_nop}
  0x00007f472bb00b98: 0f1f 8400 | 902e 0088 | bef6 ffff | ff66 6690 

  0x00007f472bb00ba8: ;   {runtime_call UncommonTrapBlob}
  0x00007f472bb00ba8: c5f8 77e8 

  0x00007f472bb00bac: ; ImmutableOopMap {}
                      ;*invokevirtual position {reexecute=0 rethrow=0 return_oop=0}
                      ; - com.badlogic.gdx.graphics.g2d.SpriteBatch::flush@85 (line 965)
  0x00007f472bb00bac: 30ac 95ff 

  0x00007f472bb00bb0: ;   {post_call_nop}
  0x00007f472bb00bb0: 0f1f 8400 | a82e 0089 | bef6 ffff | ff66 6690 

  0x00007f472bb00bc0: ;   {runtime_call UncommonTrapBlob}
  0x00007f472bb00bc0: c5f8 77e8 

  0x00007f472bb00bc4: ; ImmutableOopMap {}
                      ;*invokeinterface glEnable {reexecute=0 rethrow=0 return_oop=0}
                      ; - com.badlogic.gdx.graphics.g2d.SpriteBatch::flush@125 (line 971)
  0x00007f472bb00bc4: 18ac 95ff 

  0x00007f472bb00bc8: ;   {post_call_nop}
  0x00007f472bb00bc8: 0f1f 8400 | c02e 008a | bef6 ffff | ff66 6690 

  0x00007f472bb00bd8: ;   {runtime_call UncommonTrapBlob}
  0x00007f472bb00bd8: c5f8 77e8 

  0x00007f472bb00bdc: ; ImmutableOopMap {}
                      ;*getfield owner {reexecute=1 rethrow=0 return_oop=0}
                      ; - (reexecute) org.lwjgl.opengl.GLContext::getCapabilitiesImpl@5 (line 132)
                      ; - org.lwjgl.opengl.GLContext::getCapabilities@0 (line 122)
                      ; - org.lwjgl.opengl.GL11::glEnable@0 (line 1012)
                      ; - com.badlogic.gdx.backends.lwjgl.LwjglGL20::glEnable@1 (line 292)
                      ; - com.badlogic.gdx.graphics.g2d.SpriteBatch::flush@125 (line 971)
  0x00007f472bb00bdc: 00ac 95ff 

  0x00007f472bb00be0: ;   {post_call_nop}
  0x00007f472bb00be0: 0f1f 8400 | d82e 008b | bef6 ffff | ff41 8beb | 4489 5424 | 0866 6690 

  0x00007f472bb00bf8: ;   {runtime_call UncommonTrapBlob}
  0x00007f472bb00bf8: c5f8 77e8 

  0x00007f472bb00bfc: ; ImmutableOopMap {}
                      ;*invokeinterface glBlendFunc {reexecute=0 rethrow=0 return_oop=0}
                      ; - com.badlogic.gdx.graphics.g2d.SpriteBatch::flush@149 (line 972)
  0x00007f472bb00bfc: e0ab 95ff 

  0x00007f472bb00c00: ;   {post_call_nop}
  0x00007f472bb00c00: 0f1f 8400 | f82e 008c | bef6 ffff | ff66 6690 

  0x00007f472bb00c10: ;   {runtime_call UncommonTrapBlob}
  0x00007f472bb00c10: c5f8 77e8 

  0x00007f472bb00c14: ; ImmutableOopMap {}
                      ;*getfield owner {reexecute=1 rethrow=0 return_oop=0}
                      ; - (reexecute) org.lwjgl.opengl.GLContext::getCapabilitiesImpl@5 (line 132)
                      ; - org.lwjgl.opengl.GLContext::getCapabilities@0 (line 122)
                      ; - org.lwjgl.opengl.GL11::glBlendFunc@0 (line 624)
                      ; - com.badlogic.gdx.backends.lwjgl.LwjglGL20::glBlendFunc@2 (line 109)
                      ; - com.badlogic.gdx.graphics.g2d.SpriteBatch::flush@149 (line 972)
  0x00007f472bb00c14: c8ab 95ff 

  0x00007f472bb00c18: ;   {post_call_nop}
  0x00007f472bb00c18: 0f1f 8400 | 102f 008d | bef6 ffff | ff41 8bea 

  0x00007f472bb00c28: ;   {runtime_call UncommonTrapBlob}
  0x00007f472bb00c28: c5f8 77e8 

  0x00007f472bb00c2c: ; ImmutableOopMap {rbp=NarrowOop }
                      ;*invokeinterface bind {reexecute=0 rethrow=0 return_oop=0}
                      ; - com.badlogic.gdx.graphics.Mesh::bind@6 (line 380)
                      ; - com.badlogic.gdx.graphics.Mesh::bind@3 (line 371)
                      ; - com.badlogic.gdx.graphics.Mesh::render@13 (line 479)
                      ; - com.badlogic.gdx.graphics.Mesh::render@10 (line 449)
                      ; - com.badlogic.gdx.graphics.g2d.SpriteBatch::flush@176 (line 975)
  0x00007f472bb00c2c: b0ab 95ff 

  0x00007f472bb00c30: ;   {post_call_nop}
  0x00007f472bb00c30: 0f1f 8400 | 282f 008e | bef6 ffff | ff66 6690 

  0x00007f472bb00c40: ;   {runtime_call UncommonTrapBlob}
  0x00007f472bb00c40: c5f8 77e8 

  0x00007f472bb00c44: ; ImmutableOopMap {}
                      ;*invokevirtual size {reexecute=0 rethrow=0 return_oop=0}
                      ; - com.badlogic.gdx.graphics.glutils.VertexArray::bind@4 (line 104)
                      ; - com.badlogic.gdx.graphics.Mesh::bind@6 (line 380)
                      ; - com.badlogic.gdx.graphics.Mesh::bind@3 (line 371)
                      ; - com.badlogic.gdx.graphics.Mesh::render@13 (line 479)
                      ; - com.badlogic.gdx.graphics.Mesh::render@10 (line 449)
                      ; - com.badlogic.gdx.graphics.g2d.SpriteBatch::flush@176 (line 975)
  0x00007f472bb00c44: 98ab 95ff 

  0x00007f472bb00c48: ;   {post_call_nop}
  0x00007f472bb00c48: 0f1f 8400 | 402f 008f | bef6 ffff | ff66 6690 

  0x00007f472bb00c58: ;   {runtime_call UncommonTrapBlob}
  0x00007f472bb00c58: c5f8 77e8 

  0x00007f472bb00c5c: ; ImmutableOopMap {}
                      ;*arraylength {reexecute=0 rethrow=0 return_oop=0}
                      ; - com.badlogic.gdx.graphics.VertexAttributes::size@4 (line 103)
                      ; - com.badlogic.gdx.graphics.glutils.VertexArray::bind@4 (line 104)
                      ; - com.badlogic.gdx.graphics.Mesh::bind@6 (line 380)
                      ; - com.badlogic.gdx.graphics.Mesh::bind@3 (line 371)
                      ; - com.badlogic.gdx.graphics.Mesh::render@13 (line 479)
                      ; - com.badlogic.gdx.graphics.Mesh::render@10 (line 449)
                      ; - com.badlogic.gdx.graphics.g2d.SpriteBatch::flush@176 (line 975)
  0x00007f472bb00c5c: 80ab 95ff 

  0x00007f472bb00c60: ;   {post_call_nop}
  0x00007f472bb00c60: 0f1f 8400 | 582f 0090 | bef6 ffff | ff66 6690 

  0x00007f472bb00c70: ;   {runtime_call UncommonTrapBlob}
  0x00007f472bb00c70: c5f8 77e8 

  0x00007f472bb00c74: ; ImmutableOopMap {}
                      ;*invokevirtual limit {reexecute=0 rethrow=0 return_oop=0}
                      ; - com.badlogic.gdx.graphics.glutils.VertexArray::bind@16 (line 105)
                      ; - com.badlogic.gdx.graphics.Mesh::bind@6 (line 380)
                      ; - com.badlogic.gdx.graphics.Mesh::bind@3 (line 371)
                      ; - com.badlogic.gdx.graphics.Mesh::render@13 (line 479)
                      ; - com.badlogic.gdx.graphics.Mesh::render@10 (line 449)
                      ; - com.badlogic.gdx.graphics.g2d.SpriteBatch::flush@176 (line 975)
  0x00007f472bb00c74: 68ab 95ff 

  0x00007f472bb00c78: ;   {post_call_nop}
  0x00007f472bb00c78: 0f1f 8400 | 702f 0091 | bef6 ffff | ff8b eb90 

  0x00007f472bb00c88: ;   {runtime_call UncommonTrapBlob}
  0x00007f472bb00c88: c5f8 77e8 

  0x00007f472bb00c8c: ; ImmutableOopMap {}
                      ;*invokevirtual limit {reexecute=0 rethrow=0 return_oop=0}
                      ; - com.badlogic.gdx.graphics.glutils.VertexArray::bind@21 (line 105)
                      ; - com.badlogic.gdx.graphics.Mesh::bind@6 (line 380)
                      ; - com.badlogic.gdx.graphics.Mesh::bind@3 (line 371)
                      ; - com.badlogic.gdx.graphics.Mesh::render@13 (line 479)
                      ; - com.badlogic.gdx.graphics.Mesh::render@10 (line 449)
                      ; - com.badlogic.gdx.graphics.g2d.SpriteBatch::flush@176 (line 975)
  0x00007f472bb00c8c: 50ab 95ff 

  0x00007f472bb00c90: ;   {post_call_nop}
  0x00007f472bb00c90: 0f1f 8400 | 882f 0092 | bef6 ffff | ff66 6690 

  0x00007f472bb00ca0: ;   {runtime_call UncommonTrapBlob}
  0x00007f472bb00ca0: c5f8 77e8 

  0x00007f472bb00ca4: ; ImmutableOopMap {}
                      ;*invokeinterface getNumIndices {reexecute=0 rethrow=0 return_oop=0}
                      ; - com.badlogic.gdx.graphics.Mesh::bind@15 (line 381)
                      ; - com.badlogic.gdx.graphics.Mesh::bind@3 (line 371)
                      ; - com.badlogic.gdx.graphics.Mesh::render@13 (line 479)
                      ; - com.badlogic.gdx.graphics.Mesh::render@10 (line 449)
                      ; - com.badlogic.gdx.graphics.g2d.SpriteBatch::flush@176 (line 975)
  0x00007f472bb00ca4: 38ab 95ff 

  0x00007f472bb00ca8: ;   {post_call_nop}
  0x00007f472bb00ca8: 0f1f 8400 | a02f 0093 | bef6 ffff | ff66 6690 

  0x00007f472bb00cb8: ;   {runtime_call UncommonTrapBlob}
  0x00007f472bb00cb8: c5f8 77e8 

  0x00007f472bb00cbc: ; ImmutableOopMap {}
                      ;*invokevirtual limit {reexecute=0 rethrow=0 return_oop=0}
                      ; - com.badlogic.gdx.graphics.glutils.IndexArray::getNumIndices@15 (line 49)
                      ; - com.badlogic.gdx.graphics.Mesh::bind@15 (line 381)
                      ; - com.badlogic.gdx.graphics.Mesh::bind@3 (line 371)
                      ; - com.badlogic.gdx.graphics.Mesh::render@13 (line 479)
                      ; - com.badlogic.gdx.graphics.Mesh::render@10 (line 449)
                      ; - com.badlogic.gdx.graphics.g2d.SpriteBatch::flush@176 (line 975)
  0x00007f472bb00cbc: 20ab 95ff 

  0x00007f472bb00cc0: ;   {post_call_nop}
  0x00007f472bb00cc0: 0f1f 8400 | b82f 0094 | bef6 ffff | ff41 8bea 

  0x00007f472bb00cd0: ;   {runtime_call UncommonTrapBlob}
  0x00007f472bb00cd0: c5f8 77e8 

  0x00007f472bb00cd4: ; ImmutableOopMap {[20]=NarrowOop }
                      ;*invokeinterface glDrawElements {reexecute=0 rethrow=0 return_oop=0}
                      ; - com.badlogic.gdx.graphics.Mesh::render@88 (line 488)
                      ; - com.badlogic.gdx.graphics.Mesh::render@10 (line 449)
                      ; - com.badlogic.gdx.graphics.g2d.SpriteBatch::flush@176 (line 975)
  0x00007f472bb00cd4: 08ab 95ff 

  0x00007f472bb00cd8: ;   {post_call_nop}
  0x00007f472bb00cd8: 0f1f 8400 | d02f 0095 | bef6 ffff | ff66 6690 

  0x00007f472bb00ce8: ;   {runtime_call UncommonTrapBlob}
  0x00007f472bb00ce8: c5f8 77e8 

  0x00007f472bb00cec: ; ImmutableOopMap {}
                      ;*getfield owner {reexecute=1 rethrow=0 return_oop=0}
                      ; - (reexecute) org.lwjgl.opengl.GLContext::getCapabilitiesImpl@5 (line 132)
                      ; - org.lwjgl.opengl.GLContext::getCapabilities@0 (line 122)
                      ; - org.lwjgl.opengl.GL11::glDrawElements@0 (line 1105)
                      ; - com.badlogic.gdx.backends.lwjgl.LwjglGL20::glDrawElements@21 (line 281)
                      ; - com.badlogic.gdx.graphics.Mesh::render@88 (line 488)
                      ; - com.badlogic.gdx.graphics.Mesh::render@10 (line 449)
                      ; - com.badlogic.gdx.graphics.g2d.SpriteBatch::flush@176 (line 975)
  0x00007f472bb00cec: f0aa 95ff 

  0x00007f472bb00cf0: ;   {post_call_nop}
  0x00007f472bb00cf0: 0f1f 8400 | e82f 0096 | bef6 ffff | ff66 6690 

  0x00007f472bb00d00: ;   {runtime_call UncommonTrapBlob}
  0x00007f472bb00d00: c5f8 77e8 

  0x00007f472bb00d04: ; ImmutableOopMap {}
                      ;*getfield references_stack {reexecute=1 rethrow=0 return_oop=0}
                      ; - (reexecute) org.lwjgl.opengl.StateTracker::getReferences@4 (line 85)
                      ; - org.lwjgl.opengl.StateTracker::getElementArrayBufferBound@1 (line 143)
                      ; - org.lwjgl.opengl.GLChecks::ensureElementVBOdisabled@7 (line 82)
                      ; - org.lwjgl.opengl.GL11::glDrawElements@14 (line 1108)
                      ; - com.badlogic.gdx.backends.lwjgl.LwjglGL20::glDrawElements@21 (line 281)
                      ; - com.badlogic.gdx.graphics.Mesh::render@88 (line 488)
                      ; - com.badlogic.gdx.graphics.Mesh::render@10 (line 449)
                      ; - com.badlogic.gdx.graphics.g2d.SpriteBatch::flush@176 (line 975)
  0x00007f472bb00d04: d8aa 95ff 

  0x00007f472bb00d08: ;   {post_call_nop}
  0x00007f472bb00d08: 0f1f 8400 | 0030 0097 | bef6 ffff | ff66 6690 

  0x00007f472bb00d18: ;   {runtime_call UncommonTrapBlob}
  0x00007f472bb00d18: c5f8 77e8 

  0x00007f472bb00d1c: ; ImmutableOopMap {}
                      ;*invokevirtual getReferences {reexecute=0 rethrow=0 return_oop=0}
                      ; - org.lwjgl.opengl.StateTracker::getReferences@7 (line 85)
                      ; - org.lwjgl.opengl.StateTracker::getElementArrayBufferBound@1 (line 143)
                      ; - org.lwjgl.opengl.GLChecks::ensureElementVBOdisabled@7 (line 82)
                      ; - org.lwjgl.opengl.GL11::glDrawElements@14 (line 1108)
                      ; - com.badlogic.gdx.backends.lwjgl.LwjglGL20::glDrawElements@21 (line 281)
                      ; - com.badlogic.gdx.graphics.Mesh::render@88 (line 488)
                      ; - com.badlogic.gdx.graphics.Mesh::render@10 (line 449)
                      ; - com.badlogic.gdx.graphics.g2d.SpriteBatch::flush@176 (line 975)
  0x00007f472bb00d1c: c0aa 95ff 

  0x00007f472bb00d20: ;   {post_call_nop}
  0x00007f472bb00d20: 0f1f 8400 | 1830 0098 | bef6 ffff | ff66 6690 

  0x00007f472bb00d30: ;   {runtime_call UncommonTrapBlob}
  0x00007f472bb00d30: c5f8 77e8 

  0x00007f472bb00d34: ; ImmutableOopMap {}
                      ;*aaload {reexecute=0 rethrow=0 return_oop=0}
                      ; - org.lwjgl.opengl.ReferencesStack::getReferences@8 (line 41)
                      ; - org.lwjgl.opengl.StateTracker::getReferences@7 (line 85)
                      ; - org.lwjgl.opengl.StateTracker::getElementArrayBufferBound@1 (line 143)
                      ; - org.lwjgl.opengl.GLChecks::ensureElementVBOdisabled@7 (line 82)
                      ; - org.lwjgl.opengl.GL11::glDrawElements@14 (line 1108)
                      ; - com.badlogic.gdx.backends.lwjgl.LwjglGL20::glDrawElements@21 (line 281)
                      ; - com.badlogic.gdx.graphics.Mesh::render@88 (line 488)
                      ; - com.badlogic.gdx.graphics.Mesh::render@10 (line 449)
                      ; - com.badlogic.gdx.graphics.g2d.SpriteBatch::flush@176 (line 975)
  0x00007f472bb00d34: a8aa 95ff 

  0x00007f472bb00d38: ;   {post_call_nop}
  0x00007f472bb00d38: 0f1f 8400 | 3030 0099 | bef6 ffff | ff66 6690 

  0x00007f472bb00d48: ;   {runtime_call UncommonTrapBlob}
  0x00007f472bb00d48: c5f8 77e8 

  0x00007f472bb00d4c: ; ImmutableOopMap {}
                      ;*getfield vertexArrayObject {reexecute=1 rethrow=0 return_oop=0}
                      ; - (reexecute) org.lwjgl.opengl.StateTracker::getElementArrayBufferBound@6 (line 145)
                      ; - org.lwjgl.opengl.GLChecks::ensureElementVBOdisabled@7 (line 82)
                      ; - org.lwjgl.opengl.GL11::glDrawElements@14 (line 1108)
                      ; - com.badlogic.gdx.backends.lwjgl.LwjglGL20::glDrawElements@21 (line 281)
                      ; - com.badlogic.gdx.graphics.Mesh::render@88 (line 488)
                      ; - com.badlogic.gdx.graphics.Mesh::render@10 (line 449)
                      ; - com.badlogic.gdx.graphics.g2d.SpriteBatch::flush@176 (line 975)
  0x00007f472bb00d4c: 90aa 95ff 

  0x00007f472bb00d50: ;   {post_call_nop}
  0x00007f472bb00d50: 0f1f 8400 | 4830 009a | bef6 ffff | ff8b 6c24 | 0c66 6690 

  0x00007f472bb00d64: ;   {runtime_call UncommonTrapBlob}
  0x00007f472bb00d64: c5f8 77e8 

  0x00007f472bb00d68: ; ImmutableOopMap {rbp=NarrowOop }
                      ;*invokeinterface unbind {reexecute=0 rethrow=0 return_oop=0}
                      ; - com.badlogic.gdx.graphics.Mesh::unbind@6 (line 398)
                      ; - com.badlogic.gdx.graphics.Mesh::unbind@3 (line 389)
                      ; - com.badlogic.gdx.graphics.Mesh::render@178 (line 501)
                      ; - com.badlogic.gdx.graphics.Mesh::render@10 (line 449)
                      ; - com.badlogic.gdx.graphics.g2d.SpriteBatch::flush@176 (line 975)
  0x00007f472bb00d68: 74aa 95ff 

  0x00007f472bb00d6c: ;   {post_call_nop}
  0x00007f472bb00d6c: 0f1f 8400 | 6430 009b | bef6 ffff | ff66 6690 

  0x00007f472bb00d7c: ;   {runtime_call UncommonTrapBlob}
  0x00007f472bb00d7c: c5f8 77e8 

  0x00007f472bb00d80: ; ImmutableOopMap {}
                      ;*invokevirtual size {reexecute=0 rethrow=0 return_oop=0}
                      ; - com.badlogic.gdx.graphics.glutils.VertexArray::unbind@4 (line 142)
                      ; - com.badlogic.gdx.graphics.Mesh::unbind@6 (line 398)
                      ; - com.badlogic.gdx.graphics.Mesh::unbind@3 (line 389)
                      ; - com.badlogic.gdx.graphics.Mesh::render@178 (line 501)
                      ; - com.badlogic.gdx.graphics.Mesh::render@10 (line 449)
                      ; - com.badlogic.gdx.graphics.g2d.SpriteBatch::flush@176 (line 975)
  0x00007f472bb00d80: 5caa 95ff 

  0x00007f472bb00d84: ;   {post_call_nop}
  0x00007f472bb00d84: 0f1f 8400 | 7c30 009c | bef6 ffff | ff66 6690 

  0x00007f472bb00d94: ;   {runtime_call UncommonTrapBlob}
  0x00007f472bb00d94: c5f8 77e8 

  0x00007f472bb00d98: ; ImmutableOopMap {}
                      ;*arraylength {reexecute=0 rethrow=0 return_oop=0}
                      ; - com.badlogic.gdx.graphics.VertexAttributes::size@4 (line 103)
                      ; - com.badlogic.gdx.graphics.glutils.VertexArray::unbind@4 (line 142)
                      ; - com.badlogic.gdx.graphics.Mesh::unbind@6 (line 398)
                      ; - com.badlogic.gdx.graphics.Mesh::unbind@3 (line 389)
                      ; - com.badlogic.gdx.graphics.Mesh::render@178 (line 501)
                      ; - com.badlogic.gdx.graphics.Mesh::render@10 (line 449)
                      ; - com.badlogic.gdx.graphics.g2d.SpriteBatch::flush@176 (line 975)
  0x00007f472bb00d98: 44aa 95ff 

  0x00007f472bb00d9c: ;   {post_call_nop}
  0x00007f472bb00d9c: 0f1f 8400 | 9430 009d | bef6 ffff | ff66 6690 

  0x00007f472bb00dac: ;   {runtime_call UncommonTrapBlob}
  0x00007f472bb00dac: c5f8 77e8 

  0x00007f472bb00db0: ; ImmutableOopMap {}
                      ;*invokeinterface getNumIndices {reexecute=0 rethrow=0 return_oop=0}
                      ; - com.badlogic.gdx.graphics.Mesh::unbind@15 (line 399)
                      ; - com.badlogic.gdx.graphics.Mesh::unbind@3 (line 389)
                      ; - com.badlogic.gdx.graphics.Mesh::render@178 (line 501)
                      ; - com.badlogic.gdx.graphics.Mesh::render@10 (line 449)
                      ; - com.badlogic.gdx.graphics.g2d.SpriteBatch::flush@176 (line 975)
  0x00007f472bb00db0: 2caa 95ff 

  0x00007f472bb00db4: ;   {post_call_nop}
  0x00007f472bb00db4: 0f1f 8400 | ac30 009e | bef6 ffff | ff66 6690 

  0x00007f472bb00dc4: ;   {runtime_call UncommonTrapBlob}
  0x00007f472bb00dc4: c5f8 77e8 

  0x00007f472bb00dc8: ; ImmutableOopMap {}
                      ;*invokevirtual limit {reexecute=0 rethrow=0 return_oop=0}
                      ; - com.badlogic.gdx.graphics.glutils.IndexArray::getNumIndices@15 (line 49)
                      ; - com.badlogic.gdx.graphics.Mesh::unbind@15 (line 399)
                      ; - com.badlogic.gdx.graphics.Mesh::unbind@3 (line 389)
                      ; - com.badlogic.gdx.graphics.Mesh::render@178 (line 501)
                      ; - com.badlogic.gdx.graphics.Mesh::render@10 (line 449)
                      ; - com.badlogic.gdx.graphics.g2d.SpriteBatch::flush@176 (line 975)
  0x00007f472bb00dc8: 14aa 95ff 

  0x00007f472bb00dcc: ;   {post_call_nop}
  0x00007f472bb00dcc: 0f1f 8400 | c430 009f | 488b f0eb | 25eb 1b48 | 8bf0 eb1e | 488b f0eb | 1948 8bf0 | eb14 488b 
  0x00007f472bb00dec: f0eb 0f48 | 8bf0 eb0a | eb00 488b | f0eb 0348 | 8bf0 c5f8 | 7748 81c4 | 9000 0000 

  0x00007f472bb00e08: ;   {runtime_call C2 Runtime rethrow_blob}
  0x00007f472bb00e08: 5de9 d24d 

  0x00007f472bb00e0c: ;   {internal_word}
  0x00007f472bb00e0c: 96ff 49ba | caed af2b | 477f 0000 | 4d89 9710 

  0x00007f472bb00e1c: ;   {runtime_call SafepointBlob}
  0x00007f472bb00e1c: 0500 00e9 | 3c5d 88ff 

  0x00007f472bb00e24: ;   {runtime_call Stub::Stub Generator method_entry_barrier_stub}
  0x00007f472bb00e24: e8d7 af86 | ffe9 00d0 | ffff f4f4 
[Stub Code]
  0x00007f472bb00e30: ;   {static_stub}
  0x00007f472bb00e30: 48bb 0000 | 0000 0000 

  0x00007f472bb00e38: ;   {runtime_call nmethod}
  0x00007f472bb00e38: 0000 e9fb 

  0x00007f472bb00e3c: ;   {static_stub}
  0x00007f472bb00e3c: ffff ff48 | bb00 0000 | 0000 0000 

  0x00007f472bb00e48: ;   {runtime_call nmethod}
  0x00007f472bb00e48: 00e9 fbff 

  0x00007f472bb00e4c: ;   {static_stub}
  0x00007f472bb00e4c: ffff 48bb | 0000 0000 | 0000 0000 

  0x00007f472bb00e58: ;   {runtime_call nmethod}
  0x00007f472bb00e58: e9fb ffff 

  0x00007f472bb00e5c: ;   {static_stub}
  0x00007f472bb00e5c: ff48 bb00 | 0000 0000 

  0x00007f472bb00e64: ;   {runtime_call nmethod}
  0x00007f472bb00e64: 0000 00e9 | fbff ffff 

  0x00007f472bb00e6c: ;   {static_stub}
  0x00007f472bb00e6c: 48bb 0000 | 0000 0000 

  0x00007f472bb00e74: ;   {runtime_call nmethod}
  0x00007f472bb00e74: 0000 e9fb 

  0x00007f472bb00e78: ;   {static_stub}
  0x00007f472bb00e78: ffff ff48 | bb00 0000 | 0000 0000 

  0x00007f472bb00e84: ;   {runtime_call nmethod}
  0x00007f472bb00e84: 00e9 fbff 

  0x00007f472bb00e88: ;   {static_stub}
  0x00007f472bb00e88: ffff 48bb | 0000 0000 | 0000 0000 

  0x00007f472bb00e94: ;   {runtime_call nmethod}
  0x00007f472bb00e94: e9fb ffff 

  0x00007f472bb00e98: ;   {static_stub}
  0x00007f472bb00e98: ff48 bb00 | 0000 0000 

  0x00007f472bb00ea0: ;   {runtime_call nmethod}
  0x00007f472bb00ea0: 0000 00e9 | fbff ffff 

  0x00007f472bb00ea8: ;   {static_stub}
  0x00007f472bb00ea8: 48bb 0000 | 0000 0000 

  0x00007f472bb00eb0: ;   {runtime_call nmethod}
  0x00007f472bb00eb0: 0000 e9fb 

  0x00007f472bb00eb4: ;   {runtime_call DeoptimizationBlob}
  0x00007f472bb00eb4: ffff ffe8 | a45f 88ff 
[Deopt Handler Entry Point]
  0x00007f472bb00ebc: ebf9 f4f4 
[/MachCode]


Compiled method (c1) 208526 7714   !   3       age.of.civilizations2.jakowski.lukasz.AoCGame::render (958 bytes)
 total in heap  [0x00007f4725f13f88,0x00007f4725f1bea8] = 32544
 constants      [0x00007f4725f14080,0x00007f4725f140a0] = 32
 main code      [0x00007f4725f140a0,0x00007f4725f1b948] = 30888
 stub code      [0x00007f4725f1b948,0x00007f4725f1be58] = 1296
 oops           [0x00007f4725f1be58,0x00007f4725f1bea8] = 80
 mutable data [0x00007f4701d40b80,0x00007f4701d41950] = 3536
 relocation     [0x00007f4701d40b80,0x00007f4701d41668] = 2792
 metadata       [0x00007f4701d41668,0x00007f4701d41950] = 744
 immutable data [0x00007f47017d7330,0x00007f47017dc3c4] = 20628
 dependencies   [0x00007f47017d7330,0x00007f47017d7418] = 232
 nul chk table  [0x00007f47017d7418,0x00007f47017d76b0] = 664
 handler table  [0x00007f47017d76b0,0x00007f47017da510] = 11872
 scopes pcs     [0x00007f47017da510,0x00007f47017db700] = 4592
 scopes data    [0x00007f47017db700,0x00007f47017dc3c0] = 3264


[Constant Pool]
             Address          hex4                    hex8      
  0x00007f4725f14080:   0x3f4ccccd      0x3f4ccccd3f4ccccd      
  0x00007f4725f14084:   0x3f4ccccd                              
  0x00007f4725f14088:   0x3f800000      0x3f8000003f800000      
  0x00007f4725f1408c:   0x3f800000                              
  0x00007f4725f14090:   0x447a0000      0xf4f4f4f4447a0000      
  0x00007f4725f14094:   0xf4f4f4f4                              
  0x00007f4725f14098:   0xf4f4f4f4      0xf4f4f4f4f4f4f4f4      
  0x00007f4725f1409c:   0xf4f4f4f4                              


Loading hsdis library failed, undisassembled code is shown in MachCode section
[MachCode]
[Instructions begin]
  0x00007f4725f140a0: ;   {other}
  0x00007f4725f140a0: 6666 660f | 1f84 0000 | 0000 0066 | 6666 9066 | 6690 448b | 5608 443b 

  0x00007f4725f140b8: ;   {runtime_call Shared Runtime ic_miss_blob}
  0x00007f4725f140b8: 5008 0f85 | 2006 4705 
[Verified Entry Point]
  0x00007f4725f140c0: 8984 2400 | c0fe ff55 | 4881 ec40 | 0200 0090 | 4181 7f20 | 1700 0000 

  0x00007f4725f140d8: ;   {runtime_call Stub::Stub Generator method_entry_barrier_stub}
  0x00007f4725f140d8: 7405 e821 | 7d45 0548 | 89b4 2410 

  0x00007f4725f140e4: ;   {metadata(method data for {method} {0x00007f46f042cb90} 'render' '()V' in 'age/of/civilizations2/jakowski/lukasz/AoCGame')}
  0x00007f4725f140e4: 0100 0048 | bfe8 464c | f146 7f00 | 008b 9f90 | 0000 0083 | c302 899f | 9000 0000 | 81e3 fe07 
  0x00007f4725f14104: 0000 85db | 0f84 e568 

  0x00007f4725f1410c: ;   {metadata(method data for {method} {0x00007f46f042cb90} 'render' '()V' in 'age/of/civilizations2/jakowski/lukasz/AoCGame')}
  0x00007f4725f1410c: 0000 48bf | e846 4cf1 | 467f 0000 | 4883 87d8 | 0000 0001 

  0x00007f4725f14120: ;   {runtime_call}
  0x00007f4725f14120: e83b afee 

  0x00007f4725f14124: ;   {post_call_nop}
  0x00007f4725f14124: 1b0f 1f84 | 0000 0000 | 0048 8bb4 | 2410 0100 | 0048 8946 

  0x00007f4725f14138: ;   {oop(a 'java/lang/Class'{0x000000070fccc708} = 'age/of/civilizations2/jakowski/lukasz/WorldNews')}
  0x00007f4725f14138: 1848 ba08 | c7cc 0f07 | 0000 000f | be92 b000 | 0000 85d2 

  0x00007f4725f1414c: ;   {metadata(method data for {method} {0x00007f46f042cb90} 'render' '()V' in 'age/of/civilizations2/jakowski/lukasz/AoCGame')}
  0x00007f4725f1414c: 48ba e846 | 4cf1 467f | 0000 bfe8 | 0000 0074 | 05bf f800 | 0000 488b | 1c3a 488d | 5b01 4889 
  0x00007f4725f1416c: 1c3a 0f84 | 6a10 0000 

  0x00007f4725f14174: ;   {oop(a 'java/lang/Class'{0x00000007ffdff2d8} = 'age/of/civilizations2/jakowski/lukasz/CFG')}
  0x00007f4725f14174: 48ba d8f2 | dfff 0700 | 0000 0fbe | 9208 0900 

  0x00007f4725f14184: ;   {metadata(method data for {method} {0x00007f46f042cb90} 'render' '()V' in 'age/of/civilizations2/jakowski/lukasz/AoCGame')}
  0x00007f4725f14184: 0085 d248 | bae8 464c | f146 7f00 | 00bf 0801 | 0000 7505 | bf18 0100 | 0048 8b1c | 3a48 8d5b 
  0x00007f4725f141a4: 0148 891c | 3a0f 852f 

  0x00007f4725f141ac: ;   {oop(a 'java/lang/Class'{0x00000007ffdff2d8} = 'age/of/civilizations2/jakowski/lukasz/CFG')}
  0x00007f4725f141ac: 1000 0048 | bad8 f2df | ff07 0000 | 008b 927c | 0500 0048 | c1e2 0348 | 3b02 488b 

  0x00007f4725f141c8: ;   {metadata(method data for {method} {0x00007f46f042cb90} 'render' '()V' in 'age/of/civilizations2/jakowski/lukasz/AoCGame')}
  0x00007f4725f141c8: fa48 bbe8 | 464c f146 | 7f00 008b | 7f08 41ba | 0000 0040 | 4903 fa48 | 3bbb 3001 | 0000 750d 
  0x00007f4725f141e8: 4883 8338 | 0100 0001 | e960 0000 | 0048 3bbb | 4001 0000 | 750d 4883 | 8348 0100 | 0001 e94a 
  0x00007f4725f14208: 0000 0048 | 83bb 3001 | 0000 0075 | 1748 89bb | 3001 0000 | 48c7 8338 | 0100 0001 | 0000 00e9 
  0x00007f4725f14228: 2900 0000 | 4883 bb40 | 0100 0000 | 7517 4889 | bb40 0100 | 0048 c783 | 4801 0000 | 0100 0000 
  0x00007f4725f14248: e908 0000 | 0048 8383 | 2801 0000 

  0x00007f4725f14254: ;   {metadata(method data for {method} {0x00007f46f06b7788} 'getInGameView' '()Z' in 'age/of/civilizations2/jakowski/lukasz/MenuManager')}
  0x00007f4725f14254: 0148 bf08 | 44db f046 | 7f00 008b | 9f90 0000 | 0083 c302 | 899f 9000 | 0000 81e3 | feff 1f00 
  0x00007f4725f14274: 85db 0f84 | 9d67 0000 | 8bba 7806 | 0000 8b5a 

  0x00007f4725f14284: ;   {metadata(method data for {method} {0x00007f46f06b7788} 'getInGameView' '()Z' in 'age/of/civilizations2/jakowski/lukasz/MenuManager')}
  0x00007f4725f14284: 183b fb48 | bf08 44db | f046 7f00 | 00bb d800 | 0000 7505 | bbe8 0000 | 0048 8b04 | 1f48 8d40 
  0x00007f4725f142a4: 0148 8904 | 1f0f 851a 

  0x00007f4725f142ac: ;   {metadata(method data for {method} {0x00007f46f06b7788} 'getInGameView' '()Z' in 'age/of/civilizations2/jakowski/lukasz/MenuManager')}
  0x00007f4725f142ac: 0000 0048 | bf08 44db | f046 7f00 | 00ff 87f8 | 0000 00bf | 0100 0000 | e905 0000 | 00bf 0000 
  0x00007f4725f142cc: 0000 83e7 

  0x00007f4725f142d0: ;   {metadata(method data for {method} {0x00007f46f042cb90} 'render' '()V' in 'age/of/civilizations2/jakowski/lukasz/AoCGame')}
  0x00007f4725f142d0: 0185 ff48 | bfe8 464c | f146 7f00 | 00bb 5801 | 0000 7405 | bb68 0100 | 0048 8b04 | 1f48 8d40 
  0x00007f4725f142f0: 0148 8904 | 1f0f 84e3 | 0e00 008b | 92a4 0100 

  0x00007f4725f14300: ;   {metadata(method data for {method} {0x00007f46f042cb90} 'render' '()V' in 'age/of/civilizations2/jakowski/lukasz/AoCGame')}
  0x00007f4725f14300: 0085 d248 | bae8 464c | f146 7f00 | 00bf 7801 | 0000 7c05 | bf88 0100 | 0048 8b1c | 3a48 8d5b 
  0x00007f4725f14320: 0148 891c | 3a0f 8cb3 

  0x00007f4725f14328: ;   {oop(a 'java/lang/Class'{0x000000070fccc708} = 'age/of/civilizations2/jakowski/lukasz/WorldNews')}
  0x00007f4725f14328: 0e00 0048 | ba08 c7cc | 0f07 0000 | 00c6 82b0 | 0000 0000 

  0x00007f4725f1433c: ;   {metadata(method data for {method} {0x00007f46f042cb90} 'render' '()V' in 'age/of/civilizations2/jakowski/lukasz/AoCGame')}
  0x00007f4725f1433c: 48bf e846 | 4cf1 467f | 0000 4883 | 8798 0100 

  0x00007f4725f1434c: ;   {metadata(method data for {method} {0x00007f46f0ca40f0} 'hasNews' '()Z' in 'age/of/civilizations2/jakowski/lukasz/WorldNews')}
  0x00007f4725f1434c: 0001 48bf | 505c 4cf1 | 467f 0000 | 8b9f 9000 | 0000 83c3 | 0289 9f90 | 0000 0081 | e3fe ff1f 
  0x00007f4725f1436c: 0085 db0f | 84c5 6600 | 008b 92a8 | 0000 0085 

  0x00007f4725f1437c: ;   {metadata(method data for {method} {0x00007f46f0ca40f0} 'hasNews' '()Z' in 'age/of/civilizations2/jakowski/lukasz/WorldNews')}
  0x00007f4725f1437c: d248 ba50 | 5c4c f146 | 7f00 00bf | d800 0000 | 7f05 bfe8 | 0000 0048 | 8b1c 3a48 | 8d5b 0148 
  0x00007f4725f1439c: 891c 3a0f | 8fc9 0000 

  0x00007f4725f143a4: ;   {oop(a 'java/lang/Class'{0x000000070fccc708} = 'age/of/civilizations2/jakowski/lukasz/WorldNews')}
  0x00007f4725f143a4: 0048 ba08 | c7cc 0f07 | 0000 008b | 527c 48c1 | e203 483b | 0248 8bfa 

  0x00007f4725f143bc: ;   {metadata(method data for {method} {0x00007f46f0ca40f0} 'hasNews' '()Z' in 'age/of/civilizations2/jakowski/lukasz/WorldNews')}
  0x00007f4725f143bc: 48bb 505c | 4cf1 467f | 0000 4883 | 8308 0100 

  0x00007f4725f143cc: ;   {metadata(method data for {method} {0x000000004021c840} 'isEmpty' '()Z' in 'java/util/ArrayList')}
  0x00007f4725f143cc: 0001 48bf | 6846 7ff0 | 467f 0000 | 8b9f 9000 | 0000 83c3 | 0289 9f90 | 0000 0081 | e3fe ff1f 
  0x00007f4725f143ec: 0085 db0f | 846b 6600 | 008b 5210 

  0x00007f4725f143f8: ;   {metadata(method data for {method} {0x000000004021c840} 'isEmpty' '()Z' in 'java/util/ArrayList')}
  0x00007f4725f143f8: 85d2 48ba | 6846 7ff0 | 467f 0000 | bfd8 0000 | 0075 05bf | e800 0000 | 488b 1c3a | 488d 5b01 
  0x00007f4725f14418: 4889 1c3a | 0f85 1a00 

  0x00007f4725f14420: ;   {metadata(method data for {method} {0x000000004021c840} 'isEmpty' '()Z' in 'java/util/ArrayList')}
  0x00007f4725f14420: 0000 48ba | 6846 7ff0 | 467f 0000 | ff82 f800 | 0000 ba01 | 0000 00e9 | 0500 0000 | ba00 0000 
  0x00007f4725f14440: 0083 e201 

  0x00007f4725f14444: ;   {metadata(method data for {method} {0x00007f46f0ca40f0} 'hasNews' '()Z' in 'age/of/civilizations2/jakowski/lukasz/WorldNews')}
  0x00007f4725f14444: 85d2 48ba | 505c 4cf1 | 467f 0000 | bf28 0100 | 0075 05bf | 3801 0000 | 488b 1c3a | 488d 5b01 
  0x00007f4725f14464: 4889 1c3a | 0f85 1a00 

  0x00007f4725f1446c: ;   {metadata(method data for {method} {0x00007f46f0ca40f0} 'hasNews' '()Z' in 'age/of/civilizations2/jakowski/lukasz/WorldNews')}
  0x00007f4725f1446c: 0000 48ba | 505c 4cf1 | 467f 0000 | ff82 4801 | 0000 ba01 | 0000 00e9 | 0500 0000 | ba00 0000 
  0x00007f4725f1448c: 0083 e201 

  0x00007f4725f14490: ;   {metadata(method data for {method} {0x00007f46f042cb90} 'render' '()V' in 'age/of/civilizations2/jakowski/lukasz/AoCGame')}
  0x00007f4725f14490: 85d2 48ba | e846 4cf1 | 467f 0000 | bfa8 0100 | 0074 05bf | b801 0000 | 488b 1c3a | 488d 5b01 
  0x00007f4725f144b0: 4889 1c3a | 0f84 c20c 

  0x00007f4725f144b8: ;   {oop(a 'java/lang/Class'{0x00000007ffdff2d8} = 'age/of/civilizations2/jakowski/lukasz/CFG')}
  0x00007f4725f144b8: 0000 48bf | d8f2 dfff | 0700 0000 | 8b97 9405 | 0000 48c1 | e203 8b9f | c807 0000 

  0x00007f4725f144d4: ; implicit exception: dispatches to 0x00007f4725f1aa81
  0x00007f4725f144d4: 483b 0248 

  0x00007f4725f144d8: ;   {metadata(method data for {method} {0x00007f46f042cb90} 'render' '()V' in 'age/of/civilizations2/jakowski/lukasz/AoCGame')}
  0x00007f4725f144d8: 8bc2 48b9 | e846 4cf1 | 467f 0000 | 8b40 0841 | ba00 0000 | 4049 03c2 | 483b 81d0 | 0100 0075 
  0x00007f4725f144f8: 0d48 8381 | d801 0000 | 01e9 6000 | 0000 483b | 81e0 0100 | 0075 0d48 | 8381 e801 | 0000 01e9 
  0x00007f4725f14518: 4a00 0000 | 4883 b9d0 | 0100 0000 | 7517 4889 | 81d0 0100 | 0048 c781 | d801 0000 | 0100 0000 
  0x00007f4725f14538: e929 0000 | 0048 83b9 | e001 0000 | 0075 1748 | 8981 e001 | 0000 48c7 | 81e8 0100 | 0001 0000 
  0x00007f4725f14558: 00e9 0800 | 0000 4883 | 81c8 0100 

  0x00007f4725f14564: ;   {metadata(method data for {method} {0x00007f46f0c10eb8} 'getPlayer' '(I)Lage/of/civilizations2/jakowski/lukasz/Player;' in 'age/of/civilizations2/jakowski/lukasz/Game')}
  0x00007f4725f14564: 0001 48b8 | 0856 caf0 | 467f 0000 | 8b88 9000 | 0000 83c1 | 0289 8890 | 0000 0081 | e1fe ff1f 
  0x00007f4725f14584: 0085 c90f | 84f9 6400 | 008b 828c | 0000 0048 | c1e0 0348 | 3b00 488b 

  0x00007f4725f1459c: ;   {metadata(method data for {method} {0x00007f46f0c10eb8} 'getPlayer' '(I)Lage/of/civilizations2/jakowski/lukasz/Player;' in 'age/of/civilizations2/jakowski/lukasz/Game')}
  0x00007f4725f1459c: d048 b908 | 56ca f046 | 7f00 008b | 5208 41ba | 0000 0040 | 4903 d248 | 3b91 e000 | 0000 750d 
  0x00007f4725f145bc: 4883 81e8 | 0000 0001 | e960 0000 | 0048 3b91 | f000 0000 | 750d 4883 | 81f8 0000 | 0001 e94a 
  0x00007f4725f145dc: 0000 0048 | 83b9 e000 | 0000 0075 | 1748 8991 | e000 0000 | 48c7 81e8 | 0000 0001 | 0000 00e9 
  0x00007f4725f145fc: 2900 0000 | 4883 b9f0 | 0000 0000 | 7517 4889 | 91f0 0000 | 0048 c781 | f800 0000 | 0100 0000 
  0x00007f4725f1461c: e908 0000 | 0048 8381 | d800 0000 | 0148 8bd3 | 488b f048 | 89bc 2418 | 0100 0066 | 0f1f 4400 
  0x00007f4725f1463c: 0048 b860 | 19d4 0147 

  0x00007f4725f14644: ;   {virtual_call}
  0x00007f4725f14644: 7f00 00e8 

  0x00007f4725f14648: ; ImmutableOopMap {[272]=Oop [280]=Oop }
                      ;*invokeinterface get {reexecute=0 rethrow=0 return_oop=0}
                      ; - age.of.civilizations2.jakowski.lukasz.Game::getPlayer@5 (line 22718)
                      ; - age.of.civilizations2.jakowski.lukasz.AoCGame::render@53 (line 373)
  0x00007f4725f14648: 36de b305 

  0x00007f4725f1464c: ;   {post_call_nop}
  0x00007f4725f1464c: 0f1f 8400 | c406 0000 

  0x00007f4725f14654: ;   {metadata(method data for {method} {0x00007f46f0c10eb8} 'getPlayer' '(I)Lage/of/civilizations2/jakowski/lukasz/Player;' in 'age/of/civilizations2/jakowski/lukasz/Game')}
  0x00007f4725f14654: 4885 c048 | bb08 56ca | f046 7f00 | 0075 0c80 | 8b01 0100 | 0001 e9a6 | 0000 008b | 7008 41ba 
  0x00007f4725f14674: 0000 0040 | 4903 f248 | 3bb3 1001 | 0000 750d | 4883 8318 | 0100 0001 | e960 0000 | 0048 3bb3 
  0x00007f4725f14694: 2001 0000 | 750d 4883 | 8328 0100 | 0001 e94a | 0000 0048 | 83bb 1001 | 0000 0075 | 1748 89b3 
  0x00007f4725f146b4: 1001 0000 | 48c7 8318 | 0100 0001 | 0000 00e9 | 2900 0000 | 4883 bb20 | 0100 0000 | 7517 4889 
  0x00007f4725f146d4: b320 0100 | 0048 c783 | 2801 0000 | 0100 0000 | e908 0000 | 0048 8383 | 0801 0000 

  0x00007f4725f146f0: ;   {metadata('age/of/civilizations2/jakowski/lukasz/Player')}
  0x00007f4725f146f0: 0148 bef0 | 7519 4100 | 0000 008b | 7808 41ba | 0000 0040 | 4903 fa48 | 3bf7 0f85 | 9c63 0000 
  0x00007f4725f14710: e900 0000 | 0048 8bf0 

  0x00007f4725f14718: ; implicit exception: dispatches to 0x00007f4725f1aab5
  0x00007f4725f14718: 483b 0648 

  0x00007f4725f1471c: ;   {metadata(method data for {method} {0x00007f46f042cb90} 'render' '()V' in 'age/of/civilizations2/jakowski/lukasz/AoCGame')}
  0x00007f4725f1471c: 8bfe 48bb | e846 4cf1 | 467f 0000 | 8b7f 0841 | ba00 0000 | 4049 03fa | 483b bb00 | 0200 0075 
  0x00007f4725f1473c: 0d48 8383 | 0802 0000 | 01e9 6000 | 0000 483b | bb10 0200 | 0075 0d48 | 8383 1802 | 0000 01e9 
  0x00007f4725f1475c: 4a00 0000 | 4883 bb00 | 0200 0000 | 7517 4889 | bb00 0200 | 0048 c783 | 0802 0000 | 0100 0000 
  0x00007f4725f1477c: e929 0000 | 0048 83bb | 1002 0000 | 0075 1748 | 89bb 1002 | 0000 48c7 | 8318 0200 | 0001 0000 
  0x00007f4725f1479c: 00e9 0800 | 0000 4883 | 83f8 0100 

  0x00007f4725f147a8: ;   {metadata(method data for {method} {0x00007f46f0f90000} 'getCivID' '()I' in 'age/of/civilizations2/jakowski/lukasz/Player')}
  0x00007f4725f147a8: 0001 48bf | 20c7 f9f0 | 467f 0000 | 8b9f 9000 | 0000 83c3 | 0289 9f90 | 0000 0081 | e3fe ff1f 
  0x00007f4725f147c8: 0085 db0f | 84e9 6200 | 008b 7650 | 48c1 e603 

  0x00007f4725f147d8: ; implicit exception: dispatches to 0x00007f4725f1aadb
                      ;   {metadata(method data for {method} {0x00007f46f042cb90} 'render' '()V' in 'age/of/civilizations2/jakowski/lukasz/AoCGame')}
  0x00007f4725f147d8: 8b76 0c48 | bfe8 464c | f146 7f00 | 0048 8387 | 2802 0000 

  0x00007f4725f147ec: ;   {static_call}
  0x00007f4725f147ec: 0166 90e8 

  0x00007f4725f147f0: ; ImmutableOopMap {[272]=Oop [280]=Oop }
                      ;*invokestatic registerRuntimeEvent {reexecute=0 rethrow=0 return_oop=0}
                      ; - age.of.civilizations2.jakowski.lukasz.AoCGame::render@59 (line 373)
  0x00007f4725f147f0: 8175 0000 

  0x00007f4725f147f4: ;   {post_call_nop}
  0x00007f4725f147f4: 0f1f 8400 | 6c08 0001 

  0x00007f4725f147fc: ;   {oop(a 'java/lang/Class'{0x00000007ffd4dcb8} = 'age/of/civilizations2/jakowski/lukasz/Menu_InGame_Event')}
  0x00007f4725f147fc: 48be b8dc | d4ff 0700 | 0000 8946 | 7848 8bbc | 2418 0100 | 008b b77c | 0500 0048 | c1e6 0348 
  0x00007f4725f1481c: 3b06 488b 

  0x00007f4725f14820: ;   {metadata(method data for {method} {0x00007f46f042cb90} 'render' '()V' in 'age/of/civilizations2/jakowski/lukasz/AoCGame')}
  0x00007f4725f14820: fe48 bbe8 | 464c f146 | 7f00 008b | 7f08 41ba | 0000 0040 | 4903 fa48 | 3bbb 4002 | 0000 750d 
  0x00007f4725f14840: 4883 8348 | 0200 0001 | e960 0000 | 0048 3bbb | 5002 0000 | 750d 4883 | 8358 0200 | 0001 e94a 
  0x00007f4725f14860: 0000 0048 | 83bb 4002 | 0000 0075 | 1748 89bb | 4002 0000 | 48c7 8348 | 0200 0001 | 0000 00e9 
  0x00007f4725f14880: 2900 0000 | 4883 bb50 | 0200 0000 | 7517 4889 | bb50 0200 | 0048 c783 | 5802 0000 | 0100 0000 
  0x00007f4725f148a0: e908 0000 | 0048 8383 | 3802 0000 

  0x00007f4725f148ac: ;   {optimized virtual_call}
  0x00007f4725f148ac: 0166 90e8 

  0x00007f4725f148b0: ; ImmutableOopMap {[272]=Oop }
                      ;*invokevirtual rebuildInGame_Event {reexecute=0 rethrow=0 return_oop=0}
                      ; - age.of.civilizations2.jakowski.lukasz.AoCGame::render@70 (line 375)
  0x00007f4725f148b0: d074 0000 

  0x00007f4725f148b4: ;   {post_call_nop}
  0x00007f4725f148b4: 0f1f 8400 | 2c09 0002 

  0x00007f4725f148bc: ;   {oop(a 'java/lang/Class'{0x000000070c1c43e8} = 'com/badlogic/gdx/Gdx')}
  0x00007f4725f148bc: 48ba e843 | 1c0c 0700 | 0000 8b52 | 7848 c1e2 | 0348 85d2 | 0f84 2500 

  0x00007f4725f148d4: ;   {metadata('com/badlogic/gdx/backends/lwjgl/LwjglApplication')}
  0x00007f4725f148d4: 0000 48b9 | 0040 0441 | 0000 0000 | 8b42 0841 | ba00 0000 | 4049 03c2 | 483b 4838 | 0f85 ef61 
  0x00007f4725f148f4: 0000 e900 | 0000 0048 | 8bf2 483b | 0248 8bf2 

  0x00007f4725f14904: ;   {metadata(method data for {method} {0x00007f46f042cb90} 'render' '()V' in 'age/of/civilizations2/jakowski/lukasz/AoCGame')}
  0x00007f4725f14904: 48bf e846 | 4cf1 467f 

  0x00007f4725f1490c: ;   {metadata('com/badlogic/gdx/backends/lwjgl/LwjglApplication')}
  0x00007f4725f1490c: 0000 49ba | 0040 0441 | 0000 0000 | 4c89 9770 | 0200 0048 | 8387 7802 

  0x00007f4725f14924: ;   {metadata(method data for {method} {0x00007f46f0418e40} 'log' '(Ljava/lang/String;Ljava/lang/String;)V' in 'com/badlogic/gdx/backends/lwjgl/LwjglApplication')}
  0x00007f4725f14924: 0000 0148 | be68 7db0 | f046 7f00 | 008b be90 | 0000 0083 | c702 89be | 9000 0000 | 81e7 feff 
  0x00007f4725f14944: 1f00 85ff | 0f84 a161 | 0000 8b72 | 0c83 fe02 

  0x00007f4725f14954: ;   {metadata(method data for {method} {0x00007f46f0418e40} 'log' '(Ljava/lang/String;Ljava/lang/String;)V' in 'com/badlogic/gdx/backends/lwjgl/LwjglApplication')}
  0x00007f4725f14954: 48be 687d | b0f0 467f | 0000 bfd8 | 0000 007c | 05bf e800 | 0000 488b | 043e 488d | 4001 4889 
  0x00007f4725f14974: 043e 0f8c | e806 0000 

  0x00007f4725f1497c: ;   {metadata(method data for {method} {0x00007f46f0418e40} 'log' '(Ljava/lang/String;Ljava/lang/String;)V' in 'com/badlogic/gdx/backends/lwjgl/LwjglApplication')}
  0x00007f4725f1497c: 488b f248 | bf68 7db0 | f046 7f00 | 0048 8387 | 0801 0000 | 018b 523c | 48c1 e203 | 4885 d20f 
  0x00007f4725f1499c: 8425 0000 

  0x00007f4725f149a0: ;   {metadata('com/badlogic/gdx/backends/lwjgl/LwjglApplicationLogger')}
  0x00007f4725f149a0: 0048 b9a0 | ae04 4100 | 0000 008b | 4208 41ba | 0000 0040 | 4903 c248 | 3b48 380f | 854f 6100 
  0x00007f4725f149c0: 00e9 0000 | 0000 488b | f248 3b02 

  0x00007f4725f149cc: ;   {metadata(method data for {method} {0x00007f46f0418e40} 'log' '(Ljava/lang/String;Ljava/lang/String;)V' in 'com/badlogic/gdx/backends/lwjgl/LwjglApplication')}
  0x00007f4725f149cc: 48be 687d | b0f0 467f | 0000 4883 | 8638 0100 

  0x00007f4725f149dc: ;   {metadata(method data for {method} {0x00007f46f0461948} 'log' '(Ljava/lang/String;Ljava/lang/String;)V' in 'com/badlogic/gdx/backends/lwjgl/LwjglApplicationLogger')}
  0x00007f4725f149dc: 0001 48ba | d89b b0f0 | 467f 0000 | 8bb2 9000 | 0000 83c6 | 0289 b290 | 0000 0081 | e6fe ff1f 
  0x00007f4725f149fc: 0085 f60f | 8415 6100 

  0x00007f4725f14a04: ;   {oop(a 'java/lang/Class'{0x00000007ffc4ad20} = 'java/lang/System')}
  0x00007f4725f14a04: 0048 ba20 | adc4 ff07 | 0000 008b | 5a7c 48c1 

  0x00007f4725f14a14: ;   {metadata('java/lang/StringBuilder')}
  0x00007f4725f14a14: e303 48ba | 108a 1b40 | 0000 0000 | 498b 87b0 | 0100 0048 | 8d78 1849 | 3bbf c001 | 0000 0f87 
  0x00007f4725f14a34: 0361 0000 | 4989 bfb0 | 0100 0048 | c700 0100 | 0000 488b | ca41 ba00 | 0000 4049 | 2bca 8948 
  0x00007f4725f14a54: 0848 33c9 | 8948 0c48 | 33c9 4889 | 4810 488b 

  0x00007f4725f14a64: ;   {metadata(method data for {method} {0x00007f46f0461948} 'log' '(Ljava/lang/String;Ljava/lang/String;)V' in 'com/badlogic/gdx/backends/lwjgl/LwjglApplicationLogger')}
  0x00007f4725f14a64: d048 bed8 | 9bb0 f046 | 7f00 0048 | 8386 d800 

  0x00007f4725f14a74: ;   {metadata(method data for {method} {0x00000000401ba400} '<init>' '()V' in 'java/lang/StringBuilder')}
  0x00007f4725f14a74: 0000 0148 | bae0 8c01 | f046 7f00 | 008b b290 | 0000 0083 | c602 89b2 | 9000 0000 | 81e6 feff 
  0x00007f4725f14a94: 1f00 85f6 | 0f84 aa60 | 0000 488b 

  0x00007f4725f14aa0: ;   {metadata(method data for {method} {0x00000000401ba400} '<init>' '()V' in 'java/lang/StringBuilder')}
  0x00007f4725f14aa0: d048 bee0 | 8c01 f046 | 7f00 0048 | 8386 d800 | 0000 01ba | 1000 0000 | 488b f048 | 899c 2428 
  0x00007f4725f14ac0: 0100 0048 | 8984 2420 | 0100 000f 

  0x00007f4725f14acc: ;   {optimized virtual_call}
  0x00007f4725f14acc: 1f40 00e8 

  0x00007f4725f14ad0: ; ImmutableOopMap {[272]=Oop [288]=Oop [296]=Oop }
                      ;*invokespecial <init> {reexecute=0 rethrow=0 return_oop=0}
                      ; - java.lang.StringBuilder::<init>@3 (line 106)
                      ; - com.badlogic.gdx.backends.lwjgl.LwjglApplicationLogger::log@7 (line 28)
                      ; - com.badlogic.gdx.backends.lwjgl.LwjglApplication::log@14 (line 360)
                      ; - age.of.civilizations2.jakowski.lukasz.AoCGame::render@82 (line 376)
  0x00007f4725f14ad0: bc8a a805 

  0x00007f4725f14ad4: ;   {post_call_nop}
  0x00007f4725f14ad4: 0f1f 8400 | 4c0b 0003 | 488b 8424 | 2001 0000 

  0x00007f4725f14ae4: ;   {metadata(method data for {method} {0x00007f46f0461948} 'log' '(Ljava/lang/String;Ljava/lang/String;)V' in 'com/badlogic/gdx/backends/lwjgl/LwjglApplicationLogger')}
  0x00007f4725f14ae4: 48ba d89b | b0f0 467f | 0000 8b40 | 0841 ba00 | 0000 4049 | 03c2 483b | 82f0 0000 | 0075 0d48 
  0x00007f4725f14b04: 8382 f800 | 0000 01e9 | 6000 0000 | 483b 8200 | 0100 0075 | 0d48 8382 | 0801 0000 | 01e9 4a00 
  0x00007f4725f14b24: 0000 4883 | baf0 0000 | 0000 7517 | 4889 82f0 | 0000 0048 | c782 f800 | 0000 0100 | 0000 e929 
  0x00007f4725f14b44: 0000 0048 | 83ba 0001 | 0000 0075 | 1748 8982 | 0001 0000 | 48c7 8208 | 0100 0001 | 0000 00e9 
  0x00007f4725f14b64: 0800 0000 | 4883 82e8 | 0000 0001 

  0x00007f4725f14b70: ;   {metadata(method data for {method} {0x00000000401ba610} 'append' '(Ljava/lang/String;)Ljava/lang/StringBuilder;' in 'java/lang/StringBuilder')}
  0x00007f4725f14b70: 48ba 608f | 01f0 467f | 0000 8bb2 | 9000 0000 | 83c6 0289 | b290 0000 | 0081 e6fe | ff1f 0085 
  0x00007f4725f14b90: f60f 84d2 | 5f00 0048 | 8b84 2420 

  0x00007f4725f14b9c: ;   {metadata(method data for {method} {0x00000000401ba610} 'append' '(Ljava/lang/String;)Ljava/lang/StringBuilder;' in 'java/lang/StringBuilder')}
  0x00007f4725f14b9c: 0100 0048 | ba60 8f01 | f046 7f00 | 0048 8382 | d800 0000 

  0x00007f4725f14bb0: ;   {oop("AoC"{0x000000070fcc6960})}
  0x00007f4725f14bb0: 0148 ba60 | 69cc 0f07 | 0000 0048 | 8bb4 2420 | 0100 000f 

  0x00007f4725f14bc4: ;   {optimized virtual_call}
  0x00007f4725f14bc4: 1f40 00e8 

  0x00007f4725f14bc8: ; ImmutableOopMap {[272]=Oop [288]=Oop [296]=Oop }
                      ;*invokespecial append {reexecute=0 rethrow=0 return_oop=0}
                      ; - java.lang.StringBuilder::append@2 (line 179)
                      ; - com.badlogic.gdx.backends.lwjgl.LwjglApplicationLogger::log@11 (line 28)
                      ; - com.badlogic.gdx.backends.lwjgl.LwjglApplication::log@14 (line 360)
                      ; - age.of.civilizations2.jakowski.lukasz.AoCGame::render@82 (line 376)
  0x00007f4725f14bc8: c4ba ae05 

  0x00007f4725f14bcc: ;   {post_call_nop}
  0x00007f4725f14bcc: 0f1f 8400 | 440c 0004 | 488b 8424 | 2001 0000 

  0x00007f4725f14bdc: ;   {metadata(method data for {method} {0x00007f46f0461948} 'log' '(Ljava/lang/String;Ljava/lang/String;)V' in 'com/badlogic/gdx/backends/lwjgl/LwjglApplicationLogger')}
  0x00007f4725f14bdc: 48ba d89b | b0f0 467f | 0000 8b40 | 0841 ba00 | 0000 4049 | 03c2 483b | 8220 0100 | 0075 0d48 
  0x00007f4725f14bfc: 8382 2801 | 0000 01e9 | 6000 0000 | 483b 8230 | 0100 0075 | 0d48 8382 | 3801 0000 | 01e9 4a00 
  0x00007f4725f14c1c: 0000 4883 | ba20 0100 | 0000 7517 | 4889 8220 | 0100 0048 | c782 2801 | 0000 0100 | 0000 e929 
  0x00007f4725f14c3c: 0000 0048 | 83ba 3001 | 0000 0075 | 1748 8982 | 3001 0000 | 48c7 8238 | 0100 0001 | 0000 00e9 
  0x00007f4725f14c5c: 0800 0000 | 4883 8218 | 0100 0001 

  0x00007f4725f14c68: ;   {metadata(method data for {method} {0x00000000401ba610} 'append' '(Ljava/lang/String;)Ljava/lang/StringBuilder;' in 'java/lang/StringBuilder')}
  0x00007f4725f14c68: 48ba 608f | 01f0 467f | 0000 8bb2 | 9000 0000 | 83c6 0289 | b290 0000 | 0081 e6fe | ff1f 0085 
  0x00007f4725f14c88: f60f 84fb | 5e00 0048 | 8b84 2420 

  0x00007f4725f14c94: ;   {metadata(method data for {method} {0x00000000401ba610} 'append' '(Ljava/lang/String;)Ljava/lang/StringBuilder;' in 'java/lang/StringBuilder')}
  0x00007f4725f14c94: 0100 0048 | ba60 8f01 | f046 7f00 | 0048 8382 | d800 0000 

  0x00007f4725f14ca8: ;   {oop(": "{0x00000007ffc43ba0})}
  0x00007f4725f14ca8: 0148 baa0 | 3bc4 ff07 | 0000 0048 | 8bb4 2420 | 0100 000f 

  0x00007f4725f14cbc: ;   {optimized virtual_call}
  0x00007f4725f14cbc: 1f40 00e8 

  0x00007f4725f14cc0: ; ImmutableOopMap {[272]=Oop [288]=Oop [296]=Oop }
                      ;*invokespecial append {reexecute=0 rethrow=0 return_oop=0}
                      ; - java.lang.StringBuilder::append@2 (line 179)
                      ; - com.badlogic.gdx.backends.lwjgl.LwjglApplicationLogger::log@16 (line 28)
                      ; - com.badlogic.gdx.backends.lwjgl.LwjglApplication::log@14 (line 360)
                      ; - age.of.civilizations2.jakowski.lukasz.AoCGame::render@82 (line 376)
  0x00007f4725f14cc0: ccb9 ae05 

  0x00007f4725f14cc4: ;   {post_call_nop}
  0x00007f4725f14cc4: 0f1f 8400 | 3c0d 0005 | 488b 8424 | 2001 0000 

  0x00007f4725f14cd4: ;   {metadata(method data for {method} {0x00007f46f0461948} 'log' '(Ljava/lang/String;Ljava/lang/String;)V' in 'com/badlogic/gdx/backends/lwjgl/LwjglApplicationLogger')}
  0x00007f4725f14cd4: 48ba d89b | b0f0 467f | 0000 8b40 | 0841 ba00 | 0000 4049 | 03c2 483b | 8250 0100 | 0075 0d48 
  0x00007f4725f14cf4: 8382 5801 | 0000 01e9 | 6000 0000 | 483b 8260 | 0100 0075 | 0d48 8382 | 6801 0000 | 01e9 4a00 
  0x00007f4725f14d14: 0000 4883 | ba50 0100 | 0000 7517 | 4889 8250 | 0100 0048 | c782 5801 | 0000 0100 | 0000 e929 
  0x00007f4725f14d34: 0000 0048 | 83ba 6001 | 0000 0075 | 1748 8982 | 6001 0000 | 48c7 8268 | 0100 0001 | 0000 00e9 
  0x00007f4725f14d54: 0800 0000 | 4883 8248 | 0100 0001 

  0x00007f4725f14d60: ;   {metadata(method data for {method} {0x00000000401ba610} 'append' '(Ljava/lang/String;)Ljava/lang/StringBuilder;' in 'java/lang/StringBuilder')}
  0x00007f4725f14d60: 48ba 608f | 01f0 467f | 0000 8bb2 | 9000 0000 | 83c6 0289 | b290 0000 | 0081 e6fe | ff1f 0085 
  0x00007f4725f14d80: f60f 8424 | 5e00 0048 | 8b84 2420 

  0x00007f4725f14d8c: ;   {metadata(method data for {method} {0x00000000401ba610} 'append' '(Ljava/lang/String;)Ljava/lang/StringBuilder;' in 'java/lang/StringBuilder')}
  0x00007f4725f14d8c: 0100 0048 | ba60 8f01 | f046 7f00 | 0048 8382 | d800 0000 

  0x00007f4725f14da0: ;   {oop("WORLDNEWS: shown as event"{0x000000070fff1de8})}
  0x00007f4725f14da0: 0148 bae8 | 1dff 0f07 | 0000 0048 | 8bb4 2420 | 0100 000f 

  0x00007f4725f14db4: ;   {optimized virtual_call}
  0x00007f4725f14db4: 1f40 00e8 

  0x00007f4725f14db8: ; ImmutableOopMap {[272]=Oop [288]=Oop [296]=Oop }
                      ;*invokespecial append {reexecute=0 rethrow=0 return_oop=0}
                      ; - java.lang.StringBuilder::append@2 (line 179)
                      ; - com.badlogic.gdx.backends.lwjgl.LwjglApplicationLogger::log@20 (line 28)
                      ; - com.badlogic.gdx.backends.lwjgl.LwjglApplication::log@14 (line 360)
                      ; - age.of.civilizations2.jakowski.lukasz.AoCGame::render@82 (line 376)
  0x00007f4725f14db8: d4b8 ae05 

  0x00007f4725f14dbc: ;   {post_call_nop}
  0x00007f4725f14dbc: 0f1f 8400 | 340e 0006 | 488b 8424 | 2001 0000 

  0x00007f4725f14dcc: ;   {metadata(method data for {method} {0x00007f46f0461948} 'log' '(Ljava/lang/String;Ljava/lang/String;)V' in 'com/badlogic/gdx/backends/lwjgl/LwjglApplicationLogger')}
  0x00007f4725f14dcc: 48ba d89b | b0f0 467f | 0000 8b40 | 0841 ba00 | 0000 4049 | 03c2 483b | 8280 0100 | 0075 0d48 
  0x00007f4725f14dec: 8382 8801 | 0000 01e9 | 6000 0000 | 483b 8290 | 0100 0075 | 0d48 8382 | 9801 0000 | 01e9 4a00 
  0x00007f4725f14e0c: 0000 4883 | ba80 0100 | 0000 7517 | 4889 8280 | 0100 0048 | c782 8801 | 0000 0100 | 0000 e929 
  0x00007f4725f14e2c: 0000 0048 | 83ba 9001 | 0000 0075 | 1748 8982 | 9001 0000 | 48c7 8298 | 0100 0001 | 0000 00e9 
  0x00007f4725f14e4c: 0800 0000 | 4883 8278 | 0100 0001 

  0x00007f4725f14e58: ;   {metadata(method data for {method} {0x00000000401b8ea0} 'toString' '()Ljava/lang/String;' in 'java/lang/StringBuilder')}
  0x00007f4725f14e58: 48ba 7895 | 01f0 467f | 0000 8bb2 | 9000 0000 | 83c6 0289 | b290 0000 | 0081 e6fe | ff1f 0085 
  0x00007f4725f14e78: f60f 844d | 5d00 0048 | 8b84 2420 

  0x00007f4725f14e84: ;   {metadata(method data for {method} {0x00000000401b8ea0} 'toString' '()Ljava/lang/String;' in 'java/lang/StringBuilder')}
  0x00007f4725f14e84: 0100 0048 | ba78 9501 | f046 7f00 | 008b 4008 | 41ba 0000 | 0040 4903 | c248 3b82 | e000 0000 
  0x00007f4725f14ea4: 750d 4883 | 82e8 0000 | 0001 e960 | 0000 0048 | 3b82 f000 | 0000 750d | 4883 82f8 | 0000 0001 
  0x00007f4725f14ec4: e94a 0000 | 0048 83ba | e000 0000 | 0075 1748 | 8982 e000 | 0000 48c7 | 82e8 0000 | 0001 0000 
  0x00007f4725f14ee4: 00e9 2900 | 0000 4883 | baf0 0000 | 0000 7517 | 4889 82f0 | 0000 0048 | c782 f800 | 0000 0100 
  0x00007f4725f14f04: 0000 e908 | 0000 0048 | 8382 d800 

  0x00007f4725f14f10: ;   {metadata(method data for {method} {0x00000000401b8fb8} 'length' '()I' in 'java/lang/StringBuilder')}
  0x00007f4725f14f10: 0000 0148 | baf0 9601 | f046 7f00 | 008b b290 | 0000 0083 | c602 89b2 | 9000 0000 | 81e6 feff 
  0x00007f4725f14f30: 1f00 85f6 | 0f84 b35c | 0000 488b | 8424 2001 

  0x00007f4725f14f40: ;   {metadata(method data for {method} {0x00000000401b8fb8} 'length' '()I' in 'java/lang/StringBuilder')}
  0x00007f4725f14f40: 0000 48ba | f096 01f0 | 467f 0000 | 4883 82d8 | 0000 0001 | 488b 9c24 | 2001 0000 | 8b53 0c85 
  0x00007f4725f14f60: ;   {metadata(method data for {method} {0x00000000401b8ea0} 'toString' '()Ljava/lang/String;' in 'java/lang/StringBuilder')}
  0x00007f4725f14f60: d248 ba78 | 9501 f046 | 7f00 00be | 0801 0000 | 7505 be18 | 0100 0048 | 8b3c 3248 | 8d7f 0148 
  0x00007f4725f14f80: 893c 320f | 850f 0000 

  0x00007f4725f14f88: ;   {oop(""{0x000000070c1f3cc0})}
  0x00007f4725f14f88: 0048 bec0 | 3c1f 0c07 | 0000 00e9 | 9400 0000 

  0x00007f4725f14f98: ;   {metadata('java/lang/String')}
  0x00007f4725f14f98: 48ba 6889 | 1740 0000 | 0000 498b | 87b0 0100 | 0048 8d78 | 1849 3bbf | c001 0000 | 0f87 545c 
  0x00007f4725f14fb8: 0000 4989 | bfb0 0100 | 0048 c700 | 0100 0000 | 488b ca41 | ba00 0000 | 4049 2bca | 8948 0848 
  0x00007f4725f14fd8: 33c9 8948 | 0c48 33c9 | 4889 4810 

  0x00007f4725f14fe4: ;   {metadata(method data for {method} {0x00000000401b8ea0} 'toString' '()Ljava/lang/String;' in 'java/lang/StringBuilder')}
  0x00007f4725f14fe4: 488b d048 | b978 9501 | f046 7f00 | 0048 8381 | 2801 0000 | 0148 8bd3 

  0x00007f4725f14ffc: ;   {oop(nullptr)}
  0x00007f4725f14ffc: 48b9 0000 | 0000 0000 | 0000 488b | f048 8984 | 2430 0100 | 0066 0f1f 

  0x00007f4725f15014: ;   {optimized virtual_call}
  0x00007f4725f15014: 4400 00e8 

  0x00007f4725f15018: ; ImmutableOopMap {[272]=Oop [296]=Oop [304]=Oop }
                      ;*invokespecial <init> {reexecute=0 rethrow=0 return_oop=0}
                      ; - java.lang.StringBuilder::toString@16 (line 478)
                      ; - com.badlogic.gdx.backends.lwjgl.LwjglApplicationLogger::log@23 (line 28)
                      ; - com.badlogic.gdx.backends.lwjgl.LwjglApplication::log@14 (line 360)
                      ; - age.of.civilizations2.jakowski.lukasz.AoCGame::render@82 (line 376)
  0x00007f4725f15018: c4f9 4605 

  0x00007f4725f1501c: ;   {post_call_nop}
  0x00007f4725f1501c: 0f1f 8400 | 9410 0007 | 488b b424 | 3001 0000 | 488b 9c24 | 2801 0000 

  0x00007f4725f15034: ; implicit exception: dispatches to 0x00007f4725f1ac1b
  0x00007f4725f15034: 483b 0348 

  0x00007f4725f15038: ;   {metadata(method data for {method} {0x00007f46f0461948} 'log' '(Ljava/lang/String;Ljava/lang/String;)V' in 'com/badlogic/gdx/backends/lwjgl/LwjglApplicationLogger')}
  0x00007f4725f15038: 8bd3 48bf | d89b b0f0 | 467f 0000 | 4883 87b8 | 0100 0001 | 488b d648 | 8bf3 0f1f 

  0x00007f4725f15054: ;   {optimized virtual_call}
  0x00007f4725f15054: 4400 00e8 

  0x00007f4725f15058: ; ImmutableOopMap {[272]=Oop }
                      ;*invokevirtual println {reexecute=0 rethrow=0 return_oop=0}
                      ; - com.badlogic.gdx.backends.lwjgl.LwjglApplicationLogger::log@26 (line 28)
                      ; - com.badlogic.gdx.backends.lwjgl.LwjglApplication::log@14 (line 360)
                      ; - age.of.civilizations2.jakowski.lukasz.AoCGame::render@82 (line 376)
  0x00007f4725f15058: b42a e505 

  0x00007f4725f1505c: ;   {post_call_nop}
  0x00007f4725f1505c: 0f1f 8400 | d410 0008 

  0x00007f4725f15064: ;   {metadata(method data for {method} {0x00007f46f042cb90} 'render' '()V' in 'age/of/civilizations2/jakowski/lukasz/AoCGame')}
  0x00007f4725f15064: 48b8 e846 | 4cf1 467f | 0000 ff80 | 9802 0000 | e903 0100 | 0049 8b87 | c005 0000 | 4d33 d24d 
  0x00007f4725f15084: 8997 c005 | 0000 4d33 | d24d 8997 | c805 0000 

  0x00007f4725f15094: ;   {metadata(method data for {method} {0x00007f46f042cb90} 'render' '()V' in 'age/of/civilizations2/jakowski/lukasz/AoCGame')}
  0x00007f4725f15094: 48be e846 | 4cf1 467f | 0000 4883 | 86b0 0200 

  0x00007f4725f150a4: ;   {metadata(method data for {method} {0x00007f46f05da248} 'exceptionStack' '(Ljava/lang/Throwable;)V' in 'age/of/civilizations2/jakowski/lukasz/CFG')}
  0x00007f4725f150a4: 0001 48be | 1871 d8f0 | 467f 0000 | 8bbe 9000 | 0000 83c7 | 0289 be90 | 0000 0081 | e7fe ff1f 
  0x00007f4725f150c4: 0085 ff0f | 8453 5b00 | 0048 8bf0 

  0x00007f4725f150d0: ;   {metadata(method data for {method} {0x00007f46f05da248} 'exceptionStack' '(Ljava/lang/Throwable;)V' in 'age/of/civilizations2/jakowski/lukasz/CFG')}
  0x00007f4725f150d0: 48bf 1871 | d8f0 467f | 0000 8b76 | 0841 ba00 | 0000 4049 | 03f2 483b | b7e0 0000 | 0075 0d48 
  0x00007f4725f150f0: 8387 e800 | 0000 01e9 | 6000 0000 | 483b b7f0 | 0000 0075 | 0d48 8387 | f800 0000 | 01e9 4a00 
  0x00007f4725f15110: 0000 4883 | bfe0 0000 | 0000 7517 | 4889 b7e0 | 0000 0048 | c787 e800 | 0000 0100 | 0000 e929 
  0x00007f4725f15130: 0000 0048 | 83bf f000 | 0000 0075 | 1748 89b7 | f000 0000 | 48c7 87f8 | 0000 0001 | 0000 00e9 
  0x00007f4725f15150: 0800 0000 | 4883 87d8 | 0000 0001 | 488b f066 | 0f1f 4400 | 0048 b888 | 19d4 0147 

  0x00007f4725f1516c: ;   {virtual_call}
  0x00007f4725f1516c: 7f00 00e8 

  0x00007f4725f15170: ; ImmutableOopMap {[272]=Oop }
                      ;*invokevirtual printStackTrace {reexecute=0 rethrow=0 return_oop=0}
                      ; - age.of.civilizations2.jakowski.lukasz.CFG::exceptionStack@1 (line 6406)
                      ; - age.of.civilizations2.jakowski.lukasz.AoCGame::render@92 (line 378)
  0x00007f4725f15170: 6cfb 4605 

  0x00007f4725f15174: ;   {post_call_nop}
  0x00007f4725f15174: 0f1f 8400 | ec11 0009 

  0x00007f4725f1517c: ;   {oop(a 'java/lang/Class'{0x000000070fccc708} = 'age/of/civilizations2/jakowski/lukasz/WorldNews')}
  0x00007f4725f1517c: 48bf 08c7 | cc0f 0700 | 0000 8b77 | 7c48 c1e6 | 0348 3b06 

  0x00007f4725f15190: ;   {metadata(method data for {method} {0x00007f46f042cb90} 'render' '()V' in 'age/of/civilizations2/jakowski/lukasz/AoCGame')}
  0x00007f4725f15190: 488b de48 | b8e8 464c | f146 7f00 

  0x00007f4725f1519c: ;   {metadata('java/util/ArrayList')}
  0x00007f4725f1519c: 0049 ba90 | 8b21 4000 | 0000 004c | 8990 c802 | 0000 4883 | 80d0 0200 | 0001 4889 | bc24 3801 
  0x00007f4725f151bc: ;   {optimized virtual_call}
  0x00007f4725f151bc: 0000 90e8 

  0x00007f4725f151c0: ; ImmutableOopMap {[272]=Oop [312]=Oop }
                      ;*invokevirtual clear {reexecute=0 rethrow=0 return_oop=0}
                      ; - age.of.civilizations2.jakowski.lukasz.AoCGame::render@98 (line 382)
  0x00007f4725f151c0: ccd5 b705 

  0x00007f4725f151c4: ;   {post_call_nop}
  0x00007f4725f151c4: 0f1f 8400 | 3c12 000a | 488b bc24 | 3801 0000 | c787 a800 | 0000 0000 | 0000 488b | b424 1001 
  0x00007f4725f151e4: ;   {metadata(method data for {method} {0x00007f46f042cb90} 'render' '()V' in 'age/of/civilizations2/jakowski/lukasz/AoCGame')}
  0x00007f4725f151e4: 0000 48bf | e846 4cf1 | 467f 0000 | 4883 8700 | 0300 0001 | 488b b424 | 1001 0000 | 0f1f 8000 
  0x00007f4725f15204: ;   {optimized virtual_call}
  0x00007f4725f15204: 0000 00e8 

  0x00007f4725f15208: ; ImmutableOopMap {[272]=Oop }
                      ;*invokevirtual update {reexecute=0 rethrow=0 return_oop=0}
                      ; - age.of.civilizations2.jakowski.lukasz.AoCGame::render@106 (line 387)
  0x00007f4725f15208: 244d 3f06 

  0x00007f4725f1520c: ;   {post_call_nop}
  0x00007f4725f1520c: 0f1f 8400 | 8412 000b | 488b b424 | 1001 0000 

  0x00007f4725f1521c: ;   {metadata(method data for {method} {0x00007f46f042cb90} 'render' '()V' in 'age/of/civilizations2/jakowski/lukasz/AoCGame')}
  0x00007f4725f1521c: 48bf e846 | 4cf1 467f | 0000 8b76 | 0841 ba00 | 0000 4049 | 03f2 483b | b728 0300 | 0075 0d48 
  0x00007f4725f1523c: 8387 3003 | 0000 01e9 | 6000 0000 | 483b b738 | 0300 0075 | 0d48 8387 | 4003 0000 | 01e9 4a00 
  0x00007f4725f1525c: 0000 4883 | bf28 0300 | 0000 7517 | 4889 b728 | 0300 0048 | c787 3003 | 0000 0100 | 0000 e929 
  0x00007f4725f1527c: 0000 0048 | 83bf 3803 | 0000 0075 | 1748 89b7 | 3803 0000 | 48c7 8740 | 0300 0001 | 0000 00e9 
  0x00007f4725f1529c: 0800 0000 | 4883 8720 | 0300 0001 | 488b b424 | 1001 0000 | 0f1f 8000 

  0x00007f4725f152b4: ;   {optimized virtual_call}
  0x00007f4725f152b4: 0000 00e8 

  0x00007f4725f152b8: ; ImmutableOopMap {[272]=Oop }
                      ;*invokevirtual updateMoveMap {reexecute=0 rethrow=0 return_oop=0}
                      ; - age.of.civilizations2.jakowski.lukasz.AoCGame::render@110 (line 388)
  0x00007f4725f152b8: 5493 9e05 

  0x00007f4725f152bc: ;   {post_call_nop}
  0x00007f4725f152bc: 0f1f 8400 | 3413 000c 

  0x00007f4725f152c4: ;   {metadata(method data for {method} {0x00007f46f042cb90} 'render' '()V' in 'age/of/civilizations2/jakowski/lukasz/AoCGame')}
  0x00007f4725f152c4: 48b8 e846 | 4cf1 467f | 0000 ff80 | 5003 0000 | e963 0500 | 0049 8b87 | c005 0000 | 4d33 d24d 
  0x00007f4725f152e4: 8997 c005 | 0000 4d33 | d24d 8997 | c805 0000 

  0x00007f4725f152f4: ;   {metadata(method data for {method} {0x00007f46f042cb90} 'render' '()V' in 'age/of/civilizations2/jakowski/lukasz/AoCGame')}
  0x00007f4725f152f4: 48be e846 | 4cf1 467f | 0000 4883 | 8608 0400 

  0x00007f4725f15304: ;   {metadata(method data for {method} {0x00007f46f05da248} 'exceptionStack' '(Ljava/lang/Throwable;)V' in 'age/of/civilizations2/jakowski/lukasz/CFG')}
  0x00007f4725f15304: 0001 48be | 1871 d8f0 | 467f 0000 | 8bbe 9000 | 0000 83c7 | 0289 be90 | 0000 0081 | e7fe ff1f 
  0x00007f4725f15324: 0085 ff0f | 8419 5900 | 0048 8bf0 

  0x00007f4725f15330: ;   {metadata(method data for {method} {0x00007f46f05da248} 'exceptionStack' '(Ljava/lang/Throwable;)V' in 'age/of/civilizations2/jakowski/lukasz/CFG')}
  0x00007f4725f15330: 48bf 1871 | d8f0 467f | 0000 8b76 | 0841 ba00 | 0000 4049 | 03f2 483b | b7e0 0000 | 0075 0d48 
  0x00007f4725f15350: 8387 e800 | 0000 01e9 | 6000 0000 | 483b b7f0 | 0000 0075 | 0d48 8387 | f800 0000 | 01e9 4a00 
  0x00007f4725f15370: 0000 4883 | bfe0 0000 | 0000 7517 | 4889 b7e0 | 0000 0048 | c787 e800 | 0000 0100 | 0000 e929 
  0x00007f4725f15390: 0000 0048 | 83bf f000 | 0000 0075 | 1748 89b7 | f000 0000 | 48c7 87f8 | 0000 0001 | 0000 00e9 
  0x00007f4725f153b0: 0800 0000 | 4883 87d8 | 0000 0001 | 488b f066 | 0f1f 4400 | 0048 b8b0 | 19d4 0147 

  0x00007f4725f153cc: ;   {virtual_call}
  0x00007f4725f153cc: 7f00 00e8 

  0x00007f4725f153d0: ; ImmutableOopMap {[272]=Oop }
                      ;*invokevirtual printStackTrace {reexecute=0 rethrow=0 return_oop=0}
                      ; - age.of.civilizations2.jakowski.lukasz.CFG::exceptionStack@1 (line 6406)
                      ; - age.of.civilizations2.jakowski.lukasz.AoCGame::render@150 (line 398)
  0x00007f4725f153d0: 0cf9 4605 

  0x00007f4725f153d4: ;   {post_call_nop}
  0x00007f4725f153d4: 0f1f 8400 | 4c14 000d | e95b 0400 | 0049 8b87 | c005 0000 | 4d33 d24d | 8997 c005 | 0000 4d33 
  0x00007f4725f153f4: d24d 8997 | c805 0000 

  0x00007f4725f153fc: ;   {metadata(method data for {method} {0x00007f46f042cb90} 'render' '()V' in 'age/of/civilizations2/jakowski/lukasz/AoCGame')}
  0x00007f4725f153fc: 48be e846 | 4cf1 467f | 0000 4883 | 86e0 0300 

  0x00007f4725f1540c: ;   {metadata(method data for {method} {0x00007f46f05da248} 'exceptionStack' '(Ljava/lang/Throwable;)V' in 'age/of/civilizations2/jakowski/lukasz/CFG')}
  0x00007f4725f1540c: 0001 48be | 1871 d8f0 | 467f 0000 | 8bbe 9000 | 0000 83c7 | 0289 be90 | 0000 0081 | e7fe ff1f 
  0x00007f4725f1542c: 0085 ff0f | 8432 5800 | 0048 8bf0 

  0x00007f4725f15438: ;   {metadata(method data for {method} {0x00007f46f05da248} 'exceptionStack' '(Ljava/lang/Throwable;)V' in 'age/of/civilizations2/jakowski/lukasz/CFG')}
  0x00007f4725f15438: 48bf 1871 | d8f0 467f | 0000 8b76 | 0841 ba00 | 0000 4049 | 03f2 483b | b7e0 0000 | 0075 0d48 
  0x00007f4725f15458: 8387 e800 | 0000 01e9 | 6000 0000 | 483b b7f0 | 0000 0075 | 0d48 8387 | f800 0000 | 01e9 4a00 
  0x00007f4725f15478: 0000 4883 | bfe0 0000 | 0000 7517 | 4889 b7e0 | 0000 0048 | c787 e800 | 0000 0100 | 0000 e929 
  0x00007f4725f15498: 0000 0048 | 83bf f000 | 0000 0075 | 1748 89b7 | f000 0000 | 48c7 87f8 | 0000 0001 | 0000 00e9 
  0x00007f4725f154b8: 0800 0000 | 4883 87d8 | 0000 0001 | 488b f066 | 0f1f 4400 | 0048 b8d8 | 19d4 0147 

  0x00007f4725f154d4: ;   {virtual_call}
  0x00007f4725f154d4: 7f00 00e8 

  0x00007f4725f154d8: ; ImmutableOopMap {[272]=Oop }
                      ;*invokevirtual printStackTrace {reexecute=0 rethrow=0 return_oop=0}
                      ; - age.of.civilizations2.jakowski.lukasz.CFG::exceptionStack@1 (line 6406)
                      ; - age.of.civilizations2.jakowski.lukasz.AoCGame::render@142 (line 396)
  0x00007f4725f154d8: 04f8 4605 

  0x00007f4725f154dc: ;   {post_call_nop}
  0x00007f4725f154dc: 0f1f 8400 | 5415 000e 

  0x00007f4725f154e4: ;   {metadata(method data for {method} {0x00007f46f042cb90} 'render' '()V' in 'age/of/civilizations2/jakowski/lukasz/AoCGame')}
  0x00007f4725f154e4: 48b8 e846 | 4cf1 467f | 0000 ff80 | f003 0000 | e943 0300 | 0049 8b87 | c005 0000 | 4d33 d24d 
  0x00007f4725f15504: 8997 c005 | 0000 4d33 | d24d 8997 | c805 0000 

  0x00007f4725f15514: ;   {metadata(method data for {method} {0x00007f46f042cb90} 'render' '()V' in 'age/of/civilizations2/jakowski/lukasz/AoCGame')}
  0x00007f4725f15514: 48be e846 | 4cf1 467f | 0000 4883 | 86b8 0300 

  0x00007f4725f15524: ;   {metadata(method data for {method} {0x00007f46f05da248} 'exceptionStack' '(Ljava/lang/Throwable;)V' in 'age/of/civilizations2/jakowski/lukasz/CFG')}
  0x00007f4725f15524: 0001 48be | 1871 d8f0 | 467f 0000 | 8bbe 9000 | 0000 83c7 | 0289 be90 | 0000 0081 | e7fe ff1f 
  0x00007f4725f15544: 0085 ff0f | 843b 5700 | 0048 8bf0 

  0x00007f4725f15550: ;   {metadata(method data for {method} {0x00007f46f05da248} 'exceptionStack' '(Ljava/lang/Throwable;)V' in 'age/of/civilizations2/jakowski/lukasz/CFG')}
  0x00007f4725f15550: 48bf 1871 | d8f0 467f | 0000 8b76 | 0841 ba00 | 0000 4049 | 03f2 483b | b7e0 0000 | 0075 0d48 
  0x00007f4725f15570: 8387 e800 | 0000 01e9 | 6000 0000 | 483b b7f0 | 0000 0075 | 0d48 8387 | f800 0000 | 01e9 4a00 
  0x00007f4725f15590: 0000 4883 | bfe0 0000 | 0000 7517 | 4889 b7e0 | 0000 0048 | c787 e800 | 0000 0100 | 0000 e929 
  0x00007f4725f155b0: 0000 0048 | 83bf f000 | 0000 0075 | 1748 89b7 | f000 0000 | 48c7 87f8 | 0000 0001 | 0000 00e9 
  0x00007f4725f155d0: 0800 0000 | 4883 87d8 | 0000 0001 | 488b f066 | 0f1f 4400 | 0048 b800 | 1ad4 0147 

  0x00007f4725f155ec: ;   {virtual_call}
  0x00007f4725f155ec: 7f00 00e8 

  0x00007f4725f155f0: ; ImmutableOopMap {[272]=Oop }
                      ;*invokevirtual printStackTrace {reexecute=0 rethrow=0 return_oop=0}
                      ; - age.of.civilizations2.jakowski.lukasz.CFG::exceptionStack@1 (line 6406)
                      ; - age.of.civilizations2.jakowski.lukasz.AoCGame::render@134 (line 394)
  0x00007f4725f155f0: ecf6 4605 

  0x00007f4725f155f4: ;   {post_call_nop}
  0x00007f4725f155f4: 0f1f 8400 | 6c16 000f 

  0x00007f4725f155fc: ;   {metadata(method data for {method} {0x00007f46f042cb90} 'render' '()V' in 'age/of/civilizations2/jakowski/lukasz/AoCGame')}
  0x00007f4725f155fc: 48b8 e846 | 4cf1 467f | 0000 ff80 | c803 0000 | e92b 0200 | 0049 8b87 | c005 0000 | 4d33 d24d 
  0x00007f4725f1561c: 8997 c005 | 0000 4d33 | d24d 8997 | c805 0000 

  0x00007f4725f1562c: ;   {metadata(method data for {method} {0x00007f46f042cb90} 'render' '()V' in 'age/of/civilizations2/jakowski/lukasz/AoCGame')}
  0x00007f4725f1562c: 48be e846 | 4cf1 467f | 0000 4883 | 8690 0300 

  0x00007f4725f1563c: ;   {metadata(method data for {method} {0x00007f46f05da248} 'exceptionStack' '(Ljava/lang/Throwable;)V' in 'age/of/civilizations2/jakowski/lukasz/CFG')}
  0x00007f4725f1563c: 0001 48be | 1871 d8f0 | 467f 0000 | 8bbe 9000 | 0000 83c7 | 0289 be90 | 0000 0081 | e7fe ff1f 
  0x00007f4725f1565c: 0085 ff0f | 8444 5600 | 0048 8bf0 

  0x00007f4725f15668: ;   {metadata(method data for {method} {0x00007f46f05da248} 'exceptionStack' '(Ljava/lang/Throwable;)V' in 'age/of/civilizations2/jakowski/lukasz/CFG')}
  0x00007f4725f15668: 48bf 1871 | d8f0 467f | 0000 8b76 | 0841 ba00 | 0000 4049 | 03f2 483b | b7e0 0000 | 0075 0d48 
  0x00007f4725f15688: 8387 e800 | 0000 01e9 | 6000 0000 | 483b b7f0 | 0000 0075 | 0d48 8387 | f800 0000 | 01e9 4a00 
  0x00007f4725f156a8: 0000 4883 | bfe0 0000 | 0000 7517 | 4889 b7e0 | 0000 0048 | c787 e800 | 0000 0100 | 0000 e929 
  0x00007f4725f156c8: 0000 0048 | 83bf f000 | 0000 0075 | 1748 89b7 | f000 0000 | 48c7 87f8 | 0000 0001 | 0000 00e9 
  0x00007f4725f156e8: 0800 0000 | 4883 87d8 | 0000 0001 | 488b f066 | 0f1f 4400 | 0048 b828 | 1ad4 0147 

  0x00007f4725f15704: ;   {virtual_call}
  0x00007f4725f15704: 7f00 00e8 

  0x00007f4725f15708: ; ImmutableOopMap {[272]=Oop }
                      ;*invokevirtual printStackTrace {reexecute=0 rethrow=0 return_oop=0}
                      ; - age.of.civilizations2.jakowski.lukasz.CFG::exceptionStack@1 (line 6406)
                      ; - age.of.civilizations2.jakowski.lukasz.AoCGame::render@126 (line 392)
  0x00007f4725f15708: d4f5 4605 

  0x00007f4725f1570c: ;   {post_call_nop}
  0x00007f4725f1570c: 0f1f 8400 | 8417 0010 

  0x00007f4725f15714: ;   {metadata(method data for {method} {0x00007f46f042cb90} 'render' '()V' in 'age/of/civilizations2/jakowski/lukasz/AoCGame')}
  0x00007f4725f15714: 48b8 e846 | 4cf1 467f | 0000 ff80 | a003 0000 | e913 0100 | 0049 8b87 | c005 0000 | 4d33 d24d 
  0x00007f4725f15734: 8997 c005 | 0000 4d33 | d24d 8997 | c805 0000 

  0x00007f4725f15744: ;   {metadata(method data for {method} {0x00007f46f042cb90} 'render' '()V' in 'age/of/civilizations2/jakowski/lukasz/AoCGame')}
  0x00007f4725f15744: 48be e846 | 4cf1 467f | 0000 4883 | 8668 0300 

  0x00007f4725f15754: ;   {metadata(method data for {method} {0x00007f46f05da248} 'exceptionStack' '(Ljava/lang/Throwable;)V' in 'age/of/civilizations2/jakowski/lukasz/CFG')}
  0x00007f4725f15754: 0001 48be | 1871 d8f0 | 467f 0000 | 8bbe 9000 | 0000 83c7 | 0289 be90 | 0000 0081 | e7fe ff1f 
  0x00007f4725f15774: 0085 ff0f | 844d 5500 | 0048 8bf0 

  0x00007f4725f15780: ;   {metadata(method data for {method} {0x00007f46f05da248} 'exceptionStack' '(Ljava/lang/Throwable;)V' in 'age/of/civilizations2/jakowski/lukasz/CFG')}
  0x00007f4725f15780: 48bf 1871 | d8f0 467f | 0000 8b76 | 0841 ba00 | 0000 4049 | 03f2 483b | b7e0 0000 | 0075 0d48 
  0x00007f4725f157a0: 8387 e800 | 0000 01e9 | 6000 0000 | 483b b7f0 | 0000 0075 | 0d48 8387 | f800 0000 | 01e9 4a00 
  0x00007f4725f157c0: 0000 4883 | bfe0 0000 | 0000 7517 | 4889 b7e0 | 0000 0048 | c787 e800 | 0000 0100 | 0000 e929 
  0x00007f4725f157e0: 0000 0048 | 83bf f000 | 0000 0075 | 1748 89b7 | f000 0000 | 48c7 87f8 | 0000 0001 | 0000 00e9 
  0x00007f4725f15800: 0800 0000 | 4883 87d8 | 0000 0001 | 488b f066 | 0f1f 4400 | 0048 b850 | 1ad4 0147 

  0x00007f4725f1581c: ;   {virtual_call}
  0x00007f4725f1581c: 7f00 00e8 

  0x00007f4725f15820: ; ImmutableOopMap {[272]=Oop }
                      ;*invokevirtual printStackTrace {reexecute=0 rethrow=0 return_oop=0}
                      ; - age.of.civilizations2.jakowski.lukasz.CFG::exceptionStack@1 (line 6406)
                      ; - age.of.civilizations2.jakowski.lukasz.AoCGame::render@118 (line 390)
  0x00007f4725f15820: bcf4 4605 

  0x00007f4725f15824: ;   {post_call_nop}
  0x00007f4725f15824: 0f1f 8400 | 9c18 0011 

  0x00007f4725f1582c: ;   {metadata(method data for {method} {0x00007f46f042cb90} 'render' '()V' in 'age/of/civilizations2/jakowski/lukasz/AoCGame')}
  0x00007f4725f1582c: 48be e846 | 4cf1 467f | 0000 ff86 | 7803 0000 

  0x00007f4725f1583c: ;   {oop(a 'java/lang/Class'{0x00000007ffdff2d8} = 'age/of/civilizations2/jakowski/lukasz/CFG')}
  0x00007f4725f1583c: 48be d8f2 | dfff 0700 | 0000 0fbe | b6fb 0800 

  0x00007f4725f1584c: ;   {metadata(method data for {method} {0x00007f46f042cb90} 'render' '()V' in 'age/of/civilizations2/jakowski/lukasz/AoCGame')}
  0x00007f4725f1584c: 0085 f648 | bee8 464c | f146 7f00 | 00bf 1804 | 0000 7505 | bf28 0400 | 0048 8b1c | 3e48 8d5b 
  0x00007f4725f1586c: 0148 891c | 3e0f 8545 

  0x00007f4725f15874: ;   {oop(a 'java/lang/Class'{0x00000007ffdff2d8} = 'age/of/civilizations2/jakowski/lukasz/CFG')}
  0x00007f4725f15874: 0000 0048 | bed8 f2df | ff07 0000 | 008b b6d0 | 0200 0048 | c1e6 030f | beb6 8400 | 0000 85f6 
  0x00007f4725f15894: ;   {metadata(method data for {method} {0x00007f46f042cb90} 'render' '()V' in 'age/of/civilizations2/jakowski/lukasz/AoCGame')}
  0x00007f4725f15894: 48be e846 | 4cf1 467f | 0000 bf48 | 0400 0074 | 05bf 3804 | 0000 488b | 1c3e 488d | 5b01 4889 
  0x00007f4725f158b4: 1c3e 0f84 | 7d3b 0000 

  0x00007f4725f158bc: ;   {oop(a 'java/lang/Class'{0x00000007ffdff2d8} = 'age/of/civilizations2/jakowski/lukasz/CFG')}
  0x00007f4725f158bc: 48be d8f2 | dfff 0700 | 0000 0fbe | b6fd 0800 

  0x00007f4725f158cc: ;   {metadata(method data for {method} {0x00007f46f042cb90} 'render' '()V' in 'age/of/civilizations2/jakowski/lukasz/AoCGame')}
  0x00007f4725f158cc: 0085 f648 | bee8 464c | f146 7f00 | 00bf 6805 | 0000 7405 | bf78 0500 | 0048 8b1c | 3e48 8d5b 
  0x00007f4725f158ec: 0148 891c | 3e0f 8426 

  0x00007f4725f158f4: ;   {oop(a 'java/lang/Class'{0x00000007ffdff2d8} = 'age/of/civilizations2/jakowski/lukasz/CFG')}
  0x00007f4725f158f4: 0000 0048 | bed8 f2df | ff07 0000 | 00c6 86fd | 0800 0000 

  0x00007f4725f15908: ;   {metadata(method data for {method} {0x00007f46f042cb90} 'render' '()V' in 'age/of/civilizations2/jakowski/lukasz/AoCGame')}
  0x00007f4725f15908: 48be e846 | 4cf1 467f | 0000 ff86 | 8805 0000 | e972 0000 

  0x00007f4725f1591c: ;   {oop(a 'java/lang/Class'{0x00000007ffdff2d8} = 'age/of/civilizations2/jakowski/lukasz/CFG')}
  0x00007f4725f1591c: 0048 bed8 | f2df ff07 | 0000 000f | beb6 fc08 | 0000 85f6 

  0x00007f4725f15930: ;   {metadata(method data for {method} {0x00007f46f042cb90} 'render' '()V' in 'age/of/civilizations2/jakowski/lukasz/AoCGame')}
  0x00007f4725f15930: 48be e846 | 4cf1 467f | 0000 bfa0 | 0500 0074 | 05bf b005 | 0000 488b | 1c3e 488d | 5b01 4889 
  0x00007f4725f15950: 1c3e 0f84 | 2600 0000 

  0x00007f4725f15958: ;   {oop(a 'java/lang/Class'{0x00000007ffdff2d8} = 'age/of/civilizations2/jakowski/lukasz/CFG')}
  0x00007f4725f15958: 48be d8f2 | dfff 0700 | 0000 c686 | fc08 0000 

  0x00007f4725f15968: ;   {metadata(method data for {method} {0x00007f46f042cb90} 'render' '()V' in 'age/of/civilizations2/jakowski/lukasz/AoCGame')}
  0x00007f4725f15968: 0048 bee8 | 464c f146 | 7f00 00ff | 86c0 0500 | 00e9 1100 

  0x00007f4725f1597c: ;   {oop(a 'java/lang/Class'{0x00000007ffdff2d8} = 'age/of/civilizations2/jakowski/lukasz/CFG')}
  0x00007f4725f1597c: 0000 48be | d8f2 dfff | 0700 0000 | c686 fb08 

  0x00007f4725f1598c: ;   {oop(a 'java/lang/Class'{0x000000070c1c43e8} = 'com/badlogic/gdx/Gdx')}
  0x00007f4725f1598c: 0000 0048 | bfe8 431c | 0c07 0000 | 008b 9f90 | 0000 0048 

  0x00007f4725f159a0: ;   {oop(a 'com/badlogic/gdx/graphics/Color'{0x000000070e806658})}
  0x00007f4725f159a0: c1e3 0348 | b858 6680 | 0e07 0000 | 00c5 fa10 | 400c c5fa | 1048 10c5 | fa10 5014 | c5fa 1058 
  0x00007f4725f159c0: 1848 85db | 0f84 2500 

  0x00007f4725f159c8: ;   {metadata('com/badlogic/gdx/backends/lwjgl/LwjglGL20')}
  0x00007f4725f159c8: 0000 49b8 | 0080 0841 | 0000 0000 | 8b4b 0841 | ba00 0000 | 4049 03ca | 4c3b 4138 | 0f85 0653 
  0x00007f4725f159e8: 0000 e900 | 0000 0048 | 8bc3 483b 

  0x00007f4725f159f4: ;   {metadata(method data for {method} {0x00007f46f042cb90} 'render' '()V' in 'age/of/civilizations2/jakowski/lukasz/AoCGame')}
  0x00007f4725f159f4: 0348 b8e8 | 464c f146 | 7f00 0048 | 8380 e805 

  0x00007f4725f15a04: ;   {metadata(method data for {method} {0x00007f46f05b0e98} 'glClearColor' '(FFFF)V' in 'com/badlogic/gdx/backends/lwjgl/LwjglGL20')}
  0x00007f4725f15a04: 0000 0148 | bb00 704c | f146 7f00 | 008b 8390 | 0000 0083 | c002 8983 | 9000 0000 | 25fe ff1f 
  0x00007f4725f15a24: 0085 c00f | 84cd 5200 

  0x00007f4725f15a2c: ;   {metadata(method data for {method} {0x00007f46f05b0e98} 'glClearColor' '(FFFF)V' in 'com/badlogic/gdx/backends/lwjgl/LwjglGL20')}
  0x00007f4725f15a2c: 0048 bb00 | 704c f146 | 7f00 0048 | 8383 d800 | 0000 0148 | 89bc 2440 

  0x00007f4725f15a44: ;   {static_call}
  0x00007f4725f15a44: 0100 00e8 

  0x00007f4725f15a48: ; ImmutableOopMap {[272]=Oop [320]=Oop }
                      ;*invokestatic glClearColor {reexecute=0 rethrow=0 return_oop=0}
                      ; - com.badlogic.gdx.backends.lwjgl.LwjglGL20::glClearColor@5 (line 155)
                      ; - age.of.civilizations2.jakowski.lukasz.AoCGame::render@292 (line 427)
  0x00007f4725f15a48: 342d 3f06 

  0x00007f4725f15a4c: ;   {post_call_nop}
  0x00007f4725f15a4c: 0f1f 8400 | c41a 0012 | 488b bc24 | 4001 0000 | 8bb7 9000 | 0000 48c1 | e603 4885 | f60f 8425 
  0x00007f4725f15a6c: ;   {metadata('com/badlogic/gdx/backends/lwjgl/LwjglGL20')}
  0x00007f4725f15a6c: 0000 0048 | ba00 8008 | 4100 0000 | 008b 4608 | 41ba 0000 | 0040 4903 | c248 3b50 | 380f 858c 
  0x00007f4725f15a8c: 5200 00e9 | 0000 0000 | 488b fe48 

  0x00007f4725f15a98: ;   {metadata(method data for {method} {0x00007f46f042cb90} 'render' '()V' in 'age/of/civilizations2/jakowski/lukasz/AoCGame')}
  0x00007f4725f15a98: 3b06 48bf | e846 4cf1 | 467f 0000 | 4883 8718 | 0600 0001 

  0x00007f4725f15aac: ;   {metadata(method data for {method} {0x00007f46f05b0db8} 'glClear' '(I)V' in 'com/badlogic/gdx/backends/lwjgl/LwjglGL20')}
  0x00007f4725f15aac: 48be 4871 | 4cf1 467f | 0000 8bbe | 9000 0000 | 83c7 0289 | be90 0000 | 0081 e7fe | ff1f 0085 
  0x00007f4725f15acc: ff0f 8452 

  0x00007f4725f15ad0: ;   {metadata(method data for {method} {0x00007f46f05b0db8} 'glClear' '(I)V' in 'com/badlogic/gdx/backends/lwjgl/LwjglGL20')}
  0x00007f4725f15ad0: 5200 0048 | be48 714c | f146 7f00 | 0048 8386 | d800 0000 | 01be 0041 | 0000 0f1f 

  0x00007f4725f15aec: ;   {static_call}
  0x00007f4725f15aec: 4400 00e8 

  0x00007f4725f15af0: ; ImmutableOopMap {[272]=Oop }
                      ;*invokestatic glClear {reexecute=0 rethrow=0 return_oop=0}
                      ; - com.badlogic.gdx.backends.lwjgl.LwjglGL20::glClear@1 (line 151)
                      ; - age.of.civilizations2.jakowski.lukasz.AoCGame::render@303 (line 428)
  0x00007f4725f15af0: 8c14 4906 

  0x00007f4725f15af4: ;   {post_call_nop}
  0x00007f4725f15af4: 0f1f 8400 | 6c1b 0013 

  0x00007f4725f15afc: ;   {oop(a 'java/lang/Class'{0x000000070c010b18} = 'age/of/civilizations2/jakowski/lukasz/AoCGame')}
  0x00007f4725f15afc: 48bf 180b | 010c 0700 | 0000 4889 | bc24 4801 | 0000 8b77 | 7c48 c1e6 

  0x00007f4725f15b14: ;   {oop(a 'java/lang/Class'{0x00000007ffdff2d8} = 'age/of/civilizations2/jakowski/lukasz/CFG')}
  0x00007f4725f15b14: 0348 bbd8 | f2df ff07 | 0000 008b | 93fc 0600 | 008b 8384 | 0500 0048 | c1e0 0348 | 3b00 488b 
  0x00007f4725f15b34: ;   {metadata(method data for {method} {0x00007f46f042cb90} 'render' '()V' in 'age/of/civilizations2/jakowski/lukasz/AoCGame')}
  0x00007f4725f15b34: c849 b8e8 | 464c f146 | 7f00 008b | 4908 41ba | 0000 0040 | 4903 ca49 | 3b88 4006 | 0000 750d 
  0x00007f4725f15b54: 4983 8048 | 0600 0001 | e960 0000 | 0049 3b88 | 5006 0000 | 750d 4983 | 8058 0600 | 0001 e94a 
  0x00007f4725f15b74: 0000 0049 | 83b8 4006 | 0000 0075 | 1749 8988 | 4006 0000 | 49c7 8048 | 0600 0001 | 0000 00e9 
  0x00007f4725f15b94: 2900 0000 | 4983 b850 | 0600 0000 | 7517 4989 | 8850 0600 | 0049 c780 | 5806 0000 | 0100 0000 
  0x00007f4725f15bb4: e908 0000 | 0049 8380 | 3806 0000 | 018b 4858 | 48c1 e103 

  0x00007f4725f15bc8: ; implicit exception: dispatches to 0x00007f4725f1ad4b
  0x00007f4725f15bc8: 483b 014c 

  0x00007f4725f15bcc: ;   {metadata(method data for {method} {0x00007f46f042cb90} 'render' '()V' in 'age/of/civilizations2/jakowski/lukasz/AoCGame')}
  0x00007f4725f15bcc: 8bc1 49b9 | e846 4cf1 | 467f 0000 | 458b 4008 | 41ba 0000 | 0040 4d03 | c24d 3b81 | 7006 0000 
  0x00007f4725f15bec: 750d 4983 | 8178 0600 | 0001 e960 | 0000 004d | 3b81 8006 | 0000 750d | 4983 8188 | 0600 0001 
  0x00007f4725f15c0c: e94a 0000 | 0049 83b9 | 7006 0000 | 0075 174d | 8981 7006 | 0000 49c7 | 8178 0600 | 0001 0000 
  0x00007f4725f15c2c: 00e9 2900 | 0000 4983 | b980 0600 | 0000 7517 | 4d89 8180 | 0600 0049 | c781 8806 | 0000 0100 
  0x00007f4725f15c4c: 0000 e908 | 0000 0049 | 8381 6806 | 0000 01c5 | fa10 410c | 448b 8300 

  0x00007f4725f15c64: ;   {metadata(method data for {method} {0x00007f46f042cb90} 'render' '()V' in 'age/of/civilizations2/jakowski/lukasz/AoCGame')}
  0x00007f4725f15c64: 0700 0049 | b9e8 464c | f146 7f00 | 008b 4008 | 41ba 0000 | 0040 4903 | c249 3b81 | a006 0000 
  0x00007f4725f15c84: 750d 4983 | 81a8 0600 | 0001 e960 | 0000 0049 | 3b81 b006 | 0000 750d | 4983 81b8 | 0600 0001 
  0x00007f4725f15ca4: e94a 0000 | 0049 83b9 | a006 0000 | 0075 1749 | 8981 a006 | 0000 49c7 | 81a8 0600 | 0001 0000 
  0x00007f4725f15cc4: 00e9 2900 | 0000 4983 | b9b0 0600 | 0000 7517 | 4989 81b0 | 0600 0049 | c781 b806 | 0000 0100 
  0x00007f4725f15ce4: 0000 e908 | 0000 0049 | 8381 9806 

  0x00007f4725f15cf0: ;   {metadata(method data for {method} {0x00007f46f042cb90} 'render' '()V' in 'age/of/civilizations2/jakowski/lukasz/AoCGame')}
  0x00007f4725f15cf0: 0000 0148 | b8e8 464c | f146 7f00 | 008b 4908 | 41ba 0000 | 0040 4903 | ca48 3b88 | d006 0000 
  0x00007f4725f15d10: 750d 4883 | 80d8 0600 | 0001 e960 | 0000 0048 | 3b88 e006 | 0000 750d | 4883 80e8 | 0600 0001 
  0x00007f4725f15d30: e94a 0000 | 0048 83b8 | d006 0000 | 0075 1748 | 8988 d006 | 0000 48c7 | 80d8 0600 | 0001 0000 
  0x00007f4725f15d50: 00e9 2900 | 0000 4883 | b8e0 0600 | 0000 7517 | 4889 88e0 | 0600 0048 | c780 e806 | 0000 0100 
  0x00007f4725f15d70: 0000 e908 | 0000 0048 | 8380 c806 | 0000 0148 | 3b06 488b 

  0x00007f4725f15d84: ;   {metadata(method data for {method} {0x00007f46f042cb90} 'render' '()V' in 'age/of/civilizations2/jakowski/lukasz/AoCGame')}
  0x00007f4725f15d84: c648 b9e8 | 464c f146 | 7f00 008b | 4008 41ba | 0000 0040 | 4903 c248 | 3b81 0007 | 0000 750d 
  0x00007f4725f15da4: 4883 8108 | 0700 0001 | e960 0000 | 0048 3b81 | 1007 0000 | 750d 4883 | 8118 0700 | 0001 e94a 
  0x00007f4725f15dc4: 0000 0048 | 83b9 0007 | 0000 0075 | 1748 8981 | 0007 0000 | 48c7 8108 | 0700 0001 | 0000 00e9 
  0x00007f4725f15de4: 2900 0000 | 4883 b910 | 0700 0000 | 7517 4889 | 8110 0700 | 0048 c781 | 1807 0000 | 0100 0000 
  0x00007f4725f15e04: e908 0000 | 0048 8381 | f806 0000 | 01c5 f22a | cac5 f25e | c8c4 c16a | 2ad0 c5ea 

  0x00007f4725f15e20: ;   {metadata(method data for {method} {0x00007f46f0434c88} 'setWorldSize' '(FF)V' in 'com/badlogic/gdx/utils/viewport/Viewport')}
  0x00007f4725f15e20: 5ed0 48ba | 4850 dbf0 | 467f 0000 | 8b82 9000 | 0000 83c0 | 0289 8290 | 0000 0025 | feff 1f00 
  0x00007f4725f15e40: 85c0 0f84 | 0d4f 0000 | c5fa 114e | 0cc5 fa11 | 5610 488b 

  0x00007f4725f15e54: ;   {metadata(method data for {method} {0x00007f46f042cb90} 'render' '()V' in 'age/of/civilizations2/jakowski/lukasz/AoCGame')}
  0x00007f4725f15e54: d648 b8e8 | 464c f146 | 7f00 008b | 5208 41ba | 0000 0040 | 4903 d248 | 3b90 3007 | 0000 750d 
  0x00007f4725f15e74: 4883 8038 | 0700 0001 | e960 0000 | 0048 3b90 | 4007 0000 | 750d 4883 | 8048 0700 | 0001 e94a 
  0x00007f4725f15e94: 0000 0048 | 83b8 3007 | 0000 0075 | 1748 8990 | 3007 0000 | 48c7 8038 | 0700 0001 | 0000 00e9 
  0x00007f4725f15eb4: 2900 0000 | 4883 b840 | 0700 0000 | 7517 4889 | 9040 0700 | 0048 c780 | 4807 0000 | 0100 0000 
  0x00007f4725f15ed4: e908 0000 | 0048 8380 | 2807 0000 

  0x00007f4725f15ee0: ;   {metadata(method data for {method} {0x00007f46f0433e78} 'apply' '()V' in 'com/badlogic/gdx/utils/viewport/Viewport')}
  0x00007f4725f15ee0: 0148 ba80 | 5bdb f046 | 7f00 008b | 8290 0000 | 0083 c002 | 8982 9000 | 0000 25fe | ff1f 0085 
  0x00007f4725f15f00: c00f 846f | 4e00 0048 

  0x00007f4725f15f08: ;   {metadata(method data for {method} {0x00007f46f0433e78} 'apply' '()V' in 'com/badlogic/gdx/utils/viewport/Viewport')}
  0x00007f4725f15f08: 8bd6 48b8 | 805b dbf0 | 467f 0000 | 8b52 0841 | ba00 0000 | 4049 03d2 | 483b 90e0 | 0000 0075 
  0x00007f4725f15f28: 0d48 8380 | e800 0000 | 01e9 6000 | 0000 483b | 90f0 0000 | 0075 0d48 | 8380 f800 | 0000 01e9 
  0x00007f4725f15f48: 4a00 0000 | 4883 b8e0 | 0000 0000 | 7517 4889 | 90e0 0000 | 0048 c780 | e800 0000 | 0100 0000 
  0x00007f4725f15f68: e929 0000 | 0048 83b8 | f000 0000 | 0075 1748 | 8990 f000 | 0000 48c7 | 80f8 0000 | 0001 0000 
  0x00007f4725f15f88: 00e9 0800 | 0000 4883 | 80d8 0000 | 0001 ba00 | 0000 0048 | 899c 2450 | 0100 000f 

  0x00007f4725f15fa4: ;   {optimized virtual_call}
  0x00007f4725f15fa4: 1f40 00e8 

  0x00007f4725f15fa8: ; ImmutableOopMap {[272]=Oop [328]=Oop [336]=Oop }
                      ;*invokevirtual apply {reexecute=0 rethrow=0 return_oop=0}
                      ; - com.badlogic.gdx.utils.viewport.Viewport::apply@2 (line 43)
                      ; - age.of.civilizations2.jakowski.lukasz.AoCGame::render@345 (line 430)
  0x00007f4725f15fa8: 64ed dd05 

  0x00007f4725f15fac: ;   {post_call_nop}
  0x00007f4725f15fac: 0f1f 8400 | 2420 0014 | 488b bc24 | 4801 0000 | 8b77 7848 | c1e6 0348 | 8b9c 2450 | 0100 008b 
  0x00007f4725f15fcc: 93fc 0600 | 008b 8384 | 0500 0048 | c1e0 0348 | 3b00 488b 

  0x00007f4725f15fe0: ;   {metadata(method data for {method} {0x00007f46f042cb90} 'render' '()V' in 'age/of/civilizations2/jakowski/lukasz/AoCGame')}
  0x00007f4725f15fe0: c849 b8e8 | 464c f146 | 7f00 008b | 4908 41ba | 0000 0040 | 4903 ca49 | 3b88 6007 | 0000 750d 
  0x00007f4725f16000: 4983 8068 | 0700 0001 | e960 0000 | 0049 3b88 | 7007 0000 | 750d 4983 | 8078 0700 | 0001 e94a 
  0x00007f4725f16020: 0000 0049 | 83b8 6007 | 0000 0075 | 1749 8988 | 6007 0000 | 49c7 8068 | 0700 0001 | 0000 00e9 
  0x00007f4725f16040: 2900 0000 | 4983 b870 | 0700 0000 | 7517 4989 | 8870 0700 | 0049 c780 | 7807 0000 | 0100 0000 
  0x00007f4725f16060: e908 0000 | 0049 8380 | 5807 0000 | 018b 4858 | 48c1 e103 

  0x00007f4725f16074: ; implicit exception: dispatches to 0x00007f4725f1ad9c
  0x00007f4725f16074: 483b 014c 

  0x00007f4725f16078: ;   {metadata(method data for {method} {0x00007f46f042cb90} 'render' '()V' in 'age/of/civilizations2/jakowski/lukasz/AoCGame')}
  0x00007f4725f16078: 8bc1 49b9 | e846 4cf1 | 467f 0000 | 458b 4008 | 41ba 0000 | 0040 4d03 | c24d 3b81 | 9007 0000 
  0x00007f4725f16098: 750d 4983 | 8198 0700 | 0001 e960 | 0000 004d | 3b81 a007 | 0000 750d | 4983 81a8 | 0700 0001 
  0x00007f4725f160b8: e94a 0000 | 0049 83b9 | 9007 0000 | 0075 174d | 8981 9007 | 0000 49c7 | 8198 0700 | 0001 0000 
  0x00007f4725f160d8: 00e9 2900 | 0000 4983 | b9a0 0700 | 0000 7517 | 4d89 81a0 | 0700 0049 | c781 a807 | 0000 0100 
  0x00007f4725f160f8: 0000 e908 | 0000 0049 | 8381 8807 | 0000 01c5 | fa10 410c | 8b9b 0007 

  0x00007f4725f16110: ;   {metadata(method data for {method} {0x00007f46f042cb90} 'render' '()V' in 'age/of/civilizations2/jakowski/lukasz/AoCGame')}
  0x00007f4725f16110: 0000 49b8 | e846 4cf1 | 467f 0000 | 8b40 0841 | ba00 0000 | 4049 03c2 | 493b 80c0 | 0700 0075 
  0x00007f4725f16130: 0d49 8380 | c807 0000 | 01e9 6000 | 0000 493b | 80d0 0700 | 0075 0d49 | 8380 d807 | 0000 01e9 
  0x00007f4725f16150: 4a00 0000 | 4983 b8c0 | 0700 0000 | 7517 4989 | 80c0 0700 | 0049 c780 | c807 0000 | 0100 0000 
  0x00007f4725f16170: e929 0000 | 0049 83b8 | d007 0000 | 0075 1749 | 8980 d007 | 0000 49c7 | 80d8 0700 | 0001 0000 
  0x00007f4725f16190: 00e9 0800 | 0000 4983 | 80b8 0700 

  0x00007f4725f1619c: ;   {metadata(method data for {method} {0x00007f46f042cb90} 'render' '()V' in 'age/of/civilizations2/jakowski/lukasz/AoCGame')}
  0x00007f4725f1619c: 0001 48b8 | e846 4cf1 | 467f 0000 | 8b49 0841 | ba00 0000 | 4049 03ca | 483b 88f0 | 0700 0075 
  0x00007f4725f161bc: 0d48 8380 | f807 0000 | 01e9 6000 | 0000 483b | 8800 0800 | 0075 0d48 | 8380 0808 | 0000 01e9 
  0x00007f4725f161dc: 4a00 0000 | 4883 b8f0 | 0700 0000 | 7517 4889 | 88f0 0700 | 0048 c780 | f807 0000 | 0100 0000 
  0x00007f4725f161fc: e929 0000 | 0048 83b8 | 0008 0000 | 0075 1748 | 8988 0008 | 0000 48c7 | 8008 0800 | 0001 0000 
  0x00007f4725f1621c: 00e9 0800 | 0000 4883 | 80e8 0700 | 0001 483b | 0648 8bc6 

  0x00007f4725f16230: ;   {metadata(method data for {method} {0x00007f46f042cb90} 'render' '()V' in 'age/of/civilizations2/jakowski/lukasz/AoCGame')}
  0x00007f4725f16230: 48b9 e846 | 4cf1 467f | 0000 4883 | 8128 0800 | 0001 c5f2 | 2aca c5f2 | 5ec8 f7db | 488b d3c5 
  0x00007f4725f16250: ea2a d2c5 | ea5e d0ba | 0100 0000 | c5f8 28c1 | c5f8 28ca 

  0x00007f4725f16264: ;   {optimized virtual_call}
  0x00007f4725f16264: 6666 90e8 

  0x00007f4725f16268: ; ImmutableOopMap {[272]=Oop [328]=Oop }
                      ;*invokevirtual setToOrtho {reexecute=0 rethrow=0 return_oop=0}
                      ; - age.of.civilizations2.jakowski.lukasz.AoCGame::render@381 (line 431)
  0x00007f4725f16268: 444b dd05 

  0x00007f4725f1626c: ;   {post_call_nop}
  0x00007f4725f1626c: 0f1f 8400 | e422 0015 | 488b b424 | 1001 0000 | 8b7e 4c48 | c1e7 0348 | 89bc 2458 | 0100 0048 
  0x00007f4725f1628c: 8b9c 2448 | 0100 008b | 5b78 48c1 | e303 8b5b | 3048 c1e3 | 0348 3b07 

  0x00007f4725f162a4: ;   {metadata(method data for {method} {0x00007f46f042cb90} 'render' '()V' in 'age/of/civilizations2/jakowski/lukasz/AoCGame')}
  0x00007f4725f162a4: 488b c748 | bae8 464c | f146 7f00 | 0048 8382 | 5808 0000 

  0x00007f4725f162b8: ;   {metadata(method data for {method} {0x00007f46f06661b0} 'setProjectionMatrix' '(Lcom/badlogic/gdx/math/Matrix4;)V' in 'com/badlogic/gdx/graphics/g2d/SpriteBatch')}
  0x00007f4725f162b8: 0148 b8c8 | 5cdb f046 | 7f00 008b | 9090 0000 | 0083 c202 | 8990 9000 | 0000 81e2 | feff 1f00 
  0x00007f4725f162d8: 85d2 0f84 | d04a 0000 | 0fbe 4730 

  0x00007f4725f162e4: ;   {metadata(method data for {method} {0x00007f46f06661b0} 'setProjectionMatrix' '(Lcom/badlogic/gdx/math/Matrix4;)V' in 'com/badlogic/gdx/graphics/g2d/SpriteBatch')}
  0x00007f4725f162e4: 85c0 48b8 | c85c dbf0 | 467f 0000 | bad8 0000 | 0074 05ba | e800 0000 | 488b 0c10 | 488d 4901 
  0x00007f4725f16304: 4889 0c10 | 0f84 4e00 | 0000 4889 | 9c24 6001 | 0000 488b 

  0x00007f4725f16318: ;   {metadata(method data for {method} {0x00007f46f06661b0} 'setProjectionMatrix' '(Lcom/badlogic/gdx/math/Matrix4;)V' in 'com/badlogic/gdx/graphics/g2d/SpriteBatch')}
  0x00007f4725f16318: c748 bac8 | 5cdb f046 

  0x00007f4725f16320: ;   {metadata('com/badlogic/gdx/graphics/g2d/SpriteBatch')}
  0x00007f4725f16320: 7f00 0049 | ba00 6009 | 4100 0000 | 004c 8992 | 0001 0000 | 4883 8208 | 0100 0001 

  0x00007f4725f1633c: ;   {optimized virtual_call}
  0x00007f4725f1633c: 488b f7e8 

  0x00007f4725f16340: ; ImmutableOopMap {[272]=Oop [344]=Oop [352]=Oop }
                      ;*invokevirtual flush {reexecute=0 rethrow=0 return_oop=0}
                      ; - com.badlogic.gdx.graphics.g2d.SpriteBatch::setProjectionMatrix@8 (line 1030)
                      ; - age.of.civilizations2.jakowski.lukasz.AoCGame::render@394 (line 432)
  0x00007f4725f16340: cc7a be05 

  0x00007f4725f16344: ;   {post_call_nop}
  0x00007f4725f16344: 0f1f 8400 | bc23 0016 | 488b 9c24 | 6001 0000 | 488b bc24 | 5801 0000 | 8b77 4448 | c1e6 0348 
  0x00007f4725f16364: 3b06 488b 

  0x00007f4725f16368: ;   {metadata(method data for {method} {0x00007f46f06661b0} 'setProjectionMatrix' '(Lcom/badlogic/gdx/math/Matrix4;)V' in 'com/badlogic/gdx/graphics/g2d/SpriteBatch')}
  0x00007f4725f16368: d648 b8c8 | 5cdb f046 | 7f00 0048 | 8380 3801 

  0x00007f4725f16378: ;   {metadata(method data for {method} {0x00007f46f0642028} 'set' '(Lcom/badlogic/gdx/math/Matrix4;)Lcom/badlogic/gdx/math/Matrix4;' in 'com/badlogic/gdx/math/Matrix4')}
  0x00007f4725f16378: 0000 0148 | bad8 c7d8 | f046 7f00 | 008b 8290 | 0000 0083 | c002 8982 | 9000 0000 | 25fe ff1f 
  0x00007f4725f16398: 0085 c00f | 8435 4a00 | 008b 530c | 48c1 e203 

  0x00007f4725f163a8: ;   {metadata(method data for {method} {0x00007f46f0642028} 'set' '(Lcom/badlogic/gdx/math/Matrix4;)Lcom/badlogic/gdx/math/Matrix4;' in 'com/badlogic/gdx/math/Matrix4')}
  0x00007f4725f163a8: 488b de48 | b8d8 c7d8 | f046 7f00 | 0048 8380 | e800 0000 

  0x00007f4725f163bc: ;   {optimized virtual_call}
  0x00007f4725f163bc: 0166 90e8 

  0x00007f4725f163c0: ; ImmutableOopMap {[272]=Oop [344]=Oop }
                      ;*invokevirtual set {reexecute=0 rethrow=0 return_oop=0}
                      ; - com.badlogic.gdx.math.Matrix4::set@5 (line 117)
                      ; - com.badlogic.gdx.graphics.g2d.SpriteBatch::setProjectionMatrix@16 (line 1031)
                      ; - age.of.civilizations2.jakowski.lukasz.AoCGame::render@394 (line 432)
  0x00007f4725f163c0: cc7a bf05 

  0x00007f4725f163c4: ;   {post_call_nop}
  0x00007f4725f163c4: 0f1f 8400 | 3c24 0017 | 488b bc24 | 5801 0000 | 0fbe 7730 

  0x00007f4725f163d8: ;   {metadata(method data for {method} {0x00007f46f06661b0} 'setProjectionMatrix' '(Lcom/badlogic/gdx/math/Matrix4;)V' in 'com/badlogic/gdx/graphics/g2d/SpriteBatch')}
  0x00007f4725f163d8: 85f6 48be | c85c dbf0 | 467f 0000 | bb58 0100 | 0074 05bb | 6801 0000 | 488b 041e | 488d 4001 
  0x00007f4725f163f8: 4889 041e | 0f84 2a00 | 0000 488b 

  0x00007f4725f16404: ;   {metadata(method data for {method} {0x00007f46f06661b0} 'setProjectionMatrix' '(Lcom/badlogic/gdx/math/Matrix4;)V' in 'com/badlogic/gdx/graphics/g2d/SpriteBatch')}
  0x00007f4725f16404: f748 bbc8 | 5cdb f046 | 7f00 0048 | 8383 7801 | 0000 0148 | 8bf7 0f1f 

  0x00007f4725f1641c: ;   {optimized virtual_call}
  0x00007f4725f1641c: 4400 00e8 

  0x00007f4725f16420: ; ImmutableOopMap {[272]=Oop }
                      ;*invokespecial setupMatrices {reexecute=0 rethrow=0 return_oop=0}
                      ; - com.badlogic.gdx.graphics.g2d.SpriteBatch::setProjectionMatrix@28 (line 1032)
                      ; - age.of.civilizations2.jakowski.lukasz.AoCGame::render@394 (line 432)
  0x00007f4725f16420: bce5 4605 

  0x00007f4725f16424: ;   {post_call_nop}
  0x00007f4725f16424: 0f1f 8400 | 9c24 0018 | 488b b424 | 1001 0000 | 8b7e 4c48 | c1e7 0348 | 3b07 488b 

  0x00007f4725f16440: ;   {metadata(method data for {method} {0x00007f46f042cb90} 'render' '()V' in 'age/of/civilizations2/jakowski/lukasz/AoCGame')}
  0x00007f4725f16440: df48 b8e8 | 464c f146 | 7f00 0048 | 8380 8808 | 0000 0148 

  0x00007f4725f16454: ;   {optimized virtual_call}
  0x00007f4725f16454: 8bf7 90e8 

  0x00007f4725f16458: ; ImmutableOopMap {[272]=Oop }
                      ;*invokevirtual begin {reexecute=0 rethrow=0 return_oop=0}
                      ; - age.of.civilizations2.jakowski.lukasz.AoCGame::render@401 (line 433)
  0x00007f4725f16458: b4ae d405 

  0x00007f4725f1645c: ;   {post_call_nop}
  0x00007f4725f1645c: 0f1f 8400 | d424 0019 | 488b b424 | 1001 0000 | 8b7e 4c48 

  0x00007f4725f16470: ;   {oop(a 'java/lang/Class'{0x000000070c010b18} = 'age/of/civilizations2/jakowski/lukasz/AoCGame')}
  0x00007f4725f16470: c1e7 0348 | bb18 0b01 | 0c07 0000 | 0048 899c | 2468 0100 | 008b 9384 | 0000 0048 | c1e2 0348 
  0x00007f4725f16490: 3b07 488b 

  0x00007f4725f16494: ;   {metadata(method data for {method} {0x00007f46f042cb90} 'render' '()V' in 'age/of/civilizations2/jakowski/lukasz/AoCGame')}
  0x00007f4725f16494: c748 b9e8 | 464c f146 | 7f00 0048 | 8381 b808 | 0000 0148 | 8bf7 0f1f 

  0x00007f4725f164ac: ;   {optimized virtual_call}
  0x00007f4725f164ac: 4400 00e8 

  0x00007f4725f164b0: ; ImmutableOopMap {[272]=Oop [360]=Oop }
                      ;*invokevirtual setShader {reexecute=0 rethrow=0 return_oop=0}
                      ; - age.of.civilizations2.jakowski.lukasz.AoCGame::render@411 (line 434)
  0x00007f4725f164b0: dc80 fb05 

  0x00007f4725f164b4: ;   {post_call_nop}
  0x00007f4725f164b4: 0f1f 8400 | 2c25 001a | 488b b424 | 1001 0000 | 8b7e 4c48 

  0x00007f4725f164c8: ;   {metadata(method data for {method} {0x00007f46f042cb90} 'render' '()V' in 'age/of/civilizations2/jakowski/lukasz/AoCGame')}
  0x00007f4725f164c8: c1e7 0348 | bbe8 464c | f146 7f00 | 0048 8383 | d808 0000 | 0148 8bf7 | 0f1f 8000 

  0x00007f4725f164e4: ;   {static_call}
  0x00007f4725f164e4: 0000 00e8 

  0x00007f4725f164e8: ; ImmutableOopMap {[272]=Oop [360]=Oop }
                      ;*invokestatic draw {reexecute=0 rethrow=0 return_oop=0}
                      ; - age.of.civilizations2.jakowski.lukasz.AoCGame::render@418 (line 435)
  0x00007f4725f164e8: 945d 4906 

  0x00007f4725f164ec: ;   {post_call_nop}
  0x00007f4725f164ec: 0f1f 8400 | 6425 001b | 488b b424 | 1001 0000 | 8b7e 4c48 | c1e7 0348 | 3b07 488b 

  0x00007f4725f16508: ;   {metadata(method data for {method} {0x00007f46f042cb90} 'render' '()V' in 'age/of/civilizations2/jakowski/lukasz/AoCGame')}
  0x00007f4725f16508: df48 b8e8 | 464c f146 | 7f00 0048 | 8380 f808 | 0000 0148 

  0x00007f4725f1651c: ;   {optimized virtual_call}
  0x00007f4725f1651c: 8bf7 90e8 

  0x00007f4725f16520: ; ImmutableOopMap {[272]=Oop [360]=Oop }
                      ;*invokevirtual end {reexecute=0 rethrow=0 return_oop=0}
                      ; - age.of.civilizations2.jakowski.lukasz.AoCGame::render@425 (line 436)
  0x00007f4725f16520: ecb3 d405 

  0x00007f4725f16524: ;   {post_call_nop}
  0x00007f4725f16524: 0f1f 8400 | 9c25 001c | 488b 9c24 | 6801 0000 | 8b73 7848 

  0x00007f4725f16538: ;   {oop(a 'java/lang/Class'{0x00000007ffdff2d8} = 'age/of/civilizations2/jakowski/lukasz/CFG')}
  0x00007f4725f16538: c1e6 0348 | bfd8 f2df | ff07 0000 | 008b 97fc | 0600 008b | 8700 0700 | 0048 3b06 

  0x00007f4725f16554: ;   {metadata(method data for {method} {0x00007f46f042cb90} 'render' '()V' in 'age/of/civilizations2/jakowski/lukasz/AoCGame')}
  0x00007f4725f16554: 488b ce49 | b8e8 464c | f146 7f00 | 0049 8380 | 2809 0000 | 01c5 fa2a | c2f7 d848 | 8bd0 c5f2 
  0x00007f4725f16574: 2aca ba00 | 0000 0048 | 89bc 2470 | 0100 000f 

  0x00007f4725f16584: ;   {optimized virtual_call}
  0x00007f4725f16584: 1f40 00e8 

  0x00007f4725f16588: ; ImmutableOopMap {[272]=Oop [360]=Oop [368]=Oop }
                      ;*invokevirtual setToOrtho {reexecute=0 rethrow=0 return_oop=0}
                      ; - age.of.civilizations2.jakowski.lukasz.AoCGame::render@441 (line 437)
  0x00007f4725f16588: 2448 dd05 

  0x00007f4725f1658c: ;   {post_call_nop}
  0x00007f4725f1658c: 0f1f 8400 | 0426 001d | 488b 9c24 | 6801 0000 | 8b73 7c48 | c1e6 0348 | 8bbc 2470 | 0100 008b 
  0x00007f4725f165ac: 97fc 0600 | 008b bf00 | 0700 0048 | 3b06 488b 

  0x00007f4725f165bc: ;   {metadata(method data for {method} {0x00007f46f042cb90} 'render' '()V' in 'age/of/civilizations2/jakowski/lukasz/AoCGame')}
  0x00007f4725f165bc: c648 b9e8 | 464c f146 | 7f00 008b | 4008 41ba | 0000 0040 | 4903 c248 | 3b81 5009 | 0000 750d 
  0x00007f4725f165dc: 4883 8158 | 0900 0001 | e960 0000 | 0048 3b81 | 6009 0000 | 750d 4883 | 8168 0900 | 0001 e94a 
  0x00007f4725f165fc: 0000 0048 | 83b9 5009 | 0000 0075 | 1748 8981 | 5009 0000 | 48c7 8158 | 0900 0001 | 0000 00e9 
  0x00007f4725f1661c: 2900 0000 | 4883 b960 | 0900 0000 | 7517 4889 | 8160 0900 | 0048 c781 | 6809 0000 | 0100 0000 
  0x00007f4725f1663c: e908 0000 | 0048 8381 | 4809 0000 | 01c5 fa2a | c2c5 f22a 

  0x00007f4725f16650: ;   {metadata(method data for {method} {0x00007f46f0434c88} 'setWorldSize' '(FF)V' in 'com/badlogic/gdx/utils/viewport/Viewport')}
  0x00007f4725f16650: cf48 ba48 | 50db f046 | 7f00 008b | ba90 0000 | 0083 c702 | 89ba 9000 | 0000 81e7 | feff 1f00 
  0x00007f4725f16670: 85ff 0f84 | 9d47 0000 | c5fa 1146 | 0cc5 fa11 | 4e10 488b 

  0x00007f4725f16684: ;   {metadata(method data for {method} {0x00007f46f042cb90} 'render' '()V' in 'age/of/civilizations2/jakowski/lukasz/AoCGame')}
  0x00007f4725f16684: d648 bfe8 | 464c f146 | 7f00 008b | 5208 41ba | 0000 0040 | 4903 d248 | 3b97 8009 | 0000 750d 
  0x00007f4725f166a4: 4883 8788 | 0900 0001 | e960 0000 | 0048 3b97 | 9009 0000 | 750d 4883 | 8798 0900 | 0001 e94a 
  0x00007f4725f166c4: 0000 0048 | 83bf 8009 | 0000 0075 | 1748 8997 | 8009 0000 | 48c7 8788 | 0900 0001 | 0000 00e9 
  0x00007f4725f166e4: 2900 0000 | 4883 bf90 | 0900 0000 | 7517 4889 | 9790 0900 | 0048 c787 | 9809 0000 | 0100 0000 
  0x00007f4725f16704: e908 0000 | 0048 8387 | 7809 0000 

  0x00007f4725f16710: ;   {metadata(method data for {method} {0x00007f46f0433e78} 'apply' '()V' in 'com/badlogic/gdx/utils/viewport/Viewport')}
  0x00007f4725f16710: 0148 ba80 | 5bdb f046 | 7f00 008b | ba90 0000 | 0083 c702 | 89ba 9000 | 0000 81e7 | feff 1f00 
  0x00007f4725f16730: 85ff 0f84 | fe46 0000 

  0x00007f4725f16738: ;   {metadata(method data for {method} {0x00007f46f0433e78} 'apply' '()V' in 'com/badlogic/gdx/utils/viewport/Viewport')}
  0x00007f4725f16738: 488b d648 | bf80 5bdb | f046 7f00 | 008b 5208 | 41ba 0000 | 0040 4903 | d248 3b97 | e000 0000 
  0x00007f4725f16758: 750d 4883 | 87e8 0000 | 0001 e960 | 0000 0048 | 3b97 f000 | 0000 750d | 4883 87f8 | 0000 0001 
  0x00007f4725f16778: e94a 0000 | 0048 83bf | e000 0000 | 0075 1748 | 8997 e000 | 0000 48c7 | 87e8 0000 | 0001 0000 
  0x00007f4725f16798: 00e9 2900 | 0000 4883 | bff0 0000 | 0000 7517 | 4889 97f0 | 0000 0048 | c787 f800 | 0000 0100 
  0x00007f4725f167b8: 0000 e908 | 0000 0048 | 8387 d800 | 0000 01ba | 0000 0000 

  0x00007f4725f167cc: ;   {optimized virtual_call}
  0x00007f4725f167cc: 6666 90e8 

  0x00007f4725f167d0: ; ImmutableOopMap {[272]=Oop [360]=Oop }
                      ;*invokevirtual apply {reexecute=0 rethrow=0 return_oop=0}
                      ; - com.badlogic.gdx.utils.viewport.Viewport::apply@2 (line 43)
                      ; - age.of.civilizations2.jakowski.lukasz.AoCGame::render@461 (line 439)
  0x00007f4725f167d0: 3ce5 dd05 

  0x00007f4725f167d4: ;   {post_call_nop}
  0x00007f4725f167d4: 0f1f 8400 | 4c28 001e | 488b b424 | 1001 0000 | 8b7e 4c48 | c1e7 0348 | 89bc 2478 | 0100 0048 
  0x00007f4725f167f4: 8b9c 2468 | 0100 008b | 5b78 48c1 | e303 8b5b | 3048 c1e3 | 0348 3b07 

  0x00007f4725f1680c: ;   {metadata(method data for {method} {0x00007f46f042cb90} 'render' '()V' in 'age/of/civilizations2/jakowski/lukasz/AoCGame')}
  0x00007f4725f1680c: 488b c748 | bae8 464c | f146 7f00 | 0048 8382 | b809 0000 

  0x00007f4725f16820: ;   {metadata(method data for {method} {0x00007f46f06661b0} 'setProjectionMatrix' '(Lcom/badlogic/gdx/math/Matrix4;)V' in 'com/badlogic/gdx/graphics/g2d/SpriteBatch')}
  0x00007f4725f16820: 0148 b8c8 | 5cdb f046 | 7f00 008b | 9090 0000 | 0083 c202 | 8990 9000 | 0000 81e2 | feff 1f00 
  0x00007f4725f16840: 85d2 0f84 | 1946 0000 | 0fbe 4730 

  0x00007f4725f1684c: ;   {metadata(method data for {method} {0x00007f46f06661b0} 'setProjectionMatrix' '(Lcom/badlogic/gdx/math/Matrix4;)V' in 'com/badlogic/gdx/graphics/g2d/SpriteBatch')}
  0x00007f4725f1684c: 85c0 48b8 | c85c dbf0 | 467f 0000 | bad8 0000 | 0074 05ba | e800 0000 | 488b 0c10 | 488d 4901 
  0x00007f4725f1686c: 4889 0c10 | 0f84 4e00 | 0000 4889 | 9c24 8001 | 0000 488b 

  0x00007f4725f16880: ;   {metadata(method data for {method} {0x00007f46f06661b0} 'setProjectionMatrix' '(Lcom/badlogic/gdx/math/Matrix4;)V' in 'com/badlogic/gdx/graphics/g2d/SpriteBatch')}
  0x00007f4725f16880: c748 bac8 | 5cdb f046 

  0x00007f4725f16888: ;   {metadata('com/badlogic/gdx/graphics/g2d/SpriteBatch')}
  0x00007f4725f16888: 7f00 0049 | ba00 6009 | 4100 0000 | 004c 8992 | 0001 0000 | 4883 8208 | 0100 0001 

  0x00007f4725f168a4: ;   {optimized virtual_call}
  0x00007f4725f168a4: 488b f7e8 

  0x00007f4725f168a8: ; ImmutableOopMap {[272]=Oop [376]=Oop [384]=Oop }
                      ;*invokevirtual flush {reexecute=0 rethrow=0 return_oop=0}
                      ; - com.badlogic.gdx.graphics.g2d.SpriteBatch::setProjectionMatrix@8 (line 1030)
                      ; - age.of.civilizations2.jakowski.lukasz.AoCGame::render@474 (line 440)
  0x00007f4725f168a8: 34e1 4605 

  0x00007f4725f168ac: ;   {post_call_nop}
  0x00007f4725f168ac: 0f1f 8400 | 2429 001f | 488b 9c24 | 8001 0000 | 488b bc24 | 7801 0000 | 8b77 4448 | c1e6 0348 
  0x00007f4725f168cc: 3b06 488b 

  0x00007f4725f168d0: ;   {metadata(method data for {method} {0x00007f46f06661b0} 'setProjectionMatrix' '(Lcom/badlogic/gdx/math/Matrix4;)V' in 'com/badlogic/gdx/graphics/g2d/SpriteBatch')}
  0x00007f4725f168d0: d648 b8c8 | 5cdb f046 | 7f00 0048 | 8380 3801 

  0x00007f4725f168e0: ;   {metadata(method data for {method} {0x00007f46f0642028} 'set' '(Lcom/badlogic/gdx/math/Matrix4;)Lcom/badlogic/gdx/math/Matrix4;' in 'com/badlogic/gdx/math/Matrix4')}
  0x00007f4725f168e0: 0000 0148 | bad8 c7d8 | f046 7f00 | 008b 8290 | 0000 0083 | c002 8982 | 9000 0000 | 25fe ff1f 
  0x00007f4725f16900: 0085 c00f | 847e 4500 | 008b 530c | 48c1 e203 

  0x00007f4725f16910: ;   {metadata(method data for {method} {0x00007f46f0642028} 'set' '(Lcom/badlogic/gdx/math/Matrix4;)Lcom/badlogic/gdx/math/Matrix4;' in 'com/badlogic/gdx/math/Matrix4')}
  0x00007f4725f16910: 488b de48 | b8d8 c7d8 | f046 7f00 | 0048 8380 | e800 0000 

  0x00007f4725f16924: ;   {optimized virtual_call}
  0x00007f4725f16924: 0166 90e8 

  0x00007f4725f16928: ; ImmutableOopMap {[272]=Oop [376]=Oop }
                      ;*invokevirtual set {reexecute=0 rethrow=0 return_oop=0}
                      ; - com.badlogic.gdx.math.Matrix4::set@5 (line 117)
                      ; - com.badlogic.gdx.graphics.g2d.SpriteBatch::setProjectionMatrix@16 (line 1031)
                      ; - age.of.civilizations2.jakowski.lukasz.AoCGame::render@474 (line 440)
  0x00007f4725f16928: 6475 bf05 

  0x00007f4725f1692c: ;   {post_call_nop}
  0x00007f4725f1692c: 0f1f 8400 | a429 0020 | 488b bc24 | 7801 0000 | 0fbe 7730 

  0x00007f4725f16940: ;   {metadata(method data for {method} {0x00007f46f06661b0} 'setProjectionMatrix' '(Lcom/badlogic/gdx/math/Matrix4;)V' in 'com/badlogic/gdx/graphics/g2d/SpriteBatch')}
  0x00007f4725f16940: 85f6 48be | c85c dbf0 | 467f 0000 | bb58 0100 | 0074 05bb | 6801 0000 | 488b 041e | 488d 4001 
  0x00007f4725f16960: 4889 041e | 0f84 2a00 | 0000 488b 

  0x00007f4725f1696c: ;   {metadata(method data for {method} {0x00007f46f06661b0} 'setProjectionMatrix' '(Lcom/badlogic/gdx/math/Matrix4;)V' in 'com/badlogic/gdx/graphics/g2d/SpriteBatch')}
  0x00007f4725f1696c: f748 bbc8 | 5cdb f046 | 7f00 0048 | 8383 7801 | 0000 0148 | 8bf7 0f1f 

  0x00007f4725f16984: ;   {optimized virtual_call}
  0x00007f4725f16984: 4400 00e8 

  0x00007f4725f16988: ; ImmutableOopMap {[272]=Oop }
                      ;*invokespecial setupMatrices {reexecute=0 rethrow=0 return_oop=0}
                      ; - com.badlogic.gdx.graphics.g2d.SpriteBatch::setProjectionMatrix@28 (line 1032)
                      ; - age.of.civilizations2.jakowski.lukasz.AoCGame::render@474 (line 440)
  0x00007f4725f16988: 54e0 4605 

  0x00007f4725f1698c: ;   {post_call_nop}
  0x00007f4725f1698c: 0f1f 8400 | 042a 0021 | 488b b424 | 1001 0000 | 8b7e 4c48 | c1e7 0348 | 3b07 488b 

  0x00007f4725f169a8: ;   {metadata(method data for {method} {0x00007f46f042cb90} 'render' '()V' in 'age/of/civilizations2/jakowski/lukasz/AoCGame')}
  0x00007f4725f169a8: df48 b8e8 | 464c f146 | 7f00 0048 | 8380 e809 | 0000 0148 

  0x00007f4725f169bc: ;   {optimized virtual_call}
  0x00007f4725f169bc: 8bf7 90e8 

  0x00007f4725f169c0: ; ImmutableOopMap {[272]=Oop }
                      ;*invokevirtual begin {reexecute=0 rethrow=0 return_oop=0}
                      ; - age.of.civilizations2.jakowski.lukasz.AoCGame::render@481 (line 441)
  0x00007f4725f169c0: 4ca9 d405 

  0x00007f4725f169c4: ;   {post_call_nop}
  0x00007f4725f169c4: 0f1f 8400 | 3c2a 0022 | 488b b424 | 1001 0000 | 8b7e 4c48 

  0x00007f4725f169d8: ;   {metadata(method data for {method} {0x00007f46f042cb90} 'render' '()V' in 'age/of/civilizations2/jakowski/lukasz/AoCGame')}
  0x00007f4725f169d8: c1e7 0348 | bae8 464c | f146 7f00 | 0048 8382 | 080a 0000 

  0x00007f4725f169ec: ;   {metadata(method data for {method} {0x00007f46f0ac9e78} 'drawWithoutScale' '(Lcom/badlogic/gdx/graphics/g2d/SpriteBatch;)V' in 'age/of/civilizations2/jakowski/lukasz/Game_Render')}
  0x00007f4725f169ec: 0148 bae8 | 744c f146 | 7f00 008b | 9a90 0000 | 0083 c302 | 899a 9000 | 0000 81e3 | feff 1f00 
  0x00007f4725f16a0c: 85db 0f84 | 9e44 0000 

  0x00007f4725f16a14: ;   {oop(a 'java/lang/Class'{0x00000007ffdff2d8} = 'age/of/civilizations2/jakowski/lukasz/CFG')}
  0x00007f4725f16a14: 48bb d8f2 | dfff 0700 | 0000 4889 | 9c24 8801 | 0000 8b83 | dc05 0000 | 48c1 e003 

  0x00007f4725f16a30: ; implicit exception: dispatches to 0x00007f4725f1aed3
  0x00007f4725f16a30: 483b 0048 

  0x00007f4725f16a34: ;   {metadata(method data for {method} {0x00007f46f0ac9e78} 'drawWithoutScale' '(Lcom/badlogic/gdx/graphics/g2d/SpriteBatch;)V' in 'age/of/civilizations2/jakowski/lukasz/Game_Render')}
  0x00007f4725f16a34: 8bd0 48b9 | e874 4cf1 | 467f 0000 | 8b52 0841 | ba00 0000 | 4049 03d2 | 483b 91e0 | 0000 0075 
  0x00007f4725f16a54: 0d48 8381 | e800 0000 | 01e9 6000 | 0000 483b | 91f0 0000 | 0075 0d48 | 8381 f800 | 0000 01e9 
  0x00007f4725f16a74: 4a00 0000 | 4883 b9e0 | 0000 0000 | 7517 4889 | 91e0 0000 | 0048 c781 | e800 0000 | 0100 0000 
  0x00007f4725f16a94: e929 0000 | 0048 83b9 | f000 0000 | 0075 1748 | 8991 f000 | 0000 48c7 | 81f8 0000 | 0001 0000 
  0x00007f4725f16ab4: 00e9 0800 | 0000 4883 | 81d8 0000 | 0001 488b | d748 8bf0 | 4889 bc24 | 9001 0000 | 0f1f 8000 
  0x00007f4725f16ad4: ;   {optimized virtual_call}
  0x00007f4725f16ad4: 0000 00e8 

  0x00007f4725f16ad8: ; ImmutableOopMap {[272]=Oop [392]=Oop [400]=Oop }
                      ;*invokevirtual generateFlags {reexecute=0 rethrow=0 return_oop=0}
                      ; - age.of.civilizations2.jakowski.lukasz.Game_Render::drawWithoutScale@4 (line 95)
                      ; - age.of.civilizations2.jakowski.lukasz.AoCGame::render@488 (line 442)
  0x00007f4725f16ad8: 4453 e6ff 

  0x00007f4725f16adc: ;   {post_call_nop}
  0x00007f4725f16adc: 0f1f 8400 | 542b 0023 | 488b 9c24 | 8801 0000 | 8bb3 9405 | 0000 48c1 | e603 483b | 0648 8bd6 
  0x00007f4725f16afc: ;   {metadata(method data for {method} {0x00007f46f0ac9e78} 'drawWithoutScale' '(Lcom/badlogic/gdx/graphics/g2d/SpriteBatch;)V' in 'age/of/civilizations2/jakowski/lukasz/Game_Render')}
  0x00007f4725f16afc: 48bf e874 | 4cf1 467f | 0000 8b52 | 0841 ba00 | 0000 4049 | 03d2 483b | 9710 0100 | 0075 0d48 
  0x00007f4725f16b1c: 8387 1801 | 0000 01e9 | 6000 0000 | 483b 9720 | 0100 0075 | 0d48 8387 | 2801 0000 | 01e9 4a00 
  0x00007f4725f16b3c: 0000 4883 | bf10 0100 | 0000 7517 | 4889 9710 | 0100 0048 | c787 1801 | 0000 0100 | 0000 e929 
  0x00007f4725f16b5c: 0000 0048 | 83bf 2001 | 0000 0075 | 1748 8997 | 2001 0000 | 48c7 8728 | 0100 0001 | 0000 00e9 
  0x00007f4725f16b7c: 0800 0000 | 4883 8708 | 0100 0001 | 488b 9424 | 9001 0000 | 0f1f 8000 

  0x00007f4725f16b94: ;   {optimized virtual_call}
  0x00007f4725f16b94: 0000 00e8 

  0x00007f4725f16b98: ; ImmutableOopMap {[272]=Oop [392]=Oop [400]=Oop }
                      ;*invokevirtual updateLoadArmiesWidth_ErrorIDs {reexecute=0 rethrow=0 return_oop=0}
                      ; - age.of.civilizations2.jakowski.lukasz.Game_Render::drawWithoutScale@11 (line 96)
                      ; - age.of.civilizations2.jakowski.lukasz.AoCGame::render@488 (line 442)
  0x00007f4725f16b98: f4c9 4b06 

  0x00007f4725f16b9c: ;   {post_call_nop}
  0x00007f4725f16b9c: 0f1f 8400 | 142c 0024 

  0x00007f4725f16ba4: ;   {oop(a 'java/lang/Class'{0x00000007ffd163f8} = 'age/of/civilizations2/jakowski/lukasz/Game_Render')}
  0x00007f4725f16ba4: 48ba f863 | d1ff 0700 | 0000 8b72 | 7848 c1e6 | 0348 3b06 

  0x00007f4725f16bb8: ;   {metadata(method data for {method} {0x00007f46f0ac9e78} 'drawWithoutScale' '(Lcom/badlogic/gdx/graphics/g2d/SpriteBatch;)V' in 'age/of/civilizations2/jakowski/lukasz/Game_Render')}
  0x00007f4725f16bb8: 488b d648 | bfe8 744c | f146 7f00 | 008b 5208 | 41ba 0000 | 0040 4903 | d248 3b97 | 4001 0000 
  0x00007f4725f16bd8: 750d 4883 | 8748 0100 | 0001 e960 | 0000 0048 | 3b97 5001 | 0000 750d | 4883 8758 | 0100 0001 
  0x00007f4725f16bf8: e94a 0000 | 0048 83bf | 4001 0000 | 0075 1748 | 8997 4001 | 0000 48c7 | 8748 0100 | 0001 0000 
  0x00007f4725f16c18: 00e9 2900 | 0000 4883 | bf50 0100 | 0000 7517 | 4889 9750 | 0100 0048 | c787 5801 | 0000 0100 
  0x00007f4725f16c38: 0000 e908 | 0000 0048 | 8387 3801 | 0000 0148 | 8b94 2490 | 0100 0066 | 0f1f 4400 | 0048 b878 
  0x00007f4725f16c58: 1ad4 0147 

  0x00007f4725f16c5c: ;   {virtual_call}
  0x00007f4725f16c5c: 7f00 00e8 

  0x00007f4725f16c60: ; ImmutableOopMap {[272]=Oop [392]=Oop }
                      ;*invokeinterface drawWithoutScale {reexecute=0 rethrow=0 return_oop=0}
                      ; - age.of.civilizations2.jakowski.lukasz.Game_Render::drawWithoutScale@18 (line 97)
                      ; - age.of.civilizations2.jakowski.lukasz.AoCGame::render@488 (line 442)
  0x00007f4725f16c60: fc5b 5605 

  0x00007f4725f16c64: ;   {post_call_nop}
  0x00007f4725f16c64: 0f1f 8400 | dc2c 0025 | 488b b424 | 1001 0000 | 8b7e 4c48 | c1e7 0348 | 3b07 488b 

  0x00007f4725f16c80: ;   {metadata(method data for {method} {0x00007f46f042cb90} 'render' '()V' in 'age/of/civilizations2/jakowski/lukasz/AoCGame')}
  0x00007f4725f16c80: df48 b8e8 | 464c f146 | 7f00 0048 | 8380 280a | 0000 0148 

  0x00007f4725f16c94: ;   {optimized virtual_call}
  0x00007f4725f16c94: 8bf7 90e8 

  0x00007f4725f16c98: ; ImmutableOopMap {[272]=Oop [392]=Oop }
                      ;*invokevirtual end {reexecute=0 rethrow=0 return_oop=0}
                      ; - age.of.civilizations2.jakowski.lukasz.AoCGame::render@495 (line 443)
  0x00007f4725f16c98: 74ac d405 

  0x00007f4725f16c9c: ;   {post_call_nop}
  0x00007f4725f16c9c: 0f1f 8400 | 142d 0026 

  0x00007f4725f16ca4: ;   {oop(a 'java/lang/Class'{0x000000070c010b18} = 'age/of/civilizations2/jakowski/lukasz/AoCGame')}
  0x00007f4725f16ca4: 48bf 180b | 010c 0700 | 0000 4889 | bc24 9801 | 0000 8b77 | 7c48 c1e6 | 0348 8b9c | 2488 0100 
  0x00007f4725f16cc4: 008b 93fc | 0600 008b | 8384 0500 | 0048 c1e0 | 0348 3b00 

  0x00007f4725f16cd8: ;   {metadata(method data for {method} {0x00007f46f042cb90} 'render' '()V' in 'age/of/civilizations2/jakowski/lukasz/AoCGame')}
  0x00007f4725f16cd8: 488b c849 | b8e8 464c | f146 7f00 | 008b 4908 | 41ba 0000 | 0040 4903 | ca49 3b88 | 500a 0000 
  0x00007f4725f16cf8: 750d 4983 | 8058 0a00 | 0001 e960 | 0000 0049 | 3b88 600a | 0000 750d | 4983 8068 | 0a00 0001 
  0x00007f4725f16d18: e94a 0000 | 0049 83b8 | 500a 0000 | 0075 1749 | 8988 500a | 0000 49c7 | 8058 0a00 | 0001 0000 
  0x00007f4725f16d38: 00e9 2900 | 0000 4983 | b860 0a00 | 0000 7517 | 4989 8860 | 0a00 0049 | c780 680a | 0000 0100 
  0x00007f4725f16d58: 0000 e908 | 0000 0049 | 8380 480a | 0000 018b | 4858 48c1 | e103 483b | 014c 8bc1 

  0x00007f4725f16d74: ;   {metadata(method data for {method} {0x00007f46f042cb90} 'render' '()V' in 'age/of/civilizations2/jakowski/lukasz/AoCGame')}
  0x00007f4725f16d74: 49b9 e846 | 4cf1 467f | 0000 458b | 4008 41ba | 0000 0040 | 4d03 c24d | 3b81 800a | 0000 750d 
  0x00007f4725f16d94: 4983 8188 | 0a00 0001 | e960 0000 | 004d 3b81 | 900a 0000 | 750d 4983 | 8198 0a00 | 0001 e94a 
  0x00007f4725f16db4: 0000 0049 | 83b9 800a | 0000 0075 | 174d 8981 | 800a 0000 | 49c7 8188 | 0a00 0001 | 0000 00e9 
  0x00007f4725f16dd4: 2900 0000 | 4983 b990 | 0a00 0000 | 7517 4d89 | 8190 0a00 | 0049 c781 | 980a 0000 | 0100 0000 
  0x00007f4725f16df4: e908 0000 | 0049 8381 | 780a 0000 | 01c5 fa10 | 410c 448b | 8300 0700 

  0x00007f4725f16e0c: ;   {metadata(method data for {method} {0x00007f46f042cb90} 'render' '()V' in 'age/of/civilizations2/jakowski/lukasz/AoCGame')}
  0x00007f4725f16e0c: 0049 b9e8 | 464c f146 | 7f00 008b | 4008 41ba | 0000 0040 | 4903 c249 | 3b81 b00a | 0000 750d 
  0x00007f4725f16e2c: 4983 81b8 | 0a00 0001 | e960 0000 | 0049 3b81 | c00a 0000 | 750d 4983 | 81c8 0a00 | 0001 e94a 
  0x00007f4725f16e4c: 0000 0049 | 83b9 b00a | 0000 0075 | 1749 8981 | b00a 0000 | 49c7 81b8 | 0a00 0001 | 0000 00e9 
  0x00007f4725f16e6c: 2900 0000 | 4983 b9c0 | 0a00 0000 | 7517 4989 | 81c0 0a00 | 0049 c781 | c80a 0000 | 0100 0000 
  0x00007f4725f16e8c: e908 0000 | 0049 8381 | a80a 0000 

  0x00007f4725f16e98: ;   {metadata(method data for {method} {0x00007f46f042cb90} 'render' '()V' in 'age/of/civilizations2/jakowski/lukasz/AoCGame')}
  0x00007f4725f16e98: 0148 b8e8 | 464c f146 | 7f00 008b | 4908 41ba | 0000 0040 | 4903 ca48 | 3b88 e00a | 0000 750d 
  0x00007f4725f16eb8: 4883 80e8 | 0a00 0001 | e960 0000 | 0048 3b88 | f00a 0000 | 750d 4883 | 80f8 0a00 | 0001 e94a 
  0x00007f4725f16ed8: 0000 0048 | 83b8 e00a | 0000 0075 | 1748 8988 | e00a 0000 | 48c7 80e8 | 0a00 0001 | 0000 00e9 
  0x00007f4725f16ef8: 2900 0000 | 4883 b8f0 | 0a00 0000 | 7517 4889 | 88f0 0a00 | 0048 c780 | f80a 0000 | 0100 0000 
  0x00007f4725f16f18: e908 0000 | 0048 8380 | d80a 0000 | 0148 3b06 

  0x00007f4725f16f28: ;   {metadata(method data for {method} {0x00007f46f042cb90} 'render' '()V' in 'age/of/civilizations2/jakowski/lukasz/AoCGame')}
  0x00007f4725f16f28: 488b c648 | b9e8 464c | f146 7f00 | 008b 4008 | 41ba 0000 | 0040 4903 | c248 3b81 | 100b 0000 
  0x00007f4725f16f48: 750d 4883 | 8118 0b00 | 0001 e960 | 0000 0048 | 3b81 200b | 0000 750d | 4883 8128 | 0b00 0001 
  0x00007f4725f16f68: e94a 0000 | 0048 83b9 | 100b 0000 | 0075 1748 | 8981 100b | 0000 48c7 | 8118 0b00 | 0001 0000 
  0x00007f4725f16f88: 00e9 2900 | 0000 4883 | b920 0b00 | 0000 7517 | 4889 8120 | 0b00 0048 | c781 280b | 0000 0100 
  0x00007f4725f16fa8: 0000 e908 | 0000 0048 | 8381 080b | 0000 01c5 | f22a cac5 | f25e c8c4 | c16a 2ad0 | c5ea 5ed0 
  0x00007f4725f16fc8: ;   {metadata(method data for {method} {0x00007f46f0434c88} 'setWorldSize' '(FF)V' in 'com/badlogic/gdx/utils/viewport/Viewport')}
  0x00007f4725f16fc8: 48ba 4850 | dbf0 467f | 0000 8b82 | 9000 0000 | 83c0 0289 | 8290 0000 | 0025 feff | 1f00 85c0 
  0x00007f4725f16fe8: 0f84 083f | 0000 c5fa | 114e 0cc5 | fa11 5610 

  0x00007f4725f16ff8: ;   {metadata(method data for {method} {0x00007f46f042cb90} 'render' '()V' in 'age/of/civilizations2/jakowski/lukasz/AoCGame')}
  0x00007f4725f16ff8: 488b d648 | b8e8 464c | f146 7f00 | 008b 5208 | 41ba 0000 | 0040 4903 | d248 3b90 | 400b 0000 
  0x00007f4725f17018: 750d 4883 | 8048 0b00 | 0001 e960 | 0000 0048 | 3b90 500b | 0000 750d | 4883 8058 | 0b00 0001 
  0x00007f4725f17038: e94a 0000 | 0048 83b8 | 400b 0000 | 0075 1748 | 8990 400b | 0000 48c7 | 8048 0b00 | 0001 0000 
  0x00007f4725f17058: 00e9 2900 | 0000 4883 | b850 0b00 | 0000 7517 | 4889 9050 | 0b00 0048 | c780 580b | 0000 0100 
  0x00007f4725f17078: 0000 e908 | 0000 0048 | 8380 380b 

  0x00007f4725f17084: ;   {metadata(method data for {method} {0x00007f46f0433e78} 'apply' '()V' in 'com/badlogic/gdx/utils/viewport/Viewport')}
  0x00007f4725f17084: 0000 0148 | ba80 5bdb | f046 7f00 | 008b 8290 | 0000 0083 | c002 8982 | 9000 0000 | 25fe ff1f 
  0x00007f4725f170a4: 0085 c00f | 846a 3e00 | 0048 8bd6 

  0x00007f4725f170b0: ;   {metadata(method data for {method} {0x00007f46f0433e78} 'apply' '()V' in 'com/badlogic/gdx/utils/viewport/Viewport')}
  0x00007f4725f170b0: 48b8 805b | dbf0 467f | 0000 8b52 | 0841 ba00 | 0000 4049 | 03d2 483b | 90e0 0000 | 0075 0d48 
  0x00007f4725f170d0: 8380 e800 | 0000 01e9 | 6000 0000 | 483b 90f0 | 0000 0075 | 0d48 8380 | f800 0000 | 01e9 4a00 
  0x00007f4725f170f0: 0000 4883 | b8e0 0000 | 0000 7517 | 4889 90e0 | 0000 0048 | c780 e800 | 0000 0100 | 0000 e929 
  0x00007f4725f17110: 0000 0048 | 83b8 f000 | 0000 0075 | 1748 8990 | f000 0000 | 48c7 80f8 | 0000 0001 | 0000 00e9 
  0x00007f4725f17130: 0800 0000 | 4883 80d8 | 0000 0001 | ba00 0000 | 0066 0f1f 

  0x00007f4725f17144: ;   {optimized virtual_call}
  0x00007f4725f17144: 4400 00e8 

  0x00007f4725f17148: ; ImmutableOopMap {[272]=Oop [392]=Oop [408]=Oop }
                      ;*invokevirtual apply {reexecute=0 rethrow=0 return_oop=0}
                      ; - com.badlogic.gdx.utils.viewport.Viewport::apply@2 (line 43)
                      ; - age.of.civilizations2.jakowski.lukasz.AoCGame::render@535 (line 445)
  0x00007f4725f17148: c4db dd05 

  0x00007f4725f1714c: ;   {post_call_nop}
  0x00007f4725f1714c: 0f1f 8400 | c431 0027 | 488b bc24 | 9801 0000 | 8b77 7848 | c1e6 0348 | 8b9c 2488 | 0100 008b 
  0x00007f4725f1716c: 93fc 0600 | 008b 8384 | 0500 0048 | c1e0 0348 | 3b00 488b 

  0x00007f4725f17180: ;   {metadata(method data for {method} {0x00007f46f042cb90} 'render' '()V' in 'age/of/civilizations2/jakowski/lukasz/AoCGame')}
  0x00007f4725f17180: c849 b8e8 | 464c f146 | 7f00 008b | 4908 41ba | 0000 0040 | 4903 ca49 | 3b88 700b | 0000 750d 
  0x00007f4725f171a0: 4983 8078 | 0b00 0001 | e960 0000 | 0049 3b88 | 800b 0000 | 750d 4983 | 8088 0b00 | 0001 e94a 
  0x00007f4725f171c0: 0000 0049 | 83b8 700b | 0000 0075 | 1749 8988 | 700b 0000 | 49c7 8078 | 0b00 0001 | 0000 00e9 
  0x00007f4725f171e0: 2900 0000 | 4983 b880 | 0b00 0000 | 7517 4989 | 8880 0b00 | 0049 c780 | 880b 0000 | 0100 0000 
  0x00007f4725f17200: e908 0000 | 0049 8380 | 680b 0000 | 018b 4858 | 48c1 e103 

  0x00007f4725f17214: ; implicit exception: dispatches to 0x00007f4725f1af3d
  0x00007f4725f17214: 483b 014c 

  0x00007f4725f17218: ;   {metadata(method data for {method} {0x00007f46f042cb90} 'render' '()V' in 'age/of/civilizations2/jakowski/lukasz/AoCGame')}
  0x00007f4725f17218: 8bc1 49b9 | e846 4cf1 | 467f 0000 | 458b 4008 | 41ba 0000 | 0040 4d03 | c24d 3b81 | a00b 0000 
  0x00007f4725f17238: 750d 4983 | 81a8 0b00 | 0001 e960 | 0000 004d | 3b81 b00b | 0000 750d | 4983 81b8 | 0b00 0001 
  0x00007f4725f17258: e94a 0000 | 0049 83b9 | a00b 0000 | 0075 174d | 8981 a00b | 0000 49c7 | 81a8 0b00 | 0001 0000 
  0x00007f4725f17278: 00e9 2900 | 0000 4983 | b9b0 0b00 | 0000 7517 | 4d89 81b0 | 0b00 0049 | c781 b80b | 0000 0100 
  0x00007f4725f17298: 0000 e908 | 0000 0049 | 8381 980b | 0000 01c5 | fa10 410c | 8b9b 0007 

  0x00007f4725f172b0: ;   {metadata(method data for {method} {0x00007f46f042cb90} 'render' '()V' in 'age/of/civilizations2/jakowski/lukasz/AoCGame')}
  0x00007f4725f172b0: 0000 49b8 | e846 4cf1 | 467f 0000 | 8b40 0841 | ba00 0000 | 4049 03c2 | 493b 80d0 | 0b00 0075 
  0x00007f4725f172d0: 0d49 8380 | d80b 0000 | 01e9 6000 | 0000 493b | 80e0 0b00 | 0075 0d49 | 8380 e80b | 0000 01e9 
  0x00007f4725f172f0: 4a00 0000 | 4983 b8d0 | 0b00 0000 | 7517 4989 | 80d0 0b00 | 0049 c780 | d80b 0000 | 0100 0000 
  0x00007f4725f17310: e929 0000 | 0049 83b8 | e00b 0000 | 0075 1749 | 8980 e00b | 0000 49c7 | 80e8 0b00 | 0001 0000 
  0x00007f4725f17330: 00e9 0800 | 0000 4983 | 80c8 0b00 

  0x00007f4725f1733c: ;   {metadata(method data for {method} {0x00007f46f042cb90} 'render' '()V' in 'age/of/civilizations2/jakowski/lukasz/AoCGame')}
  0x00007f4725f1733c: 0001 48b8 | e846 4cf1 | 467f 0000 | 8b49 0841 | ba00 0000 | 4049 03ca | 483b 8800 | 0c00 0075 
  0x00007f4725f1735c: 0d48 8380 | 080c 0000 | 01e9 6000 | 0000 483b | 8810 0c00 | 0075 0d48 | 8380 180c | 0000 01e9 
  0x00007f4725f1737c: 4a00 0000 | 4883 b800 | 0c00 0000 | 7517 4889 | 8800 0c00 | 0048 c780 | 080c 0000 | 0100 0000 
  0x00007f4725f1739c: e929 0000 | 0048 83b8 | 100c 0000 | 0075 1748 | 8988 100c | 0000 48c7 | 8018 0c00 | 0001 0000 
  0x00007f4725f173bc: 00e9 0800 | 0000 4883 | 80f8 0b00 | 0001 483b | 0648 8bc6 

  0x00007f4725f173d0: ;   {metadata(method data for {method} {0x00007f46f042cb90} 'render' '()V' in 'age/of/civilizations2/jakowski/lukasz/AoCGame')}
  0x00007f4725f173d0: 48b9 e846 | 4cf1 467f | 0000 4883 | 8138 0c00 | 0001 c5f2 | 2aca c5f2 | 5ec8 f7db | 488b d3c5 
  0x00007f4725f173f0: ea2a d2c5 | ea5e d0ba | 0100 0000 | c5f8 28c1 | c5f8 28ca 

  0x00007f4725f17404: ;   {optimized virtual_call}
  0x00007f4725f17404: 6666 90e8 

  0x00007f4725f17408: ; ImmutableOopMap {[272]=Oop [408]=Oop }
                      ;*invokevirtual setToOrtho {reexecute=0 rethrow=0 return_oop=0}
                      ; - age.of.civilizations2.jakowski.lukasz.AoCGame::render@571 (line 446)
  0x00007f4725f17408: a439 dd05 

  0x00007f4725f1740c: ;   {post_call_nop}
  0x00007f4725f1740c: 0f1f 8400 | 8434 0028 | 488b b424 | 1001 0000 | 8b7e 4c48 | c1e7 0348 | 89bc 24a0 | 0100 0048 
  0x00007f4725f1742c: 8b9c 2498 | 0100 008b | 5b78 48c1 | e303 8b5b | 3048 c1e3 | 0348 3b07 

  0x00007f4725f17444: ;   {metadata(method data for {method} {0x00007f46f042cb90} 'render' '()V' in 'age/of/civilizations2/jakowski/lukasz/AoCGame')}
  0x00007f4725f17444: 488b c748 | bae8 464c | f146 7f00 | 0048 8382 | 680c 0000 

  0x00007f4725f17458: ;   {metadata(method data for {method} {0x00007f46f06661b0} 'setProjectionMatrix' '(Lcom/badlogic/gdx/math/Matrix4;)V' in 'com/badlogic/gdx/graphics/g2d/SpriteBatch')}
  0x00007f4725f17458: 0148 b8c8 | 5cdb f046 | 7f00 008b | 9090 0000 | 0083 c202 | 8990 9000 | 0000 81e2 | feff 1f00 
  0x00007f4725f17478: 85d2 0f84 | d13a 0000 | 0fbe 4730 

  0x00007f4725f17484: ;   {metadata(method data for {method} {0x00007f46f06661b0} 'setProjectionMatrix' '(Lcom/badlogic/gdx/math/Matrix4;)V' in 'com/badlogic/gdx/graphics/g2d/SpriteBatch')}
  0x00007f4725f17484: 85c0 48b8 | c85c dbf0 | 467f 0000 | bad8 0000 | 0074 05ba | e800 0000 | 488b 0c10 | 488d 4901 
  0x00007f4725f174a4: 4889 0c10 | 0f84 4e00 | 0000 4889 | 9c24 a801 | 0000 488b 

  0x00007f4725f174b8: ;   {metadata(method data for {method} {0x00007f46f06661b0} 'setProjectionMatrix' '(Lcom/badlogic/gdx/math/Matrix4;)V' in 'com/badlogic/gdx/graphics/g2d/SpriteBatch')}
  0x00007f4725f174b8: c748 bac8 | 5cdb f046 

  0x00007f4725f174c0: ;   {metadata('com/badlogic/gdx/graphics/g2d/SpriteBatch')}
  0x00007f4725f174c0: 7f00 0049 | ba00 6009 | 4100 0000 | 004c 8992 | 0001 0000 | 4883 8208 | 0100 0001 

  0x00007f4725f174dc: ;   {optimized virtual_call}
  0x00007f4725f174dc: 488b f7e8 

  0x00007f4725f174e0: ; ImmutableOopMap {[272]=Oop [416]=Oop [424]=Oop }
                      ;*invokevirtual flush {reexecute=0 rethrow=0 return_oop=0}
                      ; - com.badlogic.gdx.graphics.g2d.SpriteBatch::setProjectionMatrix@8 (line 1030)
                      ; - age.of.civilizations2.jakowski.lukasz.AoCGame::render@584 (line 447)
  0x00007f4725f174e0: fcd4 4605 

  0x00007f4725f174e4: ;   {post_call_nop}
  0x00007f4725f174e4: 0f1f 8400 | 5c35 0029 | 488b 9c24 | a801 0000 | 488b bc24 | a001 0000 | 8b77 4448 | c1e6 0348 
  0x00007f4725f17504: 3b06 488b 

  0x00007f4725f17508: ;   {metadata(method data for {method} {0x00007f46f06661b0} 'setProjectionMatrix' '(Lcom/badlogic/gdx/math/Matrix4;)V' in 'com/badlogic/gdx/graphics/g2d/SpriteBatch')}
  0x00007f4725f17508: d648 b8c8 | 5cdb f046 | 7f00 0048 | 8380 3801 

  0x00007f4725f17518: ;   {metadata(method data for {method} {0x00007f46f0642028} 'set' '(Lcom/badlogic/gdx/math/Matrix4;)Lcom/badlogic/gdx/math/Matrix4;' in 'com/badlogic/gdx/math/Matrix4')}
  0x00007f4725f17518: 0000 0148 | bad8 c7d8 | f046 7f00 | 008b 8290 | 0000 0083 | c002 8982 | 9000 0000 | 25fe ff1f 
  0x00007f4725f17538: 0085 c00f | 8436 3a00 | 008b 530c | 48c1 e203 

  0x00007f4725f17548: ;   {metadata(method data for {method} {0x00007f46f0642028} 'set' '(Lcom/badlogic/gdx/math/Matrix4;)Lcom/badlogic/gdx/math/Matrix4;' in 'com/badlogic/gdx/math/Matrix4')}
  0x00007f4725f17548: 488b de48 | b8d8 c7d8 | f046 7f00 | 0048 8380 | e800 0000 

  0x00007f4725f1755c: ;   {optimized virtual_call}
  0x00007f4725f1755c: 0166 90e8 

  0x00007f4725f17560: ; ImmutableOopMap {[272]=Oop [416]=Oop }
                      ;*invokevirtual set {reexecute=0 rethrow=0 return_oop=0}
                      ; - com.badlogic.gdx.math.Matrix4::set@5 (line 117)
                      ; - com.badlogic.gdx.graphics.g2d.SpriteBatch::setProjectionMatrix@16 (line 1031)
                      ; - age.of.civilizations2.jakowski.lukasz.AoCGame::render@584 (line 447)
  0x00007f4725f17560: 2c69 bf05 

  0x00007f4725f17564: ;   {post_call_nop}
  0x00007f4725f17564: 0f1f 8400 | dc35 002a | 488b bc24 | a001 0000 | 0fbe 7730 

  0x00007f4725f17578: ;   {metadata(method data for {method} {0x00007f46f06661b0} 'setProjectionMatrix' '(Lcom/badlogic/gdx/math/Matrix4;)V' in 'com/badlogic/gdx/graphics/g2d/SpriteBatch')}
  0x00007f4725f17578: 85f6 48be | c85c dbf0 | 467f 0000 | bb58 0100 | 0074 05bb | 6801 0000 | 488b 041e | 488d 4001 
  0x00007f4725f17598: 4889 041e | 0f84 2a00 | 0000 488b 

  0x00007f4725f175a4: ;   {metadata(method data for {method} {0x00007f46f06661b0} 'setProjectionMatrix' '(Lcom/badlogic/gdx/math/Matrix4;)V' in 'com/badlogic/gdx/graphics/g2d/SpriteBatch')}
  0x00007f4725f175a4: f748 bbc8 | 5cdb f046 | 7f00 0048 | 8383 7801 | 0000 0148 | 8bf7 0f1f 

  0x00007f4725f175bc: ;   {optimized virtual_call}
  0x00007f4725f175bc: 4400 00e8 

  0x00007f4725f175c0: ; ImmutableOopMap {[272]=Oop }
                      ;*invokespecial setupMatrices {reexecute=0 rethrow=0 return_oop=0}
                      ; - com.badlogic.gdx.graphics.g2d.SpriteBatch::setProjectionMatrix@28 (line 1032)
                      ; - age.of.civilizations2.jakowski.lukasz.AoCGame::render@584 (line 447)
  0x00007f4725f175c0: 1cd4 4605 

  0x00007f4725f175c4: ;   {post_call_nop}
  0x00007f4725f175c4: 0f1f 8400 | 3c36 002b | 488b b424 | 1001 0000 | 8b7e 4c48 | c1e7 0348 | 3b07 488b 

  0x00007f4725f175e0: ;   {metadata(method data for {method} {0x00007f46f042cb90} 'render' '()V' in 'age/of/civilizations2/jakowski/lukasz/AoCGame')}
  0x00007f4725f175e0: df48 b8e8 | 464c f146 | 7f00 0048 | 8380 980c | 0000 0148 

  0x00007f4725f175f4: ;   {optimized virtual_call}
  0x00007f4725f175f4: 8bf7 90e8 

  0x00007f4725f175f8: ; ImmutableOopMap {[272]=Oop }
                      ;*invokevirtual begin {reexecute=0 rethrow=0 return_oop=0}
                      ; - age.of.civilizations2.jakowski.lukasz.AoCGame::render@591 (line 448)
  0x00007f4725f175f8: 149d d405 

  0x00007f4725f175fc: ;   {post_call_nop}
  0x00007f4725f175fc: 0f1f 8400 | 7436 002c | 488b b424 | 1001 0000 | 8b7e 4c48 

  0x00007f4725f17610: ;   {oop(a 'java/lang/Class'{0x000000070c010b18} = 'age/of/civilizations2/jakowski/lukasz/AoCGame')}
  0x00007f4725f17610: c1e7 0348 | bb18 0b01 | 0c07 0000 | 0048 899c | 24b0 0100 | 008b 9384 | 0000 0048 | c1e2 0348 
  0x00007f4725f17630: 3b07 488b 

  0x00007f4725f17634: ;   {metadata(method data for {method} {0x00007f46f042cb90} 'render' '()V' in 'age/of/civilizations2/jakowski/lukasz/AoCGame')}
  0x00007f4725f17634: c748 b9e8 | 464c f146 | 7f00 0048 | 8381 c80c | 0000 0148 | 8bf7 0f1f 

  0x00007f4725f1764c: ;   {optimized virtual_call}
  0x00007f4725f1764c: 4400 00e8 

  0x00007f4725f17650: ; ImmutableOopMap {[272]=Oop [432]=Oop }
                      ;*invokevirtual setShader {reexecute=0 rethrow=0 return_oop=0}
                      ; - age.of.civilizations2.jakowski.lukasz.AoCGame::render@601 (line 449)
  0x00007f4725f17650: 3c6f fb05 

  0x00007f4725f17654: ;   {post_call_nop}
  0x00007f4725f17654: 0f1f 8400 | cc36 002d | 488b b424 | 1001 0000 | 8b56 4c48 

  0x00007f4725f17668: ;   {metadata(method data for {method} {0x00007f46f042cb90} 'render' '()V' in 'age/of/civilizations2/jakowski/lukasz/AoCGame')}
  0x00007f4725f17668: c1e2 0348 | bfe8 464c | f146 7f00 | 0048 8387 | e80c 0000 

  0x00007f4725f1767c: ;   {metadata(method data for {method} {0x00007f46f0ac9f18} 'drawMapDetails' '(Lcom/badlogic/gdx/graphics/g2d/SpriteBatch;)V' in 'age/of/civilizations2/jakowski/lukasz/Game_Render')}
  0x00007f4725f1767c: 0148 bfa0 | a24c f146 | 7f00 008b | 9f90 0000 | 0083 c302 | 899f 9000 | 0000 81e3 | feff 1f00 
  0x00007f4725f1769c: 85db 0f84 | 0339 0000 

  0x00007f4725f176a4: ;   {oop(a 'java/lang/Class'{0x00000007ffd163f8} = 'age/of/civilizations2/jakowski/lukasz/Game_Render')}
  0x00007f4725f176a4: 48bf f863 | d1ff 0700 | 0000 8b7f | 7848 c1e7 | 0348 3b07 

  0x00007f4725f176b8: ;   {metadata(method data for {method} {0x00007f46f0ac9f18} 'drawMapDetails' '(Lcom/badlogic/gdx/graphics/g2d/SpriteBatch;)V' in 'age/of/civilizations2/jakowski/lukasz/Game_Render')}
  0x00007f4725f176b8: 488b df48 | b8a0 a24c | f146 7f00 | 008b 5b08 | 41ba 0000 | 0040 4903 | da48 3b98 | e000 0000 
  0x00007f4725f176d8: 750d 4883 | 80e8 0000 | 0001 e960 | 0000 0048 | 3b98 f000 | 0000 750d | 4883 80f8 | 0000 0001 
  0x00007f4725f176f8: e94a 0000 | 0048 83b8 | e000 0000 | 0075 1748 | 8998 e000 | 0000 48c7 | 80e8 0000 | 0001 0000 
  0x00007f4725f17718: 00e9 2900 | 0000 4883 | b8f0 0000 | 0000 7517 | 4889 98f0 | 0000 0048 | c780 f800 | 0000 0100 
  0x00007f4725f17738: 0000 e908 | 0000 0048 | 8380 d800 | 0000 0148 | 8bf7 6666 | 9048 b8a0 | 1ad4 0147 

  0x00007f4725f17754: ;   {virtual_call}
  0x00007f4725f17754: 7f00 00e8 

  0x00007f4725f17758: ; ImmutableOopMap {[272]=Oop [432]=Oop }
                      ;*invokeinterface drawMapDetails {reexecute=0 rethrow=0 return_oop=0}
                      ; - age.of.civilizations2.jakowski.lukasz.Game_Render::drawMapDetails@4 (line 101)
                      ; - age.of.civilizations2.jakowski.lukasz.AoCGame::render@608 (line 450)
  0x00007f4725f17758: 2450 5605 

  0x00007f4725f1775c: ;   {post_call_nop}
  0x00007f4725f1775c: 0f1f 8400 | d437 002e | 488b b424 | 1001 0000 | 8b7e 4c48 | c1e7 0348 | 3b07 488b 

  0x00007f4725f17778: ;   {metadata(method data for {method} {0x00007f46f042cb90} 'render' '()V' in 'age/of/civilizations2/jakowski/lukasz/AoCGame')}
  0x00007f4725f17778: df48 b8e8 | 464c f146 | 7f00 0048 | 8380 080d | 0000 0148 

  0x00007f4725f1778c: ;   {optimized virtual_call}
  0x00007f4725f1778c: 8bf7 90e8 

  0x00007f4725f17790: ; ImmutableOopMap {[272]=Oop [432]=Oop }
                      ;*invokevirtual end {reexecute=0 rethrow=0 return_oop=0}
                      ; - age.of.civilizations2.jakowski.lukasz.AoCGame::render@615 (line 451)
  0x00007f4725f17790: 7ca1 d405 

  0x00007f4725f17794: ;   {post_call_nop}
  0x00007f4725f17794: 0f1f 8400 | 0c38 002f | 488b 9c24 | b001 0000 | 8b73 7848 

  0x00007f4725f177a8: ;   {oop(a 'java/lang/Class'{0x00000007ffdff2d8} = 'age/of/civilizations2/jakowski/lukasz/CFG')}
  0x00007f4725f177a8: c1e6 0348 | bfd8 f2df | ff07 0000 | 008b 97fc | 0600 008b | 8700 0700 | 0048 3b06 

  0x00007f4725f177c4: ;   {metadata(method data for {method} {0x00007f46f042cb90} 'render' '()V' in 'age/of/civilizations2/jakowski/lukasz/AoCGame')}
  0x00007f4725f177c4: 488b ce49 | b8e8 464c | f146 7f00 | 0049 8380 | 380d 0000 | 01c5 fa2a | c2f7 d848 | 8bd0 c5f2 
  0x00007f4725f177e4: 2aca ba00 | 0000 0048 | 89bc 24b8 | 0100 000f 

  0x00007f4725f177f4: ;   {optimized virtual_call}
  0x00007f4725f177f4: 1f40 00e8 

  0x00007f4725f177f8: ; ImmutableOopMap {[272]=Oop [432]=Oop [440]=Oop }
                      ;*invokevirtual setToOrtho {reexecute=0 rethrow=0 return_oop=0}
                      ; - age.of.civilizations2.jakowski.lukasz.AoCGame::render@631 (line 452)
  0x00007f4725f177f8: b435 dd05 

  0x00007f4725f177fc: ;   {post_call_nop}
  0x00007f4725f177fc: 0f1f 8400 | 7438 0030 | 488b 9c24 | b001 0000 | 8b73 7c48 | c1e6 0348 | 8bbc 24b8 | 0100 008b 
  0x00007f4725f1781c: 97fc 0600 | 008b bf00 | 0700 0048 | 3b06 488b 

  0x00007f4725f1782c: ;   {metadata(method data for {method} {0x00007f46f042cb90} 'render' '()V' in 'age/of/civilizations2/jakowski/lukasz/AoCGame')}
  0x00007f4725f1782c: c648 b9e8 | 464c f146 | 7f00 008b | 4008 41ba | 0000 0040 | 4903 c248 | 3b81 600d | 0000 750d 
  0x00007f4725f1784c: 4883 8168 | 0d00 0001 | e960 0000 | 0048 3b81 | 700d 0000 | 750d 4883 | 8178 0d00 | 0001 e94a 
  0x00007f4725f1786c: 0000 0048 | 83b9 600d | 0000 0075 | 1748 8981 | 600d 0000 | 48c7 8168 | 0d00 0001 | 0000 00e9 
  0x00007f4725f1788c: 2900 0000 | 4883 b970 | 0d00 0000 | 7517 4889 | 8170 0d00 | 0048 c781 | 780d 0000 | 0100 0000 
  0x00007f4725f178ac: e908 0000 | 0048 8381 | 580d 0000 | 01c5 fa2a | c2c5 f22a 

  0x00007f4725f178c0: ;   {metadata(method data for {method} {0x00007f46f0434c88} 'setWorldSize' '(FF)V' in 'com/badlogic/gdx/utils/viewport/Viewport')}
  0x00007f4725f178c0: cf48 ba48 | 50db f046 | 7f00 008b | ba90 0000 | 0083 c702 | 89ba 9000 | 0000 81e7 | feff 1f00 
  0x00007f4725f178e0: 85ff 0f84 | f436 0000 | c5fa 1146 | 0cc5 fa11 | 4e10 488b 

  0x00007f4725f178f4: ;   {metadata(method data for {method} {0x00007f46f042cb90} 'render' '()V' in 'age/of/civilizations2/jakowski/lukasz/AoCGame')}
  0x00007f4725f178f4: d648 bfe8 | 464c f146 | 7f00 008b | 5208 41ba | 0000 0040 | 4903 d248 | 3b97 900d | 0000 750d 
  0x00007f4725f17914: 4883 8798 | 0d00 0001 | e960 0000 | 0048 3b97 | a00d 0000 | 750d 4883 | 87a8 0d00 | 0001 e94a 
  0x00007f4725f17934: 0000 0048 | 83bf 900d | 0000 0075 | 1748 8997 | 900d 0000 | 48c7 8798 | 0d00 0001 | 0000 00e9 
  0x00007f4725f17954: 2900 0000 | 4883 bfa0 | 0d00 0000 | 7517 4889 | 97a0 0d00 | 0048 c787 | a80d 0000 | 0100 0000 
  0x00007f4725f17974: e908 0000 | 0048 8387 | 880d 0000 

  0x00007f4725f17980: ;   {metadata(method data for {method} {0x00007f46f0433e78} 'apply' '()V' in 'com/badlogic/gdx/utils/viewport/Viewport')}
  0x00007f4725f17980: 0148 ba80 | 5bdb f046 | 7f00 008b | ba90 0000 | 0083 c702 | 89ba 9000 | 0000 81e7 | feff 1f00 
  0x00007f4725f179a0: 85ff 0f84 | 5536 0000 

  0x00007f4725f179a8: ;   {metadata(method data for {method} {0x00007f46f0433e78} 'apply' '()V' in 'com/badlogic/gdx/utils/viewport/Viewport')}
  0x00007f4725f179a8: 488b d648 | bf80 5bdb | f046 7f00 | 008b 5208 | 41ba 0000 | 0040 4903 | d248 3b97 | e000 0000 
  0x00007f4725f179c8: 750d 4883 | 87e8 0000 | 0001 e960 | 0000 0048 | 3b97 f000 | 0000 750d | 4883 87f8 | 0000 0001 
  0x00007f4725f179e8: e94a 0000 | 0048 83bf | e000 0000 | 0075 1748 | 8997 e000 | 0000 48c7 | 87e8 0000 | 0001 0000 
  0x00007f4725f17a08: 00e9 2900 | 0000 4883 | bff0 0000 | 0000 7517 | 4889 97f0 | 0000 0048 | c787 f800 | 0000 0100 
  0x00007f4725f17a28: 0000 e908 | 0000 0048 | 8387 d800 | 0000 01ba | 0000 0000 

  0x00007f4725f17a3c: ;   {optimized virtual_call}
  0x00007f4725f17a3c: 6666 90e8 

  0x00007f4725f17a40: ; ImmutableOopMap {[272]=Oop [432]=Oop }
                      ;*invokevirtual apply {reexecute=0 rethrow=0 return_oop=0}
                      ; - com.badlogic.gdx.utils.viewport.Viewport::apply@2 (line 43)
                      ; - age.of.civilizations2.jakowski.lukasz.AoCGame::render@651 (line 454)
  0x00007f4725f17a40: ccd2 dd05 

  0x00007f4725f17a44: ;   {post_call_nop}
  0x00007f4725f17a44: 0f1f 8400 | bc3a 0031 | 488b b424 | 1001 0000 | 8b7e 4c48 | c1e7 0348 | 89bc 24c0 | 0100 0048 
  0x00007f4725f17a64: 8b9c 24b0 | 0100 008b | 5b78 48c1 | e303 8b5b | 3048 c1e3 | 0348 3b07 

  0x00007f4725f17a7c: ;   {metadata(method data for {method} {0x00007f46f042cb90} 'render' '()V' in 'age/of/civilizations2/jakowski/lukasz/AoCGame')}
  0x00007f4725f17a7c: 488b c748 | bae8 464c | f146 7f00 | 0048 8382 | c80d 0000 

  0x00007f4725f17a90: ;   {metadata(method data for {method} {0x00007f46f06661b0} 'setProjectionMatrix' '(Lcom/badlogic/gdx/math/Matrix4;)V' in 'com/badlogic/gdx/graphics/g2d/SpriteBatch')}
  0x00007f4725f17a90: 0148 b8c8 | 5cdb f046 | 7f00 008b | 9090 0000 | 0083 c202 | 8990 9000 | 0000 81e2 | feff 1f00 
  0x00007f4725f17ab0: 85d2 0f84 | 7035 0000 | 0fbe 4730 

  0x00007f4725f17abc: ;   {metadata(method data for {method} {0x00007f46f06661b0} 'setProjectionMatrix' '(Lcom/badlogic/gdx/math/Matrix4;)V' in 'com/badlogic/gdx/graphics/g2d/SpriteBatch')}
  0x00007f4725f17abc: 85c0 48b8 | c85c dbf0 | 467f 0000 | bad8 0000 | 0074 05ba | e800 0000 | 488b 0c10 | 488d 4901 
  0x00007f4725f17adc: 4889 0c10 | 0f84 4e00 | 0000 4889 | 9c24 c801 | 0000 488b 

  0x00007f4725f17af0: ;   {metadata(method data for {method} {0x00007f46f06661b0} 'setProjectionMatrix' '(Lcom/badlogic/gdx/math/Matrix4;)V' in 'com/badlogic/gdx/graphics/g2d/SpriteBatch')}
  0x00007f4725f17af0: c748 bac8 | 5cdb f046 

  0x00007f4725f17af8: ;   {metadata('com/badlogic/gdx/graphics/g2d/SpriteBatch')}
  0x00007f4725f17af8: 7f00 0049 | ba00 6009 | 4100 0000 | 004c 8992 | 0001 0000 | 4883 8208 | 0100 0001 

  0x00007f4725f17b14: ;   {optimized virtual_call}
  0x00007f4725f17b14: 488b f7e8 

  0x00007f4725f17b18: ; ImmutableOopMap {[272]=Oop [448]=Oop [456]=Oop }
                      ;*invokevirtual flush {reexecute=0 rethrow=0 return_oop=0}
                      ; - com.badlogic.gdx.graphics.g2d.SpriteBatch::setProjectionMatrix@8 (line 1030)
                      ; - age.of.civilizations2.jakowski.lukasz.AoCGame::render@664 (line 455)
  0x00007f4725f17b18: c4ce 4605 

  0x00007f4725f17b1c: ;   {post_call_nop}
  0x00007f4725f17b1c: 0f1f 8400 | 943b 0032 | 488b 9c24 | c801 0000 | 488b bc24 | c001 0000 | 8b77 4448 | c1e6 0348 
  0x00007f4725f17b3c: 3b06 488b 

  0x00007f4725f17b40: ;   {metadata(method data for {method} {0x00007f46f06661b0} 'setProjectionMatrix' '(Lcom/badlogic/gdx/math/Matrix4;)V' in 'com/badlogic/gdx/graphics/g2d/SpriteBatch')}
  0x00007f4725f17b40: d648 b8c8 | 5cdb f046 | 7f00 0048 | 8380 3801 

  0x00007f4725f17b50: ;   {metadata(method data for {method} {0x00007f46f0642028} 'set' '(Lcom/badlogic/gdx/math/Matrix4;)Lcom/badlogic/gdx/math/Matrix4;' in 'com/badlogic/gdx/math/Matrix4')}
  0x00007f4725f17b50: 0000 0148 | bad8 c7d8 | f046 7f00 | 008b 8290 | 0000 0083 | c002 8982 | 9000 0000 | 25fe ff1f 
  0x00007f4725f17b70: 0085 c00f | 84d5 3400 | 008b 530c | 48c1 e203 

  0x00007f4725f17b80: ;   {metadata(method data for {method} {0x00007f46f0642028} 'set' '(Lcom/badlogic/gdx/math/Matrix4;)Lcom/badlogic/gdx/math/Matrix4;' in 'com/badlogic/gdx/math/Matrix4')}
  0x00007f4725f17b80: 488b de48 | b8d8 c7d8 | f046 7f00 | 0048 8380 | e800 0000 

  0x00007f4725f17b94: ;   {optimized virtual_call}
  0x00007f4725f17b94: 0166 90e8 

  0x00007f4725f17b98: ; ImmutableOopMap {[272]=Oop [448]=Oop }
                      ;*invokevirtual set {reexecute=0 rethrow=0 return_oop=0}
                      ; - com.badlogic.gdx.math.Matrix4::set@5 (line 117)
                      ; - com.badlogic.gdx.graphics.g2d.SpriteBatch::setProjectionMatrix@16 (line 1031)
                      ; - age.of.civilizations2.jakowski.lukasz.AoCGame::render@664 (line 455)
  0x00007f4725f17b98: f462 bf05 

  0x00007f4725f17b9c: ;   {post_call_nop}
  0x00007f4725f17b9c: 0f1f 8400 | 143c 0033 | 488b bc24 | c001 0000 | 0fbe 7730 

  0x00007f4725f17bb0: ;   {metadata(method data for {method} {0x00007f46f06661b0} 'setProjectionMatrix' '(Lcom/badlogic/gdx/math/Matrix4;)V' in 'com/badlogic/gdx/graphics/g2d/SpriteBatch')}
  0x00007f4725f17bb0: 85f6 48be | c85c dbf0 | 467f 0000 | bb58 0100 | 0074 05bb | 6801 0000 | 488b 041e | 488d 4001 
  0x00007f4725f17bd0: 4889 041e | 0f84 2a00 | 0000 488b 

  0x00007f4725f17bdc: ;   {metadata(method data for {method} {0x00007f46f06661b0} 'setProjectionMatrix' '(Lcom/badlogic/gdx/math/Matrix4;)V' in 'com/badlogic/gdx/graphics/g2d/SpriteBatch')}
  0x00007f4725f17bdc: f748 bbc8 | 5cdb f046 | 7f00 0048 | 8383 7801 | 0000 0148 | 8bf7 0f1f 

  0x00007f4725f17bf4: ;   {optimized virtual_call}
  0x00007f4725f17bf4: 4400 00e8 

  0x00007f4725f17bf8: ; ImmutableOopMap {[272]=Oop }
                      ;*invokespecial setupMatrices {reexecute=0 rethrow=0 return_oop=0}
                      ; - com.badlogic.gdx.graphics.g2d.SpriteBatch::setProjectionMatrix@28 (line 1032)
                      ; - age.of.civilizations2.jakowski.lukasz.AoCGame::render@664 (line 455)
  0x00007f4725f17bf8: e4cd 4605 

  0x00007f4725f17bfc: ;   {post_call_nop}
  0x00007f4725f17bfc: 0f1f 8400 | 743c 0034 | 488b b424 | 1001 0000 | 8b7e 4c48 | c1e7 0348 | 3b07 488b 

  0x00007f4725f17c18: ;   {metadata(method data for {method} {0x00007f46f042cb90} 'render' '()V' in 'age/of/civilizations2/jakowski/lukasz/AoCGame')}
  0x00007f4725f17c18: df48 b8e8 | 464c f146 | 7f00 0048 | 8380 f80d | 0000 0148 

  0x00007f4725f17c2c: ;   {optimized virtual_call}
  0x00007f4725f17c2c: 8bf7 90e8 

  0x00007f4725f17c30: ; ImmutableOopMap {[272]=Oop }
                      ;*invokevirtual begin {reexecute=0 rethrow=0 return_oop=0}
                      ; - age.of.civilizations2.jakowski.lukasz.AoCGame::render@671 (line 456)
  0x00007f4725f17c30: dc96 d405 

  0x00007f4725f17c34: ;   {post_call_nop}
  0x00007f4725f17c34: 0f1f 8400 | ac3c 0035 | 488b b424 | 1001 0000 | 8b7e 4c48 | c1e7 0348 | 3b07 488b 

  0x00007f4725f17c50: ;   {metadata(method data for {method} {0x00007f46f042cb90} 'render' '()V' in 'age/of/civilizations2/jakowski/lukasz/AoCGame')}
  0x00007f4725f17c50: df48 b8e8 | 464c f146 | 7f00 0048 | 8380 280e 

  0x00007f4725f17c60: ;   {metadata(method data for {method} {0x00007f46f065eb28} 'setColor' '(Lcom/badlogic/gdx/graphics/Color;)V' in 'com/badlogic/gdx/graphics/g2d/SpriteBatch')}
  0x00007f4725f17c60: 0000 0148 | bb80 dbd8 | f046 7f00 | 008b 8390 | 0000 0083 | c002 8983 | 9000 0000 | 25fe ff1f 
  0x00007f4725f17c80: 0085 c00f | 84f5 3300 

  0x00007f4725f17c88: ;   {oop(a 'com/badlogic/gdx/graphics/Color'{0x000000070c006848})}
  0x00007f4725f17c88: 0048 bb48 | 6800 0c07 | 0000 0048 

  0x00007f4725f17c94: ;   {metadata(method data for {method} {0x00007f46f065eb28} 'setColor' '(Lcom/badlogic/gdx/graphics/Color;)V' in 'com/badlogic/gdx/graphics/g2d/SpriteBatch')}
  0x00007f4725f17c94: 8bc3 48ba | 80db d8f0 | 467f 0000 | 4883 82e8 | 0000 0001 | 488b f348 | 89bc 24d0 | 0100 000f 
  0x00007f4725f17cb4: ;   {optimized virtual_call}
  0x00007f4725f17cb4: 1f40 00e8 

  0x00007f4725f17cb8: ; ImmutableOopMap {[272]=Oop [464]=Oop }
                      ;*invokevirtual toFloatBits {reexecute=0 rethrow=0 return_oop=0}
                      ; - com.badlogic.gdx.graphics.g2d.SpriteBatch::setColor@2 (line 199)
                      ; - age.of.civilizations2.jakowski.lukasz.AoCGame::render@681 (line 457)
  0x00007f4725f17cb8: f446 be05 

  0x00007f4725f17cbc: ;   {post_call_nop}
  0x00007f4725f17cbc: 0f1f 8400 | 343d 0036 | 488b bc24 | d001 0000 | c5fa 1147 

  0x00007f4725f17cd0: ;   {oop(a 'java/lang/Class'{0x000000070c010b18} = 'age/of/civilizations2/jakowski/lukasz/AoCGame')}
  0x00007f4725f17cd0: 2048 ba18 | 0b01 0c07 | 0000 000f | be92 b500 | 0000 85d2 

  0x00007f4725f17ce4: ;   {metadata(method data for {method} {0x00007f46f042cb90} 'render' '()V' in 'age/of/civilizations2/jakowski/lukasz/AoCGame')}
  0x00007f4725f17ce4: 48ba e846 | 4cf1 467f | 0000 be48 | 0e00 0075 | 05be 580e | 0000 488b | 3c32 488d | 7f01 4889 
  0x00007f4725f17d04: 3c32 0f85 | 1004 0000 | 488b b424 | 1001 0000 

  0x00007f4725f17d14: ;   {oop(a 'java/lang/Class'{0x00000007ffdff2d8} = 'age/of/civilizations2/jakowski/lukasz/CFG')}
  0x00007f4725f17d14: 48bf d8f2 | dfff 0700 | 0000 8b9f | 7c05 0000 | 48c1 e303 | 8b56 4c48 | c1e2 0348 | 3b03 488b 
  0x00007f4725f17d34: ;   {metadata(method data for {method} {0x00007f46f042cb90} 'render' '()V' in 'age/of/civilizations2/jakowski/lukasz/AoCGame')}
  0x00007f4725f17d34: c348 b9e8 | 464c f146 | 7f00 008b | 4008 41ba | 0000 0040 | 4903 c248 | 3b81 700e | 0000 750d 
  0x00007f4725f17d54: 4883 8178 | 0e00 0001 | e960 0000 | 0048 3b81 | 800e 0000 | 750d 4883 | 8188 0e00 | 0001 e94a 
  0x00007f4725f17d74: 0000 0048 | 83b9 700e | 0000 0075 | 1748 8981 | 700e 0000 | 48c7 8178 | 0e00 0001 | 0000 00e9 
  0x00007f4725f17d94: 2900 0000 | 4883 b980 | 0e00 0000 | 7517 4889 | 8180 0e00 | 0048 c781 | 880e 0000 | 0100 0000 
  0x00007f4725f17db4: e908 0000 | 0048 8381 | 680e 0000 | 0148 8bf3 | 4889 bc24 | d801 0000 

  0x00007f4725f17dcc: ;   {optimized virtual_call}
  0x00007f4725f17dcc: 6666 90e8 

  0x00007f4725f17dd0: ; ImmutableOopMap {[272]=Oop [472]=Oop }
                      ;*invokevirtual draw {reexecute=0 rethrow=0 return_oop=0}
                      ; - age.of.civilizations2.jakowski.lukasz.AoCGame::render@697 (line 459)
  0x00007f4725f17dd0: bc0f 3f06 

  0x00007f4725f17dd4: ;   {post_call_nop}
  0x00007f4725f17dd4: 0f1f 8400 | 4c3e 0037 | 488b bc24 | d801 0000 | 8b97 9800 | 0000 48c1 | e203 488b | b424 1001 
  0x00007f4725f17df4: 0000 8b7e | 4c48 c1e7 | 0348 3b02 

  0x00007f4725f17e00: ;   {metadata(method data for {method} {0x00007f46f042cb90} 'render' '()V' in 'age/of/civilizations2/jakowski/lukasz/AoCGame')}
  0x00007f4725f17e00: 488b da48 | b8e8 464c | f146 7f00 | 008b 5b08 | 41ba 0000 | 0040 4903 | da48 3b98 | a00e 0000 
  0x00007f4725f17e20: 750d 4883 | 80a8 0e00 | 0001 e960 | 0000 0048 | 3b98 b00e | 0000 750d | 4883 80b8 | 0e00 0001 
  0x00007f4725f17e40: e94a 0000 | 0048 83b8 | a00e 0000 | 0075 1748 | 8998 a00e | 0000 48c7 | 80a8 0e00 | 0001 0000 
  0x00007f4725f17e60: 00e9 2900 | 0000 4883 | b8b0 0e00 | 0000 7517 | 4889 98b0 | 0e00 0048 | c780 b80e | 0000 0100 
  0x00007f4725f17e80: 0000 e908 | 0000 0048 | 8380 980e 

  0x00007f4725f17e8c: ;   {metadata(method data for {method} {0x00007f46f0bb0ce8} 'draw' '(Lcom/badlogic/gdx/graphics/g2d/SpriteBatch;)V' in 'age/of/civilizations2/jakowski/lukasz/EditorManager')}
  0x00007f4725f17e8c: 0000 0148 | bb38 7706 | f146 7f00 | 008b 8390 | 0000 0083 | c002 8983 | 9000 0000 | 25fe ff1f 
  0x00007f4725f17eac: 0085 c00f | 84f4 3100 | 008b 5a0c 

  0x00007f4725f17eb8: ;   {metadata(method data for {method} {0x00007f46f0bb0ce8} 'draw' '(Lcom/badlogic/gdx/graphics/g2d/SpriteBatch;)V' in 'age/of/civilizations2/jakowski/lukasz/EditorManager')}
  0x00007f4725f17eb8: 85db 48b8 | 3877 06f1 | 467f 0000 | b9d8 0000 | 007c 05b9 | e800 0000 | 4c8b 0408 | 4d8d 4001 
  0x00007f4725f17ed8: 4c89 0408 | 0f8c 3a02 | 0000 4889 | bc24 e001 | 0000 8b42 | 1048 c1e0 | 0348 3b00 

  0x00007f4725f17ef4: ;   {metadata(method data for {method} {0x00007f46f0bb0ce8} 'draw' '(Lcom/badlogic/gdx/graphics/g2d/SpriteBatch;)V' in 'age/of/civilizations2/jakowski/lukasz/EditorManager')}
  0x00007f4725f17ef4: 488b d048 | b938 7706 | f146 7f00 | 008b 5208 | 41ba 0000 | 0040 4903 | d248 3b91 | 0001 0000 
  0x00007f4725f17f14: 750d 4883 | 8108 0100 | 0001 e960 | 0000 0048 | 3b91 1001 | 0000 750d | 4883 8118 | 0100 0001 
  0x00007f4725f17f34: e94a 0000 | 0048 83b9 | 0001 0000 | 0075 1748 | 8991 0001 | 0000 48c7 | 8108 0100 | 0001 0000 
  0x00007f4725f17f54: 00e9 2900 | 0000 4883 | b910 0100 | 0000 7517 | 4889 9110 | 0100 0048 | c781 1801 | 0000 0100 
  0x00007f4725f17f74: 0000 e908 | 0000 0048 | 8381 f800 | 0000 0148 | 8bd3 488b | f00f 1f40 | 0048 b8c8 | 1ad4 0147 
  0x00007f4725f17f94: ;   {virtual_call}
  0x00007f4725f17f94: 7f00 00e8 

  0x00007f4725f17f98: ; ImmutableOopMap {[272]=Oop [480]=Oop }
                      ;*invokeinterface get {reexecute=0 rethrow=0 return_oop=0}
                      ; - age.of.civilizations2.jakowski.lukasz.EditorManager::draw@15 (line 47)
                      ; - age.of.civilizations2.jakowski.lukasz.AoCGame::render@707 (line 460)
  0x00007f4725f17f98: 44cd 4605 

  0x00007f4725f17f9c: ;   {post_call_nop}
  0x00007f4725f17f9c: 0f1f 8400 | 1440 0038 

  0x00007f4725f17fa4: ;   {metadata(method data for {method} {0x00007f46f0bb0ce8} 'draw' '(Lcom/badlogic/gdx/graphics/g2d/SpriteBatch;)V' in 'age/of/civilizations2/jakowski/lukasz/EditorManager')}
  0x00007f4725f17fa4: 4885 c048 | bf38 7706 | f146 7f00 | 0075 0c80 | 8f21 0100 | 0001 e9a7 | 0000 008b | 5808 41ba 
  0x00007f4725f17fc4: 0000 0040 | 4903 da48 | 3b9f 3001 | 0000 750d | 4883 8738 | 0100 0001 | e960 0000 | 0048 3b9f 
  0x00007f4725f17fe4: 4001 0000 | 750d 4883 | 8748 0100 | 0001 e94a | 0000 0048 | 83bf 3001 | 0000 0075 | 1748 899f 
  0x00007f4725f18004: 3001 0000 | 48c7 8738 | 0100 0001 | 0000 00e9 | 2900 0000 | 4883 bf40 | 0100 0000 | 7517 4889 
  0x00007f4725f18024: 9f40 0100 | 0048 c787 | 4801 0000 | 0100 0000 | e908 0000 | 0048 8387 | 2801 0000 

  0x00007f4725f18040: ;   {metadata('age/of/civilizations2/jakowski/lukasz/Editor')}
  0x00007f4725f18040: 0148 bb30 | 8214 4100 | 0000 008b | 7808 41ba | 0000 0040 | 4903 fa48 | 3b5f 380f | 856e 3000 
  0x00007f4725f18060: 00e9 0000 | 0000 488b | f048 3b06 

  0x00007f4725f1806c: ;   {metadata(method data for {method} {0x00007f46f0bb0ce8} 'draw' '(Lcom/badlogic/gdx/graphics/g2d/SpriteBatch;)V' in 'age/of/civilizations2/jakowski/lukasz/EditorManager')}
  0x00007f4725f1806c: 488b d648 | bf38 7706 | f146 7f00 | 008b 5208 | 41ba 0000 | 0040 4903 | d248 3b97 | 6001 0000 
  0x00007f4725f1808c: 750d 4883 | 8768 0100 | 0001 e960 | 0000 0048 | 3b97 7001 | 0000 750d | 4883 8778 | 0100 0001 
  0x00007f4725f180ac: e94a 0000 | 0048 83bf | 6001 0000 | 0075 1748 | 8997 6001 | 0000 48c7 | 8768 0100 | 0001 0000 
  0x00007f4725f180cc: 00e9 2900 | 0000 4883 | bf70 0100 | 0000 7517 | 4889 9770 | 0100 0048 | c787 7801 | 0000 0100 
  0x00007f4725f180ec: 0000 e908 | 0000 0048 | 8387 5801 | 0000 0148 | 8b94 24e0 | 0100 0066 | 9048 b8f0 | 1ad4 0147 
  0x00007f4725f1810c: ;   {virtual_call}
  0x00007f4725f1810c: 7f00 00e8 

  0x00007f4725f18110: ; ImmutableOopMap {[272]=Oop }
                      ;*invokevirtual draw {reexecute=0 rethrow=0 return_oop=0}
                      ; - age.of.civilizations2.jakowski.lukasz.EditorManager::draw@24 (line 47)
                      ; - age.of.civilizations2.jakowski.lukasz.AoCGame::render@707 (line 460)
  0x00007f4725f18110: cccb 4605 

  0x00007f4725f18114: ;   {post_call_nop}
  0x00007f4725f18114: 0f1f 8400 | 8c41 0039 

  0x00007f4725f1811c: ;   {oop(a 'java/lang/Class'{0x000000070c010b18} = 'age/of/civilizations2/jakowski/lukasz/AoCGame')}
  0x00007f4725f1811c: 48be 180b | 010c 0700 | 0000 0fbe | b6b6 0000 

  0x00007f4725f1812c: ;   {metadata(method data for {method} {0x00007f46f042cb90} 'render' '()V' in 'age/of/civilizations2/jakowski/lukasz/AoCGame')}
  0x00007f4725f1812c: 0085 f648 | bee8 464c | f146 7f00 | 00bf c80e | 0000 7505 | bfd8 0e00 | 0048 8b1c | 3e48 8d5b 
  0x00007f4725f1814c: 0148 891c | 3e0f 8545 

  0x00007f4725f18154: ;   {oop(a 'java/lang/Class'{0x00000007ffdff2d8} = 'age/of/civilizations2/jakowski/lukasz/CFG')}
  0x00007f4725f18154: 0000 0048 | bed8 f2df | ff07 0000 | 008b b6d0 | 0200 0048 | c1e6 030f | beb6 8a00 | 0000 85f6 
  0x00007f4725f18174: ;   {metadata(method data for {method} {0x00007f46f042cb90} 'render' '()V' in 'age/of/civilizations2/jakowski/lukasz/AoCGame')}
  0x00007f4725f18174: 48be e846 | 4cf1 467f | 0000 bfe8 | 0e00 0074 | 05bf f80e | 0000 488b | 1c3e 488d | 5b01 4889 
  0x00007f4725f18194: 1c3e 0f84 | d818 0000 

  0x00007f4725f1819c: ;   {oop(a 'java/lang/Class'{0x00000007ffdff2d8} = 'age/of/civilizations2/jakowski/lukasz/CFG')}
  0x00007f4725f1819c: 48bf d8f2 | dfff 0700 | 0000 8bb7 | 0406 0000 | 48c1 e603 

  0x00007f4725f181b0: ; implicit exception: dispatches to 0x00007f4725f1b0e2
  0x00007f4725f181b0: 483b 0648 

  0x00007f4725f181b4: ;   {metadata(method data for {method} {0x00007f46f042cb90} 'render' '()V' in 'age/of/civilizations2/jakowski/lukasz/AoCGame')}
  0x00007f4725f181b4: 8bde 48b8 | e846 4cf1 | 467f 0000 | 4883 8018 | 0f00 0001 | 8b76 1048 | c1e6 0348 | 3b06 488b 
  0x00007f4725f181d4: ;   {metadata(method data for {method} {0x00007f46f042cb90} 'render' '()V' in 'age/of/civilizations2/jakowski/lukasz/AoCGame')}
  0x00007f4725f181d4: de48 b8e8 | 464c f146 | 7f00 008b | 5b08 41ba | 0000 0040 | 4903 da48 | 3b98 400f | 0000 750d 
  0x00007f4725f181f4: 4883 8048 | 0f00 0001 | e960 0000 | 0048 3b98 | 500f 0000 | 750d 4883 | 8058 0f00 | 0001 e94a 
  0x00007f4725f18214: 0000 0048 | 83b8 400f | 0000 0075 | 1748 8998 | 400f 0000 | 48c7 8048 | 0f00 0001 | 0000 00e9 
  0x00007f4725f18234: 2900 0000 | 4883 b850 | 0f00 0000 | 7517 4889 | 9850 0f00 | 0048 c780 | 580f 0000 | 0100 0000 
  0x00007f4725f18254: e908 0000 | 0048 8380 | 380f 0000 

  0x00007f4725f18260: ;   {metadata(method data for {method} {0x00007f46f0b6fb28} 'setScale' '(F)V' in 'com/badlogic/gdx/graphics/g2d/BitmapFont$BitmapFontData')}
  0x00007f4725f18260: 0148 bbc8 | 13da f046 | 7f00 008b | 8390 0000 | 0083 c002 | 8983 9000 | 0000 25fe | ff1f 0085 
  0x00007f4725f18280: c00f 8465 | 2e00 0048 

  0x00007f4725f18288: ;   {metadata(method data for {method} {0x00007f46f0b6fb28} 'setScale' '(F)V' in 'com/badlogic/gdx/graphics/g2d/BitmapFont$BitmapFontData')}
  0x00007f4725f18288: 8bde 48b8 | c813 daf0 | 467f 0000 | 8b5b 0841 | ba00 0000 | 4049 03da | 483b 98e0 | 0000 0075 
  0x00007f4725f182a8: 0d48 8380 | e800 0000 | 01e9 6000 | 0000 483b | 98f0 0000 | 0075 0d48 | 8380 f800 | 0000 01e9 
  0x00007f4725f182c8: 4a00 0000 | 4883 b8e0 | 0000 0000 | 7517 4889 | 98e0 0000 | 0048 c780 | e800 0000 | 0100 0000 
  0x00007f4725f182e8: e929 0000 | 0048 83b8 | f000 0000 | 0075 1748 | 8998 f000 | 0000 48c7 | 80f8 0000 | 0001 0000 
  0x00007f4725f18308: 00e9 0800 | 0000 4883 | 80d8 0000 

  0x00007f4725f18314: ;   {section_word}
  0x00007f4725f18314: 0001 c5fa | 1005 62bd 

  0x00007f4725f1831c: ;   {section_word}
  0x00007f4725f1831c: ffff c5fa | 100d 5ebd | ffff 4889 | bc24 e801 

  0x00007f4725f1832c: ;   {optimized virtual_call}
  0x00007f4725f1832c: 0000 90e8 

  0x00007f4725f18330: ; ImmutableOopMap {[272]=Oop [488]=Oop }
                      ;*invokevirtual setScale {reexecute=0 rethrow=0 return_oop=0}
                      ; - com.badlogic.gdx.graphics.g2d.BitmapFont$BitmapFontData::setScale@3 (line 891)
                      ; - age.of.civilizations2.jakowski.lukasz.AoCGame::render@734 (line 465)
  0x00007f4725f18330: 7cea c405 

  0x00007f4725f18334: ;   {post_call_nop}
  0x00007f4725f18334: 0f1f 8400 | ac43 003a | 488b bc24 | e801 0000 | 8bbf 0407 | 0000 89bc | 24f0 0100 

  0x00007f4725f18350: ;   {metadata(method data for {method} {0x00007f46f042cb90} 'render' '()V' in 'age/of/civilizations2/jakowski/lukasz/AoCGame')}
  0x00007f4725f18350: 0048 bee8 | 464c f146 | 7f00 0048 | 8386 680f 

  0x00007f4725f18360: ;   {metadata(method data for {method} {0x000000004020d800} 'linkToTargetMethod' '(ILjava/lang/Object;)Ljava/lang/Object;' in 'java/lang/invoke/Invokers$Holder')}
  0x00007f4725f18360: 0000 0148 | be38 aa7e | f046 7f00 | 008b 9e90 | 0000 0083 | c302 899e | 9000 0000 | 81e3 feff 
  0x00007f4725f18380: 1f00 85db | 0f84 832d 

  0x00007f4725f18388: ;   {metadata(method data for {method} {0x000000004020d800} 'linkToTargetMethod' '(ILjava/lang/Object;)Ljava/lang/Object;' in 'java/lang/invoke/Invokers$Holder')}
  0x00007f4725f18388: 0000 48be | 38aa 7ef0 | 467f 0000 | 4883 8608 | 0100 0001 

  0x00007f4725f1839c: ;   {metadata(method data for {method} {0x00007f46f0483e90} 'invoke' '(Ljava/lang/Object;I)Ljava/lang/Object;' in 'java/lang/invoke/LambdaForm$MH+0x0000000041055800')}
  0x00007f4725f1839c: 48be 1041 | 48f0 467f | 0000 8b9e | 9000 0000 | 83c3 0289 | 9e90 0000 | 0081 e3fe | ff1f 0085 
  0x00007f4725f183bc: db0f 846b 

  0x00007f4725f183c0: ;   {metadata(method data for {method} {0x00007f46f0483e90} 'invoke' '(Ljava/lang/Object;I)Ljava/lang/Object;' in 'java/lang/invoke/LambdaForm$MH+0x0000000041055800')}
  0x00007f4725f183c0: 2d00 0048 | be10 4148 | f046 7f00 | 0048 8386 | 3801 0000 

  0x00007f4725f183d4: ;   {metadata(method data for {method} {0x00000000402105a8} 'invokeSpecial' '(Ljava/lang/Object;Ljava/lang/Object;I)Ljava/lang/Object;' in 'java/lang/invoke/DirectMethodHandle$Holder')}
  0x00007f4725f183d4: 0148 bee0 | 0e14 f146 | 7f00 008b | 9e90 0000 | 0083 c302 | 899e 9000 | 0000 81e3 | feff 1f00 
  0x00007f4725f183f4: 85db 0f84 | 532d 0000 

  0x00007f4725f183fc: ;   {metadata(method data for {method} {0x00000000402105a8} 'invokeSpecial' '(Ljava/lang/Object;Ljava/lang/Object;I)Ljava/lang/Object;' in 'java/lang/invoke/DirectMethodHandle$Holder')}
  0x00007f4725f183fc: 48be e00e | 14f1 467f | 0000 4883 | 86d8 0000 

  0x00007f4725f1840c: ;   {metadata(method data for {method} {0x0000000040200ce0} 'internalMemberName' '(Ljava/lang/Object;)Ljava/lang/Object;' in 'java/lang/invoke/DirectMethodHandle')}
  0x00007f4725f1840c: 0001 48be | 78bc 71f0 | 467f 0000 | 8b9e 9000 | 0000 83c3 | 0289 9e90 | 0000 0081 | e3fe ff1f 
  0x00007f4725f1842c: 0085 db0f | 843b 2d00 

  0x00007f4725f18434: ;   {oop(a 'java/lang/StringConcatHelper$Concat1'{0x000000070fcd17b8})}
  0x00007f4725f18434: 0048 beb8 | 17cd 0f07 

  0x00007f4725f1843c: ;   {metadata(method data for {method} {0x00000000402105a8} 'invokeSpecial' '(Ljava/lang/Object;Ljava/lang/Object;I)Ljava/lang/Object;' in 'java/lang/invoke/DirectMethodHandle$Holder')}
  0x00007f4725f1843c: 0000 0048 | bbe0 0e14 | f146 7f00 | 0048 8383 | 3801 0000 

  0x00007f4725f18450: ;   {metadata(method data for {method} {0x00000000402c73b0} 'concat' '(I)Ljava/lang/String;' in 'java/lang/StringConcatHelper$Concat1')}
  0x00007f4725f18450: 0148 bed8 | 1014 f146 | 7f00 008b | 9e90 0000 | 0083 c302 | 899e 9000 | 0000 81e3 | feff 1f00 
  0x00007f4725f18470: 85db 0f84 | 192d 0000 

  0x00007f4725f18478: ;   {metadata(method data for {method} {0x00000000402c73b0} 'concat' '(I)Ljava/lang/String;' in 'java/lang/StringConcatHelper$Concat1')}
  0x00007f4725f18478: 48be d810 | 14f1 467f | 0000 4883 | 86d8 0000 

  0x00007f4725f18488: ;   {metadata(method data for {method} {0x000000004048ba10} 'stringSize' '(II)I' in 'java/lang/StringConcatHelper')}
  0x00007f4725f18488: 0001 48be | a815 79f0 | 467f 0000 | 8b9e 9000 | 0000 83c3 | 0289 9e90 | 0000 0081 | e3fe ff1f 
  0x00007f4725f184a8: 0085 db0f | 8401 2d00 

  0x00007f4725f184b0: ;   {metadata(method data for {method} {0x000000004048ba10} 'stringSize' '(II)I' in 'java/lang/StringConcatHelper')}
  0x00007f4725f184b0: 0048 bea8 | 1579 f046 | 7f00 0048 | 8386 d800 | 0000 0148 

  0x00007f4725f184c4: ;   {static_call}
  0x00007f4725f184c4: 8bf7 90e8 

  0x00007f4725f184c8: ; ImmutableOopMap {[272]=Oop }
                      ;*invokestatic stringSize {reexecute=0 rethrow=0 return_oop=0}
                      ; - java.lang.StringConcatHelper::stringSize@2 (line 250)
                      ; - java.lang.StringConcatHelper$Concat1::concat@5 (line 106)
                      ; - java.lang.invoke.DirectMethodHandle$Holder::invokeSpecial@11
                      ; - java.lang.invoke.LambdaForm$MH/0x0000000041055800::invoke@21
                      ; - java.lang.invoke.Invokers$Holder::linkToTargetMethod@5
                      ; - age.of.civilizations2.jakowski.lukasz.AoCGame::render@740 (line 466)
  0x00007f4725f184c8: 3477 2506 

  0x00007f4725f184cc: ;   {post_call_nop}
  0x00007f4725f184cc: 0f1f 8400 | 4445 003b | 83c0 0589 | 8424 f401 

  0x00007f4725f184dc: ;   {metadata(method data for {method} {0x000000004048ba10} 'stringSize' '(II)I' in 'java/lang/StringConcatHelper')}
  0x00007f4725f184dc: 0000 48ba | a815 79f0 | 467f 0000 | 4883 82e8 | 0000 0001 

  0x00007f4725f184f0: ;   {metadata(method data for {method} {0x000000004048b7a8} 'checkOverflow' '(I)I' in 'java/lang/StringConcatHelper')}
  0x00007f4725f184f0: 48ba 604c | 28f0 467f | 0000 8b8a | 9000 0000 | 83c1 0289 | 8a90 0000 | 0081 e1fe | ff1f 0085 
  0x00007f4725f18510: c90f 84bc | 2c00 0085 

  0x00007f4725f18518: ;   {metadata(method data for {method} {0x000000004048b7a8} 'checkOverflow' '(I)I' in 'java/lang/StringConcatHelper')}
  0x00007f4725f18518: c048 ba60 | 4c28 f046 | 7f00 00b9 | d800 0000 | 7c05 b9e8 | 0000 0048 | 8b34 0a48 | 8d76 0148 
  0x00007f4725f18538: 8934 0a0f | 8c48 1400 

  0x00007f4725f18540: ;   {oop(""{0x000000070c1f3cc0})}
  0x00007f4725f18540: 0048 bac0 | 3c1f 0c07 | 0000 0048 

  0x00007f4725f1854c: ;   {metadata(method data for {method} {0x00000000402c73b0} 'concat' '(I)Ljava/lang/String;' in 'java/lang/StringConcatHelper$Concat1')}
  0x00007f4725f1854c: 8bca 48be | d810 14f1 | 467f 0000 | 8b49 0841 | ba00 0000 | 4049 03ca | 483b 8ef0 | 0000 0075 
  0x00007f4725f1856c: 0d48 8386 | f800 0000 | 01e9 6000 | 0000 483b | 8e00 0100 | 0075 0d48 | 8386 0801 | 0000 01e9 
  0x00007f4725f1858c: 4a00 0000 | 4883 bef0 | 0000 0000 | 7517 4889 | 8ef0 0000 | 0048 c786 | f800 0000 | 0100 0000 
  0x00007f4725f185ac: e929 0000 | 0048 83be | 0001 0000 | 0075 1748 | 898e 0001 | 0000 48c7 | 8608 0100 | 0001 0000 
  0x00007f4725f185cc: 00e9 0800 | 0000 4883 | 86e8 0000 

  0x00007f4725f185d8: ;   {metadata(method data for {method} {0x0000000040179398} 'length' '()I' in 'java/lang/String')}
  0x00007f4725f185d8: 0001 48b9 | 88df 01f0 | 467f 0000 | 8bb1 9000 | 0000 83c6 | 0289 b190 | 0000 0081 | e6fe ff1f 
  0x00007f4725f185f8: 0085 f60f | 84f3 2b00 

  0x00007f4725f18600: ;   {metadata(method data for {method} {0x0000000040179398} 'length' '()I' in 'java/lang/String')}
  0x00007f4725f18600: 0048 b988 | df01 f046 | 7f00 008b | 5208 41ba | 0000 0040 | 4903 d248 | 3b91 e000 | 0000 750d 
  0x00007f4725f18620: 4883 81e8 | 0000 0001 | e960 0000 | 0048 3b91 | f000 0000 | 750d 4883 | 81f8 0000 | 0001 e94a 
  0x00007f4725f18640: 0000 0048 | 83b9 e000 | 0000 0075 | 1748 8991 | e000 0000 | 48c7 81e8 | 0000 0001 | 0000 00e9 
  0x00007f4725f18660: 2900 0000 | 4883 b9f0 | 0000 0000 | 7517 4889 | 91f0 0000 | 0048 c781 | f800 0000 | 0100 0000 
  0x00007f4725f18680: e908 0000 | 0048 8381 | d800 0000 

  0x00007f4725f1868c: ;   {metadata(method data for {method} {0x00000000404a06e8} 'coder' '()B' in 'java/lang/String')}
  0x00007f4725f1868c: 0148 ba10 | 8001 f046 | 7f00 008b | 8a90 0000 | 0083 c102 | 898a 9000 | 0000 81e1 | feff 1f00 
  0x00007f4725f186ac: 85c9 0f84 | 612b 0000 

  0x00007f4725f186b4: ;   {metadata(method data for {method} {0x00000000404a06e8} 'coder' '()B' in 'java/lang/String')}
  0x00007f4725f186b4: 48ba 1080 | 01f0 467f | 0000 ff82 | e800 0000 

  0x00007f4725f186c4: ;   {metadata(method data for {method} {0x00000000404a06e8} 'coder' '()B' in 'java/lang/String')}
  0x00007f4725f186c4: 48ba 1080 | 01f0 467f | 0000 ff82 | f800 0000 

  0x00007f4725f186d4: ;   {metadata(method data for {method} {0x00000000402c73b0} 'concat' '(I)Ljava/lang/String;' in 'java/lang/StringConcatHelper$Concat1')}
  0x00007f4725f186d4: 48ba d810 | 14f1 467f | 0000 4883 | 8218 0100 

  0x00007f4725f186e4: ;   {metadata(method data for {method} {0x000000004048b750} 'newArrayWithSuffix' '(Ljava/lang/String;IB)[B' in 'java/lang/StringConcatHelper')}
  0x00007f4725f186e4: 0001 48ba | 60ea 3cf0 | 467f 0000 | 8b8a 9000 | 0000 83c1 | 0289 8a90 | 0000 0081 | e1fe ff1f 
  0x00007f4725f18704: 0085 c90f | 8429 2b00 

  0x00007f4725f1870c: ;   {oop(""{0x000000070c1f3cc0})}
  0x00007f4725f1870c: 0048 bac0 | 3c1f 0c07 | 0000 0048 

  0x00007f4725f18718: ;   {metadata(method data for {method} {0x000000004048b750} 'newArrayWithSuffix' '(Ljava/lang/String;IB)[B' in 'java/lang/StringConcatHelper')}
  0x00007f4725f18718: 8bca 48be | 60ea 3cf0 | 467f 0000 | 8b49 0841 | ba00 0000 | 4049 03ca | 483b 8ee0 | 0000 0075 
  0x00007f4725f18738: 0d48 8386 | e800 0000 | 01e9 6000 | 0000 483b | 8ef0 0000 | 0075 0d48 | 8386 f800 | 0000 01e9 
  0x00007f4725f18758: 4a00 0000 | 4883 bee0 | 0000 0000 | 7517 4889 | 8ee0 0000 | 0048 c786 | e800 0000 | 0100 0000 
  0x00007f4725f18778: e929 0000 | 0048 83be | f000 0000 | 0075 1748 | 898e f000 | 0000 48c7 | 86f8 0000 | 0001 0000 
  0x00007f4725f18798: 00e9 0800 | 0000 4883 | 86d8 0000 

  0x00007f4725f187a4: ;   {metadata(method data for {method} {0x0000000040179398} 'length' '()I' in 'java/lang/String')}
  0x00007f4725f187a4: 0001 48b9 | 88df 01f0 | 467f 0000 | 8bb1 9000 | 0000 83c6 | 0289 b190 | 0000 0081 | e6fe ff1f 
  0x00007f4725f187c4: 0085 f60f | 848a 2a00 

  0x00007f4725f187cc: ;   {metadata(method data for {method} {0x0000000040179398} 'length' '()I' in 'java/lang/String')}
  0x00007f4725f187cc: 0048 b988 | df01 f046 | 7f00 008b | 5208 41ba | 0000 0040 | 4903 d248 | 3b91 e000 | 0000 750d 
  0x00007f4725f187ec: 4883 81e8 | 0000 0001 | e960 0000 | 0048 3b91 | f000 0000 | 750d 4883 | 81f8 0000 | 0001 e94a 
  0x00007f4725f1880c: 0000 0048 | 83b9 e000 | 0000 0075 | 1748 8991 | e000 0000 | 48c7 81e8 | 0000 0001 | 0000 00e9 
  0x00007f4725f1882c: 2900 0000 | 4883 b9f0 | 0000 0000 | 7517 4889 | 91f0 0000 | 0048 c781 | f800 0000 | 0100 0000 
  0x00007f4725f1884c: e908 0000 | 0048 8381 | d800 0000 

  0x00007f4725f18858: ;   {metadata(method data for {method} {0x00000000404a06e8} 'coder' '()B' in 'java/lang/String')}
  0x00007f4725f18858: 0148 ba10 | 8001 f046 | 7f00 008b | 8a90 0000 | 0083 c102 | 898a 9000 | 0000 81e1 | feff 1f00 
  0x00007f4725f18878: 85c9 0f84 | f829 0000 

  0x00007f4725f18880: ;   {metadata(method data for {method} {0x00000000404a06e8} 'coder' '()B' in 'java/lang/String')}
  0x00007f4725f18880: 48ba 1080 | 01f0 467f | 0000 ff82 | e800 0000 

  0x00007f4725f18890: ;   {metadata(method data for {method} {0x00000000404a06e8} 'coder' '()B' in 'java/lang/String')}
  0x00007f4725f18890: 48ba 1080 | 01f0 467f | 0000 ff82 | f800 0000 

  0x00007f4725f188a0: ;   {metadata(method data for {method} {0x000000004048b750} 'newArrayWithSuffix' '(Ljava/lang/String;IB)[B' in 'java/lang/StringConcatHelper')}
  0x00007f4725f188a0: 48ba 60ea | 3cf0 467f | 0000 4883 | 8208 0100 

  0x00007f4725f188b0: ;   {metadata(method data for {method} {0x000000004048bdd8} 'newArray' '(I)[B' in 'java/lang/StringConcatHelper')}
  0x00007f4725f188b0: 0001 48ba | 9870 0df0 | 467f 0000 | 8b8a 9000 | 0000 83c1 | 0289 8a90 | 0000 0081 | e1fe ff1f 
  0x00007f4725f188d0: 0085 c90f | 84c0 2900 

  0x00007f4725f188d8: ;   {metadata(method data for {method} {0x000000004048bdd8} 'newArray' '(I)[B' in 'java/lang/StringConcatHelper')}
  0x00007f4725f188d8: 0085 c048 | ba98 700d | f046 7f00 | 00b9 e800 | 0000 7c05 | b9d8 0000 | 0048 8b34 | 0a48 8d76 
  0x00007f4725f188f8: 0148 8934 | 0a0f 8ce6 

  0x00007f4725f18900: ;   {oop(a 'jdk/internal/misc/Unsafe'{0x000000070c0010e0})}
  0x00007f4725f18900: 0f00 0048 | bee0 1000 | 0c07 0000 | 0048 8bd6 

  0x00007f4725f18910: ;   {metadata(method data for {method} {0x000000004048bdd8} 'newArray' '(I)[B' in 'java/lang/StringConcatHelper')}
  0x00007f4725f18910: 48b9 9870 | 0df0 467f | 0000 8b52 | 0841 ba00 | 0000 4049 | 03d2 483b | 9110 0100 | 0075 0d48 
  0x00007f4725f18930: 8381 1801 | 0000 01e9 | 6000 0000 | 483b 9120 | 0100 0075 | 0d48 8381 | 2801 0000 | 01e9 4a00 
  0x00007f4725f18950: 0000 4883 | b910 0100 | 0000 7517 | 4889 9110 | 0100 0048 | c781 1801 | 0000 0100 | 0000 e929 
  0x00007f4725f18970: 0000 0048 | 83b9 2001 | 0000 0075 | 1748 8991 | 2001 0000 | 48c7 8128 | 0100 0001 | 0000 00e9 
  0x00007f4725f18990: 0800 0000 | 4883 8108 | 0100 0001 

  0x00007f4725f1899c: ;   {oop(a 'java/lang/Class'{0x000000070c1e3398} = byte)}
  0x00007f4725f1899c: 48ba 9833 | 1e0c 0700 | 0000 488b | c866 0f1f 

  0x00007f4725f189ac: ;   {optimized virtual_call}
  0x00007f4725f189ac: 4400 00e8 

  0x00007f4725f189b0: ; ImmutableOopMap {[272]=Oop }
                      ;*invokevirtual allocateUninitializedArray {reexecute=0 rethrow=0 return_oop=0}
                      ; - java.lang.StringConcatHelper::newArray@21 (line 283)
                      ; - java.lang.StringConcatHelper::newArrayWithSuffix@8 (line 309)
                      ; - java.lang.StringConcatHelper$Concat1::concat@29 (line 109)
                      ; - java.lang.invoke.DirectMethodHandle$Holder::invokeSpecial@11
                      ; - java.lang.invoke.LambdaForm$MH/0x0000000041055800::invoke@21
                      ; - java.lang.invoke.Invokers$Holder::linkToTargetMethod@5
                      ; - age.of.civilizations2.jakowski.lukasz.AoCGame::render@740 (line 466)
  0x00007f4725f189b0: 5c09 b005 

  0x00007f4725f189b4: ;   {post_call_nop}
  0x00007f4725f189b4: 0f1f 8400 | 2c4a 003c 

  0x00007f4725f189bc: ;   {metadata(method data for {method} {0x000000004048bdd8} 'newArray' '(I)[B' in 'java/lang/StringConcatHelper')}
  0x00007f4725f189bc: 4885 c048 | b998 700d | f046 7f00 | 0075 0c80 | 8931 0100 | 0001 e9a8 | 0000 0044 | 8b40 0841 
  0x00007f4725f189dc: ba00 0000 | 404d 03c2 | 4c3b 8140 | 0100 0075 | 0d48 8381 | 4801 0000 | 01e9 6000 | 0000 4c3b 
  0x00007f4725f189fc: 8150 0100 | 0075 0d48 | 8381 5801 | 0000 01e9 | 4a00 0000 | 4883 b940 | 0100 0000 | 7517 4c89 
  0x00007f4725f18a1c: 8140 0100 | 0048 c781 | 4801 0000 | 0100 0000 | e929 0000 | 0048 83b9 | 5001 0000 | 0075 174c 
  0x00007f4725f18a3c: 8981 5001 | 0000 48c7 | 8158 0100 | 0001 0000 | 00e9 0800 | 0000 4883 | 8138 0100 

  0x00007f4725f18a58: ;   {metadata({type array byte})}
  0x00007f4725f18a58: 0001 49b8 | 9859 1740 | 0000 0000 | 8b48 0841 | ba00 0000 | 4049 03ca | 4c3b 4138 | 0f85 4028 
  0x00007f4725f18a78: 0000 e900 | 0000 0048 | 8bf8 4889 | bc24 f801 

  0x00007f4725f18a88: ;   {metadata(method data for {method} {0x000000004048b750} 'newArrayWithSuffix' '(Ljava/lang/String;IB)[B' in 'java/lang/StringConcatHelper')}
  0x00007f4725f18a88: 0000 48ba | 60ea 3cf0 | 467f 0000 | ff82 2801 

  0x00007f4725f18a98: ;   {oop(""{0x000000070c1f3cc0})}
  0x00007f4725f18a98: 0000 48be | c03c 1f0c | 0700 0000 

  0x00007f4725f18aa4: ;   {metadata(method data for {method} {0x000000004048b750} 'newArrayWithSuffix' '(Ljava/lang/String;IB)[B' in 'java/lang/StringConcatHelper')}
  0x00007f4725f18aa4: 488b d648 | b960 ea3c | f046 7f00 | 008b 5208 | 41ba 0000 | 0040 4903 | d248 3b91 | 4001 0000 
  0x00007f4725f18ac4: 750d 4883 | 8148 0100 | 0001 e960 | 0000 0048 | 3b91 5001 | 0000 750d | 4883 8158 | 0100 0001 
  0x00007f4725f18ae4: e94a 0000 | 0048 83b9 | 4001 0000 | 0075 1748 | 8991 4001 | 0000 48c7 | 8148 0100 | 0001 0000 
  0x00007f4725f18b04: 00e9 2900 | 0000 4883 | b950 0100 | 0000 7517 | 4889 9150 | 0100 0048 | c781 5801 | 0000 0100 
  0x00007f4725f18b24: 0000 e908 | 0000 0048 | 8381 3801 | 0000 0148 | 8bd7 8b8c | 24f4 0100 | 0041 b800 | 0000 000f 
  0x00007f4725f18b44: ;   {optimized virtual_call}
  0x00007f4725f18b44: 1f40 00e8 

  0x00007f4725f18b48: ; ImmutableOopMap {[272]=Oop [504]=Oop }
                      ;*invokevirtual getBytes {reexecute=0 rethrow=0 return_oop=0}
                      ; - java.lang.StringConcatHelper::newArrayWithSuffix@20 (line 311)
                      ; - java.lang.StringConcatHelper$Concat1::concat@29 (line 109)
                      ; - java.lang.invoke.DirectMethodHandle$Holder::invokeSpecial@11
                      ; - java.lang.invoke.LambdaForm$MH/0x0000000041055800::invoke@21
                      ; - java.lang.invoke.Invokers$Holder::linkToTargetMethod@5
                      ; - age.of.civilizations2.jakowski.lukasz.AoCGame::render@740 (line 466)
  0x00007f4725f18b48: c4c6 a805 

  0x00007f4725f18b4c: ;   {post_call_nop}
  0x00007f4725f18b4c: 0f1f 8400 | c44b 003d 

  0x00007f4725f18b54: ;   {metadata(method data for {method} {0x000000004048b750} 'newArrayWithSuffix' '(Ljava/lang/String;IB)[B' in 'java/lang/StringConcatHelper')}
  0x00007f4725f18b54: 48be 60ea | 3cf0 467f | 0000 ff86 | 6801 0000 | 488b bc24 | f801 0000 

  0x00007f4725f18b6c: ;   {metadata(method data for {method} {0x00000000402c73b0} 'concat' '(I)Ljava/lang/String;' in 'java/lang/StringConcatHelper$Concat1')}
  0x00007f4725f18b6c: 48be d810 | 14f1 467f | 0000 4883 | 8628 0100 | 0001 8bb4 | 24f4 0100 | 00ba 0000 | 0000 488b 
  0x00007f4725f18b8c: cf44 8b84 | 24f0 0100 

  0x00007f4725f18b94: ;   {oop("FPS: "{0x000000070fcd17e8})}
  0x00007f4725f18b94: 0049 b9e8 | 17cd 0f07 

  0x00007f4725f18b9c: ;   {static_call}
  0x00007f4725f18b9c: 0000 00e8 

  0x00007f4725f18ba0: ; ImmutableOopMap {[272]=Oop [504]=Oop }
                      ;*invokestatic prepend {reexecute=0 rethrow=0 return_oop=0}
                      ; - java.lang.StringConcatHelper$Concat1::concat@48 (line 110)
                      ; - java.lang.invoke.DirectMethodHandle$Holder::invokeSpecial@11
                      ; - java.lang.invoke.LambdaForm$MH/0x0000000041055800::invoke@21
                      ; - java.lang.invoke.Invokers$Holder::linkToTargetMethod@5
                      ; - age.of.civilizations2.jakowski.lukasz.AoCGame::render@740 (line 466)
  0x00007f4725f18ba0: 5c9a cd05 

  0x00007f4725f18ba4: ;   {post_call_nop}
  0x00007f4725f18ba4: 0f1f 8400 | 1c4c 003e 

  0x00007f4725f18bac: ;   {metadata('java/lang/String')}
  0x00007f4725f18bac: 48ba 6889 | 1740 0000 | 0000 498b | 87b0 0100 | 0048 8d78 | 1849 3bbf | c001 0000 | 0f87 f526 
  0x00007f4725f18bcc: 0000 4989 | bfb0 0100 | 0048 c700 | 0100 0000 | 488b ca41 | ba00 0000 | 4049 2bca | 8948 0848 
  0x00007f4725f18bec: 33c9 8948 | 0c48 33c9 | 4889 4810 

  0x00007f4725f18bf8: ;   {metadata(method data for {method} {0x00000000402c73b0} 'concat' '(I)Ljava/lang/String;' in 'java/lang/StringConcatHelper$Concat1')}
  0x00007f4725f18bf8: 488b d048 | bed8 1014 | f146 7f00 | 0048 8386 | 3801 0000 

  0x00007f4725f18c0c: ;   {metadata(method data for {method} {0x00000000404a10e0} '<init>' '([BB)V' in 'java/lang/String')}
  0x00007f4725f18c0c: 0148 bac0 | 6905 f046 | 7f00 008b | b290 0000 | 0083 c602 | 89b2 9000 | 0000 81e6 | feff 1f00 
  0x00007f4725f18c2c: 85f6 0f84 | 9c26 0000 

  0x00007f4725f18c34: ;   {metadata(method data for {method} {0x00000000404a10e0} '<init>' '([BB)V' in 'java/lang/String')}
  0x00007f4725f18c34: 488b d048 | bec0 6905 | f046 7f00 | 0048 8386 | d800 0000 

  0x00007f4725f18c48: ;   {metadata(method data for {method} {0x00000000404a5e88} '<init>' '()V' in 'java/lang/Object')}
  0x00007f4725f18c48: 0148 bac0 | 7e00 f046 | 7f00 008b | b290 0000 | 0083 c602 | 89b2 9000 | 0000 81e6 | feff 1f00 
  0x00007f4725f18c68: 85f6 0f84 | 8126 0000 | 410f be57 | 4885 d20f | 8595 2600 | 0048 8bbc | 24f8 0100 | 004c 8bd7 
  0x00007f4725f18c88: 49c1 ea03 | 4489 5014 | 488b f048 | 33f7 48c1 | ee15 7418 | 4885 ff74 | 1348 8bf0 | 48c1 ee09 
  0x00007f4725f18ca8: 4903 7750 | 803e ff75 | 03c6 0600 

  0x00007f4725f18cb4: ;   {metadata('com/badlogic/gdx/graphics/g2d/GlyphLayout')}
  0x00007f4725f18cb4: 48ba 080a | 0841 0000 | 0000 4c8b | c049 8b87 | b001 0000 | 488d 7820 | 493b bfc0 | 0100 000f 
  0x00007f4725f18cd4: 8757 2600 | 0049 89bf | b001 0000 | 48c7 0001 | 0000 0048 | 8bca 41ba | 0000 0040 | 492b ca89 
  0x00007f4725f18cf4: 4808 4833 | c989 480c | 4833 c948 | 8948 1048 

  0x00007f4725f18d04: ;   {oop(a 'java/lang/Class'{0x00000007ffdff2d8} = 'age/of/civilizations2/jakowski/lukasz/CFG')}
  0x00007f4725f18d04: 8948 1849 | bbd8 f2df | ff07 0000 | 004c 899c | 2400 0200 | 0045 8bab | 0406 0000 | 49c1 e503 
  0x00007f4725f18d24: ;   {metadata(method data for {method} {0x00007f46f042cb90} 'render' '()V' in 'age/of/civilizations2/jakowski/lukasz/AoCGame')}
  0x00007f4725f18d24: 488b d048 | bee8 464c | f146 7f00 | 0048 8386 | 880f 0000 

  0x00007f4725f18d38: ;   {metadata(method data for {method} {0x00007f46f062cfa8} '<init>' '(Lcom/badlogic/gdx/graphics/g2d/BitmapFont;Ljava/lang/CharSequence;)V' in 'com/badlogic/gdx/graphics/g2d/GlyphLayout')}
  0x00007f4725f18d38: 0148 ba08 | 7906 f146 | 7f00 008b | b290 0000 | 0083 c602 | 89b2 9000 | 0000 81e6 | feff 1f00 
  0x00007f4725f18d58: 85f6 0f84 | dd25 0000 

  0x00007f4725f18d60: ;   {metadata(method data for {method} {0x00007f46f062cfa8} '<init>' '(Lcom/badlogic/gdx/graphics/g2d/BitmapFont;Ljava/lang/CharSequence;)V' in 'com/badlogic/gdx/graphics/g2d/GlyphLayout')}
  0x00007f4725f18d60: 488b d048 | be08 7906 | f146 7f00 | 0048 8386 | d800 0000 

  0x00007f4725f18d74: ;   {metadata(method data for {method} {0x00000000404a5e88} '<init>' '()V' in 'java/lang/Object')}
  0x00007f4725f18d74: 0148 bac0 | 7e00 f046 | 7f00 008b | b290 0000 | 0083 c602 | 89b2 9000 | 0000 81e6 | feff 1f00 
  0x00007f4725f18d94: 85f6 0f84 | c225 0000 

  0x00007f4725f18d9c: ;   {metadata('com/badlogic/gdx/utils/Array')}
  0x00007f4725f18d9c: 48ba e816 | 0441 0000 | 0000 4c8b | f049 8b87 | b001 0000 | 488d 7820 | 493b bfc0 | 0100 000f 
  0x00007f4725f18dbc: 87be 2500 | 0049 89bf | b001 0000 | 48c7 0001 | 0000 0048 | 8bca 41ba | 0000 0040 | 492b ca89 
  0x00007f4725f18ddc: 4808 4833 | c989 480c | 4833 c948 | 8948 1048 | 8948 1848 

  0x00007f4725f18df0: ;   {metadata(method data for {method} {0x00007f46f062cfa8} '<init>' '(Lcom/badlogic/gdx/graphics/g2d/BitmapFont;Ljava/lang/CharSequence;)V' in 'com/badlogic/gdx/graphics/g2d/GlyphLayout')}
  0x00007f4725f18df0: 8bd8 48ba | 0879 06f1 | 467f 0000 | 4883 82e8 | 0000 0001 

  0x00007f4725f18e04: ;   {metadata(method data for {method} {0x00007f46f04096d0} '<init>' '()V' in 'com/badlogic/gdx/utils/Array')}
  0x00007f4725f18e04: 48bb 80b6 | d2f0 467f | 0000 8b93 | 9000 0000 | 83c2 0289 | 9390 0000 | 0081 e2fe | ff1f 0085 
  0x00007f4725f18e24: d20f 8461 | 2500 0048 

  0x00007f4725f18e2c: ;   {metadata(method data for {method} {0x00007f46f04096d0} '<init>' '()V' in 'com/badlogic/gdx/utils/Array')}
  0x00007f4725f18e2c: 8bd8 48ba | 80b6 d2f0 | 467f 0000 | 4883 82d8 | 0000 0001 

  0x00007f4725f18e40: ;   {metadata(method data for {method} {0x00007f46f0409860} '<init>' '(ZI)V' in 'com/badlogic/gdx/utils/Array')}
  0x00007f4725f18e40: 48bb 88b7 | d2f0 467f | 0000 8b93 | 9000 0000 | 83c2 0289 | 9390 0000 | 0081 e2fe | ff1f 0085 
  0x00007f4725f18e60: d20f 8446 | 2500 0048 

  0x00007f4725f18e68: ;   {metadata(method data for {method} {0x00007f46f0409860} '<init>' '(ZI)V' in 'com/badlogic/gdx/utils/Array')}
  0x00007f4725f18e68: 8bd8 48ba | 88b7 d2f0 | 467f 0000 | 4883 82d8 | 0000 0001 

  0x00007f4725f18e7c: ;   {metadata(method data for {method} {0x00000000404a5e88} '<init>' '()V' in 'java/lang/Object')}
  0x00007f4725f18e7c: 48bb c07e | 00f0 467f | 0000 8b93 | 9000 0000 | 83c2 0289 | 9390 0000 | 0081 e2fe | ff1f 0085 
  0x00007f4725f18e9c: d20f 842b | 2500 00c6 | 4010 01bb | 1000 0000 

  0x00007f4725f18eac: ;   {metadata('java/lang/Object'[])}
  0x00007f4725f18eac: 48ba 0849 | 1740 0000 | 0000 4c8b | c848 63db | 488b fb48 | 81fb ffff | ff00 0f87 | 2325 0000 
  0x00007f4725f18ecc: be17 0000 | 0048 8d34 | 9e48 83e6 | f849 8b87 | b001 0000 | 488d 3430 | 493b b7c0 | 0100 000f 
  0x00007f4725f18eec: 87fe 2400 | 0049 89b7 | b001 0000 | 482b f048 | c700 0100 | 0000 488b | ca41 ba00 | 0000 4049 
  0x00007f4725f18f0c: 2bca 8948 | 0889 580c | 4883 ee10 | 4885 f60f | 8411 0000 | 0048 33db | 48c1 ee03 | 4889 5cf0 
  0x00007f4725f18f2c: 0848 ffce | 75f6 410f | be57 4885 | d20f 85ba | 2400 004c | 8bd0 49c1 | ea03 4589 | 5114 498b 
  0x00007f4725f18f4c: f148 33f0 | 48c1 ee15 | 7418 4885 | c074 1349 | 8bf1 48c1 | ee09 4903 | 7750 803e | ff75 03c6 
  0x00007f4725f18f6c: 0600 410f | be57 4885 | d20f 859d | 2400 004d | 8bd1 49c1 | ea03 4589 | 5614 498b | f649 33f1 
  0x00007f4725f18f8c: 48c1 ee15 | 7418 4d85 | c974 1349 | 8bf6 48c1 | ee09 4903 | 7750 803e | ff75 03c6 

  0x00007f4725f18fa8: ;   {metadata('com/badlogic/gdx/utils/Array')}
  0x00007f4725f18fa8: 0600 48ba | e816 0441 | 0000 0000 | 498b 87b0 | 0100 0048 | 8d78 2049 | 3bbf c001 | 0000 0f87 
  0x00007f4725f18fc8: 6b24 0000 | 4989 bfb0 | 0100 0048 | c700 0100 | 0000 488b | ca41 ba00 | 0000 4049 | 2bca 8948 
  0x00007f4725f18fe8: 0848 33c9 | 8948 0c48 | 33c9 4889 | 4810 4889 | 4818 4c8b | c849 8bd9 

  0x00007f4725f19000: ;   {metadata(method data for {method} {0x00007f46f062cfa8} '<init>' '(Lcom/badlogic/gdx/graphics/g2d/BitmapFont;Ljava/lang/CharSequence;)V' in 'com/badlogic/gdx/graphics/g2d/GlyphLayout')}
  0x00007f4725f19000: 48ba 0879 | 06f1 467f | 0000 4883 | 82f8 0000 

  0x00007f4725f19010: ;   {metadata(method data for {method} {0x00007f46f0409788} '<init>' '(I)V' in 'com/badlogic/gdx/utils/Array')}
  0x00007f4725f19010: 0001 48bb | 687e 1641 | 0000 0000 | 8b93 9000 | 0000 83c2 | 0289 9390 | 0000 0081 | e2fe ff1f 
  0x00007f4725f19030: 0085 d20f | 840b 2400 | 0049 8bd9 

  0x00007f4725f1903c: ;   {metadata(method data for {method} {0x00007f46f0409788} '<init>' '(I)V' in 'com/badlogic/gdx/utils/Array')}
  0x00007f4725f1903c: 48ba 687e | 1641 0000 | 0000 4883 | 82d8 0000 

  0x00007f4725f1904c: ;   {metadata(method data for {method} {0x00007f46f0409860} '<init>' '(ZI)V' in 'com/badlogic/gdx/utils/Array')}
  0x00007f4725f1904c: 0001 48bb | 88b7 d2f0 | 467f 0000 | 8b93 9000 | 0000 83c2 | 0289 9390 | 0000 0081 | e2fe ff1f 
  0x00007f4725f1906c: 0085 d20f | 84f0 2300 | 0049 8bd9 

  0x00007f4725f19078: ;   {metadata(method data for {method} {0x00007f46f0409860} '<init>' '(ZI)V' in 'com/badlogic/gdx/utils/Array')}
  0x00007f4725f19078: 48ba 88b7 | d2f0 467f | 0000 4883 | 82d8 0000 

  0x00007f4725f19088: ;   {metadata(method data for {method} {0x00000000404a5e88} '<init>' '()V' in 'java/lang/Object')}
  0x00007f4725f19088: 0001 48bb | c07e 00f0 | 467f 0000 | 8b93 9000 | 0000 83c2 | 0289 9390 | 0000 0081 | e2fe ff1f 
  0x00007f4725f190a8: 0085 d20f | 84d5 2300 | 0041 c641 | 1001 bb04 

  0x00007f4725f190b8: ;   {metadata('java/lang/Object'[])}
  0x00007f4725f190b8: 0000 0048 | ba08 4917 | 4000 0000 | 0048 63db | 488b fb48 | 81fb ffff | ff00 0f87 | cf23 0000 
  0x00007f4725f190d8: be17 0000 | 0048 8d34 | 9e48 83e6 | f849 8b87 | b001 0000 | 488d 3430 | 493b b7c0 | 0100 000f 
  0x00007f4725f190f8: 87aa 2300 | 0049 89b7 | b001 0000 | 482b f048 | c700 0100 | 0000 488b | ca41 ba00 | 0000 4049 
  0x00007f4725f19118: 2bca 8948 | 0889 580c | 4883 ee10 | 4885 f60f | 8411 0000 | 0048 33db | 48c1 ee03 | 4889 5cf0 
  0x00007f4725f19138: 0848 ffce | 75f6 410f | be57 4885 | d20f 8566 | 2300 004c | 8bd0 49c1 | ea03 4589 | 5114 498b 
  0x00007f4725f19158: c948 33c8 | 48c1 e915 | 7418 4885 | c074 1349 | 8bc9 48c1 | e909 4903 | 4f50 8039 | ff75 03c6 
  0x00007f4725f19178: 0100 410f | be57 4885 | d20f 8549 | 2300 004d | 8bd1 49c1 | ea03 4589 | 5618 498b | ce49 33c9 
  0x00007f4725f19198: 48c1 e915 | 7418 4d85 | c974 1349 | 8bce 48c1 | e909 4903 | 4f50 8039 | ff75 03c6 | 0100 498b 
  0x00007f4725f191b8: ;   {metadata(method data for {method} {0x00007f46f062cfa8} '<init>' '(Lcom/badlogic/gdx/graphics/g2d/BitmapFont;Ljava/lang/CharSequence;)V' in 'com/badlogic/gdx/graphics/g2d/GlyphLayout')}
  0x00007f4725f191b8: c648 ba08 | 7906 f146 | 7f00 0048 | 8382 1801 | 0000 0149 | 8bd5 498b | c849 8bf6 | 4c89 8424 
  0x00007f4725f191d8: 1002 0000 | 4c89 b424 | 0802 0000 

  0x00007f4725f191e4: ;   {optimized virtual_call}
  0x00007f4725f191e4: 6666 90e8 

  0x00007f4725f191e8: ; ImmutableOopMap {[272]=Oop [512]=Oop [520]=Oop [528]=Oop }
                      ;*invokevirtual setText {reexecute=0 rethrow=0 return_oop=0}
                      ; - com.badlogic.gdx.graphics.g2d.GlyphLayout::<init>@30 (line 46)
                      ; - age.of.civilizations2.jakowski.lukasz.AoCGame::render@754 (line 467)
  0x00007f4725f191e8: a487 c605 

  0x00007f4725f191ec: ;   {post_call_nop}
  0x00007f4725f191ec: 0f1f 8400 | 6452 003f | 488b b424 | 1001 0000 | 8b56 4c48 | c1e2 034c | 8b9c 2400 | 0200 0041 
  0x00007f4725f1920c: 8b8b fc06 | 0000 488b | 8424 0802 | 0000 c5fa | 1040 0c45 | 8b83 3007 

  0x00007f4725f19224: ;   {metadata(method data for {method} {0x00007f46f042cb90} 'render' '()V' in 'age/of/civilizations2/jakowski/lukasz/AoCGame')}
  0x00007f4725f19224: 0000 49b9 | e846 4cf1 | 467f 0000 | 4983 8198 | 0f00 0001 | c5f2 2ac9 | c5f2 5cc8 | 41d1 e0c4 
  0x00007f4725f19244: c17a 2ac0 | c5f2 5cc8 | c5fa 2cc9 | 81f9 0000 | 0080 750f | 4883 ec08 | c5fa 110c 

  0x00007f4725f19260: ;   {runtime_call Stub::Stub Generator f2i_fixup_stub}
  0x00007f4725f19260: 24e8 d4e3 

  0x00007f4725f19264: ;   {oop(a 'com/badlogic/gdx/graphics/Color'{0x000000070c006848})}
  0x00007f4725f19264: 4105 5949 | b948 6800 | 0c07 0000 | 0048 8bf2 | 488b 9424 | 1002 0000 

  0x00007f4725f1927c: ;   {static_call}
  0x00007f4725f1927c: 6666 90e8 

  0x00007f4725f19280: ; ImmutableOopMap {[272]=Oop [512]=Oop }
                      ;*invokestatic drawTextWithShadow {reexecute=0 rethrow=0 return_oop=0}
                      ; - age.of.civilizations2.jakowski.lukasz.AoCGame::render@788 (line 468)
  0x00007f4725f19280: 7cea f905 

  0x00007f4725f19284: ;   {post_call_nop}
  0x00007f4725f19284: 0f1f 8400 | fc52 0040 | 4c8b 9c24 | 0002 0000 | 418b b304 | 0600 0048 | c1e6 0348 | 3b06 488b 
  0x00007f4725f192a4: ;   {metadata(method data for {method} {0x00007f46f042cb90} 'render' '()V' in 'age/of/civilizations2/jakowski/lukasz/AoCGame')}
  0x00007f4725f192a4: fe48 bbe8 | 464c f146 | 7f00 0048 | 8383 b80f | 0000 018b | 7610 48c1 | e603 483b | 0648 8bfe 
  0x00007f4725f192c4: ;   {metadata(method data for {method} {0x00007f46f042cb90} 'render' '()V' in 'age/of/civilizations2/jakowski/lukasz/AoCGame')}
  0x00007f4725f192c4: 48bb e846 | 4cf1 467f | 0000 8b7f | 0841 ba00 | 0000 4049 | 03fa 483b | bbe0 0f00 | 0075 0d48 
  0x00007f4725f192e4: 8383 e80f | 0000 01e9 | 6000 0000 | 483b bbf0 | 0f00 0075 | 0d48 8383 | f80f 0000 | 01e9 4a00 
  0x00007f4725f19304: 0000 4883 | bbe0 0f00 | 0000 7517 | 4889 bbe0 | 0f00 0048 | c783 e80f | 0000 0100 | 0000 e929 
  0x00007f4725f19324: 0000 0048 | 83bb f00f | 0000 0075 | 1748 89bb | f00f 0000 | 48c7 83f8 | 0f00 0001 | 0000 00e9 
  0x00007f4725f19344: 0800 0000 | 4883 83d8 | 0f00 0001 

  0x00007f4725f19350: ;   {metadata(method data for {method} {0x00007f46f0b6fb28} 'setScale' '(F)V' in 'com/badlogic/gdx/graphics/g2d/BitmapFont$BitmapFontData')}
  0x00007f4725f19350: 48bf c813 | daf0 467f | 0000 8b9f | 9000 0000 | 83c3 0289 | 9f90 0000 | 0081 e3fe | ff1f 0085 
  0x00007f4725f19370: db0f 8482 | 2100 0048 

  0x00007f4725f19378: ;   {metadata(method data for {method} {0x00007f46f0b6fb28} 'setScale' '(F)V' in 'com/badlogic/gdx/graphics/g2d/BitmapFont$BitmapFontData')}
  0x00007f4725f19378: 8bfe 48bb | c813 daf0 | 467f 0000 | 8b7f 0841 | ba00 0000 | 4049 03fa | 483b bbe0 | 0000 0075 
  0x00007f4725f19398: 0d48 8383 | e800 0000 | 01e9 6000 | 0000 483b | bbf0 0000 | 0075 0d48 | 8383 f800 | 0000 01e9 
  0x00007f4725f193b8: 4a00 0000 | 4883 bbe0 | 0000 0000 | 7517 4889 | bbe0 0000 | 0048 c783 | e800 0000 | 0100 0000 
  0x00007f4725f193d8: e929 0000 | 0048 83bb | f000 0000 | 0075 1748 | 89bb f000 | 0000 48c7 | 83f8 0000 | 0001 0000 
  0x00007f4725f193f8: 00e9 0800 | 0000 4883 | 83d8 0000 

  0x00007f4725f19404: ;   {section_word}
  0x00007f4725f19404: 0001 c5fa | 1005 7aac 

  0x00007f4725f1940c: ;   {section_word}
  0x00007f4725f1940c: ffff c5fa | 100d 76ac 

  0x00007f4725f19414: ;   {optimized virtual_call}
  0x00007f4725f19414: ffff 90e8 

  0x00007f4725f19418: ; ImmutableOopMap {[272]=Oop }
                      ;*invokevirtual setScale {reexecute=0 rethrow=0 return_oop=0}
                      ; - com.badlogic.gdx.graphics.g2d.BitmapFont$BitmapFontData::setScale@3 (line 891)
                      ; - age.of.civilizations2.jakowski.lukasz.AoCGame::render@798 (line 475)
  0x00007f4725f19418: 94d9 c405 

  0x00007f4725f1941c: ;   {post_call_nop}
  0x00007f4725f1941c: 0f1f 8400 | 9454 0041 

  0x00007f4725f19424: ;   {metadata(method data for {method} {0x00007f46f042cb90} 'render' '()V' in 'age/of/civilizations2/jakowski/lukasz/AoCGame')}
  0x00007f4725f19424: 48be e846 | 4cf1 467f | 0000 ff86 | 0810 0000 | e93b 0600 

  0x00007f4725f19438: ;   {oop(a 'java/lang/Class'{0x000000070c010b18} = 'age/of/civilizations2/jakowski/lukasz/AoCGame')}
  0x00007f4725f19438: 0048 bf18 | 0b01 0c07 | 0000 008b | bfa0 0000 

  0x00007f4725f19448: ;   {metadata(method data for {method} {0x00007f46f042cb90} 'render' '()V' in 'age/of/civilizations2/jakowski/lukasz/AoCGame')}
  0x00007f4725f19448: 0048 bbe8 | 464c f146 | 7f00 0048 | 8383 5804 | 0000 0189 | bc24 1802 

  0x00007f4725f19460: ;   {runtime_call}
  0x00007f4725f19460: 0000 e8f9 

  0x00007f4725f19464: ;   {post_call_nop}
  0x00007f4725f19464: 5bee 1b0f | 1f84 0000 | 0000 0048 | 8bb4 2410 | 0100 0048 

  0x00007f4725f19478: ;   {metadata(method data for {method} {0x00007f46f042cb90} 'render' '()V' in 'age/of/civilizations2/jakowski/lukasz/AoCGame')}
  0x00007f4725f19478: 8b7e 1848 | bbe8 464c | f146 7f00 | 0048 8383 | 6804 0000 | 018b 9c24 | 1802 0000 | c5fa 2ac3 
  0x00007f4725f19498: ;   {section_word}
  0x00007f4725f19498: c5fa 100d | f0ab ffff | c5f2 5ec8 | 482b c7c4 | e1fa 2ac0 | c5f2 5cc8 | c4e1 fa2c 

  0x00007f4725f194b4: ;   {external_word}
  0x00007f4725f194b4: f948 3b3d | 04e3 4105 | 750f 4883 | ec08 c5fa 

  0x00007f4725f194c4: ;   {runtime_call Stub::Stub Generator f2l_fixup_stub}
  0x00007f4725f194c4: 110c 24e8 | a6e1 4105 | 5f48 8bf7 | 0f1f 8000 

  0x00007f4725f194d4: ;   {static_call}
  0x00007f4725f194d4: 0000 00e8 

  0x00007f4725f194d8: ; ImmutableOopMap {[272]=Oop }
                      ;*invokestatic sleep {reexecute=0 rethrow=0 return_oop=0}
                      ; - age.of.civilizations2.jakowski.lukasz.AoCGame::render@187 (line 403)
  0x00007f4725f194d8: 04bb 4605 

  0x00007f4725f194dc: ;   {post_call_nop}
  0x00007f4725f194dc: 0f1f 8400 | 5455 0042 

  0x00007f4725f194e4: ;   {metadata(method data for {method} {0x00007f46f042cb90} 'render' '()V' in 'age/of/civilizations2/jakowski/lukasz/AoCGame')}
  0x00007f4725f194e4: 48b8 e846 | 4cf1 467f | 0000 ff80 | 7804 0000 | e9db 1200 | 0049 8b87 | c005 0000 | 4d33 d24d 
  0x00007f4725f19504: 8997 c005 | 0000 4d33 | d24d 8997 | c805 0000 

  0x00007f4725f19514: ;   {oop(a 'java/lang/Class'{0x00000007ffdff2d8} = 'age/of/civilizations2/jakowski/lukasz/CFG')}
  0x00007f4725f19514: 48be d8f2 | dfff 0700 | 0000 0fbe | b6f4 0800 

  0x00007f4725f19524: ;   {metadata(method data for {method} {0x00007f46f042cb90} 'render' '()V' in 'age/of/civilizations2/jakowski/lukasz/AoCGame')}
  0x00007f4725f19524: 0085 f648 | bee8 464c | f146 7f00 | 00bf 2005 | 0000 7405 | bf30 0500 | 0048 8b1c | 3e48 8d5b 
  0x00007f4725f19544: 0148 891c | 3e0f 84e5 

  0x00007f4725f1954c: ;   {metadata(method data for {method} {0x00007f46f042cb90} 'render' '()V' in 'age/of/civilizations2/jakowski/lukasz/AoCGame')}
  0x00007f4725f1954c: 0000 0048 | bee8 464c | f146 7f00 | 0048 8386 | 4005 0000 

  0x00007f4725f19560: ;   {metadata(method data for {method} {0x00007f46f05da248} 'exceptionStack' '(Ljava/lang/Throwable;)V' in 'age/of/civilizations2/jakowski/lukasz/CFG')}
  0x00007f4725f19560: 0148 be18 | 71d8 f046 | 7f00 008b | be90 0000 | 0083 c702 | 89be 9000 | 0000 81e7 | feff 1f00 
  0x00007f4725f19580: 85ff 0f84 | 921f 0000 

  0x00007f4725f19588: ;   {metadata(method data for {method} {0x00007f46f05da248} 'exceptionStack' '(Ljava/lang/Throwable;)V' in 'age/of/civilizations2/jakowski/lukasz/CFG')}
  0x00007f4725f19588: 488b f048 | bf18 71d8 | f046 7f00 | 008b 7608 | 41ba 0000 | 0040 4903 | f248 3bb7 | e000 0000 
  0x00007f4725f195a8: 750d 4883 | 87e8 0000 | 0001 e960 | 0000 0048 | 3bb7 f000 | 0000 750d | 4883 87f8 | 0000 0001 
  0x00007f4725f195c8: e94a 0000 | 0048 83bf | e000 0000 | 0075 1748 | 89b7 e000 | 0000 48c7 | 87e8 0000 | 0001 0000 
  0x00007f4725f195e8: 00e9 2900 | 0000 4883 | bff0 0000 | 0000 7517 | 4889 b7f0 | 0000 0048 | c787 f800 | 0000 0100 
  0x00007f4725f19608: 0000 e908 | 0000 0048 | 8387 d800 | 0000 0148 | 8bf0 6666 | 9048 b818 | 1bd4 0147 

  0x00007f4725f19624: ;   {virtual_call}
  0x00007f4725f19624: 7f00 00e8 

  0x00007f4725f19628: ; ImmutableOopMap {[272]=Oop }
                      ;*invokevirtual printStackTrace {reexecute=0 rethrow=0 return_oop=0}
                      ; - age.of.civilizations2.jakowski.lukasz.CFG::exceptionStack@1 (line 6406)
                      ; - age.of.civilizations2.jakowski.lukasz.AoCGame::render@229 (line 414)
  0x00007f4725f19628: b4b6 4605 

  0x00007f4725f1962c: ;   {post_call_nop}
  0x00007f4725f1962c: 0f1f 8400 | a456 0043 

  0x00007f4725f19634: ;   {metadata(method data for {method} {0x00007f46f042cb90} 'render' '()V' in 'age/of/civilizations2/jakowski/lukasz/AoCGame')}
  0x00007f4725f19634: 48b8 e846 | 4cf1 467f | 0000 ff80 | 5005 0000 | e98b 1100 | 0049 8b87 | c005 0000 | 4d33 d24d 
  0x00007f4725f19654: 8997 c005 | 0000 4d33 | d24d 8997 | c805 0000 

  0x00007f4725f19664: ;   {oop(a 'java/lang/Class'{0x00000007ffdff2d8} = 'age/of/civilizations2/jakowski/lukasz/CFG')}
  0x00007f4725f19664: 48be d8f2 | dfff 0700 | 0000 0fbe | b6f4 0800 

  0x00007f4725f19674: ;   {metadata(method data for {method} {0x00007f46f042cb90} 'render' '()V' in 'age/of/civilizations2/jakowski/lukasz/AoCGame')}
  0x00007f4725f19674: 0085 f648 | bee8 464c | f146 7f00 | 00bf d804 | 0000 7405 | bfe8 0400 | 0048 8b1c | 3e48 8d5b 
  0x00007f4725f19694: 0148 891c | 3e0f 84e5 

  0x00007f4725f1969c: ;   {metadata(method data for {method} {0x00007f46f042cb90} 'render' '()V' in 'age/of/civilizations2/jakowski/lukasz/AoCGame')}
  0x00007f4725f1969c: 0000 0048 | bee8 464c | f146 7f00 | 0048 8386 | f804 0000 

  0x00007f4725f196b0: ;   {metadata(method data for {method} {0x00007f46f05da248} 'exceptionStack' '(Ljava/lang/Throwable;)V' in 'age/of/civilizations2/jakowski/lukasz/CFG')}
  0x00007f4725f196b0: 0148 be18 | 71d8 f046 | 7f00 008b | be90 0000 | 0083 c702 | 89be 9000 | 0000 81e7 | feff 1f00 
  0x00007f4725f196d0: 85ff 0f84 | 631e 0000 

  0x00007f4725f196d8: ;   {metadata(method data for {method} {0x00007f46f05da248} 'exceptionStack' '(Ljava/lang/Throwable;)V' in 'age/of/civilizations2/jakowski/lukasz/CFG')}
  0x00007f4725f196d8: 488b f048 | bf18 71d8 | f046 7f00 | 008b 7608 | 41ba 0000 | 0040 4903 | f248 3bb7 | e000 0000 
  0x00007f4725f196f8: 750d 4883 | 87e8 0000 | 0001 e960 | 0000 0048 | 3bb7 f000 | 0000 750d | 4883 87f8 | 0000 0001 
  0x00007f4725f19718: e94a 0000 | 0048 83bf | e000 0000 | 0075 1748 | 89b7 e000 | 0000 48c7 | 87e8 0000 | 0001 0000 
  0x00007f4725f19738: 00e9 2900 | 0000 4883 | bff0 0000 | 0000 7517 | 4889 b7f0 | 0000 0048 | c787 f800 | 0000 0100 
  0x00007f4725f19758: 0000 e908 | 0000 0048 | 8387 d800 | 0000 0148 | 8bf0 6666 | 9048 b840 | 1bd4 0147 

  0x00007f4725f19774: ;   {virtual_call}
  0x00007f4725f19774: 7f00 00e8 

  0x00007f4725f19778: ; ImmutableOopMap {[272]=Oop }
                      ;*invokevirtual printStackTrace {reexecute=0 rethrow=0 return_oop=0}
                      ; - age.of.civilizations2.jakowski.lukasz.CFG::exceptionStack@1 (line 6406)
                      ; - age.of.civilizations2.jakowski.lukasz.AoCGame::render@215 (line 410)
  0x00007f4725f19778: 64b5 4605 

  0x00007f4725f1977c: ;   {post_call_nop}
  0x00007f4725f1977c: 0f1f 8400 | f457 0044 

  0x00007f4725f19784: ;   {metadata(method data for {method} {0x00007f46f042cb90} 'render' '()V' in 'age/of/civilizations2/jakowski/lukasz/AoCGame')}
  0x00007f4725f19784: 48b8 e846 | 4cf1 467f | 0000 ff80 | 0805 0000 | e93b 1000 | 0049 8b87 | c005 0000 | 4d33 d24d 
  0x00007f4725f197a4: 8997 c005 | 0000 4d33 | d24d 8997 | c805 0000 

  0x00007f4725f197b4: ;   {oop(a 'java/lang/Class'{0x00000007ffdff2d8} = 'age/of/civilizations2/jakowski/lukasz/CFG')}
  0x00007f4725f197b4: 48be d8f2 | dfff 0700 | 0000 0fbe | b6f4 0800 

  0x00007f4725f197c4: ;   {metadata(method data for {method} {0x00007f46f042cb90} 'render' '()V' in 'age/of/civilizations2/jakowski/lukasz/AoCGame')}
  0x00007f4725f197c4: 0085 f648 | bee8 464c | f146 7f00 | 00bf 9004 | 0000 7405 | bfa0 0400 | 0048 8b1c | 3e48 8d5b 
  0x00007f4725f197e4: 0148 891c | 3e0f 84e5 

  0x00007f4725f197ec: ;   {metadata(method data for {method} {0x00007f46f042cb90} 'render' '()V' in 'age/of/civilizations2/jakowski/lukasz/AoCGame')}
  0x00007f4725f197ec: 0000 0048 | bee8 464c | f146 7f00 | 0048 8386 | b004 0000 

  0x00007f4725f19800: ;   {metadata(method data for {method} {0x00007f46f05da248} 'exceptionStack' '(Ljava/lang/Throwable;)V' in 'age/of/civilizations2/jakowski/lukasz/CFG')}
  0x00007f4725f19800: 0148 be18 | 71d8 f046 | 7f00 008b | be90 0000 | 0083 c702 | 89be 9000 | 0000 81e7 | feff 1f00 
  0x00007f4725f19820: 85ff 0f84 | 341d 0000 

  0x00007f4725f19828: ;   {metadata(method data for {method} {0x00007f46f05da248} 'exceptionStack' '(Ljava/lang/Throwable;)V' in 'age/of/civilizations2/jakowski/lukasz/CFG')}
  0x00007f4725f19828: 488b f048 | bf18 71d8 | f046 7f00 | 008b 7608 | 41ba 0000 | 0040 4903 | f248 3bb7 | e000 0000 
  0x00007f4725f19848: 750d 4883 | 87e8 0000 | 0001 e960 | 0000 0048 | 3bb7 f000 | 0000 750d | 4883 87f8 | 0000 0001 
  0x00007f4725f19868: e94a 0000 | 0048 83bf | e000 0000 | 0075 1748 | 89b7 e000 | 0000 48c7 | 87e8 0000 | 0001 0000 
  0x00007f4725f19888: 00e9 2900 | 0000 4883 | bff0 0000 | 0000 7517 | 4889 b7f0 | 0000 0048 | c787 f800 | 0000 0100 
  0x00007f4725f198a8: 0000 e908 | 0000 0048 | 8387 d800 | 0000 0148 | 8bf0 6666 | 9048 b868 | 1bd4 0147 

  0x00007f4725f198c4: ;   {virtual_call}
  0x00007f4725f198c4: 7f00 00e8 

  0x00007f4725f198c8: ; ImmutableOopMap {[272]=Oop }
                      ;*invokevirtual printStackTrace {reexecute=0 rethrow=0 return_oop=0}
                      ; - age.of.civilizations2.jakowski.lukasz.CFG::exceptionStack@1 (line 6406)
                      ; - age.of.civilizations2.jakowski.lukasz.AoCGame::render@201 (line 406)
  0x00007f4725f198c8: 14b4 4605 

  0x00007f4725f198cc: ;   {post_call_nop}
  0x00007f4725f198cc: 0f1f 8400 | 4459 0045 

  0x00007f4725f198d4: ;   {metadata(method data for {method} {0x00007f46f042cb90} 'render' '()V' in 'age/of/civilizations2/jakowski/lukasz/AoCGame')}
  0x00007f4725f198d4: 48ba e846 | 4cf1 467f | 0000 ff82 | c004 0000 | e9eb 0e00 | 000f 1f80 | 0000 0000 

  0x00007f4725f198f0: ;   {other}
  0x00007f4725f198f0: e997 1c00 | 0000 0000 | 0000 498b | 87b0 0100 | 0048 8d78 | 2849 3bbf | c001 0000 | 0f87 841c 
  0x00007f4725f19910: 0000 4989 | bfb0 0100 | 0048 c700 | 0100 0000 | 488b ca41 | ba00 0000 | 4049 2bca | 8948 0848 
  0x00007f4725f19930: 33c9 8948 | 0c48 33c9 | 4889 4810 | 4889 4818 | 4889 4820 

  0x00007f4725f19944: ;   {metadata(method data for {method} {0x000000004048bdd8} 'newArray' '(I)[B' in 'java/lang/StringConcatHelper')}
  0x00007f4725f19944: 488b d048 | be98 700d | f046 7f00 | 0048 8386 | f800 0000 

  0x00007f4725f19958: ;   {oop("Overflow: String length out of range"{0x000000070c1e3410})}
  0x00007f4725f19958: 0148 ba10 | 341e 0c07 | 0000 0048 | 8bf0 4889 | 8424 2002 

  0x00007f4725f1996c: ;   {optimized virtual_call}
  0x00007f4725f1996c: 0000 90e8 

  0x00007f4725f19970: ; ImmutableOopMap {[272]=Oop [544]=Oop }
                      ;*invokespecial <init> {reexecute=0 rethrow=0 return_oop=0}
                      ; - java.lang.StringConcatHelper::newArray@10 (line 281)
                      ; - java.lang.StringConcatHelper::newArrayWithSuffix@8 (line 309)
                      ; - java.lang.StringConcatHelper$Concat1::concat@29 (line 109)
                      ; - java.lang.invoke.DirectMethodHandle$Holder::invokeSpecial@11
                      ; - java.lang.invoke.LambdaForm$MH/0x0000000041055800::invoke@21
                      ; - java.lang.invoke.Invokers$Holder::linkToTargetMethod@5
                      ; - age.of.civilizations2.jakowski.lukasz.AoCGame::render@740 (line 466)
  0x00007f4725f19970: 6cb0 4605 

  0x00007f4725f19974: ;   {post_call_nop}
  0x00007f4725f19974: 0f1f 8400 | ec59 0046 | 488b 8424 | 2002 0000 | e9b2 1f00 | 000f 1f80 | 0000 0000 

  0x00007f4725f19990: ;   {other}
  0x00007f4725f19990: e91d 1c00 | 0000 0000 | 0000 498b | 87b0 0100 | 0048 8d78 | 2849 3bbf | c001 0000 | 0f87 0a1c 
  0x00007f4725f199b0: 0000 4989 | bfb0 0100 | 0048 c700 | 0100 0000 | 488b ca41 | ba00 0000 | 4049 2bca | 8948 0848 
  0x00007f4725f199d0: 33c9 8948 | 0c48 33c9 | 4889 4810 | 4889 4818 | 4889 4820 

  0x00007f4725f199e4: ;   {metadata(method data for {method} {0x000000004048b7a8} 'checkOverflow' '(I)I' in 'java/lang/StringConcatHelper')}
  0x00007f4725f199e4: 488b d048 | be60 4c28 | f046 7f00 | 0048 8386 | f800 0000 

  0x00007f4725f199f8: ;   {oop("Overflow: String length out of range"{0x000000070c1e3410})}
  0x00007f4725f199f8: 0148 ba10 | 341e 0c07 | 0000 0048 | 8bf0 4889 | 8424 2802 

  0x00007f4725f19a0c: ;   {optimized virtual_call}
  0x00007f4725f19a0c: 0000 90e8 

  0x00007f4725f19a10: ; ImmutableOopMap {[272]=Oop [552]=Oop }
                      ;*invokespecial <init> {reexecute=0 rethrow=0 return_oop=0}
                      ; - java.lang.StringConcatHelper::checkOverflow@12 (line 485)
                      ; - java.lang.StringConcatHelper::stringSize@6 (line 250)
                      ; - java.lang.StringConcatHelper$Concat1::concat@5 (line 106)
                      ; - java.lang.invoke.DirectMethodHandle$Holder::invokeSpecial@11
                      ; - java.lang.invoke.LambdaForm$MH/0x0000000041055800::invoke@21
                      ; - java.lang.invoke.Invokers$Holder::linkToTargetMethod@5
                      ; - age.of.civilizations2.jakowski.lukasz.AoCGame::render@740 (line 466)
  0x00007f4725f19a10: ccaf 4605 

  0x00007f4725f19a14: ;   {post_call_nop}
  0x00007f4725f19a14: 0f1f 8400 | 8c5a 0047 | 488b 8424 | 2802 0000 | e912 1f00 | 0049 8b87 | c005 0000 | 4d33 d24d 
  0x00007f4725f19a34: 8997 c005 | 0000 4d33 | d24d 8997 | c805 0000 | e92b 0000 | 0049 8b87 | c005 0000 | 4d33 d24d 
  0x00007f4725f19a54: 8997 c005 | 0000 4d33 | d24d 8997 | c805 0000 

  0x00007f4725f19a64: ;   {metadata(method data for {method} {0x00007f46f042cb90} 'render' '()V' in 'age/of/civilizations2/jakowski/lukasz/AoCGame')}
  0x00007f4725f19a64: 48be e846 | 4cf1 467f | 0000 ff86 | 2010 0000 | 488b b424 | 1001 0000 | 8b7e 4c48 | c1e7 0348 
  0x00007f4725f19a84: 3b07 488b 

  0x00007f4725f19a88: ;   {metadata(method data for {method} {0x00007f46f042cb90} 'render' '()V' in 'age/of/civilizations2/jakowski/lukasz/AoCGame')}
  0x00007f4725f19a88: df48 b8e8 | 464c f146 | 7f00 0048 | 8380 4810 

  0x00007f4725f19a98: ;   {metadata(method data for {method} {0x00007f46f065eb28} 'setColor' '(Lcom/badlogic/gdx/graphics/Color;)V' in 'com/badlogic/gdx/graphics/g2d/SpriteBatch')}
  0x00007f4725f19a98: 0000 0148 | bb80 dbd8 | f046 7f00 | 008b 8390 | 0000 0083 | c002 8983 | 9000 0000 | 25fe ff1f 
  0x00007f4725f19ab8: 0085 c00f | 840d 1b00 

  0x00007f4725f19ac0: ;   {oop(a 'com/badlogic/gdx/graphics/Color'{0x000000070c006848})}
  0x00007f4725f19ac0: 0048 bb48 | 6800 0c07 | 0000 0048 

  0x00007f4725f19acc: ;   {metadata(method data for {method} {0x00007f46f065eb28} 'setColor' '(Lcom/badlogic/gdx/graphics/Color;)V' in 'com/badlogic/gdx/graphics/g2d/SpriteBatch')}
  0x00007f4725f19acc: 8bc3 48ba | 80db d8f0 | 467f 0000 | 4883 82e8 | 0000 0001 | 488b f348 | 89bc 2430 | 0200 000f 
  0x00007f4725f19aec: ;   {optimized virtual_call}
  0x00007f4725f19aec: 1f40 00e8 

  0x00007f4725f19af0: ; ImmutableOopMap {[272]=Oop [560]=Oop }
                      ;*invokevirtual toFloatBits {reexecute=0 rethrow=0 return_oop=0}
                      ; - com.badlogic.gdx.graphics.g2d.SpriteBatch::setColor@2 (line 199)
                      ; - age.of.civilizations2.jakowski.lukasz.AoCGame::render@816 (line 481)
  0x00007f4725f19af0: bc28 be05 

  0x00007f4725f19af4: ;   {post_call_nop}
  0x00007f4725f19af4: 0f1f 8400 | 6c5b 0048 | 488b bc24 | 3002 0000 | c5fa 1147 | 2048 8bb4 | 2410 0100 | 008b 7e4c 
  0x00007f4725f19b14: 48c1 e703 

  0x00007f4725f19b18: ; implicit exception: dispatches to 0x00007f4725f1b5ef
  0x00007f4725f19b18: 483b 0748 

  0x00007f4725f19b1c: ;   {metadata(method data for {method} {0x00007f46f042cb90} 'render' '()V' in 'age/of/civilizations2/jakowski/lukasz/AoCGame')}
  0x00007f4725f19b1c: 8bdf 48b8 | e846 4cf1 | 467f 0000 | 4883 8078 | 1000 0001 | 488b f70f 

  0x00007f4725f19b34: ;   {optimized virtual_call}
  0x00007f4725f19b34: 1f40 00e8 

  0x00007f4725f19b38: ; ImmutableOopMap {[272]=Oop }
                      ;*invokevirtual end {reexecute=0 rethrow=0 return_oop=0}
                      ; - age.of.civilizations2.jakowski.lukasz.AoCGame::render@823 (line 482)
  0x00007f4725f19b38: d47d d405 

  0x00007f4725f19b3c: ;   {post_call_nop}
  0x00007f4725f19b3c: 0f1f 8400 | b45b 0049 

  0x00007f4725f19b44: ;   {metadata(method data for {method} {0x00007f46f042cb90} 'render' '()V' in 'age/of/civilizations2/jakowski/lukasz/AoCGame')}
  0x00007f4725f19b44: 48b8 e846 | 4cf1 467f | 0000 ff80 | 9810 0000 | e97b 0c00 | 0049 8b87 | c005 0000 | 4d33 d24d 
  0x00007f4725f19b64: 8997 c005 | 0000 4d33 | d24d 8997 | c805 0000 

  0x00007f4725f19b74: ;   {metadata(method data for {method} {0x00007f46f042cb90} 'render' '()V' in 'age/of/civilizations2/jakowski/lukasz/AoCGame')}
  0x00007f4725f19b74: 48be e846 | 4cf1 467f | 0000 4883 | 8650 1200 

  0x00007f4725f19b84: ;   {metadata(method data for {method} {0x00007f46f05da248} 'exceptionStack' '(Ljava/lang/Throwable;)V' in 'age/of/civilizations2/jakowski/lukasz/CFG')}
  0x00007f4725f19b84: 0001 48be | 1871 d8f0 | 467f 0000 | 8bbe 9000 | 0000 83c7 | 0289 be90 | 0000 0081 | e7fe ff1f 
  0x00007f4725f19ba4: 0085 ff0f | 8447 1a00 | 0048 8bf0 

  0x00007f4725f19bb0: ;   {metadata(method data for {method} {0x00007f46f05da248} 'exceptionStack' '(Ljava/lang/Throwable;)V' in 'age/of/civilizations2/jakowski/lukasz/CFG')}
  0x00007f4725f19bb0: 48bf 1871 | d8f0 467f | 0000 8b76 | 0841 ba00 | 0000 4049 | 03f2 483b | b7e0 0000 | 0075 0d48 
  0x00007f4725f19bd0: 8387 e800 | 0000 01e9 | 6000 0000 | 483b b7f0 | 0000 0075 | 0d48 8387 | f800 0000 | 01e9 4a00 
  0x00007f4725f19bf0: 0000 4883 | bfe0 0000 | 0000 7517 | 4889 b7e0 | 0000 0048 | c787 e800 | 0000 0100 | 0000 e929 
  0x00007f4725f19c10: 0000 0048 | 83bf f000 | 0000 0075 | 1748 89b7 | f000 0000 | 48c7 87f8 | 0000 0001 | 0000 00e9 
  0x00007f4725f19c30: 0800 0000 | 4883 87d8 | 0000 0001 | 488b f066 | 0f1f 4400 | 0048 b890 | 1bd4 0147 

  0x00007f4725f19c4c: ;   {virtual_call}
  0x00007f4725f19c4c: 7f00 00e8 

  0x00007f4725f19c50: ; ImmutableOopMap {[272]=Oop }
                      ;*invokevirtual printStackTrace {reexecute=0 rethrow=0 return_oop=0}
                      ; - age.of.civilizations2.jakowski.lukasz.CFG::exceptionStack@1 (line 6406)
                      ; - age.of.civilizations2.jakowski.lukasz.AoCGame::render@914 (line 510)
  0x00007f4725f19c50: bdc2 4605 

  0x00007f4725f19c54: ;   {post_call_nop}
  0x00007f4725f19c54: 0f1f 8400 | cc5c 004a 

  0x00007f4725f19c5c: ;   {metadata(method data for {method} {0x00007f46f042cb90} 'render' '()V' in 'age/of/civilizations2/jakowski/lukasz/AoCGame')}
  0x00007f4725f19c5c: 48b8 e846 | 4cf1 467f | 0000 4883 | 8060 1200 

  0x00007f4725f19c6c: ;   {metadata(method data for {method} {0x00007f46f05cb2a0} 'setRender_3' '(Z)V' in 'age/of/civilizations2/jakowski/lukasz/CFG')}
  0x00007f4725f19c6c: 0001 48b8 | 0000 daf0 | 467f 0000 | 8bb0 9000 | 0000 83c6 | 0289 b090 | 0000 0081 | e6fe ff1f 
  0x00007f4725f19c8c: 0085 f60f | 8480 1900 

  0x00007f4725f19c94: ;   {oop(a 'java/lang/Class'{0x00000007ffdff2d8} = 'age/of/civilizations2/jakowski/lukasz/CFG')}
  0x00007f4725f19c94: 0048 b8d8 | f2df ff07 | 0000 008b | b0c8 0200 | 0048 c1e6 | 0348 85f6 | 0f84 2500 

  0x00007f4725f19cb0: ;   {metadata('age/of/civilizations2/jakowski/lukasz/CFG$1')}
  0x00007f4725f19cb0: 0000 48b9 | 303a 0941 | 0000 0000 | 8b56 0841 | ba00 0000 | 4049 03d2 | 483b 4a38 | 0f85 6419 
  0x00007f4725f19cd0: 0000 e900 | 0000 0048 | 8bfe 483b 

  0x00007f4725f19cdc: ;   {metadata(method data for {method} {0x00007f46f05cb2a0} 'setRender_3' '(Z)V' in 'age/of/civilizations2/jakowski/lukasz/CFG')}
  0x00007f4725f19cdc: 0648 bf00 | 00da f046 | 7f00 0048 | 8387 e800 

  0x00007f4725f19cec: ;   {metadata(method data for {method} {0x00007f46f065c528} 'update' '(Z)V' in 'age/of/civilizations2/jakowski/lukasz/CFG$1')}
  0x00007f4725f19cec: 0000 0148 | be48 01da | f046 7f00 | 008b be90 | 0000 0083 | c702 89be | 9000 0000 | 81e7 feff 
  0x00007f4725f19d0c: 1f00 85ff | 0f84 2a19 | 0000 c680 | fd08 0000 | 01c6 80fc | 0800 0001 | 0fbe b0fd | 0800 0083 
  0x00007f4725f19d2c: e601 4088 | b0fb 0800 | 00e9 9a0a | 0000 498b | 87c0 0500 | 004d 33d2 | 4d89 97c0 | 0500 004d 
  0x00007f4725f19d4c: 33d2 4d89 | 97c8 0500 

  0x00007f4725f19d54: ;   {metadata(method data for {method} {0x00007f46f042cb90} 'render' '()V' in 'age/of/civilizations2/jakowski/lukasz/AoCGame')}
  0x00007f4725f19d54: 0048 bee8 | 464c f146 | 7f00 0048 | 8386 1812 

  0x00007f4725f19d64: ;   {metadata(method data for {method} {0x00007f46f05da248} 'exceptionStack' '(Ljava/lang/Throwable;)V' in 'age/of/civilizations2/jakowski/lukasz/CFG')}
  0x00007f4725f19d64: 0000 0148 | be18 71d8 | f046 7f00 | 008b be90 | 0000 0083 | c702 89be | 9000 0000 | 81e7 feff 
  0x00007f4725f19d84: 1f00 85ff | 0f84 d318 | 0000 488b 

  0x00007f4725f19d90: ;   {metadata(method data for {method} {0x00007f46f05da248} 'exceptionStack' '(Ljava/lang/Throwable;)V' in 'age/of/civilizations2/jakowski/lukasz/CFG')}
  0x00007f4725f19d90: f048 bf18 | 71d8 f046 | 7f00 008b | 7608 41ba | 0000 0040 | 4903 f248 | 3bb7 e000 | 0000 750d 
  0x00007f4725f19db0: 4883 87e8 | 0000 0001 | e960 0000 | 0048 3bb7 | f000 0000 | 750d 4883 | 87f8 0000 | 0001 e94a 
  0x00007f4725f19dd0: 0000 0048 | 83bf e000 | 0000 0075 | 1748 89b7 | e000 0000 | 48c7 87e8 | 0000 0001 | 0000 00e9 
  0x00007f4725f19df0: 2900 0000 | 4883 bff0 | 0000 0000 | 7517 4889 | b7f0 0000 | 0048 c787 | f800 0000 | 0100 0000 
  0x00007f4725f19e10: e908 0000 | 0048 8387 | d800 0000 | 0148 8bf0 | 0f1f 4400 | 0048 b8b8 | 1bd4 0147 

  0x00007f4725f19e2c: ;   {virtual_call}
  0x00007f4725f19e2c: 7f00 00e8 

  0x00007f4725f19e30: ; ImmutableOopMap {[272]=Oop }
                      ;*invokevirtual printStackTrace {reexecute=0 rethrow=0 return_oop=0}
                      ; - age.of.civilizations2.jakowski.lukasz.CFG::exceptionStack@1 (line 6406)
                      ; - age.of.civilizations2.jakowski.lukasz.AoCGame::render@902 (line 507)
  0x00007f4725f19e30: acae 4605 

  0x00007f4725f19e34: ;   {post_call_nop}
  0x00007f4725f19e34: 0f1f 8400 | ac5e 004b 

  0x00007f4725f19e3c: ;   {metadata(method data for {method} {0x00007f46f042cb90} 'render' '()V' in 'age/of/civilizations2/jakowski/lukasz/AoCGame')}
  0x00007f4725f19e3c: 48b8 e846 | 4cf1 467f | 0000 4883 | 8028 1200 

  0x00007f4725f19e4c: ;   {metadata(method data for {method} {0x00007f46f05cb2a0} 'setRender_3' '(Z)V' in 'age/of/civilizations2/jakowski/lukasz/CFG')}
  0x00007f4725f19e4c: 0001 48b8 | 0000 daf0 | 467f 0000 | 8bb0 9000 | 0000 83c6 | 0289 b090 | 0000 0081 | e6fe ff1f 
  0x00007f4725f19e6c: 0085 f60f | 840d 1800 

  0x00007f4725f19e74: ;   {oop(a 'java/lang/Class'{0x00000007ffdff2d8} = 'age/of/civilizations2/jakowski/lukasz/CFG')}
  0x00007f4725f19e74: 0048 b8d8 | f2df ff07 | 0000 008b | b0c8 0200 | 0048 c1e6 | 0348 85f6 | 0f84 2500 

  0x00007f4725f19e90: ;   {metadata('age/of/civilizations2/jakowski/lukasz/CFG$1')}
  0x00007f4725f19e90: 0000 48b9 | 303a 0941 | 0000 0000 | 8b56 0841 | ba00 0000 | 4049 03d2 | 483b 4a38 | 0f85 f117 
  0x00007f4725f19eb0: 0000 e900 | 0000 0048 | 8bfe 483b 

  0x00007f4725f19ebc: ;   {metadata(method data for {method} {0x00007f46f05cb2a0} 'setRender_3' '(Z)V' in 'age/of/civilizations2/jakowski/lukasz/CFG')}
  0x00007f4725f19ebc: 0648 bf00 | 00da f046 | 7f00 0048 | 8387 e800 

  0x00007f4725f19ecc: ;   {metadata(method data for {method} {0x00007f46f065c528} 'update' '(Z)V' in 'age/of/civilizations2/jakowski/lukasz/CFG$1')}
  0x00007f4725f19ecc: 0000 0148 | be48 01da | f046 7f00 | 008b be90 | 0000 0083 | c702 89be | 9000 0000 | 81e7 feff 
  0x00007f4725f19eec: 1f00 85ff | 0f84 b717 | 0000 c680 | fd08 0000 | 01c6 80fc | 0800 0001 | 0fbe b0fd | 0800 0083 
  0x00007f4725f19f0c: e601 4088 | b0fb 0800 

  0x00007f4725f19f14: ;   {metadata(method data for {method} {0x00007f46f042cb90} 'render' '()V' in 'age/of/civilizations2/jakowski/lukasz/AoCGame')}
  0x00007f4725f19f14: 0048 b8e8 | 464c f146 | 7f00 00ff | 8038 1200 | 00e9 aa08 | 0000 498b | 87c0 0500 | 004d 33d2 
  0x00007f4725f19f34: 4d89 97c0 | 0500 004d | 33d2 4d89 | 97c8 0500 

  0x00007f4725f19f44: ;   {metadata(method data for {method} {0x00007f46f042cb90} 'render' '()V' in 'age/of/civilizations2/jakowski/lukasz/AoCGame')}
  0x00007f4725f19f44: 0048 bee8 | 464c f146 | 7f00 0048 | 8386 e011 

  0x00007f4725f19f54: ;   {metadata(method data for {method} {0x00007f46f05da248} 'exceptionStack' '(Ljava/lang/Throwable;)V' in 'age/of/civilizations2/jakowski/lukasz/CFG')}
  0x00007f4725f19f54: 0000 0148 | be18 71d8 | f046 7f00 | 008b be90 | 0000 0083 | c702 89be | 9000 0000 | 81e7 feff 
  0x00007f4725f19f74: 1f00 85ff | 0f84 5017 | 0000 488b 

  0x00007f4725f19f80: ;   {metadata(method data for {method} {0x00007f46f05da248} 'exceptionStack' '(Ljava/lang/Throwable;)V' in 'age/of/civilizations2/jakowski/lukasz/CFG')}
  0x00007f4725f19f80: f048 bf18 | 71d8 f046 | 7f00 008b | 7608 41ba | 0000 0040 | 4903 f248 | 3bb7 e000 | 0000 750d 
  0x00007f4725f19fa0: 4883 87e8 | 0000 0001 | e960 0000 | 0048 3bb7 | f000 0000 | 750d 4883 | 87f8 0000 | 0001 e94a 
  0x00007f4725f19fc0: 0000 0048 | 83bf e000 | 0000 0075 | 1748 89b7 | e000 0000 | 48c7 87e8 | 0000 0001 | 0000 00e9 
  0x00007f4725f19fe0: 2900 0000 | 4883 bff0 | 0000 0000 | 7517 4889 | b7f0 0000 | 0048 c787 | f800 0000 | 0100 0000 
  0x00007f4725f1a000: e908 0000 | 0048 8387 | d800 0000 | 0148 8bf0 | 0f1f 4400 | 0048 b8e0 | 1bd4 0147 

  0x00007f4725f1a01c: ;   {virtual_call}
  0x00007f4725f1a01c: 7f00 00e8 

  0x00007f4725f1a020: ; ImmutableOopMap {[272]=Oop }
                      ;*invokevirtual printStackTrace {reexecute=0 rethrow=0 return_oop=0}
                      ; - age.of.civilizations2.jakowski.lukasz.CFG::exceptionStack@1 (line 6406)
                      ; - age.of.civilizations2.jakowski.lukasz.AoCGame::render@890 (line 504)
  0x00007f4725f1a020: bcac 4605 

  0x00007f4725f1a024: ;   {post_call_nop}
  0x00007f4725f1a024: 0f1f 8400 | 9c60 004c 

  0x00007f4725f1a02c: ;   {metadata(method data for {method} {0x00007f46f042cb90} 'render' '()V' in 'age/of/civilizations2/jakowski/lukasz/AoCGame')}
  0x00007f4725f1a02c: 48b8 e846 | 4cf1 467f | 0000 4883 | 80f0 1100 

  0x00007f4725f1a03c: ;   {metadata(method data for {method} {0x00007f46f05cb2a0} 'setRender_3' '(Z)V' in 'age/of/civilizations2/jakowski/lukasz/CFG')}
  0x00007f4725f1a03c: 0001 48b8 | 0000 daf0 | 467f 0000 | 8bb0 9000 | 0000 83c6 | 0289 b090 | 0000 0081 | e6fe ff1f 
  0x00007f4725f1a05c: 0085 f60f | 848a 1600 

  0x00007f4725f1a064: ;   {oop(a 'java/lang/Class'{0x00000007ffdff2d8} = 'age/of/civilizations2/jakowski/lukasz/CFG')}
  0x00007f4725f1a064: 0048 b8d8 | f2df ff07 | 0000 008b | b0c8 0200 | 0048 c1e6 | 0348 85f6 | 0f84 2500 

  0x00007f4725f1a080: ;   {metadata('age/of/civilizations2/jakowski/lukasz/CFG$1')}
  0x00007f4725f1a080: 0000 48b9 | 303a 0941 | 0000 0000 | 8b56 0841 | ba00 0000 | 4049 03d2 | 483b 4a38 | 0f85 6e16 
  0x00007f4725f1a0a0: 0000 e900 | 0000 0048 | 8bfe 483b 

  0x00007f4725f1a0ac: ;   {metadata(method data for {method} {0x00007f46f05cb2a0} 'setRender_3' '(Z)V' in 'age/of/civilizations2/jakowski/lukasz/CFG')}
  0x00007f4725f1a0ac: 0648 bf00 | 00da f046 | 7f00 0048 | 8387 e800 

  0x00007f4725f1a0bc: ;   {metadata(method data for {method} {0x00007f46f065c528} 'update' '(Z)V' in 'age/of/civilizations2/jakowski/lukasz/CFG$1')}
  0x00007f4725f1a0bc: 0000 0148 | be48 01da | f046 7f00 | 008b be90 | 0000 0083 | c702 89be | 9000 0000 | 81e7 feff 
  0x00007f4725f1a0dc: 1f00 85ff | 0f84 3416 | 0000 c680 | fd08 0000 | 01c6 80fc | 0800 0001 | 0fbe b0fd | 0800 0083 
  0x00007f4725f1a0fc: e601 4088 | b0fb 0800 

  0x00007f4725f1a104: ;   {metadata(method data for {method} {0x00007f46f042cb90} 'render' '()V' in 'age/of/civilizations2/jakowski/lukasz/AoCGame')}
  0x00007f4725f1a104: 0048 b8e8 | 464c f146 | 7f00 00ff | 8000 1200 | 00e9 ba06 | 0000 498b | 87c0 0500 | 004d 33d2 
  0x00007f4725f1a124: 4d89 97c0 | 0500 004d | 33d2 4d89 | 97c8 0500 

  0x00007f4725f1a134: ;   {metadata(method data for {method} {0x00007f46f042cb90} 'render' '()V' in 'age/of/civilizations2/jakowski/lukasz/AoCGame')}
  0x00007f4725f1a134: 0048 bee8 | 464c f146 | 7f00 0048 | 8386 a811 

  0x00007f4725f1a144: ;   {metadata(method data for {method} {0x00007f46f05da248} 'exceptionStack' '(Ljava/lang/Throwable;)V' in 'age/of/civilizations2/jakowski/lukasz/CFG')}
  0x00007f4725f1a144: 0000 0148 | be18 71d8 | f046 7f00 | 008b be90 | 0000 0083 | c702 89be | 9000 0000 | 81e7 feff 
  0x00007f4725f1a164: 1f00 85ff | 0f84 cd15 | 0000 488b 

  0x00007f4725f1a170: ;   {metadata(method data for {method} {0x00007f46f05da248} 'exceptionStack' '(Ljava/lang/Throwable;)V' in 'age/of/civilizations2/jakowski/lukasz/CFG')}
  0x00007f4725f1a170: f048 bf18 | 71d8 f046 | 7f00 008b | 7608 41ba | 0000 0040 | 4903 f248 | 3bb7 e000 | 0000 750d 
  0x00007f4725f1a190: 4883 87e8 | 0000 0001 | e960 0000 | 0048 3bb7 | f000 0000 | 750d 4883 | 87f8 0000 | 0001 e94a 
  0x00007f4725f1a1b0: 0000 0048 | 83bf e000 | 0000 0075 | 1748 89b7 | e000 0000 | 48c7 87e8 | 0000 0001 | 0000 00e9 
  0x00007f4725f1a1d0: 2900 0000 | 4883 bff0 | 0000 0000 | 7517 4889 | b7f0 0000 | 0048 c787 | f800 0000 | 0100 0000 
  0x00007f4725f1a1f0: e908 0000 | 0048 8387 | d800 0000 | 0148 8bf0 | 0f1f 4400 | 0048 b808 | 1cd4 0147 

  0x00007f4725f1a20c: ;   {virtual_call}
  0x00007f4725f1a20c: 7f00 00e8 

  0x00007f4725f1a210: ; ImmutableOopMap {[272]=Oop }
                      ;*invokevirtual printStackTrace {reexecute=0 rethrow=0 return_oop=0}
                      ; - age.of.civilizations2.jakowski.lukasz.CFG::exceptionStack@1 (line 6406)
                      ; - age.of.civilizations2.jakowski.lukasz.AoCGame::render@878 (line 501)
  0x00007f4725f1a210: ccaa 4605 

  0x00007f4725f1a214: ;   {post_call_nop}
  0x00007f4725f1a214: 0f1f 8400 | 8c62 004d 

  0x00007f4725f1a21c: ;   {metadata(method data for {method} {0x00007f46f042cb90} 'render' '()V' in 'age/of/civilizations2/jakowski/lukasz/AoCGame')}
  0x00007f4725f1a21c: 48b8 e846 | 4cf1 467f | 0000 4883 | 80b8 1100 

  0x00007f4725f1a22c: ;   {metadata(method data for {method} {0x00007f46f05cb2a0} 'setRender_3' '(Z)V' in 'age/of/civilizations2/jakowski/lukasz/CFG')}
  0x00007f4725f1a22c: 0001 48b8 | 0000 daf0 | 467f 0000 | 8bb0 9000 | 0000 83c6 | 0289 b090 | 0000 0081 | e6fe ff1f 
  0x00007f4725f1a24c: 0085 f60f | 8407 1500 

  0x00007f4725f1a254: ;   {oop(a 'java/lang/Class'{0x00000007ffdff2d8} = 'age/of/civilizations2/jakowski/lukasz/CFG')}
  0x00007f4725f1a254: 0048 b8d8 | f2df ff07 | 0000 008b | b0c8 0200 | 0048 c1e6 | 0348 85f6 | 0f84 2500 

  0x00007f4725f1a270: ;   {metadata('age/of/civilizations2/jakowski/lukasz/CFG$1')}
  0x00007f4725f1a270: 0000 48b9 | 303a 0941 | 0000 0000 | 8b56 0841 | ba00 0000 | 4049 03d2 | 483b 4a38 | 0f85 eb14 
  0x00007f4725f1a290: 0000 e900 | 0000 0048 | 8bfe 483b 

  0x00007f4725f1a29c: ;   {metadata(method data for {method} {0x00007f46f05cb2a0} 'setRender_3' '(Z)V' in 'age/of/civilizations2/jakowski/lukasz/CFG')}
  0x00007f4725f1a29c: 0648 bf00 | 00da f046 | 7f00 0048 | 8387 e800 

  0x00007f4725f1a2ac: ;   {metadata(method data for {method} {0x00007f46f065c528} 'update' '(Z)V' in 'age/of/civilizations2/jakowski/lukasz/CFG$1')}
  0x00007f4725f1a2ac: 0000 0148 | be48 01da | f046 7f00 | 008b be90 | 0000 0083 | c702 89be | 9000 0000 | 81e7 feff 
  0x00007f4725f1a2cc: 1f00 85ff | 0f84 b114 | 0000 c680 | fd08 0000 | 01c6 80fc | 0800 0001 | 0fbe b0fd | 0800 0083 
  0x00007f4725f1a2ec: e601 4088 | b0fb 0800 

  0x00007f4725f1a2f4: ;   {metadata(method data for {method} {0x00007f46f042cb90} 'render' '()V' in 'age/of/civilizations2/jakowski/lukasz/AoCGame')}
  0x00007f4725f1a2f4: 0048 b8e8 | 464c f146 | 7f00 00ff | 80c8 1100 | 00e9 ca04 | 0000 498b | 87c0 0500 | 004d 33d2 
  0x00007f4725f1a314: 4d89 97c0 | 0500 004d | 33d2 4d89 | 97c8 0500 

  0x00007f4725f1a324: ;   {oop(a 'java/lang/Class'{0x00000007ffdff2d8} = 'age/of/civilizations2/jakowski/lukasz/CFG')}
  0x00007f4725f1a324: 0048 bed8 | f2df ff07 | 0000 000f | beb6 f408 | 0000 85f6 

  0x00007f4725f1a338: ;   {metadata(method data for {method} {0x00007f46f042cb90} 'render' '()V' in 'age/of/civilizations2/jakowski/lukasz/AoCGame')}
  0x00007f4725f1a338: 48be e846 | 4cf1 467f | 0000 bf50 | 1100 0074 | 05bf 6011 | 0000 488b | 1c3e 488d | 5b01 4889 
  0x00007f4725f1a358: 1c3e 0f84 | e400 0000 

  0x00007f4725f1a360: ;   {metadata(method data for {method} {0x00007f46f042cb90} 'render' '()V' in 'age/of/civilizations2/jakowski/lukasz/AoCGame')}
  0x00007f4725f1a360: 48be e846 | 4cf1 467f | 0000 4883 | 8670 1100 

  0x00007f4725f1a370: ;   {metadata(method data for {method} {0x00007f46f05da248} 'exceptionStack' '(Ljava/lang/Throwable;)V' in 'age/of/civilizations2/jakowski/lukasz/CFG')}
  0x00007f4725f1a370: 0001 48be | 1871 d8f0 | 467f 0000 | 8bbe 9000 | 0000 83c7 | 0289 be90 | 0000 0081 | e7fe ff1f 
  0x00007f4725f1a390: 0085 ff0f | 840f 1400 | 0048 8bf0 

  0x00007f4725f1a39c: ;   {metadata(method data for {method} {0x00007f46f05da248} 'exceptionStack' '(Ljava/lang/Throwable;)V' in 'age/of/civilizations2/jakowski/lukasz/CFG')}
  0x00007f4725f1a39c: 48bf 1871 | d8f0 467f | 0000 8b76 | 0841 ba00 | 0000 4049 | 03f2 483b | b7e0 0000 | 0075 0d48 
  0x00007f4725f1a3bc: 8387 e800 | 0000 01e9 | 6000 0000 | 483b b7f0 | 0000 0075 | 0d48 8387 | f800 0000 | 01e9 4a00 
  0x00007f4725f1a3dc: 0000 4883 | bfe0 0000 | 0000 7517 | 4889 b7e0 | 0000 0048 | c787 e800 | 0000 0100 | 0000 e929 
  0x00007f4725f1a3fc: 0000 0048 | 83bf f000 | 0000 0075 | 1748 89b7 | f000 0000 | 48c7 87f8 | 0000 0001 | 0000 00e9 
  0x00007f4725f1a41c: 0800 0000 | 4883 87d8 | 0000 0001 | 488b f066 | 9048 b830 | 1cd4 0147 

  0x00007f4725f1a434: ;   {virtual_call}
  0x00007f4725f1a434: 7f00 00e8 

  0x00007f4725f1a438: ; ImmutableOopMap {[272]=Oop }
                      ;*invokevirtual printStackTrace {reexecute=0 rethrow=0 return_oop=0}
                      ; - age.of.civilizations2.jakowski.lukasz.CFG::exceptionStack@1 (line 6406)
                      ; - age.of.civilizations2.jakowski.lukasz.AoCGame::render@866 (line 496)
  0x00007f4725f1a438: a4a8 4605 

  0x00007f4725f1a43c: ;   {post_call_nop}
  0x00007f4725f1a43c: 0f1f 8400 | b464 004e 

  0x00007f4725f1a444: ;   {metadata(method data for {method} {0x00007f46f042cb90} 'render' '()V' in 'age/of/civilizations2/jakowski/lukasz/AoCGame')}
  0x00007f4725f1a444: 48b8 e846 | 4cf1 467f | 0000 4883 | 8080 1100 

  0x00007f4725f1a454: ;   {metadata(method data for {method} {0x00007f46f05cb2a0} 'setRender_3' '(Z)V' in 'age/of/civilizations2/jakowski/lukasz/CFG')}
  0x00007f4725f1a454: 0001 48b8 | 0000 daf0 | 467f 0000 | 8bb0 9000 | 0000 83c6 | 0289 b090 | 0000 0081 | e6fe ff1f 
  0x00007f4725f1a474: 0085 f60f | 844c 1300 

  0x00007f4725f1a47c: ;   {oop(a 'java/lang/Class'{0x00000007ffdff2d8} = 'age/of/civilizations2/jakowski/lukasz/CFG')}
  0x00007f4725f1a47c: 0048 b8d8 | f2df ff07 | 0000 008b | b0c8 0200 | 0048 c1e6 | 0348 85f6 | 0f84 2500 

  0x00007f4725f1a498: ;   {metadata('age/of/civilizations2/jakowski/lukasz/CFG$1')}
  0x00007f4725f1a498: 0000 48b9 | 303a 0941 | 0000 0000 | 8b56 0841 | ba00 0000 | 4049 03d2 | 483b 4a38 | 0f85 3013 
  0x00007f4725f1a4b8: 0000 e900 | 0000 0048 | 8bfe 483b 

  0x00007f4725f1a4c4: ;   {metadata(method data for {method} {0x00007f46f05cb2a0} 'setRender_3' '(Z)V' in 'age/of/civilizations2/jakowski/lukasz/CFG')}
  0x00007f4725f1a4c4: 0648 bf00 | 00da f046 | 7f00 0048 | 8387 e800 

  0x00007f4725f1a4d4: ;   {metadata(method data for {method} {0x00007f46f065c528} 'update' '(Z)V' in 'age/of/civilizations2/jakowski/lukasz/CFG$1')}
  0x00007f4725f1a4d4: 0000 0148 | be48 01da | f046 7f00 | 008b be90 | 0000 0083 | c702 89be | 9000 0000 | 81e7 feff 
  0x00007f4725f1a4f4: 1f00 85ff | 0f84 f612 | 0000 c680 | fd08 0000 | 01c6 80fc | 0800 0001 | 0fbe b0fd | 0800 0083 
  0x00007f4725f1a514: e601 4088 | b0fb 0800 

  0x00007f4725f1a51c: ;   {metadata(method data for {method} {0x00007f46f042cb90} 'render' '()V' in 'age/of/civilizations2/jakowski/lukasz/AoCGame')}
  0x00007f4725f1a51c: 0048 b8e8 | 464c f146 | 7f00 00ff | 8090 1100 | 00e9 a202 | 0000 498b | 87c0 0500 | 004d 33d2 
  0x00007f4725f1a53c: 4d89 97c0 | 0500 004d | 33d2 4d89 | 97c8 0500 

  0x00007f4725f1a54c: ;   {oop(a 'java/lang/Class'{0x00000007ffdff2d8} = 'age/of/civilizations2/jakowski/lukasz/CFG')}
  0x00007f4725f1a54c: 0048 bed8 | f2df ff07 | 0000 000f | beb6 f408 | 0000 85f6 

  0x00007f4725f1a560: ;   {metadata(method data for {method} {0x00007f46f042cb90} 'render' '()V' in 'age/of/civilizations2/jakowski/lukasz/AoCGame')}
  0x00007f4725f1a560: 48be e846 | 4cf1 467f | 0000 bfb0 | 1000 0074 | 05bf c010 | 0000 488b | 1c3e 488d | 5b01 4889 
  0x00007f4725f1a580: 1c3e 0f84 | e400 0000 

  0x00007f4725f1a588: ;   {metadata(method data for {method} {0x00007f46f042cb90} 'render' '()V' in 'age/of/civilizations2/jakowski/lukasz/AoCGame')}
  0x00007f4725f1a588: 48be e846 | 4cf1 467f | 0000 4883 | 86d0 1000 

  0x00007f4725f1a598: ;   {metadata(method data for {method} {0x00007f46f05da248} 'exceptionStack' '(Ljava/lang/Throwable;)V' in 'age/of/civilizations2/jakowski/lukasz/CFG')}
  0x00007f4725f1a598: 0001 48be | 1871 d8f0 | 467f 0000 | 8bbe 9000 | 0000 83c7 | 0289 be90 | 0000 0081 | e7fe ff1f 
  0x00007f4725f1a5b8: 0085 ff0f | 8454 1200 | 0048 8bf0 

  0x00007f4725f1a5c4: ;   {metadata(method data for {method} {0x00007f46f05da248} 'exceptionStack' '(Ljava/lang/Throwable;)V' in 'age/of/civilizations2/jakowski/lukasz/CFG')}
  0x00007f4725f1a5c4: 48bf 1871 | d8f0 467f | 0000 8b76 | 0841 ba00 | 0000 4049 | 03f2 483b | b7e0 0000 | 0075 0d48 
  0x00007f4725f1a5e4: 8387 e800 | 0000 01e9 | 6000 0000 | 483b b7f0 | 0000 0075 | 0d48 8387 | f800 0000 | 01e9 4a00 
  0x00007f4725f1a604: 0000 4883 | bfe0 0000 | 0000 7517 | 4889 b7e0 | 0000 0048 | c787 e800 | 0000 0100 | 0000 e929 
  0x00007f4725f1a624: 0000 0048 | 83bf f000 | 0000 0075 | 1748 89b7 | f000 0000 | 48c7 87f8 | 0000 0001 | 0000 00e9 
  0x00007f4725f1a644: 0800 0000 | 4883 87d8 | 0000 0001 | 488b f066 | 9048 b858 | 1cd4 0147 

  0x00007f4725f1a65c: ;   {virtual_call}
  0x00007f4725f1a65c: 7f00 00e8 

  0x00007f4725f1a660: ; ImmutableOopMap {[272]=Oop }
                      ;*invokevirtual printStackTrace {reexecute=0 rethrow=0 return_oop=0}
                      ; - age.of.civilizations2.jakowski.lukasz.CFG::exceptionStack@1 (line 6406)
                      ; - age.of.civilizations2.jakowski.lukasz.AoCGame::render@837 (line 485)
  0x00007f4725f1a660: 7ca6 4605 

  0x00007f4725f1a664: ;   {post_call_nop}
  0x00007f4725f1a664: 0f1f 8400 | dc66 004f 

  0x00007f4725f1a66c: ;   {metadata(method data for {method} {0x00007f46f042cb90} 'render' '()V' in 'age/of/civilizations2/jakowski/lukasz/AoCGame')}
  0x00007f4725f1a66c: 48be e846 | 4cf1 467f | 0000 4883 | 86e0 1000 

  0x00007f4725f1a67c: ;   {metadata(method data for {method} {0x00007f46f05cb2a0} 'setRender_3' '(Z)V' in 'age/of/civilizations2/jakowski/lukasz/CFG')}
  0x00007f4725f1a67c: 0001 48be | 0000 daf0 | 467f 0000 | 8bbe 9000 | 0000 83c7 | 0289 be90 | 0000 0081 | e7fe ff1f 
  0x00007f4725f1a69c: 0085 ff0f | 8491 1100 

  0x00007f4725f1a6a4: ;   {oop(a 'java/lang/Class'{0x00000007ffdff2d8} = 'age/of/civilizations2/jakowski/lukasz/CFG')}
  0x00007f4725f1a6a4: 0048 bed8 | f2df ff07 | 0000 008b | bec8 0200 | 0048 c1e7 | 0348 85ff | 0f84 2500 

  0x00007f4725f1a6c0: ;   {metadata('age/of/civilizations2/jakowski/lukasz/CFG$1')}
  0x00007f4725f1a6c0: 0000 48b9 | 303a 0941 | 0000 0000 | 8b57 0841 | ba00 0000 | 4049 03d2 | 483b 4a38 | 0f85 7511 
  0x00007f4725f1a6e0: 0000 e900 | 0000 0048 | 8bdf 483b 

  0x00007f4725f1a6ec: ;   {metadata(method data for {method} {0x00007f46f05cb2a0} 'setRender_3' '(Z)V' in 'age/of/civilizations2/jakowski/lukasz/CFG')}
  0x00007f4725f1a6ec: 0748 bb00 | 00da f046 | 7f00 0048 | 8383 e800 

  0x00007f4725f1a6fc: ;   {metadata(method data for {method} {0x00007f46f065c528} 'update' '(Z)V' in 'age/of/civilizations2/jakowski/lukasz/CFG$1')}
  0x00007f4725f1a6fc: 0000 0148 | bf48 01da | f046 7f00 | 008b 9f90 | 0000 0083 | c302 899f | 9000 0000 | 81e3 feff 
  0x00007f4725f1a71c: 1f00 85db | 0f84 3b11 | 0000 c686 | fd08 0000 | 01c6 86fc | 0800 0001 | 0fbe befd | 0800 0083 
  0x00007f4725f1a73c: e701 4088 | befb 0800 | 0048 8bb4 | 2410 0100 | 008b 7e4c | 48c1 e703 

  0x00007f4725f1a754: ; implicit exception: dispatches to 0x00007f4725f1b882
  0x00007f4725f1a754: 483b 0748 

  0x00007f4725f1a758: ;   {metadata(method data for {method} {0x00007f46f042cb90} 'render' '()V' in 'age/of/civilizations2/jakowski/lukasz/AoCGame')}
  0x00007f4725f1a758: 8bdf 48b8 | e846 4cf1 | 467f 0000 

  0x00007f4725f1a764: ;   {metadata('com/badlogic/gdx/graphics/g2d/SpriteBatch')}
  0x00007f4725f1a764: 49ba 0060 | 0941 0000 | 0000 4c89 | 90f8 1000 | 0048 8380 | 0011 0000 | 0148 8bf7 | 0f1f 8000 
  0x00007f4725f1a784: ;   {optimized virtual_call}
  0x00007f4725f1a784: 0000 00e8 

  0x00007f4725f1a788: ; ImmutableOopMap {[272]=Oop }
                      ;*invokevirtual end {reexecute=0 rethrow=0 return_oop=0}
                      ; - age.of.civilizations2.jakowski.lukasz.AoCGame::render@848 (line 491)
  0x00007f4725f1a788: 54a2 4605 

  0x00007f4725f1a78c: ;   {post_call_nop}
  0x00007f4725f1a78c: 0f1f 8400 | 0468 0050 

  0x00007f4725f1a794: ;   {metadata(method data for {method} {0x00007f46f042cb90} 'render' '()V' in 'age/of/civilizations2/jakowski/lukasz/AoCGame')}
  0x00007f4725f1a794: 48b8 e846 | 4cf1 467f | 0000 ff80 | 2011 0000 | e91b 0000 | 0049 8b87 | c005 0000 | 4d33 d24d 
  0x00007f4725f1a7b4: 8997 c005 | 0000 4d33 | d24d 8997 | c805 0000 

  0x00007f4725f1a7c4: ;   {metadata(method data for {method} {0x00007f46f042cb90} 'render' '()V' in 'age/of/civilizations2/jakowski/lukasz/AoCGame')}
  0x00007f4725f1a7c4: 48be e846 | 4cf1 467f | 0000 ff86 | 3811 0000 

  0x00007f4725f1a7d4: ;   {metadata(method data for {method} {0x00007f46f042cb90} 'render' '()V' in 'age/of/civilizations2/jakowski/lukasz/AoCGame')}
  0x00007f4725f1a7d4: 48be e846 | 4cf1 467f | 0000 4883 | 8670 1200 

  0x00007f4725f1a7e4: ;   {metadata(method data for {method} {0x00007f46f05ca608} 'isDesktop' '()Z' in 'age/of/civilizations2/jakowski/lukasz/CFG')}
  0x00007f4725f1a7e4: 0001 48be | d09d d8f0 | 467f 0000 | 8bbe 9000 | 0000 83c7 | 0289 be90 | 0000 0081 | e7fe ff1f 
  0x00007f4725f1a804: 0085 ff0f | 847a 1000 

  0x00007f4725f1a80c: ;   {oop(a 'java/lang/Class'{0x000000070c1c43e8} = 'com/badlogic/gdx/Gdx')}
  0x00007f4725f1a80c: 0048 bee8 | 431c 0c07 | 0000 008b | 7678 48c1 | e603 4885 | f60f 8425 

  0x00007f4725f1a824: ;   {metadata('com/badlogic/gdx/backends/lwjgl/LwjglApplication')}
  0x00007f4725f1a824: 0000 0048 | ba00 4004 | 4100 0000 | 008b 4608 | 41ba 0000 | 0040 4903 | c248 3b50 | 380f 8561 
  0x00007f4725f1a844: 1000 00e9 | 0000 0000 | 488b fe48 

  0x00007f4725f1a850: ;   {metadata(method data for {method} {0x00007f46f05ca608} 'isDesktop' '()Z' in 'age/of/civilizations2/jakowski/lukasz/CFG')}
  0x00007f4725f1a850: 3b06 48bf | d09d d8f0 | 467f 0000 | 4883 87e8 | 0000 0001 

  0x00007f4725f1a864: ;   {metadata(method data for {method} {0x00007f46f0418600} 'getType' '()Lcom/badlogic/gdx/Application$ApplicationType;' in 'com/badlogic/gdx/backends/lwjgl/LwjglApplication')}
  0x00007f4725f1a864: 48be 2055 | d4f0 467f | 0000 8bbe | 9000 0000 | 83c7 0289 | be90 0000 | 0081 e7fe | ff1f 0085 
  0x00007f4725f1a884: ff0f 8427 

  0x00007f4725f1a888: ;   {metadata(method data for {method} {0x00007f46f05ca608} 'isDesktop' '()Z' in 'age/of/civilizations2/jakowski/lukasz/CFG')}
  0x00007f4725f1a888: 1000 0048 | bed0 9dd8 | f046 7f00 | 00ff 8618 

  0x00007f4725f1a898: ;   {metadata(method data for {method} {0x00007f46f05ca608} 'isDesktop' '()Z' in 'age/of/civilizations2/jakowski/lukasz/CFG')}
  0x00007f4725f1a898: 0100 0048 | bed0 9dd8 | f046 7f00 | 00ff 8628 

  0x00007f4725f1a8a8: ;   {metadata(method data for {method} {0x00007f46f042cb90} 'render' '()V' in 'age/of/civilizations2/jakowski/lukasz/AoCGame')}
  0x00007f4725f1a8a8: 0100 0048 | bee8 464c | f146 7f00 | 00ff 8690 | 1200 0048 | 8bb4 2410 | 0100 008b | 7e60 48c1 
  0x00007f4725f1a8c8: e703 483b | 0748 8bdf 

  0x00007f4725f1a8d0: ;   {metadata(method data for {method} {0x00007f46f042cb90} 'render' '()V' in 'age/of/civilizations2/jakowski/lukasz/AoCGame')}
  0x00007f4725f1a8d0: 48b8 e846 | 4cf1 467f | 0000 4883 | 80b0 1200 | 0001 488b 

  0x00007f4725f1a8e4: ;   {optimized virtual_call}
  0x00007f4725f1a8e4: f766 90e8 

  0x00007f4725f1a8e8: ; ImmutableOopMap {[272]=Oop }
                      ;*invokevirtual begin {reexecute=0 rethrow=0 return_oop=0}
                      ; - age.of.civilizations2.jakowski.lukasz.AoCGame::render@931 (line 516)
  0x00007f4725f1a8e8: 246a d405 

  0x00007f4725f1a8ec: ;   {post_call_nop}
  0x00007f4725f1a8ec: 0f1f 8400 | 6469 0051 | 488b b424 | 1001 0000 | 8b7e 6048 

  0x00007f4725f1a900: ;   {metadata(method data for {method} {0x00007f46f042cb90} 'render' '()V' in 'age/of/civilizations2/jakowski/lukasz/AoCGame')}
  0x00007f4725f1a900: c1e7 0348 | bbe8 464c | f146 7f00 | 0048 8383 | d012 0000 | 0148 8bf7 | 0f1f 8000 

  0x00007f4725f1a91c: ;   {static_call}
  0x00007f4725f1a91c: 0000 00e8 

  0x00007f4725f1a920: ; ImmutableOopMap {[272]=Oop }
                      ;*invokestatic render {reexecute=0 rethrow=0 return_oop=0}
                      ; - age.of.civilizations2.jakowski.lukasz.AoCGame::render@938 (line 517)
  0x00007f4725f1a920: 7ce8 3e06 

  0x00007f4725f1a924: ;   {post_call_nop}
  0x00007f4725f1a924: 0f1f 8400 | 9c69 0052 | 488b b424 | 1001 0000 | 8b7e 6048 | c1e7 0348 | 3b07 488b 

  0x00007f4725f1a940: ;   {metadata(method data for {method} {0x00007f46f042cb90} 'render' '()V' in 'age/of/civilizations2/jakowski/lukasz/AoCGame')}
  0x00007f4725f1a940: df48 b8e8 | 464c f146 | 7f00 0048 | 8380 f012 | 0000 0148 

  0x00007f4725f1a954: ;   {optimized virtual_call}
  0x00007f4725f1a954: 8bf7 90e8 

  0x00007f4725f1a958: ; ImmutableOopMap {[272]=Oop }
                      ;*invokevirtual end {reexecute=0 rethrow=0 return_oop=0}
                      ; - age.of.civilizations2.jakowski.lukasz.AoCGame::render@945 (line 518)
  0x00007f4725f1a958: b46f d405 

  0x00007f4725f1a95c: ;   {post_call_nop}
  0x00007f4725f1a95c: 0f1f 8400 | d469 0053 | 488b b424 | 1001 0000 | 8b76 5048 | c1e6 0348 | 85f6 0f84 | 2500 0000 
  0x00007f4725f1a97c: ;   {metadata('age/of/civilizations2/jakowski/lukasz/AoCGame$1')}
  0x00007f4725f1a97c: 48ba 603c | 0941 0000 | 0000 8b46 | 0841 ba00 | 0000 4049 | 03c2 483b | 5038 0f85 | 410f 0000 
  0x00007f4725f1a99c: e900 0000 | 0048 8bfe 

  0x00007f4725f1a9a4: ; implicit exception: dispatches to 0x00007f4725f1b8e2
                      ;   {metadata(method data for {method} {0x00007f46f042cb90} 'render' '()V' in 'age/of/civilizations2/jakowski/lukasz/AoCGame')}
  0x00007f4725f1a9a4: 483b 0648 | bfe8 464c | f146 7f00 | 0048 8387 | 2013 0000 

  0x00007f4725f1a9b8: ;   {metadata(method data for {method} {0x00007f46f065ca68} 'update' '()V' in 'age/of/civilizations2/jakowski/lukasz/AoCGame$1')}
  0x00007f4725f1a9b8: 0148 be18 | aa4c f146 | 7f00 008b | be90 0000 | 0083 c702 | 89be 9000 | 0000 81e7 | feff 1f00 
  0x00007f4725f1a9d8: 85ff 0f84 | 070f 0000 | 4881 c440 | 0200 005d 

  0x00007f4725f1a9e8: ;   {poll_return}
  0x00007f4725f1a9e8: 493b 6728 | 0f87 160f 

  0x00007f4725f1a9f0: ;   {metadata({method} {0x00007f46f042cb90} 'render' '()V' in 'age/of/civilizations2/jakowski/lukasz/AoCGame')}
  0x00007f4725f1a9f0: 0000 c349 | ba90 cb42 | f046 7f00 | 004c 8954 | 2408 48c7 | 0424 ffff 

  0x00007f4725f1aa08: ;   {runtime_call C1 Runtime counter_overflow_blob}
  0x00007f4725f1aa08: ffff e8d1 

  0x00007f4725f1aa0c: ; ImmutableOopMap {rsi=Oop [272]=Oop }
                      ;*synchronization entry
                      ; - age.of.civilizations2.jakowski.lukasz.AoCGame::render@-1 (line 366)
  0x00007f4725f1aa0c: df53 05e9 | fa96 ffff 

  0x00007f4725f1aa14: ;   {runtime_call C1 Runtime throw_null_pointer_exception_blob}
  0x00007f4725f1aa14: e8c7 7b53 

  0x00007f4725f1aa18: ; ImmutableOopMap {rsi=Oop rdx=Oop [272]=Oop }
                      ;*invokevirtual getInGameView {reexecute=0 rethrow=0 return_oop=0}
                      ; - age.of.civilizations2.jakowski.lukasz.AoCGame::render@22 (line 368)
                      ;   {metadata({method} {0x00007f46f06b7788} 'getInGameView' '()Z' in 'age/of/civilizations2/jakowski/lukasz/MenuManager')}
  0x00007f4725f1aa18: 0549 ba88 | 776b f046 | 7f00 004c | 8954 2408 | 48c7 0424 | ffff ffff 

  0x00007f4725f1aa30: ;   {runtime_call C1 Runtime counter_overflow_blob}
  0x00007f4725f1aa30: e8ab df53 

  0x00007f4725f1aa34: ; ImmutableOopMap {rsi=Oop rdx=Oop [272]=Oop }
                      ;*synchronization entry
                      ; - age.of.civilizations2.jakowski.lukasz.MenuManager::getInGameView@-1 (line 3045)
                      ; - age.of.civilizations2.jakowski.lukasz.AoCGame::render@22 (line 368)
  0x00007f4725f1aa34: 05e9 4298 

  0x00007f4725f1aa38: ;   {metadata({method} {0x00007f46f0ca40f0} 'hasNews' '()Z' in 'age/of/civilizations2/jakowski/lukasz/WorldNews')}
  0x00007f4725f1aa38: ffff 49ba | f040 caf0 | 467f 0000 | 4c89 5424 | 0848 c704 | 24ff ffff 

  0x00007f4725f1aa50: ;   {runtime_call C1 Runtime counter_overflow_blob}
  0x00007f4725f1aa50: ffe8 8adf 

  0x00007f4725f1aa54: ; ImmutableOopMap {rsi=Oop rdx=Oop [272]=Oop }
                      ;*synchronization entry
                      ; - age.of.civilizations2.jakowski.lukasz.WorldNews::hasNews@-1 (line 180)
                      ; - age.of.civilizations2.jakowski.lukasz.AoCGame::render@41 (line 371)
  0x00007f4725f1aa54: 5305 e91a 

  0x00007f4725f1aa58: ;   {runtime_call C1 Runtime throw_null_pointer_exception_blob}
  0x00007f4725f1aa58: 99ff ffe8 

  0x00007f4725f1aa5c: ; ImmutableOopMap {rsi=Oop rdx=Oop [272]=Oop }
                      ;*invokevirtual isEmpty {reexecute=0 rethrow=0 return_oop=0}
                      ; - age.of.civilizations2.jakowski.lukasz.WorldNews::hasNews@9 (line 180)
                      ; - age.of.civilizations2.jakowski.lukasz.AoCGame::render@41 (line 371)
  0x00007f4725f1aa5c: 807b 5305 

  0x00007f4725f1aa60: ;   {metadata({method} {0x000000004021c840} 'isEmpty' '()Z' in 'java/util/ArrayList')}
  0x00007f4725f1aa60: 49ba 40c8 | 2140 0000 | 0000 4c89 | 5424 0848 | c704 24ff 

  0x00007f4725f1aa74: ;   {runtime_call C1 Runtime counter_overflow_blob}
  0x00007f4725f1aa74: ffff ffe8 

  0x00007f4725f1aa78: ; ImmutableOopMap {rsi=Oop rdx=Oop [272]=Oop }
                      ;*synchronization entry
                      ; - java.util.ArrayList::isEmpty@-1 (line 263)
                      ; - age.of.civilizations2.jakowski.lukasz.WorldNews::hasNews@9 (line 180)
                      ; - age.of.civilizations2.jakowski.lukasz.AoCGame::render@41 (line 371)
  0x00007f4725f1aa78: 64df 5305 | e974 99ff 

  0x00007f4725f1aa80: ;   {runtime_call C1 Runtime throw_null_pointer_exception_blob}
  0x00007f4725f1aa80: ffe8 5a7b 

  0x00007f4725f1aa84: ; ImmutableOopMap {rdi=Oop rdx=Oop [272]=Oop }
                      ;*invokevirtual getPlayer {reexecute=0 rethrow=0 return_oop=0}
                      ; - age.of.civilizations2.jakowski.lukasz.AoCGame::render@53 (line 373)
                      ;   {metadata({method} {0x00007f46f0c10eb8} 'getPlayer' '(I)Lage/of/civilizations2/jakowski/lukasz/Player;' in 'age/of/civilizations2/jakowski/lukasz/Game')}
  0x00007f4725f1aa84: 5305 49ba | b80e c1f0 | 467f 0000 | 4c89 5424 | 0848 c704 | 24ff ffff 

  0x00007f4725f1aa9c: ;   {runtime_call C1 Runtime counter_overflow_blob}
  0x00007f4725f1aa9c: ffe8 3edf 

  0x00007f4725f1aaa0: ; ImmutableOopMap {rdi=Oop rdx=Oop [272]=Oop }
                      ;*synchronization entry
                      ; - age.of.civilizations2.jakowski.lukasz.Game::getPlayer@-1 (line 22718)
                      ; - age.of.civilizations2.jakowski.lukasz.AoCGame::render@53 (line 373)
  0x00007f4725f1aaa0: 5305 e9e6 

  0x00007f4725f1aaa4: ;   {runtime_call C1 Runtime throw_null_pointer_exception_blob}
  0x00007f4725f1aaa4: 9aff ffe8 

  0x00007f4725f1aaa8: ; ImmutableOopMap {rdi=Oop rax=Oop [272]=Oop }
                      ;*invokeinterface get {reexecute=0 rethrow=0 return_oop=0}
                      ; - age.of.civilizations2.jakowski.lukasz.Game::getPlayer@5 (line 22718)
                      ; - age.of.civilizations2.jakowski.lukasz.AoCGame::render@53 (line 373)
  0x00007f4725f1aaa8: 347b 5305 | 4889 0424 

  0x00007f4725f1aab0: ;   {runtime_call C1 Runtime throw_class_cast_exception_blob}
  0x00007f4725f1aab0: e82b a853 

  0x00007f4725f1aab4: ; ImmutableOopMap {[272]=Oop [280]=Oop }
                      ;*checkcast {reexecute=0 rethrow=0 return_oop=0}
                      ; - age.of.civilizations2.jakowski.lukasz.Game::getPlayer@10 (line 22718)
                      ; - age.of.civilizations2.jakowski.lukasz.AoCGame::render@53 (line 373)
                      ;   {runtime_call C1 Runtime throw_null_pointer_exception_blob}
  0x00007f4725f1aab4: 05e8 267b 

  0x00007f4725f1aab8: ; ImmutableOopMap {rsi=Oop [272]=Oop [280]=Oop }
                      ;*invokevirtual getCivID {reexecute=0 rethrow=0 return_oop=0}
                      ; - age.of.civilizations2.jakowski.lukasz.AoCGame::render@56 (line 373)
                      ;   {metadata({method} {0x00007f46f0f90000} 'getCivID' '()I' in 'age/of/civilizations2/jakowski/lukasz/Player')}
  0x00007f4725f1aab8: 5305 49ba | 0000 f9f0 | 467f 0000 | 4c89 5424 | 0848 c704 | 24ff ffff 

  0x00007f4725f1aad0: ;   {runtime_call C1 Runtime counter_overflow_blob}
  0x00007f4725f1aad0: ffe8 0adf 

  0x00007f4725f1aad4: ; ImmutableOopMap {rsi=Oop [272]=Oop [280]=Oop }
                      ;*synchronization entry
                      ; - age.of.civilizations2.jakowski.lukasz.Player::getCivID@-1 (line 246)
                      ; - age.of.civilizations2.jakowski.lukasz.AoCGame::render@56 (line 373)
  0x00007f4725f1aad4: 5305 e9f6 

  0x00007f4725f1aad8: ;   {runtime_call C1 Runtime throw_null_pointer_exception_blob}
  0x00007f4725f1aad8: 9cff ffe8 

  0x00007f4725f1aadc: ; ImmutableOopMap {[272]=Oop [280]=Oop }
                      ;*getfield iCivID {reexecute=1 rethrow=0 return_oop=0}
                      ; - (reexecute) age.of.civilizations2.jakowski.lukasz.Player::getCivID@4 (line 246)
                      ; - age.of.civilizations2.jakowski.lukasz.AoCGame::render@56 (line 373)
  0x00007f4725f1aadc: 007b 5305 

  0x00007f4725f1aae0: ;   {runtime_call C1 Runtime throw_null_pointer_exception_blob}
  0x00007f4725f1aae0: e8fb 7a53 

  0x00007f4725f1aae4: ; ImmutableOopMap {rsi=Oop [272]=Oop }
                      ;*invokevirtual rebuildInGame_Event {reexecute=0 rethrow=0 return_oop=0}
                      ; - age.of.civilizations2.jakowski.lukasz.AoCGame::render@70 (line 375)
                      ;   {runtime_call C1 Runtime throw_incompatible_class_change_error_blob}
  0x00007f4725f1aae4: 05e8 f6aa 

  0x00007f4725f1aae8: ; ImmutableOopMap {rdx=Oop [272]=Oop }
                      ;*invokeinterface log {reexecute=0 rethrow=0 return_oop=0}
                      ; - age.of.civilizations2.jakowski.lukasz.AoCGame::render@82 (line 376)
                      ;   {runtime_call C1 Runtime throw_null_pointer_exception_blob}
  0x00007f4725f1aae8: 5305 e8f1 

  0x00007f4725f1aaec: ; ImmutableOopMap {rdx=Oop [272]=Oop }
                      ;*invokeinterface log {reexecute=0 rethrow=0 return_oop=0}
                      ; - age.of.civilizations2.jakowski.lukasz.AoCGame::render@82 (line 376)
                      ;   {metadata({method} {0x00007f46f0418e40} 'log' '(Ljava/lang/String;Ljava/lang/String;)V' in 'com/badlogic/gdx/backends/lwjgl/LwjglApplication')}
  0x00007f4725f1aaec: 7a53 0549 | ba40 8e41 | f046 7f00 | 004c 8954 | 2408 48c7 | 0424 ffff 

  0x00007f4725f1ab04: ;   {runtime_call C1 Runtime counter_overflow_blob}
  0x00007f4725f1ab04: ffff e8d5 

  0x00007f4725f1ab08: ; ImmutableOopMap {rdx=Oop [272]=Oop }
                      ;*synchronization entry
                      ; - com.badlogic.gdx.backends.lwjgl.LwjglApplication::log@-1 (line 360)
                      ; - age.of.civilizations2.jakowski.lukasz.AoCGame::render@82 (line 376)
  0x00007f4725f1ab08: de53 05e9 | 3e9e ffff 

  0x00007f4725f1ab10: ;   {runtime_call C1 Runtime throw_incompatible_class_change_error_blob}
  0x00007f4725f1ab10: e8cb aa53 

  0x00007f4725f1ab14: ; ImmutableOopMap {rdx=Oop [272]=Oop }
                      ;*invokeinterface log {reexecute=0 rethrow=0 return_oop=0}
                      ; - com.badlogic.gdx.backends.lwjgl.LwjglApplication::log@14 (line 360)
                      ; - age.of.civilizations2.jakowski.lukasz.AoCGame::render@82 (line 376)
                      ;   {runtime_call C1 Runtime throw_null_pointer_exception_blob}
  0x00007f4725f1ab14: 05e8 c67a 

  0x00007f4725f1ab18: ; ImmutableOopMap {rdx=Oop [272]=Oop }
                      ;*invokeinterface log {reexecute=0 rethrow=0 return_oop=0}
                      ; - com.badlogic.gdx.backends.lwjgl.LwjglApplication::log@14 (line 360)
                      ; - age.of.civilizations2.jakowski.lukasz.AoCGame::render@82 (line 376)
                      ;   {metadata({method} {0x00007f46f0461948} 'log' '(Ljava/lang/String;Ljava/lang/String;)V' in 'com/badlogic/gdx/backends/lwjgl/LwjglApplicationLogger')}
  0x00007f4725f1ab18: 5305 49ba | 4819 46f0 | 467f 0000 | 4c89 5424 | 0848 c704 | 24ff ffff 

  0x00007f4725f1ab30: ;   {runtime_call C1 Runtime counter_overflow_blob}
  0x00007f4725f1ab30: ffe8 aade 

  0x00007f4725f1ab34: ; ImmutableOopMap {[272]=Oop }
                      ;*synchronization entry
                      ; - com.badlogic.gdx.backends.lwjgl.LwjglApplicationLogger::log@-1 (line 28)
                      ; - com.badlogic.gdx.backends.lwjgl.LwjglApplication::log@14 (line 360)
                      ; - age.of.civilizations2.jakowski.lukasz.AoCGame::render@82 (line 376)
  0x00007f4725f1ab34: 5305 e9ca | 9eff ff48 

  0x00007f4725f1ab3c: ;   {runtime_call C1 Runtime fast_new_instance_blob}
  0x00007f4725f1ab3c: 8bd2 e81d 

  0x00007f4725f1ab40: ; ImmutableOopMap {rbx=Oop [272]=Oop }
                      ;*new {reexecute=0 rethrow=0 return_oop=0}
                      ; - com.badlogic.gdx.backends.lwjgl.LwjglApplicationLogger::log@3 (line 28)
                      ; - com.badlogic.gdx.backends.lwjgl.LwjglApplication::log@14 (line 360)
                      ; - age.of.civilizations2.jakowski.lukasz.AoCGame::render@82 (line 376)
  0x00007f4725f1ab40: 8853 05e9 | 1a9f ffff 

  0x00007f4725f1ab48: ;   {metadata({method} {0x00000000401ba400} '<init>' '()V' in 'java/lang/StringBuilder')}
  0x00007f4725f1ab48: 49ba 00a4 | 1b40 0000 | 0000 4c89 | 5424 0848 | c704 24ff 

  0x00007f4725f1ab5c: ;   {runtime_call C1 Runtime counter_overflow_blob}
  0x00007f4725f1ab5c: ffff ffe8 

  0x00007f4725f1ab60: ; ImmutableOopMap {rbx=Oop rax=Oop [272]=Oop }
                      ;*synchronization entry
                      ; - java.lang.StringBuilder::<init>@-1 (line 106)
                      ; - com.badlogic.gdx.backends.lwjgl.LwjglApplicationLogger::log@7 (line 28)
                      ; - com.badlogic.gdx.backends.lwjgl.LwjglApplication::log@14 (line 360)
                      ; - age.of.civilizations2.jakowski.lukasz.AoCGame::render@82 (line 376)
  0x00007f4725f1ab60: 7cde 5305 | e935 9fff 

  0x00007f4725f1ab68: ;   {metadata({method} {0x00000000401ba610} 'append' '(Ljava/lang/String;)Ljava/lang/StringBuilder;' in 'java/lang/StringBuilder')}
  0x00007f4725f1ab68: ff49 ba10 | a61b 4000 | 0000 004c | 8954 2408 | 48c7 0424 | ffff ffff 

  0x00007f4725f1ab80: ;   {runtime_call C1 Runtime counter_overflow_blob}
  0x00007f4725f1ab80: e85b de53 

  0x00007f4725f1ab84: ; ImmutableOopMap {[272]=Oop [288]=Oop [296]=Oop }
                      ;*synchronization entry
                      ; - java.lang.StringBuilder::append@-1 (line 179)
                      ; - com.badlogic.gdx.backends.lwjgl.LwjglApplicationLogger::log@11 (line 28)
                      ; - com.badlogic.gdx.backends.lwjgl.LwjglApplication::log@14 (line 360)
                      ; - age.of.civilizations2.jakowski.lukasz.AoCGame::render@82 (line 376)
  0x00007f4725f1ab84: 05e9 0da0 

  0x00007f4725f1ab88: ;   {metadata({method} {0x00000000401ba610} 'append' '(Ljava/lang/String;)Ljava/lang/StringBuilder;' in 'java/lang/StringBuilder')}
  0x00007f4725f1ab88: ffff 49ba | 10a6 1b40 | 0000 0000 | 4c89 5424 | 0848 c704 | 24ff ffff 

  0x00007f4725f1aba0: ;   {runtime_call C1 Runtime counter_overflow_blob}
  0x00007f4725f1aba0: ffe8 3ade 

  0x00007f4725f1aba4: ; ImmutableOopMap {[272]=Oop [288]=Oop [296]=Oop }
                      ;*synchronization entry
                      ; - java.lang.StringBuilder::append@-1 (line 179)
                      ; - com.badlogic.gdx.backends.lwjgl.LwjglApplicationLogger::log@16 (line 28)
                      ; - com.badlogic.gdx.backends.lwjgl.LwjglApplication::log@14 (line 360)
                      ; - age.of.civilizations2.jakowski.lukasz.AoCGame::render@82 (line 376)
  0x00007f4725f1aba4: 5305 e9e4 

  0x00007f4725f1aba8: ;   {metadata({method} {0x00000000401ba610} 'append' '(Ljava/lang/String;)Ljava/lang/StringBuilder;' in 'java/lang/StringBuilder')}
  0x00007f4725f1aba8: a0ff ff49 | ba10 a61b | 4000 0000 | 004c 8954 | 2408 48c7 | 0424 ffff 

  0x00007f4725f1abc0: ;   {runtime_call C1 Runtime counter_overflow_blob}
  0x00007f4725f1abc0: ffff e819 

  0x00007f4725f1abc4: ; ImmutableOopMap {[272]=Oop [288]=Oop [296]=Oop }
                      ;*synchronization entry
                      ; - java.lang.StringBuilder::append@-1 (line 179)
                      ; - com.badlogic.gdx.backends.lwjgl.LwjglApplicationLogger::log@20 (line 28)
                      ; - com.badlogic.gdx.backends.lwjgl.LwjglApplication::log@14 (line 360)
                      ; - age.of.civilizations2.jakowski.lukasz.AoCGame::render@82 (line 376)
  0x00007f4725f1abc4: de53 05e9 | bba1 ffff 

  0x00007f4725f1abcc: ;   {metadata({method} {0x00000000401b8ea0} 'toString' '()Ljava/lang/String;' in 'java/lang/StringBuilder')}
  0x00007f4725f1abcc: 49ba a08e | 1b40 0000 | 0000 4c89 | 5424 0848 | c704 24ff 

  0x00007f4725f1abe0: ;   {runtime_call C1 Runtime counter_overflow_blob}
  0x00007f4725f1abe0: ffff ffe8 

  0x00007f4725f1abe4: ; ImmutableOopMap {[272]=Oop [288]=Oop [296]=Oop }
                      ;*synchronization entry
                      ; - java.lang.StringBuilder::toString@-1 (line 474)
                      ; - com.badlogic.gdx.backends.lwjgl.LwjglApplicationLogger::log@23 (line 28)
                      ; - com.badlogic.gdx.backends.lwjgl.LwjglApplication::log@14 (line 360)
                      ; - age.of.civilizations2.jakowski.lukasz.AoCGame::render@82 (line 376)
  0x00007f4725f1abe4: f8dd 5305 | e992 a2ff 

  0x00007f4725f1abec: ;   {metadata({method} {0x00000000401b8fb8} 'length' '()I' in 'java/lang/StringBuilder')}
  0x00007f4725f1abec: ff49 bab8 | 8f1b 4000 | 0000 004c | 8954 2408 | 48c7 0424 | ffff ffff 

  0x00007f4725f1ac04: ;   {runtime_call C1 Runtime counter_overflow_blob}
  0x00007f4725f1ac04: e8d7 dd53 

  0x00007f4725f1ac08: ; ImmutableOopMap {[272]=Oop [288]=Oop [296]=Oop }
                      ;*synchronization entry
                      ; - java.lang.StringBuilder::length@-1 (line 91)
                      ; - java.lang.StringBuilder::toString@1 (line 474)
                      ; - com.badlogic.gdx.backends.lwjgl.LwjglApplicationLogger::log@23 (line 28)
                      ; - com.badlogic.gdx.backends.lwjgl.LwjglApplication::log@14 (line 360)
                      ; - age.of.civilizations2.jakowski.lukasz.AoCGame::render@82 (line 376)
  0x00007f4725f1ac08: 05e9 2ca3 | ffff 488b 

  0x00007f4725f1ac10: ;   {runtime_call C1 Runtime fast_new_instance_blob}
  0x00007f4725f1ac10: d2e8 4a87 

  0x00007f4725f1ac14: ; ImmutableOopMap {rbx=Oop [272]=Oop [296]=Oop }
                      ;*new {reexecute=0 rethrow=0 return_oop=0}
                      ; - java.lang.StringBuilder::toString@10 (line 478)
                      ; - com.badlogic.gdx.backends.lwjgl.LwjglApplicationLogger::log@23 (line 28)
                      ; - com.badlogic.gdx.backends.lwjgl.LwjglApplication::log@14 (line 360)
                      ; - age.of.civilizations2.jakowski.lukasz.AoCGame::render@82 (line 376)
  0x00007f4725f1ac14: 5305 e9c9 

  0x00007f4725f1ac18: ;   {runtime_call C1 Runtime throw_null_pointer_exception_blob}
  0x00007f4725f1ac18: a3ff ffe8 

  0x00007f4725f1ac1c: ; ImmutableOopMap {rsi=Oop rbx=Oop [272]=Oop }
                      ;*invokevirtual println {reexecute=0 rethrow=0 return_oop=0}
                      ; - com.badlogic.gdx.backends.lwjgl.LwjglApplicationLogger::log@26 (line 28)
                      ; - com.badlogic.gdx.backends.lwjgl.LwjglApplication::log@14 (line 360)
                      ; - age.of.civilizations2.jakowski.lukasz.AoCGame::render@82 (line 376)
  0x00007f4725f1ac1c: c079 5305 

  0x00007f4725f1ac20: ;   {metadata({method} {0x00007f46f05da248} 'exceptionStack' '(Ljava/lang/Throwable;)V' in 'age/of/civilizations2/jakowski/lukasz/CFG')}
  0x00007f4725f1ac20: 49ba 48a2 | 5df0 467f | 0000 4c89 | 5424 0848 | c704 24ff 

  0x00007f4725f1ac34: ;   {runtime_call C1 Runtime counter_overflow_blob}
  0x00007f4725f1ac34: ffff ffe8 

  0x00007f4725f1ac38: ; ImmutableOopMap {rax=Oop [272]=Oop }
                      ;*synchronization entry
                      ; - age.of.civilizations2.jakowski.lukasz.CFG::exceptionStack@-1 (line 6406)
                      ; - age.of.civilizations2.jakowski.lukasz.AoCGame::render@92 (line 378)
  0x00007f4725f1ac38: a4dd 5305 | e98c a4ff 

  0x00007f4725f1ac40: ;   {runtime_call C1 Runtime throw_null_pointer_exception_blob}
  0x00007f4725f1ac40: ffe8 9a79 

  0x00007f4725f1ac44: ; ImmutableOopMap {rdi=Oop rsi=Oop [272]=Oop }
                      ;*invokevirtual clear {reexecute=0 rethrow=0 return_oop=0}
                      ; - age.of.civilizations2.jakowski.lukasz.AoCGame::render@98 (line 382)
                      ;   {metadata({method} {0x00007f46f05da248} 'exceptionStack' '(Ljava/lang/Throwable;)V' in 'age/of/civilizations2/jakowski/lukasz/CFG')}
  0x00007f4725f1ac44: 5305 49ba | 48a2 5df0 | 467f 0000 | 4c89 5424 | 0848 c704 | 24ff ffff 

  0x00007f4725f1ac5c: ;   {runtime_call C1 Runtime counter_overflow_blob}
  0x00007f4725f1ac5c: ffe8 7edd 

  0x00007f4725f1ac60: ; ImmutableOopMap {rax=Oop [272]=Oop }
                      ;*synchronization entry
                      ; - age.of.civilizations2.jakowski.lukasz.CFG::exceptionStack@-1 (line 6406)
                      ; - age.of.civilizations2.jakowski.lukasz.AoCGame::render@150 (line 398)
  0x00007f4725f1ac60: 5305 e9c6 

  0x00007f4725f1ac64: ;   {metadata({method} {0x00007f46f05da248} 'exceptionStack' '(Ljava/lang/Throwable;)V' in 'age/of/civilizations2/jakowski/lukasz/CFG')}
  0x00007f4725f1ac64: a6ff ff49 | ba48 a25d | f046 7f00 | 004c 8954 | 2408 48c7 | 0424 ffff 

  0x00007f4725f1ac7c: ;   {runtime_call C1 Runtime counter_overflow_blob}
  0x00007f4725f1ac7c: ffff e85d 

  0x00007f4725f1ac80: ; ImmutableOopMap {rax=Oop [272]=Oop }
                      ;*synchronization entry
                      ; - age.of.civilizations2.jakowski.lukasz.CFG::exceptionStack@-1 (line 6406)
                      ; - age.of.civilizations2.jakowski.lukasz.AoCGame::render@142 (line 396)
  0x00007f4725f1ac80: dd53 05e9 | ada7 ffff 

  0x00007f4725f1ac88: ;   {metadata({method} {0x00007f46f05da248} 'exceptionStack' '(Ljava/lang/Throwable;)V' in 'age/of/civilizations2/jakowski/lukasz/CFG')}
  0x00007f4725f1ac88: 49ba 48a2 | 5df0 467f | 0000 4c89 | 5424 0848 | c704 24ff 

  0x00007f4725f1ac9c: ;   {runtime_call C1 Runtime counter_overflow_blob}
  0x00007f4725f1ac9c: ffff ffe8 

  0x00007f4725f1aca0: ; ImmutableOopMap {rax=Oop [272]=Oop }
                      ;*synchronization entry
                      ; - age.of.civilizations2.jakowski.lukasz.CFG::exceptionStack@-1 (line 6406)
                      ; - age.of.civilizations2.jakowski.lukasz.AoCGame::render@134 (line 394)
  0x00007f4725f1aca0: 3cdd 5305 | e9a4 a8ff 

  0x00007f4725f1aca8: ;   {metadata({method} {0x00007f46f05da248} 'exceptionStack' '(Ljava/lang/Throwable;)V' in 'age/of/civilizations2/jakowski/lukasz/CFG')}
  0x00007f4725f1aca8: ff49 ba48 | a25d f046 | 7f00 004c | 8954 2408 | 48c7 0424 | ffff ffff 

  0x00007f4725f1acc0: ;   {runtime_call C1 Runtime counter_overflow_blob}
  0x00007f4725f1acc0: e81b dd53 

  0x00007f4725f1acc4: ; ImmutableOopMap {rax=Oop [272]=Oop }
                      ;*synchronization entry
                      ; - age.of.civilizations2.jakowski.lukasz.CFG::exceptionStack@-1 (line 6406)
                      ; - age.of.civilizations2.jakowski.lukasz.AoCGame::render@126 (line 392)
  0x00007f4725f1acc4: 05e9 9ba9 

  0x00007f4725f1acc8: ;   {metadata({method} {0x00007f46f05da248} 'exceptionStack' '(Ljava/lang/Throwable;)V' in 'age/of/civilizations2/jakowski/lukasz/CFG')}
  0x00007f4725f1acc8: ffff 49ba | 48a2 5df0 | 467f 0000 | 4c89 5424 | 0848 c704 | 24ff ffff 

  0x00007f4725f1ace0: ;   {runtime_call C1 Runtime counter_overflow_blob}
  0x00007f4725f1ace0: ffe8 fadc 

  0x00007f4725f1ace4: ; ImmutableOopMap {rax=Oop [272]=Oop }
                      ;*synchronization entry
                      ; - age.of.civilizations2.jakowski.lukasz.CFG::exceptionStack@-1 (line 6406)
                      ; - age.of.civilizations2.jakowski.lukasz.AoCGame::render@118 (line 390)
  0x00007f4725f1ace4: 5305 e992 

  0x00007f4725f1ace8: ;   {runtime_call C1 Runtime throw_null_pointer_exception_blob}
  0x00007f4725f1ace8: aaff ffe8 

  0x00007f4725f1acec: ; ImmutableOopMap {[272]=Oop }
                      ;*getfield CONTINUOUS_RENDERING {reexecute=1 rethrow=0 return_oop=0}
                      ; - (reexecute) age.of.civilizations2.jakowski.lukasz.AoCGame::render@162 (line 401)
  0x00007f4725f1acec: f078 5305 

  0x00007f4725f1acf0: ;   {runtime_call C1 Runtime throw_incompatible_class_change_error_blob}
  0x00007f4725f1acf0: e8eb a853 

  0x00007f4725f1acf4: ; ImmutableOopMap {rdi=Oop rbx=Oop [272]=Oop }
                      ;*invokeinterface glClearColor {reexecute=0 rethrow=0 return_oop=0}
                      ; - age.of.civilizations2.jakowski.lukasz.AoCGame::render@292 (line 427)
                      ;   {runtime_call C1 Runtime throw_null_pointer_exception_blob}
  0x00007f4725f1acf4: 05e8 e678 

  0x00007f4725f1acf8: ; ImmutableOopMap {rdi=Oop rbx=Oop [272]=Oop }
                      ;*invokeinterface glClearColor {reexecute=0 rethrow=0 return_oop=0}
                      ; - age.of.civilizations2.jakowski.lukasz.AoCGame::render@292 (line 427)
                      ;   {metadata({method} {0x00007f46f05b0e98} 'glClearColor' '(FFFF)V' in 'com/badlogic/gdx/backends/lwjgl/LwjglGL20')}
  0x00007f4725f1acf8: 5305 49ba | 980e 5bf0 | 467f 0000 | 4c89 5424 | 0848 c704 | 24ff ffff 

  0x00007f4725f1ad10: ;   {runtime_call C1 Runtime counter_overflow_blob}
  0x00007f4725f1ad10: ffe8 cadc 

  0x00007f4725f1ad14: ; ImmutableOopMap {rdi=Oop [272]=Oop }
                      ;*synchronization entry
                      ; - com.badlogic.gdx.backends.lwjgl.LwjglGL20::glClearColor@-1 (line 155)
                      ; - age.of.civilizations2.jakowski.lukasz.AoCGame::render@292 (line 427)
  0x00007f4725f1ad14: 5305 e912 

  0x00007f4725f1ad18: ;   {runtime_call C1 Runtime throw_incompatible_class_change_error_blob}
  0x00007f4725f1ad18: adff ffe8 

  0x00007f4725f1ad1c: ; ImmutableOopMap {rsi=Oop [272]=Oop }
                      ;*invokeinterface glClear {reexecute=0 rethrow=0 return_oop=0}
                      ; - age.of.civilizations2.jakowski.lukasz.AoCGame::render@303 (line 428)
  0x00007f4725f1ad1c: c0a8 5305 

  0x00007f4725f1ad20: ;   {runtime_call C1 Runtime throw_null_pointer_exception_blob}
  0x00007f4725f1ad20: e8bb 7853 

  0x00007f4725f1ad24: ; ImmutableOopMap {rsi=Oop [272]=Oop }
                      ;*invokeinterface glClear {reexecute=0 rethrow=0 return_oop=0}
                      ; - age.of.civilizations2.jakowski.lukasz.AoCGame::render@303 (line 428)
                      ;   {metadata({method} {0x00007f46f05b0db8} 'glClear' '(I)V' in 'com/badlogic/gdx/backends/lwjgl/LwjglGL20')}
  0x00007f4725f1ad24: 0549 bab8 | 0d5b f046 | 7f00 004c | 8954 2408 | 48c7 0424 | ffff ffff 

  0x00007f4725f1ad3c: ;   {runtime_call C1 Runtime counter_overflow_blob}
  0x00007f4725f1ad3c: e89f dc53 

  0x00007f4725f1ad40: ; ImmutableOopMap {[272]=Oop }
                      ;*synchronization entry
                      ; - com.badlogic.gdx.backends.lwjgl.LwjglGL20::glClear@-1 (line 151)
                      ; - age.of.civilizations2.jakowski.lukasz.AoCGame::render@303 (line 428)
  0x00007f4725f1ad40: 05e9 8dad 

  0x00007f4725f1ad44: ;   {runtime_call C1 Runtime throw_null_pointer_exception_blob}
  0x00007f4725f1ad44: ffff e895 

  0x00007f4725f1ad48: ; ImmutableOopMap {rdi=Oop rsi=Oop rbx=Oop rax=Oop [272]=Oop [328]=Oop }
                      ;*invokevirtual getMapScale {reexecute=0 rethrow=0 return_oop=0}
                      ; - age.of.civilizations2.jakowski.lukasz.AoCGame::render@318 (line 429)
                      ;   {runtime_call C1 Runtime throw_null_pointer_exception_blob}
  0x00007f4725f1ad48: 7853 05e8 

  0x00007f4725f1ad4c: ; ImmutableOopMap {rdi=Oop rsi=Oop rbx=Oop rax=Oop rcx=Oop [272]=Oop [328]=Oop }
                      ;*invokevirtual getCurrentScale {reexecute=0 rethrow=0 return_oop=0}
                      ; - age.of.civilizations2.jakowski.lukasz.AoCGame::render@321 (line 429)
  0x00007f4725f1ad4c: 9078 5305 

  0x00007f4725f1ad50: ;   {runtime_call C1 Runtime throw_null_pointer_exception_blob}
  0x00007f4725f1ad50: e88b 7853 

  0x00007f4725f1ad54: ; ImmutableOopMap {rdi=Oop rsi=Oop rbx=Oop [272]=Oop [328]=Oop }
                      ;*invokevirtual setWorldSize {reexecute=0 rethrow=0 return_oop=0}
                      ; - age.of.civilizations2.jakowski.lukasz.AoCGame::render@339 (line 429)
                      ;   {metadata({method} {0x00007f46f0434c88} 'setWorldSize' '(FF)V' in 'com/badlogic/gdx/utils/viewport/Viewport')}
  0x00007f4725f1ad54: 0549 ba88 | 4c43 f046 | 7f00 004c | 8954 2408 | 48c7 0424 | ffff ffff 

  0x00007f4725f1ad6c: ;   {runtime_call C1 Runtime counter_overflow_blob}
  0x00007f4725f1ad6c: e86f dc53 

  0x00007f4725f1ad70: ; ImmutableOopMap {rdi=Oop rsi=Oop rbx=Oop [272]=Oop [328]=Oop }
                      ;*synchronization entry
                      ; - com.badlogic.gdx.utils.viewport.Viewport::setWorldSize@-1 (line 154)
                      ; - age.of.civilizations2.jakowski.lukasz.AoCGame::render@339 (line 429)
  0x00007f4725f1ad70: 05e9 d2b0 

  0x00007f4725f1ad74: ;   {metadata({method} {0x00007f46f0433e78} 'apply' '()V' in 'com/badlogic/gdx/utils/viewport/Viewport')}
  0x00007f4725f1ad74: ffff 49ba | 783e 43f0 | 467f 0000 | 4c89 5424 | 0848 c704 | 24ff ffff 

  0x00007f4725f1ad8c: ;   {runtime_call C1 Runtime counter_overflow_blob}
  0x00007f4725f1ad8c: ffe8 4edc 

  0x00007f4725f1ad90: ; ImmutableOopMap {rdi=Oop rsi=Oop rbx=Oop [272]=Oop [328]=Oop }
                      ;*synchronization entry
                      ; - com.badlogic.gdx.utils.viewport.Viewport::apply@-1 (line 43)
                      ; - age.of.civilizations2.jakowski.lukasz.AoCGame::render@345 (line 430)
  0x00007f4725f1ad90: 5305 e970 

  0x00007f4725f1ad94: ;   {runtime_call C1 Runtime throw_null_pointer_exception_blob}
  0x00007f4725f1ad94: b1ff ffe8 

  0x00007f4725f1ad98: ; ImmutableOopMap {rdi=Oop rsi=Oop rbx=Oop rax=Oop [272]=Oop [328]=Oop }
                      ;*invokevirtual getMapScale {reexecute=0 rethrow=0 return_oop=0}
                      ; - age.of.civilizations2.jakowski.lukasz.AoCGame::render@359 (line 431)
  0x00007f4725f1ad98: 4478 5305 

  0x00007f4725f1ad9c: ;   {runtime_call C1 Runtime throw_null_pointer_exception_blob}
  0x00007f4725f1ad9c: e83f 7853 

  0x00007f4725f1ada0: ; ImmutableOopMap {rdi=Oop rsi=Oop rbx=Oop rax=Oop rcx=Oop [272]=Oop [328]=Oop }
                      ;*invokevirtual getCurrentScale {reexecute=0 rethrow=0 return_oop=0}
                      ; - age.of.civilizations2.jakowski.lukasz.AoCGame::render@362 (line 431)
                      ;   {runtime_call C1 Runtime throw_null_pointer_exception_blob}
  0x00007f4725f1ada0: 05e8 3a78 

  0x00007f4725f1ada4: ; ImmutableOopMap {rdi=Oop rsi=Oop [272]=Oop [328]=Oop }
                      ;*invokevirtual setToOrtho {reexecute=0 rethrow=0 return_oop=0}
                      ; - age.of.civilizations2.jakowski.lukasz.AoCGame::render@381 (line 431)
                      ;   {runtime_call C1 Runtime throw_null_pointer_exception_blob}
  0x00007f4725f1ada4: 5305 e835 

  0x00007f4725f1ada8: ; ImmutableOopMap {rsi=Oop rdi=Oop [272]=Oop [344]=Oop }
                      ;*getfield combined {reexecute=1 rethrow=0 return_oop=0}
                      ; - (reexecute) age.of.civilizations2.jakowski.lukasz.AoCGame::render@391 (line 432)
                      ;   {runtime_call C1 Runtime throw_null_pointer_exception_blob}
  0x00007f4725f1ada8: 7853 05e8 

  0x00007f4725f1adac: ; ImmutableOopMap {rsi=Oop rdi=Oop rbx=Oop [272]=Oop [344]=Oop }
                      ;*invokevirtual setProjectionMatrix {reexecute=0 rethrow=0 return_oop=0}
                      ; - age.of.civilizations2.jakowski.lukasz.AoCGame::render@394 (line 432)
  0x00007f4725f1adac: 3078 5305 

  0x00007f4725f1adb0: ;   {metadata({method} {0x00007f46f06661b0} 'setProjectionMatrix' '(Lcom/badlogic/gdx/math/Matrix4;)V' in 'com/badlogic/gdx/graphics/g2d/SpriteBatch')}
  0x00007f4725f1adb0: 49ba b061 | 66f0 467f | 0000 4c89 | 5424 0848 | c704 24ff 

  0x00007f4725f1adc4: ;   {runtime_call C1 Runtime counter_overflow_blob}
  0x00007f4725f1adc4: ffff ffe8 

  0x00007f4725f1adc8: ; ImmutableOopMap {rsi=Oop rdi=Oop rbx=Oop [272]=Oop [344]=Oop }
                      ;*synchronization entry
                      ; - com.badlogic.gdx.graphics.g2d.SpriteBatch::setProjectionMatrix@-1 (line 1030)
                      ; - age.of.civilizations2.jakowski.lukasz.AoCGame::render@394 (line 432)
  0x00007f4725f1adc8: 14dc 5305 | e90f b5ff 

  0x00007f4725f1add0: ;   {runtime_call C1 Runtime throw_null_pointer_exception_blob}
  0x00007f4725f1add0: ffe8 0a78 

  0x00007f4725f1add4: ; ImmutableOopMap {rbx=Oop rdi=Oop rsi=Oop [272]=Oop [344]=Oop }
                      ;*invokevirtual set {reexecute=0 rethrow=0 return_oop=0}
                      ; - com.badlogic.gdx.graphics.g2d.SpriteBatch::setProjectionMatrix@16 (line 1031)
                      ; - age.of.civilizations2.jakowski.lukasz.AoCGame::render@394 (line 432)
                      ;   {metadata({method} {0x00007f46f0642028} 'set' '(Lcom/badlogic/gdx/math/Matrix4;)Lcom/badlogic/gdx/math/Matrix4;' in 'com/badlogic/gdx/math/Matrix4')}
  0x00007f4725f1add4: 5305 49ba | 2820 64f0 | 467f 0000 | 4c89 5424 | 0848 c704 | 24ff ffff 

  0x00007f4725f1adec: ;   {runtime_call C1 Runtime counter_overflow_blob}
  0x00007f4725f1adec: ffe8 eedb 

  0x00007f4725f1adf0: ; ImmutableOopMap {rbx=Oop rdi=Oop rsi=Oop [272]=Oop [344]=Oop }
                      ;*synchronization entry
                      ; - com.badlogic.gdx.math.Matrix4::set@-1 (line 117)
                      ; - com.badlogic.gdx.graphics.g2d.SpriteBatch::setProjectionMatrix@16 (line 1031)
                      ; - age.of.civilizations2.jakowski.lukasz.AoCGame::render@394 (line 432)
  0x00007f4725f1adf0: 5305 e9aa 

  0x00007f4725f1adf4: ;   {runtime_call C1 Runtime throw_null_pointer_exception_blob}
  0x00007f4725f1adf4: b5ff ffe8 

  0x00007f4725f1adf8: ; ImmutableOopMap {rdi=Oop rsi=Oop [272]=Oop [344]=Oop }
                      ;*getfield val {reexecute=1 rethrow=0 return_oop=0}
                      ; - (reexecute) com.badlogic.gdx.math.Matrix4::set@2 (line 117)
                      ; - com.badlogic.gdx.graphics.g2d.SpriteBatch::setProjectionMatrix@16 (line 1031)
                      ; - age.of.civilizations2.jakowski.lukasz.AoCGame::render@394 (line 432)
  0x00007f4725f1adf8: e477 5305 

  0x00007f4725f1adfc: ;   {runtime_call C1 Runtime throw_null_pointer_exception_blob}
  0x00007f4725f1adfc: e8df 7753 

  0x00007f4725f1ae00: ; ImmutableOopMap {rsi=Oop rdi=Oop [272]=Oop }
                      ;*invokevirtual begin {reexecute=0 rethrow=0 return_oop=0}
                      ; - age.of.civilizations2.jakowski.lukasz.AoCGame::render@401 (line 433)
                      ;   {runtime_call C1 Runtime throw_null_pointer_exception_blob}
  0x00007f4725f1ae00: 05e8 da77 

  0x00007f4725f1ae04: ; ImmutableOopMap {rsi=Oop rdi=Oop rbx=Oop rdx=Oop [272]=Oop [360]=Oop }
                      ;*invokevirtual setShader {reexecute=0 rethrow=0 return_oop=0}
                      ; - age.of.civilizations2.jakowski.lukasz.AoCGame::render@411 (line 434)
                      ;   {runtime_call C1 Runtime throw_null_pointer_exception_blob}
  0x00007f4725f1ae04: 5305 e8d5 

  0x00007f4725f1ae08: ; ImmutableOopMap {rsi=Oop rdi=Oop [272]=Oop [360]=Oop }
                      ;*invokevirtual end {reexecute=0 rethrow=0 return_oop=0}
                      ; - age.of.civilizations2.jakowski.lukasz.AoCGame::render@425 (line 436)
                      ;   {runtime_call C1 Runtime throw_null_pointer_exception_blob}
  0x00007f4725f1ae08: 7753 05e8 

  0x00007f4725f1ae0c: ; ImmutableOopMap {rbx=Oop rsi=Oop rdi=Oop [272]=Oop [360]=Oop }
                      ;*invokevirtual setToOrtho {reexecute=0 rethrow=0 return_oop=0}
                      ; - age.of.civilizations2.jakowski.lukasz.AoCGame::render@441 (line 437)
  0x00007f4725f1ae0c: d077 5305 

  0x00007f4725f1ae10: ;   {runtime_call C1 Runtime throw_null_pointer_exception_blob}
  0x00007f4725f1ae10: e8cb 7753 

  0x00007f4725f1ae14: ; ImmutableOopMap {rbx=Oop rsi=Oop [272]=Oop [360]=Oop }
                      ;*invokevirtual setWorldSize {reexecute=0 rethrow=0 return_oop=0}
                      ; - age.of.civilizations2.jakowski.lukasz.AoCGame::render@455 (line 438)
                      ;   {metadata({method} {0x00007f46f0434c88} 'setWorldSize' '(FF)V' in 'com/badlogic/gdx/utils/viewport/Viewport')}
  0x00007f4725f1ae14: 0549 ba88 | 4c43 f046 | 7f00 004c | 8954 2408 | 48c7 0424 | ffff ffff 

  0x00007f4725f1ae2c: ;   {runtime_call C1 Runtime counter_overflow_blob}
  0x00007f4725f1ae2c: e8af db53 

  0x00007f4725f1ae30: ; ImmutableOopMap {rbx=Oop rsi=Oop [272]=Oop [360]=Oop }
                      ;*synchronization entry
                      ; - com.badlogic.gdx.utils.viewport.Viewport::setWorldSize@-1 (line 154)
                      ; - age.of.civilizations2.jakowski.lukasz.AoCGame::render@455 (line 438)
  0x00007f4725f1ae30: 05e9 42b8 

  0x00007f4725f1ae34: ;   {metadata({method} {0x00007f46f0433e78} 'apply' '()V' in 'com/badlogic/gdx/utils/viewport/Viewport')}
  0x00007f4725f1ae34: ffff 49ba | 783e 43f0 | 467f 0000 | 4c89 5424 | 0848 c704 | 24ff ffff 

  0x00007f4725f1ae4c: ;   {runtime_call C1 Runtime counter_overflow_blob}
  0x00007f4725f1ae4c: ffe8 8edb 

  0x00007f4725f1ae50: ; ImmutableOopMap {rbx=Oop rsi=Oop [272]=Oop [360]=Oop }
                      ;*synchronization entry
                      ; - com.badlogic.gdx.utils.viewport.Viewport::apply@-1 (line 43)
                      ; - age.of.civilizations2.jakowski.lukasz.AoCGame::render@461 (line 439)
  0x00007f4725f1ae50: 5305 e9e1 

  0x00007f4725f1ae54: ;   {runtime_call C1 Runtime throw_null_pointer_exception_blob}
  0x00007f4725f1ae54: b8ff ffe8 

  0x00007f4725f1ae58: ; ImmutableOopMap {rsi=Oop rdi=Oop [272]=Oop [376]=Oop }
                      ;*getfield combined {reexecute=1 rethrow=0 return_oop=0}
                      ; - (reexecute) age.of.civilizations2.jakowski.lukasz.AoCGame::render@471 (line 440)
  0x00007f4725f1ae58: 8477 5305 

  0x00007f4725f1ae5c: ;   {runtime_call C1 Runtime throw_null_pointer_exception_blob}
  0x00007f4725f1ae5c: e87f 7753 

  0x00007f4725f1ae60: ; ImmutableOopMap {rsi=Oop rdi=Oop rbx=Oop [272]=Oop [376]=Oop }
                      ;*invokevirtual setProjectionMatrix {reexecute=0 rethrow=0 return_oop=0}
                      ; - age.of.civilizations2.jakowski.lukasz.AoCGame::render@474 (line 440)
                      ;   {metadata({method} {0x00007f46f06661b0} 'setProjectionMatrix' '(Lcom/badlogic/gdx/math/Matrix4;)V' in 'com/badlogic/gdx/graphics/g2d/SpriteBatch')}
  0x00007f4725f1ae60: 0549 bab0 | 6166 f046 | 7f00 004c | 8954 2408 | 48c7 0424 | ffff ffff 

  0x00007f4725f1ae78: ;   {runtime_call C1 Runtime counter_overflow_blob}
  0x00007f4725f1ae78: e863 db53 

  0x00007f4725f1ae7c: ; ImmutableOopMap {rsi=Oop rdi=Oop rbx=Oop [272]=Oop [376]=Oop }
                      ;*synchronization entry
                      ; - com.badlogic.gdx.graphics.g2d.SpriteBatch::setProjectionMatrix@-1 (line 1030)
                      ; - age.of.civilizations2.jakowski.lukasz.AoCGame::render@474 (line 440)
  0x00007f4725f1ae7c: 05e9 c6b9 

  0x00007f4725f1ae80: ;   {runtime_call C1 Runtime throw_null_pointer_exception_blob}
  0x00007f4725f1ae80: ffff e859 

  0x00007f4725f1ae84: ; ImmutableOopMap {rbx=Oop rdi=Oop rsi=Oop [272]=Oop [376]=Oop }
                      ;*invokevirtual set {reexecute=0 rethrow=0 return_oop=0}
                      ; - com.badlogic.gdx.graphics.g2d.SpriteBatch::setProjectionMatrix@16 (line 1031)
                      ; - age.of.civilizations2.jakowski.lukasz.AoCGame::render@474 (line 440)
                      ;   {metadata({method} {0x00007f46f0642028} 'set' '(Lcom/badlogic/gdx/math/Matrix4;)Lcom/badlogic/gdx/math/Matrix4;' in 'com/badlogic/gdx/math/Matrix4')}
  0x00007f4725f1ae84: 7753 0549 | ba28 2064 | f046 7f00 | 004c 8954 | 2408 48c7 | 0424 ffff 

  0x00007f4725f1ae9c: ;   {runtime_call C1 Runtime counter_overflow_blob}
  0x00007f4725f1ae9c: ffff e83d 

  0x00007f4725f1aea0: ; ImmutableOopMap {rbx=Oop rdi=Oop rsi=Oop [272]=Oop [376]=Oop }
                      ;*synchronization entry
                      ; - com.badlogic.gdx.math.Matrix4::set@-1 (line 117)
                      ; - com.badlogic.gdx.graphics.g2d.SpriteBatch::setProjectionMatrix@16 (line 1031)
                      ; - age.of.civilizations2.jakowski.lukasz.AoCGame::render@474 (line 440)
  0x00007f4725f1aea0: db53 05e9 | 61ba ffff 

  0x00007f4725f1aea8: ;   {runtime_call C1 Runtime throw_null_pointer_exception_blob}
  0x00007f4725f1aea8: e833 7753 

  0x00007f4725f1aeac: ; ImmutableOopMap {rdi=Oop rsi=Oop [272]=Oop [376]=Oop }
                      ;*getfield val {reexecute=1 rethrow=0 return_oop=0}
                      ; - (reexecute) com.badlogic.gdx.math.Matrix4::set@2 (line 117)
                      ; - com.badlogic.gdx.graphics.g2d.SpriteBatch::setProjectionMatrix@16 (line 1031)
                      ; - age.of.civilizations2.jakowski.lukasz.AoCGame::render@474 (line 440)
                      ;   {runtime_call C1 Runtime throw_null_pointer_exception_blob}
  0x00007f4725f1aeac: 05e8 2e77 

  0x00007f4725f1aeb0: ; ImmutableOopMap {rsi=Oop rdi=Oop [272]=Oop }
                      ;*invokevirtual begin {reexecute=0 rethrow=0 return_oop=0}
                      ; - age.of.civilizations2.jakowski.lukasz.AoCGame::render@481 (line 441)
                      ;   {metadata({method} {0x00007f46f0ac9e78} 'drawWithoutScale' '(Lcom/badlogic/gdx/graphics/g2d/SpriteBatch;)V' in 'age/of/civilizations2/jakowski/lukasz/Game_Render')}
  0x00007f4725f1aeb0: 5305 49ba | 789e acf0 | 467f 0000 | 4c89 5424 | 0848 c704 | 24ff ffff 

  0x00007f4725f1aec8: ;   {runtime_call C1 Runtime counter_overflow_blob}
  0x00007f4725f1aec8: ffe8 12db 

  0x00007f4725f1aecc: ; ImmutableOopMap {rsi=Oop rdi=Oop [272]=Oop }
                      ;*synchronization entry
                      ; - age.of.civilizations2.jakowski.lukasz.Game_Render::drawWithoutScale@-1 (line 95)
                      ; - age.of.civilizations2.jakowski.lukasz.AoCGame::render@488 (line 442)
  0x00007f4725f1aecc: 5305 e941 

  0x00007f4725f1aed0: ;   {runtime_call C1 Runtime throw_null_pointer_exception_blob}
  0x00007f4725f1aed0: bbff ffe8 

  0x00007f4725f1aed4: ; ImmutableOopMap {rsi=Oop rdi=Oop rbx=Oop rax=Oop [272]=Oop [392]=Oop }
                      ;*invokevirtual generateFlags {reexecute=0 rethrow=0 return_oop=0}
                      ; - age.of.civilizations2.jakowski.lukasz.Game_Render::drawWithoutScale@4 (line 95)
                      ; - age.of.civilizations2.jakowski.lukasz.AoCGame::render@488 (line 442)
  0x00007f4725f1aed4: 0877 5305 

  0x00007f4725f1aed8: ;   {runtime_call C1 Runtime throw_null_pointer_exception_blob}
  0x00007f4725f1aed8: e803 7753 

  0x00007f4725f1aedc: ; ImmutableOopMap {rbx=Oop rsi=Oop [272]=Oop [392]=Oop [400]=Oop }
                      ;*invokevirtual updateLoadArmiesWidth_ErrorIDs {reexecute=0 rethrow=0 return_oop=0}
                      ; - age.of.civilizations2.jakowski.lukasz.Game_Render::drawWithoutScale@11 (line 96)
                      ; - age.of.civilizations2.jakowski.lukasz.AoCGame::render@488 (line 442)
                      ;   {runtime_call C1 Runtime throw_null_pointer_exception_blob}
  0x00007f4725f1aedc: 05e8 fe76 

  0x00007f4725f1aee0: ; ImmutableOopMap {rsi=Oop [272]=Oop [392]=Oop [400]=Oop }
                      ;*invokeinterface drawWithoutScale {reexecute=0 rethrow=0 return_oop=0}
                      ; - age.of.civilizations2.jakowski.lukasz.Game_Render::drawWithoutScale@18 (line 97)
                      ; - age.of.civilizations2.jakowski.lukasz.AoCGame::render@488 (line 442)
                      ;   {runtime_call C1 Runtime throw_null_pointer_exception_blob}
  0x00007f4725f1aee0: 5305 e8f9 

  0x00007f4725f1aee4: ; ImmutableOopMap {rsi=Oop rdi=Oop [272]=Oop [392]=Oop }
                      ;*invokevirtual end {reexecute=0 rethrow=0 return_oop=0}
                      ; - age.of.civilizations2.jakowski.lukasz.AoCGame::render@495 (line 443)
                      ;   {runtime_call C1 Runtime throw_null_pointer_exception_blob}
  0x00007f4725f1aee4: 7653 05e8 

  0x00007f4725f1aee8: ; ImmutableOopMap {rdi=Oop rsi=Oop rbx=Oop rax=Oop [272]=Oop [392]=Oop [408]=Oop }
                      ;*invokevirtual getMapScale {reexecute=0 rethrow=0 return_oop=0}
                      ; - age.of.civilizations2.jakowski.lukasz.AoCGame::render@508 (line 444)
  0x00007f4725f1aee8: f476 5305 

  0x00007f4725f1aeec: ;   {runtime_call C1 Runtime throw_null_pointer_exception_blob}
  0x00007f4725f1aeec: e8ef 7653 

  0x00007f4725f1aef0: ; ImmutableOopMap {rdi=Oop rsi=Oop rbx=Oop rax=Oop rcx=Oop [272]=Oop [392]=Oop [408]=Oop }
                      ;*invokevirtual getCurrentScale {reexecute=0 rethrow=0 return_oop=0}
                      ; - age.of.civilizations2.jakowski.lukasz.AoCGame::render@511 (line 444)
                      ;   {runtime_call C1 Runtime throw_null_pointer_exception_blob}
  0x00007f4725f1aef0: 05e8 ea76 

  0x00007f4725f1aef4: ; ImmutableOopMap {rdi=Oop rsi=Oop rbx=Oop [272]=Oop [392]=Oop [408]=Oop }
                      ;*invokevirtual setWorldSize {reexecute=0 rethrow=0 return_oop=0}
                      ; - age.of.civilizations2.jakowski.lukasz.AoCGame::render@529 (line 444)
                      ;   {metadata({method} {0x00007f46f0434c88} 'setWorldSize' '(FF)V' in 'com/badlogic/gdx/utils/viewport/Viewport')}
  0x00007f4725f1aef4: 5305 49ba | 884c 43f0 | 467f 0000 | 4c89 5424 | 0848 c704 | 24ff ffff 

  0x00007f4725f1af0c: ;   {runtime_call C1 Runtime counter_overflow_blob}
  0x00007f4725f1af0c: ffe8 ceda 

  0x00007f4725f1af10: ; ImmutableOopMap {rdi=Oop rsi=Oop rbx=Oop [272]=Oop [392]=Oop [408]=Oop }
                      ;*synchronization entry
                      ; - com.badlogic.gdx.utils.viewport.Viewport::setWorldSize@-1 (line 154)
                      ; - age.of.civilizations2.jakowski.lukasz.AoCGame::render@529 (line 444)
  0x00007f4725f1af10: 5305 e9d7 

  0x00007f4725f1af14: ;   {metadata({method} {0x00007f46f0433e78} 'apply' '()V' in 'com/badlogic/gdx/utils/viewport/Viewport')}
  0x00007f4725f1af14: c0ff ff49 | ba78 3e43 | f046 7f00 | 004c 8954 | 2408 48c7 | 0424 ffff 

  0x00007f4725f1af2c: ;   {runtime_call C1 Runtime counter_overflow_blob}
  0x00007f4725f1af2c: ffff e8ad 

  0x00007f4725f1af30: ; ImmutableOopMap {rdi=Oop rsi=Oop rbx=Oop [272]=Oop [392]=Oop [408]=Oop }
                      ;*synchronization entry
                      ; - com.badlogic.gdx.utils.viewport.Viewport::apply@-1 (line 43)
                      ; - age.of.civilizations2.jakowski.lukasz.AoCGame::render@535 (line 445)
  0x00007f4725f1af30: da53 05e9 | 75c1 ffff 

  0x00007f4725f1af38: ;   {runtime_call C1 Runtime throw_null_pointer_exception_blob}
  0x00007f4725f1af38: e8a3 7653 

  0x00007f4725f1af3c: ; ImmutableOopMap {rdi=Oop rsi=Oop rbx=Oop rax=Oop [272]=Oop [392]=Oop [408]=Oop }
                      ;*invokevirtual getMapScale {reexecute=0 rethrow=0 return_oop=0}
                      ; - age.of.civilizations2.jakowski.lukasz.AoCGame::render@549 (line 446)
                      ;   {runtime_call C1 Runtime throw_null_pointer_exception_blob}
  0x00007f4725f1af3c: 05e8 9e76 

  0x00007f4725f1af40: ; ImmutableOopMap {rdi=Oop rsi=Oop rbx=Oop rax=Oop rcx=Oop [272]=Oop [392]=Oop [408]=Oop }
                      ;*invokevirtual getCurrentScale {reexecute=0 rethrow=0 return_oop=0}
                      ; - age.of.civilizations2.jakowski.lukasz.AoCGame::render@552 (line 446)
                      ;   {runtime_call C1 Runtime throw_null_pointer_exception_blob}
  0x00007f4725f1af40: 5305 e899 

  0x00007f4725f1af44: ; ImmutableOopMap {rdi=Oop rsi=Oop [272]=Oop [408]=Oop }
                      ;*invokevirtual setToOrtho {reexecute=0 rethrow=0 return_oop=0}
                      ; - age.of.civilizations2.jakowski.lukasz.AoCGame::render@571 (line 446)
                      ;   {runtime_call C1 Runtime throw_null_pointer_exception_blob}
  0x00007f4725f1af44: 7653 05e8 

  0x00007f4725f1af48: ; ImmutableOopMap {rsi=Oop rdi=Oop [272]=Oop [416]=Oop }
                      ;*getfield combined {reexecute=1 rethrow=0 return_oop=0}
                      ; - (reexecute) age.of.civilizations2.jakowski.lukasz.AoCGame::render@581 (line 447)
  0x00007f4725f1af48: 9476 5305 

  0x00007f4725f1af4c: ;   {runtime_call C1 Runtime throw_null_pointer_exception_blob}
  0x00007f4725f1af4c: e88f 7653 

  0x00007f4725f1af50: ; ImmutableOopMap {rsi=Oop rdi=Oop rbx=Oop [272]=Oop [416]=Oop }
                      ;*invokevirtual setProjectionMatrix {reexecute=0 rethrow=0 return_oop=0}
                      ; - age.of.civilizations2.jakowski.lukasz.AoCGame::render@584 (line 447)
                      ;   {metadata({method} {0x00007f46f06661b0} 'setProjectionMatrix' '(Lcom/badlogic/gdx/math/Matrix4;)V' in 'com/badlogic/gdx/graphics/g2d/SpriteBatch')}
  0x00007f4725f1af50: 0549 bab0 | 6166 f046 | 7f00 004c | 8954 2408 | 48c7 0424 | ffff ffff 

  0x00007f4725f1af68: ;   {runtime_call C1 Runtime counter_overflow_blob}
  0x00007f4725f1af68: e873 da53 

  0x00007f4725f1af6c: ; ImmutableOopMap {rsi=Oop rdi=Oop rbx=Oop [272]=Oop [416]=Oop }
                      ;*synchronization entry
                      ; - com.badlogic.gdx.graphics.g2d.SpriteBatch::setProjectionMatrix@-1 (line 1030)
                      ; - age.of.civilizations2.jakowski.lukasz.AoCGame::render@584 (line 447)
  0x00007f4725f1af6c: 05e9 0ec5 

  0x00007f4725f1af70: ;   {runtime_call C1 Runtime throw_null_pointer_exception_blob}
  0x00007f4725f1af70: ffff e869 

  0x00007f4725f1af74: ; ImmutableOopMap {rbx=Oop rdi=Oop rsi=Oop [272]=Oop [416]=Oop }
                      ;*invokevirtual set {reexecute=0 rethrow=0 return_oop=0}
                      ; - com.badlogic.gdx.graphics.g2d.SpriteBatch::setProjectionMatrix@16 (line 1031)
                      ; - age.of.civilizations2.jakowski.lukasz.AoCGame::render@584 (line 447)
                      ;   {metadata({method} {0x00007f46f0642028} 'set' '(Lcom/badlogic/gdx/math/Matrix4;)Lcom/badlogic/gdx/math/Matrix4;' in 'com/badlogic/gdx/math/Matrix4')}
  0x00007f4725f1af74: 7653 0549 | ba28 2064 | f046 7f00 | 004c 8954 | 2408 48c7 | 0424 ffff 

  0x00007f4725f1af8c: ;   {runtime_call C1 Runtime counter_overflow_blob}
  0x00007f4725f1af8c: ffff e84d 

  0x00007f4725f1af90: ; ImmutableOopMap {rbx=Oop rdi=Oop rsi=Oop [272]=Oop [416]=Oop }
                      ;*synchronization entry
                      ; - com.badlogic.gdx.math.Matrix4::set@-1 (line 117)
                      ; - com.badlogic.gdx.graphics.g2d.SpriteBatch::setProjectionMatrix@16 (line 1031)
                      ; - age.of.civilizations2.jakowski.lukasz.AoCGame::render@584 (line 447)
  0x00007f4725f1af90: da53 05e9 | a9c5 ffff 

  0x00007f4725f1af98: ;   {runtime_call C1 Runtime throw_null_pointer_exception_blob}
  0x00007f4725f1af98: e843 7653 

  0x00007f4725f1af9c: ; ImmutableOopMap {rdi=Oop rsi=Oop [272]=Oop [416]=Oop }
                      ;*getfield val {reexecute=1 rethrow=0 return_oop=0}
                      ; - (reexecute) com.badlogic.gdx.math.Matrix4::set@2 (line 117)
                      ; - com.badlogic.gdx.graphics.g2d.SpriteBatch::setProjectionMatrix@16 (line 1031)
                      ; - age.of.civilizations2.jakowski.lukasz.AoCGame::render@584 (line 447)
                      ;   {runtime_call C1 Runtime throw_null_pointer_exception_blob}
  0x00007f4725f1af9c: 05e8 3e76 

  0x00007f4725f1afa0: ; ImmutableOopMap {rsi=Oop rdi=Oop [272]=Oop }
                      ;*invokevirtual begin {reexecute=0 rethrow=0 return_oop=0}
                      ; - age.of.civilizations2.jakowski.lukasz.AoCGame::render@591 (line 448)
                      ;   {runtime_call C1 Runtime throw_null_pointer_exception_blob}
  0x00007f4725f1afa0: 5305 e839 

  0x00007f4725f1afa4: ; ImmutableOopMap {rsi=Oop rdi=Oop rbx=Oop rdx=Oop [272]=Oop [432]=Oop }
                      ;*invokevirtual setShader {reexecute=0 rethrow=0 return_oop=0}
                      ; - age.of.civilizations2.jakowski.lukasz.AoCGame::render@601 (line 449)
                      ;   {metadata({method} {0x00007f46f0ac9f18} 'drawMapDetails' '(Lcom/badlogic/gdx/graphics/g2d/SpriteBatch;)V' in 'age/of/civilizations2/jakowski/lukasz/Game_Render')}
  0x00007f4725f1afa4: 7653 0549 | ba18 9fac | f046 7f00 | 004c 8954 | 2408 48c7 | 0424 ffff 

  0x00007f4725f1afbc: ;   {runtime_call C1 Runtime counter_overflow_blob}
  0x00007f4725f1afbc: ffff e81d 

  0x00007f4725f1afc0: ; ImmutableOopMap {rsi=Oop rdx=Oop [272]=Oop [432]=Oop }
                      ;*synchronization entry
                      ; - age.of.civilizations2.jakowski.lukasz.Game_Render::drawMapDetails@-1 (line 101)
                      ; - age.of.civilizations2.jakowski.lukasz.AoCGame::render@608 (line 450)
  0x00007f4725f1afc0: da53 05e9 | dcc6 ffff 

  0x00007f4725f1afc8: ;   {runtime_call C1 Runtime throw_null_pointer_exception_blob}
  0x00007f4725f1afc8: e813 7653 

  0x00007f4725f1afcc: ; ImmutableOopMap {rsi=Oop rdx=Oop rdi=Oop [272]=Oop [432]=Oop }
                      ;*invokeinterface drawMapDetails {reexecute=0 rethrow=0 return_oop=0}
                      ; - age.of.civilizations2.jakowski.lukasz.Game_Render::drawMapDetails@4 (line 101)
                      ; - age.of.civilizations2.jakowski.lukasz.AoCGame::render@608 (line 450)
                      ;   {runtime_call C1 Runtime throw_null_pointer_exception_blob}
  0x00007f4725f1afcc: 05e8 0e76 

  0x00007f4725f1afd0: ; ImmutableOopMap {rsi=Oop rdi=Oop [272]=Oop [432]=Oop }
                      ;*invokevirtual end {reexecute=0 rethrow=0 return_oop=0}
                      ; - age.of.civilizations2.jakowski.lukasz.AoCGame::render@615 (line 451)
                      ;   {runtime_call C1 Runtime throw_null_pointer_exception_blob}
  0x00007f4725f1afd0: 5305 e809 

  0x00007f4725f1afd4: ; ImmutableOopMap {rbx=Oop rsi=Oop rdi=Oop [272]=Oop [432]=Oop }
                      ;*invokevirtual setToOrtho {reexecute=0 rethrow=0 return_oop=0}
                      ; - age.of.civilizations2.jakowski.lukasz.AoCGame::render@631 (line 452)
                      ;   {runtime_call C1 Runtime throw_null_pointer_exception_blob}
  0x00007f4725f1afd4: 7653 05e8 

  0x00007f4725f1afd8: ; ImmutableOopMap {rbx=Oop rsi=Oop [272]=Oop [432]=Oop }
                      ;*invokevirtual setWorldSize {reexecute=0 rethrow=0 return_oop=0}
                      ; - age.of.civilizations2.jakowski.lukasz.AoCGame::render@645 (line 453)
  0x00007f4725f1afd8: 0476 5305 

  0x00007f4725f1afdc: ;   {metadata({method} {0x00007f46f0434c88} 'setWorldSize' '(FF)V' in 'com/badlogic/gdx/utils/viewport/Viewport')}
  0x00007f4725f1afdc: 49ba 884c | 43f0 467f | 0000 4c89 | 5424 0848 | c704 24ff 

  0x00007f4725f1aff0: ;   {runtime_call C1 Runtime counter_overflow_blob}
  0x00007f4725f1aff0: ffff ffe8 

  0x00007f4725f1aff4: ; ImmutableOopMap {rbx=Oop rsi=Oop [272]=Oop [432]=Oop }
                      ;*synchronization entry
                      ; - com.badlogic.gdx.utils.viewport.Viewport::setWorldSize@-1 (line 154)
                      ; - age.of.civilizations2.jakowski.lukasz.AoCGame::render@645 (line 453)
  0x00007f4725f1aff4: e8d9 5305 | e9eb c8ff 

  0x00007f4725f1affc: ;   {metadata({method} {0x00007f46f0433e78} 'apply' '()V' in 'com/badlogic/gdx/utils/viewport/Viewport')}
  0x00007f4725f1affc: ff49 ba78 | 3e43 f046 | 7f00 004c | 8954 2408 | 48c7 0424 | ffff ffff 

  0x00007f4725f1b014: ;   {runtime_call C1 Runtime counter_overflow_blob}
  0x00007f4725f1b014: e8c7 d953 

  0x00007f4725f1b018: ; ImmutableOopMap {rbx=Oop rsi=Oop [272]=Oop [432]=Oop }
                      ;*synchronization entry
                      ; - com.badlogic.gdx.utils.viewport.Viewport::apply@-1 (line 43)
                      ; - age.of.civilizations2.jakowski.lukasz.AoCGame::render@651 (line 454)
  0x00007f4725f1b018: 05e9 8ac9 

  0x00007f4725f1b01c: ;   {runtime_call C1 Runtime throw_null_pointer_exception_blob}
  0x00007f4725f1b01c: ffff e8bd 

  0x00007f4725f1b020: ; ImmutableOopMap {rsi=Oop rdi=Oop [272]=Oop [448]=Oop }
                      ;*getfield combined {reexecute=1 rethrow=0 return_oop=0}
                      ; - (reexecute) age.of.civilizations2.jakowski.lukasz.AoCGame::render@661 (line 455)
                      ;   {runtime_call C1 Runtime throw_null_pointer_exception_blob}
  0x00007f4725f1b020: 7553 05e8 

  0x00007f4725f1b024: ; ImmutableOopMap {rsi=Oop rdi=Oop rbx=Oop [272]=Oop [448]=Oop }
                      ;*invokevirtual setProjectionMatrix {reexecute=0 rethrow=0 return_oop=0}
                      ; - age.of.civilizations2.jakowski.lukasz.AoCGame::render@664 (line 455)
  0x00007f4725f1b024: b875 5305 

  0x00007f4725f1b028: ;   {metadata({method} {0x00007f46f06661b0} 'setProjectionMatrix' '(Lcom/badlogic/gdx/math/Matrix4;)V' in 'com/badlogic/gdx/graphics/g2d/SpriteBatch')}
  0x00007f4725f1b028: 49ba b061 | 66f0 467f | 0000 4c89 | 5424 0848 | c704 24ff 

  0x00007f4725f1b03c: ;   {runtime_call C1 Runtime counter_overflow_blob}
  0x00007f4725f1b03c: ffff ffe8 

  0x00007f4725f1b040: ; ImmutableOopMap {rsi=Oop rdi=Oop rbx=Oop [272]=Oop [448]=Oop }
                      ;*synchronization entry
                      ; - com.badlogic.gdx.graphics.g2d.SpriteBatch::setProjectionMatrix@-1 (line 1030)
                      ; - age.of.civilizations2.jakowski.lukasz.AoCGame::render@664 (line 455)
  0x00007f4725f1b040: 9cd9 5305 | e96f caff 

  0x00007f4725f1b048: ;   {runtime_call C1 Runtime throw_null_pointer_exception_blob}
  0x00007f4725f1b048: ffe8 9275 

  0x00007f4725f1b04c: ; ImmutableOopMap {rbx=Oop rdi=Oop rsi=Oop [272]=Oop [448]=Oop }
                      ;*invokevirtual set {reexecute=0 rethrow=0 return_oop=0}
                      ; - com.badlogic.gdx.graphics.g2d.SpriteBatch::setProjectionMatrix@16 (line 1031)
                      ; - age.of.civilizations2.jakowski.lukasz.AoCGame::render@664 (line 455)
                      ;   {metadata({method} {0x00007f46f0642028} 'set' '(Lcom/badlogic/gdx/math/Matrix4;)Lcom/badlogic/gdx/math/Matrix4;' in 'com/badlogic/gdx/math/Matrix4')}
  0x00007f4725f1b04c: 5305 49ba | 2820 64f0 | 467f 0000 | 4c89 5424 | 0848 c704 | 24ff ffff 

  0x00007f4725f1b064: ;   {runtime_call C1 Runtime counter_overflow_blob}
  0x00007f4725f1b064: ffe8 76d9 

  0x00007f4725f1b068: ; ImmutableOopMap {rbx=Oop rdi=Oop rsi=Oop [272]=Oop [448]=Oop }
                      ;*synchronization entry
                      ; - com.badlogic.gdx.math.Matrix4::set@-1 (line 117)
                      ; - com.badlogic.gdx.graphics.g2d.SpriteBatch::setProjectionMatrix@16 (line 1031)
                      ; - age.of.civilizations2.jakowski.lukasz.AoCGame::render@664 (line 455)
  0x00007f4725f1b068: 5305 e90a 

  0x00007f4725f1b06c: ;   {runtime_call C1 Runtime throw_null_pointer_exception_blob}
  0x00007f4725f1b06c: cbff ffe8 

  0x00007f4725f1b070: ; ImmutableOopMap {rdi=Oop rsi=Oop [272]=Oop [448]=Oop }
                      ;*getfield val {reexecute=1 rethrow=0 return_oop=0}
                      ; - (reexecute) com.badlogic.gdx.math.Matrix4::set@2 (line 117)
                      ; - com.badlogic.gdx.graphics.g2d.SpriteBatch::setProjectionMatrix@16 (line 1031)
                      ; - age.of.civilizations2.jakowski.lukasz.AoCGame::render@664 (line 455)
  0x00007f4725f1b070: 6c75 5305 

  0x00007f4725f1b074: ;   {runtime_call C1 Runtime throw_null_pointer_exception_blob}
  0x00007f4725f1b074: e867 7553 

  0x00007f4725f1b078: ; ImmutableOopMap {rsi=Oop rdi=Oop [272]=Oop }
                      ;*invokevirtual begin {reexecute=0 rethrow=0 return_oop=0}
                      ; - age.of.civilizations2.jakowski.lukasz.AoCGame::render@671 (line 456)
                      ;   {runtime_call C1 Runtime throw_null_pointer_exception_blob}
  0x00007f4725f1b078: 05e8 6275 

  0x00007f4725f1b07c: ; ImmutableOopMap {rsi=Oop rdi=Oop [272]=Oop }
                      ;*invokevirtual setColor {reexecute=0 rethrow=0 return_oop=0}
                      ; - age.of.civilizations2.jakowski.lukasz.AoCGame::render@681 (line 457)
                      ;   {metadata({method} {0x00007f46f065eb28} 'setColor' '(Lcom/badlogic/gdx/graphics/Color;)V' in 'com/badlogic/gdx/graphics/g2d/SpriteBatch')}
  0x00007f4725f1b07c: 5305 49ba | 28eb 65f0 | 467f 0000 | 4c89 5424 | 0848 c704 | 24ff ffff 

  0x00007f4725f1b094: ;   {runtime_call C1 Runtime counter_overflow_blob}
  0x00007f4725f1b094: ffe8 46d9 

  0x00007f4725f1b098: ; ImmutableOopMap {rsi=Oop rdi=Oop [272]=Oop }
                      ;*synchronization entry
                      ; - com.badlogic.gdx.graphics.g2d.SpriteBatch::setColor@-1 (line 199)
                      ; - age.of.civilizations2.jakowski.lukasz.AoCGame::render@681 (line 457)
  0x00007f4725f1b098: 5305 e9ea 

  0x00007f4725f1b09c: ;   {runtime_call C1 Runtime throw_null_pointer_exception_blob}
  0x00007f4725f1b09c: cbff ffe8 

  0x00007f4725f1b0a0: ; ImmutableOopMap {rsi=Oop rdi=Oop rbx=Oop rdx=Oop [272]=Oop }
                      ;*invokevirtual draw {reexecute=0 rethrow=0 return_oop=0}
                      ; - age.of.civilizations2.jakowski.lukasz.AoCGame::render@697 (line 459)
  0x00007f4725f1b0a0: 3c75 5305 

  0x00007f4725f1b0a4: ;   {runtime_call C1 Runtime throw_null_pointer_exception_blob}
  0x00007f4725f1b0a4: e837 7553 

  0x00007f4725f1b0a8: ; ImmutableOopMap {rdx=Oop rsi=Oop rdi=Oop [272]=Oop }
                      ;*invokevirtual draw {reexecute=0 rethrow=0 return_oop=0}
                      ; - age.of.civilizations2.jakowski.lukasz.AoCGame::render@707 (line 460)
                      ;   {metadata({method} {0x00007f46f0bb0ce8} 'draw' '(Lcom/badlogic/gdx/graphics/g2d/SpriteBatch;)V' in 'age/of/civilizations2/jakowski/lukasz/EditorManager')}
  0x00007f4725f1b0a8: 0549 bae8 | 0cbb f046 | 7f00 004c | 8954 2408 | 48c7 0424 | ffff ffff 

  0x00007f4725f1b0c0: ;   {runtime_call C1 Runtime counter_overflow_blob}
  0x00007f4725f1b0c0: e81b d953 

  0x00007f4725f1b0c4: ; ImmutableOopMap {rdx=Oop rsi=Oop rdi=Oop [272]=Oop }
                      ;*synchronization entry
                      ; - age.of.civilizations2.jakowski.lukasz.EditorManager::draw@-1 (line 46)
                      ; - age.of.civilizations2.jakowski.lukasz.AoCGame::render@707 (line 460)
  0x00007f4725f1b0c4: 05e9 ebcd 

  0x00007f4725f1b0c8: ;   {runtime_call C1 Runtime throw_null_pointer_exception_blob}
  0x00007f4725f1b0c8: ffff e811 

  0x00007f4725f1b0cc: ; ImmutableOopMap {rax=Oop [272]=Oop [480]=Oop }
                      ;*invokeinterface get {reexecute=0 rethrow=0 return_oop=0}
                      ; - age.of.civilizations2.jakowski.lukasz.EditorManager::draw@15 (line 47)
                      ; - age.of.civilizations2.jakowski.lukasz.AoCGame::render@707 (line 460)
  0x00007f4725f1b0cc: 7553 0548 

  0x00007f4725f1b0d0: ;   {runtime_call C1 Runtime throw_class_cast_exception_blob}
  0x00007f4725f1b0d0: 8904 24e8 

  0x00007f4725f1b0d4: ; ImmutableOopMap {[272]=Oop [480]=Oop }
                      ;*checkcast {reexecute=0 rethrow=0 return_oop=0}
                      ; - age.of.civilizations2.jakowski.lukasz.EditorManager::draw@20 (line 47)
                      ; - age.of.civilizations2.jakowski.lukasz.AoCGame::render@707 (line 460)
  0x00007f4725f1b0d4: 08a2 5305 

  0x00007f4725f1b0d8: ;   {runtime_call C1 Runtime throw_null_pointer_exception_blob}
  0x00007f4725f1b0d8: e803 7553 

  0x00007f4725f1b0dc: ; ImmutableOopMap {rsi=Oop [272]=Oop [480]=Oop }
                      ;*invokevirtual draw {reexecute=0 rethrow=0 return_oop=0}
                      ; - age.of.civilizations2.jakowski.lukasz.EditorManager::draw@24 (line 47)
                      ; - age.of.civilizations2.jakowski.lukasz.AoCGame::render@707 (line 460)
                      ;   {runtime_call C1 Runtime throw_null_pointer_exception_blob}
  0x00007f4725f1b0dc: 05e8 fe74 

  0x00007f4725f1b0e0: ; ImmutableOopMap {[272]=Oop }
                      ;*getfield SHOW_FPS_COUNTER {reexecute=1 rethrow=0 return_oop=0}
                      ; - (reexecute) age.of.civilizations2.jakowski.lukasz.AoCGame::render@719 (line 463)
                      ;   {runtime_call C1 Runtime throw_null_pointer_exception_blob}
  0x00007f4725f1b0e0: 5305 e8f9 

  0x00007f4725f1b0e4: ; ImmutableOopMap {rdi=Oop rsi=Oop [272]=Oop }
                      ;*invokevirtual getData {reexecute=0 rethrow=0 return_oop=0}
                      ; - age.of.civilizations2.jakowski.lukasz.AoCGame::render@728 (line 465)
                      ;   {runtime_call C1 Runtime throw_null_pointer_exception_blob}
  0x00007f4725f1b0e4: 7453 05e8 

  0x00007f4725f1b0e8: ; ImmutableOopMap {rdi=Oop rsi=Oop [272]=Oop }
                      ;*invokevirtual setScale {reexecute=0 rethrow=0 return_oop=0}
                      ; - age.of.civilizations2.jakowski.lukasz.AoCGame::render@734 (line 465)
  0x00007f4725f1b0e8: f474 5305 

  0x00007f4725f1b0ec: ;   {metadata({method} {0x00007f46f0b6fb28} 'setScale' '(F)V' in 'com/badlogic/gdx/graphics/g2d/BitmapFont$BitmapFontData')}
  0x00007f4725f1b0ec: 49ba 28fb | b6f0 467f | 0000 4c89 | 5424 0848 | c704 24ff 

  0x00007f4725f1b100: ;   {runtime_call C1 Runtime counter_overflow_blob}
  0x00007f4725f1b100: ffff ffe8 

  0x00007f4725f1b104: ; ImmutableOopMap {rdi=Oop rsi=Oop [272]=Oop }
                      ;*synchronization entry
                      ; - com.badlogic.gdx.graphics.g2d.BitmapFont$BitmapFontData::setScale@-1 (line 891)
                      ; - age.of.civilizations2.jakowski.lukasz.AoCGame::render@734 (line 465)
  0x00007f4725f1b104: d8d8 5305 | e97a d1ff 

  0x00007f4725f1b10c: ;   {metadata({method} {0x000000004020d800} 'linkToTargetMethod' '(ILjava/lang/Object;)Ljava/lang/Object;' in 'java/lang/invoke/Invokers$Holder')}
  0x00007f4725f1b10c: ff49 ba00 | d820 4000 | 0000 004c | 8954 2408 | 48c7 0424 | ffff ffff 

  0x00007f4725f1b124: ;   {runtime_call C1 Runtime counter_overflow_blob}
  0x00007f4725f1b124: e8b7 d853 

  0x00007f4725f1b128: ; ImmutableOopMap {[272]=Oop }
                      ;*synchronization entry
                      ; - java.lang.invoke.Invokers$Holder::linkToTargetMethod@-1
                      ; - age.of.civilizations2.jakowski.lukasz.AoCGame::render@740 (line 466)
  0x00007f4725f1b128: 05e9 5cd2 

  0x00007f4725f1b12c: ;   {metadata({method} {0x00007f46f0483e90} 'invoke' '(Ljava/lang/Object;I)Ljava/lang/Object;' in 'java/lang/invoke/LambdaForm$MH+0x0000000041055800')}
  0x00007f4725f1b12c: ffff 49ba | 903e 48f0 | 467f 0000 | 4c89 5424 | 0848 c704 | 24ff ffff 

  0x00007f4725f1b144: ;   {runtime_call C1 Runtime counter_overflow_blob}
  0x00007f4725f1b144: ffe8 96d8 

  0x00007f4725f1b148: ; ImmutableOopMap {[272]=Oop }
                      ;*synchronization entry
                      ; - java.lang.invoke.LambdaForm$MH/0x0000000041055800::invoke@-1
                      ; - java.lang.invoke.Invokers$Holder::linkToTargetMethod@5
                      ; - age.of.civilizations2.jakowski.lukasz.AoCGame::render@740 (line 466)
  0x00007f4725f1b148: 5305 e974 

  0x00007f4725f1b14c: ;   {metadata({method} {0x00000000402105a8} 'invokeSpecial' '(Ljava/lang/Object;Ljava/lang/Object;I)Ljava/lang/Object;' in 'java/lang/invoke/DirectMethodHandle$Holder')}
  0x00007f4725f1b14c: d2ff ff49 | baa8 0521 | 4000 0000 | 004c 8954 | 2408 48c7 | 0424 ffff 

  0x00007f4725f1b164: ;   {runtime_call C1 Runtime counter_overflow_blob}
  0x00007f4725f1b164: ffff e875 

  0x00007f4725f1b168: ; ImmutableOopMap {[272]=Oop }
                      ;*synchronization entry
                      ; - java.lang.invoke.DirectMethodHandle$Holder::invokeSpecial@-1
                      ; - java.lang.invoke.LambdaForm$MH/0x0000000041055800::invoke@21
                      ; - java.lang.invoke.Invokers$Holder::linkToTargetMethod@5
                      ; - age.of.civilizations2.jakowski.lukasz.AoCGame::render@740 (line 466)
  0x00007f4725f1b168: d853 05e9 | 8cd2 ffff 

  0x00007f4725f1b170: ;   {metadata({method} {0x0000000040200ce0} 'internalMemberName' '(Ljava/lang/Object;)Ljava/lang/Object;' in 'java/lang/invoke/DirectMethodHandle')}
  0x00007f4725f1b170: 49ba e00c | 2040 0000 | 0000 4c89 | 5424 0848 | c704 24ff 

  0x00007f4725f1b184: ;   {runtime_call C1 Runtime counter_overflow_blob}
  0x00007f4725f1b184: ffff ffe8 

  0x00007f4725f1b188: ; ImmutableOopMap {[272]=Oop }
                      ;*synchronization entry
                      ; - java.lang.invoke.DirectMethodHandle::internalMemberName@-1 (line 328)
                      ; - java.lang.invoke.DirectMethodHandle$Holder::invokeSpecial@1
                      ; - java.lang.invoke.LambdaForm$MH/0x0000000041055800::invoke@21
                      ; - java.lang.invoke.Invokers$Holder::linkToTargetMethod@5
                      ; - age.of.civilizations2.jakowski.lukasz.AoCGame::render@740 (line 466)
  0x00007f4725f1b188: 54d8 5305 | e9a4 d2ff 

  0x00007f4725f1b190: ;   {metadata({method} {0x00000000402c73b0} 'concat' '(I)Ljava/lang/String;' in 'java/lang/StringConcatHelper$Concat1')}
  0x00007f4725f1b190: ff49 bab0 | 732c 4000 | 0000 004c | 8954 2408 | 48c7 0424 | ffff ffff 

  0x00007f4725f1b1a8: ;   {runtime_call C1 Runtime counter_overflow_blob}
  0x00007f4725f1b1a8: e833 d853 

  0x00007f4725f1b1ac: ; ImmutableOopMap {[272]=Oop }
                      ;*synchronization entry
                      ; - java.lang.StringConcatHelper$Concat1::concat@-1 (line 106)
                      ; - java.lang.invoke.DirectMethodHandle$Holder::invokeSpecial@11
                      ; - java.lang.invoke.LambdaForm$MH/0x0000000041055800::invoke@21
                      ; - java.lang.invoke.Invokers$Holder::linkToTargetMethod@5
                      ; - age.of.civilizations2.jakowski.lukasz.AoCGame::render@740 (line 466)
  0x00007f4725f1b1ac: 05e9 c6d2 

  0x00007f4725f1b1b0: ;   {metadata({method} {0x000000004048ba10} 'stringSize' '(II)I' in 'java/lang/StringConcatHelper')}
  0x00007f4725f1b1b0: ffff 49ba | 10ba 4840 | 0000 0000 | 4c89 5424 | 0848 c704 | 24ff ffff 

  0x00007f4725f1b1c8: ;   {runtime_call C1 Runtime counter_overflow_blob}
  0x00007f4725f1b1c8: ffe8 12d8 

  0x00007f4725f1b1cc: ; ImmutableOopMap {[272]=Oop }
                      ;*synchronization entry
                      ; - java.lang.StringConcatHelper::stringSize@-1 (line 250)
                      ; - java.lang.StringConcatHelper$Concat1::concat@5 (line 106)
                      ; - java.lang.invoke.DirectMethodHandle$Holder::invokeSpecial@11
                      ; - java.lang.invoke.LambdaForm$MH/0x0000000041055800::invoke@21
                      ; - java.lang.invoke.Invokers$Holder::linkToTargetMethod@5
                      ; - age.of.civilizations2.jakowski.lukasz.AoCGame::render@740 (line 466)
  0x00007f4725f1b1cc: 5305 e9de 

  0x00007f4725f1b1d0: ;   {metadata({method} {0x000000004048b7a8} 'checkOverflow' '(I)I' in 'java/lang/StringConcatHelper')}
  0x00007f4725f1b1d0: d2ff ff49 | baa8 b748 | 4000 0000 | 004c 8954 | 2408 48c7 | 0424 ffff 

  0x00007f4725f1b1e8: ;   {runtime_call C1 Runtime counter_overflow_blob}
  0x00007f4725f1b1e8: ffff e8f1 

  0x00007f4725f1b1ec: ; ImmutableOopMap {[272]=Oop }
                      ;*synchronization entry
                      ; - java.lang.StringConcatHelper::checkOverflow@-1 (line 482)
                      ; - java.lang.StringConcatHelper::stringSize@6 (line 250)
                      ; - java.lang.StringConcatHelper$Concat1::concat@5 (line 106)
                      ; - java.lang.invoke.DirectMethodHandle$Holder::invokeSpecial@11
                      ; - java.lang.invoke.LambdaForm$MH/0x0000000041055800::invoke@21
                      ; - java.lang.invoke.Invokers$Holder::linkToTargetMethod@5
                      ; - age.of.civilizations2.jakowski.lukasz.AoCGame::render@740 (line 466)
  0x00007f4725f1b1ec: d753 05e9 | 23d3 ffff 

  0x00007f4725f1b1f4: ;   {metadata({method} {0x0000000040179398} 'length' '()I' in 'java/lang/String')}
  0x00007f4725f1b1f4: 49ba 9893 | 1740 0000 | 0000 4c89 | 5424 0848 | c704 24ff 

  0x00007f4725f1b208: ;   {runtime_call C1 Runtime counter_overflow_blob}
  0x00007f4725f1b208: ffff ffe8 

  0x00007f4725f1b20c: ; ImmutableOopMap {rdx=Oop [272]=Oop }
                      ;*synchronization entry
                      ; - java.lang.String::length@-1 (line 1744)
                      ; - java.lang.StringConcatHelper$Concat1::concat@18 (line 108)
                      ; - java.lang.invoke.DirectMethodHandle$Holder::invokeSpecial@11
                      ; - java.lang.invoke.LambdaForm$MH/0x0000000041055800::invoke@21
                      ; - java.lang.invoke.Invokers$Holder::linkToTargetMethod@5
                      ; - age.of.civilizations2.jakowski.lukasz.AoCGame::render@740 (line 466)
  0x00007f4725f1b20c: d0d7 5305 | e9ec d3ff 

  0x00007f4725f1b214: ;   {metadata({method} {0x00000000404a06e8} 'coder' '()B' in 'java/lang/String')}
  0x00007f4725f1b214: ff49 bae8 | 064a 4000 | 0000 004c | 8954 2408 | 48c7 0424 | ffff ffff 

  0x00007f4725f1b22c: ;   {runtime_call C1 Runtime counter_overflow_blob}
  0x00007f4725f1b22c: e8af d753 

  0x00007f4725f1b230: ; ImmutableOopMap {[272]=Oop }
                      ;*synchronization entry
                      ; - java.lang.String::coder@-1 (line 5172)
                      ; - java.lang.String::length@6 (line 1744)
                      ; - java.lang.StringConcatHelper$Concat1::concat@18 (line 108)
                      ; - java.lang.invoke.DirectMethodHandle$Holder::invokeSpecial@11
                      ; - java.lang.invoke.LambdaForm$MH/0x0000000041055800::invoke@21
                      ; - java.lang.invoke.Invokers$Holder::linkToTargetMethod@5
                      ; - age.of.civilizations2.jakowski.lukasz.AoCGame::render@740 (line 466)
  0x00007f4725f1b230: 05e9 7ed4 

  0x00007f4725f1b234: ;   {metadata({method} {0x000000004048b750} 'newArrayWithSuffix' '(Ljava/lang/String;IB)[B' in 'java/lang/StringConcatHelper')}
  0x00007f4725f1b234: ffff 49ba | 50b7 4840 | 0000 0000 | 4c89 5424 | 0848 c704 | 24ff ffff 

  0x00007f4725f1b24c: ;   {runtime_call C1 Runtime counter_overflow_blob}
  0x00007f4725f1b24c: ffe8 8ed7 

  0x00007f4725f1b250: ; ImmutableOopMap {[272]=Oop }
                      ;*synchronization entry
                      ; - java.lang.StringConcatHelper::newArrayWithSuffix@-1 (line 309)
                      ; - java.lang.StringConcatHelper$Concat1::concat@29 (line 109)
                      ; - java.lang.invoke.DirectMethodHandle$Holder::invokeSpecial@11
                      ; - java.lang.invoke.LambdaForm$MH/0x0000000041055800::invoke@21
                      ; - java.lang.invoke.Invokers$Holder::linkToTargetMethod@5
                      ; - age.of.civilizations2.jakowski.lukasz.AoCGame::render@740 (line 466)
  0x00007f4725f1b250: 5305 e9b6 

  0x00007f4725f1b254: ;   {metadata({method} {0x0000000040179398} 'length' '()I' in 'java/lang/String')}
  0x00007f4725f1b254: d4ff ff49 | ba98 9317 | 4000 0000 | 004c 8954 | 2408 48c7 | 0424 ffff 

  0x00007f4725f1b26c: ;   {runtime_call C1 Runtime counter_overflow_blob}
  0x00007f4725f1b26c: ffff e86d 

  0x00007f4725f1b270: ; ImmutableOopMap {rdx=Oop [272]=Oop }
                      ;*synchronization entry
                      ; - java.lang.String::length@-1 (line 1744)
                      ; - java.lang.StringConcatHelper::newArrayWithSuffix@2 (line 309)
                      ; - java.lang.StringConcatHelper$Concat1::concat@29 (line 109)
                      ; - java.lang.invoke.DirectMethodHandle$Holder::invokeSpecial@11
                      ; - java.lang.invoke.LambdaForm$MH/0x0000000041055800::invoke@21
                      ; - java.lang.invoke.Invokers$Holder::linkToTargetMethod@5
                      ; - age.of.civilizations2.jakowski.lukasz.AoCGame::render@740 (line 466)
  0x00007f4725f1b270: d753 05e9 | 55d5 ffff 

  0x00007f4725f1b278: ;   {metadata({method} {0x00000000404a06e8} 'coder' '()B' in 'java/lang/String')}
  0x00007f4725f1b278: 49ba e806 | 4a40 0000 | 0000 4c89 | 5424 0848 | c704 24ff 

  0x00007f4725f1b28c: ;   {runtime_call C1 Runtime counter_overflow_blob}
  0x00007f4725f1b28c: ffff ffe8 

  0x00007f4725f1b290: ; ImmutableOopMap {[272]=Oop }
                      ;*synchronization entry
                      ; - java.lang.String::coder@-1 (line 5172)
                      ; - java.lang.String::length@6 (line 1744)
                      ; - java.lang.StringConcatHelper::newArrayWithSuffix@2 (line 309)
                      ; - java.lang.StringConcatHelper$Concat1::concat@29 (line 109)
                      ; - java.lang.invoke.DirectMethodHandle$Holder::invokeSpecial@11
                      ; - java.lang.invoke.LambdaForm$MH/0x0000000041055800::invoke@21
                      ; - java.lang.invoke.Invokers$Holder::linkToTargetMethod@5
                      ; - age.of.civilizations2.jakowski.lukasz.AoCGame::render@740 (line 466)
  0x00007f4725f1b290: 4cd7 5305 | e9e7 d5ff 

  0x00007f4725f1b298: ;   {metadata({method} {0x000000004048bdd8} 'newArray' '(I)[B' in 'java/lang/StringConcatHelper')}
  0x00007f4725f1b298: ff49 bad8 | bd48 4000 | 0000 004c | 8954 2408 | 48c7 0424 | ffff ffff 

  0x00007f4725f1b2b0: ;   {runtime_call C1 Runtime counter_overflow_blob}
  0x00007f4725f1b2b0: e82b d753 

  0x00007f4725f1b2b4: ; ImmutableOopMap {[272]=Oop }
                      ;*synchronization entry
                      ; - java.lang.StringConcatHelper::newArray@-1 (line 280)
                      ; - java.lang.StringConcatHelper::newArrayWithSuffix@8 (line 309)
                      ; - java.lang.StringConcatHelper$Concat1::concat@29 (line 109)
                      ; - java.lang.invoke.DirectMethodHandle$Holder::invokeSpecial@11
                      ; - java.lang.invoke.LambdaForm$MH/0x0000000041055800::invoke@21
                      ; - java.lang.invoke.Invokers$Holder::linkToTargetMethod@5
                      ; - age.of.civilizations2.jakowski.lukasz.AoCGame::render@740 (line 466)
  0x00007f4725f1b2b4: 05e9 1fd6 | ffff 4889 

  0x00007f4725f1b2bc: ;   {runtime_call C1 Runtime throw_class_cast_exception_blob}
  0x00007f4725f1b2bc: 0424 e81d 

  0x00007f4725f1b2c0: ; ImmutableOopMap {[272]=Oop }
                      ;*checkcast {reexecute=0 rethrow=0 return_oop=0}
                      ; - java.lang.StringConcatHelper::newArray@24 (line 283)
                      ; - java.lang.StringConcatHelper::newArrayWithSuffix@8 (line 309)
                      ; - java.lang.StringConcatHelper$Concat1::concat@29 (line 109)
                      ; - java.lang.invoke.DirectMethodHandle$Holder::invokeSpecial@11
                      ; - java.lang.invoke.LambdaForm$MH/0x0000000041055800::invoke@21
                      ; - java.lang.invoke.Invokers$Holder::linkToTargetMethod@5
                      ; - age.of.civilizations2.jakowski.lukasz.AoCGame::render@740 (line 466)
  0x00007f4725f1b2c0: a053 0548 

  0x00007f4725f1b2c4: ;   {runtime_call C1 Runtime fast_new_instance_blob}
  0x00007f4725f1b2c4: 8bd2 e895 

  0x00007f4725f1b2c8: ; ImmutableOopMap {[272]=Oop [504]=Oop }
                      ;*new {reexecute=0 rethrow=0 return_oop=0}
                      ; - java.lang.StringConcatHelper$Concat1::concat@52 (line 111)
                      ; - java.lang.invoke.DirectMethodHandle$Holder::invokeSpecial@11
                      ; - java.lang.invoke.LambdaForm$MH/0x0000000041055800::invoke@21
                      ; - java.lang.invoke.Invokers$Holder::linkToTargetMethod@5
                      ; - age.of.civilizations2.jakowski.lukasz.AoCGame::render@740 (line 466)
  0x00007f4725f1b2c8: 8053 05e9 | 28d9 ffff 

  0x00007f4725f1b2d0: ;   {metadata({method} {0x00000000404a10e0} '<init>' '([BB)V' in 'java/lang/String')}
  0x00007f4725f1b2d0: 49ba e010 | 4a40 0000 | 0000 4c89 | 5424 0848 | c704 24ff 

  0x00007f4725f1b2e4: ;   {runtime_call C1 Runtime counter_overflow_blob}
  0x00007f4725f1b2e4: ffff ffe8 

  0x00007f4725f1b2e8: ; ImmutableOopMap {rax=Oop [272]=Oop [504]=Oop }
                      ;*synchronization entry
                      ; - java.lang.String::<init>@-1 (line 5166)
                      ; - java.lang.StringConcatHelper$Concat1::concat@62 (line 111)
                      ; - java.lang.invoke.DirectMethodHandle$Holder::invokeSpecial@11
                      ; - java.lang.invoke.LambdaForm$MH/0x0000000041055800::invoke@21
                      ; - java.lang.invoke.Invokers$Holder::linkToTargetMethod@5
                      ; - age.of.civilizations2.jakowski.lukasz.AoCGame::render@740 (line 466)
  0x00007f4725f1b2e8: f4d6 5305 | e943 d9ff 

  0x00007f4725f1b2f0: ;   {metadata({method} {0x00000000404a5e88} '<init>' '()V' in 'java/lang/Object')}
  0x00007f4725f1b2f0: ff49 ba88 | 5e4a 4000 | 0000 004c | 8954 2408 | 48c7 0424 | ffff ffff 

  0x00007f4725f1b308: ;   {runtime_call C1 Runtime counter_overflow_blob}
  0x00007f4725f1b308: e8d3 d653 

  0x00007f4725f1b30c: ; ImmutableOopMap {rax=Oop [272]=Oop [504]=Oop }
                      ;*synchronization entry
                      ; - java.lang.Object::<init>@-1 (line 46)
                      ; - java.lang.String::<init>@1 (line 5166)
                      ; - java.lang.StringConcatHelper$Concat1::concat@62 (line 111)
                      ; - java.lang.invoke.DirectMethodHandle$Holder::invokeSpecial@11
                      ; - java.lang.invoke.LambdaForm$MH/0x0000000041055800::invoke@21
                      ; - java.lang.invoke.Invokers$Holder::linkToTargetMethod@5
                      ; - age.of.civilizations2.jakowski.lukasz.AoCGame::render@740 (line 466)
  0x00007f4725f1b30c: 05e9 5ed9 | ffff 8b50 | 1448 c1e2 | 0348 85d2 | 0f84 5bd9 | ffff 4889 

  0x00007f4725f1b324: ;   {runtime_call g1_pre_barrier_slow}
  0x00007f4725f1b324: 1424 e8b5 | dc53 05e9 | 4dd9 ffff 

  0x00007f4725f1b330: ;   {runtime_call C1 Runtime fast_new_instance_blob}
  0x00007f4725f1b330: 488b d2e8 

  0x00007f4725f1b334: ; ImmutableOopMap {r8=Oop [272]=Oop }
                      ;*new {reexecute=0 rethrow=0 return_oop=0}
                      ; - age.of.civilizations2.jakowski.lukasz.AoCGame::render@746 (line 467)
  0x00007f4725f1b334: 2880 5305 | e9ca d9ff 

  0x00007f4725f1b33c: ;   {metadata({method} {0x00007f46f062cfa8} '<init>' '(Lcom/badlogic/gdx/graphics/g2d/BitmapFont;Ljava/lang/CharSequence;)V' in 'com/badlogic/gdx/graphics/g2d/GlyphLayout')}
  0x00007f4725f1b33c: ff49 baa8 | cf62 f046 | 7f00 004c | 8954 2408 | 48c7 0424 | ffff ffff 

  0x00007f4725f1b354: ;   {runtime_call C1 Runtime counter_overflow_blob}
  0x00007f4725f1b354: e887 d653 

  0x00007f4725f1b358: ; ImmutableOopMap {r8=Oop rax=Oop r11=Oop r13=Oop [272]=Oop [512]=Oop }
                      ;*synchronization entry
                      ; - com.badlogic.gdx.graphics.g2d.GlyphLayout::<init>@-1 (line 45)
                      ; - age.of.civilizations2.jakowski.lukasz.AoCGame::render@754 (line 467)
  0x00007f4725f1b358: 05e9 02da 

  0x00007f4725f1b35c: ;   {metadata({method} {0x00000000404a5e88} '<init>' '()V' in 'java/lang/Object')}
  0x00007f4725f1b35c: ffff 49ba | 885e 4a40 | 0000 0000 | 4c89 5424 | 0848 c704 | 24ff ffff 

  0x00007f4725f1b374: ;   {runtime_call C1 Runtime counter_overflow_blob}
  0x00007f4725f1b374: ffe8 66d6 

  0x00007f4725f1b378: ; ImmutableOopMap {r8=Oop rax=Oop r11=Oop r13=Oop [272]=Oop [512]=Oop }
                      ;*synchronization entry
                      ; - java.lang.Object::<init>@-1 (line 46)
                      ; - com.badlogic.gdx.graphics.g2d.GlyphLayout::<init>@1 (line 45)
                      ; - age.of.civilizations2.jakowski.lukasz.AoCGame::render@754 (line 467)
  0x00007f4725f1b378: 5305 e91d | daff ff48 

  0x00007f4725f1b380: ;   {runtime_call C1 Runtime fast_new_instance_blob}
  0x00007f4725f1b380: 8bd2 e8d9 

  0x00007f4725f1b384: ; ImmutableOopMap {r8=Oop r11=Oop r13=Oop r14=Oop [272]=Oop [512]=Oop }
                      ;*new {reexecute=0 rethrow=0 return_oop=0}
                      ; - com.badlogic.gdx.graphics.g2d.GlyphLayout::<init>@5 (line 35)
                      ; - age.of.civilizations2.jakowski.lukasz.AoCGame::render@754 (line 467)
  0x00007f4725f1b384: 7f53 05e9 | 63da ffff 

  0x00007f4725f1b38c: ;   {metadata({method} {0x00007f46f04096d0} '<init>' '()V' in 'com/badlogic/gdx/utils/Array')}
  0x00007f4725f1b38c: 49ba d096 | 40f0 467f | 0000 4c89 | 5424 0848 | c704 24ff 

  0x00007f4725f1b3a0: ;   {runtime_call C1 Runtime counter_overflow_blob}
  0x00007f4725f1b3a0: ffff ffe8 

  0x00007f4725f1b3a4: ; ImmutableOopMap {r8=Oop r11=Oop r13=Oop r14=Oop rax=Oop [272]=Oop [512]=Oop }
                      ;*synchronization entry
                      ; - com.badlogic.gdx.utils.Array::<init>@-1 (line 42)
                      ; - com.badlogic.gdx.graphics.g2d.GlyphLayout::<init>@9 (line 35)
                      ; - age.of.civilizations2.jakowski.lukasz.AoCGame::render@754 (line 467)
  0x00007f4725f1b3a4: 38d6 5305 | e97e daff 

  0x00007f4725f1b3ac: ;   {metadata({method} {0x00007f46f0409860} '<init>' '(ZI)V' in 'com/badlogic/gdx/utils/Array')}
  0x00007f4725f1b3ac: ff49 ba60 | 9840 f046 | 7f00 004c | 8954 2408 | 48c7 0424 | ffff ffff 

  0x00007f4725f1b3c4: ;   {runtime_call C1 Runtime counter_overflow_blob}
  0x00007f4725f1b3c4: e817 d653 

  0x00007f4725f1b3c8: ; ImmutableOopMap {r8=Oop r11=Oop r13=Oop r14=Oop rax=Oop [272]=Oop [512]=Oop }
                      ;*synchronization entry
                      ; - com.badlogic.gdx.utils.Array::<init>@-1 (line 53)
                      ; - com.badlogic.gdx.utils.Array::<init>@4 (line 42)
                      ; - com.badlogic.gdx.graphics.g2d.GlyphLayout::<init>@9 (line 35)
                      ; - age.of.civilizations2.jakowski.lukasz.AoCGame::render@754 (line 467)
  0x00007f4725f1b3c8: 05e9 99da 

  0x00007f4725f1b3cc: ;   {metadata({method} {0x00000000404a5e88} '<init>' '()V' in 'java/lang/Object')}
  0x00007f4725f1b3cc: ffff 49ba | 885e 4a40 | 0000 0000 | 4c89 5424 | 0848 c704 | 24ff ffff 

  0x00007f4725f1b3e4: ;   {runtime_call C1 Runtime counter_overflow_blob}
  0x00007f4725f1b3e4: ffe8 f6d5 

  0x00007f4725f1b3e8: ; ImmutableOopMap {r8=Oop r11=Oop r13=Oop r14=Oop rax=Oop [272]=Oop [512]=Oop }
                      ;*synchronization entry
                      ; - java.lang.Object::<init>@-1 (line 46)
                      ; - com.badlogic.gdx.utils.Array::<init>@1 (line 53)
                      ; - com.badlogic.gdx.utils.Array::<init>@4 (line 42)
                      ; - com.badlogic.gdx.graphics.g2d.GlyphLayout::<init>@9 (line 35)
                      ; - age.of.civilizations2.jakowski.lukasz.AoCGame::render@754 (line 467)
  0x00007f4725f1b3e8: 5305 e9b4 

  0x00007f4725f1b3ec: ;   {runtime_call C1 Runtime new_object_array_blob}
  0x00007f4725f1b3ec: daff ffe8 

  0x00007f4725f1b3f0: ; ImmutableOopMap {r8=Oop r11=Oop r13=Oop r14=Oop r9=Oop [272]=Oop [512]=Oop }
                      ;*anewarray {reexecute=0 rethrow=0 return_oop=0}
                      ; - com.badlogic.gdx.utils.Array::<init>@11 (line 55)
                      ; - com.badlogic.gdx.utils.Array::<init>@4 (line 42)
                      ; - com.badlogic.gdx.graphics.g2d.GlyphLayout::<init>@9 (line 35)
                      ; - age.of.civilizations2.jakowski.lukasz.AoCGame::render@754 (line 467)
  0x00007f4725f1b3f0: ec8c 5305 | e939 dbff | ff41 8b51 | 1448 c1e2 | 0348 85d2 | 0f84 35db | ffff 4889 

  0x00007f4725f1b40c: ;   {runtime_call g1_pre_barrier_slow}
  0x00007f4725f1b40c: 1424 e8cd | db53 05e9 | 27db ffff | 418b 5614 | 48c1 e203 | 4885 d20f | 8452 dbff | ff48 8914 
  0x00007f4725f1b42c: ;   {runtime_call g1_pre_barrier_slow}
  0x00007f4725f1b42c: 24e8 aedb | 5305 e944 | dbff ff48 

  0x00007f4725f1b438: ;   {runtime_call C1 Runtime fast_new_instance_blob}
  0x00007f4725f1b438: 8bd2 e821 

  0x00007f4725f1b43c: ; ImmutableOopMap {r8=Oop r11=Oop r13=Oop r14=Oop [272]=Oop [512]=Oop }
                      ;*new {reexecute=0 rethrow=0 return_oop=0}
                      ; - com.badlogic.gdx.graphics.g2d.GlyphLayout::<init>@16 (line 38)
                      ; - age.of.civilizations2.jakowski.lukasz.AoCGame::render@754 (line 467)
  0x00007f4725f1b43c: 7f53 05e9 | b6db ffff 

  0x00007f4725f1b444: ;   {metadata({method} {0x00007f46f0409788} '<init>' '(I)V' in 'com/badlogic/gdx/utils/Array')}
  0x00007f4725f1b444: 49ba 8897 | 40f0 467f | 0000 4c89 | 5424 0848 | c704 24ff 

  0x00007f4725f1b458: ;   {runtime_call C1 Runtime counter_overflow_blob}
  0x00007f4725f1b458: ffff ffe8 

  0x00007f4725f1b45c: ; ImmutableOopMap {r8=Oop r11=Oop r13=Oop r14=Oop r9=Oop [272]=Oop [512]=Oop }
                      ;*synchronization entry
                      ; - com.badlogic.gdx.utils.Array::<init>@-1 (line 47)
                      ; - com.badlogic.gdx.graphics.g2d.GlyphLayout::<init>@21 (line 38)
                      ; - age.of.civilizations2.jakowski.lukasz.AoCGame::render@754 (line 467)
  0x00007f4725f1b45c: 80d5 5305 | e9d4 dbff 

  0x00007f4725f1b464: ;   {metadata({method} {0x00007f46f0409860} '<init>' '(ZI)V' in 'com/badlogic/gdx/utils/Array')}
  0x00007f4725f1b464: ff49 ba60 | 9840 f046 | 7f00 004c | 8954 2408 | 48c7 0424 | ffff ffff 

  0x00007f4725f1b47c: ;   {runtime_call C1 Runtime counter_overflow_blob}
  0x00007f4725f1b47c: e85f d553 

  0x00007f4725f1b480: ; ImmutableOopMap {r8=Oop r11=Oop r13=Oop r14=Oop r9=Oop [272]=Oop [512]=Oop }
                      ;*synchronization entry
                      ; - com.badlogic.gdx.utils.Array::<init>@-1 (line 53)
                      ; - com.badlogic.gdx.utils.Array::<init>@3 (line 47)
                      ; - com.badlogic.gdx.graphics.g2d.GlyphLayout::<init>@21 (line 38)
                      ; - age.of.civilizations2.jakowski.lukasz.AoCGame::render@754 (line 467)
  0x00007f4725f1b480: 05e9 efdb 

  0x00007f4725f1b484: ;   {metadata({method} {0x00000000404a5e88} '<init>' '()V' in 'java/lang/Object')}
  0x00007f4725f1b484: ffff 49ba | 885e 4a40 | 0000 0000 | 4c89 5424 | 0848 c704 | 24ff ffff 

  0x00007f4725f1b49c: ;   {runtime_call C1 Runtime counter_overflow_blob}
  0x00007f4725f1b49c: ffe8 3ed5 

  0x00007f4725f1b4a0: ; ImmutableOopMap {r8=Oop r11=Oop r13=Oop r14=Oop r9=Oop [272]=Oop [512]=Oop }
                      ;*synchronization entry
                      ; - java.lang.Object::<init>@-1 (line 46)
                      ; - com.badlogic.gdx.utils.Array::<init>@1 (line 53)
                      ; - com.badlogic.gdx.utils.Array::<init>@3 (line 47)
                      ; - com.badlogic.gdx.graphics.g2d.GlyphLayout::<init>@21 (line 38)
                      ; - age.of.civilizations2.jakowski.lukasz.AoCGame::render@754 (line 467)
  0x00007f4725f1b4a0: 5305 e90a 

  0x00007f4725f1b4a4: ;   {runtime_call C1 Runtime new_object_array_blob}
  0x00007f4725f1b4a4: dcff ffe8 

  0x00007f4725f1b4a8: ; ImmutableOopMap {r8=Oop r11=Oop r13=Oop r14=Oop r9=Oop [272]=Oop [512]=Oop }
                      ;*anewarray {reexecute=0 rethrow=0 return_oop=0}
                      ; - com.badlogic.gdx.utils.Array::<init>@11 (line 55)
                      ; - com.badlogic.gdx.utils.Array::<init>@3 (line 47)
                      ; - com.badlogic.gdx.graphics.g2d.GlyphLayout::<init>@21 (line 38)
                      ; - age.of.civilizations2.jakowski.lukasz.AoCGame::render@754 (line 467)
  0x00007f4725f1b4a8: 348c 5305 | e98d dcff | ff41 8b51 | 1448 c1e2 | 0348 85d2 | 0f84 89dc | ffff 4889 

  0x00007f4725f1b4c4: ;   {runtime_call g1_pre_barrier_slow}
  0x00007f4725f1b4c4: 1424 e815 | db53 05e9 | 7bdc ffff | 418b 5618 | 48c1 e203 | 4885 d20f | 84a6 dcff | ff48 8914 
  0x00007f4725f1b4e4: ;   {runtime_call g1_pre_barrier_slow}
  0x00007f4725f1b4e4: 24e8 f6da | 5305 e998 

  0x00007f4725f1b4ec: ;   {runtime_call C1 Runtime throw_null_pointer_exception_blob}
  0x00007f4725f1b4ec: dcff ffe8 

  0x00007f4725f1b4f0: ; ImmutableOopMap {rsi=Oop [272]=Oop }
                      ;*invokevirtual getData {reexecute=0 rethrow=0 return_oop=0}
                      ; - age.of.civilizations2.jakowski.lukasz.AoCGame::render@794 (line 475)
  0x00007f4725f1b4f0: ec70 5305 

  0x00007f4725f1b4f4: ;   {runtime_call C1 Runtime throw_null_pointer_exception_blob}
  0x00007f4725f1b4f4: e8e7 7053 

  0x00007f4725f1b4f8: ; ImmutableOopMap {rsi=Oop [272]=Oop }
                      ;*invokevirtual setScale {reexecute=0 rethrow=0 return_oop=0}
                      ; - age.of.civilizations2.jakowski.lukasz.AoCGame::render@798 (line 475)
                      ;   {metadata({method} {0x00007f46f0b6fb28} 'setScale' '(F)V' in 'com/badlogic/gdx/graphics/g2d/BitmapFont$BitmapFontData')}
  0x00007f4725f1b4f8: 0549 ba28 | fbb6 f046 | 7f00 004c | 8954 2408 | 48c7 0424 | ffff ffff 

  0x00007f4725f1b510: ;   {runtime_call C1 Runtime counter_overflow_blob}
  0x00007f4725f1b510: e8cb d453 

  0x00007f4725f1b514: ; ImmutableOopMap {rsi=Oop [272]=Oop }
                      ;*synchronization entry
                      ; - com.badlogic.gdx.graphics.g2d.BitmapFont$BitmapFontData::setScale@-1 (line 891)
                      ; - age.of.civilizations2.jakowski.lukasz.AoCGame::render@798 (line 475)
  0x00007f4725f1b514: 05e9 5dde 

  0x00007f4725f1b518: ;   {metadata({method} {0x00007f46f05da248} 'exceptionStack' '(Ljava/lang/Throwable;)V' in 'age/of/civilizations2/jakowski/lukasz/CFG')}
  0x00007f4725f1b518: ffff 49ba | 48a2 5df0 | 467f 0000 | 4c89 5424 | 0848 c704 | 24ff ffff 

  0x00007f4725f1b530: ;   {runtime_call C1 Runtime counter_overflow_blob}
  0x00007f4725f1b530: ffe8 aad4 

  0x00007f4725f1b534: ; ImmutableOopMap {rax=Oop [272]=Oop }
                      ;*synchronization entry
                      ; - age.of.civilizations2.jakowski.lukasz.CFG::exceptionStack@-1 (line 6406)
                      ; - age.of.civilizations2.jakowski.lukasz.AoCGame::render@229 (line 414)
  0x00007f4725f1b534: 5305 e94d 

  0x00007f4725f1b538: ;   {metadata({method} {0x00007f46f05da248} 'exceptionStack' '(Ljava/lang/Throwable;)V' in 'age/of/civilizations2/jakowski/lukasz/CFG')}
  0x00007f4725f1b538: e0ff ff49 | ba48 a25d | f046 7f00 | 004c 8954 | 2408 48c7 | 0424 ffff 

  0x00007f4725f1b550: ;   {runtime_call C1 Runtime counter_overflow_blob}
  0x00007f4725f1b550: ffff e889 

  0x00007f4725f1b554: ; ImmutableOopMap {rax=Oop [272]=Oop }
                      ;*synchronization entry
                      ; - age.of.civilizations2.jakowski.lukasz.CFG::exceptionStack@-1 (line 6406)
                      ; - age.of.civilizations2.jakowski.lukasz.AoCGame::render@215 (line 410)
  0x00007f4725f1b554: d453 05e9 | 7ce1 ffff 

  0x00007f4725f1b55c: ;   {metadata({method} {0x00007f46f05da248} 'exceptionStack' '(Ljava/lang/Throwable;)V' in 'age/of/civilizations2/jakowski/lukasz/CFG')}
  0x00007f4725f1b55c: 49ba 48a2 | 5df0 467f | 0000 4c89 | 5424 0848 | c704 24ff 

  0x00007f4725f1b570: ;   {runtime_call C1 Runtime counter_overflow_blob}
  0x00007f4725f1b570: ffff ffe8 

  0x00007f4725f1b574: ; ImmutableOopMap {rax=Oop [272]=Oop }
                      ;*synchronization entry
                      ; - age.of.civilizations2.jakowski.lukasz.CFG::exceptionStack@-1 (line 6406)
                      ; - age.of.civilizations2.jakowski.lukasz.AoCGame::render@201 (line 406)
  0x00007f4725f1b574: 68d4 5305 | e9ab e2ff 

  0x00007f4725f1b57c: ;   {metadata(nullptr)}
  0x00007f4725f1b57c: ff48 ba00 | 0000 0000 | 0000 00b8 | 000f 050a 

  0x00007f4725f1b58c: ;   {runtime_call C1 Runtime load_klass_patching_blob}
  0x00007f4725f1b58c: e84f c553 

  0x00007f4725f1b590: ; ImmutableOopMap {[272]=Oop }
                      ;*new {reexecute=1 rethrow=0 return_oop=0}
                      ; - (reexecute) java.lang.StringConcatHelper::newArray@4 (line 281)
                      ; - java.lang.StringConcatHelper::newArrayWithSuffix@8 (line 309)
                      ; - java.lang.StringConcatHelper$Concat1::concat@29 (line 109)
                      ; - java.lang.invoke.DirectMethodHandle$Holder::invokeSpecial@11
                      ; - java.lang.invoke.LambdaForm$MH/0x0000000041055800::invoke@21
                      ; - java.lang.invoke.Invokers$Holder::linkToTargetMethod@5
                      ; - age.of.civilizations2.jakowski.lukasz.AoCGame::render@740 (line 466)
  0x00007f4725f1b590: 05e9 5ae3 | ffff 488b 

  0x00007f4725f1b598: ;   {runtime_call C1 Runtime fast_new_instance_blob}
  0x00007f4725f1b598: d2e8 c27d 

  0x00007f4725f1b59c: ; ImmutableOopMap {[272]=Oop }
                      ;*new {reexecute=0 rethrow=0 return_oop=0}
                      ; - java.lang.StringConcatHelper::newArray@4 (line 281)
                      ; - java.lang.StringConcatHelper::newArrayWithSuffix@8 (line 309)
                      ; - java.lang.StringConcatHelper$Concat1::concat@29 (line 109)
                      ; - java.lang.invoke.DirectMethodHandle$Holder::invokeSpecial@11
                      ; - java.lang.invoke.LambdaForm$MH/0x0000000041055800::invoke@21
                      ; - java.lang.invoke.Invokers$Holder::linkToTargetMethod@5
                      ; - age.of.civilizations2.jakowski.lukasz.AoCGame::render@740 (line 466)
  0x00007f4725f1b59c: 5305 e9a1 

  0x00007f4725f1b5a0: ;   {metadata(nullptr)}
  0x00007f4725f1b5a0: e3ff ff48 | ba00 0000 | 0000 0000 | 00b8 000f 

  0x00007f4725f1b5b0: ;   {runtime_call C1 Runtime load_klass_patching_blob}
  0x00007f4725f1b5b0: 050a e829 

  0x00007f4725f1b5b4: ; ImmutableOopMap {[272]=Oop }
                      ;*new {reexecute=1 rethrow=0 return_oop=0}
                      ; - (reexecute) java.lang.StringConcatHelper::checkOverflow@6 (line 485)
                      ; - java.lang.StringConcatHelper::stringSize@6 (line 250)
                      ; - java.lang.StringConcatHelper$Concat1::concat@5 (line 106)
                      ; - java.lang.invoke.DirectMethodHandle$Holder::invokeSpecial@11
                      ; - java.lang.invoke.LambdaForm$MH/0x0000000041055800::invoke@21
                      ; - java.lang.invoke.Invokers$Holder::linkToTargetMethod@5
                      ; - age.of.civilizations2.jakowski.lukasz.AoCGame::render@740 (line 466)
  0x00007f4725f1b5b4: c553 05e9 | d4e3 ffff 

  0x00007f4725f1b5bc: ;   {runtime_call C1 Runtime fast_new_instance_blob}
  0x00007f4725f1b5bc: 488b d2e8 

  0x00007f4725f1b5c0: ; ImmutableOopMap {[272]=Oop }
                      ;*new {reexecute=0 rethrow=0 return_oop=0}
                      ; - java.lang.StringConcatHelper::checkOverflow@6 (line 485)
                      ; - java.lang.StringConcatHelper::stringSize@6 (line 250)
                      ; - java.lang.StringConcatHelper$Concat1::concat@5 (line 106)
                      ; - java.lang.invoke.DirectMethodHandle$Holder::invokeSpecial@11
                      ; - java.lang.invoke.LambdaForm$MH/0x0000000041055800::invoke@21
                      ; - java.lang.invoke.Invokers$Holder::linkToTargetMethod@5
                      ; - age.of.civilizations2.jakowski.lukasz.AoCGame::render@740 (line 466)
  0x00007f4725f1b5c0: 9c7d 5305 | e91b e4ff 

  0x00007f4725f1b5c8: ;   {runtime_call C1 Runtime throw_null_pointer_exception_blob}
  0x00007f4725f1b5c8: ffe8 1270 

  0x00007f4725f1b5cc: ; ImmutableOopMap {rsi=Oop rdi=Oop [272]=Oop }
                      ;*invokevirtual setColor {reexecute=0 rethrow=0 return_oop=0}
                      ; - age.of.civilizations2.jakowski.lukasz.AoCGame::render@816 (line 481)
                      ;   {metadata({method} {0x00007f46f065eb28} 'setColor' '(Lcom/badlogic/gdx/graphics/Color;)V' in 'com/badlogic/gdx/graphics/g2d/SpriteBatch')}
  0x00007f4725f1b5cc: 5305 49ba | 28eb 65f0 | 467f 0000 | 4c89 5424 | 0848 c704 | 24ff ffff 

  0x00007f4725f1b5e4: ;   {runtime_call C1 Runtime counter_overflow_blob}
  0x00007f4725f1b5e4: ffe8 f6d3 

  0x00007f4725f1b5e8: ; ImmutableOopMap {rsi=Oop rdi=Oop [272]=Oop }
                      ;*synchronization entry
                      ; - com.badlogic.gdx.graphics.g2d.SpriteBatch::setColor@-1 (line 199)
                      ; - age.of.civilizations2.jakowski.lukasz.AoCGame::render@816 (line 481)
  0x00007f4725f1b5e8: 5305 e9d2 

  0x00007f4725f1b5ec: ;   {runtime_call C1 Runtime throw_null_pointer_exception_blob}
  0x00007f4725f1b5ec: e4ff ffe8 

  0x00007f4725f1b5f0: ; ImmutableOopMap {rsi=Oop rdi=Oop [272]=Oop }
                      ;*invokevirtual end {reexecute=0 rethrow=0 return_oop=0}
                      ; - age.of.civilizations2.jakowski.lukasz.AoCGame::render@823 (line 482)
  0x00007f4725f1b5f0: ec6f 5305 

  0x00007f4725f1b5f4: ;   {metadata({method} {0x00007f46f05da248} 'exceptionStack' '(Ljava/lang/Throwable;)V' in 'age/of/civilizations2/jakowski/lukasz/CFG')}
  0x00007f4725f1b5f4: 49ba 48a2 | 5df0 467f | 0000 4c89 | 5424 0848 | c704 24ff 

  0x00007f4725f1b608: ;   {runtime_call C1 Runtime counter_overflow_blob}
  0x00007f4725f1b608: ffff ffe8 

  0x00007f4725f1b60c: ; ImmutableOopMap {rax=Oop [272]=Oop }
                      ;*synchronization entry
                      ; - age.of.civilizations2.jakowski.lukasz.CFG::exceptionStack@-1 (line 6406)
                      ; - age.of.civilizations2.jakowski.lukasz.AoCGame::render@914 (line 510)
  0x00007f4725f1b60c: d0d3 5305 | e998 e5ff 

  0x00007f4725f1b614: ;   {metadata({method} {0x00007f46f05cb2a0} 'setRender_3' '(Z)V' in 'age/of/civilizations2/jakowski/lukasz/CFG')}
  0x00007f4725f1b614: ff49 baa0 | b25c f046 | 7f00 004c | 8954 2408 | 48c7 0424 | ffff ffff 

  0x00007f4725f1b62c: ;   {runtime_call C1 Runtime counter_overflow_blob}
  0x00007f4725f1b62c: e8af d353 

  0x00007f4725f1b630: ; ImmutableOopMap {[272]=Oop }
                      ;*synchronization entry
                      ; - age.of.civilizations2.jakowski.lukasz.CFG::setRender_3@-1 (line 844)
                      ; - age.of.civilizations2.jakowski.lukasz.AoCGame::render@918 (line 511)
  0x00007f4725f1b630: 05e9 5fe6 

  0x00007f4725f1b634: ;   {runtime_call C1 Runtime throw_incompatible_class_change_error_blob}
  0x00007f4725f1b634: ffff e8a5 

  0x00007f4725f1b638: ; ImmutableOopMap {rax=Oop rsi=Oop [272]=Oop }
                      ;*invokeinterface update {reexecute=0 rethrow=0 return_oop=0}
                      ; - age.of.civilizations2.jakowski.lukasz.CFG::setRender_3@4 (line 844)
                      ; - age.of.civilizations2.jakowski.lukasz.AoCGame::render@918 (line 511)
                      ;   {runtime_call C1 Runtime throw_null_pointer_exception_blob}
  0x00007f4725f1b638: 9f53 05e8 

  0x00007f4725f1b63c: ; ImmutableOopMap {rax=Oop rsi=Oop [272]=Oop }
                      ;*invokeinterface update {reexecute=0 rethrow=0 return_oop=0}
                      ; - age.of.civilizations2.jakowski.lukasz.CFG::setRender_3@4 (line 844)
                      ; - age.of.civilizations2.jakowski.lukasz.AoCGame::render@918 (line 511)
  0x00007f4725f1b63c: a06f 5305 

  0x00007f4725f1b640: ;   {metadata({method} {0x00007f46f065c528} 'update' '(Z)V' in 'age/of/civilizations2/jakowski/lukasz/CFG$1')}
  0x00007f4725f1b640: 49ba 28c5 | 65f0 467f | 0000 4c89 | 5424 0848 | c704 24ff 

  0x00007f4725f1b654: ;   {runtime_call C1 Runtime counter_overflow_blob}
  0x00007f4725f1b654: ffff ffe8 

  0x00007f4725f1b658: ; ImmutableOopMap {rax=Oop [272]=Oop }
                      ;*synchronization entry
                      ; - age.of.civilizations2.jakowski.lukasz.CFG$1::update@-1 (line 825)
                      ; - age.of.civilizations2.jakowski.lukasz.CFG::setRender_3@4 (line 844)
                      ; - age.of.civilizations2.jakowski.lukasz.AoCGame::render@918 (line 511)
  0x00007f4725f1b658: 84d3 5305 | e9b5 e6ff 

  0x00007f4725f1b660: ;   {metadata({method} {0x00007f46f05da248} 'exceptionStack' '(Ljava/lang/Throwable;)V' in 'age/of/civilizations2/jakowski/lukasz/CFG')}
  0x00007f4725f1b660: ff49 ba48 | a25d f046 | 7f00 004c | 8954 2408 | 48c7 0424 | ffff ffff 

  0x00007f4725f1b678: ;   {runtime_call C1 Runtime counter_overflow_blob}
  0x00007f4725f1b678: e863 d353 

  0x00007f4725f1b67c: ; ImmutableOopMap {rax=Oop [272]=Oop }
                      ;*synchronization entry
                      ; - age.of.civilizations2.jakowski.lukasz.CFG::exceptionStack@-1 (line 6406)
                      ; - age.of.civilizations2.jakowski.lukasz.AoCGame::render@902 (line 507)
  0x00007f4725f1b67c: 05e9 0ce7 

  0x00007f4725f1b680: ;   {metadata({method} {0x00007f46f05cb2a0} 'setRender_3' '(Z)V' in 'age/of/civilizations2/jakowski/lukasz/CFG')}
  0x00007f4725f1b680: ffff 49ba | a0b2 5cf0 | 467f 0000 | 4c89 5424 | 0848 c704 | 24ff ffff 

  0x00007f4725f1b698: ;   {runtime_call C1 Runtime counter_overflow_blob}
  0x00007f4725f1b698: ffe8 42d3 

  0x00007f4725f1b69c: ; ImmutableOopMap {[272]=Oop }
                      ;*synchronization entry
                      ; - age.of.civilizations2.jakowski.lukasz.CFG::setRender_3@-1 (line 844)
                      ; - age.of.civilizations2.jakowski.lukasz.AoCGame::render@906 (line 508)
  0x00007f4725f1b69c: 5305 e9d2 

  0x00007f4725f1b6a0: ;   {runtime_call C1 Runtime throw_incompatible_class_change_error_blob}
  0x00007f4725f1b6a0: e7ff ffe8 

  0x00007f4725f1b6a4: ; ImmutableOopMap {rax=Oop rsi=Oop [272]=Oop }
                      ;*invokeinterface update {reexecute=0 rethrow=0 return_oop=0}
                      ; - age.of.civilizations2.jakowski.lukasz.CFG::setRender_3@4 (line 844)
                      ; - age.of.civilizations2.jakowski.lukasz.AoCGame::render@906 (line 508)
  0x00007f4725f1b6a4: 389f 5305 

  0x00007f4725f1b6a8: ;   {runtime_call C1 Runtime throw_null_pointer_exception_blob}
  0x00007f4725f1b6a8: e833 6f53 

  0x00007f4725f1b6ac: ; ImmutableOopMap {rax=Oop rsi=Oop [272]=Oop }
                      ;*invokeinterface update {reexecute=0 rethrow=0 return_oop=0}
                      ; - age.of.civilizations2.jakowski.lukasz.CFG::setRender_3@4 (line 844)
                      ; - age.of.civilizations2.jakowski.lukasz.AoCGame::render@906 (line 508)
                      ;   {metadata({method} {0x00007f46f065c528} 'update' '(Z)V' in 'age/of/civilizations2/jakowski/lukasz/CFG$1')}
  0x00007f4725f1b6ac: 0549 ba28 | c565 f046 | 7f00 004c | 8954 2408 | 48c7 0424 | ffff ffff 

  0x00007f4725f1b6c4: ;   {runtime_call C1 Runtime counter_overflow_blob}
  0x00007f4725f1b6c4: e817 d353 

  0x00007f4725f1b6c8: ; ImmutableOopMap {rax=Oop [272]=Oop }
                      ;*synchronization entry
                      ; - age.of.civilizations2.jakowski.lukasz.CFG$1::update@-1 (line 825)
                      ; - age.of.civilizations2.jakowski.lukasz.CFG::setRender_3@4 (line 844)
                      ; - age.of.civilizations2.jakowski.lukasz.AoCGame::render@906 (line 508)
  0x00007f4725f1b6c8: 05e9 28e8 

  0x00007f4725f1b6cc: ;   {metadata({method} {0x00007f46f05da248} 'exceptionStack' '(Ljava/lang/Throwable;)V' in 'age/of/civilizations2/jakowski/lukasz/CFG')}
  0x00007f4725f1b6cc: ffff 49ba | 48a2 5df0 | 467f 0000 | 4c89 5424 | 0848 c704 | 24ff ffff 

  0x00007f4725f1b6e4: ;   {runtime_call C1 Runtime counter_overflow_blob}
  0x00007f4725f1b6e4: ffe8 f6d2 

  0x00007f4725f1b6e8: ; ImmutableOopMap {rax=Oop [272]=Oop }
                      ;*synchronization entry
                      ; - age.of.civilizations2.jakowski.lukasz.CFG::exceptionStack@-1 (line 6406)
                      ; - age.of.civilizations2.jakowski.lukasz.AoCGame::render@890 (line 504)
  0x00007f4725f1b6e8: 5305 e98f 

  0x00007f4725f1b6ec: ;   {metadata({method} {0x00007f46f05cb2a0} 'setRender_3' '(Z)V' in 'age/of/civilizations2/jakowski/lukasz/CFG')}
  0x00007f4725f1b6ec: e8ff ff49 | baa0 b25c | f046 7f00 | 004c 8954 | 2408 48c7 | 0424 ffff 

  0x00007f4725f1b704: ;   {runtime_call C1 Runtime counter_overflow_blob}
  0x00007f4725f1b704: ffff e8d5 

  0x00007f4725f1b708: ; ImmutableOopMap {[272]=Oop }
                      ;*synchronization entry
                      ; - age.of.civilizations2.jakowski.lukasz.CFG::setRender_3@-1 (line 844)
                      ; - age.of.civilizations2.jakowski.lukasz.AoCGame::render@894 (line 505)
  0x00007f4725f1b708: d253 05e9 | 55e9 ffff 

  0x00007f4725f1b710: ;   {runtime_call C1 Runtime throw_incompatible_class_change_error_blob}
  0x00007f4725f1b710: e8cb 9e53 

  0x00007f4725f1b714: ; ImmutableOopMap {rax=Oop rsi=Oop [272]=Oop }
                      ;*invokeinterface update {reexecute=0 rethrow=0 return_oop=0}
                      ; - age.of.civilizations2.jakowski.lukasz.CFG::setRender_3@4 (line 844)
                      ; - age.of.civilizations2.jakowski.lukasz.AoCGame::render@894 (line 505)
                      ;   {runtime_call C1 Runtime throw_null_pointer_exception_blob}
  0x00007f4725f1b714: 05e8 c66e 

  0x00007f4725f1b718: ; ImmutableOopMap {rax=Oop rsi=Oop [272]=Oop }
                      ;*invokeinterface update {reexecute=0 rethrow=0 return_oop=0}
                      ; - age.of.civilizations2.jakowski.lukasz.CFG::setRender_3@4 (line 844)
                      ; - age.of.civilizations2.jakowski.lukasz.AoCGame::render@894 (line 505)
                      ;   {metadata({method} {0x00007f46f065c528} 'update' '(Z)V' in 'age/of/civilizations2/jakowski/lukasz/CFG$1')}
  0x00007f4725f1b718: 5305 49ba | 28c5 65f0 | 467f 0000 | 4c89 5424 | 0848 c704 | 24ff ffff 

  0x00007f4725f1b730: ;   {runtime_call C1 Runtime counter_overflow_blob}
  0x00007f4725f1b730: ffe8 aad2 

  0x00007f4725f1b734: ; ImmutableOopMap {rax=Oop [272]=Oop }
                      ;*synchronization entry
                      ; - age.of.civilizations2.jakowski.lukasz.CFG$1::update@-1 (line 825)
                      ; - age.of.civilizations2.jakowski.lukasz.CFG::setRender_3@4 (line 844)
                      ; - age.of.civilizations2.jakowski.lukasz.AoCGame::render@894 (line 505)
  0x00007f4725f1b734: 5305 e9ab 

  0x00007f4725f1b738: ;   {metadata({method} {0x00007f46f05da248} 'exceptionStack' '(Ljava/lang/Throwable;)V' in 'age/of/civilizations2/jakowski/lukasz/CFG')}
  0x00007f4725f1b738: e9ff ff49 | ba48 a25d | f046 7f00 | 004c 8954 | 2408 48c7 | 0424 ffff 

  0x00007f4725f1b750: ;   {runtime_call C1 Runtime counter_overflow_blob}
  0x00007f4725f1b750: ffff e889 

  0x00007f4725f1b754: ; ImmutableOopMap {rax=Oop [272]=Oop }
                      ;*synchronization entry
                      ; - age.of.civilizations2.jakowski.lukasz.CFG::exceptionStack@-1 (line 6406)
                      ; - age.of.civilizations2.jakowski.lukasz.AoCGame::render@878 (line 501)
  0x00007f4725f1b754: d253 05e9 | 12ea ffff 

  0x00007f4725f1b75c: ;   {metadata({method} {0x00007f46f05cb2a0} 'setRender_3' '(Z)V' in 'age/of/civilizations2/jakowski/lukasz/CFG')}
  0x00007f4725f1b75c: 49ba a0b2 | 5cf0 467f | 0000 4c89 | 5424 0848 | c704 24ff 

  0x00007f4725f1b770: ;   {runtime_call C1 Runtime counter_overflow_blob}
  0x00007f4725f1b770: ffff ffe8 

  0x00007f4725f1b774: ; ImmutableOopMap {[272]=Oop }
                      ;*synchronization entry
                      ; - age.of.civilizations2.jakowski.lukasz.CFG::setRender_3@-1 (line 844)
                      ; - age.of.civilizations2.jakowski.lukasz.AoCGame::render@882 (line 502)
  0x00007f4725f1b774: 68d2 5305 | e9d8 eaff 

  0x00007f4725f1b77c: ;   {runtime_call C1 Runtime throw_incompatible_class_change_error_blob}
  0x00007f4725f1b77c: ffe8 5e9e 

  0x00007f4725f1b780: ; ImmutableOopMap {rax=Oop rsi=Oop [272]=Oop }
                      ;*invokeinterface update {reexecute=0 rethrow=0 return_oop=0}
                      ; - age.of.civilizations2.jakowski.lukasz.CFG::setRender_3@4 (line 844)
                      ; - age.of.civilizations2.jakowski.lukasz.AoCGame::render@882 (line 502)
                      ;   {runtime_call C1 Runtime throw_null_pointer_exception_blob}
  0x00007f4725f1b780: 5305 e859 

  0x00007f4725f1b784: ; ImmutableOopMap {rax=Oop rsi=Oop [272]=Oop }
                      ;*invokeinterface update {reexecute=0 rethrow=0 return_oop=0}
                      ; - age.of.civilizations2.jakowski.lukasz.CFG::setRender_3@4 (line 844)
                      ; - age.of.civilizations2.jakowski.lukasz.AoCGame::render@882 (line 502)
                      ;   {metadata({method} {0x00007f46f065c528} 'update' '(Z)V' in 'age/of/civilizations2/jakowski/lukasz/CFG$1')}
  0x00007f4725f1b784: 6e53 0549 | ba28 c565 | f046 7f00 | 004c 8954 | 2408 48c7 | 0424 ffff 

  0x00007f4725f1b79c: ;   {runtime_call C1 Runtime counter_overflow_blob}
  0x00007f4725f1b79c: ffff e83d 

  0x00007f4725f1b7a0: ; ImmutableOopMap {rax=Oop [272]=Oop }
                      ;*synchronization entry
                      ; - age.of.civilizations2.jakowski.lukasz.CFG$1::update@-1 (line 825)
                      ; - age.of.civilizations2.jakowski.lukasz.CFG::setRender_3@4 (line 844)
                      ; - age.of.civilizations2.jakowski.lukasz.AoCGame::render@882 (line 502)
  0x00007f4725f1b7a0: d253 05e9 | 2eeb ffff 

  0x00007f4725f1b7a8: ;   {metadata({method} {0x00007f46f05da248} 'exceptionStack' '(Ljava/lang/Throwable;)V' in 'age/of/civilizations2/jakowski/lukasz/CFG')}
  0x00007f4725f1b7a8: 49ba 48a2 | 5df0 467f | 0000 4c89 | 5424 0848 | c704 24ff 

  0x00007f4725f1b7bc: ;   {runtime_call C1 Runtime counter_overflow_blob}
  0x00007f4725f1b7bc: ffff ffe8 

  0x00007f4725f1b7c0: ; ImmutableOopMap {rax=Oop [272]=Oop }
                      ;*synchronization entry
                      ; - age.of.civilizations2.jakowski.lukasz.CFG::exceptionStack@-1 (line 6406)
                      ; - age.of.civilizations2.jakowski.lukasz.AoCGame::render@866 (line 496)
  0x00007f4725f1b7c0: 1cd2 5305 | e9d0 ebff 

  0x00007f4725f1b7c8: ;   {metadata({method} {0x00007f46f05cb2a0} 'setRender_3' '(Z)V' in 'age/of/civilizations2/jakowski/lukasz/CFG')}
  0x00007f4725f1b7c8: ff49 baa0 | b25c f046 | 7f00 004c | 8954 2408 | 48c7 0424 | ffff ffff 

  0x00007f4725f1b7e0: ;   {runtime_call C1 Runtime counter_overflow_blob}
  0x00007f4725f1b7e0: e8fb d153 

  0x00007f4725f1b7e4: ; ImmutableOopMap {[272]=Oop }
                      ;*synchronization entry
                      ; - age.of.civilizations2.jakowski.lukasz.CFG::setRender_3@-1 (line 844)
                      ; - age.of.civilizations2.jakowski.lukasz.AoCGame::render@870 (line 499)
  0x00007f4725f1b7e4: 05e9 93ec 

  0x00007f4725f1b7e8: ;   {runtime_call C1 Runtime throw_incompatible_class_change_error_blob}
  0x00007f4725f1b7e8: ffff e8f1 

  0x00007f4725f1b7ec: ; ImmutableOopMap {rax=Oop rsi=Oop [272]=Oop }
                      ;*invokeinterface update {reexecute=0 rethrow=0 return_oop=0}
                      ; - age.of.civilizations2.jakowski.lukasz.CFG::setRender_3@4 (line 844)
                      ; - age.of.civilizations2.jakowski.lukasz.AoCGame::render@870 (line 499)
                      ;   {runtime_call C1 Runtime throw_null_pointer_exception_blob}
  0x00007f4725f1b7ec: 9d53 05e8 

  0x00007f4725f1b7f0: ; ImmutableOopMap {rax=Oop rsi=Oop [272]=Oop }
                      ;*invokeinterface update {reexecute=0 rethrow=0 return_oop=0}
                      ; - age.of.civilizations2.jakowski.lukasz.CFG::setRender_3@4 (line 844)
                      ; - age.of.civilizations2.jakowski.lukasz.AoCGame::render@870 (line 499)
  0x00007f4725f1b7f0: ec6d 5305 

  0x00007f4725f1b7f4: ;   {metadata({method} {0x00007f46f065c528} 'update' '(Z)V' in 'age/of/civilizations2/jakowski/lukasz/CFG$1')}
  0x00007f4725f1b7f4: 49ba 28c5 | 65f0 467f | 0000 4c89 | 5424 0848 | c704 24ff 

  0x00007f4725f1b808: ;   {runtime_call C1 Runtime counter_overflow_blob}
  0x00007f4725f1b808: ffff ffe8 

  0x00007f4725f1b80c: ; ImmutableOopMap {rax=Oop [272]=Oop }
                      ;*synchronization entry
                      ; - age.of.civilizations2.jakowski.lukasz.CFG$1::update@-1 (line 825)
                      ; - age.of.civilizations2.jakowski.lukasz.CFG::setRender_3@4 (line 844)
                      ; - age.of.civilizations2.jakowski.lukasz.AoCGame::render@870 (line 499)
  0x00007f4725f1b80c: d0d1 5305 | e9e9 ecff 

  0x00007f4725f1b814: ;   {metadata({method} {0x00007f46f05da248} 'exceptionStack' '(Ljava/lang/Throwable;)V' in 'age/of/civilizations2/jakowski/lukasz/CFG')}
  0x00007f4725f1b814: ff49 ba48 | a25d f046 | 7f00 004c | 8954 2408 | 48c7 0424 | ffff ffff 

  0x00007f4725f1b82c: ;   {runtime_call C1 Runtime counter_overflow_blob}
  0x00007f4725f1b82c: e8af d153 

  0x00007f4725f1b830: ; ImmutableOopMap {rax=Oop [272]=Oop }
                      ;*synchronization entry
                      ; - age.of.civilizations2.jakowski.lukasz.CFG::exceptionStack@-1 (line 6406)
                      ; - age.of.civilizations2.jakowski.lukasz.AoCGame::render@837 (line 485)
  0x00007f4725f1b830: 05e9 8bed 

  0x00007f4725f1b834: ;   {metadata({method} {0x00007f46f05cb2a0} 'setRender_3' '(Z)V' in 'age/of/civilizations2/jakowski/lukasz/CFG')}
  0x00007f4725f1b834: ffff 49ba | a0b2 5cf0 | 467f 0000 | 4c89 5424 | 0848 c704 | 24ff ffff 

  0x00007f4725f1b84c: ;   {runtime_call C1 Runtime counter_overflow_blob}
  0x00007f4725f1b84c: ffe8 8ed1 

  0x00007f4725f1b850: ; ImmutableOopMap {[272]=Oop }
                      ;*synchronization entry
                      ; - age.of.civilizations2.jakowski.lukasz.CFG::setRender_3@-1 (line 844)
                      ; - age.of.civilizations2.jakowski.lukasz.AoCGame::render@841 (line 488)
  0x00007f4725f1b850: 5305 e94e 

  0x00007f4725f1b854: ;   {runtime_call C1 Runtime throw_incompatible_class_change_error_blob}
  0x00007f4725f1b854: eeff ffe8 

  0x00007f4725f1b858: ; ImmutableOopMap {rsi=Oop rdi=Oop [272]=Oop }
                      ;*invokeinterface update {reexecute=0 rethrow=0 return_oop=0}
                      ; - age.of.civilizations2.jakowski.lukasz.CFG::setRender_3@4 (line 844)
                      ; - age.of.civilizations2.jakowski.lukasz.AoCGame::render@841 (line 488)
  0x00007f4725f1b858: 849d 5305 

  0x00007f4725f1b85c: ;   {runtime_call C1 Runtime throw_null_pointer_exception_blob}
  0x00007f4725f1b85c: e87f 6d53 

  0x00007f4725f1b860: ; ImmutableOopMap {rsi=Oop rdi=Oop [272]=Oop }
                      ;*invokeinterface update {reexecute=0 rethrow=0 return_oop=0}
                      ; - age.of.civilizations2.jakowski.lukasz.CFG::setRender_3@4 (line 844)
                      ; - age.of.civilizations2.jakowski.lukasz.AoCGame::render@841 (line 488)
                      ;   {metadata({method} {0x00007f46f065c528} 'update' '(Z)V' in 'age/of/civilizations2/jakowski/lukasz/CFG$1')}
  0x00007f4725f1b860: 0549 ba28 | c565 f046 | 7f00 004c | 8954 2408 | 48c7 0424 | ffff ffff 

  0x00007f4725f1b878: ;   {runtime_call C1 Runtime counter_overflow_blob}
  0x00007f4725f1b878: e863 d153 

  0x00007f4725f1b87c: ; ImmutableOopMap {rsi=Oop [272]=Oop }
                      ;*synchronization entry
                      ; - age.of.civilizations2.jakowski.lukasz.CFG$1::update@-1 (line 825)
                      ; - age.of.civilizations2.jakowski.lukasz.CFG::setRender_3@4 (line 844)
                      ; - age.of.civilizations2.jakowski.lukasz.AoCGame::render@841 (line 488)
  0x00007f4725f1b87c: 05e9 a4ee 

  0x00007f4725f1b880: ;   {runtime_call C1 Runtime throw_null_pointer_exception_blob}
  0x00007f4725f1b880: ffff e859 

  0x00007f4725f1b884: ; ImmutableOopMap {rsi=Oop rdi=Oop [272]=Oop }
                      ;*invokevirtual end {reexecute=0 rethrow=0 return_oop=0}
                      ; - age.of.civilizations2.jakowski.lukasz.AoCGame::render@848 (line 491)
                      ;   {metadata({method} {0x00007f46f05ca608} 'isDesktop' '()Z' in 'age/of/civilizations2/jakowski/lukasz/CFG')}
  0x00007f4725f1b884: 6d53 0549 | ba08 a65c | f046 7f00 | 004c 8954 | 2408 48c7 | 0424 ffff 

  0x00007f4725f1b89c: ;   {runtime_call C1 Runtime counter_overflow_blob}
  0x00007f4725f1b89c: ffff e83d 

  0x00007f4725f1b8a0: ; ImmutableOopMap {[272]=Oop }
                      ;*synchronization entry
                      ; - age.of.civilizations2.jakowski.lukasz.CFG::isDesktop@-1 (line 674)
                      ; - age.of.civilizations2.jakowski.lukasz.AoCGame::render@921 (line 515)
  0x00007f4725f1b8a0: d153 05e9 | 65ef ffff 

  0x00007f4725f1b8a8: ;   {runtime_call C1 Runtime throw_incompatible_class_change_error_blob}
  0x00007f4725f1b8a8: e833 9d53 

  0x00007f4725f1b8ac: ; ImmutableOopMap {rsi=Oop [272]=Oop }
                      ;*invokeinterface getType {reexecute=0 rethrow=0 return_oop=0}
                      ; - age.of.civilizations2.jakowski.lukasz.CFG::isDesktop@3 (line 674)
                      ; - age.of.civilizations2.jakowski.lukasz.AoCGame::render@921 (line 515)
                      ;   {runtime_call C1 Runtime throw_null_pointer_exception_blob}
  0x00007f4725f1b8ac: 05e8 2e6d 

  0x00007f4725f1b8b0: ; ImmutableOopMap {rsi=Oop [272]=Oop }
                      ;*invokeinterface getType {reexecute=0 rethrow=0 return_oop=0}
                      ; - age.of.civilizations2.jakowski.lukasz.CFG::isDesktop@3 (line 674)
                      ; - age.of.civilizations2.jakowski.lukasz.AoCGame::render@921 (line 515)
                      ;   {metadata({method} {0x00007f46f0418600} 'getType' '()Lcom/badlogic/gdx/Application$ApplicationType;' in 'com/badlogic/gdx/backends/lwjgl/LwjglApplication')}
  0x00007f4725f1b8b0: 5305 49ba | 0086 41f0 | 467f 0000 | 4c89 5424 | 0848 c704 | 24ff ffff 

  0x00007f4725f1b8c8: ;   {runtime_call C1 Runtime counter_overflow_blob}
  0x00007f4725f1b8c8: ffe8 12d1 

  0x00007f4725f1b8cc: ; ImmutableOopMap {[272]=Oop }
                      ;*synchronization entry
                      ; - com.badlogic.gdx.backends.lwjgl.LwjglApplication::getType@-1 (line 296)
                      ; - age.of.civilizations2.jakowski.lukasz.CFG::isDesktop@3 (line 674)
                      ; - age.of.civilizations2.jakowski.lukasz.AoCGame::render@921 (line 515)
  0x00007f4725f1b8cc: 5305 e9b8 

  0x00007f4725f1b8d0: ;   {runtime_call C1 Runtime throw_null_pointer_exception_blob}
  0x00007f4725f1b8d0: efff ffe8 

  0x00007f4725f1b8d4: ; ImmutableOopMap {rsi=Oop rdi=Oop [272]=Oop }
                      ;*invokevirtual begin {reexecute=0 rethrow=0 return_oop=0}
                      ; - age.of.civilizations2.jakowski.lukasz.AoCGame::render@931 (line 516)
  0x00007f4725f1b8d4: 086d 5305 

  0x00007f4725f1b8d8: ;   {runtime_call C1 Runtime throw_null_pointer_exception_blob}
  0x00007f4725f1b8d8: e803 6d53 

  0x00007f4725f1b8dc: ; ImmutableOopMap {rsi=Oop rdi=Oop [272]=Oop }
                      ;*invokevirtual end {reexecute=0 rethrow=0 return_oop=0}
                      ; - age.of.civilizations2.jakowski.lukasz.AoCGame::render@945 (line 518)
                      ;   {runtime_call C1 Runtime throw_incompatible_class_change_error_blob}
  0x00007f4725f1b8dc: 05e8 fe9c 

  0x00007f4725f1b8e0: ; ImmutableOopMap {rsi=Oop }
                      ;*invokeinterface update {reexecute=0 rethrow=0 return_oop=0}
                      ; - age.of.civilizations2.jakowski.lukasz.AoCGame::render@952 (line 521)
                      ;   {runtime_call C1 Runtime throw_null_pointer_exception_blob}
  0x00007f4725f1b8e0: 5305 e8f9 

  0x00007f4725f1b8e4: ; ImmutableOopMap {rsi=Oop }
                      ;*invokeinterface update {reexecute=0 rethrow=0 return_oop=0}
                      ; - age.of.civilizations2.jakowski.lukasz.AoCGame::render@952 (line 521)
                      ;   {metadata({method} {0x00007f46f065ca68} 'update' '()V' in 'age/of/civilizations2/jakowski/lukasz/AoCGame$1')}
  0x00007f4725f1b8e4: 6c53 0549 | ba68 ca65 | f046 7f00 | 004c 8954 | 2408 48c7 | 0424 ffff 

  0x00007f4725f1b8fc: ;   {runtime_call C1 Runtime counter_overflow_blob}
  0x00007f4725f1b8fc: ffff e8dd 

  0x00007f4725f1b900: ; ImmutableOopMap {}
                      ;*synchronization entry
                      ; - age.of.civilizations2.jakowski.lukasz.AoCGame$1::update@-1 (line 72)
                      ; - age.of.civilizations2.jakowski.lukasz.AoCGame::render@952 (line 521)
  0x00007f4725f1b900: d053 05e9 | d8f0 ffff 

  0x00007f4725f1b908: ;   {internal_word}
  0x00007f4725f1b908: 49ba e8a9 | f125 477f | 0000 4d89 | 9710 0500 

  0x00007f4725f1b918: ;   {runtime_call SafepointBlob}
  0x00007f4725f1b918: 00e9 42b2 | 4605 498b | 87c0 0500 | 0049 c787 | c005 0000 | 0000 0000 | 49c7 87c8 | 0500 0000 
  0x00007f4725f1b938: 0000 0048 | 81c4 4002 

  0x00007f4725f1b940: ;   {runtime_call C1 Runtime unwind_exception_blob}
  0x00007f4725f1b940: 0000 5de9 | 985d 5305 
[Stub Code]
  0x00007f4725f1b948: ;   {other}
  0x00007f4725f1b948: 0f1f 4400 

  0x00007f4725f1b94c: ;   {static_stub}
  0x00007f4725f1b94c: 0048 bb00 | 0000 0000 

  0x00007f4725f1b954: ;   {runtime_call nmethod}
  0x00007f4725f1b954: 0000 00e9 | fbff ffff 

  0x00007f4725f1b95c: ;   {static_stub}
  0x00007f4725f1b95c: 9048 bb00 | 0000 0000 

  0x00007f4725f1b964: ;   {runtime_call nmethod}
  0x00007f4725f1b964: 0000 00e9 | fbff ffff 

  0x00007f4725f1b96c: ;   {static_stub}
  0x00007f4725f1b96c: 9048 bb00 | 0000 0000 

  0x00007f4725f1b974: ;   {runtime_call nmethod}
  0x00007f4725f1b974: 0000 00e9 | fbff ffff 

  0x00007f4725f1b97c: ;   {static_stub}
  0x00007f4725f1b97c: 9048 bb00 | 0000 0000 

  0x00007f4725f1b984: ;   {runtime_call nmethod}
  0x00007f4725f1b984: 0000 00e9 | fbff ffff 

  0x00007f4725f1b98c: ;   {static_stub}
  0x00007f4725f1b98c: 9048 bb00 | 0000 0000 

  0x00007f4725f1b994: ;   {runtime_call nmethod}
  0x00007f4725f1b994: 0000 00e9 | fbff ffff 

  0x00007f4725f1b99c: ;   {static_stub}
  0x00007f4725f1b99c: 9048 bb00 | 0000 0000 

  0x00007f4725f1b9a4: ;   {runtime_call nmethod}
  0x00007f4725f1b9a4: 0000 00e9 | fbff ffff 

  0x00007f4725f1b9ac: ;   {static_stub}
  0x00007f4725f1b9ac: 9048 bb00 | 0000 0000 

  0x00007f4725f1b9b4: ;   {runtime_call nmethod}
  0x00007f4725f1b9b4: 0000 00e9 | fbff ffff 

  0x00007f4725f1b9bc: ;   {static_stub}
  0x00007f4725f1b9bc: 9048 bb00 | 0000 0000 

  0x00007f4725f1b9c4: ;   {runtime_call nmethod}
  0x00007f4725f1b9c4: 0000 00e9 | fbff ffff 

  0x00007f4725f1b9cc: ;   {static_stub}
  0x00007f4725f1b9cc: 9048 bb00 | 0000 0000 

  0x00007f4725f1b9d4: ;   {runtime_call nmethod}
  0x00007f4725f1b9d4: 0000 00e9 | fbff ffff 

  0x00007f4725f1b9dc: ;   {static_stub}
  0x00007f4725f1b9dc: 9048 bb00 | 0000 0000 

  0x00007f4725f1b9e4: ;   {runtime_call nmethod}
  0x00007f4725f1b9e4: 0000 00e9 | fbff ffff 

  0x00007f4725f1b9ec: ;   {static_stub}
  0x00007f4725f1b9ec: 9048 bb00 | 0000 0000 

  0x00007f4725f1b9f4: ;   {runtime_call nmethod}
  0x00007f4725f1b9f4: 0000 00e9 | fbff ffff 

  0x00007f4725f1b9fc: ;   {static_stub}
  0x00007f4725f1b9fc: 9048 bb00 | 0000 0000 

  0x00007f4725f1ba04: ;   {runtime_call nmethod}
  0x00007f4725f1ba04: 0000 00e9 | fbff ffff 

  0x00007f4725f1ba0c: ;   {static_stub}
  0x00007f4725f1ba0c: 9048 bb00 | 0000 0000 

  0x00007f4725f1ba14: ;   {runtime_call nmethod}
  0x00007f4725f1ba14: 0000 00e9 | fbff ffff 

  0x00007f4725f1ba1c: ;   {static_stub}
  0x00007f4725f1ba1c: 9048 bb00 | 0000 0000 

  0x00007f4725f1ba24: ;   {runtime_call nmethod}
  0x00007f4725f1ba24: 0000 00e9 | fbff ffff 

  0x00007f4725f1ba2c: ;   {static_stub}
  0x00007f4725f1ba2c: 9048 bb00 | 0000 0000 

  0x00007f4725f1ba34: ;   {runtime_call nmethod}
  0x00007f4725f1ba34: 0000 00e9 | fbff ffff 

  0x00007f4725f1ba3c: ;   {static_stub}
  0x00007f4725f1ba3c: 9048 bb00 | 0000 0000 

  0x00007f4725f1ba44: ;   {runtime_call nmethod}
  0x00007f4725f1ba44: 0000 00e9 | fbff ffff 

  0x00007f4725f1ba4c: ;   {static_stub}
  0x00007f4725f1ba4c: 9048 bb00 | 0000 0000 

  0x00007f4725f1ba54: ;   {runtime_call nmethod}
  0x00007f4725f1ba54: 0000 00e9 | fbff ffff 

  0x00007f4725f1ba5c: ;   {static_stub}
  0x00007f4725f1ba5c: 9048 bb00 | 0000 0000 

  0x00007f4725f1ba64: ;   {runtime_call nmethod}
  0x00007f4725f1ba64: 0000 00e9 | fbff ffff 

  0x00007f4725f1ba6c: ;   {static_stub}
  0x00007f4725f1ba6c: 9048 bb00 | 0000 0000 

  0x00007f4725f1ba74: ;   {runtime_call nmethod}
  0x00007f4725f1ba74: 0000 00e9 | fbff ffff 

  0x00007f4725f1ba7c: ;   {static_stub}
  0x00007f4725f1ba7c: 9048 bb00 | 0000 0000 

  0x00007f4725f1ba84: ;   {runtime_call nmethod}
  0x00007f4725f1ba84: 0000 00e9 | fbff ffff 

  0x00007f4725f1ba8c: ;   {static_stub}
  0x00007f4725f1ba8c: 9048 bb00 | 0000 0000 

  0x00007f4725f1ba94: ;   {runtime_call nmethod}
  0x00007f4725f1ba94: 0000 00e9 | fbff ffff 

  0x00007f4725f1ba9c: ;   {static_stub}
  0x00007f4725f1ba9c: 9048 bb00 | 0000 0000 

  0x00007f4725f1baa4: ;   {runtime_call nmethod}
  0x00007f4725f1baa4: 0000 00e9 | fbff ffff 

  0x00007f4725f1baac: ;   {static_stub}
  0x00007f4725f1baac: 9048 bb00 | 0000 0000 

  0x00007f4725f1bab4: ;   {runtime_call nmethod}
  0x00007f4725f1bab4: 0000 00e9 | fbff ffff 

  0x00007f4725f1babc: ;   {static_stub}
  0x00007f4725f1babc: 9048 bb00 | 0000 0000 

  0x00007f4725f1bac4: ;   {runtime_call nmethod}
  0x00007f4725f1bac4: 0000 00e9 | fbff ffff 

  0x00007f4725f1bacc: ;   {static_stub}
  0x00007f4725f1bacc: 9048 bb00 | 0000 0000 

  0x00007f4725f1bad4: ;   {runtime_call nmethod}
  0x00007f4725f1bad4: 0000 00e9 | fbff ffff 

  0x00007f4725f1badc: ;   {static_stub}
  0x00007f4725f1badc: 9048 bb00 | 0000 0000 

  0x00007f4725f1bae4: ;   {runtime_call nmethod}
  0x00007f4725f1bae4: 0000 00e9 | fbff ffff 

  0x00007f4725f1baec: ;   {static_stub}
  0x00007f4725f1baec: 9048 bb00 | 0000 0000 

  0x00007f4725f1baf4: ;   {runtime_call nmethod}
  0x00007f4725f1baf4: 0000 00e9 | fbff ffff 

  0x00007f4725f1bafc: ;   {static_stub}
  0x00007f4725f1bafc: 9048 bb00 | 0000 0000 

  0x00007f4725f1bb04: ;   {runtime_call nmethod}
  0x00007f4725f1bb04: 0000 00e9 | fbff ffff 

  0x00007f4725f1bb0c: ;   {static_stub}
  0x00007f4725f1bb0c: 9048 bb00 | 0000 0000 

  0x00007f4725f1bb14: ;   {runtime_call nmethod}
  0x00007f4725f1bb14: 0000 00e9 | fbff ffff 

  0x00007f4725f1bb1c: ;   {static_stub}
  0x00007f4725f1bb1c: 9048 bb00 | 0000 0000 

  0x00007f4725f1bb24: ;   {runtime_call nmethod}
  0x00007f4725f1bb24: 0000 00e9 | fbff ffff 

  0x00007f4725f1bb2c: ;   {static_stub}
  0x00007f4725f1bb2c: 9048 bb00 | 0000 0000 

  0x00007f4725f1bb34: ;   {runtime_call nmethod}
  0x00007f4725f1bb34: 0000 00e9 | fbff ffff 

  0x00007f4725f1bb3c: ;   {static_stub}
  0x00007f4725f1bb3c: 9048 bb00 | 0000 0000 

  0x00007f4725f1bb44: ;   {runtime_call nmethod}
  0x00007f4725f1bb44: 0000 00e9 | fbff ffff 

  0x00007f4725f1bb4c: ;   {static_stub}
  0x00007f4725f1bb4c: 9048 bb00 | 0000 0000 

  0x00007f4725f1bb54: ;   {runtime_call nmethod}
  0x00007f4725f1bb54: 0000 00e9 | fbff ffff 

  0x00007f4725f1bb5c: ;   {static_stub}
  0x00007f4725f1bb5c: 9048 bb00 | 0000 0000 

  0x00007f4725f1bb64: ;   {runtime_call nmethod}
  0x00007f4725f1bb64: 0000 00e9 | fbff ffff 

  0x00007f4725f1bb6c: ;   {static_stub}
  0x00007f4725f1bb6c: 9048 bb00 | 0000 0000 

  0x00007f4725f1bb74: ;   {runtime_call nmethod}
  0x00007f4725f1bb74: 0000 00e9 | fbff ffff 

  0x00007f4725f1bb7c: ;   {static_stub}
  0x00007f4725f1bb7c: 9048 bb00 | 0000 0000 

  0x00007f4725f1bb84: ;   {runtime_call nmethod}
  0x00007f4725f1bb84: 0000 00e9 | fbff ffff 

  0x00007f4725f1bb8c: ;   {static_stub}
  0x00007f4725f1bb8c: 9048 bb00 | 0000 0000 

  0x00007f4725f1bb94: ;   {runtime_call nmethod}
  0x00007f4725f1bb94: 0000 00e9 | fbff ffff 

  0x00007f4725f1bb9c: ;   {static_stub}
  0x00007f4725f1bb9c: 9048 bb00 | 0000 0000 

  0x00007f4725f1bba4: ;   {runtime_call nmethod}
  0x00007f4725f1bba4: 0000 00e9 | fbff ffff 

  0x00007f4725f1bbac: ;   {static_stub}
  0x00007f4725f1bbac: 9048 bb00 | 0000 0000 

  0x00007f4725f1bbb4: ;   {runtime_call nmethod}
  0x00007f4725f1bbb4: 0000 00e9 | fbff ffff 

  0x00007f4725f1bbbc: ;   {static_stub}
  0x00007f4725f1bbbc: 9048 bb00 | 0000 0000 

  0x00007f4725f1bbc4: ;   {runtime_call nmethod}
  0x00007f4725f1bbc4: 0000 00e9 | fbff ffff 

  0x00007f4725f1bbcc: ;   {static_stub}
  0x00007f4725f1bbcc: 9048 bb00 | 0000 0000 

  0x00007f4725f1bbd4: ;   {runtime_call nmethod}
  0x00007f4725f1bbd4: 0000 00e9 | fbff ffff 

  0x00007f4725f1bbdc: ;   {static_stub}
  0x00007f4725f1bbdc: 9048 bb00 | 0000 0000 

  0x00007f4725f1bbe4: ;   {runtime_call nmethod}
  0x00007f4725f1bbe4: 0000 00e9 | fbff ffff 

  0x00007f4725f1bbec: ;   {static_stub}
  0x00007f4725f1bbec: 9048 bb00 | 0000 0000 

  0x00007f4725f1bbf4: ;   {runtime_call nmethod}
  0x00007f4725f1bbf4: 0000 00e9 | fbff ffff 

  0x00007f4725f1bbfc: ;   {static_stub}
  0x00007f4725f1bbfc: 9048 bb00 | 0000 0000 

  0x00007f4725f1bc04: ;   {runtime_call nmethod}
  0x00007f4725f1bc04: 0000 00e9 | fbff ffff 

  0x00007f4725f1bc0c: ;   {static_stub}
  0x00007f4725f1bc0c: 9048 bb00 | 0000 0000 

  0x00007f4725f1bc14: ;   {runtime_call nmethod}
  0x00007f4725f1bc14: 0000 00e9 | fbff ffff 

  0x00007f4725f1bc1c: ;   {static_stub}
  0x00007f4725f1bc1c: 9048 bb00 | 0000 0000 

  0x00007f4725f1bc24: ;   {runtime_call nmethod}
  0x00007f4725f1bc24: 0000 00e9 | fbff ffff 

  0x00007f4725f1bc2c: ;   {static_stub}
  0x00007f4725f1bc2c: 9048 bb00 | 0000 0000 

  0x00007f4725f1bc34: ;   {runtime_call nmethod}
  0x00007f4725f1bc34: 0000 00e9 | fbff ffff 

  0x00007f4725f1bc3c: ;   {static_stub}
  0x00007f4725f1bc3c: 9048 bb00 | 0000 0000 

  0x00007f4725f1bc44: ;   {runtime_call nmethod}
  0x00007f4725f1bc44: 0000 00e9 | fbff ffff 

  0x00007f4725f1bc4c: ;   {static_stub}
  0x00007f4725f1bc4c: 9048 bb00 | 0000 0000 

  0x00007f4725f1bc54: ;   {runtime_call nmethod}
  0x00007f4725f1bc54: 0000 00e9 | fbff ffff 

  0x00007f4725f1bc5c: ;   {static_stub}
  0x00007f4725f1bc5c: 9048 bb00 | 0000 0000 

  0x00007f4725f1bc64: ;   {runtime_call nmethod}
  0x00007f4725f1bc64: 0000 00e9 | fbff ffff 

  0x00007f4725f1bc6c: ;   {static_stub}
  0x00007f4725f1bc6c: 9048 bb00 | 0000 0000 

  0x00007f4725f1bc74: ;   {runtime_call nmethod}
  0x00007f4725f1bc74: 0000 00e9 | fbff ffff 

  0x00007f4725f1bc7c: ;   {static_stub}
  0x00007f4725f1bc7c: 9048 bb00 | 0000 0000 

  0x00007f4725f1bc84: ;   {runtime_call nmethod}
  0x00007f4725f1bc84: 0000 00e9 | fbff ffff 

  0x00007f4725f1bc8c: ;   {static_stub}
  0x00007f4725f1bc8c: 9048 bb00 | 0000 0000 

  0x00007f4725f1bc94: ;   {runtime_call nmethod}
  0x00007f4725f1bc94: 0000 00e9 | fbff ffff 

  0x00007f4725f1bc9c: ;   {static_stub}
  0x00007f4725f1bc9c: 9048 bb00 | 0000 0000 

  0x00007f4725f1bca4: ;   {runtime_call nmethod}
  0x00007f4725f1bca4: 0000 00e9 | fbff ffff 

  0x00007f4725f1bcac: ;   {static_stub}
  0x00007f4725f1bcac: 9048 bb00 | 0000 0000 

  0x00007f4725f1bcb4: ;   {runtime_call nmethod}
  0x00007f4725f1bcb4: 0000 00e9 | fbff ffff 

  0x00007f4725f1bcbc: ;   {static_stub}
  0x00007f4725f1bcbc: 9048 bb00 | 0000 0000 

  0x00007f4725f1bcc4: ;   {runtime_call nmethod}
  0x00007f4725f1bcc4: 0000 00e9 | fbff ffff 

  0x00007f4725f1bccc: ;   {static_stub}
  0x00007f4725f1bccc: 9048 bb00 | 0000 0000 

  0x00007f4725f1bcd4: ;   {runtime_call nmethod}
  0x00007f4725f1bcd4: 0000 00e9 | fbff ffff 

  0x00007f4725f1bcdc: ;   {static_stub}
  0x00007f4725f1bcdc: 9048 bb00 | 0000 0000 

  0x00007f4725f1bce4: ;   {runtime_call nmethod}
  0x00007f4725f1bce4: 0000 00e9 | fbff ffff 

  0x00007f4725f1bcec: ;   {static_stub}
  0x00007f4725f1bcec: 9048 bb00 | 0000 0000 

  0x00007f4725f1bcf4: ;   {runtime_call nmethod}
  0x00007f4725f1bcf4: 0000 00e9 | fbff ffff 

  0x00007f4725f1bcfc: ;   {static_stub}
  0x00007f4725f1bcfc: 9048 bb00 | 0000 0000 

  0x00007f4725f1bd04: ;   {runtime_call nmethod}
  0x00007f4725f1bd04: 0000 00e9 | fbff ffff 

  0x00007f4725f1bd0c: ;   {static_stub}
  0x00007f4725f1bd0c: 48bb 0000 | 0000 0000 

  0x00007f4725f1bd14: ;   {runtime_call nmethod}
  0x00007f4725f1bd14: 0000 e9fb 

  0x00007f4725f1bd18: ;   {static_stub}
  0x00007f4725f1bd18: ffff ff48 | bb00 0000 | 0000 0000 

  0x00007f4725f1bd24: ;   {runtime_call nmethod}
  0x00007f4725f1bd24: 00e9 fbff 

  0x00007f4725f1bd28: ;   {static_stub}
  0x00007f4725f1bd28: ffff 48bb | 0000 0000 | 0000 0000 

  0x00007f4725f1bd34: ;   {runtime_call nmethod}
  0x00007f4725f1bd34: e9fb ffff 

  0x00007f4725f1bd38: ;   {static_stub}
  0x00007f4725f1bd38: ff48 bb00 | 0000 0000 

  0x00007f4725f1bd40: ;   {runtime_call nmethod}
  0x00007f4725f1bd40: 0000 00e9 | fbff ffff 

  0x00007f4725f1bd48: ;   {static_stub}
  0x00007f4725f1bd48: 48bb 0000 | 0000 0000 

  0x00007f4725f1bd50: ;   {runtime_call nmethod}
  0x00007f4725f1bd50: 0000 e9fb 

  0x00007f4725f1bd54: ;   {static_stub}
  0x00007f4725f1bd54: ffff ff48 | bb00 0000 | 0000 0000 

  0x00007f4725f1bd60: ;   {runtime_call nmethod}
  0x00007f4725f1bd60: 00e9 fbff 

  0x00007f4725f1bd64: ;   {static_stub}
  0x00007f4725f1bd64: ffff 48bb | 0000 0000 | 0000 0000 

  0x00007f4725f1bd70: ;   {runtime_call nmethod}
  0x00007f4725f1bd70: e9fb ffff 

  0x00007f4725f1bd74: ;   {static_stub}
  0x00007f4725f1bd74: ff48 bbc8 | 45ca f046 

  0x00007f4725f1bd7c: ;   {runtime_call I2C/C2I adapters}
  0x00007f4725f1bd7c: 7f00 00e9 | 2df7 4605 

  0x00007f4725f1bd84: ;   {static_stub}
  0x00007f4725f1bd84: 48bb 30c6 | 6df0 467f 

  0x00007f4725f1bd8c: ;   {runtime_call I2C/C2I adapters}
  0x00007f4725f1bd8c: 0000 e99f 

  0x00007f4725f1bd90: ;   {static_stub}
  0x00007f4725f1bd90: a146 0548 | bb00 0000 | 0000 0000 

  0x00007f4725f1bd9c: ;   {runtime_call nmethod}
  0x00007f4725f1bd9c: 00e9 fbff 

  0x00007f4725f1bda0: ;   {static_stub}
  0x00007f4725f1bda0: ffff 48bb | 0000 0000 | 0000 0000 

  0x00007f4725f1bdac: ;   {runtime_call nmethod}
  0x00007f4725f1bdac: e9fb ffff 

  0x00007f4725f1bdb0: ;   {static_stub}
  0x00007f4725f1bdb0: ff48 bb00 | 0000 0000 

  0x00007f4725f1bdb8: ;   {runtime_call nmethod}
  0x00007f4725f1bdb8: 0000 00e9 | fbff ffff 

  0x00007f4725f1bdc0: ;   {static_stub}
  0x00007f4725f1bdc0: 48bb 0000 | 0000 0000 

  0x00007f4725f1bdc8: ;   {runtime_call nmethod}
  0x00007f4725f1bdc8: 0000 e9fb 

  0x00007f4725f1bdcc: ;   {static_stub}
  0x00007f4725f1bdcc: ffff ff48 | bb00 0000 | 0000 0000 

  0x00007f4725f1bdd8: ;   {runtime_call nmethod}
  0x00007f4725f1bdd8: 00e9 fbff 

  0x00007f4725f1bddc: ;   {static_stub}
  0x00007f4725f1bddc: ffff 48bb | 0000 0000 | 0000 0000 

  0x00007f4725f1bde8: ;   {runtime_call nmethod}
  0x00007f4725f1bde8: e9fb ffff 

  0x00007f4725f1bdec: ;   {static_stub}
  0x00007f4725f1bdec: ff48 bb00 | 0000 0000 

  0x00007f4725f1bdf4: ;   {runtime_call nmethod}
  0x00007f4725f1bdf4: 0000 00e9 | fbff ffff 

  0x00007f4725f1bdfc: ;   {static_stub}
  0x00007f4725f1bdfc: 48bb 0000 | 0000 0000 

  0x00007f4725f1be04: ;   {runtime_call nmethod}
  0x00007f4725f1be04: 0000 e9fb 

  0x00007f4725f1be08: ;   {static_stub}
  0x00007f4725f1be08: ffff ff48 | bb00 0000 | 0000 0000 

  0x00007f4725f1be14: ;   {runtime_call nmethod}
  0x00007f4725f1be14: 00e9 fbff 

  0x00007f4725f1be18: ;   {static_stub}
  0x00007f4725f1be18: ffff 48bb | 0000 0000 | 0000 0000 

  0x00007f4725f1be24: ;   {runtime_call nmethod}
  0x00007f4725f1be24: e9fb ffff 

  0x00007f4725f1be28: ;   {static_stub}
  0x00007f4725f1be28: ff48 bb00 | 0000 0000 

  0x00007f4725f1be30: ;   {runtime_call nmethod}
  0x00007f4725f1be30: 0000 00e9 | fbff ffff 
[Exception Handler]
  0x00007f4725f1be38: ;   {runtime_call C1 Runtime handle_exception_from_callee_blob}
  0x00007f4725f1be38: e8a3 8e53 

  0x00007f4725f1be3c: ;   {external_word}
  0x00007f4725f1be3c: 0548 bf5f | e736 4247 | 7f00 0048 

  0x00007f4725f1be48: ;   {runtime_call}
  0x00007f4725f1be48: 83e4 f0e8 | 306c dd1b 

  0x00007f4725f1be50: ;   {runtime_call DeoptimizationBlob}
  0x00007f4725f1be50: f4e8 0ab0 | 4605 ebf9 
[/MachCode]


---------------  P R O C E S S  ---------------

Threads class SMR info:
_java_thread_list=0x00007f46f6ff8870, length=16, elements={
0x00007f473c0e9270, 0x00007f473c0ea3e0, 0x00007f473c0ebef0, 0x00007f473c0ed760,
0x00007f473c0eefc0, 0x00007f473c0f11b0, 0x00007f473c0f2b90, 0x00007f473c0fec70,
0x00007f473c101190, 0x00007f473c1fe410, 0x00007f473c25ecb0, 0x00007f473c260270,
0x00007f473c3058a0, 0x00007f473c018470, 0x00007f46f4cbf180, 0x00007f46ce3bfa30
}

Java Threads: ( => current thread )
  0x00007f473c0e9270 JavaThread "Reference Handler"          daemon [_thread_blocked, id=63996, stack(0x00007f470fafc000,0x00007f470fbfc000) (1024K)]
  0x00007f473c0ea3e0 JavaThread "Finalizer"                  daemon [_thread_blocked, id=63997, stack(0x00007f470f9fb000,0x00007f470fafb000) (1024K)]
  0x00007f473c0ebef0 JavaThread "Signal Dispatcher"          daemon [_thread_blocked, id=63998, stack(0x00007f470f300000,0x00007f470f400000) (1024K)]
  0x00007f473c0ed760 JavaThread "Service Thread"             daemon [_thread_blocked, id=63999, stack(0x00007f470f1ff000,0x00007f470f2ff000) (1024K)]
  0x00007f473c0eefc0 JavaThread "Monitor Deflation Thread"   daemon [_thread_blocked, id=64000, stack(0x00007f470f0fe000,0x00007f470f1fe000) (1024K)]
  0x00007f473c0f11b0 JavaThread "C2 CompilerThread0"         daemon [_thread_in_native, id=64001, stack(0x00007f470effd000,0x00007f470f0fd000) (1024K)]
  0x00007f473c0f2b90 JavaThread "C1 CompilerThread0"         daemon [_thread_blocked, id=64002, stack(0x00007f470eefc000,0x00007f470effc000) (1024K)]
  0x00007f473c0fec70 JavaThread "Notification Thread"        daemon [_thread_blocked, id=64003, stack(0x00007f470edfb000,0x00007f470eefb000) (1024K)]
  0x00007f473c101190 JavaThread "Common-Cleaner"             daemon [_thread_blocked, id=64004, stack(0x00007f470ecfa000,0x00007f470edfa000) (1024K)]
  0x00007f473c1fe410 JavaThread "InnocuousThread-1"          daemon [_thread_blocked, id=64006, stack(0x00007f470eaf8000,0x00007f470ebf8000) (1024K)]
  0x00007f473c25ecb0 JavaThread "Java2D Disposer"            daemon [_thread_blocked, id=64008, stack(0x00007f470da07000,0x00007f470db07000) (1024K)]
  0x00007f473c260270 JavaThread "AWT-XAWT"                   daemon [_thread_in_native, id=64009, stack(0x00007f470d906000,0x00007f470da06000) (1024K)]
=>0x00007f473c3058a0 JavaThread "LWJGL Application"                 [_thread_in_native, id=64013, stack(0x00007f470c094000,0x00007f470c194000) (1024K)]
  0x00007f473c018470 JavaThread "DestroyJavaVM"                     [_thread_blocked, id=63984, stack(0x00007f4740bf8000,0x00007f4740cf8000) (1024K)]
  0x00007f46f4cbf180 JavaThread "Thread-1"                          [_thread_blocked, id=64029, stack(0x00007f470ebf9000,0x00007f470ecf9000) (1024K)]
  0x00007f46ce3bfa30 JavaThread "C2 CompilerThread1"         daemon [_thread_blocked, id=65875, stack(0x00007f46d05ff000,0x00007f46d06ff000) (1024K)]
Total: 16

Other Threads:
  0x00007f473c0e0420 VMThread "VM Thread"                           [id=63995, stack(0x00007f470fbfd000,0x00007f470fcfd000) (1024K)]
  0x00007f473c0ced50 WatcherThread "VM Periodic Task Thread"        [id=63994, stack(0x00007f470fcfe000,0x00007f470fdfe000) (1024K)]
  0x00007f473c066680 WorkerThread "GC Thread#0"                     [id=63985, stack(0x00007f474011a000,0x00007f474021a000) (1024K)]
  0x00007f46f4149d40 WorkerThread "GC Thread#1"                     [id=64007, stack(0x00007f470db08000,0x00007f470dc08000) (1024K)]
  0x00007f46f414da10 WorkerThread "GC Thread#2"                     [id=64017, stack(0x00007f46e7f00000,0x00007f46e8000000) (1024K)]
  0x00007f46f414e400 WorkerThread "GC Thread#3"                     [id=64018, stack(0x00007f46e7dff000,0x00007f46e7eff000) (1024K)]
  0x00007f46f45f6d70 WorkerThread "GC Thread#4"                     [id=64025, stack(0x00007f46d8b00000,0x00007f46d8c00000) (1024K)]
  0x00007f46f46635f0 WorkerThread "GC Thread#5"                     [id=64026, stack(0x00007f46d64fc000,0x00007f46d65fc000) (1024K)]
  0x00007f46f55102a0 WorkerThread "GC Thread#6"                     [id=64035, stack(0x00007f46d58f8000,0x00007f46d59f8000) (1024K)]
  0x00007f46f5b81090 WorkerThread "GC Thread#7"                     [id=64051, stack(0x00007f46d0700000,0x00007f46d0800000) (1024K)]
  0x00007f473c07ec10 ConcurrentGCThread "G1 Main Marker"            [id=63986, stack(0x00007f4740019000,0x00007f4740119000) (1024K)]
  0x00007f473c07fce0 WorkerThread "G1 Conc#0"                       [id=63987, stack(0x00007f473bf00000,0x00007f473c000000) (1024K)]
  0x00007f47100062b0 WorkerThread "G1 Conc#1"                       [id=64030, stack(0x00007f46d5bfb000,0x00007f46d5cfb000) (1024K)]
  0x00007f473c0b6e00 WorkerThread "G1 Refinement Workers#0"         [id=63989, stack(0x00007f470ff00000,0x00007f4710000000) (1024K)]
  0x00007f473c0b5bb0 ConcurrentGCThread "G1 Refine Control"         [id=63988, stack(0x00007f471c0f8000,0x00007f471c1f8000) (1024K)]
  0x00007f473c0b7f10 ConcurrentGCThread "G1 Service"                [id=63990, stack(0x00007f470fdff000,0x00007f470feff000) (1024K)]
Total: 16

Threads with active compile tasks:
C2 CompilerThread0  208637 8579 % !   4       age.of.civilizations2.jakowski.lukasz.Game::build_Leaders @ 361 (1059 bytes)
Total: 1

VM state: not at safepoint (normal execution)

VM Mutex/Monitor currently owned by a thread: None

OutOfMemory and StackOverflow Exception counts:
StackOverflowErrors=4993
LinkageErrors=139

Heap address: 0x000000070c000000, size: 3904 MB, Compressed Oops mode: Zero based, Oop shift amount: 3

CDS archive(s) mapped at: [0x0000000040000000-0x0000000040da7000-0x0000000040da7000), size 14315520, SharedBaseAddress: 0x0000000040000000, ArchiveRelocationMode: 1.
Compressed class space mapped at: 0x0000000041000000-0x0000000081000000, reserved size: 1073741824
UseCompressedClassPointers 1, UseCompactObjectHeaders 0
Narrow klass pointer bits 32, Max shift 3
Narrow klass base: 0x0000000040000000, Narrow klass shift: 0
Encoding Range: [0x0000000040000000 - 0x0000000140000000), (4294967296 bytes)
Klass Range:    [0x0000000040000000 - 0x0000000081000000), (1090519040 bytes)
Klass ID Range:  [8 - 1090519033) (1090519025)
Protection zone: [0x0000000040000000 - 0x0000000040001000), (4096 bytes)

GC Precious Log:
 CardTable entry size: 512
 Card Set container configuration: InlinePtr #cards 4 size 8 Array Of Cards #cards 16 size 48 Howl #buckets 8 coarsen threshold 3686 Howl Bitmap #cards 512 size 80 coarsen threshold 460 Card regions per heap region 1 cards per card region 4096
 CPUs: 12 total, 8 available
 Memory: 15608M
 Large Page Support: Disabled
 NUMA Support: Disabled
 Compressed Oops: Enabled (Zero based)
 Heap Region Size: 2M
 Heap Min Capacity: 8M
 Heap Initial Capacity: 8M
 Heap Max Capacity: 3904M
 Pre-touch: Disabled
 Parallel Workers: 8
 Concurrent Workers: 2
 Concurrent Refinement Workers: 8
 Periodic GC: Disabled

Heap:
 garbage-first heap   total reserved 3997696K, committed 274432K, used 210041K [0x000000070c000000, 0x0000000800000000)
  region size 2M, 71 eden (142M), 2 survivor (4M), 32 old (64M), 0 humongous (0M), 29 free (58M)

Heap Regions: E=young(eden), S=young(survivor), O=old, HS=humongous(starts), HC=humongous(continues), CS=collection set, F=free, TAMS=top-at-mark-start, PB=parsable bottom
|    0|0x000000070c000000, 0x000000070c200000, 0x000000070c200000|100%| O|  |TAMS 0x000000070c000000| PB 0x000000070c000000| Untracked |  0
|    1|0x000000070c200000, 0x000000070c400000, 0x000000070c400000|100%| O|  |TAMS 0x000000070c200000| PB 0x000000070c200000| Untracked |  0
|    2|0x000000070c400000, 0x000000070c600000, 0x000000070c600000|100%| O|  |TAMS 0x000000070c400000| PB 0x000000070c400000| Untracked |  0
|    3|0x000000070c600000, 0x000000070c600000, 0x000000070c800000|  0%| F|  |TAMS 0x000000070c600000| PB 0x000000070c600000| Untracked |  0
|    4|0x000000070c800000, 0x000000070ca00000, 0x000000070ca00000|100%| O|  |TAMS 0x000000070c800000| PB 0x000000070c800000| Untracked |  0
|    5|0x000000070ca00000, 0x000000070cc00000, 0x000000070cc00000|100%| O|  |TAMS 0x000000070ca00000| PB 0x000000070ca00000| Untracked |  0
|    6|0x000000070cc00000, 0x000000070ce00000, 0x000000070ce00000|100%| O|  |TAMS 0x000000070cc00000| PB 0x000000070cc00000| Untracked |  0
|    7|0x000000070ce00000, 0x000000070d000000, 0x000000070d000000|100%| O|  |TAMS 0x000000070ce00000| PB 0x000000070ce00000| Untracked |  0
|    8|0x000000070d000000, 0x000000070d200000, 0x000000070d200000|100%| O|  |TAMS 0x000000070d000000| PB 0x000000070d000000| Untracked |  0
|    9|0x000000070d200000, 0x000000070d400000, 0x000000070d400000|100%| O|  |TAMS 0x000000070d200000| PB 0x000000070d200000| Untracked |  0
|   10|0x000000070d400000, 0x000000070d600000, 0x000000070d600000|100%| O|Cm|TAMS 0x000000070d400000| PB 0x000000070d400000| Complete  |  0
|   11|0x000000070d600000, 0x000000070d800000, 0x000000070d800000|100%| O|  |TAMS 0x000000070d600000| PB 0x000000070d600000| Untracked |  0
|   12|0x000000070d800000, 0x000000070da00000, 0x000000070da00000|100%| O|  |TAMS 0x000000070d800000| PB 0x000000070d800000| Untracked |  0
|   13|0x000000070da00000, 0x000000070dc00000, 0x000000070dc00000|100%| O|  |TAMS 0x000000070da00000| PB 0x000000070da00000| Untracked |  0
|   14|0x000000070dc00000, 0x000000070de00000, 0x000000070de00000|100%| O|  |TAMS 0x000000070dc00000| PB 0x000000070dc00000| Untracked |  0
|   15|0x000000070de00000, 0x000000070e000000, 0x000000070e000000|100%| O|  |TAMS 0x000000070de00000| PB 0x000000070de00000| Untracked |  0
|   16|0x000000070e000000, 0x000000070e200000, 0x000000070e200000|100%| O|  |TAMS 0x000000070e000000| PB 0x000000070e000000| Untracked |  0
|   17|0x000000070e200000, 0x000000070e400000, 0x000000070e400000|100%| O|  |TAMS 0x000000070e200000| PB 0x000000070e200000| Untracked |  0
|   18|0x000000070e400000, 0x000000070e600000, 0x000000070e600000|100%| O|  |TAMS 0x000000070e400000| PB 0x000000070e400000| Untracked |  0
|   19|0x000000070e600000, 0x000000070e800000, 0x000000070e800000|100%| O|  |TAMS 0x000000070e600000| PB 0x000000070e600000| Untracked |  0
|   20|0x000000070e800000, 0x000000070e8b70d0, 0x000000070ea00000| 35%| O|  |TAMS 0x000000070e800000| PB 0x000000070e800000| Untracked |  0
|   21|0x000000070ea00000, 0x000000070ec00000, 0x000000070ec00000|100%| O|  |TAMS 0x000000070ea00000| PB 0x000000070ea00000| Untracked |  0
|   22|0x000000070ec00000, 0x000000070ee00000, 0x000000070ee00000|100%| O|  |TAMS 0x000000070ec00000| PB 0x000000070ec00000| Untracked |  0
|   23|0x000000070ee00000, 0x000000070f000000, 0x000000070f000000|100%| O|  |TAMS 0x000000070ee00000| PB 0x000000070ee00000| Untracked |  0
|   24|0x000000070f000000, 0x000000070f200000, 0x000000070f200000|100%| O|  |TAMS 0x000000070f000000| PB 0x000000070f000000| Untracked |  0
|   25|0x000000070f200000, 0x000000070f400000, 0x000000070f400000|100%| O|  |TAMS 0x000000070f200000| PB 0x000000070f200000| Untracked |  0
|   26|0x000000070f400000, 0x000000070f600000, 0x000000070f600000|100%| O|  |TAMS 0x000000070f400000| PB 0x000000070f400000| Untracked |  0
|   27|0x000000070f600000, 0x000000070f800000, 0x000000070f800000|100%| O|  |TAMS 0x000000070f600000| PB 0x000000070f600000| Untracked |  0
|   28|0x000000070f800000, 0x000000070fa00000, 0x000000070fa00000|100%| O|  |TAMS 0x000000070f800000| PB 0x000000070f800000| Untracked |  0
|   29|0x000000070fa00000, 0x000000070fc00000, 0x000000070fc00000|100%| O|  |TAMS 0x000000070fa00000| PB 0x000000070fa00000| Untracked |  0
|   30|0x000000070fc00000, 0x000000070fe00000, 0x000000070fe00000|100%| O|  |TAMS 0x000000070fc00000| PB 0x000000070fc00000| Untracked |  0
|   31|0x000000070fe00000, 0x0000000710000000, 0x0000000710000000|100%| O|  |TAMS 0x000000070fe00000| PB 0x000000070fe00000| Untracked |  0
|   32|0x0000000710000000, 0x0000000710000000, 0x0000000710200000|  0%| F|  |TAMS 0x0000000710000000| PB 0x0000000710000000| Untracked |  0
|   33|0x0000000710200000, 0x0000000710200000, 0x0000000710400000|  0%| F|  |TAMS 0x0000000710200000| PB 0x0000000710200000| Untracked |  0
|   34|0x0000000710400000, 0x0000000710400000, 0x0000000710600000|  0%| F|  |TAMS 0x0000000710400000| PB 0x0000000710400000| Untracked |  0
|   35|0x0000000710600000, 0x0000000710600000, 0x0000000710800000|  0%| F|  |TAMS 0x0000000710600000| PB 0x0000000710600000| Untracked |  0
|   36|0x0000000710800000, 0x0000000710800000, 0x0000000710a00000|  0%| F|  |TAMS 0x0000000710800000| PB 0x0000000710800000| Untracked |  0
|   37|0x0000000710a00000, 0x0000000710a00000, 0x0000000710c00000|  0%| F|  |TAMS 0x0000000710a00000| PB 0x0000000710a00000| Untracked |  0
|   38|0x0000000710c00000, 0x0000000710c00000, 0x0000000710e00000|  0%| F|  |TAMS 0x0000000710c00000| PB 0x0000000710c00000| Untracked |  0
|   39|0x0000000710e00000, 0x0000000710e00000, 0x0000000711000000|  0%| F|  |TAMS 0x0000000710e00000| PB 0x0000000710e00000| Untracked |  0
|   40|0x0000000711000000, 0x0000000711000000, 0x0000000711200000|  0%| F|  |TAMS 0x0000000711000000| PB 0x0000000711000000| Untracked |  0
|   41|0x0000000711200000, 0x0000000711200000, 0x0000000711400000|  0%| F|  |TAMS 0x0000000711200000| PB 0x0000000711200000| Untracked |  0
|   42|0x0000000711400000, 0x0000000711400000, 0x0000000711600000|  0%| F|  |TAMS 0x0000000711400000| PB 0x0000000711400000| Untracked |  0
|   43|0x0000000711600000, 0x0000000711600000, 0x0000000711800000|  0%| F|  |TAMS 0x0000000711600000| PB 0x0000000711600000| Untracked |  0
|   44|0x0000000711800000, 0x0000000711800000, 0x0000000711a00000|  0%| F|  |TAMS 0x0000000711800000| PB 0x0000000711800000| Untracked |  0
|   45|0x0000000711a00000, 0x0000000711a00000, 0x0000000711c00000|  0%| F|  |TAMS 0x0000000711a00000| PB 0x0000000711a00000| Untracked |  0
|   46|0x0000000711c00000, 0x0000000711c00000, 0x0000000711e00000|  0%| F|  |TAMS 0x0000000711c00000| PB 0x0000000711c00000| Untracked |  0
|   47|0x0000000711e00000, 0x0000000711e00000, 0x0000000712000000|  0%| F|  |TAMS 0x0000000711e00000| PB 0x0000000711e00000| Untracked |  0
|   48|0x0000000712000000, 0x0000000712000000, 0x0000000712200000|  0%| F|  |TAMS 0x0000000712000000| PB 0x0000000712000000| Untracked |  0
|   49|0x0000000712200000, 0x0000000712200000, 0x0000000712400000|  0%| F|  |TAMS 0x0000000712200000| PB 0x0000000712200000| Untracked |  0
|   50|0x0000000712400000, 0x0000000712400000, 0x0000000712600000|  0%| F|  |TAMS 0x0000000712400000| PB 0x0000000712400000| Untracked |  0
|   51|0x0000000712600000, 0x00000007126676d0, 0x0000000712800000| 20%| S|CS|TAMS 0x0000000712600000| PB 0x0000000712600000| Complete  |  0
|   52|0x0000000712800000, 0x0000000712a00000, 0x0000000712a00000|100%| S|CS|TAMS 0x0000000712800000| PB 0x0000000712800000| Complete  |  0
|   53|0x0000000712a00000, 0x0000000712a00000, 0x0000000712c00000|  0%| F|  |TAMS 0x0000000712a00000| PB 0x0000000712a00000| Untracked |  0
|   54|0x0000000712c00000, 0x0000000712c00000, 0x0000000712e00000|  0%| F|  |TAMS 0x0000000712c00000| PB 0x0000000712c00000| Untracked |  0
|   55|0x0000000712e00000, 0x0000000712e00000, 0x0000000713000000|  0%| F|  |TAMS 0x0000000712e00000| PB 0x0000000712e00000| Untracked |  0
|   56|0x0000000713000000, 0x0000000713000000, 0x0000000713200000|  0%| F|  |TAMS 0x0000000713000000| PB 0x0000000713000000| Untracked |  0
|   57|0x0000000713200000, 0x0000000713200000, 0x0000000713400000|  0%| F|  |TAMS 0x0000000713200000| PB 0x0000000713200000| Untracked |  0
|   58|0x0000000713400000, 0x0000000713400000, 0x0000000713600000|  0%| F|  |TAMS 0x0000000713400000| PB 0x0000000713400000| Untracked |  0
|   59|0x0000000713600000, 0x0000000713600000, 0x0000000713800000|  0%| F|  |TAMS 0x0000000713600000| PB 0x0000000713600000| Untracked |  0
|   60|0x0000000713800000, 0x0000000713800000, 0x0000000713a00000|  0%| F|  |TAMS 0x0000000713800000| PB 0x0000000713800000| Untracked |  0
|   61|0x0000000713a00000, 0x0000000713a00000, 0x0000000713c00000|  0%| F|  |TAMS 0x0000000713a00000| PB 0x0000000713a00000| Untracked |  0
|   62|0x0000000713c00000, 0x0000000713e00000, 0x0000000713e00000|100%| E|CS|TAMS 0x0000000713c00000| PB 0x0000000713c00000| Complete  |  0
|   63|0x0000000713e00000, 0x0000000714000000, 0x0000000714000000|100%| E|CS|TAMS 0x0000000713e00000| PB 0x0000000713e00000| Complete  |  0
|   64|0x0000000714000000, 0x0000000714200000, 0x0000000714200000|100%| E|CS|TAMS 0x0000000714000000| PB 0x0000000714000000| Complete  |  0
|   65|0x0000000714200000, 0x0000000714400000, 0x0000000714400000|100%| E|CS|TAMS 0x0000000714200000| PB 0x0000000714200000| Complete  |  0
|   66|0x0000000714400000, 0x0000000714600000, 0x0000000714600000|100%| E|CS|TAMS 0x0000000714400000| PB 0x0000000714400000| Complete  |  0
|   67|0x0000000714600000, 0x0000000714800000, 0x0000000714800000|100%| E|CS|TAMS 0x0000000714600000| PB 0x0000000714600000| Complete  |  0
|   68|0x0000000714800000, 0x0000000714a00000, 0x0000000714a00000|100%| E|CS|TAMS 0x0000000714800000| PB 0x0000000714800000| Complete  |  0
|   69|0x0000000714a00000, 0x0000000714c00000, 0x0000000714c00000|100%| E|CS|TAMS 0x0000000714a00000| PB 0x0000000714a00000| Complete  |  0
|   70|0x0000000714c00000, 0x0000000714e00000, 0x0000000714e00000|100%| E|CS|TAMS 0x0000000714c00000| PB 0x0000000714c00000| Complete  |  0
|   71|0x0000000714e00000, 0x0000000715000000, 0x0000000715000000|100%| E|CS|TAMS 0x0000000714e00000| PB 0x0000000714e00000| Complete  |  0
|   72|0x0000000715000000, 0x0000000715200000, 0x0000000715200000|100%| E|CS|TAMS 0x0000000715000000| PB 0x0000000715000000| Complete  |  0
|   73|0x0000000715200000, 0x0000000715400000, 0x0000000715400000|100%| E|CS|TAMS 0x0000000715200000| PB 0x0000000715200000| Complete  |  0
|   74|0x0000000715400000, 0x0000000715600000, 0x0000000715600000|100%| E|CS|TAMS 0x0000000715400000| PB 0x0000000715400000| Complete  |  0
|   75|0x0000000715600000, 0x0000000715800000, 0x0000000715800000|100%| E|CS|TAMS 0x0000000715600000| PB 0x0000000715600000| Complete  |  0
|   76|0x0000000715800000, 0x0000000715a00000, 0x0000000715a00000|100%| E|CS|TAMS 0x0000000715800000| PB 0x0000000715800000| Complete  |  0
|   77|0x0000000715a00000, 0x0000000715c00000, 0x0000000715c00000|100%| E|CS|TAMS 0x0000000715a00000| PB 0x0000000715a00000| Complete  |  0
|   78|0x0000000715c00000, 0x0000000715e00000, 0x0000000715e00000|100%| E|CS|TAMS 0x0000000715c00000| PB 0x0000000715c00000| Complete  |  0
|   79|0x0000000715e00000, 0x0000000716000000, 0x0000000716000000|100%| E|CS|TAMS 0x0000000715e00000| PB 0x0000000715e00000| Complete  |  0
|   80|0x0000000716000000, 0x0000000716200000, 0x0000000716200000|100%| E|CS|TAMS 0x0000000716000000| PB 0x0000000716000000| Complete  |  0
|   81|0x0000000716200000, 0x0000000716400000, 0x0000000716400000|100%| E|CS|TAMS 0x0000000716200000| PB 0x0000000716200000| Complete  |  0
|   82|0x0000000716400000, 0x0000000716600000, 0x0000000716600000|100%| E|CS|TAMS 0x0000000716400000| PB 0x0000000716400000| Complete  |  0
|   83|0x0000000716600000, 0x0000000716800000, 0x0000000716800000|100%| E|CS|TAMS 0x0000000716600000| PB 0x0000000716600000| Complete  |  0
|   84|0x0000000716800000, 0x0000000716a00000, 0x0000000716a00000|100%| E|CS|TAMS 0x0000000716800000| PB 0x0000000716800000| Complete  |  0
|   85|0x0000000716a00000, 0x0000000716c00000, 0x0000000716c00000|100%| E|CS|TAMS 0x0000000716a00000| PB 0x0000000716a00000| Complete  |  0
|   86|0x0000000716c00000, 0x0000000716e00000, 0x0000000716e00000|100%| E|CS|TAMS 0x0000000716c00000| PB 0x0000000716c00000| Complete  |  0
|   87|0x0000000716e00000, 0x0000000717000000, 0x0000000717000000|100%| E|CS|TAMS 0x0000000716e00000| PB 0x0000000716e00000| Complete  |  0
|   88|0x0000000717000000, 0x0000000717200000, 0x0000000717200000|100%| E|CS|TAMS 0x0000000717000000| PB 0x0000000717000000| Complete  |  0
|   89|0x0000000717200000, 0x0000000717400000, 0x0000000717400000|100%| E|CS|TAMS 0x0000000717200000| PB 0x0000000717200000| Complete  |  0
|   90|0x0000000717400000, 0x0000000717600000, 0x0000000717600000|100%| E|CS|TAMS 0x0000000717400000| PB 0x0000000717400000| Complete  |  0
|   91|0x0000000717600000, 0x0000000717800000, 0x0000000717800000|100%| E|CS|TAMS 0x0000000717600000| PB 0x0000000717600000| Complete  |  0
|   92|0x0000000717800000, 0x0000000717a00000, 0x0000000717a00000|100%| E|CS|TAMS 0x0000000717800000| PB 0x0000000717800000| Complete  |  0
|   93|0x0000000717a00000, 0x0000000717c00000, 0x0000000717c00000|100%| E|CS|TAMS 0x0000000717a00000| PB 0x0000000717a00000| Complete  |  0
|   94|0x0000000717c00000, 0x0000000717e00000, 0x0000000717e00000|100%| E|CS|TAMS 0x0000000717c00000| PB 0x0000000717c00000| Complete  |  0
|   95|0x0000000717e00000, 0x0000000718000000, 0x0000000718000000|100%| E|CS|TAMS 0x0000000717e00000| PB 0x0000000717e00000| Complete  |  0
|   96|0x0000000718000000, 0x0000000718200000, 0x0000000718200000|100%| E|CS|TAMS 0x0000000718000000| PB 0x0000000718000000| Complete  |  0
|   97|0x0000000718200000, 0x0000000718400000, 0x0000000718400000|100%| E|CS|TAMS 0x0000000718200000| PB 0x0000000718200000| Complete  |  0
|   98|0x0000000718400000, 0x0000000718600000, 0x0000000718600000|100%| E|CS|TAMS 0x0000000718400000| PB 0x0000000718400000| Complete  |  0
|   99|0x0000000718600000, 0x0000000718800000, 0x0000000718800000|100%| E|CS|TAMS 0x0000000718600000| PB 0x0000000718600000| Complete  |  0
|  100|0x0000000718800000, 0x0000000718a00000, 0x0000000718a00000|100%| E|CS|TAMS 0x0000000718800000| PB 0x0000000718800000| Complete  |  0
|  101|0x0000000718a00000, 0x0000000718c00000, 0x0000000718c00000|100%| E|CS|TAMS 0x0000000718a00000| PB 0x0000000718a00000| Complete  |  0
|  102|0x0000000718c00000, 0x0000000718e00000, 0x0000000718e00000|100%| E|CS|TAMS 0x0000000718c00000| PB 0x0000000718c00000| Complete  |  0
|  103|0x0000000718e00000, 0x0000000719000000, 0x0000000719000000|100%| E|CS|TAMS 0x0000000718e00000| PB 0x0000000718e00000| Complete  |  0
|  104|0x0000000719000000, 0x0000000719200000, 0x0000000719200000|100%| E|CS|TAMS 0x0000000719000000| PB 0x0000000719000000| Complete  |  0
|  105|0x0000000719200000, 0x0000000719400000, 0x0000000719400000|100%| E|CS|TAMS 0x0000000719200000| PB 0x0000000719200000| Complete  |  0
|  106|0x0000000719400000, 0x0000000719600000, 0x0000000719600000|100%| E|CS|TAMS 0x0000000719400000| PB 0x0000000719400000| Complete  |  0
|  107|0x0000000719600000, 0x0000000719800000, 0x0000000719800000|100%| E|CS|TAMS 0x0000000719600000| PB 0x0000000719600000| Complete  |  0
|  108|0x0000000719800000, 0x0000000719a00000, 0x0000000719a00000|100%| E|CS|TAMS 0x0000000719800000| PB 0x0000000719800000| Complete  |  0
|  109|0x0000000719a00000, 0x0000000719c00000, 0x0000000719c00000|100%| E|CS|TAMS 0x0000000719a00000| PB 0x0000000719a00000| Complete  |  0
|  110|0x0000000719c00000, 0x0000000719e00000, 0x0000000719e00000|100%| E|CS|TAMS 0x0000000719c00000| PB 0x0000000719c00000| Complete  |  0
|  111|0x0000000719e00000, 0x000000071a000000, 0x000000071a000000|100%| E|CS|TAMS 0x0000000719e00000| PB 0x0000000719e00000| Complete  |  0
|  112|0x000000071a000000, 0x000000071a200000, 0x000000071a200000|100%| E|CS|TAMS 0x000000071a000000| PB 0x000000071a000000| Complete  |  0
|  113|0x000000071a200000, 0x000000071a400000, 0x000000071a400000|100%| E|CS|TAMS 0x000000071a200000| PB 0x000000071a200000| Complete  |  0
|  114|0x000000071a400000, 0x000000071a600000, 0x000000071a600000|100%| E|CS|TAMS 0x000000071a400000| PB 0x000000071a400000| Complete  |  0
|  115|0x000000071a600000, 0x000000071a800000, 0x000000071a800000|100%| E|CS|TAMS 0x000000071a600000| PB 0x000000071a600000| Complete  |  0
|  116|0x000000071a800000, 0x000000071aa00000, 0x000000071aa00000|100%| E|CS|TAMS 0x000000071a800000| PB 0x000000071a800000| Complete  |  0
|  117|0x000000071aa00000, 0x000000071ac00000, 0x000000071ac00000|100%| E|CS|TAMS 0x000000071aa00000| PB 0x000000071aa00000| Complete  |  0
|  118|0x000000071ac00000, 0x000000071ae00000, 0x000000071ae00000|100%| E|CS|TAMS 0x000000071ac00000| PB 0x000000071ac00000| Complete  |  0
|  119|0x000000071ae00000, 0x000000071b000000, 0x000000071b000000|100%| E|CS|TAMS 0x000000071ae00000| PB 0x000000071ae00000| Complete  |  0
|  120|0x000000071b000000, 0x000000071b200000, 0x000000071b200000|100%| E|CS|TAMS 0x000000071b000000| PB 0x000000071b000000| Complete  |  0
|  121|0x000000071b200000, 0x000000071b400000, 0x000000071b400000|100%| E|CS|TAMS 0x000000071b200000| PB 0x000000071b200000| Complete  |  0
|  122|0x000000071b400000, 0x000000071b600000, 0x000000071b600000|100%| E|CS|TAMS 0x000000071b400000| PB 0x000000071b400000| Complete  |  0
|  123|0x000000071b600000, 0x000000071b800000, 0x000000071b800000|100%| E|CS|TAMS 0x000000071b600000| PB 0x000000071b600000| Complete  |  0
|  124|0x000000071b800000, 0x000000071ba00000, 0x000000071ba00000|100%| E|CS|TAMS 0x000000071b800000| PB 0x000000071b800000| Complete  |  0
|  125|0x000000071ba00000, 0x000000071bc00000, 0x000000071bc00000|100%| E|CS|TAMS 0x000000071ba00000| PB 0x000000071ba00000| Complete  |  0
|  126|0x000000071bc00000, 0x000000071be00000, 0x000000071be00000|100%| E|CS|TAMS 0x000000071bc00000| PB 0x000000071bc00000| Complete  |  0
|  127|0x000000071be00000, 0x000000071c000000, 0x000000071c000000|100%| E|CS|TAMS 0x000000071be00000| PB 0x000000071be00000| Complete  |  0
|  128|0x000000071c000000, 0x000000071c200000, 0x000000071c200000|100%| E|CS|TAMS 0x000000071c000000| PB 0x000000071c000000| Complete  |  0
|  129|0x000000071c200000, 0x000000071c400000, 0x000000071c400000|100%| E|CS|TAMS 0x000000071c200000| PB 0x000000071c200000| Complete  |  0
|  130|0x000000071c400000, 0x000000071c600000, 0x000000071c600000|100%| E|CS|TAMS 0x000000071c400000| PB 0x000000071c400000| Complete  |  0
|  131|0x000000071c600000, 0x000000071c800000, 0x000000071c800000|100%| E|CS|TAMS 0x000000071c600000| PB 0x000000071c600000| Complete  |  0
|  132|0x000000071c800000, 0x000000071ca00000, 0x000000071ca00000|100%| E|CS|TAMS 0x000000071c800000| PB 0x000000071c800000| Complete  |  0
| 1950|0x00000007ffc00000, 0x00000007ffe00000, 0x00000007ffe00000|100%| O|  |TAMS 0x00000007ffc00000| PB 0x00000007ffc00000| Untracked |  0

Card table byte_map: [0x00007f4722ebe000,0x00007f472365e000] _byte_map_base: 0x00007f471f65e000
Refinement table byte_map: [0x00007f472271e000,0x00007f4722ebe000] _byte_map_base: 0x00007f471eebe000

Marking Bits: (CMBitMap*) 0x00007f473c0672d0
 Bits: [0x00007f471ea1e000, 0x00007f472271e000)

Polling page: 0x00007f4742a69000

Metaspace:
Metaspace        used 27749K, committed 28160K, reserved 1114112K
 class space     used 2266K, committed 2432K, reserved 1048576K

Usage:
  Non-class:     24,89 MB used.
      Class:      2,21 MB used.
       Both:     27,10 MB used.

Virtual space:
  Non-class space:       64,00 MB reserved,      25,12 MB ( 39%) committed,  1 nodes.
      Class space:        1,00 GB reserved,       2,38 MB ( <1%) committed,  1 nodes.
             Both:        1,06 GB reserved,      27,50 MB (  3%) committed. 

Chunk freelists:
   Non-Class:  6,61 MB
       Class:  13,51 MB
        Both:  20,12 MB

MaxMetaspaceSize: unlimited
CompressedClassSpaceSize: 1,00 GB
Initial GC threshold: 21,00 MB
Current GC threshold: 45,62 MB
CDS: on
 - commit_granule_bytes: 65536.
 - commit_granule_words: 8192.
 - virtual_space_node_default_size: 8388608.
 - enlarge_chunks_in_place: 1.
UseCompressedClassPointers 1, UseCompactObjectHeaders 0
Narrow klass pointer bits 32, Max shift 3
Narrow klass base: 0x0000000040000000, Narrow klass shift: 0
Encoding Range: [0x0000000040000000 - 0x0000000140000000), (4294967296 bytes)
Klass Range:    [0x0000000040000000 - 0x0000000081000000), (1090519040 bytes)
Klass ID Range:  [8 - 1090519033) (1090519025)
Protection zone: [0x0000000040000000 - 0x0000000040001000), (4096 bytes)


Internal statistics:

num_allocs_failed_limit: 3.
num_arena_births: 416.
num_arena_deaths: 0.
num_vsnodes_births: 2.
num_vsnodes_deaths: 0.
num_space_committed: 431.
num_space_uncommitted: 0.
num_chunks_returned_to_freelist: 3.
num_chunks_taken_from_freelist: 1315.
num_chunk_merges: 3.
num_chunk_splits: 935.
num_chunks_enlarged: 678.
num_inconsistent_stats: 0.

CodeHeap 'non-profiled nmethods': size=120032Kb used=6581Kb max_used=13205Kb free=113450Kb
 bounds [0x00007f472b8c8000, 0x00007f472c5b8000, 0x00007f4732e00000]
CodeHeap 'profiled nmethods': size=120032Kb used=9017Kb max_used=34134Kb free=111014Kb
 bounds [0x00007f4723dfe000, 0x00007f4725f5e000, 0x00007f472b336000]
CodeHeap 'non-nmethods': size=5704Kb used=1879Kb max_used=2272Kb free=3824Kb
 bounds [0x00007f472b336000, 0x00007f472b5a6000, 0x00007f472b8c8000]
CodeCache: size=245768Kb, used=17477Kb, max_used=49611Kb, free=228288Kb
 total_blobs=4440, nmethods=3560, adapters=784, full_count=0
Compilation: enabled, stopped_count=0, restarted_count=0

Compilation events (20 events):
Event: 207,431 Thread 0x00007f473c0f11b0 nmethod 8566% 0x00007f472bc90008 code [0x00007f472bc90100, 0x00007f472bca91e8]
Event: 207,501 Thread 0x00007f473c0f2b90 8571       3       age.of.civilizations2.jakowski.lukasz.MenuManager::setVisible_InGame_ProvinceRegroupArmy (83 bytes)
Event: 207,502 Thread 0x00007f473c0f2b90 nmethod 8571 0x00007f47245ce408 code [0x00007f47245ce500, 0x00007f47245cefb0]
Event: 207,502 Thread 0x00007f473c0f2b90 8572       3       age.of.civilizations2.jakowski.lukasz.Menu_InGame_Slider_Regroup::setVisible (21 bytes)
Event: 207,502 Thread 0x00007f473c0f2b90 nmethod 8572 0x00007f4725f04b08 code [0x00007f4725f04c00, 0x00007f4725f04d80]
Event: 207,502 Thread 0x00007f473c0f2b90 8573       3       java.lang.Integer::parseInt (285 bytes)
Event: 207,503 Thread 0x00007f473c0f2b90 nmethod 8573 0x00007f47241bb888 code [0x00007f47241bb980, 0x00007f47241bebf8]
Event: 207,503 Thread 0x00007f473c0f2b90 8574       3       age.of.civilizations2.jakowski.lukasz.Game_Action::getModifiedRevolutionsRisk (64 bytes)
Event: 207,503 Thread 0x00007f473c0f2b90 nmethod 8574 0x00007f47240d4e08 code [0x00007f47240d4f20, 0x00007f47240d5d10]
Event: 207,812 Thread 0x00007f473c0f11b0 8575   !   4       age.of.civilizations2.jakowski.lukasz.PeaceTreaty_Data::prepareProvinceData (7369 bytes)
Event: 207,866 Thread 0x00007f473c0f2b90 8576       3       age.of.civilizations2.jakowski.lukasz.War_GameData::getDefenders_ProvincesLost (208 bytes)
Event: 207,867 Thread 0x00007f473c0f2b90 nmethod 8576 0x00007f47250fa108 code [0x00007f47250fa200, 0x00007f47250fec98]
Event: 207,900 Thread 0x00007f473c0f2b90 8577   !   3       age.of.civilizations2.jakowski.lukasz.Game_Action::moveArmy (927 bytes)
Event: 207,905 Thread 0x00007f473c0f2b90 nmethod 8577 0x00007f4724045088 code [0x00007f4724045180, 0x00007f47240558c0]
Event: 208,168 Thread 0x00007f473c0f2b90 8581       2       age.of.civilizations2.jakowski.lukasz.Leader_GameData::getCivsSize (10 bytes)
Event: 208,168 Thread 0x00007f473c0f2b90 nmethod 8581 0x00007f472510dc88 code [0x00007f472510dd80, 0x00007f472510dea0]
Event: 208,200 Thread 0x00007f473c0f2b90 8582       1       age.of.civilizations2.jakowski.lukasz.LeaderOfCiv_GameData::getYear (5 bytes)
Event: 208,200 Thread 0x00007f473c0f2b90 nmethod 8582 0x00007f472bbf9808 code [0x00007f472bbf9900, 0x00007f472bbf99b0]
Event: 208,210 Thread 0x00007f473c0f2b90 8583       1       age.of.civilizations2.jakowski.lukasz.Leader_GameData::getLeaderOfCiv (5 bytes)
Event: 208,210 Thread 0x00007f473c0f2b90 nmethod 8583 0x00007f472bc00988 code [0x00007f472bc00a80, 0x00007f472bc00b30]

GC Heap Usage History (20 events):
Event: 148,248 {heap Before GC invocations=50 (full 0):
 garbage-first heap   total reserved 3997696K, committed 301056K, used 243228K [0x000000070c000000, 0x0000000800000000)
  region size 2M, 86 eden (172M), 2 survivor (4M), 32 old (64M), 0 humongous (0M), 27 free (54M)
}
Event: 148,253 {heap After GC invocations=51 (full 0):
 garbage-first heap   total reserved 3997696K, committed 274432K, used 67048K [0x000000070c000000, 0x0000000800000000)
  region size 2M, 0 eden (0M), 2 survivor (4M), 32 old (64M), 0 humongous (0M), 100 free (200M)
}
Event: 155,536 {heap Before GC invocations=52 (full 0):
 garbage-first heap   total reserved 3997696K, committed 274432K, used 226792K [0x000000070c000000, 0x0000000800000000)
  region size 2M, 78 eden (156M), 2 survivor (4M), 32 old (64M), 0 humongous (0M), 22 free (44M)
}
Event: 155,540 {heap After GC invocations=53 (full 0):
 garbage-first heap   total reserved 3997696K, committed 274432K, used 67253K [0x000000070c000000, 0x0000000800000000)
  region size 2M, 0 eden (0M), 2 survivor (4M), 33 old (66M), 0 humongous (0M), 99 free (198M)
}
Event: 164,776 {heap Before GC invocations=53 (full 0):
 garbage-first heap   total reserved 3997696K, committed 274432K, used 224949K [0x000000070c000000, 0x0000000800000000)
  region size 2M, 78 eden (156M), 2 survivor (4M), 33 old (66M), 0 humongous (0M), 21 free (42M)
}
Event: 164,779 {heap After GC invocations=54 (full 0):
 garbage-first heap   total reserved 3997696K, committed 274432K, used 67111K [0x000000070c000000, 0x0000000800000000)
  region size 2M, 0 eden (0M), 2 survivor (4M), 32 old (64M), 0 humongous (0M), 100 free (200M)
}
Event: 169,266 {heap Before GC invocations=54 (full 0):
 garbage-first heap   total reserved 3997696K, committed 274432K, used 226855K [0x000000070c000000, 0x0000000800000000)
  region size 2M, 78 eden (156M), 2 survivor (4M), 32 old (64M), 0 humongous (0M), 22 free (44M)
}
Event: 169,270 {heap After GC invocations=55 (full 0):
 garbage-first heap   total reserved 3997696K, committed 274432K, used 67068K [0x000000070c000000, 0x0000000800000000)
  region size 2M, 0 eden (0M), 2 survivor (4M), 32 old (64M), 0 humongous (0M), 100 free (200M)
}
Event: 174,283 {heap Before GC invocations=56 (full 0):
 garbage-first heap   total reserved 3997696K, committed 274432K, used 226812K [0x000000070c000000, 0x0000000800000000)
  region size 2M, 78 eden (156M), 2 survivor (4M), 32 old (64M), 0 humongous (0M), 22 free (44M)
}
Event: 174,285 {heap After GC invocations=57 (full 0):
 garbage-first heap   total reserved 3997696K, committed 274432K, used 67381K [0x000000070c000000, 0x0000000800000000)
  region size 2M, 0 eden (0M), 2 survivor (4M), 32 old (64M), 0 humongous (0M), 100 free (200M)
}
Event: 179,499 {heap Before GC invocations=57 (full 0):
 garbage-first heap   total reserved 3997696K, committed 274432K, used 227125K [0x000000070c000000, 0x0000000800000000)
  region size 2M, 78 eden (156M), 2 survivor (4M), 32 old (64M), 0 humongous (0M), 22 free (44M)
}
Event: 179,502 {heap After GC invocations=58 (full 0):
 garbage-first heap   total reserved 3997696K, committed 274432K, used 66930K [0x000000070c000000, 0x0000000800000000)
  region size 2M, 0 eden (0M), 2 survivor (4M), 32 old (64M), 0 humongous (0M), 100 free (200M)
}
Event: 183,362 {heap Before GC invocations=58 (full 0):
 garbage-first heap   total reserved 3997696K, committed 274432K, used 226674K [0x000000070c000000, 0x0000000800000000)
  region size 2M, 78 eden (156M), 2 survivor (4M), 32 old (64M), 0 humongous (0M), 22 free (44M)
}
Event: 183,366 {heap After GC invocations=59 (full 0):
 garbage-first heap   total reserved 3997696K, committed 274432K, used 67528K [0x000000070c000000, 0x0000000800000000)
  region size 2M, 0 eden (0M), 2 survivor (4M), 32 old (64M), 0 humongous (0M), 100 free (200M)
}
Event: 187,545 {heap Before GC invocations=60 (full 0):
 garbage-first heap   total reserved 3997696K, committed 274432K, used 245704K [0x000000070c000000, 0x0000000800000000)
  region size 2M, 78 eden (156M), 2 survivor (4M), 32 old (64M), 10 humongous (20M), 12 free (24M)
}
Event: 187,547 {heap After GC invocations=61 (full 0):
 garbage-first heap   total reserved 3997696K, committed 274432K, used 67283K [0x000000070c000000, 0x0000000800000000)
  region size 2M, 0 eden (0M), 2 survivor (4M), 32 old (64M), 0 humongous (0M), 100 free (200M)
}
Event: 193,022 {heap Before GC invocations=61 (full 0):
 garbage-first heap   total reserved 3997696K, committed 274432K, used 227027K [0x000000070c000000, 0x0000000800000000)
  region size 2M, 78 eden (156M), 2 survivor (4M), 32 old (64M), 0 humongous (0M), 22 free (44M)
}
Event: 193,026 {heap After GC invocations=62 (full 0):
 garbage-first heap   total reserved 3997696K, committed 274432K, used 66761K [0x000000070c000000, 0x0000000800000000)
  region size 2M, 0 eden (0M), 2 survivor (4M), 32 old (64M), 0 humongous (0M), 100 free (200M)
}
Event: 205,442 {heap Before GC invocations=62 (full 0):
 garbage-first heap   total reserved 3997696K, committed 274432K, used 226505K [0x000000070c000000, 0x0000000800000000)
  region size 2M, 78 eden (156M), 2 survivor (4M), 32 old (64M), 0 humongous (0M), 22 free (44M)
}
Event: 205,450 {heap After GC invocations=63 (full 0):
 garbage-first heap   total reserved 3997696K, committed 274432K, used 66681K [0x000000070c000000, 0x0000000800000000)
  region size 2M, 0 eden (0M), 2 survivor (4M), 32 old (64M), 0 humongous (0M), 100 free (200M)
}

Metaspace Usage History (20 events):
Event: 148,248 {metaspace Before GC invocations=50 (full 0):
 Metaspace       used 27257K, committed 27648K, reserved 1114112K
  class space    used 2252K, committed 2432K, reserved 1048576K
}
Event: 148,253 {metaspace After GC invocations=51 (full 0):
 Metaspace       used 27257K, committed 27648K, reserved 1114112K
  class space    used 2252K, committed 2432K, reserved 1048576K
}
Event: 155,536 {metaspace Before GC invocations=52 (full 0):
 Metaspace       used 27316K, committed 27712K, reserved 1114112K
  class space    used 2252K, committed 2432K, reserved 1048576K
}
Event: 155,540 {metaspace After GC invocations=53 (full 0):
 Metaspace       used 27316K, committed 27712K, reserved 1114112K
  class space    used 2252K, committed 2432K, reserved 1048576K
}
Event: 164,776 {metaspace Before GC invocations=53 (full 0):
 Metaspace       used 27335K, committed 27712K, reserved 1114112K
  class space    used 2252K, committed 2432K, reserved 1048576K
}
Event: 164,779 {metaspace After GC invocations=54 (full 0):
 Metaspace       used 27335K, committed 27712K, reserved 1114112K
  class space    used 2252K, committed 2432K, reserved 1048576K
}
Event: 169,266 {metaspace Before GC invocations=54 (full 0):
 Metaspace       used 27346K, committed 27712K, reserved 1114112K
  class space    used 2252K, committed 2432K, reserved 1048576K
}
Event: 169,270 {metaspace After GC invocations=55 (full 0):
 Metaspace       used 27346K, committed 27712K, reserved 1114112K
  class space    used 2252K, committed 2432K, reserved 1048576K
}
Event: 174,283 {metaspace Before GC invocations=56 (full 0):
 Metaspace       used 27443K, committed 27776K, reserved 1114112K
  class space    used 2252K, committed 2432K, reserved 1048576K
}
Event: 174,285 {metaspace After GC invocations=57 (full 0):
 Metaspace       used 27443K, committed 27776K, reserved 1114112K
  class space    used 2252K, committed 2432K, reserved 1048576K
}
Event: 179,499 {metaspace Before GC invocations=57 (full 0):
 Metaspace       used 27509K, committed 27840K, reserved 1114112K
  class space    used 2258K, committed 2432K, reserved 1048576K
}
Event: 179,502 {metaspace After GC invocations=58 (full 0):
 Metaspace       used 27509K, committed 27840K, reserved 1114112K
  class space    used 2258K, committed 2432K, reserved 1048576K
}
Event: 183,362 {metaspace Before GC invocations=58 (full 0):
 Metaspace       used 27526K, committed 27840K, reserved 1114112K
  class space    used 2260K, committed 2432K, reserved 1048576K
}
Event: 183,366 {metaspace After GC invocations=59 (full 0):
 Metaspace       used 27526K, committed 27840K, reserved 1114112K
  class space    used 2260K, committed 2432K, reserved 1048576K
}
Event: 187,545 {metaspace Before GC invocations=60 (full 0):
 Metaspace       used 27656K, committed 27968K, reserved 1114112K
  class space    used 2266K, committed 2432K, reserved 1048576K
}
Event: 187,547 {metaspace After GC invocations=61 (full 0):
 Metaspace       used 27656K, committed 27968K, reserved 1114112K
  class space    used 2266K, committed 2432K, reserved 1048576K
}
Event: 193,022 {metaspace Before GC invocations=61 (full 0):
 Metaspace       used 27667K, committed 28032K, reserved 1114112K
  class space    used 2266K, committed 2432K, reserved 1048576K
}
Event: 193,026 {metaspace After GC invocations=62 (full 0):
 Metaspace       used 27667K, committed 28032K, reserved 1114112K
  class space    used 2266K, committed 2432K, reserved 1048576K
}
Event: 205,442 {metaspace Before GC invocations=62 (full 0):
 Metaspace       used 27681K, committed 28032K, reserved 1114112K
  class space    used 2266K, committed 2432K, reserved 1048576K
}
Event: 205,450 {metaspace After GC invocations=63 (full 0):
 Metaspace       used 27681K, committed 28032K, reserved 1114112K
  class space    used 2266K, committed 2432K, reserved 1048576K
}

Dll operation events (20 events):
Event: 0,042 Attempting to load shared library /tmp/steamworks4j/1.8.0/libsteam_api.so
Event: 0,042 Loaded shared library /tmp/steamworks4j/1.8.0/libsteam_api.so
Event: 0,044 Attempting to load shared library /tmp/steamworks4j/1.8.0/libsteamworks4j.so
Event: 0,044 Loaded shared library /tmp/steamworks4j/1.8.0/libsteamworks4j.so
Event: 0,054 Attempting to load shared library /tmp/libgdxmirtemir/b793cc16/libgdx64.so
Event: 0,054 Loaded shared library /tmp/libgdxmirtemir/b793cc16/libgdx64.so
Event: 0,066 Attempting to load shared library /usr/lib/jvm/java-26-openjdk/lib/libverify.so
Event: 0,067 Loaded shared library /usr/lib/jvm/java-26-openjdk/lib/libverify.so
Event: 0,074 Attempting to load shared library /usr/lib/jvm/java-26-openjdk/lib/libawt.so
Event: 0,074 Loaded shared library /usr/lib/jvm/java-26-openjdk/lib/libawt.so
Event: 0,076 Attempting to load shared library /usr/lib/jvm/java-26-openjdk/lib/libawt_xawt.so
Event: 0,077 Loaded shared library /usr/lib/jvm/java-26-openjdk/lib/libawt_xawt.so
Event: 0,101 Attempting to load shared library /usr/lib/jvm/java-26-openjdk/lib/libfontmanager.so
Event: 0,106 Loaded shared library /usr/lib/jvm/java-26-openjdk/lib/libfontmanager.so
Event: 0,136 Attempting to load shared library /usr/lib/jvm/java-26-openjdk/lib/libjawt.so
Event: 0,136 Loaded shared library /usr/lib/jvm/java-26-openjdk/lib/libjawt.so
Event: 0,136 Attempting to load shared library /tmp/libgdxmirtemir/31ce78a2/liblwjgl64.so
Event: 0,137 Loaded shared library /tmp/libgdxmirtemir/31ce78a2/liblwjgl64.so
Event: 1,613 Attempting to load shared library /tmp/libgdxmirtemir/125b804a/libgdx-freetype64.so
Event: 1,613 Loaded shared library /tmp/libgdxmirtemir/125b804a/libgdx-freetype64.so

Deoptimization events (20 events):
Event: 206,504 Thread 0x00007f46f7a05f40 Uncommon trap: trap_request=0xffffff95 fr.pc=0x00007f472be6876c relative=0x0000000000004b2c
Event: 206,504 Thread 0x00007f46f7a05f40 Uncommon trap: reason=unreached action=reinterpret pc=0x00007f472be6876c method=age.of.civilizations2.jakowski.lukasz.Civilization_Region.buildDrawData()V @ 270 c2
Event: 206,504 Thread 0x00007f46f7a05f40 DEOPT PACKING pc=0x00007f472be6876c sp=0x00007f46d06fd320
Event: 206,504 Thread 0x00007f46f7a05f40 DEOPT UNPACKING pc=0x00007f472b45b879 sp=0x00007f46d06fd298 mode 2
Event: 206,523 Thread 0x00007f46f7a05f40 DEOPT PACKING pc=0x00007f47241da842 sp=0x00007f46d06fd600
Event: 206,523 Thread 0x00007f46f7a05f40 DEOPT UNPACKING pc=0x00007f472b3872ef sp=0x00007f46d06fcd00 mode 0
Event: 207,887 Thread 0x00007f46ce1ca4b0 Uncommon trap: trap_request=0xffffff45 fr.pc=0x00007f472bc56fc4 relative=0x0000000000004244
Event: 207,887 Thread 0x00007f46ce1ca4b0 Uncommon trap: reason=unstable_if action=reinterpret pc=0x00007f472bc56fc4 method=age.of.civilizations2.jakowski.lukasz.Game_Action.moveArmy(IIIIZZ)Z @ 107 c2
Event: 207,887 Thread 0x00007f46ce1ca4b0 DEOPT PACKING pc=0x00007f472bc56fc4 sp=0x00007f46d06fd530
Event: 207,887 Thread 0x00007f46ce1ca4b0 DEOPT UNPACKING pc=0x00007f472b45b879 sp=0x00007f46d06fd508 mode 2
Event: 207,893 Thread 0x00007f46ce1ca4b0 DEOPT PACKING pc=0x00007f47249b7450 sp=0x00007f46d06fd000
Event: 207,893 Thread 0x00007f46ce1ca4b0 DEOPT UNPACKING pc=0x00007f472b3872ef sp=0x00007f46d06fc760 mode 0
Event: 208,431 Thread 0x00007f46ce1ca4b0 DEOPT PACKING pc=0x00007f47249b76e6 sp=0x00007f46d06fd2b0
Event: 208,431 Thread 0x00007f46ce1ca4b0 DEOPT UNPACKING pc=0x00007f472b3872ef sp=0x00007f46d06fca10 mode 0
Event: 208,445 Thread 0x00007f46ce1ca4b0 DEOPT PACKING pc=0x00007f47249b7450 sp=0x00007f46d06fd230
Event: 208,445 Thread 0x00007f46ce1ca4b0 DEOPT UNPACKING pc=0x00007f472b3872ef sp=0x00007f46d06fc990 mode 0
Event: 208,450 Thread 0x00007f46ce1ca4b0 DEOPT PACKING pc=0x00007f47249b76e6 sp=0x00007f46d06fd2b0
Event: 208,450 Thread 0x00007f46ce1ca4b0 DEOPT UNPACKING pc=0x00007f472b3872ef sp=0x00007f46d06fca10 mode 0
Event: 208,458 Thread 0x00007f46ce1ca4b0 DEOPT PACKING pc=0x00007f47249b7450 sp=0x00007f46d06fd2b0
Event: 208,458 Thread 0x00007f46ce1ca4b0 DEOPT UNPACKING pc=0x00007f472b3872ef sp=0x00007f46d06fca10 mode 0

Classes loaded (20 events):
Event: 10,299 Loading class sun/util/resources/LocaleData$LocaleDataResourceBundleProvider
Event: 10,300 Loading class java/util/spi/ResourceBundleProvider
Event: 10,300 Loading class java/util/spi/ResourceBundleProvider done
Event: 10,300 Loading class sun/util/resources/LocaleData$LocaleDataResourceBundleProvider done
Event: 10,306 Loading class java/math/BigDecimal
Event: 10,307 Loading class java/math/BigDecimal done
Event: 10,307 Loading class java/text/FieldPosition$Delegate
Event: 10,307 Loading class java/text/FieldPosition$Delegate done
Event: 10,307 Loading class java/text/MessageFormat$Field
Event: 10,307 Loading class java/text/MessageFormat$Field done
Event: 10,315 Loading class jdk/internal/math/FormattedFPDecimal
Event: 10,315 Loading class jdk/internal/math/FormattedFPDecimal done
Event: 144,595 Loading class java/lang/Throwable$WrappedPrintStream
Event: 144,598 Loading class java/lang/Throwable$PrintStreamOrWriter
Event: 144,598 Loading class java/lang/Throwable$PrintStreamOrWriter done
Event: 144,598 Loading class java/lang/Throwable$WrappedPrintStream done
Event: 183,503 Loading class java/nio/charset/UnmappableCharacterException
Event: 183,506 Loading class java/nio/charset/UnmappableCharacterException done
Event: 183,507 Loading class java/util/stream/IntStream
Event: 183,509 Loading class java/util/stream/IntStream done

Classes unloaded (0 events):
No events

Classes redefined (0 events):
No events

Internal exceptions (20 events):
Event: 208,169 Thread 0x00007f473c3058a0 Implicit null exception at 0x00007f4725e2c205 to 0x00007f4725e2cfb2
Event: 208,169 Thread 0x00007f473c3058a0 Exception <a 'java/lang/NullPointerException'{0x0000000716e9fb18}> (0x0000000716e9fb18) 
thrown [/usr/src/debug/java-openjdk/jdk26u-jdk-26.0.2-10/src/hotspot/share/runtime/sharedRuntime.cpp, line 732]
Event: 208,170 Thread 0x00007f473c3058a0 Implicit null exception at 0x00007f4725e2c205 to 0x00007f4725e2cfb2
Event: 208,170 Thread 0x00007f473c3058a0 Exception <a 'java/lang/NullPointerException'{0x0000000716ea04b0}> (0x0000000716ea04b0) 
thrown [/usr/src/debug/java-openjdk/jdk26u-jdk-26.0.2-10/src/hotspot/share/runtime/sharedRuntime.cpp, line 732]
Event: 208,170 Thread 0x00007f473c3058a0 Implicit null exception at 0x00007f4725e2c205 to 0x00007f4725e2cfb2
Event: 208,170 Thread 0x00007f473c3058a0 Exception <a 'java/lang/NullPointerException'{0x0000000716ea0eb8}> (0x0000000716ea0eb8) 
thrown [/usr/src/debug/java-openjdk/jdk26u-jdk-26.0.2-10/src/hotspot/share/runtime/sharedRuntime.cpp, line 732]
Event: 208,170 Thread 0x00007f473c3058a0 Implicit null exception at 0x00007f4725e2c205 to 0x00007f4725e2cfb2
Event: 208,170 Thread 0x00007f473c3058a0 Exception <a 'java/lang/NullPointerException'{0x0000000716ea2ab0}> (0x0000000716ea2ab0) 
thrown [/usr/src/debug/java-openjdk/jdk26u-jdk-26.0.2-10/src/hotspot/share/runtime/sharedRuntime.cpp, line 732]
Event: 208,170 Thread 0x00007f473c3058a0 Implicit null exception at 0x00007f4725e27485 to 0x00007f4725e28232
Event: 208,170 Thread 0x00007f473c3058a0 Exception <a 'java/lang/NullPointerException'{0x0000000716ea3608}> (0x0000000716ea3608) 
thrown [/usr/src/debug/java-openjdk/jdk26u-jdk-26.0.2-10/src/hotspot/share/runtime/sharedRuntime.cpp, line 732]
Event: 208,170 Thread 0x00007f473c3058a0 Implicit null exception at 0x00007f4725e2c205 to 0x00007f4725e2cfb2
Event: 208,170 Thread 0x00007f473c3058a0 Exception <a 'java/lang/NullPointerException'{0x0000000716ea4010}> (0x0000000716ea4010) 
thrown [/usr/src/debug/java-openjdk/jdk26u-jdk-26.0.2-10/src/hotspot/share/runtime/sharedRuntime.cpp, line 732]
Event: 208,170 Thread 0x00007f473c3058a0 Implicit null exception at 0x00007f4725e27485 to 0x00007f4725e28232
Event: 208,170 Thread 0x00007f473c3058a0 Exception <a 'java/lang/NullPointerException'{0x0000000716ea4a18}> (0x0000000716ea4a18) 
thrown [/usr/src/debug/java-openjdk/jdk26u-jdk-26.0.2-10/src/hotspot/share/runtime/sharedRuntime.cpp, line 732]
Event: 208,170 Thread 0x00007f473c3058a0 Implicit null exception at 0x00007f4725e2c205 to 0x00007f4725e2cfb2
Event: 208,170 Thread 0x00007f473c3058a0 Exception <a 'java/lang/NullPointerException'{0x0000000716ea53b0}> (0x0000000716ea53b0) 
thrown [/usr/src/debug/java-openjdk/jdk26u-jdk-26.0.2-10/src/hotspot/share/runtime/sharedRuntime.cpp, line 732]
Event: 208,170 Thread 0x00007f473c3058a0 Implicit null exception at 0x00007f4725e2c205 to 0x00007f4725e2cfb2
Event: 208,170 Thread 0x00007f473c3058a0 Exception <a 'java/lang/NullPointerException'{0x0000000716ea5d48}> (0x0000000716ea5d48) 
thrown [/usr/src/debug/java-openjdk/jdk26u-jdk-26.0.2-10/src/hotspot/share/runtime/sharedRuntime.cpp, line 732]
Event: 208,170 Thread 0x00007f473c3058a0 Implicit null exception at 0x00007f4725e2c205 to 0x00007f4725e2cfb2
Event: 208,170 Thread 0x00007f473c3058a0 Exception <a 'java/lang/NullPointerException'{0x0000000716ea6750}> (0x0000000716ea6750) 
thrown [/usr/src/debug/java-openjdk/jdk26u-jdk-26.0.2-10/src/hotspot/share/runtime/sharedRuntime.cpp, line 732]

VM Operations (20 events):
Event: 180,074 Executing non-safepoint VM operation: RendezvousGCThreads
Event: 180,074 Executing non-safepoint VM operation: RendezvousGCThreads done
Event: 183,362 Executing safepoint VM operation: G1CollectForAllocation (G1 Evacuation Pause)
Event: 183,366 Executing safepoint VM operation: G1CollectForAllocation (G1 Evacuation Pause) done
Event: 183,413 Executing safepoint VM operation: G1PauseRemark
Event: 183,418 Executing safepoint VM operation: G1PauseRemark done
Event: 183,439 Executing safepoint VM operation: G1PauseCleanup
Event: 183,439 Executing safepoint VM operation: G1PauseCleanup done
Event: 183,870 Executing non-safepoint VM operation: HandshakeAllThreads (Deoptimize)
Event: 183,870 Executing non-safepoint VM operation: HandshakeAllThreads (Deoptimize) done
Event: 187,545 Executing safepoint VM operation: G1CollectForAllocation (G1 Evacuation Pause)
Event: 187,547 Executing safepoint VM operation: G1CollectForAllocation (G1 Evacuation Pause) done
Event: 193,022 Executing safepoint VM operation: G1CollectForAllocation (G1 Evacuation Pause)
Event: 193,026 Executing safepoint VM operation: G1CollectForAllocation (G1 Evacuation Pause) done
Event: 205,442 Executing safepoint VM operation: G1CollectForAllocation (G1 Evacuation Pause)
Event: 205,450 Executing safepoint VM operation: G1CollectForAllocation (G1 Evacuation Pause) done
Event: 205,490 Executing safepoint VM operation: G1PauseRemark
Event: 205,497 Executing safepoint VM operation: G1PauseRemark done
Event: 205,507 Executing safepoint VM operation: G1PauseCleanup
Event: 205,508 Executing safepoint VM operation: G1PauseCleanup done

Memory protections (20 events):
Event: 208,088 Protecting memory [0x00007f46d0600000,0x00007f46d0603000] with protection modes 0
Event: 208,088 Protecting memory [0x00007f46d0600000,0x00007f46d0603000] with protection modes 3
Event: 208,088 Protecting memory [0x00007f46d0600000,0x00007f46d0603000] with protection modes 0
Event: 208,089 Protecting memory [0x00007f46d0600000,0x00007f46d0603000] with protection modes 3
Event: 208,089 Protecting memory [0x00007f46d0600000,0x00007f46d0603000] with protection modes 0
Event: 208,089 Protecting memory [0x00007f46d0600000,0x00007f46d0603000] with protection modes 3
Event: 208,089 Protecting memory [0x00007f46d0600000,0x00007f46d0603000] with protection modes 0
Event: 208,089 Protecting memory [0x00007f46d0600000,0x00007f46d0603000] with protection modes 3
Event: 208,089 Protecting memory [0x00007f46d0600000,0x00007f46d0603000] with protection modes 0
Event: 208,089 Protecting memory [0x00007f46d0600000,0x00007f46d0603000] with protection modes 3
Event: 208,089 Protecting memory [0x00007f46d0600000,0x00007f46d0603000] with protection modes 0
Event: 208,090 Protecting memory [0x00007f46d0600000,0x00007f46d0603000] with protection modes 3
Event: 208,090 Protecting memory [0x00007f46d0600000,0x00007f46d0603000] with protection modes 0
Event: 208,090 Protecting memory [0x00007f46d0600000,0x00007f46d0603000] with protection modes 3
Event: 208,090 Protecting memory [0x00007f46d0600000,0x00007f46d0603000] with protection modes 0
Event: 208,090 Protecting memory [0x00007f46d0600000,0x00007f46d0603000] with protection modes 3
Event: 208,090 Protecting memory [0x00007f46d0600000,0x00007f46d0603000] with protection modes 0
Event: 208,091 Protecting memory [0x00007f46d0600000,0x00007f46d0603000] with protection modes 3
Event: 208,091 Protecting memory [0x00007f46d0600000,0x00007f46d0603000] with protection modes 0
Event: 208,160 Protecting memory [0x00007f46d05ff000,0x00007f46d0603000] with protection modes 0

Nmethod flushes (20 events):
Event: 205,496 Thread 0x00007f473c0e0420 flushing  nmethod 0x00007f472bad1288
Event: 205,496 Thread 0x00007f473c0e0420 flushing  nmethod 0x00007f472475bb08
Event: 205,496 Thread 0x00007f473c0e0420 flushing  nmethod 0x00007f4724b3fb88
Event: 205,496 Thread 0x00007f473c0e0420 flushing  nmethod 0x00007f4724b4e008
Event: 205,496 Thread 0x00007f473c0e0420 flushing  nmethod 0x00007f4724b4e608
Event: 205,496 Thread 0x00007f473c0e0420 flushing  nmethod 0x00007f4724b4ec08
Event: 205,496 Thread 0x00007f473c0e0420 flushing  nmethod 0x00007f4724b4f088
Event: 205,496 Thread 0x00007f473c0e0420 flushing  nmethod 0x00007f4724b53388
Event: 205,496 Thread 0x00007f473c0e0420 flushing osr nmethod 0x00007f472bc92d08
Event: 205,496 Thread 0x00007f473c0e0420 flushing  nmethod 0x00007f472c3ec808
Event: 205,496 Thread 0x00007f473c0e0420 flushing  nmethod 0x00007f47241bb888
Event: 205,496 Thread 0x00007f473c0e0420 flushing  nmethod 0x00007f4724aff888
Event: 205,496 Thread 0x00007f473c0e0420 flushing  nmethod 0x00007f472c04ff08
Event: 205,496 Thread 0x00007f473c0e0420 flushing  nmethod 0x00007f472c057808
Event: 205,496 Thread 0x00007f473c0e0420 flushing  nmethod 0x00007f472c44cd88
Event: 205,496 Thread 0x00007f473c0e0420 flushing  nmethod 0x00007f4723f5e208
Event: 205,496 Thread 0x00007f473c0e0420 flushing  nmethod 0x00007f4723f66d88
Event: 205,496 Thread 0x00007f473c0e0420 flushing  nmethod 0x00007f4723f9ec08
Event: 205,496 Thread 0x00007f473c0e0420 flushing  nmethod 0x00007f4725ac9608
Event: 205,496 Thread 0x00007f473c0e0420 flushing  nmethod 0x00007f4725ac9908

Events (20 events):
Event: 190,664 Thread 0x00007f46cf79c140 Thread exited: 0x00007f46cf79c140
Event: 192,475 Thread 0x00007f473c3058a0 Thread added: 0x00007f46cf79c140
Event: 193,067 Thread 0x00007f46cf79c140 Thread exited: 0x00007f46cf79c140
Event: 193,117 Thread 0x00007f473c3058a0 Thread added: 0x00007f46cf79c140
Event: 193,192 Thread 0x00007f46cf79c140 Thread exited: 0x00007f46cf79c140
Event: 203,902 Thread 0x00007f473c3058a0 Thread added: 0x00007f46ce3bfa30
Event: 204,415 Thread 0x00007f46ce3bfa30 Thread exited: 0x00007f46ce3bfa30
Event: 204,460 Thread 0x00007f473c3058a0 Thread added: 0x00007f46ce3bfa30
Event: 204,528 Thread 0x00007f46ce3bfa30 Thread exited: 0x00007f46ce3bfa30
Event: 204,935 Thread 0x00007f473c3058a0 Thread added: 0x00007f46ce3bfa30
Event: 205,458 Thread 0x00007f46ce3bfa30 Thread exited: 0x00007f46ce3bfa30
Event: 205,502 Thread 0x00007f473c3058a0 Thread added: 0x00007f46f7a05f40
Event: 205,568 Thread 0x00007f46f7a05f40 Thread exited: 0x00007f46f7a05f40
Event: 205,830 Thread 0x00007f473c3058a0 Thread added: 0x00007f46f7a05f40
Event: 206,402 Thread 0x00007f46f7a05f40 Thread exited: 0x00007f46f7a05f40
Event: 206,449 Thread 0x00007f473c3058a0 Thread added: 0x00007f46f7a05f40
Event: 206,534 Thread 0x00007f46f7a05f40 Thread exited: 0x00007f46f7a05f40
Event: 207,502 Thread 0x00007f473c3058a0 Thread added: 0x00007f46ce1ca4b0
Event: 208,118 Thread 0x00007f46ce1ca4b0 Thread exited: 0x00007f46ce1ca4b0
Event: 208,160 Thread 0x00007f473c3058a0 Thread added: 0x00007f46ce1ca4b0


Dynamic libraries:
40000000-40001000 ---p 00000000 00:00 0 
40001000-40da7000 rw-p 00001000 00:23 2947433                            /usr/lib/jvm/java-26-openjdk/lib/server/classes.jsa
40da7000-41000000 ---p 00000000 00:00 0 
41000000-41040000 rw-p 00000000 00:00 0 
41040000-410c0000 rw-p 00000000 00:00 0 
410c0000-410e0000 rw-p 00000000 00:00 0 
410e0000-41100000 ---p 00000000 00:00 0 
41100000-41280000 rw-p 00000000 00:00 0 
41280000-81000000 ---p 00000000 00:00 0 
70c000000-71ca00000 rw-p 00000000 00:00 0 
71ca00000-7ffc00000 ---p 00000000 00:00 0 
7ffc00000-7ffe00000 rw-p 00000000 00:00 0 
7ffe00000-800000000 ---p 00000000 00:00 0 
55fcbe40a000-55fcbe40b000 r--p 00000000 00:23 2947161                    /usr/lib/jvm/java-26-openjdk/bin/java
55fcbe40b000-55fcbe40c000 r-xp 00001000 00:23 2947161                    /usr/lib/jvm/java-26-openjdk/bin/java
55fcbe40c000-55fcbe40d000 r--p 00002000 00:23 2947161                    /usr/lib/jvm/java-26-openjdk/bin/java
55fcbe40d000-55fcbe40e000 r--p 00002000 00:23 2947161                    /usr/lib/jvm/java-26-openjdk/bin/java
55fcbe40e000-55fcbe40f000 rw-p 00003000 00:23 2947161                    /usr/lib/jvm/java-26-openjdk/bin/java
55fcd4c39000-55fcdc36b000 rw-p 00000000 00:00 0                          [heap]
7f4698000000-7f469bc64000 rw-p 00000000 00:00 0 
7f469bc64000-7f469c000000 ---p 00000000 00:00 0 
7f46a8000000-7f46aabe0000 rw-p 00000000 00:00 0 
7f46aabe0000-7f46ac000000 ---p 00000000 00:00 0 
7f46ac000000-7f46acbdb000 rw-p 00000000 00:00 0 
7f46acbdb000-7f46b0000000 ---p 00000000 00:00 0 
7f46b0000000-7f46b3f88000 rw-p 00000000 00:00 0 
7f46b3f88000-7f46b4000000 ---p 00000000 00:00 0 
7f46b503e000-7f46b523e000 rw-s 1319cf000 00:11 2116                      anon_inode:i915.gem
7f46b523e000-7f46b543e000 rw-s 1317cf000 00:11 2116                      anon_inode:i915.gem
7f46b543e000-7f46b563e000 rw-s 1315cf000 00:11 2116                      anon_inode:i915.gem
7f46b563e000-7f46b5646000 rw-s 1315c7000 00:11 2116                      anon_inode:i915.gem
7f46b564a000-7f46b5652000 rw-s 1315bb000 00:11 2116                      anon_inode:i915.gem
7f46b5652000-7f46b565a000 rw-s 1315b3000 00:11 2116                      anon_inode:i915.gem
7f46b565a000-7f46b585a000 rw-s 1313b3000 00:11 2116                      anon_inode:i915.gem
7f46b5862000-7f46b586a000 rw-s 1313a3000 00:11 2116                      anon_inode:i915.gem
7f46b586a000-7f46b5872000 rw-s 13139b000 00:11 2116                      anon_inode:i915.gem
7f46b5872000-7f46b587a000 rw-s 131393000 00:11 2116                      anon_inode:i915.gem
7f46b587a000-7f46b5882000 rw-s 13138b000 00:11 2116                      anon_inode:i915.gem
7f46b5882000-7f46b58c2000 rw-s 13134b000 00:11 2116                      anon_inode:i915.gem
7f46b58c2000-7f46b5902000 rw-s 13130b000 00:11 2116                      anon_inode:i915.gem
7f46b5902000-7f46b590a000 rw-s 131303000 00:11 2116                      anon_inode:i915.gem
7f46b590a000-7f46b5b0a000 rw-s 131103000 00:11 2116                      anon_inode:i915.gem
7f46b5b0a000-7f46b5b4a000 rw-s 1310c3000 00:11 2116                      anon_inode:i915.gem
7f46b5b4a000-7f46b5b52000 rw-s 1310bb000 00:11 2116                      anon_inode:i915.gem
7f46b5b52000-7f46b5b5a000 rw-s 1310b3000 00:11 2116                      anon_inode:i915.gem
7f46b5b5a000-7f46b5b62000 rw-s 1310ab000 00:11 2116                      anon_inode:i915.gem
7f46b5b62000-7f46b5b6a000 rw-s 1310a3000 00:11 2116                      anon_inode:i915.gem
7f46b5b6a000-7f46b5b72000 rw-s 13109b000 00:11 2116                      anon_inode:i915.gem
7f46b5b72000-7f46b5b7a000 rw-s 131093000 00:11 2116                      anon_inode:i915.gem
7f46b5b7a000-7f46b5b82000 rw-s 13108b000 00:11 2116                      anon_inode:i915.gem
7f46b5b82000-7f46b5b8a000 rw-s 131083000 00:11 2116                      anon_inode:i915.gem
7f46b5b8a000-7f46b5b92000 rw-s 13107b000 00:11 2116                      anon_inode:i915.gem
7f46b5b92000-7f46b5b9a000 rw-s 131073000 00:11 2116                      anon_inode:i915.gem
7f46b5b9a000-7f46b5ba2000 rw-s 13106b000 00:11 2116                      anon_inode:i915.gem
7f46b5ba2000-7f46b5baa000 rw-s 131063000 00:11 2116                      anon_inode:i915.gem
7f46b5baa000-7f46b5bb2000 rw-s 13105b000 00:11 2116                      anon_inode:i915.gem
7f46b5bb2000-7f46b5bba000 rw-s 131053000 00:11 2116                      anon_inode:i915.gem
7f46b5bba000-7f46b5bc2000 rw-s 13104b000 00:11 2116                      anon_inode:i915.gem
7f46b5bc2000-7f46b5bca000 rw-s 131043000 00:11 2116                      anon_inode:i915.gem
7f46b5bca000-7f46b5bd2000 rw-s 13103b000 00:11 2116                      anon_inode:i915.gem
7f46b5bd2000-7f46b5bda000 rw-s 131033000 00:11 2116                      anon_inode:i915.gem
7f46b5bda000-7f46b5be2000 rw-s 13102b000 00:11 2116                      anon_inode:i915.gem
7f46b5be2000-7f46b5bea000 rw-s 131023000 00:11 2116                      anon_inode:i915.gem
7f46b5bea000-7f46b5bf2000 rw-s 13101b000 00:11 2116                      anon_inode:i915.gem
7f46b5bf2000-7f46b5bfa000 rw-s 131013000 00:11 2116                      anon_inode:i915.gem
7f46b5bfa000-7f46b5c02000 rw-s 13100b000 00:11 2116                      anon_inode:i915.gem
7f46b5c02000-7f46b5c0a000 rw-s 131003000 00:11 2116                      anon_inode:i915.gem
7f46b5c0a000-7f46b5c12000 rw-s 130ffb000 00:11 2116                      anon_inode:i915.gem
7f46b5c12000-7f46b5c1a000 rw-s 130ff3000 00:11 2116                      anon_inode:i915.gem
7f46b5c1a000-7f46b5c22000 rw-s 130feb000 00:11 2116                      anon_inode:i915.gem
7f46b5c22000-7f46b5c62000 rw-s 130fab000 00:11 2116                      anon_inode:i915.gem
7f46b5c62000-7f46b5c6a000 rw-s 130fa3000 00:11 2116                      anon_inode:i915.gem
7f46b5c6a000-7f46b5c72000 rw-s 130f9b000 00:11 2116                      anon_inode:i915.gem
7f46b5c72000-7f46b5c7a000 rw-s 130f93000 00:11 2116                      anon_inode:i915.gem
7f46b5c7a000-7f46b5c82000 rw-s 130f8b000 00:11 2116                      anon_inode:i915.gem
7f46b5c82000-7f46b5c8a000 rw-s 130f83000 00:11 2116                      anon_inode:i915.gem
7f46b5c8a000-7f46b5c92000 rw-s 130f7b000 00:11 2116                      anon_inode:i915.gem
7f46b5c92000-7f46b5c9a000 rw-s 130f73000 00:11 2116                      anon_inode:i915.gem
7f46b5c9a000-7f46b5ca2000 rw-s 130f6b000 00:11 2116                      anon_inode:i915.gem
7f46b5ca4000-7f46b5cac000 rw-s 130f61000 00:11 2116                      anon_inode:i915.gem
7f46b5cac000-7f46b5cb4000 rw-s 130f59000 00:11 2116                      anon_inode:i915.gem
7f46b5cb4000-7f46b5cbc000 rw-s 130f51000 00:11 2116                      anon_inode:i915.gem
7f46b5cbc000-7f46b5cc0000 rw-s 130f4d000 00:11 2116                      anon_inode:i915.gem
7f46b5cc2000-7f46b5cca000 rw-s 130f43000 00:11 2116                      anon_inode:i915.gem
7f46b5cca000-7f46b5cd2000 rw-s 130f3b000 00:11 2116                      anon_inode:i915.gem
7f46b5cd2000-7f46b5cda000 rw-s 130f33000 00:11 2116                      anon_inode:i915.gem
7f46b5cda000-7f46b5ce2000 rw-s 130f2b000 00:11 2116                      anon_inode:i915.gem
7f46b5ce2000-7f46b5cea000 rw-s 130f23000 00:11 2116                      anon_inode:i915.gem
7f46b5cea000-7f46b5cee000 rw-s 130f1f000 00:11 2116                      anon_inode:i915.gem
7f46b5cee000-7f46b5cf2000 rw-s 130f1b000 00:11 2116                      anon_inode:i915.gem
7f46b5cf4000-7f46b5cf8000 rw-s 130f15000 00:11 2116                      anon_inode:i915.gem
7f46b5cf8000-7f46b5cfc000 rw-s 130f11000 00:11 2116                      anon_inode:i915.gem
7f46b5cfc000-7f46b5d04000 rw-s 130f09000 00:11 2116                      anon_inode:i915.gem
7f46b5d04000-7f46b5d0c000 rw-s 130f01000 00:11 2116                      anon_inode:i915.gem
7f46b5d0c000-7f46b5d14000 rw-s 130ef9000 00:11 2116                      anon_inode:i915.gem
7f46b5d24000-7f46b5d2c000 rw-s 130ee1000 00:11 2116                      anon_inode:i915.gem
7f46b5d31000-7f46b5d35000 rw-s 130ed9000 00:11 2116                      anon_inode:i915.gem
7f46b5d35000-7f46b5d39000 rw-s 130ed5000 00:11 2116                      anon_inode:i915.gem
7f46b5d39000-7f46b5d3d000 rw-s 130ed1000 00:11 2116                      anon_inode:i915.gem
7f46b5d3e000-7f46b5d46000 rw-s 130ec9000 00:11 2116                      anon_inode:i915.gem
7f46b5d46000-7f46b5d4a000 rw-s 130ec5000 00:11 2116                      anon_inode:i915.gem
7f46b5d4c000-7f46b5d50000 rw-s 130ebf000 00:11 2116                      anon_inode:i915.gem
7f46b5d50000-7f46b5d54000 rw-s 130ebb000 00:11 2116                      anon_inode:i915.gem
7f46b5d54000-7f46b5d5c000 rw-s 130eb3000 00:11 2116                      anon_inode:i915.gem
7f46b5d5c000-7f46b5d60000 rw-s 130eaf000 00:11 2116                      anon_inode:i915.gem
7f46b5d60000-7f46b5d64000 rw-s 130eab000 00:11 2116                      anon_inode:i915.gem
7f46b5d64000-7f46b5d68000 rw-s 130ea7000 00:11 2116                      anon_inode:i915.gem
7f46b5d68000-7f46b5d6c000 rw-s 130ea3000 00:11 2116                      anon_inode:i915.gem
7f46b5d6c000-7f46b5d74000 rw-s 130e9b000 00:11 2116                      anon_inode:i915.gem
7f46b5d74000-7f46b5d78000 rw-s 130e97000 00:11 2116                      anon_inode:i915.gem
7f46b5d78000-7f46b5d80000 rw-s 130e8f000 00:11 2116                      anon_inode:i915.gem
7f46b5d82000-7f46b5d8a000 rw-s 130e85000 00:11 2116                      anon_inode:i915.gem
7f46b5d8a000-7f46b5d8e000 rw-s 130e81000 00:11 2116                      anon_inode:i915.gem
7f46b5d92000-7f46b5d96000 rw-s 130e7b000 00:11 2116                      anon_inode:i915.gem
7f46b5d96000-7f46b5d9a000 rw-s 130e77000 00:11 2116                      anon_inode:i915.gem
7f46b5d9c000-7f46b5f9c000 rw-s 130c77000 00:11 2116                      anon_inode:i915.gem
7f46b5f9c000-7f46b5fa4000 rw-s 130c6f000 00:11 2116                      anon_inode:i915.gem
7f46b5fa4000-7f46b5fac000 rw-s 130c67000 00:11 2116                      anon_inode:i915.gem
7f46b5fac000-7f46b5fb0000 rw-s 130c63000 00:11 2116                      anon_inode:i915.gem
7f46b5fb0000-7f46b5fb8000 rw-s 130c5b000 00:11 2116                      anon_inode:i915.gem
7f46b5fb8000-7f46b5fc0000 rw-s 130c53000 00:11 2116                      anon_inode:i915.gem
7f46b5fc0000-7f46b5fc8000 rw-s 130c4b000 00:11 2116                      anon_inode:i915.gem
7f46b5fc8000-7f46b6008000 rw-s 130c0b000 00:11 2116                      anon_inode:i915.gem
7f46b6008000-7f46b6048000 rw-s 130bcb000 00:11 2116                      anon_inode:i915.gem
7f46b6048000-7f46b6050000 rw-s 130bc3000 00:11 2116                      anon_inode:i915.gem
7f46b6050000-7f46b6058000 rw-s 130bbb000 00:11 2116                      anon_inode:i915.gem
7f46b6058000-7f46b6060000 rw-s 130bb3000 00:11 2116                      anon_inode:i915.gem
7f46b6060000-7f46b6068000 rw-s 130bab000 00:11 2116                      anon_inode:i915.gem
7f46b6068000-7f46b6070000 rw-s 130ba3000 00:11 2116                      anon_inode:i915.gem
7f46b6070000-7f46b6078000 rw-s 130b9b000 00:11 2116                      anon_inode:i915.gem
7f46b6078000-7f46b60b8000 rw-s 130b5b000 00:11 2116                      anon_inode:i915.gem
7f46b60b8000-7f46b60f8000 rw-s 130b1b000 00:11 2116                      anon_inode:i915.gem
7f46b60f8000-7f46b6100000 rw-s 130b13000 00:11 2116                      anon_inode:i915.gem
7f46b6100000-7f46b6108000 rw-s 130b0b000 00:11 2116                      anon_inode:i915.gem
7f46b6108000-7f46b6110000 rw-s 130b03000 00:11 2116                      anon_inode:i915.gem
7f46b6110000-7f46b6118000 rw-s 130afb000 00:11 2116                      anon_inode:i915.gem
7f46b6118000-7f46b6120000 rw-s 130af3000 00:11 2116                      anon_inode:i915.gem
7f46b6120000-7f46b6128000 rw-s 130aeb000 00:11 2116                      anon_inode:i915.gem
7f46b6128000-7f46b6130000 rw-s 130ae3000 00:11 2116                      anon_inode:i915.gem
7f46b6130000-7f46b6138000 rw-s 130adb000 00:11 2116                      anon_inode:i915.gem
7f46b6138000-7f46b6140000 rw-s 130ad3000 00:11 2116                      anon_inode:i915.gem
7f46b6140000-7f46b6180000 rw-s 130a93000 00:11 2116                      anon_inode:i915.gem
7f46b6180000-7f46b61c0000 rw-s 130a53000 00:11 2116                      anon_inode:i915.gem
7f46b61c0000-7f46b6200000 rw-s 130a13000 00:11 2116                      anon_inode:i915.gem
7f46b6200000-7f46b6240000 rw-s 1309d3000 00:11 2116                      anon_inode:i915.gem
7f46b6240000-7f46b6244000 rw-s 1309cf000 00:11 2116                      anon_inode:i915.gem
7f46b6244000-7f46b6248000 rw-s 1309cb000 00:11 2116                      anon_inode:i915.gem
7f46b6248000-7f46b624c000 rw-s 1309c7000 00:11 2116                      anon_inode:i915.gem
7f46b624c000-7f46b6250000 rw-s 1309c3000 00:11 2116                      anon_inode:i915.gem
7f46b6250000-7f46b6258000 rw-s 1309bb000 00:11 2116                      anon_inode:i915.gem
7f46b6258000-7f46b6260000 rw-s 1309b3000 00:11 2116                      anon_inode:i915.gem
7f46b6260000-7f46b6268000 rw-s 1309ab000 00:11 2116                      anon_inode:i915.gem
7f46b6268000-7f46b626c000 rw-s 1309a7000 00:11 2116                      anon_inode:i915.gem
7f46b626c000-7f46b6274000 rw-s 13099f000 00:11 2116                      anon_inode:i915.gem
7f46b6274000-7f46b627c000 rw-s 130997000 00:11 2116                      anon_inode:i915.gem
7f46b627c000-7f46b6280000 rw-s 130993000 00:11 2116                      anon_inode:i915.gem
7f46b6280000-7f46b6284000 rw-s 13098f000 00:11 2116                      anon_inode:i915.gem
7f46b6284000-7f46b628c000 rw-s 130987000 00:11 2116                      anon_inode:i915.gem
7f46b628c000-7f46b6290000 rw-s 130983000 00:11 2116                      anon_inode:i915.gem
7f46b6290000-7f46b6298000 rw-s 13097b000 00:11 2116                      anon_inode:i915.gem
7f46b6298000-7f46b629c000 rw-s 130977000 00:11 2116                      anon_inode:i915.gem
7f46b629c000-7f46b62a0000 rw-s 130973000 00:11 2116                      anon_inode:i915.gem
7f46b62a0000-7f46b62a4000 rw-s 13096f000 00:11 2116                      anon_inode:i915.gem
7f46b62a4000-7f46b62ac000 rw-s 130967000 00:11 2116                      anon_inode:i915.gem
7f46b62ac000-7f46b62b0000 rw-s 130963000 00:11 2116                      anon_inode:i915.gem
7f46b62b0000-7f46b62b8000 rw-s 13095b000 00:11 2116                      anon_inode:i915.gem
7f46b62b8000-7f46b62bc000 rw-s 130957000 00:11 2116                      anon_inode:i915.gem
7f46b62bc000-7f46b62c0000 rw-s 130953000 00:11 2116                      anon_inode:i915.gem
7f46b62c0000-7f46b62c4000 rw-s 13094f000 00:11 2116                      anon_inode:i915.gem
7f46b62c4000-7f46b62c8000 rw-s 13094b000 00:11 2116                      anon_inode:i915.gem
7f46b62c8000-7f46b62cc000 rw-s 130947000 00:11 2116                      anon_inode:i915.gem
7f46b62cc000-7f46b62d0000 rw-s 130943000 00:11 2116                      anon_inode:i915.gem
7f46b62d0000-7f46b62d8000 rw-s 13093b000 00:11 2116                      anon_inode:i915.gem
7f46b62d8000-7f46b62e0000 rw-s 130933000 00:11 2116                      anon_inode:i915.gem
7f46b62e0000-7f46b66e0000 rw-s 130533000 00:11 2116                      anon_inode:i915.gem
7f46b66e0000-7f46b68e0000 rw-s 130333000 00:11 2116                      anon_inode:i915.gem
7f46b68e0000-7f46b6ae0000 rw-s 130133000 00:11 2116                      anon_inode:i915.gem
7f46b6ae0000-7f46b6ce0000 rw-s 12ff33000 00:11 2116                      anon_inode:i915.gem
7f46b6ce0000-7f46b6ee0000 rw-s 12fd33000 00:11 2116                      anon_inode:i915.gem
7f46b6ee0000-7f46b72e0000 rw-s 12f933000 00:11 2116                      anon_inode:i915.gem
7f46b72e0000-7f46b7320000 rw-s 12f8f3000 00:11 2116                      anon_inode:i915.gem
7f46b7320000-7f46b7360000 rw-s 12f8b3000 00:11 2116                      anon_inode:i915.gem
7f46b7360000-7f46b73a0000 rw-s 12f873000 00:11 2116                      anon_inode:i915.gem
7f46b73a0000-7f46b73e0000 rw-s 12f833000 00:11 2116                      anon_inode:i915.gem
7f46b73e0000-7f46b7420000 rw-s 12f7f3000 00:11 2116                      anon_inode:i915.gem
7f46b7420000-7f46b7428000 rw-s 12f7eb000 00:11 2116                      anon_inode:i915.gem
7f46b7428000-7f46b7430000 rw-s 12f7e3000 00:11 2116                      anon_inode:i915.gem
7f46b7430000-7f46b7438000 rw-s 12f7db000 00:11 2116                      anon_inode:i915.gem
7f46b7438000-7f46b743c000 rw-s 12f7d7000 00:11 2116                      anon_inode:i915.gem
7f46b743c000-7f46b7444000 rw-s 12f7cf000 00:11 2116                      anon_inode:i915.gem
7f46b7444000-7f46b744c000 rw-s 12f7c7000 00:11 2116                      anon_inode:i915.gem
7f46b744c000-7f46b7454000 rw-s 12f7bf000 00:11 2116                      anon_inode:i915.gem
7f46b7454000-7f46b7458000 rw-s 12f7bb000 00:11 2116                      anon_inode:i915.gem
7f46b7458000-7f46b745c000 rw-s 12f7b7000 00:11 2116                      anon_inode:i915.gem
7f46b745c000-7f46b7464000 rw-s 12f7af000 00:11 2116                      anon_inode:i915.gem
7f46b7464000-7f46b7468000 rw-s 12f7ab000 00:11 2116                      anon_inode:i915.gem
7f46b7468000-7f46b7470000 rw-s 12f7a3000 00:11 2116                      anon_inode:i915.gem
7f46b7470000-7f46b7478000 rw-s 12f79b000 00:11 2116                      anon_inode:i915.gem
7f46b7478000-7f46b747c000 rw-s 12f797000 00:11 2116                      anon_inode:i915.gem
7f46b747c000-7f46b7480000 rw-s 12f793000 00:11 2116                      anon_inode:i915.gem
7f46b7480000-7f46b7484000 rw-s 12f78f000 00:11 2116                      anon_inode:i915.gem
7f46b7484000-7f46b7488000 rw-s 12f78b000 00:11 2116                      anon_inode:i915.gem
7f46b7488000-7f46b748c000 rw-s 12f787000 00:11 2116                      anon_inode:i915.gem
7f46b748c000-7f46b7494000 rw-s 12f77f000 00:11 2116                      anon_inode:i915.gem
7f46b7494000-7f46b749c000 rw-s 12f777000 00:11 2116                      anon_inode:i915.gem
7f46b749c000-7f46b74a0000 rw-s 12f773000 00:11 2116                      anon_inode:i915.gem
7f46b74a0000-7f46b74a4000 rw-s 12f76f000 00:11 2116                      anon_inode:i915.gem
7f46b74a4000-7f46b74ac000 rw-s 12f767000 00:11 2116                      anon_inode:i915.gem
7f46b74ac000-7f46b74b0000 rw-s 12f763000 00:11 2116                      anon_inode:i915.gem
7f46b74b0000-7f46b74b8000 rw-s 12f75b000 00:11 2116                      anon_inode:i915.gem
7f46b74b8000-7f46b74bc000 rw-s 12f757000 00:11 2116                      anon_inode:i915.gem
7f46b74bc000-7f46b74c0000 rw-s 12f753000 00:11 2116                      anon_inode:i915.gem
7f46b74c0000-7f46b74c4000 rw-s 12f74f000 00:11 2116                      anon_inode:i915.gem
7f46b74c4000-7f46b74cc000 rw-s 12f747000 00:11 2116                      anon_inode:i915.gem
7f46b74cc000-7f46b74d4000 rw-s 12f73f000 00:11 2116                      anon_inode:i915.gem
7f46b74d4000-7f46b74dc000 rw-s 12f737000 00:11 2116                      anon_inode:i915.gem
7f46b74dc000-7f46b74e4000 rw-s 12f72f000 00:11 2116                      anon_inode:i915.gem
7f46b74e4000-7f46b74ec000 rw-s 12f727000 00:11 2116                      anon_inode:i915.gem
7f46b74ec000-7f46b74f0000 rw-s 12f723000 00:11 2116                      anon_inode:i915.gem
7f46b74f0000-7f46b74f8000 rw-s 12f71b000 00:11 2116                      anon_inode:i915.gem
7f46b74f8000-7f46b7538000 rw-s 12f6db000 00:11 2116                      anon_inode:i915.gem
7f46b7538000-7f46b7578000 rw-s 12f69b000 00:11 2116                      anon_inode:i915.gem
7f46b7578000-7f46b7580000 rw-s 12f693000 00:11 2116                      anon_inode:i915.gem
7f46b75a0000-7f46b75a8000 rw-s 12f66b000 00:11 2116                      anon_inode:i915.gem
7f46b75b8000-7f46b75c0000 rw-s 12f653000 00:11 2116                      anon_inode:i915.gem
7f46b75c0000-7f46b75c8000 rw-s 12f64b000 00:11 2116                      anon_inode:i915.gem
7f46b75c8000-7f46b75d0000 rw-s 12f643000 00:11 2116                      anon_inode:i915.gem
7f46b75d0000-7f46b75d8000 rw-s 12f63b000 00:11 2116                      anon_inode:i915.gem
7f46b75d8000-7f46b75e0000 rw-s 12f633000 00:11 2116                      anon_inode:i915.gem
7f46b75e0000-7f46b75e8000 rw-s 12f62b000 00:11 2116                      anon_inode:i915.gem
7f46b75f8000-7f46b7600000 rw-s 12f613000 00:11 2116                      anon_inode:i915.gem
7f46b7600000-7f46b7608000 rw-s 12f60b000 00:11 2116                      anon_inode:i915.gem
7f46b7608000-7f46b7610000 rw-s 12f603000 00:11 2116                      anon_inode:i915.gem
7f46b7610000-7f46b7618000 rw-s 12f5fb000 00:11 2116                      anon_inode:i915.gem
7f46b7638000-7f46b7640000 rw-s 12f5d3000 00:11 2116                      anon_inode:i915.gem
7f46b7660000-7f46b7668000 rw-s 12f5ab000 00:11 2116                      anon_inode:i915.gem
7f46b7678000-7f46b767c000 rw-s 12f597000 00:11 2116                      anon_inode:i915.gem
7f46b768c000-7f46b7694000 rw-s 12f57f000 00:11 2116                      anon_inode:i915.gem
7f46b76a4000-7f46b76ac000 rw-s 12f567000 00:11 2116                      anon_inode:i915.gem
7f46b76fc000-7f46b7704000 rw-s 12f50f000 00:11 2116                      anon_inode:i915.gem
7f46b7704000-7f46b770c000 rw-s 12f507000 00:11 2116                      anon_inode:i915.gem
7f46b770c000-7f46b7714000 rw-s 12f4ff000 00:11 2116                      anon_inode:i915.gem
7f46b7714000-7f46b771c000 rw-s 12f4f7000 00:11 2116                      anon_inode:i915.gem
7f46b771c000-7f46b7724000 rw-s 12f4ef000 00:11 2116                      anon_inode:i915.gem
7f46b7724000-7f46b772c000 rw-s 12f4e7000 00:11 2116                      anon_inode:i915.gem
7f46b772c000-7f46b7734000 rw-s 12f4df000 00:11 2116                      anon_inode:i915.gem
7f46b7734000-7f46b7934000 rw-s 12f2df000 00:11 2116                      anon_inode:i915.gem
7f46b7934000-7f46b7974000 rw-s 12f29f000 00:11 2116                      anon_inode:i915.gem
7f46b7974000-7f46b79b4000 rw-s 12f25f000 00:11 2116                      anon_inode:i915.gem
7f46b79b4000-7f46b79f4000 rw-s 12f21f000 00:11 2116                      anon_inode:i915.gem
7f46b79f4000-7f46b7a34000 rw-s 12f1df000 00:11 2116                      anon_inode:i915.gem
7f46b7a34000-7f46b7a3c000 rw-s 12f1d7000 00:11 2116                      anon_inode:i915.gem
7f46b7a3c000-7f46b7a44000 rw-s 12f1cf000 00:11 2116                      anon_inode:i915.gem
7f46b7a44000-7f46b7a4c000 rw-s 12f1c7000 00:11 2116                      anon_inode:i915.gem
7f46b7a4c000-7f46b7a8c000 rw-s 12f187000 00:11 2116                      anon_inode:i915.gem
7f46b7a8c000-7f46b7acc000 rw-s 12f147000 00:11 2116                      anon_inode:i915.gem
7f46b7acc000-7f46b7b0c000 rw-s 12f107000 00:11 2116                      anon_inode:i915.gem
7f46b7b0c000-7f46b7b4c000 rw-s 12f0c7000 00:11 2116                      anon_inode:i915.gem
7f46b7b4c000-7f46b7b8c000 rw-s 12f087000 00:11 2116                      anon_inode:i915.gem
7f46b7b8c000-7f46b7b90000 rw-s 12f083000 00:11 2116                      anon_inode:i915.gem
7f46b7b90000-7f46b7b98000 rw-s 12f07b000 00:11 2116                      anon_inode:i915.gem
7f46b7b98000-7f46b7b9c000 rw-s 12f077000 00:11 2116                      anon_inode:i915.gem
7f46b7b9c000-7f46b7ba4000 rw-s 12f06f000 00:11 2116                      anon_inode:i915.gem
7f46b7ba4000-7f46b7ba8000 rw-s 12f06b000 00:11 2116                      anon_inode:i915.gem
7f46b7ba8000-7f46b7bb0000 rw-s 12f063000 00:11 2116                      anon_inode:i915.gem
7f46b7bb0000-7f46b7bb8000 rw-s 12f057000 00:11 2116                      anon_inode:i915.gem
7f46b7bb8000-7f46b7bc0000 rw-s 12f04f000 00:11 2116                      anon_inode:i915.gem
7f46b7bc0000-7f46b7bc8000 rw-s 12f047000 00:11 2116                      anon_inode:i915.gem
7f46b7bc8000-7f46b7bd0000 rw-s 12f03f000 00:11 2116                      anon_inode:i915.gem
7f46b7bd0000-7f46b7bd8000 rw-s 12f037000 00:11 2116                      anon_inode:i915.gem
7f46b7bf8000-7f46b7c00000 rw-s 12f00f000 00:11 2116                      anon_inode:i915.gem
7f46b7c00000-7f46b7c08000 rw-s 12f007000 00:11 2116                      anon_inode:i915.gem
7f46b7c08000-7f46b7c10000 rw-s 12efff000 00:11 2116                      anon_inode:i915.gem
7f46b7c10000-7f46b7c18000 rw-s 12eff7000 00:11 2116                      anon_inode:i915.gem
7f46b7c38000-7f46b7c40000 rw-s 12efcf000 00:11 2116                      anon_inode:i915.gem
7f46b7c70000-7f46b7cb0000 rw-s 12ef57000 00:11 2116                      anon_inode:i915.gem
7f46b7cb0000-7f46b7cf0000 rw-s 12ef17000 00:11 2116                      anon_inode:i915.gem
7f46b7f50000-7f46b8150000 rw-s 12eab7000 00:11 2116                      anon_inode:i915.gem
7f46b8150000-7f46b8190000 rw-s 12ea77000 00:11 2116                      anon_inode:i915.gem
7f46b8190000-7f46b8390000 rw-s 12e847000 00:11 2116                      anon_inode:i915.gem
7f46b8390000-7f46b83d0000 rw-s 12e7ff000 00:11 2116                      anon_inode:i915.gem
7f46b83d0000-7f46b8410000 rw-s 12e7b7000 00:11 2116                      anon_inode:i915.gem
7f46b8410000-7f46b8450000 rw-s 12e777000 00:11 2116                      anon_inode:i915.gem
7f46b8450000-7f46b8490000 rw-s 12e737000 00:11 2116                      anon_inode:i915.gem
7f46b8490000-7f46b8690000 rw-s 12e537000 00:11 2116                      anon_inode:i915.gem
7f46b8690000-7f46b8890000 rw-s 12e337000 00:11 2116                      anon_inode:i915.gem
7f46b8890000-7f46b8a90000 rw-s 12e137000 00:11 2116                      anon_inode:i915.gem
7f46b8a90000-7f46b8c90000 rw-s 12df37000 00:11 2116                      anon_inode:i915.gem
7f46b8c90000-7f46b9090000 rw-s 12db37000 00:11 2116                      anon_inode:i915.gem
7f46b9090000-7f46b9290000 rw-s 12d937000 00:11 2116                      anon_inode:i915.gem
7f46b9290000-7f46b9490000 rw-s 12d737000 00:11 2116                      anon_inode:i915.gem
7f46b9490000-7f46b9890000 rw-s 12d337000 00:11 2116                      anon_inode:i915.gem
7f46b9890000-7f46b9a90000 rw-s 12d137000 00:11 2116                      anon_inode:i915.gem
7f46b9a90000-7f46b9c90000 rw-s 12cf37000 00:11 2116                      anon_inode:i915.gem
7f46b9c90000-7f46b9e90000 rw-s 12cd37000 00:11 2116                      anon_inode:i915.gem
7f46b9e90000-7f46ba090000 rw-s 12cb37000 00:11 2116                      anon_inode:i915.gem
7f46ba090000-7f46ba290000 rw-s 12c937000 00:11 2116                      anon_inode:i915.gem
7f46ba290000-7f46ba2d0000 rw-s 12c8f7000 00:11 2116                      anon_inode:i915.gem
7f46ba2d0000-7f46ba310000 rw-s 12c8b7000 00:11 2116                      anon_inode:i915.gem
7f46ba390000-7f46ba3d0000 rw-s 12c7f7000 00:11 2116                      anon_inode:i915.gem
7f46ba3d0000-7f46ba410000 rw-s 12c7b7000 00:11 2116                      anon_inode:i915.gem
7f46ba410000-7f46ba450000 rw-s 12c777000 00:11 2116                      anon_inode:i915.gem
7f46ba450000-7f46ba490000 rw-s 12c737000 00:11 2116                      anon_inode:i915.gem
7f46ba490000-7f46ba690000 rw-s 12c537000 00:11 2116                      anon_inode:i915.gem
7f46ba690000-7f46ba6d0000 rw-s 12c4f7000 00:11 2116                      anon_inode:i915.gem
7f46ba6d0000-7f46ba710000 rw-s 12c4b7000 00:11 2116                      anon_inode:i915.gem
7f46ba710000-7f46ba910000 rw-s 12c2b7000 00:11 2116                      anon_inode:i915.gem
7f46ba910000-7f46bab10000 rw-s 12c0b7000 00:11 2116                      anon_inode:i915.gem
7f46bab10000-7f46bab50000 rw-s 12c077000 00:11 2116                      anon_inode:i915.gem
7f46bab50000-7f46bab90000 rw-s 12c037000 00:11 2116                      anon_inode:i915.gem
7f46baba0000-7f46babe0000 rw-s 12bfe7000 00:11 2116                      anon_inode:i915.gem
7f46bac10000-7f46bac50000 rw-s 12bf77000 00:11 2116                      anon_inode:i915.gem
7f46bac50000-7f46bac90000 rw-s 12bf37000 00:11 2116                      anon_inode:i915.gem
7f46bac90000-7f46bacd0000 rw-s 12bef7000 00:11 2116                      anon_inode:i915.gem
7f46bacd0000-7f46bad10000 rw-s 12beb7000 00:11 2116                      anon_inode:i915.gem
7f46bad20000-7f46bad60000 rw-s 12be57000 00:11 2116                      anon_inode:i915.gem
7f46bad60000-7f46bada0000 rw-s 12be17000 00:11 2116                      anon_inode:i915.gem
7f46bada0000-7f46bafa0000 rw-s 12bc17000 00:11 2116                      anon_inode:i915.gem
7f46bafa0000-7f46bb1a0000 rw-s 12ba17000 00:11 2116                      anon_inode:i915.gem
7f46bb1a0000-7f46bb3a0000 rw-s 12b817000 00:11 2116                      anon_inode:i915.gem
7f46bb3a0000-7f46bb5a0000 rw-s 12b617000 00:11 2116                      anon_inode:i915.gem
7f46bb5a0000-7f46bb7a0000 rw-s 12b417000 00:11 2116                      anon_inode:i915.gem
7f46bb7a0000-7f46bb9a0000 rw-s 12b217000 00:11 2116                      anon_inode:i915.gem
7f46bb9a0000-7f46bb9e0000 rw-s 12b1d7000 00:11 2116                      anon_inode:i915.gem
7f46bb9e0000-7f46bba20000 rw-s 12b197000 00:11 2116                      anon_inode:i915.gem
7f46bba20000-7f46bba60000 rw-s 12b147000 00:11 2116                      anon_inode:i915.gem
7f46bba60000-7f46bbaa0000 rw-s 12b107000 00:11 2116                      anon_inode:i915.gem
7f46bbaa0000-7f46bbca0000 rw-s 12aee7000 00:11 2116                      anon_inode:i915.gem
7f46bbca0000-7f46bbea0000 rw-s 12ace7000 00:11 2116                      anon_inode:i915.gem
7f46bbea0000-7f46bc2a0000 rw-s 12a8e7000 00:11 2116                      anon_inode:i915.gem
7f46bc2a0000-7f46bc4a0000 rw-s 12a6e7000 00:11 2116                      anon_inode:i915.gem
7f46bc4a0000-7f46bc6a0000 rw-s 12a4e7000 00:11 2116                      anon_inode:i915.gem
7f46bc6a0000-7f46bc6e0000 rw-s 12a4a7000 00:11 2116                      anon_inode:i915.gem
7f46bc6e0000-7f46bc720000 rw-s 12a467000 00:11 2116                      anon_inode:i915.gem
7f46bc720000-7f46bc760000 rw-s 12a427000 00:11 2116                      anon_inode:i915.gem
7f46bc760000-7f46bc7a0000 rw-s 12a3e7000 00:11 2116                      anon_inode:i915.gem
7f46bc7a0000-7f46bc7e0000 rw-s 121c57000 00:11 2116                      anon_inode:i915.gem
7f46bc7e0000-7f46bc820000 rw-s 121c17000 00:11 2116                      anon_inode:i915.gem
7f46bc820000-7f46bca20000 rw-s 12a1e7000 00:11 2116                      anon_inode:i915.gem
7f46bca20000-7f46bca60000 rw-s 121bd7000 00:11 2116                      anon_inode:i915.gem
7f46bca60000-7f46bcaa0000 rw-s 121b97000 00:11 2116                      anon_inode:i915.gem
7f46bcaa0000-7f46bcae0000 rw-s 121b57000 00:11 2116                      anon_inode:i915.gem
7f46bcae0000-7f46bcb20000 rw-s 121b17000 00:11 2116                      anon_inode:i915.gem
7f46bcb20000-7f46bcd20000 rw-s 129fe7000 00:11 2116                      anon_inode:i915.gem
7f46bcd20000-7f46bcd60000 rw-s 121ad7000 00:11 2116                      anon_inode:i915.gem
7f46bcd60000-7f46bcf60000 rw-s 129de7000 00:11 2116                      anon_inode:i915.gem
7f46bcf60000-7f46bd160000 rw-s 129be7000 00:11 2116                      anon_inode:i915.gem
7f46bd160000-7f46bd360000 rw-s 1218d7000 00:11 2116                      anon_inode:i915.gem
7f46bd360000-7f46bd560000 rw-s 1216d7000 00:11 2116                      anon_inode:i915.gem
7f46bd560000-7f46bd5a0000 rw-s 121697000 00:11 2116                      anon_inode:i915.gem
7f46bd5a0000-7f46bd5e0000 rw-s 121657000 00:11 2116                      anon_inode:i915.gem
7f46bd5e0000-7f46bd620000 rw-s 121617000 00:11 2116                      anon_inode:i915.gem
7f46bd620000-7f46bd660000 rw-s 1215d7000 00:11 2116                      anon_inode:i915.gem
7f46bd660000-7f46bd6a0000 rw-s 121597000 00:11 2116                      anon_inode:i915.gem
7f46bd6a0000-7f46bd6e0000 rw-s 121557000 00:11 2116                      anon_inode:i915.gem
7f46bd6e0000-7f46bd720000 rw-s 121517000 00:11 2116                      anon_inode:i915.gem
7f46bd720000-7f46bd760000 rw-s 1214d7000 00:11 2116                      anon_inode:i915.gem
7f46bd760000-7f46bd7a0000 rw-s 121497000 00:11 2116                      anon_inode:i915.gem
7f46bd7a0000-7f46bd7e0000 rw-s 121457000 00:11 2116                      anon_inode:i915.gem
7f46bd7e0000-7f46bd820000 rw-s 121417000 00:11 2116                      anon_inode:i915.gem
7f46bd820000-7f46bd860000 rw-s 1213d7000 00:11 2116                      anon_inode:i915.gem
7f46bd860000-7f46bd8a0000 rw-s 121397000 00:11 2116                      anon_inode:i915.gem
7f46bd8a0000-7f46bd8e0000 rw-s 121357000 00:11 2116                      anon_inode:i915.gem
7f46bd8e0000-7f46bdae0000 rw-s 121157000 00:11 2116                      anon_inode:i915.gem
7f46bdae0000-7f46bdce0000 rw-s 120f57000 00:11 2116                      anon_inode:i915.gem
7f46bdce0000-7f46bdd20000 rw-s 120f17000 00:11 2116                      anon_inode:i915.gem
7f46bdd20000-7f46bdd60000 rw-s 120ed7000 00:11 2116                      anon_inode:i915.gem
7f46bdd60000-7f46bdda0000 rw-s 120e97000 00:11 2116                      anon_inode:i915.gem
7f46bdda0000-7f46bdde0000 rw-s 120e57000 00:11 2116                      anon_inode:i915.gem
7f46bdde0000-7f46bde20000 rw-s 120e17000 00:11 2116                      anon_inode:i915.gem
7f46bde20000-7f46bde60000 rw-s 120dd7000 00:11 2116                      anon_inode:i915.gem
7f46bde60000-7f46bdea0000 rw-s 120d97000 00:11 2116                      anon_inode:i915.gem
7f46bdea0000-7f46bdee0000 rw-s 120d57000 00:11 2116                      anon_inode:i915.gem
7f46bdee0000-7f46bdf20000 rw-s 120d17000 00:11 2116                      anon_inode:i915.gem
7f46bdf20000-7f46bdf60000 rw-s 120cd7000 00:11 2116                      anon_inode:i915.gem
7f46bdf60000-7f46bdfa0000 rw-s 120c97000 00:11 2116                      anon_inode:i915.gem
7f46bdfa0000-7f46bdfe0000 rw-s 120c57000 00:11 2116                      anon_inode:i915.gem
7f46bdfe0000-7f46be020000 rw-s 120c17000 00:11 2116                      anon_inode:i915.gem
7f46be020000-7f46be060000 rw-s 120bd7000 00:11 2116                      anon_inode:i915.gem
7f46be060000-7f46be0a0000 rw-s 120b97000 00:11 2116                      anon_inode:i915.gem
7f46be0a0000-7f46be0e0000 rw-s 120b57000 00:11 2116                      anon_inode:i915.gem
7f46be0e0000-7f46be120000 rw-s 120b17000 00:11 2116                      anon_inode:i915.gem
7f46be1a0000-7f46be1e0000 rw-s 120a77000 00:11 2116                      anon_inode:i915.gem
7f46be200000-7f46be240000 rw-s 11a6a7000 00:11 2116                      anon_inode:i915.gem
7f46be240000-7f46be280000 rw-s 11a667000 00:11 2116                      anon_inode:i915.gem
7f46be360000-7f46be3a0000 rw-s 111089000 00:11 2116                      anon_inode:i915.gem
7f46be440000-7f46be640000 rw-s 120877000 00:11 2116                      anon_inode:i915.gem
7f46be640000-7f46be840000 rw-s 120677000 00:11 2116                      anon_inode:i915.gem
7f46be840000-7f46bec40000 rw-s 120077000 00:11 2116                      anon_inode:i915.gem
7f46bec40000-7f46bee40000 rw-s 11fe77000 00:11 2116                      anon_inode:i915.gem
7f46bee40000-7f46bee48000 rw-s 12efc7000 00:11 2116                      anon_inode:i915.gem
7f46bee58000-7f46bee60000 rw-s 11fe57000 00:11 2116                      anon_inode:i915.gem
7f46bee70000-7f46bee78000 rw-s 11fe3f000 00:11 2116                      anon_inode:i915.gem
7f46bee78000-7f46beeb8000 rw-s 11fdff000 00:11 2116                      anon_inode:i915.gem
7f46beeb8000-7f46beef8000 rw-s 11fdbf000 00:11 2116                      anon_inode:i915.gem
7f46bef78000-7f46befb8000 rw-s 11fcff000 00:11 2116                      anon_inode:i915.gem
7f46befb8000-7f46beff8000 rw-s 11fcbf000 00:11 2116                      anon_inode:i915.gem
7f46beff8000-7f46bf038000 rw-s 11fc7f000 00:11 2116                      anon_inode:i915.gem
7f46bf038000-7f46bf078000 rw-s 11fc3f000 00:11 2116                      anon_inode:i915.gem
7f46bf078000-7f46bf0b8000 rw-s 11fbff000 00:11 2116                      anon_inode:i915.gem
7f46bf0d8000-7f46bf118000 rw-s 11fadf000 00:11 2116                      anon_inode:i915.gem
7f46bf138000-7f46bf178000 rw-s 11fa7f000 00:11 2116                      anon_inode:i915.gem
7f46bf178000-7f46bf1b8000 rw-s 11fa3f000 00:11 2116                      anon_inode:i915.gem
7f46bf1b8000-7f46bf1f8000 rw-s 11f9ff000 00:11 2116                      anon_inode:i915.gem
7f46bf218000-7f46bf258000 rw-s 11a847000 00:11 2116                      anon_inode:i915.gem
7f46bf258000-7f46bf298000 rw-s 11a807000 00:11 2116                      anon_inode:i915.gem
7f46bf298000-7f46bf2d8000 rw-s 11a7c7000 00:11 2116                      anon_inode:i915.gem
7f46bf2f8000-7f46bf338000 rw-s 11a727000 00:11 2116                      anon_inode:i915.gem
7f46bf338000-7f46bf538000 rw-s 11f7ff000 00:11 2116                      anon_inode:i915.gem
7f46bf638000-7f46bf678000 rw-s 129a6f000 00:11 2116                      anon_inode:i915.gem
7f46bf678000-7f46bf6b8000 rw-s 129a2f000 00:11 2116                      anon_inode:i915.gem
7f46bf6b8000-7f46bf8b8000 rw-s 11f3ff000 00:11 2116                      anon_inode:i915.gem
7f46bf8b8000-7f46bf8f8000 rw-s 11f3bf000 00:11 2116                      anon_inode:i915.gem
7f46bf8f8000-7f46bfaf8000 rw-s 11f1bf000 00:11 2116                      anon_inode:i915.gem
7f46bfaf8000-7f46bfcf8000 rw-s 11efbf000 00:11 2116                      anon_inode:i915.gem
7f46bfcf8000-7f46bfd38000 rw-s 11ef7f000 00:11 2116                      anon_inode:i915.gem
7f46bfd38000-7f46bfd78000 rw-s 11ef3f000 00:11 2116                      anon_inode:i915.gem
7f46bfd78000-7f46bfdb8000 rw-s 11eeff000 00:11 2116                      anon_inode:i915.gem
7f46bfdb8000-7f46bfdf8000 rw-s 11eebf000 00:11 2116                      anon_inode:i915.gem
7f46bfdf8000-7f46bfe38000 rw-s 11ee7f000 00:11 2116                      anon_inode:i915.gem
7f46bfe38000-7f46bfe78000 rw-s 11ee3f000 00:11 2116                      anon_inode:i915.gem
7f46bfe78000-7f46c0078000 rw-s 11ec3f000 00:11 2116                      anon_inode:i915.gem
7f46c0078000-7f46c00b8000 rw-s 11ebff000 00:11 2116                      anon_inode:i915.gem
7f46c00b8000-7f46c00f8000 rw-s 11ebbf000 00:11 2116                      anon_inode:i915.gem
7f46c00f8000-7f46c0138000 rw-s 11eb7f000 00:11 2116                      anon_inode:i915.gem
7f46c0138000-7f46c0178000 rw-s 11eb3f000 00:11 2116                      anon_inode:i915.gem
7f46c0178000-7f46c01b8000 rw-s 11eaff000 00:11 2116                      anon_inode:i915.gem
7f46c01b8000-7f46c01c0000 rw-s 12ea5f000 00:11 2116                      anon_inode:i915.gem
7f46c01c0000-7f46c01c8000 rw-s 11eaef000 00:11 2116                      anon_inode:i915.gem
7f46c01c8000-7f46c01d0000 rw-s 11eae7000 00:11 2116                      anon_inode:i915.gem
7f46c01d0000-7f46c01d8000 rw-s 11eadf000 00:11 2116                      anon_inode:i915.gem
7f46c01d8000-7f46c01dc000 rw-s 12f05f000 00:11 2116                      anon_inode:i915.gem
7f46c01dc000-7f46c01e4000 rw-s 12ea57000 00:11 2116                      anon_inode:i915.gem
7f46c01e4000-7f46c01e8000 rw-s 11eacf000 00:11 2116                      anon_inode:i915.gem
7f46c01e8000-7f46c01f0000 rw-s 11eac7000 00:11 2116                      anon_inode:i915.gem
7f46c01f0000-7f46c01f8000 rw-s 12ea4f000 00:11 2116                      anon_inode:i915.gem
7f46c01f8000-7f46c0200000 rw-s 11eab7000 00:11 2116                      anon_inode:i915.gem
7f46c0200000-7f46c0204000 rw-s 11eab3000 00:11 2116                      anon_inode:i915.gem
7f46c0204000-7f46c020c000 rw-s 11eaab000 00:11 2116                      anon_inode:i915.gem
7f46c020c000-7f46c0214000 rw-s 11eaa3000 00:11 2116                      anon_inode:i915.gem
7f46c0214000-7f46c0254000 rw-s 11ea63000 00:11 2116                      anon_inode:i915.gem
7f46c0254000-7f46c0258000 rw-s 1104ed000 00:11 2116                      anon_inode:i915.gem
7f46c0258000-7f46c0298000 rw-s 11ea1f000 00:11 2116                      anon_inode:i915.gem
7f46c0298000-7f46c02d8000 rw-s 11e9df000 00:11 2116                      anon_inode:i915.gem
7f46c02d8000-7f46c02e0000 rw-s 12ea47000 00:11 2116                      anon_inode:i915.gem
7f46c02e0000-7f46c0320000 rw-s 11e997000 00:11 2116                      anon_inode:i915.gem
7f46c0320000-7f46c0360000 rw-s 11e957000 00:11 2116                      anon_inode:i915.gem
7f46c0360000-7f46c03a0000 rw-s 11e917000 00:11 2116                      anon_inode:i915.gem
7f46c03a0000-7f46c03e0000 rw-s 11e8d7000 00:11 2116                      anon_inode:i915.gem
7f46c03e0000-7f46c0420000 rw-s 11e897000 00:11 2116                      anon_inode:i915.gem
7f46c0420000-7f46c0620000 rw-s 11e697000 00:11 2116                      anon_inode:i915.gem
7f46c0620000-7f46c0660000 rw-s 11e657000 00:11 2116                      anon_inode:i915.gem
7f46c0660000-7f46c06a0000 rw-s 11e617000 00:11 2116                      anon_inode:i915.gem
7f46c06a0000-7f46c06e0000 rw-s 11e5d7000 00:11 2116                      anon_inode:i915.gem
7f46c06e0000-7f46c0720000 rw-s 11e597000 00:11 2116                      anon_inode:i915.gem
7f46c0720000-7f46c0760000 rw-s 11e557000 00:11 2116                      anon_inode:i915.gem
7f46c0760000-7f46c07a0000 rw-s 11e517000 00:11 2116                      anon_inode:i915.gem
7f46c07a0000-7f46c07a8000 rw-s 11e50f000 00:11 2116                      anon_inode:i915.gem
7f46c07a8000-7f46c07e8000 rw-s 11e4cf000 00:11 2116                      anon_inode:i915.gem
7f46c07e8000-7f46c07f0000 rw-s 11e4c7000 00:11 2116                      anon_inode:i915.gem
7f46c07f0000-7f46c0830000 rw-s 11e487000 00:11 2116                      anon_inode:i915.gem
7f46c0830000-7f46c0870000 rw-s 11e447000 00:11 2116                      anon_inode:i915.gem
7f46c0870000-7f46c08b0000 rw-s 11e407000 00:11 2116                      anon_inode:i915.gem
7f46c08b0000-7f46c08b8000 rw-s 11e3ff000 00:11 2116                      anon_inode:i915.gem
7f46c08b8000-7f46c08c0000 rw-s 11e3f7000 00:11 2116                      anon_inode:i915.gem
7f46c08c0000-7f46c08c8000 rw-s 11e3ef000 00:11 2116                      anon_inode:i915.gem
7f46c08c8000-7f46c08cc000 rw-s 11e3eb000 00:11 2116                      anon_inode:i915.gem
7f46c08cc000-7f46c08d4000 rw-s 11e3e3000 00:11 2116                      anon_inode:i915.gem
7f46c08d4000-7f46c0914000 rw-s 11e3a3000 00:11 2116                      anon_inode:i915.gem
7f46c0914000-7f46c091c000 rw-s 11e39b000 00:11 2116                      anon_inode:i915.gem
7f46c091c000-7f46c0924000 rw-s 11e393000 00:11 2116                      anon_inode:i915.gem
7f46c0924000-7f46c092c000 rw-s 11e38b000 00:11 2116                      anon_inode:i915.gem
7f46c092c000-7f46c0934000 rw-s 11e383000 00:11 2116                      anon_inode:i915.gem
7f46c0934000-7f46c093c000 rw-s 12e83f000 00:11 2116                      anon_inode:i915.gem
7f46c093c000-7f46c0b3c000 rw-s 11e17b000 00:11 2116                      anon_inode:i915.gem
7f46c0b3c000-7f46c0d3c000 rw-s 11df7b000 00:11 2116                      anon_inode:i915.gem
7f46c0d3c000-7f46c0d7c000 rw-s 11df3b000 00:11 2116                      anon_inode:i915.gem
7f46c0d7c000-7f46c0dbc000 rw-s 11defb000 00:11 2116                      anon_inode:i915.gem
7f46c0ddc000-7f46c0e1c000 rw-s 11de9b000 00:11 2116                      anon_inode:i915.gem
7f46c0e3c000-7f46c0e7c000 rw-s 11a567000 00:11 2116                      anon_inode:i915.gem
7f46c0e7c000-7f46c0ebc000 rw-s 1299ef000 00:11 2116                      anon_inode:i915.gem
7f46c0ebc000-7f46c0efc000 rw-s 11b4df000 00:11 2116                      anon_inode:i915.gem
7f46c0efc000-7f46c0f3c000 rw-s 11dd7b000 00:11 2116                      anon_inode:i915.gem
7f46c0f3c000-7f46c0f7c000 rw-s 11dd3b000 00:11 2116                      anon_inode:i915.gem
7f46c0f9c000-7f46c0fdc000 rw-s 11dcdb000 00:11 2116                      anon_inode:i915.gem
7f46c0fdc000-7f46c101c000 rw-s 11dc9b000 00:11 2116                      anon_inode:i915.gem
7f46c101c000-7f46c105c000 rw-s 11dc5b000 00:11 2116                      anon_inode:i915.gem
7f46c105c000-7f46c109c000 rw-s 11dc1b000 00:11 2116                      anon_inode:i915.gem
7f46c109c000-7f46c10dc000 rw-s 11dbdb000 00:11 2116                      anon_inode:i915.gem
7f46c10dc000-7f46c111c000 rw-s 11db9b000 00:11 2116                      anon_inode:i915.gem
7f46c111c000-7f46c115c000 rw-s 11db5b000 00:11 2116                      anon_inode:i915.gem
7f46c115c000-7f46c119c000 rw-s 11db1b000 00:11 2116                      anon_inode:i915.gem
7f46c119c000-7f46c11dc000 rw-s 11dadb000 00:11 2116                      anon_inode:i915.gem
7f46c11dc000-7f46c121c000 rw-s 11da9b000 00:11 2116                      anon_inode:i915.gem
7f46c121c000-7f46c141c000 rw-s 11d89b000 00:11 2116                      anon_inode:i915.gem
7f46c141c000-7f46c145c000 rw-s 11d85b000 00:11 2116                      anon_inode:i915.gem
7f46c145c000-7f46c149c000 rw-s 11d81b000 00:11 2116                      anon_inode:i915.gem
7f46c149c000-7f46c14dc000 rw-s 11d7db000 00:11 2116                      anon_inode:i915.gem
7f46c14dc000-7f46c14e4000 rw-s 12e7f7000 00:11 2116                      anon_inode:i915.gem
7f46c14e4000-7f46c1524000 rw-s 11d793000 00:11 2116                      anon_inode:i915.gem
7f46c1524000-7f46c1564000 rw-s 11d753000 00:11 2116                      anon_inode:i915.gem
7f46c1564000-7f46c15a4000 rw-s 11d713000 00:11 2116                      anon_inode:i915.gem
7f46c15a4000-7f46c15e4000 rw-s 11d6d3000 00:11 2116                      anon_inode:i915.gem
7f46c15e4000-7f46c1624000 rw-s 11d693000 00:11 2116                      anon_inode:i915.gem
7f46c1624000-7f46c162c000 rw-s 11d68b000 00:11 2116                      anon_inode:i915.gem
7f46c162c000-7f46c1630000 rw-s 127683000 00:11 2116                      anon_inode:i915.gem
7f46c1630000-7f46c1638000 rw-s 11d683000 00:11 2116                      anon_inode:i915.gem
7f46c1638000-7f46c1838000 rw-s 11d483000 00:11 2116                      anon_inode:i915.gem
7f46c1838000-7f46c1840000 rw-s 11d47b000 00:11 2116                      anon_inode:i915.gem
7f46c1840000-7f46c1880000 rw-s 11d43b000 00:11 2116                      anon_inode:i915.gem
7f46c1880000-7f46c18c0000 rw-s 11d3fb000 00:11 2116                      anon_inode:i915.gem
7f46c18c0000-7f46c1900000 rw-s 11d3bb000 00:11 2116                      anon_inode:i915.gem
7f46c1900000-7f46c1908000 rw-s 11d3b3000 00:11 2116                      anon_inode:i915.gem
7f46c1908000-7f46c1910000 rw-s 11d3ab000 00:11 2116                      anon_inode:i915.gem
7f46c1910000-7f46c1950000 rw-s 11d36b000 00:11 2116                      anon_inode:i915.gem
7f46c1950000-7f46c1958000 rw-s 11d363000 00:11 2116                      anon_inode:i915.gem
7f46c1958000-7f46c1998000 rw-s 11d323000 00:11 2116                      anon_inode:i915.gem
7f46c1998000-7f46c19d8000 rw-s 11d2e3000 00:11 2116                      anon_inode:i915.gem
7f46c19d8000-7f46c19e0000 rw-s 11d2db000 00:11 2116                      anon_inode:i915.gem
7f46c19e0000-7f46c1a20000 rw-s 11d29b000 00:11 2116                      anon_inode:i915.gem
7f46c1a20000-7f46c1a28000 rw-s 11d293000 00:11 2116                      anon_inode:i915.gem
7f46c1a28000-7f46c1a30000 rw-s 11d28b000 00:11 2116                      anon_inode:i915.gem
7f46c1a30000-7f46c1a38000 rw-s 11d283000 00:11 2116                      anon_inode:i915.gem
7f46c1a38000-7f46c1a40000 rw-s 11d27b000 00:11 2116                      anon_inode:i915.gem
7f46c1a40000-7f46c1a48000 rw-s 11d273000 00:11 2116                      anon_inode:i915.gem
7f46c1a48000-7f46c1c48000 rw-s 11d073000 00:11 2116                      anon_inode:i915.gem
7f46c1c48000-7f46c1c88000 rw-s 11d033000 00:11 2116                      anon_inode:i915.gem
7f46c1c88000-7f46c1cc8000 rw-s 11cff3000 00:11 2116                      anon_inode:i915.gem
7f46c1cc8000-7f46c1d08000 rw-s 11cfb3000 00:11 2116                      anon_inode:i915.gem
7f46c1d08000-7f46c1d48000 rw-s 11cf73000 00:11 2116                      anon_inode:i915.gem
7f46c1d48000-7f46c1d88000 rw-s 11cf33000 00:11 2116                      anon_inode:i915.gem
7f46c1d88000-7f46c1dc8000 rw-s 11cef3000 00:11 2116                      anon_inode:i915.gem
7f46c1dc8000-7f46c1e08000 rw-s 11ceb3000 00:11 2116                      anon_inode:i915.gem
7f46c1e28000-7f46c1e68000 rw-s 11b49f000 00:11 2116                      anon_inode:i915.gem
7f46c1e68000-7f46c1ea8000 rw-s 11b45f000 00:11 2116                      anon_inode:i915.gem
7f46c1ea8000-7f46c1ee8000 rw-s 11b41f000 00:11 2116                      anon_inode:i915.gem
7f46c1ee8000-7f46c1f28000 rw-s 11cd93000 00:11 2116                      anon_inode:i915.gem
7f46c1f28000-7f46c1f68000 rw-s 11cd53000 00:11 2116                      anon_inode:i915.gem
7f46c1f68000-7f46c1fa8000 rw-s 11cd13000 00:11 2116                      anon_inode:i915.gem
7f46c1fa8000-7f46c1fb0000 rw-s 11cd0b000 00:11 2116                      anon_inode:i915.gem
7f46c1fb0000-7f46c1fb8000 rw-s 11cd03000 00:11 2116                      anon_inode:i915.gem
7f46c1fb8000-7f46c1fc0000 rw-s 129bcf000 00:11 2116                      anon_inode:i915.gem
7f46c1fc0000-7f46c1fc8000 rw-s 11fe6f000 00:11 2116                      anon_inode:i915.gem
7f46c1fc8000-7f46c1fd0000 rw-s 129bbf000 00:11 2116                      anon_inode:i915.gem
7f46c1fd0000-7f46c1fd8000 rw-s 129bb7000 00:11 2116                      anon_inode:i915.gem
7f46c1fd8000-7f46c1fe0000 rw-s 129baf000 00:11 2116                      anon_inode:i915.gem
7f46c1fe0000-7f46c1fe8000 rw-s 129ba7000 00:11 2116                      anon_inode:i915.gem
7f46c1fe8000-7f46c2028000 rw-s 11ccc3000 00:11 2116                      anon_inode:i915.gem
7f46c2028000-7f46c2068000 rw-s 11cc83000 00:11 2116                      anon_inode:i915.gem
7f46c2068000-7f46c2268000 rw-s 11ca83000 00:11 2116                      anon_inode:i915.gem
7f46c2268000-7f46c22a8000 rw-s 11ca43000 00:11 2116                      anon_inode:i915.gem
7f46c22a8000-7f46c22e8000 rw-s 11ca03000 00:11 2116                      anon_inode:i915.gem
7f46c22e8000-7f46c2328000 rw-s 11c9c3000 00:11 2116                      anon_inode:i915.gem
7f46c2328000-7f46c2528000 rw-s 11c7c3000 00:11 2116                      anon_inode:i915.gem
7f46c2528000-7f46c2568000 rw-s 11c783000 00:11 2116                      anon_inode:i915.gem
7f46c2568000-7f46c25a8000 rw-s 11c743000 00:11 2116                      anon_inode:i915.gem
7f46c25a8000-7f46c25e8000 rw-s 11c703000 00:11 2116                      anon_inode:i915.gem
7f46c25e8000-7f46c2628000 rw-s 11c6c3000 00:11 2116                      anon_inode:i915.gem
7f46c2628000-7f46c2668000 rw-s 11c683000 00:11 2116                      anon_inode:i915.gem
7f46c2668000-7f46c26a8000 rw-s 11c643000 00:11 2116                      anon_inode:i915.gem
7f46c26a8000-7f46c26e8000 rw-s 11c603000 00:11 2116                      anon_inode:i915.gem
7f46c26e8000-7f46c2728000 rw-s 11c5c3000 00:11 2116                      anon_inode:i915.gem
7f46c2728000-7f46c2768000 rw-s 11c583000 00:11 2116                      anon_inode:i915.gem
7f46c2768000-7f46c27a8000 rw-s 129b67000 00:11 2116                      anon_inode:i915.gem
7f46c27a8000-7f46c27b0000 rw-s 11dee3000 00:11 2116                      anon_inode:i915.gem
7f46c27b8000-7f46c27c0000 rw-s 11dd33000 00:11 2116                      anon_inode:i915.gem
7f46c27c0000-7f46c27c8000 rw-s 11dd2b000 00:11 2116                      anon_inode:i915.gem
7f46c27d8000-7f46c27e0000 rw-s 10990f000 00:11 2116                      anon_inode:i915.gem
7f46c27e0000-7f46c27e8000 rw-s 109907000 00:11 2116                      anon_inode:i915.gem
7f46c27f8000-7f46c2800000 rw-s 129b0f000 00:11 2116                      anon_inode:i915.gem
7f46c2800000-7f46c2808000 rw-s 11fe67000 00:11 2116                      anon_inode:i915.gem
7f46c2808000-7f46c2810000 rw-s 11fe5f000 00:11 2116                      anon_inode:i915.gem
7f46c2810000-7f46c2818000 rw-s 129af7000 00:11 2116                      anon_inode:i915.gem
7f46c2818000-7f46c2820000 rw-s 129aef000 00:11 2116                      anon_inode:i915.gem
7f46c2820000-7f46c2824000 rw-s 125407000 00:11 2116                      anon_inode:i915.gem
7f46c2824000-7f46c282c000 rw-s 1253ff000 00:11 2116                      anon_inode:i915.gem
7f46c282c000-7f46c2834000 rw-s 1253f7000 00:11 2116                      anon_inode:i915.gem
7f46c2834000-7f46c283c000 rw-s 1104e5000 00:11 2116                      anon_inode:i915.gem
7f46c283c000-7f46c287c000 rw-s 11b9d3000 00:11 2116                      anon_inode:i915.gem
7f46c287c000-7f46c2880000 rw-s 1104e1000 00:11 2116                      anon_inode:i915.gem
7f46c2880000-7f46c28c0000 rw-s 11bb13000 00:11 2116                      anon_inode:i915.gem
7f46c28c0000-7f46c2900000 rw-s 11bad3000 00:11 2116                      anon_inode:i915.gem
7f46c2900000-7f46c2940000 rw-s 11ba93000 00:11 2116                      anon_inode:i915.gem
7f46c2940000-7f46c2980000 rw-s 11fd47000 00:11 2116                      anon_inode:i915.gem
7f46c2980000-7f46c2988000 rw-s 12761b000 00:11 2116                      anon_inode:i915.gem
7f46c2988000-7f46c29c8000 rw-s 1275db000 00:11 2116                      anon_inode:i915.gem
7f46c29c8000-7f46c2a08000 rw-s 12759b000 00:11 2116                      anon_inode:i915.gem
7f46c2a08000-7f46c2a10000 rw-s 127593000 00:11 2116                      anon_inode:i915.gem
7f46c2a10000-7f46c2a14000 rw-s 12758f000 00:11 2116                      anon_inode:i915.gem
7f46c2a14000-7f46c2a1c000 rw-s 127587000 00:11 2116                      anon_inode:i915.gem
7f46c2a1c000-7f46c2a20000 rw-s 116e91000 00:11 2116                      anon_inode:i915.gem
7f46c2a20000-7f46c2a28000 rw-s 12757f000 00:11 2116                      anon_inode:i915.gem
7f46c2a28000-7f46c2a30000 rw-s 127577000 00:11 2116                      anon_inode:i915.gem
7f46c2a30000-7f46c2a38000 rw-s 12756f000 00:11 2116                      anon_inode:i915.gem
7f46c2a38000-7f46c2a40000 rw-s 127567000 00:11 2116                      anon_inode:i915.gem
7f46c2a40000-7f46c2a48000 rw-s 12755f000 00:11 2116                      anon_inode:i915.gem
7f46c2a48000-7f46c2a50000 rw-s 127557000 00:11 2116                      anon_inode:i915.gem
7f46c2a50000-7f46c2a58000 rw-s 12754f000 00:11 2116                      anon_inode:i915.gem
7f46c2a58000-7f46c2a60000 rw-s 127547000 00:11 2116                      anon_inode:i915.gem
7f46c2a60000-7f46c2a68000 rw-s 12753f000 00:11 2116                      anon_inode:i915.gem
7f46c2a68000-7f46c2a70000 rw-s 127537000 00:11 2116                      anon_inode:i915.gem
7f46c2a70000-7f46c2a78000 rw-s 12752f000 00:11 2116                      anon_inode:i915.gem
7f46c2a78000-7f46c2a80000 rw-s 127527000 00:11 2116                      anon_inode:i915.gem
7f46c2a80000-7f46c2a88000 rw-s 12751f000 00:11 2116                      anon_inode:i915.gem
7f46c2a88000-7f46c2a90000 rw-s 127517000 00:11 2116                      anon_inode:i915.gem
7f46c2a90000-7f46c2a98000 rw-s 12750f000 00:11 2116                      anon_inode:i915.gem
7f46c2a98000-7f46c2aa0000 rw-s 127507000 00:11 2116                      anon_inode:i915.gem
7f46c2aa0000-7f46c2aa8000 rw-s 116e89000 00:11 2116                      anon_inode:i915.gem
7f46c2aa8000-7f46c2ae8000 rw-s 1274c7000 00:11 2116                      anon_inode:i915.gem
7f46c2ae8000-7f46c2b28000 rw-s 116e49000 00:11 2116                      anon_inode:i915.gem
7f46c2b28000-7f46c2b30000 rw-s 116e41000 00:11 2116                      anon_inode:i915.gem
7f46c2b30000-7f46c2b38000 rw-s 114929000 00:11 2116                      anon_inode:i915.gem
7f46c2b38000-7f46c2b40000 rw-s 114921000 00:11 2116                      anon_inode:i915.gem
7f46c2b40000-7f46c2b48000 rw-s 114919000 00:11 2116                      anon_inode:i915.gem
7f46c2b48000-7f46c2b50000 rw-s 114911000 00:11 2116                      anon_inode:i915.gem
7f46c2b50000-7f46c2b58000 rw-s 10fa2b000 00:11 2116                      anon_inode:i915.gem
7f46c2b60000-7f46c2b68000 rw-s 110481000 00:11 2116                      anon_inode:i915.gem
7f46c2b68000-7f46c2b70000 rw-s 11ac07000 00:11 2116                      anon_inode:i915.gem
7f46c2b70000-7f46c2bb0000 rw-s 11a4a7000 00:11 2116                      anon_inode:i915.gem
7f46c2bb0000-7f46c2bf0000 rw-s 116e01000 00:11 2116                      anon_inode:i915.gem
7f46c2c00000-7f46c2c08000 rw-s 128a57000 00:11 2116                      anon_inode:i915.gem
7f46c2c08000-7f46c2c10000 rw-s 11ead7000 00:11 2116                      anon_inode:i915.gem
7f46c2c10000-7f46c2c18000 rw-s 127673000 00:11 2116                      anon_inode:i915.gem
7f46c2c28000-7f46c2c30000 rw-s 1253ef000 00:11 2116                      anon_inode:i915.gem
7f46c2c30000-7f46c2c70000 rw-s 116dc1000 00:11 2116                      anon_inode:i915.gem
7f46c2c70000-7f46c2cb0000 rw-s 116d81000 00:11 2116                      anon_inode:i915.gem
7f46c2cb0000-7f46c2cf0000 rw-s 116d41000 00:11 2116                      anon_inode:i915.gem
7f46c2cf0000-7f46c2d30000 rw-s 116d01000 00:11 2116                      anon_inode:i915.gem
7f46c2d30000-7f46c2f30000 rw-s 11c383000 00:11 2116                      anon_inode:i915.gem
7f46c2f30000-7f46c3130000 rw-s 11c183000 00:11 2116                      anon_inode:i915.gem
7f46c3130000-7f46c3330000 rw-s 11bf83000 00:11 2116                      anon_inode:i915.gem
7f46c3330000-7f46c3530000 rw-s 11bd83000 00:11 2116                      anon_inode:i915.gem
7f46c3530000-7f46c3730000 rw-s 11bb83000 00:11 2116                      anon_inode:i915.gem
7f46c3730000-7f46c3770000 rw-s 125367000 00:11 2116                      anon_inode:i915.gem
7f46c3770000-7f46c37b0000 rw-s 1252a7000 00:11 2116                      anon_inode:i915.gem
7f46c37b0000-7f46c39b0000 rw-s 120477000 00:11 2116                      anon_inode:i915.gem
7f46c39b0000-7f46c39f0000 rw-s 11de5b000 00:11 2116                      anon_inode:i915.gem
7f46c39f0000-7f46c3a30000 rw-s 11ba53000 00:11 2116                      anon_inode:i915.gem
7f46c3a30000-7f46c3a70000 rw-s 11dddb000 00:11 2116                      anon_inode:i915.gem
7f46c3a70000-7f46c3ab0000 rw-s 11ce53000 00:11 2116                      anon_inode:i915.gem
7f46c3ad8000-7f46c3ae0000 rw-s 11cea3000 00:11 2116                      anon_inode:i915.gem
7f46c3af0000-7f46c3b30000 rw-s 11b8f3000 00:11 2116                      anon_inode:i915.gem
7f46c3b30000-7f46c3f30000 rw-s 119ea7000 00:11 2116                      anon_inode:i915.gem
7f46c3f30000-7f46c4330000 rw-s 119aa7000 00:11 2116                      anon_inode:i915.gem
7f46c56c0000-7f46c58c0000 rw-s 1182a7000 00:11 2116                      anon_inode:i915.gem
7f46c58c0000-7f46c58c4000 rw-s 12ef9f000 00:11 2116                      anon_inode:i915.gem
7f46c58c4000-7f46c58cc000 rw-s 12ef97000 00:11 2116                      anon_inode:i915.gem
7f46c58cc000-7f46c58d0000 rw-s 1110f5000 00:11 2116                      anon_inode:i915.gem
7f46c58d0000-7f46c58d4000 rw-s 1110f1000 00:11 2116                      anon_inode:i915.gem
7f46c58d4000-7f46c58d8000 rw-s 11a8a3000 00:11 2116                      anon_inode:i915.gem
7f46c58e0000-7f46c58e8000 rw-s 1110e1000 00:11 2116                      anon_inode:i915.gem
7f46c58f0000-7f46c58f8000 rw-s 1110d1000 00:11 2116                      anon_inode:i915.gem
7f46c58f8000-7f46c5900000 rw-s 1110c9000 00:11 2116                      anon_inode:i915.gem
7f46c5900000-7f46c5904000 rw-s 11a89f000 00:11 2116                      anon_inode:i915.gem
7f46c5904000-7f46c590c000 rw-s 11a897000 00:11 2116                      anon_inode:i915.gem
7f46c590c000-7f46c5914000 rw-s 11a88f000 00:11 2116                      anon_inode:i915.gem
7f46c5914000-7f46c5918000 rw-s 11a88b000 00:11 2116                      anon_inode:i915.gem
7f46c5918000-7f46c591c000 rw-s 11a887000 00:11 2116                      anon_inode:i915.gem
7f46c591c000-7f46c5920000 rw-s 11fadb000 00:11 2116                      anon_inode:i915.gem
7f46c5920000-7f46c5924000 rw-s 11fad7000 00:11 2116                      anon_inode:i915.gem
7f46c5924000-7f46c5928000 rw-s 11fad3000 00:11 2116                      anon_inode:i915.gem
7f46c5928000-7f46c592c000 rw-s 11facf000 00:11 2116                      anon_inode:i915.gem
7f46c592c000-7f46c5930000 rw-s 129b63000 00:11 2116                      anon_inode:i915.gem
7f46c5930000-7f46c5938000 rw-s 11fac7000 00:11 2116                      anon_inode:i915.gem
7f46c5938000-7f46c5940000 rw-s 11fabf000 00:11 2116                      anon_inode:i915.gem
7f46c5940000-7f46c5944000 rw-s 129b5f000 00:11 2116                      anon_inode:i915.gem
7f46c5964000-7f46c596c000 rw-s 129b57000 00:11 2116                      anon_inode:i915.gem
7f46c599c000-7f46c59a4000 rw-s 11b82b000 00:11 2116                      anon_inode:i915.gem
7f46c59a4000-7f46c59ac000 rw-s 11b823000 00:11 2116                      anon_inode:i915.gem
7f46c59ac000-7f46c59b0000 rw-s 12f68f000 00:11 2116                      anon_inode:i915.gem
7f46c59b0000-7f46c59b8000 rw-s 11b81b000 00:11 2116                      anon_inode:i915.gem
7f46c59b8000-7f46c59c0000 rw-s 11b813000 00:11 2116                      anon_inode:i915.gem
7f46c5af0000-7f46c5b30000 rw-s 128787000 00:11 2116                      anon_inode:i915.gem
7f46c5b30000-7f46c5d30000 rw-s 1244a7000 00:11 2116                      anon_inode:i915.gem
7f46c8d30000-7f46c9130000 rw-s 1224a7000 00:11 2116                      anon_inode:i915.gem
7f46c9130000-7f46c9330000 rw-s 1222a7000 00:11 2116                      anon_inode:i915.gem
7f46c9330000-7f46c9530000 rw-s 1220a7000 00:11 2116                      anon_inode:i915.gem
7f46c9530000-7f46c9930000 rw-s 1295ef000 00:11 2116                      anon_inode:i915.gem
7f46c9930000-7f46c9b30000 rw-s 1293ef000 00:11 2116                      anon_inode:i915.gem
7f46c9b30000-7f46c9b70000 rw-s 1293af000 00:11 2116                      anon_inode:i915.gem
7f46c9b70000-7f46c9bb0000 rw-s 12936f000 00:11 2116                      anon_inode:i915.gem
7f46c9bb0000-7f46c9bf0000 rw-s 12932f000 00:11 2116                      anon_inode:i915.gem
7f46c9bf0000-7f46c9c30000 rw-s 1292ef000 00:11 2116                      anon_inode:i915.gem
7f46c9c30000-7f46c9c70000 rw-s 1292af000 00:11 2116                      anon_inode:i915.gem
7f46c9c70000-7f46c9cb0000 rw-s 12926f000 00:11 2116                      anon_inode:i915.gem
7f46c9cb0000-7f46c9cf0000 rw-s 12922f000 00:11 2116                      anon_inode:i915.gem
7f46c9cf0000-7f46c9d30000 rw-s 1291ef000 00:11 2116                      anon_inode:i915.gem
7f46c9d30000-7f46c9d70000 rw-s 1291af000 00:11 2116                      anon_inode:i915.gem
7f46c9d70000-7f46c9db0000 rw-s 12916f000 00:11 2116                      anon_inode:i915.gem
7f46c9db0000-7f46c9df0000 rw-s 12912f000 00:11 2116                      anon_inode:i915.gem
7f46c9df0000-7f46c9e30000 rw-s 1290ef000 00:11 2116                      anon_inode:i915.gem
7f46c9e30000-7f46c9e70000 rw-s 1290af000 00:11 2116                      anon_inode:i915.gem
7f46c9e70000-7f46c9eb0000 rw-s 12906f000 00:11 2116                      anon_inode:i915.gem
7f46c9eb0000-7f46ca0b0000 rw-s 128e6f000 00:11 2116                      anon_inode:i915.gem
7f46ca0b0000-7f46ca2b0000 rw-s 128c6f000 00:11 2116                      anon_inode:i915.gem
7f46ca2b0000-7f46ca4b0000 rw-s 128a6f000 00:11 2116                      anon_inode:i915.gem
7f46ca4b8000-7f46ca4c0000 rw-s 11fbef000 00:11 2116                      anon_inode:i915.gem
7f46ca4e0000-7f46ca520000 rw-s 128a07000 00:11 2116                      anon_inode:i915.gem
7f46ca520000-7f46ca560000 rw-s 1289c7000 00:11 2116                      anon_inode:i915.gem
7f46ca560000-7f46ca5a0000 rw-s 128987000 00:11 2116                      anon_inode:i915.gem
7f46ca5e0000-7f46ca620000 rw-s 114881000 00:11 2116                      anon_inode:i915.gem
7f46ca620000-7f46ca660000 rw-s 1288c7000 00:11 2116                      anon_inode:i915.gem
7f46ca680000-7f46ca6c0000 rw-s 120ab7000 00:11 2116                      anon_inode:i915.gem
7f46ca6c0000-7f46ca700000 rw-s 11b933000 00:11 2116                      anon_inode:i915.gem
7f46ca700000-7f46ca740000 rw-s 128807000 00:11 2116                      anon_inode:i915.gem
7f46ca740000-7f46ca780000 rw-s 10326e000 00:11 2116                      anon_inode:i915.gem
7f46ca780000-7f46ca980000 rw-s 11a2a7000 00:11 2116                      anon_inode:i915.gem
7f46ca980000-7f46ca9c0000 rw-s 127487000 00:11 2116                      anon_inode:i915.gem
7f46ca9c0000-7f46caa00000 rw-s 127447000 00:11 2116                      anon_inode:i915.gem
7f46caa00000-7f46cac00000 rw-s 127107000 00:11 2116                      anon_inode:i915.gem
7f46cac00000-7f46cae00000 rw-s 126e87000 00:11 2116                      anon_inode:i915.gem
7f46cae00000-7f46cb000000 rw-s 126c87000 00:11 2116                      anon_inode:i915.gem
7f46cb000000-7f46cb200000 rw-s 126a87000 00:11 2116                      anon_inode:i915.gem
7f46cb200000-7f46cb400000 rw-s 126887000 00:11 2116                      anon_inode:i915.gem
7f46cb400000-7f46cb600000 rw-s 126687000 00:11 2116                      anon_inode:i915.gem
7f46cbb2b000-7f46cbb3b000 rw-s 110305000 00:11 2116                      anon_inode:i915.gem
7f46cbc00000-7f46cbe00000 rw-s 107031000 00:11 2116                      anon_inode:i915.gem
7f46cbe00000-7f46cc000000 rw-s 104831000 00:11 2116                      anon_inode:i915.gem
7f46cc000000-7f46cfffb000 rw-p 00000000 00:00 0 
7f46cfffb000-7f46d0000000 ---p 00000000 00:00 0 
7f46d0002000-7f46d0006000 rw-s 11ead3000 00:11 2116                      anon_inode:i915.gem
7f46d0006000-7f46d000e000 rw-s 1253e7000 00:11 2116                      anon_inode:i915.gem
7f46d000e000-7f46d0016000 rw-s 11eaf7000 00:11 2116                      anon_inode:i915.gem
7f46d0016000-7f46d001e000 rw-s 11d7d3000 00:11 2116                      anon_inode:i915.gem
7f46d003e000-7f46d007e000 rw-s 110321000 00:11 2116                      anon_inode:i915.gem
7f46d007e000-7f46d00be000 rw-s 1273c7000 00:11 2116                      anon_inode:i915.gem
7f46d00be000-7f46d00fe000 rw-s 127387000 00:11 2116                      anon_inode:i915.gem
7f46d00fe000-7f46d013e000 rw-s 127347000 00:11 2116                      anon_inode:i915.gem
7f46d013e000-7f46d017e000 rw-s 127307000 00:11 2116                      anon_inode:i915.gem
7f46d017e000-7f46d01be000 rw-s 1270c7000 00:11 2116                      anon_inode:i915.gem
7f46d01be000-7f46d01fe000 rw-s 127087000 00:11 2116                      anon_inode:i915.gem
7f46d01fe000-7f46d03fe000 rw-s 126487000 00:11 2116                      anon_inode:i915.gem
7f46d03fe000-7f46d05fe000 rw-s 126287000 00:11 2116                      anon_inode:i915.gem
7f46d05fe000-7f46d05ff000 rw-p 00000000 00:00 0 
7f46d05ff000-7f46d0603000 ---p 00000000 00:00 0 
7f46d0603000-7f46d0700000 rw-p 00000000 00:00 0 
7f46d0700000-7f46d0704000 ---p 00000000 00:00 0 
7f46d0704000-7f46d0800000 rw-p 00000000 00:00 0 
7f46d0800000-7f46d0a00000 rw-s 101b0f000 00:11 2116                      anon_inode:i915.gem
7f46d0a00000-7f46d0aaa000 r-xp 00000000 00:3b 1945                       /tmp/libgdxmirtemir/125b804a/libgdx-freetype64.so
7f46d0aaa000-7f46d0caa000 ---p 000aa000 00:3b 1945                       /tmp/libgdxmirtemir/125b804a/libgdx-freetype64.so
7f46d0caa000-7f46d0cb0000 r--p 000aa000 00:3b 1945                       /tmp/libgdxmirtemir/125b804a/libgdx-freetype64.so
7f46d0cb0000-7f46d0cb1000 rw-p 000b0000 00:3b 1945                       /tmp/libgdxmirtemir/125b804a/libgdx-freetype64.so
7f46d0cb1000-7f46d0cb9000 rw-s 111da9000 00:11 2116                      anon_inode:i915.gem
7f46d0cb9000-7f46d0cc1000 rw-s 129bc7000 00:11 2116                      anon_inode:i915.gem
7f46d0cc1000-7f46d0cc9000 rw-s 11e37b000 00:11 2116                      anon_inode:i915.gem
7f46d0ce9000-7f46d0d29000 rw-s 113df1000 00:11 2116                      anon_inode:i915.gem
7f46d0d29000-7f46d0f29000 rw-s 128507000 00:11 2116                      anon_inode:i915.gem
7f46d0f29000-7f46d1129000 rw-s 127907000 00:11 2116                      anon_inode:i915.gem
7f46d1129000-7f46d1329000 rw-s 127707000 00:11 2116                      anon_inode:i915.gem
7f46d1329000-7f46d1529000 rw-s 121ea7000 00:11 2116                      anon_inode:i915.gem
7f46d1529000-7f46d1729000 rw-s 121ca7000 00:11 2116                      anon_inode:i915.gem
7f46d1729000-7f46d1769000 rw-s 113db1000 00:11 2116                      anon_inode:i915.gem
7f46d1769000-7f46d17a9000 rw-s 113d71000 00:11 2116                      anon_inode:i915.gem
7f46d17a9000-7f46d17e9000 rw-s 114841000 00:11 2116                      anon_inode:i915.gem
7f46d17e9000-7f46d1829000 rw-s 111df9000 00:11 2116                      anon_inode:i915.gem
7f46d1829000-7f46d1869000 rw-s 113cb1000 00:11 2116                      anon_inode:i915.gem
7f46d1869000-7f46d18a9000 rw-s 113c71000 00:11 2116                      anon_inode:i915.gem
7f46d18a9000-7f46d18e9000 rw-s 113c31000 00:11 2116                      anon_inode:i915.gem
7f46d18e9000-7f46d1929000 rw-s 113bf1000 00:11 2116                      anon_inode:i915.gem
7f46d1929000-7f46d1969000 rw-s 113bb1000 00:11 2116                      anon_inode:i915.gem
7f46d1969000-7f46d19a9000 rw-s 1148c1000 00:11 2116                      anon_inode:i915.gem
7f46d19a9000-7f46d19e9000 rw-s 1253a7000 00:11 2116                      anon_inode:i915.gem
7f46d1a4f000-7f46d1a53000 rw-s 11fd94000 00:11 2116                      anon_inode:i915.gem
7f46d1a54000-7f46d1a58000 rw-s 11fd8f000 00:11 2116                      anon_inode:i915.gem
7f46d1a58000-7f46d1a5c000 rw-s 11fd8b000 00:11 2116                      anon_inode:i915.gem
7f46d1a69000-7f46d1c69000 rw-s 11f5ff000 00:11 2116                      anon_inode:i915.gem
7f46d1c69000-7f46d1e69000 rw-s 113931000 00:11 2116                      anon_inode:i915.gem
7f46d1e69000-7f46d2069000 rw-s 1250a7000 00:11 2116                      anon_inode:i915.gem
7f46d2069000-7f46d2469000 rw-s 113531000 00:11 2116                      anon_inode:i915.gem
7f46d2485000-7f46d2495000 rw-s 127643000 00:11 2116                      anon_inode:i915.gem
7f46d2599000-7f46d25a9000 rw-s 10fa1b000 00:11 2116                      anon_inode:i915.gem
7f46d25a9000-7f46d25b9000 rw-s 1031b5000 00:11 2116                      anon_inode:i915.gem
7f46d25b9000-7f46d25c9000 rw-s 10407c000 00:11 2116                      anon_inode:i915.gem
7f46d25c9000-7f46d25d9000 rw-s 12f5c3000 00:11 2116                      anon_inode:i915.gem
7f46d25d9000-7f46d25e9000 rw-s 120b07000 00:11 2116                      anon_inode:i915.gem
7f46d25e9000-7f46d25f9000 rw-s 12f5eb000 00:11 2116                      anon_inode:i915.gem
7f46d2619000-7f46d2629000 rw-s 12f5b3000 00:11 2116                      anon_inode:i915.gem
7f46d2629000-7f46d2639000 rw-s 12f5db000 00:11 2116                      anon_inode:i915.gem
7f46d2639000-7f46d2649000 rw-s 10fa0b000 00:11 2116                      anon_inode:i915.gem
7f46d2749000-7f46d2759000 rw-s 1261bb000 00:11 2116                      anon_inode:i915.gem
7f46d27c9000-7f46d27e9000 rw-s 10318f000 00:11 2116                      anon_inode:i915.gem
7f46d27e9000-7f46d2809000 rw-s 12b0e7000 00:11 2116                      anon_inode:i915.gem
7f46d2809000-7f46d2819000 rw-s 11b983000 00:11 2116                      anon_inode:i915.gem
7f46d2819000-7f46d2829000 rw-s 127653000 00:11 2116                      anon_inode:i915.gem
7f46d2829000-7f46d2839000 rw-s 111129000 00:11 2116                      anon_inode:i915.gem
7f46d2839000-7f46d2849000 rw-s 120af7000 00:11 2116                      anon_inode:i915.gem
7f46d2849000-7f46d2859000 rw-s 125c2b000 00:11 2116                      anon_inode:i915.gem
7f46d2859000-7f46d2869000 rw-s 10facb000 00:11 2116                      anon_inode:i915.gem
7f46d2869000-7f46d2a69000 rw-s 11a8a7000 00:11 2116                      anon_inode:i915.gem
7f46d2a69000-7f46d2c69000 rw-s 124ea7000 00:11 2116                      anon_inode:i915.gem
7f46d2c69000-7f46d2e69000 rw-s 124ca7000 00:11 2116                      anon_inode:i915.gem
7f46d2e69000-7f46d3069000 rw-s 124aa7000 00:11 2116                      anon_inode:i915.gem
7f46d3069000-7f46d30a9000 rw-s 12eeb7000 00:11 2116                      anon_inode:i915.gem
7f46d30a9000-7f46d30e9000 rw-s 12f517000 00:11 2116                      anon_inode:i915.gem
7f46d30e9000-7f46d32e9000 rw-s 1248a7000 00:11 2116                      anon_inode:i915.gem
7f46d32e9000-7f46d34e9000 rw-s 114641000 00:11 2116                      anon_inode:i915.gem
7f46d34e9000-7f46d36e9000 rw-s 114441000 00:11 2116                      anon_inode:i915.gem
7f46d36e9000-7f46d38e9000 rw-s 114241000 00:11 2116                      anon_inode:i915.gem
7f46d38e9000-7f46d3ae9000 rw-s 114041000 00:11 2116                      anon_inode:i915.gem
7f46d3ae9000-7f46d3ce9000 rw-s 113e41000 00:11 2116                      anon_inode:i915.gem
7f46d3ce9000-7f46d3d29000 rw-s 11ba13000 00:11 2116                      anon_inode:i915.gem
7f46d3d29000-7f46d3d31000 rw-s 11e9d7000 00:11 2116                      anon_inode:i915.gem
7f46d3d31000-7f46d3d39000 rw-s 11eabf000 00:11 2116                      anon_inode:i915.gem
7f46d3d39000-7f46d3d49000 rw-s 129bd7000 00:11 2116                      anon_inode:i915.gem
7f46d3d49000-7f46d3d59000 rw-s 125c1b000 00:11 2116                      anon_inode:i915.gem
7f46d3d59000-7f46d3d69000 rw-s 10cff1000 00:11 2116                      anon_inode:i915.gem
7f46d3d69000-7f46d3da9000 rw-s 11b993000 00:11 2116                      anon_inode:i915.gem
7f46d3da9000-7f46d3de9000 rw-s 10e211000 00:11 2116                      anon_inode:i915.gem
7f46d3de9000-7f46d3df9000 rw-s 10e251000 00:11 2116                      anon_inode:i915.gem
7f46d3df9000-7f46d3e09000 rw-s 1030f3000 00:11 2116                      anon_inode:i915.gem
7f46d3e09000-7f46d3e49000 rw-s 11a787000 00:11 2116                      anon_inode:i915.gem
7f46d3e49000-7f46d3e89000 rw-s 11b8b3000 00:11 2116                      anon_inode:i915.gem
7f46d3e89000-7f46d3e99000 rw-s 110489000 00:11 2116                      anon_inode:i915.gem
7f46d3e99000-7f46d3ea9000 rw-s 10085b000 00:11 2116                      anon_inode:i915.gem
7f46d3ea9000-7f46d3eb9000 rw-s 109a81000 00:11 2116                      anon_inode:i915.gem
7f46d3eb9000-7f46d3ec9000 rw-s 12eef7000 00:11 2116                      anon_inode:i915.gem
7f46d3ec9000-7f46d3f09000 rw-s 11b833000 00:11 2116                      anon_inode:i915.gem
7f46d3f09000-7f46d3f49000 rw-s 114c31000 00:11 2116                      anon_inode:i915.gem
7f46d3f49000-7f46d3f51000 rw-s 111d91000 00:11 2116                      anon_inode:i915.gem
7f46d3f51000-7f46d3f59000 rw-s 110379000 00:11 2116                      anon_inode:i915.gem
7f46d3f59000-7f46d3f99000 rw-s 11b7d3000 00:11 2116                      anon_inode:i915.gem
7f46d3f99000-7f46d3fd9000 rw-s 11a6e7000 00:11 2116                      anon_inode:i915.gem
7f46d3fd9000-7f46d4019000 rw-s 110441000 00:11 2116                      anon_inode:i915.gem
7f46d4019000-7f46d4059000 rw-s 110401000 00:11 2116                      anon_inode:i915.gem
7f46d4059000-7f46d4099000 rw-s 1103c1000 00:11 2116                      anon_inode:i915.gem
7f46d4099000-7f46d4299000 rw-s 11b5d3000 00:11 2116                      anon_inode:i915.gem
7f46d4299000-7f46d42d9000 rw-s 110381000 00:11 2116                      anon_inode:i915.gem
7f46d42d9000-7f46d42e1000 rw-s 110371000 00:11 2116                      anon_inode:i915.gem
7f46d42e1000-7f46d42e9000 rw-s 110369000 00:11 2116                      anon_inode:i915.gem
7f46d42e9000-7f46d42f1000 rw-s 110361000 00:11 2116                      anon_inode:i915.gem
7f46d42f1000-7f46d42f9000 rw-s 1032c6000 00:11 2116                      anon_inode:i915.gem
7f46d42f9000-7f46d4301000 rw-s 12f687000 00:11 2116                      anon_inode:i915.gem
7f46d4301000-7f46d4311000 rw-s 12f677000 00:11 2116                      anon_inode:i915.gem
7f46d4311000-7f46d4315000 rw-s 12f673000 00:11 2116                      anon_inode:i915.gem
7f46d4315000-7f46d4319000 rw-s 12beb3000 00:11 2116                      anon_inode:i915.gem
7f46d4321000-7f46d4325000 rw-s 12bea7000 00:11 2116                      anon_inode:i915.gem
7f46d4325000-7f46d432d000 rw-s 12be9f000 00:11 2116                      anon_inode:i915.gem
7f46d432d000-7f46d4335000 rw-s 12be97000 00:11 2116                      anon_inode:i915.gem
7f46d4335000-7f46d433d000 rw-s 12efef000 00:11 2116                      anon_inode:i915.gem
7f46d433d000-7f46d4345000 rw-s 12efe7000 00:11 2116                      anon_inode:i915.gem
7f46d434d000-7f46d4351000 rw-s 12763f000 00:11 2116                      anon_inode:i915.gem
7f46d4351000-7f46d4359000 rw-s 12efd7000 00:11 2116                      anon_inode:i915.gem
7f46d4359000-7f46d435d000 rw-s 12763b000 00:11 2116                      anon_inode:i915.gem
7f46d4369000-7f46d4371000 rw-s 12762b000 00:11 2116                      anon_inode:i915.gem
7f46d4371000-7f46d4379000 rw-s 111b79000 00:11 2116                      anon_inode:i915.gem
7f46d4379000-7f46d43b9000 rw-s 1261db000 00:11 2116                      anon_inode:i915.gem
7f46d43b9000-7f46d43f9000 rw-s 12621b000 00:11 2116                      anon_inode:i915.gem
7f46d43f9000-7f46d4439000 rw-s 128907000 00:11 2116                      anon_inode:i915.gem
7f46d4439000-7f46d4479000 rw-s 12617b000 00:11 2116                      anon_inode:i915.gem
7f46d4479000-7f46d44b9000 rw-s 12613b000 00:11 2116                      anon_inode:i915.gem
7f46d44b9000-7f46d44f9000 rw-s 1260fb000 00:11 2116                      anon_inode:i915.gem
7f46d44f9000-7f46d4539000 rw-s 1260bb000 00:11 2116                      anon_inode:i915.gem
7f46d4539000-7f46d4579000 rw-s 11b55f000 00:11 2116                      anon_inode:i915.gem
7f46d4579000-7f46d45b9000 rw-s 11b51f000 00:11 2116                      anon_inode:i915.gem
7f46d45b9000-7f46d45f9000 rw-s 10f9cb000 00:11 2116                      anon_inode:i915.gem
7f46d45f9000-7f46d4639000 rw-s 110701000 00:11 2116                      anon_inode:i915.gem
7f46d4639000-7f46d4641000 rw-s 1032be000 00:11 2116                      anon_inode:i915.gem
7f46d4641000-7f46d4645000 rw-s 1031c5000 00:11 2116                      anon_inode:i915.gem
7f46d4645000-7f46d4649000 rw-s 103e26000 00:11 2116                      anon_inode:i915.gem
7f46d4649000-7f46d4689000 rw-s 127407000 00:11 2116                      anon_inode:i915.gem
7f46d4689000-7f46d4889000 rw-s 125ebb000 00:11 2116                      anon_inode:i915.gem
7f46d4889000-7f46d48c9000 rw-s 114bf1000 00:11 2116                      anon_inode:i915.gem
7f46d48c9000-7f46d4909000 rw-s 113d31000 00:11 2116                      anon_inode:i915.gem
7f46d4909000-7f46d4949000 rw-s 113cf1000 00:11 2116                      anon_inode:i915.gem
7f46d4949000-7f46d4989000 rw-s 1104a1000 00:11 2116                      anon_inode:i915.gem
7f46d4989000-7f46d4b89000 rw-s 11b21f000 00:11 2116                      anon_inode:i915.gem
7f46d4b89000-7f46d4d89000 rw-s 10f7cb000 00:11 2116                      anon_inode:i915.gem
7f46d4d89000-7f46d4f89000 rw-s 110501000 00:11 2116                      anon_inode:i915.gem
7f46d4f89000-7f46d4f91000 rw-s 1032b6000 00:11 2116                      anon_inode:i915.gem
7f46d4f91000-7f46d4f99000 rw-s 1032ae000 00:11 2116                      anon_inode:i915.gem
7f46d4f99000-7f46d4fa1000 rw-s 111b71000 00:11 2116                      anon_inode:i915.gem
7f46d4fa1000-7f46d4fa9000 rw-s 12f573000 00:11 2116                      anon_inode:i915.gem
7f46d4fa9000-7f46d51a9000 rw-s 1246a7000 00:11 2116                      anon_inode:i915.gem
7f46d51a9000-7f46d51e9000 rw-s 116cc1000 00:11 2116                      anon_inode:i915.gem
7f46d51f1000-7f46d5201000 rw-s 11a777000 00:11 2116                      anon_inode:i915.gem
7f46d5211000-7f46d5219000 rw-s 12f623000 00:11 2116                      anon_inode:i915.gem
7f46d5219000-7f46d5221000 rw-s 12f61b000 00:11 2116                      anon_inode:i915.gem
7f46d5229000-7f46d5269000 rw-s 128947000 00:11 2116                      anon_inode:i915.gem
7f46d5269000-7f46d52a9000 rw-s 111d51000 00:11 2116                      anon_inode:i915.gem
7f46d52a9000-7f46d52e9000 rw-s 111d11000 00:11 2116                      anon_inode:i915.gem
7f46d52e9000-7f46d5329000 rw-s 111cd1000 00:11 2116                      anon_inode:i915.gem
7f46d5329000-7f46d5369000 rw-s 111c91000 00:11 2116                      anon_inode:i915.gem
7f46d5369000-7f46d53a9000 rw-s 111c51000 00:11 2116                      anon_inode:i915.gem
7f46d53a9000-7f46d53e9000 rw-s 111c11000 00:11 2116                      anon_inode:i915.gem
7f46d53e9000-7f46d5429000 rw-s 11aba7000 00:11 2116                      anon_inode:i915.gem
7f46d5429000-7f46d5469000 rw-s 11ab67000 00:11 2116                      anon_inode:i915.gem
7f46d5469000-7f46d54e9000 rw-s 116c41000 00:11 2116                      anon_inode:i915.gem
7f46d54e9000-7f46d5529000 rw-s 11aaa7000 00:11 2116                      anon_inode:i915.gem
7f46d5529000-7f46d5531000 rw-s 1108fd000 00:11 2116                      anon_inode:i915.gem
7f46d5531000-7f46d5533000 rw-s 10158b000 00:11 2116                      anon_inode:i915.gem
7f46d5533000-7f46d5537000 rw-s 11fdbb000 00:11 2116                      anon_inode:i915.gem
7f46d5537000-7f46d5547000 rw-s 11deeb000 00:11 2116                      anon_inode:i915.gem
7f46d5547000-7f46d554f000 rw-s 111e89000 00:11 2116                      anon_inode:i915.gem
7f46d554f000-7f46d5557000 rw-s 1040c4000 00:11 2116                      anon_inode:i915.gem
7f46d5557000-7f46d5597000 rw-s 114b31000 00:11 2116                      anon_inode:i915.gem
7f46d5597000-7f46d55d7000 rw-s 129aaf000 00:11 2116                      anon_inode:i915.gem
7f46d55d7000-7f46d55e7000 rw-s 103713000 00:11 2116                      anon_inode:i915.gem
7f46d55e7000-7f46d55ef000 rw-s 1040ac000 00:11 2116                      anon_inode:i915.gem
7f46d55ef000-7f46d55f7000 rw-s 1040a4000 00:11 2116                      anon_inode:i915.gem
7f46d55f7000-7f46d55ff000 rw-s 11fd3f000 00:11 2116                      anon_inode:i915.gem
7f46d55ff000-7f46d5603000 rw-s 12f667000 00:11 2116                      anon_inode:i915.gem
7f46d5603000-7f46d5607000 rw-s 12f65b000 00:11 2116                      anon_inode:i915.gem
7f46d560b000-7f46d560f000 rw-s 125caf000 00:11 2116                      anon_inode:i915.gem
7f46d560f000-7f46d5617000 rw-s 125ca7000 00:11 2116                      anon_inode:i915.gem
7f46d5617000-7f46d561f000 rw-s 12c02f000 00:11 2116                      anon_inode:i915.gem
7f46d561f000-7f46d5627000 rw-s 12c027000 00:11 2116                      anon_inode:i915.gem
7f46d562f000-7f46d566f000 rw-s 11b873000 00:11 2116                      anon_inode:i915.gem
7f46d5673000-7f46d567b000 rw-s 125c73000 00:11 2116                      anon_inode:i915.gem
7f46d567f000-7f46d5683000 rw-s 11fdb7000 00:11 2116                      anon_inode:i915.gem
7f46d5683000-7f46d5687000 rw-s 1017b9000 00:11 2116                      anon_inode:i915.gem
7f46d5687000-7f46d568f000 rw-s 109917000 00:11 2116                      anon_inode:i915.gem
7f46d568f000-7f46d5697000 rw-s 111e81000 00:11 2116                      anon_inode:i915.gem
7f46d5697000-7f46d569f000 rw-s 111e79000 00:11 2116                      anon_inode:i915.gem
7f46d56a7000-7f46d56b7000 rw-s 128a47000 00:11 2116                      anon_inode:i915.gem
7f46d56b7000-7f46d56f7000 rw-s 111db9000 00:11 2116                      anon_inode:i915.gem
7f46d56f7000-7f46d58f7000 rw-s 110941000 00:11 2116                      anon_inode:i915.gem
7f46d58f7000-7f46d58f8000 rw-p 00000000 00:00 0 
7f46d58f8000-7f46d58fc000 ---p 00000000 00:00 0 
7f46d58fc000-7f46d59f9000 rw-p 00000000 00:00 0 
7f46d59f9000-7f46d59fd000 ---p 00000000 00:00 0 
7f46d59fd000-7f46d5afa000 rw-p 00000000 00:00 0 
7f46d5afa000-7f46d5afe000 ---p 00000000 00:00 0 
7f46d5afe000-7f46d5cfb000 rw-p 00000000 00:00 0 
7f46d5cfd000-7f46d5d05000 rw-s 10409c000 00:11 2116                      anon_inode:i915.gem
7f46d5d07000-7f46d5d0b000 rw-s 1009d4000 00:11 2116                      anon_inode:i915.gem
7f46d5d0b000-7f46d5d0f000 rw-s 1009b1000 00:11 2116                      anon_inode:i915.gem
7f46d5d0f000-7f46d5d13000 rw-s 11ea5f000 00:11 2116                      anon_inode:i915.gem
7f46d5d13000-7f46d5d1b000 rw-s 10e209000 00:11 2116                      anon_inode:i915.gem
7f46d5d1b000-7f46d5d23000 rw-s 10e201000 00:11 2116                      anon_inode:i915.gem
7f46d5d23000-7f46d5d63000 rw-s 114cf1000 00:11 2116                      anon_inode:i915.gem
7f46d5d63000-7f46d5da3000 rw-s 114cb1000 00:11 2116                      anon_inode:i915.gem
7f46d5da3000-7f46d5de3000 rw-s 114c71000 00:11 2116                      anon_inode:i915.gem
7f46d5de3000-7f46d5e23000 rw-s 111e39000 00:11 2116                      anon_inode:i915.gem
7f46d5e2b000-7f46d5e33000 rw-s 128a67000 00:11 2116                      anon_inode:i915.gem
7f46d5e33000-7f46d5e3b000 rw-s 128a5f000 00:11 2116                      anon_inode:i915.gem
7f46d5e3b000-7f46d5e43000 rw-s 12766b000 00:11 2116                      anon_inode:i915.gem
7f46d5e4b000-7f46d5e53000 rw-s 129b1f000 00:11 2116                      anon_inode:i915.gem
7f46d5e53000-7f46d5e63000 rw-s 114e61000 00:11 2116                      anon_inode:i915.gem
7f46d5e63000-7f46d5e73000 rw-s 11fbdf000 00:11 2116                      anon_inode:i915.gem
7f46d5e73000-7f46d5e83000 rw-s 11ce93000 00:11 2116                      anon_inode:i915.gem
7f46d5e83000-7f46d5e93000 rw-s 12f557000 00:11 2116                      anon_inode:i915.gem
7f46d5e93000-7f46d5ed3000 rw-s 11de1b000 00:11 2116                      anon_inode:i915.gem
7f46d5ed7000-7f46d5edf000 rw-s 129b17000 00:11 2116                      anon_inode:i915.gem
7f46d5ee3000-7f46d5f23000 rw-s 11fb9f000 00:11 2116                      anon_inode:i915.gem
7f46d5f23000-7f46d5f63000 rw-s 10cfb1000 00:11 2116                      anon_inode:i915.gem
7f46d5f63000-7f46d5fa3000 rw-s 10cf71000 00:11 2116                      anon_inode:i915.gem
7f46d5fa3000-7f46d5fe3000 rw-s 10fb77000 00:11 2116                      anon_inode:i915.gem
7f46d5fe3000-7f46d5fe5000 rw-s 10412f000 00:11 2116                      anon_inode:i915.gem
7f46d5fe5000-7f46d5fed000 rw-s 10e1f9000 00:11 2116                      anon_inode:i915.gem
7f46d5fed000-7f46d5ff5000 rw-s 10e1f1000 00:11 2116                      anon_inode:i915.gem
7f46d5ff5000-7f46d5ffd000 rw-s 11bb6b000 00:11 2116                      anon_inode:i915.gem
7f46d5ffd000-7f46d6005000 rw-s 11bb63000 00:11 2116                      anon_inode:i915.gem
7f46d6005000-7f46d600d000 rw-s 11bb5b000 00:11 2116                      anon_inode:i915.gem
7f46d600d000-7f46d6015000 rw-s 11bb53000 00:11 2116                      anon_inode:i915.gem
7f46d6015000-7f46d601d000 rw-s 10310b000 00:11 2116                      anon_inode:i915.gem
7f46d601f000-7f46d6027000 rw-s 12b187000 00:11 2116                      anon_inode:i915.gem
7f46d6027000-7f46d6037000 rw-s 114b79000 00:11 2116                      anon_inode:i915.gem
7f46d6037000-7f46d603f000 rw-s 127623000 00:11 2116                      anon_inode:i915.gem
7f46d603f000-7f46d6043000 rw-s 125cb7000 00:11 2116                      anon_inode:i915.gem
7f46d6043000-7f46d6053000 rw-s 129b47000 00:11 2116                      anon_inode:i915.gem
7f46d6053000-7f46d6057000 rw-s 126273000 00:11 2116                      anon_inode:i915.gem
7f46d6057000-7f46d605f000 rw-s 125c9b000 00:11 2116                      anon_inode:i915.gem
7f46d605f000-7f46d6067000 rw-s 125c93000 00:11 2116                      anon_inode:i915.gem
7f46d6067000-7f46d606f000 rw-s 125c8b000 00:11 2116                      anon_inode:i915.gem
7f46d606f000-7f46d6077000 rw-s 125c83000 00:11 2116                      anon_inode:i915.gem
7f46d6083000-7f46d6085000 rw-s 1014ce000 00:11 2116                      anon_inode:i915.gem
7f46d6087000-7f46d608b000 rw-s 125c6f000 00:11 2116                      anon_inode:i915.gem
7f46d608b000-7f46d6093000 rw-s 125c67000 00:11 2116                      anon_inode:i915.gem
7f46d6093000-7f46d6097000 rw-s 125c63000 00:11 2116                      anon_inode:i915.gem
7f46d6097000-7f46d609b000 rw-s 10316b000 00:11 2116                      anon_inode:i915.gem
7f46d609b000-7f46d609f000 rw-s 10fae3000 00:11 2116                      anon_inode:i915.gem
7f46d609f000-7f46d60a7000 rw-s 103103000 00:11 2116                      anon_inode:i915.gem
7f46d60a7000-7f46d60af000 rw-s 125c4f000 00:11 2116                      anon_inode:i915.gem
7f46d60af000-7f46d60b7000 rw-s 125c47000 00:11 2116                      anon_inode:i915.gem
7f46d60b7000-7f46d60bf000 rw-s 1104f1000 00:11 2116                      anon_inode:i915.gem
7f46d60bf000-7f46d60c3000 rw-s 125c3b000 00:11 2116                      anon_inode:i915.gem
7f46d60c3000-7f46d60cb000 rw-s 114ba9000 00:11 2116                      anon_inode:i915.gem
7f46d60cb000-7f46d60db000 rw-s 114901000 00:11 2116                      anon_inode:i915.gem
7f46d60db000-7f46d60eb000 rw-s 1014ba000 00:11 2116                      anon_inode:i915.gem
7f46d60eb000-7f46d60f3000 rw-s 114ba1000 00:11 2116                      anon_inode:i915.gem
7f46d60f3000-7f46d6103000 rw-s 1040b4000 00:11 2116                      anon_inode:i915.gem
7f46d6103000-7f46d6107000 rw-s 1014ca000 00:11 2116                      anon_inode:i915.gem
7f46d6107000-7f46d610f000 rw-s 114b89000 00:11 2116                      anon_inode:i915.gem
7f46d610f000-7f46d611f000 rw-s 12f59b000 00:11 2116                      anon_inode:i915.gem
7f46d611f000-7f46d6127000 rw-s 114b71000 00:11 2116                      anon_inode:i915.gem
7f46d6127000-7f46d6137000 rw-s 11dd1b000 00:11 2116                      anon_inode:i915.gem
7f46d6137000-7f46d613f000 rw-s 1014b2000 00:11 2116                      anon_inode:i915.gem
7f46d613f000-7f46d6143000 rw-s 10030b000 00:11 2116                      anon_inode:i915.gem
7f46d6143000-7f46d614b000 rw-s 125c57000 00:11 2116                      anon_inode:i915.gem
7f46d614b000-7f46d6153000 rw-s 10d081000 00:11 2116                      anon_inode:i915.gem
7f46d6153000-7f46d615b000 rw-s 10d079000 00:11 2116                      anon_inode:i915.gem
7f46d615b000-7f46d615f000 rw-s 10fbbf000 00:11 2116                      anon_inode:i915.gem
7f46d6161000-7f46d6165000 rw-s 1002ec000 00:11 2116                      anon_inode:i915.gem
7f46d6165000-7f46d6169000 rw-s 11091d000 00:11 2116                      anon_inode:i915.gem
7f46d6169000-7f46d616d000 rw-s 10995f000 00:11 2116                      anon_inode:i915.gem
7f46d616d000-7f46d6171000 rw-s 10fabf000 00:11 2116                      anon_inode:i915.gem
7f46d6171000-7f46d6179000 rw-s 10fbb7000 00:11 2116                      anon_inode:i915.gem
7f46d6179000-7f46d6181000 rw-s 109957000 00:11 2116                      anon_inode:i915.gem
7f46d6181000-7f46d6185000 rw-s 1098a4000 00:11 2116                      anon_inode:i915.gem
7f46d6185000-7f46d6189000 rw-s 11b5bf000 00:11 2116                      anon_inode:i915.gem
7f46d6189000-7f46d6191000 rw-s 100a0e000 00:11 2116                      anon_inode:i915.gem
7f46d6191000-7f46d6199000 rw-s 1002e4000 00:11 2116                      anon_inode:i915.gem
7f46d619b000-7f46d61a3000 rw-s 10989c000 00:11 2116                      anon_inode:i915.gem
7f46d61a3000-7f46d61a5000 rw-s 1104fd000 00:11 2116                      anon_inode:i915.gem
7f46d61a5000-7f46d61ad000 rw-s 114e59000 00:11 2116                      anon_inode:i915.gem
7f46d61ad000-7f46d61b5000 rw-s 126263000 00:11 2116                      anon_inode:i915.gem
7f46d61b5000-7f46d61bd000 rw-s 12625b000 00:11 2116                      anon_inode:i915.gem
7f46d61bd000-7f46d61c5000 rw-s 110915000 00:11 2116                      anon_inode:i915.gem
7f46d61c5000-7f46d61cd000 rw-s 10151d000 00:11 2116                      anon_inode:i915.gem
7f46d61cd000-7f46d61d1000 rw-s 1099cd000 00:11 2116                      anon_inode:i915.gem
7f46d61d1000-7f46d61d9000 rw-s 1099c5000 00:11 2116                      anon_inode:i915.gem
7f46d61d9000-7f46d61e1000 rw-s 103163000 00:11 2116                      anon_inode:i915.gem
7f46d61e1000-7f46d61e5000 rw-s 100a16000 00:11 2116                      anon_inode:i915.gem
7f46d61e5000-7f46d61ed000 rw-s 10fadb000 00:11 2116                      anon_inode:i915.gem
7f46d61ed000-7f46d61f5000 rw-s 109871000 00:11 2116                      anon_inode:i915.gem
7f46d61f5000-7f46d61f9000 rw-s 10fbc3000 00:11 2116                      anon_inode:i915.gem
7f46d61f9000-7f46d6201000 rw-s 114e51000 00:11 2116                      anon_inode:i915.gem
7f46d6201000-7f46d6205000 rw-s 101584000 00:11 2116                      anon_inode:i915.gem
7f46d6205000-7f46d620d000 rw-s 10f568000 00:11 2116                      anon_inode:i915.gem
7f46d620d000-7f46d6211000 rw-s 101580000 00:11 2116                      anon_inode:i915.gem
7f46d6211000-7f46d6219000 rw-s 10115d000 00:11 2116                      anon_inode:i915.gem
7f46d6219000-7f46d621d000 rw-s 103265000 00:11 2116                      anon_inode:i915.gem
7f46d621d000-7f46d6225000 rw-s 103e1c000 00:11 2116                      anon_inode:i915.gem
7f46d6225000-7f46d6227000 rw-s 11ceab000 00:11 2116                      anon_inode:i915.gem
7f46d6227000-7f46d622f000 rw-s 1009c6000 00:11 2116                      anon_inode:i915.gem
7f46d622f000-7f46d6237000 rw-s 1108f5000 00:11 2116                      anon_inode:i915.gem
7f46d6237000-7f46d623f000 rw-s 114b99000 00:11 2116                      anon_inode:i915.gem
7f46d623f000-7f46d6247000 rw-s 110779000 00:11 2116                      anon_inode:i915.gem
7f46d6247000-7f46d624b000 rw-s 125c5f000 00:11 2116                      anon_inode:i915.gem
7f46d624b000-7f46d6253000 rw-s 10188d000 00:11 2116                      anon_inode:i915.gem
7f46d6253000-7f46d625b000 rw-s 10d061000 00:11 2116                      anon_inode:i915.gem
7f46d625b000-7f46d6263000 rw-s 102413000 00:11 2116                      anon_inode:i915.gem
7f46d6263000-7f46d626b000 rw-s 10244b000 00:11 2116                      anon_inode:i915.gem
7f46d626b000-7f46d6273000 rw-s 10381e000 00:11 2116                      anon_inode:i915.gem
7f46d6273000-7f46d627b000 rw-s 10fc29000 00:11 2116                      anon_inode:i915.gem
7f46d627b000-7f46d647b000 rw-s 10f581000 00:11 2116                      anon_inode:i915.gem
7f46d647e000-7f46d6480000 rw-s 11dedf000 00:11 2116                      anon_inode:i915.gem
7f46d6480000-7f46d6482000 rw-s 1313b1000 00:11 2116                      anon_inode:i915.gem
7f46d6482000-7f46d6492000 rw-s 12ea67000 00:11 2116                      anon_inode:i915.gem
7f46d6492000-7f46d64a2000 rw-s 115111000 00:11 2116                      anon_inode:i915.gem
7f46d64a2000-7f46d64a6000 rw-s 11dedb000 00:11 2116                      anon_inode:i915.gem
7f46d64b3000-7f46d64c3000 rw-s 10988c000 00:11 2116                      anon_inode:i915.gem
7f46d64c3000-7f46d64cb000 rw-s 1102a1000 00:11 2116                      anon_inode:i915.gem
7f46d64d3000-7f46d64e3000 rw-s 111d99000 00:11 2116                      anon_inode:i915.gem
7f46d64e3000-7f46d64f3000 rw-s 129aff000 00:11 2116                      anon_inode:i915.gem
7f46d64fb000-7f46d65fc000 rw-p 00000000 00:00 0 
7f46d65fc000-7f46d67fc000 rw-s 12ecb7000 00:11 2116                      anon_inode:i915.gem
7f46d67fc000-7f46d8800000 rw-p 00000000 00:00 0 
7f46d8800000-7f46d8a01000 rw-s 00000000 00:23 21655901                   /home/mirtemir/.cache/mesa_shader_cache/index
7f46d8a01000-7f46d8a03000 rw-s 10fa33000 00:11 2116                      anon_inode:i915.gem
7f46d8a03000-7f46d8a07000 rw-s 1017ad000 00:11 2116                      anon_inode:i915.gem
7f46d8a07000-7f46d8a0f000 rw-s 1014a7000 00:11 2116                      anon_inode:i915.gem
7f46d8a0f000-7f46d8a17000 rw-s 114b91000 00:11 2116                      anon_inode:i915.gem
7f46d8a17000-7f46d8a1f000 rw-s 12626b000 00:11 2116                      anon_inode:i915.gem
7f46d8a1f000-7f46d8a27000 rw-s 125c3f000 00:11 2116                      anon_inode:i915.gem
7f46d8a27000-7f46d8a2f000 rw-s 10d089000 00:11 2116                      anon_inode:i915.gem
7f46d8a2f000-7f46d8a6f000 rw-s 109831000 00:11 2116                      anon_inode:i915.gem
7f46d8a6f000-7f46d8aaf000 rw-s 100241000 00:11 2116                      anon_inode:i915.gem
7f46d8aaf000-7f46d8abf000 rw-s 10fb37000 00:11 2116                      anon_inode:i915.gem
7f46d8abf000-7f46d8adf000 rw-s 12f017000 00:11 2116                      anon_inode:i915.gem
7f46d8adf000-7f46d8aff000 rw-s 100991000 00:11 2116                      anon_inode:i915.gem
7f46d8aff000-7f46d8c00000 rw-p 00000000 00:00 0 
7f46d8c00000-7f46d8e00000 rw-s 10fea1000 00:11 2116                      anon_inode:i915.gem
7f46d8e00000-7f46dad94000 r--p 00000000 00:23 22647                      /usr/lib/libicudata.so.78.3
7f46dad94000-7f46dad95000 r--p 01f93000 00:23 22647                      /usr/lib/libicudata.so.78.3
7f46dad96000-7f46dad98000 rw-s 100a1a000 00:11 2116                      anon_inode:i915.gem
7f46dad98000-7f46dada0000 rw-s 104143000 00:11 2116                      anon_inode:i915.gem
7f46dada0000-7f46dadb0000 rw-s 10faa7000 00:11 2116                      anon_inode:i915.gem
7f46dadb0000-7f46dadc0000 rw-s 1032ce000 00:11 2116                      anon_inode:i915.gem
7f46dadc0000-7f46dadc8000 rw-s 10fab7000 00:11 2116                      anon_inode:i915.gem
7f46dadc8000-7f46dadd0000 rw-s 10f781000 00:11 2116                      anon_inode:i915.gem
7f46dadd0000-7f46dade0000 rw-s 12f587000 00:11 2116                      anon_inode:i915.gem
7f46dade0000-7f46dae00000 rw-s 10fb17000 00:11 2116                      anon_inode:i915.gem
7f46dae00000-7f46dae48000 r--p 00000000 00:23 22662                      /usr/lib/libicuuc.so.78.3
7f46dae48000-7f46daf9e000 r-xp 00048000 00:23 22662                      /usr/lib/libicuuc.so.78.3
7f46daf9e000-7f46db038000 r--p 0019e000 00:23 22662                      /usr/lib/libicuuc.so.78.3
7f46db038000-7f46db04b000 r--p 00238000 00:23 22662                      /usr/lib/libicuuc.so.78.3
7f46db04b000-7f46db04c000 rw-p 0024b000 00:23 22662                      /usr/lib/libicuuc.so.78.3
7f46db04c000-7f46db04e000 rw-p 00000000 00:00 0 
7f46db04e000-7f46db050000 rw-s 1031c9000 00:11 2116                      anon_inode:i915.gem
7f46db050000-7f46db058000 rw-s 111149000 00:11 2116                      anon_inode:i915.gem
7f46db058000-7f46db068000 rw-s 10f4f1000 00:11 2116                      anon_inode:i915.gem
7f46db068000-7f46db06a000 rw-s 116e95000 00:11 2116                      anon_inode:i915.gem
7f46db06a000-7f46db06e000 rw-s 1104f9000 00:11 2116                      anon_inode:i915.gem
7f46db076000-7f46db086000 rw-s 130ee9000 00:11 2116                      anon_inode:i915.gem
7f46db090000-7f46db098000 rw-s 12767b000 00:11 2116                      anon_inode:i915.gem
7f46db098000-7f46db0a8000 rw-s 11fe47000 00:11 2116                      anon_inode:i915.gem
7f46db0a8000-7f46db0b8000 rw-s 10410c000 00:11 2116                      anon_inode:i915.gem
7f46db0b8000-7f46db138000 rw-s 10ccf1000 00:11 2116                      anon_inode:i915.gem
7f46db138000-7f46db178000 rw-s 1008fb000 00:11 2116                      anon_inode:i915.gem
7f46db178000-7f46db185000 r--p 00000000 00:23 5102                       /usr/lib/libncursesw.so.6.6
7f46db185000-7f46db1dd000 r-xp 0000d000 00:23 5102                       /usr/lib/libncursesw.so.6.6
7f46db1dd000-7f46db1f5000 r--p 00065000 00:23 5102                       /usr/lib/libncursesw.so.6.6
7f46db1f5000-7f46db1fa000 r--p 0007c000 00:23 5102                       /usr/lib/libncursesw.so.6.6
7f46db1fa000-7f46db1fb000 rw-p 00081000 00:23 5102                       /usr/lib/libncursesw.so.6.6
7f46db1fb000-7f46db1fd000 r--p 00000000 00:23 126494                     /usr/lib/libpciaccess.so.0.11.1
7f46db1fd000-7f46db202000 r-xp 00002000 00:23 126494                     /usr/lib/libpciaccess.so.0.11.1
7f46db202000-7f46db204000 r--p 00007000 00:23 126494                     /usr/lib/libpciaccess.so.0.11.1
7f46db204000-7f46db205000 r--p 00008000 00:23 126494                     /usr/lib/libpciaccess.so.0.11.1
7f46db205000-7f46db206000 rw-p 00009000 00:23 126494                     /usr/lib/libpciaccess.so.0.11.1
7f46db206000-7f46db220000 r--p 00000000 00:23 713814                     /usr/lib/libxml2.so.16.1.3
7f46db220000-7f46db31e000 r-xp 0001a000 00:23 713814                     /usr/lib/libxml2.so.16.1.3
7f46db31e000-7f46db365000 r--p 00118000 00:23 713814                     /usr/lib/libxml2.so.16.1.3
7f46db365000-7f46db36e000 r--p 0015f000 00:23 713814                     /usr/lib/libxml2.so.16.1.3
7f46db36e000-7f46db36f000 rw-p 00168000 00:23 713814                     /usr/lib/libxml2.so.16.1.3
7f46db36f000-7f46db370000 rw-p 00000000 00:00 0 
7f46db370000-7f46db376000 r--p 00000000 00:23 1298937                    /usr/lib/libedit.so.0.0.78
7f46db376000-7f46db3a7000 r-xp 00006000 00:23 1298937                    /usr/lib/libedit.so.0.0.78
7f46db3a7000-7f46db3b5000 r--p 00037000 00:23 1298937                    /usr/lib/libedit.so.0.0.78
7f46db3b5000-7f46db3b8000 r--p 00044000 00:23 1298937                    /usr/lib/libedit.so.0.0.78
7f46db3b8000-7f46db3b9000 rw-p 00047000 00:23 1298937                    /usr/lib/libedit.so.0.0.78
7f46db3b9000-7f46db3bc000 rw-p 00000000 00:00 0 
7f46db3bc000-7f46db3be000 r--p 00000000 00:23 3183693                    /usr/lib/libffi.so.8.5.0
7f46db3be000-7f46db3c7000 r-xp 00002000 00:23 3183693                    /usr/lib/libffi.so.8.5.0
7f46db3c7000-7f46db3c9000 r--p 0000b000 00:23 3183693                    /usr/lib/libffi.so.8.5.0
7f46db3c9000-7f46db3ca000 r--p 0000c000 00:23 3183693                    /usr/lib/libffi.so.8.5.0
7f46db3ca000-7f46db3cb000 rw-p 0000d000 00:23 3183693                    /usr/lib/libffi.so.8.5.0
7f46db3cb000-7f46db3ce000 r--p 00000000 00:23 1472431                    /usr/lib/libdrm_intel.so.1.134.0
7f46db3ce000-7f46db3e9000 r-xp 00003000 00:23 1472431                    /usr/lib/libdrm_intel.so.1.134.0
7f46db3e9000-7f46db3f3000 r--p 0001e000 00:23 1472431                    /usr/lib/libdrm_intel.so.1.134.0
7f46db3f3000-7f46db3f4000 r--p 00028000 00:23 1472431                    /usr/lib/libdrm_intel.so.1.134.0
7f46db3f4000-7f46db3f5000 rw-p 00029000 00:23 1472431                    /usr/lib/libdrm_intel.so.1.134.0
7f46db3f5000-7f46db3f8000 r--p 00000000 00:23 3393268                    /usr/lib/libelf-0.196.so
7f46db3f8000-7f46db40c000 r-xp 00003000 00:23 3393268                    /usr/lib/libelf-0.196.so
7f46db40c000-7f46db411000 r--p 00017000 00:23 3393268                    /usr/lib/libelf-0.196.so
7f46db411000-7f46db412000 r--p 0001b000 00:23 3393268                    /usr/lib/libelf-0.196.so
7f46db412000-7f46db413000 rw-p 0001c000 00:23 3393268                    /usr/lib/libelf-0.196.so
7f46db413000-7f46db42c000 r--p 00000000 00:23 3186374                    /usr/lib/libSPIRV-Tools.so
7f46db42c000-7f46db575000 r-xp 00019000 00:23 3186374                    /usr/lib/libSPIRV-Tools.so
7f46db575000-7f46db5fc000 r--p 00162000 00:23 3186374                    /usr/lib/libSPIRV-Tools.so
7f46db5fc000-7f46db5ff000 r--p 001e9000 00:23 3186374                    /usr/lib/libSPIRV-Tools.so
7f46db5ff000-7f46db600000 rw-p 001ec000 00:23 3186374                    /usr/lib/libSPIRV-Tools.so
7f46db600000-7f46df930000 r--p 00000000 00:23 2455173                    /usr/lib/libLLVM.so.22.1
7f46df930000-7f46e41f2000 r-xp 0432f000 00:23 2455173                    /usr/lib/libLLVM.so.22.1
7f46e41f2000-7f46e441a000 r--p 08bf0000 00:23 2455173                    /usr/lib/libLLVM.so.22.1
7f46e441a000-7f46e4424000 rw-p 08e17000 00:23 2455173                    /usr/lib/libLLVM.so.22.1
7f46e4424000-7f46e44d0000 rw-p 00000000 00:00 0 
7f46e44d0000-7f46e44d2000 rw-s 103e2a000 00:11 2116                      anon_inode:i915.gem
7f46e44d2000-7f46e44d6000 rw-s 125ca3000 00:11 2116                      anon_inode:i915.gem
7f46e44d6000-7f46e44d9000 r--p 00000000 00:23 1472428                    /usr/lib/libdrm_amdgpu.so.1.134.0
7f46e44d9000-7f46e44e0000 r-xp 00003000 00:23 1472428                    /usr/lib/libdrm_amdgpu.so.1.134.0
7f46e44e0000-7f46e44e2000 r--p 0000a000 00:23 1472428                    /usr/lib/libdrm_amdgpu.so.1.134.0
7f46e44e2000-7f46e44e3000 r--p 0000c000 00:23 1472428                    /usr/lib/libdrm_amdgpu.so.1.134.0
7f46e44e3000-7f46e44e4000 rw-p 0000d000 00:23 1472428                    /usr/lib/libdrm_amdgpu.so.1.134.0
7f46e44e4000-7f46e44e7000 r--p 00000000 00:23 122707                     /usr/lib/libxcb-sync.so.1.0.0
7f46e44e7000-7f46e44ea000 r-xp 00003000 00:23 122707                     /usr/lib/libxcb-sync.so.1.0.0
7f46e44ea000-7f46e44eb000 r--p 00006000 00:23 122707                     /usr/lib/libxcb-sync.so.1.0.0
7f46e44eb000-7f46e44ec000 r--p 00007000 00:23 122707                     /usr/lib/libxcb-sync.so.1.0.0
7f46e44ec000-7f46e44ed000 rw-p 00008000 00:23 122707                     /usr/lib/libxcb-sync.so.1.0.0
7f46e44ed000-7f46e44f8000 r--p 00000000 00:23 16834                      /usr/lib/libzstd.so.1.5.7
7f46e44f8000-7f46e45e8000 r-xp 0000b000 00:23 16834                      /usr/lib/libzstd.so.1.5.7
7f46e45e8000-7f46e45fe000 r--p 000fb000 00:23 16834                      /usr/lib/libzstd.so.1.5.7
7f46e45fe000-7f46e45ff000 r--p 00110000 00:23 16834                      /usr/lib/libzstd.so.1.5.7
7f46e45ff000-7f46e4600000 rw-p 00111000 00:23 16834                      /usr/lib/libzstd.so.1.5.7
7f46e4600000-7f46e461b000 r--p 00000000 00:23 3449444                    /usr/lib/libgallium-26.2.1-arch3.1.so
7f46e461b000-7f46e668c000 r-xp 0001b000 00:23 3449444                    /usr/lib/libgallium-26.2.1-arch3.1.so
7f46e668c000-7f46e7932000 r--p 0208c000 00:23 3449444                    /usr/lib/libgallium-26.2.1-arch3.1.so
7f46e7932000-7f46e7ab0000 r--p 03331000 00:23 3449444                    /usr/lib/libgallium-26.2.1-arch3.1.so
7f46e7ab0000-7f46e7aee000 rw-p 034af000 00:23 3449444                    /usr/lib/libgallium-26.2.1-arch3.1.so
7f46e7aee000-7f46e7cbc000 rw-p 00000000 00:00 0 
7f46e7cbc000-7f46e7cbe000 rw-s 109963000 00:11 2116                      anon_inode:i915.gem
7f46e7cbe000-7f46e7cc2000 rw-s 1031af000 00:11 2116                      anon_inode:i915.gem
7f46e7cc2000-7f46e7cc9000 r--p 00000000 00:23 122686                     /usr/lib/libxcb-randr.so.0.1.0
7f46e7cc9000-7f46e7ccf000 r-xp 00007000 00:23 122686                     /usr/lib/libxcb-randr.so.0.1.0
7f46e7ccf000-7f46e7cd2000 r--p 0000d000 00:23 122686                     /usr/lib/libxcb-randr.so.0.1.0
7f46e7cd2000-7f46e7cd3000 r--p 00010000 00:23 122686                     /usr/lib/libxcb-randr.so.0.1.0
7f46e7cd3000-7f46e7cd4000 rw-p 00011000 00:23 122686                     /usr/lib/libxcb-randr.so.0.1.0
7f46e7cd4000-7f46e7cd6000 r--p 00000000 00:23 3183318                    /usr/lib/libexpat.so.1.12.3
7f46e7cd6000-7f46e7cff000 r-xp 00002000 00:23 3183318                    /usr/lib/libexpat.so.1.12.3
7f46e7cff000-7f46e7d08000 r--p 0002b000 00:23 3183318                    /usr/lib/libexpat.so.1.12.3
7f46e7d08000-7f46e7d0a000 r--p 00033000 00:23 3183318                    /usr/lib/libexpat.so.1.12.3
7f46e7d0a000-7f46e7d0b000 rw-p 00035000 00:23 3183318                    /usr/lib/libexpat.so.1.12.3
7f46e7d0b000-7f46e7d17000 r--p 00000000 00:23 122680                     /usr/lib/libxcb-glx.so.0.0.0
7f46e7d17000-7f46e7d20000 r-xp 0000c000 00:23 122680                     /usr/lib/libxcb-glx.so.0.0.0
7f46e7d20000-7f46e7d25000 r--p 00015000 00:23 122680                     /usr/lib/libxcb-glx.so.0.0.0
7f46e7d25000-7f46e7d27000 r--p 0001a000 00:23 122680                     /usr/lib/libxcb-glx.so.0.0.0
7f46e7d27000-7f46e7d28000 rw-p 0001c000 00:23 122680                     /usr/lib/libxcb-glx.so.0.0.0
7f46e7d28000-7f46e7d2d000 r--p 00000000 00:23 3449443                    /usr/lib/libGLX_mesa.so.0.0.0
7f46e7d2d000-7f46e7d6f000 r-xp 00005000 00:23 3449443                    /usr/lib/libGLX_mesa.so.0.0.0
7f46e7d6f000-7f46e7d80000 r--p 00047000 00:23 3449443                    /usr/lib/libGLX_mesa.so.0.0.0
7f46e7d80000-7f46e7d84000 r--p 00058000 00:23 3449443                    /usr/lib/libGLX_mesa.so.0.0.0
7f46e7d84000-7f46e7d85000 rw-p 0005c000 00:23 3449443                    /usr/lib/libGLX_mesa.so.0.0.0
7f46e7d85000-7f46e7d87000 r--p 00000000 00:23 129284                     /usr/lib/libGLdispatch.so.0.0.0
7f46e7d87000-7f46e7dc6000 r-xp 00002000 00:23 129284                     /usr/lib/libGLdispatch.so.0.0.0
7f46e7dc6000-7f46e7dd9000 r--p 00041000 00:23 129284                     /usr/lib/libGLdispatch.so.0.0.0
7f46e7dd9000-7f46e7df5000 r--p 00054000 00:23 129284                     /usr/lib/libGLdispatch.so.0.0.0
7f46e7df5000-7f46e7df6000 rw-p 00070000 00:23 129284                     /usr/lib/libGLdispatch.so.0.0.0
7f46e7df6000-7f46e7dfe000 rw-p 00000000 00:00 0 
7f46e7dfe000-7f46e8000000 rw-p 00000000 00:00 0 
7f46e8000000-7f46ea450000 rw-p 00000000 00:00 0 
7f46ea450000-7f46ec000000 ---p 00000000 00:00 0 
7f46ec000000-7f46f0000000 rw-s 00000000 00:01 17943                      /memfd:pulseaudio (deleted)
7f46f0000000-7f46f0400000 rw-p 00000000 00:00 0 
7f46f0400000-7f46f0700000 rw-p 00000000 00:00 0 
7f46f0700000-7f46f0800000 rw-p 00000000 00:00 0 
7f46f0800000-7f46f11b0000 rw-p 00000000 00:00 0 
7f46f11b0000-7f46f1200000 ---p 00000000 00:00 0 
7f46f1200000-7f46f1580000 rw-p 00000000 00:00 0 
7f46f1580000-7f46f1700000 rw-p 00000000 00:00 0 
7f46f1700000-7f46f1740000 rw-p 00000000 00:00 0 
7f46f1740000-7f46f1800000 rw-p 00000000 00:00 0 
7f46f1800000-7f46f1970000 rw-p 00000000 00:00 0 
7f46f1970000-7f46f4000000 ---p 00000000 00:00 0 
7f46f4000000-7f46f7f7d000 rw-p 00000000 00:00 0 
7f46f7f7d000-7f46f8000000 ---p 00000000 00:00 0 
7f46f8000000-7f46fbf6c000 rw-p 00000000 00:00 0 
7f46fbf6c000-7f46fc000000 ---p 00000000 00:00 0 
7f46fc000000-7f46fee5c000 rw-p 00000000 00:00 0 
7f46fee5c000-7f4700000000 ---p 00000000 00:00 0 
7f4700000000-7f4703ff6000 rw-p 00000000 00:00 0 
7f4703ff6000-7f4704000000 ---p 00000000 00:00 0 
7f4704000000-7f4707ffe000 rw-p 00000000 00:00 0 
7f4707ffe000-7f4708000000 ---p 00000000 00:00 0 
7f4708000000-7f470ba18000 rw-p 00000000 00:00 0 
7f470ba18000-7f470c000000 ---p 00000000 00:00 0 
7f470c001000-7f470c003000 rw-s 1009d8000 00:11 2116                      anon_inode:i915.gem
7f470c003000-7f470c007000 rw-s 103763000 00:11 2116                      anon_inode:i915.gem
7f470c007000-7f470c00c000 r--p 00000000 00:23 1472425                    /usr/lib/libdrm.so.2.134.0
7f470c00c000-7f470c01a000 r-xp 00005000 00:23 1472425                    /usr/lib/libdrm.so.2.134.0
7f470c01a000-7f470c01e000 r--p 00013000 00:23 1472425                    /usr/lib/libdrm.so.2.134.0
7f470c01e000-7f470c01f000 r--p 00017000 00:23 1472425                    /usr/lib/libdrm.so.2.134.0
7f470c01f000-7f470c020000 rw-p 00018000 00:23 1472425                    /usr/lib/libdrm.so.2.134.0
7f470c020000-7f470c04f000 r--p 00000000 00:23 129275                     /usr/lib/libGL.so.1.7.0
7f470c04f000-7f470c06e000 r-xp 0002f000 00:23 129275                     /usr/lib/libGL.so.1.7.0
7f470c06e000-7f470c083000 r--p 0004e000 00:23 129275                     /usr/lib/libGL.so.1.7.0
7f470c083000-7f470c091000 r--p 00062000 00:23 129275                     /usr/lib/libGL.so.1.7.0
7f470c091000-7f470c092000 rw-p 00070000 00:23 129275                     /usr/lib/libGL.so.1.7.0
7f470c092000-7f470c093000 rw-p 00000000 00:00 0 
7f470c093000-7f470c094000 rw-p 00000000 00:00 0 
7f470c094000-7f470c098000 ---p 00000000 00:00 0 
7f470c098000-7f470ca96000 rw-p 00000000 00:00 0 
7f470ca96000-7f470ca9b000 r--p 00000000 00:23 3182523                    /usr/lib/libmvec.so.1
7f470ca9b000-7f470cabe000 r-xp 00005000 00:23 3182523                    /usr/lib/libmvec.so.1
7f470cabe000-7f470cb95000 r--p 00028000 00:23 3182523                    /usr/lib/libmvec.so.1
7f470cb95000-7f470cb96000 r--p 000ff000 00:23 3182523                    /usr/lib/libmvec.so.1
7f470cb96000-7f470cb97000 rw-p 00100000 00:23 3182523                    /usr/lib/libmvec.so.1
7f470cb97000-7f470cb9c000 r--p 00000000 00:23 2679537                    /usr/lib/libmp3lame.so.0.0.0
7f470cb9c000-7f470cbe0000 r-xp 00005000 00:23 2679537                    /usr/lib/libmp3lame.so.0.0.0
7f470cbe0000-7f470cbed000 r--p 00049000 00:23 2679537                    /usr/lib/libmp3lame.so.0.0.0
7f470cbed000-7f470cbee000 r--p 00056000 00:23 2679537                    /usr/lib/libmp3lame.so.0.0.0
7f470cbee000-7f470cbef000 rw-p 00057000 00:23 2679537                    /usr/lib/libmp3lame.so.0.0.0
7f470cbef000-7f470cc00000 rw-p 00000000 00:00 0 
7f470cc00000-7f470cc03000 r--p 00000000 00:23 163438                     /usr/lib/libopus.so.0.11.1
7f470cc03000-7f470ccbb000 r-xp 00003000 00:23 163438                     /usr/lib/libopus.so.0.11.1
7f470ccbb000-7f470d038000 r--p 000bb000 00:23 163438                     /usr/lib/libopus.so.0.11.1
7f470d038000-7f470d03c000 r--p 00437000 00:23 163438                     /usr/lib/libopus.so.0.11.1
7f470d03c000-7f470d03d000 rw-p 0043b000 00:23 163438                     /usr/lib/libopus.so.0.11.1
7f470d03d000-7f470d041000 rw-s 100d79000 00:11 2116                      anon_inode:i915.gem
7f470d041000-7f470d043000 r--p 00000000 00:23 1205277                    /usr/lib/libsensors.so.5.0.0
7f470d043000-7f470d04d000 r-xp 00002000 00:23 1205277                    /usr/lib/libsensors.so.5.0.0
7f470d04d000-7f470d051000 r--p 0000c000 00:23 1205277                    /usr/lib/libsensors.so.5.0.0
7f470d051000-7f470d052000 r--p 00010000 00:23 1205277                    /usr/lib/libsensors.so.5.0.0
7f470d052000-7f470d053000 rw-p 00011000 00:23 1205277                    /usr/lib/libsensors.so.5.0.0
7f470d053000-7f470d055000 r--p 00000000 00:23 129281                     /usr/lib/libGLX.so.0.0.0
7f470d055000-7f470d070000 r-xp 00002000 00:23 129281                     /usr/lib/libGLX.so.0.0.0
7f470d070000-7f470d073000 r--p 0001d000 00:23 129281                     /usr/lib/libGLX.so.0.0.0
7f470d073000-7f470d074000 r--p 00020000 00:23 129281                     /usr/lib/libGLX.so.0.0.0
7f470d074000-7f470d075000 rw-p 00021000 00:23 129281                     /usr/lib/libGLX.so.0.0.0
7f470d075000-7f470d085000 rw-p 00000000 00:00 0 
7f470d085000-7f470d089000 r--p 00000000 00:23 3188656                    /usr/lib/libmpg123.so.0.49.4
7f470d089000-7f470d0dc000 r-xp 00004000 00:23 3188656                    /usr/lib/libmpg123.so.0.49.4
7f470d0dc000-7f470d0f7000 r--p 00057000 00:23 3188656                    /usr/lib/libmpg123.so.0.49.4
7f470d0f7000-7f470d0f8000 r--p 00072000 00:23 3188656                    /usr/lib/libmpg123.so.0.49.4
7f470d0f8000-7f470d0f9000 rw-p 00073000 00:23 3188656                    /usr/lib/libmpg123.so.0.49.4
7f470d0f9000-7f470d102000 r--p 00000000 00:23 163393                     /usr/lib/libFLAC.so.14.0.0
7f470d102000-7f470d15b000 r-xp 00009000 00:23 163393                     /usr/lib/libFLAC.so.14.0.0
7f470d15b000-7f470d164000 r--p 00062000 00:23 163393                     /usr/lib/libFLAC.so.14.0.0
7f470d164000-7f470d165000 r--p 0006b000 00:23 163393                     /usr/lib/libFLAC.so.14.0.0
7f470d165000-7f470d166000 rw-p 0006c000 00:23 163393                     /usr/lib/libFLAC.so.14.0.0
7f470d166000-7f470d167000 r--p 00000000 00:23 163415                     /usr/lib/libvorbisenc.so.2.0.12
7f470d167000-7f470d16c000 r-xp 00001000 00:23 163415                     /usr/lib/libvorbisenc.so.2.0.12
7f470d16c000-7f470d1e3000 r--p 00006000 00:23 163415                     /usr/lib/libvorbisenc.so.2.0.12
7f470d1e3000-7f470d1ff000 r--p 0007c000 00:23 163415                     /usr/lib/libvorbisenc.so.2.0.12
7f470d1ff000-7f470d200000 rw-p 00098000 00:23 163415                     /usr/lib/libvorbisenc.so.2.0.12
7f470d200000-7f470d255000 r-xp 00000000 00:3b 1943                       /tmp/libgdxmirtemir/31ce78a2/libopenal64.so
7f470d255000-7f470d454000 ---p 00055000 00:3b 1943                       /tmp/libgdxmirtemir/31ce78a2/libopenal64.so
7f470d454000-7f470d457000 r--p 00054000 00:3b 1943                       /tmp/libgdxmirtemir/31ce78a2/libopenal64.so
7f470d457000-7f470d458000 rw-p 00057000 00:3b 1943                       /tmp/libgdxmirtemir/31ce78a2/libopenal64.so
7f470d458000-7f470d459000 rw-p 00000000 00:00 0 
7f470d459000-7f470d45b000 rw-s 103310000 00:11 2116                      anon_inode:i915.gem
7f470d45b000-7f470d45c000 r--p 00000000 00:23 128960                     /usr/lib/libxshmfence.so.1.0.0
7f470d45c000-7f470d45d000 r-xp 00001000 00:23 128960                     /usr/lib/libxshmfence.so.1.0.0
7f470d45d000-7f470d45e000 r--p 00002000 00:23 128960                     /usr/lib/libxshmfence.so.1.0.0
7f470d45e000-7f470d45f000 r--p 00002000 00:23 128960                     /usr/lib/libxshmfence.so.1.0.0
7f470d45f000-7f470d460000 rw-p 00003000 00:23 128960                     /usr/lib/libxshmfence.so.1.0.0
7f470d460000-7f470d463000 r--p 00000000 00:23 122713                     /usr/lib/libxcb-xfixes.so.0.0.0
7f470d463000-7f470d466000 r-xp 00003000 00:23 122713                     /usr/lib/libxcb-xfixes.so.0.0.0
7f470d466000-7f470d467000 r--p 00006000 00:23 122713                     /usr/lib/libxcb-xfixes.so.0.0.0
7f470d467000-7f470d468000 r--p 00007000 00:23 122713                     /usr/lib/libxcb-xfixes.so.0.0.0
7f470d468000-7f470d469000 rw-p 00008000 00:23 122713                     /usr/lib/libxcb-xfixes.so.0.0.0
7f470d469000-7f470d46d000 r--p 00000000 00:23 163412                     /usr/lib/libvorbis.so.0.4.9
7f470d46d000-7f470d49e000 r-xp 00004000 00:23 163412                     /usr/lib/libvorbis.so.0.4.9
7f470d49e000-7f470d4b0000 r--p 00035000 00:23 163412                     /usr/lib/libvorbis.so.0.4.9
7f470d4b0000-7f470d4b1000 r--p 00046000 00:23 163412                     /usr/lib/libvorbis.so.0.4.9
7f470d4b1000-7f470d4b2000 rw-p 00047000 00:23 163412                     /usr/lib/libvorbis.so.0.4.9
7f470d4b2000-7f470d4b7000 r--p 00000000 00:23 163466                     /usr/lib/libsndfile.so.1.0.37
7f470d4b7000-7f470d552000 r-xp 00005000 00:23 163466                     /usr/lib/libsndfile.so.1.0.37
7f470d552000-7f470d56e000 r--p 000a0000 00:23 163466                     /usr/lib/libsndfile.so.1.0.37
7f470d56e000-7f470d571000 r--p 000bc000 00:23 163466                     /usr/lib/libsndfile.so.1.0.37
7f470d571000-7f470d572000 rw-p 000bf000 00:23 163466                     /usr/lib/libsndfile.so.1.0.37
7f470d572000-7f470d574000 rw-p 00000000 00:00 0 
7f470d574000-7f470d588000 r--p 00000000 00:23 163665                     /usr/lib/pulseaudio/libpulsecommon-17.0.so
7f470d588000-7f470d5d7000 r-xp 00014000 00:23 163665                     /usr/lib/pulseaudio/libpulsecommon-17.0.so
7f470d5d7000-7f470d5fd000 r--p 00063000 00:23 163665                     /usr/lib/pulseaudio/libpulsecommon-17.0.so
7f470d5fd000-7f470d5ff000 r--p 00089000 00:23 163665                     /usr/lib/pulseaudio/libpulsecommon-17.0.so
7f470d5ff000-7f470d600000 rw-p 0008b000 00:23 163665                     /usr/lib/pulseaudio/libpulsecommon-17.0.so
7f470d600000-7f470d670000 r-xp 00000000 00:3b 1942                       /tmp/libgdxmirtemir/31ce78a2/liblwjgl64.so
7f470d670000-7f470d870000 ---p 00070000 00:3b 1942                       /tmp/libgdxmirtemir/31ce78a2/liblwjgl64.so
7f470d870000-7f470d872000 r--p 00070000 00:3b 1942                       /tmp/libgdxmirtemir/31ce78a2/liblwjgl64.so
7f470d872000-7f470d873000 rw-p 00072000 00:3b 1942                       /tmp/libgdxmirtemir/31ce78a2/liblwjgl64.so
7f470d873000-7f470d874000 r--p 00000000 00:23 122683                     /usr/lib/libxcb-present.so.0.0.0
7f470d874000-7f470d875000 r-xp 00001000 00:23 122683                     /usr/lib/libxcb-present.so.0.0.0
7f470d875000-7f470d876000 r--p 00002000 00:23 122683                     /usr/lib/libxcb-present.so.0.0.0
7f470d876000-7f470d877000 r--p 00002000 00:23 122683                     /usr/lib/libxcb-present.so.0.0.0
7f470d877000-7f470d878000 rw-p 00003000 00:23 122683                     /usr/lib/libxcb-present.so.0.0.0
7f470d878000-7f470d87a000 r--p 00000000 00:23 122677                     /usr/lib/libxcb-dri3.so.0.1.0
7f470d87a000-7f470d87c000 r-xp 00002000 00:23 122677                     /usr/lib/libxcb-dri3.so.0.1.0
7f470d87c000-7f470d87d000 r--p 00004000 00:23 122677                     /usr/lib/libxcb-dri3.so.0.1.0
7f470d87d000-7f470d87e000 r--p 00004000 00:23 122677                     /usr/lib/libxcb-dri3.so.0.1.0
7f470d87e000-7f470d87f000 rw-p 00005000 00:23 122677                     /usr/lib/libxcb-dri3.so.0.1.0
7f470d87f000-7f470d880000 r--p 00000000 00:23 122704                     /usr/lib/libxcb-shm.so.0.0.0
7f470d880000-7f470d881000 r-xp 00001000 00:23 122704                     /usr/lib/libxcb-shm.so.0.0.0
7f470d881000-7f470d882000 r--p 00002000 00:23 122704                     /usr/lib/libxcb-shm.so.0.0.0
7f470d882000-7f470d883000 r--p 00002000 00:23 122704                     /usr/lib/libxcb-shm.so.0.0.0
7f470d883000-7f470d884000 rw-p 00003000 00:23 122704                     /usr/lib/libxcb-shm.so.0.0.0
7f470d884000-7f470d885000 r--p 00000000 00:23 125096                     /usr/lib/libX11-xcb.so.1.0.0
7f470d885000-7f470d886000 r-xp 00001000 00:23 125096                     /usr/lib/libX11-xcb.so.1.0.0
7f470d886000-7f470d887000 r--p 00002000 00:23 125096                     /usr/lib/libX11-xcb.so.1.0.0
7f470d887000-7f470d888000 r--p 00002000 00:23 125096                     /usr/lib/libX11-xcb.so.1.0.0
7f470d888000-7f470d889000 rw-p 00003000 00:23 125096                     /usr/lib/libX11-xcb.so.1.0.0
7f470d889000-7f470d88a000 rw-p 00000000 00:00 0 
7f470d88a000-7f470d88e000 ---p 00000000 00:00 0 
7f470d88e000-7f470d8ac000 rw-p 00000000 00:00 0 
7f470d8ac000-7f470d8b8000 r--p 00000000 00:23 163660                     /usr/lib/libpulse.so.0.24.3
7f470d8b8000-7f470d8ec000 r-xp 0000c000 00:23 163660                     /usr/lib/libpulse.so.0.24.3
7f470d8ec000-7f470d902000 r--p 00040000 00:23 163660                     /usr/lib/libpulse.so.0.24.3
7f470d902000-7f470d904000 r--p 00055000 00:23 163660                     /usr/lib/libpulse.so.0.24.3
7f470d904000-7f470d905000 rw-p 00057000 00:23 163660                     /usr/lib/libpulse.so.0.24.3
7f470d905000-7f470d906000 rw-p 00000000 00:00 0 
7f470d906000-7f470d90a000 ---p 00000000 00:00 0 
7f470d90a000-7f470da07000 rw-p 00000000 00:00 0 
7f470da07000-7f470da0b000 ---p 00000000 00:00 0 
7f470da0b000-7f470dc08000 rw-p 00000000 00:00 0 
7f470dc08000-7f470dc26000 r--p 00000000 00:23 3184066                    /usr/lib/libglib-2.0.so.0.8800.3
7f470dc26000-7f470dcf4000 r-xp 0001e000 00:23 3184066                    /usr/lib/libglib-2.0.so.0.8800.3
7f470dcf4000-7f470dd88000 r--p 000ec000 00:23 3184066                    /usr/lib/libglib-2.0.so.0.8800.3
7f470dd88000-7f470dd89000 r--p 00180000 00:23 3184066                    /usr/lib/libglib-2.0.so.0.8800.3
7f470dd89000-7f470dd8a000 rw-p 00181000 00:23 3184066                    /usr/lib/libglib-2.0.so.0.8800.3
7f470dd8a000-7f470dd8b000 rw-p 00000000 00:00 0 
7f470dd8b000-7f470dd91000 r--p 00000000 00:23 574874                     /usr/lib/libfreetype.so.6.20.6
7f470dd91000-7f470de66000 r-xp 00006000 00:23 574874                     /usr/lib/libfreetype.so.6.20.6
7f470de66000-7f470de91000 r--p 000db000 00:23 574874                     /usr/lib/libfreetype.so.6.20.6
7f470de91000-7f470de99000 r--p 00106000 00:23 574874                     /usr/lib/libfreetype.so.6.20.6
7f470de99000-7f470de9a000 rw-p 0010e000 00:23 574874                     /usr/lib/libfreetype.so.6.20.6
7f470de9a000-7f470dea7000 r--p 00000000 00:23 3348081                    /usr/lib/libharfbuzz.so.0.61431.0
7f470dea7000-7f470dfc9000 r-xp 0000d000 00:23 3348081                    /usr/lib/libharfbuzz.so.0.61431.0
7f470dfc9000-7f470dffd000 r--p 0012f000 00:23 3348081                    /usr/lib/libharfbuzz.so.0.61431.0
7f470dffd000-7f470dfff000 r--p 00162000 00:23 3348081                    /usr/lib/libharfbuzz.so.0.61431.0
7f470dfff000-7f470e000000 rw-p 00164000 00:23 3348081                    /usr/lib/libharfbuzz.so.0.61431.0
7f470e000000-7f470e038000 r-xp 00000000 00:3b 1939                       /tmp/libgdxmirtemir/b793cc16/libgdx64.so
7f470e038000-7f470e237000 ---p 00038000 00:3b 1939                       /tmp/libgdxmirtemir/b793cc16/libgdx64.so
7f470e237000-7f470e238000 r--p 00037000 00:3b 1939                       /tmp/libgdxmirtemir/b793cc16/libgdx64.so
7f470e238000-7f470e239000 rw-p 00038000 00:3b 1939                       /tmp/libgdxmirtemir/b793cc16/libgdx64.so
7f470e239000-7f470e23b000 rw-s 10fa65000 00:11 2116                      anon_inode:i915.gem
7f470e23b000-7f470e242000 r--s 00000000 00:23 3303891                    /usr/lib/gconv/gconv-modules.cache
7f470e242000-7f470e244000 r--p 00000000 00:23 163270                     /usr/lib/libogg.so.0.8.6
7f470e244000-7f470e248000 r-xp 00002000 00:23 163270                     /usr/lib/libogg.so.0.8.6
7f470e248000-7f470e24b000 r--p 00006000 00:23 163270                     /usr/lib/libogg.so.0.8.6
7f470e24b000-7f470e24c000 r--p 00009000 00:23 163270                     /usr/lib/libogg.so.0.8.6
7f470e24c000-7f470e24d000 rw-p 0000a000 00:23 163270                     /usr/lib/libogg.so.0.8.6
7f470e24d000-7f470e24f000 r--p 00000000 00:23 163597                     /usr/lib/libasyncns.so.0.3.1
7f470e24f000-7f470e252000 r-xp 00002000 00:23 163597                     /usr/lib/libasyncns.so.0.3.1
7f470e252000-7f470e253000 r--p 00005000 00:23 163597                     /usr/lib/libasyncns.so.0.3.1
7f470e253000-7f470e254000 r--p 00005000 00:23 163597                     /usr/lib/libasyncns.so.0.3.1
7f470e254000-7f470e255000 rw-p 00006000 00:23 163597                     /usr/lib/libasyncns.so.0.3.1
7f470e255000-7f470e256000 r--p 00000000 00:23 3182540                    /usr/lib/librt.so.1
7f470e256000-7f470e257000 r-xp 00001000 00:23 3182540                    /usr/lib/librt.so.1
7f470e257000-7f470e258000 r--p 00002000 00:23 3182540                    /usr/lib/librt.so.1
7f470e258000-7f470e259000 r--p 00002000 00:23 3182540                    /usr/lib/librt.so.1
7f470e259000-7f470e25a000 rw-p 00003000 00:23 3182540                    /usr/lib/librt.so.1
7f470e25a000-7f470e25b000 r--p 00000000 00:23 128971                     /usr/lib/libXxf86vm.so.1.0.0
7f470e25b000-7f470e25f000 r-xp 00001000 00:23 128971                     /usr/lib/libXxf86vm.so.1.0.0
7f470e25f000-7f470e260000 r--p 00005000 00:23 128971                     /usr/lib/libXxf86vm.so.1.0.0
7f470e260000-7f470e261000 r--p 00005000 00:23 128971                     /usr/lib/libXxf86vm.so.1.0.0
7f470e261000-7f470e262000 rw-p 00006000 00:23 128971                     /usr/lib/libXxf86vm.so.1.0.0
7f470e262000-7f470e264000 r--p 00000000 00:23 145770                     /usr/lib/libXrandr.so.2.2.0
7f470e264000-7f470e26d000 r-xp 00002000 00:23 145770                     /usr/lib/libXrandr.so.2.2.0
7f470e26d000-7f470e26f000 r--p 0000b000 00:23 145770                     /usr/lib/libXrandr.so.2.2.0
7f470e26f000-7f470e270000 r--p 0000c000 00:23 145770                     /usr/lib/libXrandr.so.2.2.0
7f470e270000-7f470e271000 rw-p 0000d000 00:23 145770                     /usr/lib/libXrandr.so.2.2.0
7f470e271000-7f470e273000 r--p 00000000 00:23 143878                     /usr/lib/libXfixes.so.3.1.0
7f470e273000-7f470e276000 r-xp 00002000 00:23 143878                     /usr/lib/libXfixes.so.3.1.0
7f470e276000-7f470e277000 r--p 00005000 00:23 143878                     /usr/lib/libXfixes.so.3.1.0
7f470e277000-7f470e278000 r--p 00006000 00:23 143878                     /usr/lib/libXfixes.so.3.1.0
7f470e278000-7f470e279000 rw-p 00007000 00:23 143878                     /usr/lib/libXfixes.so.3.1.0
7f470e279000-7f470e27a000 r--p 00000000 00:23 19847                      /usr/lib/libbrotlicommon.so.1.2.0
7f470e27a000-7f470e27b000 r-xp 00001000 00:23 19847                      /usr/lib/libbrotlicommon.so.1.2.0
7f470e27b000-7f470e29a000 r--p 00002000 00:23 19847                      /usr/lib/libbrotlicommon.so.1.2.0
7f470e29a000-7f470e29b000 r--p 00021000 00:23 19847                      /usr/lib/libbrotlicommon.so.1.2.0
7f470e29b000-7f470e29c000 rw-p 00022000 00:23 19847                      /usr/lib/libbrotlicommon.so.1.2.0
7f470e29c000-7f470e2b3000 r--p 00000000 00:23 125099                     /usr/lib/libX11.so.6.4.0
7f470e2b3000-7f470e365000 r-xp 00017000 00:23 125099                     /usr/lib/libX11.so.6.4.0
7f470e365000-7f470e3f9000 r--p 000c9000 00:23 125099                     /usr/lib/libX11.so.6.4.0
7f470e3f9000-7f470e3fc000 r--p 0015d000 00:23 125099                     /usr/lib/libX11.so.6.4.0
7f470e3fc000-7f470e3ff000 rw-p 00160000 00:23 125099                     /usr/lib/libX11.so.6.4.0
7f470e3ff000-7f470e400000 rw-p 00000000 00:00 0 
7f470e400000-7f470e440000 r-xp 00000000 00:3b 1936                       /tmp/steamworks4j/1.8.0/libsteamworks4j.so
7f470e440000-7f470e63f000 ---p 00040000 00:3b 1936                       /tmp/steamworks4j/1.8.0/libsteamworks4j.so
7f470e63f000-7f470e643000 r--p 0003f000 00:3b 1936                       /tmp/steamworks4j/1.8.0/libsteamworks4j.so
7f470e643000-7f470e644000 rw-p 00043000 00:3b 1936                       /tmp/steamworks4j/1.8.0/libsteamworks4j.so
7f470e644000-7f470e645000 rw-s 00000000 00:01 15342                      /memfd:xshmfence (deleted)
7f470e645000-7f470e646000 rw-s 00000000 00:01 16755                      /memfd:xshmfence (deleted)
7f470e646000-7f470e649000 r--p 00000000 00:23 18974                      /usr/lib/libpcre2-8.so.0.15.0
7f470e649000-7f470e6dd000 r-xp 00003000 00:23 18974                      /usr/lib/libpcre2-8.so.0.15.0
7f470e6dd000-7f470e70c000 r--p 00097000 00:23 18974                      /usr/lib/libpcre2-8.so.0.15.0
7f470e70c000-7f470e70d000 r--p 000c5000 00:23 18974                      /usr/lib/libpcre2-8.so.0.15.0
7f470e70d000-7f470e70e000 rw-p 000c6000 00:23 18974                      /usr/lib/libpcre2-8.so.0.15.0
7f470e70e000-7f470e712000 r--p 00000000 00:23 2947389                    /usr/lib/jvm/java-26-openjdk/lib/libawt.so
7f470e712000-7f470e7c1000 r-xp 00004000 00:23 2947389                    /usr/lib/jvm/java-26-openjdk/lib/libawt.so
7f470e7c1000-7f470e7cf000 r--p 000b3000 00:23 2947389                    /usr/lib/jvm/java-26-openjdk/lib/libawt.so
7f470e7cf000-7f470e7d0000 r--p 000c0000 00:23 2947389                    /usr/lib/jvm/java-26-openjdk/lib/libawt.so
7f470e7d0000-7f470e7db000 rw-p 000c1000 00:23 2947389                    /usr/lib/jvm/java-26-openjdk/lib/libawt.so
7f470e7db000-7f470e800000 rw-p 00000000 00:00 0 
7f470e800000-7f470e846000 r-xp 00000000 00:3b 1934                       /tmp/steamworks4j/1.8.0/libsteam_api.so
7f470e846000-7f470ea46000 ---p 00046000 00:3b 1934                       /tmp/steamworks4j/1.8.0/libsteam_api.so
7f470ea46000-7f470ea4a000 r--p 00046000 00:3b 1934                       /tmp/steamworks4j/1.8.0/libsteam_api.so
7f470ea4a000-7f470ea4b000 rw-p 0004a000 00:3b 1934                       /tmp/steamworks4j/1.8.0/libsteam_api.so
7f470ea4b000-7f470ea5c000 rw-p 00000000 00:00 0 
7f470ea5c000-7f470ea5f000 r--p 00000000 00:23 145671                     /usr/lib/libXcursor.so.1.0.2
7f470ea5f000-7f470ea66000 r-xp 00003000 00:23 145671                     /usr/lib/libXcursor.so.1.0.2
7f470ea66000-7f470ea68000 r--p 0000a000 00:23 145671                     /usr/lib/libXcursor.so.1.0.2
7f470ea68000-7f470ea69000 r--p 0000b000 00:23 145671                     /usr/lib/libXcursor.so.1.0.2
7f470ea69000-7f470ea6a000 rw-p 0000c000 00:23 145671                     /usr/lib/libXcursor.so.1.0.2
7f470ea6a000-7f470ea70000 r--p 00000000 00:23 2272394                    /usr/lib/libpng16.so.16.58.0
7f470ea70000-7f470eab2000 r-xp 00006000 00:23 2272394                    /usr/lib/libpng16.so.16.58.0
7f470eab2000-7f470eabd000 r--p 00048000 00:23 2272394                    /usr/lib/libpng16.so.16.58.0
7f470eabd000-7f470eabe000 r--p 00053000 00:23 2272394                    /usr/lib/libpng16.so.16.58.0
7f470eabe000-7f470eabf000 rw-p 00054000 00:23 2272394                    /usr/lib/libpng16.so.16.58.0
7f470eabf000-7f470eac2000 r--p 00000000 00:23 150814                     /usr/lib/libz.so.1.3.1.zlib-ng
7f470eac2000-7f470eaec000 r-xp 00003000 00:23 150814                     /usr/lib/libz.so.1.3.1.zlib-ng
7f470eaec000-7f470eaf5000 r--p 0002d000 00:23 150814                     /usr/lib/libz.so.1.3.1.zlib-ng
7f470eaf5000-7f470eaf6000 r--p 00035000 00:23 150814                     /usr/lib/libz.so.1.3.1.zlib-ng
7f470eaf6000-7f470eaf7000 rw-p 00036000 00:23 150814                     /usr/lib/libz.so.1.3.1.zlib-ng
7f470eaf7000-7f470eaf8000 rw-p 00000000 00:00 0 
7f470eaf8000-7f470eafc000 ---p 00000000 00:00 0 
7f470eafc000-7f470ebf9000 rw-p 00000000 00:00 0 
7f470ebf9000-7f470ebfd000 ---p 00000000 00:00 0 
7f470ebfd000-7f470ecfa000 rw-p 00000000 00:00 0 
7f470ecfa000-7f470ecfe000 ---p 00000000 00:00 0 
7f470ecfe000-7f470edfb000 rw-p 00000000 00:00 0 
7f470edfb000-7f470edff000 ---p 00000000 00:00 0 
7f470edff000-7f470eefc000 rw-p 00000000 00:00 0 
7f470eefc000-7f470ef00000 ---p 00000000 00:00 0 
7f470ef00000-7f470effd000 rw-p 00000000 00:00 0 
7f470effd000-7f470f001000 ---p 00000000 00:00 0 
7f470f001000-7f470f0fe000 rw-p 00000000 00:00 0 
7f470f0fe000-7f470f102000 ---p 00000000 00:00 0 
7f470f102000-7f470f1ff000 rw-p 00000000 00:00 0 
7f470f1ff000-7f470f203000 ---p 00000000 00:00 0 
7f470f203000-7f470f300000 rw-p 00000000 00:00 0 
7f470f300000-7f470f304000 ---p 00000000 00:00 0 
7f470f304000-7f470f400000 rw-p 00000000 00:00 0 
7f470f400000-7f470f966000 r--p 00000000 00:23 3303889                    /usr/lib/locale/locale-archive
7f470f966000-7f470f968000 rw-s 103269000 00:11 2116                      anon_inode:i915.gem
7f470f968000-7f470f969000 r--p 00000000 00:23 19850                      /usr/lib/libbrotlidec.so.1.2.0
7f470f969000-7f470f973000 r-xp 00001000 00:23 19850                      /usr/lib/libbrotlidec.so.1.2.0
7f470f973000-7f470f976000 r--p 0000b000 00:23 19850                      /usr/lib/libbrotlidec.so.1.2.0
7f470f976000-7f470f977000 r--p 0000d000 00:23 19850                      /usr/lib/libbrotlidec.so.1.2.0
7f470f977000-7f470f978000 rw-p 0000e000 00:23 19850                      /usr/lib/libbrotlidec.so.1.2.0
7f470f978000-7f470f97a000 r--p 00000000 00:23 18700                      /usr/lib/libbz2.so.1.0.8
7f470f97a000-7f470f987000 r-xp 00002000 00:23 18700                      /usr/lib/libbz2.so.1.0.8
7f470f987000-7f470f989000 r--p 0000f000 00:23 18700                      /usr/lib/libbz2.so.1.0.8
7f470f989000-7f470f98a000 r--p 00010000 00:23 18700                      /usr/lib/libbz2.so.1.0.8
7f470f98a000-7f470f98b000 rw-p 00011000 00:23 18700                      /usr/lib/libbz2.so.1.0.8
7f470f98b000-7f470f98d000 r--p 00000000 00:23 1472158                    /usr/lib/libgraphite2.so.3.3.1
7f470f98d000-7f470f9a6000 r-xp 00002000 00:23 1472158                    /usr/lib/libgraphite2.so.3.3.1
7f470f9a6000-7f470f9ab000 r--p 0001b000 00:23 1472158                    /usr/lib/libgraphite2.so.3.3.1
7f470f9ab000-7f470f9ad000 r--p 0001f000 00:23 1472158                    /usr/lib/libgraphite2.so.3.3.1
7f470f9ad000-7f470f9ae000 rw-p 00021000 00:23 1472158                    /usr/lib/libgraphite2.so.3.3.1
7f470f9ae000-7f470f9b2000 r--p 00000000 00:23 2947394                    /usr/lib/jvm/java-26-openjdk/lib/libfontmanager.so
7f470f9b2000-7f470f9bb000 r-xp 00004000 00:23 2947394                    /usr/lib/jvm/java-26-openjdk/lib/libfontmanager.so
7f470f9bb000-7f470f9bd000 r--p 0000d000 00:23 2947394                    /usr/lib/jvm/java-26-openjdk/lib/libfontmanager.so
7f470f9bd000-7f470f9be000 r--p 0000f000 00:23 2947394                    /usr/lib/jvm/java-26-openjdk/lib/libfontmanager.so
7f470f9be000-7f470f9bf000 rw-p 00010000 00:23 2947394                    /usr/lib/jvm/java-26-openjdk/lib/libfontmanager.so
7f470f9bf000-7f470f9cb000 r--p 00000000 00:23 122734                     /usr/lib/libxcb.so.1.1.0
7f470f9cb000-7f470f9e1000 r-xp 0000c000 00:23 122734                     /usr/lib/libxcb.so.1.1.0
7f470f9e1000-7f470f9ea000 r--p 00022000 00:23 122734                     /usr/lib/libxcb.so.1.1.0
7f470f9ea000-7f470f9eb000 r--p 0002a000 00:23 122734                     /usr/lib/libxcb.so.1.1.0
7f470f9eb000-7f470f9ec000 rw-p 0002b000 00:23 122734                     /usr/lib/libxcb.so.1.1.0
7f470f9ec000-7f470f9ee000 r--p 00000000 00:23 126420                     /usr/lib/libXrender.so.1.3.0
7f470f9ee000-7f470f9f6000 r-xp 00002000 00:23 126420                     /usr/lib/libXrender.so.1.3.0
7f470f9f6000-7f470f9f8000 r--p 0000a000 00:23 126420                     /usr/lib/libXrender.so.1.3.0
7f470f9f8000-7f470f9f9000 r--p 0000b000 00:23 126420                     /usr/lib/libXrender.so.1.3.0
7f470f9f9000-7f470f9fa000 rw-p 0000c000 00:23 126420                     /usr/lib/libXrender.so.1.3.0
7f470f9fa000-7f470f9fb000 rw-p 00000000 00:00 0 
7f470f9fb000-7f470f9ff000 ---p 00000000 00:00 0 
7f470f9ff000-7f470fafc000 rw-p 00000000 00:00 0 
7f470fafc000-7f470fb00000 ---p 00000000 00:00 0 
7f470fb00000-7f4710000000 rw-p 00000000 00:00 0 
7f4710000000-7f4713dd3000 rw-p 00000000 00:00 0 
7f4713dd3000-7f4714000000 ---p 00000000 00:00 0 
7f4714000000-7f47168f7000 rw-p 00000000 00:00 0 
7f47168f7000-7f4718000000 ---p 00000000 00:00 0 
7f4718000000-7f4719d4a000 rw-p 00000000 00:00 0 
7f4719d4a000-7f471c000000 ---p 00000000 00:00 0 
7f471c000000-7f471c002000 rw-s 103767000 00:11 2116                      anon_inode:i915.gem
7f471c002000-7f471c003000 rw-s 00000000 00:01 17945                      /memfd:xshmfence (deleted)
7f471c003000-7f471c006000 r--p 00000000 00:23 1299050                    /usr/lib/libXi.so.6.1.0
7f471c006000-7f471c015000 r-xp 00003000 00:23 1299050                    /usr/lib/libXi.so.6.1.0
7f471c015000-7f471c018000 r--p 00012000 00:23 1299050                    /usr/lib/libXi.so.6.1.0
7f471c018000-7f471c019000 r--p 00014000 00:23 1299050                    /usr/lib/libXi.so.6.1.0
7f471c019000-7f471c01a000 rw-p 00015000 00:23 1299050                    /usr/lib/libXi.so.6.1.0
7f471c01a000-7f471c01e000 r--p 00000000 00:23 126342                     /usr/lib/libXext.so.6.4.0
7f471c01e000-7f471c02d000 r-xp 00004000 00:23 126342                     /usr/lib/libXext.so.6.4.0
7f471c02d000-7f471c030000 r--p 00013000 00:23 126342                     /usr/lib/libXext.so.6.4.0
7f471c030000-7f471c031000 r--p 00016000 00:23 126342                     /usr/lib/libXext.so.6.4.0
7f471c031000-7f471c032000 rw-p 00017000 00:23 126342                     /usr/lib/libXext.so.6.4.0
7f471c032000-7f471c040000 r--p 00000000 00:23 2947391                    /usr/lib/jvm/java-26-openjdk/lib/libawt_xawt.so
7f471c040000-7f471c084000 r-xp 0000e000 00:23 2947391                    /usr/lib/jvm/java-26-openjdk/lib/libawt_xawt.so
7f471c084000-7f471c098000 r--p 00052000 00:23 2947391                    /usr/lib/jvm/java-26-openjdk/lib/libawt_xawt.so
7f471c098000-7f471c09a000 r--p 00066000 00:23 2947391                    /usr/lib/jvm/java-26-openjdk/lib/libawt_xawt.so
7f471c09a000-7f471c09b000 rw-p 00068000 00:23 2947391                    /usr/lib/jvm/java-26-openjdk/lib/libawt_xawt.so
7f471c09b000-7f471c0f7000 rw-p 00000000 00:00 0 
7f471c0f7000-7f471c1f8000 rw-p 00000000 00:00 0 
7f471c1f8000-7f471ea00000 rw-p 00000000 00:00 0 
7f471ea00000-7f471ea01000 r--p 00000000 00:23 2947402                    /usr/lib/jvm/java-26-openjdk/lib/libjawt.so
7f471ea01000-7f471ea02000 r-xp 00001000 00:23 2947402                    /usr/lib/jvm/java-26-openjdk/lib/libjawt.so
7f471ea02000-7f471ea03000 r--p 00002000 00:23 2947402                    /usr/lib/jvm/java-26-openjdk/lib/libjawt.so
7f471ea03000-7f471ea04000 r--p 00002000 00:23 2947402                    /usr/lib/jvm/java-26-openjdk/lib/libjawt.so
7f471ea04000-7f471ea05000 rw-p 00003000 00:23 2947402                    /usr/lib/jvm/java-26-openjdk/lib/libjawt.so
7f471ea05000-7f471ea07000 r--p 00000000 00:23 510670                     /usr/lib/libXdmcp.so.6.0.0
7f471ea07000-7f471ea09000 r-xp 00002000 00:23 510670                     /usr/lib/libXdmcp.so.6.0.0
7f471ea09000-7f471ea0b000 r--p 00004000 00:23 510670                     /usr/lib/libXdmcp.so.6.0.0
7f471ea0b000-7f471ea0c000 r--p 00005000 00:23 510670                     /usr/lib/libXdmcp.so.6.0.0
7f471ea0c000-7f471ea0d000 rw-p 00006000 00:23 510670                     /usr/lib/libXdmcp.so.6.0.0
7f471ea0d000-7f471ea0f000 r--p 00000000 00:23 2947423                    /usr/lib/jvm/java-26-openjdk/lib/libverify.so
7f471ea0f000-7f471ea19000 r-xp 00002000 00:23 2947423                    /usr/lib/jvm/java-26-openjdk/lib/libverify.so
7f471ea19000-7f471ea1b000 r--p 0000c000 00:23 2947423                    /usr/lib/jvm/java-26-openjdk/lib/libverify.so
7f471ea1b000-7f471ea1d000 r--p 0000d000 00:23 2947423                    /usr/lib/jvm/java-26-openjdk/lib/libverify.so
7f471ea1d000-7f471ea1e000 rw-p 0000f000 00:23 2947423                    /usr/lib/jvm/java-26-openjdk/lib/libverify.so
7f471ea1e000-7f471ee46000 rw-p 00000000 00:00 0 
7f471ee46000-7f472270e000 ---p 00000000 00:00 0 
7f472270e000-7f4722716000 rw-p 00000000 00:00 0 
7f4722716000-7f472271e000 ---p 00000000 00:00 0 
7f472271e000-7f47227a3000 rw-p 00000000 00:00 0 
7f47227a3000-7f4722ebc000 ---p 00000000 00:00 0 
7f4722ebc000-7f4722ebd000 rw-p 00000000 00:00 0 
7f4722ebd000-7f4722ebe000 ---p 00000000 00:00 0 
7f4722ebe000-7f4722f43000 rw-p 00000000 00:00 0 
7f4722f43000-7f472365c000 ---p 00000000 00:00 0 
7f472365c000-7f472365d000 rw-p 00000000 00:00 0 
7f472365d000-7f472365e000 ---p 00000000 00:00 0 
7f472365e000-7f47236e3000 rw-p 00000000 00:00 0 
7f47236e3000-7f4723dfc000 ---p 00000000 00:00 0 
7f4723dfc000-7f4723dfd000 rw-p 00000000 00:00 0 
7f4723dfd000-7f4723dfe000 ---p 00000000 00:00 0 
7f4723dfe000-7f4725f5e000 rwxp 00000000 00:00 0 
7f4725f5e000-7f472b336000 ---p 00000000 00:00 0 
7f472b336000-7f472b5a6000 rwxp 00000000 00:00 0 
7f472b5a6000-7f472b8c8000 ---p 00000000 00:00 0 
7f472b8c8000-7f472c5b8000 rwxp 00000000 00:00 0 
7f472c5b8000-7f4732e00000 ---p 00000000 00:00 0 
7f4732e00000-7f473be21000 r--s 00000000 00:23 2947425                    /usr/lib/jvm/java-26-openjdk/lib/modules
7f473be21000-7f473be22000 r--p 00000000 00:23 145754                     /usr/lib/libXinerama.so.1.0.0
7f473be22000-7f473be23000 r-xp 00001000 00:23 145754                     /usr/lib/libXinerama.so.1.0.0
7f473be23000-7f473be24000 r--p 00002000 00:23 145754                     /usr/lib/libXinerama.so.1.0.0
7f473be24000-7f473be25000 r--p 00002000 00:23 145754                     /usr/lib/libXinerama.so.1.0.0
7f473be25000-7f473be26000 rw-p 00003000 00:23 145754                     /usr/lib/libXinerama.so.1.0.0
7f473be26000-7f473be28000 r--p 00000000 00:23 2947424                    /usr/lib/jvm/java-26-openjdk/lib/libzip.so
7f473be28000-7f473be35000 r-xp 00002000 00:23 2947424                    /usr/lib/jvm/java-26-openjdk/lib/libzip.so
7f473be35000-7f473be3b000 r--p 0000f000 00:23 2947424                    /usr/lib/jvm/java-26-openjdk/lib/libzip.so
7f473be3b000-7f473be3c000 r--p 00014000 00:23 2947424                    /usr/lib/jvm/java-26-openjdk/lib/libzip.so
7f473be3c000-7f473be3d000 rw-p 00015000 00:23 2947424                    /usr/lib/jvm/java-26-openjdk/lib/libzip.so
7f473be3d000-7f473beff000 rw-p 00000000 00:00 0 
7f473beff000-7f473c000000 rw-p 00000000 00:00 0 
7f473c000000-7f473fffd000 rw-p 00000000 00:00 0 
7f473fffd000-7f4740000000 ---p 00000000 00:00 0 
7f4740000000-7f4740001000 rw-s 1017b4000 00:11 2116                      anon_inode:i915.gem
7f4740001000-7f4740002000 rw-s 1017b3000 00:11 2116                      anon_inode:i915.gem
7f4740002000-7f4740003000 rw-s 10189c000 00:11 2116                      anon_inode:i915.gem
7f4740003000-7f4740005000 r--p 00000000 00:23 143981                     /usr/lib/libXtst.so.6.1.0
7f4740005000-7f4740008000 r-xp 00002000 00:23 143981                     /usr/lib/libXtst.so.6.1.0
7f4740008000-7f4740009000 r--p 00005000 00:23 143981                     /usr/lib/libXtst.so.6.1.0
7f4740009000-7f474000a000 r--p 00006000 00:23 143981                     /usr/lib/libXtst.so.6.1.0
7f474000a000-7f474000b000 rw-p 00007000 00:23 143981                     /usr/lib/libXtst.so.6.1.0
7f474000b000-7f474000d000 r--p 00000000 00:23 2947414                    /usr/lib/jvm/java-26-openjdk/lib/libnet.so
7f474000d000-7f4740014000 r-xp 00002000 00:23 2947414                    /usr/lib/jvm/java-26-openjdk/lib/libnet.so
7f4740014000-7f4740016000 r--p 00009000 00:23 2947414                    /usr/lib/jvm/java-26-openjdk/lib/libnet.so
7f4740016000-7f4740017000 r--p 0000a000 00:23 2947414                    /usr/lib/jvm/java-26-openjdk/lib/libnet.so
7f4740017000-7f4740018000 rw-p 0000b000 00:23 2947414                    /usr/lib/jvm/java-26-openjdk/lib/libnet.so
7f4740018000-7f474021a000 rw-p 00000000 00:00 0 
7f474021a000-7f4740a3c000 rw-p 00000000 00:00 0 
7f4740a3c000-7f4740b0d000 ---p 00000000 00:00 0 
7f4740b0d000-7f4740b50000 rw-p 00000000 00:00 0 
7f4740b50000-7f4740bf8000 ---p 00000000 00:00 0 
7f4740bf8000-7f4740bfc000 ---p 00000000 00:00 0 
7f4740bfc000-7f4740cf8000 rw-p 00000000 00:00 0 
7f4740cf8000-7f4740d08000 r--p 00000000 00:23 3182518                    /usr/lib/libm.so.6
7f4740d08000-7f4740d9e000 r-xp 00010000 00:23 3182518                    /usr/lib/libm.so.6
7f4740d9e000-7f4740dfe000 r--p 000a6000 00:23 3182518                    /usr/lib/libm.so.6
7f4740dfe000-7f4740dff000 r--p 00105000 00:23 3182518                    /usr/lib/libm.so.6
7f4740dff000-7f4740e00000 rw-p 00106000 00:23 3182518                    /usr/lib/libm.so.6
7f4740e00000-7f4740e9a000 r--p 00000000 00:23 3183337                    /usr/lib/libstdc++.so.6.0.36
7f4740e9a000-7f4741078000 r-xp 0009a000 00:23 3183337                    /usr/lib/libstdc++.so.6.0.36
7f4741078000-7f4741117000 r--p 00278000 00:23 3183337                    /usr/lib/libstdc++.so.6.0.36
7f4741117000-7f4741128000 r--p 00317000 00:23 3183337                    /usr/lib/libstdc++.so.6.0.36
7f4741128000-7f4741129000 rw-p 00328000 00:23 3183337                    /usr/lib/libstdc++.so.6.0.36
7f4741129000-7f474112d000 rw-p 00000000 00:00 0 
7f474112d000-7f474112e000 rw-s 101404000 00:11 2116                      anon_inode:i915.gem
7f474112e000-7f474112f000 r--p 00000000 00:23 122609                     /usr/lib/libXau.so.6.0.0
7f474112f000-7f4741130000 r-xp 00001000 00:23 122609                     /usr/lib/libXau.so.6.0.0
7f4741130000-7f4741131000 r--p 00002000 00:23 122609                     /usr/lib/libXau.so.6.0.0
7f4741131000-7f4741132000 r--p 00002000 00:23 122609                     /usr/lib/libXau.so.6.0.0
7f4741132000-7f4741133000 rw-p 00003000 00:23 122609                     /usr/lib/libXau.so.6.0.0
7f4741133000-7f4741134000 r--p 00000000 00:23 3182535                    /usr/lib/libpthread.so.0
7f4741134000-7f4741135000 r-xp 00001000 00:23 3182535                    /usr/lib/libpthread.so.0
7f4741135000-7f4741136000 r--p 00002000 00:23 3182535                    /usr/lib/libpthread.so.0
7f4741136000-7f4741137000 r--p 00002000 00:23 3182535                    /usr/lib/libpthread.so.0
7f4741137000-7f4741138000 rw-p 00003000 00:23 3182535                    /usr/lib/libpthread.so.0
7f4741138000-7f474113f000 r--p 00000000 00:23 2947415                    /usr/lib/jvm/java-26-openjdk/lib/libnio.so
7f474113f000-7f4741148000 r-xp 00007000 00:23 2947415                    /usr/lib/jvm/java-26-openjdk/lib/libnio.so
7f4741148000-7f474114d000 r--p 00010000 00:23 2947415                    /usr/lib/jvm/java-26-openjdk/lib/libnio.so
7f474114d000-7f474114e000 r--p 00014000 00:23 2947415                    /usr/lib/jvm/java-26-openjdk/lib/libnio.so
7f474114e000-7f474114f000 rw-p 00015000 00:23 2947415                    /usr/lib/jvm/java-26-openjdk/lib/libnio.so
7f474114f000-7f4741150000 r--p 00000000 00:23 2947420                    /usr/lib/jvm/java-26-openjdk/lib/libsimdsort.so
7f4741150000-7f474118a000 r-xp 00001000 00:23 2947420                    /usr/lib/jvm/java-26-openjdk/lib/libsimdsort.so
7f474118a000-7f4741190000 r--p 0003b000 00:23 2947420                    /usr/lib/jvm/java-26-openjdk/lib/libsimdsort.so
7f4741190000-7f4741191000 r--p 00040000 00:23 2947420                    /usr/lib/jvm/java-26-openjdk/lib/libsimdsort.so
7f4741191000-7f4741192000 rw-p 00041000 00:23 2947420                    /usr/lib/jvm/java-26-openjdk/lib/libsimdsort.so
7f4741192000-7f47411d8000 rw-p 00000000 00:00 0 
7f47411d8000-7f47411df000 ---p 00000000 00:00 0 
7f47411df000-7f47411e9000 r--p 00000000 00:23 2947400                    /usr/lib/jvm/java-26-openjdk/lib/libjava.so
7f47411e9000-7f47411f8000 r-xp 0000a000 00:23 2947400                    /usr/lib/jvm/java-26-openjdk/lib/libjava.so
7f47411f8000-7f47411fd000 r--p 00019000 00:23 2947400                    /usr/lib/jvm/java-26-openjdk/lib/libjava.so
7f47411fd000-7f47411fe000 r--p 0001e000 00:23 2947400                    /usr/lib/jvm/java-26-openjdk/lib/libjava.so
7f47411fe000-7f47411ff000 rw-p 0001f000 00:23 2947400                    /usr/lib/jvm/java-26-openjdk/lib/libjava.so
7f47411ff000-7f4741200000 rw-p 00000000 00:00 0 
7f4741200000-7f474120e000 r--p 00000000 00:23 2947438                    /usr/lib/jvm/java-26-openjdk/lib/server/libjvm.so
7f474120e000-7f47422a9000 r-xp 0000e000 00:23 2947438                    /usr/lib/jvm/java-26-openjdk/lib/server/libjvm.so
7f47422a9000-7f47424ec000 r--p 010a9000 00:23 2947438                    /usr/lib/jvm/java-26-openjdk/lib/server/libjvm.so
7f47424ec000-7f47425de000 r--p 012eb000 00:23 2947438                    /usr/lib/jvm/java-26-openjdk/lib/server/libjvm.so
7f47425de000-7f47425ff000 rw-p 013dd000 00:23 2947438                    /usr/lib/jvm/java-26-openjdk/lib/server/libjvm.so
7f47425ff000-7f4742682000 rw-p 00000000 00:00 0 
7f4742682000-7f4742697000 r--p 00000000 00:23 2747883                    /usr/lib/libsystemd.so.0.44.0
7f4742697000-7f4742770000 r-xp 00015000 00:23 2747883                    /usr/lib/libsystemd.so.0.44.0
7f4742770000-7f47427bf000 r--p 000ee000 00:23 2747883                    /usr/lib/libsystemd.so.0.44.0
7f47427bf000-7f47427c8000 r--p 0013c000 00:23 2747883                    /usr/lib/libsystemd.so.0.44.0
7f47427c8000-7f47427c9000 rw-p 00145000 00:23 2747883                    /usr/lib/libsystemd.so.0.44.0
7f47427c9000-7f47427ca000 rw-p 00000000 00:00 0 
7f47427ca000-7f47427ce000 r--p 00000000 00:23 3183329                    /usr/lib/libgcc_s.so.1
7f47427ce000-7f47427fa000 r-xp 00004000 00:23 3183329                    /usr/lib/libgcc_s.so.1
7f47427fa000-7f47427fe000 r--p 00030000 00:23 3183329                    /usr/lib/libgcc_s.so.1
7f47427fe000-7f47427ff000 r--p 00034000 00:23 3183329                    /usr/lib/libgcc_s.so.1
7f47427ff000-7f4742800000 rw-p 00035000 00:23 3183329                    /usr/lib/libgcc_s.so.1
7f4742800000-7f4742824000 r--p 00000000 00:23 3182508                    /usr/lib/libc.so.6
7f4742824000-7f47429d4000 r-xp 00024000 00:23 3182508                    /usr/lib/libc.so.6
7f47429d4000-7f4742a4c000 r--p 001d4000 00:23 3182508                    /usr/lib/libc.so.6
7f4742a4c000-7f4742a50000 r--p 0024c000 00:23 3182508                    /usr/lib/libc.so.6
7f4742a50000-7f4742a52000 rw-p 00250000 00:23 3182508                    /usr/lib/libc.so.6
7f4742a52000-7f4742a5b000 rw-p 00000000 00:00 0 
7f4742a5b000-7f4742a5c000 rw-p 00000000 00:00 0 
7f4742a5c000-7f4742a5d000 r--p 00000000 00:23 3182513                    /usr/lib/libdl.so.2
7f4742a5d000-7f4742a5e000 r-xp 00001000 00:23 3182513                    /usr/lib/libdl.so.2
7f4742a5e000-7f4742a5f000 r--p 00002000 00:23 3182513                    /usr/lib/libdl.so.2
7f4742a5f000-7f4742a60000 r--p 00002000 00:23 3182513                    /usr/lib/libdl.so.2
7f4742a60000-7f4742a61000 rw-p 00003000 00:23 3182513                    /usr/lib/libdl.so.2
7f4742a61000-7f4742a69000 rw-s 00000000 00:3b 2223                       /tmp/hsperfdata_mirtemir/63983
7f4742a69000-7f4742a6a000 ---p 00000000 00:00 0 
7f4742a6a000-7f4742a6b000 r--p 00000000 00:00 0 
7f4742a6b000-7f4742a6c000 ---p 00000000 00:00 0 
7f4742a6c000-7f4742a6d000 r--p 00000000 00:23 2947404                    /usr/lib/jvm/java-26-openjdk/lib/libjimage.so
7f4742a6d000-7f4742a6f000 r-xp 00001000 00:23 2947404                    /usr/lib/jvm/java-26-openjdk/lib/libjimage.so
7f4742a6f000-7f4742a70000 r--p 00003000 00:23 2947404                    /usr/lib/jvm/java-26-openjdk/lib/libjimage.so
7f4742a70000-7f4742a71000 r--p 00003000 00:23 2947404                    /usr/lib/jvm/java-26-openjdk/lib/libjimage.so
7f4742a71000-7f4742a72000 rw-p 00004000 00:23 2947404                    /usr/lib/jvm/java-26-openjdk/lib/libjimage.so
7f4742a72000-7f4742a80000 r--p 00000000 00:23 26507                      /usr/lib/libdbus-1.so.3.38.3
7f4742a80000-7f4742ab6000 r-xp 0000e000 00:23 26507                      /usr/lib/libdbus-1.so.3.38.3
7f4742ab6000-7f4742ac8000 r--p 00044000 00:23 26507                      /usr/lib/libdbus-1.so.3.38.3
7f4742ac8000-7f4742aca000 r--p 00055000 00:23 26507                      /usr/lib/libdbus-1.so.3.38.3
7f4742aca000-7f4742acb000 rw-p 00057000 00:23 26507                      /usr/lib/libdbus-1.so.3.38.3
7f4742acb000-7f4742acd000 r--p 00000000 00:23 2361344                    /usr/lib/libgamemode.so.0.0.0
7f4742acd000-7f4742acf000 r-xp 00002000 00:23 2361344                    /usr/lib/libgamemode.so.0.0.0
7f4742acf000-7f4742ad0000 r--p 00004000 00:23 2361344                    /usr/lib/libgamemode.so.0.0.0
7f4742ad0000-7f4742ad1000 r--p 00004000 00:23 2361344                    /usr/lib/libgamemode.so.0.0.0
7f4742ad1000-7f4742ad2000 rw-p 00005000 00:23 2361344                    /usr/lib/libgamemode.so.0.0.0
7f4742ad2000-7f4742ad5000 rw-p 00000000 00:00 0 
7f4742ad5000-7f4742ad7000 r--p 00000000 00:23 2947405                    /usr/lib/jvm/java-26-openjdk/lib/libjli.so
7f4742ad7000-7f4742ae7000 r-xp 00002000 00:23 2947405                    /usr/lib/jvm/java-26-openjdk/lib/libjli.so
7f4742ae7000-7f4742aed000 r--p 00012000 00:23 2947405                    /usr/lib/jvm/java-26-openjdk/lib/libjli.so
7f4742aed000-7f4742aee000 r--p 00017000 00:23 2947405                    /usr/lib/jvm/java-26-openjdk/lib/libjli.so
7f4742aee000-7f4742aef000 rw-p 00018000 00:23 2947405                    /usr/lib/jvm/java-26-openjdk/lib/libjli.so
7f4742aef000-7f4742af0000 r--p 00000000 00:23 2361347                    /usr/lib/libgamemodeauto.so.0.0.0
7f4742af0000-7f4742af2000 r-xp 00001000 00:23 2361347                    /usr/lib/libgamemodeauto.so.0.0.0
7f4742af2000-7f4742af3000 r--p 00003000 00:23 2361347                    /usr/lib/libgamemodeauto.so.0.0.0
7f4742af3000-7f4742af4000 r--p 00003000 00:23 2361347                    /usr/lib/libgamemodeauto.so.0.0.0
7f4742af4000-7f4742af5000 rw-p 00004000 00:23 2361347                    /usr/lib/libgamemodeauto.so.0.0.0
7f4742af5000-7f4742af7000 rw-p 00000000 00:00 0 
7f4742af7000-7f4742b2d000 r--p 00000000 00:23 3679529                    /etc/ld.so.cache
7f4742b2d000-7f4742b31000 r--p 00000000 00:00 0                          [vvar]
7f4742b31000-7f4742b33000 r--p 00000000 00:00 0                          [vvar_vclock]
7f4742b33000-7f4742b35000 r-xp 00000000 00:00 0                          [vdso]
7f4742b35000-7f4742b36000 r--p 00000000 00:23 3182499                    /usr/lib/ld-linux-x86-64.so.2
7f4742b36000-7f4742b68000 r-xp 00001000 00:23 3182499                    /usr/lib/ld-linux-x86-64.so.2
7f4742b68000-7f4742b78000 r--p 00033000 00:23 3182499                    /usr/lib/ld-linux-x86-64.so.2
7f4742b78000-7f4742b7a000 r--p 00042000 00:23 3182499                    /usr/lib/ld-linux-x86-64.so.2
7f4742b7a000-7f4742b7b000 rw-p 00044000 00:23 3182499                    /usr/lib/ld-linux-x86-64.so.2
7f4742b7b000-7f4742b7c000 rw-p 00000000 00:00 0 
7ffcd8d59000-7ffcd8d7a000 rw-p 00000000 00:00 0                          [stack]
ffffffffff600000-ffffffffff601000 --xp 00000000 00:00 0                  [vsyscall]
Total number of mappings: 1710

JVMTI agents: none


VM Arguments:
java_command: BE2.jar
java_class_path (initial): BE2.jar
Launcher Type: SUN_STANDARD

[Global flags]
     bool AOTAdapterCaching                        = false                                  {diagnostic} {ergonomic}
     bool AOTInvokeDynamicLinking                  = false                                  {diagnostic} {ergonomic}
     bool AOTRecordTraining                        = false                                  {diagnostic} {ergonomic}
     bool AOTReplayTraining                        = false                                  {diagnostic} {ergonomic}
     bool AOTStubCaching                           = false                                  {diagnostic} {ergonomic}
     intx CICompilerCount                          = 4                                         {product} {ergonomic}
     uint ConcGCThreads                            = 2                                         {product} {ergonomic}
     uint G1ConcRefinementThreads                  = 8                                         {product} {ergonomic}
     uint G1EagerReclaimRemSetThreshold            = 16                                   {experimental} {ergonomic}
   size_t G1HeapRegionSize                         = 2097152                                   {product} {ergonomic}
     uint G1RemSetArrayOfCardsEntries              = 16                                   {experimental} {ergonomic}
     uint G1RemSetHowlMaxNumBuckets                = 8                                    {experimental} {ergonomic}
     uint G1RemSetHowlNumBuckets                   = 8                                    {experimental} {ergonomic}
   size_t InitialHeapSize                          = 8388608                                   {product} {ergonomic}
     bool IntelJccErratumMitigation                = false                             {ARCH diagnostic} {ergonomic}
   size_t MarkStackSize                            = 4194304                                   {product} {ergonomic}
   size_t MarkStackSizeMax                         = 536870912                                 {product} {ergonomic}
   size_t MaxHeapSize                              = 4093640704                                {product} {ergonomic}
   size_t MaxNewSize                               = 2455764992                                {product} {ergonomic}
 uint64_t MaxRAM                                   = 16366788608                               {product} {ergonomic}
   size_t MinHeapDeltaBytes                        = 2097152                                   {product} {ergonomic}
   size_t MinHeapSize                              = 8388608                                   {product} {ergonomic}
   size_t NonNMethodCodeHeapSize                   = 5840896                                {pd product} {ergonomic}
   size_t NonProfiledCodeHeapSize                  = 122912768                              {pd product} {ergonomic}
   size_t ProfiledCodeHeapSize                     = 122912768                              {pd product} {ergonomic}
   size_t ReservedCodeCacheSize                    = 251666432                              {pd product} {ergonomic}
     bool SegmentedCodeCache                       = true                                      {product} {ergonomic}
   size_t SoftMaxHeapSize                          = 4093640704                             {manageable} {ergonomic}
     bool UseCompressedOops                        = true                           {product lp64_product} {ergonomic}
     bool UseCondCardMark                          = true                                      {product} {ergonomic}
     bool UseFastUnorderedTimeStamps               = true                                 {experimental} {ergonomic}
     bool UseG1GC                                  = true                                      {product} {ergonomic}
      int X86ICacheSync                            = 3                                 {ARCH diagnostic} {ergonomic}

Logging:
Log output configuration:
 #0: stdout all=warning uptime,level,tags foldmultilines=false
 #1: stderr all=off uptime,level,tags foldmultilines=false

Release file:
IMPLEMENTOR="Arch Linux"
JAVA_RUNTIME_VERSION="26.0.2"
JAVA_VERSION="26.0.2"
JAVA_VERSION_DATE="2026-07-21"
LIBC="gnu"
MODULES="java.base java.compiler java.datatransfer java.xml java.prefs java.desktop java.instrument java.logging java.management java.security.sasl java.naming java.rmi java.management.rmi java.net.http java.scripting java.security.jgss java.transaction.xa java.sql java.sql.rowset java.xml.crypto java.se java.smartcardio jdk.accessibility jdk.internal.jvmstat jdk.attach jdk.charsets jdk.internal.opt jdk.zipfs jdk.compiler jdk.crypto.cryptoki jdk.crypto.ec jdk.dynalink jdk.internal.ed jdk.editpad jdk.internal.vm.ci jdk.graal.compiler jdk.graal.compiler.management jdk.hotspot.agent jdk.httpserver jdk.incubator.vector jdk.internal.le jdk.internal.md jdk.jartool jdk.javadoc jdk.jcmd jdk.management jdk.management.agent jdk.jconsole jdk.jdeps jdk.jdwp.agent jdk.jdi jdk.jfr jdk.jlink jdk.jpackage jdk.jshell jdk.jstatd jdk.localedata jdk.management.jfr jdk.naming.dns jdk.naming.rmi jdk.net jdk.nio.mapmode jdk.sctp jdk.security.auth jdk.security.jgss jdk.unsupported jdk.unsupported.desktop jdk.xml.dom"
OS_ARCH="x86_64"
OS_NAME="Linux"
SOURCE=""

Environment Variables:
PATH=/home/mirtemir/.pyenv/shims:/home/mirtemir/.opencode/bin:/home/mirtemir/.cargo/bin:/home/mirtemir/.local/bin:/usr/local/sbin:/usr/local/bin:/usr/bin:/var/lib/flatpak/exports/bin:/usr/lib/jvm/default/bin:/usr/bin/site_perl:/usr/bin/vendor_perl:/usr/bin/core_perl
LD_PRELOAD=libgamemodeauto.so.0
SHELL=/bin/fish
DISPLAY=:0
WAYLAND_DISPLAY=wayland-1
LANG=ru_RU.UTF-8
LC_ALL=ky_KG.UTF-8
LC_NUMERIC=ky_KG
LC_TIME=ky_KG
TERM=xterm-kitty

Active Locale:
LC_ALL=ky_KG.UTF-8
LC_COLLATE=ky_KG.UTF-8
LC_CTYPE=ky_KG.UTF-8
LC_MESSAGES=ky_KG.UTF-8
LC_MONETARY=ky_KG.UTF-8
LC_NUMERIC=ky_KG.UTF-8
LC_TIME=ky_KG.UTF-8

Signal Handlers:
   SIGSEGV: 0x00007f47421c7bd0 in libjvm.so+16546768, mask=11100100010111111101111111111110, flags=SA_RESTART|SA_SIGINFO, unblocked
    SIGBUS: 0x00007f47421c7bd0 in libjvm.so+16546768, mask=11100100010111111101111111111110, flags=SA_RESTART|SA_SIGINFO, unblocked
    SIGFPE: 0x00007f47421c7bd0 in libjvm.so+16546768, mask=11100100010111111101111111111110, flags=SA_RESTART|SA_SIGINFO, unblocked
   SIGPIPE: 0x00007f474200b980 in libjvm.so+14727552, mask=11100100010111111101111111111110, flags=SA_RESTART|SA_SIGINFO, blocked
   SIGXFSZ: 0x00007f474200b980 in libjvm.so+14727552, mask=11100100010111111101111111111110, flags=SA_RESTART|SA_SIGINFO, blocked
    SIGILL: 0x00007f47421c7bd0 in libjvm.so+16546768, mask=11100100010111111101111111111110, flags=SA_RESTART|SA_SIGINFO, unblocked
   SIGUSR2: 0x00007f474200dbd0 in libjvm.so+14736336, mask=00000000000000000000000000000000, flags=SA_RESTART|SA_SIGINFO, blocked
    SIGHUP: 0x00007f4742009690 in libjvm.so+14718608, mask=11100100010111111101111111111110, flags=SA_RESTART|SA_SIGINFO, blocked
    SIGINT: 0x00007f4742009690 in libjvm.so+14718608, mask=11100100010111111101111111111110, flags=SA_RESTART|SA_SIGINFO, blocked
   SIGTERM: 0x00007f4742009690 in libjvm.so+14718608, mask=11100100010111111101111111111110, flags=SA_RESTART|SA_SIGINFO, blocked
   SIGQUIT: 0x00007f4742009690 in libjvm.so+14718608, mask=11100100010111111101111111111110, flags=SA_RESTART|SA_SIGINFO, blocked
   SIGTRAP: 0x00007f47421c7bd0 in libjvm.so+16546768, mask=11100100010111111101111111111110, flags=SA_RESTART|SA_SIGINFO, unblocked


Compilation memory statistics disabled.

Periodic native trim disabled

---------------  S Y S T E M  ---------------

OS:
CentOS Linux release 7.9.2009 (Core)
uname: Linux 7.2.0-1-cachyos-bore-lto #1 SMP PREEMPT_DYNAMIC Thu, 20 Aug 2026 16:00:34 +0000 x86_64
OS uptime: 0 days 1:46 hours
libc: glibc 2.44 NPTL 2.44 
rlimit (soft/hard): STACK 8192k/infinity , CORE infinity/infinity , NPROC 61455/61455 , NOFILE 1048576/1048576 , AS infinity/infinity , CPU infinity/infinity , DATA infinity/infinity , FSIZE infinity/infinity , MEMLOCK 8192k/8192k
load average: 2,72 2,15 1,83

/proc/meminfo:
MemTotal:       15983192 kB
MemFree:         3015480 kB
MemAvailable:    4619676 kB
Buffers:              28 kB
Cached:          3814320 kB
SwapCached:         7004 kB
Active:          4700224 kB
Inactive:        4433692 kB
Active(anon):    4367564 kB
Inactive(anon):  3523056 kB
Active(file):     332660 kB
Inactive(file):   910636 kB
Unevictable:      492476 kB
Mlocked:             304 kB
SwapTotal:      19179108 kB
SwapFree:       13040180 kB
Zswap:                 0 kB
Zswapped:              0 kB
Dirty:               864 kB
Writeback:             0 kB
AnonPages:       5625180 kB
Mapped:           697120 kB
Shmem:           2258336 kB
KReclaimable:     702716 kB
Slab:            1011792 kB
SReclaimable:     702716 kB
SUnreclaim:       309076 kB
KernelStack:       31584 kB
PageTables:       101924 kB
SecPageTables:      2056 kB
NFS_Unstable:          0 kB
Bounce:                0 kB
WritebackTmp:          0 kB
CommitLimit:    27170704 kB
Committed_AS:   35551004 kB
VmallocTotal:   34359738367 kB
VmallocUsed:      222192 kB
VmallocChunk:          0 kB
Percpu:            16384 kB
HardwareCorrupted:     0 kB
AnonHugePages:   2029568 kB
ShmemHugePages:   700416 kB
ShmemPmdMapped:        0 kB
FileHugePages:         0 kB
FilePmdMapped:         0 kB
CmaTotal:              0 kB
CmaFree:               0 kB
Unaccepted:            0 kB
Balloon:               0 kB
GPUActive:             0 kB
GPUReclaim:            0 kB
HugePages_Total:       0
HugePages_Free:        0
HugePages_Rsvd:        0
HugePages_Surp:        0
Hugepagesize:       2048 kB
Hugetlb:               0 kB
DirectMap4k:     1234504 kB
DirectMap2M:    15163392 kB
DirectMap1G:           0 kB

/sys/kernel/mm/transparent_hugepage/enabled: [always] madvise never
/sys/kernel/mm/transparent_hugepage/hpage_pmd_size: 2097152
/sys/kernel/mm/transparent_hugepage/shmem_enabled: always within_size [advise] never deny force
/sys/kernel/mm/transparent_hugepage/defrag (defrag/compaction efforts parameter): always defer [defer+madvise] madvise never

Process Memory:
Virtual Size: 7676680K (peak: 7917340K)
Resident Set Size: 1286452K (peak: 1289588K) (anon: 1222632K, file: 61924K, shmem: 1896K)
Swapped out: 0K
C-Heap outstanding allocations: 188399K, retained: 806620K
glibc malloc tunables: (default)

/proc/sys/kernel/threads-max (system-wide limit on the number of threads): 122911
/proc/sys/vm/max_map_count (maximum number of memory map areas a process may have): 1048576
/proc/sys/vm/swappiness (control to define how aggressively the kernel swaps out anonymous memory): 150
/proc/sys/kernel/pid_max (system-wide limit on number of process identifiers): 4194304

container information not found.
Steal ticks since vm start: 0
Steal ticks percentage since vm start:  0,000

CPU: total 12 (initial active 8) (hybrid) family 6 model 186 stepping 2 microcode 0x6134, cx8, cmov, fxsr, ht, mmx, 3dnowpref, sse, sse2, sse3, ssse3, sse4.1, sse4.2, popcnt, lzcnt, tsc, tscinvbit, avx, avx2, aes, erms, clmul, bmi1, bmi2, adx, sha, fma, vzeroupper, clflush, clflushopt, clwb, serialize, rdtscp, rdpid, fsrm, gfni, f16c, pku, ospke, cet_ibt, cet_ss, hybrid
CPU Model and flags from /proc/cpuinfo:
model name	: 13th Gen Intel(R) Core(TM) i5-13420H
flags		: fpu vme de pse tsc msr pae mce cx8 apic sep mtrr pge mca cmov pat pse36 clflush dts acpi mmx fxsr sse sse2 ss ht tm pbe syscall nx pdpe1gb rdtscp lm constant_tsc art arch_perfmon pebs bts rep_good nopl xtopology nonstop_tsc cpuid aperfmperf tsc_known_freq pni pclmulqdq dtes64 monitor ds_cpl vmx smx est tm2 ssse3 sdbg fma cx16 xtpr pdcm pcid sse4_1 sse4_2 x2apic movbe popcnt tsc_deadline_timer aes xsave avx f16c rdrand lahf_lm abm 3dnowprefetch cpuid_fault epb ssbd ibrs ibpb stibp ibrs_enhanced tpr_shadow flexpriority ept vpid ept_ad fsgsbase tsc_adjust bmi1 avx2 smep bmi2 erms invpcid rdseed adx smap clflushopt clwb intel_pt sha_ni xsaveopt xsavec xgetbv1 xsaves split_lock_detect user_shstk avx_vnni dtherm ida arat pln pts hwp hwp_notify hwp_act_window hwp_epp hwp_pkg_req hfi vnmi umip pku ospke waitpkg gfni vaes vpclmulqdq rdpid movdiri movdir64b fsrm md_clear serialize arch_lbr ibt flush_l1d arch_capabilities

Online cpus: 0-11
Offline cpus: 
BIOS frequency limitation: <Not Available>
Frequency switch latency (ns): 0
Available cpu frequencies: <Not Available>
Current governor: performance
Core performance/turbo boost: <Not Available>

Memory: 4k page, physical 15983192k(4619676k free), swap 19179108k(13040180k free)
Page Sizes: 4k

vm_info: OpenJDK 64-Bit Server VM (26.0.2) for linux-amd64 JRE (26.0.2), built on 2026-07-25T19:40:36Z with gcc 16.1.1 20260625

END.
