#
# A fatal error has been detected by the Java Runtime Environment:
#
#  SIGSEGV (0xb) at pc=0x00007f293561a986, pid=19794, tid=19824
#
# JRE version: OpenJDK Runtime Environment (26.0.2) (build 26.0.2)
# Java VM: OpenJDK 64-Bit Server VM (26.0.2, mixed mode, sharing, tiered, compressed oops, compressed class ptrs, g1 gc, linux-amd64)
# Problematic frame:
# C  [libgallium-26.1.6-arch3.1.so+0x41a986]
#
# Core dump will be written. Default location: Determined by the following: "/usr/lib/systemd/systemd-coredump %P %u %g %s %t %c %h %d %F %I" (alternatively, falling back to /home/mirtemir/AOC2/AoC II MEGAMOD v6.0/core.19794)
#
# If you would like to submit a bug report, please visit:
#   https://bugreport.java.com/bugreport/crash.jsp
# The crash happened outside the Java Virtual Machine in native code.
# See problematic frame for where to report the bug.
#

---------------  S U M M A R Y ------------

Command Line: /home/mirtemir/AOC2/AoC II MEGAMOD v6.0/BE2.jar

Host: 13th Gen Intel(R) Core(TM) i5-13420H, 12 cores, 15G, CentOS Linux release 7.9.2009 (Core)
Time: Sun Aug 16 17:04:48 2026 +06 elapsed time: 595.467849 seconds (0d 0h 9m 55s)

---------------  T H R E A D  ---------------

Current thread (0x00007f29883b79f0):  JavaThread "LWJGL Application"        [_thread_in_native, id=19824, stack(0x00007f2938c9d000,0x00007f2938d9d000) (1024K)]

Stack: [0x00007f2938c9d000,0x00007f2938d9d000],  sp=0x00007f2938d9b160,  free space=1016k
Native frames: (J=compiled Java code, j=interpreted, Vv=VM code, C=native code)
C  [libgallium-26.1.6-arch3.1.so+0x41a986]
Java frames: (J=compiled Java code, j=interpreted, Vv=VM code)
J 1969  org.lwjgl.opengl.GL11.nglDrawElements(IIIJJ)V (0 bytes) @ 0x00007f2977993756 [0x00007f2977993700+0x0000000000000056]
J 2697 c2 com.badlogic.gdx.graphics.g2d.SpriteBatch.flush()V (185 bytes) @ 0x00007f2977a44e68 [0x00007f2977a44300+0x0000000000000b68]
j  com.badlogic.gdx.graphics.g2d.SpriteBatch.setProjectionMatrix(Lcom/badlogic/gdx/math/Matrix4;)V+8
j  age.of.civilizations2.jakowski.lukasz.AoCGame.render()V+229
j  com.badlogic.gdx.backends.lwjgl.LwjglApplication.mainLoop()V+698
j  com.badlogic.gdx.backends.lwjgl.LwjglApplication$1.run()V+27
v  ~StubRoutines::Stub Generator call_stub_stub 0x00007f29773375a2

siginfo: si_signo: 11 (SIGSEGV), si_code: 1 (SEGV_MAPERR), si_addr: 0x0000000000000018

Registers:
RAX=0x0000000000000000, RBX=0x0000000000000001, RCX=0x0000000000000000, RDX=0x00007f2944342b70
RSP=0x00007f2938d9b160, RBP=0x00007f2938d9b310, RSI=0x0000000000000000, RDI=0x0000000000000000
R8 =0x00007f2944342be8, R9 =0x0000000000000001, R10=0x0000000000000001, R11=0x00007f2944342990
R12=0x0000000000000040, R13=0x00007f2938d9b184, R14=0x0000000000000000, R15=0x0000000000000000
RIP=0x00007f293561a986, EFLAGS=0x0000000000010202, CSGSFS=0x002b000000000033, ERR=0x0000000000000004
  TRAPNO=0x000000000000000e

XMM[0]=0x0000000000000000 0x0000001000031f00
XMM[1]=0x0000000000000000 0x0000000000000010
XMM[2]=0x9393565293935450 0x9393545093935652
XMM[3]=0x0000000000000000 0x00000000b0b0b0b0
XMM[4]=0x0000000000000000 0x0000000044070000
XMM[5]=0x0000000000000000 0x0000000044700000
XMM[6]=0xffffffffffffffff 0xffffffffffffffff
XMM[7]=0xffffffffffffffff 0xffffffffffffffff
XMM[8]=0xffffffffffffffff 0xffffffffffffffff
XMM[9]=0x8080808080808080 0x8080808080808080
XMM[10]=0x8080808080808080 0x8080808080808080
XMM[11]=0x0b800b800a800a80 0x0980098008800880
XMM[12]=0x0f800f800e800e80 0x0d800d800c800c80
XMM[13]=0x0380038002800280 0x0180018000800080
XMM[14]=0x0780078006800680 0x0580058004800480
XMM[15]=0x0000000154442bd4 0x00000001c6e41596
  MXCSR=0x00001fa3


Register to memory mapping:

RAX=0x0 is null
RBX=0x0000000000000001 is an unknown value
RCX=0x0 is null
RDX=0x00007f2944342b70 points into unknown readable memory: 0x0100140600000000 | 00 00 00 00 06 14 00 01
RSP=0x00007f2938d9b160 is pointing into the stack for thread: 0x00007f29883b79f0
RBP=0x00007f2938d9b310 is pointing into the stack for thread: 0x00007f29883b79f0
RSI=0x0 is null
RDI=0x0 is null
R8 =0x00007f2944342be8 points into unknown readable memory: 0x0000000000000000 | 00 00 00 00 00 00 00 00
R9 =0x0000000000000001 is an unknown value
R10=0x0000000000000001 is an unknown value
R11=0x00007f2944342990 points into unknown readable memory: 0x0000000300000000 | 00 00 00 00 03 00 00 00
R12=0x0000000000000040 is an unknown value
R13=0x00007f2938d9b184 is pointing into the stack for thread: 0x00007f29883b79f0
R14=0x0 is null
R15=0x0 is null

Top of Stack: (sp=0x00007f2938d9b160)
0x00007f2938d9b160:   00007f29056fc5d0 00007f2905a8dd70   ..o.)...p...)...
0x00007f2938d9b170:   00007f29441e9b40 00007f294435f510   @..D).....5D)...
0x00007f2938d9b180:   0000000000000000 00007f2905f00970   ........p...)...
0x00007f2938d9b190:   0000000000000000 00000000000004a0   ................
0x00007f2938d9b1a0:   0000000000000000 0000000000001000   ................
0x00007f2938d9b1b0:   00000000000004a0 00007f2944350000   ..........5D)...
0x00007f2938d9b1c0:   0000000000000000 0000000000000100   ................
0x00007f2938d9b1d0:   0000000000000000 0000000000000000   ................
0x00007f2938d9b1e0:   000000000000000c 0000000000000000   ................
0x00007f2938d9b1f0:   0000000000000000 0000000000000003   ................
0x00007f2938d9b200:   0000000000000000 0000000000000000   ................
0x00007f2938d9b210:   00007f29056fc5d0 14b7b501b8ff8500   ..o.)...........
0x00007f2938d9b220:   0000000000000078 00007f293560bb55   x.......U.`5)...
0x00007f2938d9b230:   0000000000000024 00007f29441e9b40   $.......@..D)...
0x00007f2938d9b240:   00007f294435f510 00007f2905f00970   ..5D)...p...)...
0x00007f2938d9b250:   00007f2938d9b4f0 00007f29441e9b40   ...8)...@..D)...
0x00007f2938d9b260:   0000000000000000 00007f2938d9b3b0   ...........8)...
0x00007f2938d9b270:   00007f29056fc5d0 00007f293553e3bf   ..o.).....S5)...
0x00007f2938d9b280:   00007f295c7d96d0 00000004352c5439   ..}\)...9T,5....
0x00007f2938d9b290:   00007f2905d0c0b8 00007f2900080000   ....).......)...
0x00007f2938d9b2a0:   00007f2900001fa3 0101000000000002   ....)...........
0x00007f2938d9b2b0:   00007f29883b79f0 0000000100000115   .y;.)...........
0x00007f2938d9b2c0:   00007f2900000001 00007f29052b9870   ....)...p.+.)...
0x00007f2938d9b2d0:   0000000000000000 00007f2938d9b578   ........x..8)...
0x00007f2938d9b2e0:   0000000000000003 00007f29057debf8   ..........}.)...
0x00007f2938d9b2f0:   0000000000000000 00007f290515a710   ............)...
0x00007f2938d9b300:   00007f2905f00970 0000000000000000   p...)...........
0x00007f2938d9b310:   0000000000000000 00007f29056fc5d0   ..........o.)...
0x00007f2938d9b320:   00007f2938d9b3b0 00007f295c01a560   ...8)...`..\)...
0x00007f2938d9b330:   0000000000000001 00007f29056d2480   .........$m.)...
0x00007f2938d9b340:   0000000000000000 00007f2905f00970   ........p...)...
0x00007f2938d9b350:   00007f290568e270 00007f29353077a1   p.h.)....w05)...

Instructions: (pc=0x00007f293561a986)
  0x00007f293561a886:   ec f8 03 00 00 48 89 9c 24 c8 03 00 00 48 89 fb
  0x00007f293561a896:   4c 89 b4 24 e8 03 00 00 4c 89 bc 24 f0 03 00 00
  0x00007f293561a8a6:   4c 8b 3f 48 89 ac 24 d0 03 00 00 49 8b 97 58 20
  0x00007f293561a8b6:   0a 00 64 48 8b 04 25 28 00 00 00 48 89 84 24 b8
  0x00007f293561a8c6:   03 00 00 89 f0 48 8b b7 a8 13 00 00 4c 8b b2 e0
  0x00007f293561a8d6:   01 00 00 8b 7e 38 c6 83 0a 03 00 00 00 21 c7 0f
  0x00007f293561a8e6:   84 95 01 00 00 4d 8b 9f b0 f3 09 00 4c 89 a4 24
  0x00007f293561a8f6:   d8 03 00 00 45 31 d2 48 8d ac 24 b0 01 00 00 48
  0x00007f293561a906:   89 14 24 4d 63 a3 2c 09 00 00 48 89 74 24 08 4c
  0x00007f293561a916:   89 7c 24 10 48 89 5c 24 18 49 c1 e4 05 4c 89 ac
  0x00007f293561a926:   24 e0 03 00 00 4c 8d 6c 24 24 31 c0 48 8d 15 67
  0x00007f293561a936:   dd d6 01 44 89 d6 89 fb f3 0f bc c7 41 b9 01 00
  0x00007f293561a946:   00 00 41 83 c2 01 48 89 c1 4c 01 e0 0f b6 14 10
  0x00007f293561a956:   48 89 f0 48 c1 e6 04 41 d3 e1 49 89 d0 48 c1 e2
  0x00007f293561a966:   05 44 31 cf 49 c1 e0 05 4c 01 da 47 0f b6 44 03
  0x00007f293561a976:   2e 4f 8d 04 80 4f 8d 04 c3 4d 8b b8 28 04 00 00
=>0x00007f293561a986:   4d 8b 7f 18 c6 44 35 00 00 4c 89 7c 35 08 44 8b
  0x00007f293561a996:   7a 20 45 03 b8 18 04 00 00 0f b7 52 28 44 89 7c
  0x00007f293561a9a6:   35 04 48 63 f0 45 31 ff 41 0f a3 ce 48 8d 34 76
  0x00007f293561a9b6:   4d 8b 80 20 04 00 00 41 88 54 b5 03 0f 92 c2 83
  0x00007f293561a9c6:   e0 7f c1 e2 07 66 45 89 7c b5 00 09 d0 4d 89 44
  0x00007f293561a9d6:   b5 04 41 88 44 b5 02 41 39 d9 0f 85 4a ff ff ff
  0x00007f293561a9e6:   48 8b 14 24 48 8b 74 24 08 4c 8b 7c 24 10 48 8b
  0x00007f293561a9f6:   5c 24 18 4c 8b a4 24 d8 03 00 00 4c 8b ac 24 e0
  0x00007f293561aa06:   03 00 00 0f b6 82 d4 07 00 00 0f b6 56 20 49 89
  0x00007f293561aa16:   e8 31 c9 48 8b 7b 18 48 8d 74 24 20 01 d0 44 89
  0x00007f293561aa26:   d2 89 44 24 20 67 e8 4f 90 3f 00 41 c6 87 ba f3
  0x00007f293561aa36:   09 00 00 c6 83 00 bc 00 00 00 48 8b 84 24 b8 03
  0x00007f293561aa46:   00 00 64 48 2b 04 25 28 00 00 00 75 3d 48 8b 9c
  0x00007f293561aa56:   24 c8 03 00 00 48 8b ac 24 d0 03 00 00 4c 8b b4
  0x00007f293561aa66:   24 e8 03 00 00 4c 8b bc 24 f0 03 00 00 48 81 c4
  0x00007f293561aa76:   f8 03 00 00 c3 0f 1f 44 00 00 45 31 d2 48 8d ac


Stack slot to memory mapping:

stack at sp + 0 slots: 0x00007f29056fc5d0 points into unknown readable memory: 0x00007f29056efa60 | 60 fa 6e 05 29 7f 00 00
stack at sp + 1 slots: 0x00007f2905a8dd70 points into unknown readable memory: 0x0000000000000000 | 00 00 00 00 00 00 00 00
stack at sp + 2 slots: 0x00007f29441e9b40 points into unknown readable memory: 0x00007f29442b7a10 | 10 7a 2b 44 29 7f 00 00
stack at sp + 3 slots: 0x00007f294435f510 points into unknown readable memory: 0x00007f29441e9b40 | 40 9b 1e 44 29 7f 00 00
stack at sp + 4 slots: 0x0 is null
stack at sp + 5 slots: 0x00007f2905f00970 points into unknown readable memory: 0x00007f29051506e0 | e0 06 15 05 29 7f 00 00
stack at sp + 6 slots: 0x0 is null
stack at sp + 7 slots: 0x00000000000004a0 is an unknown value

Lock stack of current Java thread (top to bottom):


Compiled method (n/a) 595475 1969     n 0       org.lwjgl.opengl.GL11::nglDrawElements (native)
 total in heap  [0x00007f2977993608,0x00007f2977993868] = 608
 main code      [0x00007f2977993700,0x00007f297799385d] = 349
 stub code      [0x00007f297799385d,0x00007f2977993860] = 3
 oops           [0x00007f2977993860,0x00007f2977993868] = 8
 mutable data [0x00007f294543da00,0x00007f294543da20] = 32
 relocation     [0x00007f294543da00,0x00007f294543da20] = 32

[Constant Pool (empty)]


Loading hsdis library failed, undisassembled code is shown in MachCode section
[MachCode]
[Entry Point]
  # {method} {0x00007f293c577640} 'nglDrawElements' '(IIIJJ)V' in 'org/lwjgl/opengl/GL11'
  # parm0:    rsi       = int
  # parm1:    rdx       = int
  # parm2:    rcx       = int
  # parm3:    r8:r8     = long
  # parm4:    r9:r9     = long
  #           [sp+0x60]  (sp of caller)
  0x00007f2977993700: 6690 448b | 5608 443b 

  0x00007f2977993708: ;   {runtime_call Shared Runtime ic_miss_blob}
  0x00007f2977993708: 5008 0f85 | d00f 9fff 
[Verified Entry Point]
  0x00007f2977993710: 8984 2400 | c0fe ff55 | 488b ec48 | 83ec 5090 | 4181 7f20 | 1400 0000 

  0x00007f2977993728: ;   {runtime_call Stub::Stub Generator method_entry_barrier_stub}
  0x00007f2977993728: 7405 e8d1 | 869d ff4c | 890c 244d | 8bc8 4c8b | c148 8bca 

  0x00007f297799373c: ;   {oop(a 'java/lang/Class'{0x000000070c335bc0} = 'org/lwjgl/opengl/GL11')}
  0x00007f297799373c: 488b d649 | bec0 5b33 | 0c07 0000 | 004c 8974 | 2438 4c8d | 7424 3849 | 8bf6 c5f8 

  0x00007f2977993758: ;   {internal_word}
  0x00007f2977993758: 7749 ba56 | 3799 7729 | 7f00 004d | 8997 7004 | 0000 4989 | a768 0400 | 0049 8dbf | 8804 0000 
  0x00007f2977993778: 41c7 8704 | 0500 0004 

  0x00007f2977993780: ;   {runtime_call Java_org_lwjgl_opengl_GL11_nglDrawElements}
  0x00007f2977993780: 0000 00e8 | 98c4 4bc3 | c5f8 7741 | c787 0405 | 0000 0500 | 0000 f083 | 4424 c000 | 493b 6f28 
  0x00007f29779937a0: 0f87 0e00 | 0000 4183 | bf00 0500 | 0000 0f84 | 1c00 0000 | c5f8 7749 | 8bff 4c8b | e448 83ec 
  0x00007f29779937c0: 0048 83e4 

  0x00007f29779937c4: ;   {runtime_call}
  0x00007f29779937c4: f0e8 16c2 | c417 498b | e44d 33e4 | 41c7 8704 | 0500 0008 | 0000 0041 | 83bf 8805 | 0000 020f 
  0x00007f29779937e4: 8459 0000 | 0049 c787 | 6804 0000 | 0000 0000 | 49c7 8770 | 0400 0000 | 0000 00c5 | f877 498b 
  0x00007f2977993804: 8fe8 0400 | 00c7 8100 | 0100 0000 | 0000 00c9 

  0x00007f2977993814: ;   {poll_return}
  0x00007f2977993814: 41f6 4728 

  0x00007f2977993818: ;   {internal_word}
  0x00007f2977993818: 0174 1649 | ba14 3899 | 7729 7f00 | 004d 8997 | 1005 0000 

  0x00007f297799382c: ;   {runtime_call SafepointBlob}
  0x00007f297799382c: e92f 339f | ff49 837f | 0800 0f85 | 0100 0000 

  0x00007f297799383c: ;   {runtime_call Stub::Stub Generator forward_exception_stub}
  0x00007f297799383c: c3e9 9e3c | 9aff c5f8 | 774c 8be4 | 4883 ec00 | 4883 e4f0 

  0x00007f2977993850: ;   {runtime_call}
  0x00007f2977993850: e87b 4c14 | 1849 8be4 | 4d33 e4eb | 8cf4 f4f4 
[/MachCode]


Compiled method (c2) 595478 2697       4       com.badlogic.gdx.graphics.g2d.SpriteBatch::flush (185 bytes)
 total in heap  [0x00007f2977a44208,0x00007f2977a472f0] = 12520
 main code      [0x00007f2977a44300,0x00007f2977a47258] = 12120
 stub code      [0x00007f2977a47258,0x00007f2977a472e8] = 144
 oops           [0x00007f2977a472e8,0x00007f2977a472f0] = 8
 mutable data [0x00007f294c351840,0x00007f294c351f08] = 1736
 relocation     [0x00007f294c351840,0x00007f294c351be8] = 936
 metadata       [0x00007f294c351be8,0x00007f294c351f08] = 800
 immutable data [0x00007f294c7a4e50,0x00007f294c7a7474] = 9764
 dependencies   [0x00007f294c7a4e50,0x00007f294c7a4f60] = 272
 nul chk table  [0x00007f294c7a4f60,0x00007f294c7a5110] = 432
 handler table  [0x00007f294c7a5110,0x00007f294c7a5200] = 240
 scopes pcs     [0x00007f294c7a5200,0x00007f294c7a5c00] = 2560
 scopes data    [0x00007f294c7a5c00,0x00007f294c7a7470] = 6256

[Constant Pool (empty)]


Loading hsdis library failed, undisassembled code is shown in MachCode section
[MachCode]
[Instructions begin]
  0x00007f2977a44300: 6690 448b | 5608 443b 

  0x00007f2977a44308: ;   {runtime_call Shared Runtime ic_miss_blob}
  0x00007f2977a44308: 5008 0f85 | d003 94ff 
[Verified Entry Point]
  0x00007f2977a44310: 8984 2400 | c0fe ff55 | 4881 ec90 | 0000 0090 | 4181 7f20 | 1400 0000 | 0f85 1e2f | 0000 4c8b 
  0x00007f2977a44330: c644 8b56 | 0c45 85d2 | 0f84 5e0f | 0000 448b | 5e2c 458b | ca41 c1f9 | 1f4d 63d2 | 4d69 d267 
  0x00007f2977a44350: 6666 6649 | c1fa 2341 | 8bca 412b | c941 3bcb | 0f8f 8f12 | 0000 ff46 | 2844 8b5e | 3cff 4624 
  0x00007f2977a44370: ; implicit exception: dispatches to 0x00007f2977a46edc
  0x00007f2977a44370: 478b 54dc | 0c47 8b4c 

  0x00007f2977a44378: ;   {oop(a 'java/lang/Class'{0x000000070c2dbd50} = 'com/badlogic/gdx/Gdx')}
  0x00007f2977a44378: dc10 49bb | 50bd 2d0c | 0700 0000 | 418b 9390 | 0000 0045 | 8b5c d408 | 8d1c 8d00 | 0000 008d 
  0x00007f2977a44398: ;   {metadata('com/badlogic/gdx/backends/lwjgl/LwjglGL20')}
  0x00007f2977a44398: 1c4b 4181 | fb00 8008 | 010f 85dd 

  0x00007f2977a443a4: ;   {oop(a 'java/lang/Class'{0x000000070c332560} = 'org/lwjgl/opengl/GLContext')}
  0x00007f2977a443a4: 1b00 0049 | bb60 2533 | 0c07 0000 | 0041 8b4b | 7c41 8b7c | cc0c 4c8b | df49 c1e3 | 0349 8b97 
  0x00007f2977a443c4: 5004 0000 | 488b 124c | 3bda 0f85 | b81d 0000 | 418b 6ccc | 1085 ed0f | 84eb 1e00 | 0049 8b8c 
  0x00007f2977a443e4: ec30 1900 | 0048 85c9 | 0f84 021f | 0000 4889 | 5424 1089 | 5c24 0848 | 8bee 418b | f241 8bd1 
  0x00007f2977a44404: ;   {static_call}
  0x00007f2977a44404: c5f8 77e8 

  0x00007f2977a44408: ; ImmutableOopMap {rbp=Oop [16]=Oop }
                      ;*invokestatic nglBindTexture {reexecute=0 rethrow=0 return_oop=0}
                      ; - org.lwjgl.opengl.GL11::glBindTexture@16 (line 654)
                      ; - com.badlogic.gdx.backends.lwjgl.LwjglGL20::glBindTexture@2 (line 93)
                      ; - com.badlogic.gdx.graphics.GLTexture::bind@11 (line 66)
                      ; - com.badlogic.gdx.graphics.g2d.SpriteBatch::flush@58 (line 962)
  0x00007f2977a44408: 84b9 ebff 

  0x00007f2977a4440c: ;   {post_call_nop}
  0x00007f2977a4440c: 0f1f 8400 | 0402 0000 | 488b cd44 | 8b49 3444 | 8b41 3844 | 8b59 0c43 | 8b6c cc10 

  0x00007f2977a44428: ; implicit exception: dispatches to 0x00007f2977a46f4c
  0x00007f2977a44428: 458b 54ec 

  0x00007f2977a4442c: ;   {metadata('com/badlogic/gdx/graphics/glutils/VertexArray')}
  0x00007f2977a4442c: 0841 81fa | c878 0901 | 0f85 761b | 0000 498d | 1cec 8b7b | 1841 8b74 | fc08 468d | 149d 0000 
  0x00007f2977a4444c: ;   {metadata('java/nio/DirectByteBuffer')}
  0x00007f2977a4444c: 0000 81fe | 982a 2e00 | 0f85 821b | 0000 48c1 | e703 8b6f | 2044 3bd5 | 0f8f ce1e | 0000 4585 
  0x00007f2977a4446c: d20f 8c05 | 1f00 0044 | 8957 1c8b | 6f18 413b | ea0f 8f31 | 1f00 008b | 6f0c 413b | ea0f 8f65 
  0x00007f2977a4448c: 1f00 0048 | 8bef 4889 | 5c24 2844 | 895c 2420 | 4889 4c24 | 184f 8d14 | cc4c 8954 | 2430 4489 
  0x00007f2977a444ac: 4c24 0c49 | 8bf0 48c1 | e603 4533 | c048 8bd7 | 418b cb90 

  0x00007f2977a444c0: ;   {static_call}
  0x00007f2977a444c0: c5f8 77e8 

  0x00007f2977a444c4: ; ImmutableOopMap {rbp=Oop [12]=NarrowOop [16]=Oop [24]=Oop [40]=Oop [48]=Oop }
                      ;*invokestatic copyJni {reexecute=0 rethrow=0 return_oop=0}
                      ; - com.badlogic.gdx.utils.BufferUtils::copy@35 (line 54)
                      ; - com.badlogic.gdx.graphics.glutils.VertexArray::setVertices@7 (line 84)
                      ; - com.badlogic.gdx.graphics.Mesh::setVertices@7 (line 197)
                      ; - com.badlogic.gdx.graphics.g2d.SpriteBatch::flush@76 (line 964)
  0x00007f2977a444c4: 48d1 f3ff 

  0x00007f2977a444c8: ;   {post_call_nop}
  0x00007f2977a444c8: 0f1f 8400 | c002 0001 | 4c8b d541 | 8b6a 1c85 | ed0f 8c55 | 1f00 0041 | 8b6a 0c85 | ed0f 8f85 
  0x00007f2977a444e8: 1f00 0045 | 8962 184c | 8b54 2428 | 458b 5a14 

  0x00007f2977a444f8: ; implicit exception: dispatches to 0x00007f2977a46f98
  0x00007f2977a444f8: 438b 6cdc | 1c85 ed0f | 8ca7 1f00 | 0047 8b4c | dc0c 4585 | c90f 8fd1 | 1f00 0047 | 8964 dc18 
  0x00007f2977a44518: 438b 6cdc | 2044 8b54 | 2420 443b | d50f 8ff5 | 1f00 0045 | 85d2 0f8c | 1820 0000 | 4789 54dc 
  0x00007f2977a44538: 1c45 3bca | 0f8f 2a20 | 0000 448b | 5424 0c43 | 8b6c d414 

  0x00007f2977a4454c: ; implicit exception: dispatches to 0x00007f2977a46fb0
  0x00007f2977a4454c: 458b 5cec 

  0x00007f2977a44550: ;   {metadata('com/badlogic/gdx/graphics/glutils/IndexArray')}
  0x00007f2977a44550: 0841 81fb | 1052 0901 | 0f85 b61a | 0000 4d8d | 1cec 458b | 4310 438b | 6cc4 1c85 | ed0f 8c1d 
  0x00007f2977a44570: 2000 0043 | 8b4c c40c | 85c9 0f8f | 3420 0000 | 4789 64c4 | 1843 8b6c | c420 448b | 5c24 0844 
  0x00007f2977a44590: 3bdd 0f8f | 4020 0000 | 4585 db0f | 8c6b 2000 | 0047 895c | c41c 413b | cb0f 8f7d | 2000 0048 
  0x00007f2977a445b0: 8b4c 2418 | 0fb6 6931 | 85ed 0f85 | 9020 0000 

  0x00007f2977a445c0: ;   {oop(a 'java/lang/Class'{0x000000070c2dbd50} = 'com/badlogic/gdx/Gdx')}
  0x00007f2977a445c0: 49b8 50bd | 2d0c 0700 | 0000 418b | a890 0000 | 0045 8b44 

  0x00007f2977a445d4: ;   {metadata('com/badlogic/gdx/backends/lwjgl/LwjglGL20')}
  0x00007f2977a445d4: ec08 4181 | f800 8008 | 010f 8549 

  0x00007f2977a445e0: ;   {oop(a 'java/lang/Class'{0x000000070c332560} = 'org/lwjgl/opengl/GLContext')}
  0x00007f2977a445e0: 1a00 0049 | b860 2533 | 0c07 0000 | 0045 8b48 | 7c43 8b6c | cc0c 4c8b | c549 c1e0 | 0348 8b5c 
  0x00007f2977a44600: 2410 4c3b | c30f 85b1 | 1b00 0043 | 8b6c cc10 | 85ed 0f84 | 5820 0000 | 498b 94ec | 601a 0000 
  0x00007f2977a44620: 4885 d20f | 8467 2000 | 0048 8be9 | bee2 0b00 | 0066 6690 

  0x00007f2977a44634: ;   {static_call}
  0x00007f2977a44634: c5f8 77e8 

  0x00007f2977a44638: ; ImmutableOopMap {rbp=Oop [12]=NarrowOop [16]=Oop [48]=Oop }
                      ;*invokestatic nglEnable {reexecute=0 rethrow=0 return_oop=0}
                      ; - org.lwjgl.opengl.GL11::glEnable@15 (line 1015)
                      ; - com.badlogic.gdx.backends.lwjgl.LwjglGL20::glEnable@1 (line 292)
                      ; - com.badlogic.gdx.graphics.g2d.SpriteBatch::flush@125 (line 971)
  0x00007f2977a44638: 54fb f3ff 

  0x00007f2977a4463c: ;   {post_call_nop}
  0x00007f2977a4463c: 0f1f 8400 | 3404 0002 | 4c8b cd45 | 8b59 1841 | 83fb ff0f | 847b 2000 | 0045 8b51 

  0x00007f2977a44658: ;   {oop(a 'java/lang/Class'{0x000000070c2dbd50} = 'com/badlogic/gdx/Gdx')}
  0x00007f2977a44658: 1c49 b850 | bd2d 0c07 | 0000 0041 | 8ba8 9000 | 0000 418b 

  0x00007f2977a4466c: ;   {metadata('com/badlogic/gdx/backends/lwjgl/LwjglGL20')}
  0x00007f2977a4466c: 4cec 0881 | f900 8008 | 010f 85d1 

  0x00007f2977a44678: ;   {oop(a 'java/lang/Class'{0x000000070c332560} = 'org/lwjgl/opengl/GLContext')}
  0x00007f2977a44678: 1900 0049 | b860 2533 | 0c07 0000 | 0041 8b48 | 7c41 8b6c | cc0c 4c8b | c549 c1e0 | 0348 8b5c 
  0x00007f2977a44698: 2410 4c3b | c30f 8545 | 1b00 0041 | 8b6c cc10 | 85ed 0f84 | 3c20 0000 | 498b 8cec | 2019 0000 
  0x00007f2977a446b8: 4885 c90f | 844f 2000 | 0045 8bc2 | 4889 5c24 | 1849 8be9 | 418b f341 | 8bd0 6690 

  0x00007f2977a446d4: ;   {static_call}
  0x00007f2977a446d4: c5f8 77e8 

  0x00007f2977a446d8: ; ImmutableOopMap {rbp=Oop [12]=NarrowOop [24]=Oop [48]=Oop }
                      ;*invokestatic nglBlendFunc {reexecute=0 rethrow=0 return_oop=0}
                      ; - org.lwjgl.opengl.GL11::glBlendFunc@16 (line 627)
                      ; - com.badlogic.gdx.backends.lwjgl.LwjglGL20::glBlendFunc@2 (line 109)
                      ; - com.badlogic.gdx.graphics.g2d.SpriteBatch::flush@149 (line 972)
  0x00007f2977a446d8: 34ed f4ff 

  0x00007f2977a446dc: ;   {post_call_nop}
  0x00007f2977a446dc: 0f1f 8400 | d404 0003 | 4c8b c545 | 8b50 5045 | 85d2 0f84 | 5c20 0000 | 8b4c 2408 | 85c9 0f84 
  0x00007f2977a446fc: 6c20 0000 | 448b 4c24 | 0c43 0fb6 | 7ccc 0c85 | ff0f 8471 | 2000 0043 | 8b6c cc10 

  0x00007f2977a44718: ; implicit exception: dispatches to 0x00007f2977a47048
  0x00007f2977a44718: 458b 5cec 

  0x00007f2977a4471c: ;   {metadata('com/badlogic/gdx/graphics/glutils/VertexArray')}
  0x00007f2977a4471c: 0841 81fb | c878 0901 | 0f85 4619 | 0000 498d | 14ec 448b | 5a10 438b | 5cdc 1841 | 8b44 dc0c 
  0x00007f2977a4473c: 448b 5a14 

  0x00007f2977a44740: ; implicit exception: dispatches to 0x00007f2977a47090
  0x00007f2977a44740: 438b 5cdc | 1c44 8bd8 | 897c 242c | 4489 4c24 | 2889 4c24 | 144c 8944 | 2420 448b | 4218 4889 
  0x00007f2977a44760: 5424 08c1 | e302 478b 

  0x00007f2977a44768: ;   {metadata('java/nio/DirectByteBuffer')}
  0x00007f2977a44768: 4cc4 0841 | 81f9 982a | 2e00 0f85 | 2419 0000 | 4f8d 0cc4 | 418b 6920 | 3bdd 0f8f | 2420 0000 
  0x00007f2977a44788: 85db 0f8c | 5820 0000 | 4189 591c | 418b 6918 | 3beb 0f8f | 9820 0000 | 418b 690c | 3beb 0f8f 
  0x00007f2977a447a8: c820 0000 | 418b ca4f | 8d0c d485 | c00f 86fe | 0400 0033 | ffe9 5807 | 0000 33db | 83fa 200f 
  0x00007f2977a447c8: 8c75 0100 | 0045 33d2 | c5d5 efed | c5cd eff6 | c5c5 efff | c441 35ef 

  0x00007f2977a447e0: ;   {external_word}
  0x00007f2977a447e0: c949 bb20 | 66eb 8f29 | 7f00 0045 | 8b03 c4c1 | 796e c0c4 | e27d 58c0 | 448b da41 | 83e3 e041 
  0x00007f2977a44800: 0faf d8c4 | 217a 7e04 | 17c4 217a | 7e54 1708 | c421 7a7e | 5c17 10c4 | 217a 7e64 | 1718 c4e2 
  0x00007f2977a44820: 5540 e8c4 | 427d 31c0 | c4c1 55fe | e8c4 e24d | 40f0 c442 | 7d31 d2c4 | c14d fef2 | c4e2 4540 
  0x00007f2977a44840: f8c4 427d | 31db c4c1 | 45fe fbc4 | 6235 40c8 | c442 7d31 | e4c4 4135 | fecc 4183 | c220 453b 
  0x00007f2977a44860: d37c 9c4a | 8d3c 1f41 

  0x00007f2977a44868: ;   {external_word}
  0x00007f2977a44868: 2bd3 49bb | 2466 eb8f | 297f 0000 | c4c1 7e6f | 0bc4 e255 

  0x00007f2977a4487c: ;   {external_word}
  0x00007f2977a4487c: 40e9 49bb | 4466 eb8f | 297f 0000 | c4c1 7e6f | 13c4 e24d 

  0x00007f2977a44890: ;   {external_word}
  0x00007f2977a44890: 40f2 49bb | 6466 eb8f | 297f 0000 | c4c1 7e6f | 1bc4 e245 

  0x00007f2977a448a4: ;   {external_word}
  0x00007f2977a448a4: 40fb 49bb | 8466 eb8f | 297f 0000 | c4c1 7e6f | 23c4 6235 | 40cc c462 | 5502 c5c4 | 437d 39c2 
  0x00007f2977a448c4: 01c4 4139 | fec2 c442 | 3902 c0c5 | 796e d3c4 | 4139 fec2 | c579 7ec3 | c462 4d02 | dec4 437d 
  0x00007f2977a448e4: 39dc 01c4 | 4121 fedc | c442 2102 | dbc5 796e | e3c4 4121 | fedc c579 | 7edb c462 | 4502 c7c4 
  0x00007f2977a44904: 437d 39c2 | 01c4 4139 | fec2 c442 | 3902 c0c5 | 796e d3c4 | 4139 fec2 | c579 7ec3 | c442 3502 
  0x00007f2977a44924: d9c4 437d | 39dc 01c4 | 4121 fedc | c442 2102 | dbc5 796e | e3c4 4121 | fedc c579 | 7edb 41ba 
  0x00007f2977a44944: 0100 0000 | 443b d20f | 8d2e 0000 | 0041 b8c1 | 0300 0041 | 0faf d846 | 0fb6 5c17 | ff45 8bc3 
  0x00007f2977a44964: 41c1 e005 | 452b c341 | 03d8 460f | b604 1741 | 03d8 4183 | c202 443b | d27c d27f | 1244 8bdb 
  0x00007f2977a44984: c1e3 0541 | 2bdb 460f | b644 17ff | 4103 d885 | db0f 8462 | 0c00 0044 | 8b5c 244c | 4389 5cdc 
  0x00007f2977a449a4: ;   {other}
  0x00007f2977a449a4: 0c44 8bdb | 0f1f 8400 | 0000 0000 | 458b d344 | 8b44 2450 | 4723 54c4 | 2043 8b6c | c430 458b 
  0x00007f2977a449c4: 44ec 0c45 | 3bd0 0f83 | a40c 0000 | 4d8d 04ec | 438b 6c90 | 1044 8b4c | 244c 443b | cd0f 8455 
  0x00007f2977a449e4: 0100 0045 | 8b4c ec08 

  0x00007f2977a449ec: ;   {metadata('java/lang/String')}
  0x00007f2977a449ec: 4181 f968 | 8917 000f | 853b 2200 | 0044 8b44 | 244c 470f | be4c c410 | 4d8d 04ec | 410f be58 
  0x00007f2977a44a0c: 1044 3bcb | 0f85 420f | 0000 458b | 4814 8b4c | 244c 458b | 44cc 1443 | 8b7c cc0c | 438b 4cc4 
  0x00007f2977a44a2c: 0c3b cf0f | 8523 0f00 | 004b 8d74 | cc10 4b8d | 7cc4 1085 | c90f 84dc | 0000 008b | c183 e01f 
  0x00007f2977a44a4c: 83e1 e00f | 8452 0000 | 0048 8d3c | 0f48 8d34 | 0e48 f7d9 | c5fe 6f04 | 0fc5 fe6f | 0c0e c5fd 
  0x00007f2977a44a6c: efc1 c4e2 | 7d17 c00f | 85b1 0000 | 0048 83c1 | 2075 e185 | c00f 849c | 0000 00c5 | fe6f 4407 
  0x00007f2977a44a8c: e0c5 fe6f | 4c06 e0c5 | fdef c1c4 | e27d 17c0 | 0f85 8800 | 0000 e97c | 0000 008b | c883 e00f 
  0x00007f2977a44aac: 83e1 f00f | 842a 0000 | 0048 8d3c | 0f48 8d34 | 0e48 f7d9 | c5fa 6f04 | 0fc5 fa6f | 0c0e c5f9 
  0x00007f2977a44acc: efc1 c4e2 | 7917 c00f | 8551 0000 | 0048 83c1 | 1075 e18b | c883 e1fc | 7419 488d 

  0x00007f2977a44ae8: ;   {other}
  0x00007f2977a44ae8: 3c0f 488d | 340e 48f7 | d98b 1c0f | 3b1c 0e75 | 3148 83c1 | 0475 f2a8 | 0274 120f | b71f 0fb7 
  0x00007f2977a44b08: 0e3b d975 | 1d48 8d7f | 0248 8d76 | 02a8 0174 | 0a0f b61f | 0fb6 0e3b | d975 07b8 | 0100 0000 
  0x00007f2977a44b28: eb02 33c0 | c5fd efc0 | c5f5 efc9 | 85c0 0f84 | 1c0e 0000 | 448b 5c24 | 5043 8b6c | dc34 458b 
  0x00007f2977a44b48: 44ec 0c45 | 3bd0 0f83 | 940b 0000 | 4d8d 1cec | 478b 5493 | 1044 8954 | 244c 4585 | d20f 8c31 
  0x00007f2977a44b68: ;   {oop(a 'java/lang/Class'{0x000000070c2dbd50} = 'com/badlogic/gdx/Gdx')}
  0x00007f2977a44b68: 0f00 0049 | ba50 bd2d | 0c07 0000 | 0045 8b9a | 9400 0000 | 448b 4424 | 3843 0fb6 | 6cc4 1d85 
  0x00007f2977a44b88: ed0f 8579 | 0f00 0047 | 8b54 dc08 

  0x00007f2977a44b94: ;   {metadata('com/badlogic/gdx/backends/lwjgl/LwjglGL20')}
  0x00007f2977a44b94: 4181 fa00 | 8008 010f | 8587 0c00 

  0x00007f2977a44ba0: ;   {oop(a 'java/lang/Class'{0x000000070c332560} = 'org/lwjgl/opengl/GLContext')}
  0x00007f2977a44ba0: 0049 ba60 | 2533 0c07 | 0000 0045 | 8b52 7c43 | 8b6c d40c | 4c8b dd49 | c1e3 034c | 8b44 2418 
  0x00007f2977a44bc0: 4d3b d80f | 855b 0e00 | 0043 8b6c | d410 85ed | 0f84 920f | 0000 498b | 94ec e823 | 0000 4885 
  0x00007f2977a44be0: d20f 84d9 | 0f00 008b | 7424 4c48 | 8b6c 2430 

  0x00007f2977a44bf0: ;   {static_call}
  0x00007f2977a44bf0: c5f8 77e8 

  0x00007f2977a44bf4: ; ImmutableOopMap {rbp=Oop [8]=Oop [24]=Oop [32]=Oop [40]=NarrowOop [48]=Oop [56]=NarrowOop [64]=Oop [72]=NarrowOop [88]=Oop }
                      ;*invokestatic nglEnableVertexAttribArray {reexecute=0 rethrow=0 return_oop=0}
                      ; - org.lwjgl.opengl.GL20::glEnableVertexAttribArray@15 (line 912)
                      ; - com.badlogic.gdx.backends.lwjgl.LwjglGL20::glEnableVertexAttribArray@1 (line 296)
                      ; - com.badlogic.gdx.graphics.glutils.ShaderProgram::enableVertexAttribute@10 (line 742)
                      ; - com.badlogic.gdx.graphics.glutils.VertexArray::bind@71 (line 111)
                      ; - com.badlogic.gdx.graphics.Mesh::bind@6 (line 380)
                      ; - com.badlogic.gdx.graphics.Mesh::bind@3 (line 371)
                      ; - com.badlogic.gdx.graphics.Mesh::render@13 (line 479)
                      ; - com.badlogic.gdx.graphics.Mesh::render@10 (line 449)
                      ; - com.badlogic.gdx.graphics.g2d.SpriteBatch::flush@176 (line 975)
  0x00007f2977a44bf4: 9828 f3ff 

  0x00007f2977a44bf8: ;   {post_call_nop}
  0x00007f2977a44bf8: 0f1f 8400 | f009 0004 | 4c8b 5424 | 0845 8b52 | 1844 8b44 | 2448 478b | 5cc4 1847 | 8b44 d408 
  0x00007f2977a44c18: ;   {metadata('java/nio/DirectByteBuffer')}
  0x00007f2977a44c18: 4181 f898 | 2a2e 000f | 858b 0c00 | 004f 8d04 | d441 8b68 | 1c44 3bdd | 0f8f 0e10 | 0000 4585 
  0x00007f2977a44c38: db0f 8c7d | 1000 0041 | 8b68 0c41 | 3beb 0f8f | 2411 0000 | 4589 5818 | 4c8b 5c24 | 0845 8b43 
  0x00007f2977a44c58: 1043 8b7c | c40c 448b | 4424 4843 | 8b4c c410 | 49c1 e203 | 478b 44c4 | 1444 8b4c | 2448 470f 
  0x00007f2977a44c78: b64c cc24 | 488b 7424 | 408b 5424 | 4c4c 8914 | 2448 8b6c | 2430 6690 

  0x00007f2977a44c90: ;   {optimized virtual_call}
  0x00007f2977a44c90: c5f8 77e8 

  0x00007f2977a44c94: ; ImmutableOopMap {rbp=Oop [8]=Oop [24]=Oop [32]=Oop [40]=NarrowOop [48]=Oop [56]=NarrowOop [64]=Oop }
                      ;*invokevirtual setVertexAttribute {reexecute=0 rethrow=0 return_oop=0}
                      ; - com.badlogic.gdx.graphics.glutils.VertexArray::bind@116 (line 114)
                      ; - com.badlogic.gdx.graphics.Mesh::bind@6 (line 380)
                      ; - com.badlogic.gdx.graphics.Mesh::bind@3 (line 371)
                      ; - com.badlogic.gdx.graphics.Mesh::render@13 (line 479)
                      ; - com.badlogic.gdx.graphics.Mesh::render@10 (line 449)
                      ; - com.badlogic.gdx.graphics.g2d.SpriteBatch::flush@176 (line 975)
  0x00007f2977a44c94: 783c feff 

  0x00007f2977a44c98: ;   {post_call_nop}
  0x00007f2977a44c98: 0f1f 8400 | 900a 0005 | 8b7c 2410 | ffc7 3b7c | 243c 0f8c | 5c02 0000 | 8b4c 2438 | 4c8b 4c24 
  0x00007f2977a44cb8: 404c 8b54 | 2408 41c6 | 420c 0144 | 8b54 2428 | 438b 6cd4 | 1445 8b44 

  0x00007f2977a44cd0: ;   {metadata('com/badlogic/gdx/graphics/glutils/IndexArray')}
  0x00007f2977a44cd0: ec08 4181 | f810 5209 | 010f 8509 | 1400 004d | 8d1c ec41 | 0fb6 6b0c | 85ed 0f85 | c01b 0000 
  0x00007f2977a44cf0: 418b 5b10 

  0x00007f2977a44cf4: ; implicit exception: dispatches to 0x00007f2977a470d8
  0x00007f2977a44cf4: 418b 54dc | 1c85 d20f | 8e13 1500 | 0043 0fb6 | 6cd4 0d85 | ed0f 84c9 | 1b00 0045 | 8b5c dc18 
  0x00007f2977a44d14: 85d2 0f8c | d81b 0000 | 458b 44dc | 0c45 85c0 | 0f8f 221c | 0000 4489 | 5c24 2889 | 5424 104c 
  0x00007f2977a44d34: 894c 2438 | 894c 240c | 4489 5424 | 0845 8964 | dc18 418b | 6cdc 2044 | 8b5c 2414 | 443b dd0f 
  0x00007f2977a44d54: 8f53 1c00 | 0044 8b54 | 2414 4589 | 54dc 1c45 | 3bc2 0f8f | 7c1c 0000 | 895c 2414 

  0x00007f2977a44d70: ;   {oop(a 'java/lang/Class'{0x000000070c2dbd50} = 'com/badlogic/gdx/Gdx')}
  0x00007f2977a44d70: 49bb 50bd | 2d0c 0700 | 0000 418b | ab94 0000 | 0045 8b44 

  0x00007f2977a44d84: ;   {metadata('com/badlogic/gdx/backends/lwjgl/LwjglGL20')}
  0x00007f2977a44d84: ec08 4181 | f800 8008 | 010f 857d 

  0x00007f2977a44d90: ;   {oop(a 'java/lang/Class'{0x000000070c332560} = 'org/lwjgl/opengl/GLContext')}
  0x00007f2977a44d90: 1300 0049 | bb60 2533 | 0c07 0000 | 0045 8b43 | 7c43 8b6c | c40c 4c8b | dd49 c1e3 | 034c 8b4c 
  0x00007f2977a44db0: 2418 4d3b | d90f 858d | 1400 0047 | 8b5c c410 | 4585 db0f | 846b 1c00 | 004f 8b8c | dc88 1a00 
  0x00007f2977a44dd0: 004d 85c9 | 0f84 8e1c | 0000 478b | 84dc ac3f | 0000 438b | 4cc4 1041 | 8b5c cc10 | 418b 6ccc 
  0x00007f2977a44df0: 0c45 8b44 | dc0c 413b | e80f 8311 | 1100 004d | 8d04 dc41 | 8b4c a810 

  0x00007f2977a44e08: ; implicit exception: dispatches to 0x00007f2977a47168
  0x00007f2977a44e08: 418b 6ccc | 1885 ed0f | 854b 1400 | 0041 8b6c | cc0c 85ed | 0f85 aa1c | 0000 4585 | d20f 8e33 
  0x00007f2977a44e28: 0700 0041 

  0x00007f2977a44e2c: ;   {oop(a 'org/lwjgl/MemoryUtilSun$AccessorUnsafe'{0x000000070c2dbdf0})}
  0x00007f2977a44e2c: 8bd2 49ba | f0bd 2d0c | 0700 0000 | 4d8b 5a10 | 453b 620c | 0f84 1e11 | 0000 448b | 4424 144b 
  0x00007f2977a44e4c: 8d2c c44e | 8b44 1d00 | be04 0000 | 00b9 0314 | 0000 6690 

  0x00007f2977a44e60: ;   {static_call}
  0x00007f2977a44e60: c5f8 77e8 

  0x00007f2977a44e64: ; ImmutableOopMap {rbp=Oop [8]=NarrowOop [12]=NarrowOop [20]=NarrowOop [24]=Oop [32]=Oop [48]=Oop [56]=Oop }
                      ;*invokestatic nglDrawElements {reexecute=0 rethrow=0 return_oop=0}
                      ; - org.lwjgl.opengl.GL11::glDrawElements@34 (line 1110)
                      ; - com.badlogic.gdx.backends.lwjgl.LwjglGL20::glDrawElements@21 (line 281)
                      ; - com.badlogic.gdx.graphics.Mesh::render@88 (line 488)
                      ; - com.badlogic.gdx.graphics.Mesh::render@10 (line 449)
                      ; - com.badlogic.gdx.graphics.g2d.SpriteBatch::flush@176 (line 975)
  0x00007f2977a44e64: a8e8 f4ff 

  0x00007f2977a44e68: ;   {post_call_nop}
  0x00007f2977a44e68: 0f1f 8400 | 600c 0006 | 448b 4424 | 1443 8b6c | c41c 448b | 5c24 2844 | 3bdd 0f8f | 7c1c 0000 
  0x00007f2977a44e88: 4585 db0f | 8cb3 1c00 | 0047 8b4c | c40c 453b | cb0f 8fc9 | 1c00 0047 | 895c c418 | 438b 6cc4 
  0x00007f2977a44ea8: 2044 8b54 | 2410 443b | d50f 8ff1 | 1c00 0047 | 8954 c41c | 453b da0f | 8f0f 1d00 | 0045 3bca 
  0x00007f2977a44ec8: 0f8f 261d | 0000 448b | 4424 0843 | 8b6c c410 

  0x00007f2977a44ed8: ; implicit exception: dispatches to 0x00007f2977a47180
  0x00007f2977a44ed8: 458b 54ec 

  0x00007f2977a44edc: ;   {metadata('com/badlogic/gdx/graphics/glutils/VertexArray')}
  0x00007f2977a44edc: 0841 81fa | c878 0901 | 0f85 6e12 | 0000 498d | 1cec 448b | 5b10 478b | 54dc 1847 | 8b54 d40c 
  0x00007f2977a44efc: 4585 d20f | 8651 0300 | 0033 c9e9 | b503 0000 | 8b4c 2438 | 448b 5c24 | 3c4c 8b4c | 2440 4c8b 
  0x00007f2977a44f1c: 4424 0845 | 8b50 1043 | 8b5c d418 | 897c 2410 | 4c89 4c24 | 4044 895c | 243c 894c | 2438 458b 
  0x00007f2977a44f3c: 5cdc 0c41 | 3bfb 0f83 | e206 0000 | 4d8d 14dc | 458b 54ba | 1044 8954 | 2448 478b | 5cd4 2844 
  0x00007f2977a44f5c: 895c 244c | 458b 54cc | 3444 8954 | 2450 4585 | d20f 84e5 | 0600 0044 | 8b5c 244c 

  0x00007f2977a44f78: ; implicit exception: dispatches to 0x00007f2977a46d40
  0x00007f2977a44f78: 478b 5cdc | 0c44 8b54 | 2448 49c1 | e203 4c89 | 5424 5845 | 85db 0f85 | 1cfa ffff | 448b 5c24 
  0x00007f2977a44f98: 4c47 0fb6 | 5cdc 1145 | 85db 0f85 | 2306 0000 | 448b 5424 | 4c47 8b5c | d414 4380 | 7cd4 1000 
  0x00007f2977a44fb8: 0f85 a705 | 0000 438b | 54dc 0c4b | 8d7c dc10 | 83fa 020f | 8df1 f7ff | ff85 d277 | 0b45 33d2 
  0x00007f2977a44fd8: 418b dae9 

  0x00007f2977a44fdc: ;   {other}
  0x00007f2977a44fdc: b3f9 ffff | 440f b61f | 418b dbe9 | a7f9 ffff | 0f1f 4000 | 4489 4424 | 0848 895c | 2410 4489 
  0x00007f2977a44ffc: 5424 2889 | 4c24 2c89 | 7c24 4044 | 895c 2444 | 448b c844 | 8bd6 458b | 44f4 3045 | 8bd9 4523 
  0x00007f2977a4501c: 5cf4 2043 | 8b4c c40c | 443b d90f | 834f 0700 | 0049 c1e0 | 0343 8b6c | 9810 448b | 4424 4044 
  0x00007f2977a4503c: 3bc5 0f84 | 5301 0000 

  0x00007f2977a45044: ; implicit exception: dispatches to 0x00007f2977a459dc
  0x00007f2977a45044: 458b 44ec 

  0x00007f2977a45048: ;   {metadata('java/lang/String')}
  0x00007f2977a45048: 0841 81f8 | 6889 1700 | 0f85 3e1c | 0000 8b4c | 2440 450f | be44 cc10 | 498d 0cec | 0fbe 5910 
  0x00007f2977a45068: 443b c30f | 856b 0900 | 0044 8b41 | 148b 4c24 | 4041 8b7c | cc14 438b | 5cc4 0c41 | 8b4c fc0c 
  0x00007f2977a45088: 3bcb 0f85 | 4c09 0000 | 4b8d 74c4 | 1049 8d7c | fc10 85c9 | 0f84 dc00 | 0000 8bc1 | 83e0 1f83 
  0x00007f2977a450a8: e1e0 0f84 | 5200 0000 | 488d 3c0f | 488d 340e | 48f7 d9c5 | fe6f 0c0f | c5fe 6f04 | 0ec5 f5ef 
  0x00007f2977a450c8: c8c4 e27d | 17c9 0f85 | b100 0000 | 4883 c120 | 75e1 85c0 | 0f84 9c00 | 0000 c5fe | 6f4c 07e0 
  0x00007f2977a450e8: c5fe 6f44 | 06e0 c5f5 | efc8 c4e2 | 7d17 c90f | 8588 0000 | 00e9 7c00 | 0000 8bc8 | 83e0 0f83 
  0x00007f2977a45108: e1f0 0f84 | 2a00 0000 | 488d 3c0f | 488d 340e | 48f7 d9c5 | fa6f 0c0f | c5fa 6f04 | 0ec5 f1ef 
  0x00007f2977a45128: c8c4 e279 | 17c9 0f85 | 5100 0000 | 4883 c110 | 75e1 8bc8 | 83e1 fc74 | 1948 8d3c | 0f48 8d34 
  0x00007f2977a45148: ;   {other}
  0x00007f2977a45148: 0e48 f7d9 | 8b1c 0f3b | 1c0e 7531 | 4883 c104 | 75f2 a802 | 7412 0fb7 | 1f0f b70e | 3bd9 751d 
  0x00007f2977a45168: 488d 7f02 | 488d 7602 | a801 740a | 0fb6 1f0f | b60e 3bd9 | 7507 b801 | 0000 00eb | 0233 c0c5 
  0x00007f2977a45188: f5ef c9c5 | fdef c085 | c00f 8445 | 0800 0043 | 8b6c d434 

  0x00007f2977a4519c: ; implicit exception: dispatches to 0x00007f2977a46e64
  0x00007f2977a4519c: 458b 54ec | 0c45 3bda | 0f83 3606 | 0000 4d8d | 14ec 478b | 549a 1041 | 83fa fe0f | 8467 0c00 
  0x00007f2977a451bc: 0045 8bc2 | 4183 faff | 0f84 9e0c | 0000 448b | 5424 4447 | 8b5c d408 

  0x00007f2977a451d4: ;   {metadata('com/badlogic/gdx/backends/lwjgl/LwjglGL20')}
  0x00007f2977a451d4: 4181 fb00 | 8008 010f | 8557 0700 

  0x00007f2977a451e0: ;   {oop(a 'java/lang/Class'{0x000000070c332560} = 'org/lwjgl/opengl/GLContext')}
  0x00007f2977a451e0: 0049 ba60 | 2533 0c07 | 0000 0045 | 8b5a 7c43 | 8b6c dc0c | 4c8b d549 | c1e2 034c | 8b4c 2418 
  0x00007f2977a45200: 4d3b d10f | 8557 0800 | 0043 8b6c | dc10 85ed | 0f84 720c | 0000 498b | 94ec f023 | 0000 4885 
  0x00007f2977a45220: d20f 8499 | 0c00 0045 | 8bd0 418b | f266 6690 

  0x00007f2977a45230: ;   {static_call}
  0x00007f2977a45230: c5f8 77e8 

  0x00007f2977a45234: ; ImmutableOopMap {[8]=NarrowOop [12]=NarrowOop [16]=Oop [24]=Oop [32]=Oop [48]=Oop [56]=Oop }
                      ;*invokestatic nglDisableVertexAttribArray {reexecute=0 rethrow=0 return_oop=0}
                      ; - org.lwjgl.opengl.GL20::glDisableVertexAttribArray@15 (line 920)
                      ; - com.badlogic.gdx.backends.lwjgl.LwjglGL20::glDisableVertexAttribArray@1 (line 272)
                      ; - com.badlogic.gdx.graphics.glutils.ShaderProgram::disableVertexAttribute@22 (line 719)
                      ; - com.badlogic.gdx.graphics.glutils.VertexArray::unbind@34 (line 145)
                      ; - com.badlogic.gdx.graphics.Mesh::unbind@6 (line 398)
                      ; - com.badlogic.gdx.graphics.Mesh::unbind@3 (line 389)
                      ; - com.badlogic.gdx.graphics.Mesh::render@178 (line 501)
                      ; - com.badlogic.gdx.graphics.Mesh::render@10 (line 449)
                      ; - com.badlogic.gdx.graphics.g2d.SpriteBatch::flush@176 (line 975)
  0x00007f2977a45234: 5828 f3ff 

  0x00007f2977a45238: ;   {post_call_nop}
  0x00007f2977a45238: 0f1f 8400 | 3010 0007 | 8b4c 242c | ffc1 3b4c | 2428 7c66 | 448b 4424 | 0848 8b5c | 2410 4488 
  0x00007f2977a45258: 630c 438b | 6cc4 1445 | 8b5c ec08 

  0x00007f2977a45264: ;   {metadata('com/badlogic/gdx/graphics/glutils/IndexArray')}
  0x00007f2977a45264: 4181 fb10 | 5209 010f | 85ff 0e00 | 004d 8d14 | ec41 0fb6 | 6a0c 85ed | 0f85 9619 | 0000 458b 
  0x00007f2977a45284: 5a10 438b | 6cdc 1c85 | ed0f 8e21 | 1000 004c | 8b54 2420 | 4589 620c | c5f8 7748 | 81c4 9000 
  0x00007f2977a452a4: ;   {poll_return}
  0x00007f2977a452a4: 0000 5d49 | 3b67 280f | 8785 1f00 | 00c3 448b | 4424 0848 | 8b5c 2410 | 448b 5424 | 2844 8b5b 
  0x00007f2977a452c4: 1043 8b6c | dc18 458b | 4cec 0c41 | 3bc9 0f83 | 5804 0000 | 4d8d 1cec | 458b 5c8b | 1043 8b7c 
  0x00007f2977a452e4: dc28 448b | 4c24 0c43 | 0fb6 54cc 

  0x00007f2977a452f0: ;   {oop(a 'java/lang/Class'{0x000000070c2dbd50} = 'com/badlogic/gdx/Gdx')}
  0x00007f2977a452f0: 1d49 bb50 | bd2d 0c07 | 0000 0045 | 8b9b 9400 | 0000 85d2 | 0f85 de0a | 0000 438b | 74cc 3485 
  0x00007f2977a45310: f60f 844d | 0400 0041 | 8b44 fc0c | 85c0 0f85 | ccfc ffff | 8974 2448 | 4489 5c24 | 4489 7c24 
  0x00007f2977a45330: 4089 4c24 | 2c44 8954 | 2428 4889 | 5c24 1044 | 8944 2408 | 450f b654 | fc11 4585 | d20f 8580 
  0x00007f2977a45350: 0200 0045 | 8b54 fc14 | 4180 7cfc | 1000 0f85 | 3702 0000 

  0x00007f2977a45364: ; implicit exception: dispatches to 0x00007f2977a46ec4
  0x00007f2977a45364: 438b 54d4 | 0c4b 8d7c | d410 83fa | 020f 8c67 | 0200 0033 | db83 fa20 | 0f8c 6d01 | 0000 4533 
  0x00007f2977a45384: c9c4 4135 | efc9 c441 | 3def c0c4 | 411d efe4 | c441 25ef 

  0x00007f2977a45398: ;   {external_word}
  0x00007f2977a45398: db49 ba20 | 66eb 8f29 | 7f00 0045 | 8b1a c4c1 | 796e e3c4 | e27d 58e4 | 448b d241 | 83e2 e041 
  0x00007f2977a453b8: 0faf dbc4 | 217a 7e14 | 0fc4 a17a | 7e44 0f08 | c4a1 7a7e | 540f 10c4 | a17a 7e4c | 0f18 c462 
  0x00007f2977a453d8: 3540 ccc4 | 427d 31d2 | c441 35fe | cac4 623d | 40c4 c4e2 | 7d31 c0c5 | 3dfe c0c4 | 621d 40e4 
  0x00007f2977a453f8: c4e2 7d31 | d2c5 1dfe | e2c4 6225 | 40dc c4e2 | 7d31 c9c5 | 25fe d941 | 83c1 2045 | 3bca 7c9f 
  0x00007f2977a45418: 4a8d 3c17 

  0x00007f2977a4541c: ;   {external_word}
  0x00007f2977a4541c: 412b d249 | ba24 66eb | 8f29 7f00 | 00c4 c17e | 6f1a c462 

  0x00007f2977a45430: ;   {external_word}
  0x00007f2977a45430: 3540 cb49 | ba44 66eb | 8f29 7f00 | 00c4 c17e | 6f32 c462 

  0x00007f2977a45444: ;   {external_word}
  0x00007f2977a45444: 3d40 c649 | ba64 66eb | 8f29 7f00 | 00c4 c17e | 6f2a c462 

  0x00007f2977a45458: ;   {external_word}
  0x00007f2977a45458: 1d40 e549 | ba84 66eb | 8f29 7f00 | 00c4 c17e | 6f3a c462 | 2540 dfc4 | 4235 02d1 | c463 7d39 
  0x00007f2977a45478: d001 c529 | fed0 c442 | 2902 d2c5 | f96e c3c5 | 29fe d0c5 | 797e d3c4 | c23d 02d0 | c4e3 7d39 
  0x00007f2977a45498: d101 c5e9 | fed1 c4e2 | 6902 d2c5 | f96e cbc5 | e9fe d1c5 | f97e d3c4 | 421d 02d4 | c463 7d39 
  0x00007f2977a454b8: d001 c529 | fed0 c442 | 2902 d2c5 | f96e c3c5 | 29fe d0c5 | 797e d3c4 | c225 02d3 | c4e3 7d39 
  0x00007f2977a454d8: d101 c5e9 | fed1 c4e2 | 6902 d2c5 | f96e cbc5 | e9fe d1c5 | f97e d341 | b901 0000 | 0044 3bca 
  0x00007f2977a454f8: 0f8d 2e00 | 0000 41bb | c103 0000 | 410f afdb | 460f b654 | 0fff 458b | da41 c1e3 | 0545 2bda 
  0x00007f2977a45518: 4103 db46 | 0fb6 1c0f | 4103 db41 | 83c1 0244 | 3bca 7cd2 | 7f12 448b | d3c1 e305 | 412b da46 
  0x00007f2977a45538: 0fb6 5c0f | ff41 03db | 85db 0f84 | c800 0000 | 448b 5424 | 4043 895c | d40c 8b74 | 2448 448b 
  0x00007f2977a45558: ;   {other}
  0x00007f2977a45558: cbe9 b1fa | ffff 33d2 | e9c9 f8ff | ff49 8bf3 | 48c1 e603 | 458b da4f | 8d14 dc44 | 8b5c 2450 
  0x00007f2977a45578: 4b8d 2cdc | 4c89 5424 | 7066 6690 

  0x00007f2977a45584: ;   {static_call}
  0x00007f2977a45584: c5f8 77e8 

  0x00007f2977a45588: ; ImmutableOopMap {rbp=Oop [8]=Oop [24]=Oop [32]=Oop [40]=NarrowOop [48]=Oop [56]=NarrowOop [64]=Oop [72]=NarrowOop [76]=NarrowOop [80]=NarrowOop [88]=Oop [112]=Oop }
                      ;*invokestatic hashCode {reexecute=0 rethrow=0 return_oop=0}
                      ; - java.lang.String::hashCode@37 (line 2720)
                      ; - com.badlogic.gdx.utils.ObjectIntMap::get@1 (line 279)
                      ; - com.badlogic.gdx.graphics.glutils.ShaderProgram::getAttributeLocation@6 (line 865)
                      ; - com.badlogic.gdx.graphics.glutils.VertexArray::bind@55 (line 109)
                      ; - com.badlogic.gdx.graphics.Mesh::bind@6 (line 380)
                      ; - com.badlogic.gdx.graphics.Mesh::bind@3 (line 371)
                      ; - com.badlogic.gdx.graphics.Mesh::render@13 (line 479)
                      ; - com.badlogic.gdx.graphics.Mesh::render@10 (line 449)
                      ; - com.badlogic.gdx.graphics.g2d.SpriteBatch::flush@176 (line 975)
  0x00007f2977a45588: 54fa 93ff 

  0x00007f2977a4558c: ;   {post_call_nop}
  0x00007f2977a4558c: 0f1f 8400 | 8413 0008 | 8bd8 e9f8 | f3ff ff49 | 8bf2 48c1 | e603 448b | 5424 4849 | c1e2 0349 
  0x00007f2977a455ac: 8d2c fc4c | 8954 2458 

  0x00007f2977a455b4: ;   {static_call}
  0x00007f2977a455b4: c5f8 77e8 

  0x00007f2977a455b8: ; ImmutableOopMap {rbp=Oop [8]=NarrowOop [12]=NarrowOop [16]=Oop [24]=Oop [32]=Oop [48]=Oop [56]=Oop [64]=NarrowOop [68]=NarrowOop [72]=NarrowOop [88]=Oop }
                      ;*invokestatic hashCode {reexecute=0 rethrow=0 return_oop=0}
                      ; - java.lang.String::hashCode@37 (line 2720)
                      ; - com.badlogic.gdx.utils.ObjectIntMap::get@1 (line 279)
                      ; - com.badlogic.gdx.graphics.glutils.ShaderProgram::fetchAttributeLocation@11 (line 290)
                      ; - com.badlogic.gdx.graphics.glutils.ShaderProgram::disableVertexAttribute@10 (line 717)
                      ; - com.badlogic.gdx.graphics.glutils.VertexArray::unbind@34 (line 145)
                      ; - com.badlogic.gdx.graphics.Mesh::unbind@6 (line 398)
                      ; - com.badlogic.gdx.graphics.Mesh::unbind@3 (line 389)
                      ; - com.badlogic.gdx.graphics.Mesh::render@178 (line 501)
                      ; - com.badlogic.gdx.graphics.Mesh::render@10 (line 449)
                      ; - com.badlogic.gdx.graphics.g2d.SpriteBatch::flush@176 (line 975)
  0x00007f2977a455b8: 24fa 93ff 

  0x00007f2977a455bc: ;   {post_call_nop}
  0x00007f2977a455bc: 0f1f 8400 | b413 0009 | 8bd8 e975 | ffff ff45 | 33db e9dd | f3ff ff45 | 33d2 458b | cae9 31fa 
  0x00007f2977a455dc: ffff 85d2 | 7707 33db | e957 ffff | ff44 0fb6 | 1741 8bda | e94b ffff | ff89 4e2c | e969 edff 
  0x00007f2977a455fc: ff44 8b54 | 244c 43c6 | 44d4 1101 | 4533 dbe9 | a0f3 ffff | 448b 5c24 | 4043 c644 | dc11 0145 
  0x00007f2977a4561c: 33d2 8b74 | 2448 458b | cae9 e5f9 | ffff bee4 | ffff ff48 | 8b6c 2408 | 895c 240c | 48ff 7424 
  0x00007f2977a4563c: 2048 8f44 | 2418 894c | 2430 6690 

  0x00007f2977a45648: ;   {runtime_call UncommonTrapBlob}
  0x00007f2977a45648: c5f8 77e8 

  0x00007f2977a4564c: ; ImmutableOopMap {rbp=Oop [12]=NarrowOop [24]=Oop [40]=NarrowOop [48]=NarrowOop [56]=NarrowOop }
                      ;*aaload {reexecute=0 rethrow=0 return_oop=0}
                      ; - com.badlogic.gdx.graphics.VertexAttributes::get@5 (line 109)
                      ; - com.badlogic.gdx.graphics.glutils.VertexArray::bind@44 (line 108)
                      ; - com.badlogic.gdx.graphics.Mesh::bind@6 (line 380)
                      ; - com.badlogic.gdx.graphics.Mesh::bind@3 (line 371)
                      ; - com.badlogic.gdx.graphics.Mesh::render@13 (line 479)
                      ; - com.badlogic.gdx.graphics.Mesh::render@10 (line 449)
                      ; - com.badlogic.gdx.graphics.g2d.SpriteBatch::flush@176 (line 975)
  0x00007f2977a4564c: 9061 a1ff 

  0x00007f2977a45650: ;   {post_call_nop}
  0x00007f2977a45650: 0f1f 8400 | 4814 000a | bef6 ffff | ff8b 6c24 | 4c66 6690 

  0x00007f2977a45664: ;   {runtime_call UncommonTrapBlob}
  0x00007f2977a45664: c5f8 77e8 

  0x00007f2977a45668: ; ImmutableOopMap {rbp=NarrowOop }
                      ;*invokevirtual get {reexecute=0 rethrow=0 return_oop=0}
                      ; - com.badlogic.gdx.graphics.glutils.ShaderProgram::getAttributeLocation@6 (line 865)
                      ; - com.badlogic.gdx.graphics.glutils.VertexArray::bind@55 (line 109)
                      ; - com.badlogic.gdx.graphics.Mesh::bind@6 (line 380)
                      ; - com.badlogic.gdx.graphics.Mesh::bind@3 (line 371)
                      ; - com.badlogic.gdx.graphics.Mesh::render@13 (line 479)
                      ; - com.badlogic.gdx.graphics.Mesh::render@10 (line 449)
                      ; - com.badlogic.gdx.graphics.g2d.SpriteBatch::flush@176 (line 975)
  0x00007f2977a45668: 7461 a1ff 

  0x00007f2977a4566c: ;   {post_call_nop}
  0x00007f2977a4566c: 0f1f 8400 | 6414 000b | bee4 ffff | ff48 ff74 | 2420 488f | 4424 1848 | 8944 24f8 | 8b44 2438 
  0x00007f2977a4568c: 8944 2424 | 488b 4424 | f848 8944 | 24f8 8b44 | 243c 8944 | 2434 488b | 4424 f848 | 8944 24f8 
  0x00007f2977a456ac: 8b44 2448 | 8944 2438 | 488b 4424 | f848 8944 | 24f8 8b44 | 2450 8944 | 243c 488b | 4424 f844 
  0x00007f2977a456cc: 895c 2444 | 4489 5424 | 5066 6690 

  0x00007f2977a456d8: ;   {runtime_call UncommonTrapBlob}
  0x00007f2977a456d8: c5f8 77e8 

  0x00007f2977a456dc: ; ImmutableOopMap {rbp=NarrowOop [8]=Oop [24]=Oop [36]=NarrowOop [40]=NarrowOop [56]=NarrowOop [60]=NarrowOop [76]=NarrowOop }
                      ;*aaload {reexecute=0 rethrow=0 return_oop=0}
                      ; - com.badlogic.gdx.utils.ObjectIntMap::get@20 (line 281)
                      ; - com.badlogic.gdx.graphics.glutils.ShaderProgram::getAttributeLocation@6 (line 865)
                      ; - com.badlogic.gdx.graphics.glutils.VertexArray::bind@55 (line 109)
                      ; - com.badlogic.gdx.graphics.Mesh::bind@6 (line 380)
                      ; - com.badlogic.gdx.graphics.Mesh::bind@3 (line 371)
                      ; - com.badlogic.gdx.graphics.Mesh::render@13 (line 479)
                      ; - com.badlogic.gdx.graphics.Mesh::render@10 (line 449)
                      ; - com.badlogic.gdx.graphics.g2d.SpriteBatch::flush@176 (line 975)
  0x00007f2977a456dc: 0061 a1ff 

  0x00007f2977a456e0: ;   {post_call_nop}
  0x00007f2977a456e0: 0f1f 8400 | d814 000c | bee4 ffff | ff48 ff74 | 2420 488f | 4424 1848 | 8944 24f8 | 8b44 2438 
  0x00007f2977a45700: 8944 2424 | 488b 4424 | f848 8944 | 24f8 8b44 | 243c 8944 | 2434 488b | 4424 f844 | 8954 243c 
  0x00007f2977a45720: ;   {runtime_call UncommonTrapBlob}
  0x00007f2977a45720: c5f8 77e8 

  0x00007f2977a45724: ; ImmutableOopMap {rbp=NarrowOop [8]=Oop [24]=Oop [36]=NarrowOop [40]=NarrowOop [72]=NarrowOop }
                      ;*iaload {reexecute=0 rethrow=0 return_oop=0}
                      ; - com.badlogic.gdx.utils.ObjectIntMap::get@82 (line 288)
                      ; - com.badlogic.gdx.graphics.glutils.ShaderProgram::getAttributeLocation@6 (line 865)
                      ; - com.badlogic.gdx.graphics.glutils.VertexArray::bind@55 (line 109)
                      ; - com.badlogic.gdx.graphics.Mesh::bind@6 (line 380)
                      ; - com.badlogic.gdx.graphics.Mesh::bind@3 (line 371)
                      ; - com.badlogic.gdx.graphics.Mesh::render@13 (line 479)
                      ; - com.badlogic.gdx.graphics.Mesh::render@10 (line 449)
                      ; - com.badlogic.gdx.graphics.g2d.SpriteBatch::flush@176 (line 975)
  0x00007f2977a45724: b860 a1ff 

  0x00007f2977a45728: ;   {post_call_nop}
  0x00007f2977a45728: 0f1f 8400 | 2015 000d | bee4 ffff | ff48 ff74 | 2420 488f | 4424 1044 | 8944 2408 | 4889 5c24 
  0x00007f2977a45748: 1844 8954 | 2420 894c | 242c 6690 

  0x00007f2977a45754: ;   {runtime_call UncommonTrapBlob}
  0x00007f2977a45754: c5f8 77e8 

  0x00007f2977a45758: ; ImmutableOopMap {rbp=NarrowOop [8]=NarrowOop [12]=NarrowOop [16]=Oop [24]=Oop }
                      ;*aaload {reexecute=0 rethrow=0 return_oop=0}
                      ; - com.badlogic.gdx.graphics.VertexAttributes::get@5 (line 109)
                      ; - com.badlogic.gdx.graphics.glutils.VertexArray::unbind@28 (line 145)
                      ; - com.badlogic.gdx.graphics.Mesh::unbind@6 (line 398)
                      ; - com.badlogic.gdx.graphics.Mesh::unbind@3 (line 389)
                      ; - com.badlogic.gdx.graphics.Mesh::render@178 (line 501)
                      ; - com.badlogic.gdx.graphics.Mesh::render@10 (line 449)
                      ; - com.badlogic.gdx.graphics.g2d.SpriteBatch::flush@176 (line 975)
  0x00007f2977a45758: 8460 a1ff 

  0x00007f2977a4575c: ;   {post_call_nop}
  0x00007f2977a4575c: 0f1f 8400 | 5415 000e | bef6 ffff | ff8b ef90 

  0x00007f2977a4576c: ;   {runtime_call UncommonTrapBlob}
  0x00007f2977a4576c: c5f8 77e8 

  0x00007f2977a45770: ; ImmutableOopMap {rbp=NarrowOop }
                      ;*invokevirtual get {reexecute=0 rethrow=0 return_oop=0}
                      ; - com.badlogic.gdx.graphics.glutils.ShaderProgram::fetchAttributeLocation@11 (line 290)
                      ; - com.badlogic.gdx.graphics.glutils.ShaderProgram::disableVertexAttribute@10 (line 717)
                      ; - com.badlogic.gdx.graphics.glutils.VertexArray::unbind@34 (line 145)
                      ; - com.badlogic.gdx.graphics.Mesh::unbind@6 (line 398)
                      ; - com.badlogic.gdx.graphics.Mesh::unbind@3 (line 389)
                      ; - com.badlogic.gdx.graphics.Mesh::render@178 (line 501)
                      ; - com.badlogic.gdx.graphics.Mesh::render@10 (line 449)
                      ; - com.badlogic.gdx.graphics.g2d.SpriteBatch::flush@176 (line 975)
  0x00007f2977a45770: 6c60 a1ff 

  0x00007f2977a45774: ;   {post_call_nop}
  0x00007f2977a45774: 0f1f 8400 | 6c15 000f | bee4 ffff | ff48 8b6c | 2420 4889 | 4424 f88b | 4424 2889 | 4424 1848 
  0x00007f2977a45794: 8b44 24f8 | 4889 4424 | f88b 4424 | 2c89 4424 | 1c48 8b44 | 24f8 4889 | 4424 f88b | 4424 4489 
  0x00007f2977a457b4: 4424 2c48 | 8b44 24f8 | 4489 5424 | 3044 894c | 2438 4489 | 4424 4444 | 895c 2448 

  0x00007f2977a457d0: ;   {runtime_call UncommonTrapBlob}
  0x00007f2977a457d0: c5f8 77e8 

  0x00007f2977a457d4: ; ImmutableOopMap {rbp=Oop [8]=NarrowOop [12]=NarrowOop [16]=Oop [44]=NarrowOop [48]=NarrowOop [64]=NarrowOop [68]=NarrowOop }
                      ;*aaload {reexecute=0 rethrow=0 return_oop=0}
                      ; - com.badlogic.gdx.utils.ObjectIntMap::get@20 (line 281)
                      ; - com.badlogic.gdx.graphics.glutils.ShaderProgram::fetchAttributeLocation@11 (line 290)
                      ; - com.badlogic.gdx.graphics.glutils.ShaderProgram::disableVertexAttribute@10 (line 717)
                      ; - com.badlogic.gdx.graphics.glutils.VertexArray::unbind@34 (line 145)
                      ; - com.badlogic.gdx.graphics.Mesh::unbind@6 (line 398)
                      ; - com.badlogic.gdx.graphics.Mesh::unbind@3 (line 389)
                      ; - com.badlogic.gdx.graphics.Mesh::render@178 (line 501)
                      ; - com.badlogic.gdx.graphics.Mesh::render@10 (line 449)
                      ; - com.badlogic.gdx.graphics.g2d.SpriteBatch::flush@176 (line 975)
  0x00007f2977a457d4: 0860 a1ff 

  0x00007f2977a457d8: ;   {post_call_nop}
  0x00007f2977a457d8: 0f1f 8400 | d015 0010 | bee4 ffff | ff48 ff74 | 2420 488f | 4424 1848 | 8944 24f8 | 8b44 2428 
  0x00007f2977a457f8: 8944 2420 | 488b 4424 | f848 8944 | 24f8 8b44 | 242c 8944 | 2424 488b | 4424 f844 | 895c 2438 
  0x00007f2977a45818: ;   {runtime_call UncommonTrapBlob}
  0x00007f2977a45818: c5f8 77e8 

  0x00007f2977a4581c: ; ImmutableOopMap {rbp=NarrowOop [8]=NarrowOop [12]=NarrowOop [16]=Oop [24]=Oop [64]=NarrowOop [68]=NarrowOop }
                      ;*iaload {reexecute=0 rethrow=0 return_oop=0}
                      ; - com.badlogic.gdx.utils.ObjectIntMap::get@82 (line 288)
                      ; - com.badlogic.gdx.graphics.glutils.ShaderProgram::fetchAttributeLocation@11 (line 290)
                      ; - com.badlogic.gdx.graphics.glutils.ShaderProgram::disableVertexAttribute@10 (line 717)
                      ; - com.badlogic.gdx.graphics.glutils.VertexArray::unbind@34 (line 145)
                      ; - com.badlogic.gdx.graphics.Mesh::unbind@6 (line 398)
                      ; - com.badlogic.gdx.graphics.Mesh::unbind@3 (line 389)
                      ; - com.badlogic.gdx.graphics.Mesh::render@178 (line 501)
                      ; - com.badlogic.gdx.graphics.Mesh::render@10 (line 449)
                      ; - com.badlogic.gdx.graphics.g2d.SpriteBatch::flush@176 (line 975)
  0x00007f2977a4581c: c05f a1ff 

  0x00007f2977a45820: ;   {post_call_nop}
  0x00007f2977a45820: 0f1f 8400 | 1816 0011 | bede ffff | ff48 8b6c | 2408 4889 | 4424 f88b | 4424 1089 | 4424 0848 
  0x00007f2977a45840: 8b44 24f8 | 48ff 7424 | 2048 8f44 | 2418 4889 | 4424 f88b | 4424 2889 | 4424 0c48 | 8b44 24f8 
  0x00007f2977a45860: 4889 4424 | f88b 4424 | 2c89 4424 | 2048 8b44 | 24f8 4489 | 4424 2848 | 8944 24f8 | 8b44 243c 
  0x00007f2977a45880: 8944 242c | 488b 4424 | f848 8944 | 24f8 8b44 | 244c 8944 | 2434 488b | 4424 f844 | 895c 2438 
  0x00007f2977a458a0: ;   {runtime_call UncommonTrapBlob}
  0x00007f2977a458a0: c5f8 77e8 

  0x00007f2977a458a4: ; ImmutableOopMap {rbp=Oop [12]=NarrowOop [24]=Oop [40]=NarrowOop [56]=NarrowOop [72]=NarrowOop }
                      ;*invokeinterface glEnableVertexAttribArray {reexecute=0 rethrow=0 return_oop=0}
                      ; - com.badlogic.gdx.graphics.glutils.ShaderProgram::enableVertexAttribute@10 (line 742)
                      ; - com.badlogic.gdx.graphics.glutils.VertexArray::bind@71 (line 111)
                      ; - com.badlogic.gdx.graphics.Mesh::bind@6 (line 380)
                      ; - com.badlogic.gdx.graphics.Mesh::bind@3 (line 371)
                      ; - com.badlogic.gdx.graphics.Mesh::render@13 (line 479)
                      ; - com.badlogic.gdx.graphics.Mesh::render@10 (line 449)
                      ; - com.badlogic.gdx.graphics.g2d.SpriteBatch::flush@176 (line 975)
  0x00007f2977a458a4: 385f a1ff 

  0x00007f2977a458a8: ;   {post_call_nop}
  0x00007f2977a458a8: 0f1f 8400 | a016 0012 | bede ffff | ff48 8b6c | 2408 4889 | 4424 f88b | 4424 1089 | 4424 0848 
  0x00007f2977a458c8: 8b44 24f8 | 48ff 7424 | 2048 8f44 | 2418 4889 | 4424 f88b | 4424 2889 | 4424 0c48 | 8b44 24f8 
  0x00007f2977a458e8: 4889 4424 | f88b 4424 | 3889 4424 | 1048 8b44 | 24f8 4889 | 4424 f88b | 4424 2c89 | 4424 2048 
  0x00007f2977a45908: 8b44 24f8 | 4889 4424 | f88b 4424 | 3c89 4424 | 2c48 8b44 | 24f8 4489 | 5424 3844 | 895c 243c 
  0x00007f2977a45928: ;   {runtime_call UncommonTrapBlob}
  0x00007f2977a45928: c5f8 77e8 

  0x00007f2977a4592c: ; ImmutableOopMap {rbp=Oop [12]=NarrowOop [16]=NarrowOop [24]=Oop [56]=NarrowOop [72]=NarrowOop }
                      ;*invokevirtual position {reexecute=0 rethrow=0 return_oop=0}
                      ; - com.badlogic.gdx.graphics.glutils.VertexArray::bind@83 (line 113)
                      ; - com.badlogic.gdx.graphics.Mesh::bind@6 (line 380)
                      ; - com.badlogic.gdx.graphics.Mesh::bind@3 (line 371)
                      ; - com.badlogic.gdx.graphics.Mesh::render@13 (line 479)
                      ; - com.badlogic.gdx.graphics.Mesh::render@10 (line 449)
                      ; - com.badlogic.gdx.graphics.g2d.SpriteBatch::flush@176 (line 975)
  0x00007f2977a4592c: b05e a1ff 

  0x00007f2977a45930: ;   {post_call_nop}
  0x00007f2977a45930: 0f1f 8400 | 2817 0013 | bede ffff | ff48 8b6c | 2420 4489 | 4424 2490 

  0x00007f2977a45948: ;   {runtime_call UncommonTrapBlob}
  0x00007f2977a45948: c5f8 77e8 

  0x00007f2977a4594c: ; ImmutableOopMap {rbp=Oop [8]=NarrowOop [12]=NarrowOop [16]=Oop [68]=NarrowOop }
                      ;*invokeinterface glDisableVertexAttribArray {reexecute=0 rethrow=0 return_oop=0}
                      ; - com.badlogic.gdx.graphics.glutils.ShaderProgram::disableVertexAttribute@22 (line 719)
                      ; - com.badlogic.gdx.graphics.glutils.VertexArray::unbind@34 (line 145)
                      ; - com.badlogic.gdx.graphics.Mesh::unbind@6 (line 398)
                      ; - com.badlogic.gdx.graphics.Mesh::unbind@3 (line 389)
                      ; - com.badlogic.gdx.graphics.Mesh::render@178 (line 501)
                      ; - com.badlogic.gdx.graphics.Mesh::render@10 (line 449)
                      ; - com.badlogic.gdx.graphics.g2d.SpriteBatch::flush@176 (line 975)
  0x00007f2977a4594c: 905e a1ff 

  0x00007f2977a45950: ;   {post_call_nop}
  0x00007f2977a45950: 0f1f 8400 | 4817 0014 | be45 ffff | ff48 8b6c | 2408 4889 | 4424 f88b | 4424 1089 | 4424 0848 
  0x00007f2977a45970: 8b44 24f8 | 48ff 7424 | 2048 8f44 | 2418 4889 | 4424 f88b | 4424 2889 | 4424 0c48 | 8b44 24f8 
  0x00007f2977a45990: 4889 4424 | f88b 4424 | 3889 4424 | 1048 8b44 | 24f8 4889 | 4424 f88b | 4424 2c89 | 4424 2048 
  0x00007f2977a459b0: 8b44 24f8 | 4889 4424 | f88b 4424 | 3c89 4424 | 2c48 8b44 | 24f8 4489 | 5c24 3c90 

  0x00007f2977a459cc: ;   {runtime_call UncommonTrapBlob}
  0x00007f2977a459cc: c5f8 77e8 

  0x00007f2977a459d0: ; ImmutableOopMap {rbp=Oop [12]=NarrowOop [16]=NarrowOop [24]=Oop [72]=NarrowOop [76]=NarrowOop [80]=NarrowOop }
                      ;*ifne {reexecute=1 rethrow=0 return_oop=0}
                      ; - (reexecute) com.badlogic.gdx.utils.ObjectIntMap::get@24 (line 281)
                      ; - com.badlogic.gdx.graphics.glutils.ShaderProgram::getAttributeLocation@6 (line 865)
                      ; - com.badlogic.gdx.graphics.glutils.VertexArray::bind@55 (line 109)
                      ; - com.badlogic.gdx.graphics.Mesh::bind@6 (line 380)
                      ; - com.badlogic.gdx.graphics.Mesh::bind@3 (line 371)
                      ; - com.badlogic.gdx.graphics.Mesh::render@13 (line 479)
                      ; - com.badlogic.gdx.graphics.Mesh::render@10 (line 449)
                      ; - com.badlogic.gdx.graphics.g2d.SpriteBatch::flush@176 (line 975)
  0x00007f2977a459d0: 0c5e a1ff 

  0x00007f2977a459d4: ;   {post_call_nop}
  0x00007f2977a459d4: 0f1f 8400 | cc17 0015 | be45 ffff | ff48 8b6c | 2420 4889 | 4424 f88b | 4424 2889 | 4424 1848 
  0x00007f2977a459f4: 8b44 24f8 | 4889 4424 | f88b 4424 | 2c89 4424 | 1c48 8b44 | 24f8 4489 | 5424 3044 | 894c 2438 
  0x00007f2977a45a14: ;   {runtime_call UncommonTrapBlob}
  0x00007f2977a45a14: c5f8 77e8 

  0x00007f2977a45a18: ; ImmutableOopMap {rbp=Oop [8]=NarrowOop [12]=NarrowOop [16]=Oop [48]=NarrowOop [64]=NarrowOop [68]=NarrowOop }
                      ;*ifne {reexecute=1 rethrow=0 return_oop=0}
                      ; - (reexecute) com.badlogic.gdx.utils.ObjectIntMap::get@24 (line 281)
                      ; - com.badlogic.gdx.graphics.glutils.ShaderProgram::fetchAttributeLocation@11 (line 290)
                      ; - com.badlogic.gdx.graphics.glutils.ShaderProgram::disableVertexAttribute@10 (line 717)
                      ; - com.badlogic.gdx.graphics.glutils.VertexArray::unbind@34 (line 145)
                      ; - com.badlogic.gdx.graphics.Mesh::unbind@6 (line 398)
                      ; - com.badlogic.gdx.graphics.Mesh::unbind@3 (line 389)
                      ; - com.badlogic.gdx.graphics.Mesh::render@178 (line 501)
                      ; - com.badlogic.gdx.graphics.Mesh::render@10 (line 449)
                      ; - com.badlogic.gdx.graphics.g2d.SpriteBatch::flush@176 (line 975)
  0x00007f2977a45a18: c45d a1ff 

  0x00007f2977a45a1c: ;   {post_call_nop}
  0x00007f2977a45a1c: 0f1f 8400 | 1418 0016 | be45 ffff | ff48 8944 | 24f8 8b44 | 2448 8944 | 2440 488b | 4424 f848 
  0x00007f2977a45a3c: 8944 24f8 | 8b44 244c | 8944 2444 | 488b 4424 | f866 6690 

  0x00007f2977a45a50: ;   {runtime_call UncommonTrapBlob}
  0x00007f2977a45a50: c5f8 77e8 

  0x00007f2977a45a54: ; ImmutableOopMap {rbp=NarrowOop [8]=Oop [24]=Oop [32]=Oop [40]=NarrowOop [56]=NarrowOop [64]=NarrowOop }
                      ;*if_acmpne {reexecute=1 rethrow=0 return_oop=0}
                      ; - (reexecute) org.lwjgl.opengl.GLContext::getCapabilitiesImpl@11 (line 132)
                      ; - org.lwjgl.opengl.GLContext::getCapabilities@0 (line 122)
                      ; - org.lwjgl.opengl.GL20::glEnableVertexAttribArray@0 (line 909)
                      ; - com.badlogic.gdx.backends.lwjgl.LwjglGL20::glEnableVertexAttribArray@1 (line 296)
                      ; - com.badlogic.gdx.graphics.glutils.ShaderProgram::enableVertexAttribute@10 (line 742)
                      ; - com.badlogic.gdx.graphics.glutils.VertexArray::bind@71 (line 111)
                      ; - com.badlogic.gdx.graphics.Mesh::bind@6 (line 380)
                      ; - com.badlogic.gdx.graphics.Mesh::bind@3 (line 371)
                      ; - com.badlogic.gdx.graphics.Mesh::render@13 (line 479)
                      ; - com.badlogic.gdx.graphics.Mesh::render@10 (line 449)
                      ; - com.badlogic.gdx.graphics.g2d.SpriteBatch::flush@176 (line 975)
  0x00007f2977a45a54: 885d a1ff 

  0x00007f2977a45a58: ;   {post_call_nop}
  0x00007f2977a45a58: 0f1f 8400 | 5018 0017 | be45 ffff | ff48 ff74 | 2420 488f | 4424 1848 | 8944 24f8 | 8b44 2428 
  0x00007f2977a45a78: 8944 2420 | 488b 4424 | f844 8944 | 2428 4c89 | 4c24 3090 

  0x00007f2977a45a8c: ;   {runtime_call UncommonTrapBlob}
  0x00007f2977a45a8c: c5f8 77e8 

  0x00007f2977a45a90: ; ImmutableOopMap {rbp=NarrowOop [8]=NarrowOop [12]=NarrowOop [16]=Oop [24]=Oop [48]=Oop }
                      ;*if_acmpne {reexecute=1 rethrow=0 return_oop=0}
                      ; - (reexecute) org.lwjgl.opengl.GLContext::getCapabilitiesImpl@11 (line 132)
                      ; - org.lwjgl.opengl.GLContext::getCapabilities@0 (line 122)
                      ; - org.lwjgl.opengl.GL20::glDisableVertexAttribArray@0 (line 917)
                      ; - com.badlogic.gdx.backends.lwjgl.LwjglGL20::glDisableVertexAttribArray@1 (line 272)
                      ; - com.badlogic.gdx.graphics.glutils.ShaderProgram::disableVertexAttribute@22 (line 719)
                      ; - com.badlogic.gdx.graphics.glutils.VertexArray::unbind@34 (line 145)
                      ; - com.badlogic.gdx.graphics.Mesh::unbind@6 (line 398)
                      ; - com.badlogic.gdx.graphics.Mesh::unbind@3 (line 389)
                      ; - com.badlogic.gdx.graphics.Mesh::render@178 (line 501)
                      ; - com.badlogic.gdx.graphics.Mesh::render@10 (line 449)
                      ; - com.badlogic.gdx.graphics.g2d.SpriteBatch::flush@176 (line 975)
  0x00007f2977a45a90: 4c5d a1ff 

  0x00007f2977a45a94: ;   {post_call_nop}
  0x00007f2977a45a94: 0f1f 8400 | 8c18 0018 | be45 ffff | ff48 8b6c | 2408 4889 | 4424 f88b | 4424 1089 | 4424 0848 
  0x00007f2977a45ab4: 8b44 24f8 | 48ff 7424 | 2048 8f44 | 2418 4889 | 4424 f88b | 4424 2889 | 4424 0c48 | 8b44 24f8 
  0x00007f2977a45ad4: 4889 4424 | f88b 4424 | 3889 4424 | 1048 8b44 | 24f8 4889 | 4424 f88b | 4424 2c89 | 4424 2048 
  0x00007f2977a45af4: 8b44 24f8 

  0x00007f2977a45af8: ;   {runtime_call UncommonTrapBlob}
  0x00007f2977a45af8: c5f8 77e8 

  0x00007f2977a45afc: ; ImmutableOopMap {rbp=Oop [12]=NarrowOop [16]=NarrowOop [24]=Oop }
                      ;*ifge {reexecute=1 rethrow=0 return_oop=0}
                      ; - (reexecute) com.badlogic.gdx.graphics.glutils.VertexArray::bind@62 (line 110)
                      ; - com.badlogic.gdx.graphics.Mesh::bind@6 (line 380)
                      ; - com.badlogic.gdx.graphics.Mesh::bind@3 (line 371)
                      ; - com.badlogic.gdx.graphics.Mesh::render@13 (line 479)
                      ; - com.badlogic.gdx.graphics.Mesh::render@10 (line 449)
                      ; - com.badlogic.gdx.graphics.g2d.SpriteBatch::flush@176 (line 975)
  0x00007f2977a45afc: e05c a1ff 

  0x00007f2977a45b00: ;   {post_call_nop}
  0x00007f2977a45b00: 0f1f 8400 | f818 0019 | be45 ffff | ff48 ff74 | 2420 488f | 4424 1844 | 8944 2430 | 4889 4424 
  0x00007f2977a45b20: f88b 4424 | 3c89 4424 | 3448 8b44 | 24f8 4889 | 4424 f88b | 4424 4889 | 4424 3c48 | 8b44 24f8 
  0x00007f2977a45b40: 4889 4424 | f88b 4424 | 4c89 4424 | 4048 8b44 | 24f8 4489 | 5c24 4890 

  0x00007f2977a45b58: ;   {runtime_call UncommonTrapBlob}
  0x00007f2977a45b58: c5f8 77e8 

  0x00007f2977a45b5c: ; ImmutableOopMap {[8]=Oop [24]=Oop [40]=NarrowOop [48]=NarrowOop [56]=NarrowOop [60]=NarrowOop [72]=NarrowOop }
                      ;*ifeq {reexecute=1 rethrow=0 return_oop=0}
                      ; - (reexecute) com.badlogic.gdx.graphics.glutils.ShaderProgram::checkManaged@4 (line 746)
                      ; - com.badlogic.gdx.graphics.glutils.ShaderProgram::enableVertexAttribute@5 (line 741)
                      ; - com.badlogic.gdx.graphics.glutils.VertexArray::bind@71 (line 111)
                      ; - com.badlogic.gdx.graphics.Mesh::bind@6 (line 380)
                      ; - com.badlogic.gdx.graphics.Mesh::bind@3 (line 371)
                      ; - com.badlogic.gdx.graphics.Mesh::render@13 (line 479)
                      ; - com.badlogic.gdx.graphics.Mesh::render@10 (line 449)
                      ; - com.badlogic.gdx.graphics.g2d.SpriteBatch::flush@176 (line 975)
  0x00007f2977a45b5c: 805c a1ff 

  0x00007f2977a45b60: ;   {post_call_nop}
  0x00007f2977a45b60: 0f1f 8400 | 5819 001a | be45 ffff | ff48 ff74 | 2420 488f | 4424 1848 | 8944 24f8 | 8b44 2438 
  0x00007f2977a45b80: 8944 2424 | 488b 4424 | f848 8944 | 24f8 8b44 | 243c 8944 | 2434 488b | 4424 f848 | 8944 24f8 
  0x00007f2977a45ba0: 8b44 244c | 8944 243c | 488b 4424 | f866 6690 

  0x00007f2977a45bb0: ;   {runtime_call UncommonTrapBlob}
  0x00007f2977a45bb0: c5f8 77e8 

  0x00007f2977a45bb4: ; ImmutableOopMap {rbp=NarrowOop [8]=Oop [24]=Oop [36]=NarrowOop [40]=NarrowOop [72]=NarrowOop }
                      ;*ifnonnull {reexecute=1 rethrow=0 return_oop=0}
                      ; - (reexecute) org.lwjgl.opengl.GLContext::getCapabilities@5 (line 123)
                      ; - org.lwjgl.opengl.GL20::glEnableVertexAttribArray@0 (line 909)
                      ; - com.badlogic.gdx.backends.lwjgl.LwjglGL20::glEnableVertexAttribArray@1 (line 296)
                      ; - com.badlogic.gdx.graphics.glutils.ShaderProgram::enableVertexAttribute@10 (line 742)
                      ; - com.badlogic.gdx.graphics.glutils.VertexArray::bind@71 (line 111)
                      ; - com.badlogic.gdx.graphics.Mesh::bind@6 (line 380)
                      ; - com.badlogic.gdx.graphics.Mesh::bind@3 (line 371)
                      ; - com.badlogic.gdx.graphics.Mesh::render@13 (line 479)
                      ; - com.badlogic.gdx.graphics.Mesh::render@10 (line 449)
                      ; - com.badlogic.gdx.graphics.g2d.SpriteBatch::flush@176 (line 975)
  0x00007f2977a45bb4: 285c a1ff 

  0x00007f2977a45bb8: ;   {post_call_nop}
  0x00007f2977a45bb8: 0f1f 8400 | b019 001b | 4533 db49 | 3bd3 bdff | ffff ff7c | 0840 0f95 | c540 0fb6 | edbe 45ff 
  0x00007f2977a45bd8: ffff 48ff | 7424 2048 | 8f44 2418 | 4889 4424 | f88b 4424 | 3889 4424 | 2448 8b44 | 24f8 4889 
  0x00007f2977a45bf8: 4424 f88b | 4424 3c89 | 4424 3448 | 8b44 24f8 | 4889 4424 | f88b 4424 | 4889 4424 | 3848 8b44 
  0x00007f2977a45c18: 24f8 4889 | 4424 f88b | 4424 4c89 | 4424 3c48 | 8b44 24f8 | 4889 5424 | 4866 6690 

  0x00007f2977a45c34: ;   {runtime_call UncommonTrapBlob}
  0x00007f2977a45c34: c5f8 77e8 

  0x00007f2977a45c38: ; ImmutableOopMap {[8]=Oop [24]=Oop [36]=NarrowOop [40]=NarrowOop [56]=NarrowOop }
                      ;*ifne {reexecute=1 rethrow=0 return_oop=0}
                      ; - (reexecute) org.lwjgl.BufferChecks::checkFunctionAddress@9 (line 57)
                      ; - org.lwjgl.opengl.GL20::glEnableVertexAttribArray@10 (line 911)
                      ; - com.badlogic.gdx.backends.lwjgl.LwjglGL20::glEnableVertexAttribArray@1 (line 296)
                      ; - com.badlogic.gdx.graphics.glutils.ShaderProgram::enableVertexAttribute@10 (line 742)
                      ; - com.badlogic.gdx.graphics.glutils.VertexArray::bind@71 (line 111)
                      ; - com.badlogic.gdx.graphics.Mesh::bind@6 (line 380)
                      ; - com.badlogic.gdx.graphics.Mesh::bind@3 (line 371)
                      ; - com.badlogic.gdx.graphics.Mesh::render@13 (line 479)
                      ; - com.badlogic.gdx.graphics.Mesh::render@10 (line 449)
                      ; - com.badlogic.gdx.graphics.g2d.SpriteBatch::flush@176 (line 975)
  0x00007f2977a45c38: a45b a1ff 

  0x00007f2977a45c3c: ;   {post_call_nop}
  0x00007f2977a45c3c: 0f1f 8400 | 341a 001c | be45 ffff | ff48 ff74 | 2420 488f | 4424 1848 | 8944 24f8 | 8b44 2438 
  0x00007f2977a45c5c: 8944 2424 | 488b 4424 | f848 8944 | 24f8 8b44 | 243c 8944 | 2434 488b | 4424 f848 | 8944 24f8 
  0x00007f2977a45c7c: 8b44 2448 | 8944 2438 | 488b 4424 | f848 8944 | 24f8 8b44 | 244c 8944 | 243c 488b | 4424 f84c 
  0x00007f2977a45c9c: 8944 2448 | 4c89 4424 | 5044 895c | 245c 6690 

  0x00007f2977a45cac: ;   {runtime_call UncommonTrapBlob}
  0x00007f2977a45cac: c5f8 77e8 

  0x00007f2977a45cb0: ; ImmutableOopMap {[8]=Oop [24]=Oop [36]=NarrowOop [40]=NarrowOop [56]=NarrowOop [72]=Oop [80]=Oop }
                      ;*if_icmple {reexecute=1 rethrow=0 return_oop=0}
                      ; - (reexecute) java.nio.Buffer::position@5 (line 325)
                      ; - java.nio.ByteBuffer::position@2 (line 1576)
                      ; - java.nio.MappedByteBuffer::position@2 (line 329)
                      ; - java.nio.MappedByteBuffer::position@2 (line 74)
                      ; - com.badlogic.gdx.graphics.glutils.VertexArray::bind@83 (line 113)
                      ; - com.badlogic.gdx.graphics.Mesh::bind@6 (line 380)
                      ; - com.badlogic.gdx.graphics.Mesh::bind@3 (line 371)
                      ; - com.badlogic.gdx.graphics.Mesh::render@13 (line 479)
                      ; - com.badlogic.gdx.graphics.Mesh::render@10 (line 449)
                      ; - com.badlogic.gdx.graphics.g2d.SpriteBatch::flush@176 (line 975)
  0x00007f2977a45cb0: 2c5b a1ff 

  0x00007f2977a45cb4: ;   {post_call_nop}
  0x00007f2977a45cb4: 0f1f 8400 | ac1a 001d | be45 ffff | ff48 8b6c | 2408 4889 | 4424 f88b | 4424 1089 | 4424 0848 
  0x00007f2977a45cd4: 8b44 24f8 | 48ff 7424 | 2048 8f44 | 2418 4889 | 4424 f88b | 4424 2889 | 4424 0c48 | 8b44 24f8 
  0x00007f2977a45cf4: 4889 4424 | f88b 4424 | 3889 4424 | 1048 8b44 | 24f8 4889 | 4424 f88b | 4424 2c89 | 4424 2048 
  0x00007f2977a45d14: 8b44 24f8 | 4889 4424 | f88b 4424 | 3c89 4424 | 2c48 8b44 | 24f8 4889 | 4424 f88b | 4424 4889 
  0x00007f2977a45d34: 4424 3048 | 8b44 24f8 | 4889 4424 | f88b 4424 | 4c89 4424 | 3448 8b44 | 24f8 4c89 | 4424 404c 
  0x00007f2977a45d54: 8944 2448 | 4489 5c24 | 5466 6690 

  0x00007f2977a45d60: ;   {runtime_call UncommonTrapBlob}
  0x00007f2977a45d60: c5f8 77e8 

  0x00007f2977a45d64: ; ImmutableOopMap {rbp=Oop [12]=NarrowOop [16]=NarrowOop [24]=Oop [48]=NarrowOop [64]=Oop [72]=Oop }
                      ;*ifge {reexecute=1 rethrow=0 return_oop=0}
                      ; - (reexecute) java.nio.Buffer::position@14 (line 325)
                      ; - java.nio.ByteBuffer::position@2 (line 1576)
                      ; - java.nio.MappedByteBuffer::position@2 (line 329)
                      ; - java.nio.MappedByteBuffer::position@2 (line 74)
                      ; - com.badlogic.gdx.graphics.glutils.VertexArray::bind@83 (line 113)
                      ; - com.badlogic.gdx.graphics.Mesh::bind@6 (line 380)
                      ; - com.badlogic.gdx.graphics.Mesh::bind@3 (line 371)
                      ; - com.badlogic.gdx.graphics.Mesh::render@13 (line 479)
                      ; - com.badlogic.gdx.graphics.Mesh::render@10 (line 449)
                      ; - com.badlogic.gdx.graphics.g2d.SpriteBatch::flush@176 (line 975)
  0x00007f2977a45d64: 785a a1ff 

  0x00007f2977a45d68: ;   {post_call_nop}
  0x00007f2977a45d68: 0f1f 8400 | 601b 001e | be45 ffff | ff48 ff74 | 2420 488f | 4424 1848 | 8944 24f8 | 8b44 2438 
  0x00007f2977a45d88: 8944 2424 | 488b 4424 | f848 8944 | 24f8 8b44 | 243c 8944 | 2434 488b | 4424 f848 | 8944 24f8 
  0x00007f2977a45da8: 8b44 2448 | 8944 2438 | 488b 4424 | f848 8944 | 24f8 8b44 | 244c 8944 | 243c 488b | 4424 f84c 
  0x00007f2977a45dc8: 8944 2448 | 4c89 4424 | 5044 895c | 245c 6690 

  0x00007f2977a45dd8: ;   {runtime_call UncommonTrapBlob}
  0x00007f2977a45dd8: c5f8 77e8 

  0x00007f2977a45ddc: ; ImmutableOopMap {[8]=Oop [24]=Oop [36]=NarrowOop [40]=NarrowOop [56]=NarrowOop [72]=Oop [80]=Oop }
                      ;*if_icmple {reexecute=1 rethrow=0 return_oop=0}
                      ; - (reexecute) java.nio.Buffer::position@37 (line 327)
                      ; - java.nio.ByteBuffer::position@2 (line 1576)
                      ; - java.nio.MappedByteBuffer::position@2 (line 329)
                      ; - java.nio.MappedByteBuffer::position@2 (line 74)
                      ; - com.badlogic.gdx.graphics.glutils.VertexArray::bind@83 (line 113)
                      ; - com.badlogic.gdx.graphics.Mesh::bind@6 (line 380)
                      ; - com.badlogic.gdx.graphics.Mesh::bind@3 (line 371)
                      ; - com.badlogic.gdx.graphics.Mesh::render@13 (line 479)
                      ; - com.badlogic.gdx.graphics.Mesh::render@10 (line 449)
                      ; - com.badlogic.gdx.graphics.g2d.SpriteBatch::flush@176 (line 975)
  0x00007f2977a45ddc: 005a a1ff 

  0x00007f2977a45de0: ;   {post_call_nop}
  0x00007f2977a45de0: 0f1f 8400 | d81b 001f | be45 ffff | ff48 8b6c | 2420 4489 | 4424 0848 | 895c 2410 | 4489 5424 
  0x00007f2977a45e00: 1889 4c24 | 1c89 7c24 | 2444 895c | 2428 8954 | 2430 6690 

  0x00007f2977a45e14: ;   {runtime_call UncommonTrapBlob}
  0x00007f2977a45e14: c5f8 77e8 

  0x00007f2977a45e18: ; ImmutableOopMap {rbp=Oop [8]=NarrowOop [12]=NarrowOop [16]=Oop [36]=NarrowOop [40]=NarrowOop }
                      ;*ifeq {reexecute=1 rethrow=0 return_oop=0}
                      ; - (reexecute) com.badlogic.gdx.graphics.glutils.ShaderProgram::checkManaged@4 (line 746)
                      ; - com.badlogic.gdx.graphics.glutils.ShaderProgram::disableVertexAttribute@5 (line 716)
                      ; - com.badlogic.gdx.graphics.glutils.VertexArray::unbind@34 (line 145)
                      ; - com.badlogic.gdx.graphics.Mesh::unbind@6 (line 398)
                      ; - com.badlogic.gdx.graphics.Mesh::unbind@3 (line 389)
                      ; - com.badlogic.gdx.graphics.Mesh::render@178 (line 501)
                      ; - com.badlogic.gdx.graphics.Mesh::render@10 (line 449)
                      ; - com.badlogic.gdx.graphics.g2d.SpriteBatch::flush@176 (line 975)
  0x00007f2977a45e18: c459 a1ff 

  0x00007f2977a45e1c: ;   {post_call_nop}
  0x00007f2977a45e1c: 0f1f 8400 | 141c 0020 | be45 ffff | ff48 8b6c | 2420 4889 | 4424 f88b | 4424 2889 | 4424 1848 
  0x00007f2977a45e3c: 8b44 24f8 | 4889 4424 | f88b 4424 | 2c89 4424 | 1c48 8b44 | 24f8 4489 | 5424 3090 

  0x00007f2977a45e58: ;   {runtime_call UncommonTrapBlob}
  0x00007f2977a45e58: c5f8 77e8 

  0x00007f2977a45e5c: ; ImmutableOopMap {rbp=Oop [8]=NarrowOop [12]=NarrowOop [16]=Oop [64]=NarrowOop [68]=NarrowOop }
                      ;*if_icmpne {reexecute=1 rethrow=0 return_oop=0}
                      ; - (reexecute) com.badlogic.gdx.graphics.glutils.ShaderProgram::fetchAttributeLocation@18 (line 290)
                      ; - com.badlogic.gdx.graphics.glutils.ShaderProgram::disableVertexAttribute@10 (line 717)
                      ; - com.badlogic.gdx.graphics.glutils.VertexArray::unbind@34 (line 145)
                      ; - com.badlogic.gdx.graphics.Mesh::unbind@6 (line 398)
                      ; - com.badlogic.gdx.graphics.Mesh::unbind@3 (line 389)
                      ; - com.badlogic.gdx.graphics.Mesh::render@178 (line 501)
                      ; - com.badlogic.gdx.graphics.Mesh::render@10 (line 449)
                      ; - com.badlogic.gdx.graphics.g2d.SpriteBatch::flush@176 (line 975)
  0x00007f2977a45e5c: 8059 a1ff 

  0x00007f2977a45e60: ;   {post_call_nop}
  0x00007f2977a45e60: 0f1f 8400 | 581c 0021 | be45 ffff | ff48 8b6c | 2420 4489 | 5424 2090 

  0x00007f2977a45e78: ;   {runtime_call UncommonTrapBlob}
  0x00007f2977a45e78: c5f8 77e8 

  0x00007f2977a45e7c: ; ImmutableOopMap {rbp=Oop [8]=NarrowOop [12]=NarrowOop [16]=Oop }
                      ;*if_icmpne {reexecute=1 rethrow=0 return_oop=0}
                      ; - (reexecute) com.badlogic.gdx.graphics.glutils.ShaderProgram::disableVertexAttribute@16 (line 718)
                      ; - com.badlogic.gdx.graphics.glutils.VertexArray::unbind@34 (line 145)
                      ; - com.badlogic.gdx.graphics.Mesh::unbind@6 (line 398)
                      ; - com.badlogic.gdx.graphics.Mesh::unbind@3 (line 389)
                      ; - com.badlogic.gdx.graphics.Mesh::render@178 (line 501)
                      ; - com.badlogic.gdx.graphics.Mesh::render@10 (line 449)
                      ; - com.badlogic.gdx.graphics.g2d.SpriteBatch::flush@176 (line 975)
  0x00007f2977a45e7c: 6059 a1ff 

  0x00007f2977a45e80: ;   {post_call_nop}
  0x00007f2977a45e80: 0f1f 8400 | 781c 0022 | be45 ffff | ff48 ff74 | 2420 488f | 4424 1848 | 8944 24f8 | 8b44 2428 
  0x00007f2977a45ea0: 8944 2420 | 488b 4424 | f844 8944 | 2428 6690 

  0x00007f2977a45eb0: ;   {runtime_call UncommonTrapBlob}
  0x00007f2977a45eb0: c5f8 77e8 

  0x00007f2977a45eb4: ; ImmutableOopMap {rbp=NarrowOop [8]=NarrowOop [12]=NarrowOop [16]=Oop [24]=Oop }
                      ;*ifnonnull {reexecute=1 rethrow=0 return_oop=0}
                      ; - (reexecute) org.lwjgl.opengl.GLContext::getCapabilities@5 (line 123)
                      ; - org.lwjgl.opengl.GL20::glDisableVertexAttribArray@0 (line 917)
                      ; - com.badlogic.gdx.backends.lwjgl.LwjglGL20::glDisableVertexAttribArray@1 (line 272)
                      ; - com.badlogic.gdx.graphics.glutils.ShaderProgram::disableVertexAttribute@22 (line 719)
                      ; - com.badlogic.gdx.graphics.glutils.VertexArray::unbind@34 (line 145)
                      ; - com.badlogic.gdx.graphics.Mesh::unbind@6 (line 398)
                      ; - com.badlogic.gdx.graphics.Mesh::unbind@3 (line 389)
                      ; - com.badlogic.gdx.graphics.Mesh::render@178 (line 501)
                      ; - com.badlogic.gdx.graphics.Mesh::render@10 (line 449)
                      ; - com.badlogic.gdx.graphics.g2d.SpriteBatch::flush@176 (line 975)
  0x00007f2977a45eb4: 2859 a1ff 

  0x00007f2977a45eb8: ;   {post_call_nop}
  0x00007f2977a45eb8: 0f1f 8400 | b01c 0023 | 4533 d249 | 3bd2 bdff | ffff ff7c | 0840 0f95 | c540 0fb6 | edbe 45ff 
  0x00007f2977a45ed8: ffff 48ff | 7424 2048 | 8f44 2418 | 4889 4424 | f88b 4424 | 2889 4424 | 2048 8b44 | 24f8 4489 
  0x00007f2977a45ef8: 4424 2848 | 8954 2430 

  0x00007f2977a45f00: ;   {runtime_call UncommonTrapBlob}
  0x00007f2977a45f00: c5f8 77e8 

  0x00007f2977a45f04: ; ImmutableOopMap {[8]=NarrowOop [12]=NarrowOop [16]=Oop [24]=Oop }
                      ;*ifne {reexecute=1 rethrow=0 return_oop=0}
                      ; - (reexecute) org.lwjgl.BufferChecks::checkFunctionAddress@9 (line 57)
                      ; - org.lwjgl.opengl.GL20::glDisableVertexAttribArray@10 (line 919)
                      ; - com.badlogic.gdx.backends.lwjgl.LwjglGL20::glDisableVertexAttribArray@1 (line 272)
                      ; - com.badlogic.gdx.graphics.glutils.ShaderProgram::disableVertexAttribute@22 (line 719)
                      ; - com.badlogic.gdx.graphics.glutils.VertexArray::unbind@34 (line 145)
                      ; - com.badlogic.gdx.graphics.Mesh::unbind@6 (line 398)
                      ; - com.badlogic.gdx.graphics.Mesh::unbind@3 (line 389)
                      ; - com.badlogic.gdx.graphics.Mesh::render@178 (line 501)
                      ; - com.badlogic.gdx.graphics.Mesh::render@10 (line 449)
                      ; - com.badlogic.gdx.graphics.g2d.SpriteBatch::flush@176 (line 975)
  0x00007f2977a45f04: d858 a1ff 

  0x00007f2977a45f08: ;   {post_call_nop}
  0x00007f2977a45f08: 0f1f 8400 | 001d 0024 | bee4 ffff | ff48 ff74 | 2420 488f | 4424 1848 | 8944 24f8 | 8b44 242c 
  0x00007f2977a45f28: 8944 2420 | 488b 4424 | f848 8944 | 24f8 8b44 | 2428 8944 | 2424 488b | 4424 f84c | 894c 2430 
  0x00007f2977a45f48: 4489 5c24 | 2c89 5c24 | 3866 6690 

  0x00007f2977a45f54: ;   {runtime_call UncommonTrapBlob}
  0x00007f2977a45f54: c5f8 77e8 

  0x00007f2977a45f58: ; ImmutableOopMap {[8]=NarrowOop [12]=NarrowOop [20]=NarrowOop [24]=Oop [44]=NarrowOop [56]=NarrowOop }
                      ;*aaload {reexecute=0 rethrow=0 return_oop=0}
                      ; - org.lwjgl.opengl.ReferencesStack::getReferences@8 (line 41)
                      ; - org.lwjgl.opengl.StateTracker::getReferences@7 (line 85)
                      ; - org.lwjgl.opengl.StateTracker::getElementArrayBufferBound@1 (line 143)
                      ; - org.lwjgl.opengl.GLChecks::ensureElementVBOdisabled@7 (line 82)
                      ; - org.lwjgl.opengl.GL11::glDrawElements@14 (line 1108)
                      ; - com.badlogic.gdx.backends.lwjgl.LwjglGL20::glDrawElements@21 (line 281)
                      ; - com.badlogic.gdx.graphics.Mesh::render@88 (line 488)
                      ; - com.badlogic.gdx.graphics.Mesh::render@10 (line 449)
                      ; - com.badlogic.gdx.graphics.g2d.SpriteBatch::flush@176 (line 975)
  0x00007f2977a45f58: 8458 a1ff 

  0x00007f2977a45f5c: ;   {post_call_nop}
  0x00007f2977a45f5c: 0f1f 8400 | 541d 0025 | bef6 ffff | ff8b 6c24 | 144c 895c | 2408 6690 

  0x00007f2977a45f74: ;   {runtime_call UncommonTrapBlob}
  0x00007f2977a45f74: c5f8 77e8 

  0x00007f2977a45f78: ; ImmutableOopMap {rbp=NarrowOop }
                      ;*invokevirtual getLong {reexecute=0 rethrow=0 return_oop=0}
                      ; - org.lwjgl.MemoryUtilSun$AccessorUnsafe::getAddress@9 (line 70)
                      ; - org.lwjgl.MemoryUtil::getAddress0@4 (line 113)
                      ; - org.lwjgl.MemoryUtil::getAddress@1 (line 129)
                      ; - org.lwjgl.MemoryUtil::getAddress@5 (line 127)
                      ; - org.lwjgl.opengl.GL11::glDrawElements@30 (line 1110)
                      ; - com.badlogic.gdx.backends.lwjgl.LwjglGL20::glDrawElements@21 (line 281)
                      ; - com.badlogic.gdx.graphics.Mesh::render@88 (line 488)
                      ; - com.badlogic.gdx.graphics.Mesh::render@10 (line 449)
                      ; - com.badlogic.gdx.graphics.g2d.SpriteBatch::flush@176 (line 975)
  0x00007f2977a45f78: 6458 a1ff 

  0x00007f2977a45f7c: ;   {post_call_nop}
  0x00007f2977a45f7c: 0f1f 8400 | 741d 0026 | bede ffff | ff49 8be8 | 895c 2408 | 8954 240c | 4489 5424 | 1044 894c 
  0x00007f2977a45f9c: 2414 6690 

  0x00007f2977a45fa0: ;   {runtime_call UncommonTrapBlob}
  0x00007f2977a45fa0: c5f8 77e8 

  0x00007f2977a45fa4: ; ImmutableOopMap {rbp=Oop [12]=NarrowOop }
                      ;*invokeinterface glBindTexture {reexecute=0 rethrow=0 return_oop=0}
                      ; - com.badlogic.gdx.graphics.GLTexture::bind@11 (line 66)
                      ; - com.badlogic.gdx.graphics.g2d.SpriteBatch::flush@58 (line 962)
  0x00007f2977a45fa4: 3858 a1ff 

  0x00007f2977a45fa8: ;   {post_call_nop}
  0x00007f2977a45fa8: 0f1f 8400 | a01d 0027 | bede ffff | ff48 894c | 2410 4489 | 4c24 1844 | 8944 241c | 4489 5c24 
  0x00007f2977a45fc8: 2066 6690 

  0x00007f2977a45fcc: ;   {runtime_call UncommonTrapBlob}
  0x00007f2977a45fcc: c5f8 77e8 

  0x00007f2977a45fd0: ; ImmutableOopMap {rbp=NarrowOop [16]=Oop [24]=NarrowOop [28]=NarrowOop }
                      ;*invokeinterface setVertices {reexecute=0 rethrow=0 return_oop=0}
                      ; - com.badlogic.gdx.graphics.Mesh::setVertices@7 (line 197)
                      ; - com.badlogic.gdx.graphics.g2d.SpriteBatch::flush@76 (line 964)
  0x00007f2977a45fd0: 0c58 a1ff 

  0x00007f2977a45fd4: ;   {post_call_nop}
  0x00007f2977a45fd4: 0f1f 8400 | cc1d 0028 | bede ffff | ff48 8be9 | 4489 4c24 | 1048 895c | 2418 4489 | 4424 2044 
  0x00007f2977a45ff4: 895c 2428 | 897c 242c | 4489 5424 | 3066 6690 

  0x00007f2977a46004: ;   {runtime_call UncommonTrapBlob}
  0x00007f2977a46004: c5f8 77e8 

  0x00007f2977a46008: ; ImmutableOopMap {rbp=Oop [16]=NarrowOop [24]=Oop [32]=NarrowOop [44]=NarrowOop }
                      ;*invokevirtual limit {reexecute=0 rethrow=0 return_oop=0}
                      ; - com.badlogic.gdx.utils.BufferUtils::copy@11 (line 51)
                      ; - com.badlogic.gdx.graphics.glutils.VertexArray::setVertices@7 (line 84)
                      ; - com.badlogic.gdx.graphics.Mesh::setVertices@7 (line 197)
                      ; - com.badlogic.gdx.graphics.g2d.SpriteBatch::flush@76 (line 964)
  0x00007f2977a46008: d457 a1ff 

  0x00007f2977a4600c: ;   {post_call_nop}
  0x00007f2977a4600c: 0f1f 8400 | 041e 0029 | bede ffff | ff66 6690 

  0x00007f2977a4601c: ;   {runtime_call UncommonTrapBlob}
  0x00007f2977a4601c: c5f8 77e8 

  0x00007f2977a46020: ; ImmutableOopMap {rbp=NarrowOop [12]=NarrowOop [24]=Oop }
                      ;*invokeinterface getBuffer {reexecute=0 rethrow=0 return_oop=0}
                      ; - com.badlogic.gdx.graphics.Mesh::getIndicesBuffer@4 (line 797)
                      ; - com.badlogic.gdx.graphics.g2d.SpriteBatch::flush@81 (line 965)
  0x00007f2977a46020: bc57 a1ff 

  0x00007f2977a46024: ;   {post_call_nop}
  0x00007f2977a46024: 0f1f 8400 | 1c1e 002a | bede ffff | ff44 895c | 2410 4489 | 5424 1490 

  0x00007f2977a4603c: ;   {runtime_call UncommonTrapBlob}
  0x00007f2977a4603c: c5f8 77e8 

  0x00007f2977a46040: ; ImmutableOopMap {rbp=NarrowOop [20]=NarrowOop [24]=Oop }
                      ;*invokeinterface glEnable {reexecute=0 rethrow=0 return_oop=0}
                      ; - com.badlogic.gdx.graphics.g2d.SpriteBatch::flush@125 (line 971)
  0x00007f2977a46040: 9c57 a1ff 

  0x00007f2977a46044: ;   {post_call_nop}
  0x00007f2977a46044: 0f1f 8400 | 3c1e 002b | bede ffff | ff4c 894c | 2410 4489 | 5c24 1844 | 8954 241c 

  0x00007f2977a46060: ;   {runtime_call UncommonTrapBlob}
  0x00007f2977a46060: c5f8 77e8 

  0x00007f2977a46064: ; ImmutableOopMap {rbp=NarrowOop [12]=NarrowOop [16]=Oop }
                      ;*invokeinterface glBlendFunc {reexecute=0 rethrow=0 return_oop=0}
                      ; - com.badlogic.gdx.graphics.g2d.SpriteBatch::flush@149 (line 972)
  0x00007f2977a46064: 7857 a1ff 

  0x00007f2977a46068: ;   {post_call_nop}
  0x00007f2977a46068: 0f1f 8400 | 601e 002c | bede ffff | ff4c 8944 | 2408 894c | 2418 897c | 241c 4489 | 4c24 2044 
  0x00007f2977a46088: 8954 2424 

  0x00007f2977a4608c: ;   {runtime_call UncommonTrapBlob}
  0x00007f2977a4608c: c5f8 77e8 

  0x00007f2977a46090: ; ImmutableOopMap {rbp=NarrowOop [8]=Oop [32]=NarrowOop [36]=NarrowOop }
                      ;*invokeinterface bind {reexecute=0 rethrow=0 return_oop=0}
                      ; - com.badlogic.gdx.graphics.Mesh::bind@6 (line 380)
                      ; - com.badlogic.gdx.graphics.Mesh::bind@3 (line 371)
                      ; - com.badlogic.gdx.graphics.Mesh::render@13 (line 479)
                      ; - com.badlogic.gdx.graphics.Mesh::render@10 (line 449)
                      ; - com.badlogic.gdx.graphics.g2d.SpriteBatch::flush@176 (line 975)
  0x00007f2977a46090: 4c57 a1ff 

  0x00007f2977a46094: ;   {post_call_nop}
  0x00007f2977a46094: 0f1f 8400 | 8c1e 002d | bede ffff | ff48 8bea | 48ff 7424 | 2048 8f44 | 2408 4889 | 4424 f88b 
  0x00007f2977a460b4: 4424 2889 | 4424 1048 | 8b44 24f8 | 897c 241c | 4489 5424 | 2489 4424 | 2844 8944 | 242c 895c 
  0x00007f2977a460d4: 2430 6690 

  0x00007f2977a460d8: ;   {runtime_call UncommonTrapBlob}
  0x00007f2977a460d8: c5f8 77e8 

  0x00007f2977a460dc: ; ImmutableOopMap {rbp=Oop [8]=Oop [16]=NarrowOop [36]=NarrowOop [44]=NarrowOop }
                      ;*invokevirtual limit {reexecute=0 rethrow=0 return_oop=0}
                      ; - com.badlogic.gdx.graphics.glutils.VertexArray::bind@21 (line 105)
                      ; - com.badlogic.gdx.graphics.Mesh::bind@6 (line 380)
                      ; - com.badlogic.gdx.graphics.Mesh::bind@3 (line 371)
                      ; - com.badlogic.gdx.graphics.Mesh::render@13 (line 479)
                      ; - com.badlogic.gdx.graphics.Mesh::render@10 (line 449)
                      ; - com.badlogic.gdx.graphics.g2d.SpriteBatch::flush@176 (line 975)
  0x00007f2977a460dc: 0057 a1ff 

  0x00007f2977a460e0: ;   {post_call_nop}
  0x00007f2977a460e0: 0f1f 8400 | d81e 002e | bede ffff | ff48 ff74 | 2420 488f | 4424 0889 | 4c24 1844 | 8954 2420 
  0x00007f2977a46100: ;   {runtime_call UncommonTrapBlob}
  0x00007f2977a46100: c5f8 77e8 

  0x00007f2977a46104: ; ImmutableOopMap {rbp=NarrowOop [8]=Oop [24]=NarrowOop [32]=NarrowOop [40]=NarrowOop }
                      ;*invokeinterface getNumIndices {reexecute=0 rethrow=0 return_oop=0}
                      ; - com.badlogic.gdx.graphics.Mesh::bind@15 (line 381)
                      ; - com.badlogic.gdx.graphics.Mesh::bind@3 (line 371)
                      ; - com.badlogic.gdx.graphics.Mesh::render@13 (line 479)
                      ; - com.badlogic.gdx.graphics.Mesh::render@10 (line 449)
                      ; - com.badlogic.gdx.graphics.g2d.SpriteBatch::flush@176 (line 975)
  0x00007f2977a46104: d856 a1ff 

  0x00007f2977a46108: ;   {post_call_nop}
  0x00007f2977a46108: 0f1f 8400 | 001f 002f | bede ffff | ff48 ff74 | 2420 488f | 4424 1848 | 8944 24f8 | 8b44 242c 
  0x00007f2977a46128: 8944 2420 | 488b 4424 | f848 8944 | 24f8 8b44 | 2428 8944 | 2424 488b | 4424 f844 | 8954 2428 
  0x00007f2977a46148: ;   {runtime_call UncommonTrapBlob}
  0x00007f2977a46148: c5f8 77e8 

  0x00007f2977a4614c: ; ImmutableOopMap {rbp=NarrowOop [8]=NarrowOop [12]=NarrowOop [20]=NarrowOop [24]=Oop }
                      ;*invokeinterface glDrawElements {reexecute=0 rethrow=0 return_oop=0}
                      ; - com.badlogic.gdx.graphics.Mesh::render@88 (line 488)
                      ; - com.badlogic.gdx.graphics.Mesh::render@10 (line 449)
                      ; - com.badlogic.gdx.graphics.g2d.SpriteBatch::flush@176 (line 975)
  0x00007f2977a4614c: 9056 a1ff 

  0x00007f2977a46150: ;   {post_call_nop}
  0x00007f2977a46150: 0f1f 8400 | 481f 0030 | bede ffff | ff66 6690 

  0x00007f2977a46160: ;   {runtime_call UncommonTrapBlob}
  0x00007f2977a46160: c5f8 77e8 

  0x00007f2977a46164: ; ImmutableOopMap {rbp=NarrowOop [8]=NarrowOop [12]=NarrowOop [32]=Oop }
                      ;*invokeinterface unbind {reexecute=0 rethrow=0 return_oop=0}
                      ; - com.badlogic.gdx.graphics.Mesh::unbind@6 (line 398)
                      ; - com.badlogic.gdx.graphics.Mesh::unbind@3 (line 389)
                      ; - com.badlogic.gdx.graphics.Mesh::render@178 (line 501)
                      ; - com.badlogic.gdx.graphics.Mesh::render@10 (line 449)
                      ; - com.badlogic.gdx.graphics.g2d.SpriteBatch::flush@176 (line 975)
  0x00007f2977a46164: 7856 a1ff 

  0x00007f2977a46168: ;   {post_call_nop}
  0x00007f2977a46168: 0f1f 8400 | 601f 0031 | bede ffff | ff44 8944 | 2410 6690 

  0x00007f2977a4617c: ;   {runtime_call UncommonTrapBlob}
  0x00007f2977a4617c: c5f8 77e8 

  0x00007f2977a46180: ; ImmutableOopMap {rbp=NarrowOop [16]=NarrowOop [32]=Oop }
                      ;*invokeinterface getNumIndices {reexecute=0 rethrow=0 return_oop=0}
                      ; - com.badlogic.gdx.graphics.Mesh::unbind@15 (line 399)
                      ; - com.badlogic.gdx.graphics.Mesh::unbind@3 (line 389)
                      ; - com.badlogic.gdx.graphics.Mesh::render@178 (line 501)
                      ; - com.badlogic.gdx.graphics.Mesh::render@10 (line 449)
                      ; - com.badlogic.gdx.graphics.g2d.SpriteBatch::flush@176 (line 975)
  0x00007f2977a46180: 5c56 a1ff 

  0x00007f2977a46184: ;   {post_call_nop}
  0x00007f2977a46184: 0f1f 8400 | 7c1f 0032 | be45 ffff | ff49 8be8 | 895c 2408 | 4489 5424 | 0c44 894c | 2410 897c 
  0x00007f2977a461a4: 2414 4889 | 5424 1890 

  0x00007f2977a461ac: ;   {runtime_call UncommonTrapBlob}
  0x00007f2977a461ac: c5f8 77e8 

  0x00007f2977a461b0: ; ImmutableOopMap {rbp=Oop [20]=NarrowOop [24]=Oop }
                      ;*if_acmpne {reexecute=1 rethrow=0 return_oop=0}
                      ; - (reexecute) org.lwjgl.opengl.GLContext::getCapabilitiesImpl@11 (line 132)
                      ; - org.lwjgl.opengl.GLContext::getCapabilities@0 (line 122)
                      ; - org.lwjgl.opengl.GL11::glBindTexture@0 (line 651)
                      ; - com.badlogic.gdx.backends.lwjgl.LwjglGL20::glBindTexture@2 (line 93)
                      ; - com.badlogic.gdx.graphics.GLTexture::bind@11 (line 66)
                      ; - com.badlogic.gdx.graphics.g2d.SpriteBatch::flush@58 (line 962)
  0x00007f2977a461b0: 2c56 a1ff 

  0x00007f2977a461b4: ;   {post_call_nop}
  0x00007f2977a461b4: 0f1f 8400 | ac1f 0033 | be45 ffff | ff48 894c | 2408 4489 | 5c24 1044 | 8954 2414 | 4889 5c24 
  0x00007f2977a461d4: 1866 6690 

  0x00007f2977a461d8: ;   {runtime_call UncommonTrapBlob}
  0x00007f2977a461d8: c5f8 77e8 

  0x00007f2977a461dc: ; ImmutableOopMap {rbp=NarrowOop [8]=Oop [20]=NarrowOop [24]=Oop }
                      ;*if_acmpne {reexecute=1 rethrow=0 return_oop=0}
                      ; - (reexecute) org.lwjgl.opengl.GLContext::getCapabilitiesImpl@11 (line 132)
                      ; - org.lwjgl.opengl.GLContext::getCapabilities@0 (line 122)
                      ; - org.lwjgl.opengl.GL11::glEnable@0 (line 1012)
                      ; - com.badlogic.gdx.backends.lwjgl.LwjglGL20::glEnable@1 (line 292)
                      ; - com.badlogic.gdx.graphics.g2d.SpriteBatch::flush@125 (line 971)
  0x00007f2977a461dc: 0056 a1ff 

  0x00007f2977a461e0: ;   {post_call_nop}
  0x00007f2977a461e0: 0f1f 8400 | d81f 0034 | be45 ffff | ff4c 894c | 2410 4489 | 5c24 1844 | 8954 241c | 4889 5c24 
  0x00007f2977a46200: 2066 6690 

  0x00007f2977a46204: ;   {runtime_call UncommonTrapBlob}
  0x00007f2977a46204: c5f8 77e8 

  0x00007f2977a46208: ; ImmutableOopMap {rbp=NarrowOop [12]=NarrowOop [16]=Oop [32]=Oop }
                      ;*if_acmpne {reexecute=1 rethrow=0 return_oop=0}
                      ; - (reexecute) org.lwjgl.opengl.GLContext::getCapabilitiesImpl@11 (line 132)
                      ; - org.lwjgl.opengl.GLContext::getCapabilities@0 (line 122)
                      ; - org.lwjgl.opengl.GL11::glBlendFunc@0 (line 624)
                      ; - com.badlogic.gdx.backends.lwjgl.LwjglGL20::glBlendFunc@2 (line 109)
                      ; - com.badlogic.gdx.graphics.g2d.SpriteBatch::flush@149 (line 972)
  0x00007f2977a46208: d455 a1ff 

  0x00007f2977a4620c: ;   {post_call_nop}
  0x00007f2977a4620c: 0f1f 8400 | 0420 0035 | be45 ffff | ff48 8b6c | 2420 894c | 240c 4889 | 4424 f88b | 4424 1489 
  0x00007f2977a4622c: 4424 1048 | 8b44 24f8 | 8954 2418 

  0x00007f2977a46238: ;   {runtime_call UncommonTrapBlob}
  0x00007f2977a46238: c5f8 77e8 

  0x00007f2977a4623c: ; ImmutableOopMap {rbp=Oop [12]=NarrowOop [40]=NarrowOop }
                      ;*ifle {reexecute=1 rethrow=0 return_oop=0}
                      ; - (reexecute) com.badlogic.gdx.graphics.Mesh::bind@20 (line 381)
                      ; - com.badlogic.gdx.graphics.Mesh::bind@3 (line 371)
                      ; - com.badlogic.gdx.graphics.Mesh::render@13 (line 479)
                      ; - com.badlogic.gdx.graphics.Mesh::render@10 (line 449)
                      ; - com.badlogic.gdx.graphics.g2d.SpriteBatch::flush@176 (line 975)
  0x00007f2977a4623c: a055 a1ff 

  0x00007f2977a46240: ;   {post_call_nop}
  0x00007f2977a46240: 0f1f 8400 | 3820 0036 | be45 ffff | ff66 6690 

  0x00007f2977a46250: ;   {runtime_call UncommonTrapBlob}
  0x00007f2977a46250: c5f8 77e8 

  0x00007f2977a46254: ; ImmutableOopMap {rbp=NarrowOop [8]=NarrowOop [12]=NarrowOop [20]=NarrowOop [24]=Oop [32]=Oop }
                      ;*if_acmpne {reexecute=1 rethrow=0 return_oop=0}
                      ; - (reexecute) org.lwjgl.opengl.GLContext::getCapabilitiesImpl@11 (line 132)
                      ; - org.lwjgl.opengl.GLContext::getCapabilities@0 (line 122)
                      ; - org.lwjgl.opengl.GL11::glDrawElements@0 (line 1105)
                      ; - com.badlogic.gdx.backends.lwjgl.LwjglGL20::glDrawElements@21 (line 281)
                      ; - com.badlogic.gdx.graphics.Mesh::render@88 (line 488)
                      ; - com.badlogic.gdx.graphics.Mesh::render@10 (line 449)
                      ; - com.badlogic.gdx.graphics.g2d.SpriteBatch::flush@176 (line 975)
  0x00007f2977a46254: 8855 a1ff 

  0x00007f2977a46258: ;   {post_call_nop}
  0x00007f2977a46258: 0f1f 8400 | 5020 0037 | be45 ffff | ff48 ff74 | 2420 488f | 4424 1848 | 8944 24f8 | 8b44 242c 
  0x00007f2977a46278: 8944 2420 | 488b 4424 | f848 8944 | 24f8 8b44 | 2428 8944 | 2424 488b | 4424 f84c | 894c 2430 
  0x00007f2977a46298: 4489 5c24 | 2c89 4c24 | 3866 6690 

  0x00007f2977a462a4: ;   {runtime_call UncommonTrapBlob}
  0x00007f2977a462a4: c5f8 77e8 

  0x00007f2977a462a8: ; ImmutableOopMap {[8]=NarrowOop [12]=NarrowOop [20]=NarrowOop [24]=Oop [44]=NarrowOop [56]=NarrowOop }
                      ;*ifne {reexecute=1 rethrow=0 return_oop=0}
                      ; - (reexecute) org.lwjgl.opengl.StateTracker::getElementArrayBufferBound@9 (line 145)
                      ; - org.lwjgl.opengl.GLChecks::ensureElementVBOdisabled@7 (line 82)
                      ; - org.lwjgl.opengl.GL11::glDrawElements@14 (line 1108)
                      ; - com.badlogic.gdx.backends.lwjgl.LwjglGL20::glDrawElements@21 (line 281)
                      ; - com.badlogic.gdx.graphics.Mesh::render@88 (line 488)
                      ; - com.badlogic.gdx.graphics.Mesh::render@10 (line 449)
                      ; - com.badlogic.gdx.graphics.g2d.SpriteBatch::flush@176 (line 975)
  0x00007f2977a462a8: 3455 a1ff 

  0x00007f2977a462ac: ;   {post_call_nop}
  0x00007f2977a462ac: 0f1f 8400 | a420 0038 | be45 ffff | ff66 6690 

  0x00007f2977a462bc: ;   {runtime_call UncommonTrapBlob}
  0x00007f2977a462bc: c5f8 77e8 

  0x00007f2977a462c0: ; ImmutableOopMap {[32]=Oop }
                      ;*ifle {reexecute=1 rethrow=0 return_oop=0}
                      ; - (reexecute) com.badlogic.gdx.graphics.Mesh::unbind@20 (line 399)
                      ; - com.badlogic.gdx.graphics.Mesh::unbind@3 (line 389)
                      ; - com.badlogic.gdx.graphics.Mesh::render@178 (line 501)
                      ; - com.badlogic.gdx.graphics.Mesh::render@10 (line 449)
                      ; - com.badlogic.gdx.graphics.g2d.SpriteBatch::flush@176 (line 975)
  0x00007f2977a462c0: 1c55 a1ff 

  0x00007f2977a462c4: ;   {post_call_nop}
  0x00007f2977a462c4: 0f1f 8400 | bc20 0039 | be45 ffff | ff4c 8944 | 2408 895c | 2410 4489 | 5424 1444 | 894c 2418 
  0x00007f2977a462e4: ;   {runtime_call UncommonTrapBlob}
  0x00007f2977a462e4: c5f8 77e8 

  0x00007f2977a462e8: ; ImmutableOopMap {rbp=NarrowOop [8]=Oop }
                      ;*ifnonnull {reexecute=1 rethrow=0 return_oop=0}
                      ; - (reexecute) org.lwjgl.opengl.GLContext::getCapabilities@5 (line 123)
                      ; - org.lwjgl.opengl.GL11::glBindTexture@0 (line 651)
                      ; - com.badlogic.gdx.backends.lwjgl.LwjglGL20::glBindTexture@2 (line 93)
                      ; - com.badlogic.gdx.graphics.GLTexture::bind@11 (line 66)
                      ; - com.badlogic.gdx.graphics.g2d.SpriteBatch::flush@58 (line 962)
  0x00007f2977a462e8: f454 a1ff 

  0x00007f2977a462ec: ;   {post_call_nop}
  0x00007f2977a462ec: 0f1f 8400 | e420 003a | 4533 db49 | 3bcb bdff | ffff ff7c | 0840 0f95 | c540 0fb6 | edbe 45ff 
  0x00007f2977a4630c: ffff 4c89 | 4424 0889 | 5c24 1044 | 8954 2414 | 4489 4c24 | 1848 894c | 2420 6690 

  0x00007f2977a46328: ;   {runtime_call UncommonTrapBlob}
  0x00007f2977a46328: c5f8 77e8 

  0x00007f2977a4632c: ; ImmutableOopMap {[8]=Oop }
                      ;*ifne {reexecute=1 rethrow=0 return_oop=0}
                      ; - (reexecute) org.lwjgl.BufferChecks::checkFunctionAddress@9 (line 57)
                      ; - org.lwjgl.opengl.GL11::glBindTexture@10 (line 653)
                      ; - com.badlogic.gdx.backends.lwjgl.LwjglGL20::glBindTexture@2 (line 93)
                      ; - com.badlogic.gdx.graphics.GLTexture::bind@11 (line 66)
                      ; - com.badlogic.gdx.graphics.g2d.SpriteBatch::flush@58 (line 962)
  0x00007f2977a4632c: b054 a1ff 

  0x00007f2977a46330: ;   {post_call_nop}
  0x00007f2977a46330: 0f1f 8400 | 2821 003b | be45 ffff | ff48 894c | 2410 4489 | 4c24 1848 | 895c 2420 | 4489 4424 
  0x00007f2977a46350: 2844 895c | 242c 4889 | 7c24 3848 | 897c 2440 | 4489 5424 | 5466 6690 

  0x00007f2977a46368: ;   {runtime_call UncommonTrapBlob}
  0x00007f2977a46368: c5f8 77e8 

  0x00007f2977a4636c: ; ImmutableOopMap {[16]=Oop [24]=NarrowOop [32]=Oop [40]=NarrowOop [56]=Oop [64]=Oop }
                      ;*if_icmple {reexecute=1 rethrow=0 return_oop=0}
                      ; - (reexecute) java.nio.Buffer::limit@5 (line 378)
                      ; - java.nio.ByteBuffer::limit@2 (line 1590)
                      ; - java.nio.MappedByteBuffer::limit@2 (line 339)
                      ; - java.nio.MappedByteBuffer::limit@2 (line 74)
                      ; - com.badlogic.gdx.utils.BufferUtils::copy@11 (line 51)
                      ; - com.badlogic.gdx.graphics.glutils.VertexArray::setVertices@7 (line 84)
                      ; - com.badlogic.gdx.graphics.Mesh::setVertices@7 (line 197)
                      ; - com.badlogic.gdx.graphics.g2d.SpriteBatch::flush@76 (line 964)
  0x00007f2977a4636c: 7054 a1ff 

  0x00007f2977a46370: ;   {post_call_nop}
  0x00007f2977a46370: 0f1f 8400 | 6821 003c | be45 ffff | ff48 8be9 | 4489 4c24 | 1048 895c | 2418 4489 | 4424 2044 
  0x00007f2977a46390: 895c 2424 | 4889 7c24 | 3048 897c | 2438 4489 | 5424 4c90 

  0x00007f2977a463a4: ;   {runtime_call UncommonTrapBlob}
  0x00007f2977a463a4: c5f8 77e8 

  0x00007f2977a463a8: ; ImmutableOopMap {rbp=Oop [16]=NarrowOop [24]=Oop [32]=NarrowOop [48]=Oop [56]=Oop }
                      ;*ifge {reexecute=1 rethrow=0 return_oop=0}
                      ; - (reexecute) java.nio.Buffer::limit@14 (line 378)
                      ; - java.nio.ByteBuffer::limit@2 (line 1590)
                      ; - java.nio.MappedByteBuffer::limit@2 (line 339)
                      ; - java.nio.MappedByteBuffer::limit@2 (line 74)
                      ; - com.badlogic.gdx.utils.BufferUtils::copy@11 (line 51)
                      ; - com.badlogic.gdx.graphics.glutils.VertexArray::setVertices@7 (line 84)
                      ; - com.badlogic.gdx.graphics.Mesh::setVertices@7 (line 197)
                      ; - com.badlogic.gdx.graphics.g2d.SpriteBatch::flush@76 (line 964)
  0x00007f2977a463a8: 3454 a1ff 

  0x00007f2977a463ac: ;   {post_call_nop}
  0x00007f2977a463ac: 0f1f 8400 | a421 003d | be45 ffff | ff48 894c | 2410 4489 | 4c24 1848 | 895c 2420 | 4489 4424 
  0x00007f2977a463cc: 2844 895c | 242c 4889 | 7c24 3848 | 897c 2440 | 4489 5424 | 5466 6690 

  0x00007f2977a463e4: ;   {runtime_call UncommonTrapBlob}
  0x00007f2977a463e4: c5f8 77e8 

  0x00007f2977a463e8: ; ImmutableOopMap {[16]=Oop [24]=NarrowOop [32]=Oop [40]=NarrowOop [56]=Oop [64]=Oop }
                      ;*if_icmple {reexecute=1 rethrow=0 return_oop=0}
                      ; - (reexecute) java.nio.Buffer::limit@42 (line 381)
                      ; - java.nio.ByteBuffer::limit@2 (line 1590)
                      ; - java.nio.MappedByteBuffer::limit@2 (line 339)
                      ; - java.nio.MappedByteBuffer::limit@2 (line 74)
                      ; - com.badlogic.gdx.utils.BufferUtils::copy@11 (line 51)
                      ; - com.badlogic.gdx.graphics.glutils.VertexArray::setVertices@7 (line 84)
                      ; - com.badlogic.gdx.graphics.Mesh::setVertices@7 (line 197)
                      ; - com.badlogic.gdx.graphics.g2d.SpriteBatch::flush@76 (line 964)
  0x00007f2977a463e8: f453 a1ff 

  0x00007f2977a463ec: ;   {post_call_nop}
  0x00007f2977a463ec: 0f1f 8400 | e421 003e | be45 ffff | ff48 894c | 2410 4489 | 4c24 1848 | 895c 2420 | 4489 4424 
  0x00007f2977a4640c: 2844 895c | 242c 4889 | 7c24 3848 | 897c 2440 | 4489 5424 | 5066 6690 

  0x00007f2977a46424: ;   {runtime_call UncommonTrapBlob}
  0x00007f2977a46424: c5f8 77e8 

  0x00007f2977a46428: ; ImmutableOopMap {[16]=Oop [24]=NarrowOop [32]=Oop [40]=NarrowOop [56]=Oop [64]=Oop }
                      ;*if_icmple {reexecute=1 rethrow=0 return_oop=0}
                      ; - (reexecute) java.nio.Buffer::limit@55 (line 382)
                      ; - java.nio.ByteBuffer::limit@2 (line 1590)
                      ; - java.nio.MappedByteBuffer::limit@2 (line 339)
                      ; - java.nio.MappedByteBuffer::limit@2 (line 74)
                      ; - com.badlogic.gdx.utils.BufferUtils::copy@11 (line 51)
                      ; - com.badlogic.gdx.graphics.glutils.VertexArray::setVertices@7 (line 84)
                      ; - com.badlogic.gdx.graphics.Mesh::setVertices@7 (line 197)
                      ; - com.badlogic.gdx.graphics.g2d.SpriteBatch::flush@76 (line 964)
  0x00007f2977a46428: b453 a1ff 

  0x00007f2977a4642c: ;   {post_call_nop}
  0x00007f2977a4642c: 0f1f 8400 | 2422 003f | be45 ffff | ff48 ff74 | 2418 488f | 4424 1048 | 8944 24f8 | 8b44 2420 
  0x00007f2977a4644c: 8944 241c | 488b 4424 | f84c 8954 | 2430 4c89 | 5424 3890 

  0x00007f2977a46460: ;   {runtime_call UncommonTrapBlob}
  0x00007f2977a46460: c5f8 77e8 

  0x00007f2977a46464: ; ImmutableOopMap {[12]=NarrowOop [16]=Oop [40]=Oop [48]=Oop [56]=Oop }
                      ;*if_icmple {reexecute=1 rethrow=0 return_oop=0}
                      ; - (reexecute) java.nio.Buffer::position@5 (line 325)
                      ; - java.nio.ByteBuffer::position@2 (line 1576)
                      ; - java.nio.MappedByteBuffer::position@2 (line 329)
                      ; - java.nio.MappedByteBuffer::position@2 (line 74)
                      ; - com.badlogic.gdx.utils.BufferUtils::copy@40 (line 55)
                      ; - com.badlogic.gdx.graphics.glutils.VertexArray::setVertices@7 (line 84)
                      ; - com.badlogic.gdx.graphics.Mesh::setVertices@7 (line 197)
                      ; - com.badlogic.gdx.graphics.g2d.SpriteBatch::flush@76 (line 964)
  0x00007f2977a46464: 7853 a1ff 

  0x00007f2977a46468: ;   {post_call_nop}
  0x00007f2977a46468: 0f1f 8400 | 6022 0040 | be45 ffff | ff48 ff74 | 2418 488f | 4424 1048 | 8944 24f8 | 8b44 2420 
  0x00007f2977a46488: 8944 241c | 488b 4424 | f84c 8954 | 2430 4c89 | 5424 3890 

  0x00007f2977a4649c: ;   {runtime_call UncommonTrapBlob}
  0x00007f2977a4649c: c5f8 77e8 

  0x00007f2977a464a0: ; ImmutableOopMap {[12]=NarrowOop [16]=Oop [40]=Oop [48]=Oop [56]=Oop }
                      ;*if_icmple {reexecute=1 rethrow=0 return_oop=0}
                      ; - (reexecute) java.nio.Buffer::position@37 (line 327)
                      ; - java.nio.ByteBuffer::position@2 (line 1576)
                      ; - java.nio.MappedByteBuffer::position@2 (line 329)
                      ; - java.nio.MappedByteBuffer::position@2 (line 74)
                      ; - com.badlogic.gdx.utils.BufferUtils::copy@40 (line 55)
                      ; - com.badlogic.gdx.graphics.glutils.VertexArray::setVertices@7 (line 84)
                      ; - com.badlogic.gdx.graphics.Mesh::setVertices@7 (line 197)
                      ; - com.badlogic.gdx.graphics.g2d.SpriteBatch::flush@76 (line 964)
  0x00007f2977a464a0: 3c53 a1ff 

  0x00007f2977a464a4: ;   {post_call_nop}
  0x00007f2977a464a4: 0f1f 8400 | 9c22 0041 | be45 ffff | ff48 ff74 | 2418 488f | 4424 1048 | 8944 24f8 | 8b44 2420 
  0x00007f2977a464c4: 8944 241c | 488b 4424 | f844 895c | 2424 6690 

  0x00007f2977a464d4: ;   {runtime_call UncommonTrapBlob}
  0x00007f2977a464d4: c5f8 77e8 

  0x00007f2977a464d8: ; ImmutableOopMap {[12]=NarrowOop [16]=Oop [36]=NarrowOop [40]=Oop }
                      ;*if_icmple {reexecute=1 rethrow=0 return_oop=0}
                      ; - (reexecute) java.nio.Buffer::position@5 (line 325)
                      ; - java.nio.FloatBuffer::position@2 (line 1576)
                      ; - java.nio.FloatBuffer::position@2 (line 292)
                      ; - com.badlogic.gdx.graphics.glutils.VertexArray::setVertices@15 (line 85)
                      ; - com.badlogic.gdx.graphics.Mesh::setVertices@7 (line 197)
                      ; - com.badlogic.gdx.graphics.g2d.SpriteBatch::flush@76 (line 964)
  0x00007f2977a464d8: 0453 a1ff 

  0x00007f2977a464dc: ;   {post_call_nop}
  0x00007f2977a464dc: 0f1f 8400 | d422 0042 | be45 ffff | ff48 8b6c | 2418 4c89 | 5424 1848 | 8944 24f8 | 8b44 2420 
  0x00007f2977a464fc: 8944 2414 | 488b 4424 | f844 895c | 2424 4489 | 4c24 2890 

  0x00007f2977a46510: ;   {runtime_call UncommonTrapBlob}
  0x00007f2977a46510: c5f8 77e8 

  0x00007f2977a46514: ; ImmutableOopMap {rbp=Oop [12]=NarrowOop [24]=Oop [36]=NarrowOop }
                      ;*if_icmple {reexecute=1 rethrow=0 return_oop=0}
                      ; - (reexecute) java.nio.Buffer::position@37 (line 327)
                      ; - java.nio.FloatBuffer::position@2 (line 1576)
                      ; - java.nio.FloatBuffer::position@2 (line 292)
                      ; - com.badlogic.gdx.graphics.glutils.VertexArray::setVertices@15 (line 85)
                      ; - com.badlogic.gdx.graphics.Mesh::setVertices@7 (line 197)
                      ; - com.badlogic.gdx.graphics.g2d.SpriteBatch::flush@76 (line 964)
  0x00007f2977a46514: c852 a1ff 

  0x00007f2977a46518: ;   {post_call_nop}
  0x00007f2977a46518: 0f1f 8400 | 1023 0043 | be45 ffff | ff48 ff74 | 2418 488f | 4424 1044 | 895c 2420 | 4489 5424 
  0x00007f2977a46538: 2866 6690 

  0x00007f2977a4653c: ;   {runtime_call UncommonTrapBlob}
  0x00007f2977a4653c: c5f8 77e8 

  0x00007f2977a46540: ; ImmutableOopMap {[12]=NarrowOop [16]=Oop [32]=NarrowOop }
                      ;*if_icmple {reexecute=1 rethrow=0 return_oop=0}
                      ; - (reexecute) java.nio.Buffer::limit@5 (line 378)
                      ; - java.nio.FloatBuffer::limit@2 (line 1590)
                      ; - java.nio.FloatBuffer::limit@2 (line 292)
                      ; - com.badlogic.gdx.graphics.glutils.VertexArray::setVertices@24 (line 86)
                      ; - com.badlogic.gdx.graphics.Mesh::setVertices@7 (line 197)
                      ; - com.badlogic.gdx.graphics.g2d.SpriteBatch::flush@76 (line 964)
  0x00007f2977a46540: 9c52 a1ff 

  0x00007f2977a46544: ;   {post_call_nop}
  0x00007f2977a46544: 0f1f 8400 | 3c23 0044 | be45 ffff | ff48 8b6c | 2418 4489 | 5c24 1890 

  0x00007f2977a4655c: ;   {runtime_call UncommonTrapBlob}
  0x00007f2977a4655c: c5f8 77e8 

  0x00007f2977a46560: ; ImmutableOopMap {rbp=Oop [12]=NarrowOop [24]=NarrowOop }
                      ;*ifge {reexecute=1 rethrow=0 return_oop=0}
                      ; - (reexecute) java.nio.Buffer::limit@14 (line 378)
                      ; - java.nio.FloatBuffer::limit@2 (line 1590)
                      ; - java.nio.FloatBuffer::limit@2 (line 292)
                      ; - com.badlogic.gdx.graphics.glutils.VertexArray::setVertices@24 (line 86)
                      ; - com.badlogic.gdx.graphics.Mesh::setVertices@7 (line 197)
                      ; - com.badlogic.gdx.graphics.g2d.SpriteBatch::flush@76 (line 964)
  0x00007f2977a46560: 7c52 a1ff 

  0x00007f2977a46564: ;   {post_call_nop}
  0x00007f2977a46564: 0f1f 8400 | 5c23 0045 | be45 ffff | ff48 8b6c | 2418 4489 | 5c24 1844 | 894c 241c 

  0x00007f2977a46580: ;   {runtime_call UncommonTrapBlob}
  0x00007f2977a46580: c5f8 77e8 

  0x00007f2977a46584: ; ImmutableOopMap {rbp=Oop [12]=NarrowOop [24]=NarrowOop }
                      ;*if_icmple {reexecute=1 rethrow=0 return_oop=0}
                      ; - (reexecute) java.nio.Buffer::limit@55 (line 382)
                      ; - java.nio.FloatBuffer::limit@2 (line 1590)
                      ; - java.nio.FloatBuffer::limit@2 (line 292)
                      ; - com.badlogic.gdx.graphics.glutils.VertexArray::setVertices@24 (line 86)
                      ; - com.badlogic.gdx.graphics.Mesh::setVertices@7 (line 197)
                      ; - com.badlogic.gdx.graphics.g2d.SpriteBatch::flush@76 (line 964)
  0x00007f2977a46584: 5852 a1ff 

  0x00007f2977a46588: ;   {post_call_nop}
  0x00007f2977a46588: 0f1f 8400 | 8023 0046 | be45 ffff | ff48 ff74 | 2418 488f | 4424 1044 | 8944 241c 

  0x00007f2977a465a4: ;   {runtime_call UncommonTrapBlob}
  0x00007f2977a465a4: c5f8 77e8 

  0x00007f2977a465a8: ; ImmutableOopMap {[12]=NarrowOop [16]=Oop [28]=NarrowOop }
                      ;*if_icmple {reexecute=1 rethrow=0 return_oop=0}
                      ; - (reexecute) java.nio.Buffer::position@5 (line 325)
                      ; - java.nio.ShortBuffer::position@2 (line 1576)
                      ; - java.nio.ShortBuffer::position@2 (line 292)
                      ; - com.badlogic.gdx.graphics.g2d.SpriteBatch::flush@85 (line 965)
  0x00007f2977a465a8: 3452 a1ff 

  0x00007f2977a465ac: ;   {post_call_nop}
  0x00007f2977a465ac: 0f1f 8400 | a423 0047 | be45 ffff | ff48 8b6c | 2418 4489 | 4424 1489 | 4c24 1890 

  0x00007f2977a465c8: ;   {runtime_call UncommonTrapBlob}
  0x00007f2977a465c8: c5f8 77e8 

  0x00007f2977a465cc: ; ImmutableOopMap {rbp=Oop [12]=NarrowOop [20]=NarrowOop }
                      ;*if_icmple {reexecute=1 rethrow=0 return_oop=0}
                      ; - (reexecute) java.nio.Buffer::position@37 (line 327)
                      ; - java.nio.ShortBuffer::position@2 (line 1576)
                      ; - java.nio.ShortBuffer::position@2 (line 292)
                      ; - com.badlogic.gdx.graphics.g2d.SpriteBatch::flush@85 (line 965)
  0x00007f2977a465cc: 1052 a1ff 

  0x00007f2977a465d0: ;   {post_call_nop}
  0x00007f2977a465d0: 0f1f 8400 | c823 0048 | be45 ffff | ff48 ff74 | 2418 488f | 4424 0844 | 8954 2414 | 4489 4424 
  0x00007f2977a465f0: 1c44 895c | 2420 4489 | 5c24 2490 

  0x00007f2977a465fc: ;   {runtime_call UncommonTrapBlob}
  0x00007f2977a465fc: c5f8 77e8 

  0x00007f2977a46600: ; ImmutableOopMap {[8]=Oop [20]=NarrowOop [28]=NarrowOop }
                      ;*if_icmple {reexecute=1 rethrow=0 return_oop=0}
                      ; - (reexecute) java.nio.Buffer::limit@5 (line 378)
                      ; - java.nio.ShortBuffer::limit@2 (line 1590)
                      ; - java.nio.ShortBuffer::limit@2 (line 292)
                      ; - com.badlogic.gdx.graphics.g2d.SpriteBatch::flush@94 (line 966)
  0x00007f2977a46600: dc51 a1ff 

  0x00007f2977a46604: ;   {post_call_nop}
  0x00007f2977a46604: 0f1f 8400 | fc23 0049 | be45 ffff | ff48 8b6c | 2418 4489 | 4424 1490 

  0x00007f2977a4661c: ;   {runtime_call UncommonTrapBlob}
  0x00007f2977a4661c: c5f8 77e8 

  0x00007f2977a46620: ; ImmutableOopMap {rbp=Oop [12]=NarrowOop [20]=NarrowOop }
                      ;*ifge {reexecute=1 rethrow=0 return_oop=0}
                      ; - (reexecute) java.nio.Buffer::limit@14 (line 378)
                      ; - java.nio.ShortBuffer::limit@2 (line 1590)
                      ; - java.nio.ShortBuffer::limit@2 (line 292)
                      ; - com.badlogic.gdx.graphics.g2d.SpriteBatch::flush@94 (line 966)
  0x00007f2977a46620: bc51 a1ff 

  0x00007f2977a46624: ;   {post_call_nop}
  0x00007f2977a46624: 0f1f 8400 | 1c24 004a | be45 ffff | ff48 8b6c | 2418 4489 | 4424 1489 | 4c24 1890 

  0x00007f2977a46640: ;   {runtime_call UncommonTrapBlob}
  0x00007f2977a46640: c5f8 77e8 

  0x00007f2977a46644: ; ImmutableOopMap {rbp=Oop [12]=NarrowOop [20]=NarrowOop }
                      ;*if_icmple {reexecute=1 rethrow=0 return_oop=0}
                      ; - (reexecute) java.nio.Buffer::limit@55 (line 382)
                      ; - java.nio.ShortBuffer::limit@2 (line 1590)
                      ; - java.nio.ShortBuffer::limit@2 (line 292)
                      ; - com.badlogic.gdx.graphics.g2d.SpriteBatch::flush@94 (line 966)
  0x00007f2977a46644: 9851 a1ff 

  0x00007f2977a46648: ;   {post_call_nop}
  0x00007f2977a46648: 0f1f 8400 | 4024 004b | be45 ffff | ff44 895c | 2410 4489 | 5424 1490 

  0x00007f2977a46660: ;   {runtime_call UncommonTrapBlob}
  0x00007f2977a46660: c5f8 77e8 

  0x00007f2977a46664: ; ImmutableOopMap {[20]=NarrowOop [24]=Oop }
                      ;*ifeq {reexecute=1 rethrow=0 return_oop=0}
                      ; - (reexecute) com.badlogic.gdx.graphics.g2d.SpriteBatch::flush@102 (line 968)
  0x00007f2977a46664: 7851 a1ff 

  0x00007f2977a46668: ;   {post_call_nop}
  0x00007f2977a46668: 0f1f 8400 | 6024 004c | be45 ffff | ff44 895c | 2410 4489 | 5424 1490 

  0x00007f2977a46680: ;   {runtime_call UncommonTrapBlob}
  0x00007f2977a46680: c5f8 77e8 

  0x00007f2977a46684: ; ImmutableOopMap {rbp=NarrowOop [20]=NarrowOop [24]=Oop }
                      ;*ifnonnull {reexecute=1 rethrow=0 return_oop=0}
                      ; - (reexecute) org.lwjgl.opengl.GLContext::getCapabilities@5 (line 123)
                      ; - org.lwjgl.opengl.GL11::glEnable@0 (line 1012)
                      ; - com.badlogic.gdx.backends.lwjgl.LwjglGL20::glEnable@1 (line 292)
                      ; - com.badlogic.gdx.graphics.g2d.SpriteBatch::flush@125 (line 971)
  0x00007f2977a46684: 5851 a1ff 

  0x00007f2977a46688: ;   {post_call_nop}
  0x00007f2977a46688: 0f1f 8400 | 8024 004d | 4533 c049 | 3bd0 bdff | ffff ff7c | 0840 0f95 | c540 0fb6 | edbe 45ff 
  0x00007f2977a466a8: ffff 4889 | 4c24 0844 | 895c 2410 | 4489 5424 | 1448 8954 | 2418 6690 

  0x00007f2977a466c0: ;   {runtime_call UncommonTrapBlob}
  0x00007f2977a466c0: c5f8 77e8 

  0x00007f2977a466c4: ; ImmutableOopMap {[8]=Oop [20]=NarrowOop }
                      ;*ifne {reexecute=1 rethrow=0 return_oop=0}
                      ; - (reexecute) org.lwjgl.BufferChecks::checkFunctionAddress@9 (line 57)
                      ; - org.lwjgl.opengl.GL11::glEnable@10 (line 1014)
                      ; - com.badlogic.gdx.backends.lwjgl.LwjglGL20::glEnable@1 (line 292)
                      ; - com.badlogic.gdx.graphics.g2d.SpriteBatch::flush@125 (line 971)
  0x00007f2977a466c4: 1851 a1ff 

  0x00007f2977a466c8: ;   {post_call_nop}
  0x00007f2977a466c8: 0f1f 8400 | c024 004e | be45 ffff | ff44 895c | 2410 6690 

  0x00007f2977a466dc: ;   {runtime_call UncommonTrapBlob}
  0x00007f2977a466dc: c5f8 77e8 

  0x00007f2977a466e0: ; ImmutableOopMap {rbp=Oop [12]=NarrowOop }
                      ;*if_icmpeq {reexecute=1 rethrow=0 return_oop=0}
                      ; - (reexecute) com.badlogic.gdx.graphics.g2d.SpriteBatch::flush@135 (line 972)
  0x00007f2977a466e0: fc50 a1ff 

  0x00007f2977a466e4: ;   {post_call_nop}
  0x00007f2977a466e4: 0f1f 8400 | dc24 004f | be45 ffff | ff4c 894c | 2410 4489 | 5c24 1844 | 8954 241c 

  0x00007f2977a46700: ;   {runtime_call UncommonTrapBlob}
  0x00007f2977a46700: c5f8 77e8 

  0x00007f2977a46704: ; ImmutableOopMap {rbp=NarrowOop [12]=NarrowOop [16]=Oop }
                      ;*ifnonnull {reexecute=1 rethrow=0 return_oop=0}
                      ; - (reexecute) org.lwjgl.opengl.GLContext::getCapabilities@5 (line 123)
                      ; - org.lwjgl.opengl.GL11::glBlendFunc@0 (line 624)
                      ; - com.badlogic.gdx.backends.lwjgl.LwjglGL20::glBlendFunc@2 (line 109)
                      ; - com.badlogic.gdx.graphics.g2d.SpriteBatch::flush@149 (line 972)
  0x00007f2977a46704: d850 a1ff 

  0x00007f2977a46708: ;   {post_call_nop}
  0x00007f2977a46708: 0f1f 8400 | 0025 0050 | 4533 c049 | 3bc8 bdff | ffff ff7c | 0840 0f95 | c540 0fb6 | edbe 45ff 
  0x00007f2977a46728: ffff 4c89 | 4c24 1044 | 895c 2418 | 4489 5424 | 1c48 894c | 2420 6690 

  0x00007f2977a46740: ;   {runtime_call UncommonTrapBlob}
  0x00007f2977a46740: c5f8 77e8 

  0x00007f2977a46744: ; ImmutableOopMap {[12]=NarrowOop [16]=Oop }
                      ;*ifne {reexecute=1 rethrow=0 return_oop=0}
                      ; - (reexecute) org.lwjgl.BufferChecks::checkFunctionAddress@9 (line 57)
                      ; - org.lwjgl.opengl.GL11::glBlendFunc@10 (line 626)
                      ; - com.badlogic.gdx.backends.lwjgl.LwjglGL20::glBlendFunc@2 (line 109)
                      ; - com.badlogic.gdx.graphics.g2d.SpriteBatch::flush@149 (line 972)
  0x00007f2977a46744: 9850 a1ff 

  0x00007f2977a46748: ;   {post_call_nop}
  0x00007f2977a46748: 0f1f 8400 | 4025 0051 | be45 ffff | ff44 8954 | 2410 6690 

  0x00007f2977a4675c: ;   {runtime_call UncommonTrapBlob}
  0x00007f2977a4675c: c5f8 77e8 

  0x00007f2977a46760: ; ImmutableOopMap {rbp=Oop [12]=NarrowOop [16]=NarrowOop }
                      ;*ifnull {reexecute=1 rethrow=0 return_oop=0}
                      ; - (reexecute) com.badlogic.gdx.graphics.g2d.SpriteBatch::flush@159 (line 975)
  0x00007f2977a46760: 7c50 a1ff 

  0x00007f2977a46764: ;   {post_call_nop}
  0x00007f2977a46764: 0f1f 8400 | 5c25 0052 | be45 ffff | ff66 6690 

  0x00007f2977a46774: ;   {runtime_call UncommonTrapBlob}
  0x00007f2977a46774: c5f8 77e8 

  0x00007f2977a46778: ; ImmutableOopMap {rbp=Oop }
                      ;*ifne {reexecute=1 rethrow=0 return_oop=0}
                      ; - (reexecute) com.badlogic.gdx.graphics.Mesh::render@2 (line 477)
                      ; - com.badlogic.gdx.graphics.Mesh::render@10 (line 449)
                      ; - com.badlogic.gdx.graphics.g2d.SpriteBatch::flush@176 (line 975)
  0x00007f2977a46778: 6450 a1ff 

  0x00007f2977a4677c: ;   {post_call_nop}
  0x00007f2977a4677c: 0f1f 8400 | 7425 0053 | be45 ffff | ff44 894c | 2408 4489 | 5424 0c89 | 4c24 1089 | 7c24 1890 
  0x00007f2977a4679c: ;   {runtime_call UncommonTrapBlob}
  0x00007f2977a4679c: c5f8 77e8 

  0x00007f2977a467a0: ; ImmutableOopMap {rbp=Oop [8]=NarrowOop [12]=NarrowOop }
                      ;*ifeq {reexecute=1 rethrow=0 return_oop=0}
                      ; - (reexecute) com.badlogic.gdx.graphics.Mesh::render@8 (line 479)
                      ; - com.badlogic.gdx.graphics.Mesh::render@10 (line 449)
                      ; - com.badlogic.gdx.graphics.g2d.SpriteBatch::flush@176 (line 975)
  0x00007f2977a467a0: 3c50 a1ff 

  0x00007f2977a467a4: ;   {post_call_nop}
  0x00007f2977a467a4: 0f1f 8400 | 9c25 0054 | be45 ffff | ff48 ff74 | 2420 488f | 4424 1889 | 7c24 2444 | 8954 242c 
  0x00007f2977a467c4: 8944 2430 | 4c89 4c24 | 404c 894c | 2448 895c | 2450 6690 

  0x00007f2977a467d8: ;   {runtime_call UncommonTrapBlob}
  0x00007f2977a467d8: c5f8 77e8 

  0x00007f2977a467dc: ; ImmutableOopMap {[8]=Oop [24]=Oop [40]=NarrowOop [44]=NarrowOop [64]=Oop [72]=Oop }
                      ;*if_icmple {reexecute=1 rethrow=0 return_oop=0}
                      ; - (reexecute) java.nio.Buffer::limit@5 (line 378)
                      ; - java.nio.ByteBuffer::limit@2 (line 1590)
                      ; - java.nio.MappedByteBuffer::limit@2 (line 339)
                      ; - java.nio.MappedByteBuffer::limit@2 (line 74)
                      ; - com.badlogic.gdx.graphics.glutils.VertexArray::bind@21 (line 105)
                      ; - com.badlogic.gdx.graphics.Mesh::bind@6 (line 380)
                      ; - com.badlogic.gdx.graphics.Mesh::bind@3 (line 371)
                      ; - com.badlogic.gdx.graphics.Mesh::render@13 (line 479)
                      ; - com.badlogic.gdx.graphics.Mesh::render@10 (line 449)
                      ; - com.badlogic.gdx.graphics.g2d.SpriteBatch::flush@176 (line 975)
  0x00007f2977a467dc: 0050 a1ff 

  0x00007f2977a467e0: ;   {post_call_nop}
  0x00007f2977a467e0: 0f1f 8400 | d825 0055 | be45 ffff | ff48 8bea | 48ff 7424 | 2048 8f44 | 2408 4889 | 4424 f88b 
  0x00007f2977a46800: 4424 2889 | 4424 1048 | 8b44 24f8 | 897c 241c | 4489 5424 | 2489 4424 | 284c 894c | 2438 4c89 
  0x00007f2977a46820: 4c24 4089 | 5c24 4890 

  0x00007f2977a46828: ;   {runtime_call UncommonTrapBlob}
  0x00007f2977a46828: c5f8 77e8 

  0x00007f2977a4682c: ; ImmutableOopMap {rbp=Oop [8]=Oop [16]=NarrowOop [36]=NarrowOop [56]=Oop [64]=Oop }
                      ;*ifge {reexecute=1 rethrow=0 return_oop=0}
                      ; - (reexecute) java.nio.Buffer::limit@14 (line 378)
                      ; - java.nio.ByteBuffer::limit@2 (line 1590)
                      ; - java.nio.MappedByteBuffer::limit@2 (line 339)
                      ; - java.nio.MappedByteBuffer::limit@2 (line 74)
                      ; - com.badlogic.gdx.graphics.glutils.VertexArray::bind@21 (line 105)
                      ; - com.badlogic.gdx.graphics.Mesh::bind@6 (line 380)
                      ; - com.badlogic.gdx.graphics.Mesh::bind@3 (line 371)
                      ; - com.badlogic.gdx.graphics.Mesh::render@13 (line 479)
                      ; - com.badlogic.gdx.graphics.Mesh::render@10 (line 449)
                      ; - com.badlogic.gdx.graphics.g2d.SpriteBatch::flush@176 (line 975)
  0x00007f2977a4682c: b04f a1ff 

  0x00007f2977a46830: ;   {post_call_nop}
  0x00007f2977a46830: 0f1f 8400 | 2826 0056 | be45 ffff | ff48 ff74 | 2420 488f | 4424 1889 | 7c24 2444 | 8954 242c 
  0x00007f2977a46850: 8944 2430 | 4c89 4c24 | 404c 894c | 2448 895c | 2450 6690 

  0x00007f2977a46864: ;   {runtime_call UncommonTrapBlob}
  0x00007f2977a46864: c5f8 77e8 

  0x00007f2977a46868: ; ImmutableOopMap {[8]=Oop [24]=Oop [40]=NarrowOop [44]=NarrowOop [64]=Oop [72]=Oop }
                      ;*if_icmple {reexecute=1 rethrow=0 return_oop=0}
                      ; - (reexecute) java.nio.Buffer::limit@42 (line 381)
                      ; - java.nio.ByteBuffer::limit@2 (line 1590)
                      ; - java.nio.MappedByteBuffer::limit@2 (line 339)
                      ; - java.nio.MappedByteBuffer::limit@2 (line 74)
                      ; - com.badlogic.gdx.graphics.glutils.VertexArray::bind@21 (line 105)
                      ; - com.badlogic.gdx.graphics.Mesh::bind@6 (line 380)
                      ; - com.badlogic.gdx.graphics.Mesh::bind@3 (line 371)
                      ; - com.badlogic.gdx.graphics.Mesh::render@13 (line 479)
                      ; - com.badlogic.gdx.graphics.Mesh::render@10 (line 449)
                      ; - com.badlogic.gdx.graphics.g2d.SpriteBatch::flush@176 (line 975)
  0x00007f2977a46868: 744f a1ff 

  0x00007f2977a4686c: ;   {post_call_nop}
  0x00007f2977a4686c: 0f1f 8400 | 6426 0057 | be45 ffff | ff48 ff74 | 2420 488f | 4424 1889 | 7c24 2444 | 8954 242c 
  0x00007f2977a4688c: 8944 2430 | 4c89 4c24 | 404c 894c | 2448 895c | 2434 6690 

  0x00007f2977a468a0: ;   {runtime_call UncommonTrapBlob}
  0x00007f2977a468a0: c5f8 77e8 

  0x00007f2977a468a4: ; ImmutableOopMap {[8]=Oop [24]=Oop [40]=NarrowOop [44]=NarrowOop [64]=Oop [72]=Oop }
                      ;*if_icmple {reexecute=1 rethrow=0 return_oop=0}
                      ; - (reexecute) java.nio.Buffer::limit@55 (line 382)
                      ; - java.nio.ByteBuffer::limit@2 (line 1590)
                      ; - java.nio.MappedByteBuffer::limit@2 (line 339)
                      ; - java.nio.MappedByteBuffer::limit@2 (line 74)
                      ; - com.badlogic.gdx.graphics.glutils.VertexArray::bind@21 (line 105)
                      ; - com.badlogic.gdx.graphics.Mesh::bind@6 (line 380)
                      ; - com.badlogic.gdx.graphics.Mesh::bind@3 (line 371)
                      ; - com.badlogic.gdx.graphics.Mesh::render@13 (line 479)
                      ; - com.badlogic.gdx.graphics.Mesh::render@10 (line 449)
                      ; - com.badlogic.gdx.graphics.g2d.SpriteBatch::flush@176 (line 975)
  0x00007f2977a468a4: 384f a1ff 

  0x00007f2977a468a8: ;   {post_call_nop}
  0x00007f2977a468a8: 0f1f 8400 | a026 0058 | be45 ffff | ff48 ff74 | 2420 488f | 4424 0889 | 4c24 1844 | 8954 2420 
  0x00007f2977a468c8: ;   {runtime_call UncommonTrapBlob}
  0x00007f2977a468c8: c5f8 77e8 

  0x00007f2977a468cc: ; ImmutableOopMap {[8]=Oop [24]=NarrowOop [32]=NarrowOop [40]=NarrowOop }
                      ;*ifeq {reexecute=1 rethrow=0 return_oop=0}
                      ; - (reexecute) com.badlogic.gdx.graphics.glutils.IndexArray::getNumIndices@4 (line 49)
                      ; - com.badlogic.gdx.graphics.Mesh::bind@15 (line 381)
                      ; - com.badlogic.gdx.graphics.Mesh::bind@3 (line 371)
                      ; - com.badlogic.gdx.graphics.Mesh::render@13 (line 479)
                      ; - com.badlogic.gdx.graphics.Mesh::render@10 (line 449)
                      ; - com.badlogic.gdx.graphics.g2d.SpriteBatch::flush@176 (line 975)
  0x00007f2977a468cc: 104f a1ff 

  0x00007f2977a468d0: ;   {post_call_nop}
  0x00007f2977a468d0: 0f1f 8400 | c826 0059 | be45 ffff | ff89 4c24 | 1866 6690 

  0x00007f2977a468e4: ;   {runtime_call UncommonTrapBlob}
  0x00007f2977a468e4: c5f8 77e8 

  0x00007f2977a468e8: ; ImmutableOopMap {[24]=NarrowOop [32]=Oop [40]=NarrowOop }
                      ;*ifeq {reexecute=1 rethrow=0 return_oop=0}
                      ; - (reexecute) com.badlogic.gdx.graphics.Mesh::render@20 (line 481)
                      ; - com.badlogic.gdx.graphics.Mesh::render@10 (line 449)
                      ; - com.badlogic.gdx.graphics.g2d.SpriteBatch::flush@176 (line 975)
  0x00007f2977a468e8: f44e a1ff 

  0x00007f2977a468ec: ;   {post_call_nop}
  0x00007f2977a468ec: 0f1f 8400 | e426 005a | be45 ffff | ff48 8b6c | 2420 4489 | 5424 0889 | 4c24 0c48 | 8944 24f8 
  0x00007f2977a4690c: 8b44 2414 | 8944 2410 | 488b 4424 | f848 8944 | 24f8 8b44 | 242c 8944 | 2414 488b | 4424 f844 
  0x00007f2977a4692c: 895c 241c | 895c 2424 | 895c 2428 | 8954 242c 

  0x00007f2977a4693c: ;   {runtime_call UncommonTrapBlob}
  0x00007f2977a4693c: c5f8 77e8 

  0x00007f2977a46940: ; ImmutableOopMap {rbp=Oop [8]=NarrowOop [12]=NarrowOop [36]=NarrowOop [40]=NarrowOop }
                      ;*if_icmple {reexecute=1 rethrow=0 return_oop=0}
                      ; - (reexecute) java.nio.Buffer::position@5 (line 325)
                      ; - java.nio.ShortBuffer::position@2 (line 1576)
                      ; - java.nio.ShortBuffer::position@2 (line 292)
                      ; - com.badlogic.gdx.graphics.Mesh::render@63 (line 486)
                      ; - com.badlogic.gdx.graphics.Mesh::render@10 (line 449)
                      ; - com.badlogic.gdx.graphics.g2d.SpriteBatch::flush@176 (line 975)
  0x00007f2977a46940: 9c4e a1ff 

  0x00007f2977a46944: ;   {post_call_nop}
  0x00007f2977a46944: 0f1f 8400 | 3c27 005b | be45 ffff | ff48 8b6c | 2420 4489 | 5424 0889 | 4c24 0c48 | 8944 24f8 
  0x00007f2977a46964: 8b44 2414 | 8944 2410 | 488b 4424 | f848 8944 | 24f8 8b44 | 242c 8944 | 2414 488b | 4424 f844 
  0x00007f2977a46984: 895c 241c | 8954 2420 | 895c 2424 | 895c 2428 | 4489 4424 | 2c66 6690 

  0x00007f2977a4699c: ;   {runtime_call UncommonTrapBlob}
  0x00007f2977a4699c: c5f8 77e8 

  0x00007f2977a469a0: ; ImmutableOopMap {rbp=Oop [8]=NarrowOop [12]=NarrowOop [36]=NarrowOop [40]=NarrowOop }
                      ;*if_icmple {reexecute=1 rethrow=0 return_oop=0}
                      ; - (reexecute) java.nio.Buffer::position@37 (line 327)
                      ; - java.nio.ShortBuffer::position@2 (line 1576)
                      ; - java.nio.ShortBuffer::position@2 (line 292)
                      ; - com.badlogic.gdx.graphics.Mesh::render@63 (line 486)
                      ; - com.badlogic.gdx.graphics.Mesh::render@10 (line 449)
                      ; - com.badlogic.gdx.graphics.g2d.SpriteBatch::flush@176 (line 975)
  0x00007f2977a469a0: 3c4e a1ff 

  0x00007f2977a469a4: ;   {post_call_nop}
  0x00007f2977a469a4: 0f1f 8400 | 9c27 005c | be45 ffff | ff48 ff74 | 2420 488f | 4424 1848 | 8944 24f8 | 8b44 242c 
  0x00007f2977a469c4: 8944 2420 | 488b 4424 | f889 5c24 | 2c89 5c24 | 3066 6690 

  0x00007f2977a469d8: ;   {runtime_call UncommonTrapBlob}
  0x00007f2977a469d8: c5f8 77e8 

  0x00007f2977a469dc: ; ImmutableOopMap {[8]=NarrowOop [12]=NarrowOop [24]=Oop [44]=NarrowOop [48]=NarrowOop }
                      ;*if_icmple {reexecute=1 rethrow=0 return_oop=0}
                      ; - (reexecute) java.nio.Buffer::limit@5 (line 378)
                      ; - java.nio.ShortBuffer::limit@2 (line 1590)
                      ; - java.nio.ShortBuffer::limit@2 (line 292)
                      ; - com.badlogic.gdx.graphics.Mesh::render@73 (line 487)
                      ; - com.badlogic.gdx.graphics.Mesh::render@10 (line 449)
                      ; - com.badlogic.gdx.graphics.g2d.SpriteBatch::flush@176 (line 975)
  0x00007f2977a469dc: 004e a1ff 

  0x00007f2977a469e0: ;   {post_call_nop}
  0x00007f2977a469e0: 0f1f 8400 | d827 005d | be45 ffff | ff48 8b6c | 2420 4889 | 4424 f88b | 4424 2c89 | 4424 1848 
  0x00007f2977a46a00: 8b44 24f8 | 4889 4424 | f88b 4424 | 2889 4424 | 2048 8b44 | 24f8 895c | 2424 895c | 2428 4489 
  0x00007f2977a46a20: 4424 2c90 

  0x00007f2977a46a24: ;   {runtime_call UncommonTrapBlob}
  0x00007f2977a46a24: c5f8 77e8 

  0x00007f2977a46a28: ; ImmutableOopMap {rbp=Oop [8]=NarrowOop [12]=NarrowOop [36]=NarrowOop [40]=NarrowOop }
                      ;*if_icmple {reexecute=1 rethrow=0 return_oop=0}
                      ; - (reexecute) java.nio.Buffer::limit@55 (line 382)
                      ; - java.nio.ShortBuffer::limit@2 (line 1590)
                      ; - java.nio.ShortBuffer::limit@2 (line 292)
                      ; - com.badlogic.gdx.graphics.Mesh::render@73 (line 487)
                      ; - com.badlogic.gdx.graphics.Mesh::render@10 (line 449)
                      ; - com.badlogic.gdx.graphics.g2d.SpriteBatch::flush@176 (line 975)
  0x00007f2977a46a28: b44d a1ff 

  0x00007f2977a46a2c: ;   {post_call_nop}
  0x00007f2977a46a2c: 0f1f 8400 | 2428 005e | be45 ffff | ff48 8b6c | 2420 4889 | 4424 f88b | 4424 2889 | 4424 1c48 
  0x00007f2977a46a4c: 8b44 24f8 | 4489 5c24 | 2866 6690 

  0x00007f2977a46a58: ;   {runtime_call UncommonTrapBlob}
  0x00007f2977a46a58: c5f8 77e8 

  0x00007f2977a46a5c: ; ImmutableOopMap {rbp=Oop [8]=NarrowOop [12]=NarrowOop [20]=NarrowOop [40]=NarrowOop }
                      ;*ifnonnull {reexecute=1 rethrow=0 return_oop=0}
                      ; - (reexecute) org.lwjgl.opengl.GLContext::getCapabilities@5 (line 123)
                      ; - org.lwjgl.opengl.GL11::glDrawElements@0 (line 1105)
                      ; - com.badlogic.gdx.backends.lwjgl.LwjglGL20::glDrawElements@21 (line 281)
                      ; - com.badlogic.gdx.graphics.Mesh::render@88 (line 488)
                      ; - com.badlogic.gdx.graphics.Mesh::render@10 (line 449)
                      ; - com.badlogic.gdx.graphics.g2d.SpriteBatch::flush@176 (line 975)
  0x00007f2977a46a5c: 804d a1ff 

  0x00007f2977a46a60: ;   {post_call_nop}
  0x00007f2977a46a60: 0f1f 8400 | 5828 005f | 4533 d24d | 3bca bdff | ffff ff7c | 0840 0f95 | c540 0fb6 | edbe 45ff 
  0x00007f2977a46a80: ffff 48ff | 7424 2048 | 8f44 2418 | 4889 4424 | f88b 4424 | 2c89 4424 | 2048 8b44 | 24f8 4889 
  0x00007f2977a46aa0: 4424 f88b | 4424 2889 | 4424 2448 | 8b44 24f8 | 4489 5c24 | 2c4c 894c | 2430 6690 

  0x00007f2977a46abc: ;   {runtime_call UncommonTrapBlob}
  0x00007f2977a46abc: c5f8 77e8 

  0x00007f2977a46ac0: ; ImmutableOopMap {[8]=NarrowOop [12]=NarrowOop [20]=NarrowOop [24]=Oop [44]=NarrowOop }
                      ;*ifne {reexecute=1 rethrow=0 return_oop=0}
                      ; - (reexecute) org.lwjgl.BufferChecks::checkFunctionAddress@9 (line 57)
                      ; - org.lwjgl.opengl.GL11::glDrawElements@10 (line 1107)
                      ; - com.badlogic.gdx.backends.lwjgl.LwjglGL20::glDrawElements@21 (line 281)
                      ; - com.badlogic.gdx.graphics.Mesh::render@88 (line 488)
                      ; - com.badlogic.gdx.graphics.Mesh::render@10 (line 449)
                      ; - com.badlogic.gdx.graphics.g2d.SpriteBatch::flush@176 (line 975)
  0x00007f2977a46ac0: 1c4d a1ff 

  0x00007f2977a46ac4: ;   {post_call_nop}
  0x00007f2977a46ac4: 0f1f 8400 | bc28 0060 | be45 ffff | ff48 ff74 | 2420 488f | 4424 1848 | 8944 24f8 | 8b44 2428 
  0x00007f2977a46ae4: 8944 2424 | 488b 4424 | f84c 894c | 2430 6690 

  0x00007f2977a46af4: ;   {runtime_call UncommonTrapBlob}
  0x00007f2977a46af4: c5f8 77e8 

  0x00007f2977a46af8: ; ImmutableOopMap {[8]=NarrowOop [12]=NarrowOop [20]=NarrowOop [24]=Oop }
                      ;*ifeq {reexecute=1 rethrow=0 return_oop=0}
                      ; - (reexecute) org.lwjgl.opengl.GLChecks::ensureElementVBOdisabled@10 (line 82)
                      ; - org.lwjgl.opengl.GL11::glDrawElements@14 (line 1108)
                      ; - com.badlogic.gdx.backends.lwjgl.LwjglGL20::glDrawElements@21 (line 281)
                      ; - com.badlogic.gdx.graphics.Mesh::render@88 (line 488)
                      ; - com.badlogic.gdx.graphics.Mesh::render@10 (line 449)
                      ; - com.badlogic.gdx.graphics.g2d.SpriteBatch::flush@176 (line 975)
  0x00007f2977a46af8: e44c a1ff 

  0x00007f2977a46afc: ;   {post_call_nop}
  0x00007f2977a46afc: 0f1f 8400 | f428 0061 | be45 ffff | ff48 ff74 | 2420 488f | 4424 1848 | 8944 24f8 | 8b44 242c 
  0x00007f2977a46b1c: 8944 2414 | 488b 4424 | f844 8944 | 2424 4489 | 4424 2844 | 895c 2430 

  0x00007f2977a46b34: ;   {runtime_call UncommonTrapBlob}
  0x00007f2977a46b34: c5f8 77e8 

  0x00007f2977a46b38: ; ImmutableOopMap {[8]=NarrowOop [12]=NarrowOop [24]=Oop [36]=NarrowOop [40]=NarrowOop }
                      ;*if_icmple {reexecute=1 rethrow=0 return_oop=0}
                      ; - (reexecute) java.nio.Buffer::position@5 (line 325)
                      ; - java.nio.ShortBuffer::position@2 (line 1576)
                      ; - java.nio.ShortBuffer::position@2 (line 292)
                      ; - com.badlogic.gdx.graphics.Mesh::render@97 (line 489)
                      ; - com.badlogic.gdx.graphics.Mesh::render@10 (line 449)
                      ; - com.badlogic.gdx.graphics.g2d.SpriteBatch::flush@176 (line 975)
  0x00007f2977a46b38: a44c a1ff 

  0x00007f2977a46b3c: ;   {post_call_nop}
  0x00007f2977a46b3c: 0f1f 8400 | 3429 0062 | be45 ffff | ff48 8b6c | 2420 4489 | 4424 1c44 | 8944 2420 

  0x00007f2977a46b58: ;   {runtime_call UncommonTrapBlob}
  0x00007f2977a46b58: c5f8 77e8 

  0x00007f2977a46b5c: ; ImmutableOopMap {rbp=Oop [8]=NarrowOop [12]=NarrowOop [28]=NarrowOop [32]=NarrowOop }
                      ;*ifge {reexecute=1 rethrow=0 return_oop=0}
                      ; - (reexecute) java.nio.Buffer::position@14 (line 325)
                      ; - java.nio.ShortBuffer::position@2 (line 1576)
                      ; - java.nio.ShortBuffer::position@2 (line 292)
                      ; - com.badlogic.gdx.graphics.Mesh::render@97 (line 489)
                      ; - com.badlogic.gdx.graphics.Mesh::render@10 (line 449)
                      ; - com.badlogic.gdx.graphics.g2d.SpriteBatch::flush@176 (line 975)
  0x00007f2977a46b5c: 804c a1ff 

  0x00007f2977a46b60: ;   {post_call_nop}
  0x00007f2977a46b60: 0f1f 8400 | 5829 0063 | be45 ffff | ff48 8b6c | 2420 4889 | 4424 f88b | 4424 2c89 | 4424 1448 
  0x00007f2977a46b80: 8b44 24f8 | 4489 4424 | 1c44 8944 | 2420 4489 | 4c24 2844 | 895c 242c 

  0x00007f2977a46b98: ;   {runtime_call UncommonTrapBlob}
  0x00007f2977a46b98: c5f8 77e8 

  0x00007f2977a46b9c: ; ImmutableOopMap {rbp=Oop [8]=NarrowOop [12]=NarrowOop [28]=NarrowOop [32]=NarrowOop }
                      ;*if_icmple {reexecute=1 rethrow=0 return_oop=0}
                      ; - (reexecute) java.nio.Buffer::position@37 (line 327)
                      ; - java.nio.ShortBuffer::position@2 (line 1576)
                      ; - java.nio.ShortBuffer::position@2 (line 292)
                      ; - com.badlogic.gdx.graphics.Mesh::render@97 (line 489)
                      ; - com.badlogic.gdx.graphics.Mesh::render@10 (line 449)
                      ; - com.badlogic.gdx.graphics.g2d.SpriteBatch::flush@176 (line 975)
  0x00007f2977a46b9c: 404c a1ff 

  0x00007f2977a46ba0: ;   {post_call_nop}
  0x00007f2977a46ba0: 0f1f 8400 | 9829 0064 | be45 ffff | ff48 ff74 | 2420 488f | 4424 1044 | 8944 2420 | 4489 5424 
  0x00007f2977a46bc0: 2866 6690 

  0x00007f2977a46bc4: ;   {runtime_call UncommonTrapBlob}
  0x00007f2977a46bc4: c5f8 77e8 

  0x00007f2977a46bc8: ; ImmutableOopMap {[8]=NarrowOop [12]=NarrowOop [16]=Oop [32]=NarrowOop }
                      ;*if_icmple {reexecute=1 rethrow=0 return_oop=0}
                      ; - (reexecute) java.nio.Buffer::limit@5 (line 378)
                      ; - java.nio.ShortBuffer::limit@2 (line 1590)
                      ; - java.nio.ShortBuffer::limit@2 (line 292)
                      ; - com.badlogic.gdx.graphics.Mesh::render@105 (line 490)
                      ; - com.badlogic.gdx.graphics.Mesh::render@10 (line 449)
                      ; - com.badlogic.gdx.graphics.g2d.SpriteBatch::flush@176 (line 975)
  0x00007f2977a46bc8: 144c a1ff 

  0x00007f2977a46bcc: ;   {post_call_nop}
  0x00007f2977a46bcc: 0f1f 8400 | c429 0065 | be45 ffff | ff48 8b6c | 2420 4489 | 5424 2490 

  0x00007f2977a46be4: ;   {runtime_call UncommonTrapBlob}
  0x00007f2977a46be4: c5f8 77e8 

  0x00007f2977a46be8: ; ImmutableOopMap {rbp=Oop [8]=NarrowOop [12]=NarrowOop [20]=NarrowOop }
                      ;*if_icmple {reexecute=1 rethrow=0 return_oop=0}
                      ; - (reexecute) java.nio.Buffer::limit@42 (line 381)
                      ; - java.nio.ShortBuffer::limit@2 (line 1590)
                      ; - java.nio.ShortBuffer::limit@2 (line 292)
                      ; - com.badlogic.gdx.graphics.Mesh::render@105 (line 490)
                      ; - com.badlogic.gdx.graphics.Mesh::render@10 (line 449)
                      ; - com.badlogic.gdx.graphics.g2d.SpriteBatch::flush@176 (line 975)
  0x00007f2977a46be8: f44b a1ff 

  0x00007f2977a46bec: ;   {post_call_nop}
  0x00007f2977a46bec: 0f1f 8400 | e429 0066 | be45 ffff | ff48 8b6c | 2420 4489 | 4c24 1c44 | 8954 2420 

  0x00007f2977a46c08: ;   {runtime_call UncommonTrapBlob}
  0x00007f2977a46c08: c5f8 77e8 

  0x00007f2977a46c0c: ; ImmutableOopMap {rbp=Oop [8]=NarrowOop [12]=NarrowOop [20]=NarrowOop }
                      ;*if_icmple {reexecute=1 rethrow=0 return_oop=0}
                      ; - (reexecute) java.nio.Buffer::limit@55 (line 382)
                      ; - java.nio.ShortBuffer::limit@2 (line 1590)
                      ; - java.nio.ShortBuffer::limit@2 (line 292)
                      ; - com.badlogic.gdx.graphics.Mesh::render@105 (line 490)
                      ; - com.badlogic.gdx.graphics.Mesh::render@10 (line 449)
                      ; - com.badlogic.gdx.graphics.g2d.SpriteBatch::flush@176 (line 975)
  0x00007f2977a46c0c: d04b a1ff 

  0x00007f2977a46c10: ;   {post_call_nop}
  0x00007f2977a46c10: 0f1f 8400 | 082a 0067 | be45 ffff | ff44 8944 | 2410 6690 

  0x00007f2977a46c24: ;   {runtime_call UncommonTrapBlob}
  0x00007f2977a46c24: c5f8 77e8 

  0x00007f2977a46c28: ; ImmutableOopMap {[16]=NarrowOop [32]=Oop }
                      ;*ifeq {reexecute=1 rethrow=0 return_oop=0}
                      ; - (reexecute) com.badlogic.gdx.graphics.glutils.IndexArray::getNumIndices@4 (line 49)
                      ; - com.badlogic.gdx.graphics.Mesh::unbind@15 (line 399)
                      ; - com.badlogic.gdx.graphics.Mesh::unbind@3 (line 389)
                      ; - com.badlogic.gdx.graphics.Mesh::render@178 (line 501)
                      ; - com.badlogic.gdx.graphics.Mesh::render@10 (line 449)
                      ; - com.badlogic.gdx.graphics.g2d.SpriteBatch::flush@176 (line 975)
  0x00007f2977a46c28: b44b a1ff 

  0x00007f2977a46c2c: ;   {post_call_nop}
  0x00007f2977a46c2c: 0f1f 8400 | 242a 0068 | bede ffff | ff48 ff74 | 2420 488f | 4424 1848 | 8944 24f8 | 8b44 2438 
  0x00007f2977a46c4c: 8944 2424 | 488b 4424 | f848 8944 | 24f8 8b44 | 243c 8944 | 2434 488b | 4424 f848 | 8944 24f8 
  0x00007f2977a46c6c: 8b44 2448 | 8944 2438 | 488b 4424 | f844 895c | 2444 4489 | 5424 4890 

  0x00007f2977a46c84: ;   {runtime_call UncommonTrapBlob}
  0x00007f2977a46c84: c5f8 77e8 

  0x00007f2977a46c88: ; ImmutableOopMap {rbp=NarrowOop [8]=Oop [24]=Oop [36]=NarrowOop [40]=NarrowOop [56]=NarrowOop [76]=NarrowOop [80]=NarrowOop }
                      ;*instanceof {reexecute=0 rethrow=0 return_oop=0}
                      ; - java.lang.String::equals@8 (line 2087)
                      ; - com.badlogic.gdx.utils.ObjectIntMap::get@21 (line 281)
                      ; - com.badlogic.gdx.graphics.glutils.ShaderProgram::getAttributeLocation@6 (line 865)
                      ; - com.badlogic.gdx.graphics.glutils.VertexArray::bind@55 (line 109)
                      ; - com.badlogic.gdx.graphics.Mesh::bind@6 (line 380)
                      ; - com.badlogic.gdx.graphics.Mesh::bind@3 (line 371)
                      ; - com.badlogic.gdx.graphics.Mesh::render@13 (line 479)
                      ; - com.badlogic.gdx.graphics.Mesh::render@10 (line 449)
                      ; - com.badlogic.gdx.graphics.g2d.SpriteBatch::flush@176 (line 975)
  0x00007f2977a46c88: 544b a1ff 

  0x00007f2977a46c8c: ;   {post_call_nop}
  0x00007f2977a46c8c: 0f1f 8400 | 842a 0069 | bede ffff | ff48 ff74 | 2420 488f | 4424 1848 | 8944 24f8 | 8b44 2428 
  0x00007f2977a46cac: 8944 2420 | 488b 4424 | f848 8944 | 24f8 8b44 | 242c 8944 | 2424 488b | 4424 f848 | 8944 24f8 
  0x00007f2977a46ccc: 8b44 2444 | 8944 2434 | 488b 4424 | f844 8954 | 2438 4489 | 4c24 4444 | 895c 2448 

  0x00007f2977a46ce8: ;   {runtime_call UncommonTrapBlob}
  0x00007f2977a46ce8: c5f8 77e8 

  0x00007f2977a46cec: ; ImmutableOopMap {rbp=NarrowOop [8]=NarrowOop [12]=NarrowOop [16]=Oop [24]=Oop [52]=NarrowOop [56]=NarrowOop [64]=NarrowOop }
                      ;*instanceof {reexecute=0 rethrow=0 return_oop=0}
                      ; - java.lang.String::equals@8 (line 2087)
                      ; - com.badlogic.gdx.utils.ObjectIntMap::get@21 (line 281)
                      ; - com.badlogic.gdx.graphics.glutils.ShaderProgram::fetchAttributeLocation@11 (line 290)
                      ; - com.badlogic.gdx.graphics.glutils.ShaderProgram::disableVertexAttribute@10 (line 717)
                      ; - com.badlogic.gdx.graphics.glutils.VertexArray::unbind@34 (line 145)
                      ; - com.badlogic.gdx.graphics.Mesh::unbind@6 (line 398)
                      ; - com.badlogic.gdx.graphics.Mesh::unbind@3 (line 389)
                      ; - com.badlogic.gdx.graphics.Mesh::render@178 (line 501)
                      ; - com.badlogic.gdx.graphics.Mesh::render@10 (line 449)
                      ; - com.badlogic.gdx.graphics.g2d.SpriteBatch::flush@176 (line 975)
  0x00007f2977a46cec: f04a a1ff 

  0x00007f2977a46cf0: ;   {post_call_nop}
  0x00007f2977a46cf0: 0f1f 8400 | e82a 006a | bef6 ffff | ff8b ef90 

  0x00007f2977a46d00: ;   {runtime_call UncommonTrapBlob}
  0x00007f2977a46d00: c5f8 77e8 

  0x00007f2977a46d04: ; ImmutableOopMap {}
                      ;*invokevirtual get {reexecute=0 rethrow=0 return_oop=0}
                      ; - com.badlogic.gdx.graphics.glutils.VertexArray::bind@44 (line 108)
                      ; - com.badlogic.gdx.graphics.Mesh::bind@6 (line 380)
                      ; - com.badlogic.gdx.graphics.Mesh::bind@3 (line 371)
                      ; - com.badlogic.gdx.graphics.Mesh::render@13 (line 479)
                      ; - com.badlogic.gdx.graphics.Mesh::render@10 (line 449)
                      ; - com.badlogic.gdx.graphics.g2d.SpriteBatch::flush@176 (line 975)
  0x00007f2977a46d04: d84a a1ff 

  0x00007f2977a46d08: ;   {post_call_nop}
  0x00007f2977a46d08: 0f1f 8400 | 002b 006b | bef6 ffff | ff8b ef90 

  0x00007f2977a46d18: ;   {runtime_call UncommonTrapBlob}
  0x00007f2977a46d18: c5f8 77e8 

  0x00007f2977a46d1c: ; ImmutableOopMap {}
                      ;*aaload {reexecute=0 rethrow=0 return_oop=0}
                      ; - com.badlogic.gdx.graphics.VertexAttributes::get@5 (line 109)
                      ; - com.badlogic.gdx.graphics.glutils.VertexArray::bind@44 (line 108)
                      ; - com.badlogic.gdx.graphics.Mesh::bind@6 (line 380)
                      ; - com.badlogic.gdx.graphics.Mesh::bind@3 (line 371)
                      ; - com.badlogic.gdx.graphics.Mesh::render@13 (line 479)
                      ; - com.badlogic.gdx.graphics.Mesh::render@10 (line 449)
                      ; - com.badlogic.gdx.graphics.g2d.SpriteBatch::flush@176 (line 975)
  0x00007f2977a46d1c: c04a a1ff 

  0x00007f2977a46d20: ;   {post_call_nop}
  0x00007f2977a46d20: 0f1f 8400 | 182b 006c | bef6 ffff | ff66 6690 

  0x00007f2977a46d30: ;   {runtime_call UncommonTrapBlob}
  0x00007f2977a46d30: c5f8 77e8 

  0x00007f2977a46d34: ; ImmutableOopMap {}
                      ;*getfield alias {reexecute=1 rethrow=0 return_oop=0}
                      ; - (reexecute) com.badlogic.gdx.graphics.glutils.VertexArray::bind@52 (line 109)
                      ; - com.badlogic.gdx.graphics.Mesh::bind@6 (line 380)
                      ; - com.badlogic.gdx.graphics.Mesh::bind@3 (line 371)
                      ; - com.badlogic.gdx.graphics.Mesh::render@13 (line 479)
                      ; - com.badlogic.gdx.graphics.Mesh::render@10 (line 449)
                      ; - com.badlogic.gdx.graphics.g2d.SpriteBatch::flush@176 (line 975)
  0x00007f2977a46d34: a84a a1ff 

  0x00007f2977a46d38: ;   {post_call_nop}
  0x00007f2977a46d38: 0f1f 8400 | 302b 006d | bef6 ffff | ff66 6690 

  0x00007f2977a46d48: ;   {runtime_call UncommonTrapBlob}
  0x00007f2977a46d48: c5f8 77e8 

  0x00007f2977a46d4c: ; ImmutableOopMap {}
                      ;*invokevirtual hashCode {reexecute=0 rethrow=0 return_oop=0}
                      ; - com.badlogic.gdx.utils.ObjectIntMap::get@1 (line 279)
                      ; - com.badlogic.gdx.graphics.glutils.ShaderProgram::getAttributeLocation@6 (line 865)
                      ; - com.badlogic.gdx.graphics.glutils.VertexArray::bind@55 (line 109)
                      ; - com.badlogic.gdx.graphics.Mesh::bind@6 (line 380)
                      ; - com.badlogic.gdx.graphics.Mesh::bind@3 (line 371)
                      ; - com.badlogic.gdx.graphics.Mesh::render@13 (line 479)
                      ; - com.badlogic.gdx.graphics.Mesh::render@10 (line 449)
                      ; - com.badlogic.gdx.graphics.g2d.SpriteBatch::flush@176 (line 975)
  0x00007f2977a46d4c: 904a a1ff 

  0x00007f2977a46d50: ;   {post_call_nop}
  0x00007f2977a46d50: 0f1f 8400 | 482b 006e | bef6 ffff | ff41 8bea 

  0x00007f2977a46d60: ;   {runtime_call UncommonTrapBlob}
  0x00007f2977a46d60: c5f8 77e8 

  0x00007f2977a46d64: ; ImmutableOopMap {}
                      ;*aaload {reexecute=0 rethrow=0 return_oop=0}
                      ; - com.badlogic.gdx.utils.ObjectIntMap::get@20 (line 281)
                      ; - com.badlogic.gdx.graphics.glutils.ShaderProgram::getAttributeLocation@6 (line 865)
                      ; - com.badlogic.gdx.graphics.glutils.VertexArray::bind@55 (line 109)
                      ; - com.badlogic.gdx.graphics.Mesh::bind@6 (line 380)
                      ; - com.badlogic.gdx.graphics.Mesh::bind@3 (line 371)
                      ; - com.badlogic.gdx.graphics.Mesh::render@13 (line 479)
                      ; - com.badlogic.gdx.graphics.Mesh::render@10 (line 449)
                      ; - com.badlogic.gdx.graphics.g2d.SpriteBatch::flush@176 (line 975)
  0x00007f2977a46d64: 784a a1ff 

  0x00007f2977a46d68: ;   {post_call_nop}
  0x00007f2977a46d68: 0f1f 8400 | 602b 006f | bef6 ffff | ff41 8bea 

  0x00007f2977a46d78: ;   {runtime_call UncommonTrapBlob}
  0x00007f2977a46d78: c5f8 77e8 

  0x00007f2977a46d7c: ; ImmutableOopMap {}
                      ;*iaload {reexecute=0 rethrow=0 return_oop=0}
                      ; - com.badlogic.gdx.utils.ObjectIntMap::get@82 (line 288)
                      ; - com.badlogic.gdx.graphics.glutils.ShaderProgram::getAttributeLocation@6 (line 865)
                      ; - com.badlogic.gdx.graphics.glutils.VertexArray::bind@55 (line 109)
                      ; - com.badlogic.gdx.graphics.Mesh::bind@6 (line 380)
                      ; - com.badlogic.gdx.graphics.Mesh::bind@3 (line 371)
                      ; - com.badlogic.gdx.graphics.Mesh::render@13 (line 479)
                      ; - com.badlogic.gdx.graphics.Mesh::render@10 (line 449)
                      ; - com.badlogic.gdx.graphics.g2d.SpriteBatch::flush@176 (line 975)
  0x00007f2977a46d7c: 604a a1ff 

  0x00007f2977a46d80: ;   {post_call_nop}
  0x00007f2977a46d80: 0f1f 8400 | 782b 0070 | bef6 ffff | ff8b 6c24 | 4c66 6690 

  0x00007f2977a46d94: ;   {runtime_call UncommonTrapBlob}
  0x00007f2977a46d94: c5f8 77e8 

  0x00007f2977a46d98: ; ImmutableOopMap {}
                      ;*invokeinterface glEnableVertexAttribArray {reexecute=0 rethrow=0 return_oop=0}
                      ; - com.badlogic.gdx.graphics.glutils.ShaderProgram::enableVertexAttribute@10 (line 742)
                      ; - com.badlogic.gdx.graphics.glutils.VertexArray::bind@71 (line 111)
                      ; - com.badlogic.gdx.graphics.Mesh::bind@6 (line 380)
                      ; - com.badlogic.gdx.graphics.Mesh::bind@3 (line 371)
                      ; - com.badlogic.gdx.graphics.Mesh::render@13 (line 479)
                      ; - com.badlogic.gdx.graphics.Mesh::render@10 (line 449)
                      ; - com.badlogic.gdx.graphics.g2d.SpriteBatch::flush@176 (line 975)
  0x00007f2977a46d98: 444a a1ff 

  0x00007f2977a46d9c: ;   {post_call_nop}
  0x00007f2977a46d9c: 0f1f 8400 | 942b 0071 | bef6 ffff | ff66 6690 

  0x00007f2977a46dac: ;   {runtime_call UncommonTrapBlob}
  0x00007f2977a46dac: c5f8 77e8 

  0x00007f2977a46db0: ; ImmutableOopMap {}
                      ;*getfield owner {reexecute=1 rethrow=0 return_oop=0}
                      ; - (reexecute) org.lwjgl.opengl.GLContext::getCapabilitiesImpl@5 (line 132)
                      ; - org.lwjgl.opengl.GLContext::getCapabilities@0 (line 122)
                      ; - org.lwjgl.opengl.GL20::glEnableVertexAttribArray@0 (line 909)
                      ; - com.badlogic.gdx.backends.lwjgl.LwjglGL20::glEnableVertexAttribArray@1 (line 296)
                      ; - com.badlogic.gdx.graphics.glutils.ShaderProgram::enableVertexAttribute@10 (line 742)
                      ; - com.badlogic.gdx.graphics.glutils.VertexArray::bind@71 (line 111)
                      ; - com.badlogic.gdx.graphics.Mesh::bind@6 (line 380)
                      ; - com.badlogic.gdx.graphics.Mesh::bind@3 (line 371)
                      ; - com.badlogic.gdx.graphics.Mesh::render@13 (line 479)
                      ; - com.badlogic.gdx.graphics.Mesh::render@10 (line 449)
                      ; - com.badlogic.gdx.graphics.g2d.SpriteBatch::flush@176 (line 975)
  0x00007f2977a46db0: 2c4a a1ff 

  0x00007f2977a46db4: ;   {post_call_nop}
  0x00007f2977a46db4: 0f1f 8400 | ac2b 0072 | bef6 ffff | ff41 8beb 

  0x00007f2977a46dc4: ;   {runtime_call UncommonTrapBlob}
  0x00007f2977a46dc4: c5f8 77e8 

  0x00007f2977a46dc8: ; ImmutableOopMap {}
                      ;*invokevirtual position {reexecute=0 rethrow=0 return_oop=0}
                      ; - com.badlogic.gdx.graphics.glutils.VertexArray::bind@83 (line 113)
                      ; - com.badlogic.gdx.graphics.Mesh::bind@6 (line 380)
                      ; - com.badlogic.gdx.graphics.Mesh::bind@3 (line 371)
                      ; - com.badlogic.gdx.graphics.Mesh::render@13 (line 479)
                      ; - com.badlogic.gdx.graphics.Mesh::render@10 (line 449)
                      ; - com.badlogic.gdx.graphics.g2d.SpriteBatch::flush@176 (line 975)
  0x00007f2977a46dc8: 144a a1ff 

  0x00007f2977a46dcc: ;   {post_call_nop}
  0x00007f2977a46dcc: 0f1f 8400 | c42b 0073 | bef6 ffff | ff66 6690 

  0x00007f2977a46ddc: ;   {runtime_call UncommonTrapBlob}
  0x00007f2977a46ddc: c5f8 77e8 

  0x00007f2977a46de0: ; ImmutableOopMap {}
                      ;*getfield vertexSize {reexecute=1 rethrow=0 return_oop=0}
                      ; - (reexecute) com.badlogic.gdx.graphics.glutils.VertexArray::bind@109 (line 114)
                      ; - com.badlogic.gdx.graphics.Mesh::bind@6 (line 380)
                      ; - com.badlogic.gdx.graphics.Mesh::bind@3 (line 371)
                      ; - com.badlogic.gdx.graphics.Mesh::render@13 (line 479)
                      ; - com.badlogic.gdx.graphics.Mesh::render@10 (line 449)
                      ; - com.badlogic.gdx.graphics.g2d.SpriteBatch::flush@176 (line 975)
  0x00007f2977a46de0: fc49 a1ff 

  0x00007f2977a46de4: ;   {post_call_nop}
  0x00007f2977a46de4: 0f1f 8400 | dc2b 0074 | bef6 ffff | ff8b e990 

  0x00007f2977a46df4: ;   {runtime_call UncommonTrapBlob}
  0x00007f2977a46df4: c5f8 77e8 

  0x00007f2977a46df8: ; ImmutableOopMap {}
                      ;*invokevirtual get {reexecute=0 rethrow=0 return_oop=0}
                      ; - com.badlogic.gdx.graphics.glutils.VertexArray::unbind@28 (line 145)
                      ; - com.badlogic.gdx.graphics.Mesh::unbind@6 (line 398)
                      ; - com.badlogic.gdx.graphics.Mesh::unbind@3 (line 389)
                      ; - com.badlogic.gdx.graphics.Mesh::render@178 (line 501)
                      ; - com.badlogic.gdx.graphics.Mesh::render@10 (line 449)
                      ; - com.badlogic.gdx.graphics.g2d.SpriteBatch::flush@176 (line 975)
  0x00007f2977a46df8: e449 a1ff 

  0x00007f2977a46dfc: ;   {post_call_nop}
  0x00007f2977a46dfc: 0f1f 8400 | f42b 0075 | bef6 ffff | ff8b e990 

  0x00007f2977a46e0c: ;   {runtime_call UncommonTrapBlob}
  0x00007f2977a46e0c: c5f8 77e8 

  0x00007f2977a46e10: ; ImmutableOopMap {}
                      ;*aaload {reexecute=0 rethrow=0 return_oop=0}
                      ; - com.badlogic.gdx.graphics.VertexAttributes::get@5 (line 109)
                      ; - com.badlogic.gdx.graphics.glutils.VertexArray::unbind@28 (line 145)
                      ; - com.badlogic.gdx.graphics.Mesh::unbind@6 (line 398)
                      ; - com.badlogic.gdx.graphics.Mesh::unbind@3 (line 389)
                      ; - com.badlogic.gdx.graphics.Mesh::render@178 (line 501)
                      ; - com.badlogic.gdx.graphics.Mesh::render@10 (line 449)
                      ; - com.badlogic.gdx.graphics.g2d.SpriteBatch::flush@176 (line 975)
  0x00007f2977a46e10: cc49 a1ff 

  0x00007f2977a46e14: ;   {post_call_nop}
  0x00007f2977a46e14: 0f1f 8400 | 0c2c 0076 | bef6 ffff | ff66 6690 

  0x00007f2977a46e24: ;   {runtime_call UncommonTrapBlob}
  0x00007f2977a46e24: c5f8 77e8 

  0x00007f2977a46e28: ; ImmutableOopMap {}
                      ;*getfield alias {reexecute=1 rethrow=0 return_oop=0}
                      ; - (reexecute) com.badlogic.gdx.graphics.glutils.VertexArray::unbind@31 (line 145)
                      ; - com.badlogic.gdx.graphics.Mesh::unbind@6 (line 398)
                      ; - com.badlogic.gdx.graphics.Mesh::unbind@3 (line 389)
                      ; - com.badlogic.gdx.graphics.Mesh::render@178 (line 501)
                      ; - com.badlogic.gdx.graphics.Mesh::render@10 (line 449)
                      ; - com.badlogic.gdx.graphics.g2d.SpriteBatch::flush@176 (line 975)
  0x00007f2977a46e28: b449 a1ff 

  0x00007f2977a46e2c: ;   {post_call_nop}
  0x00007f2977a46e2c: 0f1f 8400 | 242c 0077 | bef6 ffff | ff66 6690 

  0x00007f2977a46e3c: ;   {runtime_call UncommonTrapBlob}
  0x00007f2977a46e3c: c5f8 77e8 

  0x00007f2977a46e40: ; ImmutableOopMap {}
                      ;*invokevirtual hashCode {reexecute=0 rethrow=0 return_oop=0}
                      ; - com.badlogic.gdx.utils.ObjectIntMap::get@1 (line 279)
                      ; - com.badlogic.gdx.graphics.glutils.ShaderProgram::fetchAttributeLocation@11 (line 290)
                      ; - com.badlogic.gdx.graphics.glutils.ShaderProgram::disableVertexAttribute@10 (line 717)
                      ; - com.badlogic.gdx.graphics.glutils.VertexArray::unbind@34 (line 145)
                      ; - com.badlogic.gdx.graphics.Mesh::unbind@6 (line 398)
                      ; - com.badlogic.gdx.graphics.Mesh::unbind@3 (line 389)
                      ; - com.badlogic.gdx.graphics.Mesh::render@178 (line 501)
                      ; - com.badlogic.gdx.graphics.Mesh::render@10 (line 449)
                      ; - com.badlogic.gdx.graphics.g2d.SpriteBatch::flush@176 (line 975)
  0x00007f2977a46e40: 9c49 a1ff 

  0x00007f2977a46e44: ;   {post_call_nop}
  0x00007f2977a46e44: 0f1f 8400 | 3c2c 0078 | bef6 ffff | ff41 8beb 

  0x00007f2977a46e54: ;   {runtime_call UncommonTrapBlob}
  0x00007f2977a46e54: c5f8 77e8 

  0x00007f2977a46e58: ; ImmutableOopMap {}
                      ;*aaload {reexecute=0 rethrow=0 return_oop=0}
                      ; - com.badlogic.gdx.utils.ObjectIntMap::get@20 (line 281)
                      ; - com.badlogic.gdx.graphics.glutils.ShaderProgram::fetchAttributeLocation@11 (line 290)
                      ; - com.badlogic.gdx.graphics.glutils.ShaderProgram::disableVertexAttribute@10 (line 717)
                      ; - com.badlogic.gdx.graphics.glutils.VertexArray::unbind@34 (line 145)
                      ; - com.badlogic.gdx.graphics.Mesh::unbind@6 (line 398)
                      ; - com.badlogic.gdx.graphics.Mesh::unbind@3 (line 389)
                      ; - com.badlogic.gdx.graphics.Mesh::render@178 (line 501)
                      ; - com.badlogic.gdx.graphics.Mesh::render@10 (line 449)
                      ; - com.badlogic.gdx.graphics.g2d.SpriteBatch::flush@176 (line 975)
  0x00007f2977a46e58: 8449 a1ff 

  0x00007f2977a46e5c: ;   {post_call_nop}
  0x00007f2977a46e5c: 0f1f 8400 | 542c 0079 | bef6 ffff | ff41 8beb 

  0x00007f2977a46e6c: ;   {runtime_call UncommonTrapBlob}
  0x00007f2977a46e6c: c5f8 77e8 

  0x00007f2977a46e70: ; ImmutableOopMap {}
                      ;*iaload {reexecute=0 rethrow=0 return_oop=0}
                      ; - com.badlogic.gdx.utils.ObjectIntMap::get@82 (line 288)
                      ; - com.badlogic.gdx.graphics.glutils.ShaderProgram::fetchAttributeLocation@11 (line 290)
                      ; - com.badlogic.gdx.graphics.glutils.ShaderProgram::disableVertexAttribute@10 (line 717)
                      ; - com.badlogic.gdx.graphics.glutils.VertexArray::unbind@34 (line 145)
                      ; - com.badlogic.gdx.graphics.Mesh::unbind@6 (line 398)
                      ; - com.badlogic.gdx.graphics.Mesh::unbind@3 (line 389)
                      ; - com.badlogic.gdx.graphics.Mesh::render@178 (line 501)
                      ; - com.badlogic.gdx.graphics.Mesh::render@10 (line 449)
                      ; - com.badlogic.gdx.graphics.g2d.SpriteBatch::flush@176 (line 975)
  0x00007f2977a46e70: 6c49 a1ff 

  0x00007f2977a46e74: ;   {post_call_nop}
  0x00007f2977a46e74: 0f1f 8400 | 6c2c 007a | bef6 ffff | ff41 8be8 

  0x00007f2977a46e84: ;   {runtime_call UncommonTrapBlob}
  0x00007f2977a46e84: c5f8 77e8 

  0x00007f2977a46e88: ; ImmutableOopMap {}
                      ;*invokeinterface glDisableVertexAttribArray {reexecute=0 rethrow=0 return_oop=0}
                      ; - com.badlogic.gdx.graphics.glutils.ShaderProgram::disableVertexAttribute@22 (line 719)
                      ; - com.badlogic.gdx.graphics.glutils.VertexArray::unbind@34 (line 145)
                      ; - com.badlogic.gdx.graphics.Mesh::unbind@6 (line 398)
                      ; - com.badlogic.gdx.graphics.Mesh::unbind@3 (line 389)
                      ; - com.badlogic.gdx.graphics.Mesh::render@178 (line 501)
                      ; - com.badlogic.gdx.graphics.Mesh::render@10 (line 449)
                      ; - com.badlogic.gdx.graphics.g2d.SpriteBatch::flush@176 (line 975)
  0x00007f2977a46e88: 5449 a1ff 

  0x00007f2977a46e8c: ;   {post_call_nop}
  0x00007f2977a46e8c: 0f1f 8400 | 842c 007b | bef6 ffff | ff66 6690 

  0x00007f2977a46e9c: ;   {runtime_call UncommonTrapBlob}
  0x00007f2977a46e9c: c5f8 77e8 

  0x00007f2977a46ea0: ; ImmutableOopMap {}
                      ;*getfield owner {reexecute=1 rethrow=0 return_oop=0}
                      ; - (reexecute) org.lwjgl.opengl.GLContext::getCapabilitiesImpl@5 (line 132)
                      ; - org.lwjgl.opengl.GLContext::getCapabilities@0 (line 122)
                      ; - org.lwjgl.opengl.GL20::glDisableVertexAttribArray@0 (line 917)
                      ; - com.badlogic.gdx.backends.lwjgl.LwjglGL20::glDisableVertexAttribArray@1 (line 272)
                      ; - com.badlogic.gdx.graphics.glutils.ShaderProgram::disableVertexAttribute@22 (line 719)
                      ; - com.badlogic.gdx.graphics.glutils.VertexArray::unbind@34 (line 145)
                      ; - com.badlogic.gdx.graphics.Mesh::unbind@6 (line 398)
                      ; - com.badlogic.gdx.graphics.Mesh::unbind@3 (line 389)
                      ; - com.badlogic.gdx.graphics.Mesh::render@178 (line 501)
                      ; - com.badlogic.gdx.graphics.Mesh::render@10 (line 449)
                      ; - com.badlogic.gdx.graphics.g2d.SpriteBatch::flush@176 (line 975)
  0x00007f2977a46ea0: 3c49 a1ff 

  0x00007f2977a46ea4: ;   {post_call_nop}
  0x00007f2977a46ea4: 0f1f 8400 | 9c2c 007c | bef6 ffff | ff66 6690 

  0x00007f2977a46eb4: ;   {runtime_call UncommonTrapBlob}
  0x00007f2977a46eb4: c5f8 77e8 

  0x00007f2977a46eb8: ; ImmutableOopMap {}
                      ;*arraylength {reexecute=0 rethrow=0 return_oop=0}
                      ; - java.lang.StringLatin1::hashCode@3 (line 307)
                      ; - java.lang.String::hashCode@27 (line 2719)
                      ; - com.badlogic.gdx.utils.ObjectIntMap::get@1 (line 279)
                      ; - com.badlogic.gdx.graphics.glutils.ShaderProgram::getAttributeLocation@6 (line 865)
                      ; - com.badlogic.gdx.graphics.glutils.VertexArray::bind@55 (line 109)
                      ; - com.badlogic.gdx.graphics.Mesh::bind@6 (line 380)
                      ; - com.badlogic.gdx.graphics.Mesh::bind@3 (line 371)
                      ; - com.badlogic.gdx.graphics.Mesh::render@13 (line 479)
                      ; - com.badlogic.gdx.graphics.Mesh::render@10 (line 449)
                      ; - com.badlogic.gdx.graphics.g2d.SpriteBatch::flush@176 (line 975)
  0x00007f2977a46eb8: 2449 a1ff 

  0x00007f2977a46ebc: ;   {post_call_nop}
  0x00007f2977a46ebc: 0f1f 8400 | b42c 007d | bef6 ffff | ff66 6690 

  0x00007f2977a46ecc: ;   {runtime_call UncommonTrapBlob}
  0x00007f2977a46ecc: c5f8 77e8 

  0x00007f2977a46ed0: ; ImmutableOopMap {}
                      ;*arraylength {reexecute=0 rethrow=0 return_oop=0}
                      ; - java.lang.StringLatin1::hashCode@3 (line 307)
                      ; - java.lang.String::hashCode@27 (line 2719)
                      ; - com.badlogic.gdx.utils.ObjectIntMap::get@1 (line 279)
                      ; - com.badlogic.gdx.graphics.glutils.ShaderProgram::fetchAttributeLocation@11 (line 290)
                      ; - com.badlogic.gdx.graphics.glutils.ShaderProgram::disableVertexAttribute@10 (line 717)
                      ; - com.badlogic.gdx.graphics.glutils.VertexArray::unbind@34 (line 145)
                      ; - com.badlogic.gdx.graphics.Mesh::unbind@6 (line 398)
                      ; - com.badlogic.gdx.graphics.Mesh::unbind@3 (line 389)
                      ; - com.badlogic.gdx.graphics.Mesh::render@178 (line 501)
                      ; - com.badlogic.gdx.graphics.Mesh::render@10 (line 449)
                      ; - com.badlogic.gdx.graphics.g2d.SpriteBatch::flush@176 (line 975)
  0x00007f2977a46ed0: 0c49 a1ff 

  0x00007f2977a46ed4: ;   {post_call_nop}
  0x00007f2977a46ed4: 0f1f 8400 | cc2c 007e | bef6 ffff | ff66 6690 

  0x00007f2977a46ee4: ;   {runtime_call UncommonTrapBlob}
  0x00007f2977a46ee4: c5f8 77e8 

  0x00007f2977a46ee8: ; ImmutableOopMap {}
                      ;*invokevirtual bind {reexecute=0 rethrow=0 return_oop=0}
                      ; - com.badlogic.gdx.graphics.g2d.SpriteBatch::flush@58 (line 962)
  0x00007f2977a46ee8: f448 a1ff 

  0x00007f2977a46eec: ;   {post_call_nop}
  0x00007f2977a46eec: 0f1f 8400 | e42c 007f | bef6 ffff | ff41 8bea | 4489 4c24 | 0866 6690 

  0x00007f2977a46f04: ;   {runtime_call UncommonTrapBlob}
  0x00007f2977a46f04: c5f8 77e8 

  0x00007f2977a46f08: ; ImmutableOopMap {}
                      ;*invokeinterface glBindTexture {reexecute=0 rethrow=0 return_oop=0}
                      ; - com.badlogic.gdx.graphics.GLTexture::bind@11 (line 66)
                      ; - com.badlogic.gdx.graphics.g2d.SpriteBatch::flush@58 (line 962)
  0x00007f2977a46f08: d448 a1ff 

  0x00007f2977a46f0c: ;   {post_call_nop}
  0x00007f2977a46f0c: 0f1f 8400 | 042d 0080 | bef6 ffff | ff66 6690 

  0x00007f2977a46f1c: ;   {runtime_call UncommonTrapBlob}
  0x00007f2977a46f1c: c5f8 77e8 

  0x00007f2977a46f20: ; ImmutableOopMap {}
                      ;*getfield owner {reexecute=1 rethrow=0 return_oop=0}
                      ; - (reexecute) org.lwjgl.opengl.GLContext::getCapabilitiesImpl@5 (line 132)
                      ; - org.lwjgl.opengl.GLContext::getCapabilities@0 (line 122)
                      ; - org.lwjgl.opengl.GL11::glBindTexture@0 (line 651)
                      ; - com.badlogic.gdx.backends.lwjgl.LwjglGL20::glBindTexture@2 (line 93)
                      ; - com.badlogic.gdx.graphics.GLTexture::bind@11 (line 66)
                      ; - com.badlogic.gdx.graphics.g2d.SpriteBatch::flush@58 (line 962)
  0x00007f2977a46f20: bc48 a1ff 

  0x00007f2977a46f24: ;   {post_call_nop}
  0x00007f2977a46f24: 0f1f 8400 | 1c2d 0081 | bef6 ffff | ff41 8be8 | 4489 5c24 | 0866 6690 

  0x00007f2977a46f3c: ;   {runtime_call UncommonTrapBlob}
  0x00007f2977a46f3c: c5f8 77e8 

  0x00007f2977a46f40: ; ImmutableOopMap {rbp=NarrowOop }
                      ;*invokevirtual setVertices {reexecute=0 rethrow=0 return_oop=0}
                      ; - com.badlogic.gdx.graphics.g2d.SpriteBatch::flush@76 (line 964)
  0x00007f2977a46f40: 9c48 a1ff 

  0x00007f2977a46f44: ;   {post_call_nop}
  0x00007f2977a46f44: 0f1f 8400 | 3c2d 0082 | bef6 ffff | ff41 8be8 | 4489 5c24 | 0866 6690 

  0x00007f2977a46f5c: ;   {runtime_call UncommonTrapBlob}
  0x00007f2977a46f5c: c5f8 77e8 

  0x00007f2977a46f60: ; ImmutableOopMap {rbp=NarrowOop }
                      ;*invokeinterface setVertices {reexecute=0 rethrow=0 return_oop=0}
                      ; - com.badlogic.gdx.graphics.Mesh::setVertices@7 (line 197)
                      ; - com.badlogic.gdx.graphics.g2d.SpriteBatch::flush@76 (line 964)
  0x00007f2977a46f60: 7c48 a1ff 

  0x00007f2977a46f64: ;   {post_call_nop}
  0x00007f2977a46f64: 0f1f 8400 | 5c2d 0083 | bef4 ffff | ff48 8be9 | 4489 4c24 | 1048 895c | 2418 4489 | 4424 2044 
  0x00007f2977a46f84: 895c 2424 

  0x00007f2977a46f88: ;   {runtime_call UncommonTrapBlob}
  0x00007f2977a46f88: c5f8 77e8 

  0x00007f2977a46f8c: ; ImmutableOopMap {rbp=Oop [16]=NarrowOop [24]=Oop [32]=NarrowOop }
                      ;*instanceof {reexecute=0 rethrow=0 return_oop=0}
                      ; - com.badlogic.gdx.utils.BufferUtils::copy@1 (line 50)
                      ; - com.badlogic.gdx.graphics.glutils.VertexArray::setVertices@7 (line 84)
                      ; - com.badlogic.gdx.graphics.Mesh::setVertices@7 (line 197)
                      ; - com.badlogic.gdx.graphics.g2d.SpriteBatch::flush@76 (line 964)
  0x00007f2977a46f8c: 5048 a1ff 

  0x00007f2977a46f90: ;   {post_call_nop}
  0x00007f2977a46f90: 0f1f 8400 | 882d 0084 | bef6 ffff | ff66 6690 

  0x00007f2977a46fa0: ;   {runtime_call UncommonTrapBlob}
  0x00007f2977a46fa0: c5f8 77e8 

  0x00007f2977a46fa4: ; ImmutableOopMap {}
                      ;*invokevirtual position {reexecute=0 rethrow=0 return_oop=0}
                      ; - com.badlogic.gdx.graphics.glutils.VertexArray::setVertices@15 (line 85)
                      ; - com.badlogic.gdx.graphics.Mesh::setVertices@7 (line 197)
                      ; - com.badlogic.gdx.graphics.g2d.SpriteBatch::flush@76 (line 964)
  0x00007f2977a46fa4: 3848 a1ff 

  0x00007f2977a46fa8: ;   {post_call_nop}
  0x00007f2977a46fa8: 0f1f 8400 | a02d 0085 | bef6 ffff | ff66 6690 

  0x00007f2977a46fb8: ;   {runtime_call UncommonTrapBlob}
  0x00007f2977a46fb8: c5f8 77e8 

  0x00007f2977a46fbc: ; ImmutableOopMap {}
                      ;*invokeinterface getBuffer {reexecute=0 rethrow=0 return_oop=0}
                      ; - com.badlogic.gdx.graphics.Mesh::getIndicesBuffer@4 (line 797)
                      ; - com.badlogic.gdx.graphics.g2d.SpriteBatch::flush@81 (line 965)
  0x00007f2977a46fbc: 2048 a1ff 

  0x00007f2977a46fc0: ;   {post_call_nop}
  0x00007f2977a46fc0: 0f1f 8400 | b82d 0086 | bef6 ffff | ff66 6690 

  0x00007f2977a46fd0: ;   {runtime_call UncommonTrapBlob}
  0x00007f2977a46fd0: c5f8 77e8 

  0x00007f2977a46fd4: ; ImmutableOopMap {}
                      ;*invokevirtual position {reexecute=0 rethrow=0 return_oop=0}
                      ; - com.badlogic.gdx.graphics.g2d.SpriteBatch::flush@85 (line 965)
  0x00007f2977a46fd4: 0848 a1ff 

  0x00007f2977a46fd8: ;   {post_call_nop}
  0x00007f2977a46fd8: 0f1f 8400 | d02d 0087 | bef6 ffff | ff66 6690 

  0x00007f2977a46fe8: ;   {runtime_call UncommonTrapBlob}
  0x00007f2977a46fe8: c5f8 77e8 

  0x00007f2977a46fec: ; ImmutableOopMap {}
                      ;*invokeinterface glEnable {reexecute=0 rethrow=0 return_oop=0}
                      ; - com.badlogic.gdx.graphics.g2d.SpriteBatch::flush@125 (line 971)
  0x00007f2977a46fec: f047 a1ff 

  0x00007f2977a46ff0: ;   {post_call_nop}
  0x00007f2977a46ff0: 0f1f 8400 | e82d 0088 | bef6 ffff | ff66 6690 

  0x00007f2977a47000: ;   {runtime_call UncommonTrapBlob}
  0x00007f2977a47000: c5f8 77e8 

  0x00007f2977a47004: ; ImmutableOopMap {}
                      ;*getfield owner {reexecute=1 rethrow=0 return_oop=0}
                      ; - (reexecute) org.lwjgl.opengl.GLContext::getCapabilitiesImpl@5 (line 132)
                      ; - org.lwjgl.opengl.GLContext::getCapabilities@0 (line 122)
                      ; - org.lwjgl.opengl.GL11::glEnable@0 (line 1012)
                      ; - com.badlogic.gdx.backends.lwjgl.LwjglGL20::glEnable@1 (line 292)
                      ; - com.badlogic.gdx.graphics.g2d.SpriteBatch::flush@125 (line 971)
  0x00007f2977a47004: d847 a1ff 

  0x00007f2977a47008: ;   {post_call_nop}
  0x00007f2977a47008: 0f1f 8400 | 002e 0089 | bef6 ffff | ff41 8beb | 4489 5424 | 0866 6690 

  0x00007f2977a47020: ;   {runtime_call UncommonTrapBlob}
  0x00007f2977a47020: c5f8 77e8 

  0x00007f2977a47024: ; ImmutableOopMap {}
                      ;*invokeinterface glBlendFunc {reexecute=0 rethrow=0 return_oop=0}
                      ; - com.badlogic.gdx.graphics.g2d.SpriteBatch::flush@149 (line 972)
  0x00007f2977a47024: b847 a1ff 

  0x00007f2977a47028: ;   {post_call_nop}
  0x00007f2977a47028: 0f1f 8400 | 202e 008a | bef6 ffff | ff66 6690 

  0x00007f2977a47038: ;   {runtime_call UncommonTrapBlob}
  0x00007f2977a47038: c5f8 77e8 

  0x00007f2977a4703c: ; ImmutableOopMap {}
                      ;*getfield owner {reexecute=1 rethrow=0 return_oop=0}
                      ; - (reexecute) org.lwjgl.opengl.GLContext::getCapabilitiesImpl@5 (line 132)
                      ; - org.lwjgl.opengl.GLContext::getCapabilities@0 (line 122)
                      ; - org.lwjgl.opengl.GL11::glBlendFunc@0 (line 624)
                      ; - com.badlogic.gdx.backends.lwjgl.LwjglGL20::glBlendFunc@2 (line 109)
                      ; - com.badlogic.gdx.graphics.g2d.SpriteBatch::flush@149 (line 972)
  0x00007f2977a4703c: a047 a1ff 

  0x00007f2977a47040: ;   {post_call_nop}
  0x00007f2977a47040: 0f1f 8400 | 382e 008b | bef6 ffff | ff41 8bea 

  0x00007f2977a47050: ;   {runtime_call UncommonTrapBlob}
  0x00007f2977a47050: c5f8 77e8 

  0x00007f2977a47054: ; ImmutableOopMap {rbp=NarrowOop }
                      ;*invokeinterface bind {reexecute=0 rethrow=0 return_oop=0}
                      ; - com.badlogic.gdx.graphics.Mesh::bind@6 (line 380)
                      ; - com.badlogic.gdx.graphics.Mesh::bind@3 (line 371)
                      ; - com.badlogic.gdx.graphics.Mesh::render@13 (line 479)
                      ; - com.badlogic.gdx.graphics.Mesh::render@10 (line 449)
                      ; - com.badlogic.gdx.graphics.g2d.SpriteBatch::flush@176 (line 975)
  0x00007f2977a47054: 8847 a1ff 

  0x00007f2977a47058: ;   {post_call_nop}
  0x00007f2977a47058: 0f1f 8400 | 502e 008c | bef6 ffff | ff66 6690 

  0x00007f2977a47068: ;   {runtime_call UncommonTrapBlob}
  0x00007f2977a47068: c5f8 77e8 

  0x00007f2977a4706c: ; ImmutableOopMap {}
                      ;*invokevirtual size {reexecute=0 rethrow=0 return_oop=0}
                      ; - com.badlogic.gdx.graphics.glutils.VertexArray::bind@4 (line 104)
                      ; - com.badlogic.gdx.graphics.Mesh::bind@6 (line 380)
                      ; - com.badlogic.gdx.graphics.Mesh::bind@3 (line 371)
                      ; - com.badlogic.gdx.graphics.Mesh::render@13 (line 479)
                      ; - com.badlogic.gdx.graphics.Mesh::render@10 (line 449)
                      ; - com.badlogic.gdx.graphics.g2d.SpriteBatch::flush@176 (line 975)
  0x00007f2977a4706c: 7047 a1ff 

  0x00007f2977a47070: ;   {post_call_nop}
  0x00007f2977a47070: 0f1f 8400 | 682e 008d | bef6 ffff | ff66 6690 

  0x00007f2977a47080: ;   {runtime_call UncommonTrapBlob}
  0x00007f2977a47080: c5f8 77e8 

  0x00007f2977a47084: ; ImmutableOopMap {}
                      ;*arraylength {reexecute=0 rethrow=0 return_oop=0}
                      ; - com.badlogic.gdx.graphics.VertexAttributes::size@4 (line 103)
                      ; - com.badlogic.gdx.graphics.glutils.VertexArray::bind@4 (line 104)
                      ; - com.badlogic.gdx.graphics.Mesh::bind@6 (line 380)
                      ; - com.badlogic.gdx.graphics.Mesh::bind@3 (line 371)
                      ; - com.badlogic.gdx.graphics.Mesh::render@13 (line 479)
                      ; - com.badlogic.gdx.graphics.Mesh::render@10 (line 449)
                      ; - com.badlogic.gdx.graphics.g2d.SpriteBatch::flush@176 (line 975)
  0x00007f2977a47084: 5847 a1ff 

  0x00007f2977a47088: ;   {post_call_nop}
  0x00007f2977a47088: 0f1f 8400 | 802e 008e | bef6 ffff | ff66 6690 

  0x00007f2977a47098: ;   {runtime_call UncommonTrapBlob}
  0x00007f2977a47098: c5f8 77e8 

  0x00007f2977a4709c: ; ImmutableOopMap {}
                      ;*invokevirtual limit {reexecute=0 rethrow=0 return_oop=0}
                      ; - com.badlogic.gdx.graphics.glutils.VertexArray::bind@16 (line 105)
                      ; - com.badlogic.gdx.graphics.Mesh::bind@6 (line 380)
                      ; - com.badlogic.gdx.graphics.Mesh::bind@3 (line 371)
                      ; - com.badlogic.gdx.graphics.Mesh::render@13 (line 479)
                      ; - com.badlogic.gdx.graphics.Mesh::render@10 (line 449)
                      ; - com.badlogic.gdx.graphics.g2d.SpriteBatch::flush@176 (line 975)
  0x00007f2977a4709c: 4047 a1ff 

  0x00007f2977a470a0: ;   {post_call_nop}
  0x00007f2977a470a0: 0f1f 8400 | 982e 008f | bef6 ffff | ff8b eb90 

  0x00007f2977a470b0: ;   {runtime_call UncommonTrapBlob}
  0x00007f2977a470b0: c5f8 77e8 

  0x00007f2977a470b4: ; ImmutableOopMap {}
                      ;*invokevirtual limit {reexecute=0 rethrow=0 return_oop=0}
                      ; - com.badlogic.gdx.graphics.glutils.VertexArray::bind@21 (line 105)
                      ; - com.badlogic.gdx.graphics.Mesh::bind@6 (line 380)
                      ; - com.badlogic.gdx.graphics.Mesh::bind@3 (line 371)
                      ; - com.badlogic.gdx.graphics.Mesh::render@13 (line 479)
                      ; - com.badlogic.gdx.graphics.Mesh::render@10 (line 449)
                      ; - com.badlogic.gdx.graphics.g2d.SpriteBatch::flush@176 (line 975)
  0x00007f2977a470b4: 2847 a1ff 

  0x00007f2977a470b8: ;   {post_call_nop}
  0x00007f2977a470b8: 0f1f 8400 | b02e 0090 | bef6 ffff | ff66 6690 

  0x00007f2977a470c8: ;   {runtime_call UncommonTrapBlob}
  0x00007f2977a470c8: c5f8 77e8 

  0x00007f2977a470cc: ; ImmutableOopMap {}
                      ;*invokeinterface getNumIndices {reexecute=0 rethrow=0 return_oop=0}
                      ; - com.badlogic.gdx.graphics.Mesh::bind@15 (line 381)
                      ; - com.badlogic.gdx.graphics.Mesh::bind@3 (line 371)
                      ; - com.badlogic.gdx.graphics.Mesh::render@13 (line 479)
                      ; - com.badlogic.gdx.graphics.Mesh::render@10 (line 449)
                      ; - com.badlogic.gdx.graphics.g2d.SpriteBatch::flush@176 (line 975)
  0x00007f2977a470cc: 1047 a1ff 

  0x00007f2977a470d0: ;   {post_call_nop}
  0x00007f2977a470d0: 0f1f 8400 | c82e 0091 | bef6 ffff | ff66 6690 

  0x00007f2977a470e0: ;   {runtime_call UncommonTrapBlob}
  0x00007f2977a470e0: c5f8 77e8 

  0x00007f2977a470e4: ; ImmutableOopMap {}
                      ;*invokevirtual limit {reexecute=0 rethrow=0 return_oop=0}
                      ; - com.badlogic.gdx.graphics.glutils.IndexArray::getNumIndices@15 (line 49)
                      ; - com.badlogic.gdx.graphics.Mesh::bind@15 (line 381)
                      ; - com.badlogic.gdx.graphics.Mesh::bind@3 (line 371)
                      ; - com.badlogic.gdx.graphics.Mesh::render@13 (line 479)
                      ; - com.badlogic.gdx.graphics.Mesh::render@10 (line 449)
                      ; - com.badlogic.gdx.graphics.g2d.SpriteBatch::flush@176 (line 975)
  0x00007f2977a470e4: f846 a1ff 

  0x00007f2977a470e8: ;   {post_call_nop}
  0x00007f2977a470e8: 0f1f 8400 | e02e 0092 | bef6 ffff | ff41 8bea 

  0x00007f2977a470f8: ;   {runtime_call UncommonTrapBlob}
  0x00007f2977a470f8: c5f8 77e8 

  0x00007f2977a470fc: ; ImmutableOopMap {[20]=NarrowOop }
                      ;*invokeinterface glDrawElements {reexecute=0 rethrow=0 return_oop=0}
                      ; - com.badlogic.gdx.graphics.Mesh::render@88 (line 488)
                      ; - com.badlogic.gdx.graphics.Mesh::render@10 (line 449)
                      ; - com.badlogic.gdx.graphics.g2d.SpriteBatch::flush@176 (line 975)
  0x00007f2977a470fc: e046 a1ff 

  0x00007f2977a47100: ;   {post_call_nop}
  0x00007f2977a47100: 0f1f 8400 | f82e 0093 | bef6 ffff | ff66 6690 

  0x00007f2977a47110: ;   {runtime_call UncommonTrapBlob}
  0x00007f2977a47110: c5f8 77e8 

  0x00007f2977a47114: ; ImmutableOopMap {}
                      ;*getfield owner {reexecute=1 rethrow=0 return_oop=0}
                      ; - (reexecute) org.lwjgl.opengl.GLContext::getCapabilitiesImpl@5 (line 132)
                      ; - org.lwjgl.opengl.GLContext::getCapabilities@0 (line 122)
                      ; - org.lwjgl.opengl.GL11::glDrawElements@0 (line 1105)
                      ; - com.badlogic.gdx.backends.lwjgl.LwjglGL20::glDrawElements@21 (line 281)
                      ; - com.badlogic.gdx.graphics.Mesh::render@88 (line 488)
                      ; - com.badlogic.gdx.graphics.Mesh::render@10 (line 449)
                      ; - com.badlogic.gdx.graphics.g2d.SpriteBatch::flush@176 (line 975)
  0x00007f2977a47114: c846 a1ff 

  0x00007f2977a47118: ;   {post_call_nop}
  0x00007f2977a47118: 0f1f 8400 | 102f 0094 | bef6 ffff | ff66 6690 

  0x00007f2977a47128: ;   {runtime_call UncommonTrapBlob}
  0x00007f2977a47128: c5f8 77e8 

  0x00007f2977a4712c: ; ImmutableOopMap {}
                      ;*getfield references_stack {reexecute=1 rethrow=0 return_oop=0}
                      ; - (reexecute) org.lwjgl.opengl.StateTracker::getReferences@4 (line 85)
                      ; - org.lwjgl.opengl.StateTracker::getElementArrayBufferBound@1 (line 143)
                      ; - org.lwjgl.opengl.GLChecks::ensureElementVBOdisabled@7 (line 82)
                      ; - org.lwjgl.opengl.GL11::glDrawElements@14 (line 1108)
                      ; - com.badlogic.gdx.backends.lwjgl.LwjglGL20::glDrawElements@21 (line 281)
                      ; - com.badlogic.gdx.graphics.Mesh::render@88 (line 488)
                      ; - com.badlogic.gdx.graphics.Mesh::render@10 (line 449)
                      ; - com.badlogic.gdx.graphics.g2d.SpriteBatch::flush@176 (line 975)
  0x00007f2977a4712c: b046 a1ff 

  0x00007f2977a47130: ;   {post_call_nop}
  0x00007f2977a47130: 0f1f 8400 | 282f 0095 | bef6 ffff | ff66 6690 

  0x00007f2977a47140: ;   {runtime_call UncommonTrapBlob}
  0x00007f2977a47140: c5f8 77e8 

  0x00007f2977a47144: ; ImmutableOopMap {}
                      ;*invokevirtual getReferences {reexecute=0 rethrow=0 return_oop=0}
                      ; - org.lwjgl.opengl.StateTracker::getReferences@7 (line 85)
                      ; - org.lwjgl.opengl.StateTracker::getElementArrayBufferBound@1 (line 143)
                      ; - org.lwjgl.opengl.GLChecks::ensureElementVBOdisabled@7 (line 82)
                      ; - org.lwjgl.opengl.GL11::glDrawElements@14 (line 1108)
                      ; - com.badlogic.gdx.backends.lwjgl.LwjglGL20::glDrawElements@21 (line 281)
                      ; - com.badlogic.gdx.graphics.Mesh::render@88 (line 488)
                      ; - com.badlogic.gdx.graphics.Mesh::render@10 (line 449)
                      ; - com.badlogic.gdx.graphics.g2d.SpriteBatch::flush@176 (line 975)
  0x00007f2977a47144: 9846 a1ff 

  0x00007f2977a47148: ;   {post_call_nop}
  0x00007f2977a47148: 0f1f 8400 | 402f 0096 | bef6 ffff | ff66 6690 

  0x00007f2977a47158: ;   {runtime_call UncommonTrapBlob}
  0x00007f2977a47158: c5f8 77e8 

  0x00007f2977a4715c: ; ImmutableOopMap {}
                      ;*aaload {reexecute=0 rethrow=0 return_oop=0}
                      ; - org.lwjgl.opengl.ReferencesStack::getReferences@8 (line 41)
                      ; - org.lwjgl.opengl.StateTracker::getReferences@7 (line 85)
                      ; - org.lwjgl.opengl.StateTracker::getElementArrayBufferBound@1 (line 143)
                      ; - org.lwjgl.opengl.GLChecks::ensureElementVBOdisabled@7 (line 82)
                      ; - org.lwjgl.opengl.GL11::glDrawElements@14 (line 1108)
                      ; - com.badlogic.gdx.backends.lwjgl.LwjglGL20::glDrawElements@21 (line 281)
                      ; - com.badlogic.gdx.graphics.Mesh::render@88 (line 488)
                      ; - com.badlogic.gdx.graphics.Mesh::render@10 (line 449)
                      ; - com.badlogic.gdx.graphics.g2d.SpriteBatch::flush@176 (line 975)
  0x00007f2977a4715c: 8046 a1ff 

  0x00007f2977a47160: ;   {post_call_nop}
  0x00007f2977a47160: 0f1f 8400 | 582f 0097 | bef6 ffff | ff66 6690 

  0x00007f2977a47170: ;   {runtime_call UncommonTrapBlob}
  0x00007f2977a47170: c5f8 77e8 

  0x00007f2977a47174: ; ImmutableOopMap {}
                      ;*getfield vertexArrayObject {reexecute=1 rethrow=0 return_oop=0}
                      ; - (reexecute) org.lwjgl.opengl.StateTracker::getElementArrayBufferBound@6 (line 145)
                      ; - org.lwjgl.opengl.GLChecks::ensureElementVBOdisabled@7 (line 82)
                      ; - org.lwjgl.opengl.GL11::glDrawElements@14 (line 1108)
                      ; - com.badlogic.gdx.backends.lwjgl.LwjglGL20::glDrawElements@21 (line 281)
                      ; - com.badlogic.gdx.graphics.Mesh::render@88 (line 488)
                      ; - com.badlogic.gdx.graphics.Mesh::render@10 (line 449)
                      ; - com.badlogic.gdx.graphics.g2d.SpriteBatch::flush@176 (line 975)
  0x00007f2977a47174: 6846 a1ff 

  0x00007f2977a47178: ;   {post_call_nop}
  0x00007f2977a47178: 0f1f 8400 | 702f 0098 | bef6 ffff | ff8b 6c24 | 0c66 6690 

  0x00007f2977a4718c: ;   {runtime_call UncommonTrapBlob}
  0x00007f2977a4718c: c5f8 77e8 

  0x00007f2977a47190: ; ImmutableOopMap {rbp=NarrowOop }
                      ;*invokeinterface unbind {reexecute=0 rethrow=0 return_oop=0}
                      ; - com.badlogic.gdx.graphics.Mesh::unbind@6 (line 398)
                      ; - com.badlogic.gdx.graphics.Mesh::unbind@3 (line 389)
                      ; - com.badlogic.gdx.graphics.Mesh::render@178 (line 501)
                      ; - com.badlogic.gdx.graphics.Mesh::render@10 (line 449)
                      ; - com.badlogic.gdx.graphics.g2d.SpriteBatch::flush@176 (line 975)
  0x00007f2977a47190: 4c46 a1ff 

  0x00007f2977a47194: ;   {post_call_nop}
  0x00007f2977a47194: 0f1f 8400 | 8c2f 0099 | bef6 ffff | ff66 6690 

  0x00007f2977a471a4: ;   {runtime_call UncommonTrapBlob}
  0x00007f2977a471a4: c5f8 77e8 

  0x00007f2977a471a8: ; ImmutableOopMap {}
                      ;*invokevirtual size {reexecute=0 rethrow=0 return_oop=0}
                      ; - com.badlogic.gdx.graphics.glutils.VertexArray::unbind@4 (line 142)
                      ; - com.badlogic.gdx.graphics.Mesh::unbind@6 (line 398)
                      ; - com.badlogic.gdx.graphics.Mesh::unbind@3 (line 389)
                      ; - com.badlogic.gdx.graphics.Mesh::render@178 (line 501)
                      ; - com.badlogic.gdx.graphics.Mesh::render@10 (line 449)
                      ; - com.badlogic.gdx.graphics.g2d.SpriteBatch::flush@176 (line 975)
  0x00007f2977a471a8: 3446 a1ff 

  0x00007f2977a471ac: ;   {post_call_nop}
  0x00007f2977a471ac: 0f1f 8400 | a42f 009a | bef6 ffff | ff66 6690 

  0x00007f2977a471bc: ;   {runtime_call UncommonTrapBlob}
  0x00007f2977a471bc: c5f8 77e8 

  0x00007f2977a471c0: ; ImmutableOopMap {}
                      ;*arraylength {reexecute=0 rethrow=0 return_oop=0}
                      ; - com.badlogic.gdx.graphics.VertexAttributes::size@4 (line 103)
                      ; - com.badlogic.gdx.graphics.glutils.VertexArray::unbind@4 (line 142)
                      ; - com.badlogic.gdx.graphics.Mesh::unbind@6 (line 398)
                      ; - com.badlogic.gdx.graphics.Mesh::unbind@3 (line 389)
                      ; - com.badlogic.gdx.graphics.Mesh::render@178 (line 501)
                      ; - com.badlogic.gdx.graphics.Mesh::render@10 (line 449)
                      ; - com.badlogic.gdx.graphics.g2d.SpriteBatch::flush@176 (line 975)
  0x00007f2977a471c0: 1c46 a1ff 

  0x00007f2977a471c4: ;   {post_call_nop}
  0x00007f2977a471c4: 0f1f 8400 | bc2f 009b | bef6 ffff | ff66 6690 

  0x00007f2977a471d4: ;   {runtime_call UncommonTrapBlob}
  0x00007f2977a471d4: c5f8 77e8 

  0x00007f2977a471d8: ; ImmutableOopMap {}
                      ;*invokeinterface getNumIndices {reexecute=0 rethrow=0 return_oop=0}
                      ; - com.badlogic.gdx.graphics.Mesh::unbind@15 (line 399)
                      ; - com.badlogic.gdx.graphics.Mesh::unbind@3 (line 389)
                      ; - com.badlogic.gdx.graphics.Mesh::render@178 (line 501)
                      ; - com.badlogic.gdx.graphics.Mesh::render@10 (line 449)
                      ; - com.badlogic.gdx.graphics.g2d.SpriteBatch::flush@176 (line 975)
  0x00007f2977a471d8: 0446 a1ff 

  0x00007f2977a471dc: ;   {post_call_nop}
  0x00007f2977a471dc: 0f1f 8400 | d42f 009c | bef6 ffff | ff66 6690 

  0x00007f2977a471ec: ;   {runtime_call UncommonTrapBlob}
  0x00007f2977a471ec: c5f8 77e8 

  0x00007f2977a471f0: ; ImmutableOopMap {}
                      ;*invokevirtual limit {reexecute=0 rethrow=0 return_oop=0}
                      ; - com.badlogic.gdx.graphics.glutils.IndexArray::getNumIndices@15 (line 49)
                      ; - com.badlogic.gdx.graphics.Mesh::unbind@15 (line 399)
                      ; - com.badlogic.gdx.graphics.Mesh::unbind@3 (line 389)
                      ; - com.badlogic.gdx.graphics.Mesh::render@178 (line 501)
                      ; - com.badlogic.gdx.graphics.Mesh::render@10 (line 449)
                      ; - com.badlogic.gdx.graphics.g2d.SpriteBatch::flush@176 (line 975)
  0x00007f2977a471f0: ec45 a1ff 

  0x00007f2977a471f4: ;   {post_call_nop}
  0x00007f2977a471f4: 0f1f 8400 | ec2f 009d | 488b f0eb | 25eb 1b48 | 8bf0 eb1e | 488b f0eb | 1948 8bf0 | eb14 488b 
  0x00007f2977a47214: f0eb 0f48 | 8bf0 eb0a | eb00 488b | f0eb 0348 | 8bf0 c5f8 | 7748 81c4 | 9000 0000 

  0x00007f2977a47230: ;   {runtime_call C2 Runtime rethrow_blob}
  0x00007f2977a47230: 5de9 aaa8 

  0x00007f2977a47234: ;   {internal_word}
  0x00007f2977a47234: a1ff 49ba | a752 a477 | 297f 0000 | 4d89 9710 

  0x00007f2977a47244: ;   {runtime_call SafepointBlob}
  0x00007f2977a47244: 0500 00e9 | 14f9 93ff 

  0x00007f2977a4724c: ;   {runtime_call Stub::Stub Generator method_entry_barrier_stub}
  0x00007f2977a4724c: e8af 4b92 | ffe9 d8d0 | ffff f4f4 
[Stub Code]
  0x00007f2977a47258: ;   {static_stub}
  0x00007f2977a47258: 48bb 0000 | 0000 0000 

  0x00007f2977a47260: ;   {runtime_call nmethod}
  0x00007f2977a47260: 0000 e9fb 

  0x00007f2977a47264: ;   {static_stub}
  0x00007f2977a47264: ffff ff48 | bb00 0000 | 0000 0000 

  0x00007f2977a47270: ;   {runtime_call nmethod}
  0x00007f2977a47270: 00e9 fbff 

  0x00007f2977a47274: ;   {static_stub}
  0x00007f2977a47274: ffff 48bb | 0000 0000 | 0000 0000 

  0x00007f2977a47280: ;   {runtime_call nmethod}
  0x00007f2977a47280: e9fb ffff 

  0x00007f2977a47284: ;   {static_stub}
  0x00007f2977a47284: ff48 bb00 | 0000 0000 

  0x00007f2977a4728c: ;   {runtime_call nmethod}
  0x00007f2977a4728c: 0000 00e9 | fbff ffff 

  0x00007f2977a47294: ;   {static_stub}
  0x00007f2977a47294: 48bb 0000 | 0000 0000 

  0x00007f2977a4729c: ;   {runtime_call nmethod}
  0x00007f2977a4729c: 0000 e9fb 

  0x00007f2977a472a0: ;   {static_stub}
  0x00007f2977a472a0: ffff ff48 | bb00 0000 | 0000 0000 

  0x00007f2977a472ac: ;   {runtime_call nmethod}
  0x00007f2977a472ac: 00e9 fbff 

  0x00007f2977a472b0: ;   {static_stub}
  0x00007f2977a472b0: ffff 48bb | 0000 0000 | 0000 0000 

  0x00007f2977a472bc: ;   {runtime_call nmethod}
  0x00007f2977a472bc: e9fb ffff 

  0x00007f2977a472c0: ;   {static_stub}
  0x00007f2977a472c0: ff48 bb00 | 0000 0000 

  0x00007f2977a472c8: ;   {runtime_call nmethod}
  0x00007f2977a472c8: 0000 00e9 | fbff ffff 

  0x00007f2977a472d0: ;   {static_stub}
  0x00007f2977a472d0: 48bb 0000 | 0000 0000 

  0x00007f2977a472d8: ;   {runtime_call nmethod}
  0x00007f2977a472d8: 0000 e9fb 

  0x00007f2977a472dc: ;   {runtime_call DeoptimizationBlob}
  0x00007f2977a472dc: ffff ffe8 | 7cfb 93ff 
[Deopt Handler Entry Point]
  0x00007f2977a472e4: ebf9 f4f4 
[/MachCode]


---------------  P R O C E S S  ---------------

Threads class SMR info:
_java_thread_list=0x00007f29683002a0, length=16, elements={
0x00007f29880f6ed0, 0x00007f29880f8040, 0x00007f29880f99f0, 0x00007f29880fb250,
0x00007f29880fcaa0, 0x00007f29880fec80, 0x00007f2988100650, 0x00007f298810c720,
0x00007f298810ec30, 0x00007f2988167c10, 0x00007f29882829e0, 0x00007f29882843c0,
0x00007f29883b79f0, 0x00007f2988019330, 0x00007f2944c351d0, 0x00007f2905adfc10
}

Java Threads: ( => current thread )
  0x00007f29880f6ed0 JavaThread "Reference Handler"          daemon [_thread_blocked, id=19807, stack(0x00007f29615f7000,0x00007f29616f7000) (1024K)]
  0x00007f29880f8040 JavaThread "Finalizer"                  daemon [_thread_blocked, id=19808, stack(0x00007f2960d00000,0x00007f2960e00000) (1024K)]
  0x00007f29880f99f0 JavaThread "Signal Dispatcher"          daemon [_thread_blocked, id=19809, stack(0x00007f2960bff000,0x00007f2960cff000) (1024K)]
  0x00007f29880fb250 JavaThread "Service Thread"             daemon [_thread_blocked, id=19810, stack(0x00007f2960afe000,0x00007f2960bfe000) (1024K)]
  0x00007f29880fcaa0 JavaThread "Monitor Deflation Thread"   daemon [_thread_blocked, id=19811, stack(0x00007f29609fd000,0x00007f2960afd000) (1024K)]
  0x00007f29880fec80 JavaThread "C2 CompilerThread0"         daemon [_thread_in_native, id=19812, stack(0x00007f29608fc000,0x00007f29609fc000) (1024K)]
  0x00007f2988100650 JavaThread "C1 CompilerThread0"         daemon [_thread_blocked, id=19813, stack(0x00007f29607fb000,0x00007f29608fb000) (1024K)]
  0x00007f298810c720 JavaThread "Notification Thread"        daemon [_thread_blocked, id=19814, stack(0x00007f29606fa000,0x00007f29607fa000) (1024K)]
  0x00007f298810ec30 JavaThread "Common-Cleaner"             daemon [_thread_blocked, id=19815, stack(0x00007f29605f9000,0x00007f29606f9000) (1024K)]
  0x00007f2988167c10 JavaThread "InnocuousThread-1"          daemon [_thread_blocked, id=19817, stack(0x00007f2960100000,0x00007f2960200000) (1024K)]
  0x00007f29882829e0 JavaThread "Java2D Disposer"            daemon [_thread_blocked, id=19819, stack(0x00007f293b241000,0x00007f293b341000) (1024K)]
  0x00007f29882843c0 JavaThread "AWT-XAWT"                   daemon [_thread_in_native, id=19820, stack(0x00007f293b140000,0x00007f293b240000) (1024K)]
=>0x00007f29883b79f0 JavaThread "LWJGL Application"                 [_thread_in_native, id=19824, stack(0x00007f2938c9d000,0x00007f2938d9d000) (1024K)]
  0x00007f2988019330 JavaThread "DestroyJavaVM"                     [_thread_blocked, id=19795, stack(0x00007f298e900000,0x00007f298ea00000) (1024K)]
  0x00007f2944c351d0 JavaThread "Thread-1"                          [_thread_blocked, id=19847, stack(0x00007f29266fa000,0x00007f29267fa000) (1024K)]
  0x00007f2905adfc10 JavaThread "Thread-451"                        [_thread_in_Java, id=21087, stack(0x00007f29265f9000,0x00007f29266f9000) (1024K)]
Total: 16

Other Threads:
  0x00007f29880ee080 VMThread "VM Thread"                           [id=19806, stack(0x00007f29614f6000,0x00007f29615f6000) (1024K)]
  0x00007f29880dcdd0 WatcherThread "VM Periodic Task Thread"        [id=19805, stack(0x00007f29613f5000,0x00007f29614f5000) (1024K)]
  0x00007f2988067bd0 WorkerThread "GC Thread#0"                     [id=19796, stack(0x00007f298c540000,0x00007f298c640000) (1024K)]
  0x00007f294c16a3f0 WorkerThread "GC Thread#1"                     [id=19818, stack(0x00007f293bb00000,0x00007f293bc00000) (1024K)]
  0x00007f294c16b5d0 WorkerThread "GC Thread#2"                     [id=19826, stack(0x00007f2938b9c000,0x00007f2938c9c000) (1024K)]
  0x00007f294c16bcc0 WorkerThread "GC Thread#3"                     [id=19827, stack(0x00007f2938a9b000,0x00007f2938b9b000) (1024K)]
  0x00007f294c17e0d0 WorkerThread "GC Thread#4"                     [id=19844, stack(0x00007f29270fc000,0x00007f29271fc000) (1024K)]
  0x00007f294c17ec50 WorkerThread "GC Thread#5"                     [id=19845, stack(0x00007f2926ffb000,0x00007f29270fb000) (1024K)]
  0x00007f294c6c7a00 WorkerThread "GC Thread#6"                     [id=19865, stack(0x00007f29263f7000,0x00007f29264f7000) (1024K)]
  0x00007f294d097660 WorkerThread "GC Thread#7"                     [id=19916, stack(0x00007f2921722000,0x00007f2921822000) (1024K)]
  0x00007f294c518750 WorkerThread "GC Thread#8"                     [id=20269, stack(0x00007f2926efa000,0x00007f2926ffa000) (1024K)]
  0x00007f294c518e80 WorkerThread "GC Thread#9"                     [id=20270, stack(0x00007f291f900000,0x00007f291fa00000) (1024K)]
  0x00007f2988080230 ConcurrentGCThread "G1 Main Marker"            [id=19797, stack(0x00007f298c43f000,0x00007f298c53f000) (1024K)]
  0x00007f29880813c0 WorkerThread "G1 Conc#0"                       [id=19798, stack(0x00007f298c33e000,0x00007f298c43e000) (1024K)]
  0x00007f2968005510 WorkerThread "G1 Conc#1"                       [id=19842, stack(0x00007f29604f8000,0x00007f29605f8000) (1024K)]
  0x00007f2968006260 WorkerThread "G1 Conc#2"                       [id=19843, stack(0x00007f2929700000,0x00007f2929800000) (1024K)]
  0x00007f29880c4eb0 WorkerThread "G1 Refinement Workers#0"         [id=19800, stack(0x00007f29617f9000,0x00007f29618f9000) (1024K)]
  0x00007f29880c3c60 ConcurrentGCThread "G1 Refine Control"         [id=19799, stack(0x00007f29618fa000,0x00007f29619fa000) (1024K)]
  0x00007f29880c5fb0 ConcurrentGCThread "G1 Service"                [id=19801, stack(0x00007f29616f8000,0x00007f29617f8000) (1024K)]
Total: 19

Threads with active compile tasks:
C2 CompilerThread0  595543 8284 % !   4       age.of.civilizations2.jakowski.lukasz.AI_Style::regroupArmy_AtWar_WithoutDanger @ 140 (3235 bytes)
Total: 1

VM state: not at safepoint (normal execution)

VM Mutex/Monitor currently owned by a thread: None

OutOfMemory and StackOverflow Exception counts:
StackOverflowErrors=34
LinkageErrors=20

Heap address: 0x000000070c000000, size: 3904 MB, Compressed Oops mode: Zero based, Oop shift amount: 3

CDS archive(s) mapped at: [0x0000000031000000-0x0000000031da7000-0x0000000031da7000), size 14315520, SharedBaseAddress: 0x0000000031000000, ArchiveRelocationMode: 1.
Compressed class space mapped at: 0x0000000032000000-0x0000000072000000, reserved size: 1073741824
UseCompressedClassPointers 1, UseCompactObjectHeaders 0
Narrow klass pointer bits 32, Max shift 3
Narrow klass base: 0x0000000031000000, Narrow klass shift: 0
Encoding Range: [0x0000000031000000 - 0x0000000131000000), (4294967296 bytes)
Klass Range:    [0x0000000031000000 - 0x0000000072000000), (1090519040 bytes)
Klass ID Range:  [8 - 1090519033) (1090519025)
Protection zone: [0x0000000031000000 - 0x0000000031001000), (4096 bytes)

GC Precious Log:
 CardTable entry size: 512
 Card Set container configuration: InlinePtr #cards 4 size 8 Array Of Cards #cards 16 size 48 Howl #buckets 8 coarsen threshold 3686 Howl Bitmap #cards 512 size 80 coarsen threshold 460 Card regions per heap region 1 cards per card region 4096
 CPUs: 12 total, 12 available
 Memory: 15608M
 Large Page Support: Disabled
 NUMA Support: Disabled
 Compressed Oops: Enabled (Zero based)
 Heap Region Size: 2M
 Heap Min Capacity: 8M
 Heap Initial Capacity: 8M
 Heap Max Capacity: 3904M
 Pre-touch: Disabled
 Parallel Workers: 10
 Concurrent Workers: 3
 Concurrent Refinement Workers: 10
 Periodic GC: Disabled

Heap:
 garbage-first heap   total reserved 3997696K, committed 720896K, used 145340K [0x000000070c000000, 0x0000000800000000)
  region size 2M, 18 eden (36M), 3 survivor (6M), 52 old (104M), 0 humongous (0M), 279 free (558M)

Heap Regions: E=young(eden), S=young(survivor), O=old, HS=humongous(starts), HC=humongous(continues), CS=collection set, F=free, TAMS=top-at-mark-start, PB=parsable bottom
|    0|0x000000070c000000, 0x000000070c200000, 0x000000070c200000|100%| O|  |TAMS 0x000000070c000000| PB 0x000000070c000000| Untracked |  0
|    1|0x000000070c200000, 0x000000070c400000, 0x000000070c400000|100%| O|  |TAMS 0x000000070c200000| PB 0x000000070c200000| Untracked |  0
|    2|0x000000070c400000, 0x000000070c600000, 0x000000070c600000|100%| O|  |TAMS 0x000000070c400000| PB 0x000000070c400000| Untracked |  0
|    3|0x000000070c600000, 0x000000070c800000, 0x000000070c800000|100%| O|  |TAMS 0x000000070c600000| PB 0x000000070c600000| Untracked |  0
|    4|0x000000070c800000, 0x000000070ca00000, 0x000000070ca00000|100%| O|  |TAMS 0x000000070c800000| PB 0x000000070c800000| Untracked |  0
|    5|0x000000070ca00000, 0x000000070cc00000, 0x000000070cc00000|100%| O|  |TAMS 0x000000070ca00000| PB 0x000000070ca00000| Untracked |  0
|    6|0x000000070cc00000, 0x000000070ce00000, 0x000000070ce00000|100%| O|  |TAMS 0x000000070cc00000| PB 0x000000070cc00000| Untracked |  0
|    7|0x000000070ce00000, 0x000000070d000000, 0x000000070d000000|100%| O|Cm|TAMS 0x000000070ce00000| PB 0x000000070ce00000| Complete  |  0
|    8|0x000000070d000000, 0x000000070d200000, 0x000000070d200000|100%| O|  |TAMS 0x000000070d000000| PB 0x000000070d000000| Untracked |  0
|    9|0x000000070d200000, 0x000000070d400000, 0x000000070d400000|100%| O|  |TAMS 0x000000070d200000| PB 0x000000070d200000| Untracked |  0
|   10|0x000000070d400000, 0x000000070d600000, 0x000000070d600000|100%| O|  |TAMS 0x000000070d400000| PB 0x000000070d400000| Untracked |  0
|   11|0x000000070d600000, 0x000000070d800000, 0x000000070d800000|100%| O|  |TAMS 0x000000070d600000| PB 0x000000070d600000| Untracked |  0
|   12|0x000000070d800000, 0x000000070da00000, 0x000000070da00000|100%| O|  |TAMS 0x000000070d800000| PB 0x000000070d800000| Untracked |  0
|   13|0x000000070da00000, 0x000000070dc00000, 0x000000070dc00000|100%| O|  |TAMS 0x000000070da00000| PB 0x000000070da00000| Untracked |  0
|   14|0x000000070dc00000, 0x000000070de00000, 0x000000070de00000|100%| O|  |TAMS 0x000000070dc00000| PB 0x000000070dc00000| Untracked |  0
|   15|0x000000070de00000, 0x000000070e000000, 0x000000070e000000|100%| O|  |TAMS 0x000000070de00000| PB 0x000000070de00000| Untracked |  0
|   16|0x000000070e000000, 0x000000070e200000, 0x000000070e200000|100%| O|  |TAMS 0x000000070e000000| PB 0x000000070e000000| Untracked |  0
|   17|0x000000070e200000, 0x000000070e400000, 0x000000070e400000|100%| O|Cm|TAMS 0x000000070e200000| PB 0x000000070e200000| Complete  |  0
|   18|0x000000070e400000, 0x000000070e522118, 0x000000070e600000| 56%| O|  |TAMS 0x000000070e400000| PB 0x000000070e400000| Untracked |  0
|   19|0x000000070e600000, 0x000000070e800000, 0x000000070e800000|100%| O|  |TAMS 0x000000070e600000| PB 0x000000070e600000| Untracked |  0
|   20|0x000000070e800000, 0x000000070ea00000, 0x000000070ea00000|100%| O|  |TAMS 0x000000070e800000| PB 0x000000070e800000| Untracked |  0
|   21|0x000000070ea00000, 0x000000070ec00000, 0x000000070ec00000|100%| O|  |TAMS 0x000000070ea00000| PB 0x000000070ea00000| Untracked |  0
|   22|0x000000070ec00000, 0x000000070ee00000, 0x000000070ee00000|100%| O|  |TAMS 0x000000070ec00000| PB 0x000000070ec00000| Untracked |  0
|   23|0x000000070ee00000, 0x000000070f000000, 0x000000070f000000|100%| O|  |TAMS 0x000000070ee00000| PB 0x000000070ee00000| Untracked |  0
|   24|0x000000070f000000, 0x000000070f200000, 0x000000070f200000|100%| O|  |TAMS 0x000000070f000000| PB 0x000000070f000000| Untracked |  0
|   25|0x000000070f200000, 0x000000070f400000, 0x000000070f400000|100%| O|  |TAMS 0x000000070f200000| PB 0x000000070f200000| Untracked |  0
|   26|0x000000070f400000, 0x000000070f600000, 0x000000070f600000|100%| O|  |TAMS 0x000000070f400000| PB 0x000000070f400000| Untracked |  0
|   27|0x000000070f600000, 0x000000070f800000, 0x000000070f800000|100%| O|  |TAMS 0x000000070f600000| PB 0x000000070f600000| Untracked |  0
|   28|0x000000070f800000, 0x000000070fa00000, 0x000000070fa00000|100%| O|  |TAMS 0x000000070f800000| PB 0x000000070f800000| Untracked |  0
|   29|0x000000070fa00000, 0x000000070fc00000, 0x000000070fc00000|100%| O|  |TAMS 0x000000070fa00000| PB 0x000000070fa00000| Untracked |  0
|   30|0x000000070fc00000, 0x000000070fe00000, 0x000000070fe00000|100%| O|  |TAMS 0x000000070fc00000| PB 0x000000070fc00000| Untracked |  0
|   31|0x000000070fe00000, 0x0000000710000000, 0x0000000710000000|100%| O|  |TAMS 0x000000070fe00000| PB 0x000000070fe00000| Untracked |  0
|   32|0x0000000710000000, 0x0000000710200000, 0x0000000710200000|100%| O|  |TAMS 0x0000000710000000| PB 0x0000000710000000| Untracked |  0
|   33|0x0000000710200000, 0x0000000710400000, 0x0000000710400000|100%| O|  |TAMS 0x0000000710200000| PB 0x0000000710200000| Untracked |  0
|   34|0x0000000710400000, 0x0000000710600000, 0x0000000710600000|100%| O|  |TAMS 0x0000000710400000| PB 0x0000000710400000| Untracked |  0
|   35|0x0000000710600000, 0x0000000710800000, 0x0000000710800000|100%| O|  |TAMS 0x0000000710600000| PB 0x0000000710600000| Untracked |  0
|   36|0x0000000710800000, 0x0000000710a00000, 0x0000000710a00000|100%| O|  |TAMS 0x0000000710800000| PB 0x0000000710800000| Untracked |  0
|   37|0x0000000710a00000, 0x0000000710c00000, 0x0000000710c00000|100%| O|  |TAMS 0x0000000710a00000| PB 0x0000000710a00000| Untracked |  0
|   38|0x0000000710c00000, 0x0000000710e00000, 0x0000000710e00000|100%| O|  |TAMS 0x0000000710c00000| PB 0x0000000710c00000| Untracked |  0
|   39|0x0000000710e00000, 0x0000000711000000, 0x0000000711000000|100%| O|  |TAMS 0x0000000710e00000| PB 0x0000000710e00000| Untracked |  0
|   40|0x0000000711000000, 0x0000000711200000, 0x0000000711200000|100%| O|  |TAMS 0x0000000711000000| PB 0x0000000711000000| Untracked |  0
|   41|0x0000000711200000, 0x0000000711400000, 0x0000000711400000|100%| O|  |TAMS 0x0000000711200000| PB 0x0000000711200000| Untracked |  0
|   42|0x0000000711400000, 0x0000000711600000, 0x0000000711600000|100%| O|  |TAMS 0x0000000711400000| PB 0x0000000711400000| Untracked |  0
|   43|0x0000000711600000, 0x0000000711800000, 0x0000000711800000|100%| O|  |TAMS 0x0000000711600000| PB 0x0000000711600000| Untracked |  0
|   44|0x0000000711800000, 0x0000000711a00000, 0x0000000711a00000|100%| O|  |TAMS 0x0000000711800000| PB 0x0000000711800000| Untracked |  0
|   45|0x0000000711a00000, 0x0000000711c00000, 0x0000000711c00000|100%| O|  |TAMS 0x0000000711a00000| PB 0x0000000711a00000| Untracked |  0
|   46|0x0000000711c00000, 0x0000000711e00000, 0x0000000711e00000|100%| O|  |TAMS 0x0000000711c00000| PB 0x0000000711c00000| Untracked |  0
|   47|0x0000000711e00000, 0x0000000712000000, 0x0000000712000000|100%| O|  |TAMS 0x0000000711e00000| PB 0x0000000711e00000| Untracked |  0
|   48|0x0000000712000000, 0x0000000712200000, 0x0000000712200000|100%| O|  |TAMS 0x0000000712000000| PB 0x0000000712000000| Untracked |  0
|   49|0x0000000712200000, 0x0000000712400000, 0x0000000712400000|100%| O|  |TAMS 0x0000000712200000| PB 0x0000000712200000| Untracked |  0
|   50|0x0000000712400000, 0x0000000712600000, 0x0000000712600000|100%| O|  |TAMS 0x0000000712400000| PB 0x0000000712400000| Untracked |  0
|   51|0x0000000712600000, 0x0000000712600000, 0x0000000712800000|  0%| F|  |TAMS 0x0000000712600000| PB 0x0000000712600000| Untracked |  0
|   52|0x0000000712800000, 0x0000000712800000, 0x0000000712a00000|  0%| F|  |TAMS 0x0000000712800000| PB 0x0000000712800000| Untracked |  0
|   53|0x0000000712a00000, 0x0000000712c00000, 0x0000000712c00000|100%| O|  |TAMS 0x0000000712a00000| PB 0x0000000712a00000| Untracked |  0
|   54|0x0000000712c00000, 0x0000000712c00000, 0x0000000712e00000|  0%| F|  |TAMS 0x0000000712c00000| PB 0x0000000712c00000| Untracked |  0
|   55|0x0000000712e00000, 0x0000000712e00000, 0x0000000713000000|  0%| F|  |TAMS 0x0000000712e00000| PB 0x0000000712e00000| Untracked |  0
|   56|0x0000000713000000, 0x0000000713000000, 0x0000000713200000|  0%| F|  |TAMS 0x0000000713000000| PB 0x0000000713000000| Untracked |  0
|   57|0x0000000713200000, 0x0000000713200000, 0x0000000713400000|  0%| F|  |TAMS 0x0000000713200000| PB 0x0000000713200000| Untracked |  0
|   58|0x0000000713400000, 0x0000000713400000, 0x0000000713600000|  0%| F|  |TAMS 0x0000000713400000| PB 0x0000000713400000| Untracked |  0
|   59|0x0000000713600000, 0x0000000713600000, 0x0000000713800000|  0%| F|  |TAMS 0x0000000713600000| PB 0x0000000713600000| Untracked |  0
|   60|0x0000000713800000, 0x0000000713800000, 0x0000000713a00000|  0%| F|  |TAMS 0x0000000713800000| PB 0x0000000713800000| Untracked |  0
|   61|0x0000000713a00000, 0x0000000713a00000, 0x0000000713c00000|  0%| F|  |TAMS 0x0000000713a00000| PB 0x0000000713a00000| Untracked |  0
|   62|0x0000000713c00000, 0x0000000713c00000, 0x0000000713e00000|  0%| F|  |TAMS 0x0000000713c00000| PB 0x0000000713c00000| Untracked |  0
|   63|0x0000000713e00000, 0x0000000713e00000, 0x0000000714000000|  0%| F|  |TAMS 0x0000000713e00000| PB 0x0000000713e00000| Untracked |  0
|   64|0x0000000714000000, 0x0000000714000000, 0x0000000714200000|  0%| F|  |TAMS 0x0000000714000000| PB 0x0000000714000000| Untracked |  0
|   65|0x0000000714200000, 0x0000000714200000, 0x0000000714400000|  0%| F|  |TAMS 0x0000000714200000| PB 0x0000000714200000| Untracked |  0
|   66|0x0000000714400000, 0x0000000714400000, 0x0000000714600000|  0%| F|  |TAMS 0x0000000714400000| PB 0x0000000714400000| Untracked |  0
|   67|0x0000000714600000, 0x0000000714600000, 0x0000000714800000|  0%| F|  |TAMS 0x0000000714600000| PB 0x0000000714600000| Untracked |  0
|   68|0x0000000714800000, 0x0000000714800000, 0x0000000714a00000|  0%| F|  |TAMS 0x0000000714800000| PB 0x0000000714800000| Untracked |  0
|   69|0x0000000714a00000, 0x0000000714a00000, 0x0000000714c00000|  0%| F|  |TAMS 0x0000000714a00000| PB 0x0000000714a00000| Untracked |  0
|   70|0x0000000714c00000, 0x0000000714c00000, 0x0000000714e00000|  0%| F|  |TAMS 0x0000000714c00000| PB 0x0000000714c00000| Untracked |  0
|   71|0x0000000714e00000, 0x0000000714e00000, 0x0000000715000000|  0%| F|  |TAMS 0x0000000714e00000| PB 0x0000000714e00000| Untracked |  0
|   72|0x0000000715000000, 0x0000000715000000, 0x0000000715200000|  0%| F|  |TAMS 0x0000000715000000| PB 0x0000000715000000| Untracked |  0
|   73|0x0000000715200000, 0x0000000715200000, 0x0000000715400000|  0%| F|  |TAMS 0x0000000715200000| PB 0x0000000715200000| Untracked |  0
|   74|0x0000000715400000, 0x0000000715400000, 0x0000000715600000|  0%| F|  |TAMS 0x0000000715400000| PB 0x0000000715400000| Untracked |  0
|   75|0x0000000715600000, 0x0000000715600000, 0x0000000715800000|  0%| F|  |TAMS 0x0000000715600000| PB 0x0000000715600000| Untracked |  0
|   76|0x0000000715800000, 0x0000000715800000, 0x0000000715a00000|  0%| F|  |TAMS 0x0000000715800000| PB 0x0000000715800000| Untracked |  0
|   77|0x0000000715a00000, 0x0000000715a00000, 0x0000000715c00000|  0%| F|  |TAMS 0x0000000715a00000| PB 0x0000000715a00000| Untracked |  0
|   78|0x0000000715c00000, 0x0000000715c00000, 0x0000000715e00000|  0%| F|  |TAMS 0x0000000715c00000| PB 0x0000000715c00000| Untracked |  0
|   79|0x0000000715e00000, 0x0000000715e00000, 0x0000000716000000|  0%| F|  |TAMS 0x0000000715e00000| PB 0x0000000715e00000| Untracked |  0
|   80|0x0000000716000000, 0x0000000716000000, 0x0000000716200000|  0%| F|  |TAMS 0x0000000716000000| PB 0x0000000716000000| Untracked |  0
|   81|0x0000000716200000, 0x0000000716200000, 0x0000000716400000|  0%| F|  |TAMS 0x0000000716200000| PB 0x0000000716200000| Untracked |  0
|   82|0x0000000716400000, 0x0000000716400000, 0x0000000716600000|  0%| F|  |TAMS 0x0000000716400000| PB 0x0000000716400000| Untracked |  0
|   83|0x0000000716600000, 0x0000000716600000, 0x0000000716800000|  0%| F|  |TAMS 0x0000000716600000| PB 0x0000000716600000| Untracked |  0
|   84|0x0000000716800000, 0x0000000716800000, 0x0000000716a00000|  0%| F|  |TAMS 0x0000000716800000| PB 0x0000000716800000| Untracked |  0
|   85|0x0000000716a00000, 0x0000000716a00000, 0x0000000716c00000|  0%| F|  |TAMS 0x0000000716a00000| PB 0x0000000716a00000| Untracked |  0
|   86|0x0000000716c00000, 0x0000000716c00000, 0x0000000716e00000|  0%| F|  |TAMS 0x0000000716c00000| PB 0x0000000716c00000| Untracked |  0
|   87|0x0000000716e00000, 0x0000000716e00000, 0x0000000717000000|  0%| F|  |TAMS 0x0000000716e00000| PB 0x0000000716e00000| Untracked |  0
|   88|0x0000000717000000, 0x0000000717000000, 0x0000000717200000|  0%| F|  |TAMS 0x0000000717000000| PB 0x0000000717000000| Untracked |  0
|   89|0x0000000717200000, 0x0000000717200000, 0x0000000717400000|  0%| F|  |TAMS 0x0000000717200000| PB 0x0000000717200000| Untracked |  0
|   90|0x0000000717400000, 0x0000000717400000, 0x0000000717600000|  0%| F|  |TAMS 0x0000000717400000| PB 0x0000000717400000| Untracked |  0
|   91|0x0000000717600000, 0x0000000717600000, 0x0000000717800000|  0%| F|  |TAMS 0x0000000717600000| PB 0x0000000717600000| Untracked |  0
|   92|0x0000000717800000, 0x0000000717800000, 0x0000000717a00000|  0%| F|  |TAMS 0x0000000717800000| PB 0x0000000717800000| Untracked |  0
|   93|0x0000000717a00000, 0x0000000717a00000, 0x0000000717c00000|  0%| F|  |TAMS 0x0000000717a00000| PB 0x0000000717a00000| Untracked |  0
|   94|0x0000000717c00000, 0x0000000717c00000, 0x0000000717e00000|  0%| F|  |TAMS 0x0000000717c00000| PB 0x0000000717c00000| Untracked |  0
|   95|0x0000000717e00000, 0x0000000717e00000, 0x0000000718000000|  0%| F|  |TAMS 0x0000000717e00000| PB 0x0000000717e00000| Untracked |  0
|   96|0x0000000718000000, 0x0000000718000000, 0x0000000718200000|  0%| F|  |TAMS 0x0000000718000000| PB 0x0000000718000000| Untracked |  0
|   97|0x0000000718200000, 0x0000000718200000, 0x0000000718400000|  0%| F|  |TAMS 0x0000000718200000| PB 0x0000000718200000| Untracked |  0
|   98|0x0000000718400000, 0x0000000718400000, 0x0000000718600000|  0%| F|  |TAMS 0x0000000718400000| PB 0x0000000718400000| Untracked |  0
|   99|0x0000000718600000, 0x0000000718600000, 0x0000000718800000|  0%| F|  |TAMS 0x0000000718600000| PB 0x0000000718600000| Untracked |  0
|  100|0x0000000718800000, 0x0000000718800000, 0x0000000718a00000|  0%| F|  |TAMS 0x0000000718800000| PB 0x0000000718800000| Untracked |  0
|  101|0x0000000718a00000, 0x0000000718a00000, 0x0000000718c00000|  0%| F|  |TAMS 0x0000000718a00000| PB 0x0000000718a00000| Untracked |  0
|  102|0x0000000718c00000, 0x0000000718c00000, 0x0000000718e00000|  0%| F|  |TAMS 0x0000000718c00000| PB 0x0000000718c00000| Untracked |  0
|  103|0x0000000718e00000, 0x0000000718e00000, 0x0000000719000000|  0%| F|  |TAMS 0x0000000718e00000| PB 0x0000000718e00000| Untracked |  0
|  104|0x0000000719000000, 0x0000000719000000, 0x0000000719200000|  0%| F|  |TAMS 0x0000000719000000| PB 0x0000000719000000| Untracked |  0
|  105|0x0000000719200000, 0x0000000719200000, 0x0000000719400000|  0%| F|  |TAMS 0x0000000719200000| PB 0x0000000719200000| Untracked |  0
|  106|0x0000000719400000, 0x0000000719400000, 0x0000000719600000|  0%| F|  |TAMS 0x0000000719400000| PB 0x0000000719400000| Untracked |  0
|  107|0x0000000719600000, 0x0000000719600000, 0x0000000719800000|  0%| F|  |TAMS 0x0000000719600000| PB 0x0000000719600000| Untracked |  0
|  108|0x0000000719800000, 0x0000000719800000, 0x0000000719a00000|  0%| F|  |TAMS 0x0000000719800000| PB 0x0000000719800000| Untracked |  0
|  109|0x0000000719a00000, 0x0000000719a00000, 0x0000000719c00000|  0%| F|  |TAMS 0x0000000719a00000| PB 0x0000000719a00000| Untracked |  0
|  110|0x0000000719c00000, 0x0000000719c00000, 0x0000000719e00000|  0%| F|  |TAMS 0x0000000719c00000| PB 0x0000000719c00000| Untracked |  0
|  111|0x0000000719e00000, 0x0000000719e00000, 0x000000071a000000|  0%| F|  |TAMS 0x0000000719e00000| PB 0x0000000719e00000| Untracked |  0
|  112|0x000000071a000000, 0x000000071a000000, 0x000000071a200000|  0%| F|  |TAMS 0x000000071a000000| PB 0x000000071a000000| Untracked |  0
|  113|0x000000071a200000, 0x000000071a200000, 0x000000071a400000|  0%| F|  |TAMS 0x000000071a200000| PB 0x000000071a200000| Untracked |  0
|  114|0x000000071a400000, 0x000000071a400000, 0x000000071a600000|  0%| F|  |TAMS 0x000000071a400000| PB 0x000000071a400000| Untracked |  0
|  115|0x000000071a600000, 0x000000071a600000, 0x000000071a800000|  0%| F|  |TAMS 0x000000071a600000| PB 0x000000071a600000| Untracked |  0
|  116|0x000000071a800000, 0x000000071a800000, 0x000000071aa00000|  0%| F|  |TAMS 0x000000071a800000| PB 0x000000071a800000| Untracked |  0
|  117|0x000000071aa00000, 0x000000071aa00000, 0x000000071ac00000|  0%| F|  |TAMS 0x000000071aa00000| PB 0x000000071aa00000| Untracked |  0
|  118|0x000000071ac00000, 0x000000071ac00000, 0x000000071ae00000|  0%| F|  |TAMS 0x000000071ac00000| PB 0x000000071ac00000| Untracked |  0
|  119|0x000000071ae00000, 0x000000071ae00000, 0x000000071b000000|  0%| F|  |TAMS 0x000000071ae00000| PB 0x000000071ae00000| Untracked |  0
|  120|0x000000071b000000, 0x000000071b000000, 0x000000071b200000|  0%| F|  |TAMS 0x000000071b000000| PB 0x000000071b000000| Untracked |  0
|  121|0x000000071b200000, 0x000000071b200000, 0x000000071b400000|  0%| F|  |TAMS 0x000000071b200000| PB 0x000000071b200000| Untracked |  0
|  122|0x000000071b400000, 0x000000071b400000, 0x000000071b600000|  0%| F|  |TAMS 0x000000071b400000| PB 0x000000071b400000| Untracked |  0
|  123|0x000000071b600000, 0x000000071b600000, 0x000000071b800000|  0%| F|  |TAMS 0x000000071b600000| PB 0x000000071b600000| Untracked |  0
|  124|0x000000071b800000, 0x000000071b800000, 0x000000071ba00000|  0%| F|  |TAMS 0x000000071b800000| PB 0x000000071b800000| Untracked |  0
|  125|0x000000071ba00000, 0x000000071ba00000, 0x000000071bc00000|  0%| F|  |TAMS 0x000000071ba00000| PB 0x000000071ba00000| Untracked |  0
|  126|0x000000071bc00000, 0x000000071bc00000, 0x000000071be00000|  0%| F|  |TAMS 0x000000071bc00000| PB 0x000000071bc00000| Untracked |  0
|  127|0x000000071be00000, 0x000000071be00000, 0x000000071c000000|  0%| F|  |TAMS 0x000000071be00000| PB 0x000000071be00000| Untracked |  0
|  128|0x000000071c000000, 0x000000071c000000, 0x000000071c200000|  0%| F|  |TAMS 0x000000071c000000| PB 0x000000071c000000| Untracked |  0
|  129|0x000000071c200000, 0x000000071c200000, 0x000000071c400000|  0%| F|  |TAMS 0x000000071c200000| PB 0x000000071c200000| Untracked |  0
|  130|0x000000071c400000, 0x000000071c400000, 0x000000071c600000|  0%| F|  |TAMS 0x000000071c400000| PB 0x000000071c400000| Untracked |  0
|  131|0x000000071c600000, 0x000000071c600000, 0x000000071c800000|  0%| F|  |TAMS 0x000000071c600000| PB 0x000000071c600000| Untracked |  0
|  132|0x000000071c800000, 0x000000071c800000, 0x000000071ca00000|  0%| F|  |TAMS 0x000000071c800000| PB 0x000000071c800000| Untracked |  0
|  133|0x000000071ca00000, 0x000000071ca00000, 0x000000071cc00000|  0%| F|  |TAMS 0x000000071ca00000| PB 0x000000071ca00000| Untracked |  0
|  134|0x000000071cc00000, 0x000000071cc00000, 0x000000071ce00000|  0%| F|  |TAMS 0x000000071cc00000| PB 0x000000071cc00000| Untracked |  0
|  135|0x000000071ce00000, 0x000000071ce00000, 0x000000071d000000|  0%| F|  |TAMS 0x000000071ce00000| PB 0x000000071ce00000| Untracked |  0
|  136|0x000000071d000000, 0x000000071d000000, 0x000000071d200000|  0%| F|  |TAMS 0x000000071d000000| PB 0x000000071d000000| Untracked |  0
|  137|0x000000071d200000, 0x000000071d200000, 0x000000071d400000|  0%| F|  |TAMS 0x000000071d200000| PB 0x000000071d200000| Untracked |  0
|  138|0x000000071d400000, 0x000000071d400000, 0x000000071d600000|  0%| F|  |TAMS 0x000000071d400000| PB 0x000000071d400000| Untracked |  0
|  139|0x000000071d600000, 0x000000071d600000, 0x000000071d800000|  0%| F|  |TAMS 0x000000071d600000| PB 0x000000071d600000| Untracked |  0
|  140|0x000000071d800000, 0x000000071d800000, 0x000000071da00000|  0%| F|  |TAMS 0x000000071d800000| PB 0x000000071d800000| Untracked |  0
|  141|0x000000071da00000, 0x000000071dacd0c8, 0x000000071dc00000| 40%| S|CS|TAMS 0x000000071da00000| PB 0x000000071da00000| Complete  |  0
|  142|0x000000071dc00000, 0x000000071de00000, 0x000000071de00000|100%| S|CS|TAMS 0x000000071dc00000| PB 0x000000071dc00000| Complete  |  0
|  143|0x000000071de00000, 0x000000071e000000, 0x000000071e000000|100%| S|CS|TAMS 0x000000071de00000| PB 0x000000071de00000| Complete  |  0
|  144|0x000000071e000000, 0x000000071e000000, 0x000000071e200000|  0%| F|  |TAMS 0x000000071e000000| PB 0x000000071e000000| Untracked |  0
|  145|0x000000071e200000, 0x000000071e200000, 0x000000071e400000|  0%| F|  |TAMS 0x000000071e200000| PB 0x000000071e200000| Untracked |  0
|  146|0x000000071e400000, 0x000000071e400000, 0x000000071e600000|  0%| F|  |TAMS 0x000000071e400000| PB 0x000000071e400000| Untracked |  0
|  147|0x000000071e600000, 0x000000071e600000, 0x000000071e800000|  0%| F|  |TAMS 0x000000071e600000| PB 0x000000071e600000| Untracked |  0
|  148|0x000000071e800000, 0x000000071e800000, 0x000000071ea00000|  0%| F|  |TAMS 0x000000071e800000| PB 0x000000071e800000| Untracked |  0
|  149|0x000000071ea00000, 0x000000071ea00000, 0x000000071ec00000|  0%| F|  |TAMS 0x000000071ea00000| PB 0x000000071ea00000| Untracked |  0
|  150|0x000000071ec00000, 0x000000071ec00000, 0x000000071ee00000|  0%| F|  |TAMS 0x000000071ec00000| PB 0x000000071ec00000| Untracked |  0
|  151|0x000000071ee00000, 0x000000071ee00000, 0x000000071f000000|  0%| F|  |TAMS 0x000000071ee00000| PB 0x000000071ee00000| Untracked |  0
|  152|0x000000071f000000, 0x000000071f000000, 0x000000071f200000|  0%| F|  |TAMS 0x000000071f000000| PB 0x000000071f000000| Untracked |  0
|  153|0x000000071f200000, 0x000000071f200000, 0x000000071f400000|  0%| F|  |TAMS 0x000000071f200000| PB 0x000000071f200000| Untracked |  0
|  154|0x000000071f400000, 0x000000071f400000, 0x000000071f600000|  0%| F|  |TAMS 0x000000071f400000| PB 0x000000071f400000| Untracked |  0
|  155|0x000000071f600000, 0x000000071f600000, 0x000000071f800000|  0%| F|  |TAMS 0x000000071f600000| PB 0x000000071f600000| Untracked |  0
|  156|0x000000071f800000, 0x000000071f800000, 0x000000071fa00000|  0%| F|  |TAMS 0x000000071f800000| PB 0x000000071f800000| Untracked |  0
|  157|0x000000071fa00000, 0x000000071fa00000, 0x000000071fc00000|  0%| F|  |TAMS 0x000000071fa00000| PB 0x000000071fa00000| Untracked |  0
|  158|0x000000071fc00000, 0x000000071fc00000, 0x000000071fe00000|  0%| F|  |TAMS 0x000000071fc00000| PB 0x000000071fc00000| Untracked |  0
|  159|0x000000071fe00000, 0x000000071fe00000, 0x0000000720000000|  0%| F|  |TAMS 0x000000071fe00000| PB 0x000000071fe00000| Untracked |  0
|  160|0x0000000720000000, 0x0000000720000000, 0x0000000720200000|  0%| F|  |TAMS 0x0000000720000000| PB 0x0000000720000000| Untracked |  0
|  161|0x0000000720200000, 0x0000000720200000, 0x0000000720400000|  0%| F|  |TAMS 0x0000000720200000| PB 0x0000000720200000| Untracked |  0
|  162|0x0000000720400000, 0x0000000720400000, 0x0000000720600000|  0%| F|  |TAMS 0x0000000720400000| PB 0x0000000720400000| Untracked |  0
|  163|0x0000000720600000, 0x0000000720600000, 0x0000000720800000|  0%| F|  |TAMS 0x0000000720600000| PB 0x0000000720600000| Untracked |  0
|  164|0x0000000720800000, 0x0000000720800000, 0x0000000720a00000|  0%| F|  |TAMS 0x0000000720800000| PB 0x0000000720800000| Untracked |  0
|  165|0x0000000720a00000, 0x0000000720a00000, 0x0000000720c00000|  0%| F|  |TAMS 0x0000000720a00000| PB 0x0000000720a00000| Untracked |  0
|  166|0x0000000720c00000, 0x0000000720c00000, 0x0000000720e00000|  0%| F|  |TAMS 0x0000000720c00000| PB 0x0000000720c00000| Untracked |  0
|  167|0x0000000720e00000, 0x0000000720e00000, 0x0000000721000000|  0%| F|  |TAMS 0x0000000720e00000| PB 0x0000000720e00000| Untracked |  0
|  168|0x0000000721000000, 0x0000000721000000, 0x0000000721200000|  0%| F|  |TAMS 0x0000000721000000| PB 0x0000000721000000| Untracked |  0
|  169|0x0000000721200000, 0x0000000721200000, 0x0000000721400000|  0%| F|  |TAMS 0x0000000721200000| PB 0x0000000721200000| Untracked |  0
|  170|0x0000000721400000, 0x0000000721400000, 0x0000000721600000|  0%| F|  |TAMS 0x0000000721400000| PB 0x0000000721400000| Untracked |  0
|  171|0x0000000721600000, 0x0000000721600000, 0x0000000721800000|  0%| F|  |TAMS 0x0000000721600000| PB 0x0000000721600000| Untracked |  0
|  172|0x0000000721800000, 0x0000000721800000, 0x0000000721a00000|  0%| F|  |TAMS 0x0000000721800000| PB 0x0000000721800000| Untracked |  0
|  173|0x0000000721a00000, 0x0000000721a00000, 0x0000000721c00000|  0%| F|  |TAMS 0x0000000721a00000| PB 0x0000000721a00000| Untracked |  0
|  174|0x0000000721c00000, 0x0000000721c00000, 0x0000000721e00000|  0%| F|  |TAMS 0x0000000721c00000| PB 0x0000000721c00000| Untracked |  0
|  175|0x0000000721e00000, 0x0000000721e00000, 0x0000000722000000|  0%| F|  |TAMS 0x0000000721e00000| PB 0x0000000721e00000| Untracked |  0
|  176|0x0000000722000000, 0x0000000722000000, 0x0000000722200000|  0%| F|  |TAMS 0x0000000722000000| PB 0x0000000722000000| Untracked |  0
|  177|0x0000000722200000, 0x0000000722200000, 0x0000000722400000|  0%| F|  |TAMS 0x0000000722200000| PB 0x0000000722200000| Untracked |  0
|  178|0x0000000722400000, 0x0000000722400000, 0x0000000722600000|  0%| F|  |TAMS 0x0000000722400000| PB 0x0000000722400000| Untracked |  0
|  179|0x0000000722600000, 0x0000000722600000, 0x0000000722800000|  0%| F|  |TAMS 0x0000000722600000| PB 0x0000000722600000| Untracked |  0
|  180|0x0000000722800000, 0x0000000722800000, 0x0000000722a00000|  0%| F|  |TAMS 0x0000000722800000| PB 0x0000000722800000| Untracked |  0
|  181|0x0000000722a00000, 0x0000000722a00000, 0x0000000722c00000|  0%| F|  |TAMS 0x0000000722a00000| PB 0x0000000722a00000| Untracked |  0
|  182|0x0000000722c00000, 0x0000000722c00000, 0x0000000722e00000|  0%| F|  |TAMS 0x0000000722c00000| PB 0x0000000722c00000| Untracked |  0
|  183|0x0000000722e00000, 0x0000000722e00000, 0x0000000723000000|  0%| F|  |TAMS 0x0000000722e00000| PB 0x0000000722e00000| Untracked |  0
|  184|0x0000000723000000, 0x0000000723000000, 0x0000000723200000|  0%| F|  |TAMS 0x0000000723000000| PB 0x0000000723000000| Untracked |  0
|  185|0x0000000723200000, 0x0000000723200000, 0x0000000723400000|  0%| F|  |TAMS 0x0000000723200000| PB 0x0000000723200000| Untracked |  0
|  186|0x0000000723400000, 0x0000000723400000, 0x0000000723600000|  0%| F|  |TAMS 0x0000000723400000| PB 0x0000000723400000| Untracked |  0
|  187|0x0000000723600000, 0x0000000723600000, 0x0000000723800000|  0%| F|  |TAMS 0x0000000723600000| PB 0x0000000723600000| Untracked |  0
|  188|0x0000000723800000, 0x0000000723800000, 0x0000000723a00000|  0%| F|  |TAMS 0x0000000723800000| PB 0x0000000723800000| Untracked |  0
|  189|0x0000000723a00000, 0x0000000723a00000, 0x0000000723c00000|  0%| F|  |TAMS 0x0000000723a00000| PB 0x0000000723a00000| Untracked |  0
|  190|0x0000000723c00000, 0x0000000723c00000, 0x0000000723e00000|  0%| F|  |TAMS 0x0000000723c00000| PB 0x0000000723c00000| Untracked |  0
|  191|0x0000000723e00000, 0x0000000723e00000, 0x0000000724000000|  0%| F|  |TAMS 0x0000000723e00000| PB 0x0000000723e00000| Untracked |  0
|  192|0x0000000724000000, 0x0000000724000000, 0x0000000724200000|  0%| F|  |TAMS 0x0000000724000000| PB 0x0000000724000000| Untracked |  0
|  193|0x0000000724200000, 0x0000000724200000, 0x0000000724400000|  0%| F|  |TAMS 0x0000000724200000| PB 0x0000000724200000| Untracked |  0
|  194|0x0000000724400000, 0x0000000724400000, 0x0000000724600000|  0%| F|  |TAMS 0x0000000724400000| PB 0x0000000724400000| Untracked |  0
|  195|0x0000000724600000, 0x0000000724600000, 0x0000000724800000|  0%| F|  |TAMS 0x0000000724600000| PB 0x0000000724600000| Untracked |  0
|  196|0x0000000724800000, 0x0000000724800000, 0x0000000724a00000|  0%| F|  |TAMS 0x0000000724800000| PB 0x0000000724800000| Untracked |  0
|  197|0x0000000724a00000, 0x0000000724a00000, 0x0000000724c00000|  0%| F|  |TAMS 0x0000000724a00000| PB 0x0000000724a00000| Untracked |  0
|  198|0x0000000724c00000, 0x0000000724c00000, 0x0000000724e00000|  0%| F|  |TAMS 0x0000000724c00000| PB 0x0000000724c00000| Untracked |  0
|  199|0x0000000724e00000, 0x0000000724e00000, 0x0000000725000000|  0%| F|  |TAMS 0x0000000724e00000| PB 0x0000000724e00000| Untracked |  0
|  200|0x0000000725000000, 0x0000000725000000, 0x0000000725200000|  0%| F|  |TAMS 0x0000000725000000| PB 0x0000000725000000| Untracked |  0
|  201|0x0000000725200000, 0x0000000725200000, 0x0000000725400000|  0%| F|  |TAMS 0x0000000725200000| PB 0x0000000725200000| Untracked |  0
|  202|0x0000000725400000, 0x0000000725400000, 0x0000000725600000|  0%| F|  |TAMS 0x0000000725400000| PB 0x0000000725400000| Untracked |  0
|  203|0x0000000725600000, 0x0000000725600000, 0x0000000725800000|  0%| F|  |TAMS 0x0000000725600000| PB 0x0000000725600000| Untracked |  0
|  204|0x0000000725800000, 0x0000000725800000, 0x0000000725a00000|  0%| F|  |TAMS 0x0000000725800000| PB 0x0000000725800000| Untracked |  0
|  205|0x0000000725a00000, 0x0000000725a00000, 0x0000000725c00000|  0%| F|  |TAMS 0x0000000725a00000| PB 0x0000000725a00000| Untracked |  0
|  206|0x0000000725c00000, 0x0000000725c00000, 0x0000000725e00000|  0%| F|  |TAMS 0x0000000725c00000| PB 0x0000000725c00000| Untracked |  0
|  207|0x0000000725e00000, 0x0000000725e00000, 0x0000000726000000|  0%| F|  |TAMS 0x0000000725e00000| PB 0x0000000725e00000| Untracked |  0
|  208|0x0000000726000000, 0x0000000726000000, 0x0000000726200000|  0%| F|  |TAMS 0x0000000726000000| PB 0x0000000726000000| Untracked |  0
|  209|0x0000000726200000, 0x0000000726200000, 0x0000000726400000|  0%| F|  |TAMS 0x0000000726200000| PB 0x0000000726200000| Untracked |  0
|  210|0x0000000726400000, 0x0000000726400000, 0x0000000726600000|  0%| F|  |TAMS 0x0000000726400000| PB 0x0000000726400000| Untracked |  0
|  211|0x0000000726600000, 0x0000000726600000, 0x0000000726800000|  0%| F|  |TAMS 0x0000000726600000| PB 0x0000000726600000| Untracked |  0
|  212|0x0000000726800000, 0x0000000726800000, 0x0000000726a00000|  0%| F|  |TAMS 0x0000000726800000| PB 0x0000000726800000| Untracked |  0
|  213|0x0000000726a00000, 0x0000000726a00000, 0x0000000726c00000|  0%| F|  |TAMS 0x0000000726a00000| PB 0x0000000726a00000| Untracked |  0
|  214|0x0000000726c00000, 0x0000000726c00000, 0x0000000726e00000|  0%| F|  |TAMS 0x0000000726c00000| PB 0x0000000726c00000| Untracked |  0
|  215|0x0000000726e00000, 0x0000000726e00000, 0x0000000727000000|  0%| F|  |TAMS 0x0000000726e00000| PB 0x0000000726e00000| Untracked |  0
|  216|0x0000000727000000, 0x0000000727000000, 0x0000000727200000|  0%| F|  |TAMS 0x0000000727000000| PB 0x0000000727000000| Untracked |  0
|  217|0x0000000727200000, 0x0000000727200000, 0x0000000727400000|  0%| F|  |TAMS 0x0000000727200000| PB 0x0000000727200000| Untracked |  0
|  218|0x0000000727400000, 0x0000000727400000, 0x0000000727600000|  0%| F|  |TAMS 0x0000000727400000| PB 0x0000000727400000| Untracked |  0
|  219|0x0000000727600000, 0x0000000727600000, 0x0000000727800000|  0%| F|  |TAMS 0x0000000727600000| PB 0x0000000727600000| Untracked |  0
|  220|0x0000000727800000, 0x0000000727800000, 0x0000000727a00000|  0%| F|  |TAMS 0x0000000727800000| PB 0x0000000727800000| Untracked |  0
|  221|0x0000000727a00000, 0x0000000727a00000, 0x0000000727c00000|  0%| F|  |TAMS 0x0000000727a00000| PB 0x0000000727a00000| Untracked |  0
|  222|0x0000000727c00000, 0x0000000727c00000, 0x0000000727e00000|  0%| F|  |TAMS 0x0000000727c00000| PB 0x0000000727c00000| Untracked |  0
|  223|0x0000000727e00000, 0x0000000727e00000, 0x0000000728000000|  0%| F|  |TAMS 0x0000000727e00000| PB 0x0000000727e00000| Untracked |  0
|  224|0x0000000728000000, 0x0000000728000000, 0x0000000728200000|  0%| F|  |TAMS 0x0000000728000000| PB 0x0000000728000000| Untracked |  0
|  225|0x0000000728200000, 0x0000000728200000, 0x0000000728400000|  0%| F|  |TAMS 0x0000000728200000| PB 0x0000000728200000| Untracked |  0
|  226|0x0000000728400000, 0x0000000728400000, 0x0000000728600000|  0%| F|  |TAMS 0x0000000728400000| PB 0x0000000728400000| Untracked |  0
|  227|0x0000000728600000, 0x0000000728600000, 0x0000000728800000|  0%| F|  |TAMS 0x0000000728600000| PB 0x0000000728600000| Untracked |  0
|  228|0x0000000728800000, 0x0000000728800000, 0x0000000728a00000|  0%| F|  |TAMS 0x0000000728800000| PB 0x0000000728800000| Untracked |  0
|  229|0x0000000728a00000, 0x0000000728a00000, 0x0000000728c00000|  0%| F|  |TAMS 0x0000000728a00000| PB 0x0000000728a00000| Untracked |  0
|  230|0x0000000728c00000, 0x0000000728c00000, 0x0000000728e00000|  0%| F|  |TAMS 0x0000000728c00000| PB 0x0000000728c00000| Untracked |  0
|  231|0x0000000728e00000, 0x0000000728e00000, 0x0000000729000000|  0%| F|  |TAMS 0x0000000728e00000| PB 0x0000000728e00000| Untracked |  0
|  232|0x0000000729000000, 0x0000000729000000, 0x0000000729200000|  0%| F|  |TAMS 0x0000000729000000| PB 0x0000000729000000| Untracked |  0
|  233|0x0000000729200000, 0x0000000729200000, 0x0000000729400000|  0%| F|  |TAMS 0x0000000729200000| PB 0x0000000729200000| Untracked |  0
|  234|0x0000000729400000, 0x0000000729400000, 0x0000000729600000|  0%| F|  |TAMS 0x0000000729400000| PB 0x0000000729400000| Untracked |  0
|  235|0x0000000729600000, 0x0000000729600000, 0x0000000729800000|  0%| F|  |TAMS 0x0000000729600000| PB 0x0000000729600000| Untracked |  0
|  236|0x0000000729800000, 0x0000000729800000, 0x0000000729a00000|  0%| F|  |TAMS 0x0000000729800000| PB 0x0000000729800000| Untracked |  0
|  237|0x0000000729a00000, 0x0000000729a00000, 0x0000000729c00000|  0%| F|  |TAMS 0x0000000729a00000| PB 0x0000000729a00000| Untracked |  0
|  238|0x0000000729c00000, 0x0000000729c00000, 0x0000000729e00000|  0%| F|  |TAMS 0x0000000729c00000| PB 0x0000000729c00000| Untracked |  0
|  239|0x0000000729e00000, 0x0000000729e00000, 0x000000072a000000|  0%| F|  |TAMS 0x0000000729e00000| PB 0x0000000729e00000| Untracked |  0
|  240|0x000000072a000000, 0x000000072a000000, 0x000000072a200000|  0%| F|  |TAMS 0x000000072a000000| PB 0x000000072a000000| Untracked |  0
|  241|0x000000072a200000, 0x000000072a200000, 0x000000072a400000|  0%| F|  |TAMS 0x000000072a200000| PB 0x000000072a200000| Untracked |  0
|  242|0x000000072a400000, 0x000000072a400000, 0x000000072a600000|  0%| F|  |TAMS 0x000000072a400000| PB 0x000000072a400000| Untracked |  0
|  243|0x000000072a600000, 0x000000072a600000, 0x000000072a800000|  0%| F|  |TAMS 0x000000072a600000| PB 0x000000072a600000| Untracked |  0
|  244|0x000000072a800000, 0x000000072a800000, 0x000000072aa00000|  0%| F|  |TAMS 0x000000072a800000| PB 0x000000072a800000| Untracked |  0
|  245|0x000000072aa00000, 0x000000072aa00000, 0x000000072ac00000|  0%| F|  |TAMS 0x000000072aa00000| PB 0x000000072aa00000| Untracked |  0
|  246|0x000000072ac00000, 0x000000072ac00000, 0x000000072ae00000|  0%| F|  |TAMS 0x000000072ac00000| PB 0x000000072ac00000| Untracked |  0
|  247|0x000000072ae00000, 0x000000072ae00000, 0x000000072b000000|  0%| F|  |TAMS 0x000000072ae00000| PB 0x000000072ae00000| Untracked |  0
|  248|0x000000072b000000, 0x000000072b000000, 0x000000072b200000|  0%| F|  |TAMS 0x000000072b000000| PB 0x000000072b000000| Untracked |  0
|  249|0x000000072b200000, 0x000000072b200000, 0x000000072b400000|  0%| F|  |TAMS 0x000000072b200000| PB 0x000000072b200000| Untracked |  0
|  250|0x000000072b400000, 0x000000072b400000, 0x000000072b600000|  0%| F|  |TAMS 0x000000072b400000| PB 0x000000072b400000| Untracked |  0
|  251|0x000000072b600000, 0x000000072b600000, 0x000000072b800000|  0%| F|  |TAMS 0x000000072b600000| PB 0x000000072b600000| Untracked |  0
|  252|0x000000072b800000, 0x000000072b800000, 0x000000072ba00000|  0%| F|  |TAMS 0x000000072b800000| PB 0x000000072b800000| Untracked |  0
|  253|0x000000072ba00000, 0x000000072ba00000, 0x000000072bc00000|  0%| F|  |TAMS 0x000000072ba00000| PB 0x000000072ba00000| Untracked |  0
|  254|0x000000072bc00000, 0x000000072bc00000, 0x000000072be00000|  0%| F|  |TAMS 0x000000072bc00000| PB 0x000000072bc00000| Untracked |  0
|  255|0x000000072be00000, 0x000000072be00000, 0x000000072c000000|  0%| F|  |TAMS 0x000000072be00000| PB 0x000000072be00000| Untracked |  0
|  256|0x000000072c000000, 0x000000072c000000, 0x000000072c200000|  0%| F|  |TAMS 0x000000072c000000| PB 0x000000072c000000| Untracked |  0
|  257|0x000000072c200000, 0x000000072c200000, 0x000000072c400000|  0%| F|  |TAMS 0x000000072c200000| PB 0x000000072c200000| Untracked |  0
|  258|0x000000072c400000, 0x000000072c400000, 0x000000072c600000|  0%| F|  |TAMS 0x000000072c400000| PB 0x000000072c400000| Untracked |  0
|  259|0x000000072c600000, 0x000000072c600000, 0x000000072c800000|  0%| F|  |TAMS 0x000000072c600000| PB 0x000000072c600000| Untracked |  0
|  260|0x000000072c800000, 0x000000072c800000, 0x000000072ca00000|  0%| F|  |TAMS 0x000000072c800000| PB 0x000000072c800000| Untracked |  0
|  261|0x000000072ca00000, 0x000000072ca00000, 0x000000072cc00000|  0%| F|  |TAMS 0x000000072ca00000| PB 0x000000072ca00000| Untracked |  0
|  262|0x000000072cc00000, 0x000000072cc00000, 0x000000072ce00000|  0%| F|  |TAMS 0x000000072cc00000| PB 0x000000072cc00000| Untracked |  0
|  263|0x000000072ce00000, 0x000000072ce00000, 0x000000072d000000|  0%| F|  |TAMS 0x000000072ce00000| PB 0x000000072ce00000| Untracked |  0
|  264|0x000000072d000000, 0x000000072d000000, 0x000000072d200000|  0%| F|  |TAMS 0x000000072d000000| PB 0x000000072d000000| Untracked |  0
|  265|0x000000072d200000, 0x000000072d200000, 0x000000072d400000|  0%| F|  |TAMS 0x000000072d200000| PB 0x000000072d200000| Untracked |  0
|  266|0x000000072d400000, 0x000000072d400000, 0x000000072d600000|  0%| F|  |TAMS 0x000000072d400000| PB 0x000000072d400000| Untracked |  0
|  267|0x000000072d600000, 0x000000072d600000, 0x000000072d800000|  0%| F|  |TAMS 0x000000072d600000| PB 0x000000072d600000| Untracked |  0
|  268|0x000000072d800000, 0x000000072d800000, 0x000000072da00000|  0%| F|  |TAMS 0x000000072d800000| PB 0x000000072d800000| Untracked |  0
|  269|0x000000072da00000, 0x000000072da00000, 0x000000072dc00000|  0%| F|  |TAMS 0x000000072da00000| PB 0x000000072da00000| Untracked |  0
|  270|0x000000072dc00000, 0x000000072dc00000, 0x000000072de00000|  0%| F|  |TAMS 0x000000072dc00000| PB 0x000000072dc00000| Untracked |  0
|  271|0x000000072de00000, 0x000000072de00000, 0x000000072e000000|  0%| F|  |TAMS 0x000000072de00000| PB 0x000000072de00000| Untracked |  0
|  272|0x000000072e000000, 0x000000072e000000, 0x000000072e200000|  0%| F|  |TAMS 0x000000072e000000| PB 0x000000072e000000| Untracked |  0
|  273|0x000000072e200000, 0x000000072e200000, 0x000000072e400000|  0%| F|  |TAMS 0x000000072e200000| PB 0x000000072e200000| Untracked |  0
|  274|0x000000072e400000, 0x000000072e400000, 0x000000072e600000|  0%| F|  |TAMS 0x000000072e400000| PB 0x000000072e400000| Untracked |  0
|  275|0x000000072e600000, 0x000000072e600000, 0x000000072e800000|  0%| F|  |TAMS 0x000000072e600000| PB 0x000000072e600000| Untracked |  0
|  276|0x000000072e800000, 0x000000072e800000, 0x000000072ea00000|  0%| F|  |TAMS 0x000000072e800000| PB 0x000000072e800000| Untracked |  0
|  277|0x000000072ea00000, 0x000000072ea00000, 0x000000072ec00000|  0%| F|  |TAMS 0x000000072ea00000| PB 0x000000072ea00000| Untracked |  0
|  278|0x000000072ec00000, 0x000000072ec00000, 0x000000072ee00000|  0%| F|  |TAMS 0x000000072ec00000| PB 0x000000072ec00000| Untracked |  0
|  279|0x000000072ee00000, 0x000000072ee00000, 0x000000072f000000|  0%| F|  |TAMS 0x000000072ee00000| PB 0x000000072ee00000| Untracked |  0
|  280|0x000000072f000000, 0x000000072f000000, 0x000000072f200000|  0%| F|  |TAMS 0x000000072f000000| PB 0x000000072f000000| Untracked |  0
|  281|0x000000072f200000, 0x000000072f200000, 0x000000072f400000|  0%| F|  |TAMS 0x000000072f200000| PB 0x000000072f200000| Untracked |  0
|  282|0x000000072f400000, 0x000000072f400000, 0x000000072f600000|  0%| F|  |TAMS 0x000000072f400000| PB 0x000000072f400000| Untracked |  0
|  283|0x000000072f600000, 0x000000072f600000, 0x000000072f800000|  0%| F|  |TAMS 0x000000072f600000| PB 0x000000072f600000| Untracked |  0
|  284|0x000000072f800000, 0x000000072f800000, 0x000000072fa00000|  0%| F|  |TAMS 0x000000072f800000| PB 0x000000072f800000| Untracked |  0
|  285|0x000000072fa00000, 0x000000072fa00000, 0x000000072fc00000|  0%| F|  |TAMS 0x000000072fa00000| PB 0x000000072fa00000| Untracked |  0
|  286|0x000000072fc00000, 0x000000072fc00000, 0x000000072fe00000|  0%| F|  |TAMS 0x000000072fc00000| PB 0x000000072fc00000| Untracked |  0
|  287|0x000000072fe00000, 0x000000072fe00000, 0x0000000730000000|  0%| F|  |TAMS 0x000000072fe00000| PB 0x000000072fe00000| Untracked |  0
|  288|0x0000000730000000, 0x0000000730000000, 0x0000000730200000|  0%| F|  |TAMS 0x0000000730000000| PB 0x0000000730000000| Untracked |  0
|  289|0x0000000730200000, 0x0000000730200000, 0x0000000730400000|  0%| F|  |TAMS 0x0000000730200000| PB 0x0000000730200000| Untracked |  0
|  290|0x0000000730400000, 0x0000000730400000, 0x0000000730600000|  0%| F|  |TAMS 0x0000000730400000| PB 0x0000000730400000| Untracked |  0
|  291|0x0000000730600000, 0x0000000730600000, 0x0000000730800000|  0%| F|  |TAMS 0x0000000730600000| PB 0x0000000730600000| Untracked |  0
|  292|0x0000000730800000, 0x0000000730800000, 0x0000000730a00000|  0%| F|  |TAMS 0x0000000730800000| PB 0x0000000730800000| Untracked |  0
|  293|0x0000000730a00000, 0x0000000730a00000, 0x0000000730c00000|  0%| F|  |TAMS 0x0000000730a00000| PB 0x0000000730a00000| Untracked |  0
|  294|0x0000000730c00000, 0x0000000730c00000, 0x0000000730e00000|  0%| F|  |TAMS 0x0000000730c00000| PB 0x0000000730c00000| Untracked |  0
|  295|0x0000000730e00000, 0x0000000730e00000, 0x0000000731000000|  0%| F|  |TAMS 0x0000000730e00000| PB 0x0000000730e00000| Untracked |  0
|  296|0x0000000731000000, 0x0000000731000000, 0x0000000731200000|  0%| F|  |TAMS 0x0000000731000000| PB 0x0000000731000000| Untracked |  0
|  297|0x0000000731200000, 0x0000000731200000, 0x0000000731400000|  0%| F|  |TAMS 0x0000000731200000| PB 0x0000000731200000| Untracked |  0
|  298|0x0000000731400000, 0x0000000731400000, 0x0000000731600000|  0%| F|  |TAMS 0x0000000731400000| PB 0x0000000731400000| Untracked |  0
|  299|0x0000000731600000, 0x0000000731600000, 0x0000000731800000|  0%| F|  |TAMS 0x0000000731600000| PB 0x0000000731600000| Untracked |  0
|  300|0x0000000731800000, 0x0000000731800000, 0x0000000731a00000|  0%| F|  |TAMS 0x0000000731800000| PB 0x0000000731800000| Untracked |  0
|  301|0x0000000731a00000, 0x0000000731a00000, 0x0000000731c00000|  0%| F|  |TAMS 0x0000000731a00000| PB 0x0000000731a00000| Untracked |  0
|  302|0x0000000731c00000, 0x0000000731c00000, 0x0000000731e00000|  0%| F|  |TAMS 0x0000000731c00000| PB 0x0000000731c00000| Untracked |  0
|  303|0x0000000731e00000, 0x0000000731e00000, 0x0000000732000000|  0%| F|  |TAMS 0x0000000731e00000| PB 0x0000000731e00000| Untracked |  0
|  304|0x0000000732000000, 0x0000000732000000, 0x0000000732200000|  0%| F|  |TAMS 0x0000000732000000| PB 0x0000000732000000| Untracked |  0
|  305|0x0000000732200000, 0x0000000732200000, 0x0000000732400000|  0%| F|  |TAMS 0x0000000732200000| PB 0x0000000732200000| Untracked |  0
|  306|0x0000000732400000, 0x0000000732400000, 0x0000000732600000|  0%| F|  |TAMS 0x0000000732400000| PB 0x0000000732400000| Untracked |  0
|  307|0x0000000732600000, 0x0000000732600000, 0x0000000732800000|  0%| F|  |TAMS 0x0000000732600000| PB 0x0000000732600000| Untracked |  0
|  308|0x0000000732800000, 0x0000000732800000, 0x0000000732a00000|  0%| F|  |TAMS 0x0000000732800000| PB 0x0000000732800000| Untracked |  0
|  309|0x0000000732a00000, 0x0000000732a00000, 0x0000000732c00000|  0%| F|  |TAMS 0x0000000732a00000| PB 0x0000000732a00000| Untracked |  0
|  310|0x0000000732c00000, 0x0000000732c00000, 0x0000000732e00000|  0%| F|  |TAMS 0x0000000732c00000| PB 0x0000000732c00000| Untracked |  0
|  311|0x0000000732e00000, 0x0000000732e00000, 0x0000000733000000|  0%| F|  |TAMS 0x0000000732e00000| PB 0x0000000732e00000| Untracked |  0
|  312|0x0000000733000000, 0x0000000733000000, 0x0000000733200000|  0%| F|  |TAMS 0x0000000733000000| PB 0x0000000733000000| Untracked |  0
|  313|0x0000000733200000, 0x0000000733200000, 0x0000000733400000|  0%| F|  |TAMS 0x0000000733200000| PB 0x0000000733200000| Untracked |  0
|  314|0x0000000733400000, 0x0000000733400000, 0x0000000733600000|  0%| F|  |TAMS 0x0000000733400000| PB 0x0000000733400000| Untracked |  0
|  315|0x0000000733600000, 0x0000000733600000, 0x0000000733800000|  0%| F|  |TAMS 0x0000000733600000| PB 0x0000000733600000| Untracked |  0
|  316|0x0000000733800000, 0x0000000733800000, 0x0000000733a00000|  0%| F|  |TAMS 0x0000000733800000| PB 0x0000000733800000| Untracked |  0
|  317|0x0000000733a00000, 0x0000000733a00000, 0x0000000733c00000|  0%| F|  |TAMS 0x0000000733a00000| PB 0x0000000733a00000| Untracked |  0
|  318|0x0000000733c00000, 0x0000000733c00000, 0x0000000733e00000|  0%| F|  |TAMS 0x0000000733c00000| PB 0x0000000733c00000| Untracked |  0
|  319|0x0000000733e00000, 0x0000000733e00000, 0x0000000734000000|  0%| F|  |TAMS 0x0000000733e00000| PB 0x0000000733e00000| Untracked |  0
|  320|0x0000000734000000, 0x0000000734000000, 0x0000000734200000|  0%| F|  |TAMS 0x0000000734000000| PB 0x0000000734000000| Untracked |  0
|  321|0x0000000734200000, 0x0000000734200000, 0x0000000734400000|  0%| F|  |TAMS 0x0000000734200000| PB 0x0000000734200000| Untracked |  0
|  322|0x0000000734400000, 0x0000000734400000, 0x0000000734600000|  0%| F|  |TAMS 0x0000000734400000| PB 0x0000000734400000| Untracked |  0
|  323|0x0000000734600000, 0x0000000734600000, 0x0000000734800000|  0%| F|  |TAMS 0x0000000734600000| PB 0x0000000734600000| Untracked |  0
|  324|0x0000000734800000, 0x0000000734800000, 0x0000000734a00000|  0%| F|  |TAMS 0x0000000734800000| PB 0x0000000734800000| Untracked |  0
|  325|0x0000000734a00000, 0x0000000734a00000, 0x0000000734c00000|  0%| F|  |TAMS 0x0000000734a00000| PB 0x0000000734a00000| Untracked |  0
|  326|0x0000000734c00000, 0x0000000734c00000, 0x0000000734e00000|  0%| F|  |TAMS 0x0000000734c00000| PB 0x0000000734c00000| Untracked |  0
|  327|0x0000000734e00000, 0x0000000734e00000, 0x0000000735000000|  0%| F|  |TAMS 0x0000000734e00000| PB 0x0000000734e00000| Untracked |  0
|  328|0x0000000735000000, 0x0000000735000000, 0x0000000735200000|  0%| F|  |TAMS 0x0000000735000000| PB 0x0000000735000000| Untracked |  0
|  329|0x0000000735200000, 0x0000000735200000, 0x0000000735400000|  0%| F|  |TAMS 0x0000000735200000| PB 0x0000000735200000| Untracked |  0
|  330|0x0000000735400000, 0x0000000735400000, 0x0000000735600000|  0%| F|  |TAMS 0x0000000735400000| PB 0x0000000735400000| Untracked |  0
|  331|0x0000000735600000, 0x0000000735600000, 0x0000000735800000|  0%| F|  |TAMS 0x0000000735600000| PB 0x0000000735600000| Untracked |  0
|  332|0x0000000735800000, 0x0000000735800000, 0x0000000735a00000|  0%| F|  |TAMS 0x0000000735800000| PB 0x0000000735800000| Untracked |  0
|  333|0x0000000735a00000, 0x0000000735a00000, 0x0000000735c00000|  0%| F|  |TAMS 0x0000000735a00000| PB 0x0000000735a00000| Untracked |  0
|  334|0x0000000735c00000, 0x0000000735e00000, 0x0000000735e00000|100%| E|CS|TAMS 0x0000000735c00000| PB 0x0000000735c00000| Complete  |  0
|  335|0x0000000735e00000, 0x0000000736000000, 0x0000000736000000|100%| E|CS|TAMS 0x0000000735e00000| PB 0x0000000735e00000| Complete  |  0
|  336|0x0000000736000000, 0x0000000736200000, 0x0000000736200000|100%| E|CS|TAMS 0x0000000736000000| PB 0x0000000736000000| Complete  |  0
|  337|0x0000000736200000, 0x0000000736400000, 0x0000000736400000|100%| E|CS|TAMS 0x0000000736200000| PB 0x0000000736200000| Complete  |  0
|  338|0x0000000736400000, 0x0000000736600000, 0x0000000736600000|100%| E|CS|TAMS 0x0000000736400000| PB 0x0000000736400000| Complete  |  0
|  339|0x0000000736600000, 0x0000000736800000, 0x0000000736800000|100%| E|CS|TAMS 0x0000000736600000| PB 0x0000000736600000| Complete  |  0
|  340|0x0000000736800000, 0x0000000736a00000, 0x0000000736a00000|100%| E|CS|TAMS 0x0000000736800000| PB 0x0000000736800000| Complete  |  0
|  341|0x0000000736a00000, 0x0000000736c00000, 0x0000000736c00000|100%| E|CS|TAMS 0x0000000736a00000| PB 0x0000000736a00000| Complete  |  0
|  342|0x0000000736c00000, 0x0000000736e00000, 0x0000000736e00000|100%| E|CS|TAMS 0x0000000736c00000| PB 0x0000000736c00000| Complete  |  0
|  343|0x0000000736e00000, 0x0000000737000000, 0x0000000737000000|100%| E|CS|TAMS 0x0000000736e00000| PB 0x0000000736e00000| Complete  |  0
|  344|0x0000000737000000, 0x0000000737200000, 0x0000000737200000|100%| E|CS|TAMS 0x0000000737000000| PB 0x0000000737000000| Complete  |  0
|  345|0x0000000737200000, 0x0000000737400000, 0x0000000737400000|100%| E|CS|TAMS 0x0000000737200000| PB 0x0000000737200000| Complete  |  0
|  346|0x0000000737400000, 0x0000000737600000, 0x0000000737600000|100%| E|CS|TAMS 0x0000000737400000| PB 0x0000000737400000| Complete  |  0
|  347|0x0000000737600000, 0x0000000737800000, 0x0000000737800000|100%| E|CS|TAMS 0x0000000737600000| PB 0x0000000737600000| Complete  |  0
|  348|0x0000000737800000, 0x0000000737a00000, 0x0000000737a00000|100%| E|CS|TAMS 0x0000000737800000| PB 0x0000000737800000| Complete  |  0
|  349|0x0000000737a00000, 0x0000000737c00000, 0x0000000737c00000|100%| E|CS|TAMS 0x0000000737a00000| PB 0x0000000737a00000| Complete  |  0
|  350|0x0000000737c00000, 0x0000000737e00000, 0x0000000737e00000|100%| E|CS|TAMS 0x0000000737c00000| PB 0x0000000737c00000| Complete  |  0
|  351|0x0000000737e00000, 0x0000000738000000, 0x0000000738000000|100%| E|CS|TAMS 0x0000000737e00000| PB 0x0000000737e00000| Complete  |  0

Card table byte_map: [0x00007f298c640000,0x00007f298cde0000] _byte_map_base: 0x00007f2988de0000
Refinement table byte_map: [0x00007f298cde0000,0x00007f298d580000] _byte_map_base: 0x00007f2989580000

Marking Bits: (CMBitMap*) 0x00007f29880688e0
 Bits: [0x00007f296c0fe000, 0x00007f296fdfe000)

Polling page: 0x00007f2990660000

Metaspace:
Metaspace        used 27499K, committed 27776K, reserved 1114112K
 class space     used 2260K, committed 2432K, reserved 1048576K

Usage:
  Non-class:     24,65 MB used.
      Class:      2,21 MB used.
       Both:     26,85 MB used.

Virtual space:
  Non-class space:       64,00 MB reserved,      24,75 MB ( 39%) committed,  1 nodes.
      Class space:        1,00 GB reserved,       2,38 MB ( <1%) committed,  1 nodes.
             Both:        1,06 GB reserved,      27,12 MB (  2%) committed. 

Chunk freelists:
   Non-Class:  6,50 MB
       Class:  13,56 MB
        Both:  20,06 MB

MaxMetaspaceSize: unlimited
CompressedClassSpaceSize: 1,00 GB
Initial GC threshold: 21,00 MB
Current GC threshold: 45,00 MB
CDS: on
 - commit_granule_bytes: 65536.
 - commit_granule_words: 8192.
 - virtual_space_node_default_size: 8388608.
 - enlarge_chunks_in_place: 1.
UseCompressedClassPointers 1, UseCompactObjectHeaders 0
Narrow klass pointer bits 32, Max shift 3
Narrow klass base: 0x0000000031000000, Narrow klass shift: 0
Encoding Range: [0x0000000031000000 - 0x0000000131000000), (4294967296 bytes)
Klass Range:    [0x0000000031000000 - 0x0000000072000000), (1090519040 bytes)
Klass ID Range:  [8 - 1090519033) (1090519025)
Protection zone: [0x0000000031000000 - 0x0000000031001000), (4096 bytes)


Internal statistics:

num_allocs_failed_limit: 3.
num_arena_births: 180.
num_arena_deaths: 0.
num_vsnodes_births: 2.
num_vsnodes_deaths: 0.
num_space_committed: 427.
num_space_uncommitted: 0.
num_chunks_returned_to_freelist: 3.
num_chunks_taken_from_freelist: 945.
num_chunk_merges: 3.
num_chunk_splits: 754.
num_chunks_enlarged: 634.
num_inconsistent_stats: 0.

CodeHeap 'non-profiled nmethods': size=120032Kb used=6943Kb max_used=11499Kb free=113088Kb
 bounds [0x00007f29778c8000, 0x00007f2978408000, 0x00007f297ee00000]
CodeHeap 'profiled nmethods': size=120032Kb used=10405Kb max_used=35816Kb free=109626Kb
 bounds [0x00007f296fdfe000, 0x00007f29720fe000, 0x00007f2977336000]
CodeHeap 'non-nmethods': size=5704Kb used=1833Kb max_used=2023Kb free=3870Kb
 bounds [0x00007f2977336000, 0x00007f29775a6000, 0x00007f29778c8000]
CodeCache: size=245768Kb, used=19181Kb, max_used=49338Kb, free=226584Kb
 total_blobs=3734, nmethods=2894, adapters=745, full_count=0
Compilation: enabled, stopped_count=0, restarted_count=0

Compilation events (20 events):
Event: 590,315 Thread 0x00007f29880fec80 nmethod 8273% 0x00007f2978321e88 code [0x00007f2978321f80, 0x00007f2978325738]
Event: 590,337 Thread 0x00007f2948557300 8274 % !   4       age.of.civilizations2.jakowski.lukasz.Game::drawMoveUnits @ 467 (3812 bytes)
Event: 591,121 Thread 0x00007f2948557300 nmethod 8274% 0x00007f2977facc08 code [0x00007f2977facd20, 0x00007f2977fbaf48]
Event: 591,122 Thread 0x00007f29880fec80 8275 % !   4       age.of.civilizations2.jakowski.lukasz.Game::drawMoveUnits @ 551 (3812 bytes)
Event: 591,441 Thread 0x00007f2948557300 8276       4       age.of.civilizations2.jakowski.lukasz.Province$112::drawArmy (22 bytes)
Event: 591,444 Thread 0x00007f2948557300 nmethod 8276 0x00007f29778e3308 code [0x00007f29778e3400, 0x00007f29778e34f8]
Event: 592,109 Thread 0x00007f29880fec80 nmethod 8275% 0x00007f29782d1d08 code [0x00007f29782d1e20, 0x00007f29782e15e0]
Event: 592,121 Thread 0x00007f2948557300 8277   !   4       age.of.civilizations2.jakowski.lukasz.Game::drawMoveUnits (3812 bytes)
Event: 593,233 Thread 0x00007f2948557300 nmethod 8277 0x00007f2978365988 code [0x00007f2978365aa0, 0x00007f29783765c0]
Event: 593,440 Thread 0x00007f2988100650 8278       3       age.of.civilizations2.jakowski.lukasz.Game_Action::getModifiedRevolutionsRisk (64 bytes)
Event: 593,442 Thread 0x00007f2988100650 nmethod 8278 0x00007f296fece988 code [0x00007f296feceaa0, 0x00007f296fecf890]
Event: 593,681 Thread 0x00007f29880fec80 8279       4       age.of.civilizations2.jakowski.lukasz.Game::drawProvinceArmyWithFlag (256 bytes)
Event: 593,716 Thread 0x00007f29880fec80 nmethod 8279 0x00007f2978105808 code [0x00007f2978105920, 0x00007f2978106b10]
Event: 593,716 Thread 0x00007f29880fec80 8280       4       age.of.civilizations2.jakowski.lukasz.AI::getAllNeighboringProvincesInRange_Regroup_ForNavalInvasion (602 bytes)
Event: 593,800 Thread 0x00007f2988100650 8282       3       age.of.civilizations2.jakowski.lukasz.PeaceTreaty_Data::takeProvince (917 bytes)
Event: 593,810 Thread 0x00007f2988100650 nmethod 8282 0x00007f296ff51a08 code [0x00007f296ff51b00, 0x00007f296ff57590]
Event: 594,359 Thread 0x00007f29880fec80 nmethod 8280 0x00007f29779cf808 code [0x00007f29779cf900, 0x00007f29779d4fc0]
Event: 594,359 Thread 0x00007f29880fec80 8281 % !   4       age.of.civilizations2.jakowski.lukasz.PeaceTreaty_Data::AI_UseVictoryPoints_CivID @ 227 (1570 bytes)
Event: 595,084 Thread 0x00007f29880fec80 nmethod 8281% 0x00007f2978292088 code [0x00007f29782921c0, 0x00007f297829fa70]
Event: 595,084 Thread 0x00007f29880fec80 8284 % !   4       age.of.civilizations2.jakowski.lukasz.AI_Style::regroupArmy_AtWar_WithoutDanger @ 140 (3235 bytes)

GC Heap Usage History (20 events):
Event: 448,081 {heap Before GC invocations=39 (full 0):
 garbage-first heap   total reserved 3997696K, committed 833536K, used 585461K [0x000000070c000000, 0x0000000800000000)
  region size 2M, 232 eden (464M), 12 survivor (24M), 43 old (86M), 0 humongous (0M), 120 free (240M)
}
Event: 448,112 {heap After GC invocations=40 (full 0):
 garbage-first heap   total reserved 3997696K, committed 833536K, used 111165K [0x000000070c000000, 0x0000000800000000)
  region size 2M, 0 eden (0M), 8 survivor (16M), 47 old (94M), 0 humongous (0M), 352 free (704M)
}
Event: 455,343 {heap Before GC invocations=41 (full 0):
 garbage-first heap   total reserved 3997696K, committed 833536K, used 594493K [0x000000070c000000, 0x0000000800000000)
  region size 2M, 236 eden (472M), 8 survivor (16M), 47 old (94M), 0 humongous (0M), 116 free (232M)
}
Event: 455,359 {heap After GC invocations=42 (full 0):
 garbage-first heap   total reserved 3997696K, committed 833536K, used 111360K [0x000000070c000000, 0x0000000800000000)
  region size 2M, 0 eden (0M), 3 survivor (6M), 52 old (104M), 0 humongous (0M), 352 free (704M)
}
Event: 464,967 {heap Before GC invocations=42 (full 0):
 garbage-first heap   total reserved 3997696K, committed 833536K, used 604928K [0x000000070c000000, 0x0000000800000000)
  region size 2M, 241 eden (482M), 3 survivor (6M), 52 old (104M), 0 humongous (0M), 111 free (222M)
}
Event: 464,977 {heap After GC invocations=43 (full 0):
 garbage-first heap   total reserved 3997696K, committed 833536K, used 110813K [0x000000070c000000, 0x0000000800000000)
  region size 2M, 0 eden (0M), 3 survivor (6M), 52 old (104M), 0 humongous (0M), 352 free (704M)
}
Event: 499,634 {heap Before GC invocations=43 (full 0):
 garbage-first heap   total reserved 3997696K, committed 833536K, used 604381K [0x000000070c000000, 0x0000000800000000)
  region size 2M, 241 eden (482M), 3 survivor (6M), 52 old (104M), 0 humongous (0M), 111 free (222M)
}
Event: 499,644 {heap After GC invocations=44 (full 0):
 garbage-first heap   total reserved 3997696K, committed 720896K, used 111412K [0x000000070c000000, 0x0000000800000000)
  region size 2M, 0 eden (0M), 3 survivor (6M), 52 old (104M), 0 humongous (0M), 297 free (594M)
}
Event: 529,583 {heap Before GC invocations=45 (full 0):
 garbage-first heap   total reserved 3997696K, committed 720896K, used 537396K [0x000000070c000000, 0x0000000800000000)
  region size 2M, 208 eden (416M), 3 survivor (6M), 52 old (104M), 0 humongous (0M), 89 free (178M)
}
Event: 529,595 {heap After GC invocations=46 (full 0):
 garbage-first heap   total reserved 3997696K, committed 720896K, used 111538K [0x000000070c000000, 0x0000000800000000)
  region size 2M, 0 eden (0M), 3 survivor (6M), 53 old (106M), 0 humongous (0M), 296 free (592M)
}
Event: 559,526 {heap Before GC invocations=46 (full 0):
 garbage-first heap   total reserved 3997696K, committed 720896K, used 537522K [0x000000070c000000, 0x0000000800000000)
  region size 2M, 208 eden (416M), 3 survivor (6M), 53 old (106M), 0 humongous (0M), 88 free (176M)
}
Event: 559,544 {heap After GC invocations=47 (full 0):
 garbage-first heap   total reserved 3997696K, committed 720896K, used 109907K [0x000000070c000000, 0x0000000800000000)
  region size 2M, 0 eden (0M), 3 survivor (6M), 52 old (104M), 0 humongous (0M), 297 free (594M)
}
Event: 571,893 {heap Before GC invocations=47 (full 0):
 garbage-first heap   total reserved 3997696K, committed 720896K, used 535891K [0x000000070c000000, 0x0000000800000000)
  region size 2M, 208 eden (416M), 3 survivor (6M), 52 old (104M), 0 humongous (0M), 89 free (178M)
}
Event: 571,898 {heap After GC invocations=48 (full 0):
 garbage-first heap   total reserved 3997696K, committed 720896K, used 110540K [0x000000070c000000, 0x0000000800000000)
  region size 2M, 0 eden (0M), 3 survivor (6M), 52 old (104M), 0 humongous (0M), 297 free (594M)
}
Event: 582,069 {heap Before GC invocations=49 (full 0):
 garbage-first heap   total reserved 3997696K, committed 720896K, used 536524K [0x000000070c000000, 0x0000000800000000)
  region size 2M, 208 eden (416M), 3 survivor (6M), 52 old (104M), 0 humongous (0M), 89 free (178M)
}
Event: 582,075 {heap After GC invocations=50 (full 0):
 garbage-first heap   total reserved 3997696K, committed 720896K, used 111203K [0x000000070c000000, 0x0000000800000000)
  region size 2M, 0 eden (0M), 3 survivor (6M), 52 old (104M), 0 humongous (0M), 297 free (594M)
}
Event: 586,465 {heap Before GC invocations=50 (full 0):
 garbage-first heap   total reserved 3997696K, committed 720896K, used 537187K [0x000000070c000000, 0x0000000800000000)
  region size 2M, 208 eden (416M), 3 survivor (6M), 52 old (104M), 0 humongous (0M), 89 free (178M)
}
Event: 586,470 {heap After GC invocations=51 (full 0):
 garbage-first heap   total reserved 3997696K, committed 720896K, used 110468K [0x000000070c000000, 0x0000000800000000)
  region size 2M, 0 eden (0M), 3 survivor (6M), 52 old (104M), 0 humongous (0M), 297 free (594M)
}
Event: 595,346 {heap Before GC invocations=51 (full 0):
 garbage-first heap   total reserved 3997696K, committed 720896K, used 536452K [0x000000070c000000, 0x0000000800000000)
  region size 2M, 208 eden (416M), 3 survivor (6M), 52 old (104M), 0 humongous (0M), 89 free (178M)
}
Event: 595,350 {heap After GC invocations=52 (full 0):
 garbage-first heap   total reserved 3997696K, committed 720896K, used 110524K [0x000000070c000000, 0x0000000800000000)
  region size 2M, 0 eden (0M), 3 survivor (6M), 52 old (104M), 0 humongous (0M), 297 free (594M)
}

Metaspace Usage History (20 events):
Event: 448,081 {metaspace Before GC invocations=39 (full 0):
 Metaspace       used 27109K, committed 27392K, reserved 1114112K
  class space    used 2244K, committed 2368K, reserved 1048576K
}
Event: 448,112 {metaspace After GC invocations=40 (full 0):
 Metaspace       used 27109K, committed 27392K, reserved 1114112K
  class space    used 2244K, committed 2368K, reserved 1048576K
}
Event: 455,343 {metaspace Before GC invocations=41 (full 0):
 Metaspace       used 27222K, committed 27456K, reserved 1114112K
  class space    used 2248K, committed 2368K, reserved 1048576K
}
Event: 455,359 {metaspace After GC invocations=42 (full 0):
 Metaspace       used 27222K, committed 27456K, reserved 1114112K
  class space    used 2248K, committed 2368K, reserved 1048576K
}
Event: 464,967 {metaspace Before GC invocations=42 (full 0):
 Metaspace       used 27371K, committed 27648K, reserved 1114112K
  class space    used 2253K, committed 2432K, reserved 1048576K
}
Event: 464,977 {metaspace After GC invocations=43 (full 0):
 Metaspace       used 27371K, committed 27648K, reserved 1114112K
  class space    used 2253K, committed 2432K, reserved 1048576K
}
Event: 499,634 {metaspace Before GC invocations=43 (full 0):
 Metaspace       used 27380K, committed 27648K, reserved 1114112K
  class space    used 2253K, committed 2432K, reserved 1048576K
}
Event: 499,644 {metaspace After GC invocations=44 (full 0):
 Metaspace       used 27380K, committed 27648K, reserved 1114112K
  class space    used 2253K, committed 2432K, reserved 1048576K
}
Event: 529,583 {metaspace Before GC invocations=45 (full 0):
 Metaspace       used 27380K, committed 27648K, reserved 1114112K
  class space    used 2253K, committed 2432K, reserved 1048576K
}
Event: 529,595 {metaspace After GC invocations=46 (full 0):
 Metaspace       used 27380K, committed 27648K, reserved 1114112K
  class space    used 2253K, committed 2432K, reserved 1048576K
}
Event: 559,526 {metaspace Before GC invocations=46 (full 0):
 Metaspace       used 27380K, committed 27648K, reserved 1114112K
  class space    used 2253K, committed 2432K, reserved 1048576K
}
Event: 559,544 {metaspace After GC invocations=47 (full 0):
 Metaspace       used 27380K, committed 27648K, reserved 1114112K
  class space    used 2253K, committed 2432K, reserved 1048576K
}
Event: 571,893 {metaspace Before GC invocations=47 (full 0):
 Metaspace       used 27432K, committed 27712K, reserved 1114112K
  class space    used 2255K, committed 2432K, reserved 1048576K
}
Event: 571,898 {metaspace After GC invocations=48 (full 0):
 Metaspace       used 27432K, committed 27712K, reserved 1114112K
  class space    used 2255K, committed 2432K, reserved 1048576K
}
Event: 582,069 {metaspace Before GC invocations=49 (full 0):
 Metaspace       used 27474K, committed 27776K, reserved 1114112K
  class space    used 2259K, committed 2432K, reserved 1048576K
}
Event: 582,075 {metaspace After GC invocations=50 (full 0):
 Metaspace       used 27474K, committed 27776K, reserved 1114112K
  class space    used 2259K, committed 2432K, reserved 1048576K
}
Event: 586,465 {metaspace Before GC invocations=50 (full 0):
 Metaspace       used 27492K, committed 27776K, reserved 1114112K
  class space    used 2259K, committed 2432K, reserved 1048576K
}
Event: 586,470 {metaspace After GC invocations=51 (full 0):
 Metaspace       used 27492K, committed 27776K, reserved 1114112K
  class space    used 2259K, committed 2432K, reserved 1048576K
}
Event: 595,346 {metaspace Before GC invocations=51 (full 0):
 Metaspace       used 27499K, committed 27776K, reserved 1114112K
  class space    used 2260K, committed 2432K, reserved 1048576K
}
Event: 595,350 {metaspace After GC invocations=52 (full 0):
 Metaspace       used 27499K, committed 27776K, reserved 1114112K
  class space    used 2260K, committed 2432K, reserved 1048576K
}

Dll operation events (20 events):
Event: 0,093 Attempting to load shared library /tmp/steamworks4j/1.8.0/libsteam_api.so
Event: 0,094 Loaded shared library /tmp/steamworks4j/1.8.0/libsteam_api.so
Event: 0,097 Attempting to load shared library /tmp/steamworks4j/1.8.0/libsteamworks4j.so
Event: 0,097 Loaded shared library /tmp/steamworks4j/1.8.0/libsteamworks4j.so
Event: 0,118 Attempting to load shared library /tmp/libgdxmirtemir/b793cc16/libgdx64.so
Event: 0,118 Loaded shared library /tmp/libgdxmirtemir/b793cc16/libgdx64.so
Event: 0,136 Attempting to load shared library /usr/lib/jvm/java-26-openjdk/lib/libverify.so
Event: 0,136 Loaded shared library /usr/lib/jvm/java-26-openjdk/lib/libverify.so
Event: 0,145 Attempting to load shared library /usr/lib/jvm/java-26-openjdk/lib/libawt.so
Event: 0,145 Loaded shared library /usr/lib/jvm/java-26-openjdk/lib/libawt.so
Event: 0,146 Attempting to load shared library /usr/lib/jvm/java-26-openjdk/lib/libawt_xawt.so
Event: 0,147 Loaded shared library /usr/lib/jvm/java-26-openjdk/lib/libawt_xawt.so
Event: 0,166 Attempting to load shared library /usr/lib/jvm/java-26-openjdk/lib/libfontmanager.so
Event: 0,167 Loaded shared library /usr/lib/jvm/java-26-openjdk/lib/libfontmanager.so
Event: 0,192 Attempting to load shared library /usr/lib/jvm/java-26-openjdk/lib/libjawt.so
Event: 0,192 Loaded shared library /usr/lib/jvm/java-26-openjdk/lib/libjawt.so
Event: 0,193 Attempting to load shared library /tmp/libgdxmirtemir/31ce78a2/liblwjgl64.so
Event: 0,193 Loaded shared library /tmp/libgdxmirtemir/31ce78a2/liblwjgl64.so
Event: 1,925 Attempting to load shared library /tmp/libgdxmirtemir/125b804a/libgdx-freetype64.so
Event: 1,925 Loaded shared library /tmp/libgdxmirtemir/125b804a/libgdx-freetype64.so

Deoptimization events (20 events):
Event: 587,928 Thread 0x00007f29883b79f0 Uncommon trap: trap_request=0xffffff45 fr.pc=0x00007f2977e36d18 relative=0x0000000000004e78
Event: 587,928 Thread 0x00007f29883b79f0 Uncommon trap: reason=unstable_if action=reinterpret pc=0x00007f2977e36d18 method=age.of.civilizations2.jakowski.lukasz.Game.drawMoveUnits(Lcom/badlogic/gdx/graphics/g2d/SpriteBatch;F)V @ 14 c2
Event: 587,928 Thread 0x00007f29883b79f0 DEOPT PACKING pc=0x00007f2977e36d18 sp=0x00007f2938d9b750
Event: 587,928 Thread 0x00007f29883b79f0 DEOPT UNPACKING pc=0x00007f297745b879 sp=0x00007f2938d9b718 mode 2
Event: 593,808 Thread 0x00007f2905adfc10 DEOPT PACKING pc=0x00007f29717221ea sp=0x00007f29266ee4f0
Event: 593,808 Thread 0x00007f2905adfc10 DEOPT UNPACKING pc=0x00007f29773872ef sp=0x00007f29266edc18 mode 0
Event: 595,352 Thread 0x00007f2905adfc10 Uncommon trap: trap_request=0xffffff66 fr.pc=0x00007f2977aba760 relative=0x0000000000003ac0
Event: 595,352 Thread 0x00007f2905adfc10 Uncommon trap: reason=loop_limit_check action=maybe_recompile pc=0x00007f2977aba760 method=age.of.civilizations2.jakowski.lukasz.AI_Style.turnOrders(I)V @ 1197 c2
Event: 595,352 Thread 0x00007f2905adfc10 DEOPT PACKING pc=0x00007f2977aba760 sp=0x00007f29266f7820
Event: 595,352 Thread 0x00007f2905adfc10 DEOPT UNPACKING pc=0x00007f297745b879 sp=0x00007f29266f7828 mode 2
Event: 595,353 Thread 0x00007f2905adfc10 DEOPT PACKING pc=0x00007f296ffd45b4 sp=0x00007f29266f7330
Event: 595,353 Thread 0x00007f2905adfc10 DEOPT UNPACKING pc=0x00007f29773872ef sp=0x00007f29266f68d8 mode 0
Event: 595,462 Thread 0x00007f29883b79f0 Uncommon trap: trap_request=0xffffff95 fr.pc=0x00007f2977a75d74 relative=0x0000000000005254
Event: 595,462 Thread 0x00007f29883b79f0 Uncommon trap: reason=unreached action=reinterpret pc=0x00007f2977a75d74 method=age.of.civilizations2.jakowski.lukasz.AoCGame.render()V @ 690 c2
Event: 595,462 Thread 0x00007f29883b79f0 DEOPT PACKING pc=0x00007f2977a75d74 sp=0x00007f2938d9b860
Event: 595,462 Thread 0x00007f29883b79f0 DEOPT UNPACKING pc=0x00007f297745b879 sp=0x00007f2938d9b830 mode 2
Event: 595,463 Thread 0x00007f29883b79f0 Uncommon trap: trap_request=0xffffff45 fr.pc=0x00007f297833bc60 relative=0x00000000000000e0
Event: 595,463 Thread 0x00007f29883b79f0 Uncommon trap: reason=unstable_if action=reinterpret pc=0x00007f297833bc60 method=com.badlogic.gdx.graphics.g2d.SpriteBatch.setProjectionMatrix(Lcom/badlogic/gdx/math/Matrix4;)V @ 4 c2
Event: 595,463 Thread 0x00007f29883b79f0 DEOPT PACKING pc=0x00007f297833bc60 sp=0x00007f2938d9b7f0
Event: 595,463 Thread 0x00007f29883b79f0 DEOPT UNPACKING pc=0x00007f297745b879 sp=0x00007f2938d9b7c0 mode 2

Classes loaded (20 events):
Event: 66,138 Loading class java/util/stream/DoublePipeline$StatelessOp done
Event: 66,138 Loading class java/util/stream/ReferencePipeline$6 done
Event: 66,138 Loading class java/util/stream/Nodes$DoubleFixedNodeBuilder
Event: 66,138 Loading class java/util/stream/Node$Builder$OfDouble
Event: 66,138 Loading class java/util/stream/Sink$OfDouble
Event: 66,138 Loading class java/util/stream/Sink$OfDouble done
Event: 66,138 Loading class java/util/stream/Node$Builder$OfDouble done
Event: 66,138 Loading class java/util/stream/Nodes$DoubleArrayNode
Event: 66,138 Loading class java/util/stream/Nodes$DoubleArrayNode done
Event: 66,138 Loading class java/util/stream/Nodes$DoubleFixedNodeBuilder done
Event: 66,138 Loading class java/util/stream/ReferencePipeline$6$1
Event: 66,138 Loading class java/util/stream/ReferencePipeline$6$1 done
Event: 66,758 Loading class java/lang/Throwable$WrappedPrintStream
Event: 66,758 Loading class java/lang/Throwable$PrintStreamOrWriter
Event: 66,758 Loading class java/lang/Throwable$PrintStreamOrWriter done
Event: 66,758 Loading class java/lang/Throwable$WrappedPrintStream done
Event: 190,827 Loading class java/nio/charset/UnmappableCharacterException
Event: 190,836 Loading class java/nio/charset/UnmappableCharacterException done
Event: 190,837 Loading class java/util/stream/IntStream
Event: 190,837 Loading class java/util/stream/IntStream done

Classes unloaded (0 events):
No events

Classes redefined (0 events):
No events

Internal exceptions (20 events):
Event: 587,321 Thread 0x00007f29883b79f0 Implicit null exception at 0x00007f2970f0f905 to 0x00007f2970f106b2
Event: 587,321 Thread 0x00007f29883b79f0 Exception <a 'java/lang/NullPointerException'{0x00000007316628c0}> (0x00000007316628c0) 
thrown [/usr/src/debug/java-openjdk/jdk26u-jdk-26.0.2-10/src/hotspot/share/runtime/sharedRuntime.cpp, line 732]
Event: 587,321 Thread 0x00007f29883b79f0 Implicit null exception at 0x00007f2970f0f905 to 0x00007f2970f106b2
Event: 587,321 Thread 0x00007f29883b79f0 Exception <a 'java/lang/NullPointerException'{0x00000007316632c8}> (0x00000007316632c8) 
thrown [/usr/src/debug/java-openjdk/jdk26u-jdk-26.0.2-10/src/hotspot/share/runtime/sharedRuntime.cpp, line 732]
Event: 587,321 Thread 0x00007f29883b79f0 Implicit null exception at 0x00007f2970f0f905 to 0x00007f2970f106b2
Event: 587,321 Thread 0x00007f29883b79f0 Exception <a 'java/lang/NullPointerException'{0x0000000731663cd0}> (0x0000000731663cd0) 
thrown [/usr/src/debug/java-openjdk/jdk26u-jdk-26.0.2-10/src/hotspot/share/runtime/sharedRuntime.cpp, line 732]
Event: 587,321 Thread 0x00007f29883b79f0 Implicit null exception at 0x00007f2970f0f905 to 0x00007f2970f106b2
Event: 587,321 Thread 0x00007f29883b79f0 Exception <a 'java/lang/NullPointerException'{0x0000000731664748}> (0x0000000731664748) 
thrown [/usr/src/debug/java-openjdk/jdk26u-jdk-26.0.2-10/src/hotspot/share/runtime/sharedRuntime.cpp, line 732]
Event: 587,321 Thread 0x00007f29883b79f0 Implicit null exception at 0x00007f2970f0f905 to 0x00007f2970f106b2
Event: 587,321 Thread 0x00007f29883b79f0 Exception <a 'java/lang/NullPointerException'{0x0000000731665150}> (0x0000000731665150) 
thrown [/usr/src/debug/java-openjdk/jdk26u-jdk-26.0.2-10/src/hotspot/share/runtime/sharedRuntime.cpp, line 732]
Event: 587,321 Thread 0x00007f29883b79f0 Implicit null exception at 0x00007f2970f0f905 to 0x00007f2970f106b2
Event: 587,321 Thread 0x00007f29883b79f0 Exception <a 'java/lang/NullPointerException'{0x0000000731665ae8}> (0x0000000731665ae8) 
thrown [/usr/src/debug/java-openjdk/jdk26u-jdk-26.0.2-10/src/hotspot/share/runtime/sharedRuntime.cpp, line 732]
Event: 587,321 Thread 0x00007f29883b79f0 Implicit null exception at 0x00007f2970f0f905 to 0x00007f2970f106b2
Event: 587,321 Thread 0x00007f29883b79f0 Exception <a 'java/lang/NullPointerException'{0x00000007316664f0}> (0x00000007316664f0) 
thrown [/usr/src/debug/java-openjdk/jdk26u-jdk-26.0.2-10/src/hotspot/share/runtime/sharedRuntime.cpp, line 732]
Event: 587,321 Thread 0x00007f29883b79f0 Implicit null exception at 0x00007f2970f0f905 to 0x00007f2970f106b2
Event: 587,321 Thread 0x00007f29883b79f0 Exception <a 'java/lang/NullPointerException'{0x0000000731666f68}> (0x0000000731666f68) 
thrown [/usr/src/debug/java-openjdk/jdk26u-jdk-26.0.2-10/src/hotspot/share/runtime/sharedRuntime.cpp, line 732]
Event: 587,321 Thread 0x00007f29883b79f0 Implicit null exception at 0x00007f2970f0f905 to 0x00007f2970f106b2
Event: 587,321 Thread 0x00007f29883b79f0 Exception <a 'java/lang/NullPointerException'{0x0000000731667970}> (0x0000000731667970) 
thrown [/usr/src/debug/java-openjdk/jdk26u-jdk-26.0.2-10/src/hotspot/share/runtime/sharedRuntime.cpp, line 732]
Event: 587,321 Thread 0x00007f29883b79f0 Implicit null exception at 0x00007f2970f0f905 to 0x00007f2970f106b2
Event: 587,321 Thread 0x00007f29883b79f0 Exception <a 'java/lang/NullPointerException'{0x0000000731668308}> (0x0000000731668308) 
thrown [/usr/src/debug/java-openjdk/jdk26u-jdk-26.0.2-10/src/hotspot/share/runtime/sharedRuntime.cpp, line 732]

VM Operations (20 events):
Event: 499,777 Executing safepoint VM operation: G1PauseRemark
Event: 499,792 Executing safepoint VM operation: G1PauseRemark done
Event: 499,854 Executing safepoint VM operation: G1PauseCleanup
Event: 499,854 Executing safepoint VM operation: G1PauseCleanup done
Event: 529,583 Executing safepoint VM operation: G1CollectForAllocation (G1 Evacuation Pause)
Event: 529,595 Executing safepoint VM operation: G1CollectForAllocation (G1 Evacuation Pause) done
Event: 559,525 Executing safepoint VM operation: G1CollectForAllocation (G1 Evacuation Pause)
Event: 559,544 Executing safepoint VM operation: G1CollectForAllocation (G1 Evacuation Pause) done
Event: 571,893 Executing safepoint VM operation: G1CollectForAllocation (G1 Evacuation Pause)
Event: 571,898 Executing safepoint VM operation: G1CollectForAllocation (G1 Evacuation Pause) done
Event: 571,978 Executing safepoint VM operation: G1PauseRemark
Event: 571,990 Executing safepoint VM operation: G1PauseRemark done
Event: 572,020 Executing safepoint VM operation: G1PauseCleanup
Event: 572,021 Executing safepoint VM operation: G1PauseCleanup done
Event: 582,069 Executing safepoint VM operation: G1CollectForAllocation (G1 Evacuation Pause)
Event: 582,075 Executing safepoint VM operation: G1CollectForAllocation (G1 Evacuation Pause) done
Event: 586,465 Executing safepoint VM operation: G1CollectForAllocation (G1 Evacuation Pause)
Event: 586,470 Executing safepoint VM operation: G1CollectForAllocation (G1 Evacuation Pause) done
Event: 595,346 Executing safepoint VM operation: G1CollectForAllocation (G1 Evacuation Pause)
Event: 595,350 Executing safepoint VM operation: G1CollectForAllocation (G1 Evacuation Pause) done

Memory protections (20 events):
Event: 580,995 Protecting memory [0x00007f29265f9000,0x00007f29265fd000] with protection modes 0
Event: 581,239 Protecting memory [0x00007f291f7ff000,0x00007f291f803000] with protection modes 0
Event: 582,183 Protecting memory [0x00007f291f800000,0x00007f291f803000] with protection modes 3
Event: 582,184 Protecting memory [0x00007f291f800000,0x00007f291f803000] with protection modes 0
Event: 582,184 Protecting memory [0x00007f291f800000,0x00007f291f803000] with protection modes 3
Event: 582,184 Protecting memory [0x00007f291f800000,0x00007f291f803000] with protection modes 0
Event: 582,713 Protecting memory [0x00007f291f800000,0x00007f291f803000] with protection modes 3
Event: 582,713 Protecting memory [0x00007f291f800000,0x00007f291f803000] with protection modes 0
Event: 582,713 Protecting memory [0x00007f291f800000,0x00007f291f803000] with protection modes 3
Event: 582,713 Protecting memory [0x00007f291f800000,0x00007f291f803000] with protection modes 0
Event: 583,488 Protecting memory [0x00007f291f800000,0x00007f291f803000] with protection modes 3
Event: 583,488 Protecting memory [0x00007f291f800000,0x00007f291f803000] with protection modes 0
Event: 583,489 Protecting memory [0x00007f291f800000,0x00007f291f803000] with protection modes 3
Event: 583,489 Protecting memory [0x00007f291f800000,0x00007f291f803000] with protection modes 0
Event: 584,016 Protecting memory [0x00007f291f7ff000,0x00007f291f803000] with protection modes 0
Event: 584,724 Protecting memory [0x00007f291f7ff000,0x00007f291f803000] with protection modes 0
Event: 584,769 Protecting memory [0x00007f29265f9000,0x00007f29265fd000] with protection modes 0
Event: 587,314 Protecting memory [0x00007f291f7ff000,0x00007f291f803000] with protection modes 0
Event: 587,707 Protecting memory [0x00007f29265f9000,0x00007f29265fd000] with protection modes 0
Event: 593,433 Protecting memory [0x00007f29265f9000,0x00007f29265fd000] with protection modes 0

Nmethod flushes (20 events):
Event: 571,987 Thread 0x00007f29880ee080 flushing  nmethod 0x00007f2971e67488
Event: 571,987 Thread 0x00007f29880ee080 flushing  nmethod 0x00007f2971f46c08
Event: 571,987 Thread 0x00007f29880ee080 flushing  nmethod 0x00007f2971f4f988
Event: 571,987 Thread 0x00007f29880ee080 flushing  nmethod 0x00007f2971f56788
Event: 571,987 Thread 0x00007f29880ee080 flushing  nmethod 0x00007f2971f56d88
Event: 571,987 Thread 0x00007f29880ee080 flushing  nmethod 0x00007f2971f57388
Event: 571,987 Thread 0x00007f29880ee080 flushing  nmethod 0x00007f2971f57688
Event: 571,987 Thread 0x00007f29880ee080 flushing  nmethod 0x00007f2971f57988
Event: 571,987 Thread 0x00007f29880ee080 flushing  nmethod 0x00007f2971f59008
Event: 571,987 Thread 0x00007f29880ee080 flushing  nmethod 0x00007f2971f59488
Event: 571,987 Thread 0x00007f29880ee080 flushing  nmethod 0x00007f2971f59d08
Event: 571,987 Thread 0x00007f29880ee080 flushing  nmethod 0x00007f2971f60d88
Event: 571,987 Thread 0x00007f29880ee080 flushing  nmethod 0x00007f2971f67708
Event: 571,987 Thread 0x00007f29880ee080 flushing  nmethod 0x00007f29720b6308
Event: 571,987 Thread 0x00007f29880ee080 flushing  nmethod 0x00007f29720b6988
Event: 571,987 Thread 0x00007f29880ee080 flushing  nmethod 0x00007f29720b7288
Event: 571,987 Thread 0x00007f29880ee080 flushing  nmethod 0x00007f29720b7688
Event: 571,987 Thread 0x00007f29880ee080 flushing  nmethod 0x00007f29720b8688
Event: 571,987 Thread 0x00007f29880ee080 flushing  nmethod 0x00007f29720b9088
Event: 571,987 Thread 0x00007f29880ee080 flushing  nmethod 0x00007f29720c0f08

Events (20 events):
Event: 579,631 Thread 0x00007f2988100650 Thread added: 0x00007f2948557300
Event: 580,488 Thread 0x00007f2905adfc10 Thread exited: 0x00007f2905adfc10
Event: 580,590 Thread 0x00007f29883b79f0 Thread added: 0x00007f2905adfc10
Event: 580,953 Thread 0x00007f2905adfc10 Thread exited: 0x00007f2905adfc10
Event: 580,995 Thread 0x00007f2948557300 Thread added: 0x00007f2968748770
Event: 581,238 Thread 0x00007f29883b79f0 Thread added: 0x00007f2905adfc10
Event: 581,710 Thread 0x00007f2968748770 Thread exited: 0x00007f2968748770
Event: 583,959 Thread 0x00007f2905adfc10 Thread exited: 0x00007f2905adfc10
Event: 584,016 Thread 0x00007f29883b79f0 Thread added: 0x00007f2905adfc10
Event: 584,445 Thread 0x00007f2905adfc10 Thread exited: 0x00007f2905adfc10
Event: 584,723 Thread 0x00007f29883b79f0 Thread added: 0x00007f2905adfc10
Event: 584,769 Thread 0x00007f2948557300 Thread added: 0x00007f2968ae8240
Event: 585,223 Thread 0x00007f2968ae8240 Thread exited: 0x00007f2968ae8240
Event: 587,243 Thread 0x00007f2905adfc10 Thread exited: 0x00007f2905adfc10
Event: 587,314 Thread 0x00007f29883b79f0 Thread added: 0x00007f2905adfc10
Event: 587,707 Thread 0x00007f2988100650 Thread added: 0x00007f2948728620
Event: 587,807 Thread 0x00007f2905adfc10 Thread exited: 0x00007f2905adfc10
Event: 591,122 Thread 0x00007f2948728620 Thread exited: 0x00007f2948728620
Event: 593,433 Thread 0x00007f29883b79f0 Thread added: 0x00007f2905adfc10
Event: 593,440 Thread 0x00007f2948557300 Thread exited: 0x00007f2948557300


Dynamic libraries:
31000000-31001000 ---p 00000000 00:00 0 
31001000-31da7000 rw-p 00001000 00:23 2947433                            /usr/lib/jvm/java-26-openjdk/lib/server/classes.jsa
31da7000-32000000 ---p 00000000 00:00 0 
32000000-32040000 rw-p 00000000 00:00 0 
32040000-320c0000 rw-p 00000000 00:00 0 
320c0000-320e0000 rw-p 00000000 00:00 0 
320e0000-32100000 ---p 00000000 00:00 0 
32100000-32280000 rw-p 00000000 00:00 0 
32280000-72000000 ---p 00000000 00:00 0 
70c000000-738000000 rw-p 00000000 00:00 0 
738000000-800000000 ---p 00000000 00:00 0 
55d3c5b00000-55d3c5b01000 r--p 00000000 00:23 2947161                    /usr/lib/jvm/java-26-openjdk/bin/java
55d3c5b01000-55d3c5b02000 r-xp 00001000 00:23 2947161                    /usr/lib/jvm/java-26-openjdk/bin/java
55d3c5b02000-55d3c5b03000 r--p 00002000 00:23 2947161                    /usr/lib/jvm/java-26-openjdk/bin/java
55d3c5b03000-55d3c5b04000 r--p 00002000 00:23 2947161                    /usr/lib/jvm/java-26-openjdk/bin/java
55d3c5b04000-55d3c5b05000 rw-p 00003000 00:23 2947161                    /usr/lib/jvm/java-26-openjdk/bin/java
55d3c96b4000-55d3cba5d000 rw-p 00000000 00:00 0                          [heap]
7f28d8000000-7f28d8db1000 rw-p 00000000 00:00 0 
7f28d8db1000-7f28dc000000 ---p 00000000 00:00 0 
7f28e0000000-7f28e13ea000 rw-p 00000000 00:00 0 
7f28e13ea000-7f28e4000000 ---p 00000000 00:00 0 
7f28e8000000-7f28ebffd000 rw-p 00000000 00:00 0 
7f28ebffd000-7f28ec000000 ---p 00000000 00:00 0 
7f28f12c6000-7f28f1cc6000 rw-s 13c6e6000 00:11 2111                      anon_inode:i915.gem
7f28f1cc6000-7f28f22c6000 rw-s 13c0e6000 00:11 2111                      anon_inode:i915.gem
7f28f26c6000-7f28f2ac6000 rw-s 13b8e6000 00:11 2111                      anon_inode:i915.gem
7f28f30c6000-7f28f34c6000 rw-s 13aee6000 00:11 2111                      anon_inode:i915.gem
7f28f3ec6000-7f28f44c6000 rw-s 139ee6000 00:11 2111                      anon_inode:i915.gem
7f28f44c6000-7f28f48c6000 rw-s 139ae6000 00:11 2111                      anon_inode:i915.gem
7f28f54c6000-7f28f5cc6000 rw-s 1386e6000 00:11 2111                      anon_inode:i915.gem
7f28f60c6000-7f28f64c6000 rw-s 137ee6000 00:11 2111                      anon_inode:i915.gem
7f28f6ac6000-7f28f6cc6000 rw-s 1376e6000 00:11 2111                      anon_inode:i915.gem
7f28f70c6000-7f28f70c8000 rw-s 1372e4000 00:11 2111                      anon_inode:i915.gem
7f28f70ca000-7f28f70cc000 rw-s 1372e0000 00:11 2111                      anon_inode:i915.gem
7f28f70cc000-7f28f72cc000 rw-s 1370e0000 00:11 2111                      anon_inode:i915.gem
7f28f74cc000-7f28f76cc000 rw-s 136ce0000 00:11 2111                      anon_inode:i915.gem
7f28f78cc000-7f28f7acc000 rw-s 1368e0000 00:11 2111                      anon_inode:i915.gem
7f28f7acc000-7f28f7ccc000 rw-s 1360a0000 00:11 2111                      anon_inode:i915.gem
7f28f7ccc000-7f28f7d0c000 rw-s 1366a0000 00:11 2111                      anon_inode:i915.gem
7f28f7d0c000-7f28f7d4c000 rw-s 136660000 00:11 2111                      anon_inode:i915.gem
7f28f7d4c000-7f28f7d8c000 rw-s 136620000 00:11 2111                      anon_inode:i915.gem
7f28f7d8c000-7f28f7dcc000 rw-s 1365e0000 00:11 2111                      anon_inode:i915.gem
7f28f7dcc000-7f28f7e0c000 rw-s 1365a0000 00:11 2111                      anon_inode:i915.gem
7f28f7e0c000-7f28f7e4c000 rw-s 136560000 00:11 2111                      anon_inode:i915.gem
7f28f7e4c000-7f28f7e8c000 rw-s 136520000 00:11 2111                      anon_inode:i915.gem
7f28f7e8c000-7f28f808c000 rw-s 136ee0000 00:11 2111                      anon_inode:i915.gem
7f28f808c000-7f28f80cc000 rw-s 1362e0000 00:11 2111                      anon_inode:i915.gem
7f28f80cc000-7f28f810c000 rw-s 1362a0000 00:11 2111                      anon_inode:i915.gem
7f28f810c000-7f28f830c000 rw-s 136ae0000 00:11 2111                      anon_inode:i915.gem
7f28f830c000-7f28f850c000 rw-s 135ea0000 00:11 2111                      anon_inode:i915.gem
7f28f850c000-7f28f870c000 rw-s 135ca0000 00:11 2111                      anon_inode:i915.gem
7f28f870c000-7f28f890c000 rw-s 135aa0000 00:11 2111                      anon_inode:i915.gem
7f28f890c000-7f28f8b0c000 rw-s 1358a0000 00:11 2111                      anon_inode:i915.gem
7f28f8b0c000-7f28f8b4c000 rw-s 135860000 00:11 2111                      anon_inode:i915.gem
7f28f8b4c000-7f28f8b8c000 rw-s 135820000 00:11 2111                      anon_inode:i915.gem
7f28f8b8c000-7f28f8bcc000 rw-s 1357e0000 00:11 2111                      anon_inode:i915.gem
7f28f8bcc000-7f28f8c0c000 rw-s 1357a0000 00:11 2111                      anon_inode:i915.gem
7f28f8c0c000-7f28f8c4c000 rw-s 135760000 00:11 2111                      anon_inode:i915.gem
7f28f8c4c000-7f28f8e4c000 rw-s 135560000 00:11 2111                      anon_inode:i915.gem
7f28f8e4c000-7f28f8e54000 rw-s 135558000 00:11 2111                      anon_inode:i915.gem
7f28f8e54000-7f28f8e58000 rw-s 135554000 00:11 2111                      anon_inode:i915.gem
7f28f8e58000-7f28f8e60000 rw-s 13554c000 00:11 2111                      anon_inode:i915.gem
7f28f8e60000-7f28f8e64000 rw-s 135548000 00:11 2111                      anon_inode:i915.gem
7f28f8e64000-7f28f8e68000 rw-s 135544000 00:11 2111                      anon_inode:i915.gem
7f28f8e68000-7f28f8e6c000 rw-s 135540000 00:11 2111                      anon_inode:i915.gem
7f28f8e6c000-7f28f8e70000 rw-s 13553c000 00:11 2111                      anon_inode:i915.gem
7f28f8e70000-7f28f8e78000 rw-s 135534000 00:11 2111                      anon_inode:i915.gem
7f28f8e78000-7f28f8e80000 rw-s 13552c000 00:11 2111                      anon_inode:i915.gem
7f28f8e80000-7f28f8e88000 rw-s 135524000 00:11 2111                      anon_inode:i915.gem
7f28f8e88000-7f28f8e90000 rw-s 13551c000 00:11 2111                      anon_inode:i915.gem
7f28f8e90000-7f28f8e98000 rw-s 135514000 00:11 2111                      anon_inode:i915.gem
7f28f8e98000-7f28f8ea0000 rw-s 13550c000 00:11 2111                      anon_inode:i915.gem
7f28f8ea0000-7f28f8ea8000 rw-s 135504000 00:11 2111                      anon_inode:i915.gem
7f28f8ea8000-7f28f8eb0000 rw-s 1354fc000 00:11 2111                      anon_inode:i915.gem
7f28f8eb0000-7f28f8eb8000 rw-s 1354f4000 00:11 2111                      anon_inode:i915.gem
7f28f8eb8000-7f28f8ec0000 rw-s 1354ec000 00:11 2111                      anon_inode:i915.gem
7f28f8ec0000-7f28f8ec8000 rw-s 1354e4000 00:11 2111                      anon_inode:i915.gem
7f28f8ec8000-7f28f8ed0000 rw-s 1354dc000 00:11 2111                      anon_inode:i915.gem
7f28f8ed0000-7f28f8ed8000 rw-s 1354d4000 00:11 2111                      anon_inode:i915.gem
7f28f8ed8000-7f28f8ee0000 rw-s 1354cc000 00:11 2111                      anon_inode:i915.gem
7f28f8ee0000-7f28f8ee4000 rw-s 1354c8000 00:11 2111                      anon_inode:i915.gem
7f28f8ee4000-7f28f8ee8000 rw-s 1354c4000 00:11 2111                      anon_inode:i915.gem
7f28f8ee8000-7f28f8eec000 rw-s 1280a6000 00:11 2111                      anon_inode:i915.gem
7f28f8eec000-7f28f8ef0000 rw-s 1280a2000 00:11 2111                      anon_inode:i915.gem
7f28f8ef0000-7f28f8ef4000 rw-s 12809e000 00:11 2111                      anon_inode:i915.gem
7f28f8ef4000-7f28f8ef8000 rw-s 12809a000 00:11 2111                      anon_inode:i915.gem
7f28f8ef8000-7f28f8efc000 rw-s 128096000 00:11 2111                      anon_inode:i915.gem
7f28f8efc000-7f28f8f04000 rw-s 12808e000 00:11 2111                      anon_inode:i915.gem
7f28f8f04000-7f28f8f08000 rw-s 12808a000 00:11 2111                      anon_inode:i915.gem
7f28f8f08000-7f28f8f0c000 rw-s 128086000 00:11 2111                      anon_inode:i915.gem
7f28f8f0c000-7f28f8f10000 rw-s 128082000 00:11 2111                      anon_inode:i915.gem
7f28f8f10000-7f28f8f14000 rw-s 12807e000 00:11 2111                      anon_inode:i915.gem
7f28f8f14000-7f28f8f18000 rw-s 12807a000 00:11 2111                      anon_inode:i915.gem
7f28f8f18000-7f28f8f1c000 rw-s 128076000 00:11 2111                      anon_inode:i915.gem
7f28f8f1c000-7f28f8f24000 rw-s 12806e000 00:11 2111                      anon_inode:i915.gem
7f28f8f24000-7f28f8f28000 rw-s 12806a000 00:11 2111                      anon_inode:i915.gem
7f28f8f28000-7f28f8f2c000 rw-s 128066000 00:11 2111                      anon_inode:i915.gem
7f28f8f2c000-7f28f8f30000 rw-s 128062000 00:11 2111                      anon_inode:i915.gem
7f28f8f30000-7f28f8f34000 rw-s 12805e000 00:11 2111                      anon_inode:i915.gem
7f28f8f34000-7f28f8f74000 rw-s 12800a000 00:11 2111                      anon_inode:i915.gem
7f28f8f74000-7f28f8fb4000 rw-s 127fca000 00:11 2111                      anon_inode:i915.gem
7f28f8fb4000-7f28f95b4000 rw-s 134ec4000 00:11 2111                      anon_inode:i915.gem
7f28f95b4000-7f28f9bb4000 rw-s 1348c4000 00:11 2111                      anon_inode:i915.gem
7f28f9bb4000-7f28fa1b4000 rw-s 1342c4000 00:11 2111                      anon_inode:i915.gem
7f28fa1b4000-7f28fa5b4000 rw-s 133ec4000 00:11 2111                      anon_inode:i915.gem
7f28fa5b4000-7f28fa9b4000 rw-s 133ac4000 00:11 2111                      anon_inode:i915.gem
7f28fa9b4000-7f28fadb4000 rw-s 1336c4000 00:11 2111                      anon_inode:i915.gem
7f28fadb4000-7f28fb1b4000 rw-s 1332c4000 00:11 2111                      anon_inode:i915.gem
7f28fb1b4000-7f28fb5b4000 rw-s 132ec4000 00:11 2111                      anon_inode:i915.gem
7f28fb5b4000-7f28fb9b4000 rw-s 132ac4000 00:11 2111                      anon_inode:i915.gem
7f28fb9b4000-7f28fbdb4000 rw-s 1326c4000 00:11 2111                      anon_inode:i915.gem
7f28fbdb4000-7f28fc3b4000 rw-s 1320c4000 00:11 2111                      anon_inode:i915.gem
7f28fc3b4000-7f28fcdb4000 rw-s 1316c4000 00:11 2111                      anon_inode:i915.gem
7f28fcdb4000-7f28fd7b4000 rw-s 130cc4000 00:11 2111                      anon_inode:i915.gem
7f28fd7b4000-7f28fd9b4000 rw-s 130ac4000 00:11 2111                      anon_inode:i915.gem
7f28fd9b4000-7f28fdbb4000 rw-s 1308c4000 00:11 2111                      anon_inode:i915.gem
7f28fdbb4000-7f28fddb4000 rw-s 1306c4000 00:11 2111                      anon_inode:i915.gem
7f28fddb4000-7f28fdfb4000 rw-s 1304c4000 00:11 2111                      anon_inode:i915.gem
7f28fdfb4000-7f28fe1b4000 rw-s 1302c4000 00:11 2111                      anon_inode:i915.gem
7f28fe1b4000-7f28fe3b4000 rw-s 1300c4000 00:11 2111                      anon_inode:i915.gem
7f28fe3b4000-7f28fe5b4000 rw-s 12fec4000 00:11 2111                      anon_inode:i915.gem
7f28fe5b4000-7f28fe7b4000 rw-s 12fcc4000 00:11 2111                      anon_inode:i915.gem
7f28fe7b4000-7f28fe9b4000 rw-s 12fac4000 00:11 2111                      anon_inode:i915.gem
7f28fe9b4000-7f28febb4000 rw-s 11b336000 00:11 2111                      anon_inode:i915.gem
7f28febb4000-7f28fedb4000 rw-s 11b136000 00:11 2111                      anon_inode:i915.gem
7f28fedb4000-7f28fefb4000 rw-s 11af36000 00:11 2111                      anon_inode:i915.gem
7f28fefb4000-7f28ff1b4000 rw-s 11ad36000 00:11 2111                      anon_inode:i915.gem
7f28ff1b4000-7f28ff3b4000 rw-s 11ab36000 00:11 2111                      anon_inode:i915.gem
7f28ff3b4000-7f28ff5b4000 rw-s 126ab6000 00:11 2111                      anon_inode:i915.gem
7f28ff5b4000-7f28ff5f4000 rw-s 123b98000 00:11 2111                      anon_inode:i915.gem
7f28ff5f4000-7f28ff634000 rw-s 123b58000 00:11 2111                      anon_inode:i915.gem
7f28ff634000-7f28ff834000 rw-s 123958000 00:11 2111                      anon_inode:i915.gem
7f28ff834000-7f28ffa34000 rw-s 123758000 00:11 2111                      anon_inode:i915.gem
7f28ffa34000-7f28ffc34000 rw-s 123558000 00:11 2111                      anon_inode:i915.gem
7f28ffc34000-7f28ffc74000 rw-s 123518000 00:11 2111                      anon_inode:i915.gem
7f28ffc74000-7f28ffcb4000 rw-s 1234d8000 00:11 2111                      anon_inode:i915.gem
7f28ffcb4000-7f28ffcf4000 rw-s 123498000 00:11 2111                      anon_inode:i915.gem
7f28ffcf4000-7f28ffd34000 rw-s 123458000 00:11 2111                      anon_inode:i915.gem
7f28ffd34000-7f28fff34000 rw-s 123258000 00:11 2111                      anon_inode:i915.gem
7f28fff34000-7f28fff74000 rw-s 123218000 00:11 2111                      anon_inode:i915.gem
7f28fff74000-7f28fffb4000 rw-s 1231d8000 00:11 2111                      anon_inode:i915.gem
7f28fffb4000-7f28ffff4000 rw-s 123198000 00:11 2111                      anon_inode:i915.gem
7f28ffff4000-7f2900034000 rw-s 123158000 00:11 2111                      anon_inode:i915.gem
7f2900034000-7f2900074000 rw-s 123118000 00:11 2111                      anon_inode:i915.gem
7f2900074000-7f2900674000 rw-s 122b18000 00:11 2111                      anon_inode:i915.gem
7f2900674000-7f2900a74000 rw-s 122718000 00:11 2111                      anon_inode:i915.gem
7f2900a74000-7f2900e74000 rw-s 122318000 00:11 2111                      anon_inode:i915.gem
7f2900e74000-7f2900eb4000 rw-s 1222d8000 00:11 2111                      anon_inode:i915.gem
7f2900eb4000-7f2900ef4000 rw-s 122298000 00:11 2111                      anon_inode:i915.gem
7f2900ef4000-7f2900f34000 rw-s 122258000 00:11 2111                      anon_inode:i915.gem
7f2900f34000-7f2900f74000 rw-s 122218000 00:11 2111                      anon_inode:i915.gem
7f2900f74000-7f2900fb4000 rw-s 1221d8000 00:11 2111                      anon_inode:i915.gem
7f2900fb4000-7f2900ff4000 rw-s 122198000 00:11 2111                      anon_inode:i915.gem
7f2900ff4000-7f2901034000 rw-s 122158000 00:11 2111                      anon_inode:i915.gem
7f2901034000-7f2901074000 rw-s 122118000 00:11 2111                      anon_inode:i915.gem
7f2901074000-7f29010b4000 rw-s 1220d8000 00:11 2111                      anon_inode:i915.gem
7f29010b4000-7f29012b4000 rw-s 121ed8000 00:11 2111                      anon_inode:i915.gem
7f29012b4000-7f29014b4000 rw-s 121cd8000 00:11 2111                      anon_inode:i915.gem
7f29014b4000-7f29014f4000 rw-s 121c98000 00:11 2111                      anon_inode:i915.gem
7f29014f4000-7f29018f4000 rw-s 121898000 00:11 2111                      anon_inode:i915.gem
7f29018f4000-7f29018fc000 rw-s 121890000 00:11 2111                      anon_inode:i915.gem
7f29018fc000-7f2901904000 rw-s 121888000 00:11 2111                      anon_inode:i915.gem
7f2901904000-7f2901908000 rw-s 121884000 00:11 2111                      anon_inode:i915.gem
7f2901908000-7f290190c000 rw-s 121880000 00:11 2111                      anon_inode:i915.gem
7f290190c000-7f2901914000 rw-s 121878000 00:11 2111                      anon_inode:i915.gem
7f2901914000-7f290191c000 rw-s 121870000 00:11 2111                      anon_inode:i915.gem
7f290191c000-7f2901924000 rw-s 121868000 00:11 2111                      anon_inode:i915.gem
7f2901924000-7f290192c000 rw-s 121860000 00:11 2111                      anon_inode:i915.gem
7f290192c000-7f2901934000 rw-s 121858000 00:11 2111                      anon_inode:i915.gem
7f2901934000-7f290193c000 rw-s 121850000 00:11 2111                      anon_inode:i915.gem
7f290193c000-7f2901944000 rw-s 121848000 00:11 2111                      anon_inode:i915.gem
7f2901944000-7f290194c000 rw-s 121840000 00:11 2111                      anon_inode:i915.gem
7f290194c000-7f2901954000 rw-s 121838000 00:11 2111                      anon_inode:i915.gem
7f2901954000-7f290195c000 rw-s 121830000 00:11 2111                      anon_inode:i915.gem
7f290195c000-7f2901964000 rw-s 121828000 00:11 2111                      anon_inode:i915.gem
7f2901964000-7f290196c000 rw-s 121820000 00:11 2111                      anon_inode:i915.gem
7f290196c000-7f2901974000 rw-s 121818000 00:11 2111                      anon_inode:i915.gem
7f2901974000-7f290197c000 rw-s 121810000 00:11 2111                      anon_inode:i915.gem
7f290197c000-7f2901984000 rw-s 121808000 00:11 2111                      anon_inode:i915.gem
7f2901984000-7f2901988000 rw-s 121804000 00:11 2111                      anon_inode:i915.gem
7f2901988000-7f2901990000 rw-s 1217fc000 00:11 2111                      anon_inode:i915.gem
7f2901990000-7f2901994000 rw-s 1217f8000 00:11 2111                      anon_inode:i915.gem
7f2901994000-7f2901998000 rw-s 1217f4000 00:11 2111                      anon_inode:i915.gem
7f2901998000-7f290199c000 rw-s 1217f0000 00:11 2111                      anon_inode:i915.gem
7f290199c000-7f29019a0000 rw-s 1217ec000 00:11 2111                      anon_inode:i915.gem
7f29019a0000-7f29019a4000 rw-s 1217e8000 00:11 2111                      anon_inode:i915.gem
7f29019a4000-7f29019a8000 rw-s 1217e4000 00:11 2111                      anon_inode:i915.gem
7f29019a8000-7f29019ac000 rw-s 1217e0000 00:11 2111                      anon_inode:i915.gem
7f29019ac000-7f29019b4000 rw-s 1217d8000 00:11 2111                      anon_inode:i915.gem
7f29019b4000-7f29019bc000 rw-s 1217d0000 00:11 2111                      anon_inode:i915.gem
7f29019bc000-7f29019c4000 rw-s 1217c8000 00:11 2111                      anon_inode:i915.gem
7f29019c4000-7f29019cc000 rw-s 1217c0000 00:11 2111                      anon_inode:i915.gem
7f29019cc000-7f29019d4000 rw-s 1217b8000 00:11 2111                      anon_inode:i915.gem
7f29019d4000-7f29019dc000 rw-s 1217b0000 00:11 2111                      anon_inode:i915.gem
7f29019dc000-7f29019e4000 rw-s 1217a8000 00:11 2111                      anon_inode:i915.gem
7f29019e4000-7f29019ec000 rw-s 1217a0000 00:11 2111                      anon_inode:i915.gem
7f29019ec000-7f29019f4000 rw-s 121798000 00:11 2111                      anon_inode:i915.gem
7f29019f4000-7f29019fc000 rw-s 121790000 00:11 2111                      anon_inode:i915.gem
7f29019fc000-7f2901a00000 rw-s 12178c000 00:11 2111                      anon_inode:i915.gem
7f2901a00000-7f2901a04000 rw-s 121788000 00:11 2111                      anon_inode:i915.gem
7f2901a04000-7f2901a0c000 rw-s 121780000 00:11 2111                      anon_inode:i915.gem
7f2901a0c000-7f2901a10000 rw-s 12177c000 00:11 2111                      anon_inode:i915.gem
7f2901a10000-7f2901a14000 rw-s 121778000 00:11 2111                      anon_inode:i915.gem
7f2901a14000-7f2901a1c000 rw-s 121770000 00:11 2111                      anon_inode:i915.gem
7f2901a1c000-7f2901a20000 rw-s 12176c000 00:11 2111                      anon_inode:i915.gem
7f2901a20000-7f2901a24000 rw-s 121768000 00:11 2111                      anon_inode:i915.gem
7f2901a24000-7f2901a2c000 rw-s 121760000 00:11 2111                      anon_inode:i915.gem
7f2901a2c000-7f2901a30000 rw-s 12175c000 00:11 2111                      anon_inode:i915.gem
7f2901a30000-7f2901a34000 rw-s 121758000 00:11 2111                      anon_inode:i915.gem
7f2901a34000-7f2901a3c000 rw-s 121750000 00:11 2111                      anon_inode:i915.gem
7f2901a3c000-7f2901a40000 rw-s 12174c000 00:11 2111                      anon_inode:i915.gem
7f2901a40000-7f2901a48000 rw-s 121744000 00:11 2111                      anon_inode:i915.gem
7f2901a48000-7f2901a50000 rw-s 12173c000 00:11 2111                      anon_inode:i915.gem
7f2901a50000-7f2901a58000 rw-s 121734000 00:11 2111                      anon_inode:i915.gem
7f2901a58000-7f2901a60000 rw-s 12172c000 00:11 2111                      anon_inode:i915.gem
7f2901a60000-7f2901a68000 rw-s 121724000 00:11 2111                      anon_inode:i915.gem
7f2901a68000-7f2901a70000 rw-s 12171c000 00:11 2111                      anon_inode:i915.gem
7f2901a70000-7f2901a78000 rw-s 121714000 00:11 2111                      anon_inode:i915.gem
7f2901a78000-7f2901a80000 rw-s 12170c000 00:11 2111                      anon_inode:i915.gem
7f2901a80000-7f2901a88000 rw-s 121704000 00:11 2111                      anon_inode:i915.gem
7f2901a88000-7f2901a90000 rw-s 1216fc000 00:11 2111                      anon_inode:i915.gem
7f2901a90000-7f2901a98000 rw-s 1216f4000 00:11 2111                      anon_inode:i915.gem
7f2901a98000-7f2901aa0000 rw-s 1216ec000 00:11 2111                      anon_inode:i915.gem
7f2901aa0000-7f2901ae0000 rw-s 1216ac000 00:11 2111                      anon_inode:i915.gem
7f2901ae0000-7f2901b20000 rw-s 12166c000 00:11 2111                      anon_inode:i915.gem
7f2901b20000-7f2901d20000 rw-s 12146c000 00:11 2111                      anon_inode:i915.gem
7f2901d20000-7f2901d60000 rw-s 12142c000 00:11 2111                      anon_inode:i915.gem
7f2901d60000-7f2901da0000 rw-s 1213ec000 00:11 2111                      anon_inode:i915.gem
7f2901da0000-7f2901de0000 rw-s 1213ac000 00:11 2111                      anon_inode:i915.gem
7f2901de0000-7f2901fe0000 rw-s 1211ac000 00:11 2111                      anon_inode:i915.gem
7f2901fe0000-7f29021e0000 rw-s 120fac000 00:11 2111                      anon_inode:i915.gem
7f29021e0000-7f29021e8000 rw-s 120fa4000 00:11 2111                      anon_inode:i915.gem
7f29021e8000-7f29021f0000 rw-s 120f9c000 00:11 2111                      anon_inode:i915.gem
7f29021f0000-7f29021f8000 rw-s 120f94000 00:11 2111                      anon_inode:i915.gem
7f29021f8000-7f2902200000 rw-s 120f8c000 00:11 2111                      anon_inode:i915.gem
7f2902200000-7f2902208000 rw-s 120f84000 00:11 2111                      anon_inode:i915.gem
7f2902208000-7f2902210000 rw-s 120f7c000 00:11 2111                      anon_inode:i915.gem
7f2902210000-7f2902218000 rw-s 120f74000 00:11 2111                      anon_inode:i915.gem
7f2902218000-7f2902220000 rw-s 120f6c000 00:11 2111                      anon_inode:i915.gem
7f2902220000-7f2902228000 rw-s 120f64000 00:11 2111                      anon_inode:i915.gem
7f2902228000-7f2902230000 rw-s 120f5c000 00:11 2111                      anon_inode:i915.gem
7f2902230000-7f2902238000 rw-s 120f54000 00:11 2111                      anon_inode:i915.gem
7f2902238000-7f2902240000 rw-s 120f4c000 00:11 2111                      anon_inode:i915.gem
7f2902240000-7f2902248000 rw-s 120f44000 00:11 2111                      anon_inode:i915.gem
7f2902248000-7f2902250000 rw-s 120f3c000 00:11 2111                      anon_inode:i915.gem
7f2902250000-7f2902258000 rw-s 120f34000 00:11 2111                      anon_inode:i915.gem
7f2902258000-7f2902260000 rw-s 120f2c000 00:11 2111                      anon_inode:i915.gem
7f2902260000-7f2902268000 rw-s 120f24000 00:11 2111                      anon_inode:i915.gem
7f2902268000-7f2902270000 rw-s 120f1c000 00:11 2111                      anon_inode:i915.gem
7f2902270000-7f2902278000 rw-s 120f14000 00:11 2111                      anon_inode:i915.gem
7f2902278000-7f2902280000 rw-s 120f0c000 00:11 2111                      anon_inode:i915.gem
7f2902280000-7f2902288000 rw-s 120f04000 00:11 2111                      anon_inode:i915.gem
7f2902288000-7f2902290000 rw-s 120efc000 00:11 2111                      anon_inode:i915.gem
7f2902290000-7f2902298000 rw-s 120ef4000 00:11 2111                      anon_inode:i915.gem
7f2902298000-7f29022a0000 rw-s 120eec000 00:11 2111                      anon_inode:i915.gem
7f29022a0000-7f29022a8000 rw-s 120ee4000 00:11 2111                      anon_inode:i915.gem
7f29022a8000-7f29022b0000 rw-s 120edc000 00:11 2111                      anon_inode:i915.gem
7f29022b0000-7f29022b8000 rw-s 120ed4000 00:11 2111                      anon_inode:i915.gem
7f29022b8000-7f29022c0000 rw-s 120ecc000 00:11 2111                      anon_inode:i915.gem
7f29022c0000-7f29022c8000 rw-s 120ec4000 00:11 2111                      anon_inode:i915.gem
7f29022c8000-7f29022d0000 rw-s 120ebc000 00:11 2111                      anon_inode:i915.gem
7f29022d0000-7f29022d8000 rw-s 120eb4000 00:11 2111                      anon_inode:i915.gem
7f29022d8000-7f29022e0000 rw-s 120eac000 00:11 2111                      anon_inode:i915.gem
7f29022e0000-7f29022e8000 rw-s 120ea4000 00:11 2111                      anon_inode:i915.gem
7f29022e8000-7f29022f0000 rw-s 120e9c000 00:11 2111                      anon_inode:i915.gem
7f29022f0000-7f29022f8000 rw-s 120e94000 00:11 2111                      anon_inode:i915.gem
7f29022f8000-7f2902300000 rw-s 120e8c000 00:11 2111                      anon_inode:i915.gem
7f2902300000-7f2902308000 rw-s 120e84000 00:11 2111                      anon_inode:i915.gem
7f2902308000-7f2902310000 rw-s 120e7c000 00:11 2111                      anon_inode:i915.gem
7f2902310000-7f2902318000 rw-s 120e74000 00:11 2111                      anon_inode:i915.gem
7f2902318000-7f2902320000 rw-s 120e6c000 00:11 2111                      anon_inode:i915.gem
7f2902320000-7f2902328000 rw-s 120e64000 00:11 2111                      anon_inode:i915.gem
7f2902328000-7f290232c000 rw-s 120e60000 00:11 2111                      anon_inode:i915.gem
7f290232c000-7f2902330000 rw-s 120e5c000 00:11 2111                      anon_inode:i915.gem
7f2902330000-7f2902334000 rw-s 120e58000 00:11 2111                      anon_inode:i915.gem
7f2902334000-7f290233c000 rw-s 120e50000 00:11 2111                      anon_inode:i915.gem
7f290233c000-7f2902340000 rw-s 120e4c000 00:11 2111                      anon_inode:i915.gem
7f2902340000-7f2902348000 rw-s 120e44000 00:11 2111                      anon_inode:i915.gem
7f2902348000-7f290234c000 rw-s 120e40000 00:11 2111                      anon_inode:i915.gem
7f290234c000-7f2902350000 rw-s 120e3c000 00:11 2111                      anon_inode:i915.gem
7f2902350000-7f2902354000 rw-s 120e38000 00:11 2111                      anon_inode:i915.gem
7f2902354000-7f2902358000 rw-s 120e34000 00:11 2111                      anon_inode:i915.gem
7f2902358000-7f290235c000 rw-s 120e30000 00:11 2111                      anon_inode:i915.gem
7f290235c000-7f2902364000 rw-s 120e28000 00:11 2111                      anon_inode:i915.gem
7f2902364000-7f290236c000 rw-s 120e20000 00:11 2111                      anon_inode:i915.gem
7f290236c000-7f2902374000 rw-s 120e18000 00:11 2111                      anon_inode:i915.gem
7f2902374000-7f29023b4000 rw-s 120dd8000 00:11 2111                      anon_inode:i915.gem
7f29023b4000-7f29023f4000 rw-s 120d98000 00:11 2111                      anon_inode:i915.gem
7f29023f4000-7f2902434000 rw-s 120d58000 00:11 2111                      anon_inode:i915.gem
7f2902434000-7f2902474000 rw-s 120d18000 00:11 2111                      anon_inode:i915.gem
7f2902474000-7f290247c000 rw-s 120d10000 00:11 2111                      anon_inode:i915.gem
7f290247c000-7f2902484000 rw-s 120d08000 00:11 2111                      anon_inode:i915.gem
7f2902484000-7f290248c000 rw-s 120d00000 00:11 2111                      anon_inode:i915.gem
7f290248c000-7f2902494000 rw-s 120cf8000 00:11 2111                      anon_inode:i915.gem
7f2902494000-7f290249c000 rw-s 120cf0000 00:11 2111                      anon_inode:i915.gem
7f290249c000-7f29024a4000 rw-s 120ce8000 00:11 2111                      anon_inode:i915.gem
7f29024a4000-7f29024ac000 rw-s 120ce0000 00:11 2111                      anon_inode:i915.gem
7f29024ac000-7f29024b4000 rw-s 120cd8000 00:11 2111                      anon_inode:i915.gem
7f29024b4000-7f29024f4000 rw-s 120c98000 00:11 2111                      anon_inode:i915.gem
7f29024f4000-7f2902534000 rw-s 120c58000 00:11 2111                      anon_inode:i915.gem
7f2902534000-7f290253c000 rw-s 120c50000 00:11 2111                      anon_inode:i915.gem
7f290253c000-7f2902544000 rw-s 120c48000 00:11 2111                      anon_inode:i915.gem
7f2902544000-7f290254c000 rw-s 120c40000 00:11 2111                      anon_inode:i915.gem
7f290254c000-7f2902554000 rw-s 120c38000 00:11 2111                      anon_inode:i915.gem
7f2902554000-7f290255c000 rw-s 120c30000 00:11 2111                      anon_inode:i915.gem
7f290255c000-7f2902564000 rw-s 120c28000 00:11 2111                      anon_inode:i915.gem
7f2902564000-7f290256c000 rw-s 120c20000 00:11 2111                      anon_inode:i915.gem
7f290256c000-7f2902574000 rw-s 120c18000 00:11 2111                      anon_inode:i915.gem
7f2902574000-7f290257c000 rw-s 120c10000 00:11 2111                      anon_inode:i915.gem
7f290257c000-7f2902584000 rw-s 120c08000 00:11 2111                      anon_inode:i915.gem
7f2902584000-7f290258c000 rw-s 120c00000 00:11 2111                      anon_inode:i915.gem
7f290258c000-7f2902594000 rw-s 120bf8000 00:11 2111                      anon_inode:i915.gem
7f2902594000-7f290259c000 rw-s 120bf0000 00:11 2111                      anon_inode:i915.gem
7f290259c000-7f29025a4000 rw-s 120be8000 00:11 2111                      anon_inode:i915.gem
7f29025a4000-7f29025ac000 rw-s 120be0000 00:11 2111                      anon_inode:i915.gem
7f29025ac000-7f29025b0000 rw-s 120bdc000 00:11 2111                      anon_inode:i915.gem
7f29025b0000-7f29025b8000 rw-s 120bd4000 00:11 2111                      anon_inode:i915.gem
7f29025b8000-7f29025c0000 rw-s 120bcc000 00:11 2111                      anon_inode:i915.gem
7f29025c0000-7f29025c8000 rw-s 120bc4000 00:11 2111                      anon_inode:i915.gem
7f29025c8000-7f29025cc000 rw-s 120bc0000 00:11 2111                      anon_inode:i915.gem
7f29025cc000-7f29025d4000 rw-s 120bb8000 00:11 2111                      anon_inode:i915.gem
7f29025d4000-7f29025dc000 rw-s 120bb0000 00:11 2111                      anon_inode:i915.gem
7f29025dc000-7f29025e4000 rw-s 120ba8000 00:11 2111                      anon_inode:i915.gem
7f29025e4000-7f29025ec000 rw-s 120ba0000 00:11 2111                      anon_inode:i915.gem
7f29025ec000-7f29025f4000 rw-s 120b98000 00:11 2111                      anon_inode:i915.gem
7f29025f4000-7f29025fc000 rw-s 120b90000 00:11 2111                      anon_inode:i915.gem
7f29025fc000-7f2902604000 rw-s 120b88000 00:11 2111                      anon_inode:i915.gem
7f2902604000-7f290260c000 rw-s 120b80000 00:11 2111                      anon_inode:i915.gem
7f290260c000-7f2902614000 rw-s 120b78000 00:11 2111                      anon_inode:i915.gem
7f2902614000-7f290261c000 rw-s 120b70000 00:11 2111                      anon_inode:i915.gem
7f290261c000-7f2902624000 rw-s 120b68000 00:11 2111                      anon_inode:i915.gem
7f2902624000-7f290262c000 rw-s 120b60000 00:11 2111                      anon_inode:i915.gem
7f290262c000-7f2902634000 rw-s 120b58000 00:11 2111                      anon_inode:i915.gem
7f2902634000-7f290263c000 rw-s 120b50000 00:11 2111                      anon_inode:i915.gem
7f290263c000-7f2902644000 rw-s 120b48000 00:11 2111                      anon_inode:i915.gem
7f2902644000-7f290264c000 rw-s 120b40000 00:11 2111                      anon_inode:i915.gem
7f290264c000-7f2902654000 rw-s 120b38000 00:11 2111                      anon_inode:i915.gem
7f2902654000-7f290265c000 rw-s 120b30000 00:11 2111                      anon_inode:i915.gem
7f290265c000-7f2902664000 rw-s 120b28000 00:11 2111                      anon_inode:i915.gem
7f2902664000-7f290266c000 rw-s 120b20000 00:11 2111                      anon_inode:i915.gem
7f290266c000-7f2902674000 rw-s 120b18000 00:11 2111                      anon_inode:i915.gem
7f2902674000-7f290267c000 rw-s 120b10000 00:11 2111                      anon_inode:i915.gem
7f290267c000-7f2902684000 rw-s 120b08000 00:11 2111                      anon_inode:i915.gem
7f2902684000-7f290268c000 rw-s 120b00000 00:11 2111                      anon_inode:i915.gem
7f290268c000-7f2902694000 rw-s 120af8000 00:11 2111                      anon_inode:i915.gem
7f2902694000-7f290269c000 rw-s 120af0000 00:11 2111                      anon_inode:i915.gem
7f290269c000-7f29026a4000 rw-s 120ae8000 00:11 2111                      anon_inode:i915.gem
7f29026a4000-7f29026ac000 rw-s 120ae0000 00:11 2111                      anon_inode:i915.gem
7f29026ac000-7f29026b4000 rw-s 120ad8000 00:11 2111                      anon_inode:i915.gem
7f29026b4000-7f29026bc000 rw-s 120ad0000 00:11 2111                      anon_inode:i915.gem
7f29026bc000-7f29026c4000 rw-s 120ac8000 00:11 2111                      anon_inode:i915.gem
7f29026c4000-7f29026cc000 rw-s 120ac0000 00:11 2111                      anon_inode:i915.gem
7f29026cc000-7f29026d4000 rw-s 120ab8000 00:11 2111                      anon_inode:i915.gem
7f29026d4000-7f29026dc000 rw-s 120ab0000 00:11 2111                      anon_inode:i915.gem
7f29026dc000-7f29026e4000 rw-s 120aa8000 00:11 2111                      anon_inode:i915.gem
7f29026e4000-7f29026ec000 rw-s 120aa0000 00:11 2111                      anon_inode:i915.gem
7f29026ec000-7f29026f4000 rw-s 120a98000 00:11 2111                      anon_inode:i915.gem
7f29026f4000-7f29026fc000 rw-s 120a90000 00:11 2111                      anon_inode:i915.gem
7f29026fc000-7f2902704000 rw-s 120a88000 00:11 2111                      anon_inode:i915.gem
7f2902704000-7f290270c000 rw-s 120a80000 00:11 2111                      anon_inode:i915.gem
7f290270c000-7f2902714000 rw-s 120a78000 00:11 2111                      anon_inode:i915.gem
7f2902714000-7f290271c000 rw-s 120a70000 00:11 2111                      anon_inode:i915.gem
7f290271c000-7f2902724000 rw-s 120a68000 00:11 2111                      anon_inode:i915.gem
7f2902724000-7f290272c000 rw-s 120a60000 00:11 2111                      anon_inode:i915.gem
7f290272c000-7f2902734000 rw-s 120a58000 00:11 2111                      anon_inode:i915.gem
7f2902734000-7f290273c000 rw-s 120a50000 00:11 2111                      anon_inode:i915.gem
7f290273c000-7f2902744000 rw-s 120a48000 00:11 2111                      anon_inode:i915.gem
7f2902744000-7f290274c000 rw-s 120a40000 00:11 2111                      anon_inode:i915.gem
7f290274c000-7f2902754000 rw-s 120a38000 00:11 2111                      anon_inode:i915.gem
7f2902754000-7f290275c000 rw-s 120a30000 00:11 2111                      anon_inode:i915.gem
7f290275c000-7f2902764000 rw-s 120a28000 00:11 2111                      anon_inode:i915.gem
7f2902764000-7f290276c000 rw-s 120a20000 00:11 2111                      anon_inode:i915.gem
7f290276c000-7f2902774000 rw-s 120a18000 00:11 2111                      anon_inode:i915.gem
7f2902774000-7f290277c000 rw-s 120a10000 00:11 2111                      anon_inode:i915.gem
7f290277c000-7f2902784000 rw-s 120a08000 00:11 2111                      anon_inode:i915.gem
7f2902784000-7f290278c000 rw-s 120a00000 00:11 2111                      anon_inode:i915.gem
7f290278c000-7f2902794000 rw-s 1209f8000 00:11 2111                      anon_inode:i915.gem
7f2902794000-7f290279c000 rw-s 1209f0000 00:11 2111                      anon_inode:i915.gem
7f290279c000-7f29027a4000 rw-s 1209e8000 00:11 2111                      anon_inode:i915.gem
7f29027a4000-7f29027ac000 rw-s 1209e0000 00:11 2111                      anon_inode:i915.gem
7f29027ac000-7f29027b4000 rw-s 1209d8000 00:11 2111                      anon_inode:i915.gem
7f29027b4000-7f29027bc000 rw-s 1209d0000 00:11 2111                      anon_inode:i915.gem
7f29027bc000-7f29027c4000 rw-s 1209c8000 00:11 2111                      anon_inode:i915.gem
7f29027c4000-7f29027cc000 rw-s 1209c0000 00:11 2111                      anon_inode:i915.gem
7f29027cc000-7f29027d4000 rw-s 1209b8000 00:11 2111                      anon_inode:i915.gem
7f29027d4000-7f29027dc000 rw-s 1209b0000 00:11 2111                      anon_inode:i915.gem
7f29027dc000-7f29027e4000 rw-s 1209a8000 00:11 2111                      anon_inode:i915.gem
7f29027e4000-7f29027ec000 rw-s 1209a0000 00:11 2111                      anon_inode:i915.gem
7f29027ec000-7f29027f4000 rw-s 120998000 00:11 2111                      anon_inode:i915.gem
7f29027f4000-7f29027fc000 rw-s 120990000 00:11 2111                      anon_inode:i915.gem
7f29027fc000-7f2902804000 rw-s 120988000 00:11 2111                      anon_inode:i915.gem
7f2902804000-7f2902844000 rw-s 120948000 00:11 2111                      anon_inode:i915.gem
7f2902844000-7f2902884000 rw-s 120908000 00:11 2111                      anon_inode:i915.gem
7f2902884000-7f29028c4000 rw-s 1208c8000 00:11 2111                      anon_inode:i915.gem
7f29028c4000-7f29028cc000 rw-s 1208c0000 00:11 2111                      anon_inode:i915.gem
7f29028cc000-7f29028d4000 rw-s 1208b8000 00:11 2111                      anon_inode:i915.gem
7f29028d4000-7f29028d8000 rw-s 1208b4000 00:11 2111                      anon_inode:i915.gem
7f29028d8000-7f29028dc000 rw-s 1208b0000 00:11 2111                      anon_inode:i915.gem
7f29028dc000-7f29028e4000 rw-s 1208a8000 00:11 2111                      anon_inode:i915.gem
7f29028e4000-7f29028ec000 rw-s 1208a0000 00:11 2111                      anon_inode:i915.gem
7f29028ec000-7f29028f4000 rw-s 120898000 00:11 2111                      anon_inode:i915.gem
7f29028f4000-7f29028fc000 rw-s 120890000 00:11 2111                      anon_inode:i915.gem
7f29028fc000-7f2902904000 rw-s 120888000 00:11 2111                      anon_inode:i915.gem
7f2902904000-7f2902908000 rw-s 120884000 00:11 2111                      anon_inode:i915.gem
7f2902908000-7f2902910000 rw-s 12087c000 00:11 2111                      anon_inode:i915.gem
7f2902910000-7f2902918000 rw-s 120874000 00:11 2111                      anon_inode:i915.gem
7f2902918000-7f2902920000 rw-s 12086c000 00:11 2111                      anon_inode:i915.gem
7f2902920000-7f2902928000 rw-s 120864000 00:11 2111                      anon_inode:i915.gem
7f2902928000-7f2902930000 rw-s 12085c000 00:11 2111                      anon_inode:i915.gem
7f2902930000-7f2902938000 rw-s 120854000 00:11 2111                      anon_inode:i915.gem
7f2902938000-7f2902940000 rw-s 12084c000 00:11 2111                      anon_inode:i915.gem
7f2902940000-7f2902948000 rw-s 120844000 00:11 2111                      anon_inode:i915.gem
7f2902948000-7f2902950000 rw-s 12083c000 00:11 2111                      anon_inode:i915.gem
7f2902950000-7f2902958000 rw-s 120834000 00:11 2111                      anon_inode:i915.gem
7f2902958000-7f290295c000 rw-s 120830000 00:11 2111                      anon_inode:i915.gem
7f290295c000-7f2902960000 rw-s 12082c000 00:11 2111                      anon_inode:i915.gem
7f2902960000-7f2902964000 rw-s 120828000 00:11 2111                      anon_inode:i915.gem
7f2902964000-7f2902968000 rw-s 120824000 00:11 2111                      anon_inode:i915.gem
7f2902968000-7f290296c000 rw-s 120820000 00:11 2111                      anon_inode:i915.gem
7f290296c000-7f2902970000 rw-s 12081c000 00:11 2111                      anon_inode:i915.gem
7f2902970000-7f2902974000 rw-s 120818000 00:11 2111                      anon_inode:i915.gem
7f2902974000-7f2902978000 rw-s 120814000 00:11 2111                      anon_inode:i915.gem
7f2902978000-7f2902980000 rw-s 12080c000 00:11 2111                      anon_inode:i915.gem
7f2902980000-7f2902984000 rw-s 120808000 00:11 2111                      anon_inode:i915.gem
7f2902984000-7f2902988000 rw-s 120804000 00:11 2111                      anon_inode:i915.gem
7f2902988000-7f290298c000 rw-s 120800000 00:11 2111                      anon_inode:i915.gem
7f290298c000-7f2902990000 rw-s 1207fc000 00:11 2111                      anon_inode:i915.gem
7f2902990000-7f2902994000 rw-s 1207f8000 00:11 2111                      anon_inode:i915.gem
7f2902994000-7f2902998000 rw-s 1207f4000 00:11 2111                      anon_inode:i915.gem
7f2902998000-7f290299c000 rw-s 1207f0000 00:11 2111                      anon_inode:i915.gem
7f290299c000-7f29029a0000 rw-s 1207ec000 00:11 2111                      anon_inode:i915.gem
7f29029a0000-7f29029a8000 rw-s 1207e4000 00:11 2111                      anon_inode:i915.gem
7f29029a8000-7f29029ac000 rw-s 1207e0000 00:11 2111                      anon_inode:i915.gem
7f29029ac000-7f29029b0000 rw-s 1207dc000 00:11 2111                      anon_inode:i915.gem
7f29029b0000-7f29029b8000 rw-s 1207d4000 00:11 2111                      anon_inode:i915.gem
7f29029b8000-7f29029bc000 rw-s 1207d0000 00:11 2111                      anon_inode:i915.gem
7f29029bc000-7f29029c4000 rw-s 1207c8000 00:11 2111                      anon_inode:i915.gem
7f29029c4000-7f29029c8000 rw-s 1207c4000 00:11 2111                      anon_inode:i915.gem
7f29029c8000-7f29029cc000 rw-s 1207c0000 00:11 2111                      anon_inode:i915.gem
7f29029cc000-7f29029d0000 rw-s 1207bc000 00:11 2111                      anon_inode:i915.gem
7f29029d0000-7f29029d4000 rw-s 1207b8000 00:11 2111                      anon_inode:i915.gem
7f29029d4000-7f29029d8000 rw-s 1207b4000 00:11 2111                      anon_inode:i915.gem
7f29029d8000-7f29029dc000 rw-s 1207b0000 00:11 2111                      anon_inode:i915.gem
7f29029dc000-7f29029e4000 rw-s 1207a8000 00:11 2111                      anon_inode:i915.gem
7f29029e4000-7f29029e8000 rw-s 1207a4000 00:11 2111                      anon_inode:i915.gem
7f29029e8000-7f29029ec000 rw-s 1207a0000 00:11 2111                      anon_inode:i915.gem
7f29029ec000-7f29029f0000 rw-s 12079c000 00:11 2111                      anon_inode:i915.gem
7f29029f0000-7f29029f4000 rw-s 120798000 00:11 2111                      anon_inode:i915.gem
7f29029f4000-7f29029f8000 rw-s 120794000 00:11 2111                      anon_inode:i915.gem
7f29029f8000-7f2902a00000 rw-s 12078c000 00:11 2111                      anon_inode:i915.gem
7f2902a00000-7f2902a08000 rw-s 120784000 00:11 2111                      anon_inode:i915.gem
7f2902a08000-7f2902a10000 rw-s 12077c000 00:11 2111                      anon_inode:i915.gem
7f2902a10000-7f2902a18000 rw-s 120774000 00:11 2111                      anon_inode:i915.gem
7f2902a18000-7f2902a20000 rw-s 12076c000 00:11 2111                      anon_inode:i915.gem
7f2902a20000-7f2902a28000 rw-s 120764000 00:11 2111                      anon_inode:i915.gem
7f2902a28000-7f2902a30000 rw-s 12075c000 00:11 2111                      anon_inode:i915.gem
7f2902a30000-7f2902a38000 rw-s 120754000 00:11 2111                      anon_inode:i915.gem
7f2902a38000-7f2902a40000 rw-s 12074c000 00:11 2111                      anon_inode:i915.gem
7f2902a40000-7f2902a48000 rw-s 120744000 00:11 2111                      anon_inode:i915.gem
7f2902a48000-7f2902a50000 rw-s 12073c000 00:11 2111                      anon_inode:i915.gem
7f2902a50000-7f2902a58000 rw-s 120734000 00:11 2111                      anon_inode:i915.gem
7f2902a58000-7f2902a60000 rw-s 12072c000 00:11 2111                      anon_inode:i915.gem
7f2902a60000-7f2902a68000 rw-s 120724000 00:11 2111                      anon_inode:i915.gem
7f2902a68000-7f2902a6c000 rw-s 120720000 00:11 2111                      anon_inode:i915.gem
7f2902a6c000-7f2902a74000 rw-s 120718000 00:11 2111                      anon_inode:i915.gem
7f2902a74000-7f2902a78000 rw-s 120714000 00:11 2111                      anon_inode:i915.gem
7f2902a78000-7f2902a7c000 rw-s 120710000 00:11 2111                      anon_inode:i915.gem
7f2902a7c000-7f2902a80000 rw-s 12070c000 00:11 2111                      anon_inode:i915.gem
7f2902a80000-7f2902a84000 rw-s 120708000 00:11 2111                      anon_inode:i915.gem
7f2902a84000-7f2902a88000 rw-s 120704000 00:11 2111                      anon_inode:i915.gem
7f2902a88000-7f2902a90000 rw-s 1206fc000 00:11 2111                      anon_inode:i915.gem
7f2902a90000-7f2902a98000 rw-s 1206f4000 00:11 2111                      anon_inode:i915.gem
7f2902a98000-7f2902aa0000 rw-s 1206ec000 00:11 2111                      anon_inode:i915.gem
7f2902aa0000-7f2902aa8000 rw-s 1206e4000 00:11 2111                      anon_inode:i915.gem
7f2902aa8000-7f2902aac000 rw-s 1206e0000 00:11 2111                      anon_inode:i915.gem
7f2902aac000-7f2902ab0000 rw-s 1206dc000 00:11 2111                      anon_inode:i915.gem
7f2902ab0000-7f2902ab4000 rw-s 1206d8000 00:11 2111                      anon_inode:i915.gem
7f2902ab4000-7f2902abc000 rw-s 1206d0000 00:11 2111                      anon_inode:i915.gem
7f2902abc000-7f2902ac0000 rw-s 1206cc000 00:11 2111                      anon_inode:i915.gem
7f2902ac0000-7f2902ac4000 rw-s 1206c8000 00:11 2111                      anon_inode:i915.gem
7f2902ac4000-7f2902ac8000 rw-s 1206c4000 00:11 2111                      anon_inode:i915.gem
7f2902ac8000-7f2902acc000 rw-s 1206c0000 00:11 2111                      anon_inode:i915.gem
7f2902acc000-7f2902ad0000 rw-s 1206bc000 00:11 2111                      anon_inode:i915.gem
7f2902ad0000-7f2902ad4000 rw-s 1206b8000 00:11 2111                      anon_inode:i915.gem
7f2902ad4000-7f2902ad8000 rw-s 1206b4000 00:11 2111                      anon_inode:i915.gem
7f2902ad8000-7f2902adc000 rw-s 1206b0000 00:11 2111                      anon_inode:i915.gem
7f2902adc000-7f2902ae0000 rw-s 1206ac000 00:11 2111                      anon_inode:i915.gem
7f2902ae0000-7f2902ae4000 rw-s 1206a8000 00:11 2111                      anon_inode:i915.gem
7f2902ae4000-7f2902ae8000 rw-s 1206a4000 00:11 2111                      anon_inode:i915.gem
7f2902ae8000-7f2902aec000 rw-s 1206a0000 00:11 2111                      anon_inode:i915.gem
7f2902aec000-7f2902af0000 rw-s 12069c000 00:11 2111                      anon_inode:i915.gem
7f2902af0000-7f2902af4000 rw-s 120698000 00:11 2111                      anon_inode:i915.gem
7f2902af4000-7f2902af8000 rw-s 120694000 00:11 2111                      anon_inode:i915.gem
7f2902af8000-7f2902afc000 rw-s 120690000 00:11 2111                      anon_inode:i915.gem
7f2902afc000-7f2902b00000 rw-s 12068c000 00:11 2111                      anon_inode:i915.gem
7f2902b00000-7f2903100000 rw-s 12005e000 00:11 2111                      anon_inode:i915.gem
7f2903100000-7f2903900000 rw-s 11f85e000 00:11 2111                      anon_inode:i915.gem
7f2903900000-7f2903d00000 rw-s 11f45e000 00:11 2111                      anon_inode:i915.gem
7f2903d00000-7f2903d40000 rw-s 11f41e000 00:11 2111                      anon_inode:i915.gem
7f2903d40000-7f2903d80000 rw-s 11f3de000 00:11 2111                      anon_inode:i915.gem
7f2903d80000-7f2903f80000 rw-s 11f1de000 00:11 2111                      anon_inode:i915.gem
7f2903f80000-7f2903fc0000 rw-s 11f19e000 00:11 2111                      anon_inode:i915.gem
7f2903fc0000-7f2904000000 rw-s 11f15e000 00:11 2111                      anon_inode:i915.gem
7f2904000000-7f29079ac000 rw-p 00000000 00:00 0 
7f29079ac000-7f2908000000 ---p 00000000 00:00 0 
7f2908000000-7f2908002000 rw-s 1248a4000 00:11 2111                      anon_inode:i915.gem
7f2908002000-7f2908006000 rw-s 120688000 00:11 2111                      anon_inode:i915.gem
7f2908006000-7f290800a000 rw-s 120684000 00:11 2111                      anon_inode:i915.gem
7f290800a000-7f290800e000 rw-s 120680000 00:11 2111                      anon_inode:i915.gem
7f290800e000-7f2908010000 rw-s 12067e000 00:11 2111                      anon_inode:i915.gem
7f2908010000-7f2908012000 rw-s 12067c000 00:11 2111                      anon_inode:i915.gem
7f2908012000-7f2908014000 rw-s 12067a000 00:11 2111                      anon_inode:i915.gem
7f2908014000-7f290801c000 rw-s 120672000 00:11 2111                      anon_inode:i915.gem
7f290801c000-7f290801e000 rw-s 120670000 00:11 2111                      anon_inode:i915.gem
7f290801e000-7f2908020000 rw-s 12066e000 00:11 2111                      anon_inode:i915.gem
7f2908020000-7f2908024000 rw-s 12066a000 00:11 2111                      anon_inode:i915.gem
7f2908024000-7f2908028000 rw-s 120666000 00:11 2111                      anon_inode:i915.gem
7f2908028000-7f2908030000 rw-s 12065e000 00:11 2111                      anon_inode:i915.gem
7f2908030000-7f2908230000 rw-s 11ef5e000 00:11 2111                      anon_inode:i915.gem
7f2908230000-7f2908270000 rw-s 11ef1e000 00:11 2111                      anon_inode:i915.gem
7f2908270000-7f29082b0000 rw-s 11eede000 00:11 2111                      anon_inode:i915.gem
7f29082b0000-7f29082f0000 rw-s 11ee9e000 00:11 2111                      anon_inode:i915.gem
7f29082f0000-7f29082f4000 rw-s 11ee9a000 00:11 2111                      anon_inode:i915.gem
7f29082f4000-7f29082f8000 rw-s 11ee96000 00:11 2111                      anon_inode:i915.gem
7f29082f8000-7f29082fc000 rw-s 11ee92000 00:11 2111                      anon_inode:i915.gem
7f29082fc000-7f2908300000 rw-s 11ee8e000 00:11 2111                      anon_inode:i915.gem
7f2908300000-7f2908304000 rw-s 11ee8a000 00:11 2111                      anon_inode:i915.gem
7f2908304000-7f290830c000 rw-s 11ee82000 00:11 2111                      anon_inode:i915.gem
7f290830c000-7f2908310000 rw-s 11ee7e000 00:11 2111                      anon_inode:i915.gem
7f2908310000-7f2908318000 rw-s 11ee76000 00:11 2111                      anon_inode:i915.gem
7f2908318000-7f290831c000 rw-s 11ee72000 00:11 2111                      anon_inode:i915.gem
7f290831c000-7f2908320000 rw-s 11ee6e000 00:11 2111                      anon_inode:i915.gem
7f2908320000-7f2908324000 rw-s 11ee6a000 00:11 2111                      anon_inode:i915.gem
7f2908324000-7f290832c000 rw-s 11ee62000 00:11 2111                      anon_inode:i915.gem
7f290832c000-7f2908330000 rw-s 11ee5e000 00:11 2111                      anon_inode:i915.gem
7f2908330000-7f2908338000 rw-s 11ee56000 00:11 2111                      anon_inode:i915.gem
7f2908338000-7f290833c000 rw-s 11ee52000 00:11 2111                      anon_inode:i915.gem
7f290833c000-7f2908344000 rw-s 11ee4a000 00:11 2111                      anon_inode:i915.gem
7f2908344000-7f290834c000 rw-s 11ee42000 00:11 2111                      anon_inode:i915.gem
7f290834c000-7f2908350000 rw-s 11ee3e000 00:11 2111                      anon_inode:i915.gem
7f2908350000-7f2908354000 rw-s 11ee3a000 00:11 2111                      anon_inode:i915.gem
7f2908354000-7f2908358000 rw-s 11ee36000 00:11 2111                      anon_inode:i915.gem
7f2908358000-7f290835c000 rw-s 11ee32000 00:11 2111                      anon_inode:i915.gem
7f290835c000-7f2908360000 rw-s 11ee2e000 00:11 2111                      anon_inode:i915.gem
7f2908360000-7f2908364000 rw-s 11ee2a000 00:11 2111                      anon_inode:i915.gem
7f2908364000-7f2908368000 rw-s 11ee26000 00:11 2111                      anon_inode:i915.gem
7f2908368000-7f290836c000 rw-s 11ee22000 00:11 2111                      anon_inode:i915.gem
7f290836c000-7f2908370000 rw-s 11ee1e000 00:11 2111                      anon_inode:i915.gem
7f2908370000-7f2908374000 rw-s 11ee1a000 00:11 2111                      anon_inode:i915.gem
7f2908374000-7f2908376000 rw-s 11ee18000 00:11 2111                      anon_inode:i915.gem
7f2908376000-7f2908378000 rw-s 11ee16000 00:11 2111                      anon_inode:i915.gem
7f2908378000-7f290837a000 rw-s 11ee14000 00:11 2111                      anon_inode:i915.gem
7f290837a000-7f290837c000 rw-s 11ee12000 00:11 2111                      anon_inode:i915.gem
7f290837c000-7f2908380000 rw-s 11ee0e000 00:11 2111                      anon_inode:i915.gem
7f2908380000-7f2908384000 rw-s 11ee0a000 00:11 2111                      anon_inode:i915.gem
7f2908384000-7f2908388000 rw-s 11ee06000 00:11 2111                      anon_inode:i915.gem
7f2908388000-7f290838a000 rw-s 11ee04000 00:11 2111                      anon_inode:i915.gem
7f290838a000-7f290838c000 rw-s 11ee02000 00:11 2111                      anon_inode:i915.gem
7f290838c000-7f290838e000 rw-s 11ee00000 00:11 2111                      anon_inode:i915.gem
7f290838e000-7f2908390000 rw-s 11edfe000 00:11 2111                      anon_inode:i915.gem
7f2908390000-7f2908392000 rw-s 11edfc000 00:11 2111                      anon_inode:i915.gem
7f2908392000-7f290839a000 rw-s 11edf4000 00:11 2111                      anon_inode:i915.gem
7f290839a000-7f290839e000 rw-s 11edf0000 00:11 2111                      anon_inode:i915.gem
7f290839e000-7f29083a2000 rw-s 11edec000 00:11 2111                      anon_inode:i915.gem
7f29083a2000-7f29083a6000 rw-s 11ede8000 00:11 2111                      anon_inode:i915.gem
7f29083a6000-7f29083aa000 rw-s 11ede4000 00:11 2111                      anon_inode:i915.gem
7f29083aa000-7f29083ae000 rw-s 11ede0000 00:11 2111                      anon_inode:i915.gem
7f29083ae000-7f29083b6000 rw-s 11edd8000 00:11 2111                      anon_inode:i915.gem
7f29083b6000-7f29083ba000 rw-s 11edd4000 00:11 2111                      anon_inode:i915.gem
7f29083ba000-7f29083be000 rw-s 11edd0000 00:11 2111                      anon_inode:i915.gem
7f29083be000-7f29083c2000 rw-s 11edcc000 00:11 2111                      anon_inode:i915.gem
7f29083c2000-7f29083c6000 rw-s 11edc8000 00:11 2111                      anon_inode:i915.gem
7f29083c6000-7f29083ce000 rw-s 11edc0000 00:11 2111                      anon_inode:i915.gem
7f29083ce000-7f29083d2000 rw-s 11edbc000 00:11 2111                      anon_inode:i915.gem
7f29083d2000-7f29083d6000 rw-s 11edb8000 00:11 2111                      anon_inode:i915.gem
7f29083d6000-7f29083de000 rw-s 11edb0000 00:11 2111                      anon_inode:i915.gem
7f29083de000-7f29083e6000 rw-s 11eda8000 00:11 2111                      anon_inode:i915.gem
7f29083e6000-7f29083ee000 rw-s 11eda0000 00:11 2111                      anon_inode:i915.gem
7f29083ee000-7f29083f6000 rw-s 11ed98000 00:11 2111                      anon_inode:i915.gem
7f29083f6000-7f29083fe000 rw-s 11ed90000 00:11 2111                      anon_inode:i915.gem
7f29083fe000-7f2908406000 rw-s 11ed88000 00:11 2111                      anon_inode:i915.gem
7f2908406000-7f290840e000 rw-s 11ed80000 00:11 2111                      anon_inode:i915.gem
7f290840e000-7f2908416000 rw-s 11ed78000 00:11 2111                      anon_inode:i915.gem
7f2908416000-7f290841e000 rw-s 11ed70000 00:11 2111                      anon_inode:i915.gem
7f290841e000-7f2908426000 rw-s 11ed68000 00:11 2111                      anon_inode:i915.gem
7f2908426000-7f290842e000 rw-s 11ed60000 00:11 2111                      anon_inode:i915.gem
7f290842e000-7f2908436000 rw-s 11ed58000 00:11 2111                      anon_inode:i915.gem
7f2908436000-7f290843e000 rw-s 11ed50000 00:11 2111                      anon_inode:i915.gem
7f290843e000-7f2908446000 rw-s 11ed48000 00:11 2111                      anon_inode:i915.gem
7f2908446000-7f290844e000 rw-s 11ed40000 00:11 2111                      anon_inode:i915.gem
7f290844e000-7f2908456000 rw-s 11ed38000 00:11 2111                      anon_inode:i915.gem
7f2908456000-7f290845e000 rw-s 11ed30000 00:11 2111                      anon_inode:i915.gem
7f290845e000-7f2908466000 rw-s 11ed28000 00:11 2111                      anon_inode:i915.gem
7f2908466000-7f290846e000 rw-s 11ed20000 00:11 2111                      anon_inode:i915.gem
7f290846e000-7f2908476000 rw-s 11ed18000 00:11 2111                      anon_inode:i915.gem
7f2908476000-7f290847e000 rw-s 11ed10000 00:11 2111                      anon_inode:i915.gem
7f290847e000-7f2908482000 rw-s 11ed0c000 00:11 2111                      anon_inode:i915.gem
7f2908482000-7f290848a000 rw-s 11ed04000 00:11 2111                      anon_inode:i915.gem
7f290848a000-7f290848e000 rw-s 11ed00000 00:11 2111                      anon_inode:i915.gem
7f290848e000-7f2908492000 rw-s 11ecfc000 00:11 2111                      anon_inode:i915.gem
7f2908492000-7f2908496000 rw-s 11ecf8000 00:11 2111                      anon_inode:i915.gem
7f2908496000-7f290849e000 rw-s 11ecf0000 00:11 2111                      anon_inode:i915.gem
7f290849e000-7f29084a6000 rw-s 11ece8000 00:11 2111                      anon_inode:i915.gem
7f29084a6000-7f29084ae000 rw-s 11ece0000 00:11 2111                      anon_inode:i915.gem
7f29084ae000-7f29084b6000 rw-s 11ecd8000 00:11 2111                      anon_inode:i915.gem
7f29084b6000-7f29084be000 rw-s 11ecd0000 00:11 2111                      anon_inode:i915.gem
7f29084be000-7f29084c6000 rw-s 11ecc8000 00:11 2111                      anon_inode:i915.gem
7f29084c6000-7f29084ce000 rw-s 11ecc0000 00:11 2111                      anon_inode:i915.gem
7f29084ce000-7f29084d6000 rw-s 11ecb8000 00:11 2111                      anon_inode:i915.gem
7f29084d6000-7f29084de000 rw-s 11ecb0000 00:11 2111                      anon_inode:i915.gem
7f29084de000-7f29084e2000 rw-s 11ecac000 00:11 2111                      anon_inode:i915.gem
7f29084e2000-7f29084e6000 rw-s 11eca8000 00:11 2111                      anon_inode:i915.gem
7f29084e6000-7f29084ea000 rw-s 11eca4000 00:11 2111                      anon_inode:i915.gem
7f29084ea000-7f29084f2000 rw-s 11ec9c000 00:11 2111                      anon_inode:i915.gem
7f29084f2000-7f29084fa000 rw-s 11ec94000 00:11 2111                      anon_inode:i915.gem
7f29084fa000-7f29084fe000 rw-s 11ec90000 00:11 2111                      anon_inode:i915.gem
7f29084fe000-7f2908502000 rw-s 11ec8c000 00:11 2111                      anon_inode:i915.gem
7f2908502000-7f2908506000 rw-s 11ec88000 00:11 2111                      anon_inode:i915.gem
7f2908506000-7f290850a000 rw-s 11ec84000 00:11 2111                      anon_inode:i915.gem
7f290850a000-7f2908512000 rw-s 11ec7c000 00:11 2111                      anon_inode:i915.gem
7f2908512000-7f290851a000 rw-s 11ec74000 00:11 2111                      anon_inode:i915.gem
7f290851a000-7f2908522000 rw-s 11ec6c000 00:11 2111                      anon_inode:i915.gem
7f2908522000-7f290852a000 rw-s 11ec64000 00:11 2111                      anon_inode:i915.gem
7f290852a000-7f2908532000 rw-s 11ec5c000 00:11 2111                      anon_inode:i915.gem
7f2908532000-7f290853a000 rw-s 11ec54000 00:11 2111                      anon_inode:i915.gem
7f290853a000-7f2908542000 rw-s 11ec4c000 00:11 2111                      anon_inode:i915.gem
7f2908542000-7f290854a000 rw-s 11ec44000 00:11 2111                      anon_inode:i915.gem
7f290854a000-7f2908552000 rw-s 11ec3c000 00:11 2111                      anon_inode:i915.gem
7f2908552000-7f290855a000 rw-s 11ec34000 00:11 2111                      anon_inode:i915.gem
7f290855a000-7f290855e000 rw-s 11ec30000 00:11 2111                      anon_inode:i915.gem
7f290855e000-7f2908562000 rw-s 11ec2c000 00:11 2111                      anon_inode:i915.gem
7f2908562000-7f2908566000 rw-s 11ec28000 00:11 2111                      anon_inode:i915.gem
7f2908566000-7f290856a000 rw-s 11ec24000 00:11 2111                      anon_inode:i915.gem
7f290856a000-7f290856e000 rw-s 11ec20000 00:11 2111                      anon_inode:i915.gem
7f290856e000-7f2908576000 rw-s 11ec18000 00:11 2111                      anon_inode:i915.gem
7f2908576000-7f290857e000 rw-s 11ec10000 00:11 2111                      anon_inode:i915.gem
7f290857e000-7f2908582000 rw-s 11ec0c000 00:11 2111                      anon_inode:i915.gem
7f2908582000-7f2908586000 rw-s 11ec08000 00:11 2111                      anon_inode:i915.gem
7f2908586000-7f290858a000 rw-s 11ec04000 00:11 2111                      anon_inode:i915.gem
7f290858a000-7f290858e000 rw-s 11ec00000 00:11 2111                      anon_inode:i915.gem
7f290858e000-7f2908596000 rw-s 11ebf8000 00:11 2111                      anon_inode:i915.gem
7f2908596000-7f290859e000 rw-s 11ebf0000 00:11 2111                      anon_inode:i915.gem
7f290859e000-7f29085a2000 rw-s 11ebec000 00:11 2111                      anon_inode:i915.gem
7f29085a2000-7f29085a6000 rw-s 11ebe8000 00:11 2111                      anon_inode:i915.gem
7f29085a6000-7f29085aa000 rw-s 11ebe4000 00:11 2111                      anon_inode:i915.gem
7f29085aa000-7f29085ae000 rw-s 11ebe0000 00:11 2111                      anon_inode:i915.gem
7f29085ae000-7f29085b2000 rw-s 11ebdc000 00:11 2111                      anon_inode:i915.gem
7f29085b2000-7f29085b6000 rw-s 11ebd8000 00:11 2111                      anon_inode:i915.gem
7f29085b6000-7f29085ba000 rw-s 11ebd4000 00:11 2111                      anon_inode:i915.gem
7f29085ba000-7f29085be000 rw-s 11ebd0000 00:11 2111                      anon_inode:i915.gem
7f29085be000-7f29085c2000 rw-s 11ebcc000 00:11 2111                      anon_inode:i915.gem
7f29085c2000-7f29085ca000 rw-s 11ebc4000 00:11 2111                      anon_inode:i915.gem
7f29085ca000-7f29085d2000 rw-s 11ebbc000 00:11 2111                      anon_inode:i915.gem
7f29085d2000-7f29085da000 rw-s 11ebb4000 00:11 2111                      anon_inode:i915.gem
7f29085da000-7f29085e2000 rw-s 11ebac000 00:11 2111                      anon_inode:i915.gem
7f29085e2000-7f29085ea000 rw-s 11eba4000 00:11 2111                      anon_inode:i915.gem
7f29085ea000-7f29085ec000 rw-s 11eba2000 00:11 2111                      anon_inode:i915.gem
7f29085ec000-7f29085f0000 rw-s 11eb9e000 00:11 2111                      anon_inode:i915.gem
7f29085f0000-7f29085f4000 rw-s 11eb9a000 00:11 2111                      anon_inode:i915.gem
7f29085f4000-7f29085f8000 rw-s 11eb96000 00:11 2111                      anon_inode:i915.gem
7f29085f8000-7f29085fc000 rw-s 11eb92000 00:11 2111                      anon_inode:i915.gem
7f29085fc000-7f2908600000 rw-s 11eb8e000 00:11 2111                      anon_inode:i915.gem
7f2908600000-7f2908604000 rw-s 11eb8a000 00:11 2111                      anon_inode:i915.gem
7f2908604000-7f2908606000 rw-s 11eb88000 00:11 2111                      anon_inode:i915.gem
7f2908606000-7f290860a000 rw-s 11eb84000 00:11 2111                      anon_inode:i915.gem
7f290860a000-7f290860e000 rw-s 11eb80000 00:11 2111                      anon_inode:i915.gem
7f290860e000-7f2908612000 rw-s 11eb7c000 00:11 2111                      anon_inode:i915.gem
7f2908612000-7f2908614000 rw-s 11eb7a000 00:11 2111                      anon_inode:i915.gem
7f2908614000-7f2908618000 rw-s 11eb76000 00:11 2111                      anon_inode:i915.gem
7f2908618000-7f290861c000 rw-s 11eb72000 00:11 2111                      anon_inode:i915.gem
7f290861c000-7f2908620000 rw-s 11eb6e000 00:11 2111                      anon_inode:i915.gem
7f2908620000-7f2908624000 rw-s 11eb6a000 00:11 2111                      anon_inode:i915.gem
7f2908624000-7f290862c000 rw-s 11eb62000 00:11 2111                      anon_inode:i915.gem
7f290862c000-7f2908630000 rw-s 11eb5e000 00:11 2111                      anon_inode:i915.gem
7f2908630000-7f2908638000 rw-s 11eb56000 00:11 2111                      anon_inode:i915.gem
7f2908638000-7f2908640000 rw-s 11eb4e000 00:11 2111                      anon_inode:i915.gem
7f2908640000-7f2908644000 rw-s 11eb4a000 00:11 2111                      anon_inode:i915.gem
7f2908644000-7f2908648000 rw-s 11eb46000 00:11 2111                      anon_inode:i915.gem
7f2908648000-7f2908650000 rw-s 11eb3e000 00:11 2111                      anon_inode:i915.gem
7f2908650000-7f2908654000 rw-s 11eb3a000 00:11 2111                      anon_inode:i915.gem
7f2908654000-7f2908658000 rw-s 11eb36000 00:11 2111                      anon_inode:i915.gem
7f2908658000-7f2908660000 rw-s 11eb2e000 00:11 2111                      anon_inode:i915.gem
7f2908660000-7f2908664000 rw-s 11eb2a000 00:11 2111                      anon_inode:i915.gem
7f2908664000-7f290866c000 rw-s 11eb22000 00:11 2111                      anon_inode:i915.gem
7f290866c000-7f2908674000 rw-s 11eb1a000 00:11 2111                      anon_inode:i915.gem
7f2908674000-7f290867c000 rw-s 11eb12000 00:11 2111                      anon_inode:i915.gem
7f290867c000-7f2908684000 rw-s 11eb0a000 00:11 2111                      anon_inode:i915.gem
7f2908684000-7f290868c000 rw-s 11eb02000 00:11 2111                      anon_inode:i915.gem
7f290868c000-7f2908694000 rw-s 11eafa000 00:11 2111                      anon_inode:i915.gem
7f2908694000-7f2908698000 rw-s 11eaf6000 00:11 2111                      anon_inode:i915.gem
7f2908698000-7f290869c000 rw-s 11eaf2000 00:11 2111                      anon_inode:i915.gem
7f290869c000-7f29086a4000 rw-s 11eaea000 00:11 2111                      anon_inode:i915.gem
7f29086a4000-7f29086ac000 rw-s 11eae2000 00:11 2111                      anon_inode:i915.gem
7f29086ac000-7f29086b4000 rw-s 11eada000 00:11 2111                      anon_inode:i915.gem
7f29086b4000-7f29086bc000 rw-s 11ead2000 00:11 2111                      anon_inode:i915.gem
7f29086bc000-7f29086c4000 rw-s 11eaca000 00:11 2111                      anon_inode:i915.gem
7f29086c4000-7f29086cc000 rw-s 11eac2000 00:11 2111                      anon_inode:i915.gem
7f29086cc000-7f29086d4000 rw-s 11eaba000 00:11 2111                      anon_inode:i915.gem
7f29086d4000-7f29086dc000 rw-s 11eab2000 00:11 2111                      anon_inode:i915.gem
7f29086dc000-7f29086e4000 rw-s 11eaaa000 00:11 2111                      anon_inode:i915.gem
7f29086e4000-7f29086ec000 rw-s 11eaa2000 00:11 2111                      anon_inode:i915.gem
7f29086ec000-7f29086f4000 rw-s 11ea9a000 00:11 2111                      anon_inode:i915.gem
7f29086f4000-7f29086fc000 rw-s 11ea92000 00:11 2111                      anon_inode:i915.gem
7f29086fc000-7f2908704000 rw-s 11ea8a000 00:11 2111                      anon_inode:i915.gem
7f2908704000-7f290870c000 rw-s 11ea82000 00:11 2111                      anon_inode:i915.gem
7f290870c000-7f2908714000 rw-s 11ea7a000 00:11 2111                      anon_inode:i915.gem
7f2908714000-7f290871c000 rw-s 11ea72000 00:11 2111                      anon_inode:i915.gem
7f290871c000-7f2908724000 rw-s 11ea6a000 00:11 2111                      anon_inode:i915.gem
7f2908724000-7f290872c000 rw-s 11ea62000 00:11 2111                      anon_inode:i915.gem
7f290872c000-7f2908734000 rw-s 11ea5a000 00:11 2111                      anon_inode:i915.gem
7f2908734000-7f290873c000 rw-s 11ea52000 00:11 2111                      anon_inode:i915.gem
7f290873c000-7f2908740000 rw-s 11ea4e000 00:11 2111                      anon_inode:i915.gem
7f2908740000-7f2908744000 rw-s 11ea4a000 00:11 2111                      anon_inode:i915.gem
7f2908744000-7f2908748000 rw-s 11ea46000 00:11 2111                      anon_inode:i915.gem
7f2908748000-7f2908750000 rw-s 11ea3e000 00:11 2111                      anon_inode:i915.gem
7f2908750000-7f2908754000 rw-s 11ea3a000 00:11 2111                      anon_inode:i915.gem
7f2908754000-7f2908758000 rw-s 11ea36000 00:11 2111                      anon_inode:i915.gem
7f2908758000-7f290875c000 rw-s 11ea32000 00:11 2111                      anon_inode:i915.gem
7f290875c000-7f2908760000 rw-s 11ea2e000 00:11 2111                      anon_inode:i915.gem
7f2908760000-7f2908764000 rw-s 11ea2a000 00:11 2111                      anon_inode:i915.gem
7f2908764000-7f2908768000 rw-s 11ea26000 00:11 2111                      anon_inode:i915.gem
7f2908768000-7f290876c000 rw-s 11ea22000 00:11 2111                      anon_inode:i915.gem
7f290876c000-7f2908770000 rw-s 11ea1e000 00:11 2111                      anon_inode:i915.gem
7f2908770000-7f2908778000 rw-s 11ea16000 00:11 2111                      anon_inode:i915.gem
7f2908778000-7f290877c000 rw-s 11ea12000 00:11 2111                      anon_inode:i915.gem
7f290877c000-7f2908784000 rw-s 11ea0a000 00:11 2111                      anon_inode:i915.gem
7f2908784000-7f290878c000 rw-s 11ea02000 00:11 2111                      anon_inode:i915.gem
7f290878c000-7f2908794000 rw-s 11e9fa000 00:11 2111                      anon_inode:i915.gem
7f2908794000-7f2908798000 rw-s 11e9f6000 00:11 2111                      anon_inode:i915.gem
7f2908798000-7f290879c000 rw-s 11e9f2000 00:11 2111                      anon_inode:i915.gem
7f290879c000-7f290879e000 rw-s 11e9f0000 00:11 2111                      anon_inode:i915.gem
7f290879e000-7f29087a2000 rw-s 11e9ec000 00:11 2111                      anon_inode:i915.gem
7f29087a2000-7f29087a6000 rw-s 11e9e8000 00:11 2111                      anon_inode:i915.gem
7f29087a6000-7f29087aa000 rw-s 11e9e4000 00:11 2111                      anon_inode:i915.gem
7f29087aa000-7f29087ac000 rw-s 11e9e2000 00:11 2111                      anon_inode:i915.gem
7f29087ac000-7f29087ae000 rw-s 11e9e0000 00:11 2111                      anon_inode:i915.gem
7f29087ae000-7f29087b2000 rw-s 11e9dc000 00:11 2111                      anon_inode:i915.gem
7f29087b2000-7f29087b6000 rw-s 11e9d8000 00:11 2111                      anon_inode:i915.gem
7f29087b6000-7f29087ba000 rw-s 11e9d4000 00:11 2111                      anon_inode:i915.gem
7f29087ba000-7f29087c2000 rw-s 11e9cc000 00:11 2111                      anon_inode:i915.gem
7f29087c2000-7f29087c6000 rw-s 11e9c8000 00:11 2111                      anon_inode:i915.gem
7f29087c6000-7f29087ca000 rw-s 11e9c4000 00:11 2111                      anon_inode:i915.gem
7f29087ca000-7f29087d2000 rw-s 11e9bc000 00:11 2111                      anon_inode:i915.gem
7f29087d2000-7f29087da000 rw-s 11e9b4000 00:11 2111                      anon_inode:i915.gem
7f29087da000-7f29087e2000 rw-s 11e9ac000 00:11 2111                      anon_inode:i915.gem
7f29087e2000-7f29087ea000 rw-s 11e9a4000 00:11 2111                      anon_inode:i915.gem
7f29087ea000-7f29087f2000 rw-s 11e99c000 00:11 2111                      anon_inode:i915.gem
7f29087f2000-7f29087fa000 rw-s 11e994000 00:11 2111                      anon_inode:i915.gem
7f29087fa000-7f2908802000 rw-s 11e98c000 00:11 2111                      anon_inode:i915.gem
7f2908802000-7f2908806000 rw-s 11e988000 00:11 2111                      anon_inode:i915.gem
7f2908806000-7f290880a000 rw-s 11e984000 00:11 2111                      anon_inode:i915.gem
7f290880a000-7f2908812000 rw-s 11e97c000 00:11 2111                      anon_inode:i915.gem
7f2908812000-7f290881a000 rw-s 11e974000 00:11 2111                      anon_inode:i915.gem
7f290881a000-7f290881e000 rw-s 11e970000 00:11 2111                      anon_inode:i915.gem
7f290881e000-7f2908822000 rw-s 11e96c000 00:11 2111                      anon_inode:i915.gem
7f2908822000-7f290882a000 rw-s 11e964000 00:11 2111                      anon_inode:i915.gem
7f290882a000-7f290882e000 rw-s 11e960000 00:11 2111                      anon_inode:i915.gem
7f290882e000-7f2908836000 rw-s 11e958000 00:11 2111                      anon_inode:i915.gem
7f2908836000-7f290883a000 rw-s 11e954000 00:11 2111                      anon_inode:i915.gem
7f290883a000-7f290883e000 rw-s 11e950000 00:11 2111                      anon_inode:i915.gem
7f290883e000-7f2908846000 rw-s 11e948000 00:11 2111                      anon_inode:i915.gem
7f2908846000-7f290884e000 rw-s 11e940000 00:11 2111                      anon_inode:i915.gem
7f290884e000-7f2908856000 rw-s 11e938000 00:11 2111                      anon_inode:i915.gem
7f2908856000-7f290885e000 rw-s 11e930000 00:11 2111                      anon_inode:i915.gem
7f290885e000-7f2908866000 rw-s 11e928000 00:11 2111                      anon_inode:i915.gem
7f2908866000-7f290886e000 rw-s 11e920000 00:11 2111                      anon_inode:i915.gem
7f290886e000-7f2908872000 rw-s 11e91c000 00:11 2111                      anon_inode:i915.gem
7f2908872000-7f2908876000 rw-s 11e918000 00:11 2111                      anon_inode:i915.gem
7f2908876000-7f290887a000 rw-s 11e914000 00:11 2111                      anon_inode:i915.gem
7f290887a000-7f290887e000 rw-s 11e910000 00:11 2111                      anon_inode:i915.gem
7f290887e000-7f2908882000 rw-s 11e90c000 00:11 2111                      anon_inode:i915.gem
7f2908882000-7f2908886000 rw-s 11e908000 00:11 2111                      anon_inode:i915.gem
7f2908886000-7f290888a000 rw-s 11e904000 00:11 2111                      anon_inode:i915.gem
7f290888a000-7f290888e000 rw-s 11e900000 00:11 2111                      anon_inode:i915.gem
7f290888e000-7f2908896000 rw-s 11e8f8000 00:11 2111                      anon_inode:i915.gem
7f2908896000-7f290889e000 rw-s 11e8f0000 00:11 2111                      anon_inode:i915.gem
7f290889e000-7f29088a6000 rw-s 11e8e8000 00:11 2111                      anon_inode:i915.gem
7f29088a6000-7f29088ae000 rw-s 11e8e0000 00:11 2111                      anon_inode:i915.gem
7f29088ae000-7f29088b6000 rw-s 11e8d8000 00:11 2111                      anon_inode:i915.gem
7f29088b6000-7f29088be000 rw-s 11e8d0000 00:11 2111                      anon_inode:i915.gem
7f29088be000-7f29088c6000 rw-s 11e8c8000 00:11 2111                      anon_inode:i915.gem
7f29088c6000-7f29088ce000 rw-s 11e8c0000 00:11 2111                      anon_inode:i915.gem
7f29088ce000-7f29088d6000 rw-s 11e8b8000 00:11 2111                      anon_inode:i915.gem
7f29088d6000-7f29088de000 rw-s 11e8b0000 00:11 2111                      anon_inode:i915.gem
7f29088de000-7f29088e6000 rw-s 11e8a8000 00:11 2111                      anon_inode:i915.gem
7f29088e6000-7f29088ee000 rw-s 11e8a0000 00:11 2111                      anon_inode:i915.gem
7f29088ee000-7f29088f6000 rw-s 11e898000 00:11 2111                      anon_inode:i915.gem
7f29088f6000-7f29088f8000 rw-s 11e896000 00:11 2111                      anon_inode:i915.gem
7f29088f8000-7f29088fc000 rw-s 11e892000 00:11 2111                      anon_inode:i915.gem
7f29088fc000-7f2908900000 rw-s 11e88e000 00:11 2111                      anon_inode:i915.gem
7f2908900000-7f2908904000 rw-s 11e88a000 00:11 2111                      anon_inode:i915.gem
7f2908904000-7f2908908000 rw-s 11e886000 00:11 2111                      anon_inode:i915.gem
7f2908908000-7f290890c000 rw-s 11e882000 00:11 2111                      anon_inode:i915.gem
7f290890c000-7f2908910000 rw-s 11e87e000 00:11 2111                      anon_inode:i915.gem
7f2908910000-7f2908914000 rw-s 11e87a000 00:11 2111                      anon_inode:i915.gem
7f2908914000-7f2908918000 rw-s 11e876000 00:11 2111                      anon_inode:i915.gem
7f2908918000-7f2908920000 rw-s 11e86e000 00:11 2111                      anon_inode:i915.gem
7f2908920000-7f2908924000 rw-s 11e86a000 00:11 2111                      anon_inode:i915.gem
7f2908924000-7f2908928000 rw-s 11e866000 00:11 2111                      anon_inode:i915.gem
7f2908928000-7f290892c000 rw-s 11e862000 00:11 2111                      anon_inode:i915.gem
7f290892c000-7f2908930000 rw-s 11e85e000 00:11 2111                      anon_inode:i915.gem
7f2908930000-7f2908934000 rw-s 11e85a000 00:11 2111                      anon_inode:i915.gem
7f2908934000-7f2908938000 rw-s 11e856000 00:11 2111                      anon_inode:i915.gem
7f2908938000-7f2908940000 rw-s 11e84e000 00:11 2111                      anon_inode:i915.gem
7f2908940000-7f2908948000 rw-s 11e846000 00:11 2111                      anon_inode:i915.gem
7f2908948000-7f290894c000 rw-s 11e842000 00:11 2111                      anon_inode:i915.gem
7f290894c000-7f2908950000 rw-s 11e83e000 00:11 2111                      anon_inode:i915.gem
7f2908950000-7f2908958000 rw-s 11e836000 00:11 2111                      anon_inode:i915.gem
7f2908958000-7f2908960000 rw-s 11e82e000 00:11 2111                      anon_inode:i915.gem
7f2908960000-7f2908968000 rw-s 11e826000 00:11 2111                      anon_inode:i915.gem
7f2908968000-7f2908970000 rw-s 11e81e000 00:11 2111                      anon_inode:i915.gem
7f2908970000-7f2908978000 rw-s 11e816000 00:11 2111                      anon_inode:i915.gem
7f2908978000-7f2908980000 rw-s 11e80e000 00:11 2111                      anon_inode:i915.gem
7f2908980000-7f2908988000 rw-s 11e806000 00:11 2111                      anon_inode:i915.gem
7f2908988000-7f2908990000 rw-s 11e7fe000 00:11 2111                      anon_inode:i915.gem
7f2908990000-7f2908998000 rw-s 11e7f6000 00:11 2111                      anon_inode:i915.gem
7f2908998000-7f29089a0000 rw-s 11e7ee000 00:11 2111                      anon_inode:i915.gem
7f29089a0000-7f29089a8000 rw-s 11e7e6000 00:11 2111                      anon_inode:i915.gem
7f29089a8000-7f29089ac000 rw-s 11e7e2000 00:11 2111                      anon_inode:i915.gem
7f29089ac000-7f29089b0000 rw-s 11e7de000 00:11 2111                      anon_inode:i915.gem
7f29089b0000-7f29089b4000 rw-s 11e7da000 00:11 2111                      anon_inode:i915.gem
7f29089b4000-7f29089bc000 rw-s 11e7d2000 00:11 2111                      anon_inode:i915.gem
7f29089bc000-7f29089c4000 rw-s 11e7ca000 00:11 2111                      anon_inode:i915.gem
7f29089c4000-7f29089cc000 rw-s 11e7c2000 00:11 2111                      anon_inode:i915.gem
7f29089cc000-7f29089d4000 rw-s 11e7ba000 00:11 2111                      anon_inode:i915.gem
7f29089d4000-7f29089d8000 rw-s 11e7b6000 00:11 2111                      anon_inode:i915.gem
7f29089d8000-7f29089e0000 rw-s 11e7ae000 00:11 2111                      anon_inode:i915.gem
7f29089e0000-7f29089e8000 rw-s 11e7a6000 00:11 2111                      anon_inode:i915.gem
7f29089e8000-7f29089ec000 rw-s 11e7a2000 00:11 2111                      anon_inode:i915.gem
7f29089ec000-7f29089f0000 rw-s 11e79e000 00:11 2111                      anon_inode:i915.gem
7f29089f0000-7f29089f4000 rw-s 11e79a000 00:11 2111                      anon_inode:i915.gem
7f29089f4000-7f29089fc000 rw-s 11e792000 00:11 2111                      anon_inode:i915.gem
7f29089fc000-7f2908a04000 rw-s 11e78a000 00:11 2111                      anon_inode:i915.gem
7f2908a04000-7f2908a08000 rw-s 11e786000 00:11 2111                      anon_inode:i915.gem
7f2908a08000-7f2908a0c000 rw-s 11e782000 00:11 2111                      anon_inode:i915.gem
7f2908a0c000-7f2908a14000 rw-s 11e77a000 00:11 2111                      anon_inode:i915.gem
7f2908a14000-7f2908a18000 rw-s 11e776000 00:11 2111                      anon_inode:i915.gem
7f2908a18000-7f2908a1c000 rw-s 11e772000 00:11 2111                      anon_inode:i915.gem
7f2908a1c000-7f2908a20000 rw-s 11e76e000 00:11 2111                      anon_inode:i915.gem
7f2908a20000-7f2908a28000 rw-s 11e766000 00:11 2111                      anon_inode:i915.gem
7f2908a28000-7f2908a30000 rw-s 11e75e000 00:11 2111                      anon_inode:i915.gem
7f2908a30000-7f2908a38000 rw-s 11e756000 00:11 2111                      anon_inode:i915.gem
7f2908a38000-7f2908a40000 rw-s 11e74e000 00:11 2111                      anon_inode:i915.gem
7f2908a40000-7f2908a48000 rw-s 11e746000 00:11 2111                      anon_inode:i915.gem
7f2908a48000-7f2908a4c000 rw-s 11e742000 00:11 2111                      anon_inode:i915.gem
7f2908a4c000-7f2908a50000 rw-s 11e73e000 00:11 2111                      anon_inode:i915.gem
7f2908a50000-7f2908a54000 rw-s 11e73a000 00:11 2111                      anon_inode:i915.gem
7f2908a54000-7f2908a5c000 rw-s 11e732000 00:11 2111                      anon_inode:i915.gem
7f2908a5c000-7f2908a60000 rw-s 11e72e000 00:11 2111                      anon_inode:i915.gem
7f2908a60000-7f2908a64000 rw-s 11e72a000 00:11 2111                      anon_inode:i915.gem
7f2908a64000-7f2908a68000 rw-s 11e726000 00:11 2111                      anon_inode:i915.gem
7f2908a68000-7f2908a6c000 rw-s 11e722000 00:11 2111                      anon_inode:i915.gem
7f2908a6c000-7f2908a74000 rw-s 11e71a000 00:11 2111                      anon_inode:i915.gem
7f2908a74000-7f2908a7c000 rw-s 11e712000 00:11 2111                      anon_inode:i915.gem
7f2908a7c000-7f2908a80000 rw-s 11e70e000 00:11 2111                      anon_inode:i915.gem
7f2908a80000-7f2908a84000 rw-s 11e70a000 00:11 2111                      anon_inode:i915.gem
7f2908a84000-7f2908a88000 rw-s 11e706000 00:11 2111                      anon_inode:i915.gem
7f2908a88000-7f2908a90000 rw-s 11e6fe000 00:11 2111                      anon_inode:i915.gem
7f2908a90000-7f2908a98000 rw-s 11e6f6000 00:11 2111                      anon_inode:i915.gem
7f2908a98000-7f2908aa0000 rw-s 11e6ee000 00:11 2111                      anon_inode:i915.gem
7f2908aa0000-7f2908aa4000 rw-s 11e6ea000 00:11 2111                      anon_inode:i915.gem
7f2908aa4000-7f2908aa8000 rw-s 11e6e6000 00:11 2111                      anon_inode:i915.gem
7f2908aa8000-7f2908ab0000 rw-s 11e6de000 00:11 2111                      anon_inode:i915.gem
7f2908ab0000-7f2908ab8000 rw-s 11e6d6000 00:11 2111                      anon_inode:i915.gem
7f2908ab8000-7f2908abc000 rw-s 11e6d2000 00:11 2111                      anon_inode:i915.gem
7f2908abc000-7f2908ac0000 rw-s 11e6ce000 00:11 2111                      anon_inode:i915.gem
7f2908ac0000-7f2908ac4000 rw-s 11e6ca000 00:11 2111                      anon_inode:i915.gem
7f2908ac4000-7f2908acc000 rw-s 11e6c2000 00:11 2111                      anon_inode:i915.gem
7f2908acc000-7f2908ad0000 rw-s 11e6be000 00:11 2111                      anon_inode:i915.gem
7f2908ad0000-7f2908ad8000 rw-s 11e6b6000 00:11 2111                      anon_inode:i915.gem
7f2908ad8000-7f2908ae0000 rw-s 11e6ae000 00:11 2111                      anon_inode:i915.gem
7f2908ae0000-7f2908ae4000 rw-s 11e6aa000 00:11 2111                      anon_inode:i915.gem
7f2908ae4000-7f2908ae8000 rw-s 11e6a6000 00:11 2111                      anon_inode:i915.gem
7f2908ae8000-7f2908aec000 rw-s 11e6a2000 00:11 2111                      anon_inode:i915.gem
7f2908aec000-7f2908af0000 rw-s 11e69e000 00:11 2111                      anon_inode:i915.gem
7f2908af0000-7f2908af4000 rw-s 11e69a000 00:11 2111                      anon_inode:i915.gem
7f2908af4000-7f2908af8000 rw-s 11e696000 00:11 2111                      anon_inode:i915.gem
7f2908af8000-7f2908afc000 rw-s 11e692000 00:11 2111                      anon_inode:i915.gem
7f2908afc000-7f2908b00000 rw-s 11e68e000 00:11 2111                      anon_inode:i915.gem
7f2908b00000-7f2908b04000 rw-s 11e68a000 00:11 2111                      anon_inode:i915.gem
7f2908b04000-7f2908b08000 rw-s 11e686000 00:11 2111                      anon_inode:i915.gem
7f2908b08000-7f2908b10000 rw-s 11e67e000 00:11 2111                      anon_inode:i915.gem
7f2908b10000-7f2908b18000 rw-s 11e676000 00:11 2111                      anon_inode:i915.gem
7f2908b18000-7f2908b20000 rw-s 11e66e000 00:11 2111                      anon_inode:i915.gem
7f2908b20000-7f2908d20000 rw-s 11e46e000 00:11 2111                      anon_inode:i915.gem
7f2908d20000-7f2908d60000 rw-s 11e42e000 00:11 2111                      anon_inode:i915.gem
7f2908d60000-7f2908f60000 rw-s 11e22e000 00:11 2111                      anon_inode:i915.gem
7f2908f60000-7f2909160000 rw-s 11e02e000 00:11 2111                      anon_inode:i915.gem
7f2909160000-7f2909360000 rw-s 11de2e000 00:11 2111                      anon_inode:i915.gem
7f2909360000-7f2909560000 rw-s 11dc2e000 00:11 2111                      anon_inode:i915.gem
7f2909560000-7f2909564000 rw-s 11dc2a000 00:11 2111                      anon_inode:i915.gem
7f2909564000-7f2909566000 rw-s 11dc28000 00:11 2111                      anon_inode:i915.gem
7f2909566000-7f2909568000 rw-s 11dc26000 00:11 2111                      anon_inode:i915.gem
7f2909568000-7f290956a000 rw-s 11dc24000 00:11 2111                      anon_inode:i915.gem
7f290956a000-7f290956e000 rw-s 11dc20000 00:11 2111                      anon_inode:i915.gem
7f290956e000-7f2909570000 rw-s 11dc1e000 00:11 2111                      anon_inode:i915.gem
7f2909570000-7f2909572000 rw-s 11dc1c000 00:11 2111                      anon_inode:i915.gem
7f2909572000-7f2909574000 rw-s 11dc1a000 00:11 2111                      anon_inode:i915.gem
7f2909574000-7f2909576000 rw-s 11dc18000 00:11 2111                      anon_inode:i915.gem
7f2909576000-7f2909578000 rw-s 11dc16000 00:11 2111                      anon_inode:i915.gem
7f2909578000-7f290957a000 rw-s 11dc14000 00:11 2111                      anon_inode:i915.gem
7f290957a000-7f290957c000 rw-s 11dc12000 00:11 2111                      anon_inode:i915.gem
7f290957c000-7f290957e000 rw-s 11dc10000 00:11 2111                      anon_inode:i915.gem
7f290957e000-7f2909580000 rw-s 11dc0e000 00:11 2111                      anon_inode:i915.gem
7f2909580000-7f2909582000 rw-s 11dc0c000 00:11 2111                      anon_inode:i915.gem
7f2909582000-7f2909584000 rw-s 11dc0a000 00:11 2111                      anon_inode:i915.gem
7f2909584000-7f2909588000 rw-s 11dc06000 00:11 2111                      anon_inode:i915.gem
7f2909588000-7f290958c000 rw-s 11dc02000 00:11 2111                      anon_inode:i915.gem
7f290958c000-7f290958e000 rw-s 11dc00000 00:11 2111                      anon_inode:i915.gem
7f290958e000-7f2909590000 rw-s 11dbfe000 00:11 2111                      anon_inode:i915.gem
7f2909590000-7f2909592000 rw-s 11dbfc000 00:11 2111                      anon_inode:i915.gem
7f2909592000-7f2909594000 rw-s 11dbfa000 00:11 2111                      anon_inode:i915.gem
7f2909594000-7f2909596000 rw-s 11dbf8000 00:11 2111                      anon_inode:i915.gem
7f2909596000-7f2909598000 rw-s 11dbf6000 00:11 2111                      anon_inode:i915.gem
7f2909598000-7f2909798000 rw-s 11d9f6000 00:11 2111                      anon_inode:i915.gem
7f2909798000-7f2909998000 rw-s 11d7f6000 00:11 2111                      anon_inode:i915.gem
7f2909998000-7f2909b98000 rw-s 11d5f6000 00:11 2111                      anon_inode:i915.gem
7f2909b98000-7f2909d98000 rw-s 11d3f6000 00:11 2111                      anon_inode:i915.gem
7f2909d98000-7f2909f98000 rw-s 11d1f6000 00:11 2111                      anon_inode:i915.gem
7f2909f98000-7f2909fd8000 rw-s 11d1b6000 00:11 2111                      anon_inode:i915.gem
7f2909fd8000-7f290a018000 rw-s 11d176000 00:11 2111                      anon_inode:i915.gem
7f290a018000-7f290a058000 rw-s 11d136000 00:11 2111                      anon_inode:i915.gem
7f290a058000-7f290a098000 rw-s 11d0f6000 00:11 2111                      anon_inode:i915.gem
7f290a098000-7f290a0d8000 rw-s 11d0b6000 00:11 2111                      anon_inode:i915.gem
7f290a0d8000-7f290a118000 rw-s 11d076000 00:11 2111                      anon_inode:i915.gem
7f290a118000-7f290a158000 rw-s 11d036000 00:11 2111                      anon_inode:i915.gem
7f290a158000-7f290a198000 rw-s 11cff6000 00:11 2111                      anon_inode:i915.gem
7f290a198000-7f290a398000 rw-s 11cdf6000 00:11 2111                      anon_inode:i915.gem
7f290a398000-7f290a598000 rw-s 11cbf6000 00:11 2111                      anon_inode:i915.gem
7f290a598000-7f290a798000 rw-s 11c9f6000 00:11 2111                      anon_inode:i915.gem
7f290a798000-7f290a998000 rw-s 11c7f6000 00:11 2111                      anon_inode:i915.gem
7f290a998000-7f290ab98000 rw-s 11c5f6000 00:11 2111                      anon_inode:i915.gem
7f290ab98000-7f290abd8000 rw-s 11c5b6000 00:11 2111                      anon_inode:i915.gem
7f290abd8000-7f290ac18000 rw-s 11c576000 00:11 2111                      anon_inode:i915.gem
7f290ac18000-7f290ac58000 rw-s 11c536000 00:11 2111                      anon_inode:i915.gem
7f290ac58000-7f290ac98000 rw-s 11c4f6000 00:11 2111                      anon_inode:i915.gem
7f290ac98000-7f290acd8000 rw-s 11c4b6000 00:11 2111                      anon_inode:i915.gem
7f290acd8000-7f290ad18000 rw-s 11c476000 00:11 2111                      anon_inode:i915.gem
7f290ad18000-7f290ad58000 rw-s 11c436000 00:11 2111                      anon_inode:i915.gem
7f290ad58000-7f290ad98000 rw-s 11c3f6000 00:11 2111                      anon_inode:i915.gem
7f290ad98000-7f290add8000 rw-s 11c3b6000 00:11 2111                      anon_inode:i915.gem
7f290add8000-7f290ae18000 rw-s 11c376000 00:11 2111                      anon_inode:i915.gem
7f290ae18000-7f290b018000 rw-s 11c176000 00:11 2111                      anon_inode:i915.gem
7f290b018000-7f290b218000 rw-s 11bf76000 00:11 2111                      anon_inode:i915.gem
7f290b218000-7f290b418000 rw-s 11bd76000 00:11 2111                      anon_inode:i915.gem
7f290b418000-7f290b818000 rw-s 11b976000 00:11 2111                      anon_inode:i915.gem
7f290b818000-7f290ba18000 rw-s 11b776000 00:11 2111                      anon_inode:i915.gem
7f290ba18000-7f290bc18000 rw-s 11b576000 00:11 2111                      anon_inode:i915.gem
7f290bc18000-7f290bc58000 rw-s 11b536000 00:11 2111                      anon_inode:i915.gem
7f290bc58000-7f290be58000 rw-s 11a736000 00:11 2111                      anon_inode:i915.gem
7f290be58000-7f290c058000 rw-s 11a536000 00:11 2111                      anon_inode:i915.gem
7f290c058000-7f290c258000 rw-s 11a336000 00:11 2111                      anon_inode:i915.gem
7f290c258000-7f290c458000 rw-s 11a136000 00:11 2111                      anon_inode:i915.gem
7f290c458000-7f290c658000 rw-s 1245d8000 00:11 2111                      anon_inode:i915.gem
7f290c658000-7f290c858000 rw-s 1243d8000 00:11 2111                      anon_inode:i915.gem
7f290c858000-7f290ca58000 rw-s 1241d8000 00:11 2111                      anon_inode:i915.gem
7f290ca58000-7f290cc58000 rw-s 123fd8000 00:11 2111                      anon_inode:i915.gem
7f290cc58000-7f290ce58000 rw-s 123dd8000 00:11 2111                      anon_inode:i915.gem
7f290ce58000-7f290d058000 rw-s 123bd8000 00:11 2111                      anon_inode:i915.gem
7f290d058000-7f290d258000 rw-s 119f36000 00:11 2111                      anon_inode:i915.gem
7f290d258000-7f290d458000 rw-s 119d36000 00:11 2111                      anon_inode:i915.gem
7f290d458000-7f290d658000 rw-s 119b36000 00:11 2111                      anon_inode:i915.gem
7f290d658000-7f290d858000 rw-s 119936000 00:11 2111                      anon_inode:i915.gem
7f290d858000-7f290da58000 rw-s 119736000 00:11 2111                      anon_inode:i915.gem
7f290da58000-7f290dc58000 rw-s 119536000 00:11 2111                      anon_inode:i915.gem
7f290dc58000-7f290de58000 rw-s 119336000 00:11 2111                      anon_inode:i915.gem
7f290de58000-7f290e058000 rw-s 119136000 00:11 2111                      anon_inode:i915.gem
7f290e058000-7f290e258000 rw-s 118f36000 00:11 2111                      anon_inode:i915.gem
7f290e258000-7f290e658000 rw-s 118b36000 00:11 2111                      anon_inode:i915.gem
7f290e658000-7f290e698000 rw-s 118af6000 00:11 2111                      anon_inode:i915.gem
7f290e698000-7f290e6d8000 rw-s 12f2f4000 00:11 2111                      anon_inode:i915.gem
7f290e6d8000-7f290e718000 rw-s 118ab6000 00:11 2111                      anon_inode:i915.gem
7f290e718000-7f290e758000 rw-s 118a76000 00:11 2111                      anon_inode:i915.gem
7f290e758000-7f290e958000 rw-s 118876000 00:11 2111                      anon_inode:i915.gem
7f290e958000-7f290e998000 rw-s 118836000 00:11 2111                      anon_inode:i915.gem
7f290e998000-7f290e9d8000 rw-s 1187f6000 00:11 2111                      anon_inode:i915.gem
7f290e9d8000-7f290ea18000 rw-s 1187b6000 00:11 2111                      anon_inode:i915.gem
7f290ea18000-7f290ea58000 rw-s 118776000 00:11 2111                      anon_inode:i915.gem
7f290ea58000-7f290ec58000 rw-s 118576000 00:11 2111                      anon_inode:i915.gem
7f290ec58000-7f290ee58000 rw-s 118376000 00:11 2111                      anon_inode:i915.gem
7f290ee58000-7f290f058000 rw-s 118176000 00:11 2111                      anon_inode:i915.gem
7f290f058000-7f290f258000 rw-s 117f76000 00:11 2111                      anon_inode:i915.gem
7f290f258000-7f290f458000 rw-s 117d76000 00:11 2111                      anon_inode:i915.gem
7f290f458000-7f290f658000 rw-s 117b76000 00:11 2111                      anon_inode:i915.gem
7f290f658000-7f290f858000 rw-s 117976000 00:11 2111                      anon_inode:i915.gem
7f290f8d8000-7f290f918000 rw-s 1178b6000 00:11 2111                      anon_inode:i915.gem
7f290f918000-7f290f958000 rw-s 117876000 00:11 2111                      anon_inode:i915.gem
7f290f958000-7f290f998000 rw-s 117836000 00:11 2111                      anon_inode:i915.gem
7f290fa18000-7f290fa58000 rw-s 117776000 00:11 2111                      anon_inode:i915.gem
7f290fa58000-7f290fa98000 rw-s 117736000 00:11 2111                      anon_inode:i915.gem
7f290fb18000-7f290fd18000 rw-s 1174b6000 00:11 2111                      anon_inode:i915.gem
7f290fd98000-7f290ff98000 rw-s 1366e0000 00:11 2111                      anon_inode:i915.gem
7f290ff98000-7f2910198000 rw-s 117036000 00:11 2111                      anon_inode:i915.gem
7f2910298000-7f2910498000 rw-s 116e36000 00:11 2111                      anon_inode:i915.gem
7f2910498000-7f2910698000 rw-s 116c36000 00:11 2111                      anon_inode:i915.gem
7f2910698000-7f29106d8000 rw-s 116abd000 00:11 2111                      anon_inode:i915.gem
7f29106d8000-7f2910718000 rw-s 116a7d000 00:11 2111                      anon_inode:i915.gem
7f2910718000-7f2910758000 rw-s 116a3d000 00:11 2111                      anon_inode:i915.gem
7f2910758000-7f2910798000 rw-s 1169fd000 00:11 2111                      anon_inode:i915.gem
7f2910898000-7f2910a98000 rw-s 1404e6000 00:11 2111                      anon_inode:i915.gem
7f2910a98000-7f2910c98000 rw-s 1164fd000 00:11 2111                      anon_inode:i915.gem
7f2910c98000-7f2910e98000 rw-s 1162fd000 00:11 2111                      anon_inode:i915.gem
7f2910e98000-7f2911098000 rw-s 1160fd000 00:11 2111                      anon_inode:i915.gem
7f2911138000-7f2911148000 rw-s 1260d6000 00:11 2111                      anon_inode:i915.gem
7f2911148000-7f2911158000 rw-s 1260c6000 00:11 2111                      anon_inode:i915.gem
7f2911198000-7f29111d8000 rw-s 115fbd000 00:11 2111                      anon_inode:i915.gem
7f29111d8000-7f29113d8000 rw-s 115dbd000 00:11 2111                      anon_inode:i915.gem
7f29113d8000-7f29115d8000 rw-s 115bbd000 00:11 2111                      anon_inode:i915.gem
7f29115d8000-7f29117d8000 rw-s 1159bd000 00:11 2111                      anon_inode:i915.gem
7f29117d8000-7f29119d8000 rw-s 1157bd000 00:11 2111                      anon_inode:i915.gem
7f29119d8000-7f2911a18000 rw-s 11577d000 00:11 2111                      anon_inode:i915.gem
7f2911a18000-7f2911a58000 rw-s 11573d000 00:11 2111                      anon_inode:i915.gem
7f2911a58000-7f2911a98000 rw-s 1156fd000 00:11 2111                      anon_inode:i915.gem
7f2911a98000-7f2911ad8000 rw-s 12d38c000 00:11 2111                      anon_inode:i915.gem
7f2911ad8000-7f2911cd8000 rw-s 1154fd000 00:11 2111                      anon_inode:i915.gem
7f2911cd8000-7f2911ed8000 rw-s 1152fd000 00:11 2111                      anon_inode:i915.gem
7f2911ed8000-7f2911f18000 rw-s 12d34c000 00:11 2111                      anon_inode:i915.gem
7f2911f18000-7f2911f58000 rw-s 12d30c000 00:11 2111                      anon_inode:i915.gem
7f2911f58000-7f2912158000 rw-s 1150fd000 00:11 2111                      anon_inode:i915.gem
7f2912158000-7f2912558000 rw-s 114cfd000 00:11 2111                      anon_inode:i915.gem
7f2912558000-7f2912958000 rw-s 1148fd000 00:11 2111                      anon_inode:i915.gem
7f2912958000-7f2912b58000 rw-s 1146fd000 00:11 2111                      anon_inode:i915.gem
7f2912b58000-7f2912f58000 rw-s 1142fd000 00:11 2111                      anon_inode:i915.gem
7f2912f58000-7f2913358000 rw-s 113efd000 00:11 2111                      anon_inode:i915.gem
7f2913358000-7f2913758000 rw-s 113afd000 00:11 2111                      anon_inode:i915.gem
7f2913758000-7f2913958000 rw-s 1138fd000 00:11 2111                      anon_inode:i915.gem
7f2913958000-7f2913960000 rw-s 1138f5000 00:11 2111                      anon_inode:i915.gem
7f2913960000-7f2913968000 rw-s 1138ed000 00:11 2111                      anon_inode:i915.gem
7f2913968000-7f291396c000 rw-s 1138e9000 00:11 2111                      anon_inode:i915.gem
7f291396c000-7f2913970000 rw-s 1138e5000 00:11 2111                      anon_inode:i915.gem
7f2913970000-7f2913978000 rw-s 1138dd000 00:11 2111                      anon_inode:i915.gem
7f2913978000-7f291397c000 rw-s 1138d9000 00:11 2111                      anon_inode:i915.gem
7f291397c000-7f2913980000 rw-s 1138d5000 00:11 2111                      anon_inode:i915.gem
7f2913980000-7f2913988000 rw-s 1138cd000 00:11 2111                      anon_inode:i915.gem
7f2913988000-7f291398c000 rw-s 1138c9000 00:11 2111                      anon_inode:i915.gem
7f291398c000-7f2913994000 rw-s 1138c1000 00:11 2111                      anon_inode:i915.gem
7f2913994000-7f2913998000 rw-s 1138bd000 00:11 2111                      anon_inode:i915.gem
7f2913998000-7f29139a0000 rw-s 1138b5000 00:11 2111                      anon_inode:i915.gem
7f29139a0000-7f29139a8000 rw-s 1138ad000 00:11 2111                      anon_inode:i915.gem
7f29139a8000-7f29139b0000 rw-s 1138a5000 00:11 2111                      anon_inode:i915.gem
7f29139b0000-7f29139b8000 rw-s 11389d000 00:11 2111                      anon_inode:i915.gem
7f29139b8000-7f29139c0000 rw-s 113895000 00:11 2111                      anon_inode:i915.gem
7f29139c0000-7f29139c8000 rw-s 11388d000 00:11 2111                      anon_inode:i915.gem
7f29139c8000-7f29139d0000 rw-s 113885000 00:11 2111                      anon_inode:i915.gem
7f29139d0000-7f29139d8000 rw-s 11387d000 00:11 2111                      anon_inode:i915.gem
7f29139d8000-7f29139e0000 rw-s 113875000 00:11 2111                      anon_inode:i915.gem
7f29139e0000-7f29139e8000 rw-s 11386d000 00:11 2111                      anon_inode:i915.gem
7f29139e8000-7f29139f0000 rw-s 113865000 00:11 2111                      anon_inode:i915.gem
7f29139f0000-7f29139f8000 rw-s 11385d000 00:11 2111                      anon_inode:i915.gem
7f29139f8000-7f2913a00000 rw-s 113855000 00:11 2111                      anon_inode:i915.gem
7f2913a00000-7f2913a08000 rw-s 11384d000 00:11 2111                      anon_inode:i915.gem
7f2913a08000-7f2913a10000 rw-s 113845000 00:11 2111                      anon_inode:i915.gem
7f2913a10000-7f2913a18000 rw-s 11383d000 00:11 2111                      anon_inode:i915.gem
7f2913a18000-7f2913a20000 rw-s 113835000 00:11 2111                      anon_inode:i915.gem
7f2913a20000-7f2913a28000 rw-s 11382d000 00:11 2111                      anon_inode:i915.gem
7f2913a28000-7f2913a30000 rw-s 113825000 00:11 2111                      anon_inode:i915.gem
7f2913a30000-7f2913a38000 rw-s 11381d000 00:11 2111                      anon_inode:i915.gem
7f2913a38000-7f2913a40000 rw-s 113815000 00:11 2111                      anon_inode:i915.gem
7f2913a40000-7f2913a80000 rw-s 1137d5000 00:11 2111                      anon_inode:i915.gem
7f2913a80000-7f2913ac0000 rw-s 113795000 00:11 2111                      anon_inode:i915.gem
7f2913ac0000-7f2913b00000 rw-s 113755000 00:11 2111                      anon_inode:i915.gem
7f2913b00000-7f2913b40000 rw-s 113715000 00:11 2111                      anon_inode:i915.gem
7f2913b40000-7f2913b80000 rw-s 1136d5000 00:11 2111                      anon_inode:i915.gem
7f2913b80000-7f2913bc0000 rw-s 113695000 00:11 2111                      anon_inode:i915.gem
7f2913bc0000-7f2913c00000 rw-s 113655000 00:11 2111                      anon_inode:i915.gem
7f2913c00000-7f2913c40000 rw-s 113615000 00:11 2111                      anon_inode:i915.gem
7f2913c40000-7f2913c80000 rw-s 1135d5000 00:11 2111                      anon_inode:i915.gem
7f2913c80000-7f2913cc0000 rw-s 113595000 00:11 2111                      anon_inode:i915.gem
7f2913cc0000-7f2913d00000 rw-s 113555000 00:11 2111                      anon_inode:i915.gem
7f2913d00000-7f2913d40000 rw-s 113515000 00:11 2111                      anon_inode:i915.gem
7f2913d40000-7f2913d80000 rw-s 1134d5000 00:11 2111                      anon_inode:i915.gem
7f2913d80000-7f2913d88000 rw-s 1134cd000 00:11 2111                      anon_inode:i915.gem
7f2913d88000-7f2913d90000 rw-s 1134c5000 00:11 2111                      anon_inode:i915.gem
7f2913d90000-7f2913d98000 rw-s 1134bd000 00:11 2111                      anon_inode:i915.gem
7f2913d98000-7f2913da0000 rw-s 1134b5000 00:11 2111                      anon_inode:i915.gem
7f2913da0000-7f2913da8000 rw-s 1134ad000 00:11 2111                      anon_inode:i915.gem
7f2913da8000-7f2913db0000 rw-s 1134a5000 00:11 2111                      anon_inode:i915.gem
7f2913db0000-7f2913db8000 rw-s 11349d000 00:11 2111                      anon_inode:i915.gem
7f2913db8000-7f2913dc0000 rw-s 113495000 00:11 2111                      anon_inode:i915.gem
7f2913dc0000-7f2913dc8000 rw-s 11348d000 00:11 2111                      anon_inode:i915.gem
7f2913dc8000-7f2913dcc000 rw-s 113489000 00:11 2111                      anon_inode:i915.gem
7f2913dcc000-7f2913dd4000 rw-s 113481000 00:11 2111                      anon_inode:i915.gem
7f2913dd4000-7f2913dd8000 rw-s 11347d000 00:11 2111                      anon_inode:i915.gem
7f2913dd8000-7f2913de0000 rw-s 113475000 00:11 2111                      anon_inode:i915.gem
7f2913de0000-7f2913de8000 rw-s 11346d000 00:11 2111                      anon_inode:i915.gem
7f2913de8000-7f2913dec000 rw-s 113469000 00:11 2111                      anon_inode:i915.gem
7f2913dec000-7f2913df0000 rw-s 113465000 00:11 2111                      anon_inode:i915.gem
7f2913df0000-7f2913df4000 rw-s 113461000 00:11 2111                      anon_inode:i915.gem
7f2913df4000-7f2913dfc000 rw-s 113459000 00:11 2111                      anon_inode:i915.gem
7f2913dfc000-7f2913e04000 rw-s 113451000 00:11 2111                      anon_inode:i915.gem
7f2913e04000-7f2913e08000 rw-s 11344d000 00:11 2111                      anon_inode:i915.gem
7f2913e08000-7f2913e0c000 rw-s 113449000 00:11 2111                      anon_inode:i915.gem
7f2913e0c000-7f2913e10000 rw-s 113445000 00:11 2111                      anon_inode:i915.gem
7f2913e10000-7f2913e14000 rw-s 113441000 00:11 2111                      anon_inode:i915.gem
7f2913e14000-7f2913e18000 rw-s 11343d000 00:11 2111                      anon_inode:i915.gem
7f2913e18000-7f2913e1c000 rw-s 113439000 00:11 2111                      anon_inode:i915.gem
7f2913e1c000-7f2913e20000 rw-s 113435000 00:11 2111                      anon_inode:i915.gem
7f2913e20000-7f2913e24000 rw-s 113431000 00:11 2111                      anon_inode:i915.gem
7f2913e24000-7f2913e2c000 rw-s 113429000 00:11 2111                      anon_inode:i915.gem
7f2913e2c000-7f2913e30000 rw-s 113425000 00:11 2111                      anon_inode:i915.gem
7f2913e30000-7f2913e38000 rw-s 11341d000 00:11 2111                      anon_inode:i915.gem
7f2913e38000-7f2913e3c000 rw-s 113419000 00:11 2111                      anon_inode:i915.gem
7f2913e3c000-7f2913e44000 rw-s 113411000 00:11 2111                      anon_inode:i915.gem
7f2913e44000-7f2913e4c000 rw-s 113409000 00:11 2111                      anon_inode:i915.gem
7f2913e4c000-7f2913e50000 rw-s 113405000 00:11 2111                      anon_inode:i915.gem
7f2913e50000-7f2913e54000 rw-s 113401000 00:11 2111                      anon_inode:i915.gem
7f2913e54000-7f2913e56000 rw-s 1133ff000 00:11 2111                      anon_inode:i915.gem
7f2913e56000-7f2913e5a000 rw-s 1133fb000 00:11 2111                      anon_inode:i915.gem
7f2913e5a000-7f2913e5e000 rw-s 1133f7000 00:11 2111                      anon_inode:i915.gem
7f2913e5e000-7f2913e62000 rw-s 1133f3000 00:11 2111                      anon_inode:i915.gem
7f2913e62000-7f2913e64000 rw-s 1133f1000 00:11 2111                      anon_inode:i915.gem
7f2913e64000-7f2913e68000 rw-s 1133ed000 00:11 2111                      anon_inode:i915.gem
7f2913e68000-7f2913e6c000 rw-s 1133e9000 00:11 2111                      anon_inode:i915.gem
7f2913e6c000-7f2913e70000 rw-s 1133e5000 00:11 2111                      anon_inode:i915.gem
7f2913e70000-7f2913e74000 rw-s 1133e1000 00:11 2111                      anon_inode:i915.gem
7f2913e74000-7f2913e78000 rw-s 1133dd000 00:11 2111                      anon_inode:i915.gem
7f2913e78000-7f2913e7c000 rw-s 1133d9000 00:11 2111                      anon_inode:i915.gem
7f2913e7c000-7f2913e80000 rw-s 1133d5000 00:11 2111                      anon_inode:i915.gem
7f2913e80000-7f2913e84000 rw-s 1133d1000 00:11 2111                      anon_inode:i915.gem
7f2913e84000-7f2913e8c000 rw-s 1133c9000 00:11 2111                      anon_inode:i915.gem
7f2913e8c000-7f2913e94000 rw-s 1133c1000 00:11 2111                      anon_inode:i915.gem
7f2913e94000-7f2913ed4000 rw-s 113381000 00:11 2111                      anon_inode:i915.gem
7f2913ed4000-7f2913f14000 rw-s 113341000 00:11 2111                      anon_inode:i915.gem
7f2913f14000-7f2913f54000 rw-s 113301000 00:11 2111                      anon_inode:i915.gem
7f2913f54000-7f2913f58000 rw-s 1132fd000 00:11 2111                      anon_inode:i915.gem
7f2913f58000-7f2914358000 rw-s 112efd000 00:11 2111                      anon_inode:i915.gem
7f2914358000-7f2914758000 rw-s 12cf0c000 00:11 2111                      anon_inode:i915.gem
7f2914758000-7f291475c000 rw-s 12cf08000 00:11 2111                      anon_inode:i915.gem
7f291475c000-7f2914760000 rw-s 12cf04000 00:11 2111                      anon_inode:i915.gem
7f2914760000-7f2914764000 rw-s 12cf00000 00:11 2111                      anon_inode:i915.gem
7f2914764000-7f2914768000 rw-s 12cefc000 00:11 2111                      anon_inode:i915.gem
7f2914768000-7f291476c000 rw-s 12cef8000 00:11 2111                      anon_inode:i915.gem
7f291476c000-7f2914770000 rw-s 12cef4000 00:11 2111                      anon_inode:i915.gem
7f2914770000-7f2914778000 rw-s 12ceec000 00:11 2111                      anon_inode:i915.gem
7f2914778000-7f291477a000 rw-s 12ceea000 00:11 2111                      anon_inode:i915.gem
7f291477a000-7f291477e000 rw-s 12cee6000 00:11 2111                      anon_inode:i915.gem
7f291477e000-7f2914782000 rw-s 12cee2000 00:11 2111                      anon_inode:i915.gem
7f2914782000-7f2914784000 rw-s 12cee0000 00:11 2111                      anon_inode:i915.gem
7f2914784000-7f2914788000 rw-s 12cedc000 00:11 2111                      anon_inode:i915.gem
7f2914788000-7f291478c000 rw-s 12ced8000 00:11 2111                      anon_inode:i915.gem
7f291478c000-7f2914794000 rw-s 12ced0000 00:11 2111                      anon_inode:i915.gem
7f2914794000-7f291479c000 rw-s 12cec8000 00:11 2111                      anon_inode:i915.gem
7f291479c000-7f29147a4000 rw-s 12cec0000 00:11 2111                      anon_inode:i915.gem
7f29147a4000-7f29147ac000 rw-s 12ceb8000 00:11 2111                      anon_inode:i915.gem
7f29147ac000-7f29147b4000 rw-s 12ceb0000 00:11 2111                      anon_inode:i915.gem
7f29147b4000-7f29147bc000 rw-s 12cea8000 00:11 2111                      anon_inode:i915.gem
7f29147bc000-7f29147c4000 rw-s 12cea0000 00:11 2111                      anon_inode:i915.gem
7f29147c4000-7f29147cc000 rw-s 12ce98000 00:11 2111                      anon_inode:i915.gem
7f29147cc000-7f29147d4000 rw-s 12ce90000 00:11 2111                      anon_inode:i915.gem
7f29147d4000-7f29147dc000 rw-s 12ce88000 00:11 2111                      anon_inode:i915.gem
7f29147dc000-7f29147e4000 rw-s 12ce80000 00:11 2111                      anon_inode:i915.gem
7f29147e4000-7f29147e8000 rw-s 12ce7a000 00:11 2111                      anon_inode:i915.gem
7f29147e8000-7f29147ec000 rw-s 12ce76000 00:11 2111                      anon_inode:i915.gem
7f29147ec000-7f29147f0000 rw-s 12ce72000 00:11 2111                      anon_inode:i915.gem
7f29147f0000-7f29147f8000 rw-s 12ce6a000 00:11 2111                      anon_inode:i915.gem
7f29147f8000-7f2914800000 rw-s 12ce62000 00:11 2111                      anon_inode:i915.gem
7f2914800000-7f2914808000 rw-s 12ce5a000 00:11 2111                      anon_inode:i915.gem
7f2914808000-7f291480c000 rw-s 12ce56000 00:11 2111                      anon_inode:i915.gem
7f291480c000-7f2914814000 rw-s 12ce4e000 00:11 2111                      anon_inode:i915.gem
7f2914814000-7f2914818000 rw-s 12ce4a000 00:11 2111                      anon_inode:i915.gem
7f2914818000-7f2914820000 rw-s 12ce42000 00:11 2111                      anon_inode:i915.gem
7f2914820000-7f2914828000 rw-s 12ce3a000 00:11 2111                      anon_inode:i915.gem
7f2914828000-7f2914830000 rw-s 12ce32000 00:11 2111                      anon_inode:i915.gem
7f2914830000-7f2914838000 rw-s 12ce2a000 00:11 2111                      anon_inode:i915.gem
7f2914838000-7f2914840000 rw-s 12ce22000 00:11 2111                      anon_inode:i915.gem
7f2914840000-7f2914844000 rw-s 12ce1e000 00:11 2111                      anon_inode:i915.gem
7f2914844000-7f2914848000 rw-s 12ce1a000 00:11 2111                      anon_inode:i915.gem
7f2914848000-7f291484c000 rw-s 12ce16000 00:11 2111                      anon_inode:i915.gem
7f291484c000-7f2914850000 rw-s 12ce12000 00:11 2111                      anon_inode:i915.gem
7f2914850000-7f2914854000 rw-s 12ce0e000 00:11 2111                      anon_inode:i915.gem
7f2914854000-7f2914858000 rw-s 12ce0a000 00:11 2111                      anon_inode:i915.gem
7f2914858000-7f2914860000 rw-s 12eac4000 00:11 2111                      anon_inode:i915.gem
7f2914860000-7f2914868000 rw-s 12eabc000 00:11 2111                      anon_inode:i915.gem
7f2914868000-7f2914870000 rw-s 12eab4000 00:11 2111                      anon_inode:i915.gem
7f2914870000-7f2914878000 rw-s 10c66a000 00:11 2111                      anon_inode:i915.gem
7f2914878000-7f2914880000 rw-s 10c662000 00:11 2111                      anon_inode:i915.gem
7f2914880000-7f2914884000 rw-s 112ef9000 00:11 2111                      anon_inode:i915.gem
7f2914884000-7f291488c000 rw-s 112ef1000 00:11 2111                      anon_inode:i915.gem
7f291488c000-7f2914890000 rw-s 112eed000 00:11 2111                      anon_inode:i915.gem
7f2914890000-7f2914894000 rw-s 112ee9000 00:11 2111                      anon_inode:i915.gem
7f2914894000-7f2914898000 rw-s 112ee5000 00:11 2111                      anon_inode:i915.gem
7f2914898000-7f29148a0000 rw-s 112edd000 00:11 2111                      anon_inode:i915.gem
7f29148a0000-7f29148a4000 rw-s 112ed9000 00:11 2111                      anon_inode:i915.gem
7f29148a4000-7f29148ac000 rw-s 112ed1000 00:11 2111                      anon_inode:i915.gem
7f29148ac000-7f29148b0000 rw-s 112ecd000 00:11 2111                      anon_inode:i915.gem
7f29148b0000-7f29148b8000 rw-s 112ec5000 00:11 2111                      anon_inode:i915.gem
7f29148b8000-7f29148c0000 rw-s 112ebd000 00:11 2111                      anon_inode:i915.gem
7f29148c0000-7f29148c4000 rw-s 112eb9000 00:11 2111                      anon_inode:i915.gem
7f29148c4000-7f29148c8000 rw-s 112eb5000 00:11 2111                      anon_inode:i915.gem
7f29148c8000-7f29148d0000 rw-s 112ead000 00:11 2111                      anon_inode:i915.gem
7f29148d0000-7f29148d8000 rw-s 112ea5000 00:11 2111                      anon_inode:i915.gem
7f29148d8000-7f29148e0000 rw-s 112e9d000 00:11 2111                      anon_inode:i915.gem
7f29148e0000-7f29148e8000 rw-s 112e95000 00:11 2111                      anon_inode:i915.gem
7f29148e8000-7f29148f0000 rw-s 112e8d000 00:11 2111                      anon_inode:i915.gem
7f29148f0000-7f29148f8000 rw-s 112e85000 00:11 2111                      anon_inode:i915.gem
7f29148f8000-7f2914900000 rw-s 112e7d000 00:11 2111                      anon_inode:i915.gem
7f2914900000-7f2914908000 rw-s 112e75000 00:11 2111                      anon_inode:i915.gem
7f2914908000-7f2914910000 rw-s 112e6d000 00:11 2111                      anon_inode:i915.gem
7f2914910000-7f2914918000 rw-s 112e65000 00:11 2111                      anon_inode:i915.gem
7f2914918000-7f2914920000 rw-s 112e5d000 00:11 2111                      anon_inode:i915.gem
7f2914920000-7f2914928000 rw-s 112e55000 00:11 2111                      anon_inode:i915.gem
7f2914928000-7f2914930000 rw-s 112e4d000 00:11 2111                      anon_inode:i915.gem
7f2914930000-7f2914938000 rw-s 112e45000 00:11 2111                      anon_inode:i915.gem
7f2914938000-7f2914940000 rw-s 112e3d000 00:11 2111                      anon_inode:i915.gem
7f2914940000-7f2914948000 rw-s 112e35000 00:11 2111                      anon_inode:i915.gem
7f2914948000-7f2914950000 rw-s 112e2d000 00:11 2111                      anon_inode:i915.gem
7f2914950000-7f2914958000 rw-s 112e25000 00:11 2111                      anon_inode:i915.gem
7f2914958000-7f2914960000 rw-s 112e1d000 00:11 2111                      anon_inode:i915.gem
7f2914960000-7f2914962000 rw-s 112e1b000 00:11 2111                      anon_inode:i915.gem
7f2914962000-7f2914966000 rw-s 112e17000 00:11 2111                      anon_inode:i915.gem
7f2914966000-7f291496a000 rw-s 112e13000 00:11 2111                      anon_inode:i915.gem
7f291496a000-7f291496e000 rw-s 112e0f000 00:11 2111                      anon_inode:i915.gem
7f291496e000-7f2914972000 rw-s 112e0b000 00:11 2111                      anon_inode:i915.gem
7f2914972000-7f2914974000 rw-s 112e09000 00:11 2111                      anon_inode:i915.gem
7f2914974000-7f2914976000 rw-s 112e07000 00:11 2111                      anon_inode:i915.gem
7f2914976000-7f291497a000 rw-s 112e03000 00:11 2111                      anon_inode:i915.gem
7f291497a000-7f291497c000 rw-s 112e01000 00:11 2111                      anon_inode:i915.gem
7f291497c000-7f291497e000 rw-s 112dff000 00:11 2111                      anon_inode:i915.gem
7f291497e000-7f2914982000 rw-s 112dfb000 00:11 2111                      anon_inode:i915.gem
7f2914982000-7f2914986000 rw-s 112df7000 00:11 2111                      anon_inode:i915.gem
7f2914986000-7f291498a000 rw-s 112df3000 00:11 2111                      anon_inode:i915.gem
7f291498a000-7f291498c000 rw-s 112df1000 00:11 2111                      anon_inode:i915.gem
7f291498c000-7f291498e000 rw-s 112def000 00:11 2111                      anon_inode:i915.gem
7f291498e000-7f2914990000 rw-s 112ded000 00:11 2111                      anon_inode:i915.gem
7f2914990000-7f2914994000 rw-s 112de9000 00:11 2111                      anon_inode:i915.gem
7f2914994000-7f2914996000 rw-s 112de7000 00:11 2111                      anon_inode:i915.gem
7f2914996000-7f2914998000 rw-s 112de5000 00:11 2111                      anon_inode:i915.gem
7f2914998000-7f291499a000 rw-s 112de3000 00:11 2111                      anon_inode:i915.gem
7f291499a000-7f291499c000 rw-s 112de1000 00:11 2111                      anon_inode:i915.gem
7f291499c000-7f291499e000 rw-s 112ddf000 00:11 2111                      anon_inode:i915.gem
7f291499e000-7f29149a0000 rw-s 112ddd000 00:11 2111                      anon_inode:i915.gem
7f29149a0000-7f29149a2000 rw-s 112ddb000 00:11 2111                      anon_inode:i915.gem
7f29149a2000-7f29149a4000 rw-s 112dd9000 00:11 2111                      anon_inode:i915.gem
7f29149a4000-7f29149a6000 rw-s 112dd7000 00:11 2111                      anon_inode:i915.gem
7f29149a6000-7f29149a8000 rw-s 112dd5000 00:11 2111                      anon_inode:i915.gem
7f29149a8000-7f29149b0000 rw-s 112dcd000 00:11 2111                      anon_inode:i915.gem
7f29149b0000-7f29149b4000 rw-s 112dc9000 00:11 2111                      anon_inode:i915.gem
7f29149b4000-7f29149bc000 rw-s 112dc1000 00:11 2111                      anon_inode:i915.gem
7f29149bc000-7f29149c0000 rw-s 112dbd000 00:11 2111                      anon_inode:i915.gem
7f29149c0000-7f29149c4000 rw-s 112db9000 00:11 2111                      anon_inode:i915.gem
7f29149c4000-7f29149c8000 rw-s 112db5000 00:11 2111                      anon_inode:i915.gem
7f29149c8000-7f29149cc000 rw-s 112db1000 00:11 2111                      anon_inode:i915.gem
7f29149cc000-7f29149d4000 rw-s 112da9000 00:11 2111                      anon_inode:i915.gem
7f29149d4000-7f29149d8000 rw-s 112da5000 00:11 2111                      anon_inode:i915.gem
7f29149d8000-7f29149dc000 rw-s 112da1000 00:11 2111                      anon_inode:i915.gem
7f29149dc000-7f29149e4000 rw-s 112d99000 00:11 2111                      anon_inode:i915.gem
7f29149e4000-7f29149ec000 rw-s 112d91000 00:11 2111                      anon_inode:i915.gem
7f29149ec000-7f29149f4000 rw-s 112d89000 00:11 2111                      anon_inode:i915.gem
7f29149f4000-7f29149fc000 rw-s 112d81000 00:11 2111                      anon_inode:i915.gem
7f29149fc000-7f2914a04000 rw-s 112d79000 00:11 2111                      anon_inode:i915.gem
7f2914a04000-7f2914a0c000 rw-s 112d71000 00:11 2111                      anon_inode:i915.gem
7f2914a0c000-7f2914a14000 rw-s 112d69000 00:11 2111                      anon_inode:i915.gem
7f2914a14000-7f2914a1c000 rw-s 112d61000 00:11 2111                      anon_inode:i915.gem
7f2914a1c000-7f2914a24000 rw-s 112d59000 00:11 2111                      anon_inode:i915.gem
7f2914a24000-7f2914a2c000 rw-s 112d51000 00:11 2111                      anon_inode:i915.gem
7f2914a2c000-7f2914a34000 rw-s 112d49000 00:11 2111                      anon_inode:i915.gem
7f2914a34000-7f2914a3c000 rw-s 112d41000 00:11 2111                      anon_inode:i915.gem
7f2914a3c000-7f2914a44000 rw-s 112d39000 00:11 2111                      anon_inode:i915.gem
7f2914a44000-7f2914a4c000 rw-s 112d31000 00:11 2111                      anon_inode:i915.gem
7f2914a4c000-7f2914a54000 rw-s 112d29000 00:11 2111                      anon_inode:i915.gem
7f2914a54000-7f2914a5c000 rw-s 112d21000 00:11 2111                      anon_inode:i915.gem
7f2914a5c000-7f2914a64000 rw-s 112d19000 00:11 2111                      anon_inode:i915.gem
7f2914a64000-7f2914a6c000 rw-s 112d11000 00:11 2111                      anon_inode:i915.gem
7f2914a6c000-7f2914a74000 rw-s 112d09000 00:11 2111                      anon_inode:i915.gem
7f2914a74000-7f2914a7c000 rw-s 112d01000 00:11 2111                      anon_inode:i915.gem
7f2914a7c000-7f2914a84000 rw-s 112cf9000 00:11 2111                      anon_inode:i915.gem
7f2914a84000-7f2914a8c000 rw-s 112cf1000 00:11 2111                      anon_inode:i915.gem
7f2914a8c000-7f2914a94000 rw-s 112ce9000 00:11 2111                      anon_inode:i915.gem
7f2914a94000-7f2914a9c000 rw-s 112ce1000 00:11 2111                      anon_inode:i915.gem
7f2914a9c000-7f2914aa0000 rw-s 112cdd000 00:11 2111                      anon_inode:i915.gem
7f2914aa0000-7f2914aa8000 rw-s 112cd5000 00:11 2111                      anon_inode:i915.gem
7f2914aa8000-7f2914aac000 rw-s 112cd1000 00:11 2111                      anon_inode:i915.gem
7f2914aac000-7f2914ab4000 rw-s 112cc9000 00:11 2111                      anon_inode:i915.gem
7f2914ab4000-7f2914ab8000 rw-s 112cc5000 00:11 2111                      anon_inode:i915.gem
7f2914ab8000-7f2914ac0000 rw-s 112cbd000 00:11 2111                      anon_inode:i915.gem
7f2914ac0000-7f2914ac4000 rw-s 112cb9000 00:11 2111                      anon_inode:i915.gem
7f2914ac4000-7f2914acc000 rw-s 112cb1000 00:11 2111                      anon_inode:i915.gem
7f2914acc000-7f2914ace000 rw-s 112caf000 00:11 2111                      anon_inode:i915.gem
7f2914ace000-7f2914ad2000 rw-s 112cab000 00:11 2111                      anon_inode:i915.gem
7f2914ad2000-7f2914ada000 rw-s 112ca3000 00:11 2111                      anon_inode:i915.gem
7f2914ada000-7f2914ae2000 rw-s 112c9b000 00:11 2111                      anon_inode:i915.gem
7f2914ae2000-7f2914aea000 rw-s 112c93000 00:11 2111                      anon_inode:i915.gem
7f2914aea000-7f2914af2000 rw-s 112c8b000 00:11 2111                      anon_inode:i915.gem
7f2914af2000-7f2914afa000 rw-s 112c83000 00:11 2111                      anon_inode:i915.gem
7f2914afa000-7f2914b02000 rw-s 112c7b000 00:11 2111                      anon_inode:i915.gem
7f2914b02000-7f2914b0a000 rw-s 112c73000 00:11 2111                      anon_inode:i915.gem
7f2914b0a000-7f2914b12000 rw-s 112c6b000 00:11 2111                      anon_inode:i915.gem
7f2914b12000-7f2914b1a000 rw-s 112c63000 00:11 2111                      anon_inode:i915.gem
7f2914b1a000-7f2914b1e000 rw-s 112c5f000 00:11 2111                      anon_inode:i915.gem
7f2914b1e000-7f2914b22000 rw-s 112c5b000 00:11 2111                      anon_inode:i915.gem
7f2914b22000-7f2914b26000 rw-s 112c57000 00:11 2111                      anon_inode:i915.gem
7f2914b26000-7f2914b2a000 rw-s 112c53000 00:11 2111                      anon_inode:i915.gem
7f2914b2a000-7f2914b2e000 rw-s 112c4f000 00:11 2111                      anon_inode:i915.gem
7f2914b2e000-7f2914b36000 rw-s 112c47000 00:11 2111                      anon_inode:i915.gem
7f2914b36000-7f2914b3e000 rw-s 112c3f000 00:11 2111                      anon_inode:i915.gem
7f2914b3e000-7f2914b42000 rw-s 112c3b000 00:11 2111                      anon_inode:i915.gem
7f2914b42000-7f2914b82000 rw-s 112bfb000 00:11 2111                      anon_inode:i915.gem
7f2914b82000-7f2914bc2000 rw-s 112bbb000 00:11 2111                      anon_inode:i915.gem
7f2914bc2000-7f2914bca000 rw-s 112bb3000 00:11 2111                      anon_inode:i915.gem
7f2914bca000-7f2914bce000 rw-s 112baf000 00:11 2111                      anon_inode:i915.gem
7f2914bce000-7f2914bd6000 rw-s 112ba7000 00:11 2111                      anon_inode:i915.gem
7f2914bd6000-7f2914bda000 rw-s 112ba3000 00:11 2111                      anon_inode:i915.gem
7f2914bda000-7f2914bde000 rw-s 112b9f000 00:11 2111                      anon_inode:i915.gem
7f2914bde000-7f2914be2000 rw-s 112b9b000 00:11 2111                      anon_inode:i915.gem
7f2914be2000-7f2914be6000 rw-s 112b97000 00:11 2111                      anon_inode:i915.gem
7f2914be6000-7f2914bea000 rw-s 112b93000 00:11 2111                      anon_inode:i915.gem
7f2914bea000-7f2914bee000 rw-s 112b8f000 00:11 2111                      anon_inode:i915.gem
7f2914bee000-7f2914bf6000 rw-s 112b87000 00:11 2111                      anon_inode:i915.gem
7f2914bf6000-7f2914bfa000 rw-s 112b83000 00:11 2111                      anon_inode:i915.gem
7f2914bfa000-7f2914c02000 rw-s 112b7b000 00:11 2111                      anon_inode:i915.gem
7f2914c02000-7f2914c0a000 rw-s 112b73000 00:11 2111                      anon_inode:i915.gem
7f2914c0a000-7f2914c12000 rw-s 112b6b000 00:11 2111                      anon_inode:i915.gem
7f2914c12000-7f2914c16000 rw-s 112b67000 00:11 2111                      anon_inode:i915.gem
7f2914c16000-7f2914c1a000 rw-s 112b63000 00:11 2111                      anon_inode:i915.gem
7f2914c1a000-7f2914c1e000 rw-s 112b5f000 00:11 2111                      anon_inode:i915.gem
7f2914c1e000-7f2914c22000 rw-s 112b5b000 00:11 2111                      anon_inode:i915.gem
7f2914c22000-7f2914c26000 rw-s 112b57000 00:11 2111                      anon_inode:i915.gem
7f2914c26000-7f2914c2e000 rw-s 112b4f000 00:11 2111                      anon_inode:i915.gem
7f2914c2e000-7f2914c32000 rw-s 112b4b000 00:11 2111                      anon_inode:i915.gem
7f2914c32000-7f2914c36000 rw-s 112b47000 00:11 2111                      anon_inode:i915.gem
7f2914c36000-7f2914c3a000 rw-s 112b43000 00:11 2111                      anon_inode:i915.gem
7f2914c3a000-7f2914c7a000 rw-s 112b03000 00:11 2111                      anon_inode:i915.gem
7f2914c7a000-7f2914cba000 rw-s 112ac3000 00:11 2111                      anon_inode:i915.gem
7f2914cba000-7f2914cfa000 rw-s 112a83000 00:11 2111                      anon_inode:i915.gem
7f2914cfa000-7f2914d02000 rw-s 112a7b000 00:11 2111                      anon_inode:i915.gem
7f2914d02000-7f2914d0a000 rw-s 112a73000 00:11 2111                      anon_inode:i915.gem
7f2914d0a000-7f2914d0e000 rw-s 112a6f000 00:11 2111                      anon_inode:i915.gem
7f2914d0e000-7f2914d16000 rw-s 112a67000 00:11 2111                      anon_inode:i915.gem
7f2914d16000-7f2914d1e000 rw-s 112a5f000 00:11 2111                      anon_inode:i915.gem
7f2914d1e000-7f2914d26000 rw-s 112a57000 00:11 2111                      anon_inode:i915.gem
7f2914d26000-7f2914d2e000 rw-s 112a4f000 00:11 2111                      anon_inode:i915.gem
7f2914d2e000-7f2914d36000 rw-s 112a47000 00:11 2111                      anon_inode:i915.gem
7f2914d36000-7f2914d3e000 rw-s 112a3f000 00:11 2111                      anon_inode:i915.gem
7f2914d3e000-7f2914d42000 rw-s 112a3b000 00:11 2111                      anon_inode:i915.gem
7f2914d42000-7f2914d46000 rw-s 112a37000 00:11 2111                      anon_inode:i915.gem
7f2914d46000-7f2914d4e000 rw-s 112a2f000 00:11 2111                      anon_inode:i915.gem
7f2914d4e000-7f2914d52000 rw-s 112a2b000 00:11 2111                      anon_inode:i915.gem
7f2914d52000-7f2914d5a000 rw-s 112a23000 00:11 2111                      anon_inode:i915.gem
7f2914d5a000-7f2914d62000 rw-s 112a1b000 00:11 2111                      anon_inode:i915.gem
7f2914d62000-7f2914d6a000 rw-s 112a13000 00:11 2111                      anon_inode:i915.gem
7f2914d6a000-7f2914d72000 rw-s 112a0b000 00:11 2111                      anon_inode:i915.gem
7f2914d72000-7f2914d7a000 rw-s 112a03000 00:11 2111                      anon_inode:i915.gem
7f2914d7a000-7f2914d7e000 rw-s 1129ff000 00:11 2111                      anon_inode:i915.gem
7f2914d7e000-7f2914d82000 rw-s 1129fb000 00:11 2111                      anon_inode:i915.gem
7f2914d82000-7f2914d8a000 rw-s 1129f3000 00:11 2111                      anon_inode:i915.gem
7f2914d8a000-7f2914d92000 rw-s 1129eb000 00:11 2111                      anon_inode:i915.gem
7f2914d92000-7f2914d9a000 rw-s 1129e3000 00:11 2111                      anon_inode:i915.gem
7f2914d9a000-7f2914da2000 rw-s 1129db000 00:11 2111                      anon_inode:i915.gem
7f2914da2000-7f2914daa000 rw-s 1129d3000 00:11 2111                      anon_inode:i915.gem
7f2914daa000-7f2914db2000 rw-s 1129cb000 00:11 2111                      anon_inode:i915.gem
7f2914db2000-7f2914dba000 rw-s 1129c3000 00:11 2111                      anon_inode:i915.gem
7f2914dba000-7f2914dc2000 rw-s 1129bb000 00:11 2111                      anon_inode:i915.gem
7f2914dc2000-7f2914dca000 rw-s 1129b3000 00:11 2111                      anon_inode:i915.gem
7f2914dca000-7f29151ca000 rw-s 1125b3000 00:11 2111                      anon_inode:i915.gem
7f29151ca000-7f29153ca000 rw-s 1123b3000 00:11 2111                      anon_inode:i915.gem
7f29153ca000-7f29157ca000 rw-s 111fb3000 00:11 2111                      anon_inode:i915.gem
7f29157ca000-7f29159ca000 rw-s 111db3000 00:11 2111                      anon_inode:i915.gem
7f29159ca000-7f2915bca000 rw-s 111bb3000 00:11 2111                      anon_inode:i915.gem
7f2915bca000-7f2915dca000 rw-s 1119b3000 00:11 2111                      anon_inode:i915.gem
7f2915dca000-7f2915dcc000 rw-s 1119b1000 00:11 2111                      anon_inode:i915.gem
7f2915dcc000-7f2915dd4000 rw-s 1119a9000 00:11 2111                      anon_inode:i915.gem
7f2915dd4000-7f2915ddc000 rw-s 1119a1000 00:11 2111                      anon_inode:i915.gem
7f2915ddc000-7f2915de4000 rw-s 111999000 00:11 2111                      anon_inode:i915.gem
7f2915de4000-7f2915dec000 rw-s 111991000 00:11 2111                      anon_inode:i915.gem
7f2915dec000-7f2915df4000 rw-s 111989000 00:11 2111                      anon_inode:i915.gem
7f2915df4000-7f2915dfc000 rw-s 111981000 00:11 2111                      anon_inode:i915.gem
7f2915dfc000-7f2915e04000 rw-s 111979000 00:11 2111                      anon_inode:i915.gem
7f2915e04000-7f2915e0c000 rw-s 111971000 00:11 2111                      anon_inode:i915.gem
7f2915e0c000-7f2915e14000 rw-s 111969000 00:11 2111                      anon_inode:i915.gem
7f2915e14000-7f2915e18000 rw-s 111965000 00:11 2111                      anon_inode:i915.gem
7f2915e18000-7f2915e1c000 rw-s 111961000 00:11 2111                      anon_inode:i915.gem
7f2915e1c000-7f2915e20000 rw-s 11195d000 00:11 2111                      anon_inode:i915.gem
7f2915e20000-7f2915e24000 rw-s 111959000 00:11 2111                      anon_inode:i915.gem
7f2915e24000-7f2915e28000 rw-s 111955000 00:11 2111                      anon_inode:i915.gem
7f2915e28000-7f2915e30000 rw-s 11194d000 00:11 2111                      anon_inode:i915.gem
7f2915e30000-7f2915e34000 rw-s 111949000 00:11 2111                      anon_inode:i915.gem
7f2915e34000-7f2915e38000 rw-s 111945000 00:11 2111                      anon_inode:i915.gem
7f2915e38000-7f2915e3c000 rw-s 111941000 00:11 2111                      anon_inode:i915.gem
7f2915e3c000-7f2915e40000 rw-s 11193d000 00:11 2111                      anon_inode:i915.gem
7f2915e40000-7f2915e44000 rw-s 111939000 00:11 2111                      anon_inode:i915.gem
7f2915e44000-7f2915e48000 rw-s 111935000 00:11 2111                      anon_inode:i915.gem
7f2915e48000-7f2915e4c000 rw-s 111931000 00:11 2111                      anon_inode:i915.gem
7f2915e4c000-7f2915e50000 rw-s 11192d000 00:11 2111                      anon_inode:i915.gem
7f2915e50000-7f2915e54000 rw-s 111929000 00:11 2111                      anon_inode:i915.gem
7f2915e54000-7f2915e5c000 rw-s 111921000 00:11 2111                      anon_inode:i915.gem
7f2915e5c000-7f2915e60000 rw-s 11191d000 00:11 2111                      anon_inode:i915.gem
7f2915e60000-7f2915e64000 rw-s 111919000 00:11 2111                      anon_inode:i915.gem
7f2915e64000-7f2915e68000 rw-s 111915000 00:11 2111                      anon_inode:i915.gem
7f2915e68000-7f2915e6c000 rw-s 111911000 00:11 2111                      anon_inode:i915.gem
7f2915e6c000-7f2915e70000 rw-s 11190d000 00:11 2111                      anon_inode:i915.gem
7f2915e70000-7f2915e74000 rw-s 111909000 00:11 2111                      anon_inode:i915.gem
7f2915e74000-7f2915e78000 rw-s 111905000 00:11 2111                      anon_inode:i915.gem
7f2915e78000-7f2915e7c000 rw-s 111901000 00:11 2111                      anon_inode:i915.gem
7f2915e7c000-7f2915e80000 rw-s 1118fd000 00:11 2111                      anon_inode:i915.gem
7f2915e80000-7f2915e84000 rw-s 1118f9000 00:11 2111                      anon_inode:i915.gem
7f2915e84000-7f2915e88000 rw-s 1118f5000 00:11 2111                      anon_inode:i915.gem
7f2915e88000-7f2915e8c000 rw-s 1118f1000 00:11 2111                      anon_inode:i915.gem
7f2915e8c000-7f2915e90000 rw-s 1118ed000 00:11 2111                      anon_inode:i915.gem
7f2915e90000-7f2915ed0000 rw-s 1118ad000 00:11 2111                      anon_inode:i915.gem
7f2915ed0000-7f2915f10000 rw-s 11186d000 00:11 2111                      anon_inode:i915.gem
7f2915f10000-7f2915f50000 rw-s 11182d000 00:11 2111                      anon_inode:i915.gem
7f2915f50000-7f2915f90000 rw-s 1117ed000 00:11 2111                      anon_inode:i915.gem
7f2915f90000-7f2915fd0000 rw-s 1117ad000 00:11 2111                      anon_inode:i915.gem
7f2915fd0000-7f2916010000 rw-s 11176d000 00:11 2111                      anon_inode:i915.gem
7f2916010000-7f2916014000 rw-s 111769000 00:11 2111                      anon_inode:i915.gem
7f2916014000-7f2916018000 rw-s 111765000 00:11 2111                      anon_inode:i915.gem
7f2916018000-7f291601a000 rw-s 111763000 00:11 2111                      anon_inode:i915.gem
7f291601a000-7f291601e000 rw-s 11175f000 00:11 2111                      anon_inode:i915.gem
7f291601e000-7f2916022000 rw-s 11175b000 00:11 2111                      anon_inode:i915.gem
7f2916022000-7f2916024000 rw-s 111759000 00:11 2111                      anon_inode:i915.gem
7f2916024000-7f2916026000 rw-s 111757000 00:11 2111                      anon_inode:i915.gem
7f2916026000-7f291602a000 rw-s 111753000 00:11 2111                      anon_inode:i915.gem
7f291602a000-7f291602c000 rw-s 111751000 00:11 2111                      anon_inode:i915.gem
7f291602c000-7f291602e000 rw-s 11174f000 00:11 2111                      anon_inode:i915.gem
7f291602e000-7f2916030000 rw-s 11174d000 00:11 2111                      anon_inode:i915.gem
7f2916030000-7f2916034000 rw-s 111749000 00:11 2111                      anon_inode:i915.gem
7f2916034000-7f2916234000 rw-s 111549000 00:11 2111                      anon_inode:i915.gem
7f2916234000-7f2916434000 rw-s 111349000 00:11 2111                      anon_inode:i915.gem
7f2916434000-7f2916634000 rw-s 111149000 00:11 2111                      anon_inode:i915.gem
7f2916634000-7f2916834000 rw-s 110f49000 00:11 2111                      anon_inode:i915.gem
7f2916834000-7f2916836000 rw-s 110f47000 00:11 2111                      anon_inode:i915.gem
7f2916836000-7f2916838000 rw-s 110f45000 00:11 2111                      anon_inode:i915.gem
7f2916838000-7f291683c000 rw-s 110f41000 00:11 2111                      anon_inode:i915.gem
7f291683c000-7f2916840000 rw-s 110f3d000 00:11 2111                      anon_inode:i915.gem
7f2916840000-7f2916848000 rw-s 110f35000 00:11 2111                      anon_inode:i915.gem
7f2916848000-7f291684c000 rw-s 110f31000 00:11 2111                      anon_inode:i915.gem
7f291684c000-7f2916850000 rw-s 110f2d000 00:11 2111                      anon_inode:i915.gem
7f2916850000-7f2916854000 rw-s 110f29000 00:11 2111                      anon_inode:i915.gem
7f2916854000-7f291685c000 rw-s 110f21000 00:11 2111                      anon_inode:i915.gem
7f291685c000-7f2916860000 rw-s 110f1d000 00:11 2111                      anon_inode:i915.gem
7f2916860000-7f2916864000 rw-s 110f19000 00:11 2111                      anon_inode:i915.gem
7f2916864000-7f291686c000 rw-s 110f11000 00:11 2111                      anon_inode:i915.gem
7f291686c000-7f2916870000 rw-s 110f0d000 00:11 2111                      anon_inode:i915.gem
7f2916870000-7f2916878000 rw-s 110f05000 00:11 2111                      anon_inode:i915.gem
7f2916878000-7f291687c000 rw-s 110f01000 00:11 2111                      anon_inode:i915.gem
7f291687c000-7f2916884000 rw-s 110ef9000 00:11 2111                      anon_inode:i915.gem
7f2916884000-7f291688c000 rw-s 110ef1000 00:11 2111                      anon_inode:i915.gem
7f291688c000-7f2916894000 rw-s 110ee9000 00:11 2111                      anon_inode:i915.gem
7f2916894000-7f291689c000 rw-s 110ee1000 00:11 2111                      anon_inode:i915.gem
7f291689c000-7f29168a4000 rw-s 110ed9000 00:11 2111                      anon_inode:i915.gem
7f29168a4000-7f29168ac000 rw-s 110ed1000 00:11 2111                      anon_inode:i915.gem
7f29168ac000-7f29168b4000 rw-s 110ec9000 00:11 2111                      anon_inode:i915.gem
7f29168b4000-7f29168bc000 rw-s 110ec1000 00:11 2111                      anon_inode:i915.gem
7f29168bc000-7f29168c4000 rw-s 110eb9000 00:11 2111                      anon_inode:i915.gem
7f29168c4000-7f29168cc000 rw-s 110eb1000 00:11 2111                      anon_inode:i915.gem
7f29168cc000-7f29168d4000 rw-s 110ea9000 00:11 2111                      anon_inode:i915.gem
7f29168d4000-7f29168dc000 rw-s 110ea1000 00:11 2111                      anon_inode:i915.gem
7f29168dc000-7f291691c000 rw-s 110e61000 00:11 2111                      anon_inode:i915.gem
7f291691c000-7f291695c000 rw-s 110e21000 00:11 2111                      anon_inode:i915.gem
7f291695c000-7f2916964000 rw-s 110e19000 00:11 2111                      anon_inode:i915.gem
7f2916964000-7f291696c000 rw-s 110e11000 00:11 2111                      anon_inode:i915.gem
7f291696c000-7f2916974000 rw-s 110e09000 00:11 2111                      anon_inode:i915.gem
7f2916974000-7f291697c000 rw-s 110e01000 00:11 2111                      anon_inode:i915.gem
7f291697c000-7f2916980000 rw-s 110dfd000 00:11 2111                      anon_inode:i915.gem
7f2916980000-7f2916988000 rw-s 110df5000 00:11 2111                      anon_inode:i915.gem
7f2916988000-7f291698c000 rw-s 110df1000 00:11 2111                      anon_inode:i915.gem
7f291698c000-7f2916994000 rw-s 110de9000 00:11 2111                      anon_inode:i915.gem
7f2916994000-7f2916998000 rw-s 110de5000 00:11 2111                      anon_inode:i915.gem
7f2916998000-7f291699c000 rw-s 110de1000 00:11 2111                      anon_inode:i915.gem
7f291699c000-7f29169a0000 rw-s 110ddd000 00:11 2111                      anon_inode:i915.gem
7f29169a0000-7f29169a8000 rw-s 110dd5000 00:11 2111                      anon_inode:i915.gem
7f29169a8000-7f29169b0000 rw-s 110dcd000 00:11 2111                      anon_inode:i915.gem
7f29169b0000-7f29169b8000 rw-s 110dc5000 00:11 2111                      anon_inode:i915.gem
7f29169b8000-7f29169c0000 rw-s 110dbd000 00:11 2111                      anon_inode:i915.gem
7f29169c0000-7f29169c4000 rw-s 110db9000 00:11 2111                      anon_inode:i915.gem
7f29169c4000-7f29169cc000 rw-s 110db1000 00:11 2111                      anon_inode:i915.gem
7f29169cc000-7f29169d0000 rw-s 110dad000 00:11 2111                      anon_inode:i915.gem
7f29169d0000-7f29169d4000 rw-s 110da9000 00:11 2111                      anon_inode:i915.gem
7f29169d4000-7f29169dc000 rw-s 110da1000 00:11 2111                      anon_inode:i915.gem
7f29169dc000-7f29169e4000 rw-s 110d99000 00:11 2111                      anon_inode:i915.gem
7f29169e4000-7f29169ec000 rw-s 110d91000 00:11 2111                      anon_inode:i915.gem
7f29169ec000-7f29169f4000 rw-s 110d89000 00:11 2111                      anon_inode:i915.gem
7f29169f4000-7f29169f8000 rw-s 110d85000 00:11 2111                      anon_inode:i915.gem
7f29169f8000-7f29169fc000 rw-s 110d81000 00:11 2111                      anon_inode:i915.gem
7f29169fc000-7f29169fe000 rw-s 110d7f000 00:11 2111                      anon_inode:i915.gem
7f29169fe000-7f2916a02000 rw-s 110d7b000 00:11 2111                      anon_inode:i915.gem
7f2916a02000-7f2916a04000 rw-s 110d79000 00:11 2111                      anon_inode:i915.gem
7f2916a04000-7f2916a0c000 rw-s 110d71000 00:11 2111                      anon_inode:i915.gem
7f2916a0c000-7f2916a14000 rw-s 110d69000 00:11 2111                      anon_inode:i915.gem
7f2916a14000-7f2916a18000 rw-s 110d65000 00:11 2111                      anon_inode:i915.gem
7f2916a18000-7f2916a1c000 rw-s 110d61000 00:11 2111                      anon_inode:i915.gem
7f2916a1c000-7f2916a20000 rw-s 110d5d000 00:11 2111                      anon_inode:i915.gem
7f2916a20000-7f2916a24000 rw-s 110d59000 00:11 2111                      anon_inode:i915.gem
7f2916a24000-7f2916a28000 rw-s 110d55000 00:11 2111                      anon_inode:i915.gem
7f2916a28000-7f2916a2c000 rw-s 110d51000 00:11 2111                      anon_inode:i915.gem
7f2916a2c000-7f2916a34000 rw-s 110d49000 00:11 2111                      anon_inode:i915.gem
7f2916a34000-7f2916a38000 rw-s 110d45000 00:11 2111                      anon_inode:i915.gem
7f2916a38000-7f2916a3c000 rw-s 110d41000 00:11 2111                      anon_inode:i915.gem
7f2916a3c000-7f2916a3e000 rw-s 110d3f000 00:11 2111                      anon_inode:i915.gem
7f2916a3e000-7f2916a46000 rw-s 110d37000 00:11 2111                      anon_inode:i915.gem
7f2916a46000-7f2916a4a000 rw-s 110d33000 00:11 2111                      anon_inode:i915.gem
7f2916a4a000-7f2916a52000 rw-s 110d2b000 00:11 2111                      anon_inode:i915.gem
7f2916a52000-7f2916a5a000 rw-s 110d23000 00:11 2111                      anon_inode:i915.gem
7f2916a5a000-7f2916a5e000 rw-s 110d1f000 00:11 2111                      anon_inode:i915.gem
7f2916a5e000-7f2916a62000 rw-s 110d1b000 00:11 2111                      anon_inode:i915.gem
7f2916a62000-7f2916a66000 rw-s 110d17000 00:11 2111                      anon_inode:i915.gem
7f2916a66000-7f2916a6e000 rw-s 110d0f000 00:11 2111                      anon_inode:i915.gem
7f2916a6e000-7f2916a76000 rw-s 110d07000 00:11 2111                      anon_inode:i915.gem
7f2916a76000-7f2916a7a000 rw-s 110d03000 00:11 2111                      anon_inode:i915.gem
7f2916a7a000-7f2916a7e000 rw-s 110cff000 00:11 2111                      anon_inode:i915.gem
7f2916a7e000-7f2916a82000 rw-s 110cfb000 00:11 2111                      anon_inode:i915.gem
7f2916a82000-7f2916a86000 rw-s 110cf7000 00:11 2111                      anon_inode:i915.gem
7f2916a86000-7f2916a8e000 rw-s 110cef000 00:11 2111                      anon_inode:i915.gem
7f2916a8e000-7f2916a96000 rw-s 110ce7000 00:11 2111                      anon_inode:i915.gem
7f2916a96000-7f2916a9e000 rw-s 110cdf000 00:11 2111                      anon_inode:i915.gem
7f2916a9e000-7f2916aa6000 rw-s 110cd7000 00:11 2111                      anon_inode:i915.gem
7f2916aa6000-7f2916aae000 rw-s 110ccf000 00:11 2111                      anon_inode:i915.gem
7f2916aae000-7f2916ab6000 rw-s 110cc7000 00:11 2111                      anon_inode:i915.gem
7f2916ab6000-7f2916aba000 rw-s 110cc3000 00:11 2111                      anon_inode:i915.gem
7f2916aba000-7f2916ac2000 rw-s 110cbb000 00:11 2111                      anon_inode:i915.gem
7f2916ac2000-7f2916aca000 rw-s 110cb3000 00:11 2111                      anon_inode:i915.gem
7f2916aca000-7f2916ad2000 rw-s 110cab000 00:11 2111                      anon_inode:i915.gem
7f2916ad2000-7f2916ada000 rw-s 110ca3000 00:11 2111                      anon_inode:i915.gem
7f2916ada000-7f2916ade000 rw-s 110c9f000 00:11 2111                      anon_inode:i915.gem
7f2916ade000-7f2916ae2000 rw-s 110c9b000 00:11 2111                      anon_inode:i915.gem
7f2916ae2000-7f2916aea000 rw-s 110c93000 00:11 2111                      anon_inode:i915.gem
7f2916aea000-7f2916af2000 rw-s 110c8b000 00:11 2111                      anon_inode:i915.gem
7f2916af2000-7f2916af6000 rw-s 110c87000 00:11 2111                      anon_inode:i915.gem
7f2916af6000-7f2916af8000 rw-s 110c85000 00:11 2111                      anon_inode:i915.gem
7f2916af8000-7f2916afa000 rw-s 110c83000 00:11 2111                      anon_inode:i915.gem
7f2916afa000-7f2916afc000 rw-s 110c81000 00:11 2111                      anon_inode:i915.gem
7f2916afc000-7f2916b3c000 rw-s 110c41000 00:11 2111                      anon_inode:i915.gem
7f2916b3c000-7f2916b7c000 rw-s 110c01000 00:11 2111                      anon_inode:i915.gem
7f2916b7c000-7f2916bbc000 rw-s 110bc1000 00:11 2111                      anon_inode:i915.gem
7f2916bbc000-7f2916bfc000 rw-s 110b81000 00:11 2111                      anon_inode:i915.gem
7f2916bfc000-7f2916ffc000 rw-s 110781000 00:11 2111                      anon_inode:i915.gem
7f2916ffc000-7f2917004000 rw-s 110779000 00:11 2111                      anon_inode:i915.gem
7f2917004000-7f2917006000 rw-s 110777000 00:11 2111                      anon_inode:i915.gem
7f2917006000-7f2917008000 rw-s 110775000 00:11 2111                      anon_inode:i915.gem
7f2917008000-7f291700a000 rw-s 110773000 00:11 2111                      anon_inode:i915.gem
7f291700a000-7f291700c000 rw-s 110771000 00:11 2111                      anon_inode:i915.gem
7f291700c000-7f291700e000 rw-s 11076f000 00:11 2111                      anon_inode:i915.gem
7f291700e000-7f2917010000 rw-s 11076d000 00:11 2111                      anon_inode:i915.gem
7f2917010000-7f2917012000 rw-s 11076b000 00:11 2111                      anon_inode:i915.gem
7f2917012000-7f2917016000 rw-s 110767000 00:11 2111                      anon_inode:i915.gem
7f2917016000-7f291701a000 rw-s 110763000 00:11 2111                      anon_inode:i915.gem
7f291701c000-7f291701e000 rw-s 11075f000 00:11 2111                      anon_inode:i915.gem
7f2917026000-7f2917226000 rw-s 110558000 00:11 2111                      anon_inode:i915.gem
7f2917226000-7f2917228000 rw-s 110556000 00:11 2111                      anon_inode:i915.gem
7f2917228000-7f291722a000 rw-s 110554000 00:11 2111                      anon_inode:i915.gem
7f291722a000-7f291722c000 rw-s 110552000 00:11 2111                      anon_inode:i915.gem
7f291722c000-7f291722e000 rw-s 110550000 00:11 2111                      anon_inode:i915.gem
7f291722e000-7f2917230000 rw-s 11054e000 00:11 2111                      anon_inode:i915.gem
7f2917230000-7f2917232000 rw-s 11054c000 00:11 2111                      anon_inode:i915.gem
7f2917232000-7f2917234000 rw-s 11054a000 00:11 2111                      anon_inode:i915.gem
7f2917234000-7f2917236000 rw-s 110548000 00:11 2111                      anon_inode:i915.gem
7f2917236000-7f2917238000 rw-s 110546000 00:11 2111                      anon_inode:i915.gem
7f2917238000-7f291723a000 rw-s 110544000 00:11 2111                      anon_inode:i915.gem
7f291723a000-7f291723e000 rw-s 110540000 00:11 2111                      anon_inode:i915.gem
7f291723e000-7f2917242000 rw-s 11053c000 00:11 2111                      anon_inode:i915.gem
7f2917242000-7f2917246000 rw-s 110538000 00:11 2111                      anon_inode:i915.gem
7f2917246000-7f291724a000 rw-s 110534000 00:11 2111                      anon_inode:i915.gem
7f291724a000-7f291724e000 rw-s 110530000 00:11 2111                      anon_inode:i915.gem
7f291724e000-7f2917252000 rw-s 11052c000 00:11 2111                      anon_inode:i915.gem
7f2917252000-7f2917256000 rw-s 110528000 00:11 2111                      anon_inode:i915.gem
7f2917256000-7f291725e000 rw-s 110520000 00:11 2111                      anon_inode:i915.gem
7f291725e000-7f291745e000 rw-s 110320000 00:11 2111                      anon_inode:i915.gem
7f291745e000-7f291765e000 rw-s 110120000 00:11 2111                      anon_inode:i915.gem
7f291765e000-7f291769e000 rw-s 1100e0000 00:11 2111                      anon_inode:i915.gem
7f291769e000-7f29176de000 rw-s 1100a0000 00:11 2111                      anon_inode:i915.gem
7f29176de000-7f291771e000 rw-s 110060000 00:11 2111                      anon_inode:i915.gem
7f291771e000-7f2917726000 rw-s 110058000 00:11 2111                      anon_inode:i915.gem
7f2917726000-7f291772a000 rw-s 110054000 00:11 2111                      anon_inode:i915.gem
7f291772a000-7f291772e000 rw-s 110050000 00:11 2111                      anon_inode:i915.gem
7f291772e000-7f2917732000 rw-s 11004c000 00:11 2111                      anon_inode:i915.gem
7f2917732000-7f2917736000 rw-s 110048000 00:11 2111                      anon_inode:i915.gem
7f2917736000-7f291773e000 rw-s 110040000 00:11 2111                      anon_inode:i915.gem
7f291773e000-7f2917746000 rw-s 110038000 00:11 2111                      anon_inode:i915.gem
7f2917746000-7f291774e000 rw-s 110030000 00:11 2111                      anon_inode:i915.gem
7f291774e000-7f2917756000 rw-s 110028000 00:11 2111                      anon_inode:i915.gem
7f2917756000-7f291775e000 rw-s 110020000 00:11 2111                      anon_inode:i915.gem
7f291775e000-7f2917766000 rw-s 110018000 00:11 2111                      anon_inode:i915.gem
7f2917766000-7f291776e000 rw-s 110010000 00:11 2111                      anon_inode:i915.gem
7f291776e000-7f2917772000 rw-s 11000c000 00:11 2111                      anon_inode:i915.gem
7f2917772000-7f2917776000 rw-s 110008000 00:11 2111                      anon_inode:i915.gem
7f2917776000-7f291777e000 rw-s 110000000 00:11 2111                      anon_inode:i915.gem
7f291777e000-7f2917786000 rw-s 10fff8000 00:11 2111                      anon_inode:i915.gem
7f2917786000-7f291778a000 rw-s 10fff4000 00:11 2111                      anon_inode:i915.gem
7f291778a000-7f291778e000 rw-s 10fff0000 00:11 2111                      anon_inode:i915.gem
7f291778e000-7f2917792000 rw-s 10ffec000 00:11 2111                      anon_inode:i915.gem
7f2917792000-7f291779a000 rw-s 10ffe4000 00:11 2111                      anon_inode:i915.gem
7f291779a000-7f291779e000 rw-s 10ffe0000 00:11 2111                      anon_inode:i915.gem
7f291779e000-7f29177a6000 rw-s 10ffd8000 00:11 2111                      anon_inode:i915.gem
7f29177a6000-7f29177aa000 rw-s 10ffd4000 00:11 2111                      anon_inode:i915.gem
7f29177aa000-7f29177b2000 rw-s 10ffcc000 00:11 2111                      anon_inode:i915.gem
7f29177b2000-7f29177ba000 rw-s 10ffc4000 00:11 2111                      anon_inode:i915.gem
7f29177ba000-7f29177c2000 rw-s 10ffbc000 00:11 2111                      anon_inode:i915.gem
7f29177c2000-7f29177c6000 rw-s 10ffb8000 00:11 2111                      anon_inode:i915.gem
7f29177c6000-7f29177ca000 rw-s 10ffb4000 00:11 2111                      anon_inode:i915.gem
7f29177ca000-7f29177ce000 rw-s 10ffb0000 00:11 2111                      anon_inode:i915.gem
7f29177ce000-7f29177d2000 rw-s 10ffac000 00:11 2111                      anon_inode:i915.gem
7f29177d2000-7f29177da000 rw-s 10ffa4000 00:11 2111                      anon_inode:i915.gem
7f29177da000-7f29177e2000 rw-s 10ff9c000 00:11 2111                      anon_inode:i915.gem
7f29177e2000-7f29177ea000 rw-s 10ff94000 00:11 2111                      anon_inode:i915.gem
7f29177ea000-7f29177f2000 rw-s 10ff8c000 00:11 2111                      anon_inode:i915.gem
7f29177f2000-7f29177fa000 rw-s 10ff84000 00:11 2111                      anon_inode:i915.gem
7f29177fa000-7f2917802000 rw-s 10ff7c000 00:11 2111                      anon_inode:i915.gem
7f2917802000-7f291780a000 rw-s 10ff74000 00:11 2111                      anon_inode:i915.gem
7f291780a000-7f2917812000 rw-s 10ff6c000 00:11 2111                      anon_inode:i915.gem
7f2917812000-7f291781a000 rw-s 10ff64000 00:11 2111                      anon_inode:i915.gem
7f291781a000-7f2917822000 rw-s 10ff5c000 00:11 2111                      anon_inode:i915.gem
7f2917822000-7f291782a000 rw-s 10ff54000 00:11 2111                      anon_inode:i915.gem
7f291782a000-7f2917832000 rw-s 10ff4c000 00:11 2111                      anon_inode:i915.gem
7f2917832000-7f291783a000 rw-s 10ff44000 00:11 2111                      anon_inode:i915.gem
7f291783a000-7f2917842000 rw-s 10ff3c000 00:11 2111                      anon_inode:i915.gem
7f2917842000-7f291784a000 rw-s 10ff34000 00:11 2111                      anon_inode:i915.gem
7f291784a000-7f291784e000 rw-s 10ff30000 00:11 2111                      anon_inode:i915.gem
7f291784e000-7f2917852000 rw-s 10ff2c000 00:11 2111                      anon_inode:i915.gem
7f2917852000-7f2917856000 rw-s 10ff28000 00:11 2111                      anon_inode:i915.gem
7f2917856000-7f291785e000 rw-s 10ff20000 00:11 2111                      anon_inode:i915.gem
7f291785e000-7f2917866000 rw-s 10ff18000 00:11 2111                      anon_inode:i915.gem
7f2917866000-7f291786e000 rw-s 10ff10000 00:11 2111                      anon_inode:i915.gem
7f291786e000-7f2917872000 rw-s 10ff0c000 00:11 2111                      anon_inode:i915.gem
7f2917872000-7f2917876000 rw-s 10ff08000 00:11 2111                      anon_inode:i915.gem
7f2917876000-7f291787a000 rw-s 10ff04000 00:11 2111                      anon_inode:i915.gem
7f291787a000-7f2917882000 rw-s 10fefc000 00:11 2111                      anon_inode:i915.gem
7f2917882000-7f291788a000 rw-s 10fef4000 00:11 2111                      anon_inode:i915.gem
7f291788a000-7f291788e000 rw-s 10fef0000 00:11 2111                      anon_inode:i915.gem
7f291788e000-7f2917892000 rw-s 10feec000 00:11 2111                      anon_inode:i915.gem
7f2917892000-7f2917896000 rw-s 10fee8000 00:11 2111                      anon_inode:i915.gem
7f2917896000-7f291789a000 rw-s 10fee4000 00:11 2111                      anon_inode:i915.gem
7f291789a000-7f291789e000 rw-s 10fee0000 00:11 2111                      anon_inode:i915.gem
7f291789e000-7f29178a6000 rw-s 10fed8000 00:11 2111                      anon_inode:i915.gem
7f29178a6000-7f29178aa000 rw-s 10fed4000 00:11 2111                      anon_inode:i915.gem
7f29178aa000-7f29178b2000 rw-s 10fecc000 00:11 2111                      anon_inode:i915.gem
7f29178b2000-7f29178ba000 rw-s 10fec4000 00:11 2111                      anon_inode:i915.gem
7f29178ba000-7f29178c2000 rw-s 10febc000 00:11 2111                      anon_inode:i915.gem
7f29178c2000-7f29178c6000 rw-s 10feb8000 00:11 2111                      anon_inode:i915.gem
7f29178c6000-7f29178ce000 rw-s 10feb0000 00:11 2111                      anon_inode:i915.gem
7f29178ce000-7f29178d6000 rw-s 10fea8000 00:11 2111                      anon_inode:i915.gem
7f29178d6000-7f29178de000 rw-s 10fea0000 00:11 2111                      anon_inode:i915.gem
7f29178de000-7f29178e6000 rw-s 10fe98000 00:11 2111                      anon_inode:i915.gem
7f29178e6000-7f29178ea000 rw-s 10fe94000 00:11 2111                      anon_inode:i915.gem
7f29178ea000-7f29178ee000 rw-s 10fe90000 00:11 2111                      anon_inode:i915.gem
7f29178ee000-7f29178f2000 rw-s 10fe8c000 00:11 2111                      anon_inode:i915.gem
7f29178f2000-7f29178f6000 rw-s 10fe88000 00:11 2111                      anon_inode:i915.gem
7f29178f6000-7f29178fa000 rw-s 10fe84000 00:11 2111                      anon_inode:i915.gem
7f29178fa000-7f29178fe000 rw-s 10fe80000 00:11 2111                      anon_inode:i915.gem
7f29178fe000-7f2917902000 rw-s 10fe7c000 00:11 2111                      anon_inode:i915.gem
7f2917902000-7f2917906000 rw-s 10fe78000 00:11 2111                      anon_inode:i915.gem
7f2917906000-7f291790a000 rw-s 10fe74000 00:11 2111                      anon_inode:i915.gem
7f291790a000-7f291790e000 rw-s 10fe70000 00:11 2111                      anon_inode:i915.gem
7f291790e000-7f2917912000 rw-s 10fe6c000 00:11 2111                      anon_inode:i915.gem
7f2917912000-7f2917916000 rw-s 10fe68000 00:11 2111                      anon_inode:i915.gem
7f2917916000-7f291791e000 rw-s 10fe60000 00:11 2111                      anon_inode:i915.gem
7f291791e000-7f2917922000 rw-s 10fe5c000 00:11 2111                      anon_inode:i915.gem
7f2917922000-7f2917926000 rw-s 10fe58000 00:11 2111                      anon_inode:i915.gem
7f2917926000-7f291792e000 rw-s 10fe50000 00:11 2111                      anon_inode:i915.gem
7f291792e000-7f2917936000 rw-s 10fe48000 00:11 2111                      anon_inode:i915.gem
7f2917936000-7f291793e000 rw-s 10fe40000 00:11 2111                      anon_inode:i915.gem
7f291793e000-7f2917946000 rw-s 10fe38000 00:11 2111                      anon_inode:i915.gem
7f2917946000-7f291794e000 rw-s 10fe30000 00:11 2111                      anon_inode:i915.gem
7f291794e000-7f2917952000 rw-s 10fe2c000 00:11 2111                      anon_inode:i915.gem
7f2917952000-7f2917956000 rw-s 10fe28000 00:11 2111                      anon_inode:i915.gem
7f2917956000-7f291795a000 rw-s 10fe24000 00:11 2111                      anon_inode:i915.gem
7f291795a000-7f2917962000 rw-s 10fe1c000 00:11 2111                      anon_inode:i915.gem
7f2917962000-7f291796a000 rw-s 10fe14000 00:11 2111                      anon_inode:i915.gem
7f291796a000-7f2917972000 rw-s 10fe0c000 00:11 2111                      anon_inode:i915.gem
7f2917972000-7f2917976000 rw-s 10fe08000 00:11 2111                      anon_inode:i915.gem
7f2917976000-7f291797e000 rw-s 10fe00000 00:11 2111                      anon_inode:i915.gem
7f291797e000-7f2917986000 rw-s 10fdf8000 00:11 2111                      anon_inode:i915.gem
7f2917986000-7f291798a000 rw-s 10fdf4000 00:11 2111                      anon_inode:i915.gem
7f291798a000-7f2917992000 rw-s 10fdec000 00:11 2111                      anon_inode:i915.gem
7f2917992000-7f291799a000 rw-s 10fde4000 00:11 2111                      anon_inode:i915.gem
7f291799a000-7f29179a2000 rw-s 10fddc000 00:11 2111                      anon_inode:i915.gem
7f29179a2000-7f29179aa000 rw-s 10fdd4000 00:11 2111                      anon_inode:i915.gem
7f29179aa000-7f29179b2000 rw-s 10fdcc000 00:11 2111                      anon_inode:i915.gem
7f29179b2000-7f29179ba000 rw-s 10fdc4000 00:11 2111                      anon_inode:i915.gem
7f29179ba000-7f29179c2000 rw-s 10fdbc000 00:11 2111                      anon_inode:i915.gem
7f29179c2000-7f29179ca000 rw-s 10fdb4000 00:11 2111                      anon_inode:i915.gem
7f29179ca000-7f29179d2000 rw-s 10fdac000 00:11 2111                      anon_inode:i915.gem
7f29179d2000-7f29179da000 rw-s 10fda4000 00:11 2111                      anon_inode:i915.gem
7f29179da000-7f29179e2000 rw-s 10fd9c000 00:11 2111                      anon_inode:i915.gem
7f29179e2000-7f29179ea000 rw-s 10fd94000 00:11 2111                      anon_inode:i915.gem
7f29179ea000-7f29179f2000 rw-s 10fd8c000 00:11 2111                      anon_inode:i915.gem
7f29179f2000-7f29179fa000 rw-s 10fd84000 00:11 2111                      anon_inode:i915.gem
7f29179fa000-7f2917a02000 rw-s 10fd7c000 00:11 2111                      anon_inode:i915.gem
7f2917a02000-7f2917a0a000 rw-s 10fd74000 00:11 2111                      anon_inode:i915.gem
7f2917a0a000-7f2917a12000 rw-s 10fd6c000 00:11 2111                      anon_inode:i915.gem
7f2917a12000-7f2917a1a000 rw-s 10fd64000 00:11 2111                      anon_inode:i915.gem
7f2917a1a000-7f2917a22000 rw-s 10fd5c000 00:11 2111                      anon_inode:i915.gem
7f2917a22000-7f2917a2a000 rw-s 10fd54000 00:11 2111                      anon_inode:i915.gem
7f2917a2a000-7f2917a32000 rw-s 10fd4c000 00:11 2111                      anon_inode:i915.gem
7f2917a32000-7f2917a3a000 rw-s 10fd44000 00:11 2111                      anon_inode:i915.gem
7f2917a3a000-7f2917a42000 rw-s 10fd3c000 00:11 2111                      anon_inode:i915.gem
7f2917a42000-7f2917a4a000 rw-s 10fd34000 00:11 2111                      anon_inode:i915.gem
7f2917a4a000-7f2917a52000 rw-s 10fd2c000 00:11 2111                      anon_inode:i915.gem
7f2917a52000-7f2917a5a000 rw-s 10fd24000 00:11 2111                      anon_inode:i915.gem
7f2917a5a000-7f2917a62000 rw-s 10fd1c000 00:11 2111                      anon_inode:i915.gem
7f2917a62000-7f2917a6a000 rw-s 10fd14000 00:11 2111                      anon_inode:i915.gem
7f2917a6a000-7f2917a72000 rw-s 10fd0c000 00:11 2111                      anon_inode:i915.gem
7f2917a72000-7f2917a7a000 rw-s 10fd04000 00:11 2111                      anon_inode:i915.gem
7f2917a7a000-7f2917a82000 rw-s 10fcfc000 00:11 2111                      anon_inode:i915.gem
7f2917a82000-7f2917a8a000 rw-s 10fcf4000 00:11 2111                      anon_inode:i915.gem
7f2917a8a000-7f2917a92000 rw-s 10fcec000 00:11 2111                      anon_inode:i915.gem
7f2917a92000-7f2917a9a000 rw-s 10fce4000 00:11 2111                      anon_inode:i915.gem
7f2917a9a000-7f2917aa2000 rw-s 10fcdc000 00:11 2111                      anon_inode:i915.gem
7f2917aa2000-7f2917aaa000 rw-s 10fcd4000 00:11 2111                      anon_inode:i915.gem
7f2917aaa000-7f2917ab2000 rw-s 10fccc000 00:11 2111                      anon_inode:i915.gem
7f2917ab2000-7f2917aba000 rw-s 10fcc4000 00:11 2111                      anon_inode:i915.gem
7f2917aba000-7f2917ac2000 rw-s 10fcbc000 00:11 2111                      anon_inode:i915.gem
7f2917ac2000-7f2917aca000 rw-s 10fcb4000 00:11 2111                      anon_inode:i915.gem
7f2917aca000-7f2917ad2000 rw-s 10fcac000 00:11 2111                      anon_inode:i915.gem
7f2917ad2000-7f2917ada000 rw-s 10fca4000 00:11 2111                      anon_inode:i915.gem
7f2917ada000-7f2917ae2000 rw-s 10fc9c000 00:11 2111                      anon_inode:i915.gem
7f2917ae2000-7f2917aea000 rw-s 10fc94000 00:11 2111                      anon_inode:i915.gem
7f2917aea000-7f2917af2000 rw-s 10fc8c000 00:11 2111                      anon_inode:i915.gem
7f2917af2000-7f2917afa000 rw-s 10fc84000 00:11 2111                      anon_inode:i915.gem
7f2917afa000-7f2917b02000 rw-s 10fc7c000 00:11 2111                      anon_inode:i915.gem
7f2917b02000-7f2917b0a000 rw-s 10fc74000 00:11 2111                      anon_inode:i915.gem
7f2917b0a000-7f2917b12000 rw-s 10fc6c000 00:11 2111                      anon_inode:i915.gem
7f2917b12000-7f2917b1a000 rw-s 10fc64000 00:11 2111                      anon_inode:i915.gem
7f2917b1a000-7f2917b22000 rw-s 10fc5c000 00:11 2111                      anon_inode:i915.gem
7f2917b22000-7f2917b2a000 rw-s 10fc54000 00:11 2111                      anon_inode:i915.gem
7f2917b2a000-7f2917b32000 rw-s 10fc4c000 00:11 2111                      anon_inode:i915.gem
7f2917b32000-7f2917b3a000 rw-s 10fc44000 00:11 2111                      anon_inode:i915.gem
7f2917b3a000-7f2917b42000 rw-s 10fc3c000 00:11 2111                      anon_inode:i915.gem
7f2917b42000-7f2917b4a000 rw-s 10fc34000 00:11 2111                      anon_inode:i915.gem
7f2917b4a000-7f2917b52000 rw-s 10fc2c000 00:11 2111                      anon_inode:i915.gem
7f2917b52000-7f2917b5a000 rw-s 10fc24000 00:11 2111                      anon_inode:i915.gem
7f2917b5a000-7f2917b62000 rw-s 10fc1c000 00:11 2111                      anon_inode:i915.gem
7f2917b62000-7f2917b6a000 rw-s 10fc14000 00:11 2111                      anon_inode:i915.gem
7f2917b6a000-7f2917b72000 rw-s 10fc0c000 00:11 2111                      anon_inode:i915.gem
7f2917b72000-7f2917b7a000 rw-s 10fc04000 00:11 2111                      anon_inode:i915.gem
7f2917b7a000-7f2917b82000 rw-s 10fbfc000 00:11 2111                      anon_inode:i915.gem
7f2917b82000-7f2917b8a000 rw-s 10fbf4000 00:11 2111                      anon_inode:i915.gem
7f2917b8a000-7f2917b92000 rw-s 10fbec000 00:11 2111                      anon_inode:i915.gem
7f2917b92000-7f2917b9a000 rw-s 10fbe4000 00:11 2111                      anon_inode:i915.gem
7f2917b9a000-7f2917ba2000 rw-s 10fbdc000 00:11 2111                      anon_inode:i915.gem
7f2917ba2000-7f2917baa000 rw-s 10fbd4000 00:11 2111                      anon_inode:i915.gem
7f2917baa000-7f2917bb2000 rw-s 10fbcc000 00:11 2111                      anon_inode:i915.gem
7f2917bb2000-7f2917bba000 rw-s 10fbc4000 00:11 2111                      anon_inode:i915.gem
7f2917bba000-7f2917bc2000 rw-s 10fbbc000 00:11 2111                      anon_inode:i915.gem
7f2917bc2000-7f2917bca000 rw-s 10fbb4000 00:11 2111                      anon_inode:i915.gem
7f2917bca000-7f2917bd2000 rw-s 10fbac000 00:11 2111                      anon_inode:i915.gem
7f2917bd2000-7f2917bda000 rw-s 10fba4000 00:11 2111                      anon_inode:i915.gem
7f2917bda000-7f2917be2000 rw-s 10fb9c000 00:11 2111                      anon_inode:i915.gem
7f2917be2000-7f2917bea000 rw-s 10fb94000 00:11 2111                      anon_inode:i915.gem
7f2917bea000-7f2917bf2000 rw-s 10fb8c000 00:11 2111                      anon_inode:i915.gem
7f2917bf2000-7f2917bfa000 rw-s 10fb84000 00:11 2111                      anon_inode:i915.gem
7f2917bfa000-7f2917c02000 rw-s 10fb7c000 00:11 2111                      anon_inode:i915.gem
7f2917c02000-7f2917c0a000 rw-s 10fb74000 00:11 2111                      anon_inode:i915.gem
7f2917c0a000-7f2917c12000 rw-s 10fb6c000 00:11 2111                      anon_inode:i915.gem
7f2917c12000-7f2917c1a000 rw-s 10fb64000 00:11 2111                      anon_inode:i915.gem
7f2917c1a000-7f2917c22000 rw-s 10fb5c000 00:11 2111                      anon_inode:i915.gem
7f2917c22000-7f2917c2a000 rw-s 10fb54000 00:11 2111                      anon_inode:i915.gem
7f2917c2a000-7f2917c32000 rw-s 10fb4c000 00:11 2111                      anon_inode:i915.gem
7f2917c32000-7f2917c3a000 rw-s 10fb44000 00:11 2111                      anon_inode:i915.gem
7f2917c3a000-7f2917c42000 rw-s 10fb3c000 00:11 2111                      anon_inode:i915.gem
7f2917c42000-7f2917c4a000 rw-s 10fb34000 00:11 2111                      anon_inode:i915.gem
7f2917c4a000-7f2917c52000 rw-s 10fb2c000 00:11 2111                      anon_inode:i915.gem
7f2917c52000-7f2917c5a000 rw-s 10fb24000 00:11 2111                      anon_inode:i915.gem
7f2917c5a000-7f2917c62000 rw-s 10fb1c000 00:11 2111                      anon_inode:i915.gem
7f2917c62000-7f2917c6a000 rw-s 10fb14000 00:11 2111                      anon_inode:i915.gem
7f2917c6a000-7f2917c72000 rw-s 10fb0c000 00:11 2111                      anon_inode:i915.gem
7f2917c72000-7f2917c7a000 rw-s 10fb04000 00:11 2111                      anon_inode:i915.gem
7f2917c7a000-7f2917c82000 rw-s 10fafc000 00:11 2111                      anon_inode:i915.gem
7f2917c82000-7f2917c86000 rw-s 10faf8000 00:11 2111                      anon_inode:i915.gem
7f2917c86000-7f2917c8e000 rw-s 10faf0000 00:11 2111                      anon_inode:i915.gem
7f2917c8e000-7f2917c96000 rw-s 10fae8000 00:11 2111                      anon_inode:i915.gem
7f2917c96000-7f2917c9e000 rw-s 10fae0000 00:11 2111                      anon_inode:i915.gem
7f2917c9e000-7f2917ca6000 rw-s 10fad8000 00:11 2111                      anon_inode:i915.gem
7f2917ca6000-7f2917cae000 rw-s 10fad0000 00:11 2111                      anon_inode:i915.gem
7f2917cae000-7f2917cb6000 rw-s 10fac8000 00:11 2111                      anon_inode:i915.gem
7f2917cb6000-7f2917cbe000 rw-s 10fac0000 00:11 2111                      anon_inode:i915.gem
7f2917cbe000-7f2917cc2000 rw-s 10fabc000 00:11 2111                      anon_inode:i915.gem
7f2917cc2000-7f2917cca000 rw-s 10fab4000 00:11 2111                      anon_inode:i915.gem
7f2917cca000-7f2917cd2000 rw-s 10faac000 00:11 2111                      anon_inode:i915.gem
7f2917cd2000-7f2917cda000 rw-s 10faa4000 00:11 2111                      anon_inode:i915.gem
7f2917cda000-7f2917cde000 rw-s 10faa0000 00:11 2111                      anon_inode:i915.gem
7f2917cde000-7f2917ce2000 rw-s 10fa9c000 00:11 2111                      anon_inode:i915.gem
7f2917ce2000-7f2917ce6000 rw-s 10fa98000 00:11 2111                      anon_inode:i915.gem
7f2917ce6000-7f2917cea000 rw-s 10fa94000 00:11 2111                      anon_inode:i915.gem
7f2917cea000-7f2917cf2000 rw-s 10fa8c000 00:11 2111                      anon_inode:i915.gem
7f2917cf2000-7f2917cfa000 rw-s 10fa84000 00:11 2111                      anon_inode:i915.gem
7f2917cfa000-7f2917d02000 rw-s 10fa7c000 00:11 2111                      anon_inode:i915.gem
7f2917d02000-7f2917d0a000 rw-s 10fa74000 00:11 2111                      anon_inode:i915.gem
7f2917d0a000-7f2917d12000 rw-s 10fa6c000 00:11 2111                      anon_inode:i915.gem
7f2917d12000-7f2917d1a000 rw-s 10fa64000 00:11 2111                      anon_inode:i915.gem
7f2917d1a000-7f2917d22000 rw-s 10fa5c000 00:11 2111                      anon_inode:i915.gem
7f2917d22000-7f2917d2a000 rw-s 10fa54000 00:11 2111                      anon_inode:i915.gem
7f2917d2a000-7f2917d6a000 rw-s 10fa14000 00:11 2111                      anon_inode:i915.gem
7f2917d6a000-7f2917daa000 rw-s 10f9d4000 00:11 2111                      anon_inode:i915.gem
7f2917daa000-7f2917dea000 rw-s 10f994000 00:11 2111                      anon_inode:i915.gem
7f2917dea000-7f2917e2a000 rw-s 10f954000 00:11 2111                      anon_inode:i915.gem
7f2917e2a000-7f2917e6a000 rw-s 10f914000 00:11 2111                      anon_inode:i915.gem
7f2917e6a000-7f2917eaa000 rw-s 10f8d4000 00:11 2111                      anon_inode:i915.gem
7f2917eaa000-7f2917eea000 rw-s 10f894000 00:11 2111                      anon_inode:i915.gem
7f2917eea000-7f2917f2a000 rw-s 10f854000 00:11 2111                      anon_inode:i915.gem
7f2917f2a000-7f291812a000 rw-s 10f654000 00:11 2111                      anon_inode:i915.gem
7f291812a000-7f291832a000 rw-s 10f454000 00:11 2111                      anon_inode:i915.gem
7f291832a000-7f291852a000 rw-s 10f254000 00:11 2111                      anon_inode:i915.gem
7f291852a000-7f291872a000 rw-s 10f054000 00:11 2111                      anon_inode:i915.gem
7f291872a000-7f291892a000 rw-s 10ee54000 00:11 2111                      anon_inode:i915.gem
7f291892a000-7f2918b2a000 rw-s 10ec54000 00:11 2111                      anon_inode:i915.gem
7f2918b2a000-7f2918b6a000 rw-s 10ec14000 00:11 2111                      anon_inode:i915.gem
7f2918b6a000-7f2918baa000 rw-s 10ebd4000 00:11 2111                      anon_inode:i915.gem
7f2918baa000-7f2918bae000 rw-s 10ebd0000 00:11 2111                      anon_inode:i915.gem
7f2918bae000-7f2918bb6000 rw-s 10ebc8000 00:11 2111                      anon_inode:i915.gem
7f2918bb6000-7f2918bba000 rw-s 10ebc4000 00:11 2111                      anon_inode:i915.gem
7f2918bba000-7f2918bbe000 rw-s 10ebc0000 00:11 2111                      anon_inode:i915.gem
7f2918bbe000-7f2918bc2000 rw-s 10ebbc000 00:11 2111                      anon_inode:i915.gem
7f2918bc2000-7f2918bc6000 rw-s 10ebb8000 00:11 2111                      anon_inode:i915.gem
7f2918bc6000-7f2918bca000 rw-s 10ebb4000 00:11 2111                      anon_inode:i915.gem
7f2918bca000-7f2918bce000 rw-s 10ebb0000 00:11 2111                      anon_inode:i915.gem
7f2918bce000-7f2918bd2000 rw-s 10ebac000 00:11 2111                      anon_inode:i915.gem
7f2918bd2000-7f2918bd6000 rw-s 10eba8000 00:11 2111                      anon_inode:i915.gem
7f2918bd6000-7f2918bda000 rw-s 10eba4000 00:11 2111                      anon_inode:i915.gem
7f2918bda000-7f2918bde000 rw-s 10eba0000 00:11 2111                      anon_inode:i915.gem
7f2918bde000-7f2918be2000 rw-s 10eb9c000 00:11 2111                      anon_inode:i915.gem
7f2918be2000-7f2918be6000 rw-s 10eb98000 00:11 2111                      anon_inode:i915.gem
7f2918be6000-7f2918bea000 rw-s 10eb94000 00:11 2111                      anon_inode:i915.gem
7f2918bea000-7f2918bee000 rw-s 10eb90000 00:11 2111                      anon_inode:i915.gem
7f2918bee000-7f2918bf2000 rw-s 10eb8c000 00:11 2111                      anon_inode:i915.gem
7f2918bf2000-7f2918bfa000 rw-s 10eb84000 00:11 2111                      anon_inode:i915.gem
7f2918bfa000-7f2918bfe000 rw-s 105d4c000 00:11 2111                      anon_inode:i915.gem
7f2918bfe000-7f2918c06000 rw-s 10eb7c000 00:11 2111                      anon_inode:i915.gem
7f2918c06000-7f2918c0a000 rw-s 105d48000 00:11 2111                      anon_inode:i915.gem
7f2918c0a000-7f2918c0e000 rw-s 105d44000 00:11 2111                      anon_inode:i915.gem
7f2918c0e000-7f2918c12000 rw-s 105d40000 00:11 2111                      anon_inode:i915.gem
7f2918c12000-7f2918c16000 rw-s 105d3c000 00:11 2111                      anon_inode:i915.gem
7f2918c16000-7f2918c1a000 rw-s 105d38000 00:11 2111                      anon_inode:i915.gem
7f2918c1a000-7f2918c1e000 rw-s 105d34000 00:11 2111                      anon_inode:i915.gem
7f2918c1e000-7f2918c22000 rw-s 105d30000 00:11 2111                      anon_inode:i915.gem
7f2918c22000-7f2918e22000 rw-s 10e97c000 00:11 2111                      anon_inode:i915.gem
7f2918e22000-7f2918e26000 rw-s 10e978000 00:11 2111                      anon_inode:i915.gem
7f2918e26000-7f2918e2a000 rw-s 10e974000 00:11 2111                      anon_inode:i915.gem
7f2918e2a000-7f2918e2c000 rw-s 10e972000 00:11 2111                      anon_inode:i915.gem
7f2918e2c000-7f2918e30000 rw-s 10e96e000 00:11 2111                      anon_inode:i915.gem
7f2918e30000-7f2918e32000 rw-s 10e96c000 00:11 2111                      anon_inode:i915.gem
7f2918e32000-7f2918e34000 rw-s 10e96a000 00:11 2111                      anon_inode:i915.gem
7f2918e34000-7f2918e38000 rw-s 10e966000 00:11 2111                      anon_inode:i915.gem
7f2918e38000-7f2918e3c000 rw-s 10e962000 00:11 2111                      anon_inode:i915.gem
7f2918e3c000-7f2918e3e000 rw-s 10e960000 00:11 2111                      anon_inode:i915.gem
7f2918e3e000-7f2918e40000 rw-s 10e95e000 00:11 2111                      anon_inode:i915.gem
7f2918e40000-7f2918e44000 rw-s 10e95a000 00:11 2111                      anon_inode:i915.gem
7f2918e44000-7f2918e46000 rw-s 10e958000 00:11 2111                      anon_inode:i915.gem
7f2918e46000-7f2918e48000 rw-s 10e956000 00:11 2111                      anon_inode:i915.gem
7f2918e48000-7f2918e4c000 rw-s 10e952000 00:11 2111                      anon_inode:i915.gem
7f2918e4c000-7f2918e4e000 rw-s 10e950000 00:11 2111                      anon_inode:i915.gem
7f2918e4e000-7f2918e52000 rw-s 10e94c000 00:11 2111                      anon_inode:i915.gem
7f2918e52000-7f2918e56000 rw-s 10e948000 00:11 2111                      anon_inode:i915.gem
7f2918e56000-7f2918e58000 rw-s 10e946000 00:11 2111                      anon_inode:i915.gem
7f2918e58000-7f2918e5c000 rw-s 10e942000 00:11 2111                      anon_inode:i915.gem
7f2918e5c000-7f2918e60000 rw-s 10e93e000 00:11 2111                      anon_inode:i915.gem
7f2918e60000-7f2918e62000 rw-s 10e93c000 00:11 2111                      anon_inode:i915.gem
7f2918e62000-7f2918e64000 rw-s 10e93a000 00:11 2111                      anon_inode:i915.gem
7f2918e64000-7f2918e66000 rw-s 10e938000 00:11 2111                      anon_inode:i915.gem
7f2918e66000-7f2918e6e000 rw-s 10e930000 00:11 2111                      anon_inode:i915.gem
7f2918e6e000-7f2918e76000 rw-s 10e928000 00:11 2111                      anon_inode:i915.gem
7f2918e76000-7f2918e7e000 rw-s 10e920000 00:11 2111                      anon_inode:i915.gem
7f2918e7e000-7f2918e86000 rw-s 10e918000 00:11 2111                      anon_inode:i915.gem
7f2918e86000-7f2918e8e000 rw-s 10e910000 00:11 2111                      anon_inode:i915.gem
7f2918e8e000-7f2918e96000 rw-s 10e908000 00:11 2111                      anon_inode:i915.gem
7f2918e96000-7f2918e9e000 rw-s 10e900000 00:11 2111                      anon_inode:i915.gem
7f2918e9e000-7f2918ea6000 rw-s 10e8f8000 00:11 2111                      anon_inode:i915.gem
7f2918ea6000-7f2918eae000 rw-s 10e8f0000 00:11 2111                      anon_inode:i915.gem
7f2918eae000-7f2918eb6000 rw-s 10e8e8000 00:11 2111                      anon_inode:i915.gem
7f2918eb6000-7f2918ebe000 rw-s 10e8e0000 00:11 2111                      anon_inode:i915.gem
7f2918ebe000-7f2918ec6000 rw-s 10e8d8000 00:11 2111                      anon_inode:i915.gem
7f2918ec6000-7f2918ece000 rw-s 10e8d0000 00:11 2111                      anon_inode:i915.gem
7f2918ece000-7f2918ed6000 rw-s 10e8c8000 00:11 2111                      anon_inode:i915.gem
7f2918ed6000-7f2918ede000 rw-s 10e8c0000 00:11 2111                      anon_inode:i915.gem
7f2918ede000-7f2918ee6000 rw-s 10e8b8000 00:11 2111                      anon_inode:i915.gem
7f2918ee6000-7f2918eee000 rw-s 10e8b0000 00:11 2111                      anon_inode:i915.gem
7f2918eee000-7f2918ef6000 rw-s 10e8a8000 00:11 2111                      anon_inode:i915.gem
7f2918ef6000-7f2918efa000 rw-s 10e8a4000 00:11 2111                      anon_inode:i915.gem
7f2918efa000-7f2918efe000 rw-s 10e8a0000 00:11 2111                      anon_inode:i915.gem
7f2918efe000-7f2918f02000 rw-s 10e89c000 00:11 2111                      anon_inode:i915.gem
7f2918f02000-7f2918f06000 rw-s 10e898000 00:11 2111                      anon_inode:i915.gem
7f2918f06000-7f2918f0a000 rw-s 10e894000 00:11 2111                      anon_inode:i915.gem
7f2918f0a000-7f2918f0e000 rw-s 10e890000 00:11 2111                      anon_inode:i915.gem
7f2918f0e000-7f2918f12000 rw-s 10e88c000 00:11 2111                      anon_inode:i915.gem
7f2918f12000-7f2918f16000 rw-s 10e888000 00:11 2111                      anon_inode:i915.gem
7f2918f16000-7f2918f1a000 rw-s 10e884000 00:11 2111                      anon_inode:i915.gem
7f2918f1a000-7f2918f22000 rw-s 10e87c000 00:11 2111                      anon_inode:i915.gem
7f2918f22000-7f2918f26000 rw-s 10e878000 00:11 2111                      anon_inode:i915.gem
7f2918f26000-7f2918f2a000 rw-s 10e874000 00:11 2111                      anon_inode:i915.gem
7f2918f2a000-7f2918f2e000 rw-s 10e870000 00:11 2111                      anon_inode:i915.gem
7f2918f2e000-7f2918f32000 rw-s 10e86c000 00:11 2111                      anon_inode:i915.gem
7f2918f32000-7f2918f36000 rw-s 10e868000 00:11 2111                      anon_inode:i915.gem
7f2918f36000-7f2918f3e000 rw-s 10e860000 00:11 2111                      anon_inode:i915.gem
7f2918f3e000-7f2918f42000 rw-s 10e85c000 00:11 2111                      anon_inode:i915.gem
7f2918f42000-7f2918f4a000 rw-s 10e854000 00:11 2111                      anon_inode:i915.gem
7f2918f4a000-7f2918f4e000 rw-s 10e850000 00:11 2111                      anon_inode:i915.gem
7f2918f4e000-7f2918f52000 rw-s 10e84c000 00:11 2111                      anon_inode:i915.gem
7f2918f52000-7f2918f56000 rw-s 10e848000 00:11 2111                      anon_inode:i915.gem
7f2918f56000-7f2918f5a000 rw-s 10e844000 00:11 2111                      anon_inode:i915.gem
7f2918f5a000-7f2918f5e000 rw-s 10e840000 00:11 2111                      anon_inode:i915.gem
7f2918f5e000-7f2918f66000 rw-s 10e838000 00:11 2111                      anon_inode:i915.gem
7f2918f66000-7f2918f6e000 rw-s 10e830000 00:11 2111                      anon_inode:i915.gem
7f2918f6e000-7f2918f76000 rw-s 10e828000 00:11 2111                      anon_inode:i915.gem
7f2918f76000-7f2918f7a000 rw-s 10e824000 00:11 2111                      anon_inode:i915.gem
7f2918f7a000-7f2918f7e000 rw-s 10e820000 00:11 2111                      anon_inode:i915.gem
7f2918f7e000-7f2918f80000 rw-s 10e81e000 00:11 2111                      anon_inode:i915.gem
7f2918f80000-7f2918f84000 rw-s 10e81a000 00:11 2111                      anon_inode:i915.gem
7f2918f84000-7f2918f86000 rw-s 10e818000 00:11 2111                      anon_inode:i915.gem
7f2918f86000-7f2918f88000 rw-s 10e816000 00:11 2111                      anon_inode:i915.gem
7f2918f88000-7f2918f8c000 rw-s 10e812000 00:11 2111                      anon_inode:i915.gem
7f2918f8c000-7f2918f8e000 rw-s 10e810000 00:11 2111                      anon_inode:i915.gem
7f2918f8e000-7f2918f96000 rw-s 10e808000 00:11 2111                      anon_inode:i915.gem
7f2918f96000-7f2918f98000 rw-s 10e806000 00:11 2111                      anon_inode:i915.gem
7f2918f98000-7f2918f9a000 rw-s 10e804000 00:11 2111                      anon_inode:i915.gem
7f2918f9a000-7f2918f9c000 rw-s 10e802000 00:11 2111                      anon_inode:i915.gem
7f2918f9c000-7f2918f9e000 rw-s 10e800000 00:11 2111                      anon_inode:i915.gem
7f2918f9e000-7f2918fa2000 rw-s 10e7fc000 00:11 2111                      anon_inode:i915.gem
7f2918fa2000-7f2918fa4000 rw-s 10e7fa000 00:11 2111                      anon_inode:i915.gem
7f2918fa4000-7f2918fa6000 rw-s 10e7f8000 00:11 2111                      anon_inode:i915.gem
7f2918fa6000-7f2918fae000 rw-s 10e7f0000 00:11 2111                      anon_inode:i915.gem
7f2918fae000-7f2918fb2000 rw-s 10e7ec000 00:11 2111                      anon_inode:i915.gem
7f2918fb2000-7f2918fba000 rw-s 10e7e4000 00:11 2111                      anon_inode:i915.gem
7f2918fba000-7f2918fbe000 rw-s 10e7e0000 00:11 2111                      anon_inode:i915.gem
7f2918fbe000-7f2918fc6000 rw-s 10e7d8000 00:11 2111                      anon_inode:i915.gem
7f2918fc6000-7f2918fca000 rw-s 10e7d4000 00:11 2111                      anon_inode:i915.gem
7f2918fca000-7f2918fce000 rw-s 10e7d0000 00:11 2111                      anon_inode:i915.gem
7f2918fce000-7f2918fd6000 rw-s 10e7c8000 00:11 2111                      anon_inode:i915.gem
7f2918fd6000-7f2918fda000 rw-s 10e7c4000 00:11 2111                      anon_inode:i915.gem
7f2918fda000-7f2918fde000 rw-s 10e7c0000 00:11 2111                      anon_inode:i915.gem
7f2918fde000-7f2918fe2000 rw-s 10e7bc000 00:11 2111                      anon_inode:i915.gem
7f2918fe2000-7f2918fe6000 rw-s 10e7b8000 00:11 2111                      anon_inode:i915.gem
7f2918fe6000-7f2918fea000 rw-s 10e7b4000 00:11 2111                      anon_inode:i915.gem
7f2918fea000-7f2918ff2000 rw-s 10e7ac000 00:11 2111                      anon_inode:i915.gem
7f2918ff2000-7f2918ffa000 rw-s 10e7a4000 00:11 2111                      anon_inode:i915.gem
7f2918ffa000-7f2919002000 rw-s 10e79c000 00:11 2111                      anon_inode:i915.gem
7f2919002000-7f291900a000 rw-s 10e794000 00:11 2111                      anon_inode:i915.gem
7f291900a000-7f2919012000 rw-s 10e78c000 00:11 2111                      anon_inode:i915.gem
7f2919012000-7f291901a000 rw-s 10e784000 00:11 2111                      anon_inode:i915.gem
7f291901a000-7f2919022000 rw-s 10e77c000 00:11 2111                      anon_inode:i915.gem
7f2919022000-7f2919026000 rw-s 10e778000 00:11 2111                      anon_inode:i915.gem
7f2919026000-7f291902e000 rw-s 10e770000 00:11 2111                      anon_inode:i915.gem
7f291902e000-7f2919032000 rw-s 10e76c000 00:11 2111                      anon_inode:i915.gem
7f2919032000-7f2919036000 rw-s 10e768000 00:11 2111                      anon_inode:i915.gem
7f2919036000-7f291903e000 rw-s 10e760000 00:11 2111                      anon_inode:i915.gem
7f291903e000-7f2919046000 rw-s 10e758000 00:11 2111                      anon_inode:i915.gem
7f2919046000-7f291904a000 rw-s 10e754000 00:11 2111                      anon_inode:i915.gem
7f291904a000-7f2919052000 rw-s 10e74c000 00:11 2111                      anon_inode:i915.gem
7f2919052000-7f2919056000 rw-s 10e748000 00:11 2111                      anon_inode:i915.gem
7f2919056000-7f291905a000 rw-s 10e744000 00:11 2111                      anon_inode:i915.gem
7f291905a000-7f2919062000 rw-s 10e73c000 00:11 2111                      anon_inode:i915.gem
7f2919062000-7f291906a000 rw-s 10e734000 00:11 2111                      anon_inode:i915.gem
7f291906a000-7f2919072000 rw-s 10e72c000 00:11 2111                      anon_inode:i915.gem
7f2919072000-7f2919076000 rw-s 10e728000 00:11 2111                      anon_inode:i915.gem
7f2919076000-7f291907e000 rw-s 10e720000 00:11 2111                      anon_inode:i915.gem
7f291907e000-7f2919082000 rw-s 10e71c000 00:11 2111                      anon_inode:i915.gem
7f2919082000-7f2919086000 rw-s 10e718000 00:11 2111                      anon_inode:i915.gem
7f2919086000-7f2919088000 rw-s 10e716000 00:11 2111                      anon_inode:i915.gem
7f2919088000-7f291908c000 rw-s 10e712000 00:11 2111                      anon_inode:i915.gem
7f291908c000-7f2919090000 rw-s 10e70e000 00:11 2111                      anon_inode:i915.gem
7f2919090000-7f2919098000 rw-s 10e706000 00:11 2111                      anon_inode:i915.gem
7f2919098000-7f291909c000 rw-s 10e702000 00:11 2111                      anon_inode:i915.gem
7f291909c000-7f29190a0000 rw-s 10e6fe000 00:11 2111                      anon_inode:i915.gem
7f29190a0000-7f29190a2000 rw-s 10e6fc000 00:11 2111                      anon_inode:i915.gem
7f29190a2000-7f29190a6000 rw-s 10e6f8000 00:11 2111                      anon_inode:i915.gem
7f29190a6000-7f29190aa000 rw-s 10e6f4000 00:11 2111                      anon_inode:i915.gem
7f29190aa000-7f29190ae000 rw-s 10e6f0000 00:11 2111                      anon_inode:i915.gem
7f29190ae000-7f29190b2000 rw-s 10e6ec000 00:11 2111                      anon_inode:i915.gem
7f29190b2000-7f29190b4000 rw-s 10e6ea000 00:11 2111                      anon_inode:i915.gem
7f29190b4000-7f29190b8000 rw-s 10e6e6000 00:11 2111                      anon_inode:i915.gem
7f29190b8000-7f29190ba000 rw-s 10e6e4000 00:11 2111                      anon_inode:i915.gem
7f29190ba000-7f29190bc000 rw-s 10e6e2000 00:11 2111                      anon_inode:i915.gem
7f29190bc000-7f29190c0000 rw-s 10e6de000 00:11 2111                      anon_inode:i915.gem
7f29190c0000-7f29190c4000 rw-s 10e6da000 00:11 2111                      anon_inode:i915.gem
7f29190c4000-7f29190c8000 rw-s 10e6d6000 00:11 2111                      anon_inode:i915.gem
7f29190c8000-7f29190ca000 rw-s 10e6d4000 00:11 2111                      anon_inode:i915.gem
7f29190ca000-7f29190ce000 rw-s 10e6d0000 00:11 2111                      anon_inode:i915.gem
7f29190ce000-7f29190d0000 rw-s 10e6ce000 00:11 2111                      anon_inode:i915.gem
7f29190d0000-7f29190d4000 rw-s 10e6ca000 00:11 2111                      anon_inode:i915.gem
7f29190d4000-7f29190d8000 rw-s 10e6c6000 00:11 2111                      anon_inode:i915.gem
7f29190d8000-7f29190dc000 rw-s 10e6c2000 00:11 2111                      anon_inode:i915.gem
7f29190dc000-7f29190e0000 rw-s 10e6be000 00:11 2111                      anon_inode:i915.gem
7f29190e0000-7f29190e8000 rw-s 10e6b6000 00:11 2111                      anon_inode:i915.gem
7f29190e8000-7f29190ec000 rw-s 10e6b2000 00:11 2111                      anon_inode:i915.gem
7f29190ec000-7f29190f4000 rw-s 10e6aa000 00:11 2111                      anon_inode:i915.gem
7f29190f4000-7f29190fc000 rw-s 10e6a2000 00:11 2111                      anon_inode:i915.gem
7f29190fc000-7f2919104000 rw-s 10e69a000 00:11 2111                      anon_inode:i915.gem
7f2919104000-7f291910c000 rw-s 10e692000 00:11 2111                      anon_inode:i915.gem
7f291910c000-7f2919110000 rw-s 10e68e000 00:11 2111                      anon_inode:i915.gem
7f2919110000-7f2919118000 rw-s 10e686000 00:11 2111                      anon_inode:i915.gem
7f2919118000-7f291911c000 rw-s 10e682000 00:11 2111                      anon_inode:i915.gem
7f291911c000-7f2919124000 rw-s 10e67a000 00:11 2111                      anon_inode:i915.gem
7f2919124000-7f291912c000 rw-s 10e672000 00:11 2111                      anon_inode:i915.gem
7f291912c000-7f2919130000 rw-s 10e66e000 00:11 2111                      anon_inode:i915.gem
7f2919130000-7f2919138000 rw-s 10e666000 00:11 2111                      anon_inode:i915.gem
7f2919138000-7f2919140000 rw-s 10e65e000 00:11 2111                      anon_inode:i915.gem
7f2919140000-7f2919148000 rw-s 10e656000 00:11 2111                      anon_inode:i915.gem
7f2919148000-7f2919150000 rw-s 10e64e000 00:11 2111                      anon_inode:i915.gem
7f2919150000-7f2919158000 rw-s 10e646000 00:11 2111                      anon_inode:i915.gem
7f2919158000-7f2919160000 rw-s 10e63e000 00:11 2111                      anon_inode:i915.gem
7f2919160000-7f2919168000 rw-s 10e636000 00:11 2111                      anon_inode:i915.gem
7f2919168000-7f2919170000 rw-s 10e62e000 00:11 2111                      anon_inode:i915.gem
7f2919170000-7f2919178000 rw-s 10e626000 00:11 2111                      anon_inode:i915.gem
7f2919178000-7f2919180000 rw-s 10e61e000 00:11 2111                      anon_inode:i915.gem
7f2919180000-7f2919188000 rw-s 10e616000 00:11 2111                      anon_inode:i915.gem
7f2919188000-7f2919190000 rw-s 10e60e000 00:11 2111                      anon_inode:i915.gem
7f2919190000-7f2919198000 rw-s 10e606000 00:11 2111                      anon_inode:i915.gem
7f2919198000-7f29191a0000 rw-s 10e5fe000 00:11 2111                      anon_inode:i915.gem
7f29191a0000-7f29191a8000 rw-s 10e5f6000 00:11 2111                      anon_inode:i915.gem
7f29191a8000-7f29191b0000 rw-s 10e5ee000 00:11 2111                      anon_inode:i915.gem
7f29191b0000-7f29191b8000 rw-s 10e5e6000 00:11 2111                      anon_inode:i915.gem
7f29191b8000-7f29191c0000 rw-s 10e5de000 00:11 2111                      anon_inode:i915.gem
7f29191c0000-7f29191c8000 rw-s 10e5d6000 00:11 2111                      anon_inode:i915.gem
7f29191c8000-7f29191d0000 rw-s 10e5ce000 00:11 2111                      anon_inode:i915.gem
7f29191d0000-7f29191d8000 rw-s 10e5c6000 00:11 2111                      anon_inode:i915.gem
7f29191d8000-7f29191e0000 rw-s 10e5be000 00:11 2111                      anon_inode:i915.gem
7f29191e0000-7f29191e8000 rw-s 10e5b6000 00:11 2111                      anon_inode:i915.gem
7f29191e8000-7f29191f0000 rw-s 10e5ae000 00:11 2111                      anon_inode:i915.gem
7f29191f0000-7f29191f8000 rw-s 10e5a6000 00:11 2111                      anon_inode:i915.gem
7f29191f8000-7f2919200000 rw-s 10e59e000 00:11 2111                      anon_inode:i915.gem
7f2919200000-7f2919208000 rw-s 10e596000 00:11 2111                      anon_inode:i915.gem
7f2919208000-7f2919210000 rw-s 10e58e000 00:11 2111                      anon_inode:i915.gem
7f2919210000-7f2919218000 rw-s 10e586000 00:11 2111                      anon_inode:i915.gem
7f2919218000-7f2919220000 rw-s 10e57e000 00:11 2111                      anon_inode:i915.gem
7f2919220000-7f2919228000 rw-s 10e576000 00:11 2111                      anon_inode:i915.gem
7f2919228000-7f2919230000 rw-s 10e56e000 00:11 2111                      anon_inode:i915.gem
7f2919230000-7f2919238000 rw-s 10e566000 00:11 2111                      anon_inode:i915.gem
7f2919238000-7f2919240000 rw-s 10e55e000 00:11 2111                      anon_inode:i915.gem
7f2919240000-7f2919248000 rw-s 10e556000 00:11 2111                      anon_inode:i915.gem
7f2919248000-7f2919250000 rw-s 10e54e000 00:11 2111                      anon_inode:i915.gem
7f2919250000-7f2919258000 rw-s 10e546000 00:11 2111                      anon_inode:i915.gem
7f2919258000-7f2919260000 rw-s 10e53e000 00:11 2111                      anon_inode:i915.gem
7f2919260000-7f2919268000 rw-s 10e536000 00:11 2111                      anon_inode:i915.gem
7f2919268000-7f2919270000 rw-s 10e52e000 00:11 2111                      anon_inode:i915.gem
7f2919270000-7f2919278000 rw-s 10e526000 00:11 2111                      anon_inode:i915.gem
7f2919278000-7f2919280000 rw-s 10e51e000 00:11 2111                      anon_inode:i915.gem
7f2919280000-7f2919288000 rw-s 10e516000 00:11 2111                      anon_inode:i915.gem
7f2919288000-7f2919290000 rw-s 10e50e000 00:11 2111                      anon_inode:i915.gem
7f2919290000-7f2919298000 rw-s 10e506000 00:11 2111                      anon_inode:i915.gem
7f2919298000-7f29192a0000 rw-s 10e4fe000 00:11 2111                      anon_inode:i915.gem
7f29192a0000-7f29192a8000 rw-s 10e4f6000 00:11 2111                      anon_inode:i915.gem
7f29192a8000-7f29192b0000 rw-s 10e4ee000 00:11 2111                      anon_inode:i915.gem
7f29192b0000-7f29192b8000 rw-s 10e4e6000 00:11 2111                      anon_inode:i915.gem
7f29192b8000-7f29192f8000 rw-s 10e4a6000 00:11 2111                      anon_inode:i915.gem
7f29192f8000-7f2919338000 rw-s 10e466000 00:11 2111                      anon_inode:i915.gem
7f2919338000-7f2919340000 rw-s 10e45e000 00:11 2111                      anon_inode:i915.gem
7f2919340000-7f2919344000 rw-s 10e45a000 00:11 2111                      anon_inode:i915.gem
7f2919344000-7f291934c000 rw-s 10e452000 00:11 2111                      anon_inode:i915.gem
7f291934c000-7f2919354000 rw-s 10e44a000 00:11 2111                      anon_inode:i915.gem
7f2919354000-7f2919358000 rw-s 10e446000 00:11 2111                      anon_inode:i915.gem
7f2919358000-7f2919360000 rw-s 10e43e000 00:11 2111                      anon_inode:i915.gem
7f2919360000-7f2919368000 rw-s 10e436000 00:11 2111                      anon_inode:i915.gem
7f2919368000-7f2919370000 rw-s 10e42e000 00:11 2111                      anon_inode:i915.gem
7f2919370000-7f2919378000 rw-s 10e426000 00:11 2111                      anon_inode:i915.gem
7f2919378000-7f2919380000 rw-s 10e41e000 00:11 2111                      anon_inode:i915.gem
7f2919380000-7f2919388000 rw-s 10e416000 00:11 2111                      anon_inode:i915.gem
7f2919388000-7f2919390000 rw-s 10e40e000 00:11 2111                      anon_inode:i915.gem
7f2919390000-7f2919398000 rw-s 10e406000 00:11 2111                      anon_inode:i915.gem
7f2919398000-7f29193a0000 rw-s 10e3fe000 00:11 2111                      anon_inode:i915.gem
7f29193a0000-7f29193a8000 rw-s 10e3f6000 00:11 2111                      anon_inode:i915.gem
7f29193a8000-7f29193b0000 rw-s 10e3ee000 00:11 2111                      anon_inode:i915.gem
7f29193b0000-7f29193b8000 rw-s 10e3e6000 00:11 2111                      anon_inode:i915.gem
7f29193b8000-7f29193c0000 rw-s 10e3de000 00:11 2111                      anon_inode:i915.gem
7f29193c0000-7f29193c8000 rw-s 10e3d6000 00:11 2111                      anon_inode:i915.gem
7f29193c8000-7f29193d0000 rw-s 10e3ce000 00:11 2111                      anon_inode:i915.gem
7f29193d0000-7f29193d8000 rw-s 10e3c6000 00:11 2111                      anon_inode:i915.gem
7f29193d8000-7f29193e0000 rw-s 10e3be000 00:11 2111                      anon_inode:i915.gem
7f29193e0000-7f29193e4000 rw-s 10e3ba000 00:11 2111                      anon_inode:i915.gem
7f29193e4000-7f29193ec000 rw-s 10e3b2000 00:11 2111                      anon_inode:i915.gem
7f29193ec000-7f29193f4000 rw-s 10e3aa000 00:11 2111                      anon_inode:i915.gem
7f29193f4000-7f29193fc000 rw-s 10e3a2000 00:11 2111                      anon_inode:i915.gem
7f29193fc000-7f2919400000 rw-s 10e39e000 00:11 2111                      anon_inode:i915.gem
7f2919400000-7f2919404000 rw-s 10e39a000 00:11 2111                      anon_inode:i915.gem
7f2919404000-7f291940c000 rw-s 10e392000 00:11 2111                      anon_inode:i915.gem
7f291940c000-7f2919414000 rw-s 10e38a000 00:11 2111                      anon_inode:i915.gem
7f2919414000-7f291941c000 rw-s 10e382000 00:11 2111                      anon_inode:i915.gem
7f291941c000-7f2919424000 rw-s 10e37a000 00:11 2111                      anon_inode:i915.gem
7f2919424000-7f291942c000 rw-s 10e372000 00:11 2111                      anon_inode:i915.gem
7f291942c000-7f2919434000 rw-s 10e36a000 00:11 2111                      anon_inode:i915.gem
7f2919434000-7f2919438000 rw-s 10e366000 00:11 2111                      anon_inode:i915.gem
7f2919438000-7f291943c000 rw-s 10e362000 00:11 2111                      anon_inode:i915.gem
7f291943c000-7f2919444000 rw-s 10e35a000 00:11 2111                      anon_inode:i915.gem
7f2919444000-7f2919448000 rw-s 10e356000 00:11 2111                      anon_inode:i915.gem
7f2919448000-7f291944c000 rw-s 10e352000 00:11 2111                      anon_inode:i915.gem
7f291944c000-7f2919454000 rw-s 10e34a000 00:11 2111                      anon_inode:i915.gem
7f2919454000-7f2919458000 rw-s 10e346000 00:11 2111                      anon_inode:i915.gem
7f2919458000-7f291945c000 rw-s 10e342000 00:11 2111                      anon_inode:i915.gem
7f291945c000-7f2919464000 rw-s 10e33a000 00:11 2111                      anon_inode:i915.gem
7f2919464000-7f291946c000 rw-s 10e332000 00:11 2111                      anon_inode:i915.gem
7f291946c000-7f2919474000 rw-s 10e32a000 00:11 2111                      anon_inode:i915.gem
7f2919474000-7f291947c000 rw-s 10e322000 00:11 2111                      anon_inode:i915.gem
7f291947c000-7f2919480000 rw-s 10e31e000 00:11 2111                      anon_inode:i915.gem
7f2919480000-7f2919484000 rw-s 10e31a000 00:11 2111                      anon_inode:i915.gem
7f2919484000-7f2919488000 rw-s 10e316000 00:11 2111                      anon_inode:i915.gem
7f2919488000-7f2919490000 rw-s 10e30e000 00:11 2111                      anon_inode:i915.gem
7f2919490000-7f2919494000 rw-s 10e30a000 00:11 2111                      anon_inode:i915.gem
7f2919494000-7f291949c000 rw-s 10e302000 00:11 2111                      anon_inode:i915.gem
7f291949c000-7f29194a0000 rw-s 10e2fe000 00:11 2111                      anon_inode:i915.gem
7f29194a0000-7f29194a8000 rw-s 10e2f6000 00:11 2111                      anon_inode:i915.gem
7f29194a8000-7f29194ac000 rw-s 10e2f2000 00:11 2111                      anon_inode:i915.gem
7f29194ac000-7f29194b4000 rw-s 10e2ea000 00:11 2111                      anon_inode:i915.gem
7f29194b4000-7f29194b8000 rw-s 10e2e6000 00:11 2111                      anon_inode:i915.gem
7f29194b8000-7f29194c0000 rw-s 10e2de000 00:11 2111                      anon_inode:i915.gem
7f29194c0000-7f29194c8000 rw-s 10e2d6000 00:11 2111                      anon_inode:i915.gem
7f29194c8000-7f29194d0000 rw-s 10e2ce000 00:11 2111                      anon_inode:i915.gem
7f29194d0000-7f29194d4000 rw-s 10e2ca000 00:11 2111                      anon_inode:i915.gem
7f29194d4000-7f29194dc000 rw-s 10e2c2000 00:11 2111                      anon_inode:i915.gem
7f29194dc000-7f29194e0000 rw-s 10e2be000 00:11 2111                      anon_inode:i915.gem
7f29194e0000-7f29194e4000 rw-s 10e2ba000 00:11 2111                      anon_inode:i915.gem
7f29194e4000-7f29194e8000 rw-s 10e2b6000 00:11 2111                      anon_inode:i915.gem
7f29194e8000-7f29194ec000 rw-s 10e2b2000 00:11 2111                      anon_inode:i915.gem
7f29194ec000-7f29194f0000 rw-s 10e2ae000 00:11 2111                      anon_inode:i915.gem
7f29194f0000-7f2919530000 rw-s 10e26e000 00:11 2111                      anon_inode:i915.gem
7f2919530000-7f2919570000 rw-s 10e22e000 00:11 2111                      anon_inode:i915.gem
7f2919570000-7f2919574000 rw-s 10e22a000 00:11 2111                      anon_inode:i915.gem
7f2919574000-7f2919578000 rw-s 10e226000 00:11 2111                      anon_inode:i915.gem
7f2919578000-7f291957c000 rw-s 10e222000 00:11 2111                      anon_inode:i915.gem
7f291957c000-7f2919584000 rw-s 10e21a000 00:11 2111                      anon_inode:i915.gem
7f2919584000-7f291958c000 rw-s 10e212000 00:11 2111                      anon_inode:i915.gem
7f291958c000-7f2919590000 rw-s 10e20e000 00:11 2111                      anon_inode:i915.gem
7f2919590000-7f2919594000 rw-s 10e20a000 00:11 2111                      anon_inode:i915.gem
7f2919594000-7f291959c000 rw-s 10e202000 00:11 2111                      anon_inode:i915.gem
7f291959c000-7f29195a4000 rw-s 10e1fa000 00:11 2111                      anon_inode:i915.gem
7f29195a4000-7f29195ac000 rw-s 10e1f2000 00:11 2111                      anon_inode:i915.gem
7f29195ac000-7f29195b0000 rw-s 10e1ee000 00:11 2111                      anon_inode:i915.gem
7f29195b0000-7f29195b4000 rw-s 10e1ea000 00:11 2111                      anon_inode:i915.gem
7f29195b4000-7f29195b8000 rw-s 10e1e6000 00:11 2111                      anon_inode:i915.gem
7f29195b8000-7f29195bc000 rw-s 10e1e2000 00:11 2111                      anon_inode:i915.gem
7f29195bc000-7f29195c4000 rw-s 10e1da000 00:11 2111                      anon_inode:i915.gem
7f29195c4000-7f29195cc000 rw-s 10e1d2000 00:11 2111                      anon_inode:i915.gem
7f29195cc000-7f29195d4000 rw-s 10e1ca000 00:11 2111                      anon_inode:i915.gem
7f29195d4000-7f29195d8000 rw-s 10e1c6000 00:11 2111                      anon_inode:i915.gem
7f29195d8000-7f2919618000 rw-s 10e186000 00:11 2111                      anon_inode:i915.gem
7f2919618000-7f2919818000 rw-s 10df86000 00:11 2111                      anon_inode:i915.gem
7f2919818000-7f2919858000 rw-s 10df46000 00:11 2111                      anon_inode:i915.gem
7f2919858000-7f2919860000 rw-s 10df3e000 00:11 2111                      anon_inode:i915.gem
7f2919860000-7f2919868000 rw-s 10df36000 00:11 2111                      anon_inode:i915.gem
7f2919868000-7f2919870000 rw-s 10df2e000 00:11 2111                      anon_inode:i915.gem
7f2919870000-7f2919878000 rw-s 10df26000 00:11 2111                      anon_inode:i915.gem
7f2919878000-7f2919880000 rw-s 10df1e000 00:11 2111                      anon_inode:i915.gem
7f2919880000-7f2919888000 rw-s 10df16000 00:11 2111                      anon_inode:i915.gem
7f2919888000-7f2919890000 rw-s 10df0e000 00:11 2111                      anon_inode:i915.gem
7f2919890000-7f2919898000 rw-s 10df06000 00:11 2111                      anon_inode:i915.gem
7f2919898000-7f29198a0000 rw-s 10defe000 00:11 2111                      anon_inode:i915.gem
7f29198a0000-7f29198a8000 rw-s 10def6000 00:11 2111                      anon_inode:i915.gem
7f29198a8000-7f29198b0000 rw-s 10deee000 00:11 2111                      anon_inode:i915.gem
7f29198b0000-7f29198b8000 rw-s 10dee6000 00:11 2111                      anon_inode:i915.gem
7f29198b8000-7f29198c0000 rw-s 10dede000 00:11 2111                      anon_inode:i915.gem
7f29198c0000-7f29198c8000 rw-s 10ded6000 00:11 2111                      anon_inode:i915.gem
7f29198c8000-7f29198d0000 rw-s 10dece000 00:11 2111                      anon_inode:i915.gem
7f29198d0000-7f29198d8000 rw-s 10dec6000 00:11 2111                      anon_inode:i915.gem
7f29198d8000-7f29198e0000 rw-s 10debe000 00:11 2111                      anon_inode:i915.gem
7f29198e0000-7f29198e8000 rw-s 10deb6000 00:11 2111                      anon_inode:i915.gem
7f29198e8000-7f29198f0000 rw-s 10deae000 00:11 2111                      anon_inode:i915.gem
7f29198f0000-7f29198f8000 rw-s 10dea6000 00:11 2111                      anon_inode:i915.gem
7f29198f8000-7f2919900000 rw-s 10de9e000 00:11 2111                      anon_inode:i915.gem
7f2919900000-7f2919908000 rw-s 10de96000 00:11 2111                      anon_inode:i915.gem
7f2919908000-7f2919910000 rw-s 10de8e000 00:11 2111                      anon_inode:i915.gem
7f2919910000-7f2919918000 rw-s 10de86000 00:11 2111                      anon_inode:i915.gem
7f2919918000-7f2919920000 rw-s 10de7e000 00:11 2111                      anon_inode:i915.gem
7f2919920000-7f2919928000 rw-s 10de76000 00:11 2111                      anon_inode:i915.gem
7f2919928000-7f2919930000 rw-s 10de6e000 00:11 2111                      anon_inode:i915.gem
7f2919930000-7f2919938000 rw-s 10de66000 00:11 2111                      anon_inode:i915.gem
7f2919938000-7f2919940000 rw-s 10de5e000 00:11 2111                      anon_inode:i915.gem
7f2919940000-7f2919948000 rw-s 10de56000 00:11 2111                      anon_inode:i915.gem
7f2919948000-7f2919950000 rw-s 10de4e000 00:11 2111                      anon_inode:i915.gem
7f2919950000-7f2919958000 rw-s 10de46000 00:11 2111                      anon_inode:i915.gem
7f2919958000-7f291995c000 rw-s 10de42000 00:11 2111                      anon_inode:i915.gem
7f291995c000-7f2919960000 rw-s 10de3e000 00:11 2111                      anon_inode:i915.gem
7f2919960000-7f2919968000 rw-s 10de36000 00:11 2111                      anon_inode:i915.gem
7f2919968000-7f291996c000 rw-s 10de32000 00:11 2111                      anon_inode:i915.gem
7f291996c000-7f2919974000 rw-s 10de2a000 00:11 2111                      anon_inode:i915.gem
7f2919974000-7f291997c000 rw-s 10de22000 00:11 2111                      anon_inode:i915.gem
7f291997c000-7f2919980000 rw-s 10de1e000 00:11 2111                      anon_inode:i915.gem
7f2919980000-7f2919984000 rw-s 10de1a000 00:11 2111                      anon_inode:i915.gem
7f2919984000-7f2919988000 rw-s 10de16000 00:11 2111                      anon_inode:i915.gem
7f2919988000-7f291998c000 rw-s 10de12000 00:11 2111                      anon_inode:i915.gem
7f291998c000-7f2919990000 rw-s 10de0e000 00:11 2111                      anon_inode:i915.gem
7f2919990000-7f2919994000 rw-s 10de0a000 00:11 2111                      anon_inode:i915.gem
7f2919994000-7f2919998000 rw-s 10de06000 00:11 2111                      anon_inode:i915.gem
7f2919998000-7f29199a0000 rw-s 10ddfe000 00:11 2111                      anon_inode:i915.gem
7f29199a0000-7f29199a4000 rw-s 10ddfa000 00:11 2111                      anon_inode:i915.gem
7f29199a4000-7f29199ac000 rw-s 10ddf2000 00:11 2111                      anon_inode:i915.gem
7f29199ac000-7f29199b4000 rw-s 10ddea000 00:11 2111                      anon_inode:i915.gem
7f29199b4000-7f29199bc000 rw-s 10dde2000 00:11 2111                      anon_inode:i915.gem
7f29199bc000-7f29199c0000 rw-s 10ddde000 00:11 2111                      anon_inode:i915.gem
7f29199c0000-7f29199c4000 rw-s 10ddda000 00:11 2111                      anon_inode:i915.gem
7f29199c4000-7f29199c8000 rw-s 10ddd6000 00:11 2111                      anon_inode:i915.gem
7f29199c8000-7f29199d0000 rw-s 10ddce000 00:11 2111                      anon_inode:i915.gem
7f29199d0000-7f29199d8000 rw-s 10ddc6000 00:11 2111                      anon_inode:i915.gem
7f29199d8000-7f29199e0000 rw-s 10ddbe000 00:11 2111                      anon_inode:i915.gem
7f29199e0000-7f29199e8000 rw-s 10ddb6000 00:11 2111                      anon_inode:i915.gem
7f29199e8000-7f29199ec000 rw-s 10ddb2000 00:11 2111                      anon_inode:i915.gem
7f29199ec000-7f29199f0000 rw-s 10ddae000 00:11 2111                      anon_inode:i915.gem
7f29199f0000-7f29199f4000 rw-s 10ddaa000 00:11 2111                      anon_inode:i915.gem
7f29199f4000-7f29199f8000 rw-s 10dda6000 00:11 2111                      anon_inode:i915.gem
7f29199f8000-7f29199fc000 rw-s 10dda2000 00:11 2111                      anon_inode:i915.gem
7f29199fc000-7f2919a00000 rw-s 10dd9e000 00:11 2111                      anon_inode:i915.gem
7f2919a00000-7f2919a04000 rw-s 10dd9a000 00:11 2111                      anon_inode:i915.gem
7f2919a04000-7f2919a08000 rw-s 10dd96000 00:11 2111                      anon_inode:i915.gem
7f2919a08000-7f2919a0c000 rw-s 10dd92000 00:11 2111                      anon_inode:i915.gem
7f2919a0c000-7f2919a14000 rw-s 10dd8a000 00:11 2111                      anon_inode:i915.gem
7f2919a14000-7f2919a18000 rw-s 10dd86000 00:11 2111                      anon_inode:i915.gem
7f2919a18000-7f2919a20000 rw-s 10dd7e000 00:11 2111                      anon_inode:i915.gem
7f2919a20000-7f2919a24000 rw-s 10dd7a000 00:11 2111                      anon_inode:i915.gem
7f2919a24000-7f2919a28000 rw-s 10dd76000 00:11 2111                      anon_inode:i915.gem
7f2919a28000-7f2919a2c000 rw-s 10dd72000 00:11 2111                      anon_inode:i915.gem
7f2919a2c000-7f2919a30000 rw-s 10dd6e000 00:11 2111                      anon_inode:i915.gem
7f2919a30000-7f2919a34000 rw-s 10dd6a000 00:11 2111                      anon_inode:i915.gem
7f2919a34000-7f2919a3c000 rw-s 10dd62000 00:11 2111                      anon_inode:i915.gem
7f2919a3c000-7f2919a44000 rw-s 10dd5a000 00:11 2111                      anon_inode:i915.gem
7f2919a44000-7f2919a48000 rw-s 10dd56000 00:11 2111                      anon_inode:i915.gem
7f2919a48000-7f2919a4c000 rw-s 10dd52000 00:11 2111                      anon_inode:i915.gem
7f2919a4c000-7f2919a50000 rw-s 10dd4e000 00:11 2111                      anon_inode:i915.gem
7f2919a50000-7f2919a54000 rw-s 10dd4a000 00:11 2111                      anon_inode:i915.gem
7f2919a54000-7f2919a58000 rw-s 10dd46000 00:11 2111                      anon_inode:i915.gem
7f2919a58000-7f2919a60000 rw-s 10dd3e000 00:11 2111                      anon_inode:i915.gem
7f2919a60000-7f2919a64000 rw-s 10dd3a000 00:11 2111                      anon_inode:i915.gem
7f2919a64000-7f2919a68000 rw-s 10dd36000 00:11 2111                      anon_inode:i915.gem
7f2919a68000-7f2919a6c000 rw-s 10dd32000 00:11 2111                      anon_inode:i915.gem
7f2919a6c000-7f2919a70000 rw-s 1280aa000 00:11 2111                      anon_inode:i915.gem
7f2919a70000-7f2919ab0000 rw-s 10dcf2000 00:11 2111                      anon_inode:i915.gem
7f2919ab0000-7f2919af0000 rw-s 10dcb2000 00:11 2111                      anon_inode:i915.gem
7f2919af0000-7f2919b30000 rw-s 10dc72000 00:11 2111                      anon_inode:i915.gem
7f2919b30000-7f2919b70000 rw-s 10dc32000 00:11 2111                      anon_inode:i915.gem
7f2919b70000-7f2919bb0000 rw-s 10dbf2000 00:11 2111                      anon_inode:i915.gem
7f2919bb0000-7f2919bf0000 rw-s 10dbb2000 00:11 2111                      anon_inode:i915.gem
7f2919bf0000-7f2919df0000 rw-s 10d9b2000 00:11 2111                      anon_inode:i915.gem
7f2919df0000-7f2919e30000 rw-s 10d972000 00:11 2111                      anon_inode:i915.gem
7f2919e30000-7f2919e70000 rw-s 10d932000 00:11 2111                      anon_inode:i915.gem
7f2919e70000-7f2919eb0000 rw-s 10d8f2000 00:11 2111                      anon_inode:i915.gem
7f2919eb0000-7f2919ef0000 rw-s 10d8b2000 00:11 2111                      anon_inode:i915.gem
7f2919ef0000-7f2919f30000 rw-s 10d872000 00:11 2111                      anon_inode:i915.gem
7f2919f30000-7f2919f70000 rw-s 10d832000 00:11 2111                      anon_inode:i915.gem
7f2919f70000-7f2919fb0000 rw-s 10d7f2000 00:11 2111                      anon_inode:i915.gem
7f2919fb0000-7f2919ff0000 rw-s 10d7b2000 00:11 2111                      anon_inode:i915.gem
7f2919ff0000-7f291a030000 rw-s 10d772000 00:11 2111                      anon_inode:i915.gem
7f291a030000-7f291a070000 rw-s 10d732000 00:11 2111                      anon_inode:i915.gem
7f291a070000-7f291a0b0000 rw-s 10d6f2000 00:11 2111                      anon_inode:i915.gem
7f291a0b0000-7f291a0f0000 rw-s 10d6b2000 00:11 2111                      anon_inode:i915.gem
7f291a0f0000-7f291a130000 rw-s 10d672000 00:11 2111                      anon_inode:i915.gem
7f291a130000-7f291a170000 rw-s 10d632000 00:11 2111                      anon_inode:i915.gem
7f291a170000-7f291a1b0000 rw-s 10d5f2000 00:11 2111                      anon_inode:i915.gem
7f291a1b0000-7f291a1f0000 rw-s 10d5b2000 00:11 2111                      anon_inode:i915.gem
7f291a1f0000-7f291a230000 rw-s 10d572000 00:11 2111                      anon_inode:i915.gem
7f291a230000-7f291a270000 rw-s 10d532000 00:11 2111                      anon_inode:i915.gem
7f291a270000-7f291a2b0000 rw-s 10d4f2000 00:11 2111                      anon_inode:i915.gem
7f291a2b0000-7f291a2f0000 rw-s 10d4b2000 00:11 2111                      anon_inode:i915.gem
7f291a2f0000-7f291a330000 rw-s 10d472000 00:11 2111                      anon_inode:i915.gem
7f291a330000-7f291a370000 rw-s 10d432000 00:11 2111                      anon_inode:i915.gem
7f291a370000-7f291a3b0000 rw-s 10d3f2000 00:11 2111                      anon_inode:i915.gem
7f291a3b0000-7f291a3f0000 rw-s 10d3b2000 00:11 2111                      anon_inode:i915.gem
7f291a3f0000-7f291a430000 rw-s 10d372000 00:11 2111                      anon_inode:i915.gem
7f291a430000-7f291a470000 rw-s 10d332000 00:11 2111                      anon_inode:i915.gem
7f291a470000-7f291a4b0000 rw-s 10d2f2000 00:11 2111                      anon_inode:i915.gem
7f291a4b0000-7f291a4f0000 rw-s 10d2b2000 00:11 2111                      anon_inode:i915.gem
7f291a4f0000-7f291a530000 rw-s 10d272000 00:11 2111                      anon_inode:i915.gem
7f291a530000-7f291a570000 rw-s 10d232000 00:11 2111                      anon_inode:i915.gem
7f291a570000-7f291a5b0000 rw-s 10d1f2000 00:11 2111                      anon_inode:i915.gem
7f291a5b0000-7f291a5f0000 rw-s 12fa74000 00:11 2111                      anon_inode:i915.gem
7f291a5f0000-7f291a630000 rw-s 12fa34000 00:11 2111                      anon_inode:i915.gem
7f291a630000-7f291a670000 rw-s 12f9f4000 00:11 2111                      anon_inode:i915.gem
7f291a670000-7f291a6b0000 rw-s 12f9b4000 00:11 2111                      anon_inode:i915.gem
7f291a6b0000-7f291a6f0000 rw-s 12f974000 00:11 2111                      anon_inode:i915.gem
7f291a6f0000-7f291a730000 rw-s 12f934000 00:11 2111                      anon_inode:i915.gem
7f291a730000-7f291a770000 rw-s 12f8f4000 00:11 2111                      anon_inode:i915.gem
7f291a770000-7f291a7b0000 rw-s 12f8b4000 00:11 2111                      anon_inode:i915.gem
7f291a7b0000-7f291a7f0000 rw-s 12f874000 00:11 2111                      anon_inode:i915.gem
7f291a7f0000-7f291a830000 rw-s 12f834000 00:11 2111                      anon_inode:i915.gem
7f291a830000-7f291a870000 rw-s 12f7f4000 00:11 2111                      anon_inode:i915.gem
7f291a870000-7f291a8b0000 rw-s 12f7b4000 00:11 2111                      anon_inode:i915.gem
7f291a8b0000-7f291a8f0000 rw-s 12f774000 00:11 2111                      anon_inode:i915.gem
7f291a8f0000-7f291a930000 rw-s 12f734000 00:11 2111                      anon_inode:i915.gem
7f291a930000-7f291a970000 rw-s 12f6f4000 00:11 2111                      anon_inode:i915.gem
7f291a970000-7f291a9b0000 rw-s 12f6b4000 00:11 2111                      anon_inode:i915.gem
7f291a9b0000-7f291a9f0000 rw-s 124858000 00:11 2111                      anon_inode:i915.gem
7f291a9f0000-7f291aa30000 rw-s 12f634000 00:11 2111                      anon_inode:i915.gem
7f291aa30000-7f291aa70000 rw-s 124818000 00:11 2111                      anon_inode:i915.gem
7f291abc0000-7f291abd0000 rw-s 116b5d000 00:11 2111                      anon_inode:i915.gem
7f291abd0000-7f291ac10000 rw-s 12f454000 00:11 2111                      anon_inode:i915.gem
7f291ac10000-7f291ac50000 rw-s 12f414000 00:11 2111                      anon_inode:i915.gem
7f291ac90000-7f291ac92000 rw-s 12f352000 00:11 2111                      anon_inode:i915.gem
7f291ac92000-7f291ac96000 rw-s 12f34e000 00:11 2111                      anon_inode:i915.gem
7f291ac96000-7f291ac9a000 rw-s 12f34a000 00:11 2111                      anon_inode:i915.gem
7f291ac9a000-7f291ac9c000 rw-s 12f348000 00:11 2111                      anon_inode:i915.gem
7f291ac9c000-7f291aca0000 rw-s 12f344000 00:11 2111                      anon_inode:i915.gem
7f291aca0000-7f291aca8000 rw-s 12f2e8000 00:11 2111                      anon_inode:i915.gem
7f291aca8000-7f291acb0000 rw-s 12f2e0000 00:11 2111                      anon_inode:i915.gem
7f291acb0000-7f291acb8000 rw-s 12f2d8000 00:11 2111                      anon_inode:i915.gem
7f291acb8000-7f291acc0000 rw-s 12f2d0000 00:11 2111                      anon_inode:i915.gem
7f291acc0000-7f291acc8000 rw-s 12f2c8000 00:11 2111                      anon_inode:i915.gem
7f291acc8000-7f291acd0000 rw-s 12f2c0000 00:11 2111                      anon_inode:i915.gem
7f291acd0000-7f291ad10000 rw-s 12f354000 00:11 2111                      anon_inode:i915.gem
7f291ad10000-7f291ad18000 rw-s 12f2b8000 00:11 2111                      anon_inode:i915.gem
7f291ad18000-7f291ad20000 rw-s 12f2b0000 00:11 2111                      anon_inode:i915.gem
7f291ad20000-7f291ad28000 rw-s 12f2a8000 00:11 2111                      anon_inode:i915.gem
7f291ad28000-7f291ad30000 rw-s 12f2a0000 00:11 2111                      anon_inode:i915.gem
7f291ad30000-7f291ad70000 rw-s 12f234000 00:11 2111                      anon_inode:i915.gem
7f291ad70000-7f291adb0000 rw-s 126f36000 00:11 2111                      anon_inode:i915.gem
7f291adb0000-7f291adf0000 rw-s 126ef6000 00:11 2111                      anon_inode:i915.gem
7f291adf0000-7f291ae30000 rw-s 102e28000 00:11 2111                      anon_inode:i915.gem
7f291ae30000-7f291ae70000 rw-s 12f1f4000 00:11 2111                      anon_inode:i915.gem
7f291ae70000-7f291aeb0000 rw-s 12f1b4000 00:11 2111                      anon_inode:i915.gem
7f291aeb0000-7f291aef0000 rw-s 12f174000 00:11 2111                      anon_inode:i915.gem
7f291aef0000-7f291af30000 rw-s 12f134000 00:11 2111                      anon_inode:i915.gem
7f291af30000-7f291af70000 rw-s 12f0f4000 00:11 2111                      anon_inode:i915.gem
7f291af70000-7f291afb0000 rw-s 12f0b4000 00:11 2111                      anon_inode:i915.gem
7f291afb0000-7f291b1b0000 rw-s 12e8b4000 00:11 2111                      anon_inode:i915.gem
7f291b1b0000-7f291b1f0000 rw-s 12e874000 00:11 2111                      anon_inode:i915.gem
7f291b1f0000-7f291b230000 rw-s 12e834000 00:11 2111                      anon_inode:i915.gem
7f291b230000-7f291b270000 rw-s 12e7f4000 00:11 2111                      anon_inode:i915.gem
7f291b270000-7f291b278000 rw-s 128056000 00:11 2111                      anon_inode:i915.gem
7f291b278000-7f291b27c000 rw-s 128052000 00:11 2111                      anon_inode:i915.gem
7f291b27c000-7f291b284000 rw-s 12804a000 00:11 2111                      anon_inode:i915.gem
7f291b284000-7f291b288000 rw-s 127072000 00:11 2111                      anon_inode:i915.gem
7f291b288000-7f291b290000 rw-s 12706a000 00:11 2111                      anon_inode:i915.gem
7f291b290000-7f291b2d0000 rw-s 1247d8000 00:11 2111                      anon_inode:i915.gem
7f291b2d0000-7f291b310000 rw-s 12f674000 00:11 2111                      anon_inode:i915.gem
7f291b310000-7f291b350000 rw-s 12f5f4000 00:11 2111                      anon_inode:i915.gem
7f291b350000-7f291b390000 rw-s 127f8a000 00:11 2111                      anon_inode:i915.gem
7f291b390000-7f291b3d0000 rw-s 127f4a000 00:11 2111                      anon_inode:i915.gem
7f291b3d0000-7f291b410000 rw-s 127f0a000 00:11 2111                      anon_inode:i915.gem
7f291b410000-7f291b450000 rw-s 127eca000 00:11 2111                      anon_inode:i915.gem
7f291b450000-7f291b650000 rw-s 12e5f4000 00:11 2111                      anon_inode:i915.gem
7f291b650000-7f291b850000 rw-s 12e3f4000 00:11 2111                      anon_inode:i915.gem
7f291b850000-7f291ba50000 rw-s 12e1f4000 00:11 2111                      anon_inode:i915.gem
7f291ba50000-7f291bc50000 rw-s 12dff4000 00:11 2111                      anon_inode:i915.gem
7f291bc50000-7f291be50000 rw-s 12ddf4000 00:11 2111                      anon_inode:i915.gem
7f291be50000-7f291c050000 rw-s 12dbf4000 00:11 2111                      anon_inode:i915.gem
7f291c050000-7f291c250000 rw-s 12d9f4000 00:11 2111                      anon_inode:i915.gem
7f291c250000-7f291c450000 rw-s 12d7f4000 00:11 2111                      anon_inode:i915.gem
7f291c450000-7f291c650000 rw-s 127cca000 00:11 2111                      anon_inode:i915.gem
7f291c650000-7f291ca50000 rw-s 12d3f4000 00:11 2111                      anon_inode:i915.gem
7f291ca50000-7f291ca52000 rw-s 12ce7e000 00:11 2111                      anon_inode:i915.gem
7f291ca52000-7f291ca56000 rw-s 12ce06000 00:11 2111                      anon_inode:i915.gem
7f291ca56000-7f291ca5e000 rw-s 12cdfe000 00:11 2111                      anon_inode:i915.gem
7f291ca5e000-7f291ca66000 rw-s 12cdf6000 00:11 2111                      anon_inode:i915.gem
7f291ca66000-7f291ca6e000 rw-s 12cdee000 00:11 2111                      anon_inode:i915.gem
7f291ca6e000-7f291ca76000 rw-s 12cde6000 00:11 2111                      anon_inode:i915.gem
7f291ca76000-7f291ca7e000 rw-s 12cdde000 00:11 2111                      anon_inode:i915.gem
7f291ca7e000-7f291ca86000 rw-s 12cdd6000 00:11 2111                      anon_inode:i915.gem
7f291ca86000-7f291ca8e000 rw-s 12cdce000 00:11 2111                      anon_inode:i915.gem
7f291ca8e000-7f291ca96000 rw-s 12cdc6000 00:11 2111                      anon_inode:i915.gem
7f291ca96000-7f291ca9e000 rw-s 12cdbe000 00:11 2111                      anon_inode:i915.gem
7f291ca9e000-7f291caa6000 rw-s 12cdb6000 00:11 2111                      anon_inode:i915.gem
7f291caa6000-7f291caae000 rw-s 12cdae000 00:11 2111                      anon_inode:i915.gem
7f291caae000-7f291cab6000 rw-s 12cda6000 00:11 2111                      anon_inode:i915.gem
7f291cab6000-7f291cabe000 rw-s 12cd9e000 00:11 2111                      anon_inode:i915.gem
7f291cabe000-7f291cac6000 rw-s 12cd96000 00:11 2111                      anon_inode:i915.gem
7f291cac6000-7f291caca000 rw-s 12cd92000 00:11 2111                      anon_inode:i915.gem
7f291caca000-7f291cad2000 rw-s 12cd8a000 00:11 2111                      anon_inode:i915.gem
7f291cad2000-7f291cada000 rw-s 12cd82000 00:11 2111                      anon_inode:i915.gem
7f291cada000-7f291cae2000 rw-s 12cd7a000 00:11 2111                      anon_inode:i915.gem
7f291cae2000-7f291caea000 rw-s 12cd72000 00:11 2111                      anon_inode:i915.gem
7f291caea000-7f291caf2000 rw-s 12cd6a000 00:11 2111                      anon_inode:i915.gem
7f291caf2000-7f291cafa000 rw-s 12cd62000 00:11 2111                      anon_inode:i915.gem
7f291cafa000-7f291cb02000 rw-s 12cd5a000 00:11 2111                      anon_inode:i915.gem
7f291cb02000-7f291cb0a000 rw-s 12cd52000 00:11 2111                      anon_inode:i915.gem
7f291cb0a000-7f291cb12000 rw-s 12cd4a000 00:11 2111                      anon_inode:i915.gem
7f291cb12000-7f291cb16000 rw-s 12cd46000 00:11 2111                      anon_inode:i915.gem
7f291cb16000-7f291cb1a000 rw-s 12cd42000 00:11 2111                      anon_inode:i915.gem
7f291cb1a000-7f291cb1e000 rw-s 12cd3e000 00:11 2111                      anon_inode:i915.gem
7f291cb1e000-7f291cb22000 rw-s 12cd3a000 00:11 2111                      anon_inode:i915.gem
7f291cb22000-7f291cb26000 rw-s 12cd36000 00:11 2111                      anon_inode:i915.gem
7f291cb26000-7f291cb2a000 rw-s 12cd32000 00:11 2111                      anon_inode:i915.gem
7f291cb2a000-7f291cb2e000 rw-s 12cd2e000 00:11 2111                      anon_inode:i915.gem
7f291cb2e000-7f291cb36000 rw-s 12cd26000 00:11 2111                      anon_inode:i915.gem
7f291cb36000-7f291cb3e000 rw-s 12cd1e000 00:11 2111                      anon_inode:i915.gem
7f291cb3e000-7f291cb46000 rw-s 12cd16000 00:11 2111                      anon_inode:i915.gem
7f291cb46000-7f291cb4e000 rw-s 12cd0e000 00:11 2111                      anon_inode:i915.gem
7f291cb4e000-7f291cb56000 rw-s 12cd06000 00:11 2111                      anon_inode:i915.gem
7f291cb56000-7f291cb5e000 rw-s 12ccfe000 00:11 2111                      anon_inode:i915.gem
7f291cb5e000-7f291cb66000 rw-s 12ccf6000 00:11 2111                      anon_inode:i915.gem
7f291cb66000-7f291cb6e000 rw-s 12ccee000 00:11 2111                      anon_inode:i915.gem
7f291cb6e000-7f291cb76000 rw-s 12cce6000 00:11 2111                      anon_inode:i915.gem
7f291cb76000-7f291cb7e000 rw-s 12ccde000 00:11 2111                      anon_inode:i915.gem
7f291cb7e000-7f291cb86000 rw-s 12ccd6000 00:11 2111                      anon_inode:i915.gem
7f291cb86000-7f291cb8e000 rw-s 12ccce000 00:11 2111                      anon_inode:i915.gem
7f291cb8e000-7f291cb96000 rw-s 12ccc6000 00:11 2111                      anon_inode:i915.gem
7f291cb96000-7f291cb9e000 rw-s 12ccbe000 00:11 2111                      anon_inode:i915.gem
7f291cb9e000-7f291cba6000 rw-s 12ccb6000 00:11 2111                      anon_inode:i915.gem
7f291cba6000-7f291cbae000 rw-s 12ccae000 00:11 2111                      anon_inode:i915.gem
7f291cbae000-7f291cbb6000 rw-s 12cca6000 00:11 2111                      anon_inode:i915.gem
7f291cbb6000-7f291cbbe000 rw-s 12cc9e000 00:11 2111                      anon_inode:i915.gem
7f291cbbe000-7f291cbc6000 rw-s 12cc96000 00:11 2111                      anon_inode:i915.gem
7f291cbc6000-7f291cbce000 rw-s 12cc8e000 00:11 2111                      anon_inode:i915.gem
7f291cbce000-7f291cbd2000 rw-s 12cc8a000 00:11 2111                      anon_inode:i915.gem
7f291cbd2000-7f291cbda000 rw-s 12cc82000 00:11 2111                      anon_inode:i915.gem
7f291cbda000-7f291cbe2000 rw-s 12cc7a000 00:11 2111                      anon_inode:i915.gem
7f291cbe2000-7f291cbea000 rw-s 12cc72000 00:11 2111                      anon_inode:i915.gem
7f291cbea000-7f291cbf2000 rw-s 12cc6a000 00:11 2111                      anon_inode:i915.gem
7f291cbf2000-7f291cbf6000 rw-s 12cc66000 00:11 2111                      anon_inode:i915.gem
7f291cbf6000-7f291cbfa000 rw-s 12cc62000 00:11 2111                      anon_inode:i915.gem
7f291cbfa000-7f291cbfe000 rw-s 12cc5e000 00:11 2111                      anon_inode:i915.gem
7f291cbfe000-7f291cc02000 rw-s 12cc5a000 00:11 2111                      anon_inode:i915.gem
7f291cc02000-7f291cc06000 rw-s 12cc56000 00:11 2111                      anon_inode:i915.gem
7f291cc06000-7f291cc0a000 rw-s 12cc52000 00:11 2111                      anon_inode:i915.gem
7f291cc0a000-7f291cc0e000 rw-s 12cc4e000 00:11 2111                      anon_inode:i915.gem
7f291cc0e000-7f291cc4e000 rw-s 12cc0e000 00:11 2111                      anon_inode:i915.gem
7f291cc4e000-7f291cc8e000 rw-s 12cbce000 00:11 2111                      anon_inode:i915.gem
7f291cc8e000-7f291cc92000 rw-s 12cbca000 00:11 2111                      anon_inode:i915.gem
7f291cc92000-7f291cc9a000 rw-s 12cbc2000 00:11 2111                      anon_inode:i915.gem
7f291cc9a000-7f291cca2000 rw-s 12cbba000 00:11 2111                      anon_inode:i915.gem
7f291cca2000-7f291ccaa000 rw-s 12cbb2000 00:11 2111                      anon_inode:i915.gem
7f291ccaa000-7f291ccb2000 rw-s 12cbaa000 00:11 2111                      anon_inode:i915.gem
7f291ccb2000-7f291ccba000 rw-s 12cba2000 00:11 2111                      anon_inode:i915.gem
7f291ccba000-7f291ccc2000 rw-s 12cb9a000 00:11 2111                      anon_inode:i915.gem
7f291ccc2000-7f291ccca000 rw-s 12cb92000 00:11 2111                      anon_inode:i915.gem
7f291ccca000-7f291ccd2000 rw-s 12cb8a000 00:11 2111                      anon_inode:i915.gem
7f291ccd2000-7f291ccda000 rw-s 12cb82000 00:11 2111                      anon_inode:i915.gem
7f291ccda000-7f291cce2000 rw-s 12cb7a000 00:11 2111                      anon_inode:i915.gem
7f291cce2000-7f291ccea000 rw-s 12cb72000 00:11 2111                      anon_inode:i915.gem
7f291ccea000-7f291ccf2000 rw-s 12cb6a000 00:11 2111                      anon_inode:i915.gem
7f291ccf2000-7f291ccfa000 rw-s 12cb62000 00:11 2111                      anon_inode:i915.gem
7f291ccfa000-7f291cd02000 rw-s 12cb5a000 00:11 2111                      anon_inode:i915.gem
7f291cd02000-7f291cd0a000 rw-s 12cb52000 00:11 2111                      anon_inode:i915.gem
7f291cd0a000-7f291cd12000 rw-s 12cb4a000 00:11 2111                      anon_inode:i915.gem
7f291cd12000-7f291cd1a000 rw-s 12cb42000 00:11 2111                      anon_inode:i915.gem
7f291cd1a000-7f291cd22000 rw-s 12cb3a000 00:11 2111                      anon_inode:i915.gem
7f291cd22000-7f291cd2a000 rw-s 12cb32000 00:11 2111                      anon_inode:i915.gem
7f291cd2a000-7f291cd32000 rw-s 12cb2a000 00:11 2111                      anon_inode:i915.gem
7f291cd32000-7f291cd3a000 rw-s 12cb22000 00:11 2111                      anon_inode:i915.gem
7f291cd3a000-7f291cd42000 rw-s 12cb1a000 00:11 2111                      anon_inode:i915.gem
7f291cd42000-7f291cd4a000 rw-s 12cb12000 00:11 2111                      anon_inode:i915.gem
7f291cd4a000-7f291cd52000 rw-s 12cb0a000 00:11 2111                      anon_inode:i915.gem
7f291cd52000-7f291cd5a000 rw-s 12cb02000 00:11 2111                      anon_inode:i915.gem
7f291cd5a000-7f291cd62000 rw-s 12cafa000 00:11 2111                      anon_inode:i915.gem
7f291cd62000-7f291cd6a000 rw-s 12caf2000 00:11 2111                      anon_inode:i915.gem
7f291cd6a000-7f291cd72000 rw-s 12caea000 00:11 2111                      anon_inode:i915.gem
7f291cd72000-7f291cd7a000 rw-s 12cae2000 00:11 2111                      anon_inode:i915.gem
7f291cd7a000-7f291cd82000 rw-s 12cada000 00:11 2111                      anon_inode:i915.gem
7f291cd82000-7f291cd8a000 rw-s 12cad2000 00:11 2111                      anon_inode:i915.gem
7f291cd8a000-7f291cd92000 rw-s 12caca000 00:11 2111                      anon_inode:i915.gem
7f291cd92000-7f291cd9a000 rw-s 12cac2000 00:11 2111                      anon_inode:i915.gem
7f291cd9a000-7f291cda2000 rw-s 12caba000 00:11 2111                      anon_inode:i915.gem
7f291cda2000-7f291cdaa000 rw-s 12cab2000 00:11 2111                      anon_inode:i915.gem
7f291cdaa000-7f291cdb2000 rw-s 12caaa000 00:11 2111                      anon_inode:i915.gem
7f291cdb2000-7f291cdba000 rw-s 12caa2000 00:11 2111                      anon_inode:i915.gem
7f291cdba000-7f291cdc2000 rw-s 12ca9a000 00:11 2111                      anon_inode:i915.gem
7f291cdc2000-7f291cdca000 rw-s 12ca92000 00:11 2111                      anon_inode:i915.gem
7f291cdca000-7f291cdd2000 rw-s 12ca8a000 00:11 2111                      anon_inode:i915.gem
7f291cdd2000-7f291cdda000 rw-s 12ca82000 00:11 2111                      anon_inode:i915.gem
7f291cdda000-7f291cde2000 rw-s 12ca7a000 00:11 2111                      anon_inode:i915.gem
7f291cde2000-7f291cdea000 rw-s 12ca72000 00:11 2111                      anon_inode:i915.gem
7f291cdea000-7f291cdf2000 rw-s 12ca6a000 00:11 2111                      anon_inode:i915.gem
7f291cdf2000-7f291cdf6000 rw-s 12ca66000 00:11 2111                      anon_inode:i915.gem
7f291cdf6000-7f291cdfa000 rw-s 12ca62000 00:11 2111                      anon_inode:i915.gem
7f291cdfa000-7f291cdfe000 rw-s 12ca5e000 00:11 2111                      anon_inode:i915.gem
7f291cdfe000-7f291ce3e000 rw-s 12ca1e000 00:11 2111                      anon_inode:i915.gem
7f291ce3e000-7f291ce7e000 rw-s 12c9de000 00:11 2111                      anon_inode:i915.gem
7f291ce7e000-7f291cebe000 rw-s 12c99e000 00:11 2111                      anon_inode:i915.gem
7f291cebe000-7f291cefe000 rw-s 12c95e000 00:11 2111                      anon_inode:i915.gem
7f291cefe000-7f291cf3e000 rw-s 12c91e000 00:11 2111                      anon_inode:i915.gem
7f291cf3e000-7f291cf7e000 rw-s 12c8de000 00:11 2111                      anon_inode:i915.gem
7f291cf7e000-7f291cf86000 rw-s 12c8d6000 00:11 2111                      anon_inode:i915.gem
7f291cf86000-7f291cf8e000 rw-s 12c8ce000 00:11 2111                      anon_inode:i915.gem
7f291cf8e000-7f291cf96000 rw-s 12c8c6000 00:11 2111                      anon_inode:i915.gem
7f291cf96000-7f291cf9e000 rw-s 12c8be000 00:11 2111                      anon_inode:i915.gem
7f291cf9e000-7f291cfa6000 rw-s 12c8b6000 00:11 2111                      anon_inode:i915.gem
7f291cfa6000-7f291cfae000 rw-s 12c8ae000 00:11 2111                      anon_inode:i915.gem
7f291cfae000-7f291cfb6000 rw-s 12c8a6000 00:11 2111                      anon_inode:i915.gem
7f291cfb6000-7f291cfbe000 rw-s 12c89e000 00:11 2111                      anon_inode:i915.gem
7f291cfbe000-7f291cfc6000 rw-s 12c896000 00:11 2111                      anon_inode:i915.gem
7f291cfc6000-7f291cfce000 rw-s 12c88e000 00:11 2111                      anon_inode:i915.gem
7f291cfce000-7f291cfd6000 rw-s 12c886000 00:11 2111                      anon_inode:i915.gem
7f291cfd6000-7f291cfde000 rw-s 12c87e000 00:11 2111                      anon_inode:i915.gem
7f291cfde000-7f291cfe6000 rw-s 12c876000 00:11 2111                      anon_inode:i915.gem
7f291cfe6000-7f291cfee000 rw-s 12c86e000 00:11 2111                      anon_inode:i915.gem
7f291cfee000-7f291cff6000 rw-s 12c866000 00:11 2111                      anon_inode:i915.gem
7f291cff6000-7f291cffe000 rw-s 12c85e000 00:11 2111                      anon_inode:i915.gem
7f291cffe000-7f291d006000 rw-s 12c856000 00:11 2111                      anon_inode:i915.gem
7f291d006000-7f291d00e000 rw-s 12c84e000 00:11 2111                      anon_inode:i915.gem
7f291d00e000-7f291d016000 rw-s 12c846000 00:11 2111                      anon_inode:i915.gem
7f291d016000-7f291d01e000 rw-s 12c83e000 00:11 2111                      anon_inode:i915.gem
7f291d01e000-7f291d022000 rw-s 12c83a000 00:11 2111                      anon_inode:i915.gem
7f291d022000-7f291d02a000 rw-s 12c832000 00:11 2111                      anon_inode:i915.gem
7f291d02a000-7f291d032000 rw-s 12c82a000 00:11 2111                      anon_inode:i915.gem
7f291d032000-7f291d03a000 rw-s 12c822000 00:11 2111                      anon_inode:i915.gem
7f291d03a000-7f291d03e000 rw-s 12c81e000 00:11 2111                      anon_inode:i915.gem
7f291d03e000-7f291d046000 rw-s 12c816000 00:11 2111                      anon_inode:i915.gem
7f291d046000-7f291d04a000 rw-s 12c812000 00:11 2111                      anon_inode:i915.gem
7f291d04a000-7f291d04e000 rw-s 12c80e000 00:11 2111                      anon_inode:i915.gem
7f291d04e000-7f291d056000 rw-s 12c806000 00:11 2111                      anon_inode:i915.gem
7f291d056000-7f291d05a000 rw-s 12c802000 00:11 2111                      anon_inode:i915.gem
7f291d05a000-7f291d05e000 rw-s 12c7fe000 00:11 2111                      anon_inode:i915.gem
7f291d05e000-7f291d066000 rw-s 12c7f6000 00:11 2111                      anon_inode:i915.gem
7f291d066000-7f291d06a000 rw-s 12c7f2000 00:11 2111                      anon_inode:i915.gem
7f291d06a000-7f291d06e000 rw-s 12c7ee000 00:11 2111                      anon_inode:i915.gem
7f291d06e000-7f291d072000 rw-s 12c7ea000 00:11 2111                      anon_inode:i915.gem
7f291d072000-7f291d076000 rw-s 12c7e6000 00:11 2111                      anon_inode:i915.gem
7f291d076000-7f291d07e000 rw-s 12c7de000 00:11 2111                      anon_inode:i915.gem
7f291d07e000-7f291d086000 rw-s 12c7d6000 00:11 2111                      anon_inode:i915.gem
7f291d086000-7f291d08e000 rw-s 12c7ce000 00:11 2111                      anon_inode:i915.gem
7f291d08e000-7f291d096000 rw-s 12c7c6000 00:11 2111                      anon_inode:i915.gem
7f291d096000-7f291d09e000 rw-s 12c7be000 00:11 2111                      anon_inode:i915.gem
7f291d09e000-7f291d0a6000 rw-s 12c7b6000 00:11 2111                      anon_inode:i915.gem
7f291d0a6000-7f291d0ae000 rw-s 12c7ae000 00:11 2111                      anon_inode:i915.gem
7f291d0ae000-7f291d0b6000 rw-s 12c7a6000 00:11 2111                      anon_inode:i915.gem
7f291d0b6000-7f291d0be000 rw-s 12c79e000 00:11 2111                      anon_inode:i915.gem
7f291d0be000-7f291d0c6000 rw-s 12c796000 00:11 2111                      anon_inode:i915.gem
7f291d0c6000-7f291d0ce000 rw-s 12c78e000 00:11 2111                      anon_inode:i915.gem
7f291d0ce000-7f291d0d6000 rw-s 12c786000 00:11 2111                      anon_inode:i915.gem
7f291d0d6000-7f291d0de000 rw-s 12c77e000 00:11 2111                      anon_inode:i915.gem
7f291d0de000-7f291d0e6000 rw-s 12c776000 00:11 2111                      anon_inode:i915.gem
7f291d0e6000-7f291d0ee000 rw-s 12c76e000 00:11 2111                      anon_inode:i915.gem
7f291d0ee000-7f291d0f6000 rw-s 12c766000 00:11 2111                      anon_inode:i915.gem
7f291d0f6000-7f291d0fe000 rw-s 12c75e000 00:11 2111                      anon_inode:i915.gem
7f291d0fe000-7f291d2fe000 rw-s 12c55e000 00:11 2111                      anon_inode:i915.gem
7f291d2fe000-7f291d4fe000 rw-s 12c35e000 00:11 2111                      anon_inode:i915.gem
7f291d4fe000-7f291d6fe000 rw-s 12c15e000 00:11 2111                      anon_inode:i915.gem
7f291d6fe000-7f291d73e000 rw-s 12c11e000 00:11 2111                      anon_inode:i915.gem
7f291d73e000-7f291d77e000 rw-s 12c0de000 00:11 2111                      anon_inode:i915.gem
7f291d77e000-7f291d7be000 rw-s 12c09e000 00:11 2111                      anon_inode:i915.gem
7f291d7be000-7f291d7fe000 rw-s 12c05e000 00:11 2111                      anon_inode:i915.gem
7f291d7fe000-7f291d83e000 rw-s 12c01e000 00:11 2111                      anon_inode:i915.gem
7f291d83e000-7f291d846000 rw-s 12c016000 00:11 2111                      anon_inode:i915.gem
7f291d846000-7f291d84e000 rw-s 12c00e000 00:11 2111                      anon_inode:i915.gem
7f291d84e000-7f291d856000 rw-s 12c006000 00:11 2111                      anon_inode:i915.gem
7f291d856000-7f291d85e000 rw-s 12bffe000 00:11 2111                      anon_inode:i915.gem
7f291d85e000-7f291d862000 rw-s 12bffa000 00:11 2111                      anon_inode:i915.gem
7f291d862000-7f291d866000 rw-s 12bff6000 00:11 2111                      anon_inode:i915.gem
7f291d866000-7f291d86a000 rw-s 12bff2000 00:11 2111                      anon_inode:i915.gem
7f291d86a000-7f291d872000 rw-s 12bfea000 00:11 2111                      anon_inode:i915.gem
7f291d872000-7f291d874000 rw-s 12bfe8000 00:11 2111                      anon_inode:i915.gem
7f291d874000-7f291d87c000 rw-s 12bfe0000 00:11 2111                      anon_inode:i915.gem
7f291d87c000-7f291d87e000 rw-s 12bfde000 00:11 2111                      anon_inode:i915.gem
7f291d87e000-7f291d882000 rw-s 12bfda000 00:11 2111                      anon_inode:i915.gem
7f291d882000-7f291d886000 rw-s 12bfd6000 00:11 2111                      anon_inode:i915.gem
7f291d886000-7f291d888000 rw-s 12bfd4000 00:11 2111                      anon_inode:i915.gem
7f291d888000-7f291d88c000 rw-s 12bfd0000 00:11 2111                      anon_inode:i915.gem
7f291d88c000-7f291d894000 rw-s 12bfc8000 00:11 2111                      anon_inode:i915.gem
7f291d894000-7f291d89c000 rw-s 12bfc0000 00:11 2111                      anon_inode:i915.gem
7f291d89c000-7f291d8a0000 rw-s 12bfbc000 00:11 2111                      anon_inode:i915.gem
7f291d8a0000-7f291d8a2000 rw-s 12bfba000 00:11 2111                      anon_inode:i915.gem
7f291d8a2000-7f291d8a4000 rw-s 12bfb8000 00:11 2111                      anon_inode:i915.gem
7f291d8a4000-7f291d8a6000 rw-s 12bfb6000 00:11 2111                      anon_inode:i915.gem
7f291d8a6000-7f291d8a8000 rw-s 12bfb4000 00:11 2111                      anon_inode:i915.gem
7f291d8a8000-7f291d8aa000 rw-s 12bfb2000 00:11 2111                      anon_inode:i915.gem
7f291d8aa000-7f291d8ac000 rw-s 12bfb0000 00:11 2111                      anon_inode:i915.gem
7f291d8ac000-7f291d8ae000 rw-s 12bfae000 00:11 2111                      anon_inode:i915.gem
7f291d8ae000-7f291d8b6000 rw-s 12bfa6000 00:11 2111                      anon_inode:i915.gem
7f291d8b6000-7f291d8be000 rw-s 12bf9e000 00:11 2111                      anon_inode:i915.gem
7f291d8be000-7f291d8c6000 rw-s 12bf96000 00:11 2111                      anon_inode:i915.gem
7f291d8c6000-7f291d8ce000 rw-s 12bf8e000 00:11 2111                      anon_inode:i915.gem
7f291d8ce000-7f291d8d0000 rw-s 12bf8c000 00:11 2111                      anon_inode:i915.gem
7f291d8d0000-7f291d8d2000 rw-s 12bf8a000 00:11 2111                      anon_inode:i915.gem
7f291d8d2000-7f291d8da000 rw-s 12bf82000 00:11 2111                      anon_inode:i915.gem
7f291d8da000-7f291d8de000 rw-s 12bf7e000 00:11 2111                      anon_inode:i915.gem
7f291d8de000-7f291d8e6000 rw-s 12bf76000 00:11 2111                      anon_inode:i915.gem
7f291d8e6000-7f291d8ea000 rw-s 12bf72000 00:11 2111                      anon_inode:i915.gem
7f291d8ea000-7f291d8ec000 rw-s 12bf70000 00:11 2111                      anon_inode:i915.gem
7f291d8ec000-7f291d8ee000 rw-s 12bf6e000 00:11 2111                      anon_inode:i915.gem
7f291d8ee000-7f291d8f2000 rw-s 12bf6a000 00:11 2111                      anon_inode:i915.gem
7f291d8f2000-7f291d8f6000 rw-s 12bf66000 00:11 2111                      anon_inode:i915.gem
7f291d8f6000-7f291d8fa000 rw-s 12bf62000 00:11 2111                      anon_inode:i915.gem
7f291d8fa000-7f291d8fe000 rw-s 12bf5e000 00:11 2111                      anon_inode:i915.gem
7f291d8fe000-7f291d902000 rw-s 12bf5a000 00:11 2111                      anon_inode:i915.gem
7f291d902000-7f291d90a000 rw-s 12bf52000 00:11 2111                      anon_inode:i915.gem
7f291d90a000-7f291d90e000 rw-s 12bf4e000 00:11 2111                      anon_inode:i915.gem
7f291d90e000-7f291d912000 rw-s 12bf4a000 00:11 2111                      anon_inode:i915.gem
7f291d912000-7f291d916000 rw-s 12bf46000 00:11 2111                      anon_inode:i915.gem
7f291d916000-7f291d91a000 rw-s 12bf42000 00:11 2111                      anon_inode:i915.gem
7f291d91a000-7f291d91e000 rw-s 12bf3e000 00:11 2111                      anon_inode:i915.gem
7f291d91e000-7f291d922000 rw-s 12bf3a000 00:11 2111                      anon_inode:i915.gem
7f291d922000-7f291d92a000 rw-s 12bf32000 00:11 2111                      anon_inode:i915.gem
7f291d92a000-7f291d92e000 rw-s 12bf2e000 00:11 2111                      anon_inode:i915.gem
7f291d92e000-7f291d932000 rw-s 12bf2a000 00:11 2111                      anon_inode:i915.gem
7f291d932000-7f291d934000 rw-s 12bf28000 00:11 2111                      anon_inode:i915.gem
7f291d934000-7f291d93c000 rw-s 12bf20000 00:11 2111                      anon_inode:i915.gem
7f291d93c000-7f291d940000 rw-s 12bf1c000 00:11 2111                      anon_inode:i915.gem
7f291d940000-7f291d944000 rw-s 12bf18000 00:11 2111                      anon_inode:i915.gem
7f291d944000-7f291d948000 rw-s 12bf14000 00:11 2111                      anon_inode:i915.gem
7f291d948000-7f291d94c000 rw-s 12bf10000 00:11 2111                      anon_inode:i915.gem
7f291d94c000-7f291d950000 rw-s 12bf0c000 00:11 2111                      anon_inode:i915.gem
7f291d950000-7f291d954000 rw-s 12bf08000 00:11 2111                      anon_inode:i915.gem
7f291d954000-7f291d958000 rw-s 12bf04000 00:11 2111                      anon_inode:i915.gem
7f291d958000-7f291d95c000 rw-s 12bf00000 00:11 2111                      anon_inode:i915.gem
7f291d95c000-7f291d960000 rw-s 12befc000 00:11 2111                      anon_inode:i915.gem
7f291d960000-7f291d964000 rw-s 12bef8000 00:11 2111                      anon_inode:i915.gem
7f291d964000-7f291d968000 rw-s 12bef4000 00:11 2111                      anon_inode:i915.gem
7f291d968000-7f291d970000 rw-s 12beec000 00:11 2111                      anon_inode:i915.gem
7f291d970000-7f291d972000 rw-s 12beea000 00:11 2111                      anon_inode:i915.gem
7f291d972000-7f291d976000 rw-s 12bee6000 00:11 2111                      anon_inode:i915.gem
7f291d976000-7f291d97a000 rw-s 12bee2000 00:11 2111                      anon_inode:i915.gem
7f291d97a000-7f291d982000 rw-s 12beda000 00:11 2111                      anon_inode:i915.gem
7f291d982000-7f291d986000 rw-s 12bed6000 00:11 2111                      anon_inode:i915.gem
7f291d986000-7f291d98a000 rw-s 12bed2000 00:11 2111                      anon_inode:i915.gem
7f291d98a000-7f291d992000 rw-s 12beca000 00:11 2111                      anon_inode:i915.gem
7f291d992000-7f291d996000 rw-s 12bec6000 00:11 2111                      anon_inode:i915.gem
7f291d996000-7f291d99e000 rw-s 12bebe000 00:11 2111                      anon_inode:i915.gem
7f291d99e000-7f291d9a6000 rw-s 12beb6000 00:11 2111                      anon_inode:i915.gem
7f291d9a6000-7f291d9ae000 rw-s 12beae000 00:11 2111                      anon_inode:i915.gem
7f291d9ae000-7f291d9b6000 rw-s 12bea6000 00:11 2111                      anon_inode:i915.gem
7f291d9b6000-7f291d9ba000 rw-s 12bea2000 00:11 2111                      anon_inode:i915.gem
7f291d9ba000-7f291d9be000 rw-s 12be9e000 00:11 2111                      anon_inode:i915.gem
7f291d9be000-7f291d9c2000 rw-s 12be9a000 00:11 2111                      anon_inode:i915.gem
7f291d9c2000-7f291d9c6000 rw-s 12be96000 00:11 2111                      anon_inode:i915.gem
7f291d9c6000-7f291d9ce000 rw-s 12be8e000 00:11 2111                      anon_inode:i915.gem
7f291d9ce000-7f291d9d6000 rw-s 12be86000 00:11 2111                      anon_inode:i915.gem
7f291d9d6000-7f291d9de000 rw-s 12be7e000 00:11 2111                      anon_inode:i915.gem
7f291d9de000-7f291d9e6000 rw-s 12be76000 00:11 2111                      anon_inode:i915.gem
7f291d9e6000-7f291d9ee000 rw-s 12be6e000 00:11 2111                      anon_inode:i915.gem
7f291d9ee000-7f291d9f6000 rw-s 12be66000 00:11 2111                      anon_inode:i915.gem
7f291d9f6000-7f291d9fe000 rw-s 12be5e000 00:11 2111                      anon_inode:i915.gem
7f291d9fe000-7f291da02000 rw-s 12be5a000 00:11 2111                      anon_inode:i915.gem
7f291da02000-7f291da0a000 rw-s 12be52000 00:11 2111                      anon_inode:i915.gem
7f291da0a000-7f291da0e000 rw-s 12be4e000 00:11 2111                      anon_inode:i915.gem
7f291da0e000-7f291da16000 rw-s 12be46000 00:11 2111                      anon_inode:i915.gem
7f291da16000-7f291da1e000 rw-s 12be3e000 00:11 2111                      anon_inode:i915.gem
7f291da1e000-7f291da26000 rw-s 12be36000 00:11 2111                      anon_inode:i915.gem
7f291da26000-7f291da2e000 rw-s 12be2e000 00:11 2111                      anon_inode:i915.gem
7f291da2e000-7f291da36000 rw-s 12be26000 00:11 2111                      anon_inode:i915.gem
7f291da36000-7f291da3e000 rw-s 12be1e000 00:11 2111                      anon_inode:i915.gem
7f291da3e000-7f291da46000 rw-s 12be16000 00:11 2111                      anon_inode:i915.gem
7f291da46000-7f291da4e000 rw-s 12be0e000 00:11 2111                      anon_inode:i915.gem
7f291da4e000-7f291da52000 rw-s 12be0a000 00:11 2111                      anon_inode:i915.gem
7f291da52000-7f291da5a000 rw-s 12be02000 00:11 2111                      anon_inode:i915.gem
7f291da5a000-7f291da62000 rw-s 12bdfa000 00:11 2111                      anon_inode:i915.gem
7f291da62000-7f291da6a000 rw-s 12bdf2000 00:11 2111                      anon_inode:i915.gem
7f291da6a000-7f291da72000 rw-s 12bdea000 00:11 2111                      anon_inode:i915.gem
7f291da72000-7f291da76000 rw-s 12bde6000 00:11 2111                      anon_inode:i915.gem
7f291da76000-7f291da7e000 rw-s 12bdde000 00:11 2111                      anon_inode:i915.gem
7f291da7e000-7f291da86000 rw-s 12bdd6000 00:11 2111                      anon_inode:i915.gem
7f291da86000-7f291da8e000 rw-s 12bdce000 00:11 2111                      anon_inode:i915.gem
7f291da8e000-7f291da92000 rw-s 12bdca000 00:11 2111                      anon_inode:i915.gem
7f291da92000-7f291da9a000 rw-s 12bdc2000 00:11 2111                      anon_inode:i915.gem
7f291da9a000-7f291daa2000 rw-s 12bdba000 00:11 2111                      anon_inode:i915.gem
7f291daa2000-7f291daaa000 rw-s 12bdb2000 00:11 2111                      anon_inode:i915.gem
7f291daaa000-7f291dab2000 rw-s 12bdaa000 00:11 2111                      anon_inode:i915.gem
7f291dab2000-7f291daba000 rw-s 12bda2000 00:11 2111                      anon_inode:i915.gem
7f291daba000-7f291dac2000 rw-s 12bd9a000 00:11 2111                      anon_inode:i915.gem
7f291dac2000-7f291daca000 rw-s 12bd92000 00:11 2111                      anon_inode:i915.gem
7f291daca000-7f291dad2000 rw-s 12bd8a000 00:11 2111                      anon_inode:i915.gem
7f291dad2000-7f291dada000 rw-s 12bd82000 00:11 2111                      anon_inode:i915.gem
7f291dada000-7f291dae2000 rw-s 12bd7a000 00:11 2111                      anon_inode:i915.gem
7f291dae2000-7f291daea000 rw-s 12bd72000 00:11 2111                      anon_inode:i915.gem
7f291daea000-7f291daf2000 rw-s 12bd6a000 00:11 2111                      anon_inode:i915.gem
7f291daf2000-7f291dafa000 rw-s 12bd62000 00:11 2111                      anon_inode:i915.gem
7f291dafa000-7f291db02000 rw-s 12bd5a000 00:11 2111                      anon_inode:i915.gem
7f291db02000-7f291db06000 rw-s 12bd56000 00:11 2111                      anon_inode:i915.gem
7f291db06000-7f291db0a000 rw-s 12bd52000 00:11 2111                      anon_inode:i915.gem
7f291db0a000-7f291db12000 rw-s 12bd4a000 00:11 2111                      anon_inode:i915.gem
7f291db12000-7f291db16000 rw-s 12bd46000 00:11 2111                      anon_inode:i915.gem
7f291db16000-7f291db1e000 rw-s 12bd3e000 00:11 2111                      anon_inode:i915.gem
7f291db1e000-7f291db26000 rw-s 12bd36000 00:11 2111                      anon_inode:i915.gem
7f291db26000-7f291db2e000 rw-s 12bd2e000 00:11 2111                      anon_inode:i915.gem
7f291db2e000-7f291db36000 rw-s 12bd26000 00:11 2111                      anon_inode:i915.gem
7f291db36000-7f291db3e000 rw-s 12bd1e000 00:11 2111                      anon_inode:i915.gem
7f291db3e000-7f291db7e000 rw-s 12bcde000 00:11 2111                      anon_inode:i915.gem
7f291db7e000-7f291dbbe000 rw-s 12bc9e000 00:11 2111                      anon_inode:i915.gem
7f291dbbe000-7f291dbfe000 rw-s 12bc5e000 00:11 2111                      anon_inode:i915.gem
7f291dbfe000-7f291dc06000 rw-s 12bc56000 00:11 2111                      anon_inode:i915.gem
7f291dc06000-7f291dc0e000 rw-s 12bc4e000 00:11 2111                      anon_inode:i915.gem
7f291dc0e000-7f291dc16000 rw-s 12bc46000 00:11 2111                      anon_inode:i915.gem
7f291dc16000-7f291dc1e000 rw-s 12bc3e000 00:11 2111                      anon_inode:i915.gem
7f291dc1e000-7f291dc26000 rw-s 12bc36000 00:11 2111                      anon_inode:i915.gem
7f291dc26000-7f291dc2e000 rw-s 12bc2e000 00:11 2111                      anon_inode:i915.gem
7f291dc2e000-7f291dc36000 rw-s 12bc26000 00:11 2111                      anon_inode:i915.gem
7f291dc36000-7f291dc3e000 rw-s 12bc1e000 00:11 2111                      anon_inode:i915.gem
7f291dc3e000-7f291dc46000 rw-s 12bc16000 00:11 2111                      anon_inode:i915.gem
7f291dc46000-7f291dc4a000 rw-s 12bc12000 00:11 2111                      anon_inode:i915.gem
7f291dc4a000-7f291dc4c000 rw-s 12bc10000 00:11 2111                      anon_inode:i915.gem
7f291dc4c000-7f291dc4e000 rw-s 12bc0e000 00:11 2111                      anon_inode:i915.gem
7f291dc4e000-7f291dc50000 rw-s 12bc0c000 00:11 2111                      anon_inode:i915.gem
7f291dc50000-7f291dc52000 rw-s 12bc0a000 00:11 2111                      anon_inode:i915.gem
7f291dc52000-7f291dc54000 rw-s 12bc08000 00:11 2111                      anon_inode:i915.gem
7f291dc54000-7f291dc56000 rw-s 12bc06000 00:11 2111                      anon_inode:i915.gem
7f291dc56000-7f291dc58000 rw-s 12bc04000 00:11 2111                      anon_inode:i915.gem
7f291dc58000-7f291dc5a000 rw-s 1252b4000 00:11 2111                      anon_inode:i915.gem
7f291dc5a000-7f291dc62000 rw-s 12bbfc000 00:11 2111                      anon_inode:i915.gem
7f291dc62000-7f291dc6a000 rw-s 12bbf4000 00:11 2111                      anon_inode:i915.gem
7f291dc6a000-7f291dc72000 rw-s 1252ac000 00:11 2111                      anon_inode:i915.gem
7f291dc72000-7f291dc7a000 rw-s 1252a4000 00:11 2111                      anon_inode:i915.gem
7f291dc7a000-7f291dc82000 rw-s 12529c000 00:11 2111                      anon_inode:i915.gem
7f291dc82000-7f291dc8a000 rw-s 125294000 00:11 2111                      anon_inode:i915.gem
7f291dc8a000-7f291dc8c000 rw-s 125292000 00:11 2111                      anon_inode:i915.gem
7f291dc8c000-7f291dc90000 rw-s 12528e000 00:11 2111                      anon_inode:i915.gem
7f291dc90000-7f291dc98000 rw-s 125286000 00:11 2111                      anon_inode:i915.gem
7f291dc98000-7f291dca0000 rw-s 12527e000 00:11 2111                      anon_inode:i915.gem
7f291dca0000-7f291dca8000 rw-s 125276000 00:11 2111                      anon_inode:i915.gem
7f291dca8000-7f291dcb0000 rw-s 12526e000 00:11 2111                      anon_inode:i915.gem
7f291dcb0000-7f291dcb8000 rw-s 125266000 00:11 2111                      anon_inode:i915.gem
7f291dcb8000-7f291dcc0000 rw-s 12525e000 00:11 2111                      anon_inode:i915.gem
7f291dcc0000-7f291dcc8000 rw-s 125256000 00:11 2111                      anon_inode:i915.gem
7f291dcc8000-7f291dcd0000 rw-s 12524e000 00:11 2111                      anon_inode:i915.gem
7f291dcd0000-7f291dcd8000 rw-s 125246000 00:11 2111                      anon_inode:i915.gem
7f291dcd8000-7f291dcdc000 rw-s 125242000 00:11 2111                      anon_inode:i915.gem
7f291dcdc000-7f291dce0000 rw-s 12523e000 00:11 2111                      anon_inode:i915.gem
7f291dce0000-7f291dce8000 rw-s 125236000 00:11 2111                      anon_inode:i915.gem
7f291dce8000-7f291dcec000 rw-s 125232000 00:11 2111                      anon_inode:i915.gem
7f291dcec000-7f291dcf0000 rw-s 12522e000 00:11 2111                      anon_inode:i915.gem
7f291dcf0000-7f291dcf4000 rw-s 12522a000 00:11 2111                      anon_inode:i915.gem
7f291dcf4000-7f291dcf8000 rw-s 125226000 00:11 2111                      anon_inode:i915.gem
7f291dcf8000-7f291dcfc000 rw-s 125222000 00:11 2111                      anon_inode:i915.gem
7f291dcfc000-7f291dd00000 rw-s 12521e000 00:11 2111                      anon_inode:i915.gem
7f291dd00000-7f291dd04000 rw-s 12521a000 00:11 2111                      anon_inode:i915.gem
7f291dd04000-7f291dd08000 rw-s 125216000 00:11 2111                      anon_inode:i915.gem
7f291dd08000-7f291dd0c000 rw-s 125212000 00:11 2111                      anon_inode:i915.gem
7f291dd0c000-7f291dd10000 rw-s 12520e000 00:11 2111                      anon_inode:i915.gem
7f291dd10000-7f291dd14000 rw-s 12520a000 00:11 2111                      anon_inode:i915.gem
7f291dd14000-7f291dd18000 rw-s 125206000 00:11 2111                      anon_inode:i915.gem
7f291dd18000-7f291dd1c000 rw-s 125202000 00:11 2111                      anon_inode:i915.gem
7f291dd1c000-7f291dd20000 rw-s 1251fe000 00:11 2111                      anon_inode:i915.gem
7f291dd20000-7f291dd28000 rw-s 1251f6000 00:11 2111                      anon_inode:i915.gem
7f291dd28000-7f291dd30000 rw-s 1251ee000 00:11 2111                      anon_inode:i915.gem
7f291dd30000-7f291dd38000 rw-s 1251e6000 00:11 2111                      anon_inode:i915.gem
7f291dd38000-7f291dd40000 rw-s 1251de000 00:11 2111                      anon_inode:i915.gem
7f291dd40000-7f291dd48000 rw-s 1251d6000 00:11 2111                      anon_inode:i915.gem
7f291dd48000-7f291dd50000 rw-s 1251ce000 00:11 2111                      anon_inode:i915.gem
7f291dd50000-7f291dd58000 rw-s 1251c6000 00:11 2111                      anon_inode:i915.gem
7f291dd58000-7f291dd60000 rw-s 1251be000 00:11 2111                      anon_inode:i915.gem
7f291dd60000-7f291dd68000 rw-s 1251b6000 00:11 2111                      anon_inode:i915.gem
7f291dd68000-7f291dd70000 rw-s 1251ae000 00:11 2111                      anon_inode:i915.gem
7f291dd70000-7f291ddb0000 rw-s 12516e000 00:11 2111                      anon_inode:i915.gem
7f291ddb0000-7f291ddb8000 rw-s 125166000 00:11 2111                      anon_inode:i915.gem
7f291ddb8000-7f291ddc0000 rw-s 12515e000 00:11 2111                      anon_inode:i915.gem
7f291ddc0000-7f291ddc8000 rw-s 125156000 00:11 2111                      anon_inode:i915.gem
7f291ddc8000-7f291ddd0000 rw-s 12514e000 00:11 2111                      anon_inode:i915.gem
7f291ddd0000-7f291ddd8000 rw-s 125146000 00:11 2111                      anon_inode:i915.gem
7f291ddd8000-7f291dde0000 rw-s 12513e000 00:11 2111                      anon_inode:i915.gem
7f291dde0000-7f291dde8000 rw-s 125136000 00:11 2111                      anon_inode:i915.gem
7f291dde8000-7f291ddf0000 rw-s 12512e000 00:11 2111                      anon_inode:i915.gem
7f291ddf0000-7f291ddf8000 rw-s 125126000 00:11 2111                      anon_inode:i915.gem
7f291ddf8000-7f291de00000 rw-s 12511e000 00:11 2111                      anon_inode:i915.gem
7f291de00000-7f291de08000 rw-s 125116000 00:11 2111                      anon_inode:i915.gem
7f291de08000-7f291de10000 rw-s 12510e000 00:11 2111                      anon_inode:i915.gem
7f291de10000-7f291de18000 rw-s 125106000 00:11 2111                      anon_inode:i915.gem
7f291de18000-7f291de20000 rw-s 1250fe000 00:11 2111                      anon_inode:i915.gem
7f291de20000-7f291de28000 rw-s 1250f6000 00:11 2111                      anon_inode:i915.gem
7f291de28000-7f291de30000 rw-s 12f0a8000 00:11 2111                      anon_inode:i915.gem
7f291de30000-7f291de38000 rw-s 12f0a0000 00:11 2111                      anon_inode:i915.gem
7f291de38000-7f291de40000 rw-s 12f098000 00:11 2111                      anon_inode:i915.gem
7f291de40000-7f291de48000 rw-s 12f090000 00:11 2111                      anon_inode:i915.gem
7f291de48000-7f291de50000 rw-s 12f088000 00:11 2111                      anon_inode:i915.gem
7f291de50000-7f291e050000 rw-s 12b9f4000 00:11 2111                      anon_inode:i915.gem
7f291e050000-7f291e250000 rw-s 12b7f4000 00:11 2111                      anon_inode:i915.gem
7f291e250000-7f291e450000 rw-s 124eb6000 00:11 2111                      anon_inode:i915.gem
7f291e450000-7f291e650000 rw-s 124cb6000 00:11 2111                      anon_inode:i915.gem
7f291e650000-7f291ea50000 rw-s 1278ca000 00:11 2111                      anon_inode:i915.gem
7f291ea50000-7f291ec50000 rw-s 1276ca000 00:11 2111                      anon_inode:i915.gem
7f291ec50000-7f291ec58000 rw-s 1276c2000 00:11 2111                      anon_inode:i915.gem
7f291ec58000-7f291ec60000 rw-s 1276ba000 00:11 2111                      anon_inode:i915.gem
7f291ec60000-7f291ec68000 rw-s 1276b2000 00:11 2111                      anon_inode:i915.gem
7f291ec68000-7f291ec70000 rw-s 1276aa000 00:11 2111                      anon_inode:i915.gem
7f291ec70000-7f291ec78000 rw-s 1276a2000 00:11 2111                      anon_inode:i915.gem
7f291ec78000-7f291ec80000 rw-s 12769a000 00:11 2111                      anon_inode:i915.gem
7f291ec80000-7f291ec88000 rw-s 127692000 00:11 2111                      anon_inode:i915.gem
7f291ec88000-7f291ec90000 rw-s 12768a000 00:11 2111                      anon_inode:i915.gem
7f291ec90000-7f291ec98000 rw-s 127682000 00:11 2111                      anon_inode:i915.gem
7f291ec98000-7f291eca0000 rw-s 12767a000 00:11 2111                      anon_inode:i915.gem
7f291eca0000-7f291eca8000 rw-s 127672000 00:11 2111                      anon_inode:i915.gem
7f291eca8000-7f291ecb0000 rw-s 12766a000 00:11 2111                      anon_inode:i915.gem
7f291ecb0000-7f291ecb8000 rw-s 127662000 00:11 2111                      anon_inode:i915.gem
7f291ecb8000-7f291ecc0000 rw-s 12765a000 00:11 2111                      anon_inode:i915.gem
7f291ecc0000-7f291ecc8000 rw-s 127652000 00:11 2111                      anon_inode:i915.gem
7f291ecc8000-7f291ecd0000 rw-s 12764a000 00:11 2111                      anon_inode:i915.gem
7f291ecd0000-7f291ecd8000 rw-s 127642000 00:11 2111                      anon_inode:i915.gem
7f291ecd8000-7f291ece0000 rw-s 12763a000 00:11 2111                      anon_inode:i915.gem
7f291ece0000-7f291ece8000 rw-s 127632000 00:11 2111                      anon_inode:i915.gem
7f291ece8000-7f291ecf0000 rw-s 12762a000 00:11 2111                      anon_inode:i915.gem
7f291ecf0000-7f291ecf8000 rw-s 127622000 00:11 2111                      anon_inode:i915.gem
7f291ecf8000-7f291ed00000 rw-s 12761a000 00:11 2111                      anon_inode:i915.gem
7f291ed00000-7f291ed08000 rw-s 127612000 00:11 2111                      anon_inode:i915.gem
7f291ed08000-7f291ed10000 rw-s 12760a000 00:11 2111                      anon_inode:i915.gem
7f291ed10000-7f291ed18000 rw-s 127602000 00:11 2111                      anon_inode:i915.gem
7f291ed18000-7f291ed20000 rw-s 1275fa000 00:11 2111                      anon_inode:i915.gem
7f291ed20000-7f291ed28000 rw-s 1275f2000 00:11 2111                      anon_inode:i915.gem
7f291ed28000-7f291ed30000 rw-s 1275ea000 00:11 2111                      anon_inode:i915.gem
7f291ed30000-7f291ed38000 rw-s 1275e2000 00:11 2111                      anon_inode:i915.gem
7f291ed38000-7f291ed40000 rw-s 1275da000 00:11 2111                      anon_inode:i915.gem
7f291ed40000-7f291ed48000 rw-s 1275d2000 00:11 2111                      anon_inode:i915.gem
7f291ed48000-7f291ed50000 rw-s 1275ca000 00:11 2111                      anon_inode:i915.gem
7f291ed50000-7f291ed58000 rw-s 1275c2000 00:11 2111                      anon_inode:i915.gem
7f291ed58000-7f291ed60000 rw-s 1275ba000 00:11 2111                      anon_inode:i915.gem
7f291ed60000-7f291ed68000 rw-s 1275b2000 00:11 2111                      anon_inode:i915.gem
7f291ed68000-7f291ed70000 rw-s 1275aa000 00:11 2111                      anon_inode:i915.gem
7f291ed70000-7f291ed78000 rw-s 1275a2000 00:11 2111                      anon_inode:i915.gem
7f291ed78000-7f291ed80000 rw-s 12759a000 00:11 2111                      anon_inode:i915.gem
7f291ed80000-7f291ed88000 rw-s 127592000 00:11 2111                      anon_inode:i915.gem
7f291ed88000-7f291ed90000 rw-s 12758a000 00:11 2111                      anon_inode:i915.gem
7f291ed90000-7f291ed98000 rw-s 127582000 00:11 2111                      anon_inode:i915.gem
7f291ed98000-7f291eda0000 rw-s 12757a000 00:11 2111                      anon_inode:i915.gem
7f291eda0000-7f291eda8000 rw-s 127572000 00:11 2111                      anon_inode:i915.gem
7f291eda8000-7f291edb0000 rw-s 12756a000 00:11 2111                      anon_inode:i915.gem
7f291edb0000-7f291edb8000 rw-s 127562000 00:11 2111                      anon_inode:i915.gem
7f291edb8000-7f291edc0000 rw-s 12755a000 00:11 2111                      anon_inode:i915.gem
7f291edc0000-7f291edc8000 rw-s 127552000 00:11 2111                      anon_inode:i915.gem
7f291edc8000-7f291edcc000 rw-s 12754e000 00:11 2111                      anon_inode:i915.gem
7f291edcc000-7f291edd4000 rw-s 127546000 00:11 2111                      anon_inode:i915.gem
7f291edd4000-7f291edd8000 rw-s 127542000 00:11 2111                      anon_inode:i915.gem
7f291edd8000-7f291ede0000 rw-s 12753a000 00:11 2111                      anon_inode:i915.gem
7f291ede0000-7f291ede8000 rw-s 127532000 00:11 2111                      anon_inode:i915.gem
7f291ede8000-7f291edf0000 rw-s 12752a000 00:11 2111                      anon_inode:i915.gem
7f291edf0000-7f291edf8000 rw-s 127522000 00:11 2111                      anon_inode:i915.gem
7f291edf8000-7f291ee00000 rw-s 12751a000 00:11 2111                      anon_inode:i915.gem
7f291ee00000-7f291ee08000 rw-s 127512000 00:11 2111                      anon_inode:i915.gem
7f291ee08000-7f291ee0c000 rw-s 12750e000 00:11 2111                      anon_inode:i915.gem
7f291ee0c000-7f291ee10000 rw-s 12750a000 00:11 2111                      anon_inode:i915.gem
7f291ee10000-7f291ee14000 rw-s 127506000 00:11 2111                      anon_inode:i915.gem
7f291ee14000-7f291ee18000 rw-s 127502000 00:11 2111                      anon_inode:i915.gem
7f291ee18000-7f291ee20000 rw-s 1274fa000 00:11 2111                      anon_inode:i915.gem
7f291ee20000-7f291ee28000 rw-s 1274f2000 00:11 2111                      anon_inode:i915.gem
7f291ee28000-7f291ee2c000 rw-s 1274ee000 00:11 2111                      anon_inode:i915.gem
7f291ee2c000-7f291ee30000 rw-s 1274ea000 00:11 2111                      anon_inode:i915.gem
7f291ee30000-7f291ee34000 rw-s 1274e6000 00:11 2111                      anon_inode:i915.gem
7f291ee34000-7f291ee38000 rw-s 1274e2000 00:11 2111                      anon_inode:i915.gem
7f291ee38000-7f291ee3c000 rw-s 1274de000 00:11 2111                      anon_inode:i915.gem
7f291ee3c000-7f291ee40000 rw-s 1274da000 00:11 2111                      anon_inode:i915.gem
7f291ee40000-7f291ee48000 rw-s 1274d2000 00:11 2111                      anon_inode:i915.gem
7f291ee48000-7f291ee4c000 rw-s 1274ce000 00:11 2111                      anon_inode:i915.gem
7f291ee4c000-7f291ee50000 rw-s 1274ca000 00:11 2111                      anon_inode:i915.gem
7f291ee50000-7f291ee54000 rw-s 1274c6000 00:11 2111                      anon_inode:i915.gem
7f291ee54000-7f291ee58000 rw-s 1274c2000 00:11 2111                      anon_inode:i915.gem
7f291ee58000-7f291ee5c000 rw-s 1274be000 00:11 2111                      anon_inode:i915.gem
7f291ee5c000-7f291ee60000 rw-s 1274ba000 00:11 2111                      anon_inode:i915.gem
7f291ee60000-7f291ee64000 rw-s 1274b6000 00:11 2111                      anon_inode:i915.gem
7f291ee64000-7f291ee66000 rw-s 1274b4000 00:11 2111                      anon_inode:i915.gem
7f291ee66000-7f291ee68000 rw-s 1274b2000 00:11 2111                      anon_inode:i915.gem
7f291ee68000-7f291ee6c000 rw-s 1274ae000 00:11 2111                      anon_inode:i915.gem
7f291ee6c000-7f291ee6e000 rw-s 1274ac000 00:11 2111                      anon_inode:i915.gem
7f291ee6e000-7f291ee70000 rw-s 1274aa000 00:11 2111                      anon_inode:i915.gem
7f291ee70000-7f291ee72000 rw-s 1274a8000 00:11 2111                      anon_inode:i915.gem
7f291ee72000-7f291ee74000 rw-s 1274a6000 00:11 2111                      anon_inode:i915.gem
7f291ee74000-7f291ee78000 rw-s 1274a2000 00:11 2111                      anon_inode:i915.gem
7f291ee78000-7f291ee7a000 rw-s 1274a0000 00:11 2111                      anon_inode:i915.gem
7f291ee7a000-7f291ee7c000 rw-s 12749e000 00:11 2111                      anon_inode:i915.gem
7f291ee7c000-7f291ee7e000 rw-s 12749c000 00:11 2111                      anon_inode:i915.gem
7f291ee7e000-7f291ee80000 rw-s 12749a000 00:11 2111                      anon_inode:i915.gem
7f291ee80000-7f291ee84000 rw-s 127496000 00:11 2111                      anon_inode:i915.gem
7f291ee84000-7f291ee88000 rw-s 127492000 00:11 2111                      anon_inode:i915.gem
7f291ee88000-7f291ee8c000 rw-s 12748e000 00:11 2111                      anon_inode:i915.gem
7f291ee8c000-7f291ee8e000 rw-s 12748c000 00:11 2111                      anon_inode:i915.gem
7f291ee8e000-7f291ee92000 rw-s 127488000 00:11 2111                      anon_inode:i915.gem
7f291ee92000-7f291ee96000 rw-s 127484000 00:11 2111                      anon_inode:i915.gem
7f291ee96000-7f291ee98000 rw-s 127482000 00:11 2111                      anon_inode:i915.gem
7f291ee98000-7f291ee9a000 rw-s 127480000 00:11 2111                      anon_inode:i915.gem
7f291ee9a000-7f291ee9e000 rw-s 12747c000 00:11 2111                      anon_inode:i915.gem
7f291ee9e000-7f291eea2000 rw-s 127478000 00:11 2111                      anon_inode:i915.gem
7f291eea2000-7f291eea6000 rw-s 127474000 00:11 2111                      anon_inode:i915.gem
7f291eea6000-7f291eeaa000 rw-s 127470000 00:11 2111                      anon_inode:i915.gem
7f291eeaa000-7f291eeac000 rw-s 12746e000 00:11 2111                      anon_inode:i915.gem
7f291eeac000-7f291eeb0000 rw-s 12746a000 00:11 2111                      anon_inode:i915.gem
7f291eeb0000-7f291eeb2000 rw-s 127468000 00:11 2111                      anon_inode:i915.gem
7f291eeb2000-7f291eeb4000 rw-s 127466000 00:11 2111                      anon_inode:i915.gem
7f291eeb4000-7f291eeb6000 rw-s 127464000 00:11 2111                      anon_inode:i915.gem
7f291eeb6000-7f291eeba000 rw-s 127460000 00:11 2111                      anon_inode:i915.gem
7f291eeba000-7f291eebc000 rw-s 12745e000 00:11 2111                      anon_inode:i915.gem
7f291eebc000-7f291eec0000 rw-s 12745a000 00:11 2111                      anon_inode:i915.gem
7f291eec0000-7f291eec2000 rw-s 127458000 00:11 2111                      anon_inode:i915.gem
7f291eec2000-7f291eec6000 rw-s 127454000 00:11 2111                      anon_inode:i915.gem
7f291eec6000-7f291eeca000 rw-s 127450000 00:11 2111                      anon_inode:i915.gem
7f291eeca000-7f291eece000 rw-s 12744c000 00:11 2111                      anon_inode:i915.gem
7f291eece000-7f291eed2000 rw-s 127448000 00:11 2111                      anon_inode:i915.gem
7f291eed2000-7f291eed6000 rw-s 127444000 00:11 2111                      anon_inode:i915.gem
7f291eed6000-7f291eeda000 rw-s 127440000 00:11 2111                      anon_inode:i915.gem
7f291eeda000-7f291eede000 rw-s 12743c000 00:11 2111                      anon_inode:i915.gem
7f291eede000-7f291eee2000 rw-s 127438000 00:11 2111                      anon_inode:i915.gem
7f291eee2000-7f291eee6000 rw-s 127434000 00:11 2111                      anon_inode:i915.gem
7f291eee6000-7f291eeee000 rw-s 12742c000 00:11 2111                      anon_inode:i915.gem
7f291eeee000-7f291eef2000 rw-s 127428000 00:11 2111                      anon_inode:i915.gem
7f291eef2000-7f291eef6000 rw-s 127424000 00:11 2111                      anon_inode:i915.gem
7f291eef6000-7f291eefa000 rw-s 127420000 00:11 2111                      anon_inode:i915.gem
7f291eefa000-7f291eefe000 rw-s 12741c000 00:11 2111                      anon_inode:i915.gem
7f291eefe000-7f291ef02000 rw-s 127418000 00:11 2111                      anon_inode:i915.gem
7f291ef02000-7f291ef06000 rw-s 127414000 00:11 2111                      anon_inode:i915.gem
7f291ef06000-7f291ef0a000 rw-s 127410000 00:11 2111                      anon_inode:i915.gem
7f291ef0a000-7f291ef0e000 rw-s 12740c000 00:11 2111                      anon_inode:i915.gem
7f291ef0e000-7f291ef12000 rw-s 127408000 00:11 2111                      anon_inode:i915.gem
7f291ef12000-7f291ef16000 rw-s 127404000 00:11 2111                      anon_inode:i915.gem
7f291ef16000-7f291ef1a000 rw-s 127400000 00:11 2111                      anon_inode:i915.gem
7f291ef1a000-7f291ef1e000 rw-s 1273fc000 00:11 2111                      anon_inode:i915.gem
7f291ef1e000-7f291ef22000 rw-s 1273f8000 00:11 2111                      anon_inode:i915.gem
7f291ef22000-7f291ef26000 rw-s 1273f4000 00:11 2111                      anon_inode:i915.gem
7f291ef26000-7f291ef2a000 rw-s 1273f0000 00:11 2111                      anon_inode:i915.gem
7f291ef2a000-7f291ef32000 rw-s 1273e8000 00:11 2111                      anon_inode:i915.gem
7f291ef32000-7f291ef3a000 rw-s 1273e0000 00:11 2111                      anon_inode:i915.gem
7f291ef3a000-7f291ef3c000 rw-s 1273de000 00:11 2111                      anon_inode:i915.gem
7f291ef3c000-7f291ef3e000 rw-s 1273dc000 00:11 2111                      anon_inode:i915.gem
7f291ef3e000-7f291ef42000 rw-s 1273d8000 00:11 2111                      anon_inode:i915.gem
7f291ef42000-7f291ef44000 rw-s 1273d6000 00:11 2111                      anon_inode:i915.gem
7f291ef44000-7f291ef46000 rw-s 1273d4000 00:11 2111                      anon_inode:i915.gem
7f291ef46000-7f291ef4a000 rw-s 1273d0000 00:11 2111                      anon_inode:i915.gem
7f291ef4a000-7f291ef4c000 rw-s 1273ce000 00:11 2111                      anon_inode:i915.gem
7f291ef4c000-7f291ef4e000 rw-s 1273cc000 00:11 2111                      anon_inode:i915.gem
7f291ef4e000-7f291ef50000 rw-s 1273ca000 00:11 2111                      anon_inode:i915.gem
7f291ef50000-7f291ef52000 rw-s 1273c8000 00:11 2111                      anon_inode:i915.gem
7f291ef52000-7f291ef56000 rw-s 1273c4000 00:11 2111                      anon_inode:i915.gem
7f291ef56000-7f291ef5a000 rw-s 1273c0000 00:11 2111                      anon_inode:i915.gem
7f291ef5a000-7f291ef5e000 rw-s 1273bc000 00:11 2111                      anon_inode:i915.gem
7f291ef5e000-7f291ef62000 rw-s 1273b8000 00:11 2111                      anon_inode:i915.gem
7f291ef62000-7f291ef66000 rw-s 1273b4000 00:11 2111                      anon_inode:i915.gem
7f291ef66000-7f291ef6a000 rw-s 1273b0000 00:11 2111                      anon_inode:i915.gem
7f291ef6a000-7f291ef72000 rw-s 1273a8000 00:11 2111                      anon_inode:i915.gem
7f291ef72000-7f291ef74000 rw-s 1273a6000 00:11 2111                      anon_inode:i915.gem
7f291ef74000-7f291ef78000 rw-s 1273a2000 00:11 2111                      anon_inode:i915.gem
7f291ef78000-7f291ef7a000 rw-s 1273a0000 00:11 2111                      anon_inode:i915.gem
7f291ef7a000-7f291ef7c000 rw-s 12739e000 00:11 2111                      anon_inode:i915.gem
7f291ef7c000-7f291ef80000 rw-s 12739a000 00:11 2111                      anon_inode:i915.gem
7f291ef80000-7f291ef84000 rw-s 127396000 00:11 2111                      anon_inode:i915.gem
7f291ef84000-7f291ef88000 rw-s 127392000 00:11 2111                      anon_inode:i915.gem
7f291ef88000-7f291ef8c000 rw-s 12738e000 00:11 2111                      anon_inode:i915.gem
7f291ef8c000-7f291ef90000 rw-s 12738a000 00:11 2111                      anon_inode:i915.gem
7f291ef90000-7f291ef92000 rw-s 127388000 00:11 2111                      anon_inode:i915.gem
7f291ef92000-7f291ef96000 rw-s 127384000 00:11 2111                      anon_inode:i915.gem
7f291ef96000-7f291ef9a000 rw-s 127380000 00:11 2111                      anon_inode:i915.gem
7f291ef9a000-7f291ef9c000 rw-s 12737e000 00:11 2111                      anon_inode:i915.gem
7f291ef9c000-7f291efa0000 rw-s 12737a000 00:11 2111                      anon_inode:i915.gem
7f291efa0000-7f291efa4000 rw-s 127376000 00:11 2111                      anon_inode:i915.gem
7f291efa4000-7f291efa6000 rw-s 127374000 00:11 2111                      anon_inode:i915.gem
7f291efa6000-7f291efa8000 rw-s 127372000 00:11 2111                      anon_inode:i915.gem
7f291efa8000-7f291efaa000 rw-s 127370000 00:11 2111                      anon_inode:i915.gem
7f291efaa000-7f291efac000 rw-s 12736e000 00:11 2111                      anon_inode:i915.gem
7f291efac000-7f291efae000 rw-s 12736c000 00:11 2111                      anon_inode:i915.gem
7f291efae000-7f291efb0000 rw-s 12736a000 00:11 2111                      anon_inode:i915.gem
7f291efb0000-7f291efb2000 rw-s 127368000 00:11 2111                      anon_inode:i915.gem
7f291efb2000-7f291efb4000 rw-s 127366000 00:11 2111                      anon_inode:i915.gem
7f291efb4000-7f291efb6000 rw-s 127364000 00:11 2111                      anon_inode:i915.gem
7f291efb6000-7f291efb8000 rw-s 127362000 00:11 2111                      anon_inode:i915.gem
7f291efb8000-7f291efbc000 rw-s 12735e000 00:11 2111                      anon_inode:i915.gem
7f291efbc000-7f291efbe000 rw-s 12735c000 00:11 2111                      anon_inode:i915.gem
7f291efbe000-7f291efc0000 rw-s 12735a000 00:11 2111                      anon_inode:i915.gem
7f291efc0000-7f291efc2000 rw-s 127358000 00:11 2111                      anon_inode:i915.gem
7f291efc2000-7f291efc4000 rw-s 127356000 00:11 2111                      anon_inode:i915.gem
7f291efc4000-7f291efcc000 rw-s 12734e000 00:11 2111                      anon_inode:i915.gem
7f291efcc000-7f291efce000 rw-s 12734c000 00:11 2111                      anon_inode:i915.gem
7f291efce000-7f291efd2000 rw-s 127348000 00:11 2111                      anon_inode:i915.gem
7f291efd2000-7f291efd4000 rw-s 127346000 00:11 2111                      anon_inode:i915.gem
7f291efd4000-7f291efd6000 rw-s 127344000 00:11 2111                      anon_inode:i915.gem
7f291efd6000-7f291efda000 rw-s 127340000 00:11 2111                      anon_inode:i915.gem
7f291efda000-7f291efde000 rw-s 12733c000 00:11 2111                      anon_inode:i915.gem
7f291efde000-7f291efe2000 rw-s 127338000 00:11 2111                      anon_inode:i915.gem
7f291efe2000-7f291efe6000 rw-s 127334000 00:11 2111                      anon_inode:i915.gem
7f291efe6000-7f291efea000 rw-s 105d0c000 00:11 2111                      anon_inode:i915.gem
7f291efea000-7f291efec000 rw-s 127332000 00:11 2111                      anon_inode:i915.gem
7f291efec000-7f291efee000 rw-s 127330000 00:11 2111                      anon_inode:i915.gem
7f291efee000-7f291eff2000 rw-s 12732c000 00:11 2111                      anon_inode:i915.gem
7f291eff2000-7f291eff4000 rw-s 12732a000 00:11 2111                      anon_inode:i915.gem
7f291eff4000-7f291eff6000 rw-s 127328000 00:11 2111                      anon_inode:i915.gem
7f291eff6000-7f291eff8000 rw-s 127326000 00:11 2111                      anon_inode:i915.gem
7f291eff8000-7f291effc000 rw-s 127322000 00:11 2111                      anon_inode:i915.gem
7f291effc000-7f291f000000 rw-s 12731e000 00:11 2111                      anon_inode:i915.gem
7f291f000000-7f291f004000 rw-s 12731a000 00:11 2111                      anon_inode:i915.gem
7f291f004000-7f291f008000 rw-s 127316000 00:11 2111                      anon_inode:i915.gem
7f291f008000-7f291f00a000 rw-s 127314000 00:11 2111                      anon_inode:i915.gem
7f291f00a000-7f291f00c000 rw-s 127312000 00:11 2111                      anon_inode:i915.gem
7f291f00c000-7f291f010000 rw-s 12730e000 00:11 2111                      anon_inode:i915.gem
7f291f010000-7f291f014000 rw-s 12730a000 00:11 2111                      anon_inode:i915.gem
7f291f014000-7f291f018000 rw-s 127306000 00:11 2111                      anon_inode:i915.gem
7f291f018000-7f291f01c000 rw-s 127302000 00:11 2111                      anon_inode:i915.gem
7f291f01c000-7f291f020000 rw-s 1272fe000 00:11 2111                      anon_inode:i915.gem
7f291f020000-7f291f024000 rw-s 1272fa000 00:11 2111                      anon_inode:i915.gem
7f291f024000-7f291f028000 rw-s 1272f6000 00:11 2111                      anon_inode:i915.gem
7f291f028000-7f291f02c000 rw-s 1272f2000 00:11 2111                      anon_inode:i915.gem
7f291f02c000-7f291f030000 rw-s 1272ee000 00:11 2111                      anon_inode:i915.gem
7f291f030000-7f291f034000 rw-s 1272ea000 00:11 2111                      anon_inode:i915.gem
7f291f034000-7f291f038000 rw-s 1272e6000 00:11 2111                      anon_inode:i915.gem
7f291f038000-7f291f03c000 rw-s 1272e2000 00:11 2111                      anon_inode:i915.gem
7f291f03c000-7f291f040000 rw-s 1272de000 00:11 2111                      anon_inode:i915.gem
7f291f040000-7f291f044000 rw-s 1272da000 00:11 2111                      anon_inode:i915.gem
7f291f044000-7f291f048000 rw-s 1272d6000 00:11 2111                      anon_inode:i915.gem
7f291f048000-7f291f050000 rw-s 1272ce000 00:11 2111                      anon_inode:i915.gem
7f291f050000-7f291f058000 rw-s 1272c6000 00:11 2111                      anon_inode:i915.gem
7f291f058000-7f291f05c000 rw-s 1272c2000 00:11 2111                      anon_inode:i915.gem
7f291f05c000-7f291f060000 rw-s 1272be000 00:11 2111                      anon_inode:i915.gem
7f291f060000-7f291f064000 rw-s 1272ba000 00:11 2111                      anon_inode:i915.gem
7f291f064000-7f291f068000 rw-s 1272b6000 00:11 2111                      anon_inode:i915.gem
7f291f068000-7f291f06c000 rw-s 1272b2000 00:11 2111                      anon_inode:i915.gem
7f291f06c000-7f291f070000 rw-s 1272ae000 00:11 2111                      anon_inode:i915.gem
7f291f070000-7f291f072000 rw-s 1272ac000 00:11 2111                      anon_inode:i915.gem
7f291f072000-7f291f074000 rw-s 1272aa000 00:11 2111                      anon_inode:i915.gem
7f291f075000-7f291f077000 rw-s 1272a7000 00:11 2111                      anon_inode:i915.gem
7f291f079000-7f291f07d000 rw-s 1272a1000 00:11 2111                      anon_inode:i915.gem
7f291f07f000-7f291f081000 rw-s 12729d000 00:11 2111                      anon_inode:i915.gem
7f291f081000-7f291f083000 rw-s 12729b000 00:11 2111                      anon_inode:i915.gem
7f291f084000-7f291f088000 rw-s 127296000 00:11 2111                      anon_inode:i915.gem
7f291f08c000-7f291f090000 rw-s 12728e000 00:11 2111                      anon_inode:i915.gem
7f291f090000-7f291f094000 rw-s 12728a000 00:11 2111                      anon_inode:i915.gem
7f291f094000-7f291f098000 rw-s 127286000 00:11 2111                      anon_inode:i915.gem
7f291f098000-7f291f09a000 rw-s 127284000 00:11 2111                      anon_inode:i915.gem
7f291f09a000-7f291f09c000 rw-s 127282000 00:11 2111                      anon_inode:i915.gem
7f291f09c000-7f291f09e000 rw-s 127280000 00:11 2111                      anon_inode:i915.gem
7f291f09e000-7f291f0a0000 rw-s 12727e000 00:11 2111                      anon_inode:i915.gem
7f291f0a0000-7f291f0a2000 rw-s 12727c000 00:11 2111                      anon_inode:i915.gem
7f291f0a2000-7f291f0a4000 rw-s 12727a000 00:11 2111                      anon_inode:i915.gem
7f291f0a4000-7f291f0a6000 rw-s 127278000 00:11 2111                      anon_inode:i915.gem
7f291f0a6000-7f291f0a8000 rw-s 127276000 00:11 2111                      anon_inode:i915.gem
7f291f0a8000-7f291f0aa000 rw-s 127274000 00:11 2111                      anon_inode:i915.gem
7f291f0aa000-7f291f0ac000 rw-s 127272000 00:11 2111                      anon_inode:i915.gem
7f291f0ac000-7f291f0ae000 rw-s 127270000 00:11 2111                      anon_inode:i915.gem
7f291f0ae000-7f291f0b0000 rw-s 12726e000 00:11 2111                      anon_inode:i915.gem
7f291f0b0000-7f291f0b2000 rw-s 12726c000 00:11 2111                      anon_inode:i915.gem
7f291f0b2000-7f291f0b4000 rw-s 12726a000 00:11 2111                      anon_inode:i915.gem
7f291f0b4000-7f291f0b6000 rw-s 127268000 00:11 2111                      anon_inode:i915.gem
7f291f0b6000-7f291f0b8000 rw-s 127266000 00:11 2111                      anon_inode:i915.gem
7f291f0b8000-7f291f0bc000 rw-s 127262000 00:11 2111                      anon_inode:i915.gem
7f291f0bc000-7f291f0be000 rw-s 127260000 00:11 2111                      anon_inode:i915.gem
7f291f0be000-7f291f0c2000 rw-s 12725c000 00:11 2111                      anon_inode:i915.gem
7f291f0c2000-7f291f0ca000 rw-s 127254000 00:11 2111                      anon_inode:i915.gem
7f291f0ca000-7f291f0cc000 rw-s 127252000 00:11 2111                      anon_inode:i915.gem
7f291f0cc000-7f291f0ce000 rw-s 127250000 00:11 2111                      anon_inode:i915.gem
7f291f0ce000-7f291f0d0000 rw-s 12724e000 00:11 2111                      anon_inode:i915.gem
7f291f0d0000-7f291f0d4000 rw-s 12724a000 00:11 2111                      anon_inode:i915.gem
7f291f0d4000-7f291f0d6000 rw-s 127248000 00:11 2111                      anon_inode:i915.gem
7f291f0d6000-7f291f0d8000 rw-s 127246000 00:11 2111                      anon_inode:i915.gem
7f291f0d8000-7f291f0da000 rw-s 12b7e2000 00:11 2111                      anon_inode:i915.gem
7f291f0da000-7f291f0dc000 rw-s 129592000 00:11 2111                      anon_inode:i915.gem
7f291f0dc000-7f291f0e0000 rw-s 127242000 00:11 2111                      anon_inode:i915.gem
7f291f0e0000-7f291f0e8000 rw-s 127062000 00:11 2111                      anon_inode:i915.gem
7f291f0e8000-7f291f0ec000 rw-s 12705e000 00:11 2111                      anon_inode:i915.gem
7f291f0ec000-7f291f0f4000 rw-s 127056000 00:11 2111                      anon_inode:i915.gem
7f291f0f4000-7f291f0fc000 rw-s 12714e000 00:11 2111                      anon_inode:i915.gem
7f291f0fc000-7f291f100000 rw-s 12714a000 00:11 2111                      anon_inode:i915.gem
7f291f100000-7f291f140000 rw-s 1271d6000 00:11 2111                      anon_inode:i915.gem
7f291f140000-7f291f180000 rw-s 1270b6000 00:11 2111                      anon_inode:i915.gem
7f291f180000-7f291f1c0000 rw-s 127156000 00:11 2111                      anon_inode:i915.gem
7f291f1c0000-7f291f1c4000 rw-s 127146000 00:11 2111                      anon_inode:i915.gem
7f291f1c4000-7f291f1cc000 rw-s 12713e000 00:11 2111                      anon_inode:i915.gem
7f291f1cc000-7f291f1d4000 rw-s 127136000 00:11 2111                      anon_inode:i915.gem
7f291f1d4000-7f291f1d8000 rw-s 10d07e000 00:11 2111                      anon_inode:i915.gem
7f291f1d8000-7f291f1e0000 rw-s 10d072000 00:11 2111                      anon_inode:i915.gem
7f291f1e0000-7f291f220000 rw-s 1270f6000 00:11 2111                      anon_inode:i915.gem
7f291f220000-7f291f260000 rw-s 127196000 00:11 2111                      anon_inode:i915.gem
7f291f260000-7f291f2a0000 rw-s 127076000 00:11 2111                      anon_inode:i915.gem
7f291f2c0000-7f291f300000 rw-s 127016000 00:11 2111                      anon_inode:i915.gem
7f291f300000-7f291f304000 rw-s 12f2f0000 00:11 2111                      anon_inode:i915.gem
7f291f304000-7f291f308000 rw-s 12f29c000 00:11 2111                      anon_inode:i915.gem
7f291f308000-7f291f310000 rw-s 12f294000 00:11 2111                      anon_inode:i915.gem
7f291f310000-7f291f318000 rw-s 12f28c000 00:11 2111                      anon_inode:i915.gem
7f291f318000-7f291f320000 rw-s 12f280000 00:11 2111                      anon_inode:i915.gem
7f291f320000-7f291f360000 rw-s 126fb6000 00:11 2111                      anon_inode:i915.gem
7f291f360000-7f291f3a0000 rw-s 126f76000 00:11 2111                      anon_inode:i915.gem
7f291f3a0000-7f291f3a4000 rw-s 12f288000 00:11 2111                      anon_inode:i915.gem
7f291f3a4000-7f291f3ac000 rw-s 12f278000 00:11 2111                      anon_inode:i915.gem
7f291f3ac000-7f291f3b0000 rw-s 12f274000 00:11 2111                      anon_inode:i915.gem
7f291f3b0000-7f291f3b4000 rw-s 116c21000 00:11 2111                      anon_inode:i915.gem
7f291f3b4000-7f291f3b8000 rw-s 116c1d000 00:11 2111                      anon_inode:i915.gem
7f291f3b8000-7f291f3c0000 rw-s 116c15000 00:11 2111                      anon_inode:i915.gem
7f291f3c0000-7f291f400000 rw-s 12f394000 00:11 2111                      anon_inode:i915.gem
7f291f400000-7f291f600000 rw-s 10a962000 00:11 2111                      anon_inode:i915.gem
7f291f600000-7f291f640000 rw-s 126eb6000 00:11 2111                      anon_inode:i915.gem
7f291f640000-7f291f680000 rw-s 126e76000 00:11 2111                      anon_inode:i915.gem
7f291f680000-7f291f6c0000 rw-s 126e36000 00:11 2111                      anon_inode:i915.gem
7f291f6c0000-7f291f700000 rw-s 126df6000 00:11 2111                      anon_inode:i915.gem
7f291f700000-7f291f740000 rw-s 126db6000 00:11 2111                      anon_inode:i915.gem
7f291f740000-7f291f780000 rw-s 126d76000 00:11 2111                      anon_inode:i915.gem
7f291f7fe000-7f291f7ff000 rw-p 00000000 00:00 0 
7f291f7ff000-7f291f803000 ---p 00000000 00:00 0 
7f291f803000-7f291fa00000 rw-p 00000000 00:00 0 
7f291fa00000-7f291fc00000 rw-s 1268b6000 00:11 2111                      anon_inode:i915.gem
7f291fc40000-7f291fc80000 rw-s 12b6be000 00:11 2111                      anon_inode:i915.gem
7f291fc80000-7f291fd00000 rw-s 10cf62000 00:11 2111                      anon_inode:i915.gem
7f291fd00000-7f291ff00000 rw-s 1265b6000 00:11 2111                      anon_inode:i915.gem
7f291ff00000-7f2920100000 rw-s 1263b6000 00:11 2111                      anon_inode:i915.gem
7f2920100000-7f2920300000 rw-s 1261b6000 00:11 2111                      anon_inode:i915.gem
7f2920301000-7f2920311000 rw-s 126870000 00:11 2111                      anon_inode:i915.gem
7f2920341000-7f2920349000 rw-s 1267b8000 00:11 2111                      anon_inode:i915.gem
7f2920349000-7f292034b000 rw-s 1267b6000 00:11 2111                      anon_inode:i915.gem
7f292034b000-7f292034d000 rw-s 10c69f000 00:11 2111                      anon_inode:i915.gem
7f292034d000-7f292034f000 rw-s 10c69d000 00:11 2111                      anon_inode:i915.gem
7f292034f000-7f2920351000 rw-s 10c69b000 00:11 2111                      anon_inode:i915.gem
7f2920351000-7f2920353000 rw-s 10c699000 00:11 2111                      anon_inode:i915.gem
7f2920353000-7f2920355000 rw-s 10c697000 00:11 2111                      anon_inode:i915.gem
7f2920355000-7f2920359000 rw-s 10c693000 00:11 2111                      anon_inode:i915.gem
7f292035b000-7f292035d000 rw-s 10c68f000 00:11 2111                      anon_inode:i915.gem
7f292035f000-7f2920361000 rw-s 10c68b000 00:11 2111                      anon_inode:i915.gem
7f2920376000-7f2920378000 rw-s 10d1b4000 00:11 2111                      anon_inode:i915.gem
7f292037c000-7f2920384000 rw-s 10d1a8000 00:11 2111                      anon_inode:i915.gem
7f2920384000-7f2920386000 rw-s 10d1a6000 00:11 2111                      anon_inode:i915.gem
7f292038b000-7f292038d000 rw-s 10ac3f000 00:11 2111                      anon_inode:i915.gem
7f29203a4000-7f29203a6000 rw-s 10ac26000 00:11 2111                      anon_inode:i915.gem
7f29203a6000-7f29203a8000 rw-s 10ac24000 00:11 2111                      anon_inode:i915.gem
7f29203a8000-7f29203b0000 rw-s 10c682000 00:11 2111                      anon_inode:i915.gem
7f2920400000-7f2920600000 rw-s 125eb6000 00:11 2111                      anon_inode:i915.gem
7f2920600000-7f2920800000 rw-s 125cb6000 00:11 2111                      anon_inode:i915.gem
7f2920800000-7f2920a00000 rw-s 125ab6000 00:11 2111                      anon_inode:i915.gem
7f2920a00000-7f2920c00000 rw-s 1258b6000 00:11 2111                      anon_inode:i915.gem
7f2920c00000-7f2920e00000 rw-s 1256b6000 00:11 2111                      anon_inode:i915.gem
7f2920e00000-7f2921000000 rw-s 1254b6000 00:11 2111                      anon_inode:i915.gem
7f2921000000-7f2921200000 rw-s 1252b6000 00:11 2111                      anon_inode:i915.gem
7f2921200000-7f2921400000 rw-s 109562000 00:11 2111                      anon_inode:i915.gem
7f2921400000-7f29214aa000 r-xp 00000000 00:38 404                        /tmp/libgdxmirtemir/125b804a/libgdx-freetype64.so
7f29214aa000-7f29216aa000 ---p 000aa000 00:38 404                        /tmp/libgdxmirtemir/125b804a/libgdx-freetype64.so
7f29216aa000-7f29216b0000 r--p 000aa000 00:38 404                        /tmp/libgdxmirtemir/125b804a/libgdx-freetype64.so
7f29216b0000-7f29216b1000 rw-p 000b0000 00:38 404                        /tmp/libgdxmirtemir/125b804a/libgdx-freetype64.so
7f29216b1000-7f29216b5000 rw-s 12723e000 00:11 2111                      anon_inode:i915.gem
7f29216b5000-7f29216b9000 rw-s 12723a000 00:11 2111                      anon_inode:i915.gem
7f29216b9000-7f29216bd000 rw-s 127236000 00:11 2111                      anon_inode:i915.gem
7f29216bd000-7f29216c1000 rw-s 12958e000 00:11 2111                      anon_inode:i915.gem
7f29216c1000-7f29216c9000 rw-s 116c0d000 00:11 2111                      anon_inode:i915.gem
7f29216c9000-7f29216d1000 rw-s 116c05000 00:11 2111                      anon_inode:i915.gem
7f29216d1000-7f29216d9000 rw-s 116bfd000 00:11 2111                      anon_inode:i915.gem
7f29216d9000-7f29216e1000 rw-s 12d3ec000 00:11 2111                      anon_inode:i915.gem
7f29216e1000-7f2921721000 rw-s 126d36000 00:11 2111                      anon_inode:i915.gem
7f2921721000-7f2921722000 rw-p 00000000 00:00 0 
7f2921722000-7f2921726000 ---p 00000000 00:00 0 
7f2921726000-7f2921822000 rw-p 00000000 00:00 0 
7f2921822000-7f2921826000 rw-s 12b7de000 00:11 2111                      anon_inode:i915.gem
7f2921826000-7f292182e000 rw-s 12d3e4000 00:11 2111                      anon_inode:i915.gem
7f292182e000-7f2921836000 rw-s 12d3dc000 00:11 2111                      anon_inode:i915.gem
7f2921836000-7f292183e000 rw-s 12d3d4000 00:11 2111                      anon_inode:i915.gem
7f292183e000-7f2921846000 rw-s 12d3cc000 00:11 2111                      anon_inode:i915.gem
7f2921846000-7f292184e000 rw-s 129586000 00:11 2111                      anon_inode:i915.gem
7f292184e000-7f2921856000 rw-s 12957e000 00:11 2111                      anon_inode:i915.gem
7f2921856000-7f29218d6000 rw-s 116b6d000 00:11 2111                      anon_inode:i915.gem
7f29218d6000-7f2921916000 rw-s 12953e000 00:11 2111                      anon_inode:i915.gem
7f2921916000-7f2921996000 rw-s 106d82000 00:11 2111                      anon_inode:i915.gem
7f2921996000-7f2921a16000 rw-s 1176b6000 00:11 2111                      anon_inode:i915.gem
7f2921a16000-7f2921a1a000 rw-s 12f0b0000 00:11 2111                      anon_inode:i915.gem
7f2921a1a000-7f2921a5a000 rw-s 1250b6000 00:11 2111                      anon_inode:i915.gem
7f2921a5a000-7f2921a9a000 rw-s 12f048000 00:11 2111                      anon_inode:i915.gem
7f2921a9a000-7f2921aa2000 rw-s 12f040000 00:11 2111                      anon_inode:i915.gem
7f2921aa2000-7f2921aaa000 rw-s 12f038000 00:11 2111                      anon_inode:i915.gem
7f2921aaa000-7f2921ab2000 rw-s 12f030000 00:11 2111                      anon_inode:i915.gem
7f2921ab2000-7f2921aba000 rw-s 12f028000 00:11 2111                      anon_inode:i915.gem
7f2921aba000-7f2921abe000 rw-s 12f024000 00:11 2111                      anon_inode:i915.gem
7f2921abe000-7f2921ac6000 rw-s 12f01c000 00:11 2111                      anon_inode:i915.gem
7f2921ac6000-7f2921aca000 rw-s 12f018000 00:11 2111                      anon_inode:i915.gem
7f2921aca000-7f2921ace000 rw-s 12f014000 00:11 2111                      anon_inode:i915.gem
7f2921ace000-7f2921ad6000 rw-s 12f00c000 00:11 2111                      anon_inode:i915.gem
7f2921ad6000-7f2921ada000 rw-s 12f008000 00:11 2111                      anon_inode:i915.gem
7f2921ada000-7f2921ade000 rw-s 12f004000 00:11 2111                      anon_inode:i915.gem
7f2921ade000-7f2921ae6000 rw-s 12effc000 00:11 2111                      anon_inode:i915.gem
7f2921ae6000-7f2921aea000 rw-s 12eff8000 00:11 2111                      anon_inode:i915.gem
7f2921aea000-7f2921aee000 rw-s 12eff4000 00:11 2111                      anon_inode:i915.gem
7f2921aee000-7f2921af2000 rw-s 12eff0000 00:11 2111                      anon_inode:i915.gem
7f2921af2000-7f2921af6000 rw-s 12efec000 00:11 2111                      anon_inode:i915.gem
7f2921af6000-7f2921afe000 rw-s 12efe4000 00:11 2111                      anon_inode:i915.gem
7f2921afe000-7f2921b06000 rw-s 12efdc000 00:11 2111                      anon_inode:i915.gem
7f2921b06000-7f2921b0a000 rw-s 12efd8000 00:11 2111                      anon_inode:i915.gem
7f2921b0a000-7f2921b0e000 rw-s 12efd4000 00:11 2111                      anon_inode:i915.gem
7f2921b0e000-7f2921b16000 rw-s 12efcc000 00:11 2111                      anon_inode:i915.gem
7f2921b16000-7f2921b1e000 rw-s 12efc4000 00:11 2111                      anon_inode:i915.gem
7f2921b1e000-7f2921b22000 rw-s 12efc0000 00:11 2111                      anon_inode:i915.gem
7f2921b22000-7f2921b26000 rw-s 12efbc000 00:11 2111                      anon_inode:i915.gem
7f2921b26000-7f2921b2a000 rw-s 12efb8000 00:11 2111                      anon_inode:i915.gem
7f2921b2a000-7f2921b2e000 rw-s 12efb4000 00:11 2111                      anon_inode:i915.gem
7f2921b2e000-7f2921b32000 rw-s 12efb0000 00:11 2111                      anon_inode:i915.gem
7f2921b32000-7f2921b36000 rw-s 12efac000 00:11 2111                      anon_inode:i915.gem
7f2921b36000-7f2921b3a000 rw-s 12efa8000 00:11 2111                      anon_inode:i915.gem
7f2921b3a000-7f2921b3e000 rw-s 12efa4000 00:11 2111                      anon_inode:i915.gem
7f2921b3e000-7f2921b42000 rw-s 12efa0000 00:11 2111                      anon_inode:i915.gem
7f2921b42000-7f2921b46000 rw-s 12ef9c000 00:11 2111                      anon_inode:i915.gem
7f2921b46000-7f2921b4a000 rw-s 12ef98000 00:11 2111                      anon_inode:i915.gem
7f2921b4a000-7f2921b4e000 rw-s 12ef94000 00:11 2111                      anon_inode:i915.gem
7f2921b4e000-7f2921b52000 rw-s 12ef90000 00:11 2111                      anon_inode:i915.gem
7f2921b52000-7f2921b56000 rw-s 12ef8c000 00:11 2111                      anon_inode:i915.gem
7f2921b56000-7f2921b5a000 rw-s 12ef88000 00:11 2111                      anon_inode:i915.gem
7f2921b5a000-7f2921b62000 rw-s 12ef80000 00:11 2111                      anon_inode:i915.gem
7f2921b62000-7f2921b66000 rw-s 12ef7c000 00:11 2111                      anon_inode:i915.gem
7f2921b66000-7f2921b6e000 rw-s 12ef74000 00:11 2111                      anon_inode:i915.gem
7f2921b6e000-7f2921b76000 rw-s 12ef6c000 00:11 2111                      anon_inode:i915.gem
7f2921b76000-7f2921b7e000 rw-s 12ef64000 00:11 2111                      anon_inode:i915.gem
7f2921b7e000-7f2921b82000 rw-s 12ef60000 00:11 2111                      anon_inode:i915.gem
7f2921b82000-7f2921b8a000 rw-s 12ef58000 00:11 2111                      anon_inode:i915.gem
7f2921b8a000-7f2921b92000 rw-s 12ef50000 00:11 2111                      anon_inode:i915.gem
7f2921b92000-7f2921b9a000 rw-s 12ef48000 00:11 2111                      anon_inode:i915.gem
7f2921b9a000-7f2921ba2000 rw-s 12ef40000 00:11 2111                      anon_inode:i915.gem
7f2921ba2000-7f2921baa000 rw-s 12ef38000 00:11 2111                      anon_inode:i915.gem
7f2921baa000-7f2921bb2000 rw-s 12ef30000 00:11 2111                      anon_inode:i915.gem
7f2921bb2000-7f2921bba000 rw-s 12ef28000 00:11 2111                      anon_inode:i915.gem
7f2921bba000-7f2921bc2000 rw-s 12ef20000 00:11 2111                      anon_inode:i915.gem
7f2921bc2000-7f2921bc6000 rw-s 12ef1c000 00:11 2111                      anon_inode:i915.gem
7f2921bc6000-7f2921bca000 rw-s 12ef18000 00:11 2111                      anon_inode:i915.gem
7f2921bca000-7f2921bd2000 rw-s 12ef10000 00:11 2111                      anon_inode:i915.gem
7f2921bd2000-7f2921bda000 rw-s 12ef08000 00:11 2111                      anon_inode:i915.gem
7f2921bda000-7f2921be2000 rw-s 12ef00000 00:11 2111                      anon_inode:i915.gem
7f2921be2000-7f2921bea000 rw-s 12eef8000 00:11 2111                      anon_inode:i915.gem
7f2921bea000-7f2921bf2000 rw-s 12eef0000 00:11 2111                      anon_inode:i915.gem
7f2921bf2000-7f2921bfa000 rw-s 12eee8000 00:11 2111                      anon_inode:i915.gem
7f2921bfa000-7f2921bfe000 rw-s 12eee4000 00:11 2111                      anon_inode:i915.gem
7f2921bfe000-7f2921c02000 rw-s 12eee0000 00:11 2111                      anon_inode:i915.gem
7f2921c02000-7f2921c06000 rw-s 12eedc000 00:11 2111                      anon_inode:i915.gem
7f2921c06000-7f2921e06000 rw-s 12ecdc000 00:11 2111                      anon_inode:i915.gem
7f2921e06000-7f2922006000 rw-s 12eadc000 00:11 2111                      anon_inode:i915.gem
7f2922006000-7f292200e000 rw-s 12ead4000 00:11 2111                      anon_inode:i915.gem
7f292200e000-7f2922016000 rw-s 12eacc000 00:11 2111                      anon_inode:i915.gem
7f2922016000-7f2922416000 rw-s 1248b6000 00:11 2111                      anon_inode:i915.gem
7f2922416000-7f2922816000 rw-s 1290be000 00:11 2111                      anon_inode:i915.gem
7f2922816000-7f2922c16000 rw-s 128cbe000 00:11 2111                      anon_inode:i915.gem
7f2922c16000-7f2923016000 rw-s 1288be000 00:11 2111                      anon_inode:i915.gem
7f2923016000-7f2923416000 rw-s 1284be000 00:11 2111                      anon_inode:i915.gem
7f2923416000-7f2923816000 rw-s 1280be000 00:11 2111                      anon_inode:i915.gem
7f2923816000-7f2923c16000 rw-s 12b2be000 00:11 2111                      anon_inode:i915.gem
7f2923c16000-7f2924016000 rw-s 12aebe000 00:11 2111                      anon_inode:i915.gem
7f2924016000-7f2924616000 rw-s 12a8be000 00:11 2111                      anon_inode:i915.gem
7f2924616000-7f2924a16000 rw-s 12a4be000 00:11 2111                      anon_inode:i915.gem
7f2924a16000-7f2924a1a000 rw-s 12a4ba000 00:11 2111                      anon_inode:i915.gem
7f2924a1a000-7f2924a1e000 rw-s 12a4b6000 00:11 2111                      anon_inode:i915.gem
7f2924a1e000-7f2924a22000 rw-s 12a4b2000 00:11 2111                      anon_inode:i915.gem
7f2924a22000-7f2924a26000 rw-s 12a4ae000 00:11 2111                      anon_inode:i915.gem
7f2924a26000-7f2924a2a000 rw-s 12a4aa000 00:11 2111                      anon_inode:i915.gem
7f2924a2a000-7f2924a2e000 rw-s 12a4a6000 00:11 2111                      anon_inode:i915.gem
7f2924a2e000-7f2924a32000 rw-s 12a4a2000 00:11 2111                      anon_inode:i915.gem
7f2924a32000-7f2924a36000 rw-s 12a49e000 00:11 2111                      anon_inode:i915.gem
7f2924a36000-7f2924a3a000 rw-s 12a49a000 00:11 2111                      anon_inode:i915.gem
7f2924a3a000-7f2924a3e000 rw-s 12a496000 00:11 2111                      anon_inode:i915.gem
7f2924a3e000-7f2924a42000 rw-s 12a492000 00:11 2111                      anon_inode:i915.gem
7f2924a42000-7f2924a46000 rw-s 12a48e000 00:11 2111                      anon_inode:i915.gem
7f2924a46000-7f2924a4a000 rw-s 12a48a000 00:11 2111                      anon_inode:i915.gem
7f2924a4a000-7f2924a4e000 rw-s 12a486000 00:11 2111                      anon_inode:i915.gem
7f2924a4e000-7f2924a52000 rw-s 12a482000 00:11 2111                      anon_inode:i915.gem
7f2924a52000-7f2924a56000 rw-s 12a47e000 00:11 2111                      anon_inode:i915.gem
7f2924a56000-7f2924a5e000 rw-s 12a476000 00:11 2111                      anon_inode:i915.gem
7f2924a5e000-7f2924a62000 rw-s 12a472000 00:11 2111                      anon_inode:i915.gem
7f2924a62000-7f2924a66000 rw-s 12a46e000 00:11 2111                      anon_inode:i915.gem
7f2924a66000-7f2924a6a000 rw-s 12a46a000 00:11 2111                      anon_inode:i915.gem
7f2924a6a000-7f2924a6c000 rw-s 12a468000 00:11 2111                      anon_inode:i915.gem
7f2924a6c000-7f2924a6e000 rw-s 12a466000 00:11 2111                      anon_inode:i915.gem
7f2924a6e000-7f2924a70000 rw-s 12a464000 00:11 2111                      anon_inode:i915.gem
7f2924a70000-7f2924a74000 rw-s 12a460000 00:11 2111                      anon_inode:i915.gem
7f2924a74000-7f2924a78000 rw-s 12a45c000 00:11 2111                      anon_inode:i915.gem
7f2924a78000-7f2924a7a000 rw-s 12a45a000 00:11 2111                      anon_inode:i915.gem
7f2924a7a000-7f2924a7c000 rw-s 12a458000 00:11 2111                      anon_inode:i915.gem
7f2924a7c000-7f2924a7e000 rw-s 12a456000 00:11 2111                      anon_inode:i915.gem
7f2924a7e000-7f2924a80000 rw-s 12a454000 00:11 2111                      anon_inode:i915.gem
7f2924a80000-7f2924a82000 rw-s 12a452000 00:11 2111                      anon_inode:i915.gem
7f2924a82000-7f2924a84000 rw-s 12a450000 00:11 2111                      anon_inode:i915.gem
7f2924a84000-7f2924a86000 rw-s 12a44e000 00:11 2111                      anon_inode:i915.gem
7f2924a86000-7f2924a88000 rw-s 12a44c000 00:11 2111                      anon_inode:i915.gem
7f2924a88000-7f2924a8c000 rw-s 12a448000 00:11 2111                      anon_inode:i915.gem
7f2924a8c000-7f2924a90000 rw-s 12a444000 00:11 2111                      anon_inode:i915.gem
7f2924a90000-7f2924a92000 rw-s 12a442000 00:11 2111                      anon_inode:i915.gem
7f2924a92000-7f2924a96000 rw-s 12a43e000 00:11 2111                      anon_inode:i915.gem
7f2924a96000-7f2924a9a000 rw-s 12a43a000 00:11 2111                      anon_inode:i915.gem
7f2924a9a000-7f2924a9c000 rw-s 12a438000 00:11 2111                      anon_inode:i915.gem
7f2924a9c000-7f2924a9e000 rw-s 12a436000 00:11 2111                      anon_inode:i915.gem
7f2924a9e000-7f2924aa0000 rw-s 12a434000 00:11 2111                      anon_inode:i915.gem
7f2924aa0000-7f2924aa4000 rw-s 12a430000 00:11 2111                      anon_inode:i915.gem
7f2924aa4000-7f2924aa6000 rw-s 12a42e000 00:11 2111                      anon_inode:i915.gem
7f2924aa6000-7f2924aaa000 rw-s 12a42a000 00:11 2111                      anon_inode:i915.gem
7f2924aaa000-7f2924aac000 rw-s 12a428000 00:11 2111                      anon_inode:i915.gem
7f2924aac000-7f2924aae000 rw-s 12a426000 00:11 2111                      anon_inode:i915.gem
7f2924aae000-7f2924ab0000 rw-s 12a424000 00:11 2111                      anon_inode:i915.gem
7f2924ab0000-7f2924ab4000 rw-s 12a420000 00:11 2111                      anon_inode:i915.gem
7f2924ab4000-7f2924ab6000 rw-s 12a41e000 00:11 2111                      anon_inode:i915.gem
7f2924ab6000-7f2924aba000 rw-s 12a41a000 00:11 2111                      anon_inode:i915.gem
7f2924aba000-7f2924afa000 rw-s 12a3da000 00:11 2111                      anon_inode:i915.gem
7f2924afa000-7f2924afc000 rw-s 12a3d8000 00:11 2111                      anon_inode:i915.gem
7f2924afc000-7f2924b00000 rw-s 12a3d4000 00:11 2111                      anon_inode:i915.gem
7f2924b00000-7f2924b02000 rw-s 12a312000 00:11 2111                      anon_inode:i915.gem
7f2924b02000-7f2924b06000 rw-s 12a3d0000 00:11 2111                      anon_inode:i915.gem
7f2924b06000-7f2924b0a000 rw-s 12a3cc000 00:11 2111                      anon_inode:i915.gem
7f2924b0a000-7f2924b0e000 rw-s 12a3c8000 00:11 2111                      anon_inode:i915.gem
7f2924b0e000-7f2924b12000 rw-s 12a3c4000 00:11 2111                      anon_inode:i915.gem
7f2924b12000-7f2924b16000 rw-s 12a3c0000 00:11 2111                      anon_inode:i915.gem
7f2924b16000-7f2924b1e000 rw-s 12a3b8000 00:11 2111                      anon_inode:i915.gem
7f2924b1e000-7f2924b22000 rw-s 12a3b4000 00:11 2111                      anon_inode:i915.gem
7f2924b22000-7f2924b26000 rw-s 12a3b0000 00:11 2111                      anon_inode:i915.gem
7f2924b26000-7f2924b2a000 rw-s 12a3ac000 00:11 2111                      anon_inode:i915.gem
7f2924b2a000-7f2924b2e000 rw-s 12a3a8000 00:11 2111                      anon_inode:i915.gem
7f2924b2e000-7f2924b32000 rw-s 12a3a4000 00:11 2111                      anon_inode:i915.gem
7f2924b32000-7f2924b36000 rw-s 12a3a0000 00:11 2111                      anon_inode:i915.gem
7f2924b36000-7f2924b3a000 rw-s 12a39c000 00:11 2111                      anon_inode:i915.gem
7f2924b3a000-7f2924b3e000 rw-s 12a398000 00:11 2111                      anon_inode:i915.gem
7f2924b3e000-7f2924b42000 rw-s 12a394000 00:11 2111                      anon_inode:i915.gem
7f2924b42000-7f2924b46000 rw-s 12a30e000 00:11 2111                      anon_inode:i915.gem
7f2924b46000-7f2924b4a000 rw-s 12a30a000 00:11 2111                      anon_inode:i915.gem
7f2924b4a000-7f2924b4e000 rw-s 12a306000 00:11 2111                      anon_inode:i915.gem
7f2924b4e000-7f2924b52000 rw-s 12a302000 00:11 2111                      anon_inode:i915.gem
7f2924b52000-7f2924b56000 rw-s 12a2fe000 00:11 2111                      anon_inode:i915.gem
7f2924b56000-7f2924b5a000 rw-s 12a2fa000 00:11 2111                      anon_inode:i915.gem
7f2924b5a000-7f2924b5e000 rw-s 12a2f6000 00:11 2111                      anon_inode:i915.gem
7f2924b5e000-7f2924b62000 rw-s 12a2f2000 00:11 2111                      anon_inode:i915.gem
7f2924b62000-7f2924b66000 rw-s 12a2ee000 00:11 2111                      anon_inode:i915.gem
7f2924b66000-7f2924b6a000 rw-s 12a2ea000 00:11 2111                      anon_inode:i915.gem
7f2924b6a000-7f2924b6e000 rw-s 12a2e6000 00:11 2111                      anon_inode:i915.gem
7f2924b6e000-7f2924b72000 rw-s 12a2e2000 00:11 2111                      anon_inode:i915.gem
7f2924b72000-7f2924b76000 rw-s 12a2de000 00:11 2111                      anon_inode:i915.gem
7f2924b76000-7f2924b7a000 rw-s 12a2da000 00:11 2111                      anon_inode:i915.gem
7f2924b7a000-7f2924b7e000 rw-s 12a2d6000 00:11 2111                      anon_inode:i915.gem
7f2924b7e000-7f2924b82000 rw-s 12a2d2000 00:11 2111                      anon_inode:i915.gem
7f2924b82000-7f2924b86000 rw-s 12a2ce000 00:11 2111                      anon_inode:i915.gem
7f2924b86000-7f2924b8a000 rw-s 12a2ca000 00:11 2111                      anon_inode:i915.gem
7f2924b8a000-7f2924b8e000 rw-s 12a2c6000 00:11 2111                      anon_inode:i915.gem
7f2924b8e000-7f2924b92000 rw-s 12a2c2000 00:11 2111                      anon_inode:i915.gem
7f2924b92000-7f2924b96000 rw-s 12a2be000 00:11 2111                      anon_inode:i915.gem
7f2924b96000-7f2924b9a000 rw-s 12a2ba000 00:11 2111                      anon_inode:i915.gem
7f2924b9a000-7f2924b9e000 rw-s 12a2b6000 00:11 2111                      anon_inode:i915.gem
7f2924b9e000-7f2924ba2000 rw-s 12a2b2000 00:11 2111                      anon_inode:i915.gem
7f2924ba3000-7f2924ba5000 rw-s 10182e000 00:11 2111                      anon_inode:i915.gem
7f2924ba6000-7f2924ba8000 rw-s 10182a000 00:11 2111                      anon_inode:i915.gem
7f2924ba8000-7f2924bac000 rw-s 12a2a8000 00:11 2111                      anon_inode:i915.gem
7f2924bac000-7f2924bae000 rw-s 101827000 00:11 2111                      anon_inode:i915.gem
7f2924bae000-7f2924bb2000 rw-s 12a2a2000 00:11 2111                      anon_inode:i915.gem
7f2924bb2000-7f2924bb6000 rw-s 12a29e000 00:11 2111                      anon_inode:i915.gem
7f2924bb7000-7f2924bbb000 rw-s 12a299000 00:11 2111                      anon_inode:i915.gem
7f2924bbb000-7f2924bbf000 rw-s 12a295000 00:11 2111                      anon_inode:i915.gem
7f2924bbf000-7f2924bc3000 rw-s 12a291000 00:11 2111                      anon_inode:i915.gem
7f2924bc3000-7f2924bc7000 rw-s 12a28d000 00:11 2111                      anon_inode:i915.gem
7f2924bc8000-7f2924bcc000 rw-s 12a288000 00:11 2111                      anon_inode:i915.gem
7f2924bcd000-7f2924bd1000 rw-s 12a283000 00:11 2111                      anon_inode:i915.gem
7f2924bd1000-7f2924bd3000 rw-s 12953b000 00:11 2111                      anon_inode:i915.gem
7f2924bd4000-7f2924bd8000 rw-s 12a27c000 00:11 2111                      anon_inode:i915.gem
7f2924bd8000-7f2924bdc000 rw-s 12a278000 00:11 2111                      anon_inode:i915.gem
7f2924bdc000-7f2924be0000 rw-s 12a274000 00:11 2111                      anon_inode:i915.gem
7f2924be0000-7f2924be4000 rw-s 12a270000 00:11 2111                      anon_inode:i915.gem
7f2924be4000-7f2924be6000 rw-s 12a26e000 00:11 2111                      anon_inode:i915.gem
7f2924be6000-7f2924be8000 rw-s 12a26c000 00:11 2111                      anon_inode:i915.gem
7f2924be8000-7f2924bec000 rw-s 12a268000 00:11 2111                      anon_inode:i915.gem
7f2924bec000-7f2924bee000 rw-s 12a266000 00:11 2111                      anon_inode:i915.gem
7f2924bee000-7f2924bf0000 rw-s 12a264000 00:11 2111                      anon_inode:i915.gem
7f2924bf0000-7f2924bf2000 rw-s 12a262000 00:11 2111                      anon_inode:i915.gem
7f2924bf2000-7f2924bf4000 rw-s 12a260000 00:11 2111                      anon_inode:i915.gem
7f2924bf4000-7f2924bf6000 rw-s 12a25e000 00:11 2111                      anon_inode:i915.gem
7f2924bf6000-7f2924bfa000 rw-s 12a25a000 00:11 2111                      anon_inode:i915.gem
7f2924bfa000-7f2924bfe000 rw-s 12a256000 00:11 2111                      anon_inode:i915.gem
7f2924bfe000-7f2924c02000 rw-s 12a252000 00:11 2111                      anon_inode:i915.gem
7f2924c02000-7f2924c04000 rw-s 12a250000 00:11 2111                      anon_inode:i915.gem
7f2924c04000-7f2924c06000 rw-s 12a24e000 00:11 2111                      anon_inode:i915.gem
7f2924c06000-7f2924c08000 rw-s 12a24c000 00:11 2111                      anon_inode:i915.gem
7f2924c08000-7f2924c0c000 rw-s 12a248000 00:11 2111                      anon_inode:i915.gem
7f2924c0c000-7f2924c0e000 rw-s 12a246000 00:11 2111                      anon_inode:i915.gem
7f2924c0e000-7f2924c10000 rw-s 12a244000 00:11 2111                      anon_inode:i915.gem
7f2924c10000-7f2924c12000 rw-s 12a242000 00:11 2111                      anon_inode:i915.gem
7f2924c12000-7f2924c16000 rw-s 12a23e000 00:11 2111                      anon_inode:i915.gem
7f2924c16000-7f2924c1a000 rw-s 12a23a000 00:11 2111                      anon_inode:i915.gem
7f2924c1a000-7f2924c1c000 rw-s 12a238000 00:11 2111                      anon_inode:i915.gem
7f2924c1c000-7f2924c1e000 rw-s 12a236000 00:11 2111                      anon_inode:i915.gem
7f2924c1e000-7f2924c20000 rw-s 12a234000 00:11 2111                      anon_inode:i915.gem
7f2924c20000-7f2924c22000 rw-s 12a232000 00:11 2111                      anon_inode:i915.gem
7f2924c22000-7f2924c24000 rw-s 12a230000 00:11 2111                      anon_inode:i915.gem
7f2924c24000-7f2924c26000 rw-s 12a22e000 00:11 2111                      anon_inode:i915.gem
7f2924c26000-7f2924c2a000 rw-s 12a22a000 00:11 2111                      anon_inode:i915.gem
7f2924c2a000-7f2924c2c000 rw-s 12a228000 00:11 2111                      anon_inode:i915.gem
7f2924c2c000-7f2924c2e000 rw-s 12a226000 00:11 2111                      anon_inode:i915.gem
7f2924c2e000-7f2924c32000 rw-s 12a222000 00:11 2111                      anon_inode:i915.gem
7f2924c32000-7f2924c36000 rw-s 12a21e000 00:11 2111                      anon_inode:i915.gem
7f2924c36000-7f2924c3a000 rw-s 12a21a000 00:11 2111                      anon_inode:i915.gem
7f2924c3a000-7f2924c3e000 rw-s 12a216000 00:11 2111                      anon_inode:i915.gem
7f2924c3e000-7f2924c42000 rw-s 12a212000 00:11 2111                      anon_inode:i915.gem
7f2924c42000-7f2924c46000 rw-s 12a20e000 00:11 2111                      anon_inode:i915.gem
7f2924c46000-7f2924c4a000 rw-s 12a20a000 00:11 2111                      anon_inode:i915.gem
7f2924c4a000-7f2924c4e000 rw-s 12a206000 00:11 2111                      anon_inode:i915.gem
7f2924c4e000-7f2924c52000 rw-s 12a202000 00:11 2111                      anon_inode:i915.gem
7f2924c52000-7f2924c56000 rw-s 12a1fe000 00:11 2111                      anon_inode:i915.gem
7f2924c56000-7f2924c5a000 rw-s 12a1fa000 00:11 2111                      anon_inode:i915.gem
7f2924c5a000-7f2924c5e000 rw-s 12a1f6000 00:11 2111                      anon_inode:i915.gem
7f2924c5e000-7f2924c62000 rw-s 12a1f2000 00:11 2111                      anon_inode:i915.gem
7f2924c62000-7f2924c66000 rw-s 12a1ee000 00:11 2111                      anon_inode:i915.gem
7f2924c66000-7f2924c6a000 rw-s 12a1ea000 00:11 2111                      anon_inode:i915.gem
7f2924c6a000-7f2924c6e000 rw-s 12a1e6000 00:11 2111                      anon_inode:i915.gem
7f2924c6e000-7f2924c76000 rw-s 12a1de000 00:11 2111                      anon_inode:i915.gem
7f2924c76000-7f2924c7a000 rw-s 12a1da000 00:11 2111                      anon_inode:i915.gem
7f2924c7a000-7f2924c7e000 rw-s 12a1d6000 00:11 2111                      anon_inode:i915.gem
7f2924c7e000-7f2924c82000 rw-s 12a1d2000 00:11 2111                      anon_inode:i915.gem
7f2924c82000-7f2924c86000 rw-s 12a1ce000 00:11 2111                      anon_inode:i915.gem
7f2924c86000-7f2924c8a000 rw-s 12a1ca000 00:11 2111                      anon_inode:i915.gem
7f2924c8a000-7f2924c8e000 rw-s 12a1c6000 00:11 2111                      anon_inode:i915.gem
7f2924c8e000-7f2924c92000 rw-s 12a1c2000 00:11 2111                      anon_inode:i915.gem
7f2924c92000-7f2924c96000 rw-s 12a1be000 00:11 2111                      anon_inode:i915.gem
7f2924c96000-7f2924c9e000 rw-s 12a1b6000 00:11 2111                      anon_inode:i915.gem
7f2924c9e000-7f2924ca2000 rw-s 12a1b2000 00:11 2111                      anon_inode:i915.gem
7f2924ca2000-7f2924ca6000 rw-s 12a1ae000 00:11 2111                      anon_inode:i915.gem
7f2924ca6000-7f2924caa000 rw-s 12a1aa000 00:11 2111                      anon_inode:i915.gem
7f2924caa000-7f2924cae000 rw-s 12a1a6000 00:11 2111                      anon_inode:i915.gem
7f2924cae000-7f2924cb2000 rw-s 12a1a2000 00:11 2111                      anon_inode:i915.gem
7f2924cb2000-7f2924cb6000 rw-s 12a19e000 00:11 2111                      anon_inode:i915.gem
7f2924cb6000-7f2924cba000 rw-s 12a19a000 00:11 2111                      anon_inode:i915.gem
7f2924cba000-7f2924cbe000 rw-s 12a196000 00:11 2111                      anon_inode:i915.gem
7f2924cbe000-7f2924cc2000 rw-s 12a192000 00:11 2111                      anon_inode:i915.gem
7f2924cc2000-7f2924cca000 rw-s 12a18a000 00:11 2111                      anon_inode:i915.gem
7f2924ccc000-7f2924cd4000 rw-s 12a180000 00:11 2111                      anon_inode:i915.gem
7f2924cd4000-7f2924cd6000 rw-s 12a17e000 00:11 2111                      anon_inode:i915.gem
7f2924cd6000-7f2924cda000 rw-s 12a17a000 00:11 2111                      anon_inode:i915.gem
7f2924cda000-7f2924cdc000 rw-s 12a178000 00:11 2111                      anon_inode:i915.gem
7f2924cdd000-7f2924ce5000 rw-s 12a16f000 00:11 2111                      anon_inode:i915.gem
7f2924ce5000-7f2924ce9000 rw-s 12a16b000 00:11 2111                      anon_inode:i915.gem
7f2924ce9000-7f2924ceb000 rw-s 12a169000 00:11 2111                      anon_inode:i915.gem
7f2924ceb000-7f2924ced000 rw-s 12a167000 00:11 2111                      anon_inode:i915.gem
7f2924ced000-7f2924cef000 rw-s 12a165000 00:11 2111                      anon_inode:i915.gem
7f2924cef000-7f2924cf3000 rw-s 12a161000 00:11 2111                      anon_inode:i915.gem
7f2924cf3000-7f2924cf5000 rw-s 129535000 00:11 2111                      anon_inode:i915.gem
7f2924cf5000-7f2924cf9000 rw-s 12a15b000 00:11 2111                      anon_inode:i915.gem
7f2924cf9000-7f2924cfd000 rw-s 12a157000 00:11 2111                      anon_inode:i915.gem
7f2924cfd000-7f2924d01000 rw-s 12a153000 00:11 2111                      anon_inode:i915.gem
7f2924d01000-7f2924d05000 rw-s 12a14f000 00:11 2111                      anon_inode:i915.gem
7f2924d05000-7f2924d09000 rw-s 12a14b000 00:11 2111                      anon_inode:i915.gem
7f2924d09000-7f2924d0d000 rw-s 12a147000 00:11 2111                      anon_inode:i915.gem
7f2924d0d000-7f2924d11000 rw-s 12a143000 00:11 2111                      anon_inode:i915.gem
7f2924d11000-7f2924d15000 rw-s 12a13f000 00:11 2111                      anon_inode:i915.gem
7f2924d15000-7f2924d19000 rw-s 12a13b000 00:11 2111                      anon_inode:i915.gem
7f2924d19000-7f2924d1d000 rw-s 12a137000 00:11 2111                      anon_inode:i915.gem
7f2924d1d000-7f2924d21000 rw-s 12a133000 00:11 2111                      anon_inode:i915.gem
7f2924d21000-7f2924d25000 rw-s 12a12f000 00:11 2111                      anon_inode:i915.gem
7f2924d25000-7f2924d29000 rw-s 12a12b000 00:11 2111                      anon_inode:i915.gem
7f2924d29000-7f2924d2b000 rw-s 12a129000 00:11 2111                      anon_inode:i915.gem
7f2924d2b000-7f2924d2d000 rw-s 12a127000 00:11 2111                      anon_inode:i915.gem
7f2924d2d000-7f2924d2f000 rw-s 12a125000 00:11 2111                      anon_inode:i915.gem
7f2924d2f000-7f2924d31000 rw-s 12a123000 00:11 2111                      anon_inode:i915.gem
7f2924d31000-7f2924d35000 rw-s 12a11f000 00:11 2111                      anon_inode:i915.gem
7f2924d35000-7f2924d37000 rw-s 12a11d000 00:11 2111                      anon_inode:i915.gem
7f2924d37000-7f2924d39000 rw-s 12a11b000 00:11 2111                      anon_inode:i915.gem
7f2924d3a000-7f2924d3c000 rw-s 12a118000 00:11 2111                      anon_inode:i915.gem
7f2924d3d000-7f2924d3f000 rw-s 12a115000 00:11 2111                      anon_inode:i915.gem
7f2924d3f000-7f2924d43000 rw-s 12a111000 00:11 2111                      anon_inode:i915.gem
7f2924d43000-7f2924d45000 rw-s 12a10f000 00:11 2111                      anon_inode:i915.gem
7f2924d45000-7f2924d47000 rw-s 12a10d000 00:11 2111                      anon_inode:i915.gem
7f2924d47000-7f2924d49000 rw-s 12a10b000 00:11 2111                      anon_inode:i915.gem
7f2924d49000-7f2924d4b000 rw-s 12a109000 00:11 2111                      anon_inode:i915.gem
7f2924d4b000-7f2924d4d000 rw-s 12a107000 00:11 2111                      anon_inode:i915.gem
7f2924d4d000-7f2924d4f000 rw-s 12a105000 00:11 2111                      anon_inode:i915.gem
7f2924d50000-7f2924d52000 rw-s 12a102000 00:11 2111                      anon_inode:i915.gem
7f2924d52000-7f2924d56000 rw-s 12a0fe000 00:11 2111                      anon_inode:i915.gem
7f2924d56000-7f2924d58000 rw-s 12a0fc000 00:11 2111                      anon_inode:i915.gem
7f2924d58000-7f2924d5a000 rw-s 12a0fa000 00:11 2111                      anon_inode:i915.gem
7f2924d5a000-7f2924d5c000 rw-s 12a0f8000 00:11 2111                      anon_inode:i915.gem
7f2924d5c000-7f2924d5e000 rw-s 12a0f6000 00:11 2111                      anon_inode:i915.gem
7f2924d5e000-7f2924d60000 rw-s 12a0f4000 00:11 2111                      anon_inode:i915.gem
7f2924d60000-7f2924d62000 rw-s 12a0f2000 00:11 2111                      anon_inode:i915.gem
7f2924d62000-7f2924d66000 rw-s 12a0ec000 00:11 2111                      anon_inode:i915.gem
7f2924d66000-7f2924d68000 rw-s 12a15f000 00:11 2111                      anon_inode:i915.gem
7f2924d6a000-7f2924d6c000 rw-s 12a0e8000 00:11 2111                      anon_inode:i915.gem
7f2924d6d000-7f2924d6f000 rw-s 12a0e6000 00:11 2111                      anon_inode:i915.gem
7f2924d70000-7f2924d72000 rw-s 12a0e4000 00:11 2111                      anon_inode:i915.gem
7f2924d73000-7f2924d77000 rw-s 12a0e0000 00:11 2111                      anon_inode:i915.gem
7f2924d77000-7f2924d79000 rw-s 12a0de000 00:11 2111                      anon_inode:i915.gem
7f2924d79000-7f2924d7b000 rw-s 12a0dc000 00:11 2111                      anon_inode:i915.gem
7f2924d7b000-7f2924d7d000 rw-s 12a0da000 00:11 2111                      anon_inode:i915.gem
7f2924d7d000-7f2924d7f000 rw-s 12a0d8000 00:11 2111                      anon_inode:i915.gem
7f2924d7f000-7f2924d81000 rw-s 12a0d6000 00:11 2111                      anon_inode:i915.gem
7f2924d81000-7f2924d83000 rw-s 12a0d4000 00:11 2111                      anon_inode:i915.gem
7f2924d84000-7f2924d86000 rw-s 12a0d2000 00:11 2111                      anon_inode:i915.gem
7f2924d86000-7f2924d88000 rw-s 12a0d0000 00:11 2111                      anon_inode:i915.gem
7f2924d89000-7f2924d8b000 rw-s 12a0ce000 00:11 2111                      anon_inode:i915.gem
7f2924d8c000-7f2924d8e000 rw-s 129530000 00:11 2111                      anon_inode:i915.gem
7f2924d8e000-7f2924d90000 rw-s 12a0cc000 00:11 2111                      anon_inode:i915.gem
7f2924d90000-7f2924d92000 rw-s 12952e000 00:11 2111                      anon_inode:i915.gem
7f2924d92000-7f2924d94000 rw-s 12a0ca000 00:11 2111                      anon_inode:i915.gem
7f2924d94000-7f2924d96000 rw-s 12a0c8000 00:11 2111                      anon_inode:i915.gem
7f2924d96000-7f2924d98000 rw-s 12a0c6000 00:11 2111                      anon_inode:i915.gem
7f2924d9a000-7f2924d9c000 rw-s 12a0c4000 00:11 2111                      anon_inode:i915.gem
7f2924d9d000-7f2924d9f000 rw-s 12a280000 00:11 2111                      anon_inode:i915.gem
7f2924d9f000-7f2924da1000 rw-s 11075c000 00:11 2111                      anon_inode:i915.gem
7f2924da3000-7f2924da7000 rw-s 12a0c0000 00:11 2111                      anon_inode:i915.gem
7f2924da7000-7f2924dab000 rw-s 12a0bc000 00:11 2111                      anon_inode:i915.gem
7f2924dab000-7f2924daf000 rw-s 12a0b8000 00:11 2111                      anon_inode:i915.gem
7f2924daf000-7f2924db3000 rw-s 12a0b4000 00:11 2111                      anon_inode:i915.gem
7f2924db3000-7f2924db7000 rw-s 12a0b0000 00:11 2111                      anon_inode:i915.gem
7f2924db7000-7f2924dbf000 rw-s 12a0a8000 00:11 2111                      anon_inode:i915.gem
7f2924dbf000-7f2924dc7000 rw-s 12a0a0000 00:11 2111                      anon_inode:i915.gem
7f2924dc7000-7f2924dcf000 rw-s 12a098000 00:11 2111                      anon_inode:i915.gem
7f2924dcf000-7f2924dd7000 rw-s 12a090000 00:11 2111                      anon_inode:i915.gem
7f2924dd7000-7f2924ddf000 rw-s 12a088000 00:11 2111                      anon_inode:i915.gem
7f2924ddf000-7f2924de7000 rw-s 12a080000 00:11 2111                      anon_inode:i915.gem
7f2924de7000-7f2924def000 rw-s 12a078000 00:11 2111                      anon_inode:i915.gem
7f2924def000-7f2924df7000 rw-s 12a070000 00:11 2111                      anon_inode:i915.gem
7f2924df7000-7f2924dfb000 rw-s 12a06c000 00:11 2111                      anon_inode:i915.gem
7f2924dfb000-7f2924dff000 rw-s 12a068000 00:11 2111                      anon_inode:i915.gem
7f2924dff000-7f2924e03000 rw-s 12a064000 00:11 2111                      anon_inode:i915.gem
7f2924e03000-7f2924e07000 rw-s 12a060000 00:11 2111                      anon_inode:i915.gem
7f2924e07000-7f2924e0b000 rw-s 12a05c000 00:11 2111                      anon_inode:i915.gem
7f2924e0b000-7f2924e0f000 rw-s 12a058000 00:11 2111                      anon_inode:i915.gem
7f2924e0f000-7f2924e17000 rw-s 12a050000 00:11 2111                      anon_inode:i915.gem
7f2924e17000-7f2924e1b000 rw-s 12a04c000 00:11 2111                      anon_inode:i915.gem
7f2924e1b000-7f2924e1f000 rw-s 12a048000 00:11 2111                      anon_inode:i915.gem
7f2924e1f000-7f2924e23000 rw-s 12a044000 00:11 2111                      anon_inode:i915.gem
7f2924e23000-7f2924e2b000 rw-s 12a03c000 00:11 2111                      anon_inode:i915.gem
7f2924e2b000-7f2924e2f000 rw-s 12a038000 00:11 2111                      anon_inode:i915.gem
7f2924e2f000-7f2924e37000 rw-s 12a030000 00:11 2111                      anon_inode:i915.gem
7f2924e37000-7f2924e3f000 rw-s 12a028000 00:11 2111                      anon_inode:i915.gem
7f2924e3f000-7f2924e43000 rw-s 12a024000 00:11 2111                      anon_inode:i915.gem
7f2924e43000-7f2924e4b000 rw-s 12a01c000 00:11 2111                      anon_inode:i915.gem
7f2924e4b000-7f2924e53000 rw-s 12a014000 00:11 2111                      anon_inode:i915.gem
7f2924e53000-7f2924e57000 rw-s 12a010000 00:11 2111                      anon_inode:i915.gem
7f2924e57000-7f2924e5b000 rw-s 12a00c000 00:11 2111                      anon_inode:i915.gem
7f2924e5b000-7f2924e63000 rw-s 12a004000 00:11 2111                      anon_inode:i915.gem
7f2924e63000-7f2924e67000 rw-s 12a000000 00:11 2111                      anon_inode:i915.gem
7f2924e67000-7f2924e6b000 rw-s 129ffc000 00:11 2111                      anon_inode:i915.gem
7f2924e6b000-7f2924e6f000 rw-s 129ff8000 00:11 2111                      anon_inode:i915.gem
7f2924e6f000-7f2924e73000 rw-s 129ff4000 00:11 2111                      anon_inode:i915.gem
7f2924e73000-7f2924e77000 rw-s 129ff0000 00:11 2111                      anon_inode:i915.gem
7f2924e77000-7f2924e7f000 rw-s 129fe8000 00:11 2111                      anon_inode:i915.gem
7f2924e7f000-7f2924e87000 rw-s 129fe0000 00:11 2111                      anon_inode:i915.gem
7f2924e87000-7f2924e8f000 rw-s 129fd8000 00:11 2111                      anon_inode:i915.gem
7f2924e8f000-7f2924e93000 rw-s 129fd4000 00:11 2111                      anon_inode:i915.gem
7f2924e93000-7f2924e97000 rw-s 129fd0000 00:11 2111                      anon_inode:i915.gem
7f2924e97000-7f2924e9f000 rw-s 129fc8000 00:11 2111                      anon_inode:i915.gem
7f2924e9f000-7f2924ea3000 rw-s 129fc4000 00:11 2111                      anon_inode:i915.gem
7f2924ea3000-7f2924ea7000 rw-s 129fc0000 00:11 2111                      anon_inode:i915.gem
7f2924ea7000-7f2924eaf000 rw-s 129fb8000 00:11 2111                      anon_inode:i915.gem
7f2924eaf000-7f2924eb3000 rw-s 129fb4000 00:11 2111                      anon_inode:i915.gem
7f2924eb3000-7f2924eb7000 rw-s 129fb0000 00:11 2111                      anon_inode:i915.gem
7f2924eb7000-7f2924ebb000 rw-s 129fac000 00:11 2111                      anon_inode:i915.gem
7f2924ebb000-7f2924ebd000 rw-s 129faa000 00:11 2111                      anon_inode:i915.gem
7f2924ebd000-7f2924ebf000 rw-s 129fa8000 00:11 2111                      anon_inode:i915.gem
7f2924ebf000-7f2924ec3000 rw-s 129fa4000 00:11 2111                      anon_inode:i915.gem
7f2924ec3000-7f2924ec7000 rw-s 129fa0000 00:11 2111                      anon_inode:i915.gem
7f2924ec7000-7f2924ecb000 rw-s 129f9c000 00:11 2111                      anon_inode:i915.gem
7f2924ecb000-7f2924ecf000 rw-s 129f98000 00:11 2111                      anon_inode:i915.gem
7f2924ecf000-7f2924ed3000 rw-s 129f94000 00:11 2111                      anon_inode:i915.gem
7f2924ed3000-7f2924ed7000 rw-s 129f90000 00:11 2111                      anon_inode:i915.gem
7f2924ed7000-7f2924ed9000 rw-s 129f8e000 00:11 2111                      anon_inode:i915.gem
7f2924ed9000-7f2924edd000 rw-s 129f8a000 00:11 2111                      anon_inode:i915.gem
7f2924edd000-7f2924ee1000 rw-s 129f86000 00:11 2111                      anon_inode:i915.gem
7f2924ee1000-7f2924ee5000 rw-s 129f82000 00:11 2111                      anon_inode:i915.gem
7f2924ee5000-7f2924eed000 rw-s 129f7a000 00:11 2111                      anon_inode:i915.gem
7f2924eed000-7f2924ef1000 rw-s 129f76000 00:11 2111                      anon_inode:i915.gem
7f2924ef1000-7f2924ef5000 rw-s 129f72000 00:11 2111                      anon_inode:i915.gem
7f2924ef5000-7f2924ef9000 rw-s 129f6e000 00:11 2111                      anon_inode:i915.gem
7f2924ef9000-7f2924efd000 rw-s 129f6a000 00:11 2111                      anon_inode:i915.gem
7f2924efd000-7f2924f01000 rw-s 129f66000 00:11 2111                      anon_inode:i915.gem
7f2924f01000-7f2924f03000 rw-s 129f64000 00:11 2111                      anon_inode:i915.gem
7f2924f03000-7f2924f07000 rw-s 129f60000 00:11 2111                      anon_inode:i915.gem
7f2924f07000-7f2924f0b000 rw-s 129f5c000 00:11 2111                      anon_inode:i915.gem
7f2924f0b000-7f2924f0f000 rw-s 129f58000 00:11 2111                      anon_inode:i915.gem
7f2924f0f000-7f2924f11000 rw-s 129f56000 00:11 2111                      anon_inode:i915.gem
7f2924f11000-7f2924f13000 rw-s 129f54000 00:11 2111                      anon_inode:i915.gem
7f2924f13000-7f2924f15000 rw-s 129f52000 00:11 2111                      anon_inode:i915.gem
7f2924f15000-7f2924f19000 rw-s 129f4e000 00:11 2111                      anon_inode:i915.gem
7f2924f19000-7f2924f1d000 rw-s 129f4a000 00:11 2111                      anon_inode:i915.gem
7f2924f1d000-7f2924f25000 rw-s 129f42000 00:11 2111                      anon_inode:i915.gem
7f2924f25000-7f2924f27000 rw-s 129f40000 00:11 2111                      anon_inode:i915.gem
7f2924f27000-7f2924f2b000 rw-s 129f3c000 00:11 2111                      anon_inode:i915.gem
7f2924f2b000-7f2924f2d000 rw-s 10bc80000 00:11 2111                      anon_inode:i915.gem
7f2924f2d000-7f2924f31000 rw-s 129f38000 00:11 2111                      anon_inode:i915.gem
7f2924f31000-7f2924f33000 rw-s 12a188000 00:11 2111                      anon_inode:i915.gem
7f2924f33000-7f2924f37000 rw-s 129f34000 00:11 2111                      anon_inode:i915.gem
7f2924f37000-7f2924f3b000 rw-s 129f30000 00:11 2111                      anon_inode:i915.gem
7f2924f3b000-7f2924f3f000 rw-s 129f2c000 00:11 2111                      anon_inode:i915.gem
7f2924f3f000-7f2924f43000 rw-s 129f28000 00:11 2111                      anon_inode:i915.gem
7f2924f43000-7f2924f47000 rw-s 129f24000 00:11 2111                      anon_inode:i915.gem
7f2924f47000-7f2924f4b000 rw-s 129f20000 00:11 2111                      anon_inode:i915.gem
7f2924f4b000-7f2924f4f000 rw-s 129f1c000 00:11 2111                      anon_inode:i915.gem
7f2924f4f000-7f2924f53000 rw-s 129f18000 00:11 2111                      anon_inode:i915.gem
7f2924f53000-7f2924f57000 rw-s 129f14000 00:11 2111                      anon_inode:i915.gem
7f2924f57000-7f2924f5b000 rw-s 129f10000 00:11 2111                      anon_inode:i915.gem
7f2924f5b000-7f2924f5f000 rw-s 129f0c000 00:11 2111                      anon_inode:i915.gem
7f2924f5f000-7f2924f67000 rw-s 129f04000 00:11 2111                      anon_inode:i915.gem
7f2924f67000-7f2924f6f000 rw-s 129efc000 00:11 2111                      anon_inode:i915.gem
7f2924f6f000-7f2924f73000 rw-s 129ef8000 00:11 2111                      anon_inode:i915.gem
7f2924f73000-7f2924f77000 rw-s 129ef4000 00:11 2111                      anon_inode:i915.gem
7f2924f77000-7f2924f7b000 rw-s 129ef0000 00:11 2111                      anon_inode:i915.gem
7f2924f7b000-7f2924f83000 rw-s 129ee8000 00:11 2111                      anon_inode:i915.gem
7f2924f83000-7f2924f87000 rw-s 129ee4000 00:11 2111                      anon_inode:i915.gem
7f2924f87000-7f2924f8f000 rw-s 129edc000 00:11 2111                      anon_inode:i915.gem
7f2924f8f000-7f2924f93000 rw-s 129ed8000 00:11 2111                      anon_inode:i915.gem
7f2924f93000-7f2924f97000 rw-s 129ed4000 00:11 2111                      anon_inode:i915.gem
7f2924f97000-7f2924f9f000 rw-s 129ecc000 00:11 2111                      anon_inode:i915.gem
7f2924f9f000-7f2924fa7000 rw-s 129ec4000 00:11 2111                      anon_inode:i915.gem
7f2924fa7000-7f2924fab000 rw-s 129ec0000 00:11 2111                      anon_inode:i915.gem
7f2924fab000-7f2924faf000 rw-s 129ebc000 00:11 2111                      anon_inode:i915.gem
7f2924faf000-7f2924fb7000 rw-s 129eb4000 00:11 2111                      anon_inode:i915.gem
7f2924fb7000-7f2924fbf000 rw-s 129eac000 00:11 2111                      anon_inode:i915.gem
7f2924fbf000-7f2924fc7000 rw-s 129ea4000 00:11 2111                      anon_inode:i915.gem
7f2924fc7000-7f2924fcf000 rw-s 129e9c000 00:11 2111                      anon_inode:i915.gem
7f2924fcf000-7f2924fd7000 rw-s 129e94000 00:11 2111                      anon_inode:i915.gem
7f2924fd7000-7f2924fdf000 rw-s 129e8c000 00:11 2111                      anon_inode:i915.gem
7f2924fdf000-7f2924fe7000 rw-s 129e84000 00:11 2111                      anon_inode:i915.gem
7f2924fe7000-7f2924fef000 rw-s 129e7c000 00:11 2111                      anon_inode:i915.gem
7f2924fef000-7f2924ff7000 rw-s 129e74000 00:11 2111                      anon_inode:i915.gem
7f2924ff7000-7f2924fff000 rw-s 129e6c000 00:11 2111                      anon_inode:i915.gem
7f2924fff000-7f2925007000 rw-s 129e64000 00:11 2111                      anon_inode:i915.gem
7f2925007000-7f292500f000 rw-s 129e5c000 00:11 2111                      anon_inode:i915.gem
7f292500f000-7f292501f000 rw-s 129e4c000 00:11 2111                      anon_inode:i915.gem
7f292501f000-7f2925027000 rw-s 129e44000 00:11 2111                      anon_inode:i915.gem
7f2925027000-7f292502f000 rw-s 129e3c000 00:11 2111                      anon_inode:i915.gem
7f292502f000-7f2925037000 rw-s 129e34000 00:11 2111                      anon_inode:i915.gem
7f2925037000-7f292503f000 rw-s 129e2c000 00:11 2111                      anon_inode:i915.gem
7f292503f000-7f2925047000 rw-s 129e24000 00:11 2111                      anon_inode:i915.gem
7f2925047000-7f292504f000 rw-s 129e1c000 00:11 2111                      anon_inode:i915.gem
7f292504f000-7f2925057000 rw-s 129e14000 00:11 2111                      anon_inode:i915.gem
7f2925057000-7f292505f000 rw-s 129e0c000 00:11 2111                      anon_inode:i915.gem
7f292505f000-7f2925067000 rw-s 129e04000 00:11 2111                      anon_inode:i915.gem
7f2925067000-7f292506f000 rw-s 129dfc000 00:11 2111                      anon_inode:i915.gem
7f292506f000-7f2925077000 rw-s 129df4000 00:11 2111                      anon_inode:i915.gem
7f2925077000-7f292507f000 rw-s 129dec000 00:11 2111                      anon_inode:i915.gem
7f292507f000-7f2925087000 rw-s 129de4000 00:11 2111                      anon_inode:i915.gem
7f2925087000-7f292508f000 rw-s 129ddc000 00:11 2111                      anon_inode:i915.gem
7f292508f000-7f2925097000 rw-s 129dd4000 00:11 2111                      anon_inode:i915.gem
7f2925097000-7f292509f000 rw-s 129dcc000 00:11 2111                      anon_inode:i915.gem
7f292509f000-7f29250a7000 rw-s 129dc4000 00:11 2111                      anon_inode:i915.gem
7f29250a7000-7f29250ab000 rw-s 129dc0000 00:11 2111                      anon_inode:i915.gem
7f29250ab000-7f29250b3000 rw-s 129db8000 00:11 2111                      anon_inode:i915.gem
7f29250b3000-7f29250bb000 rw-s 129db0000 00:11 2111                      anon_inode:i915.gem
7f29250bb000-7f29250bf000 rw-s 129dac000 00:11 2111                      anon_inode:i915.gem
7f29250bf000-7f29250c3000 rw-s 129da8000 00:11 2111                      anon_inode:i915.gem
7f29250c3000-7f29250c7000 rw-s 129da4000 00:11 2111                      anon_inode:i915.gem
7f29250c7000-7f29250cb000 rw-s 129da0000 00:11 2111                      anon_inode:i915.gem
7f29250cb000-7f29250cf000 rw-s 129d9c000 00:11 2111                      anon_inode:i915.gem
7f29250cf000-7f29250d7000 rw-s 129d94000 00:11 2111                      anon_inode:i915.gem
7f29250d7000-7f29250df000 rw-s 129d8c000 00:11 2111                      anon_inode:i915.gem
7f29250df000-7f29250e7000 rw-s 129d84000 00:11 2111                      anon_inode:i915.gem
7f29250e7000-7f29250eb000 rw-s 129d80000 00:11 2111                      anon_inode:i915.gem
7f29250eb000-7f29250f3000 rw-s 129d78000 00:11 2111                      anon_inode:i915.gem
7f29250f3000-7f29250f7000 rw-s 129d74000 00:11 2111                      anon_inode:i915.gem
7f29250f7000-7f29250fb000 rw-s 129d70000 00:11 2111                      anon_inode:i915.gem
7f29250fb000-7f2925103000 rw-s 129d68000 00:11 2111                      anon_inode:i915.gem
7f2925103000-7f2925107000 rw-s 129d64000 00:11 2111                      anon_inode:i915.gem
7f2925107000-7f292510f000 rw-s 129d5c000 00:11 2111                      anon_inode:i915.gem
7f292510f000-7f2925113000 rw-s 129d58000 00:11 2111                      anon_inode:i915.gem
7f2925113000-7f292511b000 rw-s 129d50000 00:11 2111                      anon_inode:i915.gem
7f292511b000-7f292511f000 rw-s 129d4c000 00:11 2111                      anon_inode:i915.gem
7f292511f000-7f2925123000 rw-s 129d48000 00:11 2111                      anon_inode:i915.gem
7f2925123000-7f2925127000 rw-s 129d44000 00:11 2111                      anon_inode:i915.gem
7f2925127000-7f292512f000 rw-s 129d3c000 00:11 2111                      anon_inode:i915.gem
7f292512f000-7f2925137000 rw-s 129d34000 00:11 2111                      anon_inode:i915.gem
7f2925137000-7f292513f000 rw-s 129d2c000 00:11 2111                      anon_inode:i915.gem
7f292513f000-7f2925147000 rw-s 129d24000 00:11 2111                      anon_inode:i915.gem
7f2925157000-7f2925177000 rw-s 1177f6000 00:11 2111                      anon_inode:i915.gem
7f2925177000-7f2925197000 rw-s 103348000 00:11 2111                      anon_inode:i915.gem
7f2925197000-7f292519f000 rw-s 129ccc000 00:11 2111                      anon_inode:i915.gem
7f29251af000-7f29251b7000 rw-s 129cb4000 00:11 2111                      anon_inode:i915.gem
7f29251b7000-7f29251bf000 rw-s 129cac000 00:11 2111                      anon_inode:i915.gem
7f29251bf000-7f29251c7000 rw-s 129ca4000 00:11 2111                      anon_inode:i915.gem
7f29251c7000-7f29251cf000 rw-s 129c9c000 00:11 2111                      anon_inode:i915.gem
7f29251cf000-7f29251d7000 rw-s 129c94000 00:11 2111                      anon_inode:i915.gem
7f29251d7000-7f29251df000 rw-s 129c8c000 00:11 2111                      anon_inode:i915.gem
7f29251df000-7f29251e7000 rw-s 129c84000 00:11 2111                      anon_inode:i915.gem
7f29251e7000-7f29251ef000 rw-s 129c7c000 00:11 2111                      anon_inode:i915.gem
7f29251ef000-7f29251f7000 rw-s 129c74000 00:11 2111                      anon_inode:i915.gem
7f29251f7000-7f29251ff000 rw-s 129c6c000 00:11 2111                      anon_inode:i915.gem
7f29251ff000-7f2925207000 rw-s 129c64000 00:11 2111                      anon_inode:i915.gem
7f2925207000-7f292520f000 rw-s 129c5c000 00:11 2111                      anon_inode:i915.gem
7f292520f000-7f2925217000 rw-s 129c54000 00:11 2111                      anon_inode:i915.gem
7f2925217000-7f292521f000 rw-s 129c4c000 00:11 2111                      anon_inode:i915.gem
7f2925227000-7f2925237000 rw-s 126d26000 00:11 2111                      anon_inode:i915.gem
7f2925237000-7f2925247000 rw-s 10d172000 00:11 2111                      anon_inode:i915.gem
7f2925247000-7f2925257000 rw-s 1177b6000 00:11 2111                      anon_inode:i915.gem
7f2925257000-7f2925267000 rw-s 1177d6000 00:11 2111                      anon_inode:i915.gem
7f2925267000-7f2925277000 rw-s 129884000 00:11 2111                      anon_inode:i915.gem
7f292527f000-7f292528f000 rw-s 12951e000 00:11 2111                      anon_inode:i915.gem
7f292528f000-7f292529f000 rw-s 126d16000 00:11 2111                      anon_inode:i915.gem
7f292529f000-7f29252df000 rw-s 129b8c000 00:11 2111                      anon_inode:i915.gem
7f29252df000-7f292531f000 rw-s 129b4c000 00:11 2111                      anon_inode:i915.gem
7f292531f000-7f2925327000 rw-s 129b44000 00:11 2111                      anon_inode:i915.gem
7f2925327000-7f292532f000 rw-s 129b3c000 00:11 2111                      anon_inode:i915.gem
7f292532f000-7f2925337000 rw-s 129b34000 00:11 2111                      anon_inode:i915.gem
7f2925337000-7f292533f000 rw-s 129b2c000 00:11 2111                      anon_inode:i915.gem
7f292533f000-7f2925347000 rw-s 129b24000 00:11 2111                      anon_inode:i915.gem
7f2925347000-7f292534f000 rw-s 129b1c000 00:11 2111                      anon_inode:i915.gem
7f292534f000-7f2925357000 rw-s 129b14000 00:11 2111                      anon_inode:i915.gem
7f2925357000-7f292535f000 rw-s 129b0c000 00:11 2111                      anon_inode:i915.gem
7f292535f000-7f2925367000 rw-s 129b04000 00:11 2111                      anon_inode:i915.gem
7f2925367000-7f292536f000 rw-s 129afc000 00:11 2111                      anon_inode:i915.gem
7f292536f000-7f2925377000 rw-s 129af4000 00:11 2111                      anon_inode:i915.gem
7f2925377000-7f292537f000 rw-s 129aec000 00:11 2111                      anon_inode:i915.gem
7f292537f000-7f2925387000 rw-s 129ae4000 00:11 2111                      anon_inode:i915.gem
7f2925387000-7f292538f000 rw-s 129adc000 00:11 2111                      anon_inode:i915.gem
7f292538f000-7f2925397000 rw-s 129ad4000 00:11 2111                      anon_inode:i915.gem
7f2925397000-7f292539f000 rw-s 129acc000 00:11 2111                      anon_inode:i915.gem
7f292539f000-7f29253a7000 rw-s 129ac4000 00:11 2111                      anon_inode:i915.gem
7f29253a7000-7f29253af000 rw-s 129abc000 00:11 2111                      anon_inode:i915.gem
7f29253af000-7f29253b7000 rw-s 129ab4000 00:11 2111                      anon_inode:i915.gem
7f29253b7000-7f29253bf000 rw-s 10d15a000 00:11 2111                      anon_inode:i915.gem
7f29253c1000-7f29253c3000 rw-s 12a0f0000 00:11 2111                      anon_inode:i915.gem
7f29253c3000-7f29253c5000 rw-s 12a2b0000 00:11 2111                      anon_inode:i915.gem
7f29253c5000-7f29253c7000 rw-s 110761000 00:11 2111                      anon_inode:i915.gem
7f29253cd000-7f29253dd000 rw-s 1174a6000 00:11 2111                      anon_inode:i915.gem
7f29253dd000-7f29253ed000 rw-s 117826000 00:11 2111                      anon_inode:i915.gem
7f29253ed000-7f29253fd000 rw-s 1294fe000 00:11 2111                      anon_inode:i915.gem
7f29253fd000-7f292540d000 rw-s 126d06000 00:11 2111                      anon_inode:i915.gem
7f292540d000-7f292541d000 rw-s 10d162000 00:11 2111                      anon_inode:i915.gem
7f292541d000-7f292542d000 rw-s 126cf6000 00:11 2111                      anon_inode:i915.gem
7f292542d000-7f292543d000 rw-s 126ce6000 00:11 2111                      anon_inode:i915.gem
7f292543d000-7f292543f000 rw-s 12a2a6000 00:11 2111                      anon_inode:i915.gem
7f292543f000-7f292544f000 rw-s 10d182000 00:11 2111                      anon_inode:i915.gem
7f292544f000-7f292545f000 rw-s 1033a2000 00:11 2111                      anon_inode:i915.gem
7f292545f000-7f292546f000 rw-s 10d192000 00:11 2111                      anon_inode:i915.gem
7f292546f000-7f292547f000 rw-s 1294ee000 00:11 2111                      anon_inode:i915.gem
7f292547f000-7f292548f000 rw-s 117496000 00:11 2111                      anon_inode:i915.gem
7f292548f000-7f292549f000 rw-s 117456000 00:11 2111                      anon_inode:i915.gem
7f292549f000-7f29254af000 rw-s 117816000 00:11 2111                      anon_inode:i915.gem
7f29254af000-7f29254bf000 rw-s 1294be000 00:11 2111                      anon_inode:i915.gem
7f29254bf000-7f29254cf000 rw-s 10d0da000 00:11 2111                      anon_inode:i915.gem
7f29254cf000-7f29254ef000 rw-s 1294ce000 00:11 2111                      anon_inode:i915.gem
7f29254ef000-7f29254ff000 rw-s 129cf4000 00:11 2111                      anon_inode:i915.gem
7f29254ff000-7f292550f000 rw-s 117436000 00:11 2111                      anon_inode:i915.gem
7f292550f000-7f292551f000 rw-s 1298a4000 00:11 2111                      anon_inode:i915.gem
7f292551f000-7f292552f000 rw-s 1298b4000 00:11 2111                      anon_inode:i915.gem
7f292552f000-7f292553f000 rw-s 1268a0000 00:11 2111                      anon_inode:i915.gem
7f292553f000-7f292554f000 rw-s 1033b2000 00:11 2111                      anon_inode:i915.gem
7f292554f000-7f292555f000 rw-s 117466000 00:11 2111                      anon_inode:i915.gem
7f292555f000-7f292556f000 rw-s 129874000 00:11 2111                      anon_inode:i915.gem
7f292556f000-7f29255af000 rw-s 1298c4000 00:11 2111                      anon_inode:i915.gem
7f29255af000-7f29255cf000 rw-s 126880000 00:11 2111                      anon_inode:i915.gem
7f29255cf000-7f29255df000 rw-s 12fab4000 00:11 2111                      anon_inode:i915.gem
7f29255df000-7f29255ef000 rw-s 10ad42000 00:11 2111                      anon_inode:i915.gem
7f29255ef000-7f29255ff000 rw-s 105ca0000 00:11 2111                      anon_inode:i915.gem
7f29255ff000-7f292560f000 rw-s 129ce4000 00:11 2111                      anon_inode:i915.gem
7f292560f000-7f292561f000 rw-s 129cd4000 00:11 2111                      anon_inode:i915.gem
7f292561f000-7f2925627000 rw-s 10d102000 00:11 2111                      anon_inode:i915.gem
7f2925627000-7f292562f000 rw-s 10d0fa000 00:11 2111                      anon_inode:i915.gem
7f292562f000-7f2925637000 rw-s 10d0f2000 00:11 2111                      anon_inode:i915.gem
7f2925637000-7f292563f000 rw-s 10d0ea000 00:11 2111                      anon_inode:i915.gem
7f292563f000-7f292564f000 rw-s 1260b6000 00:11 2111                      anon_inode:i915.gem
7f292564f000-7f2925657000 rw-s 10d152000 00:11 2111                      anon_inode:i915.gem
7f2925657000-7f292565f000 rw-s 10d14a000 00:11 2111                      anon_inode:i915.gem
7f292565f000-7f2925667000 rw-s 10d142000 00:11 2111                      anon_inode:i915.gem
7f2925667000-7f292566f000 rw-s 10d13a000 00:11 2111                      anon_inode:i915.gem
7f292566f000-7f292567f000 rw-s 116bed000 00:11 2111                      anon_inode:i915.gem
7f292567f000-7f292568f000 rw-s 12f3f4000 00:11 2111                      anon_inode:i915.gem
7f292568f000-7f292569f000 rw-s 12f3e4000 00:11 2111                      anon_inode:i915.gem
7f292569f000-7f29256a7000 rw-s 10bd5a000 00:11 2111                      anon_inode:i915.gem
7f29256a7000-7f29256af000 rw-s 10bd52000 00:11 2111                      anon_inode:i915.gem
7f29256af000-7f29256b7000 rw-s 10bd4a000 00:11 2111                      anon_inode:i915.gem
7f29256b7000-7f29256bf000 rw-s 10bd42000 00:11 2111                      anon_inode:i915.gem
7f29256bf000-7f29256cf000 rw-s 12f3d4000 00:11 2111                      anon_inode:i915.gem
7f29256cf000-7f29256d7000 rw-s 10d0d2000 00:11 2111                      anon_inode:i915.gem
7f29256d7000-7f29256e7000 rw-s 10d12a000 00:11 2111                      anon_inode:i915.gem
7f29256e7000-7f29256f7000 rw-s 10d11a000 00:11 2111                      anon_inode:i915.gem
7f29256f7000-7f2925707000 rw-s 10d10a000 00:11 2111                      anon_inode:i915.gem
7f2925707000-7f292570f000 rw-s 10d09a000 00:11 2111                      anon_inode:i915.gem
7f292570f000-7f2925717000 rw-s 10d092000 00:11 2111                      anon_inode:i915.gem
7f2925717000-7f292571f000 rw-s 10d08a000 00:11 2111                      anon_inode:i915.gem
7f292571f000-7f2925727000 rw-s 10d082000 00:11 2111                      anon_inode:i915.gem
7f2925727000-7f2925737000 rw-s 10d0c2000 00:11 2111                      anon_inode:i915.gem
7f2925737000-7f2925747000 rw-s 10d0b2000 00:11 2111                      anon_inode:i915.gem
7f2925747000-7f2925947000 rw-s 129624000 00:11 2111                      anon_inode:i915.gem
7f2925947000-7f292594f000 rw-s 10d05a000 00:11 2111                      anon_inode:i915.gem
7f292594f000-7f2925957000 rw-s 10d052000 00:11 2111                      anon_inode:i915.gem
7f2925957000-7f292595f000 rw-s 10d04a000 00:11 2111                      anon_inode:i915.gem
7f292595f000-7f2925967000 rw-s 10d042000 00:11 2111                      anon_inode:i915.gem
7f2925967000-7f292596b000 rw-s 10d03e000 00:11 2111                      anon_inode:i915.gem
7f292596b000-7f2925973000 rw-s 10d036000 00:11 2111                      anon_inode:i915.gem
7f2925973000-7f292597b000 rw-s 10d02e000 00:11 2111                      anon_inode:i915.gem
7f292597b000-7f2925983000 rw-s 10d026000 00:11 2111                      anon_inode:i915.gem
7f2925983000-7f292598b000 rw-s 10d01e000 00:11 2111                      anon_inode:i915.gem
7f292598b000-7f2925993000 rw-s 10d016000 00:11 2111                      anon_inode:i915.gem
7f2925993000-7f292599b000 rw-s 10d00e000 00:11 2111                      anon_inode:i915.gem
7f292599b000-7f292599f000 rw-s 10d00a000 00:11 2111                      anon_inode:i915.gem
7f292599f000-7f29259a3000 rw-s 10bc7c000 00:11 2111                      anon_inode:i915.gem
7f29259a3000-7f29259ab000 rw-s 10d002000 00:11 2111                      anon_inode:i915.gem
7f29259ab000-7f29259b3000 rw-s 10cffa000 00:11 2111                      anon_inode:i915.gem
7f29259b3000-7f29259c3000 rw-s 1177c6000 00:11 2111                      anon_inode:i915.gem
7f29259c3000-7f29259e3000 rw-s 129854000 00:11 2111                      anon_inode:i915.gem
7f29259e3000-7f2925a03000 rw-s 116b3d000 00:11 2111                      anon_inode:i915.gem
7f2925a03000-7f2925a13000 rw-s 12950e000 00:11 2111                      anon_inode:i915.gem
7f2925a13000-7f2925a23000 rw-s 1177e6000 00:11 2111                      anon_inode:i915.gem
7f2925a23000-7f2925a33000 rw-s 117916000 00:11 2111                      anon_inode:i915.gem
7f2925a33000-7f2925c33000 rw-s 10cd62000 00:11 2111                      anon_inode:i915.gem
7f2925c33000-7f2926033000 rw-s 10c762000 00:11 2111                      anon_inode:i915.gem
7f2926037000-7f292603b000 rw-s 110758000 00:11 2111                      anon_inode:i915.gem
7f292603b000-7f292603f000 rw-s 12a2ac000 00:11 2111                      anon_inode:i915.gem
7f292603f000-7f2926043000 rw-s 127292000 00:11 2111                      anon_inode:i915.gem
7f2926043000-7f2926053000 rw-s 10d0a2000 00:11 2111                      anon_inode:i915.gem
7f2926053000-7f2926063000 rw-s 10bd32000 00:11 2111                      anon_inode:i915.gem
7f2926063000-7f2926073000 rw-s 10bd22000 00:11 2111                      anon_inode:i915.gem
7f2926073000-7f2926083000 rw-s 10ac82000 00:11 2111                      anon_inode:i915.gem
7f2926083000-7f2926093000 rw-s 10ac72000 00:11 2111                      anon_inode:i915.gem
7f2926094000-7f29260a4000 rw-s 12f334000 00:11 2111                      anon_inode:i915.gem
7f29260a4000-7f29260b4000 rw-s 127226000 00:11 2111                      anon_inode:i915.gem
7f29260b4000-7f29260bc000 rw-s 10cff2000 00:11 2111                      anon_inode:i915.gem
7f29260bc000-7f29260c4000 rw-s 10cfea000 00:11 2111                      anon_inode:i915.gem
7f29260c4000-7f29260cc000 rw-s 10cfe2000 00:11 2111                      anon_inode:i915.gem
7f29260cc000-7f29260d4000 rw-s 10bc74000 00:11 2111                      anon_inode:i915.gem
7f29260d4000-7f29260dc000 rw-s 10bc6c000 00:11 2111                      anon_inode:i915.gem
7f29260dc000-7f29260de000 rw-s 10bc6a000 00:11 2111                      anon_inode:i915.gem
7f29260de000-7f29260e6000 rw-s 10bc62000 00:11 2111                      anon_inode:i915.gem
7f29260e6000-7f29260ee000 rw-s 10bc5a000 00:11 2111                      anon_inode:i915.gem
7f29260ee000-7f29260f0000 rw-s 10bc58000 00:11 2111                      anon_inode:i915.gem
7f29260f0000-7f29260f2000 rw-s 10bc56000 00:11 2111                      anon_inode:i915.gem
7f29260f2000-7f29260f4000 rw-s 1049af000 00:11 2111                      anon_inode:i915.gem
7f29260f4000-7f29260f6000 rw-s 103e32000 00:11 2111                      anon_inode:i915.gem
7f29260f6000-7f29260fe000 rw-s 10bc4e000 00:11 2111                      anon_inode:i915.gem
7f29260fe000-7f2926102000 rw-s 10bc4a000 00:11 2111                      anon_inode:i915.gem
7f2926102000-7f2926106000 rw-s 10bc46000 00:11 2111                      anon_inode:i915.gem
7f2926106000-7f292610a000 rw-s 10bc42000 00:11 2111                      anon_inode:i915.gem
7f292610a000-7f292610e000 rw-s 10bc3e000 00:11 2111                      anon_inode:i915.gem
7f292610e000-7f2926112000 rw-s 10bc3a000 00:11 2111                      anon_inode:i915.gem
7f2926112000-7f2926116000 rw-s 10bc36000 00:11 2111                      anon_inode:i915.gem
7f2926116000-7f292611a000 rw-s 10bc32000 00:11 2111                      anon_inode:i915.gem
7f292611a000-7f292611c000 rw-s 10479a000 00:11 2111                      anon_inode:i915.gem
7f292611c000-7f292611e000 rw-s 106f45000 00:11 2111                      anon_inode:i915.gem
7f292611e000-7f2926122000 rw-s 10bc2e000 00:11 2111                      anon_inode:i915.gem
7f2926122000-7f2926124000 rw-s 101d2c000 00:11 2111                      anon_inode:i915.gem
7f2926124000-7f2926128000 rw-s 10bc2a000 00:11 2111                      anon_inode:i915.gem
7f2926128000-7f292612c000 rw-s 10bc26000 00:11 2111                      anon_inode:i915.gem
7f292612c000-7f2926134000 rw-s 10bc1e000 00:11 2111                      anon_inode:i915.gem
7f2926134000-7f292613c000 rw-s 10bc16000 00:11 2111                      anon_inode:i915.gem
7f292613c000-7f292613e000 rw-s 101d0b000 00:11 2111                      anon_inode:i915.gem
7f292613e000-7f2926140000 rw-s 101d64000 00:11 2111                      anon_inode:i915.gem
7f2926140000-7f2926142000 rw-s 106f5f000 00:11 2111                      anon_inode:i915.gem
7f2926142000-7f2926144000 rw-s 104105000 00:11 2111                      anon_inode:i915.gem
7f2926144000-7f292614c000 rw-s 10bc0e000 00:11 2111                      anon_inode:i915.gem
7f292614c000-7f292614e000 rw-s 101c35000 00:11 2111                      anon_inode:i915.gem
7f292614e000-7f2926150000 rw-s 103e26000 00:11 2111                      anon_inode:i915.gem
7f2926150000-7f2926152000 rw-s 106e5a000 00:11 2111                      anon_inode:i915.gem
7f2926152000-7f292615a000 rw-s 10bc06000 00:11 2111                      anon_inode:i915.gem
7f292615a000-7f292615c000 rw-s 101bca000 00:11 2111                      anon_inode:i915.gem
7f292615c000-7f292615e000 rw-s 103390000 00:11 2111                      anon_inode:i915.gem
7f292615e000-7f2926162000 rw-s 10bc02000 00:11 2111                      anon_inode:i915.gem
7f2926162000-7f2926166000 rw-s 10bbfe000 00:11 2111                      anon_inode:i915.gem
7f2926166000-7f292616a000 rw-s 10bbfa000 00:11 2111                      anon_inode:i915.gem
7f292616a000-7f292616e000 rw-s 10bbf6000 00:11 2111                      anon_inode:i915.gem
7f292616e000-7f2926172000 rw-s 10bbf2000 00:11 2111                      anon_inode:i915.gem
7f2926172000-7f2926176000 rw-s 10bbee000 00:11 2111                      anon_inode:i915.gem
7f2926176000-7f292617a000 rw-s 10bbea000 00:11 2111                      anon_inode:i915.gem
7f292617a000-7f2926182000 rw-s 10bbe2000 00:11 2111                      anon_inode:i915.gem
7f2926182000-7f2926186000 rw-s 10bbde000 00:11 2111                      anon_inode:i915.gem
7f2926186000-7f292618a000 rw-s 10bbda000 00:11 2111                      anon_inode:i915.gem
7f292618a000-7f292618e000 rw-s 10bbd6000 00:11 2111                      anon_inode:i915.gem
7f292618e000-7f2926196000 rw-s 10bbce000 00:11 2111                      anon_inode:i915.gem
7f2926196000-7f292619e000 rw-s 10bbc6000 00:11 2111                      anon_inode:i915.gem
7f292619e000-7f29261a2000 rw-s 10bbc2000 00:11 2111                      anon_inode:i915.gem
7f29261a2000-7f29261a6000 rw-s 106d7e000 00:11 2111                      anon_inode:i915.gem
7f29261a6000-7f29261ae000 rw-s 10bbba000 00:11 2111                      anon_inode:i915.gem
7f29261ae000-7f29261b6000 rw-s 10bbb2000 00:11 2111                      anon_inode:i915.gem
7f29261b6000-7f29261be000 rw-s 10bbaa000 00:11 2111                      anon_inode:i915.gem
7f29261be000-7f29261c6000 rw-s 10bba2000 00:11 2111                      anon_inode:i915.gem
7f29261c6000-7f29261ce000 rw-s 10bb9a000 00:11 2111                      anon_inode:i915.gem
7f29261ce000-7f29261d6000 rw-s 10bb92000 00:11 2111                      anon_inode:i915.gem
7f29261d6000-7f29261de000 rw-s 10bb8a000 00:11 2111                      anon_inode:i915.gem
7f29261de000-7f29261e6000 rw-s 10bb82000 00:11 2111                      anon_inode:i915.gem
7f29261e6000-7f29261ee000 rw-s 10bb7a000 00:11 2111                      anon_inode:i915.gem
7f29261ee000-7f29261f6000 rw-s 10bb72000 00:11 2111                      anon_inode:i915.gem
7f29261f6000-7f29263f6000 rw-s 108d62000 00:11 2111                      anon_inode:i915.gem
7f29263f6000-7f29263f7000 rw-p 00000000 00:00 0 
7f29263f7000-7f29263fb000 ---p 00000000 00:00 0 
7f29263fb000-7f29264f8000 rw-p 00000000 00:00 0 
7f29264f8000-7f29264fc000 ---p 00000000 00:00 0 
7f29264fc000-7f29265f9000 rw-p 00000000 00:00 0 
7f29265f9000-7f29265fd000 ---p 00000000 00:00 0 
7f29265fd000-7f29266fa000 rw-p 00000000 00:00 0 
7f29266fa000-7f29266fe000 ---p 00000000 00:00 0 
7f29266fe000-7f29267fa000 rw-p 00000000 00:00 0 
7f29267fb000-7f29267fd000 rw-s 104466000 00:11 2111                      anon_inode:i915.gem
7f29267fd000-7f2926805000 rw-s 10bb6a000 00:11 2111                      anon_inode:i915.gem
7f2926805000-7f292680d000 rw-s 10bb62000 00:11 2111                      anon_inode:i915.gem
7f292680d000-7f2926815000 rw-s 106d76000 00:11 2111                      anon_inode:i915.gem
7f2926815000-7f2926a15000 rw-s 10cb62000 00:11 2111                      anon_inode:i915.gem
7f2926a15000-7f2926c15000 rw-s 10b962000 00:11 2111                      anon_inode:i915.gem
7f2926c15000-7f2926c1d000 rw-s 106d6e000 00:11 2111                      anon_inode:i915.gem
7f2926c1d000-7f2926c25000 rw-s 106d66000 00:11 2111                      anon_inode:i915.gem
7f2926c25000-7f2926c2d000 rw-s 106d5e000 00:11 2111                      anon_inode:i915.gem
7f2926c2d000-7f2926c31000 rw-s 106d5a000 00:11 2111                      anon_inode:i915.gem
7f2926c31000-7f2926c35000 rw-s 106d56000 00:11 2111                      anon_inode:i915.gem
7f2926c35000-7f2926c39000 rw-s 106d52000 00:11 2111                      anon_inode:i915.gem
7f2926c39000-7f2926c3d000 rw-s 106d4e000 00:11 2111                      anon_inode:i915.gem
7f2926c3d000-7f2926c41000 rw-s 106d4a000 00:11 2111                      anon_inode:i915.gem
7f2926c41000-7f2926c51000 rw-s 10ac28000 00:11 2111                      anon_inode:i915.gem
7f2926c51000-7f2926c55000 rw-s 106d36000 00:11 2111                      anon_inode:i915.gem
7f2926c55000-7f2926c59000 rw-s 106d32000 00:11 2111                      anon_inode:i915.gem
7f2926c59000-7f2926c5d000 rw-s 106d2e000 00:11 2111                      anon_inode:i915.gem
7f2926c5d000-7f2926c61000 rw-s 106d2a000 00:11 2111                      anon_inode:i915.gem
7f2926c61000-7f2926c65000 rw-s 104101000 00:11 2111                      anon_inode:i915.gem
7f2926c65000-7f2926c69000 rw-s 106f5b000 00:11 2111                      anon_inode:i915.gem
7f2926c69000-7f2926c6d000 rw-s 101d60000 00:11 2111                      anon_inode:i915.gem
7f2926c6d000-7f2926c75000 rw-s 106d22000 00:11 2111                      anon_inode:i915.gem
7f2926c75000-7f2926c79000 rw-s 101d07000 00:11 2111                      anon_inode:i915.gem
7f2926c79000-7f2926c7d000 rw-s 101d28000 00:11 2111                      anon_inode:i915.gem
7f2926c7d000-7f2926c81000 rw-s 106f41000 00:11 2111                      anon_inode:i915.gem
7f2926c81000-7f2926c89000 rw-s 106d1a000 00:11 2111                      anon_inode:i915.gem
7f2926c89000-7f2926c91000 rw-s 106d12000 00:11 2111                      anon_inode:i915.gem
7f2926c91000-7f2926c95000 rw-s 10254c000 00:11 2111                      anon_inode:i915.gem
7f2926c95000-7f2926c99000 rw-s 10416f000 00:11 2111                      anon_inode:i915.gem
7f2926c99000-7f2926ca1000 rw-s 106d0a000 00:11 2111                      anon_inode:i915.gem
7f2926ca1000-7f2926cb1000 rw-s 10ac41000 00:11 2111                      anon_inode:i915.gem
7f2926cb1000-7f2926cb9000 rw-s 106cf2000 00:11 2111                      anon_inode:i915.gem
7f2926cb9000-7f2926cbd000 rw-s 1033f2000 00:11 2111                      anon_inode:i915.gem
7f2926cbd000-7f2926ccd000 rw-s 103d9e000 00:11 2111                      anon_inode:i915.gem
7f2926ccd000-7f2926cd1000 rw-s 104462000 00:11 2111                      anon_inode:i915.gem
7f2926cd1000-7f2926cd5000 rw-s 10338c000 00:11 2111                      anon_inode:i915.gem
7f2926cd5000-7f2926cdd000 rw-s 106cda000 00:11 2111                      anon_inode:i915.gem
7f2926cdd000-7f2926ce1000 rw-s 10395b000 00:11 2111                      anon_inode:i915.gem
7f2926ce1000-7f2926ce9000 rw-s 106cd2000 00:11 2111                      anon_inode:i915.gem
7f2926ce9000-7f2926cf1000 rw-s 106cca000 00:11 2111                      anon_inode:i915.gem
7f2926cf1000-7f2926cf9000 rw-s 106cc2000 00:11 2111                      anon_inode:i915.gem
7f2926cf9000-7f2926d09000 rw-s 129cbc000 00:11 2111                      anon_inode:i915.gem
7f2926d09000-7f2926d11000 rw-s 106caa000 00:11 2111                      anon_inode:i915.gem
7f2926d11000-7f2926d19000 rw-s 106ca2000 00:11 2111                      anon_inode:i915.gem
7f2926d19000-7f2926d1d000 rw-s 101c39000 00:11 2111                      anon_inode:i915.gem
7f2926d1d000-7f2926d21000 rw-s 103e07000 00:11 2111                      anon_inode:i915.gem
7f2926d21000-7f2926d25000 rw-s 1038a9000 00:11 2111                      anon_inode:i915.gem
7f2926d25000-7f2926d35000 rw-s 129824000 00:11 2111                      anon_inode:i915.gem
7f2926d35000-7f2926d39000 rw-s 102cd3000 00:11 2111                      anon_inode:i915.gem
7f2926d39000-7f2926d41000 rw-s 106f39000 00:11 2111                      anon_inode:i915.gem
7f2926d41000-7f2926d49000 rw-s 101d20000 00:11 2111                      anon_inode:i915.gem
7f2926d49000-7f2926d4d000 rw-s 105ddf000 00:11 2111                      anon_inode:i915.gem
7f2926d4d000-7f2926d51000 rw-s 1040c7000 00:11 2111                      anon_inode:i915.gem
7f2926d51000-7f2926d59000 rw-s 101cff000 00:11 2111                      anon_inode:i915.gem
7f2926d59000-7f2926d5d000 rw-s 102522000 00:11 2111                      anon_inode:i915.gem
7f2926d5d000-7f2926d65000 rw-s 103384000 00:11 2111                      anon_inode:i915.gem
7f2926d65000-7f2926d75000 rw-s 106d3a000 00:11 2111                      anon_inode:i915.gem
7f2926d75000-7f2926d7d000 rw-s 10445a000 00:11 2111                      anon_inode:i915.gem
7f2926d7d000-7f2926d81000 rw-s 103927000 00:11 2111                      anon_inode:i915.gem
7f2926d81000-7f2926d89000 rw-s 105dd7000 00:11 2111                      anon_inode:i915.gem
7f2926d89000-7f2926d99000 rw-s 104979000 00:11 2111                      anon_inode:i915.gem
7f2926d99000-7f2926d9d000 rw-s 10d07a000 00:11 2111                      anon_inode:i915.gem
7f2926d9d000-7f2926da1000 rw-s 1248a0000 00:11 2111                      anon_inode:i915.gem
7f2926da1000-7f2926da9000 rw-s 10d06a000 00:11 2111                      anon_inode:i915.gem
7f2926da9000-7f2926dab000 rw-s 12489e000 00:11 2111                      anon_inode:i915.gem
7f2926dab000-7f2926dad000 rw-s 12489c000 00:11 2111                      anon_inode:i915.gem
7f2926dad000-7f2926daf000 rw-s 12489a000 00:11 2111                      anon_inode:i915.gem
7f2926daf000-7f2926db1000 rw-s 124898000 00:11 2111                      anon_inode:i915.gem
7f2926db1000-7f2926db9000 rw-s 10d062000 00:11 2111                      anon_inode:i915.gem
7f2926db9000-7f2926df9000 rw-s 10abe2000 00:11 2111                      anon_inode:i915.gem
7f2926df9000-7f2926e39000 rw-s 10aba2000 00:11 2111                      anon_inode:i915.gem
7f2926e39000-7f2926e3b000 rw-s 106e20000 00:11 2111                      anon_inode:i915.gem
7f2926e3b000-7f2926e3d000 rw-s 106e1e000 00:11 2111                      anon_inode:i915.gem
7f2926e3d000-7f2926e3f000 rw-s 106e1c000 00:11 2111                      anon_inode:i915.gem
7f2926e3f000-7f2926e47000 rw-s 106e14000 00:11 2111                      anon_inode:i915.gem
7f2926e47000-7f2926e4f000 rw-s 106e0c000 00:11 2111                      anon_inode:i915.gem
7f2926e4f000-7f2926e57000 rw-s 106e04000 00:11 2111                      anon_inode:i915.gem
7f2926e57000-7f2926e59000 rw-s 106e02000 00:11 2111                      anon_inode:i915.gem
7f2926e59000-7f2926e99000 rw-s 10ab62000 00:11 2111                      anon_inode:i915.gem
7f2926e99000-7f2926ea1000 rw-s 12984c000 00:11 2111                      anon_inode:i915.gem
7f2926ea1000-7f2926ea9000 rw-s 129844000 00:11 2111                      anon_inode:i915.gem
7f2926ea9000-7f2926eb1000 rw-s 12983c000 00:11 2111                      anon_inode:i915.gem
7f2926eb1000-7f2926eb9000 rw-s 129834000 00:11 2111                      anon_inode:i915.gem
7f2926eb9000-7f2926ef9000 rw-s 102de8000 00:11 2111                      anon_inode:i915.gem
7f2926ef9000-7f2926efa000 rw-p 00000000 00:00 0 
7f2926efa000-7f2926efe000 ---p 00000000 00:00 0 
7f2926efe000-7f29271fc000 rw-p 00000000 00:00 0 
7f29271fc000-7f29273fc000 rw-s 10a762000 00:11 2111                      anon_inode:i915.gem
7f29273fc000-7f2929400000 rw-p 00000000 00:00 0 
7f2929400000-7f2929601000 rw-s 00000000 00:23 12600862                   /home/mirtemir/.cache/mesa_shader_cache/index
7f2929601000-7f2929603000 rw-s 1033f6000 00:11 2111                      anon_inode:i915.gem
7f2929603000-7f292960b000 rw-s 10391f000 00:11 2111                      anon_inode:i915.gem
7f292960b000-7f2929613000 rw-s 12b7d6000 00:11 2111                      anon_inode:i915.gem
7f2929613000-7f292961b000 rw-s 12b7ce000 00:11 2111                      anon_inode:i915.gem
7f292961b000-7f2929623000 rw-s 12b7c6000 00:11 2111                      anon_inode:i915.gem
7f2929623000-7f292962b000 rw-s 12b7be000 00:11 2111                      anon_inode:i915.gem
7f292962b000-7f2929633000 rw-s 10251a000 00:11 2111                      anon_inode:i915.gem
7f2929633000-7f2929637000 rw-s 105d08000 00:11 2111                      anon_inode:i915.gem
7f2929637000-7f292963f000 rw-s 105d00000 00:11 2111                      anon_inode:i915.gem
7f292963f000-7f2929647000 rw-s 104792000 00:11 2111                      anon_inode:i915.gem
7f2929647000-7f292964f000 rw-s 103e2a000 00:11 2111                      anon_inode:i915.gem
7f292964f000-7f2929657000 rw-s 1049a7000 00:11 2111                      anon_inode:i915.gem
7f2929657000-7f292965f000 rw-s 105f14000 00:11 2111                      anon_inode:i915.gem
7f292965f000-7f2929667000 rw-s 101bc2000 00:11 2111                      anon_inode:i915.gem
7f2929667000-7f292966f000 rw-s 106e52000 00:11 2111                      anon_inode:i915.gem
7f292966f000-7f292967f000 rw-s 106e22000 00:11 2111                      anon_inode:i915.gem
7f292967f000-7f2929687000 rw-s 103e1e000 00:11 2111                      anon_inode:i915.gem
7f2929687000-7f292968f000 rw-s 10337a000 00:11 2111                      anon_inode:i915.gem
7f292968f000-7f292969f000 rw-s 105d9c000 00:11 2111                      anon_inode:i915.gem
7f292969f000-7f29296bf000 rw-s 106c82000 00:11 2111                      anon_inode:i915.gem
7f29296bf000-7f29296ff000 rw-s 10bce2000 00:11 2111                      anon_inode:i915.gem
7f29296ff000-7f2929800000 rw-p 00000000 00:00 0 
7f2929800000-7f2929a00000 rw-s 109762000 00:11 2111                      anon_inode:i915.gem
7f2929a00000-7f292b994000 r--p 00000000 00:23 22647                      /usr/lib/libicudata.so.78.3
7f292b994000-7f292b995000 r--p 01f93000 00:23 22647                      /usr/lib/libicudata.so.78.3
7f292b996000-7f292b998000 rw-s 104173000 00:11 2111                      anon_inode:i915.gem
7f292b998000-7f292b9a0000 rw-s 105d50000 00:11 2111                      anon_inode:i915.gem
7f292b9a1000-7f292b9a3000 rw-s 1272a5000 00:11 2111                      anon_inode:i915.gem
7f292b9a5000-7f292b9a7000 rw-s 12729f000 00:11 2111                      anon_inode:i915.gem
7f292b9a9000-7f292b9ab000 rw-s 1372e2000 00:11 2111                      anon_inode:i915.gem
7f292b9b0000-7f292b9c0000 rw-s 103e0e000 00:11 2111                      anon_inode:i915.gem
7f292b9c0000-7f292ba00000 rw-s 10bca2000 00:11 2111                      anon_inode:i915.gem
7f292ba00000-7f292ba48000 r--p 00000000 00:23 22662                      /usr/lib/libicuuc.so.78.3
7f292ba48000-7f292bb9e000 r-xp 00048000 00:23 22662                      /usr/lib/libicuuc.so.78.3
7f292bb9e000-7f292bc38000 r--p 0019e000 00:23 22662                      /usr/lib/libicuuc.so.78.3
7f292bc38000-7f292bc4b000 r--p 00238000 00:23 22662                      /usr/lib/libicuuc.so.78.3
7f292bc4b000-7f292bc4c000 rw-p 0024b000 00:23 22662                      /usr/lib/libicuuc.so.78.3
7f292bc4c000-7f292bc4e000 rw-p 00000000 00:00 0 
7f292bc4f000-7f292bc5f000 rw-s 106e42000 00:11 2111                      anon_inode:i915.gem
7f292bc60000-7f292bc68000 rw-s 105dac000 00:11 2111                      anon_inode:i915.gem
7f292bc68000-7f292bc6c000 rw-s 101c5f000 00:11 2111                      anon_inode:i915.gem
7f292bc71000-7f292bc73000 rw-s 10ac22000 00:11 2111                      anon_inode:i915.gem
7f292bc78000-7f292bc7c000 rw-s 106cb2000 00:11 2111                      anon_inode:i915.gem
7f292bc7c000-7f292bc84000 rw-s 102c88000 00:11 2111                      anon_inode:i915.gem
7f292bc84000-7f292bc86000 rw-s 102529000 00:11 2111                      anon_inode:i915.gem
7f292bc86000-7f292bc8a000 rw-s 101bba000 00:11 2111                      anon_inode:i915.gem
7f292bc8a000-7f292bc9a000 rw-s 101baa000 00:11 2111                      anon_inode:i915.gem
7f292bc9a000-7f292bc9e000 rw-s 105d98000 00:11 2111                      anon_inode:i915.gem
7f292bc9e000-7f292bca2000 rw-s 104965000 00:11 2111                      anon_inode:i915.gem
7f292bca2000-7f292bca6000 rw-s 1040cd000 00:11 2111                      anon_inode:i915.gem
7f292bca6000-7f292bcc6000 rw-s 10bc82000 00:11 2111                      anon_inode:i915.gem
7f292bcce000-7f292bcde000 rw-s 105cf0000 00:11 2111                      anon_inode:i915.gem
7f292bcde000-7f292bce0000 rw-s 129537000 00:11 2111                      anon_inode:i915.gem
7f292bce4000-7f292bce6000 rw-s 10182c000 00:11 2111                      anon_inode:i915.gem
7f292bce6000-7f292bcf6000 rw-s 102c78000 00:11 2111                      anon_inode:i915.gem
7f292bcf6000-7f292bd06000 rw-s 10ad52000 00:11 2111                      anon_inode:i915.gem
7f292bd06000-7f292bd26000 rw-s 10ac52000 00:11 2111                      anon_inode:i915.gem
7f292bd26000-7f292bd27000 rw-s 00000000 00:01 330                        /memfd:xshmfence (deleted)
7f292bd27000-7f292bd2f000 rw-s 105d68000 00:11 2111                      anon_inode:i915.gem
7f292bd2f000-7f292bd33000 rw-s 102ddc000 00:11 2111                      anon_inode:i915.gem
7f292bd33000-7f292bd43000 rw-s 106ce2000 00:11 2111                      anon_inode:i915.gem
7f292bd43000-7f292bd45000 rw-s 105ccb000 00:11 2111                      anon_inode:i915.gem
7f292bd45000-7f292bd46000 rw-s 00000000 00:01 329                        /memfd:xshmfence (deleted)
7f292bd46000-7f292bd56000 rw-s 12f404000 00:11 2111                      anon_inode:i915.gem
7f292bd56000-7f292bd66000 rw-s 10ad32000 00:11 2111                      anon_inode:i915.gem
7f292bd66000-7f292bd6e000 rw-s 105a98000 00:11 2111                      anon_inode:i915.gem
7f292bd6e000-7f292bd7e000 rw-s 127216000 00:11 2111                      anon_inode:i915.gem
7f292bd7e000-7f292bd86000 rw-s 1020f2000 00:11 2111                      anon_inode:i915.gem
7f292bd86000-7f292bd8e000 rw-s 12700e000 00:11 2111                      anon_inode:i915.gem
7f292bd8e000-7f292bd96000 rw-s 127006000 00:11 2111                      anon_inode:i915.gem
7f292bd96000-7f292bd9e000 rw-s 126ffe000 00:11 2111                      anon_inode:i915.gem
7f292bd9e000-7f292bda6000 rw-s 126ff6000 00:11 2111                      anon_inode:i915.gem
7f292bda6000-7f292bdae000 rw-s 10ac92000 00:11 2111                      anon_inode:i915.gem
7f292bdae000-7f292bdb6000 rw-s 10acea000 00:11 2111                      anon_inode:i915.gem
7f292bdb6000-7f292bdbe000 rw-s 106e6c000 00:11 2111                      anon_inode:i915.gem
7f292bdbe000-7f292bdc2000 rw-s 10397e000 00:11 2111                      anon_inode:i915.gem
7f292bdc2000-7f292bdca000 rw-s 104989000 00:11 2111                      anon_inode:i915.gem
7f292bdca000-7f292bdda000 rw-s 106cfa000 00:11 2111                      anon_inode:i915.gem
7f292bdda000-7f292bdde000 rw-s 101d69000 00:11 2111                      anon_inode:i915.gem
7f292bdde000-7f292bde6000 rw-s 101be2000 00:11 2111                      anon_inode:i915.gem
7f292bde6000-7f292be26000 rw-s 10acf2000 00:11 2111                      anon_inode:i915.gem
7f292be26000-7f292be33000 r--p 00000000 00:23 5102                       /usr/lib/libncursesw.so.6.6
7f292be33000-7f292be8b000 r-xp 0000d000 00:23 5102                       /usr/lib/libncursesw.so.6.6
7f292be8b000-7f292bea3000 r--p 00065000 00:23 5102                       /usr/lib/libncursesw.so.6.6
7f292bea3000-7f292bea8000 r--p 0007c000 00:23 5102                       /usr/lib/libncursesw.so.6.6
7f292bea8000-7f292bea9000 rw-p 00081000 00:23 5102                       /usr/lib/libncursesw.so.6.6
7f292bea9000-7f292bec3000 r--p 00000000 00:23 713814                     /usr/lib/libxml2.so.16.1.3
7f292bec3000-7f292bfc1000 r-xp 0001a000 00:23 713814                     /usr/lib/libxml2.so.16.1.3
7f292bfc1000-7f292c008000 r--p 00118000 00:23 713814                     /usr/lib/libxml2.so.16.1.3
7f292c008000-7f292c011000 r--p 0015f000 00:23 713814                     /usr/lib/libxml2.so.16.1.3
7f292c011000-7f292c012000 rw-p 00168000 00:23 713814                     /usr/lib/libxml2.so.16.1.3
7f292c012000-7f292c013000 rw-p 00000000 00:00 0 
7f292c013000-7f292c02c000 r--p 00000000 00:23 3186374                    /usr/lib/libSPIRV-Tools.so
7f292c02c000-7f292c175000 r-xp 00019000 00:23 3186374                    /usr/lib/libSPIRV-Tools.so
7f292c175000-7f292c1fc000 r--p 00162000 00:23 3186374                    /usr/lib/libSPIRV-Tools.so
7f292c1fc000-7f292c1ff000 r--p 001e9000 00:23 3186374                    /usr/lib/libSPIRV-Tools.so
7f292c1ff000-7f292c200000 rw-p 001ec000 00:23 3186374                    /usr/lib/libSPIRV-Tools.so
7f292c200000-7f2930530000 r--p 00000000 00:23 2455173                    /usr/lib/libLLVM.so.22.1
7f2930530000-7f2934df2000 r-xp 0432f000 00:23 2455173                    /usr/lib/libLLVM.so.22.1
7f2934df2000-7f293501a000 r--p 08bf0000 00:23 2455173                    /usr/lib/libLLVM.so.22.1
7f293501a000-7f2935024000 rw-p 08e17000 00:23 2455173                    /usr/lib/libLLVM.so.22.1
7f2935024000-7f29350d0000 rw-p 00000000 00:00 0 
7f29350d0000-7f29350d2000 rw-s 102550000 00:11 2111                      anon_inode:i915.gem
7f29350d2000-7f29350e2000 rw-s 10d1c2000 00:11 2111                      anon_inode:i915.gem
7f29350e2000-7f29350e4000 r--p 00000000 00:23 126494                     /usr/lib/libpciaccess.so.0.11.1
7f29350e4000-7f29350e9000 r-xp 00002000 00:23 126494                     /usr/lib/libpciaccess.so.0.11.1
7f29350e9000-7f29350eb000 r--p 00007000 00:23 126494                     /usr/lib/libpciaccess.so.0.11.1
7f29350eb000-7f29350ec000 r--p 00008000 00:23 126494                     /usr/lib/libpciaccess.so.0.11.1
7f29350ec000-7f29350ed000 rw-p 00009000 00:23 126494                     /usr/lib/libpciaccess.so.0.11.1
7f29350ed000-7f29350f8000 r--p 00000000 00:23 16834                      /usr/lib/libzstd.so.1.5.7
7f29350f8000-7f29351e8000 r-xp 0000b000 00:23 16834                      /usr/lib/libzstd.so.1.5.7
7f29351e8000-7f29351fe000 r--p 000fb000 00:23 16834                      /usr/lib/libzstd.so.1.5.7
7f29351fe000-7f29351ff000 r--p 00110000 00:23 16834                      /usr/lib/libzstd.so.1.5.7
7f29351ff000-7f2935200000 rw-p 00111000 00:23 16834                      /usr/lib/libzstd.so.1.5.7
7f2935200000-7f293521a000 r--p 00000000 00:23 3186830                    /usr/lib/libgallium-26.1.6-arch3.1.so
7f293521a000-7f29371e3000 r-xp 0001a000 00:23 3186830                    /usr/lib/libgallium-26.1.6-arch3.1.so
7f29371e3000-7f2938425000 r--p 01fe3000 00:23 3186830                    /usr/lib/libgallium-26.1.6-arch3.1.so
7f2938425000-7f2938599000 r--p 03225000 00:23 3186830                    /usr/lib/libgallium-26.1.6-arch3.1.so
7f2938599000-7f29385cf000 rw-p 03399000 00:23 3186830                    /usr/lib/libgallium-26.1.6-arch3.1.so
7f29385cf000-7f293879c000 rw-p 00000000 00:00 0 
7f293879c000-7f293879e000 rw-s 105f1c000 00:11 2111                      anon_inode:i915.gem
7f293879e000-7f29387a2000 rw-s 1040a1000 00:11 2111                      anon_inode:i915.gem
7f29387a2000-7f29387a8000 r--p 00000000 00:23 1298937                    /usr/lib/libedit.so.0.0.78
7f29387a8000-7f29387d9000 r-xp 00006000 00:23 1298937                    /usr/lib/libedit.so.0.0.78
7f29387d9000-7f29387e7000 r--p 00037000 00:23 1298937                    /usr/lib/libedit.so.0.0.78
7f29387e7000-7f29387ea000 r--p 00044000 00:23 1298937                    /usr/lib/libedit.so.0.0.78
7f29387ea000-7f29387eb000 rw-p 00047000 00:23 1298937                    /usr/lib/libedit.so.0.0.78
7f29387eb000-7f29387ee000 rw-p 00000000 00:00 0 
7f29387ee000-7f29387f0000 r--p 00000000 00:23 3183693                    /usr/lib/libffi.so.8.5.0
7f29387f0000-7f29387f9000 r-xp 00002000 00:23 3183693                    /usr/lib/libffi.so.8.5.0
7f29387f9000-7f29387fb000 r--p 0000b000 00:23 3183693                    /usr/lib/libffi.so.8.5.0
7f29387fb000-7f29387fc000 r--p 0000c000 00:23 3183693                    /usr/lib/libffi.so.8.5.0
7f29387fc000-7f29387fd000 rw-p 0000d000 00:23 3183693                    /usr/lib/libffi.so.8.5.0
7f29387fd000-7f2938800000 r--p 00000000 00:23 1472431                    /usr/lib/libdrm_intel.so.1.134.0
7f2938800000-7f293881b000 r-xp 00003000 00:23 1472431                    /usr/lib/libdrm_intel.so.1.134.0
7f293881b000-7f2938825000 r--p 0001e000 00:23 1472431                    /usr/lib/libdrm_intel.so.1.134.0
7f2938825000-7f2938826000 r--p 00028000 00:23 1472431                    /usr/lib/libdrm_intel.so.1.134.0
7f2938826000-7f2938827000 rw-p 00029000 00:23 1472431                    /usr/lib/libdrm_intel.so.1.134.0
7f2938827000-7f293882a000 r--p 00000000 00:23 1472428                    /usr/lib/libdrm_amdgpu.so.1.134.0
7f293882a000-7f2938831000 r-xp 00003000 00:23 1472428                    /usr/lib/libdrm_amdgpu.so.1.134.0
7f2938831000-7f2938833000 r--p 0000a000 00:23 1472428                    /usr/lib/libdrm_amdgpu.so.1.134.0
7f2938833000-7f2938834000 r--p 0000c000 00:23 1472428                    /usr/lib/libdrm_amdgpu.so.1.134.0
7f2938834000-7f2938835000 rw-p 0000d000 00:23 1472428                    /usr/lib/libdrm_amdgpu.so.1.134.0
7f2938835000-7f2938838000 r--p 00000000 00:23 3186408                    /usr/lib/libelf-0.195.so
7f2938838000-7f293884c000 r-xp 00003000 00:23 3186408                    /usr/lib/libelf-0.195.so
7f293884c000-7f2938851000 r--p 00017000 00:23 3186408                    /usr/lib/libelf-0.195.so
7f2938851000-7f2938852000 r--p 0001b000 00:23 3186408                    /usr/lib/libelf-0.195.so
7f2938852000-7f2938853000 rw-p 0001c000 00:23 3186408                    /usr/lib/libelf-0.195.so
7f2938853000-7f2938856000 r--p 00000000 00:23 122707                     /usr/lib/libxcb-sync.so.1.0.0
7f2938856000-7f2938859000 r-xp 00003000 00:23 122707                     /usr/lib/libxcb-sync.so.1.0.0
7f2938859000-7f293885a000 r--p 00006000 00:23 122707                     /usr/lib/libxcb-sync.so.1.0.0
7f293885a000-7f293885b000 r--p 00007000 00:23 122707                     /usr/lib/libxcb-sync.so.1.0.0
7f293885b000-7f293885c000 rw-p 00008000 00:23 122707                     /usr/lib/libxcb-sync.so.1.0.0
7f293885c000-7f2938863000 r--p 00000000 00:23 122686                     /usr/lib/libxcb-randr.so.0.1.0
7f2938863000-7f2938869000 r-xp 00007000 00:23 122686                     /usr/lib/libxcb-randr.so.0.1.0
7f2938869000-7f293886c000 r--p 0000d000 00:23 122686                     /usr/lib/libxcb-randr.so.0.1.0
7f293886c000-7f293886d000 r--p 00010000 00:23 122686                     /usr/lib/libxcb-randr.so.0.1.0
7f293886d000-7f293886e000 rw-p 00011000 00:23 122686                     /usr/lib/libxcb-randr.so.0.1.0
7f293886e000-7f2938870000 r--p 00000000 00:23 1205277                    /usr/lib/libsensors.so.5.0.0
7f2938870000-7f293887a000 r-xp 00002000 00:23 1205277                    /usr/lib/libsensors.so.5.0.0
7f293887a000-7f293887e000 r--p 0000c000 00:23 1205277                    /usr/lib/libsensors.so.5.0.0
7f293887e000-7f293887f000 r--p 00010000 00:23 1205277                    /usr/lib/libsensors.so.5.0.0
7f293887f000-7f2938880000 rw-p 00011000 00:23 1205277                    /usr/lib/libsensors.so.5.0.0
7f2938880000-7f2938883000 r--p 00000000 00:23 122713                     /usr/lib/libxcb-xfixes.so.0.0.0
7f2938883000-7f2938886000 r-xp 00003000 00:23 122713                     /usr/lib/libxcb-xfixes.so.0.0.0
7f2938886000-7f2938887000 r--p 00006000 00:23 122713                     /usr/lib/libxcb-xfixes.so.0.0.0
7f2938887000-7f2938888000 r--p 00007000 00:23 122713                     /usr/lib/libxcb-xfixes.so.0.0.0
7f2938888000-7f2938889000 rw-p 00008000 00:23 122713                     /usr/lib/libxcb-xfixes.so.0.0.0
7f2938889000-7f293888b000 r--p 00000000 00:23 122677                     /usr/lib/libxcb-dri3.so.0.1.0
7f293888b000-7f293888d000 r-xp 00002000 00:23 122677                     /usr/lib/libxcb-dri3.so.0.1.0
7f293888d000-7f293888e000 r--p 00004000 00:23 122677                     /usr/lib/libxcb-dri3.so.0.1.0
7f293888e000-7f293888f000 r--p 00004000 00:23 122677                     /usr/lib/libxcb-dri3.so.0.1.0
7f293888f000-7f2938890000 rw-p 00005000 00:23 122677                     /usr/lib/libxcb-dri3.so.0.1.0
7f2938890000-7f2938892000 r--p 00000000 00:23 3183318                    /usr/lib/libexpat.so.1.12.3
7f2938892000-7f29388bb000 r-xp 00002000 00:23 3183318                    /usr/lib/libexpat.so.1.12.3
7f29388bb000-7f29388c4000 r--p 0002b000 00:23 3183318                    /usr/lib/libexpat.so.1.12.3
7f29388c4000-7f29388c6000 r--p 00033000 00:23 3183318                    /usr/lib/libexpat.so.1.12.3
7f29388c6000-7f29388c7000 rw-p 00035000 00:23 3183318                    /usr/lib/libexpat.so.1.12.3
7f29388c7000-7f29388d3000 r--p 00000000 00:23 122680                     /usr/lib/libxcb-glx.so.0.0.0
7f29388d3000-7f29388dc000 r-xp 0000c000 00:23 122680                     /usr/lib/libxcb-glx.so.0.0.0
7f29388dc000-7f29388e1000 r--p 00015000 00:23 122680                     /usr/lib/libxcb-glx.so.0.0.0
7f29388e1000-7f29388e3000 r--p 0001a000 00:23 122680                     /usr/lib/libxcb-glx.so.0.0.0
7f29388e3000-7f29388e4000 rw-p 0001c000 00:23 122680                     /usr/lib/libxcb-glx.so.0.0.0
7f29388e4000-7f29388e9000 r--p 00000000 00:23 1472425                    /usr/lib/libdrm.so.2.134.0
7f29388e9000-7f29388f7000 r-xp 00005000 00:23 1472425                    /usr/lib/libdrm.so.2.134.0
7f29388f7000-7f29388fb000 r--p 00013000 00:23 1472425                    /usr/lib/libdrm.so.2.134.0
7f29388fb000-7f29388fc000 r--p 00017000 00:23 1472425                    /usr/lib/libdrm.so.2.134.0
7f29388fc000-7f29388fd000 rw-p 00018000 00:23 1472425                    /usr/lib/libdrm.so.2.134.0
7f29388fd000-7f2938902000 r--p 00000000 00:23 3186829                    /usr/lib/libGLX_mesa.so.0.0.0
7f2938902000-7f2938943000 r-xp 00005000 00:23 3186829                    /usr/lib/libGLX_mesa.so.0.0.0
7f2938943000-7f2938954000 r--p 00046000 00:23 3186829                    /usr/lib/libGLX_mesa.so.0.0.0
7f2938954000-7f2938958000 r--p 00056000 00:23 3186829                    /usr/lib/libGLX_mesa.so.0.0.0
7f2938958000-7f2938959000 rw-p 0005a000 00:23 3186829                    /usr/lib/libGLX_mesa.so.0.0.0
7f2938959000-7f293895b000 r--p 00000000 00:23 129281                     /usr/lib/libGLX.so.0.0.0
7f293895b000-7f2938976000 r-xp 00002000 00:23 129281                     /usr/lib/libGLX.so.0.0.0
7f2938976000-7f2938979000 r--p 0001d000 00:23 129281                     /usr/lib/libGLX.so.0.0.0
7f2938979000-7f293897a000 r--p 00020000 00:23 129281                     /usr/lib/libGLX.so.0.0.0
7f293897a000-7f293897b000 rw-p 00021000 00:23 129281                     /usr/lib/libGLX.so.0.0.0
7f293897b000-7f293898b000 rw-p 00000000 00:00 0 
7f293898b000-7f293898d000 r--p 00000000 00:23 129284                     /usr/lib/libGLdispatch.so.0.0.0
7f293898d000-7f29389cc000 r-xp 00002000 00:23 129284                     /usr/lib/libGLdispatch.so.0.0.0
7f29389cc000-7f29389df000 r--p 00041000 00:23 129284                     /usr/lib/libGLdispatch.so.0.0.0
7f29389df000-7f29389fb000 r--p 00054000 00:23 129284                     /usr/lib/libGLdispatch.so.0.0.0
7f29389fb000-7f29389fc000 rw-p 00070000 00:23 129284                     /usr/lib/libGLdispatch.so.0.0.0
7f29389fc000-7f2938a04000 rw-p 00000000 00:00 0 
7f2938a04000-7f2938a33000 r--p 00000000 00:23 129275                     /usr/lib/libGL.so.1.7.0
7f2938a33000-7f2938a52000 r-xp 0002f000 00:23 129275                     /usr/lib/libGL.so.1.7.0
7f2938a52000-7f2938a67000 r--p 0004e000 00:23 129275                     /usr/lib/libGL.so.1.7.0
7f2938a67000-7f2938a75000 r--p 00062000 00:23 129275                     /usr/lib/libGL.so.1.7.0
7f2938a75000-7f2938a76000 rw-p 00070000 00:23 129275                     /usr/lib/libGL.so.1.7.0
7f2938a76000-7f2938a77000 rw-p 00000000 00:00 0 
7f2938a77000-7f2938a78000 rw-p 00000000 00:00 0 
7f2938a78000-7f2938a7c000 ---p 00000000 00:00 0 
7f2938a7c000-7f2938c9d000 rw-p 00000000 00:00 0 
7f2938c9d000-7f2938ca1000 ---p 00000000 00:00 0 
7f2938ca1000-7f2938e9e000 rw-p 00000000 00:00 0 
7f2938e9e000-7f2938ea7000 rw-s 00008000 00:01 2353                       /memfd:pipewire-memfd:flags=0x0000000f,type=2,size=65664 (deleted)
7f2938ea7000-7f2938ea9000 r--p 00000000 00:23 2614902                    /usr/lib/spa-0.2/audioconvert/libspa-audioconvert.so
7f2938ea9000-7f2938f12000 r-xp 00002000 00:23 2614902                    /usr/lib/spa-0.2/audioconvert/libspa-audioconvert.so
7f2938f12000-7f2938f7f000 r--p 0006b000 00:23 2614902                    /usr/lib/spa-0.2/audioconvert/libspa-audioconvert.so
7f2938f7f000-7f2938f8d000 r--p 000d8000 00:23 2614902                    /usr/lib/spa-0.2/audioconvert/libspa-audioconvert.so
7f2938f8d000-7f2938f90000 rw-p 000e6000 00:23 2614902                    /usr/lib/spa-0.2/audioconvert/libspa-audioconvert.so
7f2938f90000-7f2939f92000 rw-p 00000000 00:00 0 
7f2939f92000-7f2939f94000 r--p 00000000 00:23 2614745                    /usr/lib/pipewire-0.3/libpipewire-module-session-manager.so
7f2939f94000-7f2939fb6000 r-xp 00002000 00:23 2614745                    /usr/lib/pipewire-0.3/libpipewire-module-session-manager.so
7f2939fb6000-7f2939fbc000 r--p 00024000 00:23 2614745                    /usr/lib/pipewire-0.3/libpipewire-module-session-manager.so
7f2939fbc000-7f2939fbe000 r--p 00029000 00:23 2614745                    /usr/lib/pipewire-0.3/libpipewire-module-session-manager.so
7f2939fbe000-7f2939fbf000 rw-p 0002b000 00:23 2614745                    /usr/lib/pipewire-0.3/libpipewire-module-session-manager.so
7f2939fbf000-7f2939fc1000 r--p 00000000 00:23 2614739                    /usr/lib/pipewire-0.3/libpipewire-module-metadata.so
7f2939fc1000-7f2939fcc000 r-xp 00002000 00:23 2614739                    /usr/lib/pipewire-0.3/libpipewire-module-metadata.so
7f2939fcc000-7f2939fce000 r--p 0000d000 00:23 2614739                    /usr/lib/pipewire-0.3/libpipewire-module-metadata.so
7f2939fce000-7f2939fcf000 r--p 0000e000 00:23 2614739                    /usr/lib/pipewire-0.3/libpipewire-module-metadata.so
7f2939fcf000-7f2939fd0000 rw-p 0000f000 00:23 2614739                    /usr/lib/pipewire-0.3/libpipewire-module-metadata.so
7f2939fd0000-7f2939fd2000 r--p 00000000 00:23 2614735                    /usr/lib/pipewire-0.3/libpipewire-module-client-device.so
7f2939fd2000-7f2939fde000 r-xp 00002000 00:23 2614735                    /usr/lib/pipewire-0.3/libpipewire-module-client-device.so
7f2939fde000-7f2939fdf000 r--p 0000e000 00:23 2614735                    /usr/lib/pipewire-0.3/libpipewire-module-client-device.so
7f2939fdf000-7f2939fe0000 r--p 0000f000 00:23 2614735                    /usr/lib/pipewire-0.3/libpipewire-module-client-device.so
7f2939fe0000-7f2939fe1000 rw-p 00010000 00:23 2614735                    /usr/lib/pipewire-0.3/libpipewire-module-client-device.so
7f2939fe1000-7f2939fe4000 r--p 00000000 00:23 2614736                    /usr/lib/pipewire-0.3/libpipewire-module-client-node.so
7f2939fe4000-7f293a001000 r-xp 00003000 00:23 2614736                    /usr/lib/pipewire-0.3/libpipewire-module-client-node.so
7f293a001000-7f293a007000 r--p 00020000 00:23 2614736                    /usr/lib/pipewire-0.3/libpipewire-module-client-node.so
7f293a007000-7f293a009000 r--p 00025000 00:23 2614736                    /usr/lib/pipewire-0.3/libpipewire-module-client-node.so
7f293a009000-7f293a00a000 rw-p 00027000 00:23 2614736                    /usr/lib/pipewire-0.3/libpipewire-module-client-node.so
7f293a00a000-7f293a017000 r--p 00000000 00:23 2614708                    /usr/lib/libpipewire-0.3.so.0.1608.0
7f293a017000-7f293a0b4000 r-xp 0000d000 00:23 2614708                    /usr/lib/libpipewire-0.3.so.0.1608.0
7f293a0b4000-7f293a0d6000 r--p 000aa000 00:23 2614708                    /usr/lib/libpipewire-0.3.so.0.1608.0
7f293a0d6000-7f293a0ff000 r--p 000cc000 00:23 2614708                    /usr/lib/libpipewire-0.3.so.0.1608.0
7f293a0ff000-7f293a100000 rw-p 000f5000 00:23 2614708                    /usr/lib/libpipewire-0.3.so.0.1608.0
7f293a100000-7f293a101000 rw-p 00000000 00:00 0 
7f293a101000-7f293a123000 r--p 00000000 00:23 2034389                    /usr/lib/libasound.so.2.0.0
7f293a123000-7f293a1e6000 r-xp 00022000 00:23 2034389                    /usr/lib/libasound.so.2.0.0
7f293a1e6000-7f293a219000 r--p 000e5000 00:23 2034389                    /usr/lib/libasound.so.2.0.0
7f293a219000-7f293a221000 r--p 00117000 00:23 2034389                    /usr/lib/libasound.so.2.0.0
7f293a221000-7f293a222000 rw-p 0011f000 00:23 2034389                    /usr/lib/libasound.so.2.0.0
7f293a222000-7f293a227000 r--p 00000000 00:23 3182523                    /usr/lib/libmvec.so.1
7f293a227000-7f293a24a000 r-xp 00005000 00:23 3182523                    /usr/lib/libmvec.so.1
7f293a24a000-7f293a321000 r--p 00028000 00:23 3182523                    /usr/lib/libmvec.so.1
7f293a321000-7f293a322000 r--p 000ff000 00:23 3182523                    /usr/lib/libmvec.so.1
7f293a322000-7f293a323000 rw-p 00100000 00:23 3182523                    /usr/lib/libmvec.so.1
7f293a323000-7f293a328000 r--p 00000000 00:23 2679537                    /usr/lib/libmp3lame.so.0.0.0
7f293a328000-7f293a36c000 r-xp 00005000 00:23 2679537                    /usr/lib/libmp3lame.so.0.0.0
7f293a36c000-7f293a379000 r--p 00049000 00:23 2679537                    /usr/lib/libmp3lame.so.0.0.0
7f293a379000-7f293a37a000 r--p 00056000 00:23 2679537                    /usr/lib/libmp3lame.so.0.0.0
7f293a37a000-7f293a37b000 rw-p 00057000 00:23 2679537                    /usr/lib/libmp3lame.so.0.0.0
7f293a37b000-7f293a38c000 rw-p 00000000 00:00 0 
7f293a38c000-7f293a390000 r--p 00000000 00:23 3188656                    /usr/lib/libmpg123.so.0.49.4
7f293a390000-7f293a3e3000 r-xp 00004000 00:23 3188656                    /usr/lib/libmpg123.so.0.49.4
7f293a3e3000-7f293a3fe000 r--p 00057000 00:23 3188656                    /usr/lib/libmpg123.so.0.49.4
7f293a3fe000-7f293a3ff000 r--p 00072000 00:23 3188656                    /usr/lib/libmpg123.so.0.49.4
7f293a3ff000-7f293a400000 rw-p 00073000 00:23 3188656                    /usr/lib/libmpg123.so.0.49.4
7f293a400000-7f293a403000 r--p 00000000 00:23 163438                     /usr/lib/libopus.so.0.11.1
7f293a403000-7f293a4bb000 r-xp 00003000 00:23 163438                     /usr/lib/libopus.so.0.11.1
7f293a4bb000-7f293a838000 r--p 000bb000 00:23 163438                     /usr/lib/libopus.so.0.11.1
7f293a838000-7f293a83c000 r--p 00437000 00:23 163438                     /usr/lib/libopus.so.0.11.1
7f293a83c000-7f293a83d000 rw-p 0043b000 00:23 163438                     /usr/lib/libopus.so.0.11.1
7f293a83d000-7f293a83e000 r--p 00000000 00:23 128960                     /usr/lib/libxshmfence.so.1.0.0
7f293a83e000-7f293a83f000 r-xp 00001000 00:23 128960                     /usr/lib/libxshmfence.so.1.0.0
7f293a83f000-7f293a840000 r--p 00002000 00:23 128960                     /usr/lib/libxshmfence.so.1.0.0
7f293a840000-7f293a841000 r--p 00002000 00:23 128960                     /usr/lib/libxshmfence.so.1.0.0
7f293a841000-7f293a842000 rw-p 00003000 00:23 128960                     /usr/lib/libxshmfence.so.1.0.0
7f293a842000-7f293a84b000 rw-s 00000000 00:01 2353                       /memfd:pipewire-memfd:flags=0x0000000f,type=2,size=65664 (deleted)
7f293a84b000-7f293a854000 r--p 00000000 00:23 163393                     /usr/lib/libFLAC.so.14.0.0
7f293a854000-7f293a8ad000 r-xp 00009000 00:23 163393                     /usr/lib/libFLAC.so.14.0.0
7f293a8ad000-7f293a8b6000 r--p 00062000 00:23 163393                     /usr/lib/libFLAC.so.14.0.0
7f293a8b6000-7f293a8b7000 r--p 0006b000 00:23 163393                     /usr/lib/libFLAC.so.14.0.0
7f293a8b7000-7f293a8b8000 rw-p 0006c000 00:23 163393                     /usr/lib/libFLAC.so.14.0.0
7f293a8b8000-7f293a8cd000 r--p 00000000 00:23 2747883                    /usr/lib/libsystemd.so.0.44.0
7f293a8cd000-7f293a9a6000 r-xp 00015000 00:23 2747883                    /usr/lib/libsystemd.so.0.44.0
7f293a9a6000-7f293a9f5000 r--p 000ee000 00:23 2747883                    /usr/lib/libsystemd.so.0.44.0
7f293a9f5000-7f293a9fe000 r--p 0013c000 00:23 2747883                    /usr/lib/libsystemd.so.0.44.0
7f293a9fe000-7f293a9ff000 rw-p 00145000 00:23 2747883                    /usr/lib/libsystemd.so.0.44.0
7f293a9ff000-7f293aa00000 rw-p 00000000 00:00 0 
7f293aa00000-7f293aa55000 r-xp 00000000 00:38 402                        /tmp/libgdxmirtemir/31ce78a2/libopenal64.so
7f293aa55000-7f293ac54000 ---p 00055000 00:38 402                        /tmp/libgdxmirtemir/31ce78a2/libopenal64.so
7f293ac54000-7f293ac57000 r--p 00054000 00:38 402                        /tmp/libgdxmirtemir/31ce78a2/libopenal64.so
7f293ac57000-7f293ac58000 rw-p 00057000 00:38 402                        /tmp/libgdxmirtemir/31ce78a2/libopenal64.so
7f293ac58000-7f293ac59000 rw-p 00000000 00:00 0 
7f293ac59000-7f293ac5a000 r--p 00000000 00:23 122683                     /usr/lib/libxcb-present.so.0.0.0
7f293ac5a000-7f293ac5b000 r-xp 00001000 00:23 122683                     /usr/lib/libxcb-present.so.0.0.0
7f293ac5b000-7f293ac5c000 r--p 00002000 00:23 122683                     /usr/lib/libxcb-present.so.0.0.0
7f293ac5c000-7f293ac5d000 r--p 00002000 00:23 122683                     /usr/lib/libxcb-present.so.0.0.0
7f293ac5d000-7f293ac5e000 rw-p 00003000 00:23 122683                     /usr/lib/libxcb-present.so.0.0.0
7f293ac5e000-7f293ac67000 rw-s 00008000 00:01 2352                       /memfd:pipewire-memfd:flags=0x0000000f,type=2,size=65664 (deleted)
7f293ac67000-7f293ac6a000 r--p 00000000 00:23 2614742                    /usr/lib/pipewire-0.3/libpipewire-module-protocol-native.so
7f293ac6a000-7f293ac8c000 r-xp 00003000 00:23 2614742                    /usr/lib/pipewire-0.3/libpipewire-module-protocol-native.so
7f293ac8c000-7f293ac98000 r--p 00025000 00:23 2614742                    /usr/lib/pipewire-0.3/libpipewire-module-protocol-native.so
7f293ac98000-7f293aca3000 r--p 00030000 00:23 2614742                    /usr/lib/pipewire-0.3/libpipewire-module-protocol-native.so
7f293aca3000-7f293aca4000 rw-p 0003b000 00:23 2614742                    /usr/lib/pipewire-0.3/libpipewire-module-protocol-native.so
7f293aca4000-7f293aca5000 r--p 00000000 00:23 163415                     /usr/lib/libvorbisenc.so.2.0.12
7f293aca5000-7f293acaa000 r-xp 00001000 00:23 163415                     /usr/lib/libvorbisenc.so.2.0.12
7f293acaa000-7f293ad21000 r--p 00006000 00:23 163415                     /usr/lib/libvorbisenc.so.2.0.12
7f293ad21000-7f293ad3d000 r--p 0007c000 00:23 163415                     /usr/lib/libvorbisenc.so.2.0.12
7f293ad3d000-7f293ad3e000 rw-p 00098000 00:23 163415                     /usr/lib/libvorbisenc.so.2.0.12
7f293ad3e000-7f293ad43000 r--p 00000000 00:23 163466                     /usr/lib/libsndfile.so.1.0.37
7f293ad43000-7f293adde000 r-xp 00005000 00:23 163466                     /usr/lib/libsndfile.so.1.0.37
7f293adde000-7f293adfa000 r--p 000a0000 00:23 163466                     /usr/lib/libsndfile.so.1.0.37
7f293adfa000-7f293adfd000 r--p 000bc000 00:23 163466                     /usr/lib/libsndfile.so.1.0.37
7f293adfd000-7f293adfe000 rw-p 000bf000 00:23 163466                     /usr/lib/libsndfile.so.1.0.37
7f293adfe000-7f293ae00000 rw-p 00000000 00:00 0 
7f293ae00000-7f293ae70000 r-xp 00000000 00:38 401                        /tmp/libgdxmirtemir/31ce78a2/liblwjgl64.so
7f293ae70000-7f293b070000 ---p 00070000 00:38 401                        /tmp/libgdxmirtemir/31ce78a2/liblwjgl64.so
7f293b070000-7f293b072000 r--p 00070000 00:38 401                        /tmp/libgdxmirtemir/31ce78a2/liblwjgl64.so
7f293b072000-7f293b073000 rw-p 00072000 00:38 401                        /tmp/libgdxmirtemir/31ce78a2/liblwjgl64.so
7f293b073000-7f293b074000 r--p 00000000 00:23 122704                     /usr/lib/libxcb-shm.so.0.0.0
7f293b074000-7f293b075000 r-xp 00001000 00:23 122704                     /usr/lib/libxcb-shm.so.0.0.0
7f293b075000-7f293b076000 r--p 00002000 00:23 122704                     /usr/lib/libxcb-shm.so.0.0.0
7f293b076000-7f293b077000 r--p 00002000 00:23 122704                     /usr/lib/libxcb-shm.so.0.0.0
7f293b077000-7f293b078000 rw-p 00003000 00:23 122704                     /usr/lib/libxcb-shm.so.0.0.0
7f293b078000-7f293b081000 rw-s 00000000 00:01 2352                       /memfd:pipewire-memfd:flags=0x0000000f,type=2,size=65664 (deleted)
7f293b081000-7f293b083000 r--p 00000000 00:23 2614753                    /usr/lib/spa-0.2/support/libspa-support.so
7f293b083000-7f293b0a3000 r-xp 00002000 00:23 2614753                    /usr/lib/spa-0.2/support/libspa-support.so
7f293b0a3000-7f293b0aa000 r--p 00022000 00:23 2614753                    /usr/lib/spa-0.2/support/libspa-support.so
7f293b0aa000-7f293b0b2000 r--p 00029000 00:23 2614753                    /usr/lib/spa-0.2/support/libspa-support.so
7f293b0b2000-7f293b0b3000 rw-p 00031000 00:23 2614753                    /usr/lib/spa-0.2/support/libspa-support.so
7f293b0b3000-7f293b0c7000 r--p 00000000 00:23 163665                     /usr/lib/pulseaudio/libpulsecommon-17.0.so
7f293b0c7000-7f293b116000 r-xp 00014000 00:23 163665                     /usr/lib/pulseaudio/libpulsecommon-17.0.so
7f293b116000-7f293b13c000 r--p 00063000 00:23 163665                     /usr/lib/pulseaudio/libpulsecommon-17.0.so
7f293b13c000-7f293b13e000 r--p 00089000 00:23 163665                     /usr/lib/pulseaudio/libpulsecommon-17.0.so
7f293b13e000-7f293b13f000 rw-p 0008b000 00:23 163665                     /usr/lib/pulseaudio/libpulsecommon-17.0.so
7f293b13f000-7f293b140000 rw-p 00000000 00:00 0 
7f293b140000-7f293b144000 ---p 00000000 00:00 0 
7f293b144000-7f293b241000 rw-p 00000000 00:00 0 
7f293b241000-7f293b245000 ---p 00000000 00:00 0 
7f293b245000-7f293b341000 rw-p 00000000 00:00 0 
7f293b341000-7f293b344000 r--p 00000000 00:23 18974                      /usr/lib/libpcre2-8.so.0.15.0
7f293b344000-7f293b3d8000 r-xp 00003000 00:23 18974                      /usr/lib/libpcre2-8.so.0.15.0
7f293b3d8000-7f293b407000 r--p 00097000 00:23 18974                      /usr/lib/libpcre2-8.so.0.15.0
7f293b407000-7f293b408000 r--p 000c5000 00:23 18974                      /usr/lib/libpcre2-8.so.0.15.0
7f293b408000-7f293b409000 rw-p 000c6000 00:23 18974                      /usr/lib/libpcre2-8.so.0.15.0
7f293b409000-7f293b427000 r--p 00000000 00:23 3184066                    /usr/lib/libglib-2.0.so.0.8800.3
7f293b427000-7f293b4f5000 r-xp 0001e000 00:23 3184066                    /usr/lib/libglib-2.0.so.0.8800.3
7f293b4f5000-7f293b589000 r--p 000ec000 00:23 3184066                    /usr/lib/libglib-2.0.so.0.8800.3
7f293b589000-7f293b58a000 r--p 00180000 00:23 3184066                    /usr/lib/libglib-2.0.so.0.8800.3
7f293b58a000-7f293b58b000 rw-p 00181000 00:23 3184066                    /usr/lib/libglib-2.0.so.0.8800.3
7f293b58b000-7f293b58c000 rw-p 00000000 00:00 0 
7f293b58c000-7f293b592000 r--p 00000000 00:23 574874                     /usr/lib/libfreetype.so.6.20.6
7f293b592000-7f293b667000 r-xp 00006000 00:23 574874                     /usr/lib/libfreetype.so.6.20.6
7f293b667000-7f293b692000 r--p 000db000 00:23 574874                     /usr/lib/libfreetype.so.6.20.6
7f293b692000-7f293b69a000 r--p 00106000 00:23 574874                     /usr/lib/libfreetype.so.6.20.6
7f293b69a000-7f293b69b000 rw-p 0010e000 00:23 574874                     /usr/lib/libfreetype.so.6.20.6
7f293b69b000-7f293b6a8000 r--p 00000000 00:23 3184335                    /usr/lib/libharfbuzz.so.0.61430.0
7f293b6a8000-7f293b7c9000 r-xp 0000d000 00:23 3184335                    /usr/lib/libharfbuzz.so.0.61430.0
7f293b7c9000-7f293b7fd000 r--p 0012e000 00:23 3184335                    /usr/lib/libharfbuzz.so.0.61430.0
7f293b7fd000-7f293b7ff000 r--p 00161000 00:23 3184335                    /usr/lib/libharfbuzz.so.0.61430.0
7f293b7ff000-7f293b800000 rw-p 00163000 00:23 3184335                    /usr/lib/libharfbuzz.so.0.61430.0
7f293b800000-7f293b838000 r-xp 00000000 00:38 398                        /tmp/libgdxmirtemir/b793cc16/libgdx64.so
7f293b838000-7f293ba37000 ---p 00038000 00:38 398                        /tmp/libgdxmirtemir/b793cc16/libgdx64.so
7f293ba37000-7f293ba38000 r--p 00037000 00:38 398                        /tmp/libgdxmirtemir/b793cc16/libgdx64.so
7f293ba38000-7f293ba39000 rw-p 00038000 00:38 398                        /tmp/libgdxmirtemir/b793cc16/libgdx64.so
7f293ba39000-7f293ba3b000 r--p 00000000 00:23 2614734                    /usr/lib/pipewire-0.3/libpipewire-module-adapter.so
7f293ba3b000-7f293ba3f000 r-xp 00002000 00:23 2614734                    /usr/lib/pipewire-0.3/libpipewire-module-adapter.so
7f293ba3f000-7f293ba41000 r--p 00006000 00:23 2614734                    /usr/lib/pipewire-0.3/libpipewire-module-adapter.so
7f293ba41000-7f293ba42000 r--p 00007000 00:23 2614734                    /usr/lib/pipewire-0.3/libpipewire-module-adapter.so
7f293ba42000-7f293ba43000 rw-p 00008000 00:23 2614734                    /usr/lib/pipewire-0.3/libpipewire-module-adapter.so
7f293ba43000-7f293ba45000 r--p 00000000 00:23 2614743                    /usr/lib/pipewire-0.3/libpipewire-module-rt.so
7f293ba45000-7f293ba49000 r-xp 00002000 00:23 2614743                    /usr/lib/pipewire-0.3/libpipewire-module-rt.so
7f293ba49000-7f293ba4b000 r--p 00006000 00:23 2614743                    /usr/lib/pipewire-0.3/libpipewire-module-rt.so
7f293ba4b000-7f293ba4c000 r--p 00007000 00:23 2614743                    /usr/lib/pipewire-0.3/libpipewire-module-rt.so
7f293ba4c000-7f293ba4d000 rw-p 00008000 00:23 2614743                    /usr/lib/pipewire-0.3/libpipewire-module-rt.so
7f293ba4d000-7f293ba5b000 r--p 00000000 00:23 26507                      /usr/lib/libdbus-1.so.3.38.3
7f293ba5b000-7f293ba91000 r-xp 0000e000 00:23 26507                      /usr/lib/libdbus-1.so.3.38.3
7f293ba91000-7f293baa3000 r--p 00044000 00:23 26507                      /usr/lib/libdbus-1.so.3.38.3
7f293baa3000-7f293baa5000 r--p 00055000 00:23 26507                      /usr/lib/libdbus-1.so.3.38.3
7f293baa5000-7f293baa6000 rw-p 00057000 00:23 26507                      /usr/lib/libdbus-1.so.3.38.3
7f293baa6000-7f293bab2000 r--p 00000000 00:23 163660                     /usr/lib/libpulse.so.0.24.3
7f293bab2000-7f293bae6000 r-xp 0000c000 00:23 163660                     /usr/lib/libpulse.so.0.24.3
7f293bae6000-7f293bafc000 r--p 00040000 00:23 163660                     /usr/lib/libpulse.so.0.24.3
7f293bafc000-7f293bafe000 r--p 00055000 00:23 163660                     /usr/lib/libpulse.so.0.24.3
7f293bafe000-7f293baff000 rw-p 00057000 00:23 163660                     /usr/lib/libpulse.so.0.24.3
7f293baff000-7f293bc00000 rw-p 00000000 00:00 0 
7f293bc00000-7f293bc40000 r-xp 00000000 00:38 395                        /tmp/steamworks4j/1.8.0/libsteamworks4j.so
7f293bc40000-7f293be3f000 ---p 00040000 00:38 395                        /tmp/steamworks4j/1.8.0/libsteamworks4j.so
7f293be3f000-7f293be43000 r--p 0003f000 00:38 395                        /tmp/steamworks4j/1.8.0/libsteamworks4j.so
7f293be43000-7f293be44000 rw-p 00043000 00:38 395                        /tmp/steamworks4j/1.8.0/libsteamworks4j.so
7f293be44000-7f293be45000 rw-s 00000000 00:01 2356                       /memfd:xshmfence (deleted)
7f293be45000-7f293be46000 rw-s 00000000 00:01 8449                       /memfd:xshmfence (deleted)
7f293be46000-7f293be47000 rw-s 101c34000 00:11 2111                      anon_inode:i915.gem
7f293be47000-7f293be48000 r--p 00000000 00:23 125096                     /usr/lib/libX11-xcb.so.1.0.0
7f293be48000-7f293be49000 r-xp 00001000 00:23 125096                     /usr/lib/libX11-xcb.so.1.0.0
7f293be49000-7f293be4a000 r--p 00002000 00:23 125096                     /usr/lib/libX11-xcb.so.1.0.0
7f293be4a000-7f293be4b000 r--p 00002000 00:23 125096                     /usr/lib/libX11-xcb.so.1.0.0
7f293be4b000-7f293be4c000 rw-p 00003000 00:23 125096                     /usr/lib/libX11-xcb.so.1.0.0
7f293be4c000-7f293be53000 r--s 00000000 00:23 3303891                    /usr/lib/gconv/gconv-modules.cache
7f293be53000-7f293be57000 r--p 00000000 00:23 163412                     /usr/lib/libvorbis.so.0.4.9
7f293be57000-7f293be88000 r-xp 00004000 00:23 163412                     /usr/lib/libvorbis.so.0.4.9
7f293be88000-7f293be9a000 r--p 00035000 00:23 163412                     /usr/lib/libvorbis.so.0.4.9
7f293be9a000-7f293be9b000 r--p 00046000 00:23 163412                     /usr/lib/libvorbis.so.0.4.9
7f293be9b000-7f293be9c000 rw-p 00047000 00:23 163412                     /usr/lib/libvorbis.so.0.4.9
7f293be9c000-7f293beb3000 r--p 00000000 00:23 125099                     /usr/lib/libX11.so.6.4.0
7f293beb3000-7f293bf65000 r-xp 00017000 00:23 125099                     /usr/lib/libX11.so.6.4.0
7f293bf65000-7f293bff9000 r--p 000c9000 00:23 125099                     /usr/lib/libX11.so.6.4.0
7f293bff9000-7f293bffc000 r--p 0015d000 00:23 125099                     /usr/lib/libX11.so.6.4.0
7f293bffc000-7f293bfff000 rw-p 00160000 00:23 125099                     /usr/lib/libX11.so.6.4.0
7f293bfff000-7f293c400000 rw-p 00000000 00:00 0 
7f293c400000-7f293c800000 rw-p 00000000 00:00 0 
7f293c800000-7f293cb00000 rw-p 00000000 00:00 0 
7f293cb00000-7f293cc00000 rw-p 00000000 00:00 0 
7f293cc00000-7f293d5c0000 rw-p 00000000 00:00 0 
7f293d5c0000-7f293d660000 rw-p 00000000 00:00 0 
7f293d660000-7f293d740000 rw-p 00000000 00:00 0 
7f293d740000-7f293d800000 ---p 00000000 00:00 0 
7f293d800000-7f293d980000 rw-p 00000000 00:00 0 
7f293d980000-7f2940000000 ---p 00000000 00:00 0 
7f2940000000-7f2943fff000 rw-p 00000000 00:00 0 
7f2943fff000-7f2944000000 ---p 00000000 00:00 0 
7f2944000000-7f2947fff000 rw-p 00000000 00:00 0 
7f2947fff000-7f2948000000 ---p 00000000 00:00 0 
7f2948000000-7f294b47f000 rw-p 00000000 00:00 0 
7f294b47f000-7f294c000000 ---p 00000000 00:00 0 
7f294c000000-7f294ffea000 rw-p 00000000 00:00 0 
7f294ffea000-7f2950000000 ---p 00000000 00:00 0 
7f2950000000-7f2952b2e000 rw-p 00000000 00:00 0 
7f2952b2e000-7f2954000000 ---p 00000000 00:00 0 
7f2954000000-7f2956b74000 rw-p 00000000 00:00 0 
7f2956b74000-7f2958000000 ---p 00000000 00:00 0 
7f2958000000-7f295bff9000 rw-p 00000000 00:00 0 
7f295bff9000-7f295c000000 ---p 00000000 00:00 0 
7f295c000000-7f295ffaa000 rw-p 00000000 00:00 0 
7f295ffaa000-7f2960000000 ---p 00000000 00:00 0 
7f2960000000-7f2960001000 r--p 00000000 00:23 2614751                    /usr/lib/spa-0.2/support/libspa-dbus.so
7f2960001000-7f2960004000 r-xp 00001000 00:23 2614751                    /usr/lib/spa-0.2/support/libspa-dbus.so
7f2960004000-7f2960005000 r--p 00004000 00:23 2614751                    /usr/lib/spa-0.2/support/libspa-dbus.so
7f2960005000-7f2960006000 r--p 00005000 00:23 2614751                    /usr/lib/spa-0.2/support/libspa-dbus.so
7f2960006000-7f2960007000 rw-p 00006000 00:23 2614751                    /usr/lib/spa-0.2/support/libspa-dbus.so
7f2960007000-7f2960008000 r--p 00000000 00:23 2614752                    /usr/lib/spa-0.2/support/libspa-journal.so
7f2960008000-7f296000a000 r-xp 00001000 00:23 2614752                    /usr/lib/spa-0.2/support/libspa-journal.so
7f296000a000-7f296000b000 r--p 00003000 00:23 2614752                    /usr/lib/spa-0.2/support/libspa-journal.so
7f296000b000-7f296000c000 r--p 00003000 00:23 2614752                    /usr/lib/spa-0.2/support/libspa-journal.so
7f296000c000-7f296000d000 rw-p 00004000 00:23 2614752                    /usr/lib/spa-0.2/support/libspa-journal.so
7f296000d000-7f2960011000 r--p 00000000 00:23 2947389                    /usr/lib/jvm/java-26-openjdk/lib/libawt.so
7f2960011000-7f29600c0000 r-xp 00004000 00:23 2947389                    /usr/lib/jvm/java-26-openjdk/lib/libawt.so
7f29600c0000-7f29600ce000 r--p 000b3000 00:23 2947389                    /usr/lib/jvm/java-26-openjdk/lib/libawt.so
7f29600ce000-7f29600cf000 r--p 000c0000 00:23 2947389                    /usr/lib/jvm/java-26-openjdk/lib/libawt.so
7f29600cf000-7f29600da000 rw-p 000c1000 00:23 2947389                    /usr/lib/jvm/java-26-openjdk/lib/libawt.so
7f29600da000-7f29600ff000 rw-p 00000000 00:00 0 
7f29600ff000-7f2960100000 rw-p 00000000 00:00 0 
7f2960100000-7f2960104000 ---p 00000000 00:00 0 
7f2960104000-7f2960200000 rw-p 00000000 00:00 0 
7f2960200000-7f2960246000 r-xp 00000000 00:38 393                        /tmp/steamworks4j/1.8.0/libsteam_api.so
7f2960246000-7f2960446000 ---p 00046000 00:38 393                        /tmp/steamworks4j/1.8.0/libsteam_api.so
7f2960446000-7f296044a000 r--p 00046000 00:38 393                        /tmp/steamworks4j/1.8.0/libsteam_api.so
7f296044a000-7f296044b000 rw-p 0004a000 00:38 393                        /tmp/steamworks4j/1.8.0/libsteam_api.so
7f296044b000-7f296045c000 rw-p 00000000 00:00 0 
7f296045c000-7f296045d000 rw-s 102c92000 00:11 2111                      anon_inode:i915.gem
7f296045d000-7f296045e000 rw-s 102c91000 00:11 2111                      anon_inode:i915.gem
7f296045e000-7f2960461000 r--p 00000000 00:23 2614883                    /usr/lib/alsa-lib/libasound_module_pcm_pipewire.so
7f2960461000-7f2960471000 r-xp 00003000 00:23 2614883                    /usr/lib/alsa-lib/libasound_module_pcm_pipewire.so
7f2960471000-7f2960475000 r--p 00013000 00:23 2614883                    /usr/lib/alsa-lib/libasound_module_pcm_pipewire.so
7f2960475000-7f2960477000 r--p 00016000 00:23 2614883                    /usr/lib/alsa-lib/libasound_module_pcm_pipewire.so
7f2960477000-7f2960478000 rw-p 00018000 00:23 2614883                    /usr/lib/alsa-lib/libasound_module_pcm_pipewire.so
7f2960478000-7f296047a000 r--p 00000000 00:23 163270                     /usr/lib/libogg.so.0.8.6
7f296047a000-7f296047e000 r-xp 00002000 00:23 163270                     /usr/lib/libogg.so.0.8.6
7f296047e000-7f2960481000 r--p 00006000 00:23 163270                     /usr/lib/libogg.so.0.8.6
7f2960481000-7f2960482000 r--p 00009000 00:23 163270                     /usr/lib/libogg.so.0.8.6
7f2960482000-7f2960483000 rw-p 0000a000 00:23 163270                     /usr/lib/libogg.so.0.8.6
7f2960483000-7f2960485000 r--p 00000000 00:23 163597                     /usr/lib/libasyncns.so.0.3.1
7f2960485000-7f2960488000 r-xp 00002000 00:23 163597                     /usr/lib/libasyncns.so.0.3.1
7f2960488000-7f2960489000 r--p 00005000 00:23 163597                     /usr/lib/libasyncns.so.0.3.1
7f2960489000-7f296048a000 r--p 00005000 00:23 163597                     /usr/lib/libasyncns.so.0.3.1
7f296048a000-7f296048b000 rw-p 00006000 00:23 163597                     /usr/lib/libasyncns.so.0.3.1
7f296048b000-7f296048c000 r--p 00000000 00:23 128971                     /usr/lib/libXxf86vm.so.1.0.0
7f296048c000-7f2960490000 r-xp 00001000 00:23 128971                     /usr/lib/libXxf86vm.so.1.0.0
7f2960490000-7f2960491000 r--p 00005000 00:23 128971                     /usr/lib/libXxf86vm.so.1.0.0
7f2960491000-7f2960492000 r--p 00005000 00:23 128971                     /usr/lib/libXxf86vm.so.1.0.0
7f2960492000-7f2960493000 rw-p 00006000 00:23 128971                     /usr/lib/libXxf86vm.so.1.0.0
7f2960493000-7f2960495000 r--p 00000000 00:23 145770                     /usr/lib/libXrandr.so.2.2.0
7f2960495000-7f296049e000 r-xp 00002000 00:23 145770                     /usr/lib/libXrandr.so.2.2.0
7f296049e000-7f29604a0000 r--p 0000b000 00:23 145770                     /usr/lib/libXrandr.so.2.2.0
7f29604a0000-7f29604a1000 r--p 0000c000 00:23 145770                     /usr/lib/libXrandr.so.2.2.0
7f29604a1000-7f29604a2000 rw-p 0000d000 00:23 145770                     /usr/lib/libXrandr.so.2.2.0
7f29604a2000-7f29604a8000 r--p 00000000 00:23 2272394                    /usr/lib/libpng16.so.16.58.0
7f29604a8000-7f29604ea000 r-xp 00006000 00:23 2272394                    /usr/lib/libpng16.so.16.58.0
7f29604ea000-7f29604f5000 r--p 00048000 00:23 2272394                    /usr/lib/libpng16.so.16.58.0
7f29604f5000-7f29604f6000 r--p 00053000 00:23 2272394                    /usr/lib/libpng16.so.16.58.0
7f29604f6000-7f29604f7000 rw-p 00054000 00:23 2272394                    /usr/lib/libpng16.so.16.58.0
7f29604f7000-7f29604f8000 rw-p 00000000 00:00 0 
7f29604f8000-7f29604fc000 ---p 00000000 00:00 0 
7f29604fc000-7f29605f9000 rw-p 00000000 00:00 0 
7f29605f9000-7f29605fd000 ---p 00000000 00:00 0 
7f29605fd000-7f29606fa000 rw-p 00000000 00:00 0 
7f29606fa000-7f29606fe000 ---p 00000000 00:00 0 
7f29606fe000-7f29607fb000 rw-p 00000000 00:00 0 
7f29607fb000-7f29607ff000 ---p 00000000 00:00 0 
7f29607ff000-7f29608fc000 rw-p 00000000 00:00 0 
7f29608fc000-7f2960900000 ---p 00000000 00:00 0 
7f2960900000-7f29609fd000 rw-p 00000000 00:00 0 
7f29609fd000-7f2960a01000 ---p 00000000 00:00 0 
7f2960a01000-7f2960afe000 rw-p 00000000 00:00 0 
7f2960afe000-7f2960b02000 ---p 00000000 00:00 0 
7f2960b02000-7f2960bff000 rw-p 00000000 00:00 0 
7f2960bff000-7f2960c03000 ---p 00000000 00:00 0 
7f2960c03000-7f2960d00000 rw-p 00000000 00:00 0 
7f2960d00000-7f2960d04000 ---p 00000000 00:00 0 
7f2960d04000-7f2960e00000 rw-p 00000000 00:00 0 
7f2960e00000-7f2961366000 r--p 00000000 00:23 3303889                    /usr/lib/locale/locale-archive
7f2961366000-7f2961367000 r--p 00000000 00:23 3182540                    /usr/lib/librt.so.1
7f2961367000-7f2961368000 r-xp 00001000 00:23 3182540                    /usr/lib/librt.so.1
7f2961368000-7f2961369000 r--p 00002000 00:23 3182540                    /usr/lib/librt.so.1
7f2961369000-7f296136a000 r--p 00002000 00:23 3182540                    /usr/lib/librt.so.1
7f296136a000-7f296136b000 rw-p 00003000 00:23 3182540                    /usr/lib/librt.so.1
7f296136b000-7f296136c000 r--p 00000000 00:23 2947402                    /usr/lib/jvm/java-26-openjdk/lib/libjawt.so
7f296136c000-7f296136d000 r-xp 00001000 00:23 2947402                    /usr/lib/jvm/java-26-openjdk/lib/libjawt.so
7f296136d000-7f296136e000 r--p 00002000 00:23 2947402                    /usr/lib/jvm/java-26-openjdk/lib/libjawt.so
7f296136e000-7f296136f000 r--p 00002000 00:23 2947402                    /usr/lib/jvm/java-26-openjdk/lib/libjawt.so
7f296136f000-7f2961370000 rw-p 00003000 00:23 2947402                    /usr/lib/jvm/java-26-openjdk/lib/libjawt.so
7f2961370000-7f2961372000 r--p 00000000 00:23 143878                     /usr/lib/libXfixes.so.3.1.0
7f2961372000-7f2961375000 r-xp 00002000 00:23 143878                     /usr/lib/libXfixes.so.3.1.0
7f2961375000-7f2961376000 r--p 00005000 00:23 143878                     /usr/lib/libXfixes.so.3.1.0
7f2961376000-7f2961377000 r--p 00006000 00:23 143878                     /usr/lib/libXfixes.so.3.1.0
7f2961377000-7f2961378000 rw-p 00007000 00:23 143878                     /usr/lib/libXfixes.so.3.1.0
7f2961378000-7f296137b000 r--p 00000000 00:23 145671                     /usr/lib/libXcursor.so.1.0.2
7f296137b000-7f2961382000 r-xp 00003000 00:23 145671                     /usr/lib/libXcursor.so.1.0.2
7f2961382000-7f2961384000 r--p 0000a000 00:23 145671                     /usr/lib/libXcursor.so.1.0.2
7f2961384000-7f2961385000 r--p 0000b000 00:23 145671                     /usr/lib/libXcursor.so.1.0.2
7f2961385000-7f2961386000 rw-p 0000c000 00:23 145671                     /usr/lib/libXcursor.so.1.0.2
7f2961386000-7f2961387000 r--p 00000000 00:23 19847                      /usr/lib/libbrotlicommon.so.1.2.0
7f2961387000-7f2961388000 r-xp 00001000 00:23 19847                      /usr/lib/libbrotlicommon.so.1.2.0
7f2961388000-7f29613a7000 r--p 00002000 00:23 19847                      /usr/lib/libbrotlicommon.so.1.2.0
7f29613a7000-7f29613a8000 r--p 00021000 00:23 19847                      /usr/lib/libbrotlicommon.so.1.2.0
7f29613a8000-7f29613a9000 rw-p 00022000 00:23 19847                      /usr/lib/libbrotlicommon.so.1.2.0
7f29613a9000-7f29613ab000 r--p 00000000 00:23 18700                      /usr/lib/libbz2.so.1.0.8
7f29613ab000-7f29613b8000 r-xp 00002000 00:23 18700                      /usr/lib/libbz2.so.1.0.8
7f29613b8000-7f29613ba000 r--p 0000f000 00:23 18700                      /usr/lib/libbz2.so.1.0.8
7f29613ba000-7f29613bb000 r--p 00010000 00:23 18700                      /usr/lib/libbz2.so.1.0.8
7f29613bb000-7f29613bc000 rw-p 00011000 00:23 18700                      /usr/lib/libbz2.so.1.0.8
7f29613bc000-7f29613bf000 r--p 00000000 00:23 150814                     /usr/lib/libz.so.1.3.1.zlib-ng
7f29613bf000-7f29613e9000 r-xp 00003000 00:23 150814                     /usr/lib/libz.so.1.3.1.zlib-ng
7f29613e9000-7f29613f2000 r--p 0002d000 00:23 150814                     /usr/lib/libz.so.1.3.1.zlib-ng
7f29613f2000-7f29613f3000 r--p 00035000 00:23 150814                     /usr/lib/libz.so.1.3.1.zlib-ng
7f29613f3000-7f29613f4000 rw-p 00036000 00:23 150814                     /usr/lib/libz.so.1.3.1.zlib-ng
7f29613f4000-7f29615f7000 rw-p 00000000 00:00 0 
7f29615f7000-7f29615fb000 ---p 00000000 00:00 0 
7f29615fb000-7f29619fa000 rw-p 00000000 00:00 0 
7f29619fa000-7f2966944000 rw-p 00000000 00:00 0 
7f2966944000-7f2968000000 ---p 00000000 00:00 0 
7f2968000000-7f296c000000 rw-p 00000000 00:00 0 
7f296c000000-7f296c001000 rw-s 106f58000 00:11 2111                      anon_inode:i915.gem
7f296c001000-7f296c003000 r--p 00000000 00:23 1472158                    /usr/lib/libgraphite2.so.3.3.1
7f296c003000-7f296c01c000 r-xp 00002000 00:23 1472158                    /usr/lib/libgraphite2.so.3.3.1
7f296c01c000-7f296c021000 r--p 0001b000 00:23 1472158                    /usr/lib/libgraphite2.so.3.3.1
7f296c021000-7f296c023000 r--p 0001f000 00:23 1472158                    /usr/lib/libgraphite2.so.3.3.1
7f296c023000-7f296c024000 rw-p 00021000 00:23 1472158                    /usr/lib/libgraphite2.so.3.3.1
7f296c024000-7f296c030000 r--p 00000000 00:23 122734                     /usr/lib/libxcb.so.1.1.0
7f296c030000-7f296c046000 r-xp 0000c000 00:23 122734                     /usr/lib/libxcb.so.1.1.0
7f296c046000-7f296c04f000 r--p 00022000 00:23 122734                     /usr/lib/libxcb.so.1.1.0
7f296c04f000-7f296c050000 r--p 0002a000 00:23 122734                     /usr/lib/libxcb.so.1.1.0
7f296c050000-7f296c051000 rw-p 0002b000 00:23 122734                     /usr/lib/libxcb.so.1.1.0
7f296c051000-7f296c05f000 r--p 00000000 00:23 2947391                    /usr/lib/jvm/java-26-openjdk/lib/libawt_xawt.so
7f296c05f000-7f296c0a3000 r-xp 0000e000 00:23 2947391                    /usr/lib/jvm/java-26-openjdk/lib/libawt_xawt.so
7f296c0a3000-7f296c0b7000 r--p 00052000 00:23 2947391                    /usr/lib/jvm/java-26-openjdk/lib/libawt_xawt.so
7f296c0b7000-7f296c0b9000 r--p 00066000 00:23 2947391                    /usr/lib/jvm/java-26-openjdk/lib/libawt_xawt.so
7f296c0b9000-7f296c0ba000 rw-p 00068000 00:23 2947391                    /usr/lib/jvm/java-26-openjdk/lib/libawt_xawt.so
7f296c0ba000-7f296c0bb000 rw-p 00000000 00:00 0 
7f296c0bb000-7f296c0bc000 r--p 00000000 00:23 2947420                    /usr/lib/jvm/java-26-openjdk/lib/libsimdsort.so
7f296c0bc000-7f296c0f6000 r-xp 00001000 00:23 2947420                    /usr/lib/jvm/java-26-openjdk/lib/libsimdsort.so
7f296c0f6000-7f296c0fc000 r--p 0003b000 00:23 2947420                    /usr/lib/jvm/java-26-openjdk/lib/libsimdsort.so
7f296c0fc000-7f296c0fd000 r--p 00040000 00:23 2947420                    /usr/lib/jvm/java-26-openjdk/lib/libsimdsort.so
7f296c0fd000-7f296c0fe000 rw-p 00041000 00:23 2947420                    /usr/lib/jvm/java-26-openjdk/lib/libsimdsort.so
7f296c0fe000-7f296cbfe000 rw-p 00000000 00:00 0 
7f296cbfe000-7f296fdfe000 ---p 00000000 00:00 0 
7f296fdfe000-7f29720fe000 rwxp 00000000 00:00 0 
7f29720fe000-7f2977336000 ---p 00000000 00:00 0 
7f2977336000-7f29775a6000 rwxp 00000000 00:00 0 
7f29775a6000-7f29778c8000 ---p 00000000 00:00 0 
7f29778c8000-7f2978408000 rwxp 00000000 00:00 0 
7f2978408000-7f297ee00000 ---p 00000000 00:00 0 
7f297ee00000-7f2987e21000 r--s 00000000 00:23 2947425                    /usr/lib/jvm/java-26-openjdk/lib/modules
7f2987e21000-7f2987e22000 rw-s 00000000 00:01 5170                       /memfd:pipewire-memfd:flags=0x0000000f,type=2,size=4096 (deleted)
7f2987e22000-7f2987e23000 rw-s 00000000 00:01 34                         /memfd:pipewire-memfd:flags=0x0000000f,type=2,size=2312 (deleted)
7f2987e23000-7f2987e24000 r--p 00000000 00:23 19850                      /usr/lib/libbrotlidec.so.1.2.0
7f2987e24000-7f2987e2e000 r-xp 00001000 00:23 19850                      /usr/lib/libbrotlidec.so.1.2.0
7f2987e2e000-7f2987e31000 r--p 0000b000 00:23 19850                      /usr/lib/libbrotlidec.so.1.2.0
7f2987e31000-7f2987e32000 r--p 0000d000 00:23 19850                      /usr/lib/libbrotlidec.so.1.2.0
7f2987e32000-7f2987e33000 rw-p 0000e000 00:23 19850                      /usr/lib/libbrotlidec.so.1.2.0
7f2987e33000-7f2987e37000 r--p 00000000 00:23 2947394                    /usr/lib/jvm/java-26-openjdk/lib/libfontmanager.so
7f2987e37000-7f2987e40000 r-xp 00004000 00:23 2947394                    /usr/lib/jvm/java-26-openjdk/lib/libfontmanager.so
7f2987e40000-7f2987e42000 r--p 0000d000 00:23 2947394                    /usr/lib/jvm/java-26-openjdk/lib/libfontmanager.so
7f2987e42000-7f2987e43000 r--p 0000f000 00:23 2947394                    /usr/lib/jvm/java-26-openjdk/lib/libfontmanager.so
7f2987e43000-7f2987e44000 rw-p 00010000 00:23 2947394                    /usr/lib/jvm/java-26-openjdk/lib/libfontmanager.so
7f2987e44000-7f2987e46000 r--p 00000000 00:23 510670                     /usr/lib/libXdmcp.so.6.0.0
7f2987e46000-7f2987e48000 r-xp 00002000 00:23 510670                     /usr/lib/libXdmcp.so.6.0.0
7f2987e48000-7f2987e4a000 r--p 00004000 00:23 510670                     /usr/lib/libXdmcp.so.6.0.0
7f2987e4a000-7f2987e4b000 r--p 00005000 00:23 510670                     /usr/lib/libXdmcp.so.6.0.0
7f2987e4b000-7f2987e4c000 rw-p 00006000 00:23 510670                     /usr/lib/libXdmcp.so.6.0.0
7f2987e4c000-7f2987e4f000 r--p 00000000 00:23 1299050                    /usr/lib/libXi.so.6.1.0
7f2987e4f000-7f2987e5e000 r-xp 00003000 00:23 1299050                    /usr/lib/libXi.so.6.1.0
7f2987e5e000-7f2987e61000 r--p 00012000 00:23 1299050                    /usr/lib/libXi.so.6.1.0
7f2987e61000-7f2987e62000 r--p 00014000 00:23 1299050                    /usr/lib/libXi.so.6.1.0
7f2987e62000-7f2987e63000 rw-p 00015000 00:23 1299050                    /usr/lib/libXi.so.6.1.0
7f2987e63000-7f298b28a000 rw-p 00000000 00:00 0 
7f298b28a000-7f298c000000 ---p 00000000 00:00 0 
7f298c000000-7f298c001000 rw-s 00000000 00:01 5169                       /memfd:pipewire-memfd:flags=0x0000000f,type=2,size=2312 (deleted)
7f298c001000-7f298c002000 rw-s 00000000 00:01 2351                       /memfd:pipewire-memfd:flags=0x0000000f,type=2,size=2312 (deleted)
7f298c002000-7f298c003000 rw-p 00000000 00:00 0 
7f298c003000-7f298c005000 r--p 00000000 00:23 126420                     /usr/lib/libXrender.so.1.3.0
7f298c005000-7f298c00d000 r-xp 00002000 00:23 126420                     /usr/lib/libXrender.so.1.3.0
7f298c00d000-7f298c00f000 r--p 0000a000 00:23 126420                     /usr/lib/libXrender.so.1.3.0
7f298c00f000-7f298c010000 r--p 0000b000 00:23 126420                     /usr/lib/libXrender.so.1.3.0
7f298c010000-7f298c011000 rw-p 0000c000 00:23 126420                     /usr/lib/libXrender.so.1.3.0
7f298c011000-7f298c015000 r--p 00000000 00:23 126342                     /usr/lib/libXext.so.6.4.0
7f298c015000-7f298c024000 r-xp 00004000 00:23 126342                     /usr/lib/libXext.so.6.4.0
7f298c024000-7f298c027000 r--p 00013000 00:23 126342                     /usr/lib/libXext.so.6.4.0
7f298c027000-7f298c028000 r--p 00016000 00:23 126342                     /usr/lib/libXext.so.6.4.0
7f298c028000-7f298c029000 rw-p 00017000 00:23 126342                     /usr/lib/libXext.so.6.4.0
7f298c029000-7f298c02b000 r--p 00000000 00:23 2947423                    /usr/lib/jvm/java-26-openjdk/lib/libverify.so
7f298c02b000-7f298c035000 r-xp 00002000 00:23 2947423                    /usr/lib/jvm/java-26-openjdk/lib/libverify.so
7f298c035000-7f298c037000 r--p 0000c000 00:23 2947423                    /usr/lib/jvm/java-26-openjdk/lib/libverify.so
7f298c037000-7f298c039000 r--p 0000d000 00:23 2947423                    /usr/lib/jvm/java-26-openjdk/lib/libverify.so
7f298c039000-7f298c03a000 rw-p 0000f000 00:23 2947423                    /usr/lib/jvm/java-26-openjdk/lib/libverify.so
7f298c03a000-7f298c33d000 rw-p 00000000 00:00 0 
7f298c33d000-7f298c640000 rw-p 00000000 00:00 0 
7f298c640000-7f298c7a0000 rw-p 00000000 00:00 0 
7f298c7a0000-7f298cde0000 ---p 00000000 00:00 0 
7f298cde0000-7f298cf40000 rw-p 00000000 00:00 0 
7f298cf40000-7f298d580000 ---p 00000000 00:00 0 
7f298d580000-7f298d6e0000 rw-p 00000000 00:00 0 
7f298d6e0000-7f298dd20000 ---p 00000000 00:00 0 
7f298dd20000-7f298e741000 rw-p 00000000 00:00 0 
7f298e741000-7f298e815000 ---p 00000000 00:00 0 
7f298e815000-7f298e85b000 rw-p 00000000 00:00 0 
7f298e85b000-7f298e900000 ---p 00000000 00:00 0 
7f298e900000-7f298e904000 ---p 00000000 00:00 0 
7f298e904000-7f298ea00000 rw-p 00000000 00:00 0 
7f298ea00000-7f298ea9a000 r--p 00000000 00:23 3183337                    /usr/lib/libstdc++.so.6.0.36
7f298ea9a000-7f298ec78000 r-xp 0009a000 00:23 3183337                    /usr/lib/libstdc++.so.6.0.36
7f298ec78000-7f298ed17000 r--p 00278000 00:23 3183337                    /usr/lib/libstdc++.so.6.0.36
7f298ed17000-7f298ed28000 r--p 00317000 00:23 3183337                    /usr/lib/libstdc++.so.6.0.36
7f298ed28000-7f298ed29000 rw-p 00328000 00:23 3183337                    /usr/lib/libstdc++.so.6.0.36
7f298ed29000-7f298ed2d000 rw-p 00000000 00:00 0 
7f298ed2d000-7f298ed2e000 r--p 00000000 00:23 145754                     /usr/lib/libXinerama.so.1.0.0
7f298ed2e000-7f298ed2f000 r-xp 00001000 00:23 145754                     /usr/lib/libXinerama.so.1.0.0
7f298ed2f000-7f298ed30000 r--p 00002000 00:23 145754                     /usr/lib/libXinerama.so.1.0.0
7f298ed30000-7f298ed31000 r--p 00002000 00:23 145754                     /usr/lib/libXinerama.so.1.0.0
7f298ed31000-7f298ed32000 rw-p 00003000 00:23 145754                     /usr/lib/libXinerama.so.1.0.0
7f298ed32000-7f298ed34000 r--p 00000000 00:23 2947424                    /usr/lib/jvm/java-26-openjdk/lib/libzip.so
7f298ed34000-7f298ed41000 r-xp 00002000 00:23 2947424                    /usr/lib/jvm/java-26-openjdk/lib/libzip.so
7f298ed41000-7f298ed47000 r--p 0000f000 00:23 2947424                    /usr/lib/jvm/java-26-openjdk/lib/libzip.so
7f298ed47000-7f298ed48000 r--p 00014000 00:23 2947424                    /usr/lib/jvm/java-26-openjdk/lib/libzip.so
7f298ed48000-7f298ed49000 rw-p 00015000 00:23 2947424                    /usr/lib/jvm/java-26-openjdk/lib/libzip.so
7f298ed49000-7f298edca000 rw-p 00000000 00:00 0 
7f298edca000-7f298edcb000 r--p 00000000 00:23 122609                     /usr/lib/libXau.so.6.0.0
7f298edcb000-7f298edcc000 r-xp 00001000 00:23 122609                     /usr/lib/libXau.so.6.0.0
7f298edcc000-7f298edcd000 r--p 00002000 00:23 122609                     /usr/lib/libXau.so.6.0.0
7f298edcd000-7f298edce000 r--p 00002000 00:23 122609                     /usr/lib/libXau.so.6.0.0
7f298edce000-7f298edcf000 rw-p 00003000 00:23 122609                     /usr/lib/libXau.so.6.0.0
7f298edcf000-7f298edd1000 r--p 00000000 00:23 143981                     /usr/lib/libXtst.so.6.1.0
7f298edd1000-7f298edd4000 r-xp 00002000 00:23 143981                     /usr/lib/libXtst.so.6.1.0
7f298edd4000-7f298edd5000 r--p 00005000 00:23 143981                     /usr/lib/libXtst.so.6.1.0
7f298edd5000-7f298edd6000 r--p 00006000 00:23 143981                     /usr/lib/libXtst.so.6.1.0
7f298edd6000-7f298edd7000 rw-p 00007000 00:23 143981                     /usr/lib/libXtst.so.6.1.0
7f298edd7000-7f298edd8000 r--p 00000000 00:23 3182535                    /usr/lib/libpthread.so.0
7f298edd8000-7f298edd9000 r-xp 00001000 00:23 3182535                    /usr/lib/libpthread.so.0
7f298edd9000-7f298edda000 r--p 00002000 00:23 3182535                    /usr/lib/libpthread.so.0
7f298edda000-7f298eddb000 r--p 00002000 00:23 3182535                    /usr/lib/libpthread.so.0
7f298eddb000-7f298eddc000 rw-p 00003000 00:23 3182535                    /usr/lib/libpthread.so.0
7f298eddc000-7f298edde000 r--p 00000000 00:23 2947414                    /usr/lib/jvm/java-26-openjdk/lib/libnet.so
7f298edde000-7f298ede5000 r-xp 00002000 00:23 2947414                    /usr/lib/jvm/java-26-openjdk/lib/libnet.so
7f298ede5000-7f298ede7000 r--p 00009000 00:23 2947414                    /usr/lib/jvm/java-26-openjdk/lib/libnet.so
7f298ede7000-7f298ede8000 r--p 0000a000 00:23 2947414                    /usr/lib/jvm/java-26-openjdk/lib/libnet.so
7f298ede8000-7f298ede9000 rw-p 0000b000 00:23 2947414                    /usr/lib/jvm/java-26-openjdk/lib/libnet.so
7f298ede9000-7f298edf0000 r--p 00000000 00:23 2947415                    /usr/lib/jvm/java-26-openjdk/lib/libnio.so
7f298edf0000-7f298edf9000 r-xp 00007000 00:23 2947415                    /usr/lib/jvm/java-26-openjdk/lib/libnio.so
7f298edf9000-7f298edfe000 r--p 00010000 00:23 2947415                    /usr/lib/jvm/java-26-openjdk/lib/libnio.so
7f298edfe000-7f298edff000 r--p 00014000 00:23 2947415                    /usr/lib/jvm/java-26-openjdk/lib/libnio.so
7f298edff000-7f298ee00000 rw-p 00015000 00:23 2947415                    /usr/lib/jvm/java-26-openjdk/lib/libnio.so
7f298ee00000-7f298ee0e000 r--p 00000000 00:23 2947438                    /usr/lib/jvm/java-26-openjdk/lib/server/libjvm.so
7f298ee0e000-7f298fea9000 r-xp 0000e000 00:23 2947438                    /usr/lib/jvm/java-26-openjdk/lib/server/libjvm.so
7f298fea9000-7f29900ec000 r--p 010a9000 00:23 2947438                    /usr/lib/jvm/java-26-openjdk/lib/server/libjvm.so
7f29900ec000-7f29901de000 r--p 012eb000 00:23 2947438                    /usr/lib/jvm/java-26-openjdk/lib/server/libjvm.so
7f29901de000-7f29901ff000 rw-p 013dd000 00:23 2947438                    /usr/lib/jvm/java-26-openjdk/lib/server/libjvm.so
7f29901ff000-7f29902c3000 rw-p 00000000 00:00 0 
7f29902c3000-7f29902c8000 rw-p 00000000 00:00 0 
7f29902c8000-7f29902cf000 ---p 00000000 00:00 0 
7f29902cf000-7f29902d9000 r--p 00000000 00:23 2947400                    /usr/lib/jvm/java-26-openjdk/lib/libjava.so
7f29902d9000-7f29902e8000 r-xp 0000a000 00:23 2947400                    /usr/lib/jvm/java-26-openjdk/lib/libjava.so
7f29902e8000-7f29902ed000 r--p 00019000 00:23 2947400                    /usr/lib/jvm/java-26-openjdk/lib/libjava.so
7f29902ed000-7f29902ee000 r--p 0001e000 00:23 2947400                    /usr/lib/jvm/java-26-openjdk/lib/libjava.so
7f29902ee000-7f29902ef000 rw-p 0001f000 00:23 2947400                    /usr/lib/jvm/java-26-openjdk/lib/libjava.so
7f29902ef000-7f29902f0000 rw-p 00000000 00:00 0 
7f29902f0000-7f29902f8000 rw-s 00000000 00:38 481                        /tmp/hsperfdata_mirtemir/19794
7f29902f8000-7f2990308000 r--p 00000000 00:23 3182518                    /usr/lib/libm.so.6
7f2990308000-7f299039e000 r-xp 00010000 00:23 3182518                    /usr/lib/libm.so.6
7f299039e000-7f29903fe000 r--p 000a6000 00:23 3182518                    /usr/lib/libm.so.6
7f29903fe000-7f29903ff000 r--p 00105000 00:23 3182518                    /usr/lib/libm.so.6
7f29903ff000-7f2990400000 rw-p 00106000 00:23 3182518                    /usr/lib/libm.so.6
7f2990400000-7f2990424000 r--p 00000000 00:23 3182508                    /usr/lib/libc.so.6
7f2990424000-7f29905d4000 r-xp 00024000 00:23 3182508                    /usr/lib/libc.so.6
7f29905d4000-7f299064c000 r--p 001d4000 00:23 3182508                    /usr/lib/libc.so.6
7f299064c000-7f2990650000 r--p 0024c000 00:23 3182508                    /usr/lib/libc.so.6
7f2990650000-7f2990652000 rw-p 00250000 00:23 3182508                    /usr/lib/libc.so.6
7f2990652000-7f299065a000 rw-p 00000000 00:00 0 
7f299065a000-7f299065b000 rw-p 00000000 00:00 0 
7f299065b000-7f299065c000 r--p 00000000 00:23 3182513                    /usr/lib/libdl.so.2
7f299065c000-7f299065d000 r-xp 00001000 00:23 3182513                    /usr/lib/libdl.so.2
7f299065d000-7f299065e000 r--p 00002000 00:23 3182513                    /usr/lib/libdl.so.2
7f299065e000-7f299065f000 r--p 00002000 00:23 3182513                    /usr/lib/libdl.so.2
7f299065f000-7f2990660000 rw-p 00003000 00:23 3182513                    /usr/lib/libdl.so.2
7f2990660000-7f2990661000 ---p 00000000 00:00 0 
7f2990661000-7f2990662000 r--p 00000000 00:00 0 
7f2990662000-7f2990663000 ---p 00000000 00:00 0 
7f2990663000-7f2990664000 r--p 00000000 00:23 2947404                    /usr/lib/jvm/java-26-openjdk/lib/libjimage.so
7f2990664000-7f2990666000 r-xp 00001000 00:23 2947404                    /usr/lib/jvm/java-26-openjdk/lib/libjimage.so
7f2990666000-7f2990667000 r--p 00003000 00:23 2947404                    /usr/lib/jvm/java-26-openjdk/lib/libjimage.so
7f2990667000-7f2990668000 r--p 00003000 00:23 2947404                    /usr/lib/jvm/java-26-openjdk/lib/libjimage.so
7f2990668000-7f2990669000 rw-p 00004000 00:23 2947404                    /usr/lib/jvm/java-26-openjdk/lib/libjimage.so
7f2990669000-7f299066d000 r--p 00000000 00:23 3183329                    /usr/lib/libgcc_s.so.1
7f299066d000-7f2990699000 r-xp 00004000 00:23 3183329                    /usr/lib/libgcc_s.so.1
7f2990699000-7f299069d000 r--p 00030000 00:23 3183329                    /usr/lib/libgcc_s.so.1
7f299069d000-7f299069e000 r--p 00034000 00:23 3183329                    /usr/lib/libgcc_s.so.1
7f299069e000-7f299069f000 rw-p 00035000 00:23 3183329                    /usr/lib/libgcc_s.so.1
7f299069f000-7f29906a2000 rw-p 00000000 00:00 0 
7f29906a2000-7f29906a4000 r--p 00000000 00:23 2947405                    /usr/lib/jvm/java-26-openjdk/lib/libjli.so
7f29906a4000-7f29906b4000 r-xp 00002000 00:23 2947405                    /usr/lib/jvm/java-26-openjdk/lib/libjli.so
7f29906b4000-7f29906ba000 r--p 00012000 00:23 2947405                    /usr/lib/jvm/java-26-openjdk/lib/libjli.so
7f29906ba000-7f29906bb000 r--p 00017000 00:23 2947405                    /usr/lib/jvm/java-26-openjdk/lib/libjli.so
7f29906bb000-7f29906bc000 rw-p 00018000 00:23 2947405                    /usr/lib/jvm/java-26-openjdk/lib/libjli.so
7f29906bc000-7f29906be000 rw-p 00000000 00:00 0 
7f29906be000-7f29906f3000 r--p 00000000 00:23 3346466                    /etc/ld.so.cache
7f29906f3000-7f29906f7000 r--p 00000000 00:00 0                          [vvar]
7f29906f7000-7f29906f9000 r--p 00000000 00:00 0                          [vvar_vclock]
7f29906f9000-7f29906fb000 r-xp 00000000 00:00 0                          [vdso]
7f29906fb000-7f29906fc000 r--p 00000000 00:23 3182499                    /usr/lib/ld-linux-x86-64.so.2
7f29906fc000-7f299072e000 r-xp 00001000 00:23 3182499                    /usr/lib/ld-linux-x86-64.so.2
7f299072e000-7f299073e000 r--p 00033000 00:23 3182499                    /usr/lib/ld-linux-x86-64.so.2
7f299073e000-7f2990740000 r--p 00042000 00:23 3182499                    /usr/lib/ld-linux-x86-64.so.2
7f2990740000-7f2990741000 rw-p 00044000 00:23 3182499                    /usr/lib/ld-linux-x86-64.so.2
7f2990741000-7f2990742000 rw-p 00000000 00:00 0 
7ffcae155000-7ffcae176000 rw-p 00000000 00:00 0                          [stack]
ffffffffff600000-ffffffffff601000 --xp 00000000 00:00 0                  [vsyscall]
Total number of mappings: 4643

JVMTI agents: none


VM Arguments:
java_command: /home/mirtemir/AOC2/AoC II MEGAMOD v6.0/BE2.jar
java_class_path (initial): /home/mirtemir/AOC2/AoC II MEGAMOD v6.0/BE2.jar
Launcher Type: SUN_STANDARD

[Global flags]
     bool AOTAdapterCaching                        = false                                  {diagnostic} {ergonomic}
     bool AOTInvokeDynamicLinking                  = false                                  {diagnostic} {ergonomic}
     bool AOTRecordTraining                        = false                                  {diagnostic} {ergonomic}
     bool AOTReplayTraining                        = false                                  {diagnostic} {ergonomic}
     bool AOTStubCaching                           = false                                  {diagnostic} {ergonomic}
     intx CICompilerCount                          = 4                                         {product} {ergonomic}
     uint ConcGCThreads                            = 3                                         {product} {ergonomic}
     uint G1ConcRefinementThreads                  = 10                                        {product} {ergonomic}
     uint G1EagerReclaimRemSetThreshold            = 16                                   {experimental} {ergonomic}
   size_t G1HeapRegionSize                         = 2097152                                   {product} {ergonomic}
     uint G1RemSetArrayOfCardsEntries              = 16                                   {experimental} {ergonomic}
     uint G1RemSetHowlMaxNumBuckets                = 8                                    {experimental} {ergonomic}
     uint G1RemSetHowlNumBuckets                   = 8                                    {experimental} {ergonomic}
   size_t InitialHeapSize                          = 8388608                                   {product} {ergonomic}
     bool IntelJccErratumMitigation                = false                             {ARCH diagnostic} {ergonomic}
   size_t MarkStackSize                            = 4194304                                   {product} {ergonomic}
   size_t MarkStackSizeMax                         = 536870912                                 {product} {ergonomic}
   size_t MaxHeapSize                              = 4093640704                                {product} {ergonomic}
   size_t MaxNewSize                               = 2455764992                                {product} {ergonomic}
 uint64_t MaxRAM                                   = 16367132672                               {product} {ergonomic}
   size_t MinHeapDeltaBytes                        = 2097152                                   {product} {ergonomic}
   size_t MinHeapSize                              = 8388608                                   {product} {ergonomic}
   size_t NonNMethodCodeHeapSize                   = 5840896                                {pd product} {ergonomic}
   size_t NonProfiledCodeHeapSize                  = 122912768                              {pd product} {ergonomic}
   size_t ProfiledCodeHeapSize                     = 122912768                              {pd product} {ergonomic}
   size_t ReservedCodeCacheSize                    = 251666432                              {pd product} {ergonomic}
     bool SegmentedCodeCache                       = true                                      {product} {ergonomic}
   size_t SoftMaxHeapSize                          = 4093640704                             {manageable} {ergonomic}
     bool UseCompressedOops                        = true                           {product lp64_product} {ergonomic}
     bool UseCondCardMark                          = true                                      {product} {ergonomic}
     bool UseFastUnorderedTimeStamps               = true                                 {experimental} {ergonomic}
     bool UseG1GC                                  = true                                      {product} {ergonomic}
      int X86ICacheSync                            = 3                                 {ARCH diagnostic} {ergonomic}

Logging:
Log output configuration:
 #0: stdout all=warning uptime,level,tags foldmultilines=false
 #1: stderr all=off uptime,level,tags foldmultilines=false

Release file:
IMPLEMENTOR="Arch Linux"
JAVA_RUNTIME_VERSION="26.0.2"
JAVA_VERSION="26.0.2"
JAVA_VERSION_DATE="2026-07-21"
LIBC="gnu"
MODULES="java.base java.compiler java.datatransfer java.xml java.prefs java.desktop java.instrument java.logging java.management java.security.sasl java.naming java.rmi java.management.rmi java.net.http java.scripting java.security.jgss java.transaction.xa java.sql java.sql.rowset java.xml.crypto java.se java.smartcardio jdk.accessibility jdk.internal.jvmstat jdk.attach jdk.charsets jdk.internal.opt jdk.zipfs jdk.compiler jdk.crypto.cryptoki jdk.crypto.ec jdk.dynalink jdk.internal.ed jdk.editpad jdk.internal.vm.ci jdk.graal.compiler jdk.graal.compiler.management jdk.hotspot.agent jdk.httpserver jdk.incubator.vector jdk.internal.le jdk.internal.md jdk.jartool jdk.javadoc jdk.jcmd jdk.management jdk.management.agent jdk.jconsole jdk.jdeps jdk.jdwp.agent jdk.jdi jdk.jfr jdk.jlink jdk.jpackage jdk.jshell jdk.jstatd jdk.localedata jdk.management.jfr jdk.naming.dns jdk.naming.rmi jdk.net jdk.nio.mapmode jdk.sctp jdk.security.auth jdk.security.jgss jdk.unsupported jdk.unsupported.desktop jdk.xml.dom"
OS_ARCH="x86_64"
OS_NAME="Linux"
SOURCE=""

Environment Variables:
PATH=/home/mirtemir/.pyenv/shims:/home/mirtemir/.opencode/bin:/home/mirtemir/.cargo/bin:/home/mirtemir/.local/bin:/usr/local/sbin:/usr/local/bin:/usr/bin:/var/lib/flatpak/exports/bin:/usr/lib/jvm/default/bin:/usr/bin/site_perl:/usr/bin/vendor_perl:/usr/bin/core_perl
SHELL=/bin/fish
DISPLAY=:0
WAYLAND_DISPLAY=wayland-0
LANG=ru_RU.UTF-8
LC_ALL=ky_KG.UTF-8
LC_NUMERIC=ky_KG
LC_TIME=ky_KG

Active Locale:
LC_ALL=ky_KG.UTF-8
LC_COLLATE=ky_KG.UTF-8
LC_CTYPE=ky_KG.UTF-8
LC_MESSAGES=ky_KG.UTF-8
LC_MONETARY=ky_KG.UTF-8
LC_NUMERIC=ky_KG.UTF-8
LC_TIME=ky_KG.UTF-8

Signal Handlers:
   SIGSEGV: 0x00007f298fdc7bd0 in libjvm.so+16546768, mask=11100100010111111101111111111110, flags=SA_RESTART|SA_SIGINFO, unblocked
    SIGBUS: 0x00007f298fdc7bd0 in libjvm.so+16546768, mask=11100100010111111101111111111110, flags=SA_RESTART|SA_SIGINFO, unblocked
    SIGFPE: 0x00007f298fdc7bd0 in libjvm.so+16546768, mask=11100100010111111101111111111110, flags=SA_RESTART|SA_SIGINFO, unblocked
   SIGPIPE: 0x00007f298fc0b980 in libjvm.so+14727552, mask=11100100010111111101111111111110, flags=SA_RESTART|SA_SIGINFO, blocked
   SIGXFSZ: 0x00007f298fc0b980 in libjvm.so+14727552, mask=11100100010111111101111111111110, flags=SA_RESTART|SA_SIGINFO, blocked
    SIGILL: 0x00007f298fdc7bd0 in libjvm.so+16546768, mask=11100100010111111101111111111110, flags=SA_RESTART|SA_SIGINFO, unblocked
   SIGUSR2: 0x00007f298fc0dbd0 in libjvm.so+14736336, mask=00000000000000000000000000000000, flags=SA_RESTART|SA_SIGINFO, blocked
    SIGHUP: 0x00007f298fc09690 in libjvm.so+14718608, mask=11100100010111111101111111111110, flags=SA_RESTART|SA_SIGINFO, blocked
    SIGINT: 0x00007f298fc09690 in libjvm.so+14718608, mask=11100100010111111101111111111110, flags=SA_RESTART|SA_SIGINFO, blocked
   SIGTERM: 0x00007f298fc09690 in libjvm.so+14718608, mask=11100100010111111101111111111110, flags=SA_RESTART|SA_SIGINFO, blocked
   SIGQUIT: 0x00007f298fc09690 in libjvm.so+14718608, mask=11100100010111111101111111111110, flags=SA_RESTART|SA_SIGINFO, blocked
   SIGTRAP: 0x00007f298fdc7bd0 in libjvm.so+16546768, mask=11100100010111111101111111111110, flags=SA_RESTART|SA_SIGINFO, unblocked


Compilation memory statistics disabled.

Periodic native trim disabled

---------------  S Y S T E M  ---------------

OS:
CentOS Linux release 7.9.2009 (Core)
uname: Linux 7.1.8-1-cachyos-bore-lto #1 SMP PREEMPT_DYNAMIC Tue, 11 Aug 2026 08:48:25 +0000 x86_64
OS uptime: 0 days 2:36 hours
libc: glibc 2.44 NPTL 2.44 
rlimit (soft/hard): STACK 8192k/infinity , CORE infinity/infinity , NPROC 61455/61455 , NOFILE 1048576/1048576 , AS infinity/infinity , CPU infinity/infinity , DATA infinity/infinity , FSIZE infinity/infinity , MEMLOCK 8192k/8192k
load average: 4,94 3,92 3,48

/proc/meminfo:
MemTotal:       15983528 kB
MemFree:         3702380 kB
MemAvailable:    7443672 kB
Buffers:              92 kB
Cached:          7332608 kB
SwapCached:          408 kB
Active:          3696380 kB
Inactive:        5059408 kB
Active(anon):    3137860 kB
Inactive(anon):  2102388 kB
Active(file):     558520 kB
Inactive(file):  2957020 kB
Unevictable:     1982612 kB
Mlocked:             764 kB
SwapTotal:      19179108 kB
SwapFree:       18383060 kB
Zswap:                 0 kB
Zswapped:              0 kB
Dirty:              1852 kB
Writeback:             0 kB
AnonPages:       3364340 kB
Mapped:           966056 kB
Shmem:           3504524 kB
KReclaimable:     567572 kB
Slab:             869860 kB
SReclaimable:     567572 kB
SUnreclaim:       302288 kB
KernelStack:       16880 kB
PageTables:        47708 kB
SecPageTables:      2056 kB
NFS_Unstable:          0 kB
Bounce:                0 kB
WritebackTmp:          0 kB
CommitLimit:    27170872 kB
Committed_AS:   21517712 kB
VmallocTotal:   34359738367 kB
VmallocUsed:      199040 kB
VmallocChunk:          0 kB
Percpu:            11904 kB
HardwareCorrupted:     0 kB
AnonHugePages:   1159168 kB
ShmemHugePages:  2142208 kB
ShmemPmdMapped:        0 kB
FileHugePages:    301056 kB
FilePmdMapped:    301056 kB
CmaTotal:              0 kB
CmaFree:               0 kB
Unaccepted:            0 kB
Balloon:               0 kB
GPUActive:             0 kB
GPUReclaim:            0 kB
HugePages_Total:       0
HugePages_Free:        0
HugePages_Rsvd:        0
HugePages_Surp:        0
Hugepagesize:       2048 kB
Hugetlb:               0 kB
DirectMap4k:      372296 kB
DirectMap2M:     8685568 kB
DirectMap1G:     7340032 kB

/sys/kernel/mm/transparent_hugepage/enabled: [always] madvise never
/sys/kernel/mm/transparent_hugepage/hpage_pmd_size: 2097152
/sys/kernel/mm/transparent_hugepage/shmem_enabled: always within_size [advise] never deny force
/sys/kernel/mm/transparent_hugepage/defrag (defrag/compaction efforts parameter): always defer [defer+madvise] madvise never

Process Memory:
Virtual Size: 7845580K (peak: 8200204K)
Resident Set Size: 1464748K (peak: 1477164K) (anon: 1357904K, file: 104816K, shmem: 2028K)
Swapped out: 202916K
C-Heap outstanding allocations: 163337K, retained: 683094K
glibc malloc tunables: (default)

/proc/sys/kernel/threads-max (system-wide limit on the number of threads): 122911
/proc/sys/vm/max_map_count (maximum number of memory map areas a process may have): 1048576
/proc/sys/vm/swappiness (control to define how aggressively the kernel swaps out anonymous memory): 150
/proc/sys/kernel/pid_max (system-wide limit on number of process identifiers): 4194304

container information not found.
Steal ticks since vm start: 0
Steal ticks percentage since vm start:  0,000

CPU: total 12 (initial active 12) (hybrid) family 6 model 186 stepping 2 microcode 0x6134, cx8, cmov, fxsr, ht, mmx, 3dnowpref, sse, sse2, sse3, ssse3, sse4.1, sse4.2, popcnt, lzcnt, tsc, tscinvbit, avx, avx2, aes, erms, clmul, bmi1, bmi2, adx, sha, fma, vzeroupper, clflush, clflushopt, clwb, serialize, rdtscp, rdpid, fsrm, gfni, f16c, pku, ospke, cet_ibt, cet_ss, hybrid
CPU Model and flags from /proc/cpuinfo:
model name	: 13th Gen Intel(R) Core(TM) i5-13420H
flags		: fpu vme de pse tsc msr pae mce cx8 apic sep mtrr pge mca cmov pat pse36 clflush dts acpi mmx fxsr sse sse2 ss ht tm pbe syscall nx pdpe1gb rdtscp lm constant_tsc art arch_perfmon pebs bts rep_good nopl xtopology nonstop_tsc cpuid aperfmperf tsc_known_freq pni pclmulqdq dtes64 monitor ds_cpl vmx smx est tm2 ssse3 sdbg fma cx16 xtpr pdcm pcid sse4_1 sse4_2 x2apic movbe popcnt tsc_deadline_timer aes xsave avx f16c rdrand lahf_lm abm 3dnowprefetch cpuid_fault epb ssbd ibrs ibpb stibp ibrs_enhanced tpr_shadow flexpriority ept vpid ept_ad fsgsbase tsc_adjust bmi1 avx2 smep bmi2 erms invpcid rdseed adx smap clflushopt clwb intel_pt sha_ni xsaveopt xsavec xgetbv1 xsaves split_lock_detect user_shstk avx_vnni dtherm ida arat pln pts hwp hwp_notify hwp_act_window hwp_epp hwp_pkg_req hfi vnmi umip pku ospke waitpkg gfni vaes vpclmulqdq rdpid movdiri movdir64b fsrm md_clear serialize arch_lbr ibt flush_l1d arch_capabilities

Online cpus: 0-11
Offline cpus: 
BIOS frequency limitation: <Not Available>
Frequency switch latency (ns): 0
Available cpu frequencies: <Not Available>
Current governor: powersave
Core performance/turbo boost: <Not Available>

Memory: 4k page, physical 15983528k(7443672k free), swap 19179108k(18383064k free)
Page Sizes: 4k

vm_info: OpenJDK 64-Bit Server VM (26.0.2) for linux-amd64 JRE (26.0.2), built on 2026-07-25T19:40:36Z with gcc 16.1.1 20260625

END.
